case_id,record_id,record_type,record_subtype,display_label,source_system_id,source_dataset,source_record_key,occurred_at,valid_from,valid_to,status,summary,attributes_json,provenance_ref,content_role,source_payload_hash,snapshot_version
CEO_BARKED_TWICE,A-SCC-1001,ACCOUNT,OPERATING,••••1001,AUTHORING,authoring/ceo_accounts.csv,A-SCC-1001,,,,OPEN,••••1001,"{""account_id"":""A-SCC-1001"",""account_number_synthetic"":""FAKE-1001"",""account_type"":""OPERATING"",""bank_org_id"":""O-LANTERNBANK"",""content_role"":""CORE_EVIDENCE"",""holder_id"":""O-SCC"",""holder_type"":""ORGANIZATION"",""masked_account"":""••••1001"",""opening_balance"":""30000000.00"",""status"":""OPEN""}",authoring/ceo_accounts.csv#A-SCC-1001,CORE_EVIDENCE,8c9f870e3f0d803f3c71239bb04159dd810c8792f9c281b46adf1f5f2d7e4579,2026.07.19.2
CEO_BARKED_TWICE,A-COPPER-2207,ACCOUNT,VERIFIED_VENDOR,••••2207,AUTHORING,authoring/ceo_accounts.csv,A-COPPER-2207,,,,OPEN,••••2207,"{""account_id"":""A-COPPER-2207"",""account_number_synthetic"":""FAKE-2207"",""account_type"":""VERIFIED_VENDOR"",""bank_org_id"":""O-COPPERBANK"",""content_role"":""CORE_EVIDENCE"",""holder_id"":""O-COPPER"",""holder_type"":""ORGANIZATION"",""masked_account"":""••••2207"",""opening_balance"":""950000.00"",""status"":""OPEN""}",authoring/ceo_accounts.csv#A-COPPER-2207,CORE_EVIDENCE,c69ec6ee25b4ade7b59d96eab7d660af8ef17a8ec10417018241ac981fa60d98,2026.07.19.2
CEO_BARKED_TWICE,A-NIGHTJAR-8842,ACCOUNT,FRAUD_RECEIVING,••••8842,AUTHORING,authoring/ceo_accounts.csv,A-NIGHTJAR-8842,,,,OPEN,••••8842,"{""account_id"":""A-NIGHTJAR-8842"",""account_number_synthetic"":""FAKE-8842"",""account_type"":""FRAUD_RECEIVING"",""bank_org_id"":""O-PAYMENTS"",""content_role"":""CORE_EVIDENCE"",""holder_id"":""O-NIGHTJAR"",""holder_type"":""ORGANIZATION"",""masked_account"":""••••8842"",""opening_balance"":""15000.00"",""status"":""OPEN""}",authoring/ceo_accounts.csv#A-NIGHTJAR-8842,CORE_EVIDENCE,c46577e698b42035a9d85ceaf00b95de0537b6b2da6a09e86f63a9f284a14b5e,2026.07.19.2
CEO_BARKED_TWICE,A-GRANT-7726,ACCOUNT,MULE_PERSONAL,••••7726,AUTHORING,authoring/ceo_accounts.csv,A-GRANT-7726,,,,OPEN,••••7726,"{""account_id"":""A-GRANT-7726"",""account_number_synthetic"":""FAKE-7726"",""account_type"":""MULE_PERSONAL"",""bank_org_id"":""O-LANTERNBANK"",""content_role"":""CORE_EVIDENCE"",""holder_id"":""P-GRANT"",""holder_type"":""PERSON"",""masked_account"":""••••7726"",""opening_balance"":""12000.00"",""status"":""OPEN""}",authoring/ceo_accounts.csv#A-GRANT-7726,CORE_EVIDENCE,a57321e62d12e97afd09834deefd602c6d8f2cdb2e1a70fb4d60e7a0ee0eafb4,2026.07.19.2
CEO_BARKED_TWICE,A-ROWAN-3351,ACCOUNT,PERSONAL,••••3351,AUTHORING,authoring/ceo_accounts.csv,A-ROWAN-3351,,,,OPEN,••••3351,"{""account_id"":""A-ROWAN-3351"",""account_number_synthetic"":""FAKE-3351"",""account_type"":""PERSONAL"",""bank_org_id"":""O-PAYMENTS"",""content_role"":""CORE_EVIDENCE"",""holder_id"":""P-ROWAN"",""holder_type"":""PERSON"",""masked_account"":""••••3351"",""opening_balance"":""8000.00"",""status"":""OPEN""}",authoring/ceo_accounts.csv#A-ROWAN-3351,CORE_EVIDENCE,6c3ddd92195e523d554bb1494f70909313c61b5ef7c87b3f9bb7e297e3fc9f2c,2026.07.19.2
CEO_BARKED_TWICE,A-IVY-9918,ACCOUNT,PERSONAL,••••9918,AUTHORING,authoring/ceo_accounts.csv,A-IVY-9918,,,,OPEN,••••9918,"{""account_id"":""A-IVY-9918"",""account_number_synthetic"":""FAKE-9918"",""account_type"":""PERSONAL"",""bank_org_id"":""O-PAYMENTS"",""content_role"":""CORE_EVIDENCE"",""holder_id"":""P-IVY"",""holder_type"":""PERSON"",""masked_account"":""••••9918"",""opening_balance"":""5000.00"",""status"":""OPEN""}",authoring/ceo_accounts.csv#A-IVY-9918,CORE_EVIDENCE,cbeb7699d8dda1c098205685c255598ec01e549a6d92f8a790e7e395bfe75a2a,2026.07.19.2
CEO_BARKED_TWICE,A-HARBOR-6104,ACCOUNT,REMITTANCE,••••6104,AUTHORING,authoring/ceo_accounts.csv,A-HARBOR-6104,,,,OPEN,••••6104,"{""account_id"":""A-HARBOR-6104"",""account_number_synthetic"":""FAKE-6104"",""account_type"":""REMITTANCE"",""bank_org_id"":""O-PAYMENTS"",""content_role"":""CORE_EVIDENCE"",""holder_id"":""O-HARBOR"",""holder_type"":""ORGANIZATION"",""masked_account"":""••••6104"",""opening_balance"":""170000.00"",""status"":""OPEN""}",authoring/ceo_accounts.csv#A-HARBOR-6104,CORE_EVIDENCE,61b4976f496bf576358598e67590b15025ab324ecae5cc1cc14582ad2bfb47a3,2026.07.19.2
CEO_BARKED_TWICE,A-AUDIT-3287,ACCOUNT,LEGITIMATE_VENDOR,••••3287,AUTHORING,authoring/ceo_accounts.csv,A-AUDIT-3287,,,,OPEN,••••3287,"{""account_id"":""A-AUDIT-3287"",""account_number_synthetic"":""FAKE-3287"",""account_type"":""LEGITIMATE_VENDOR"",""bank_org_id"":""O-LANTERNBANK"",""content_role"":""BACKGROUND"",""holder_id"":""O-AUDIT"",""holder_type"":""ORGANIZATION"",""masked_account"":""••••3287"",""opening_balance"":""585000.00"",""status"":""OPEN""}",authoring/ceo_accounts.csv#A-AUDIT-3287,BACKGROUND,f08eccdbe72736126b2a41fe3954a48572394a916afa00d488aeb4740f198719,2026.07.19.2
CEO_BARKED_TWICE,A-CLOUDMAIL-3328,ACCOUNT,LEGITIMATE_VENDOR,••••3328,AUTHORING,authoring/ceo_accounts.csv,A-CLOUDMAIL-3328,,,,OPEN,••••3328,"{""account_id"":""A-CLOUDMAIL-3328"",""account_number_synthetic"":""FAKE-3328"",""account_type"":""LEGITIMATE_VENDOR"",""bank_org_id"":""O-LANTERNBANK"",""content_role"":""BACKGROUND"",""holder_id"":""O-CLOUDMAIL"",""holder_type"":""ORGANIZATION"",""masked_account"":""••••3328"",""opening_balance"":""640000.00"",""status"":""OPEN""}",authoring/ceo_accounts.csv#A-CLOUDMAIL-3328,BACKGROUND,2d904146b2af438df5ed8033af95ae5357d2f808c1bc492ddfe6b92784c31bb1,2026.07.19.2
CEO_BARKED_TWICE,A-BANK-HOLD-9000,ACCOUNT,FRAUD_HOLD_ESCROW,••••9000,AUTHORING,authoring/ceo_accounts.csv,A-BANK-HOLD-9000,,,,OPEN,••••9000,"{""account_id"":""A-BANK-HOLD-9000"",""account_number_synthetic"":""FAKE-9000"",""account_type"":""FRAUD_HOLD_ESCROW"",""bank_org_id"":""O-LANTERNBANK"",""content_role"":""CORE_EVIDENCE"",""holder_id"":""O-LANTERNBANK"",""holder_type"":""ORGANIZATION"",""masked_account"":""••••9000"",""opening_balance"":""0.00"",""status"":""OPEN""}",authoring/ceo_accounts.csv#A-BANK-HOLD-9000,CORE_EVIDENCE,844ec27b7cedb06ed7677029d4284fd50b4a32355289f4586ce5f697e2a6d753,2026.07.19.2
CEO_BARKED_TWICE,ADDR-FOUNDRY-14,ADDRESS,,14 Foundry Square,AUTHORING,authoring/ceo_addresses.csv,ADDR-FOUNDRY-14,,,,,14 Foundry Square,"{""address_id"":""ADDR-FOUNDRY-14"",""city"":""Noir City"",""content_role"":""BACKGROUND"",""country"":""Fictional Republic"",""normalized_address"":""14 FOUNDRY SQUARE|NOIR CITY|NC|10014"",""postal_code"":""10014"",""region"":""NC"",""street"":""14 Foundry Square""}",authoring/ceo_addresses.csv#ADDR-FOUNDRY-14,BACKGROUND,e8ab98378be46192723b1900055052fe0dc4f4e82ecb49ae7a3e8268f75d238d,2026.07.19.2
CEO_BARKED_TWICE,ADDR-COPPER-25,ADDRESS,,25 Copper Quay,AUTHORING,authoring/ceo_addresses.csv,ADDR-COPPER-25,,,,,25 Copper Quay,"{""address_id"":""ADDR-COPPER-25"",""city"":""Noir City"",""content_role"":""BACKGROUND"",""country"":""Fictional Republic"",""normalized_address"":""25 COPPER QUAY|NOIR CITY|NC|10025"",""postal_code"":""10025"",""region"":""NC"",""street"":""25 Copper Quay""}",authoring/ceo_addresses.csv#ADDR-COPPER-25,BACKGROUND,69a5fbf9c53f5b3e4f0db62b3eefb4156969512186003b8784ae17092dfc15a9,2026.07.19.2
CEO_BARKED_TWICE,ADDR-MARKET-81,ADDRESS,,81 Market Yard,AUTHORING,authoring/ceo_addresses.csv,ADDR-MARKET-81,,,,,81 Market Yard,"{""address_id"":""ADDR-MARKET-81"",""city"":""Noir City"",""content_role"":""BACKGROUND"",""country"":""Fictional Republic"",""normalized_address"":""81 MARKET YARD|NOIR CITY|NC|10081"",""postal_code"":""10081"",""region"":""NC"",""street"":""81 Market Yard""}",authoring/ceo_addresses.csv#ADDR-MARKET-81,BACKGROUND,ab94fcc918f8350fcc863f1b88a37abca2c19c4d0163bc36d7bcf249a30695c2,2026.07.19.2
CEO_BARKED_TWICE,ADDR-NIGHTJAR-9,ADDRESS,,9 Nightjar Mews,AUTHORING,authoring/ceo_addresses.csv,ADDR-NIGHTJAR-9,,,,,9 Nightjar Mews,"{""address_id"":""ADDR-NIGHTJAR-9"",""city"":""Noir City"",""content_role"":""BACKGROUND"",""country"":""Fictional Republic"",""normalized_address"":""9 NIGHTJAR MEWS|NOIR CITY|NC|10009"",""postal_code"":""10009"",""region"":""NC"",""street"":""9 Nightjar Mews""}",authoring/ceo_addresses.csv#ADDR-NIGHTJAR-9,BACKGROUND,f5c19a47b0d82452c449fd0320892684bd13c6f048157a90da2d675d3e2ebe92,2026.07.19.2
CEO_BARKED_TWICE,ADDR-PACKET-17,ADDRESS,,17 Packet Lane,AUTHORING,authoring/ceo_addresses.csv,ADDR-PACKET-17,,,,,17 Packet Lane,"{""address_id"":""ADDR-PACKET-17"",""city"":""Noir City"",""content_role"":""BACKGROUND"",""country"":""Fictional Republic"",""normalized_address"":""17 PACKET LANE|NOIR CITY|NC|10017"",""postal_code"":""10017"",""region"":""NC"",""street"":""17 Packet Lane""}",authoring/ceo_addresses.csv#ADDR-PACKET-17,BACKGROUND,76e2b9f146e97363d6248eaa73d8eba5a202d75bdf9068c19e501e93bc99428c,2026.07.19.2
CEO_BARKED_TWICE,ADDR-SPRINT-22,ADDRESS,,22 Sprint Street,AUTHORING,authoring/ceo_addresses.csv,ADDR-SPRINT-22,,,,,22 Sprint Street,"{""address_id"":""ADDR-SPRINT-22"",""city"":""Noir City"",""content_role"":""BACKGROUND"",""country"":""Fictional Republic"",""normalized_address"":""22 SPRINT STREET|NOIR CITY|NC|10022"",""postal_code"":""10022"",""region"":""NC"",""street"":""22 Sprint Street""}",authoring/ceo_addresses.csv#ADDR-SPRINT-22,BACKGROUND,44a4cf5bb83bdeefee5e2363c173a6b02c1a9968bd4ec7a854844082615b6f94,2026.07.19.2
CEO_BARKED_TWICE,ADDR-DOCK-90,ADDRESS,,90 Dockside Row,AUTHORING,authoring/ceo_addresses.csv,ADDR-DOCK-90,,,,,90 Dockside Row,"{""address_id"":""ADDR-DOCK-90"",""city"":""Noir City"",""content_role"":""BACKGROUND"",""country"":""Fictional Republic"",""normalized_address"":""90 DOCKSIDE ROW|NOIR CITY|NC|10090"",""postal_code"":""10090"",""region"":""NC"",""street"":""90 Dockside Row""}",authoring/ceo_addresses.csv#ADDR-DOCK-90,BACKGROUND,16818929c878ae20da13d06dc8690932ca0eeb32822ff717e94c9948fd5bd7fe,2026.07.19.2
CEO_BARKED_TWICE,ADDR-LANTERN-100,ADDRESS,,100 Lantern Plaza,AUTHORING,authoring/ceo_addresses.csv,ADDR-LANTERN-100,,,,,100 Lantern Plaza,"{""address_id"":""ADDR-LANTERN-100"",""city"":""Noir City"",""content_role"":""BACKGROUND"",""country"":""Fictional Republic"",""normalized_address"":""100 LANTERN PLAZA|NOIR CITY|NC|10100"",""postal_code"":""10100"",""region"":""NC"",""street"":""100 Lantern Plaza""}",authoring/ceo_addresses.csv#ADDR-LANTERN-100,BACKGROUND,e09c84355754730ad4a90d3d5d7a60a6240a10661734f2660a7bea124be659da,2026.07.19.2
CEO_BARKED_TWICE,ADDR-LANTERN-101,ADDRESS,,101 Lantern Plaza,AUTHORING,authoring/ceo_addresses.csv,ADDR-LANTERN-101,,,,,101 Lantern Plaza,"{""address_id"":""ADDR-LANTERN-101"",""city"":""Noir City"",""content_role"":""BACKGROUND"",""country"":""Fictional Republic"",""normalized_address"":""101 LANTERN PLAZA|NOIR CITY|NC|10101"",""postal_code"":""10101"",""region"":""NC"",""street"":""101 Lantern Plaza""}",authoring/ceo_addresses.csv#ADDR-LANTERN-101,BACKGROUND,3882edbe750069ffbe45948369c629d594557b6dcf545693380990b540720366,2026.07.19.2
CEO_BARKED_TWICE,ADDR-NIMBUS-2,ADDRESS,,2 Nimbus Court,AUTHORING,authoring/ceo_addresses.csv,ADDR-NIMBUS-2,,,,,2 Nimbus Court,"{""address_id"":""ADDR-NIMBUS-2"",""city"":""Noir City"",""content_role"":""BACKGROUND"",""country"":""Fictional Republic"",""normalized_address"":""2 NIMBUS COURT|NOIR CITY|NC|10002"",""postal_code"":""10002"",""region"":""NC"",""street"":""2 Nimbus Court""}",authoring/ceo_addresses.csv#ADDR-NIMBUS-2,BACKGROUND,33c6411de57e5583e61f8e2f896881c7eb4f7eba2087b93985ee08292e15ae7c,2026.07.19.2
CEO_BARKED_TWICE,ADDR-AUDIT-3,ADDRESS,,3 Audit Arcade,AUTHORING,authoring/ceo_addresses.csv,ADDR-AUDIT-3,,,,,3 Audit Arcade,"{""address_id"":""ADDR-AUDIT-3"",""city"":""Noir City"",""content_role"":""BACKGROUND"",""country"":""Fictional Republic"",""normalized_address"":""3 AUDIT ARCADE|NOIR CITY|NC|10003"",""postal_code"":""10003"",""region"":""NC"",""street"":""3 Audit Arcade""}",authoring/ceo_addresses.csv#ADDR-AUDIT-3,BACKGROUND,0c9ab336790c9a6c9e148e15f5817ad8370c6dc33bca40a78951bc457710c134,2026.07.19.2
CEO_BARKED_TWICE,COM-001,COMMUNICATION,EMAIL,Travel coverage,EMAIL,authoring/ceo_communications.csv,COM-001,2026-02-08T15:00:00Z,,,,I will be in transit tomorrow. Normal payment controls remain in force; call Conrad for any exception.,"{""attachment_document_ids"":"""",""communication_id"":""COM-001"",""communication_type"":""EMAIL"",""content_role"":""EXCULPATORY_EVIDENCE"",""recipient_record_ids"":""PR-PENNY-02"",""safe_body"":""I will be in transit tomorrow. Normal payment controls remain in force; call Conrad for any exception."",""sender_domain"":""silvercollar.example"",""sender_record_id"":""PR-BEA-02"",""sent_at"":""2026-02-08T15:00:00Z"",""source_system_id"":""EMAIL"",""subject"":""Travel coverage"",""thread_id"":""THREAD-001""}",authoring/ceo_communications.csv#COM-001,EXCULPATORY_EVIDENCE,773343a6025898551f1ccec477b90674b076a2e6ca9772b099463d91c0fe149d,2026.07.19.2
CEO_BARKED_TWICE,COM-002,COMMUNICATION,EMAIL,Confidential acquisition payment,EMAIL,authoring/ceo_communications.csv,COM-002,2026-02-08T22:00:00Z,,,,I need this handled before the board call. Do not contact the supplier yet; the transaction is confidential.,"{""attachment_document_ids"":"""",""communication_id"":""COM-002"",""communication_type"":""EMAIL"",""content_role"":""CORE_EVIDENCE"",""recipient_record_ids"":""PR-PENNY-02"",""safe_body"":""I need this handled before the board call. Do not contact the supplier yet; the transaction is confidential."",""sender_domain"":""silvercoilar.example"",""sender_record_id"":""PR-ROWAN-03"",""sent_at"":""2026-02-08T22:00:00Z"",""source_system_id"":""EMAIL"",""subject"":""Confidential acquisition payment"",""thread_id"":""THREAD-001""}",authoring/ceo_communications.csv#COM-002,CORE_EVIDENCE,b98081912981c11353aec6fc5d51de694b84c49da0692ad652215b3be2e7aec9,2026.07.19.2
CEO_BARKED_TWICE,COM-003,COMMUNICATION,EMAIL,Updated Copper Paw remittance details,EMAIL,authoring/ceo_communications.csv,COM-003,2026-02-09T05:00:00Z,,,,Our bank has changed. Please use the attached account ending 8842 for invoice CPI-1048.,"{""attachment_document_ids"":""DOC-011"",""communication_id"":""COM-003"",""communication_type"":""EMAIL"",""content_role"":""CORE_EVIDENCE"",""recipient_record_ids"":""PR-PENNY-02"",""safe_body"":""Our bank has changed. Please use the attached account ending 8842 for invoice CPI-1048."",""sender_domain"":""copperpavv.example"",""sender_record_id"":""PR-IVY-01"",""sent_at"":""2026-02-09T05:00:00Z"",""source_system_id"":""EMAIL"",""subject"":""Updated Copper Paw remittance details"",""thread_id"":""THREAD-002""}",authoring/ceo_communications.csv#COM-003,CORE_EVIDENCE,84d4665f9297704c7023f2477e6731c0f9db6dd3a95c3724b86792e678f010e0,2026.07.19.2
CEO_BARKED_TWICE,COM-004,COMMUNICATION,EMAIL,Please confirm bank change,EMAIL,authoring/ceo_communications.csv,COM-004,2026-02-09T12:00:00Z,,,,Can you confirm the new account ending 8842 before I update the vendor master?,"{""attachment_document_ids"":"""",""communication_id"":""COM-004"",""communication_type"":""EMAIL"",""content_role"":""CORE_EVIDENCE"",""recipient_record_ids"":""PR-VICTOR-02"",""safe_body"":""Can you confirm the new account ending 8842 before I update the vendor master?"",""sender_domain"":""silvercollar.example"",""sender_record_id"":""PR-PENNY-02"",""sent_at"":""2026-02-09T12:00:00Z"",""source_system_id"":""EMAIL"",""subject"":""Please confirm bank change"",""thread_id"":""THREAD-002""}",authoring/ceo_communications.csv#COM-004,CORE_EVIDENCE,3fd6ef87f0a728877f78643765f3ca255547c32c7a8cf85f368af477597d7866,2026.07.19.2
CEO_BARKED_TWICE,COM-005,COMMUNICATION,EMAIL,Re: Please confirm bank change,EMAIL,authoring/ceo_communications.csv,COM-005,2026-02-09T19:00:00Z,,,,Confirmed. Victor is away from his desk; this mailbox is monitored by finance. Please avoid delay fees.,"{""attachment_document_ids"":"""",""communication_id"":""COM-005"",""communication_type"":""EMAIL"",""content_role"":""CORE_EVIDENCE"",""recipient_record_ids"":""PR-PENNY-02"",""safe_body"":""Confirmed. Victor is away from his desk; this mailbox is monitored by finance. Please avoid delay fees."",""sender_domain"":""copperpavv.example"",""sender_record_id"":""PR-IVY-01"",""sent_at"":""2026-02-09T19:00:00Z"",""source_system_id"":""EMAIL"",""subject"":""Re: Please confirm bank change"",""thread_id"":""THREAD-003""}",authoring/ceo_communications.csv#COM-005,CORE_EVIDENCE,33519a711cd57cc00c3d04c90b7de5b69495b43ff25c1070794daf2ba58738a6,2026.07.19.2
CEO_BARKED_TWICE,COM-006,COMMUNICATION,EMAIL,Exception approval requested,EMAIL,authoring/ceo_communications.csv,COM-006,2026-02-10T02:00:00Z,,,,The CEO says this is confidential and Copper Paw confirms the new account. Can I release CPI-1048 today?,"{""attachment_document_ids"":""DOC-011"",""communication_id"":""COM-006"",""communication_type"":""EMAIL"",""content_role"":""CORE_EVIDENCE"",""recipient_record_ids"":""PR-CONRAD-02"",""safe_body"":""The CEO says this is confidential and Copper Paw confirms the new account. Can I release CPI-1048 today?"",""sender_domain"":""silvercollar.example"",""sender_record_id"":""PR-PENNY-02"",""sent_at"":""2026-02-10T02:00:00Z"",""source_system_id"":""EMAIL"",""subject"":""Exception approval requested"",""thread_id"":""THREAD-003""}",authoring/ceo_communications.csv#COM-006,CORE_EVIDENCE,62fbb0bf172f1d245d24c683cbc3ff6b0c05659f1c8f5eb74431015d3f24c076,2026.07.19.2
CEO_BARKED_TWICE,COM-007,COMMUNICATION,EMAIL,Re: Exception approval requested,EMAIL,authoring/ceo_communications.csv,COM-007,2026-02-10T09:00:00Z,,,,Approved as a one-time exception. Record the email chain and complete callback later.,"{""attachment_document_ids"":"""",""communication_id"":""COM-007"",""communication_type"":""EMAIL"",""content_role"":""EXCULPATORY_EVIDENCE"",""recipient_record_ids"":""PR-PENNY-02"",""safe_body"":""Approved as a one-time exception. Record the email chain and complete callback later."",""sender_domain"":""silvercollar.example"",""sender_record_id"":""PR-CONRAD-02"",""sent_at"":""2026-02-10T09:00:00Z"",""source_system_id"":""EMAIL"",""subject"":""Re: Exception approval requested"",""thread_id"":""THREAD-004""}",authoring/ceo_communications.csv#COM-007,EXCULPATORY_EVIDENCE,fe5144517230830602af0ed51f6015dad2c0a2a1407b1867c5e43f9bf2f2e570,2026.07.19.2
CEO_BARKED_TWICE,COM-008,COMMUNICATION,EMAIL,New beneficiary warning,EMAIL,authoring/ceo_communications.csv,COM-008,2026-02-10T16:00:00Z,,,,Payment instruction points to a newly added beneficiary that does not match prior Copper Paw history.,"{""attachment_document_ids"":"""",""communication_id"":""COM-008"",""communication_type"":""EMAIL"",""content_role"":""CORE_EVIDENCE"",""recipient_record_ids"":""PR-PENNY-02"",""safe_body"":""Payment instruction points to a newly added beneficiary that does not match prior Copper Paw history."",""sender_domain"":""lanternbank.example"",""sender_record_id"":""PR-MABEL-01"",""sent_at"":""2026-02-10T16:00:00Z"",""source_system_id"":""EMAIL"",""subject"":""New beneficiary warning"",""thread_id"":""THREAD-004""}",authoring/ceo_communications.csv#COM-008,CORE_EVIDENCE,e94b9c415a1ad663efc62cedc0da3da60a8cb29a6827394e2966cae641e10f75,2026.07.19.2
CEO_BARKED_TWICE,COM-009,COMMUNICATION,EMAIL,Release confirmation needed,EMAIL,authoring/ceo_communications.csv,COM-009,2026-02-10T23:00:00Z,,,,The board call starts in twenty minutes. Confirm the transfer has left.,"{""attachment_document_ids"":"""",""communication_id"":""COM-009"",""communication_type"":""EMAIL"",""content_role"":""CORE_EVIDENCE"",""recipient_record_ids"":""PR-PENNY-02"",""safe_body"":""The board call starts in twenty minutes. Confirm the transfer has left."",""sender_domain"":""silvercoilar.example"",""sender_record_id"":""PR-ROWAN-03"",""sent_at"":""2026-02-10T23:00:00Z"",""source_system_id"":""EMAIL"",""subject"":""Release confirmation needed"",""thread_id"":""THREAD-005""}",authoring/ceo_communications.csv#COM-009,CORE_EVIDENCE,3ac2461ec2d587b428e0a17a376c017cf878e539bfdccb2ce23094f9e7131a60,2026.07.19.2
CEO_BARKED_TWICE,COM-010,COMMUNICATION,EMAIL,No bank change,EMAIL,authoring/ceo_communications.csv,COM-010,2026-02-11T06:00:00Z,,,,Copper Paw has not changed its bank account. Our verified account still ends 2207.,"{""attachment_document_ids"":"""",""communication_id"":""COM-010"",""communication_type"":""EMAIL"",""content_role"":""EXCULPATORY_EVIDENCE"",""recipient_record_ids"":""PR-PENNY-02"",""safe_body"":""Copper Paw has not changed its bank account. Our verified account still ends 2207."",""sender_domain"":""copperpaw.example"",""sender_record_id"":""PR-VICTOR-02"",""sent_at"":""2026-02-11T06:00:00Z"",""source_system_id"":""EMAIL"",""subject"":""No bank change"",""thread_id"":""THREAD-005""}",authoring/ceo_communications.csv#COM-010,EXCULPATORY_EVIDENCE,5540defccf909d4f3a302060c4ec2203354553a01d989f81a457b77e53b217f8,2026.07.19.2
CEO_BARKED_TWICE,COM-011,COMMUNICATION,EMAIL,Missing vendor replies,EMAIL,authoring/ceo_communications.csv,COM-011,2026-02-11T13:00:00Z,,,,I cannot find Victor’s earlier response. Several messages are marked read before I open them.,"{""attachment_document_ids"":"""",""communication_id"":""COM-011"",""communication_type"":""EMAIL"",""content_role"":""CORE_EVIDENCE"",""recipient_record_ids"":""PR-THEO-01"",""safe_body"":""I cannot find Victor’s earlier response. Several messages are marked read before I open them."",""sender_domain"":""silvercollar.example"",""sender_record_id"":""PR-PENNY-02"",""sent_at"":""2026-02-11T13:00:00Z"",""source_system_id"":""EMAIL"",""subject"":""Missing vendor replies"",""thread_id"":""THREAD-006""}",authoring/ceo_communications.csv#COM-011,CORE_EVIDENCE,15203e52578f7db32e73f77416e9fb732ee208702411e089ca9bff97d3d2a385,2026.07.19.2
CEO_BARKED_TWICE,COM-012,COMMUNICATION,EMAIL,Mailbox forwarding rule found,EMAIL,authoring/ceo_communications.csv,COM-012,2026-02-11T20:00:00Z,,,,A rule created from external IP 203.0.113.77 forwards vendor and CEO replies to an unknown mailbox.,"{""attachment_document_ids"":"""",""communication_id"":""COM-012"",""communication_type"":""EMAIL"",""content_role"":""CORE_EVIDENCE"",""recipient_record_ids"":""PR-PENNY-02"",""safe_body"":""A rule created from external IP 203.0.113.77 forwards vendor and CEO replies to an unknown mailbox."",""sender_domain"":""silvercollar.example"",""sender_record_id"":""PR-THEO-01"",""sent_at"":""2026-02-11T20:00:00Z"",""source_system_id"":""EMAIL"",""subject"":""Mailbox forwarding rule found"",""thread_id"":""THREAD-006""}",authoring/ceo_communications.csv#COM-012,CORE_EVIDENCE,6b3fce4379e86f0fc875ed4dc4360f98cb919648c37619cc0dfbc94af8d3bbff,2026.07.19.2
CEO_BARKED_TWICE,COM-013,COMMUNICATION,EMAIL,I did not authorize this,EMAIL,authoring/ceo_communications.csv,COM-013,2026-02-12T03:00:00Z,,,,I sent no confidential payment request and would never suspend callback controls.,"{""attachment_document_ids"":"""",""communication_id"":""COM-013"",""communication_type"":""EMAIL"",""content_role"":""EXCULPATORY_EVIDENCE"",""recipient_record_ids"":""PR-CONRAD-02"",""safe_body"":""I sent no confidential payment request and would never suspend callback controls."",""sender_domain"":""silvercollar.example"",""sender_record_id"":""PR-BEA-02"",""sent_at"":""2026-02-12T03:00:00Z"",""source_system_id"":""EMAIL"",""subject"":""I did not authorize this"",""thread_id"":""THREAD-007""}",authoring/ceo_communications.csv#COM-013,EXCULPATORY_EVIDENCE,5435f9de3d26f783e6421952e40a8d3ed5fa4eb5d7ea6553447e1db5abd4fac6,2026.07.19.2
CEO_BARKED_TWICE,COM-014,COMMUNICATION,EMAIL,Second invoice — revised details,EMAIL,authoring/ceo_communications.csv,COM-014,2026-02-12T10:00:00Z,,,,Please use account 8842 again for CPI-1059. The earlier payment reached us.,"{""attachment_document_ids"":""DOC-012"",""communication_id"":""COM-014"",""communication_type"":""EMAIL"",""content_role"":""CORE_EVIDENCE"",""recipient_record_ids"":""PR-PENNY-02"",""safe_body"":""Please use account 8842 again for CPI-1059. The earlier payment reached us."",""sender_domain"":""copperpavv.example"",""sender_record_id"":""PR-IVY-01"",""sent_at"":""2026-02-12T10:00:00Z"",""source_system_id"":""EMAIL"",""subject"":""Second invoice — revised details"",""thread_id"":""THREAD-007""}",authoring/ceo_communications.csv#COM-014,CORE_EVIDENCE,76af28359e7bb4eb460485f4b2ca77f8977d6c677d9a48759aa63c278586a399,2026.07.19.2
CEO_BARKED_TWICE,COM-015,COMMUNICATION,EMAIL,Hold second transfer,EMAIL,authoring/ceo_communications.csv,COM-015,2026-02-12T17:00:00Z,,,,Freeze CPI-1059 and trace the first beneficiary. The CEO message was impersonation.,"{""attachment_document_ids"":""DOC-012"",""communication_id"":""COM-015"",""communication_type"":""EMAIL"",""content_role"":""CORE_EVIDENCE"",""recipient_record_ids"":""PR-MABEL-01"",""safe_body"":""Freeze CPI-1059 and trace the first beneficiary. The CEO message was impersonation."",""sender_domain"":""silvercollar.example"",""sender_record_id"":""PR-CONRAD-02"",""sent_at"":""2026-02-12T17:00:00Z"",""source_system_id"":""EMAIL"",""subject"":""Hold second transfer"",""thread_id"":""THREAD-008""}",authoring/ceo_communications.csv#COM-015,CORE_EVIDENCE,569c265e59f4029177ff46031299927b566822b8953ccc70d22dc86c4b9e20f9,2026.07.19.2
CEO_BARKED_TWICE,COM-016,COMMUNICATION,EMAIL,First transfer received,EMAIL,authoring/ceo_communications.csv,COM-016,2026-02-13T00:00:00Z,,,,"The 420,000 has cleared. I can split it across the three destinations and remittance account.","{""attachment_document_ids"":"""",""communication_id"":""COM-016"",""communication_type"":""EMAIL"",""content_role"":""CORE_EVIDENCE"",""recipient_record_ids"":""PR-ROWAN-03"",""safe_body"":""The 420,000 has cleared. I can split it across the three destinations and remittance account."",""sender_domain"":""nightjar-consult.example"",""sender_record_id"":""PR-GRANT-03"",""sent_at"":""2026-02-13T00:00:00Z"",""source_system_id"":""EMAIL"",""subject"":""First transfer received"",""thread_id"":""THREAD-008""}",authoring/ceo_communications.csv#COM-016,CORE_EVIDENCE,9e24cba7e607d58e20002e75490172f7fa5ce0d9961f1add20f6a53360e89482,2026.07.19.2
CEO_BARKED_TWICE,COM-017,COMMUNICATION,EMAIL,Split immediately,EMAIL,authoring/ceo_communications.csv,COM-017,2026-02-13T07:00:00Z,,,,"Move 140 to your account, 95 to mine, 70 to Ivy, and the rest through Harbor Hound.","{""attachment_document_ids"":"""",""communication_id"":""COM-017"",""communication_type"":""EMAIL"",""content_role"":""CORE_EVIDENCE"",""recipient_record_ids"":""PR-GRANT-03"",""safe_body"":""Move 140 to your account, 95 to mine, 70 to Ivy, and the rest through Harbor Hound."",""sender_domain"":""nightjar-consult.example"",""sender_record_id"":""PR-ROWAN-03"",""sent_at"":""2026-02-13T07:00:00Z"",""source_system_id"":""EMAIL"",""subject"":""Split immediately"",""thread_id"":""THREAD-009""}",authoring/ceo_communications.csv#COM-017,CORE_EVIDENCE,447e01adfd858557ee20ed0a6a49a88ffa22d231683b177275675741bb3f9ff8,2026.07.19.2
CEO_BARKED_TWICE,COM-018,COMMUNICATION,EMAIL,Mailbox still live,EMAIL,authoring/ceo_communications.csv,COM-018,2026-02-13T14:00:00Z,,,,The forwarding rule remains active. A third invoice can be attempted before security resets the session.,"{""attachment_document_ids"":"""",""communication_id"":""COM-018"",""communication_type"":""EMAIL"",""content_role"":""CORE_EVIDENCE"",""recipient_record_ids"":""PR-ROWAN-03"",""safe_body"":""The forwarding rule remains active. A third invoice can be attempted before security resets the session."",""sender_domain"":""nightjar-consult.example"",""sender_record_id"":""PR-IVY-01"",""sent_at"":""2026-02-13T14:00:00Z"",""source_system_id"":""EMAIL"",""subject"":""Mailbox still live"",""thread_id"":""THREAD-009""}",authoring/ceo_communications.csv#COM-018,CORE_EVIDENCE,ffbd4ab877d4e9d4d0213fdc8343f60f836184ada007a34ca0ea5da58e0102d6,2026.07.19.2
CEO_BARKED_TWICE,COM-019,COMMUNICATION,EMAIL,Incident statement,EMAIL,authoring/ceo_communications.csv,COM-019,2026-02-13T21:00:00Z,,,,I relied on messages that appeared to be from you and the vendor. I did not create the forwarding rule.,"{""attachment_document_ids"":"""",""communication_id"":""COM-019"",""communication_type"":""EMAIL"",""content_role"":""EXCULPATORY_EVIDENCE"",""recipient_record_ids"":""PR-BEA-02"",""safe_body"":""I relied on messages that appeared to be from you and the vendor. I did not create the forwarding rule."",""sender_domain"":""silvercollar.example"",""sender_record_id"":""PR-PENNY-02"",""sent_at"":""2026-02-13T21:00:00Z"",""source_system_id"":""EMAIL"",""subject"":""Incident statement"",""thread_id"":""THREAD-010""}",authoring/ceo_communications.csv#COM-019,EXCULPATORY_EVIDENCE,a5efb109e907c0cb7a530d45e268614c0bb8d0e450b304eced5433f40974c324,2026.07.19.2
CEO_BARKED_TWICE,COM-020,COMMUNICATION,EMAIL,Approval context,EMAIL,authoring/ceo_communications.csv,COM-020,2026-02-14T04:00:00Z,,,,I approved an exception based on the impersonated CEO request and intercepted vendor reply; I received no personal benefit.,"{""attachment_document_ids"":"""",""communication_id"":""COM-020"",""communication_type"":""EMAIL"",""content_role"":""EXCULPATORY_EVIDENCE"",""recipient_record_ids"":""PR-RHEA-01"",""safe_body"":""I approved an exception based on the impersonated CEO request and intercepted vendor reply; I received no personal benefit."",""sender_domain"":""silvercollar.example"",""sender_record_id"":""PR-CONRAD-02"",""sent_at"":""2026-02-14T04:00:00Z"",""source_system_id"":""EMAIL"",""subject"":""Approval context"",""thread_id"":""THREAD-010""}",authoring/ceo_communications.csv#COM-020,EXCULPATORY_EVIDENCE,4f658ff07b8e93d5fa2938f281ded486cdf9102577b6b47ca422f0e5e1b28455,2026.07.19.2
CEO_BARKED_TWICE,COM-021,COMMUNICATION,EMAIL,Vendor statement,EMAIL,authoring/ceo_communications.csv,COM-021,2026-02-14T11:00:00Z,,,,Copper Paw never requested account 8842 and our staff used only copperpaw.example.,"{""attachment_document_ids"":"""",""communication_id"":""COM-021"",""communication_type"":""EMAIL"",""content_role"":""EXCULPATORY_EVIDENCE"",""recipient_record_ids"":""PR-RHEA-01"",""safe_body"":""Copper Paw never requested account 8842 and our staff used only copperpaw.example."",""sender_domain"":""copperpaw.example"",""sender_record_id"":""PR-OWEN-02"",""sent_at"":""2026-02-14T11:00:00Z"",""source_system_id"":""EMAIL"",""subject"":""Vendor statement"",""thread_id"":""THREAD-011""}",authoring/ceo_communications.csv#COM-021,EXCULPATORY_EVIDENCE,6cd546fb842b57e95e458ff63a199b7110ee7b452d36049437488a2c2e3add40,2026.07.19.2
CEO_BARKED_TWICE,COM-022,COMMUNICATION,EMAIL,Recovery update,EMAIL,authoring/ceo_communications.csv,COM-022,2026-02-14T18:00:00Z,,,,"125,000 was frozen at Harbor Hound. Remaining funds had already been dispersed.","{""attachment_document_ids"":"""",""communication_id"":""COM-022"",""communication_type"":""EMAIL"",""content_role"":""SUPPORTING_EVIDENCE"",""recipient_record_ids"":""PR-RHEA-01"",""safe_body"":""125,000 was frozen at Harbor Hound. Remaining funds had already been dispersed."",""sender_domain"":""lanternbank.example"",""sender_record_id"":""PR-MABEL-01"",""sent_at"":""2026-02-14T18:00:00Z"",""source_system_id"":""EMAIL"",""subject"":""Recovery update"",""thread_id"":""THREAD-011""}",authoring/ceo_communications.csv#COM-022,SUPPORTING_EVIDENCE,43d4213ea237eb539a809e21bef3271f87b8d360ec89fe503a63856b21fa914b,2026.07.19.2
CEO_BARKED_TWICE,COM-023,COMMUNICATION,EMAIL,Authentication findings,EMAIL,authoring/ceo_communications.csv,COM-023,2026-02-15T01:00:00Z,,,,The mailbox rule and external sessions share device dev-9f2a and IP 203.0.113.77.,"{""attachment_document_ids"":"""",""communication_id"":""COM-023"",""communication_type"":""EMAIL"",""content_role"":""CORE_EVIDENCE"",""recipient_record_ids"":""PR-RHEA-01"",""safe_body"":""The mailbox rule and external sessions share device dev-9f2a and IP 203.0.113.77."",""sender_domain"":""silvercollar.example"",""sender_record_id"":""PR-THEO-01"",""sent_at"":""2026-02-15T01:00:00Z"",""source_system_id"":""EMAIL"",""subject"":""Authentication findings"",""thread_id"":""THREAD-012""}",authoring/ceo_communications.csv#COM-023,CORE_EVIDENCE,69c0cd693450dea0f33c2a3c6c4a9d7eb0ea1abd8fe4641cf46721281e0d1894,2026.07.19.2
CEO_BARKED_TWICE,COM-024,COMMUNICATION,EMAIL,Control observation,EMAIL,authoring/ceo_communications.csv,COM-024,2026-02-15T08:00:00Z,,,,"The exception process failed because callback verification was deferred, not because the normal policy was absent.","{""attachment_document_ids"":"""",""communication_id"":""COM-024"",""communication_type"":""EMAIL"",""content_role"":""SUPPORTING_EVIDENCE"",""recipient_record_ids"":""PR-CONRAD-02"",""safe_body"":""The exception process failed because callback verification was deferred, not because the normal policy was absent."",""sender_domain"":""retrieveledger.example"",""sender_record_id"":""PR-RHEA-01"",""sent_at"":""2026-02-15T08:00:00Z"",""source_system_id"":""EMAIL"",""subject"":""Control observation"",""thread_id"":""THREAD-012""}",authoring/ceo_communications.csv#COM-024,SUPPORTING_EVIDENCE,c5a73b00cd66afb2a861ae4bd09f615ad9486c662ed2b9470156203ee37ca895,2026.07.19.2
CEO_BARKED_TWICE,COM-025,COMMUNICATION,EMAIL,Purchase order validation,EMAIL,authoring/ceo_communications.csv,COM-025,2026-02-15T15:00:00Z,,,,"PO-26005 is genuine, but it authorizes Copper Paw at the verified account, not the substituted beneficiary.","{""attachment_document_ids"":"""",""communication_id"":""COM-025"",""communication_type"":""EMAIL"",""content_role"":""CORE_EVIDENCE"",""recipient_record_ids"":""PR-RHEA-01"",""safe_body"":""PO-26005 is genuine, but it authorizes Copper Paw at the verified account, not the substituted beneficiary."",""sender_domain"":""silvercollar.example"",""sender_record_id"":""PR-IDA-01"",""sent_at"":""2026-02-15T15:00:00Z"",""source_system_id"":""EMAIL"",""subject"":""Purchase order validation"",""thread_id"":""THREAD-013""}",authoring/ceo_communications.csv#COM-025,CORE_EVIDENCE,6e4d47a5d5804692deaffe606ee69e8fa7860917f2f11965d03d87aab7cb3256,2026.07.19.2
CEO_BARKED_TWICE,COM-026,COMMUNICATION,EMAIL,Lookalike domains renewed,EMAIL,authoring/ceo_communications.csv,COM-026,2026-02-15T22:00:00Z,,,,Both silvercoilar.example and copperpavv.example use registrar account REGACC-441 and the same recovery mailbox.,"{""attachment_document_ids"":"""",""communication_id"":""COM-026"",""communication_type"":""EMAIL"",""content_role"":""CORE_EVIDENCE"",""recipient_record_ids"":""PR-ROWAN-03"",""safe_body"":""Both silvercoilar.example and copperpavv.example use registrar account REGACC-441 and the same recovery mailbox."",""sender_domain"":""nightjar-consult.example"",""sender_record_id"":""PR-IVY-01"",""sent_at"":""2026-02-15T22:00:00Z"",""source_system_id"":""EMAIL"",""subject"":""Lookalike domains renewed"",""thread_id"":""THREAD-013""}",authoring/ceo_communications.csv#COM-026,CORE_EVIDENCE,d2be2ea94877b79a322e1acc3f4d3e4e4dc75aa58a9c4d3d01936891a18b73e7,2026.07.19.2
CEO_BARKED_TWICE,COM-027,COMMUNICATION,EMAIL,Use Bea’s travel window,EMAIL,authoring/ceo_communications.csv,COM-027,2026-02-16T05:00:00Z,,,,Send the request after her flight departs and before the finance call.,"{""attachment_document_ids"":"""",""communication_id"":""COM-027"",""communication_type"":""EMAIL"",""content_role"":""CORE_EVIDENCE"",""recipient_record_ids"":""PR-IVY-01"",""safe_body"":""Send the request after her flight departs and before the finance call."",""sender_domain"":""nightjar-consult.example"",""sender_record_id"":""PR-ROWAN-03"",""sent_at"":""2026-02-16T05:00:00Z"",""source_system_id"":""EMAIL"",""subject"":""Use Bea’s travel window"",""thread_id"":""THREAD-014""}",authoring/ceo_communications.csv#COM-027,CORE_EVIDENCE,2b73ac7e4ae0f1efada48e4998524f99142f60fa78ab21931a1d2ad590ae0b70,2026.07.19.2
CEO_BARKED_TWICE,COM-028,COMMUNICATION,EMAIL,Remittance route,EMAIL,authoring/ceo_communications.csv,COM-028,2026-02-16T12:00:00Z,,,,Harbor Hound accepts the same-day split if Nightjar is listed as consulting services.,"{""attachment_document_ids"":"""",""communication_id"":""COM-028"",""communication_type"":""EMAIL"",""content_role"":""CORE_EVIDENCE"",""recipient_record_ids"":""PR-IVY-01"",""safe_body"":""Harbor Hound accepts the same-day split if Nightjar is listed as consulting services."",""sender_domain"":""nightjar-consult.example"",""sender_record_id"":""PR-GRANT-03"",""sent_at"":""2026-02-16T12:00:00Z"",""source_system_id"":""EMAIL"",""subject"":""Remittance route"",""thread_id"":""THREAD-014""}",authoring/ceo_communications.csv#COM-028,CORE_EVIDENCE,978dccd3522860a53b8c758a038098b896dc219ce00a81cf6f269191c01c2aa4,2026.07.19.2
CEO_BARKED_TWICE,COM-029,COMMUNICATION,EMAIL,Third payment stopped,EMAIL,authoring/ceo_communications.csv,COM-029,2026-02-16T19:00:00Z,,,,"Callback with Copper Paw failed and the 155,000 transfer was cancelled before release.","{""attachment_document_ids"":"""",""communication_id"":""COM-029"",""communication_type"":""EMAIL"",""content_role"":""EXCULPATORY_EVIDENCE"",""recipient_record_ids"":""PR-MABEL-01"",""safe_body"":""Callback with Copper Paw failed and the 155,000 transfer was cancelled before release."",""sender_domain"":""silvercollar.example"",""sender_record_id"":""PR-PENNY-02"",""sent_at"":""2026-02-16T19:00:00Z"",""source_system_id"":""EMAIL"",""subject"":""Third payment stopped"",""thread_id"":""THREAD-015""}",authoring/ceo_communications.csv#COM-029,EXCULPATORY_EVIDENCE,0d6ca364775e95e20a7c92956f8f7de9ee43c831ac437d3e797b2921ebf9feb7,2026.07.19.2
CEO_BARKED_TWICE,COM-030,COMMUNICATION,EMAIL,Thank you for reporting,EMAIL,authoring/ceo_communications.csv,COM-030,2026-02-17T02:00:00Z,,,,You were deceived through a compromised mailbox. Preserve the messages and work with the response team.,"{""attachment_document_ids"":"""",""communication_id"":""COM-030"",""communication_type"":""EMAIL"",""content_role"":""EXCULPATORY_EVIDENCE"",""recipient_record_ids"":""PR-PENNY-02"",""safe_body"":""You were deceived through a compromised mailbox. Preserve the messages and work with the response team."",""sender_domain"":""silvercollar.example"",""sender_record_id"":""PR-BEA-02"",""sent_at"":""2026-02-17T02:00:00Z"",""source_system_id"":""EMAIL"",""subject"":""Thank you for reporting"",""thread_id"":""THREAD-015""}",authoring/ceo_communications.csv#COM-030,EXCULPATORY_EVIDENCE,7029fe4e5dc0c085e42fa883879393e368037082ee63de5170f35a3fd723ef7f,2026.07.19.2
CEO_BARKED_TWICE,COM-031,COMMUNICATION,CHAT,Payment confirmation,EMAIL,authoring/ceo_communications.csv,COM-031,2026-02-19T14:00:00Z,,,,The payment was processed to the existing approved beneficiary.,"{""attachment_document_ids"":""DOC-031"",""communication_id"":""COM-031"",""communication_type"":""CHAT"",""content_role"":""BACKGROUND"",""recipient_record_ids"":""PR-BEA-02"",""safe_body"":""The payment was processed to the existing approved beneficiary."",""sender_domain"":""silvercollar.example"",""sender_record_id"":""PR-PENNY-02"",""sent_at"":""2026-02-19T14:00:00Z"",""source_system_id"":""EMAIL"",""subject"":""Payment confirmation"",""thread_id"":""THREAD-010""}",authoring/ceo_communications.csv#COM-031,BACKGROUND,4b7548c0716d22c2429d4f0f74727cff9e5650e96148cd6ef4b66a79be8badca,2026.07.19.2
CEO_BARKED_TWICE,COM-032,COMMUNICATION,EMAIL,Delivery schedule,EMAIL,authoring/ceo_communications.csv,COM-032,2026-02-19T23:00:00Z,,,,This mailbox is shared for routine invoice queries only.,"{""attachment_document_ids"":"""",""communication_id"":""COM-032"",""communication_type"":""EMAIL"",""content_role"":""BACKGROUND"",""recipient_record_ids"":""PR-VICTOR-02"",""safe_body"":""This mailbox is shared for routine invoice queries only."",""sender_domain"":""silvercollar.example"",""sender_record_id"":""PR-CONRAD-02"",""sent_at"":""2026-02-19T23:00:00Z"",""source_system_id"":""EMAIL"",""subject"":""Delivery schedule"",""thread_id"":""THREAD-010""}",authoring/ceo_communications.csv#COM-032,BACKGROUND,7a88f7baa21cb67d5071f69008bd1e0b000f8737c8efff365a4b7a2981fbb207,2026.07.19.2
CEO_BARKED_TWICE,COM-033,COMMUNICATION,EMAIL,Purchase order query,EMAIL,authoring/ceo_communications.csv,COM-033,2026-02-20T08:00:00Z,,,,Quarterly close requires all exceptions to be documented.,"{""attachment_document_ids"":"""",""communication_id"":""COM-033"",""communication_type"":""EMAIL"",""content_role"":""BACKGROUND"",""recipient_record_ids"":""PR-SOPHIE-02"",""safe_body"":""Quarterly close requires all exceptions to be documented."",""sender_domain"":""silvercollar.example"",""sender_record_id"":""PR-BEA-02"",""sent_at"":""2026-02-20T08:00:00Z"",""source_system_id"":""EMAIL"",""subject"":""Purchase order query"",""thread_id"":""THREAD-011""}",authoring/ceo_communications.csv#COM-033,BACKGROUND,caac8fc2566932756db0f5c24288d346d3e2df9e04d7fa7c22acd394167dc618,2026.07.19.2
CEO_BARKED_TWICE,COM-034,COMMUNICATION,EMAIL,Travel notice,EMAIL,authoring/ceo_communications.csv,COM-034,2026-02-20T17:00:00Z,,,,The service contract renews next month under existing terms.,"{""attachment_document_ids"":"""",""communication_id"":""COM-034"",""communication_type"":""EMAIL"",""content_role"":""BACKGROUND"",""recipient_record_ids"":""PR-CONRAD-02"",""safe_body"":""The service contract renews next month under existing terms."",""sender_domain"":""silvercollar.example"",""sender_record_id"":""PR-IDA-01"",""sent_at"":""2026-02-20T17:00:00Z"",""source_system_id"":""EMAIL"",""subject"":""Travel notice"",""thread_id"":""THREAD-011""}",authoring/ceo_communications.csv#COM-034,BACKGROUND,7b3083b61e049b2de8d383cece52fa1346a8775e01c0bc02f2bbf956357b3d9e,2026.07.19.2
CEO_BARKED_TWICE,COM-035,COMMUNICATION,EMAIL,Freight exception,EMAIL,authoring/ceo_communications.csv,COM-035,2026-02-21T02:00:00Z,,,,No account change is requested; use the verified vendor master.,"{""attachment_document_ids"":"""",""communication_id"":""COM-035"",""communication_type"":""EMAIL"",""content_role"":""BACKGROUND"",""recipient_record_ids"":""PR-RHEA-01"",""safe_body"":""No account change is requested; use the verified vendor master."",""sender_domain"":""silvercollar.example"",""sender_record_id"":""PR-THEO-01"",""sent_at"":""2026-02-21T02:00:00Z"",""source_system_id"":""EMAIL"",""subject"":""Freight exception"",""thread_id"":""THREAD-011""}",authoring/ceo_communications.csv#COM-035,BACKGROUND,2001faf5ebe3ff5a7da747d5fe7cce0d354d560386ea34dea11f8405d56dccb8,2026.07.19.2
CEO_BARKED_TWICE,COM-036,COMMUNICATION,EMAIL,Vendor onboarding,EMAIL,authoring/ceo_communications.csv,COM-036,2026-02-21T11:00:00Z,,,,Security observed a login from the normal corporate network.,"{""attachment_document_ids"":"""",""communication_id"":""COM-036"",""communication_type"":""EMAIL"",""content_role"":""BACKGROUND"",""recipient_record_ids"":""PR-LUCY-02"",""safe_body"":""Security observed a login from the normal corporate network."",""sender_domain"":""copperpaw.example"",""sender_record_id"":""PR-VICTOR-02"",""sent_at"":""2026-02-21T11:00:00Z"",""source_system_id"":""EMAIL"",""subject"":""Vendor onboarding"",""thread_id"":""THREAD-012""}",authoring/ceo_communications.csv#COM-036,BACKGROUND,8f9d43adf5b2057a62cff0c2c374394b7752242f635d981ca6360bb336d367b7,2026.07.19.2
CEO_BARKED_TWICE,COM-037,COMMUNICATION,CHAT,Invoice status,EMAIL,authoring/ceo_communications.csv,COM-037,2026-02-21T20:00:00Z,,,,Please confirm the invoice reference and purchase order before close.,"{""attachment_document_ids"":"""",""communication_id"":""COM-037"",""communication_type"":""CHAT"",""content_role"":""BACKGROUND"",""recipient_record_ids"":""PR-PENNY-02"",""safe_body"":""Please confirm the invoice reference and purchase order before close."",""sender_domain"":""copperpaw.example"",""sender_record_id"":""PR-OWEN-02"",""sent_at"":""2026-02-21T20:00:00Z"",""source_system_id"":""EMAIL"",""subject"":""Invoice status"",""thread_id"":""THREAD-012""}",authoring/ceo_communications.csv#COM-037,BACKGROUND,7f30b19527bc71f40806e7e8bc1aa95b7334b838c5a935ff6d9c4486776e13b9,2026.07.19.2
CEO_BARKED_TWICE,COM-038,COMMUNICATION,EMAIL,Security alert,EMAIL,authoring/ceo_communications.csv,COM-038,2026-02-22T05:00:00Z,,,,Vendor onboarding is pending a verified callback.,"{""attachment_document_ids"":"""",""communication_id"":""COM-038"",""communication_type"":""EMAIL"",""content_role"":""BACKGROUND"",""recipient_record_ids"":""PR-IDA-01"",""safe_body"":""Vendor onboarding is pending a verified callback."",""sender_domain"":""silvercollar.example"",""sender_record_id"":""PR-LUCY-02"",""sent_at"":""2026-02-22T05:00:00Z"",""source_system_id"":""EMAIL"",""subject"":""Security alert"",""thread_id"":""THREAD-012""}",authoring/ceo_communications.csv#COM-038,BACKGROUND,4be380386f61630ef738aca8927bcc48b48edfd11fa0405fcd128ab154f64c15,2026.07.19.2
CEO_BARKED_TWICE,COM-039,COMMUNICATION,EMAIL,Bank details review,EMAIL,authoring/ceo_communications.csv,COM-039,2026-02-22T14:00:00Z,,,,"Freight delay requires a revised delivery date, not new bank details.","{""attachment_document_ids"":"""",""communication_id"":""COM-039"",""communication_type"":""EMAIL"",""content_role"":""BACKGROUND"",""recipient_record_ids"":""PR-OWEN-02"",""safe_body"":""Freight delay requires a revised delivery date, not new bank details."",""sender_domain"":""silvercollar.example"",""sender_record_id"":""PR-SOPHIE-02"",""sent_at"":""2026-02-22T14:00:00Z"",""source_system_id"":""EMAIL"",""subject"":""Bank details review"",""thread_id"":""THREAD-013""}",authoring/ceo_communications.csv#COM-039,BACKGROUND,929594454af31e273267fbca3eb3b70f3badafb722b358558d2c7a223ab807b8,2026.07.19.2
CEO_BARKED_TWICE,COM-040,COMMUNICATION,EMAIL,Contract renewal,EMAIL,authoring/ceo_communications.csv,COM-040,2026-02-22T23:00:00Z,,,,The executive travel calendar has been updated for the finance team.,"{""attachment_document_ids"":"""",""communication_id"":""COM-040"",""communication_type"":""EMAIL"",""content_role"":""BACKGROUND"",""recipient_record_ids"":""PR-RHEA-01"",""safe_body"":""The executive travel calendar has been updated for the finance team."",""sender_domain"":""silvercollar.example"",""sender_record_id"":""PR-JUNE-01"",""sent_at"":""2026-02-22T23:00:00Z"",""source_system_id"":""EMAIL"",""subject"":""Contract renewal"",""thread_id"":""THREAD-013""}",authoring/ceo_communications.csv#COM-040,BACKGROUND,6d9525f7eebe245f8fba21f188db0b5b7211b5056a189d82cb6803d760008321,2026.07.19.2
CEO_BARKED_TWICE,COM-041,COMMUNICATION,EMAIL,Quarterly close,EMAIL,authoring/ceo_communications.csv,COM-041,2026-02-23T08:00:00Z,,,,The purchase order quantity differs from the delivery note.,"{""attachment_document_ids"":""DOC-041"",""communication_id"":""COM-041"",""communication_type"":""EMAIL"",""content_role"":""BACKGROUND"",""recipient_record_ids"":""PR-BEA-02"",""safe_body"":""The purchase order quantity differs from the delivery note."",""sender_domain"":""silvercollar.example"",""sender_record_id"":""PR-PENNY-02"",""sent_at"":""2026-02-23T08:00:00Z"",""source_system_id"":""EMAIL"",""subject"":""Quarterly close"",""thread_id"":""THREAD-013""}",authoring/ceo_communications.csv#COM-041,BACKGROUND,16994ade423cecced33373bc5e0e37b1d86338d07b425fd1fce9831b2a1c2517,2026.07.19.2
CEO_BARKED_TWICE,COM-042,COMMUNICATION,EMAIL,Shared mailbox,EMAIL,authoring/ceo_communications.csv,COM-042,2026-02-23T17:00:00Z,,,,The shipment is scheduled for the next warehouse window.,"{""attachment_document_ids"":"""",""communication_id"":""COM-042"",""communication_type"":""EMAIL"",""content_role"":""BACKGROUND"",""recipient_record_ids"":""PR-VICTOR-02"",""safe_body"":""The shipment is scheduled for the next warehouse window."",""sender_domain"":""silvercollar.example"",""sender_record_id"":""PR-CONRAD-02"",""sent_at"":""2026-02-23T17:00:00Z"",""source_system_id"":""EMAIL"",""subject"":""Shared mailbox"",""thread_id"":""THREAD-014""}",authoring/ceo_communications.csv#COM-042,BACKGROUND,f024342a90b198bf6fc9ccaa1715941beeeec66cf6268173f2f282bbe0498f08,2026.07.19.2
CEO_BARKED_TWICE,COM-043,COMMUNICATION,CHAT,Payment confirmation,EMAIL,authoring/ceo_communications.csv,COM-043,2026-02-24T02:00:00Z,,,,The payment was processed to the existing approved beneficiary.,"{""attachment_document_ids"":"""",""communication_id"":""COM-043"",""communication_type"":""CHAT"",""content_role"":""BACKGROUND"",""recipient_record_ids"":""PR-SOPHIE-02"",""safe_body"":""The payment was processed to the existing approved beneficiary."",""sender_domain"":""silvercollar.example"",""sender_record_id"":""PR-BEA-02"",""sent_at"":""2026-02-24T02:00:00Z"",""source_system_id"":""EMAIL"",""subject"":""Payment confirmation"",""thread_id"":""THREAD-014""}",authoring/ceo_communications.csv#COM-043,BACKGROUND,1859f6b5486d3f977b43feef6f787bddd92dc0460bcce2c4edeea4b0ad711a1c,2026.07.19.2
CEO_BARKED_TWICE,COM-044,COMMUNICATION,EMAIL,Delivery schedule,EMAIL,authoring/ceo_communications.csv,COM-044,2026-02-24T11:00:00Z,,,,This mailbox is shared for routine invoice queries only.,"{""attachment_document_ids"":"""",""communication_id"":""COM-044"",""communication_type"":""EMAIL"",""content_role"":""BACKGROUND"",""recipient_record_ids"":""PR-CONRAD-02"",""safe_body"":""This mailbox is shared for routine invoice queries only."",""sender_domain"":""silvercollar.example"",""sender_record_id"":""PR-IDA-01"",""sent_at"":""2026-02-24T11:00:00Z"",""source_system_id"":""EMAIL"",""subject"":""Delivery schedule"",""thread_id"":""THREAD-014""}",authoring/ceo_communications.csv#COM-044,BACKGROUND,feb6c2b864983c0477566d314633b12ac46e2956e22d5d137bfa848a83641c02,2026.07.19.2
CEO_BARKED_TWICE,COM-045,COMMUNICATION,EMAIL,Purchase order query,EMAIL,authoring/ceo_communications.csv,COM-045,2026-02-24T20:00:00Z,,,,Quarterly close requires all exceptions to be documented.,"{""attachment_document_ids"":"""",""communication_id"":""COM-045"",""communication_type"":""EMAIL"",""content_role"":""BACKGROUND"",""recipient_record_ids"":""PR-RHEA-01"",""safe_body"":""Quarterly close requires all exceptions to be documented."",""sender_domain"":""silvercollar.example"",""sender_record_id"":""PR-THEO-01"",""sent_at"":""2026-02-24T20:00:00Z"",""source_system_id"":""EMAIL"",""subject"":""Purchase order query"",""thread_id"":""THREAD-015""}",authoring/ceo_communications.csv#COM-045,BACKGROUND,8d2d9117a4213c6fc0fad65cfceb1662b62caab0cebb4761b9d77dd2874c6c58,2026.07.19.2
CEO_BARKED_TWICE,COM-046,COMMUNICATION,EMAIL,Travel notice,EMAIL,authoring/ceo_communications.csv,COM-046,2026-02-25T05:00:00Z,,,,The service contract renews next month under existing terms.,"{""attachment_document_ids"":"""",""communication_id"":""COM-046"",""communication_type"":""EMAIL"",""content_role"":""BACKGROUND"",""recipient_record_ids"":""PR-LUCY-02"",""safe_body"":""The service contract renews next month under existing terms."",""sender_domain"":""copperpaw.example"",""sender_record_id"":""PR-VICTOR-02"",""sent_at"":""2026-02-25T05:00:00Z"",""source_system_id"":""EMAIL"",""subject"":""Travel notice"",""thread_id"":""THREAD-015""}",authoring/ceo_communications.csv#COM-046,BACKGROUND,74d64e39747aca1091efa0a94b689fb961bf3ab173c24ba99825ada50839f4d9,2026.07.19.2
CEO_BARKED_TWICE,COM-047,COMMUNICATION,EMAIL,Freight exception,EMAIL,authoring/ceo_communications.csv,COM-047,2026-02-25T14:00:00Z,,,,No account change is requested; use the verified vendor master.,"{""attachment_document_ids"":"""",""communication_id"":""COM-047"",""communication_type"":""EMAIL"",""content_role"":""BACKGROUND"",""recipient_record_ids"":""PR-PENNY-02"",""safe_body"":""No account change is requested; use the verified vendor master."",""sender_domain"":""copperpaw.example"",""sender_record_id"":""PR-OWEN-02"",""sent_at"":""2026-02-25T14:00:00Z"",""source_system_id"":""EMAIL"",""subject"":""Freight exception"",""thread_id"":""THREAD-015""}",authoring/ceo_communications.csv#COM-047,BACKGROUND,dbfcffa773e985eec4532bbec1d25b7abc8b0bc8d62eef2bcff24a1741724586,2026.07.19.2
CEO_BARKED_TWICE,COM-048,COMMUNICATION,EMAIL,Vendor onboarding,EMAIL,authoring/ceo_communications.csv,COM-048,2026-02-25T23:00:00Z,,,,Security observed a login from the normal corporate network.,"{""attachment_document_ids"":"""",""communication_id"":""COM-048"",""communication_type"":""EMAIL"",""content_role"":""BACKGROUND"",""recipient_record_ids"":""PR-IDA-01"",""safe_body"":""Security observed a login from the normal corporate network."",""sender_domain"":""silvercollar.example"",""sender_record_id"":""PR-LUCY-02"",""sent_at"":""2026-02-25T23:00:00Z"",""source_system_id"":""EMAIL"",""subject"":""Vendor onboarding"",""thread_id"":""THREAD-016""}",authoring/ceo_communications.csv#COM-048,BACKGROUND,654a99e5e69beeb426f0fa355031f6bbdcbe42033598513755baee17ab5f81cd,2026.07.19.2
CEO_BARKED_TWICE,COM-049,COMMUNICATION,CHAT,Invoice status,EMAIL,authoring/ceo_communications.csv,COM-049,2026-02-26T08:00:00Z,,,,Please confirm the invoice reference and purchase order before close.,"{""attachment_document_ids"":"""",""communication_id"":""COM-049"",""communication_type"":""CHAT"",""content_role"":""BACKGROUND"",""recipient_record_ids"":""PR-OWEN-02"",""safe_body"":""Please confirm the invoice reference and purchase order before close."",""sender_domain"":""silvercollar.example"",""sender_record_id"":""PR-SOPHIE-02"",""sent_at"":""2026-02-26T08:00:00Z"",""source_system_id"":""EMAIL"",""subject"":""Invoice status"",""thread_id"":""THREAD-016""}",authoring/ceo_communications.csv#COM-049,BACKGROUND,07c7696278b0ef2c5291f087d5986458749c039faabbb095f549f62f5650f7c3,2026.07.19.2
CEO_BARKED_TWICE,COM-050,COMMUNICATION,EMAIL,Security alert,EMAIL,authoring/ceo_communications.csv,COM-050,2026-02-26T17:00:00Z,,,,Vendor onboarding is pending a verified callback.,"{""attachment_document_ids"":"""",""communication_id"":""COM-050"",""communication_type"":""EMAIL"",""content_role"":""BACKGROUND"",""recipient_record_ids"":""PR-RHEA-01"",""safe_body"":""Vendor onboarding is pending a verified callback."",""sender_domain"":""silvercollar.example"",""sender_record_id"":""PR-JUNE-01"",""sent_at"":""2026-02-26T17:00:00Z"",""source_system_id"":""EMAIL"",""subject"":""Security alert"",""thread_id"":""THREAD-016""}",authoring/ceo_communications.csv#COM-050,BACKGROUND,d88001dec997a7e768fb606ea69e9235fe93afe50ab55a5d3b80a54b75ce5e02,2026.07.19.2
CEO_BARKED_TWICE,COM-051,COMMUNICATION,EMAIL,Bank details review,EMAIL,authoring/ceo_communications.csv,COM-051,2026-02-27T02:00:00Z,,,,"Freight delay requires a revised delivery date, not new bank details.","{""attachment_document_ids"":""DOC-051"",""communication_id"":""COM-051"",""communication_type"":""EMAIL"",""content_role"":""BACKGROUND"",""recipient_record_ids"":""PR-BEA-02"",""safe_body"":""Freight delay requires a revised delivery date, not new bank details."",""sender_domain"":""silvercollar.example"",""sender_record_id"":""PR-PENNY-02"",""sent_at"":""2026-02-27T02:00:00Z"",""source_system_id"":""EMAIL"",""subject"":""Bank details review"",""thread_id"":""THREAD-017""}",authoring/ceo_communications.csv#COM-051,BACKGROUND,5cb97045a489e144c74a990815a581ee77e965f862c84da09b3aae2c7543b53b,2026.07.19.2
CEO_BARKED_TWICE,COM-052,COMMUNICATION,EMAIL,Contract renewal,EMAIL,authoring/ceo_communications.csv,COM-052,2026-02-27T11:00:00Z,,,,The executive travel calendar has been updated for the finance team.,"{""attachment_document_ids"":"""",""communication_id"":""COM-052"",""communication_type"":""EMAIL"",""content_role"":""BACKGROUND"",""recipient_record_ids"":""PR-VICTOR-02"",""safe_body"":""The executive travel calendar has been updated for the finance team."",""sender_domain"":""silvercollar.example"",""sender_record_id"":""PR-CONRAD-02"",""sent_at"":""2026-02-27T11:00:00Z"",""source_system_id"":""EMAIL"",""subject"":""Contract renewal"",""thread_id"":""THREAD-017""}",authoring/ceo_communications.csv#COM-052,BACKGROUND,7500ca386688277634916ada2b0c3a36e83b306cf38babbaa1f139eba8bb4c44,2026.07.19.2
CEO_BARKED_TWICE,COM-053,COMMUNICATION,EMAIL,Quarterly close,EMAIL,authoring/ceo_communications.csv,COM-053,2026-02-27T20:00:00Z,,,,The purchase order quantity differs from the delivery note.,"{""attachment_document_ids"":"""",""communication_id"":""COM-053"",""communication_type"":""EMAIL"",""content_role"":""BACKGROUND"",""recipient_record_ids"":""PR-SOPHIE-02"",""safe_body"":""The purchase order quantity differs from the delivery note."",""sender_domain"":""silvercollar.example"",""sender_record_id"":""PR-BEA-02"",""sent_at"":""2026-02-27T20:00:00Z"",""source_system_id"":""EMAIL"",""subject"":""Quarterly close"",""thread_id"":""THREAD-017""}",authoring/ceo_communications.csv#COM-053,BACKGROUND,59bc5fc310813c2b8386da8fbb18f41bc0b0f43213baa1bdbc92b873a474feef,2026.07.19.2
CEO_BARKED_TWICE,COM-054,COMMUNICATION,EMAIL,Shared mailbox,EMAIL,authoring/ceo_communications.csv,COM-054,2026-02-28T05:00:00Z,,,,The shipment is scheduled for the next warehouse window.,"{""attachment_document_ids"":"""",""communication_id"":""COM-054"",""communication_type"":""EMAIL"",""content_role"":""BACKGROUND"",""recipient_record_ids"":""PR-CONRAD-02"",""safe_body"":""The shipment is scheduled for the next warehouse window."",""sender_domain"":""silvercollar.example"",""sender_record_id"":""PR-IDA-01"",""sent_at"":""2026-02-28T05:00:00Z"",""source_system_id"":""EMAIL"",""subject"":""Shared mailbox"",""thread_id"":""THREAD-018""}",authoring/ceo_communications.csv#COM-054,BACKGROUND,7f791cc0d988b971c660f6a0403e38d5441d77cad102e0e1c1a11b960e1058b0,2026.07.19.2
CEO_BARKED_TWICE,COM-055,COMMUNICATION,CHAT,Payment confirmation,EMAIL,authoring/ceo_communications.csv,COM-055,2026-02-28T14:00:00Z,,,,The payment was processed to the existing approved beneficiary.,"{""attachment_document_ids"":"""",""communication_id"":""COM-055"",""communication_type"":""CHAT"",""content_role"":""BACKGROUND"",""recipient_record_ids"":""PR-RHEA-01"",""safe_body"":""The payment was processed to the existing approved beneficiary."",""sender_domain"":""silvercollar.example"",""sender_record_id"":""PR-THEO-01"",""sent_at"":""2026-02-28T14:00:00Z"",""source_system_id"":""EMAIL"",""subject"":""Payment confirmation"",""thread_id"":""THREAD-018""}",authoring/ceo_communications.csv#COM-055,BACKGROUND,a643989f9d2846e085572671fc71bf873bd95de5bb873d6cdeffad7b174fe2aa,2026.07.19.2
CEO_BARKED_TWICE,COM-056,COMMUNICATION,EMAIL,Delivery schedule,EMAIL,authoring/ceo_communications.csv,COM-056,2026-02-28T23:00:00Z,,,,This mailbox is shared for routine invoice queries only.,"{""attachment_document_ids"":"""",""communication_id"":""COM-056"",""communication_type"":""EMAIL"",""content_role"":""BACKGROUND"",""recipient_record_ids"":""PR-LUCY-02"",""safe_body"":""This mailbox is shared for routine invoice queries only."",""sender_domain"":""copperpaw.example"",""sender_record_id"":""PR-VICTOR-02"",""sent_at"":""2026-02-28T23:00:00Z"",""source_system_id"":""EMAIL"",""subject"":""Delivery schedule"",""thread_id"":""THREAD-018""}",authoring/ceo_communications.csv#COM-056,BACKGROUND,3ee4052409913b6dbc2f6305d630eefce1307b65d3416ecbbba33b3c4e141292,2026.07.19.2
CEO_BARKED_TWICE,COM-057,COMMUNICATION,EMAIL,Purchase order query,EMAIL,authoring/ceo_communications.csv,COM-057,2026-03-01T08:00:00Z,,,,Quarterly close requires all exceptions to be documented.,"{""attachment_document_ids"":"""",""communication_id"":""COM-057"",""communication_type"":""EMAIL"",""content_role"":""BACKGROUND"",""recipient_record_ids"":""PR-PENNY-02"",""safe_body"":""Quarterly close requires all exceptions to be documented."",""sender_domain"":""copperpaw.example"",""sender_record_id"":""PR-OWEN-02"",""sent_at"":""2026-03-01T08:00:00Z"",""source_system_id"":""EMAIL"",""subject"":""Purchase order query"",""thread_id"":""THREAD-019""}",authoring/ceo_communications.csv#COM-057,BACKGROUND,7c5b22707a90f4fef00456db3938b9898e5921d6a4c23164df09a249aa8b78f9,2026.07.19.2
CEO_BARKED_TWICE,COM-058,COMMUNICATION,EMAIL,Travel notice,EMAIL,authoring/ceo_communications.csv,COM-058,2026-03-01T17:00:00Z,,,,The service contract renews next month under existing terms.,"{""attachment_document_ids"":"""",""communication_id"":""COM-058"",""communication_type"":""EMAIL"",""content_role"":""BACKGROUND"",""recipient_record_ids"":""PR-IDA-01"",""safe_body"":""The service contract renews next month under existing terms."",""sender_domain"":""silvercollar.example"",""sender_record_id"":""PR-LUCY-02"",""sent_at"":""2026-03-01T17:00:00Z"",""source_system_id"":""EMAIL"",""subject"":""Travel notice"",""thread_id"":""THREAD-019""}",authoring/ceo_communications.csv#COM-058,BACKGROUND,e2ad1848919fe0ebd6bfcaa807d3c8e6d7dca35fa602d01565579fa7c006f9f1,2026.07.19.2
CEO_BARKED_TWICE,COM-059,COMMUNICATION,EMAIL,Freight exception,EMAIL,authoring/ceo_communications.csv,COM-059,2026-03-02T02:00:00Z,,,,No account change is requested; use the verified vendor master.,"{""attachment_document_ids"":"""",""communication_id"":""COM-059"",""communication_type"":""EMAIL"",""content_role"":""BACKGROUND"",""recipient_record_ids"":""PR-OWEN-02"",""safe_body"":""No account change is requested; use the verified vendor master."",""sender_domain"":""silvercollar.example"",""sender_record_id"":""PR-SOPHIE-02"",""sent_at"":""2026-03-02T02:00:00Z"",""source_system_id"":""EMAIL"",""subject"":""Freight exception"",""thread_id"":""THREAD-019""}",authoring/ceo_communications.csv#COM-059,BACKGROUND,b5e2b0ef6284a722d07b6f4a89ae2a07683718d640ee751029c179654c110c83,2026.07.19.2
CEO_BARKED_TWICE,COM-060,COMMUNICATION,EMAIL,Vendor onboarding,EMAIL,authoring/ceo_communications.csv,COM-060,2026-03-02T11:00:00Z,,,,Security observed a login from the normal corporate network.,"{""attachment_document_ids"":"""",""communication_id"":""COM-060"",""communication_type"":""EMAIL"",""content_role"":""BACKGROUND"",""recipient_record_ids"":""PR-RHEA-01"",""safe_body"":""Security observed a login from the normal corporate network."",""sender_domain"":""silvercollar.example"",""sender_record_id"":""PR-JUNE-01"",""sent_at"":""2026-03-02T11:00:00Z"",""source_system_id"":""EMAIL"",""subject"":""Vendor onboarding"",""thread_id"":""THREAD-020""}",authoring/ceo_communications.csv#COM-060,BACKGROUND,c1106e952e6ac980d467d8cff9677e17f1daa98e7d3ee3f0242ea2c2802d6087,2026.07.19.2
CEO_BARKED_TWICE,COM-061,COMMUNICATION,CHAT,Invoice status,EMAIL,authoring/ceo_communications.csv,COM-061,2026-03-02T20:00:00Z,,,,Please confirm the invoice reference and purchase order before close.,"{""attachment_document_ids"":""DOC-061"",""communication_id"":""COM-061"",""communication_type"":""CHAT"",""content_role"":""BACKGROUND"",""recipient_record_ids"":""PR-BEA-02"",""safe_body"":""Please confirm the invoice reference and purchase order before close."",""sender_domain"":""silvercollar.example"",""sender_record_id"":""PR-PENNY-02"",""sent_at"":""2026-03-02T20:00:00Z"",""source_system_id"":""EMAIL"",""subject"":""Invoice status"",""thread_id"":""THREAD-020""}",authoring/ceo_communications.csv#COM-061,BACKGROUND,5504b6ce2979baeec6da5c9cf1d2393bb98a5e3d2609d79096cdca7b012dcf69,2026.07.19.2
CEO_BARKED_TWICE,COM-062,COMMUNICATION,EMAIL,Security alert,EMAIL,authoring/ceo_communications.csv,COM-062,2026-03-03T05:00:00Z,,,,Vendor onboarding is pending a verified callback.,"{""attachment_document_ids"":"""",""communication_id"":""COM-062"",""communication_type"":""EMAIL"",""content_role"":""BACKGROUND"",""recipient_record_ids"":""PR-VICTOR-02"",""safe_body"":""Vendor onboarding is pending a verified callback."",""sender_domain"":""silvercollar.example"",""sender_record_id"":""PR-CONRAD-02"",""sent_at"":""2026-03-03T05:00:00Z"",""source_system_id"":""EMAIL"",""subject"":""Security alert"",""thread_id"":""THREAD-020""}",authoring/ceo_communications.csv#COM-062,BACKGROUND,9abf8aa68f8cdb1153ccc2104dec52e5a3dcfbba44127bb3c4d1fc7cf0e05677,2026.07.19.2
CEO_BARKED_TWICE,COM-063,COMMUNICATION,EMAIL,Bank details review,EMAIL,authoring/ceo_communications.csv,COM-063,2026-03-03T14:00:00Z,,,,"Freight delay requires a revised delivery date, not new bank details.","{""attachment_document_ids"":"""",""communication_id"":""COM-063"",""communication_type"":""EMAIL"",""content_role"":""BACKGROUND"",""recipient_record_ids"":""PR-SOPHIE-02"",""safe_body"":""Freight delay requires a revised delivery date, not new bank details."",""sender_domain"":""silvercollar.example"",""sender_record_id"":""PR-BEA-02"",""sent_at"":""2026-03-03T14:00:00Z"",""source_system_id"":""EMAIL"",""subject"":""Bank details review"",""thread_id"":""THREAD-021""}",authoring/ceo_communications.csv#COM-063,BACKGROUND,b391bd4dca2ef4e08ae0eadd2a596eafbeb7ff07164c07ee36e94bda4dac3c9a,2026.07.19.2
CEO_BARKED_TWICE,COM-064,COMMUNICATION,EMAIL,Contract renewal,EMAIL,authoring/ceo_communications.csv,COM-064,2026-03-03T23:00:00Z,,,,The executive travel calendar has been updated for the finance team.,"{""attachment_document_ids"":"""",""communication_id"":""COM-064"",""communication_type"":""EMAIL"",""content_role"":""BACKGROUND"",""recipient_record_ids"":""PR-CONRAD-02"",""safe_body"":""The executive travel calendar has been updated for the finance team."",""sender_domain"":""silvercollar.example"",""sender_record_id"":""PR-IDA-01"",""sent_at"":""2026-03-03T23:00:00Z"",""source_system_id"":""EMAIL"",""subject"":""Contract renewal"",""thread_id"":""THREAD-021""}",authoring/ceo_communications.csv#COM-064,BACKGROUND,97015b81c5249db376cfc313e0887a2f20451536c8ffb77d4774971ae7fea5cc,2026.07.19.2
CEO_BARKED_TWICE,COM-065,COMMUNICATION,EMAIL,Quarterly close,EMAIL,authoring/ceo_communications.csv,COM-065,2026-03-04T08:00:00Z,,,,The purchase order quantity differs from the delivery note.,"{""attachment_document_ids"":"""",""communication_id"":""COM-065"",""communication_type"":""EMAIL"",""content_role"":""BACKGROUND"",""recipient_record_ids"":""PR-RHEA-01"",""safe_body"":""The purchase order quantity differs from the delivery note."",""sender_domain"":""silvercollar.example"",""sender_record_id"":""PR-THEO-01"",""sent_at"":""2026-03-04T08:00:00Z"",""source_system_id"":""EMAIL"",""subject"":""Quarterly close"",""thread_id"":""THREAD-021""}",authoring/ceo_communications.csv#COM-065,BACKGROUND,6601e0759ddc4b02462bb3bd7a9885d9dc30682ce91ded767b239691870f0f82,2026.07.19.2
CEO_BARKED_TWICE,COM-066,COMMUNICATION,EMAIL,Shared mailbox,EMAIL,authoring/ceo_communications.csv,COM-066,2026-03-04T17:00:00Z,,,,The shipment is scheduled for the next warehouse window.,"{""attachment_document_ids"":"""",""communication_id"":""COM-066"",""communication_type"":""EMAIL"",""content_role"":""BACKGROUND"",""recipient_record_ids"":""PR-LUCY-02"",""safe_body"":""The shipment is scheduled for the next warehouse window."",""sender_domain"":""copperpaw.example"",""sender_record_id"":""PR-VICTOR-02"",""sent_at"":""2026-03-04T17:00:00Z"",""source_system_id"":""EMAIL"",""subject"":""Shared mailbox"",""thread_id"":""THREAD-022""}",authoring/ceo_communications.csv#COM-066,BACKGROUND,7f04047c5937d0eefd58abd404b13e322c6962cbb3d6facfc5118b0abedbac55,2026.07.19.2
CEO_BARKED_TWICE,COM-067,COMMUNICATION,CHAT,Payment confirmation,EMAIL,authoring/ceo_communications.csv,COM-067,2026-03-05T02:00:00Z,,,,The payment was processed to the existing approved beneficiary.,"{""attachment_document_ids"":"""",""communication_id"":""COM-067"",""communication_type"":""CHAT"",""content_role"":""BACKGROUND"",""recipient_record_ids"":""PR-PENNY-02"",""safe_body"":""The payment was processed to the existing approved beneficiary."",""sender_domain"":""copperpaw.example"",""sender_record_id"":""PR-OWEN-02"",""sent_at"":""2026-03-05T02:00:00Z"",""source_system_id"":""EMAIL"",""subject"":""Payment confirmation"",""thread_id"":""THREAD-022""}",authoring/ceo_communications.csv#COM-067,BACKGROUND,0c9bc2db4f657ff813aae9daa56c6934affd827179213a3d64a1648ae27604ac,2026.07.19.2
CEO_BARKED_TWICE,COM-068,COMMUNICATION,EMAIL,Delivery schedule,EMAIL,authoring/ceo_communications.csv,COM-068,2026-03-05T11:00:00Z,,,,This mailbox is shared for routine invoice queries only.,"{""attachment_document_ids"":"""",""communication_id"":""COM-068"",""communication_type"":""EMAIL"",""content_role"":""BACKGROUND"",""recipient_record_ids"":""PR-IDA-01"",""safe_body"":""This mailbox is shared for routine invoice queries only."",""sender_domain"":""silvercollar.example"",""sender_record_id"":""PR-LUCY-02"",""sent_at"":""2026-03-05T11:00:00Z"",""source_system_id"":""EMAIL"",""subject"":""Delivery schedule"",""thread_id"":""THREAD-022""}",authoring/ceo_communications.csv#COM-068,BACKGROUND,0547c8a2c834de9ed8acdc046f2e20037fdac7f1ae2ae83aed51f839ff1afaf4,2026.07.19.2
CEO_BARKED_TWICE,COM-069,COMMUNICATION,EMAIL,Purchase order query,EMAIL,authoring/ceo_communications.csv,COM-069,2026-03-05T20:00:00Z,,,,Quarterly close requires all exceptions to be documented.,"{""attachment_document_ids"":"""",""communication_id"":""COM-069"",""communication_type"":""EMAIL"",""content_role"":""BACKGROUND"",""recipient_record_ids"":""PR-OWEN-02"",""safe_body"":""Quarterly close requires all exceptions to be documented."",""sender_domain"":""silvercollar.example"",""sender_record_id"":""PR-SOPHIE-02"",""sent_at"":""2026-03-05T20:00:00Z"",""source_system_id"":""EMAIL"",""subject"":""Purchase order query"",""thread_id"":""THREAD-023""}",authoring/ceo_communications.csv#COM-069,BACKGROUND,a6a1f0a09664459a10418fb6cda51a3a005b17c88b8737b34d36da12bc831076,2026.07.19.2
CEO_BARKED_TWICE,COM-070,COMMUNICATION,EMAIL,Travel notice,EMAIL,authoring/ceo_communications.csv,COM-070,2026-03-06T05:00:00Z,,,,The service contract renews next month under existing terms.,"{""attachment_document_ids"":"""",""communication_id"":""COM-070"",""communication_type"":""EMAIL"",""content_role"":""BACKGROUND"",""recipient_record_ids"":""PR-RHEA-01"",""safe_body"":""The service contract renews next month under existing terms."",""sender_domain"":""silvercollar.example"",""sender_record_id"":""PR-JUNE-01"",""sent_at"":""2026-03-06T05:00:00Z"",""source_system_id"":""EMAIL"",""subject"":""Travel notice"",""thread_id"":""THREAD-023""}",authoring/ceo_communications.csv#COM-070,BACKGROUND,5ed8b7cf2465aa3b70cc7cabb65564b93aa661ed11895fc020adbeedb62f9432,2026.07.19.2
CEO_BARKED_TWICE,COM-071,COMMUNICATION,EMAIL,Freight exception,EMAIL,authoring/ceo_communications.csv,COM-071,2026-03-06T14:00:00Z,,,,No account change is requested; use the verified vendor master.,"{""attachment_document_ids"":""DOC-071"",""communication_id"":""COM-071"",""communication_type"":""EMAIL"",""content_role"":""BACKGROUND"",""recipient_record_ids"":""PR-BEA-02"",""safe_body"":""No account change is requested; use the verified vendor master."",""sender_domain"":""silvercollar.example"",""sender_record_id"":""PR-PENNY-02"",""sent_at"":""2026-03-06T14:00:00Z"",""source_system_id"":""EMAIL"",""subject"":""Freight exception"",""thread_id"":""THREAD-023""}",authoring/ceo_communications.csv#COM-071,BACKGROUND,ae656b24b57994cdab36eb6fcd54476e6a86f7ca4207244e8bfecc97c4a2bc1c,2026.07.19.2
CEO_BARKED_TWICE,COM-072,COMMUNICATION,EMAIL,Vendor onboarding,EMAIL,authoring/ceo_communications.csv,COM-072,2026-03-06T23:00:00Z,,,,Security observed a login from the normal corporate network.,"{""attachment_document_ids"":"""",""communication_id"":""COM-072"",""communication_type"":""EMAIL"",""content_role"":""BACKGROUND"",""recipient_record_ids"":""PR-VICTOR-02"",""safe_body"":""Security observed a login from the normal corporate network."",""sender_domain"":""silvercollar.example"",""sender_record_id"":""PR-CONRAD-02"",""sent_at"":""2026-03-06T23:00:00Z"",""source_system_id"":""EMAIL"",""subject"":""Vendor onboarding"",""thread_id"":""THREAD-024""}",authoring/ceo_communications.csv#COM-072,BACKGROUND,96a2078870d178ff88a5fc585a3fc836b335d084a7f70725e9319223def730b9,2026.07.19.2
CEO_BARKED_TWICE,COM-073,COMMUNICATION,CHAT,Invoice status,EMAIL,authoring/ceo_communications.csv,COM-073,2026-03-07T08:00:00Z,,,,Please confirm the invoice reference and purchase order before close.,"{""attachment_document_ids"":"""",""communication_id"":""COM-073"",""communication_type"":""CHAT"",""content_role"":""BACKGROUND"",""recipient_record_ids"":""PR-SOPHIE-02"",""safe_body"":""Please confirm the invoice reference and purchase order before close."",""sender_domain"":""silvercollar.example"",""sender_record_id"":""PR-BEA-02"",""sent_at"":""2026-03-07T08:00:00Z"",""source_system_id"":""EMAIL"",""subject"":""Invoice status"",""thread_id"":""THREAD-024""}",authoring/ceo_communications.csv#COM-073,BACKGROUND,8400ee8f2a1581ae6497584a31dd679983229ccd3c76fb0bde35f0d7c6e5bf5a,2026.07.19.2
CEO_BARKED_TWICE,COM-074,COMMUNICATION,EMAIL,Security alert,EMAIL,authoring/ceo_communications.csv,COM-074,2026-03-07T17:00:00Z,,,,Vendor onboarding is pending a verified callback.,"{""attachment_document_ids"":"""",""communication_id"":""COM-074"",""communication_type"":""EMAIL"",""content_role"":""BACKGROUND"",""recipient_record_ids"":""PR-CONRAD-02"",""safe_body"":""Vendor onboarding is pending a verified callback."",""sender_domain"":""silvercollar.example"",""sender_record_id"":""PR-IDA-01"",""sent_at"":""2026-03-07T17:00:00Z"",""source_system_id"":""EMAIL"",""subject"":""Security alert"",""thread_id"":""THREAD-024""}",authoring/ceo_communications.csv#COM-074,BACKGROUND,36ae9412a10e87a240aba9b4247d756c549d4493ed2a2c3fcb2af9ef7c82da62,2026.07.19.2
CEO_BARKED_TWICE,COM-075,COMMUNICATION,EMAIL,Bank details review,EMAIL,authoring/ceo_communications.csv,COM-075,2026-03-08T02:00:00Z,,,,"Freight delay requires a revised delivery date, not new bank details.","{""attachment_document_ids"":"""",""communication_id"":""COM-075"",""communication_type"":""EMAIL"",""content_role"":""BACKGROUND"",""recipient_record_ids"":""PR-RHEA-01"",""safe_body"":""Freight delay requires a revised delivery date, not new bank details."",""sender_domain"":""silvercollar.example"",""sender_record_id"":""PR-THEO-01"",""sent_at"":""2026-03-08T02:00:00Z"",""source_system_id"":""EMAIL"",""subject"":""Bank details review"",""thread_id"":""THREAD-025""}",authoring/ceo_communications.csv#COM-075,BACKGROUND,ddea1282842f58e35ed793d423fc55e07c6650b1c902404793bad1254442abb2,2026.07.19.2
CEO_BARKED_TWICE,DEV-PENNY-AP,DEVICE,,Penny accounts-payable workstation,AUTHORING,authoring/ceo_devices.csv,DEV-PENNY-AP,,,,,Penny accounts-payable workstation,"{""content_role"":""CORE_EVIDENCE"",""description"":""Penny accounts-payable workstation"",""device_fingerprint"":""dev-ap-71c2"",""device_id"":""DEV-PENNY-AP""}",authoring/ceo_devices.csv#DEV-PENNY-AP,CORE_EVIDENCE,ec5ec86e2bfd9524ad932a7c3218d53364e823993a214b4245719122404e786a,2026.07.19.2
CEO_BARKED_TWICE,DEV-ATTACK-9F2A,DEVICE,,attacker-controlled browser profile,AUTHORING,authoring/ceo_devices.csv,DEV-ATTACK-9F2A,,,,,attacker-controlled browser profile,"{""content_role"":""CORE_EVIDENCE"",""description"":""attacker-controlled browser profile"",""device_fingerprint"":""dev-9f2a"",""device_id"":""DEV-ATTACK-9F2A""}",authoring/ceo_devices.csv#DEV-ATTACK-9F2A,CORE_EVIDENCE,25dbc4587ee520438964db195cf03571019274bce7c01477e2032d08b1bcd7be,2026.07.19.2
CEO_BARKED_TWICE,DEV-BEA-PHONE,DEVICE,,Bea corporate phone,AUTHORING,authoring/ceo_devices.csv,DEV-BEA-PHONE,,,,,Bea corporate phone,"{""content_role"":""EXCULPATORY_EVIDENCE"",""description"":""Bea corporate phone"",""device_fingerprint"":""dev-bea-phone"",""device_id"":""DEV-BEA-PHONE""}",authoring/ceo_devices.csv#DEV-BEA-PHONE,EXCULPATORY_EVIDENCE,d2e4f9b607dfdc9a268d33128a3145529426a8a75b1e80de15fe2908497fb83a,2026.07.19.2
CEO_BARKED_TWICE,DEV-CONRAD-LAP,DEVICE,,Conrad corporate laptop,AUTHORING,authoring/ceo_devices.csv,DEV-CONRAD-LAP,,,,,Conrad corporate laptop,"{""content_role"":""BACKGROUND"",""description"":""Conrad corporate laptop"",""device_fingerprint"":""dev-conrad-lap"",""device_id"":""DEV-CONRAD-LAP""}",authoring/ceo_devices.csv#DEV-CONRAD-LAP,BACKGROUND,cd3a133d930810a3d59f889bb22383236194def538a6f07a404077e608d6227c,2026.07.19.2
CEO_BARKED_TWICE,DEV-THEO-SEC,DEVICE,,Theo security console,AUTHORING,authoring/ceo_devices.csv,DEV-THEO-SEC,,,,,Theo security console,"{""content_role"":""BACKGROUND"",""description"":""Theo security console"",""device_fingerprint"":""dev-theo-sec"",""device_id"":""DEV-THEO-SEC""}",authoring/ceo_devices.csv#DEV-THEO-SEC,BACKGROUND,e7e0d65cb2d0f215f00c5bb8ac548f262c29cde0df146b48a9701f541984393a,2026.07.19.2
CEO_BARKED_TWICE,DEV-VICTOR-LAP,DEVICE,,Victor vendor laptop,AUTHORING,authoring/ceo_devices.csv,DEV-VICTOR-LAP,,,,,Victor vendor laptop,"{""content_role"":""EXCULPATORY_EVIDENCE"",""description"":""Victor vendor laptop"",""device_fingerprint"":""dev-victor-lap"",""device_id"":""DEV-VICTOR-LAP""}",authoring/ceo_devices.csv#DEV-VICTOR-LAP,EXCULPATORY_EVIDENCE,9a25ecf01c852a44c9bdd7edf2ca9bed22f8355cdd59e6df9849ff0efedbfcf7,2026.07.19.2
CEO_BARKED_TWICE,DEV-ROWAN-P1,DEVICE,,Rowan personal device,AUTHORING,authoring/ceo_devices.csv,DEV-ROWAN-P1,,,,,Rowan personal device,"{""content_role"":""CORE_EVIDENCE"",""description"":""Rowan personal device"",""device_fingerprint"":""dev-rowan-p1"",""device_id"":""DEV-ROWAN-P1""}",authoring/ceo_devices.csv#DEV-ROWAN-P1,CORE_EVIDENCE,73ebe7d511834150e53120a605e71f0f8686c7ca49dc83f56a3937a1b7d5b38f,2026.07.19.2
CEO_BARKED_TWICE,DEV-IVY-P1,DEVICE,,Ivy personal device,AUTHORING,authoring/ceo_devices.csv,DEV-IVY-P1,,,,,Ivy personal device,"{""content_role"":""CORE_EVIDENCE"",""description"":""Ivy personal device"",""device_fingerprint"":""dev-ivy-p1"",""device_id"":""DEV-IVY-P1""}",authoring/ceo_devices.csv#DEV-IVY-P1,CORE_EVIDENCE,33a4768d6418a5c8d30a4a74b55dffcccf9b733f79e42447451a52100cd7df5f,2026.07.19.2
CEO_BARKED_TWICE,DEV-GRANT-P1,DEVICE,,Grant personal device,AUTHORING,authoring/ceo_devices.csv,DEV-GRANT-P1,,,,,Grant personal device,"{""content_role"":""CORE_EVIDENCE"",""description"":""Grant personal device"",""device_fingerprint"":""dev-grant-p1"",""device_id"":""DEV-GRANT-P1""}",authoring/ceo_devices.csv#DEV-GRANT-P1,CORE_EVIDENCE,0de4d7e03fa0e249df746ea95e78802bc4b60952b2f9c18b1fc45b0e41c2a230,2026.07.19.2
CEO_BARKED_TWICE,DOC-001,DOCUMENT,PAYMENT_CONTROL_POLICY,Vendor Bank Change and Callback Policy,DOCUMENT_REPOSITORY,authoring/ceo_documents.csv,DOC-001,2025-01-15,,,,Vendor Bank Change and Callback Policy,"{""content_role"":""CORE_EVIDENCE"",""document_hash"":""POLICY-HASH-001"",""document_id"":""DOC-001"",""document_type"":""PAYMENT_CONTROL_POLICY"",""extracted_beneficiary_account"":"""",""extracted_invoice_number"":"""",""extracted_support_phone"":"""",""issued_at"":""2025-01-15"",""issuer_record_id"":""OR-SCC-01"",""related_invoice_id"":"""",""related_record_ids"":"""",""signer_record_id"":""PR-CONRAD-01"",""source_system_id"":""DOCUMENT_REPOSITORY"",""template_id"":"""",""title"":""Vendor Bank Change and Callback Policy""}",authoring/ceo_documents.csv#DOC-001,CORE_EVIDENCE,bfa0ff6e3c6194537a3b9da6b6b4662be6b9dff9270c38684a9758f7f9f72b5c,2026.07.19.2
CEO_BARKED_TWICE,DOC-002,DOCUMENT,EXECUTIVE_TRAVEL_NOTICE,CEO Travel Itinerary,DOCUMENT_REPOSITORY,authoring/ceo_documents.csv,DOC-002,2026-02-08,,,,CEO Travel Itinerary,"{""content_role"":""EXCULPATORY_EVIDENCE"",""document_hash"":""TRAVEL-HASH-001"",""document_id"":""DOC-002"",""document_type"":""EXECUTIVE_TRAVEL_NOTICE"",""extracted_beneficiary_account"":"""",""extracted_invoice_number"":"""",""extracted_support_phone"":"""",""issued_at"":""2026-02-08"",""issuer_record_id"":""OR-SCC-01"",""related_invoice_id"":"""",""related_record_ids"":"""",""signer_record_id"":""PR-BEA-01"",""source_system_id"":""DOCUMENT_REPOSITORY"",""template_id"":"""",""title"":""CEO Travel Itinerary""}",authoring/ceo_documents.csv#DOC-002,EXCULPATORY_EVIDENCE,38bf5d78c76948d39bc6dd206fcee0021dd8ba1ad455f7289bc31812256ab953,2026.07.19.2
CEO_BARKED_TWICE,DOC-003,DOCUMENT,DOMAIN_REGISTRATION_EXPORT,Lookalike Domain Registration Export,DOCUMENT_REPOSITORY,authoring/ceo_documents.csv,DOC-003,2026-02-11,,,,Lookalike Domain Registration Export,"{""content_role"":""CORE_EVIDENCE"",""document_hash"":""REG-HASH-001"",""document_id"":""DOC-003"",""document_type"":""DOMAIN_REGISTRATION_EXPORT"",""extracted_beneficiary_account"":"""",""extracted_invoice_number"":"""",""extracted_support_phone"":"""",""issued_at"":""2026-02-11"",""issuer_record_id"":""OR-REGISTRY-01"",""related_invoice_id"":"""",""related_record_ids"":""DOM-SCC-TYPO;DOM-COPPER-TYPO"",""signer_record_id"":""PR-THEO-01"",""source_system_id"":""DOCUMENT_REPOSITORY"",""template_id"":"""",""title"":""Lookalike Domain Registration Export""}",authoring/ceo_documents.csv#DOC-003,CORE_EVIDENCE,da7c0b43ae632c666f4dac6b84268575deebd0e8c2a778a5aff5454306410b75,2026.07.19.2
CEO_BARKED_TWICE,DOC-004,DOCUMENT,MAILBOX_RULE_EXPORT,Penny Mailbox Rule Export,DOCUMENT_REPOSITORY,authoring/ceo_documents.csv,DOC-004,2026-02-11,,,,Penny Mailbox Rule Export,"{""content_role"":""CORE_EVIDENCE"",""document_hash"":""MAIL-HASH-001"",""document_id"":""DOC-004"",""document_type"":""MAILBOX_RULE_EXPORT"",""extracted_beneficiary_account"":"""",""extracted_invoice_number"":"""",""extracted_support_phone"":"""",""issued_at"":""2026-02-11"",""issuer_record_id"":""OR-CLOUDMAIL-01"",""related_invoice_id"":"""",""related_record_ids"":""MR-001;MR-002"",""signer_record_id"":""PR-THEO-01"",""source_system_id"":""DOCUMENT_REPOSITORY"",""template_id"":"""",""title"":""Penny Mailbox Rule Export""}",authoring/ceo_documents.csv#DOC-004,CORE_EVIDENCE,a4c775c2efc8edd81e40bd422ca6e10c3bb7c8b5a95e8b7a5a8360e946e1f3cc,2026.07.19.2
CEO_BARKED_TWICE,DOC-005,DOCUMENT,BANK_PAYMENT_ADVICE,Payment Advice CPI-1048,DOCUMENT_REPOSITORY,authoring/ceo_documents.csv,DOC-005,2026-02-10,,,,Payment Advice CPI-1048,"{""content_role"":""CORE_EVIDENCE"",""document_hash"":""BANK-HASH-1048"",""document_id"":""DOC-005"",""document_type"":""BANK_PAYMENT_ADVICE"",""extracted_beneficiary_account"":"""",""extracted_invoice_number"":"""",""extracted_support_phone"":"""",""issued_at"":""2026-02-10"",""issuer_record_id"":""OR-LANTERNBANK-01"",""related_invoice_id"":""INV-COPPER-1048-F"",""related_record_ids"":""TX-FRAUD-001"",""signer_record_id"":""PR-MABEL-01"",""source_system_id"":""DOCUMENT_REPOSITORY"",""template_id"":"""",""title"":""Payment Advice CPI-1048""}",authoring/ceo_documents.csv#DOC-005,CORE_EVIDENCE,a890f5c6fb649de87605e6c327ce4f16e5055aa9690f092c647a08afe9046413,2026.07.19.2
CEO_BARKED_TWICE,DOC-006,DOCUMENT,BANK_KYC,Beneficiary KYC Nightjar 8842,DOCUMENT_REPOSITORY,authoring/ceo_documents.csv,DOC-006,2026-02-11,,,,Beneficiary KYC Nightjar 8842,"{""content_role"":""CORE_EVIDENCE"",""document_hash"":""KYC-HASH-8842"",""document_id"":""DOC-006"",""document_type"":""BANK_KYC"",""extracted_beneficiary_account"":"""",""extracted_invoice_number"":"""",""extracted_support_phone"":"""",""issued_at"":""2026-02-11"",""issuer_record_id"":""OR-PAYMENTS-01"",""related_invoice_id"":"""",""related_record_ids"":""A-NIGHTJAR-8842"",""signer_record_id"":""PR-MABEL-01"",""source_system_id"":""DOCUMENT_REPOSITORY"",""template_id"":"""",""title"":""Beneficiary KYC Nightjar 8842""}",authoring/ceo_documents.csv#DOC-006,CORE_EVIDENCE,edbf276fe8a3d64149117bf9448212935337024c9442dfb876ed28951be51e6b,2026.07.19.2
CEO_BARKED_TWICE,DOC-007,DOCUMENT,BANK_KYC,Account KYC Grant 7726,DOCUMENT_REPOSITORY,authoring/ceo_documents.csv,DOC-007,2026-02-11,,,,Account KYC Grant 7726,"{""content_role"":""CORE_EVIDENCE"",""document_hash"":""KYC-HASH-7726"",""document_id"":""DOC-007"",""document_type"":""BANK_KYC"",""extracted_beneficiary_account"":"""",""extracted_invoice_number"":"""",""extracted_support_phone"":"""",""issued_at"":""2026-02-11"",""issuer_record_id"":""OR-LANTERNBANK-01"",""related_invoice_id"":"""",""related_record_ids"":""A-GRANT-7726"",""signer_record_id"":""PR-MABEL-01"",""source_system_id"":""DOCUMENT_REPOSITORY"",""template_id"":"""",""title"":""Account KYC Grant 7726""}",authoring/ceo_documents.csv#DOC-007,CORE_EVIDENCE,7ad4b3da9e1f560c1ef5dd272194afc98fda0e8d73e8a38072b6c677ab665bf0,2026.07.19.2
CEO_BARKED_TWICE,DOC-008,DOCUMENT,INCIDENT_STATEMENT,Bea Barkley Incident Statement,DOCUMENT_REPOSITORY,authoring/ceo_documents.csv,DOC-008,2026-02-12,,,,Bea Barkley Incident Statement,"{""content_role"":""EXCULPATORY_EVIDENCE"",""document_hash"":""STATEMENT-HASH-BEA"",""document_id"":""DOC-008"",""document_type"":""INCIDENT_STATEMENT"",""extracted_beneficiary_account"":"""",""extracted_invoice_number"":"""",""extracted_support_phone"":"""",""issued_at"":""2026-02-12"",""issuer_record_id"":""OR-SCC-01"",""related_invoice_id"":"""",""related_record_ids"":""INC-001"",""signer_record_id"":""PR-BEA-01"",""source_system_id"":""DOCUMENT_REPOSITORY"",""template_id"":"""",""title"":""Bea Barkley Incident Statement""}",authoring/ceo_documents.csv#DOC-008,EXCULPATORY_EVIDENCE,a52b984e7c9ca3f901c4b29ec691c5a178c44c668c87b7723524c964856fd5bb,2026.07.19.2
CEO_BARKED_TWICE,DOC-009,DOCUMENT,INCIDENT_STATEMENT,Penny Pug Incident Statement,DOCUMENT_REPOSITORY,authoring/ceo_documents.csv,DOC-009,2026-02-12,,,,Penny Pug Incident Statement,"{""content_role"":""EXCULPATORY_EVIDENCE"",""document_hash"":""STATEMENT-HASH-PENNY"",""document_id"":""DOC-009"",""document_type"":""INCIDENT_STATEMENT"",""extracted_beneficiary_account"":"""",""extracted_invoice_number"":"""",""extracted_support_phone"":"""",""issued_at"":""2026-02-12"",""issuer_record_id"":""OR-SCC-01"",""related_invoice_id"":"""",""related_record_ids"":""INC-002"",""signer_record_id"":""PR-PENNY-01"",""source_system_id"":""DOCUMENT_REPOSITORY"",""template_id"":"""",""title"":""Penny Pug Incident Statement""}",authoring/ceo_documents.csv#DOC-009,EXCULPATORY_EVIDENCE,6976bade58518315ffd755a19cd47ffda67ebbb3a197f284b705e07c5da97dc3,2026.07.19.2
CEO_BARKED_TWICE,DOC-010,DOCUMENT,INCIDENT_STATEMENT,Copper Paw Vendor Statement,DOCUMENT_REPOSITORY,authoring/ceo_documents.csv,DOC-010,2026-02-12,,,,Copper Paw Vendor Statement,"{""content_role"":""EXCULPATORY_EVIDENCE"",""document_hash"":""STATEMENT-HASH-COPPER"",""document_id"":""DOC-010"",""document_type"":""INCIDENT_STATEMENT"",""extracted_beneficiary_account"":"""",""extracted_invoice_number"":"""",""extracted_support_phone"":"""",""issued_at"":""2026-02-12"",""issuer_record_id"":""OR-COPPER-01"",""related_invoice_id"":"""",""related_record_ids"":""INC-003"",""signer_record_id"":""PR-OWEN-01"",""source_system_id"":""DOCUMENT_REPOSITORY"",""template_id"":"""",""title"":""Copper Paw Vendor Statement""}",authoring/ceo_documents.csv#DOC-010,EXCULPATORY_EVIDENCE,f2e5ebb513c9252afb61000fa3a58ff3f100103f66564beebd30be927662ff83,2026.07.19.2
CEO_BARKED_TWICE,DOC-011,DOCUMENT,INVOICE_ATTACHMENT,Forged invoice CPI-1048,DOCUMENT_REPOSITORY,authoring/ceo_documents.csv,DOC-011,2026-02-10,,,,Forged invoice CPI-1048,"{""content_role"":""CORE_EVIDENCE"",""document_hash"":""HASH-COPPER-1048-F"",""document_id"":""DOC-011"",""document_type"":""INVOICE_ATTACHMENT"",""extracted_beneficiary_account"":""••••8842"",""extracted_invoice_number"":""CPI-1048"",""extracted_support_phone"":""+1-555-0501"",""issued_at"":""2026-02-10"",""issuer_record_id"":""OR-NIGHTJAR-01"",""related_invoice_id"":""INV-COPPER-1048-F"",""related_record_ids"":""INV-COPPER-1048-F"",""signer_record_id"":""PR-IVY-01"",""source_system_id"":""DOCUMENT_REPOSITORY"",""template_id"":""tmpl-copper-forged-v1"",""title"":""Forged invoice CPI-1048""}",authoring/ceo_documents.csv#DOC-011,CORE_EVIDENCE,f5f7eb77271aea9595f05a41adb8f9785fc6caf414ca8b684774e4211474abdd,2026.07.19.2
CEO_BARKED_TWICE,DOC-012,DOCUMENT,INVOICE_ATTACHMENT,Forged invoice CPI-1059,DOCUMENT_REPOSITORY,authoring/ceo_documents.csv,DOC-012,2026-02-18,,,,Forged invoice CPI-1059,"{""content_role"":""CORE_EVIDENCE"",""document_hash"":""HASH-COPPER-1059-F"",""document_id"":""DOC-012"",""document_type"":""INVOICE_ATTACHMENT"",""extracted_beneficiary_account"":""••••8842"",""extracted_invoice_number"":""CPI-1059"",""extracted_support_phone"":""+1-555-0501"",""issued_at"":""2026-02-18"",""issuer_record_id"":""OR-NIGHTJAR-01"",""related_invoice_id"":""INV-COPPER-1059-F"",""related_record_ids"":""INV-COPPER-1059-F"",""signer_record_id"":""PR-IVY-01"",""source_system_id"":""DOCUMENT_REPOSITORY"",""template_id"":""tmpl-copper-forged-v1"",""title"":""Forged invoice CPI-1059""}",authoring/ceo_documents.csv#DOC-012,CORE_EVIDENCE,81d081302f98229eb0ce05a5dc0b87ef22d975c5c454a68a34bf4261ae5a7095,2026.07.19.2
CEO_BARKED_TWICE,DOC-013,DOCUMENT,INVOICE_ATTACHMENT,Genuine invoice CPI-1048,DOCUMENT_REPOSITORY,authoring/ceo_documents.csv,DOC-013,2026-02-10,,,,Genuine invoice CPI-1048,"{""content_role"":""CORE_EVIDENCE"",""document_hash"":""HASH-COPPER-1048-G"",""document_id"":""DOC-013"",""document_type"":""INVOICE_ATTACHMENT"",""extracted_beneficiary_account"":""••••2207"",""extracted_invoice_number"":""CPI-1048"",""extracted_support_phone"":""+1-555-0501"",""issued_at"":""2026-02-10"",""issuer_record_id"":""OR-COPPER-01"",""related_invoice_id"":""INV-COPPER-1048-G"",""related_record_ids"":""INV-COPPER-1048-G"",""signer_record_id"":""PR-VICTOR-01"",""source_system_id"":""DOCUMENT_REPOSITORY"",""template_id"":""tmpl-copper-genuine-v4"",""title"":""Genuine invoice CPI-1048""}",authoring/ceo_documents.csv#DOC-013,CORE_EVIDENCE,e9c8f7ae463c6ed289030fd777cc1180441eb86c647038b1f76fce08e95eb4ae,2026.07.19.2
CEO_BARKED_TWICE,DOC-014,DOCUMENT,INVOICE_ATTACHMENT,Genuine invoice CPI-1059,DOCUMENT_REPOSITORY,authoring/ceo_documents.csv,DOC-014,2026-02-18,,,,Genuine invoice CPI-1059,"{""content_role"":""CORE_EVIDENCE"",""document_hash"":""HASH-COPPER-1059-G"",""document_id"":""DOC-014"",""document_type"":""INVOICE_ATTACHMENT"",""extracted_beneficiary_account"":""••••2207"",""extracted_invoice_number"":""CPI-1059"",""extracted_support_phone"":""+1-555-0501"",""issued_at"":""2026-02-18"",""issuer_record_id"":""OR-COPPER-01"",""related_invoice_id"":""INV-COPPER-1059-G"",""related_record_ids"":""INV-COPPER-1059-G"",""signer_record_id"":""PR-VICTOR-01"",""source_system_id"":""DOCUMENT_REPOSITORY"",""template_id"":""tmpl-copper-genuine-v4"",""title"":""Genuine invoice CPI-1059""}",authoring/ceo_documents.csv#DOC-014,CORE_EVIDENCE,9ebef0fd0f76f318d1328da3b887a81a0f79bf03e21fc5788cb7b8b6846bea05,2026.07.19.2
CEO_BARKED_TWICE,DOC-015,DOCUMENT,RECOVERY_NOTICE,Partial Recovery Notice,DOCUMENT_REPOSITORY,authoring/ceo_documents.csv,DOC-015,2026-02-12,,,,Partial Recovery Notice,"{""content_role"":""SUPPORTING_EVIDENCE"",""document_hash"":""RECOVERY-HASH-001"",""document_id"":""DOC-015"",""document_type"":""RECOVERY_NOTICE"",""extracted_beneficiary_account"":"""",""extracted_invoice_number"":"""",""extracted_support_phone"":"""",""issued_at"":""2026-02-12"",""issuer_record_id"":""OR-LANTERNBANK-01"",""related_invoice_id"":"""",""related_record_ids"":""TX-RECOVERY-001"",""signer_record_id"":""PR-MABEL-01"",""source_system_id"":""DOCUMENT_REPOSITORY"",""template_id"":"""",""title"":""Partial Recovery Notice""}",authoring/ceo_documents.csv#DOC-015,SUPPORTING_EVIDENCE,2c4c896566433d0f05b32b2b94da0979ebc0cb225a89f92f24d4b4368a4d0112,2026.07.19.2
CEO_BARKED_TWICE,DOC-016,DOCUMENT,LOGIN_EXPORT,Login Export 016,DOCUMENT_REPOSITORY,authoring/ceo_documents.csv,DOC-016,2025-09-29,,,,Login Export 016,"{""content_role"":""BACKGROUND"",""document_hash"":""88f09127bd689bb65073fd0d30398291b61521f11aaa877d19ff2641811d7cdf"",""document_id"":""DOC-016"",""document_type"":""LOGIN_EXPORT"",""extracted_beneficiary_account"":"""",""extracted_invoice_number"":"""",""extracted_support_phone"":"""",""issued_at"":""2025-09-29"",""issuer_record_id"":""OR-AUDIT-01"",""related_invoice_id"":"""",""related_record_ids"":""PO-26016"",""signer_record_id"":""PR-IDA-01"",""source_system_id"":""DOCUMENT_REPOSITORY"",""template_id"":""tmpl-login_export-v4"",""title"":""Login Export 016""}",authoring/ceo_documents.csv#DOC-016,BACKGROUND,935591eb05ca400db66371652622b86c326a31076020c0d35d5a2a3694558f34,2026.07.19.2
CEO_BARKED_TWICE,DOC-017,DOCUMENT,AUDIT_WORKPAPER,Audit Workpaper 017,DOCUMENT_REPOSITORY,authoring/ceo_documents.csv,DOC-017,2025-10-05,,,,Audit Workpaper 017,"{""content_role"":""BACKGROUND"",""document_hash"":""8e7a91601f03f191bbaaa32b72dd9f588d44018f14f8359909c0a5fe7ea67a87"",""document_id"":""DOC-017"",""document_type"":""AUDIT_WORKPAPER"",""extracted_beneficiary_account"":"""",""extracted_invoice_number"":"""",""extracted_support_phone"":"""",""issued_at"":""2025-10-05"",""issuer_record_id"":""OR-IRON-01"",""related_invoice_id"":"""",""related_record_ids"":""PO-26017"",""signer_record_id"":""PR-RHEA-01"",""source_system_id"":""DOCUMENT_REPOSITORY"",""template_id"":""tmpl-audit_workpaper-v1"",""title"":""Audit Workpaper 017""}",authoring/ceo_documents.csv#DOC-017,BACKGROUND,d815242b9b60b2314b83a4b55fa440487e8266535ccdaec62bc815d7681005f7,2026.07.19.2
CEO_BARKED_TWICE,DOC-018,DOCUMENT,CONTRACT,Contract 018,DOCUMENT_REPOSITORY,authoring/ceo_documents.csv,DOC-018,2025-10-11,,,,Contract 018,"{""content_role"":""BACKGROUND"",""document_hash"":""a5c27f42dc68627c874eb3b95844bcb96522502b7d1d02fac65ff41c348ab850"",""document_id"":""DOC-018"",""document_type"":""CONTRACT"",""extracted_beneficiary_account"":"""",""extracted_invoice_number"":"""",""extracted_support_phone"":"""",""issued_at"":""2025-10-11"",""issuer_record_id"":""OR-WIRE-01"",""related_invoice_id"":"""",""related_record_ids"":""PO-26018"",""signer_record_id"":""PR-MABEL-01"",""source_system_id"":""DOCUMENT_REPOSITORY"",""template_id"":""tmpl-contract-v2"",""title"":""Contract 018""}",authoring/ceo_documents.csv#DOC-018,BACKGROUND,312164f903f6ab0ad5bd9373e7fe24aa788b645e4787a2d4cbb9eb5ff54b3976,2026.07.19.2
CEO_BARKED_TWICE,DOC-019,DOCUMENT,CREDIT_NOTE,Credit Note 019,DOCUMENT_REPOSITORY,authoring/ceo_documents.csv,DOC-019,2025-10-17,,,,Credit Note 019,"{""content_role"":""BACKGROUND"",""document_hash"":""813590f41b92ed6e3e2d44cace1f6de008a0bb1395cd40dcd220770507fbe374"",""document_id"":""DOC-019"",""document_type"":""CREDIT_NOTE"",""extracted_beneficiary_account"":"""",""extracted_invoice_number"":"""",""extracted_support_phone"":"""",""issued_at"":""2025-10-17"",""issuer_record_id"":""OR-SCC-01"",""related_invoice_id"":""INV-0013"",""related_record_ids"":""PO-26019"",""signer_record_id"":""PR-VICTOR-01"",""source_system_id"":""DOCUMENT_REPOSITORY"",""template_id"":""tmpl-credit_note-v3"",""title"":""Credit Note 019""}",authoring/ceo_documents.csv#DOC-019,BACKGROUND,73972160fcdd54d86d8418d9d0633c98c2d0b4ad7c6c74e4809744f239186da0,2026.07.19.2
CEO_BARKED_TWICE,DOC-020,DOCUMENT,REGISTRY_FILING,Registry Filing 020,DOCUMENT_REPOSITORY,authoring/ceo_documents.csv,DOC-020,2025-10-23,,,,Registry Filing 020,"{""content_role"":""BACKGROUND"",""document_hash"":""a9437c1b90304f8dd4f346f516972b0b298adf2d2e0c546ff3f7774bec18b3fd"",""document_id"":""DOC-020"",""document_type"":""REGISTRY_FILING"",""extracted_beneficiary_account"":"""",""extracted_invoice_number"":"""",""extracted_support_phone"":"""",""issued_at"":""2025-10-23"",""issuer_record_id"":""OR-COPPER-01"",""related_invoice_id"":"""",""related_record_ids"":""PO-26020"",""signer_record_id"":""PR-JUNE-01"",""source_system_id"":""DOCUMENT_REPOSITORY"",""template_id"":""tmpl-registry_filing-v4"",""title"":""Registry Filing 020""}",authoring/ceo_documents.csv#DOC-020,BACKGROUND,6e433b04a6cfcf252aec8faec82ee86761ca868dbc505fbcea57e6ba8077878f,2026.07.19.2
CEO_BARKED_TWICE,DOC-021,DOCUMENT,PURCHASE_ORDER,Purchase Order 021,DOCUMENT_REPOSITORY,authoring/ceo_documents.csv,DOC-021,2025-10-29,,,,Purchase Order 021,"{""content_role"":""BACKGROUND"",""document_hash"":""1d86bbe92b4ab5ac9d6fa8834dfa051121d89092d7cafdd04664bbd56bbeff6b"",""document_id"":""DOC-021"",""document_type"":""PURCHASE_ORDER"",""extracted_beneficiary_account"":"""",""extracted_invoice_number"":"""",""extracted_support_phone"":"""",""issued_at"":""2025-10-29"",""issuer_record_id"":""OR-LANTERNBANK-01"",""related_invoice_id"":"""",""related_record_ids"":""PO-26021"",""signer_record_id"":""PR-IDA-01"",""source_system_id"":""DOCUMENT_REPOSITORY"",""template_id"":""tmpl-purchase_order-v1"",""title"":""Purchase Order 021""}",authoring/ceo_documents.csv#DOC-021,BACKGROUND,049ea3dcd5bc77b4f18ee1ba6591ac55496130dca64c5d3d9cf0e7f9b9e107e6,2026.07.19.2
CEO_BARKED_TWICE,DOC-022,DOCUMENT,DELIVERY_NOTE,Delivery Note 022,DOCUMENT_REPOSITORY,authoring/ceo_documents.csv,DOC-022,2025-11-04,,,,Delivery Note 022,"{""content_role"":""BACKGROUND"",""document_hash"":""56b1f969044c212a4541eb08cf9a9f0e426dea31cd308ae51f9a7679b96f03af"",""document_id"":""DOC-022"",""document_type"":""DELIVERY_NOTE"",""extracted_beneficiary_account"":"""",""extracted_invoice_number"":"""",""extracted_support_phone"":"""",""issued_at"":""2025-11-04"",""issuer_record_id"":""OR-AUDIT-01"",""related_invoice_id"":"""",""related_record_ids"":""PO-26022"",""signer_record_id"":""PR-RHEA-01"",""source_system_id"":""DOCUMENT_REPOSITORY"",""template_id"":""tmpl-delivery_note-v2"",""title"":""Delivery Note 022""}",authoring/ceo_documents.csv#DOC-022,BACKGROUND,f8c19238e39ed71b578704852b5fc21bc043a61a18d5fc9b2078bc8c06407717,2026.07.19.2
CEO_BARKED_TWICE,DOC-023,DOCUMENT,BANK_CONFIRMATION,Bank Confirmation 023,DOCUMENT_REPOSITORY,authoring/ceo_documents.csv,DOC-023,2025-11-10,,,,Bank Confirmation 023,"{""content_role"":""BACKGROUND"",""document_hash"":""47c9a8bae9c0142696cdfb44c9e1d02008b50a19e74bb78dc7f748ddef3c207f"",""document_id"":""DOC-023"",""document_type"":""BANK_CONFIRMATION"",""extracted_beneficiary_account"":"""",""extracted_invoice_number"":"""",""extracted_support_phone"":"""",""issued_at"":""2025-11-10"",""issuer_record_id"":""OR-IRON-01"",""related_invoice_id"":""INV-0017"",""related_record_ids"":""PO-26023"",""signer_record_id"":""PR-MABEL-01"",""source_system_id"":""DOCUMENT_REPOSITORY"",""template_id"":""tmpl-bank_confirmation-v3"",""title"":""Bank Confirmation 023""}",authoring/ceo_documents.csv#DOC-023,BACKGROUND,0192ebacb2c098ba77c7ae65e647a26ef0013a24376b384269e63dc0e233650a,2026.07.19.2
CEO_BARKED_TWICE,DOC-024,DOCUMENT,VENDOR_FORM,Vendor Form 024,DOCUMENT_REPOSITORY,authoring/ceo_documents.csv,DOC-024,2025-11-16,,,,Vendor Form 024,"{""content_role"":""BACKGROUND"",""document_hash"":""af2b3eca33eef87cd0adfd59d253430d437aa9b0f5b7bfbd7e20f3bb48444e61"",""document_id"":""DOC-024"",""document_type"":""VENDOR_FORM"",""extracted_beneficiary_account"":"""",""extracted_invoice_number"":"""",""extracted_support_phone"":"""",""issued_at"":""2025-11-16"",""issuer_record_id"":""OR-WIRE-01"",""related_invoice_id"":""INV-0018"",""related_record_ids"":""PO-26024"",""signer_record_id"":""PR-VICTOR-01"",""source_system_id"":""DOCUMENT_REPOSITORY"",""template_id"":""tmpl-vendor_form-v4"",""title"":""Vendor Form 024""}",authoring/ceo_documents.csv#DOC-024,BACKGROUND,d271b975bf84460b1f1b2bb2b229e4dce97195d4260a24f0288f4291ccab98ba,2026.07.19.2
CEO_BARKED_TWICE,DOC-025,DOCUMENT,EMAIL_EXPORT,Email Export 025,DOCUMENT_REPOSITORY,authoring/ceo_documents.csv,DOC-025,2025-11-22,,,,Email Export 025,"{""content_role"":""BACKGROUND"",""document_hash"":""356a81d86327f43b3ae035473962e500b7bcfc36cadff42b293265cb30983c69"",""document_id"":""DOC-025"",""document_type"":""EMAIL_EXPORT"",""extracted_beneficiary_account"":"""",""extracted_invoice_number"":"""",""extracted_support_phone"":"""",""issued_at"":""2025-11-22"",""issuer_record_id"":""OR-SCC-01"",""related_invoice_id"":"""",""related_record_ids"":""PO-26025"",""signer_record_id"":""PR-JUNE-01"",""source_system_id"":""DOCUMENT_REPOSITORY"",""template_id"":""tmpl-email_export-v1"",""title"":""Email Export 025""}",authoring/ceo_documents.csv#DOC-025,BACKGROUND,697e661c81d97648f47e2fd629f7d208982f7cd885683d7befe614f56a5caa73,2026.07.19.2
CEO_BARKED_TWICE,DOC-026,DOCUMENT,LOGIN_EXPORT,Login Export 026,DOCUMENT_REPOSITORY,authoring/ceo_documents.csv,DOC-026,2025-11-28,,,,Login Export 026,"{""content_role"":""BACKGROUND"",""document_hash"":""d8ac28f266f38399327a91add165d0a4c21ca2dcb532e710359b711be6a6ccbd"",""document_id"":""DOC-026"",""document_type"":""LOGIN_EXPORT"",""extracted_beneficiary_account"":"""",""extracted_invoice_number"":"""",""extracted_support_phone"":"""",""issued_at"":""2025-11-28"",""issuer_record_id"":""OR-COPPER-01"",""related_invoice_id"":"""",""related_record_ids"":""PO-26026"",""signer_record_id"":""PR-IDA-01"",""source_system_id"":""DOCUMENT_REPOSITORY"",""template_id"":""tmpl-login_export-v2"",""title"":""Login Export 026""}",authoring/ceo_documents.csv#DOC-026,BACKGROUND,3effd2401cc09f9e918bc8e554725abdfc7ca34703814f1ae807505614e325d8,2026.07.19.2
CEO_BARKED_TWICE,DOC-027,DOCUMENT,AUDIT_WORKPAPER,Audit Workpaper 027,DOCUMENT_REPOSITORY,authoring/ceo_documents.csv,DOC-027,2025-12-04,,,,Audit Workpaper 027,"{""content_role"":""BACKGROUND"",""document_hash"":""19299f628d7ccb3b444f77e1a22e91ba3090505efa6a8a27ebd1f9c7154e8e09"",""document_id"":""DOC-027"",""document_type"":""AUDIT_WORKPAPER"",""extracted_beneficiary_account"":"""",""extracted_invoice_number"":"""",""extracted_support_phone"":"""",""issued_at"":""2025-12-04"",""issuer_record_id"":""OR-LANTERNBANK-01"",""related_invoice_id"":"""",""related_record_ids"":""PO-26027"",""signer_record_id"":""PR-RHEA-01"",""source_system_id"":""DOCUMENT_REPOSITORY"",""template_id"":""tmpl-audit_workpaper-v3"",""title"":""Audit Workpaper 027""}",authoring/ceo_documents.csv#DOC-027,BACKGROUND,b41f18a1541a942a19ef8fbd96e6c145ce6ecf66881f95c4cf402c9ab4177e53,2026.07.19.2
CEO_BARKED_TWICE,DOC-028,DOCUMENT,CONTRACT,Contract 028,DOCUMENT_REPOSITORY,authoring/ceo_documents.csv,DOC-028,2025-12-10,,,,Contract 028,"{""content_role"":""BACKGROUND"",""document_hash"":""6084729cc34ed98050b3ea297f7b7ae29bc929110f195422e0a6880f4934c848"",""document_id"":""DOC-028"",""document_type"":""CONTRACT"",""extracted_beneficiary_account"":"""",""extracted_invoice_number"":"""",""extracted_support_phone"":"""",""issued_at"":""2025-12-10"",""issuer_record_id"":""OR-AUDIT-01"",""related_invoice_id"":"""",""related_record_ids"":""PO-26028"",""signer_record_id"":""PR-MABEL-01"",""source_system_id"":""DOCUMENT_REPOSITORY"",""template_id"":""tmpl-contract-v4"",""title"":""Contract 028""}",authoring/ceo_documents.csv#DOC-028,BACKGROUND,ddb76fc87536504db0a6528882812cb0f69c36d4f90c68aa12f82527ed694705,2026.07.19.2
CEO_BARKED_TWICE,DOC-029,DOCUMENT,CREDIT_NOTE,Credit Note 029,DOCUMENT_REPOSITORY,authoring/ceo_documents.csv,DOC-029,2025-12-16,,,,Credit Note 029,"{""content_role"":""BACKGROUND"",""document_hash"":""ac965a59def1a278a2b9a6196cffb18fbf4315cd5afafffb61285a4f4df0a2e0"",""document_id"":""DOC-029"",""document_type"":""CREDIT_NOTE"",""extracted_beneficiary_account"":"""",""extracted_invoice_number"":"""",""extracted_support_phone"":"""",""issued_at"":""2025-12-16"",""issuer_record_id"":""OR-IRON-01"",""related_invoice_id"":""INV-0023"",""related_record_ids"":""PO-26029"",""signer_record_id"":""PR-VICTOR-01"",""source_system_id"":""DOCUMENT_REPOSITORY"",""template_id"":""tmpl-credit_note-v1"",""title"":""Credit Note 029""}",authoring/ceo_documents.csv#DOC-029,BACKGROUND,31ca668dc936d3a6099f3abc32b95234f80af37689dcdeba5252b8f5b9fda496,2026.07.19.2
CEO_BARKED_TWICE,DOC-030,DOCUMENT,REGISTRY_FILING,Registry Filing 030,DOCUMENT_REPOSITORY,authoring/ceo_documents.csv,DOC-030,2025-12-22,,,,Registry Filing 030,"{""content_role"":""BACKGROUND"",""document_hash"":""f14dd10ec250167377985ea08f201d7e9052b6ae3343780aa288bf4c551c97e7"",""document_id"":""DOC-030"",""document_type"":""REGISTRY_FILING"",""extracted_beneficiary_account"":"""",""extracted_invoice_number"":"""",""extracted_support_phone"":"""",""issued_at"":""2025-12-22"",""issuer_record_id"":""OR-WIRE-01"",""related_invoice_id"":"""",""related_record_ids"":""PO-26030"",""signer_record_id"":""PR-JUNE-01"",""source_system_id"":""DOCUMENT_REPOSITORY"",""template_id"":""tmpl-registry_filing-v2"",""title"":""Registry Filing 030""}",authoring/ceo_documents.csv#DOC-030,BACKGROUND,bdee4423bd36e1437d4db69915011b0ac17707048155fab30c787911a67a2b3f,2026.07.19.2
CEO_BARKED_TWICE,DOC-031,DOCUMENT,PURCHASE_ORDER,Purchase Order 031,DOCUMENT_REPOSITORY,authoring/ceo_documents.csv,DOC-031,2025-12-28,,,,Purchase Order 031,"{""content_role"":""BACKGROUND"",""document_hash"":""2fad36777b0eb747f24010d46736617e550bed59061a3c5e225b821a0aa7ed55"",""document_id"":""DOC-031"",""document_type"":""PURCHASE_ORDER"",""extracted_beneficiary_account"":"""",""extracted_invoice_number"":"""",""extracted_support_phone"":"""",""issued_at"":""2025-12-28"",""issuer_record_id"":""OR-SCC-01"",""related_invoice_id"":"""",""related_record_ids"":""PO-26031"",""signer_record_id"":""PR-IDA-01"",""source_system_id"":""DOCUMENT_REPOSITORY"",""template_id"":""tmpl-purchase_order-v3"",""title"":""Purchase Order 031""}",authoring/ceo_documents.csv#DOC-031,BACKGROUND,4d3deb4b37a31e2921a10308547003d6aed8e9b397bc03b3f9be2ac9b91693c7,2026.07.19.2
CEO_BARKED_TWICE,DOC-032,DOCUMENT,DELIVERY_NOTE,Delivery Note 032,DOCUMENT_REPOSITORY,authoring/ceo_documents.csv,DOC-032,2026-01-03,,,,Delivery Note 032,"{""content_role"":""BACKGROUND"",""document_hash"":""ec0a8e2383ea0f699c54bb10245a9966aa23aa23f0efd6eefcad72203f6cfb0c"",""document_id"":""DOC-032"",""document_type"":""DELIVERY_NOTE"",""extracted_beneficiary_account"":"""",""extracted_invoice_number"":"""",""extracted_support_phone"":"""",""issued_at"":""2026-01-03"",""issuer_record_id"":""OR-COPPER-01"",""related_invoice_id"":"""",""related_record_ids"":""PO-26032"",""signer_record_id"":""PR-RHEA-01"",""source_system_id"":""DOCUMENT_REPOSITORY"",""template_id"":""tmpl-delivery_note-v4"",""title"":""Delivery Note 032""}",authoring/ceo_documents.csv#DOC-032,BACKGROUND,9561487ec29f85e5a1fc78920bf7b0c9ed87ce0ada66a4a97d2428fd1ec16ab8,2026.07.19.2
CEO_BARKED_TWICE,DOC-033,DOCUMENT,BANK_CONFIRMATION,Bank Confirmation 033,DOCUMENT_REPOSITORY,authoring/ceo_documents.csv,DOC-033,2026-01-09,,,,Bank Confirmation 033,"{""content_role"":""BACKGROUND"",""document_hash"":""f0d5c93e48798cea016496171bd59349e6f3f191d0297050cd115db65338570a"",""document_id"":""DOC-033"",""document_type"":""BANK_CONFIRMATION"",""extracted_beneficiary_account"":"""",""extracted_invoice_number"":"""",""extracted_support_phone"":"""",""issued_at"":""2026-01-09"",""issuer_record_id"":""OR-LANTERNBANK-01"",""related_invoice_id"":""INV-0027"",""related_record_ids"":""PO-26033"",""signer_record_id"":""PR-MABEL-01"",""source_system_id"":""DOCUMENT_REPOSITORY"",""template_id"":""tmpl-bank_confirmation-v1"",""title"":""Bank Confirmation 033""}",authoring/ceo_documents.csv#DOC-033,BACKGROUND,dd7f89c7c9cc4b59ea6c33538663b191ac11604577cd2181f68486115ebd44d4,2026.07.19.2
CEO_BARKED_TWICE,DOC-034,DOCUMENT,VENDOR_FORM,Vendor Form 034,DOCUMENT_REPOSITORY,authoring/ceo_documents.csv,DOC-034,2026-01-15,,,,Vendor Form 034,"{""content_role"":""BACKGROUND"",""document_hash"":""c2c3b6a74975519f2ff3d94acd53cc5d670108eab4ea0d1e3f77bf13a5422bf7"",""document_id"":""DOC-034"",""document_type"":""VENDOR_FORM"",""extracted_beneficiary_account"":"""",""extracted_invoice_number"":"""",""extracted_support_phone"":"""",""issued_at"":""2026-01-15"",""issuer_record_id"":""OR-AUDIT-01"",""related_invoice_id"":""INV-0028"",""related_record_ids"":""PO-26034"",""signer_record_id"":""PR-VICTOR-01"",""source_system_id"":""DOCUMENT_REPOSITORY"",""template_id"":""tmpl-vendor_form-v2"",""title"":""Vendor Form 034""}",authoring/ceo_documents.csv#DOC-034,BACKGROUND,20908b95af7449436dd802cc9e62e99ccba9f4abe919eb22cfdae0ce42d93fdc,2026.07.19.2
CEO_BARKED_TWICE,DOC-035,DOCUMENT,EMAIL_EXPORT,Email Export 035,DOCUMENT_REPOSITORY,authoring/ceo_documents.csv,DOC-035,2026-01-21,,,,Email Export 035,"{""content_role"":""BACKGROUND"",""document_hash"":""d998e71c881ac99bccbad21c0586d5c3ffef7e8410b93f61b1da5f7a4f7f4ee4"",""document_id"":""DOC-035"",""document_type"":""EMAIL_EXPORT"",""extracted_beneficiary_account"":"""",""extracted_invoice_number"":"""",""extracted_support_phone"":"""",""issued_at"":""2026-01-21"",""issuer_record_id"":""OR-IRON-01"",""related_invoice_id"":"""",""related_record_ids"":""PO-26035"",""signer_record_id"":""PR-JUNE-01"",""source_system_id"":""DOCUMENT_REPOSITORY"",""template_id"":""tmpl-email_export-v3"",""title"":""Email Export 035""}",authoring/ceo_documents.csv#DOC-035,BACKGROUND,3d9f0bc71106a95d418a415447f5e8a069a5a6b41874f31115f7efac544bcd74,2026.07.19.2
CEO_BARKED_TWICE,DREG-001,DOMAIN_REGISTRATION,,DREG-001,AUTHORING,authoring/ceo_domain_registrations.csv,DREG-001,2024-05-08,,,,DREG-001,"{""content_role"":""BACKGROUND"",""domain_id"":""DOM-SCC"",""domain_registration_id"":""DREG-001"",""hosting_ip"":""192.0.2.21"",""recovery_email"":""it@silvercollar.example"",""registered_at"":""2024-05-08"",""registrant_email"":""admin@silvercollar.example"",""registrant_name"":""Silver Collar Components Ltd"",""registrar"":""PawNames Registrar"",""registrar_account_id"":""REGACC-601"",""tls_fingerprint"":""TLS-FP-A09CC1""}",authoring/ceo_domain_registrations.csv#DREG-001,BACKGROUND,910bab19a0ddc40cc08d63aa0296c8a75c63cd5f0b70f9800a287c125c862e82,2026.07.19.2
CEO_BARKED_TWICE,DREG-002,DOMAIN_REGISTRATION,,DREG-002,AUTHORING,authoring/ceo_domain_registrations.csv,DREG-002,2024-05-15,,,,DREG-002,"{""content_role"":""CORE_EVIDENCE"",""domain_id"":""DOM-SCC-TYPO"",""domain_registration_id"":""DREG-002"",""hosting_ip"":""192.0.2.144"",""recovery_email"":""ops@nightjar-consult.example"",""registered_at"":""2024-05-15"",""registrant_email"":""ops@nightjar-consult.example"",""registrant_name"":""Privacy Protected"",""registrar"":""PawNames Registrar"",""registrar_account_id"":""REGACC-441"",""tls_fingerprint"":""TLS-FP-91AF44""}",authoring/ceo_domain_registrations.csv#DREG-002,CORE_EVIDENCE,a22579b1aefbdbb02ce01fff26e21c1535a7b8c3adfc12804ed8aeb30e48947e,2026.07.19.2
CEO_BARKED_TWICE,DREG-003,DOMAIN_REGISTRATION,,DREG-003,AUTHORING,authoring/ceo_domain_registrations.csv,DREG-003,2024-05-22,,,,DREG-003,"{""content_role"":""BACKGROUND"",""domain_id"":""DOM-COPPER"",""domain_registration_id"":""DREG-003"",""hosting_ip"":""192.0.2.23"",""recovery_email"":""it@copperpaw.example"",""registered_at"":""2024-05-22"",""registrant_email"":""admin@copperpaw.example"",""registrant_name"":""Copper Paw Industrial Supply Ltd"",""registrar"":""Noir Domains Cooperative"",""registrar_account_id"":""REGACC-603"",""tls_fingerprint"":""TLS-FP-3639E6""}",authoring/ceo_domain_registrations.csv#DREG-003,BACKGROUND,b072aa4245f4b4ac913ae155bf746d514432aa29f2462e1788d2d1c6fa2b94a2,2026.07.19.2
CEO_BARKED_TWICE,DREG-004,DOMAIN_REGISTRATION,,DREG-004,AUTHORING,authoring/ceo_domain_registrations.csv,DREG-004,2024-05-29,,,,DREG-004,"{""content_role"":""CORE_EVIDENCE"",""domain_id"":""DOM-COPPER-TYPO"",""domain_registration_id"":""DREG-004"",""hosting_ip"":""192.0.2.144"",""recovery_email"":""ops@nightjar-consult.example"",""registered_at"":""2024-05-29"",""registrant_email"":""ops@nightjar-consult.example"",""registrant_name"":""Privacy Protected"",""registrar"":""PawNames Registrar"",""registrar_account_id"":""REGACC-441"",""tls_fingerprint"":""TLS-FP-91AF44""}",authoring/ceo_domain_registrations.csv#DREG-004,CORE_EVIDENCE,157f326d55845f6e5e7b2c1848b1fd3aeeafee9d41a16ed8d2ce518501d58235,2026.07.19.2
CEO_BARKED_TWICE,DREG-005,DOMAIN_REGISTRATION,,DREG-005,AUTHORING,authoring/ceo_domain_registrations.csv,DREG-005,2024-06-05,,,,DREG-005,"{""content_role"":""CORE_EVIDENCE"",""domain_id"":""DOM-NIGHTJAR"",""domain_registration_id"":""DREG-005"",""hosting_ip"":""192.0.2.144"",""recovery_email"":""ops@nightjar-consult.example"",""registered_at"":""2024-06-05"",""registrant_email"":""ops@nightjar-consult.example"",""registrant_name"":""Privacy Protected"",""registrar"":""PawNames Registrar"",""registrar_account_id"":""REGACC-441"",""tls_fingerprint"":""TLS-FP-91AF44""}",authoring/ceo_domain_registrations.csv#DREG-005,CORE_EVIDENCE,de4cbc2e0c007edcb649faa760beb432fdb5df6e78220e61735fe0f4145fedca,2026.07.19.2
CEO_BARKED_TWICE,DREG-006,DOMAIN_REGISTRATION,,DREG-006,AUTHORING,authoring/ceo_domain_registrations.csv,DREG-006,2024-06-12,,,,DREG-006,"{""content_role"":""BACKGROUND"",""domain_id"":""DOM-HARBOR"",""domain_registration_id"":""DREG-006"",""hosting_ip"":""192.0.2.26"",""recovery_email"":""it@harborhound-remit.example"",""registered_at"":""2024-06-12"",""registrant_email"":""admin@harborhound-remit.example"",""registrant_name"":""Harbor Hound Remittance Ltd"",""registrar"":""Noir Domains Cooperative"",""registrar_account_id"":""REGACC-606"",""tls_fingerprint"":""TLS-FP-1FF8F2""}",authoring/ceo_domain_registrations.csv#DREG-006,BACKGROUND,b2a0cc35ece8071f67dae19e82228cdd3e75ab51697dc4c954612ed789189da0,2026.07.19.2
CEO_BARKED_TWICE,DREG-007,DOMAIN_REGISTRATION,,DREG-007,AUTHORING,authoring/ceo_domain_registrations.csv,DREG-007,2024-06-19,,,,DREG-007,"{""content_role"":""BACKGROUND"",""domain_id"":""DOM-LANTERN"",""domain_registration_id"":""DREG-007"",""hosting_ip"":""192.0.2.27"",""recovery_email"":""it@lanternbank.example"",""registered_at"":""2024-06-19"",""registrant_email"":""admin@lanternbank.example"",""registrant_name"":""Lantern Community Bank"",""registrar"":""PawNames Registrar"",""registrar_account_id"":""REGACC-607"",""tls_fingerprint"":""TLS-FP-64A342""}",authoring/ceo_domain_registrations.csv#DREG-007,BACKGROUND,4921abe9986d8bc04b58153456900af19c34b9349ae368e86a1b1ac3030378c5,2026.07.19.2
CEO_BARKED_TWICE,DREG-008,DOMAIN_REGISTRATION,,DREG-008,AUTHORING,authoring/ceo_domain_registrations.csv,DREG-008,2024-06-26,,,,DREG-008,"{""content_role"":""BACKGROUND"",""domain_id"":""DOM-COPPERBANK"",""domain_registration_id"":""DREG-008"",""hosting_ip"":""192.0.2.28"",""recovery_email"":""it@copperbank.example"",""registered_at"":""2024-06-26"",""registrant_email"":""admin@copperbank.example"",""registrant_name"":""Privacy Protected"",""registrar"":""PawNames Registrar"",""registrar_account_id"":""REGACC-608"",""tls_fingerprint"":""TLS-FP-E64996""}",authoring/ceo_domain_registrations.csv#DREG-008,BACKGROUND,13a9a21ce17921a1eb72ef9441b184d2f0f5428dad6f644d8b92cdb5e9dfcae4,2026.07.19.2
CEO_BARKED_TWICE,DREG-009,DOMAIN_REGISTRATION,,DREG-009,AUTHORING,authoring/ceo_domain_registrations.csv,DREG-009,2024-07-03,,,,DREG-009,"{""content_role"":""BACKGROUND"",""domain_id"":""DOM-CLOUD"",""domain_registration_id"":""DREG-009"",""hosting_ip"":""192.0.2.29"",""recovery_email"":""it@cloudkennel.example"",""registered_at"":""2024-07-03"",""registrant_email"":""admin@cloudkennel.example"",""registrant_name"":""Cloud Kennel Mail Services"",""registrar"":""Noir Domains Cooperative"",""registrar_account_id"":""REGACC-609"",""tls_fingerprint"":""TLS-FP-7CA09F""}",authoring/ceo_domain_registrations.csv#DREG-009,BACKGROUND,b198f2cb01ada9e5751a8d40f7d220ba7ed5dc2d5c99f095d103cb0756514102,2026.07.19.2
CEO_BARKED_TWICE,DREG-010,DOMAIN_REGISTRATION,,DREG-010,AUTHORING,authoring/ceo_domain_registrations.csv,DREG-010,2024-07-10,,,,DREG-010,"{""content_role"":""BACKGROUND"",""domain_id"":""DOM-AUDIT"",""domain_registration_id"":""DREG-010"",""hosting_ip"":""192.0.2.30"",""recovery_email"":""it@retrieveledger.example"",""registered_at"":""2024-07-10"",""registrant_email"":""admin@retrieveledger.example"",""registrant_name"":""Retrieve & Ledger LLP"",""registrar"":""PawNames Registrar"",""registrar_account_id"":""REGACC-610"",""tls_fingerprint"":""TLS-FP-910DF4""}",authoring/ceo_domain_registrations.csv#DREG-010,BACKGROUND,c3538bf3d61d19e1d28c9c635d8715ce93cea5fcf76067758c66d8425d6c942e,2026.07.19.2
CEO_BARKED_TWICE,DOM-SCC,DOMAIN,,silvercollar.example,AUTHORING,authoring/ceo_domains.csv,DOM-SCC,,,,ACTIVE,silvercollar.example,"{""content_role"":""BACKGROUND"",""declared_holder_id"":""O-SCC"",""domain_id"":""DOM-SCC"",""domain_name"":""silvercollar.example"",""domain_role"":""LEGITIMATE_CORPORATE"",""first_seen"":""2024-04-12"",""normalized_domain"":""silvercollar.example"",""status"":""ACTIVE""}",authoring/ceo_domains.csv#DOM-SCC,BACKGROUND,b13f1b862241c6b2db0b045e3a98064b44c5172feb19266e6a1ea7bed041cd76,2026.07.19.2
CEO_BARKED_TWICE,DOM-SCC-TYPO,DOMAIN,,silvercoilar.example,AUTHORING,authoring/ceo_domains.csv,DOM-SCC-TYPO,,,,ACTIVE,silvercoilar.example,"{""content_role"":""CORE_EVIDENCE"",""declared_holder_id"":""O-NIGHTJAR"",""domain_id"":""DOM-SCC-TYPO"",""domain_name"":""silvercoilar.example"",""domain_role"":""CEO_LOOKALIKE"",""first_seen"":""2024-04-23"",""normalized_domain"":""silvercoilar.example"",""status"":""ACTIVE""}",authoring/ceo_domains.csv#DOM-SCC-TYPO,CORE_EVIDENCE,98acda10bb648ca80f2c6f9880e78a2aa4766108c24ecf7bc4c526f9ddd06497,2026.07.19.2
CEO_BARKED_TWICE,DOM-COPPER,DOMAIN,,copperpaw.example,AUTHORING,authoring/ceo_domains.csv,DOM-COPPER,,,,ACTIVE,copperpaw.example,"{""content_role"":""BACKGROUND"",""declared_holder_id"":""O-COPPER"",""domain_id"":""DOM-COPPER"",""domain_name"":""copperpaw.example"",""domain_role"":""LEGITIMATE_VENDOR"",""first_seen"":""2024-05-04"",""normalized_domain"":""copperpaw.example"",""status"":""ACTIVE""}",authoring/ceo_domains.csv#DOM-COPPER,BACKGROUND,886b4cb234f63100e81e23f5fcd6c546cea5a323c0fc94c8066ffe4d4a240442,2026.07.19.2
CEO_BARKED_TWICE,DOM-COPPER-TYPO,DOMAIN,,copperpavv.example,AUTHORING,authoring/ceo_domains.csv,DOM-COPPER-TYPO,,,,ACTIVE,copperpavv.example,"{""content_role"":""CORE_EVIDENCE"",""declared_holder_id"":""O-NIGHTJAR"",""domain_id"":""DOM-COPPER-TYPO"",""domain_name"":""copperpavv.example"",""domain_role"":""VENDOR_LOOKALIKE"",""first_seen"":""2024-05-15"",""normalized_domain"":""copperpavv.example"",""status"":""ACTIVE""}",authoring/ceo_domains.csv#DOM-COPPER-TYPO,CORE_EVIDENCE,4c87da36556597bcdbdd63d09eb070bda62e937c28577ec9f91d49be66646b30,2026.07.19.2
CEO_BARKED_TWICE,DOM-NIGHTJAR,DOMAIN,,nightjar-consult.example,AUTHORING,authoring/ceo_domains.csv,DOM-NIGHTJAR,,,,ACTIVE,nightjar-consult.example,"{""content_role"":""CORE_EVIDENCE"",""declared_holder_id"":""O-NIGHTJAR"",""domain_id"":""DOM-NIGHTJAR"",""domain_name"":""nightjar-consult.example"",""domain_role"":""FRAUD_INFRASTRUCTURE"",""first_seen"":""2024-05-26"",""normalized_domain"":""nightjar-consult.example"",""status"":""ACTIVE""}",authoring/ceo_domains.csv#DOM-NIGHTJAR,CORE_EVIDENCE,8f24e0dfbb9f1d79c6b8f1e1bc9db92927de8c333974a25b5ecd1b4957c8400b,2026.07.19.2
CEO_BARKED_TWICE,DOM-HARBOR,DOMAIN,,harborhound-remit.example,AUTHORING,authoring/ceo_domains.csv,DOM-HARBOR,,,,ACTIVE,harborhound-remit.example,"{""content_role"":""BACKGROUND"",""declared_holder_id"":""O-HARBOR"",""domain_id"":""DOM-HARBOR"",""domain_name"":""harborhound-remit.example"",""domain_role"":""PAYMENT_INTERMEDIARY"",""first_seen"":""2024-06-06"",""normalized_domain"":""harborhound-remit.example"",""status"":""ACTIVE""}",authoring/ceo_domains.csv#DOM-HARBOR,BACKGROUND,c3cce0c151ea41a33c20050800973cc97f5fb6e8202b95e70da71a0bc9b72635,2026.07.19.2
CEO_BARKED_TWICE,DOM-LANTERN,DOMAIN,,lanternbank.example,AUTHORING,authoring/ceo_domains.csv,DOM-LANTERN,,,,ACTIVE,lanternbank.example,"{""content_role"":""BACKGROUND"",""declared_holder_id"":""O-LANTERNBANK"",""domain_id"":""DOM-LANTERN"",""domain_name"":""lanternbank.example"",""domain_role"":""BANK"",""first_seen"":""2024-06-17"",""normalized_domain"":""lanternbank.example"",""status"":""ACTIVE""}",authoring/ceo_domains.csv#DOM-LANTERN,BACKGROUND,523d22d0cdfa6d058d06e99da472fa9fafb22703d0910a8100d717ebabd3c670,2026.07.19.2
CEO_BARKED_TWICE,DOM-COPPERBANK,DOMAIN,,copperbank.example,AUTHORING,authoring/ceo_domains.csv,DOM-COPPERBANK,,,,ACTIVE,copperbank.example,"{""content_role"":""BACKGROUND"",""declared_holder_id"":""O-COPPERBANK"",""domain_id"":""DOM-COPPERBANK"",""domain_name"":""copperbank.example"",""domain_role"":""BANK"",""first_seen"":""2024-06-28"",""normalized_domain"":""copperbank.example"",""status"":""ACTIVE""}",authoring/ceo_domains.csv#DOM-COPPERBANK,BACKGROUND,fc49f1b655ce3ab9973435696428574f357f02799c599d90695435c96a3f56af,2026.07.19.2
CEO_BARKED_TWICE,DOM-CLOUD,DOMAIN,,cloudkennel.example,AUTHORING,authoring/ceo_domains.csv,DOM-CLOUD,,,,ACTIVE,cloudkennel.example,"{""content_role"":""BACKGROUND"",""declared_holder_id"":""O-CLOUDMAIL"",""domain_id"":""DOM-CLOUD"",""domain_name"":""cloudkennel.example"",""domain_role"":""MAIL_PROVIDER"",""first_seen"":""2024-07-09"",""normalized_domain"":""cloudkennel.example"",""status"":""ACTIVE""}",authoring/ceo_domains.csv#DOM-CLOUD,BACKGROUND,2fe590255408d7e0cc146b3e901f082b5e03ae4956ae00aa147cc5182818fad0,2026.07.19.2
CEO_BARKED_TWICE,DOM-AUDIT,DOMAIN,,retrieveledger.example,AUTHORING,authoring/ceo_domains.csv,DOM-AUDIT,,,,ACTIVE,retrieveledger.example,"{""content_role"":""BACKGROUND"",""declared_holder_id"":""O-AUDIT"",""domain_id"":""DOM-AUDIT"",""domain_name"":""retrieveledger.example"",""domain_role"":""AUDITOR"",""first_seen"":""2024-07-20"",""normalized_domain"":""retrieveledger.example"",""status"":""ACTIVE""}",authoring/ceo_domains.csv#DOM-AUDIT,BACKGROUND,d1c0d7f37d78c9913abf9b9860301d1192cf8addbc8427540ec6211701d83986,2026.07.19.2
CEO_BARKED_TWICE,EMP-001,EMPLOYMENT,,Chief Executive Officer,AUTHORING,authoring/ceo_employment.csv,EMP-001,2019-04-08,,,,Chief Executive Officer,"{""content_role"":""CORE_EVIDENCE"",""employment_id"":""EMP-001"",""end_date"":"""",""job_title"":""Chief Executive Officer"",""organization_record_id"":""OR-SCC-01"",""person_record_id"":""PR-BEA-01"",""start_date"":""2019-04-08""}",authoring/ceo_employment.csv#EMP-001,CORE_EVIDENCE,9d3305546ffd43c72ceca7f24ade9ccbc158b9f472c0287f44484dd2faa81d5b,2026.07.19.2
CEO_BARKED_TWICE,EMP-002,EMPLOYMENT,,Accounts Payable Specialist,AUTHORING,authoring/ceo_employment.csv,EMP-002,2019-07-14,,,,Accounts Payable Specialist,"{""content_role"":""EXCULPATORY_EVIDENCE"",""employment_id"":""EMP-002"",""end_date"":"""",""job_title"":""Accounts Payable Specialist"",""organization_record_id"":""OR-SCC-01"",""person_record_id"":""PR-PENNY-01"",""start_date"":""2019-07-14""}",authoring/ceo_employment.csv#EMP-002,EXCULPATORY_EVIDENCE,36bb06c4d07e0536294d77c569c7e3d76c0bc3fb6603cc27bf41fe0c14a6c8f5,2026.07.19.2
CEO_BARKED_TWICE,EMP-003,EMPLOYMENT,,Chief Financial Officer,AUTHORING,authoring/ceo_employment.csv,EMP-003,2019-10-19,,,,Chief Financial Officer,"{""content_role"":""EXCULPATORY_EVIDENCE"",""employment_id"":""EMP-003"",""end_date"":"""",""job_title"":""Chief Financial Officer"",""organization_record_id"":""OR-SCC-01"",""person_record_id"":""PR-CONRAD-01"",""start_date"":""2019-10-19""}",authoring/ceo_employment.csv#EMP-003,EXCULPATORY_EVIDENCE,0b85850a4f3470426a7684dcee66dcdcf7a0b7a66c299b2159318f9c0b1467c6,2026.07.19.2
CEO_BARKED_TWICE,EMP-004,EMPLOYMENT,,Mail Security Administrator,AUTHORING,authoring/ceo_employment.csv,EMP-004,2020-01-24,,,,Mail Security Administrator,"{""content_role"":""BACKGROUND"",""employment_id"":""EMP-004"",""end_date"":"""",""job_title"":""Mail Security Administrator"",""organization_record_id"":""OR-SCC-01"",""person_record_id"":""PR-THEO-01"",""start_date"":""2020-01-24""}",authoring/ceo_employment.csv#EMP-004,BACKGROUND,54d38e8a6fe1fc1b0d80e8cc4c2a8f22585b1e8b2779e89074a2fe537570a918,2026.07.19.2
CEO_BARKED_TWICE,EMP-005,EMPLOYMENT,,Procurement Manager,AUTHORING,authoring/ceo_employment.csv,EMP-005,2020-04-30,,,,Procurement Manager,"{""content_role"":""BACKGROUND"",""employment_id"":""EMP-005"",""end_date"":"""",""job_title"":""Procurement Manager"",""organization_record_id"":""OR-SCC-01"",""person_record_id"":""PR-IDA-01"",""start_date"":""2020-04-30""}",authoring/ceo_employment.csv#EMP-005,BACKGROUND,a74e65dcec58534bc20c68e276101ee1d769d8030bba72bbb8565e3bd790e719,2026.07.19.2
CEO_BARKED_TWICE,EMP-006,EMPLOYMENT,,Engagement Partner,AUTHORING,authoring/ceo_employment.csv,EMP-006,2020-08-05,,,,Engagement Partner,"{""content_role"":""BACKGROUND"",""employment_id"":""EMP-006"",""end_date"":"""",""job_title"":""Engagement Partner"",""organization_record_id"":""OR-AUDIT-01"",""person_record_id"":""PR-RHEA-01"",""start_date"":""2020-08-05""}",authoring/ceo_employment.csv#EMP-006,BACKGROUND,2540bdff18a2b0955e14eccdcf3f0246767c279d8abdfbda92eeea3a6037b37b,2026.07.19.2
CEO_BARKED_TWICE,EMP-007,EMPLOYMENT,,Finance Director,AUTHORING,authoring/ceo_employment.csv,EMP-007,2020-11-10,,,,Finance Director,"{""content_role"":""EXCULPATORY_EVIDENCE"",""employment_id"":""EMP-007"",""end_date"":"""",""job_title"":""Finance Director"",""organization_record_id"":""OR-COPPER-01"",""person_record_id"":""PR-OWEN-01"",""start_date"":""2020-11-10""}",authoring/ceo_employment.csv#EMP-007,EXCULPATORY_EVIDENCE,063349992e3f4146f8a0fb5c862f0a2f15a392f37641da5a64ddad0626298e6c,2026.07.19.2
CEO_BARKED_TWICE,EMP-008,EMPLOYMENT,,Account Manager,AUTHORING,authoring/ceo_employment.csv,EMP-008,2021-02-15,,,,Account Manager,"{""content_role"":""EXCULPATORY_EVIDENCE"",""employment_id"":""EMP-008"",""end_date"":"""",""job_title"":""Account Manager"",""organization_record_id"":""OR-COPPER-01"",""person_record_id"":""PR-VICTOR-01"",""start_date"":""2021-02-15""}",authoring/ceo_employment.csv#EMP-008,EXCULPATORY_EVIDENCE,3f168c83abd737afb8d9627851fe68f066be7d390e7919d58a16ea943d69a4d3,2026.07.19.2
CEO_BARKED_TWICE,EMP-009,EMPLOYMENT,,Fraud Analyst,AUTHORING,authoring/ceo_employment.csv,EMP-009,2021-05-23,,,,Fraud Analyst,"{""content_role"":""BACKGROUND"",""employment_id"":""EMP-009"",""end_date"":"""",""job_title"":""Fraud Analyst"",""organization_record_id"":""OR-LANTERNBANK-01"",""person_record_id"":""PR-MABEL-01"",""start_date"":""2021-05-23""}",authoring/ceo_employment.csv#EMP-009,BACKGROUND,2e9917f4165bd1ea0d7de08834398e5a057bea90660c10e66dace299a3ec260a,2026.07.19.2
CEO_BARKED_TWICE,EMP-010,EMPLOYMENT,,Managing Member,AUTHORING,authoring/ceo_employment.csv,EMP-010,2021-08-28,,,,Managing Member,"{""content_role"":""CORE_EVIDENCE"",""employment_id"":""EMP-010"",""end_date"":"""",""job_title"":""Managing Member"",""organization_record_id"":""OR-NIGHTJAR-01"",""person_record_id"":""PR-ROWAN-01"",""start_date"":""2021-08-28""}",authoring/ceo_employment.csv#EMP-010,CORE_EVIDENCE,2d06a2b5e44349a62feb022c9f01b26e4e3f2c3495498fed0a941b3c14484315,2026.07.19.2
CEO_BARKED_TWICE,EMP-011,EMPLOYMENT,,Technical Consultant,AUTHORING,authoring/ceo_employment.csv,EMP-011,2021-12-03,,,,Technical Consultant,"{""content_role"":""CORE_EVIDENCE"",""employment_id"":""EMP-011"",""end_date"":"""",""job_title"":""Technical Consultant"",""organization_record_id"":""OR-NIGHTJAR-01"",""person_record_id"":""PR-IVY-01"",""start_date"":""2021-12-03""}",authoring/ceo_employment.csv#EMP-011,CORE_EVIDENCE,c55a34a898296804d12e27c9d3ff28389c34af48595e779a39ec3c059150115c,2026.07.19.2
CEO_BARKED_TWICE,EMP-012,EMPLOYMENT,,Operations Contractor,AUTHORING,authoring/ceo_employment.csv,EMP-012,2022-03-10,,,,Operations Contractor,"{""content_role"":""CORE_EVIDENCE"",""employment_id"":""EMP-012"",""end_date"":"""",""job_title"":""Operations Contractor"",""organization_record_id"":""OR-NIGHTJAR-01"",""person_record_id"":""PR-GRANT-01"",""start_date"":""2022-03-10""}",authoring/ceo_employment.csv#EMP-012,CORE_EVIDENCE,8caa5b6022076f19ce1e8a0f856f54b584b96424799b5360c84babd1fb23d752,2026.07.19.2
CEO_BARKED_TWICE,INC-001,INCIDENT,,Urgent confidential payment request originated from lookalike domain silvercoilar.example.,AUTHORING,authoring/ceo_incidents.csv,INC-001,,,,CONFIRMED,Urgent confidential payment request originated from lookalike domain silvercoilar.example.,"{""content_role"":""CORE_EVIDENCE"",""incident_id"":""INC-001"",""incident_type"":""CEO_IMPERSONATION"",""opened_at"":""2026-02-10T16:30:00Z"",""related_record_ids"":""COM-002;DOM-SCC-TYPO;INV-COPPER-1048-F"",""reported_by_record_id"":""PR-PENNY-01"",""severity"":""HIGH"",""status"":""CONFIRMED"",""summary"":""Urgent confidential payment request originated from lookalike domain silvercoilar.example.""}",authoring/ceo_incidents.csv#INC-001,CORE_EVIDENCE,54948a4bf915f7ce03317c374bfcdca4f6da0bda1efd3902d1407625d7e869ce,2026.07.19.2
CEO_BARKED_TWICE,INC-002,INCIDENT,,Penny Pug mailbox contained malicious forwarding and deletion rules created from external infrastructure.,AUTHORING,authoring/ceo_incidents.csv,INC-002,,,,CONFIRMED,Penny Pug mailbox contained malicious forwarding and deletion rules created from external infrastructure.,"{""content_role"":""CORE_EVIDENCE"",""incident_id"":""INC-002"",""incident_type"":""MAILBOX_COMPROMISE"",""opened_at"":""2026-02-11T09:10:00Z"",""related_record_ids"":""MR-001;MR-002;LOGIN-0010;LOGIN-0014"",""reported_by_record_id"":""PR-THEO-01"",""severity"":""CRITICAL"",""status"":""CONFIRMED"",""summary"":""Penny Pug mailbox contained malicious forwarding and deletion rules created from external infrastructure.""}",authoring/ceo_incidents.csv#INC-002,CORE_EVIDENCE,bf1db204830fabdd1db9606e3006c63c70aa5141ca3f3ec7ce09b9a294ad5751,2026.07.19.2
CEO_BARKED_TWICE,INC-003,INCIDENT,,Payment for legitimate Copper Paw invoice was redirected from verified account 2207 to account 8842.,AUTHORING,authoring/ceo_incidents.csv,INC-003,,,,CONFIRMED,Payment for legitimate Copper Paw invoice was redirected from verified account 2207 to account 8842.,"{""content_role"":""CORE_EVIDENCE"",""incident_id"":""INC-003"",""incident_type"":""PAYMENT_DIVERSION"",""opened_at"":""2026-02-11T10:00:00Z"",""related_record_ids"":""TX-FRAUD-001;A-COPPER-2207;A-NIGHTJAR-8842"",""reported_by_record_id"":""PR-MABEL-01"",""severity"":""CRITICAL"",""status"":""CONFIRMED"",""summary"":""Payment for legitimate Copper Paw invoice was redirected from verified account 2207 to account 8842.""}",authoring/ceo_incidents.csv#INC-003,CORE_EVIDENCE,caa5b7c96496d4ececf33d58e4b5269b8625ee7e3bf59f02f0084d807fe0da96,2026.07.19.2
CEO_BARKED_TWICE,INC-004,INCIDENT,,"Funds from 8842 were split to accounts controlled by Grant, Rowan, Ivy, and Harbor Hound.",AUTHORING,authoring/ceo_incidents.csv,INC-004,,,,CONFIRMED,"Funds from 8842 were split to accounts controlled by Grant, Rowan, Ivy, and Harbor Hound.","{""content_role"":""CORE_EVIDENCE"",""incident_id"":""INC-004"",""incident_type"":""FUNDS_DISPERSAL"",""opened_at"":""2026-02-11T12:00:00Z"",""related_record_ids"":""TX-FRAUD-002;TX-FRAUD-003;TX-FRAUD-004;TX-FRAUD-005"",""reported_by_record_id"":""PR-MABEL-01"",""severity"":""CRITICAL"",""status"":""CONFIRMED"",""summary"":""Funds from 8842 were split to accounts controlled by Grant, Rowan, Ivy, and Harbor Hound.""}",authoring/ceo_incidents.csv#INC-004,CORE_EVIDENCE,4f836dcf71a3d026f7d69065190c3bbbe7e0a4a6609b54b51bdb8586eb22f5b0,2026.07.19.2
CEO_BARKED_TWICE,INC-005,INCIDENT,,"125,000 BSC was frozen at Harbor Hound and moved to recovery escrow.",AUTHORING,authoring/ceo_incidents.csv,INC-005,,,,PARTIALLY_RECOVERED,"125,000 BSC was frozen at Harbor Hound and moved to recovery escrow.","{""content_role"":""SUPPORTING_EVIDENCE"",""incident_id"":""INC-005"",""incident_type"":""PARTIAL_RECOVERY"",""opened_at"":""2026-02-12T12:00:00Z"",""related_record_ids"":""TX-RECOVERY-001;A-HARBOR-6104;A-BANK-HOLD-9000"",""reported_by_record_id"":""PR-MABEL-01"",""severity"":""MEDIUM"",""status"":""PARTIALLY_RECOVERED"",""summary"":""125,000 BSC was frozen at Harbor Hound and moved to recovery escrow.""}",authoring/ceo_incidents.csv#INC-005,SUPPORTING_EVIDENCE,006766567fcb9c5d94c363c9bfec22ea2e4d261575c166db5f5a955b1dfbaca7,2026.07.19.2
CEO_BARKED_TWICE,INC-006,INCIDENT,,An invoice number was reused by an unrelated vendor and resolved through PO context.,AUTHORING,authoring/ceo_incidents.csv,INC-006,,,,CLOSED,An invoice number was reused by an unrelated vendor and resolved through PO context.,"{""content_role"":""BACKGROUND"",""incident_id"":""INC-006"",""incident_type"":""DUPLICATE_INVOICE"",""opened_at"":""2025-11-25T00:00:00Z"",""related_record_ids"":""COM-006;DOC-006"",""reported_by_record_id"":""PR-RHEA-01"",""severity"":""HIGH"",""status"":""CLOSED"",""summary"":""An invoice number was reused by an unrelated vendor and resolved through PO context.""}",authoring/ceo_incidents.csv#INC-006,BACKGROUND,802e48b307cbcfa01a1272e5e38eee89035671cf37d8fb270a0ea14e66ddf63e,2026.07.19.2
CEO_BARKED_TWICE,INC-007,INCIDENT,,A similar name or shared address produced an unrelated alert.,AUTHORING,authoring/ceo_incidents.csv,INC-007,,,,CLOSED,A similar name or shared address produced an unrelated alert.,"{""content_role"":""BACKGROUND"",""incident_id"":""INC-007"",""incident_type"":""FALSE_POSITIVE"",""opened_at"":""2025-12-12T00:00:00Z"",""related_record_ids"":""COM-007;DOC-007"",""reported_by_record_id"":""PR-MABEL-01"",""severity"":""LOW"",""status"":""CLOSED"",""summary"":""A similar name or shared address produced an unrelated alert.""}",authoring/ceo_incidents.csv#INC-007,BACKGROUND,c6cdc357d1f690dc2042aa8d097ddd38b57fbba95ac8cd251929aeab7033ba2c,2026.07.19.2
CEO_BARKED_TWICE,INC-008,INCIDENT,,An exception bypassed a configured verification control.,AUTHORING,authoring/ceo_incidents.csv,INC-008,,,,CLOSED,An exception bypassed a configured verification control.,"{""content_role"":""BACKGROUND"",""incident_id"":""INC-008"",""incident_type"":""CONTROL_BREACH"",""opened_at"":""2025-12-29T00:00:00Z"",""related_record_ids"":""COM-008;DOC-008"",""reported_by_record_id"":""PR-SOPHIE-01"",""severity"":""MEDIUM"",""status"":""CLOSED"",""summary"":""An exception bypassed a configured verification control.""}",authoring/ceo_incidents.csv#INC-008,BACKGROUND,f5e4690443f8027128aea4995b734da5a5e497282115c5ace38bbef42ee6c418,2026.07.19.2
CEO_BARKED_TWICE,INC-009,INCIDENT,,A legitimate vendor change was approved after callback verification.,AUTHORING,authoring/ceo_incidents.csv,INC-009,,,,OPEN,A legitimate vendor change was approved after callback verification.,"{""content_role"":""BACKGROUND"",""incident_id"":""INC-009"",""incident_type"":""VENDOR_MASTER_EXCEPTION"",""opened_at"":""2026-01-15T00:00:00Z"",""related_record_ids"":""COM-009;DOC-009"",""reported_by_record_id"":""PR-THEO-01"",""severity"":""HIGH"",""status"":""OPEN"",""summary"":""A legitimate vendor change was approved after callback verification.""}",authoring/ceo_incidents.csv#INC-009,BACKGROUND,afbbd5f565a05eb466e7fa8e0718b65092b9badbf42bbb2646414f17b420f574,2026.07.19.2
CEO_BARKED_TWICE,INC-010,INCIDENT,,A login outside normal hours was reviewed and linked to approved travel.,AUTHORING,authoring/ceo_incidents.csv,INC-010,,,,CLOSED,A login outside normal hours was reviewed and linked to approved travel.,"{""content_role"":""BACKGROUND"",""incident_id"":""INC-010"",""incident_type"":""UNUSUAL_LOGIN"",""opened_at"":""2026-02-01T00:00:00Z"",""related_record_ids"":""COM-010;DOC-010"",""reported_by_record_id"":""PR-RHEA-01"",""severity"":""LOW"",""status"":""CLOSED"",""summary"":""A login outside normal hours was reviewed and linked to approved travel.""}",authoring/ceo_incidents.csv#INC-010,BACKGROUND,a088d5c758adb555a796b3afa6ba1a684ab3f0317bbbe0e4b84448eb4cbd69ae,2026.07.19.2
CEO_BARKED_TWICE,IL-INV-COPPER-1048-G-01,INVOICE_LINE,,Primary goods,INVOICE_SYSTEM,authoring/ceo_invoice_lines.csv,IL-INV-COPPER-1048-G-01,,,,,Primary goods,"{""content_role"":""CORE_EVIDENCE"",""description"":""Primary goods"",""invoice_id"":""INV-COPPER-1048-G"",""invoice_line_id"":""IL-INV-COPPER-1048-G-01"",""line_amount"":""155400.00"",""line_number"":""1"",""purchase_order_id"":""PO-26005"",""quantity"":""12"",""source_system_id"":""INVOICE_SYSTEM"",""unit_price"":""12950.00""}",authoring/ceo_invoice_lines.csv#IL-INV-COPPER-1048-G-01,CORE_EVIDENCE,6289f1a23df1f00a54fa4d3b6fce87fc39ed00f3b44319f677ae166348cbb23f,2026.07.19.2
CEO_BARKED_TWICE,IL-INV-COPPER-1048-G-02,INVOICE_LINE,,Freight and handling,INVOICE_SYSTEM,authoring/ceo_invoice_lines.csv,IL-INV-COPPER-1048-G-02,,,,,Freight and handling,"{""content_role"":""CORE_EVIDENCE"",""description"":""Freight and handling"",""invoice_id"":""INV-COPPER-1048-G"",""invoice_line_id"":""IL-INV-COPPER-1048-G-02"",""line_amount"":""121800.00"",""line_number"":""2"",""purchase_order_id"":""PO-26005"",""quantity"":""8"",""source_system_id"":""INVOICE_SYSTEM"",""unit_price"":""15225.00""}",authoring/ceo_invoice_lines.csv#IL-INV-COPPER-1048-G-02,CORE_EVIDENCE,a6af28b2ea24ba7e86cd197ff326d1064c0a55cedc14fbc8ade8323ee224e3e2,2026.07.19.2
CEO_BARKED_TWICE,IL-INV-COPPER-1048-G-03,INVOICE_LINE,,Calibration/service,INVOICE_SYSTEM,authoring/ceo_invoice_lines.csv,IL-INV-COPPER-1048-G-03,,,,,Calibration/service,"{""content_role"":""CORE_EVIDENCE"",""description"":""Calibration/service"",""invoice_id"":""INV-COPPER-1048-G"",""invoice_line_id"":""IL-INV-COPPER-1048-G-03"",""line_amount"":""88200.00"",""line_number"":""3"",""purchase_order_id"":""PO-26005"",""quantity"":""4"",""source_system_id"":""INVOICE_SYSTEM"",""unit_price"":""22050.00""}",authoring/ceo_invoice_lines.csv#IL-INV-COPPER-1048-G-03,CORE_EVIDENCE,41f787cba348e7ccf3c416985c1fa09198f3f5a253e6ac2f9b5201d46342b857,2026.07.19.2
CEO_BARKED_TWICE,IL-INV-COPPER-1048-G-04,INVOICE_LINE,,Tax and administration,INVOICE_SYSTEM,authoring/ceo_invoice_lines.csv,IL-INV-COPPER-1048-G-04,,,,,Tax and administration,"{""content_role"":""CORE_EVIDENCE"",""description"":""Tax and administration"",""invoice_id"":""INV-COPPER-1048-G"",""invoice_line_id"":""IL-INV-COPPER-1048-G-04"",""line_amount"":""54600.00"",""line_number"":""4"",""purchase_order_id"":""PO-26005"",""quantity"":""1"",""source_system_id"":""INVOICE_SYSTEM"",""unit_price"":""54600.00""}",authoring/ceo_invoice_lines.csv#IL-INV-COPPER-1048-G-04,CORE_EVIDENCE,b13eb53641d857b0b6edea3c8c27b503af49326b7cdc7858fac07bd8ff49940d,2026.07.19.2
CEO_BARKED_TWICE,IL-INV-COPPER-1048-F-01,INVOICE_LINE,,Primary goods,INVOICE_SYSTEM,authoring/ceo_invoice_lines.csv,IL-INV-COPPER-1048-F-01,,,,,Primary goods,"{""content_role"":""CORE_EVIDENCE"",""description"":""Primary goods"",""invoice_id"":""INV-COPPER-1048-F"",""invoice_line_id"":""IL-INV-COPPER-1048-F-01"",""line_amount"":""155400.00"",""line_number"":""1"",""purchase_order_id"":""PO-26005"",""quantity"":""12"",""source_system_id"":""INVOICE_SYSTEM"",""unit_price"":""12950.00""}",authoring/ceo_invoice_lines.csv#IL-INV-COPPER-1048-F-01,CORE_EVIDENCE,d38b94f6ce25a449caebcb600eeccae3dc5e606463d3eb530e62211472beedb8,2026.07.19.2
CEO_BARKED_TWICE,IL-INV-COPPER-1048-F-02,INVOICE_LINE,,Freight and handling,INVOICE_SYSTEM,authoring/ceo_invoice_lines.csv,IL-INV-COPPER-1048-F-02,,,,,Freight and handling,"{""content_role"":""CORE_EVIDENCE"",""description"":""Freight and handling"",""invoice_id"":""INV-COPPER-1048-F"",""invoice_line_id"":""IL-INV-COPPER-1048-F-02"",""line_amount"":""121800.00"",""line_number"":""2"",""purchase_order_id"":""PO-26005"",""quantity"":""8"",""source_system_id"":""INVOICE_SYSTEM"",""unit_price"":""15225.00""}",authoring/ceo_invoice_lines.csv#IL-INV-COPPER-1048-F-02,CORE_EVIDENCE,f9b68f76897b7487bb8ea4580ec88770141b2344276e06e8f37b69ca7c44f820,2026.07.19.2
CEO_BARKED_TWICE,IL-INV-COPPER-1048-F-03,INVOICE_LINE,,Calibration/service,INVOICE_SYSTEM,authoring/ceo_invoice_lines.csv,IL-INV-COPPER-1048-F-03,,,,,Calibration/service,"{""content_role"":""CORE_EVIDENCE"",""description"":""Calibration/service"",""invoice_id"":""INV-COPPER-1048-F"",""invoice_line_id"":""IL-INV-COPPER-1048-F-03"",""line_amount"":""88200.00"",""line_number"":""3"",""purchase_order_id"":""PO-26005"",""quantity"":""4"",""source_system_id"":""INVOICE_SYSTEM"",""unit_price"":""22050.00""}",authoring/ceo_invoice_lines.csv#IL-INV-COPPER-1048-F-03,CORE_EVIDENCE,7d20f0053929ca719d1de06cb24e30f0ecbca5d6c8f558a33826a687b4f6612d,2026.07.19.2
CEO_BARKED_TWICE,IL-INV-COPPER-1048-F-04,INVOICE_LINE,,Tax and administration,INVOICE_SYSTEM,authoring/ceo_invoice_lines.csv,IL-INV-COPPER-1048-F-04,,,,,Tax and administration,"{""content_role"":""CORE_EVIDENCE"",""description"":""Tax and administration"",""invoice_id"":""INV-COPPER-1048-F"",""invoice_line_id"":""IL-INV-COPPER-1048-F-04"",""line_amount"":""54600.00"",""line_number"":""4"",""purchase_order_id"":""PO-26005"",""quantity"":""1"",""source_system_id"":""INVOICE_SYSTEM"",""unit_price"":""54600.00""}",authoring/ceo_invoice_lines.csv#IL-INV-COPPER-1048-F-04,CORE_EVIDENCE,14d1a30726d2bdfdde4f1c117b229a98f973fb9ea82c0962eb6eb134a7ebddd0,2026.07.19.2
CEO_BARKED_TWICE,IL-INV-COPPER-1059-G-01,INVOICE_LINE,,Primary goods,INVOICE_SYSTEM,authoring/ceo_invoice_lines.csv,IL-INV-COPPER-1059-G-01,,,,,Primary goods,"{""content_role"":""CORE_EVIDENCE"",""description"":""Primary goods"",""invoice_id"":""INV-COPPER-1059-G"",""invoice_line_id"":""IL-INV-COPPER-1059-G-01"",""line_amount"":""251600.00"",""line_number"":""1"",""purchase_order_id"":""PO-26013"",""quantity"":""12"",""source_system_id"":""INVOICE_SYSTEM"",""unit_price"":""20966.67""}",authoring/ceo_invoice_lines.csv#IL-INV-COPPER-1059-G-01,CORE_EVIDENCE,6979e71bd76d542c479b79a6f22af56833381f17bc0f7a4b0d4dbdb3f4653bd9,2026.07.19.2
CEO_BARKED_TWICE,IL-INV-COPPER-1059-G-02,INVOICE_LINE,,Freight and handling,INVOICE_SYSTEM,authoring/ceo_invoice_lines.csv,IL-INV-COPPER-1059-G-02,,,,,Freight and handling,"{""content_role"":""CORE_EVIDENCE"",""description"":""Freight and handling"",""invoice_id"":""INV-COPPER-1059-G"",""invoice_line_id"":""IL-INV-COPPER-1059-G-02"",""line_amount"":""197200.00"",""line_number"":""2"",""purchase_order_id"":""PO-26013"",""quantity"":""8"",""source_system_id"":""INVOICE_SYSTEM"",""unit_price"":""24650.00""}",authoring/ceo_invoice_lines.csv#IL-INV-COPPER-1059-G-02,CORE_EVIDENCE,6a735a690263de3175a654535781e00f0ee98452ad68f825673e6739b83931e0,2026.07.19.2
CEO_BARKED_TWICE,IL-INV-COPPER-1059-G-03,INVOICE_LINE,,Calibration/service,INVOICE_SYSTEM,authoring/ceo_invoice_lines.csv,IL-INV-COPPER-1059-G-03,,,,,Calibration/service,"{""content_role"":""CORE_EVIDENCE"",""description"":""Calibration/service"",""invoice_id"":""INV-COPPER-1059-G"",""invoice_line_id"":""IL-INV-COPPER-1059-G-03"",""line_amount"":""142800.00"",""line_number"":""3"",""purchase_order_id"":""PO-26013"",""quantity"":""4"",""source_system_id"":""INVOICE_SYSTEM"",""unit_price"":""35700.00""}",authoring/ceo_invoice_lines.csv#IL-INV-COPPER-1059-G-03,CORE_EVIDENCE,e0c23d97b02aee6e2630796ebf0b7e34724d7f3250b155e359591b4f82150fc4,2026.07.19.2
CEO_BARKED_TWICE,IL-INV-COPPER-1059-G-04,INVOICE_LINE,,Tax and administration,INVOICE_SYSTEM,authoring/ceo_invoice_lines.csv,IL-INV-COPPER-1059-G-04,,,,,Tax and administration,"{""content_role"":""CORE_EVIDENCE"",""description"":""Tax and administration"",""invoice_id"":""INV-COPPER-1059-G"",""invoice_line_id"":""IL-INV-COPPER-1059-G-04"",""line_amount"":""88400.00"",""line_number"":""4"",""purchase_order_id"":""PO-26013"",""quantity"":""1"",""source_system_id"":""INVOICE_SYSTEM"",""unit_price"":""88400.00""}",authoring/ceo_invoice_lines.csv#IL-INV-COPPER-1059-G-04,CORE_EVIDENCE,399f475907cfe7c2c0e389b0b2a80c1ea39b5800b996d51f17a9c3a2874b3c30,2026.07.19.2
CEO_BARKED_TWICE,IL-INV-COPPER-1059-F-01,INVOICE_LINE,,Primary goods,INVOICE_SYSTEM,authoring/ceo_invoice_lines.csv,IL-INV-COPPER-1059-F-01,,,,,Primary goods,"{""content_role"":""CORE_EVIDENCE"",""description"":""Primary goods"",""invoice_id"":""INV-COPPER-1059-F"",""invoice_line_id"":""IL-INV-COPPER-1059-F-01"",""line_amount"":""251600.00"",""line_number"":""1"",""purchase_order_id"":""PO-26013"",""quantity"":""12"",""source_system_id"":""INVOICE_SYSTEM"",""unit_price"":""20966.67""}",authoring/ceo_invoice_lines.csv#IL-INV-COPPER-1059-F-01,CORE_EVIDENCE,cad9489cdf6aef5748ed426c4d0c25fc0665d81c0a615a871814abf1a6824428,2026.07.19.2
CEO_BARKED_TWICE,IL-INV-COPPER-1059-F-02,INVOICE_LINE,,Freight and handling,INVOICE_SYSTEM,authoring/ceo_invoice_lines.csv,IL-INV-COPPER-1059-F-02,,,,,Freight and handling,"{""content_role"":""CORE_EVIDENCE"",""description"":""Freight and handling"",""invoice_id"":""INV-COPPER-1059-F"",""invoice_line_id"":""IL-INV-COPPER-1059-F-02"",""line_amount"":""197200.00"",""line_number"":""2"",""purchase_order_id"":""PO-26013"",""quantity"":""8"",""source_system_id"":""INVOICE_SYSTEM"",""unit_price"":""24650.00""}",authoring/ceo_invoice_lines.csv#IL-INV-COPPER-1059-F-02,CORE_EVIDENCE,5e4815b2ba124cee995bda98694624cc89f72335e8077b7eec10e66448f859c4,2026.07.19.2
CEO_BARKED_TWICE,IL-INV-COPPER-1059-F-03,INVOICE_LINE,,Calibration/service,INVOICE_SYSTEM,authoring/ceo_invoice_lines.csv,IL-INV-COPPER-1059-F-03,,,,,Calibration/service,"{""content_role"":""CORE_EVIDENCE"",""description"":""Calibration/service"",""invoice_id"":""INV-COPPER-1059-F"",""invoice_line_id"":""IL-INV-COPPER-1059-F-03"",""line_amount"":""142800.00"",""line_number"":""3"",""purchase_order_id"":""PO-26013"",""quantity"":""4"",""source_system_id"":""INVOICE_SYSTEM"",""unit_price"":""35700.00""}",authoring/ceo_invoice_lines.csv#IL-INV-COPPER-1059-F-03,CORE_EVIDENCE,e14d7f22b0b1b9e2a346a9b441f8bbc63a6203c402020ff070a508b681a8552a,2026.07.19.2
CEO_BARKED_TWICE,IL-INV-COPPER-1059-F-04,INVOICE_LINE,,Tax and administration,INVOICE_SYSTEM,authoring/ceo_invoice_lines.csv,IL-INV-COPPER-1059-F-04,,,,,Tax and administration,"{""content_role"":""CORE_EVIDENCE"",""description"":""Tax and administration"",""invoice_id"":""INV-COPPER-1059-F"",""invoice_line_id"":""IL-INV-COPPER-1059-F-04"",""line_amount"":""88400.00"",""line_number"":""4"",""purchase_order_id"":""PO-26013"",""quantity"":""1"",""source_system_id"":""INVOICE_SYSTEM"",""unit_price"":""88400.00""}",authoring/ceo_invoice_lines.csv#IL-INV-COPPER-1059-F-04,CORE_EVIDENCE,87d046dd5b5508b0854b3385e9fee153d17818628f5ebfba133f55b375310e2c,2026.07.19.2
CEO_BARKED_TWICE,IL-INV-COPPER-1062-G-01,INVOICE_LINE,,Primary goods,INVOICE_SYSTEM,authoring/ceo_invoice_lines.csv,IL-INV-COPPER-1062-G-01,,,,,Primary goods,"{""content_role"":""CORE_EVIDENCE"",""description"":""Primary goods"",""invoice_id"":""INV-COPPER-1062-G"",""invoice_line_id"":""IL-INV-COPPER-1062-G-01"",""line_amount"":""57350.00"",""line_number"":""1"",""purchase_order_id"":""PO-26021"",""quantity"":""12"",""source_system_id"":""INVOICE_SYSTEM"",""unit_price"":""4779.17""}",authoring/ceo_invoice_lines.csv#IL-INV-COPPER-1062-G-01,CORE_EVIDENCE,af1c2f1e131cc9df5156a1a08b472d9d08026f8fc555ee96708935239aeae855,2026.07.19.2
CEO_BARKED_TWICE,IL-INV-COPPER-1062-G-02,INVOICE_LINE,,Freight and handling,INVOICE_SYSTEM,authoring/ceo_invoice_lines.csv,IL-INV-COPPER-1062-G-02,,,,,Freight and handling,"{""content_role"":""CORE_EVIDENCE"",""description"":""Freight and handling"",""invoice_id"":""INV-COPPER-1062-G"",""invoice_line_id"":""IL-INV-COPPER-1062-G-02"",""line_amount"":""44950.00"",""line_number"":""2"",""purchase_order_id"":""PO-26021"",""quantity"":""8"",""source_system_id"":""INVOICE_SYSTEM"",""unit_price"":""5618.75""}",authoring/ceo_invoice_lines.csv#IL-INV-COPPER-1062-G-02,CORE_EVIDENCE,af77d06a717a0d9dbd0ed7e14a57e5c80b9fa42b1d0ceced99ad3b3c00fa1496,2026.07.19.2
CEO_BARKED_TWICE,IL-INV-COPPER-1062-G-03,INVOICE_LINE,,Calibration/service,INVOICE_SYSTEM,authoring/ceo_invoice_lines.csv,IL-INV-COPPER-1062-G-03,,,,,Calibration/service,"{""content_role"":""CORE_EVIDENCE"",""description"":""Calibration/service"",""invoice_id"":""INV-COPPER-1062-G"",""invoice_line_id"":""IL-INV-COPPER-1062-G-03"",""line_amount"":""32550.00"",""line_number"":""3"",""purchase_order_id"":""PO-26021"",""quantity"":""4"",""source_system_id"":""INVOICE_SYSTEM"",""unit_price"":""8137.50""}",authoring/ceo_invoice_lines.csv#IL-INV-COPPER-1062-G-03,CORE_EVIDENCE,42633b2d28fa8019dde76c43bfa267dfefef236279050596eb2be6c517229602,2026.07.19.2
CEO_BARKED_TWICE,IL-INV-COPPER-1062-G-04,INVOICE_LINE,,Tax and administration,INVOICE_SYSTEM,authoring/ceo_invoice_lines.csv,IL-INV-COPPER-1062-G-04,,,,,Tax and administration,"{""content_role"":""CORE_EVIDENCE"",""description"":""Tax and administration"",""invoice_id"":""INV-COPPER-1062-G"",""invoice_line_id"":""IL-INV-COPPER-1062-G-04"",""line_amount"":""20150.00"",""line_number"":""4"",""purchase_order_id"":""PO-26021"",""quantity"":""1"",""source_system_id"":""INVOICE_SYSTEM"",""unit_price"":""20150.00""}",authoring/ceo_invoice_lines.csv#IL-INV-COPPER-1062-G-04,CORE_EVIDENCE,73d4df38ea903e14a371e477afee9b363da781d2259a844460d8dbfc8a7a077b,2026.07.19.2
CEO_BARKED_TWICE,IL-INV-COPPER-1062-F-01,INVOICE_LINE,,Primary goods,INVOICE_SYSTEM,authoring/ceo_invoice_lines.csv,IL-INV-COPPER-1062-F-01,,,,,Primary goods,"{""content_role"":""CORE_EVIDENCE"",""description"":""Primary goods"",""invoice_id"":""INV-COPPER-1062-F"",""invoice_line_id"":""IL-INV-COPPER-1062-F-01"",""line_amount"":""57350.00"",""line_number"":""1"",""purchase_order_id"":""PO-26021"",""quantity"":""12"",""source_system_id"":""INVOICE_SYSTEM"",""unit_price"":""4779.17""}",authoring/ceo_invoice_lines.csv#IL-INV-COPPER-1062-F-01,CORE_EVIDENCE,94bbcee5534bfe4c31b228f23fac7c5572983e7184f0230f689ac1dcad227941,2026.07.19.2
CEO_BARKED_TWICE,IL-INV-COPPER-1062-F-02,INVOICE_LINE,,Freight and handling,INVOICE_SYSTEM,authoring/ceo_invoice_lines.csv,IL-INV-COPPER-1062-F-02,,,,,Freight and handling,"{""content_role"":""CORE_EVIDENCE"",""description"":""Freight and handling"",""invoice_id"":""INV-COPPER-1062-F"",""invoice_line_id"":""IL-INV-COPPER-1062-F-02"",""line_amount"":""44950.00"",""line_number"":""2"",""purchase_order_id"":""PO-26021"",""quantity"":""8"",""source_system_id"":""INVOICE_SYSTEM"",""unit_price"":""5618.75""}",authoring/ceo_invoice_lines.csv#IL-INV-COPPER-1062-F-02,CORE_EVIDENCE,861eeb7bdc482cd08496feaa3159ca362a8c9cd21f3d1b23acceac51d44a1367,2026.07.19.2
CEO_BARKED_TWICE,IL-INV-COPPER-1062-F-03,INVOICE_LINE,,Calibration/service,INVOICE_SYSTEM,authoring/ceo_invoice_lines.csv,IL-INV-COPPER-1062-F-03,,,,,Calibration/service,"{""content_role"":""CORE_EVIDENCE"",""description"":""Calibration/service"",""invoice_id"":""INV-COPPER-1062-F"",""invoice_line_id"":""IL-INV-COPPER-1062-F-03"",""line_amount"":""32550.00"",""line_number"":""3"",""purchase_order_id"":""PO-26021"",""quantity"":""4"",""source_system_id"":""INVOICE_SYSTEM"",""unit_price"":""8137.50""}",authoring/ceo_invoice_lines.csv#IL-INV-COPPER-1062-F-03,CORE_EVIDENCE,a94d769ed62d317b94b7135f95dbf509e5cf1f7d98e5589d956e88129d9d4f18,2026.07.19.2
CEO_BARKED_TWICE,IL-INV-COPPER-1062-F-04,INVOICE_LINE,,Tax and administration,INVOICE_SYSTEM,authoring/ceo_invoice_lines.csv,IL-INV-COPPER-1062-F-04,,,,,Tax and administration,"{""content_role"":""CORE_EVIDENCE"",""description"":""Tax and administration"",""invoice_id"":""INV-COPPER-1062-F"",""invoice_line_id"":""IL-INV-COPPER-1062-F-04"",""line_amount"":""20150.00"",""line_number"":""4"",""purchase_order_id"":""PO-26021"",""quantity"":""1"",""source_system_id"":""INVOICE_SYSTEM"",""unit_price"":""20150.00""}",authoring/ceo_invoice_lines.csv#IL-INV-COPPER-1062-F-04,CORE_EVIDENCE,2fc1db128a92a20d3fd08c497e1a72c0b63b893d68c38526032d7bdcd92c8988,2026.07.19.2
CEO_BARKED_TWICE,IL-INV-0001-01,INVOICE_LINE,,Primary goods,INVOICE_SYSTEM,authoring/ceo_invoice_lines.csv,IL-INV-0001-01,,,,,Primary goods,"{""content_role"":""BACKGROUND"",""description"":""Primary goods"",""invoice_id"":""INV-0001"",""invoice_line_id"":""IL-INV-0001-01"",""line_amount"":""25789.00"",""line_number"":""1"",""purchase_order_id"":""PO-26001"",""quantity"":""12"",""source_system_id"":""INVOICE_SYSTEM"",""unit_price"":""2149.08""}",authoring/ceo_invoice_lines.csv#IL-INV-0001-01,BACKGROUND,f2ff027840f114cdf296605cfd0e24d632a8a135f03c9fd2e5e77db0f236c058,2026.07.19.2
CEO_BARKED_TWICE,IL-INV-0001-02,INVOICE_LINE,,Freight and handling,INVOICE_SYSTEM,authoring/ceo_invoice_lines.csv,IL-INV-0001-02,,,,,Freight and handling,"{""content_role"":""BACKGROUND"",""description"":""Freight and handling"",""invoice_id"":""INV-0001"",""invoice_line_id"":""IL-INV-0001-02"",""line_amount"":""20213.00"",""line_number"":""2"",""purchase_order_id"":""PO-26001"",""quantity"":""8"",""source_system_id"":""INVOICE_SYSTEM"",""unit_price"":""2526.62""}",authoring/ceo_invoice_lines.csv#IL-INV-0001-02,BACKGROUND,c962fc830c22c900d03ee247b521cbd68fe0769b75ab8785e8690bb680c434d7,2026.07.19.2
CEO_BARKED_TWICE,IL-INV-0001-03,INVOICE_LINE,,Calibration/service,INVOICE_SYSTEM,authoring/ceo_invoice_lines.csv,IL-INV-0001-03,,,,,Calibration/service,"{""content_role"":""BACKGROUND"",""description"":""Calibration/service"",""invoice_id"":""INV-0001"",""invoice_line_id"":""IL-INV-0001-03"",""line_amount"":""14637.00"",""line_number"":""3"",""purchase_order_id"":""PO-26001"",""quantity"":""4"",""source_system_id"":""INVOICE_SYSTEM"",""unit_price"":""3659.25""}",authoring/ceo_invoice_lines.csv#IL-INV-0001-03,BACKGROUND,242e564a37f12b516326328931141c1d3aaaa73406d757149ece45feb62b37d1,2026.07.19.2
CEO_BARKED_TWICE,IL-INV-0001-04,INVOICE_LINE,,Tax and administration,INVOICE_SYSTEM,authoring/ceo_invoice_lines.csv,IL-INV-0001-04,,,,,Tax and administration,"{""content_role"":""BACKGROUND"",""description"":""Tax and administration"",""invoice_id"":""INV-0001"",""invoice_line_id"":""IL-INV-0001-04"",""line_amount"":""9061.00"",""line_number"":""4"",""purchase_order_id"":""PO-26001"",""quantity"":""1"",""source_system_id"":""INVOICE_SYSTEM"",""unit_price"":""9061.00""}",authoring/ceo_invoice_lines.csv#IL-INV-0001-04,BACKGROUND,2e098960371e4debffd8a5fc8ced5d125b40b780d16664cba2633dabc74112da,2026.07.19.2
CEO_BARKED_TWICE,IL-INV-0002-01,INVOICE_LINE,,Primary goods,INVOICE_SYSTEM,authoring/ceo_invoice_lines.csv,IL-INV-0002-01,,,,,Primary goods,"{""content_role"":""BACKGROUND"",""description"":""Primary goods"",""invoice_id"":""INV-0002"",""invoice_line_id"":""IL-INV-0002-01"",""line_amount"":""32456.40"",""line_number"":""1"",""purchase_order_id"":""PO-26002"",""quantity"":""12"",""source_system_id"":""INVOICE_SYSTEM"",""unit_price"":""2704.70""}",authoring/ceo_invoice_lines.csv#IL-INV-0002-01,BACKGROUND,76ff6740d43f58f0e38c1bfeef7416f51138a931e1fb68ff105142b405f67208,2026.07.19.2
CEO_BARKED_TWICE,IL-INV-0002-02,INVOICE_LINE,,Freight and handling,INVOICE_SYSTEM,authoring/ceo_invoice_lines.csv,IL-INV-0002-02,,,,,Freight and handling,"{""content_role"":""BACKGROUND"",""description"":""Freight and handling"",""invoice_id"":""INV-0002"",""invoice_line_id"":""IL-INV-0002-02"",""line_amount"":""25438.80"",""line_number"":""2"",""purchase_order_id"":""PO-26002"",""quantity"":""8"",""source_system_id"":""INVOICE_SYSTEM"",""unit_price"":""3179.85""}",authoring/ceo_invoice_lines.csv#IL-INV-0002-02,BACKGROUND,5ea7c2aa328aca1cbe1a474ff27dbc0813505a6f038d136055e60c202c95b1fb,2026.07.19.2
CEO_BARKED_TWICE,IL-INV-0002-03,INVOICE_LINE,,Calibration/service,INVOICE_SYSTEM,authoring/ceo_invoice_lines.csv,IL-INV-0002-03,,,,,Calibration/service,"{""content_role"":""BACKGROUND"",""description"":""Calibration/service"",""invoice_id"":""INV-0002"",""invoice_line_id"":""IL-INV-0002-03"",""line_amount"":""18421.20"",""line_number"":""3"",""purchase_order_id"":""PO-26002"",""quantity"":""4"",""source_system_id"":""INVOICE_SYSTEM"",""unit_price"":""4605.30""}",authoring/ceo_invoice_lines.csv#IL-INV-0002-03,BACKGROUND,64fd3d32b2c736aa72128d1e3f531ee5644671a763105525b702f58fc59d5c8e,2026.07.19.2
CEO_BARKED_TWICE,IL-INV-0002-04,INVOICE_LINE,,Tax and administration,INVOICE_SYSTEM,authoring/ceo_invoice_lines.csv,IL-INV-0002-04,,,,,Tax and administration,"{""content_role"":""BACKGROUND"",""description"":""Tax and administration"",""invoice_id"":""INV-0002"",""invoice_line_id"":""IL-INV-0002-04"",""line_amount"":""11403.60"",""line_number"":""4"",""purchase_order_id"":""PO-26002"",""quantity"":""1"",""source_system_id"":""INVOICE_SYSTEM"",""unit_price"":""11403.60""}",authoring/ceo_invoice_lines.csv#IL-INV-0002-04,BACKGROUND,39351bc947580eaf67f2713f7dde4bced4f798834a38276a4687be7f39d50cfc,2026.07.19.2
CEO_BARKED_TWICE,IL-INV-0003-01,INVOICE_LINE,,Primary goods,INVOICE_SYSTEM,authoring/ceo_invoice_lines.csv,IL-INV-0003-01,,,,,Primary goods,"{""content_role"":""BACKGROUND"",""description"":""Primary goods"",""invoice_id"":""INV-0003"",""invoice_line_id"":""IL-INV-0003-01"",""line_amount"":""39627.00"",""line_number"":""1"",""purchase_order_id"":""PO-26003"",""quantity"":""12"",""source_system_id"":""INVOICE_SYSTEM"",""unit_price"":""3302.25""}",authoring/ceo_invoice_lines.csv#IL-INV-0003-01,BACKGROUND,7e7b39e9f204ea49650860a4018af239fddba02255766f18f101133d275819d4,2026.07.19.2
CEO_BARKED_TWICE,IL-INV-0003-02,INVOICE_LINE,,Freight and handling,INVOICE_SYSTEM,authoring/ceo_invoice_lines.csv,IL-INV-0003-02,,,,,Freight and handling,"{""content_role"":""BACKGROUND"",""description"":""Freight and handling"",""invoice_id"":""INV-0003"",""invoice_line_id"":""IL-INV-0003-02"",""line_amount"":""31059.00"",""line_number"":""2"",""purchase_order_id"":""PO-26003"",""quantity"":""8"",""source_system_id"":""INVOICE_SYSTEM"",""unit_price"":""3882.37""}",authoring/ceo_invoice_lines.csv#IL-INV-0003-02,BACKGROUND,ae9214ff9e093a57f1cc63d224fe3530ffd6e4cfefa0b7a6fec9ad52b1221e5e,2026.07.19.2
CEO_BARKED_TWICE,IL-INV-0003-03,INVOICE_LINE,,Calibration/service,INVOICE_SYSTEM,authoring/ceo_invoice_lines.csv,IL-INV-0003-03,,,,,Calibration/service,"{""content_role"":""BACKGROUND"",""description"":""Calibration/service"",""invoice_id"":""INV-0003"",""invoice_line_id"":""IL-INV-0003-03"",""line_amount"":""22491.00"",""line_number"":""3"",""purchase_order_id"":""PO-26003"",""quantity"":""4"",""source_system_id"":""INVOICE_SYSTEM"",""unit_price"":""5622.75""}",authoring/ceo_invoice_lines.csv#IL-INV-0003-03,BACKGROUND,687dd36c8f0e87cfb113567b222d704cb284b693f1d899f5d1a780f16d5b3634,2026.07.19.2
CEO_BARKED_TWICE,IL-INV-0003-04,INVOICE_LINE,,Tax and administration,INVOICE_SYSTEM,authoring/ceo_invoice_lines.csv,IL-INV-0003-04,,,,,Tax and administration,"{""content_role"":""BACKGROUND"",""description"":""Tax and administration"",""invoice_id"":""INV-0003"",""invoice_line_id"":""IL-INV-0003-04"",""line_amount"":""13923.00"",""line_number"":""4"",""purchase_order_id"":""PO-26003"",""quantity"":""1"",""source_system_id"":""INVOICE_SYSTEM"",""unit_price"":""13923.00""}",authoring/ceo_invoice_lines.csv#IL-INV-0003-04,BACKGROUND,1c8ddeab1082ce098bf5df17319910ebc6ff9d551b9ada7cbb41e286d5cf30bb,2026.07.19.2
CEO_BARKED_TWICE,IL-INV-0004-01,INVOICE_LINE,,Primary goods,INVOICE_SYSTEM,authoring/ceo_invoice_lines.csv,IL-INV-0004-01,,,,,Primary goods,"{""content_role"":""BACKGROUND"",""description"":""Primary goods"",""invoice_id"":""INV-0004"",""invoice_line_id"":""IL-INV-0004-01"",""line_amount"":""47300.80"",""line_number"":""1"",""purchase_order_id"":""PO-26004"",""quantity"":""12"",""source_system_id"":""INVOICE_SYSTEM"",""unit_price"":""3941.73""}",authoring/ceo_invoice_lines.csv#IL-INV-0004-01,BACKGROUND,0759161e610d56cefee507bf58fec158b65dc9fe88950d8bca7fea5b5e247738,2026.07.19.2
CEO_BARKED_TWICE,IL-INV-0004-02,INVOICE_LINE,,Freight and handling,INVOICE_SYSTEM,authoring/ceo_invoice_lines.csv,IL-INV-0004-02,,,,,Freight and handling,"{""content_role"":""BACKGROUND"",""description"":""Freight and handling"",""invoice_id"":""INV-0004"",""invoice_line_id"":""IL-INV-0004-02"",""line_amount"":""37073.60"",""line_number"":""2"",""purchase_order_id"":""PO-26004"",""quantity"":""8"",""source_system_id"":""INVOICE_SYSTEM"",""unit_price"":""4634.20""}",authoring/ceo_invoice_lines.csv#IL-INV-0004-02,BACKGROUND,eef03527948d6268cf119deaca1cf27edf283120e35734e488f6e73551cd5add,2026.07.19.2
CEO_BARKED_TWICE,IL-INV-0004-03,INVOICE_LINE,,Calibration/service,INVOICE_SYSTEM,authoring/ceo_invoice_lines.csv,IL-INV-0004-03,,,,,Calibration/service,"{""content_role"":""BACKGROUND"",""description"":""Calibration/service"",""invoice_id"":""INV-0004"",""invoice_line_id"":""IL-INV-0004-03"",""line_amount"":""26846.40"",""line_number"":""3"",""purchase_order_id"":""PO-26004"",""quantity"":""4"",""source_system_id"":""INVOICE_SYSTEM"",""unit_price"":""6711.60""}",authoring/ceo_invoice_lines.csv#IL-INV-0004-03,BACKGROUND,08e8c7eeec6de56f1e72a623e44b8448c4fa22c5e61fe6ceb5a8c83d1a1d05b5,2026.07.19.2
CEO_BARKED_TWICE,IL-INV-0004-04,INVOICE_LINE,,Tax and administration,INVOICE_SYSTEM,authoring/ceo_invoice_lines.csv,IL-INV-0004-04,,,,,Tax and administration,"{""content_role"":""BACKGROUND"",""description"":""Tax and administration"",""invoice_id"":""INV-0004"",""invoice_line_id"":""IL-INV-0004-04"",""line_amount"":""16619.20"",""line_number"":""4"",""purchase_order_id"":""PO-26004"",""quantity"":""1"",""source_system_id"":""INVOICE_SYSTEM"",""unit_price"":""16619.20""}",authoring/ceo_invoice_lines.csv#IL-INV-0004-04,BACKGROUND,11276bae71a841cb698751938f4c84ad74864fc0da733e8e866422e32e4c2c25,2026.07.19.2
CEO_BARKED_TWICE,IL-INV-0005-01,INVOICE_LINE,,Primary goods,INVOICE_SYSTEM,authoring/ceo_invoice_lines.csv,IL-INV-0005-01,,,,,Primary goods,"{""content_role"":""BACKGROUND"",""description"":""Primary goods"",""invoice_id"":""INV-0005"",""invoice_line_id"":""IL-INV-0005-01"",""line_amount"":""55477.80"",""line_number"":""1"",""purchase_order_id"":""PO-26005"",""quantity"":""12"",""source_system_id"":""INVOICE_SYSTEM"",""unit_price"":""4623.15""}",authoring/ceo_invoice_lines.csv#IL-INV-0005-01,BACKGROUND,2d2dc90975254ab4b45ce53671b9f2a4bb8ecaf21b43ccd3eca99ea73749b4b1,2026.07.19.2
CEO_BARKED_TWICE,IL-INV-0005-02,INVOICE_LINE,,Freight and handling,INVOICE_SYSTEM,authoring/ceo_invoice_lines.csv,IL-INV-0005-02,,,,,Freight and handling,"{""content_role"":""BACKGROUND"",""description"":""Freight and handling"",""invoice_id"":""INV-0005"",""invoice_line_id"":""IL-INV-0005-02"",""line_amount"":""43482.60"",""line_number"":""2"",""purchase_order_id"":""PO-26005"",""quantity"":""8"",""source_system_id"":""INVOICE_SYSTEM"",""unit_price"":""5435.32""}",authoring/ceo_invoice_lines.csv#IL-INV-0005-02,BACKGROUND,6e690a852a12fbe9aa7fa7822909de65340b43d830225844a0d2076f19b873b0,2026.07.19.2
CEO_BARKED_TWICE,IL-INV-0005-03,INVOICE_LINE,,Calibration/service,INVOICE_SYSTEM,authoring/ceo_invoice_lines.csv,IL-INV-0005-03,,,,,Calibration/service,"{""content_role"":""BACKGROUND"",""description"":""Calibration/service"",""invoice_id"":""INV-0005"",""invoice_line_id"":""IL-INV-0005-03"",""line_amount"":""31487.40"",""line_number"":""3"",""purchase_order_id"":""PO-26005"",""quantity"":""4"",""source_system_id"":""INVOICE_SYSTEM"",""unit_price"":""7871.85""}",authoring/ceo_invoice_lines.csv#IL-INV-0005-03,BACKGROUND,f5ef68cb203e98195aac5c6ba40bfe6bd42bf665f28f8d2e082b6523cd559db1,2026.07.19.2
CEO_BARKED_TWICE,IL-INV-0005-04,INVOICE_LINE,,Tax and administration,INVOICE_SYSTEM,authoring/ceo_invoice_lines.csv,IL-INV-0005-04,,,,,Tax and administration,"{""content_role"":""BACKGROUND"",""description"":""Tax and administration"",""invoice_id"":""INV-0005"",""invoice_line_id"":""IL-INV-0005-04"",""line_amount"":""19492.20"",""line_number"":""4"",""purchase_order_id"":""PO-26005"",""quantity"":""1"",""source_system_id"":""INVOICE_SYSTEM"",""unit_price"":""19492.20""}",authoring/ceo_invoice_lines.csv#IL-INV-0005-04,BACKGROUND,096a43a18fa14badc27948bb5d245bdf5106fc13eea1fcc8647d4cce291a61db,2026.07.19.2
CEO_BARKED_TWICE,IL-INV-0006-01,INVOICE_LINE,,Primary goods,INVOICE_SYSTEM,authoring/ceo_invoice_lines.csv,IL-INV-0006-01,,,,,Primary goods,"{""content_role"":""BACKGROUND"",""description"":""Primary goods"",""invoice_id"":""INV-0006"",""invoice_line_id"":""IL-INV-0006-01"",""line_amount"":""51578.00"",""line_number"":""1"",""purchase_order_id"":""PO-26006"",""quantity"":""12"",""source_system_id"":""INVOICE_SYSTEM"",""unit_price"":""4298.17""}",authoring/ceo_invoice_lines.csv#IL-INV-0006-01,BACKGROUND,28fc97cc29aae30875054f2c2c5a4a0ba1283232d5c8f492fcfb6aa62cda1621,2026.07.19.2
CEO_BARKED_TWICE,IL-INV-0006-02,INVOICE_LINE,,Freight and handling,INVOICE_SYSTEM,authoring/ceo_invoice_lines.csv,IL-INV-0006-02,,,,,Freight and handling,"{""content_role"":""BACKGROUND"",""description"":""Freight and handling"",""invoice_id"":""INV-0006"",""invoice_line_id"":""IL-INV-0006-02"",""line_amount"":""40426.00"",""line_number"":""2"",""purchase_order_id"":""PO-26006"",""quantity"":""8"",""source_system_id"":""INVOICE_SYSTEM"",""unit_price"":""5053.25""}",authoring/ceo_invoice_lines.csv#IL-INV-0006-02,BACKGROUND,7231f913498f66af9269236b019bb6d2c746d9aab9d25a4ad87e5c17abf69019,2026.07.19.2
CEO_BARKED_TWICE,IL-INV-0006-03,INVOICE_LINE,,Calibration/service,INVOICE_SYSTEM,authoring/ceo_invoice_lines.csv,IL-INV-0006-03,,,,,Calibration/service,"{""content_role"":""BACKGROUND"",""description"":""Calibration/service"",""invoice_id"":""INV-0006"",""invoice_line_id"":""IL-INV-0006-03"",""line_amount"":""29274.00"",""line_number"":""3"",""purchase_order_id"":""PO-26006"",""quantity"":""4"",""source_system_id"":""INVOICE_SYSTEM"",""unit_price"":""7318.50""}",authoring/ceo_invoice_lines.csv#IL-INV-0006-03,BACKGROUND,4df74ed57a247f32a3ec0c5eea56e2cef17338d11c991a16eedec178d5803287,2026.07.19.2
CEO_BARKED_TWICE,IL-INV-0006-04,INVOICE_LINE,,Tax and administration,INVOICE_SYSTEM,authoring/ceo_invoice_lines.csv,IL-INV-0006-04,,,,,Tax and administration,"{""content_role"":""BACKGROUND"",""description"":""Tax and administration"",""invoice_id"":""INV-0006"",""invoice_line_id"":""IL-INV-0006-04"",""line_amount"":""18122.00"",""line_number"":""4"",""purchase_order_id"":""PO-26006"",""quantity"":""1"",""source_system_id"":""INVOICE_SYSTEM"",""unit_price"":""18122.00""}",authoring/ceo_invoice_lines.csv#IL-INV-0006-04,BACKGROUND,c7291e849828502b78fd635ace46b86f799b52b4cfc0b35f5b853e0f58e49d68,2026.07.19.2
CEO_BARKED_TWICE,IL-INV-0007-01,INVOICE_LINE,,Primary goods,INVOICE_SYSTEM,authoring/ceo_invoice_lines.csv,IL-INV-0007-01,,,,,Primary goods,"{""content_role"":""BACKGROUND"",""description"":""Primary goods"",""invoice_id"":""INV-0007"",""invoice_line_id"":""IL-INV-0007-01"",""line_amount"":""59503.40"",""line_number"":""1"",""purchase_order_id"":""PO-26007"",""quantity"":""12"",""source_system_id"":""INVOICE_SYSTEM"",""unit_price"":""4958.62""}",authoring/ceo_invoice_lines.csv#IL-INV-0007-01,BACKGROUND,cfa95544e310034fe98cdfa8fc96b76b155808096d67f22b87591770c281aade,2026.07.19.2
CEO_BARKED_TWICE,IL-INV-0007-02,INVOICE_LINE,,Freight and handling,INVOICE_SYSTEM,authoring/ceo_invoice_lines.csv,IL-INV-0007-02,,,,,Freight and handling,"{""content_role"":""BACKGROUND"",""description"":""Freight and handling"",""invoice_id"":""INV-0007"",""invoice_line_id"":""IL-INV-0007-02"",""line_amount"":""46637.80"",""line_number"":""2"",""purchase_order_id"":""PO-26007"",""quantity"":""8"",""source_system_id"":""INVOICE_SYSTEM"",""unit_price"":""5829.72""}",authoring/ceo_invoice_lines.csv#IL-INV-0007-02,BACKGROUND,021779f49b08894cc004b08d474331b69576b7794b9e7a88bb8c8ed421a83b6e,2026.07.19.2
CEO_BARKED_TWICE,IL-INV-0007-03,INVOICE_LINE,,Calibration/service,INVOICE_SYSTEM,authoring/ceo_invoice_lines.csv,IL-INV-0007-03,,,,,Calibration/service,"{""content_role"":""BACKGROUND"",""description"":""Calibration/service"",""invoice_id"":""INV-0007"",""invoice_line_id"":""IL-INV-0007-03"",""line_amount"":""33772.20"",""line_number"":""3"",""purchase_order_id"":""PO-26007"",""quantity"":""4"",""source_system_id"":""INVOICE_SYSTEM"",""unit_price"":""8443.05""}",authoring/ceo_invoice_lines.csv#IL-INV-0007-03,BACKGROUND,0055e04a0b9a3eb21d88c7bbe219272b1964e8371202411f9f7e5fef3524df91,2026.07.19.2
CEO_BARKED_TWICE,IL-INV-0007-04,INVOICE_LINE,,Tax and administration,INVOICE_SYSTEM,authoring/ceo_invoice_lines.csv,IL-INV-0007-04,,,,,Tax and administration,"{""content_role"":""BACKGROUND"",""description"":""Tax and administration"",""invoice_id"":""INV-0007"",""invoice_line_id"":""IL-INV-0007-04"",""line_amount"":""20906.60"",""line_number"":""4"",""purchase_order_id"":""PO-26007"",""quantity"":""1"",""source_system_id"":""INVOICE_SYSTEM"",""unit_price"":""20906.60""}",authoring/ceo_invoice_lines.csv#IL-INV-0007-04,BACKGROUND,b2f1d87a1f996b4977c2409e598096c207ad7eb605c470a7c160e31dd9ca8faa,2026.07.19.2
CEO_BARKED_TWICE,IL-INV-0008-01,INVOICE_LINE,,Primary goods,INVOICE_SYSTEM,authoring/ceo_invoice_lines.csv,IL-INV-0008-01,,,,,Primary goods,"{""content_role"":""BACKGROUND"",""description"":""Primary goods"",""invoice_id"":""INV-0008"",""invoice_line_id"":""IL-INV-0008-01"",""line_amount"":""67932.00"",""line_number"":""1"",""purchase_order_id"":""PO-26008"",""quantity"":""12"",""source_system_id"":""INVOICE_SYSTEM"",""unit_price"":""5661.00""}",authoring/ceo_invoice_lines.csv#IL-INV-0008-01,BACKGROUND,54094f8b60e7ce8bb8e156a7b9217494acaa2439d7bc91d9bc69925ff70ad2c0,2026.07.19.2
CEO_BARKED_TWICE,IL-INV-0008-02,INVOICE_LINE,,Freight and handling,INVOICE_SYSTEM,authoring/ceo_invoice_lines.csv,IL-INV-0008-02,,,,,Freight and handling,"{""content_role"":""BACKGROUND"",""description"":""Freight and handling"",""invoice_id"":""INV-0008"",""invoice_line_id"":""IL-INV-0008-02"",""line_amount"":""53244.00"",""line_number"":""2"",""purchase_order_id"":""PO-26008"",""quantity"":""8"",""source_system_id"":""INVOICE_SYSTEM"",""unit_price"":""6655.50""}",authoring/ceo_invoice_lines.csv#IL-INV-0008-02,BACKGROUND,121a20971f554bb7755e61f434280ac0944cc441d9b03ea99ed1c9ec519de655,2026.07.19.2
CEO_BARKED_TWICE,IL-INV-0008-03,INVOICE_LINE,,Calibration/service,INVOICE_SYSTEM,authoring/ceo_invoice_lines.csv,IL-INV-0008-03,,,,,Calibration/service,"{""content_role"":""BACKGROUND"",""description"":""Calibration/service"",""invoice_id"":""INV-0008"",""invoice_line_id"":""IL-INV-0008-03"",""line_amount"":""38556.00"",""line_number"":""3"",""purchase_order_id"":""PO-26008"",""quantity"":""4"",""source_system_id"":""INVOICE_SYSTEM"",""unit_price"":""9639.00""}",authoring/ceo_invoice_lines.csv#IL-INV-0008-03,BACKGROUND,edb131f6bd3ec1570f3eea8276c0d5deee590af84f86a4f0c8861b32f4b2ecc1,2026.07.19.2
CEO_BARKED_TWICE,IL-INV-0008-04,INVOICE_LINE,,Tax and administration,INVOICE_SYSTEM,authoring/ceo_invoice_lines.csv,IL-INV-0008-04,,,,,Tax and administration,"{""content_role"":""BACKGROUND"",""description"":""Tax and administration"",""invoice_id"":""INV-0008"",""invoice_line_id"":""IL-INV-0008-04"",""line_amount"":""23868.00"",""line_number"":""4"",""purchase_order_id"":""PO-26008"",""quantity"":""1"",""source_system_id"":""INVOICE_SYSTEM"",""unit_price"":""23868.00""}",authoring/ceo_invoice_lines.csv#IL-INV-0008-04,BACKGROUND,94d7ba2029a0a110fecf38580617c8ab613137580b2eb3d0c1370bdd3df0f480,2026.07.19.2
CEO_BARKED_TWICE,IL-INV-0009-01,INVOICE_LINE,,Primary goods,INVOICE_SYSTEM,authoring/ceo_invoice_lines.csv,IL-INV-0009-01,,,,,Primary goods,"{""content_role"":""BACKGROUND"",""description"":""Primary goods"",""invoice_id"":""INV-0009"",""invoice_line_id"":""IL-INV-0009-01"",""line_amount"":""76863.80"",""line_number"":""1"",""purchase_order_id"":""PO-26009"",""quantity"":""12"",""source_system_id"":""INVOICE_SYSTEM"",""unit_price"":""6405.32""}",authoring/ceo_invoice_lines.csv#IL-INV-0009-01,BACKGROUND,0071981da7b181c8cf1ddf77239aecdc23832a73eeee5d3e4693a8ecbae51eb3,2026.07.19.2
CEO_BARKED_TWICE,IL-INV-0009-02,INVOICE_LINE,,Freight and handling,INVOICE_SYSTEM,authoring/ceo_invoice_lines.csv,IL-INV-0009-02,,,,,Freight and handling,"{""content_role"":""BACKGROUND"",""description"":""Freight and handling"",""invoice_id"":""INV-0009"",""invoice_line_id"":""IL-INV-0009-02"",""line_amount"":""60244.60"",""line_number"":""2"",""purchase_order_id"":""PO-26009"",""quantity"":""8"",""source_system_id"":""INVOICE_SYSTEM"",""unit_price"":""7530.57""}",authoring/ceo_invoice_lines.csv#IL-INV-0009-02,BACKGROUND,3f7e22f585c3394b01a2f103860b543edaad5dfc23c161c9a6726fff64eef466,2026.07.19.2
CEO_BARKED_TWICE,IL-INV-0009-03,INVOICE_LINE,,Calibration/service,INVOICE_SYSTEM,authoring/ceo_invoice_lines.csv,IL-INV-0009-03,,,,,Calibration/service,"{""content_role"":""BACKGROUND"",""description"":""Calibration/service"",""invoice_id"":""INV-0009"",""invoice_line_id"":""IL-INV-0009-03"",""line_amount"":""43625.40"",""line_number"":""3"",""purchase_order_id"":""PO-26009"",""quantity"":""4"",""source_system_id"":""INVOICE_SYSTEM"",""unit_price"":""10906.35""}",authoring/ceo_invoice_lines.csv#IL-INV-0009-03,BACKGROUND,25015bb92f3f02c79529515a3e274363094722481e973201afaae0e5bf99b8ef,2026.07.19.2
CEO_BARKED_TWICE,IL-INV-0009-04,INVOICE_LINE,,Tax and administration,INVOICE_SYSTEM,authoring/ceo_invoice_lines.csv,IL-INV-0009-04,,,,,Tax and administration,"{""content_role"":""BACKGROUND"",""description"":""Tax and administration"",""invoice_id"":""INV-0009"",""invoice_line_id"":""IL-INV-0009-04"",""line_amount"":""27006.20"",""line_number"":""4"",""purchase_order_id"":""PO-26009"",""quantity"":""1"",""source_system_id"":""INVOICE_SYSTEM"",""unit_price"":""27006.20""}",authoring/ceo_invoice_lines.csv#IL-INV-0009-04,BACKGROUND,0efc9f16a46e63a65949e4e2742a9be6ebb9952e64f74c80dfdfd19522bf5e45,2026.07.19.2
CEO_BARKED_TWICE,IL-INV-0010-01,INVOICE_LINE,,Primary goods,INVOICE_SYSTEM,authoring/ceo_invoice_lines.csv,IL-INV-0010-01,,,,,Primary goods,"{""content_role"":""BACKGROUND"",""description"":""Primary goods"",""invoice_id"":""INV-0010"",""invoice_line_id"":""IL-INV-0010-01"",""line_amount"":""30821.00"",""line_number"":""1"",""purchase_order_id"":""PO-26010"",""quantity"":""12"",""source_system_id"":""INVOICE_SYSTEM"",""unit_price"":""2568.42""}",authoring/ceo_invoice_lines.csv#IL-INV-0010-01,BACKGROUND,5c1631579b3b54ca4bd811a788a8d443f8871aa6cb7842a20c0a4ecee8cb0b57,2026.07.19.2
CEO_BARKED_TWICE,IL-INV-0010-02,INVOICE_LINE,,Freight and handling,INVOICE_SYSTEM,authoring/ceo_invoice_lines.csv,IL-INV-0010-02,,,,,Freight and handling,"{""content_role"":""BACKGROUND"",""description"":""Freight and handling"",""invoice_id"":""INV-0010"",""invoice_line_id"":""IL-INV-0010-02"",""line_amount"":""24157.00"",""line_number"":""2"",""purchase_order_id"":""PO-26010"",""quantity"":""8"",""source_system_id"":""INVOICE_SYSTEM"",""unit_price"":""3019.62""}",authoring/ceo_invoice_lines.csv#IL-INV-0010-02,BACKGROUND,4a92a432607ee0cb0c6c0856fb7e33ceeac18b708a84684dfad583da112c1d76,2026.07.19.2
CEO_BARKED_TWICE,IL-INV-0010-03,INVOICE_LINE,,Calibration/service,INVOICE_SYSTEM,authoring/ceo_invoice_lines.csv,IL-INV-0010-03,,,,,Calibration/service,"{""content_role"":""BACKGROUND"",""description"":""Calibration/service"",""invoice_id"":""INV-0010"",""invoice_line_id"":""IL-INV-0010-03"",""line_amount"":""17493.00"",""line_number"":""3"",""purchase_order_id"":""PO-26010"",""quantity"":""4"",""source_system_id"":""INVOICE_SYSTEM"",""unit_price"":""4373.25""}",authoring/ceo_invoice_lines.csv#IL-INV-0010-03,BACKGROUND,95a9d47cd581ddf750674e4318f05275fdf4fb543f5fbae991c87d205bce3d4b,2026.07.19.2
CEO_BARKED_TWICE,IL-INV-0010-04,INVOICE_LINE,,Tax and administration,INVOICE_SYSTEM,authoring/ceo_invoice_lines.csv,IL-INV-0010-04,,,,,Tax and administration,"{""content_role"":""BACKGROUND"",""description"":""Tax and administration"",""invoice_id"":""INV-0010"",""invoice_line_id"":""IL-INV-0010-04"",""line_amount"":""10829.00"",""line_number"":""4"",""purchase_order_id"":""PO-26010"",""quantity"":""1"",""source_system_id"":""INVOICE_SYSTEM"",""unit_price"":""10829.00""}",authoring/ceo_invoice_lines.csv#IL-INV-0010-04,BACKGROUND,4793e6686c4271f1a1fbc61416dc077662c82e454c73484bbe82ce59dcdc9585,2026.07.19.2
CEO_BARKED_TWICE,IL-INV-0011-01,INVOICE_LINE,,Primary goods,INVOICE_SYSTEM,authoring/ceo_invoice_lines.csv,IL-INV-0011-01,,,,,Primary goods,"{""content_role"":""BACKGROUND"",""description"":""Primary goods"",""invoice_id"":""INV-0011"",""invoice_line_id"":""IL-INV-0011-01"",""line_amount"":""33677.40"",""line_number"":""1"",""purchase_order_id"":""PO-26011"",""quantity"":""12"",""source_system_id"":""INVOICE_SYSTEM"",""unit_price"":""2806.45""}",authoring/ceo_invoice_lines.csv#IL-INV-0011-01,BACKGROUND,b38ee255ede90c2cb7c0bc161c848d0adf9ad00c6a3fa64ba34146659be5b905,2026.07.19.2
CEO_BARKED_TWICE,IL-INV-0011-02,INVOICE_LINE,,Freight and handling,INVOICE_SYSTEM,authoring/ceo_invoice_lines.csv,IL-INV-0011-02,,,,,Freight and handling,"{""content_role"":""BACKGROUND"",""description"":""Freight and handling"",""invoice_id"":""INV-0011"",""invoice_line_id"":""IL-INV-0011-02"",""line_amount"":""26395.80"",""line_number"":""2"",""purchase_order_id"":""PO-26011"",""quantity"":""8"",""source_system_id"":""INVOICE_SYSTEM"",""unit_price"":""3299.47""}",authoring/ceo_invoice_lines.csv#IL-INV-0011-02,BACKGROUND,78b2b2b018201ed19b85004d221fedc9a84072e77baf5714bdb5a7f08e9ad21e,2026.07.19.2
CEO_BARKED_TWICE,IL-INV-0011-03,INVOICE_LINE,,Calibration/service,INVOICE_SYSTEM,authoring/ceo_invoice_lines.csv,IL-INV-0011-03,,,,,Calibration/service,"{""content_role"":""BACKGROUND"",""description"":""Calibration/service"",""invoice_id"":""INV-0011"",""invoice_line_id"":""IL-INV-0011-03"",""line_amount"":""19114.20"",""line_number"":""3"",""purchase_order_id"":""PO-26011"",""quantity"":""4"",""source_system_id"":""INVOICE_SYSTEM"",""unit_price"":""4778.55""}",authoring/ceo_invoice_lines.csv#IL-INV-0011-03,BACKGROUND,747c51ce037bbedfbaf9bd42d81002e282dd0518e022f82457d5699722e4aaa0,2026.07.19.2
CEO_BARKED_TWICE,IL-INV-0011-04,INVOICE_LINE,,Tax and administration,INVOICE_SYSTEM,authoring/ceo_invoice_lines.csv,IL-INV-0011-04,,,,,Tax and administration,"{""content_role"":""BACKGROUND"",""description"":""Tax and administration"",""invoice_id"":""INV-0011"",""invoice_line_id"":""IL-INV-0011-04"",""line_amount"":""11832.60"",""line_number"":""4"",""purchase_order_id"":""PO-26011"",""quantity"":""1"",""source_system_id"":""INVOICE_SYSTEM"",""unit_price"":""11832.60""}",authoring/ceo_invoice_lines.csv#IL-INV-0011-04,BACKGROUND,7347816693cc32bbee2c6278f7883694052434b9498de875b09a4a5c705d059d,2026.07.19.2
CEO_BARKED_TWICE,IL-INV-0012-01,INVOICE_LINE,,Primary goods,INVOICE_SYSTEM,authoring/ceo_invoice_lines.csv,IL-INV-0012-01,,,,,Primary goods,"{""content_role"":""BACKGROUND"",""description"":""Primary goods"",""invoice_id"":""INV-0012"",""invoice_line_id"":""IL-INV-0012-01"",""line_amount"":""40729.60"",""line_number"":""1"",""purchase_order_id"":""PO-26012"",""quantity"":""12"",""source_system_id"":""INVOICE_SYSTEM"",""unit_price"":""3394.13""}",authoring/ceo_invoice_lines.csv#IL-INV-0012-01,BACKGROUND,085de2e2856825e1da306be79a38913f6a63840cec3012e8602791602de33680,2026.07.19.2
CEO_BARKED_TWICE,IL-INV-0012-02,INVOICE_LINE,,Freight and handling,INVOICE_SYSTEM,authoring/ceo_invoice_lines.csv,IL-INV-0012-02,,,,,Freight and handling,"{""content_role"":""BACKGROUND"",""description"":""Freight and handling"",""invoice_id"":""INV-0012"",""invoice_line_id"":""IL-INV-0012-02"",""line_amount"":""31923.20"",""line_number"":""2"",""purchase_order_id"":""PO-26012"",""quantity"":""8"",""source_system_id"":""INVOICE_SYSTEM"",""unit_price"":""3990.40""}",authoring/ceo_invoice_lines.csv#IL-INV-0012-02,BACKGROUND,13fa4d714d6c45113a6bd4565b5a82ed096a6b1c989e3918168bab4c61f9662c,2026.07.19.2
CEO_BARKED_TWICE,IL-INV-0012-03,INVOICE_LINE,,Calibration/service,INVOICE_SYSTEM,authoring/ceo_invoice_lines.csv,IL-INV-0012-03,,,,,Calibration/service,"{""content_role"":""BACKGROUND"",""description"":""Calibration/service"",""invoice_id"":""INV-0012"",""invoice_line_id"":""IL-INV-0012-03"",""line_amount"":""23116.80"",""line_number"":""3"",""purchase_order_id"":""PO-26012"",""quantity"":""4"",""source_system_id"":""INVOICE_SYSTEM"",""unit_price"":""5779.20""}",authoring/ceo_invoice_lines.csv#IL-INV-0012-03,BACKGROUND,1a32f43ff20dc189abde8508decf587eb225eb203772491dd001ab980e16e1aa,2026.07.19.2
CEO_BARKED_TWICE,IL-INV-0012-04,INVOICE_LINE,,Tax and administration,INVOICE_SYSTEM,authoring/ceo_invoice_lines.csv,IL-INV-0012-04,,,,,Tax and administration,"{""content_role"":""BACKGROUND"",""description"":""Tax and administration"",""invoice_id"":""INV-0012"",""invoice_line_id"":""IL-INV-0012-04"",""line_amount"":""14310.40"",""line_number"":""4"",""purchase_order_id"":""PO-26012"",""quantity"":""1"",""source_system_id"":""INVOICE_SYSTEM"",""unit_price"":""14310.40""}",authoring/ceo_invoice_lines.csv#IL-INV-0012-04,BACKGROUND,ed0fb04fa359d3ed4685f4a06c4ffe7f278764397b5b655d37d16293a863216d,2026.07.19.2
CEO_BARKED_TWICE,IL-INV-0013-01,INVOICE_LINE,,Primary goods,INVOICE_SYSTEM,authoring/ceo_invoice_lines.csv,IL-INV-0013-01,,,,,Primary goods,"{""content_role"":""BACKGROUND"",""description"":""Primary goods"",""invoice_id"":""INV-0013"",""invoice_line_id"":""IL-INV-0013-01"",""line_amount"":""48285.00"",""line_number"":""1"",""purchase_order_id"":""PO-26013"",""quantity"":""12"",""source_system_id"":""INVOICE_SYSTEM"",""unit_price"":""4023.75""}",authoring/ceo_invoice_lines.csv#IL-INV-0013-01,BACKGROUND,a6fe1340b08b93684c82120026e67c173171f2ff09fa9a2f7137c7096d7c8404,2026.07.19.2
CEO_BARKED_TWICE,IL-INV-0013-02,INVOICE_LINE,,Freight and handling,INVOICE_SYSTEM,authoring/ceo_invoice_lines.csv,IL-INV-0013-02,,,,,Freight and handling,"{""content_role"":""BACKGROUND"",""description"":""Freight and handling"",""invoice_id"":""INV-0013"",""invoice_line_id"":""IL-INV-0013-02"",""line_amount"":""37845.00"",""line_number"":""2"",""purchase_order_id"":""PO-26013"",""quantity"":""8"",""source_system_id"":""INVOICE_SYSTEM"",""unit_price"":""4730.62""}",authoring/ceo_invoice_lines.csv#IL-INV-0013-02,BACKGROUND,acce6554fecf6af70d44e6e0b4f987fd402e37689a984313504fdd5acfca4d7b,2026.07.19.2
CEO_BARKED_TWICE,IL-INV-0013-03,INVOICE_LINE,,Calibration/service,INVOICE_SYSTEM,authoring/ceo_invoice_lines.csv,IL-INV-0013-03,,,,,Calibration/service,"{""content_role"":""BACKGROUND"",""description"":""Calibration/service"",""invoice_id"":""INV-0013"",""invoice_line_id"":""IL-INV-0013-03"",""line_amount"":""27405.00"",""line_number"":""3"",""purchase_order_id"":""PO-26013"",""quantity"":""4"",""source_system_id"":""INVOICE_SYSTEM"",""unit_price"":""6851.25""}",authoring/ceo_invoice_lines.csv#IL-INV-0013-03,BACKGROUND,cc8c1bda603c74e30d17409201e176666e9bde9a3062c34bd017db2112f0be5e,2026.07.19.2
CEO_BARKED_TWICE,IL-INV-0013-04,INVOICE_LINE,,Tax and administration,INVOICE_SYSTEM,authoring/ceo_invoice_lines.csv,IL-INV-0013-04,,,,,Tax and administration,"{""content_role"":""BACKGROUND"",""description"":""Tax and administration"",""invoice_id"":""INV-0013"",""invoice_line_id"":""IL-INV-0013-04"",""line_amount"":""16965.00"",""line_number"":""4"",""purchase_order_id"":""PO-26013"",""quantity"":""1"",""source_system_id"":""INVOICE_SYSTEM"",""unit_price"":""16965.00""}",authoring/ceo_invoice_lines.csv#IL-INV-0013-04,BACKGROUND,00bbc9136f9eba6ec435708cce45bfc7e9d674090bab69b14da9aa2f2de06679,2026.07.19.2
CEO_BARKED_TWICE,IL-INV-0014-01,INVOICE_LINE,,Primary goods,INVOICE_SYSTEM,authoring/ceo_invoice_lines.csv,IL-INV-0014-01,,,,,Primary goods,"{""content_role"":""BACKGROUND"",""description"":""Primary goods"",""invoice_id"":""INV-0014"",""invoice_line_id"":""IL-INV-0014-01"",""line_amount"":""56343.60"",""line_number"":""1"",""purchase_order_id"":""PO-26014"",""quantity"":""12"",""source_system_id"":""INVOICE_SYSTEM"",""unit_price"":""4695.30""}",authoring/ceo_invoice_lines.csv#IL-INV-0014-01,BACKGROUND,8af09257973921ccdefb312d039280f234edaf0b207c8350fedb17dfdb648466,2026.07.19.2
CEO_BARKED_TWICE,IL-INV-0014-02,INVOICE_LINE,,Freight and handling,INVOICE_SYSTEM,authoring/ceo_invoice_lines.csv,IL-INV-0014-02,,,,,Freight and handling,"{""content_role"":""BACKGROUND"",""description"":""Freight and handling"",""invoice_id"":""INV-0014"",""invoice_line_id"":""IL-INV-0014-02"",""line_amount"":""44161.20"",""line_number"":""2"",""purchase_order_id"":""PO-26014"",""quantity"":""8"",""source_system_id"":""INVOICE_SYSTEM"",""unit_price"":""5520.15""}",authoring/ceo_invoice_lines.csv#IL-INV-0014-02,BACKGROUND,5dc80d3978f3aaa45839343a0233a511849ce26fbf6ef931ad58bbf0d8c02bee,2026.07.19.2
CEO_BARKED_TWICE,IL-INV-0014-03,INVOICE_LINE,,Calibration/service,INVOICE_SYSTEM,authoring/ceo_invoice_lines.csv,IL-INV-0014-03,,,,,Calibration/service,"{""content_role"":""BACKGROUND"",""description"":""Calibration/service"",""invoice_id"":""INV-0014"",""invoice_line_id"":""IL-INV-0014-03"",""line_amount"":""31978.80"",""line_number"":""3"",""purchase_order_id"":""PO-26014"",""quantity"":""4"",""source_system_id"":""INVOICE_SYSTEM"",""unit_price"":""7994.70""}",authoring/ceo_invoice_lines.csv#IL-INV-0014-03,BACKGROUND,578d3a5ac82b8e6da7158569ffae10a11befddee2905c3b12b5f859feae8bfb2,2026.07.19.2
CEO_BARKED_TWICE,IL-INV-0014-04,INVOICE_LINE,,Tax and administration,INVOICE_SYSTEM,authoring/ceo_invoice_lines.csv,IL-INV-0014-04,,,,,Tax and administration,"{""content_role"":""BACKGROUND"",""description"":""Tax and administration"",""invoice_id"":""INV-0014"",""invoice_line_id"":""IL-INV-0014-04"",""line_amount"":""19796.40"",""line_number"":""4"",""purchase_order_id"":""PO-26014"",""quantity"":""1"",""source_system_id"":""INVOICE_SYSTEM"",""unit_price"":""19796.40""}",authoring/ceo_invoice_lines.csv#IL-INV-0014-04,BACKGROUND,44eeab834ef7c5dc8cadbf1ea26950026ad4c39a7f277fa83712ba58cd9e25d5,2026.07.19.2
CEO_BARKED_TWICE,IL-INV-0015-01,INVOICE_LINE,,Primary goods,INVOICE_SYSTEM,authoring/ceo_invoice_lines.csv,IL-INV-0015-01,,,,,Primary goods,"{""content_role"":""BACKGROUND"",""description"":""Primary goods"",""invoice_id"":""INV-0015"",""invoice_line_id"":""IL-INV-0015-01"",""line_amount"":""64905.40"",""line_number"":""1"",""purchase_order_id"":""PO-26015"",""quantity"":""12"",""source_system_id"":""INVOICE_SYSTEM"",""unit_price"":""5408.78""}",authoring/ceo_invoice_lines.csv#IL-INV-0015-01,BACKGROUND,aa39398d6f2c3a6913dac9637cef323db02c160591eb144d765f1e05bd401000,2026.07.19.2
CEO_BARKED_TWICE,IL-INV-0015-02,INVOICE_LINE,,Freight and handling,INVOICE_SYSTEM,authoring/ceo_invoice_lines.csv,IL-INV-0015-02,,,,,Freight and handling,"{""content_role"":""BACKGROUND"",""description"":""Freight and handling"",""invoice_id"":""INV-0015"",""invoice_line_id"":""IL-INV-0015-02"",""line_amount"":""50871.80"",""line_number"":""2"",""purchase_order_id"":""PO-26015"",""quantity"":""8"",""source_system_id"":""INVOICE_SYSTEM"",""unit_price"":""6358.97""}",authoring/ceo_invoice_lines.csv#IL-INV-0015-02,BACKGROUND,53a43cf2834fa1c9e76178671737a68eb030cdeeedfb9672f78237e5fa80b19c,2026.07.19.2
CEO_BARKED_TWICE,IL-INV-0015-03,INVOICE_LINE,,Calibration/service,INVOICE_SYSTEM,authoring/ceo_invoice_lines.csv,IL-INV-0015-03,,,,,Calibration/service,"{""content_role"":""BACKGROUND"",""description"":""Calibration/service"",""invoice_id"":""INV-0015"",""invoice_line_id"":""IL-INV-0015-03"",""line_amount"":""36838.20"",""line_number"":""3"",""purchase_order_id"":""PO-26015"",""quantity"":""4"",""source_system_id"":""INVOICE_SYSTEM"",""unit_price"":""9209.55""}",authoring/ceo_invoice_lines.csv#IL-INV-0015-03,BACKGROUND,3d6ae09e5c816296ef1ceec42b4c10a1b6b2bdc51a2401f542624954f2f9cfa2,2026.07.19.2
CEO_BARKED_TWICE,IL-INV-0015-04,INVOICE_LINE,,Tax and administration,INVOICE_SYSTEM,authoring/ceo_invoice_lines.csv,IL-INV-0015-04,,,,,Tax and administration,"{""content_role"":""BACKGROUND"",""description"":""Tax and administration"",""invoice_id"":""INV-0015"",""invoice_line_id"":""IL-INV-0015-04"",""line_amount"":""22804.60"",""line_number"":""4"",""purchase_order_id"":""PO-26015"",""quantity"":""1"",""source_system_id"":""INVOICE_SYSTEM"",""unit_price"":""22804.60""}",authoring/ceo_invoice_lines.csv#IL-INV-0015-04,BACKGROUND,0cd76b544d59267142ddcf5b85bb7ea433bf983fac053ee6ed2fb870c7992e51,2026.07.19.2
CEO_BARKED_TWICE,IL-INV-0016-01,INVOICE_LINE,,Primary goods,INVOICE_SYSTEM,authoring/ceo_invoice_lines.csv,IL-INV-0016-01,,,,,Primary goods,"{""content_role"":""BACKGROUND"",""description"":""Primary goods"",""invoice_id"":""INV-0016"",""invoice_line_id"":""IL-INV-0016-01"",""line_amount"":""59466.40"",""line_number"":""1"",""purchase_order_id"":""PO-26016"",""quantity"":""12"",""source_system_id"":""INVOICE_SYSTEM"",""unit_price"":""4955.53""}",authoring/ceo_invoice_lines.csv#IL-INV-0016-01,BACKGROUND,7433d6d3b0141a4e5c7bc23af71eaa7d1bdf6a339497a0bce2738b3303315b0c,2026.07.19.2
CEO_BARKED_TWICE,IL-INV-0016-02,INVOICE_LINE,,Freight and handling,INVOICE_SYSTEM,authoring/ceo_invoice_lines.csv,IL-INV-0016-02,,,,,Freight and handling,"{""content_role"":""BACKGROUND"",""description"":""Freight and handling"",""invoice_id"":""INV-0016"",""invoice_line_id"":""IL-INV-0016-02"",""line_amount"":""46608.80"",""line_number"":""2"",""purchase_order_id"":""PO-26016"",""quantity"":""8"",""source_system_id"":""INVOICE_SYSTEM"",""unit_price"":""5826.10""}",authoring/ceo_invoice_lines.csv#IL-INV-0016-02,BACKGROUND,94f54b8fce37fa0bfa1b29a7ef1d32bfc2c929b441e9e0cd99f2e5966133e39d,2026.07.19.2
CEO_BARKED_TWICE,IL-INV-0016-03,INVOICE_LINE,,Calibration/service,INVOICE_SYSTEM,authoring/ceo_invoice_lines.csv,IL-INV-0016-03,,,,,Calibration/service,"{""content_role"":""BACKGROUND"",""description"":""Calibration/service"",""invoice_id"":""INV-0016"",""invoice_line_id"":""IL-INV-0016-03"",""line_amount"":""33751.20"",""line_number"":""3"",""purchase_order_id"":""PO-26016"",""quantity"":""4"",""source_system_id"":""INVOICE_SYSTEM"",""unit_price"":""8437.80""}",authoring/ceo_invoice_lines.csv#IL-INV-0016-03,BACKGROUND,c903a5dc8f0baba2acadfce9a6b74724222b4081d7afe6d6d54c3edf95da69a9,2026.07.19.2
CEO_BARKED_TWICE,IL-INV-0016-04,INVOICE_LINE,,Tax and administration,INVOICE_SYSTEM,authoring/ceo_invoice_lines.csv,IL-INV-0016-04,,,,,Tax and administration,"{""content_role"":""BACKGROUND"",""description"":""Tax and administration"",""invoice_id"":""INV-0016"",""invoice_line_id"":""IL-INV-0016-04"",""line_amount"":""20893.60"",""line_number"":""4"",""purchase_order_id"":""PO-26016"",""quantity"":""1"",""source_system_id"":""INVOICE_SYSTEM"",""unit_price"":""20893.60""}",authoring/ceo_invoice_lines.csv#IL-INV-0016-04,BACKGROUND,fb7b4c2078770c5b180d4c9b4b39a384bcdb0f90dd5b80bdde625dc6b64dde74,2026.07.19.2
CEO_BARKED_TWICE,IL-INV-0017-01,INVOICE_LINE,,Primary goods,INVOICE_SYSTEM,authoring/ceo_invoice_lines.csv,IL-INV-0017-01,,,,,Primary goods,"{""content_role"":""BACKGROUND"",""description"":""Primary goods"",""invoice_id"":""INV-0017"",""invoice_line_id"":""IL-INV-0017-01"",""line_amount"":""67776.60"",""line_number"":""1"",""purchase_order_id"":""PO-26017"",""quantity"":""12"",""source_system_id"":""INVOICE_SYSTEM"",""unit_price"":""5648.05""}",authoring/ceo_invoice_lines.csv#IL-INV-0017-01,BACKGROUND,5ebdc62c4560e6261723dfb172291545ded19cda4d5b69e931e78c99e5ecb33e,2026.07.19.2
CEO_BARKED_TWICE,IL-INV-0017-02,INVOICE_LINE,,Freight and handling,INVOICE_SYSTEM,authoring/ceo_invoice_lines.csv,IL-INV-0017-02,,,,,Freight and handling,"{""content_role"":""BACKGROUND"",""description"":""Freight and handling"",""invoice_id"":""INV-0017"",""invoice_line_id"":""IL-INV-0017-02"",""line_amount"":""53122.20"",""line_number"":""2"",""purchase_order_id"":""PO-26017"",""quantity"":""8"",""source_system_id"":""INVOICE_SYSTEM"",""unit_price"":""6640.27""}",authoring/ceo_invoice_lines.csv#IL-INV-0017-02,BACKGROUND,9158ceb108ae44ff94ea6c91fca6f7aa8f64eb07d5669112605c0526548be89b,2026.07.19.2
CEO_BARKED_TWICE,IL-INV-0017-03,INVOICE_LINE,,Calibration/service,INVOICE_SYSTEM,authoring/ceo_invoice_lines.csv,IL-INV-0017-03,,,,,Calibration/service,"{""content_role"":""BACKGROUND"",""description"":""Calibration/service"",""invoice_id"":""INV-0017"",""invoice_line_id"":""IL-INV-0017-03"",""line_amount"":""38467.80"",""line_number"":""3"",""purchase_order_id"":""PO-26017"",""quantity"":""4"",""source_system_id"":""INVOICE_SYSTEM"",""unit_price"":""9616.95""}",authoring/ceo_invoice_lines.csv#IL-INV-0017-03,BACKGROUND,88e96b64571f451b566f5c65db12b4190a107f16137e2affc5bd0197c72ebf33,2026.07.19.2
CEO_BARKED_TWICE,IL-INV-0017-04,INVOICE_LINE,,Tax and administration,INVOICE_SYSTEM,authoring/ceo_invoice_lines.csv,IL-INV-0017-04,,,,,Tax and administration,"{""content_role"":""BACKGROUND"",""description"":""Tax and administration"",""invoice_id"":""INV-0017"",""invoice_line_id"":""IL-INV-0017-04"",""line_amount"":""23813.40"",""line_number"":""4"",""purchase_order_id"":""PO-26017"",""quantity"":""1"",""source_system_id"":""INVOICE_SYSTEM"",""unit_price"":""23813.40""}",authoring/ceo_invoice_lines.csv#IL-INV-0017-04,BACKGROUND,7ab16e1195c3b520ff41fae936116830133d42743251947a43049215c84e2140,2026.07.19.2
CEO_BARKED_TWICE,IL-INV-0018-01,INVOICE_LINE,,Primary goods,INVOICE_SYSTEM,authoring/ceo_invoice_lines.csv,IL-INV-0018-01,,,,,Primary goods,"{""content_role"":""BACKGROUND"",""description"":""Primary goods"",""invoice_id"":""INV-0018"",""invoice_line_id"":""IL-INV-0018-01"",""line_amount"":""76590.00"",""line_number"":""1"",""purchase_order_id"":""PO-26018"",""quantity"":""12"",""source_system_id"":""INVOICE_SYSTEM"",""unit_price"":""6382.50""}",authoring/ceo_invoice_lines.csv#IL-INV-0018-01,BACKGROUND,59c8eb0eeab8874b595e732d76a739099b031c23340044d22d51996504f8504b,2026.07.19.2
CEO_BARKED_TWICE,IL-INV-0018-02,INVOICE_LINE,,Freight and handling,INVOICE_SYSTEM,authoring/ceo_invoice_lines.csv,IL-INV-0018-02,,,,,Freight and handling,"{""content_role"":""BACKGROUND"",""description"":""Freight and handling"",""invoice_id"":""INV-0018"",""invoice_line_id"":""IL-INV-0018-02"",""line_amount"":""60030.00"",""line_number"":""2"",""purchase_order_id"":""PO-26018"",""quantity"":""8"",""source_system_id"":""INVOICE_SYSTEM"",""unit_price"":""7503.75""}",authoring/ceo_invoice_lines.csv#IL-INV-0018-02,BACKGROUND,5429217a4f2010c9ad8ae30dcce2f3076140954ddcbe5e9f236351e6236e1efc,2026.07.19.2
CEO_BARKED_TWICE,IL-INV-0018-03,INVOICE_LINE,,Calibration/service,INVOICE_SYSTEM,authoring/ceo_invoice_lines.csv,IL-INV-0018-03,,,,,Calibration/service,"{""content_role"":""BACKGROUND"",""description"":""Calibration/service"",""invoice_id"":""INV-0018"",""invoice_line_id"":""IL-INV-0018-03"",""line_amount"":""43470.00"",""line_number"":""3"",""purchase_order_id"":""PO-26018"",""quantity"":""4"",""source_system_id"":""INVOICE_SYSTEM"",""unit_price"":""10867.50""}",authoring/ceo_invoice_lines.csv#IL-INV-0018-03,BACKGROUND,1130b9a36b69721a14fb985bd4dc4669b30f9d216b808f9d77a7dc913319ce78,2026.07.19.2
CEO_BARKED_TWICE,IL-INV-0018-04,INVOICE_LINE,,Tax and administration,INVOICE_SYSTEM,authoring/ceo_invoice_lines.csv,IL-INV-0018-04,,,,,Tax and administration,"{""content_role"":""BACKGROUND"",""description"":""Tax and administration"",""invoice_id"":""INV-0018"",""invoice_line_id"":""IL-INV-0018-04"",""line_amount"":""26910.00"",""line_number"":""4"",""purchase_order_id"":""PO-26018"",""quantity"":""1"",""source_system_id"":""INVOICE_SYSTEM"",""unit_price"":""26910.00""}",authoring/ceo_invoice_lines.csv#IL-INV-0018-04,BACKGROUND,04a28838dd5b71ab138dbf15b11d1a7fcbda106fefccd5f3a2a53d448fd004c6,2026.07.19.2
CEO_BARKED_TWICE,IL-INV-0019-01,INVOICE_LINE,,Primary goods,INVOICE_SYSTEM,authoring/ceo_invoice_lines.csv,IL-INV-0019-01,,,,,Primary goods,"{""content_role"":""BACKGROUND"",""description"":""Primary goods"",""invoice_id"":""INV-0019"",""invoice_line_id"":""IL-INV-0019-01"",""line_amount"":""32693.20"",""line_number"":""1"",""purchase_order_id"":""PO-26019"",""quantity"":""12"",""source_system_id"":""INVOICE_SYSTEM"",""unit_price"":""2724.43""}",authoring/ceo_invoice_lines.csv#IL-INV-0019-01,BACKGROUND,7bcf468c2104d68e33b86be76413d7dd8a2b307abf1b067ee64845ba810e38b8,2026.07.19.2
CEO_BARKED_TWICE,IL-INV-0019-02,INVOICE_LINE,,Freight and handling,INVOICE_SYSTEM,authoring/ceo_invoice_lines.csv,IL-INV-0019-02,,,,,Freight and handling,"{""content_role"":""BACKGROUND"",""description"":""Freight and handling"",""invoice_id"":""INV-0019"",""invoice_line_id"":""IL-INV-0019-02"",""line_amount"":""25624.40"",""line_number"":""2"",""purchase_order_id"":""PO-26019"",""quantity"":""8"",""source_system_id"":""INVOICE_SYSTEM"",""unit_price"":""3203.05""}",authoring/ceo_invoice_lines.csv#IL-INV-0019-02,BACKGROUND,14a47649a06e536adb749a452297efb71cc30f515468aa4813eda39dedce5981,2026.07.19.2
CEO_BARKED_TWICE,IL-INV-0019-03,INVOICE_LINE,,Calibration/service,INVOICE_SYSTEM,authoring/ceo_invoice_lines.csv,IL-INV-0019-03,,,,,Calibration/service,"{""content_role"":""BACKGROUND"",""description"":""Calibration/service"",""invoice_id"":""INV-0019"",""invoice_line_id"":""IL-INV-0019-03"",""line_amount"":""18555.60"",""line_number"":""3"",""purchase_order_id"":""PO-26019"",""quantity"":""4"",""source_system_id"":""INVOICE_SYSTEM"",""unit_price"":""4638.90""}",authoring/ceo_invoice_lines.csv#IL-INV-0019-03,BACKGROUND,4ac465f40f3f1fcf26d1c38b7ed0263a585737166f7d34ecf0bf1cb0e4701e18,2026.07.19.2
CEO_BARKED_TWICE,IL-INV-0019-04,INVOICE_LINE,,Tax and administration,INVOICE_SYSTEM,authoring/ceo_invoice_lines.csv,IL-INV-0019-04,,,,,Tax and administration,"{""content_role"":""BACKGROUND"",""description"":""Tax and administration"",""invoice_id"":""INV-0019"",""invoice_line_id"":""IL-INV-0019-04"",""line_amount"":""11486.80"",""line_number"":""4"",""purchase_order_id"":""PO-26019"",""quantity"":""1"",""source_system_id"":""INVOICE_SYSTEM"",""unit_price"":""11486.80""}",authoring/ceo_invoice_lines.csv#IL-INV-0019-04,BACKGROUND,9311acd736654276b18397708485d161cdf1ae4010f314fcfca7c78c61dcc72d,2026.07.19.2
CEO_BARKED_TWICE,IL-INV-0020-01,INVOICE_LINE,,Primary goods,INVOICE_SYSTEM,authoring/ceo_invoice_lines.csv,IL-INV-0020-01,,,,,Primary goods,"{""content_role"":""BACKGROUND"",""description"":""Primary goods"",""invoice_id"":""INV-0020"",""invoice_line_id"":""IL-INV-0020-01"",""line_amount"":""40248.60"",""line_number"":""1"",""purchase_order_id"":""PO-26020"",""quantity"":""12"",""source_system_id"":""INVOICE_SYSTEM"",""unit_price"":""3354.05""}",authoring/ceo_invoice_lines.csv#IL-INV-0020-01,BACKGROUND,62f4a3ad702111605d50ed9023a923ff04c97cb93e8c8ba7679e1660eec55872,2026.07.19.2
CEO_BARKED_TWICE,IL-INV-0020-02,INVOICE_LINE,,Freight and handling,INVOICE_SYSTEM,authoring/ceo_invoice_lines.csv,IL-INV-0020-02,,,,,Freight and handling,"{""content_role"":""BACKGROUND"",""description"":""Freight and handling"",""invoice_id"":""INV-0020"",""invoice_line_id"":""IL-INV-0020-02"",""line_amount"":""31546.20"",""line_number"":""2"",""purchase_order_id"":""PO-26020"",""quantity"":""8"",""source_system_id"":""INVOICE_SYSTEM"",""unit_price"":""3943.27""}",authoring/ceo_invoice_lines.csv#IL-INV-0020-02,BACKGROUND,acf985c2c648b462aade56b19ef592cdb227c2f96195725216fb5476daef80cd,2026.07.19.2
CEO_BARKED_TWICE,IL-INV-0020-03,INVOICE_LINE,,Calibration/service,INVOICE_SYSTEM,authoring/ceo_invoice_lines.csv,IL-INV-0020-03,,,,,Calibration/service,"{""content_role"":""BACKGROUND"",""description"":""Calibration/service"",""invoice_id"":""INV-0020"",""invoice_line_id"":""IL-INV-0020-03"",""line_amount"":""22843.80"",""line_number"":""3"",""purchase_order_id"":""PO-26020"",""quantity"":""4"",""source_system_id"":""INVOICE_SYSTEM"",""unit_price"":""5710.95""}",authoring/ceo_invoice_lines.csv#IL-INV-0020-03,BACKGROUND,c6ad5b62e0332c83f0b2c868b875067b8514e265ca3ae807c3979b597c1ac576,2026.07.19.2
CEO_BARKED_TWICE,IL-INV-0020-04,INVOICE_LINE,,Tax and administration,INVOICE_SYSTEM,authoring/ceo_invoice_lines.csv,IL-INV-0020-04,,,,,Tax and administration,"{""content_role"":""BACKGROUND"",""description"":""Tax and administration"",""invoice_id"":""INV-0020"",""invoice_line_id"":""IL-INV-0020-04"",""line_amount"":""14141.40"",""line_number"":""4"",""purchase_order_id"":""PO-26020"",""quantity"":""1"",""source_system_id"":""INVOICE_SYSTEM"",""unit_price"":""14141.40""}",authoring/ceo_invoice_lines.csv#IL-INV-0020-04,BACKGROUND,bf1084c1f248e8d026befdd97a2de4c6e551725f8b979f50b8a5f610654116a0,2026.07.19.2
CEO_BARKED_TWICE,IL-INV-0021-01,INVOICE_LINE,,Primary goods,INVOICE_SYSTEM,authoring/ceo_invoice_lines.csv,IL-INV-0021-01,,,,,Primary goods,"{""content_role"":""BACKGROUND"",""description"":""Primary goods"",""invoice_id"":""INV-0021"",""invoice_line_id"":""IL-INV-0021-01"",""line_amount"":""41565.80"",""line_number"":""1"",""purchase_order_id"":""PO-26021"",""quantity"":""12"",""source_system_id"":""INVOICE_SYSTEM"",""unit_price"":""3463.82""}",authoring/ceo_invoice_lines.csv#IL-INV-0021-01,BACKGROUND,69eafdd8541fce06e6763fba60e60b36736604bac4b2ec1e88ca680e11bfc585,2026.07.19.2
CEO_BARKED_TWICE,IL-INV-0021-02,INVOICE_LINE,,Freight and handling,INVOICE_SYSTEM,authoring/ceo_invoice_lines.csv,IL-INV-0021-02,,,,,Freight and handling,"{""content_role"":""BACKGROUND"",""description"":""Freight and handling"",""invoice_id"":""INV-0021"",""invoice_line_id"":""IL-INV-0021-02"",""line_amount"":""32578.60"",""line_number"":""2"",""purchase_order_id"":""PO-26021"",""quantity"":""8"",""source_system_id"":""INVOICE_SYSTEM"",""unit_price"":""4072.32""}",authoring/ceo_invoice_lines.csv#IL-INV-0021-02,BACKGROUND,165ce36fd78a3639434de3ed76c3b9e8365c815c2c3837c57a1626b0290d68ca,2026.07.19.2
CEO_BARKED_TWICE,IL-INV-0021-03,INVOICE_LINE,,Calibration/service,INVOICE_SYSTEM,authoring/ceo_invoice_lines.csv,IL-INV-0021-03,,,,,Calibration/service,"{""content_role"":""BACKGROUND"",""description"":""Calibration/service"",""invoice_id"":""INV-0021"",""invoice_line_id"":""IL-INV-0021-03"",""line_amount"":""23591.40"",""line_number"":""3"",""purchase_order_id"":""PO-26021"",""quantity"":""4"",""source_system_id"":""INVOICE_SYSTEM"",""unit_price"":""5897.85""}",authoring/ceo_invoice_lines.csv#IL-INV-0021-03,BACKGROUND,6edd91952f998d9109fd20dc7216f1f9f3deff397446162476b0658f7d064ce4,2026.07.19.2
CEO_BARKED_TWICE,IL-INV-0021-04,INVOICE_LINE,,Tax and administration,INVOICE_SYSTEM,authoring/ceo_invoice_lines.csv,IL-INV-0021-04,,,,,Tax and administration,"{""content_role"":""BACKGROUND"",""description"":""Tax and administration"",""invoice_id"":""INV-0021"",""invoice_line_id"":""IL-INV-0021-04"",""line_amount"":""14604.20"",""line_number"":""4"",""purchase_order_id"":""PO-26021"",""quantity"":""1"",""source_system_id"":""INVOICE_SYSTEM"",""unit_price"":""14604.20""}",authoring/ceo_invoice_lines.csv#IL-INV-0021-04,BACKGROUND,941547ad6f4296d31d94f0fe9c8a3f6a339ffe1f609aa89496e81d6c6671b7ec,2026.07.19.2
CEO_BARKED_TWICE,IL-INV-0022-01,INVOICE_LINE,,Primary goods,INVOICE_SYSTEM,authoring/ceo_invoice_lines.csv,IL-INV-0022-01,,,,,Primary goods,"{""content_role"":""BACKGROUND"",""description"":""Primary goods"",""invoice_id"":""INV-0022"",""invoice_line_id"":""IL-INV-0022-01"",""line_amount"":""49002.80"",""line_number"":""1"",""purchase_order_id"":""PO-26022"",""quantity"":""12"",""source_system_id"":""INVOICE_SYSTEM"",""unit_price"":""4083.57""}",authoring/ceo_invoice_lines.csv#IL-INV-0022-01,BACKGROUND,b94b77b5866501ad9db9df2f28e97d5c80da98281eff0b9b273fa00c14de89cd,2026.07.19.2
CEO_BARKED_TWICE,IL-INV-0022-02,INVOICE_LINE,,Freight and handling,INVOICE_SYSTEM,authoring/ceo_invoice_lines.csv,IL-INV-0022-02,,,,,Freight and handling,"{""content_role"":""BACKGROUND"",""description"":""Freight and handling"",""invoice_id"":""INV-0022"",""invoice_line_id"":""IL-INV-0022-02"",""line_amount"":""38407.60"",""line_number"":""2"",""purchase_order_id"":""PO-26022"",""quantity"":""8"",""source_system_id"":""INVOICE_SYSTEM"",""unit_price"":""4800.95""}",authoring/ceo_invoice_lines.csv#IL-INV-0022-02,BACKGROUND,ef9bb795fb5af00b75414f36d6500ce04803c70719fefe03ad1e4e01edc5715a,2026.07.19.2
CEO_BARKED_TWICE,IL-INV-0022-03,INVOICE_LINE,,Calibration/service,INVOICE_SYSTEM,authoring/ceo_invoice_lines.csv,IL-INV-0022-03,,,,,Calibration/service,"{""content_role"":""BACKGROUND"",""description"":""Calibration/service"",""invoice_id"":""INV-0022"",""invoice_line_id"":""IL-INV-0022-03"",""line_amount"":""27812.40"",""line_number"":""3"",""purchase_order_id"":""PO-26022"",""quantity"":""4"",""source_system_id"":""INVOICE_SYSTEM"",""unit_price"":""6953.10""}",authoring/ceo_invoice_lines.csv#IL-INV-0022-03,BACKGROUND,e0314eb2091d7edc0c92b3078495aa596b58e5362d51cb40cb8e5d356d29ed6a,2026.07.19.2
CEO_BARKED_TWICE,IL-INV-0022-04,INVOICE_LINE,,Tax and administration,INVOICE_SYSTEM,authoring/ceo_invoice_lines.csv,IL-INV-0022-04,,,,,Tax and administration,"{""content_role"":""BACKGROUND"",""description"":""Tax and administration"",""invoice_id"":""INV-0022"",""invoice_line_id"":""IL-INV-0022-04"",""line_amount"":""17217.20"",""line_number"":""4"",""purchase_order_id"":""PO-26022"",""quantity"":""1"",""source_system_id"":""INVOICE_SYSTEM"",""unit_price"":""17217.20""}",authoring/ceo_invoice_lines.csv#IL-INV-0022-04,BACKGROUND,60b0da48d1bb62397f8c7dbcb453fbcd78642b60cb0aff5b485d38c9ac86d602,2026.07.19.2
CEO_BARKED_TWICE,IL-INV-0023-01,INVOICE_LINE,,Primary goods,INVOICE_SYSTEM,authoring/ceo_invoice_lines.csv,IL-INV-0023-01,,,,,Primary goods,"{""content_role"":""BACKGROUND"",""description"":""Primary goods"",""invoice_id"":""INV-0023"",""invoice_line_id"":""IL-INV-0023-01"",""line_amount"":""56943.00"",""line_number"":""1"",""purchase_order_id"":""PO-26023"",""quantity"":""12"",""source_system_id"":""INVOICE_SYSTEM"",""unit_price"":""4745.25""}",authoring/ceo_invoice_lines.csv#IL-INV-0023-01,BACKGROUND,1e8ddd221e5845b6c92dc3392846b2290f777cebd7f5825b29874866017c6fae,2026.07.19.2
CEO_BARKED_TWICE,IL-INV-0023-02,INVOICE_LINE,,Freight and handling,INVOICE_SYSTEM,authoring/ceo_invoice_lines.csv,IL-INV-0023-02,,,,,Freight and handling,"{""content_role"":""BACKGROUND"",""description"":""Freight and handling"",""invoice_id"":""INV-0023"",""invoice_line_id"":""IL-INV-0023-02"",""line_amount"":""44631.00"",""line_number"":""2"",""purchase_order_id"":""PO-26023"",""quantity"":""8"",""source_system_id"":""INVOICE_SYSTEM"",""unit_price"":""5578.87""}",authoring/ceo_invoice_lines.csv#IL-INV-0023-02,BACKGROUND,ff465e72508a1eefa65fc3b55b556ac572c054a3ff21576551ca6e731a6c2448,2026.07.19.2
CEO_BARKED_TWICE,IL-INV-0023-03,INVOICE_LINE,,Calibration/service,INVOICE_SYSTEM,authoring/ceo_invoice_lines.csv,IL-INV-0023-03,,,,,Calibration/service,"{""content_role"":""BACKGROUND"",""description"":""Calibration/service"",""invoice_id"":""INV-0023"",""invoice_line_id"":""IL-INV-0023-03"",""line_amount"":""32319.00"",""line_number"":""3"",""purchase_order_id"":""PO-26023"",""quantity"":""4"",""source_system_id"":""INVOICE_SYSTEM"",""unit_price"":""8079.75""}",authoring/ceo_invoice_lines.csv#IL-INV-0023-03,BACKGROUND,75cbf580bd4d8462876c5739766e292d3381e6c3ca9236d3cb7fca6aa46e565e,2026.07.19.2
CEO_BARKED_TWICE,IL-INV-0023-04,INVOICE_LINE,,Tax and administration,INVOICE_SYSTEM,authoring/ceo_invoice_lines.csv,IL-INV-0023-04,,,,,Tax and administration,"{""content_role"":""BACKGROUND"",""description"":""Tax and administration"",""invoice_id"":""INV-0023"",""invoice_line_id"":""IL-INV-0023-04"",""line_amount"":""20007.00"",""line_number"":""4"",""purchase_order_id"":""PO-26023"",""quantity"":""1"",""source_system_id"":""INVOICE_SYSTEM"",""unit_price"":""20007.00""}",authoring/ceo_invoice_lines.csv#IL-INV-0023-04,BACKGROUND,71bce8d461c61e3b52510e84158a97f99d48f3c1bab4b04f0a45603b7a2e9d04,2026.07.19.2
CEO_BARKED_TWICE,IL-INV-0024-01,INVOICE_LINE,,Primary goods,INVOICE_SYSTEM,authoring/ceo_invoice_lines.csv,IL-INV-0024-01,,,,,Primary goods,"{""content_role"":""BACKGROUND"",""description"":""Primary goods"",""invoice_id"":""INV-0024"",""invoice_line_id"":""IL-INV-0024-01"",""line_amount"":""65386.40"",""line_number"":""1"",""purchase_order_id"":""PO-26024"",""quantity"":""12"",""source_system_id"":""INVOICE_SYSTEM"",""unit_price"":""5448.87""}",authoring/ceo_invoice_lines.csv#IL-INV-0024-01,BACKGROUND,69b5b512f46c13d7eaede86d3235c568c8c7498cc3194b5cca560769ee9e0089,2026.07.19.2
CEO_BARKED_TWICE,IL-INV-0024-02,INVOICE_LINE,,Freight and handling,INVOICE_SYSTEM,authoring/ceo_invoice_lines.csv,IL-INV-0024-02,,,,,Freight and handling,"{""content_role"":""BACKGROUND"",""description"":""Freight and handling"",""invoice_id"":""INV-0024"",""invoice_line_id"":""IL-INV-0024-02"",""line_amount"":""51248.80"",""line_number"":""2"",""purchase_order_id"":""PO-26024"",""quantity"":""8"",""source_system_id"":""INVOICE_SYSTEM"",""unit_price"":""6406.10""}",authoring/ceo_invoice_lines.csv#IL-INV-0024-02,BACKGROUND,d0a5689301a8693a8a29f81e8ead4b724215c3177ad5ff3d858429217041b218,2026.07.19.2
CEO_BARKED_TWICE,IL-INV-0024-03,INVOICE_LINE,,Calibration/service,INVOICE_SYSTEM,authoring/ceo_invoice_lines.csv,IL-INV-0024-03,,,,,Calibration/service,"{""content_role"":""BACKGROUND"",""description"":""Calibration/service"",""invoice_id"":""INV-0024"",""invoice_line_id"":""IL-INV-0024-03"",""line_amount"":""37111.20"",""line_number"":""3"",""purchase_order_id"":""PO-26024"",""quantity"":""4"",""source_system_id"":""INVOICE_SYSTEM"",""unit_price"":""9277.80""}",authoring/ceo_invoice_lines.csv#IL-INV-0024-03,BACKGROUND,f3c317bbf7a118deacb7c014d989824046f706bff04608de0adb61d0080e86e9,2026.07.19.2
CEO_BARKED_TWICE,IL-INV-0024-04,INVOICE_LINE,,Tax and administration,INVOICE_SYSTEM,authoring/ceo_invoice_lines.csv,IL-INV-0024-04,,,,,Tax and administration,"{""content_role"":""BACKGROUND"",""description"":""Tax and administration"",""invoice_id"":""INV-0024"",""invoice_line_id"":""IL-INV-0024-04"",""line_amount"":""22973.60"",""line_number"":""4"",""purchase_order_id"":""PO-26024"",""quantity"":""1"",""source_system_id"":""INVOICE_SYSTEM"",""unit_price"":""22973.60""}",authoring/ceo_invoice_lines.csv#IL-INV-0024-04,BACKGROUND,0aec614a85aa18fd47905b475ad9f2890527233dc673219ca9abde94f438b59b,2026.07.19.2
CEO_BARKED_TWICE,IL-INV-0025-01,INVOICE_LINE,,Primary goods,INVOICE_SYSTEM,authoring/ceo_invoice_lines.csv,IL-INV-0025-01,,,,,Primary goods,"{""content_role"":""BACKGROUND"",""description"":""Primary goods"",""invoice_id"":""INV-0025"",""invoice_line_id"":""IL-INV-0025-01"",""line_amount"":""74333.00"",""line_number"":""1"",""purchase_order_id"":""PO-26025"",""quantity"":""12"",""source_system_id"":""INVOICE_SYSTEM"",""unit_price"":""6194.42""}",authoring/ceo_invoice_lines.csv#IL-INV-0025-01,BACKGROUND,523ce85f761a0438ecae9d6ca15f788453f02e17a74842b00dbe699ba250d1dc,2026.07.19.2
CEO_BARKED_TWICE,IL-INV-0025-02,INVOICE_LINE,,Freight and handling,INVOICE_SYSTEM,authoring/ceo_invoice_lines.csv,IL-INV-0025-02,,,,,Freight and handling,"{""content_role"":""BACKGROUND"",""description"":""Freight and handling"",""invoice_id"":""INV-0025"",""invoice_line_id"":""IL-INV-0025-02"",""line_amount"":""58261.00"",""line_number"":""2"",""purchase_order_id"":""PO-26025"",""quantity"":""8"",""source_system_id"":""INVOICE_SYSTEM"",""unit_price"":""7282.62""}",authoring/ceo_invoice_lines.csv#IL-INV-0025-02,BACKGROUND,f4a67db162b0c568b1a7c565bfa3c68278bc652e23d5a93b0457672027cc9499,2026.07.19.2
CEO_BARKED_TWICE,IL-INV-0025-03,INVOICE_LINE,,Calibration/service,INVOICE_SYSTEM,authoring/ceo_invoice_lines.csv,IL-INV-0025-03,,,,,Calibration/service,"{""content_role"":""BACKGROUND"",""description"":""Calibration/service"",""invoice_id"":""INV-0025"",""invoice_line_id"":""IL-INV-0025-03"",""line_amount"":""42189.00"",""line_number"":""3"",""purchase_order_id"":""PO-26025"",""quantity"":""4"",""source_system_id"":""INVOICE_SYSTEM"",""unit_price"":""10547.25""}",authoring/ceo_invoice_lines.csv#IL-INV-0025-03,BACKGROUND,cce8b35b0291d06777c865c5eed164e5a3d5de590a5f8b4973f34eb870fafdb6,2026.07.19.2
CEO_BARKED_TWICE,IL-INV-0025-04,INVOICE_LINE,,Tax and administration,INVOICE_SYSTEM,authoring/ceo_invoice_lines.csv,IL-INV-0025-04,,,,,Tax and administration,"{""content_role"":""BACKGROUND"",""description"":""Tax and administration"",""invoice_id"":""INV-0025"",""invoice_line_id"":""IL-INV-0025-04"",""line_amount"":""26117.00"",""line_number"":""4"",""purchase_order_id"":""PO-26025"",""quantity"":""1"",""source_system_id"":""INVOICE_SYSTEM"",""unit_price"":""26117.00""}",authoring/ceo_invoice_lines.csv#IL-INV-0025-04,BACKGROUND,9679a5120958c324ee45a756a2852c5a0d0763c507704e67ac0497bf399056f2,2026.07.19.2
CEO_BARKED_TWICE,IL-INV-0026-01,INVOICE_LINE,,Primary goods,INVOICE_SYSTEM,authoring/ceo_invoice_lines.csv,IL-INV-0026-01,,,,,Primary goods,"{""content_role"":""BACKGROUND"",""description"":""Primary goods"",""invoice_id"":""INV-0026"",""invoice_line_id"":""IL-INV-0026-01"",""line_amount"":""67354.80"",""line_number"":""1"",""purchase_order_id"":""PO-26026"",""quantity"":""12"",""source_system_id"":""INVOICE_SYSTEM"",""unit_price"":""5612.90""}",authoring/ceo_invoice_lines.csv#IL-INV-0026-01,BACKGROUND,7f939472b4f936364730890d8b6f1d40fb68ff943f8d9cfc6232a518ae109679,2026.07.19.2
CEO_BARKED_TWICE,IL-INV-0026-02,INVOICE_LINE,,Freight and handling,INVOICE_SYSTEM,authoring/ceo_invoice_lines.csv,IL-INV-0026-02,,,,,Freight and handling,"{""content_role"":""BACKGROUND"",""description"":""Freight and handling"",""invoice_id"":""INV-0026"",""invoice_line_id"":""IL-INV-0026-02"",""line_amount"":""52791.60"",""line_number"":""2"",""purchase_order_id"":""PO-26026"",""quantity"":""8"",""source_system_id"":""INVOICE_SYSTEM"",""unit_price"":""6598.95""}",authoring/ceo_invoice_lines.csv#IL-INV-0026-02,BACKGROUND,4fcba807a67452b287c38c5369a4364fe6d94070ff56fc3be13fe44936112f4c,2026.07.19.2
CEO_BARKED_TWICE,IL-INV-0026-03,INVOICE_LINE,,Calibration/service,INVOICE_SYSTEM,authoring/ceo_invoice_lines.csv,IL-INV-0026-03,,,,,Calibration/service,"{""content_role"":""BACKGROUND"",""description"":""Calibration/service"",""invoice_id"":""INV-0026"",""invoice_line_id"":""IL-INV-0026-03"",""line_amount"":""38228.40"",""line_number"":""3"",""purchase_order_id"":""PO-26026"",""quantity"":""4"",""source_system_id"":""INVOICE_SYSTEM"",""unit_price"":""9557.10""}",authoring/ceo_invoice_lines.csv#IL-INV-0026-03,BACKGROUND,a037bdc8c764160cd318f0890b7e8a98cc2141c67c2973b6bafc413db7bbfa07,2026.07.19.2
CEO_BARKED_TWICE,IL-INV-0026-04,INVOICE_LINE,,Tax and administration,INVOICE_SYSTEM,authoring/ceo_invoice_lines.csv,IL-INV-0026-04,,,,,Tax and administration,"{""content_role"":""BACKGROUND"",""description"":""Tax and administration"",""invoice_id"":""INV-0026"",""invoice_line_id"":""IL-INV-0026-04"",""line_amount"":""23665.20"",""line_number"":""4"",""purchase_order_id"":""PO-26026"",""quantity"":""1"",""source_system_id"":""INVOICE_SYSTEM"",""unit_price"":""23665.20""}",authoring/ceo_invoice_lines.csv#IL-INV-0026-04,BACKGROUND,0d2c0deebc779c981af4374bff796a42e8f08808f6676125fdaa0de403afcf78,2026.07.19.2
CEO_BARKED_TWICE,IL-INV-0027-01,INVOICE_LINE,,Primary goods,INVOICE_SYSTEM,authoring/ceo_invoice_lines.csv,IL-INV-0027-01,,,,,Primary goods,"{""content_role"":""BACKGROUND"",""description"":""Primary goods"",""invoice_id"":""INV-0027"",""invoice_line_id"":""IL-INV-0027-01"",""line_amount"":""76049.80"",""line_number"":""1"",""purchase_order_id"":""PO-26027"",""quantity"":""12"",""source_system_id"":""INVOICE_SYSTEM"",""unit_price"":""6337.48""}",authoring/ceo_invoice_lines.csv#IL-INV-0027-01,BACKGROUND,fa3f6ef2505dfe277aaf29f3b1644e6b6586d4021d50470ee14851f556afb565,2026.07.19.2
CEO_BARKED_TWICE,IL-INV-0027-02,INVOICE_LINE,,Freight and handling,INVOICE_SYSTEM,authoring/ceo_invoice_lines.csv,IL-INV-0027-02,,,,,Freight and handling,"{""content_role"":""BACKGROUND"",""description"":""Freight and handling"",""invoice_id"":""INV-0027"",""invoice_line_id"":""IL-INV-0027-02"",""line_amount"":""59606.60"",""line_number"":""2"",""purchase_order_id"":""PO-26027"",""quantity"":""8"",""source_system_id"":""INVOICE_SYSTEM"",""unit_price"":""7450.82""}",authoring/ceo_invoice_lines.csv#IL-INV-0027-02,BACKGROUND,7501d97d078b2f0807e783a05c7f50f24ba6ece3521f9559d81c85fa7ea094ca,2026.07.19.2
CEO_BARKED_TWICE,IL-INV-0027-03,INVOICE_LINE,,Calibration/service,INVOICE_SYSTEM,authoring/ceo_invoice_lines.csv,IL-INV-0027-03,,,,,Calibration/service,"{""content_role"":""BACKGROUND"",""description"":""Calibration/service"",""invoice_id"":""INV-0027"",""invoice_line_id"":""IL-INV-0027-03"",""line_amount"":""43163.40"",""line_number"":""3"",""purchase_order_id"":""PO-26027"",""quantity"":""4"",""source_system_id"":""INVOICE_SYSTEM"",""unit_price"":""10790.85""}",authoring/ceo_invoice_lines.csv#IL-INV-0027-03,BACKGROUND,5f3b4ae76aa7457ba2edbb8ba08680fb7878b277b56ce6cece86bbb6ff7674ab,2026.07.19.2
CEO_BARKED_TWICE,IL-INV-0027-04,INVOICE_LINE,,Tax and administration,INVOICE_SYSTEM,authoring/ceo_invoice_lines.csv,IL-INV-0027-04,,,,,Tax and administration,"{""content_role"":""BACKGROUND"",""description"":""Tax and administration"",""invoice_id"":""INV-0027"",""invoice_line_id"":""IL-INV-0027-04"",""line_amount"":""26720.20"",""line_number"":""4"",""purchase_order_id"":""PO-26027"",""quantity"":""1"",""source_system_id"":""INVOICE_SYSTEM"",""unit_price"":""26720.20""}",authoring/ceo_invoice_lines.csv#IL-INV-0027-04,BACKGROUND,e3f713a02ab2a1530bb6a0661ff91a2c08bc31daf6da73ca3a9a3cd45679fe96,2026.07.19.2
CEO_BARKED_TWICE,IL-INV-0028-01,INVOICE_LINE,,Primary goods,INVOICE_SYSTEM,authoring/ceo_invoice_lines.csv,IL-INV-0028-01,,,,,Primary goods,"{""content_role"":""BACKGROUND"",""description"":""Primary goods"",""invoice_id"":""INV-0028"",""invoice_line_id"":""IL-INV-0028-01"",""line_amount"":""34299.00"",""line_number"":""1"",""purchase_order_id"":""PO-26028"",""quantity"":""12"",""source_system_id"":""INVOICE_SYSTEM"",""unit_price"":""2858.25""}",authoring/ceo_invoice_lines.csv#IL-INV-0028-01,BACKGROUND,976f1a5de7b2527975f9dfd20b3722e645f637c12adead62a37d0cdf2070918b,2026.07.19.2
CEO_BARKED_TWICE,IL-INV-0028-02,INVOICE_LINE,,Freight and handling,INVOICE_SYSTEM,authoring/ceo_invoice_lines.csv,IL-INV-0028-02,,,,,Freight and handling,"{""content_role"":""BACKGROUND"",""description"":""Freight and handling"",""invoice_id"":""INV-0028"",""invoice_line_id"":""IL-INV-0028-02"",""line_amount"":""26883.00"",""line_number"":""2"",""purchase_order_id"":""PO-26028"",""quantity"":""8"",""source_system_id"":""INVOICE_SYSTEM"",""unit_price"":""3360.37""}",authoring/ceo_invoice_lines.csv#IL-INV-0028-02,BACKGROUND,39e780064df83f644905ffe8531d23040620834fa95056af760cc6fd13971165,2026.07.19.2
CEO_BARKED_TWICE,IL-INV-0028-03,INVOICE_LINE,,Calibration/service,INVOICE_SYSTEM,authoring/ceo_invoice_lines.csv,IL-INV-0028-03,,,,,Calibration/service,"{""content_role"":""BACKGROUND"",""description"":""Calibration/service"",""invoice_id"":""INV-0028"",""invoice_line_id"":""IL-INV-0028-03"",""line_amount"":""19467.00"",""line_number"":""3"",""purchase_order_id"":""PO-26028"",""quantity"":""4"",""source_system_id"":""INVOICE_SYSTEM"",""unit_price"":""4866.75""}",authoring/ceo_invoice_lines.csv#IL-INV-0028-03,BACKGROUND,78218bb46f0c384a539e137fb87c23bc43408fc5ced931db638cbb3eb3e2923f,2026.07.19.2
CEO_BARKED_TWICE,IL-INV-0028-04,INVOICE_LINE,,Tax and administration,INVOICE_SYSTEM,authoring/ceo_invoice_lines.csv,IL-INV-0028-04,,,,,Tax and administration,"{""content_role"":""BACKGROUND"",""description"":""Tax and administration"",""invoice_id"":""INV-0028"",""invoice_line_id"":""IL-INV-0028-04"",""line_amount"":""12051.00"",""line_number"":""4"",""purchase_order_id"":""PO-26028"",""quantity"":""1"",""source_system_id"":""INVOICE_SYSTEM"",""unit_price"":""12051.00""}",authoring/ceo_invoice_lines.csv#IL-INV-0028-04,BACKGROUND,795f405f2c192ff8a80bb8cba559d6760dfc395a679deb9e19ab78449eeb8ea5,2026.07.19.2
CEO_BARKED_TWICE,IL-INV-0029-01,INVOICE_LINE,,Primary goods,INVOICE_SYSTEM,authoring/ceo_invoice_lines.csv,IL-INV-0029-01,,,,,Primary goods,"{""content_role"":""BACKGROUND"",""description"":""Primary goods"",""invoice_id"":""INV-0029"",""invoice_line_id"":""IL-INV-0029-01"",""line_amount"":""41736.00"",""line_number"":""1"",""purchase_order_id"":""PO-26029"",""quantity"":""12"",""source_system_id"":""INVOICE_SYSTEM"",""unit_price"":""3478.00""}",authoring/ceo_invoice_lines.csv#IL-INV-0029-01,BACKGROUND,5df8aff82f124d73d1e467725242be6b95d0b392cbd04adfa6328fb2e87ee89e,2026.07.19.2
CEO_BARKED_TWICE,IL-INV-0029-02,INVOICE_LINE,,Freight and handling,INVOICE_SYSTEM,authoring/ceo_invoice_lines.csv,IL-INV-0029-02,,,,,Freight and handling,"{""content_role"":""BACKGROUND"",""description"":""Freight and handling"",""invoice_id"":""INV-0029"",""invoice_line_id"":""IL-INV-0029-02"",""line_amount"":""32712.00"",""line_number"":""2"",""purchase_order_id"":""PO-26029"",""quantity"":""8"",""source_system_id"":""INVOICE_SYSTEM"",""unit_price"":""4089.00""}",authoring/ceo_invoice_lines.csv#IL-INV-0029-02,BACKGROUND,2ce0bcf6039f3cb3607c3630a346a87e4287031bcf036d5729e326cefdf137d7,2026.07.19.2
CEO_BARKED_TWICE,IL-INV-0029-03,INVOICE_LINE,,Calibration/service,INVOICE_SYSTEM,authoring/ceo_invoice_lines.csv,IL-INV-0029-03,,,,,Calibration/service,"{""content_role"":""BACKGROUND"",""description"":""Calibration/service"",""invoice_id"":""INV-0029"",""invoice_line_id"":""IL-INV-0029-03"",""line_amount"":""23688.00"",""line_number"":""3"",""purchase_order_id"":""PO-26029"",""quantity"":""4"",""source_system_id"":""INVOICE_SYSTEM"",""unit_price"":""5922.00""}",authoring/ceo_invoice_lines.csv#IL-INV-0029-03,BACKGROUND,34814d55c037e7cc0f08d8af20f4203ffbd438d8d27353ab8b6fc39b2b7ac875,2026.07.19.2
CEO_BARKED_TWICE,IL-INV-0029-04,INVOICE_LINE,,Tax and administration,INVOICE_SYSTEM,authoring/ceo_invoice_lines.csv,IL-INV-0029-04,,,,,Tax and administration,"{""content_role"":""BACKGROUND"",""description"":""Tax and administration"",""invoice_id"":""INV-0029"",""invoice_line_id"":""IL-INV-0029-04"",""line_amount"":""14664.00"",""line_number"":""4"",""purchase_order_id"":""PO-26029"",""quantity"":""1"",""source_system_id"":""INVOICE_SYSTEM"",""unit_price"":""14664.00""}",authoring/ceo_invoice_lines.csv#IL-INV-0029-04,BACKGROUND,0bdf8959869e7b86f1ad86047a03ec343eeea122c04ee0d7da4d40c9136198be,2026.07.19.2
CEO_BARKED_TWICE,IL-INV-0030-01,INVOICE_LINE,,Primary goods,INVOICE_SYSTEM,authoring/ceo_invoice_lines.csv,IL-INV-0030-01,,,,,Primary goods,"{""content_role"":""BACKGROUND"",""description"":""Primary goods"",""invoice_id"":""INV-0030"",""invoice_line_id"":""IL-INV-0030-01"",""line_amount"":""49676.20"",""line_number"":""1"",""purchase_order_id"":""PO-26030"",""quantity"":""12"",""source_system_id"":""INVOICE_SYSTEM"",""unit_price"":""4139.68""}",authoring/ceo_invoice_lines.csv#IL-INV-0030-01,BACKGROUND,44c546d1017149538766b8c8633fe138bb3dad9b44fadaf70056ca299f97fb92,2026.07.19.2
CEO_BARKED_TWICE,IL-INV-0030-02,INVOICE_LINE,,Freight and handling,INVOICE_SYSTEM,authoring/ceo_invoice_lines.csv,IL-INV-0030-02,,,,,Freight and handling,"{""content_role"":""BACKGROUND"",""description"":""Freight and handling"",""invoice_id"":""INV-0030"",""invoice_line_id"":""IL-INV-0030-02"",""line_amount"":""38935.40"",""line_number"":""2"",""purchase_order_id"":""PO-26030"",""quantity"":""8"",""source_system_id"":""INVOICE_SYSTEM"",""unit_price"":""4866.92""}",authoring/ceo_invoice_lines.csv#IL-INV-0030-02,BACKGROUND,189105328327449054c6a8c10bfb56bb6834466e486722b2bf5221989431be74,2026.07.19.2
CEO_BARKED_TWICE,IL-INV-0030-03,INVOICE_LINE,,Calibration/service,INVOICE_SYSTEM,authoring/ceo_invoice_lines.csv,IL-INV-0030-03,,,,,Calibration/service,"{""content_role"":""BACKGROUND"",""description"":""Calibration/service"",""invoice_id"":""INV-0030"",""invoice_line_id"":""IL-INV-0030-03"",""line_amount"":""28194.60"",""line_number"":""3"",""purchase_order_id"":""PO-26030"",""quantity"":""4"",""source_system_id"":""INVOICE_SYSTEM"",""unit_price"":""7048.65""}",authoring/ceo_invoice_lines.csv#IL-INV-0030-03,BACKGROUND,41283ba999af5a0a96b496863c925cc38c39033556c25744c71ceb74d0f2132f,2026.07.19.2
CEO_BARKED_TWICE,IL-INV-0030-04,INVOICE_LINE,,Tax and administration,INVOICE_SYSTEM,authoring/ceo_invoice_lines.csv,IL-INV-0030-04,,,,,Tax and administration,"{""content_role"":""BACKGROUND"",""description"":""Tax and administration"",""invoice_id"":""INV-0030"",""invoice_line_id"":""IL-INV-0030-04"",""line_amount"":""17453.80"",""line_number"":""4"",""purchase_order_id"":""PO-26030"",""quantity"":""1"",""source_system_id"":""INVOICE_SYSTEM"",""unit_price"":""17453.80""}",authoring/ceo_invoice_lines.csv#IL-INV-0030-04,BACKGROUND,6a94c18f5a53e0b75aacebe8287fe801999da8edcd4efabad8b960946d71f8da,2026.07.19.2
CEO_BARKED_TWICE,IL-INV-0031-01,INVOICE_LINE,,Primary goods,INVOICE_SYSTEM,authoring/ceo_invoice_lines.csv,IL-INV-0031-01,,,,,Primary goods,"{""content_role"":""BACKGROUND"",""description"":""Primary goods"",""invoice_id"":""INV-0031"",""invoice_line_id"":""IL-INV-0031-01"",""line_amount"":""49454.20"",""line_number"":""1"",""purchase_order_id"":""PO-26031"",""quantity"":""12"",""source_system_id"":""INVOICE_SYSTEM"",""unit_price"":""4121.18""}",authoring/ceo_invoice_lines.csv#IL-INV-0031-01,BACKGROUND,cc885df574dfbcd5def00c451cd6e079ee3f0701869384365b6193e89e698468,2026.07.19.2
CEO_BARKED_TWICE,IL-INV-0031-02,INVOICE_LINE,,Freight and handling,INVOICE_SYSTEM,authoring/ceo_invoice_lines.csv,IL-INV-0031-02,,,,,Freight and handling,"{""content_role"":""BACKGROUND"",""description"":""Freight and handling"",""invoice_id"":""INV-0031"",""invoice_line_id"":""IL-INV-0031-02"",""line_amount"":""38761.40"",""line_number"":""2"",""purchase_order_id"":""PO-26031"",""quantity"":""8"",""source_system_id"":""INVOICE_SYSTEM"",""unit_price"":""4845.17""}",authoring/ceo_invoice_lines.csv#IL-INV-0031-02,BACKGROUND,056264136b5af63598a38bd4eaabca0b3266ff60158dd95fe7348d3611fbf369,2026.07.19.2
CEO_BARKED_TWICE,IL-INV-0031-03,INVOICE_LINE,,Calibration/service,INVOICE_SYSTEM,authoring/ceo_invoice_lines.csv,IL-INV-0031-03,,,,,Calibration/service,"{""content_role"":""BACKGROUND"",""description"":""Calibration/service"",""invoice_id"":""INV-0031"",""invoice_line_id"":""IL-INV-0031-03"",""line_amount"":""28068.60"",""line_number"":""3"",""purchase_order_id"":""PO-26031"",""quantity"":""4"",""source_system_id"":""INVOICE_SYSTEM"",""unit_price"":""7017.15""}",authoring/ceo_invoice_lines.csv#IL-INV-0031-03,BACKGROUND,6c6db7b78c6b4cf7c64ba0f8e3d5776b8ec402cd0699e5629b383e0ac4030f15,2026.07.19.2
CEO_BARKED_TWICE,IL-INV-0031-04,INVOICE_LINE,,Tax and administration,INVOICE_SYSTEM,authoring/ceo_invoice_lines.csv,IL-INV-0031-04,,,,,Tax and administration,"{""content_role"":""BACKGROUND"",""description"":""Tax and administration"",""invoice_id"":""INV-0031"",""invoice_line_id"":""IL-INV-0031-04"",""line_amount"":""17375.80"",""line_number"":""4"",""purchase_order_id"":""PO-26031"",""quantity"":""1"",""source_system_id"":""INVOICE_SYSTEM"",""unit_price"":""17375.80""}",authoring/ceo_invoice_lines.csv#IL-INV-0031-04,BACKGROUND,2b5171f2c081ee8d5ae258e41355e79e9b46c923288d7238cf535733c1487cd7,2026.07.19.2
CEO_BARKED_TWICE,IL-INV-0032-01,INVOICE_LINE,,Primary goods,INVOICE_SYSTEM,authoring/ceo_invoice_lines.csv,IL-INV-0032-01,,,,,Primary goods,"{""content_role"":""BACKGROUND"",""description"":""Primary goods"",""invoice_id"":""INV-0032"",""invoice_line_id"":""IL-INV-0032-01"",""line_amount"":""57276.00"",""line_number"":""1"",""purchase_order_id"":""PO-26032"",""quantity"":""12"",""source_system_id"":""INVOICE_SYSTEM"",""unit_price"":""4773.00""}",authoring/ceo_invoice_lines.csv#IL-INV-0032-01,BACKGROUND,a278e63881864940a61c3ab5e5c8fc823f93c360ab1f1dccec968069e5f75cf5,2026.07.19.2
CEO_BARKED_TWICE,IL-INV-0032-02,INVOICE_LINE,,Freight and handling,INVOICE_SYSTEM,authoring/ceo_invoice_lines.csv,IL-INV-0032-02,,,,,Freight and handling,"{""content_role"":""BACKGROUND"",""description"":""Freight and handling"",""invoice_id"":""INV-0032"",""invoice_line_id"":""IL-INV-0032-02"",""line_amount"":""44892.00"",""line_number"":""2"",""purchase_order_id"":""PO-26032"",""quantity"":""8"",""source_system_id"":""INVOICE_SYSTEM"",""unit_price"":""5611.50""}",authoring/ceo_invoice_lines.csv#IL-INV-0032-02,BACKGROUND,d179244527040c1553bfd6645b53dd10741525246a65328c9aead80198eecaf5,2026.07.19.2
CEO_BARKED_TWICE,IL-INV-0032-03,INVOICE_LINE,,Calibration/service,INVOICE_SYSTEM,authoring/ceo_invoice_lines.csv,IL-INV-0032-03,,,,,Calibration/service,"{""content_role"":""BACKGROUND"",""description"":""Calibration/service"",""invoice_id"":""INV-0032"",""invoice_line_id"":""IL-INV-0032-03"",""line_amount"":""32508.00"",""line_number"":""3"",""purchase_order_id"":""PO-26032"",""quantity"":""4"",""source_system_id"":""INVOICE_SYSTEM"",""unit_price"":""8127.00""}",authoring/ceo_invoice_lines.csv#IL-INV-0032-03,BACKGROUND,4cf3b23896d18fb41f951c5a6c19e12d0b39d1ae63d2822cb96d823212dd1268,2026.07.19.2
CEO_BARKED_TWICE,IL-INV-0032-04,INVOICE_LINE,,Tax and administration,INVOICE_SYSTEM,authoring/ceo_invoice_lines.csv,IL-INV-0032-04,,,,,Tax and administration,"{""content_role"":""BACKGROUND"",""description"":""Tax and administration"",""invoice_id"":""INV-0032"",""invoice_line_id"":""IL-INV-0032-04"",""line_amount"":""20124.00"",""line_number"":""4"",""purchase_order_id"":""PO-26032"",""quantity"":""1"",""source_system_id"":""INVOICE_SYSTEM"",""unit_price"":""20124.00""}",authoring/ceo_invoice_lines.csv#IL-INV-0032-04,BACKGROUND,2b0df948c06c660912ea225b359bf45adaa3240b9ec9d6677de4a690865db3ff,2026.07.19.2
CEO_BARKED_TWICE,IL-INV-0033-01,INVOICE_LINE,,Primary goods,INVOICE_SYSTEM,authoring/ceo_invoice_lines.csv,IL-INV-0033-01,,,,,Primary goods,"{""content_role"":""BACKGROUND"",""description"":""Primary goods"",""invoice_id"":""INV-0033"",""invoice_line_id"":""IL-INV-0033-01"",""line_amount"":""65601.00"",""line_number"":""1"",""purchase_order_id"":""PO-26033"",""quantity"":""12"",""source_system_id"":""INVOICE_SYSTEM"",""unit_price"":""5466.75""}",authoring/ceo_invoice_lines.csv#IL-INV-0033-01,BACKGROUND,bacb8efc8481eedb9074949a1ce4475b4d412e4c536c4de070b7bd21c9b00019,2026.07.19.2
CEO_BARKED_TWICE,IL-INV-0033-02,INVOICE_LINE,,Freight and handling,INVOICE_SYSTEM,authoring/ceo_invoice_lines.csv,IL-INV-0033-02,,,,,Freight and handling,"{""content_role"":""BACKGROUND"",""description"":""Freight and handling"",""invoice_id"":""INV-0033"",""invoice_line_id"":""IL-INV-0033-02"",""line_amount"":""51417.00"",""line_number"":""2"",""purchase_order_id"":""PO-26033"",""quantity"":""8"",""source_system_id"":""INVOICE_SYSTEM"",""unit_price"":""6427.12""}",authoring/ceo_invoice_lines.csv#IL-INV-0033-02,BACKGROUND,5de4cd0ca33fde6d96d3c958d5e1ca1d4edd36ae230c6a90f24975cdd1b27839,2026.07.19.2
CEO_BARKED_TWICE,IL-INV-0033-03,INVOICE_LINE,,Calibration/service,INVOICE_SYSTEM,authoring/ceo_invoice_lines.csv,IL-INV-0033-03,,,,,Calibration/service,"{""content_role"":""BACKGROUND"",""description"":""Calibration/service"",""invoice_id"":""INV-0033"",""invoice_line_id"":""IL-INV-0033-03"",""line_amount"":""37233.00"",""line_number"":""3"",""purchase_order_id"":""PO-26033"",""quantity"":""4"",""source_system_id"":""INVOICE_SYSTEM"",""unit_price"":""9308.25""}",authoring/ceo_invoice_lines.csv#IL-INV-0033-03,BACKGROUND,c3289191f4d26d85dfa3c590e504fa3ac2da41d561e4e1ee3be203ac11cb7ba8,2026.07.19.2
CEO_BARKED_TWICE,IL-INV-0033-04,INVOICE_LINE,,Tax and administration,INVOICE_SYSTEM,authoring/ceo_invoice_lines.csv,IL-INV-0033-04,,,,,Tax and administration,"{""content_role"":""BACKGROUND"",""description"":""Tax and administration"",""invoice_id"":""INV-0033"",""invoice_line_id"":""IL-INV-0033-04"",""line_amount"":""23049.00"",""line_number"":""4"",""purchase_order_id"":""PO-26033"",""quantity"":""1"",""source_system_id"":""INVOICE_SYSTEM"",""unit_price"":""23049.00""}",authoring/ceo_invoice_lines.csv#IL-INV-0033-04,BACKGROUND,40607ce1c0db28ac0c4d835d7019f550dbfb5769440add58b638e3548a92aa0a,2026.07.19.2
CEO_BARKED_TWICE,IL-INV-0034-01,INVOICE_LINE,,Primary goods,INVOICE_SYSTEM,authoring/ceo_invoice_lines.csv,IL-INV-0034-01,,,,,Primary goods,"{""content_role"":""BACKGROUND"",""description"":""Primary goods"",""invoice_id"":""INV-0034"",""invoice_line_id"":""IL-INV-0034-01"",""line_amount"":""74429.20"",""line_number"":""1"",""purchase_order_id"":""PO-26034"",""quantity"":""12"",""source_system_id"":""INVOICE_SYSTEM"",""unit_price"":""6202.43""}",authoring/ceo_invoice_lines.csv#IL-INV-0034-01,BACKGROUND,5eaffdb30d90ccf2b3d2f7fab2f4b18b324752f2a9319e19fcf51101c633f36a,2026.07.19.2
CEO_BARKED_TWICE,IL-INV-0034-02,INVOICE_LINE,,Freight and handling,INVOICE_SYSTEM,authoring/ceo_invoice_lines.csv,IL-INV-0034-02,,,,,Freight and handling,"{""content_role"":""BACKGROUND"",""description"":""Freight and handling"",""invoice_id"":""INV-0034"",""invoice_line_id"":""IL-INV-0034-02"",""line_amount"":""58336.40"",""line_number"":""2"",""purchase_order_id"":""PO-26034"",""quantity"":""8"",""source_system_id"":""INVOICE_SYSTEM"",""unit_price"":""7292.05""}",authoring/ceo_invoice_lines.csv#IL-INV-0034-02,BACKGROUND,329d61587dccbf50fe69ff41b1a343fa6c6dd1fb4334ad7bd602d561451ea62d,2026.07.19.2
CEO_BARKED_TWICE,IL-INV-0034-03,INVOICE_LINE,,Calibration/service,INVOICE_SYSTEM,authoring/ceo_invoice_lines.csv,IL-INV-0034-03,,,,,Calibration/service,"{""content_role"":""BACKGROUND"",""description"":""Calibration/service"",""invoice_id"":""INV-0034"",""invoice_line_id"":""IL-INV-0034-03"",""line_amount"":""42243.60"",""line_number"":""3"",""purchase_order_id"":""PO-26034"",""quantity"":""4"",""source_system_id"":""INVOICE_SYSTEM"",""unit_price"":""10560.90""}",authoring/ceo_invoice_lines.csv#IL-INV-0034-03,BACKGROUND,90d0e9a26fec1838d8997343507a01f98d3ca70036401b2b2893ce57e51ce44f,2026.07.19.2
CEO_BARKED_TWICE,IL-INV-0034-04,INVOICE_LINE,,Tax and administration,INVOICE_SYSTEM,authoring/ceo_invoice_lines.csv,IL-INV-0034-04,,,,,Tax and administration,"{""content_role"":""BACKGROUND"",""description"":""Tax and administration"",""invoice_id"":""INV-0034"",""invoice_line_id"":""IL-INV-0034-04"",""line_amount"":""26150.80"",""line_number"":""4"",""purchase_order_id"":""PO-26034"",""quantity"":""1"",""source_system_id"":""INVOICE_SYSTEM"",""unit_price"":""26150.80""}",authoring/ceo_invoice_lines.csv#IL-INV-0034-04,BACKGROUND,ff14afd07371287b8214670e56ca8aeb6f61f0f8173c48793ef2b1fbb1f5b5f0,2026.07.19.2
CEO_BARKED_TWICE,IL-INV-0035-01,INVOICE_LINE,,Primary goods,INVOICE_SYSTEM,authoring/ceo_invoice_lines.csv,IL-INV-0035-01,,,,,Primary goods,"{""content_role"":""BACKGROUND"",""description"":""Primary goods"",""invoice_id"":""INV-0035"",""invoice_line_id"":""IL-INV-0035-01"",""line_amount"":""83760.60"",""line_number"":""1"",""purchase_order_id"":""PO-26035"",""quantity"":""12"",""source_system_id"":""INVOICE_SYSTEM"",""unit_price"":""6980.05""}",authoring/ceo_invoice_lines.csv#IL-INV-0035-01,BACKGROUND,3fc50f94ef2d10250c5b2dac24712479e25d9ffdcc236769c305820b324b7c80,2026.07.19.2
CEO_BARKED_TWICE,IL-INV-0035-02,INVOICE_LINE,,Freight and handling,INVOICE_SYSTEM,authoring/ceo_invoice_lines.csv,IL-INV-0035-02,,,,,Freight and handling,"{""content_role"":""BACKGROUND"",""description"":""Freight and handling"",""invoice_id"":""INV-0035"",""invoice_line_id"":""IL-INV-0035-02"",""line_amount"":""65650.20"",""line_number"":""2"",""purchase_order_id"":""PO-26035"",""quantity"":""8"",""source_system_id"":""INVOICE_SYSTEM"",""unit_price"":""8206.27""}",authoring/ceo_invoice_lines.csv#IL-INV-0035-02,BACKGROUND,19ae76c7085255d0c7db00eb883bdf6961f7c315cbd23b4601f1b32c7876de7d,2026.07.19.2
CEO_BARKED_TWICE,IL-INV-0035-03,INVOICE_LINE,,Calibration/service,INVOICE_SYSTEM,authoring/ceo_invoice_lines.csv,IL-INV-0035-03,,,,,Calibration/service,"{""content_role"":""BACKGROUND"",""description"":""Calibration/service"",""invoice_id"":""INV-0035"",""invoice_line_id"":""IL-INV-0035-03"",""line_amount"":""47539.80"",""line_number"":""3"",""purchase_order_id"":""PO-26035"",""quantity"":""4"",""source_system_id"":""INVOICE_SYSTEM"",""unit_price"":""11884.95""}",authoring/ceo_invoice_lines.csv#IL-INV-0035-03,BACKGROUND,aa8228fdd1c13f7ce8d252a404c404e362a3a3a3cfca351e286f647e225562a0,2026.07.19.2
CEO_BARKED_TWICE,IL-INV-0035-04,INVOICE_LINE,,Tax and administration,INVOICE_SYSTEM,authoring/ceo_invoice_lines.csv,IL-INV-0035-04,,,,,Tax and administration,"{""content_role"":""BACKGROUND"",""description"":""Tax and administration"",""invoice_id"":""INV-0035"",""invoice_line_id"":""IL-INV-0035-04"",""line_amount"":""29429.40"",""line_number"":""4"",""purchase_order_id"":""PO-26035"",""quantity"":""1"",""source_system_id"":""INVOICE_SYSTEM"",""unit_price"":""29429.40""}",authoring/ceo_invoice_lines.csv#IL-INV-0035-04,BACKGROUND,3b6f8358b36a5beda7b45bfea519d880312e9f6f480952793557850b4a34953f,2026.07.19.2
CEO_BARKED_TWICE,IL-INV-0036-01,INVOICE_LINE,,Primary goods,INVOICE_SYSTEM,authoring/ceo_invoice_lines.csv,IL-INV-0036-01,,,,,Primary goods,"{""content_role"":""BACKGROUND"",""description"":""Primary goods"",""invoice_id"":""INV-0036"",""invoice_line_id"":""IL-INV-0036-01"",""line_amount"":""75243.20"",""line_number"":""1"",""purchase_order_id"":""PO-26036"",""quantity"":""12"",""source_system_id"":""INVOICE_SYSTEM"",""unit_price"":""6270.27""}",authoring/ceo_invoice_lines.csv#IL-INV-0036-01,BACKGROUND,bad5c845513e491cde1a79d5a1f8610fd55b90354832be003824c15b24a76bd6,2026.07.19.2
CEO_BARKED_TWICE,IL-INV-0036-02,INVOICE_LINE,,Freight and handling,INVOICE_SYSTEM,authoring/ceo_invoice_lines.csv,IL-INV-0036-02,,,,,Freight and handling,"{""content_role"":""BACKGROUND"",""description"":""Freight and handling"",""invoice_id"":""INV-0036"",""invoice_line_id"":""IL-INV-0036-02"",""line_amount"":""58974.40"",""line_number"":""2"",""purchase_order_id"":""PO-26036"",""quantity"":""8"",""source_system_id"":""INVOICE_SYSTEM"",""unit_price"":""7371.80""}",authoring/ceo_invoice_lines.csv#IL-INV-0036-02,BACKGROUND,3b1d925b317f7ff7ed545d8059d5b8849b9d1b2a1cbf2c0fc521ba9d88ca15f0,2026.07.19.2
CEO_BARKED_TWICE,IL-INV-0036-03,INVOICE_LINE,,Calibration/service,INVOICE_SYSTEM,authoring/ceo_invoice_lines.csv,IL-INV-0036-03,,,,,Calibration/service,"{""content_role"":""BACKGROUND"",""description"":""Calibration/service"",""invoice_id"":""INV-0036"",""invoice_line_id"":""IL-INV-0036-03"",""line_amount"":""42705.60"",""line_number"":""3"",""purchase_order_id"":""PO-26036"",""quantity"":""4"",""source_system_id"":""INVOICE_SYSTEM"",""unit_price"":""10676.40""}",authoring/ceo_invoice_lines.csv#IL-INV-0036-03,BACKGROUND,ee5888888712472058c18c4bc81c9c491558aa763284869c666937e82e0233a5,2026.07.19.2
CEO_BARKED_TWICE,IL-INV-0036-04,INVOICE_LINE,,Tax and administration,INVOICE_SYSTEM,authoring/ceo_invoice_lines.csv,IL-INV-0036-04,,,,,Tax and administration,"{""content_role"":""BACKGROUND"",""description"":""Tax and administration"",""invoice_id"":""INV-0036"",""invoice_line_id"":""IL-INV-0036-04"",""line_amount"":""26436.80"",""line_number"":""4"",""purchase_order_id"":""PO-26036"",""quantity"":""1"",""source_system_id"":""INVOICE_SYSTEM"",""unit_price"":""26436.80""}",authoring/ceo_invoice_lines.csv#IL-INV-0036-04,BACKGROUND,f605f6e4438483f4846e08055c288419e919c9bd83e819b2dc84de07daef14ae,2026.07.19.2
CEO_BARKED_TWICE,IL-INV-0037-01,INVOICE_LINE,,Primary goods,INVOICE_SYSTEM,authoring/ceo_invoice_lines.csv,IL-INV-0037-01,,,,,Primary goods,"{""content_role"":""BACKGROUND"",""description"":""Primary goods"",""invoice_id"":""INV-0037"",""invoice_line_id"":""IL-INV-0037-01"",""line_amount"":""35638.40"",""line_number"":""1"",""purchase_order_id"":""PO-26037"",""quantity"":""12"",""source_system_id"":""INVOICE_SYSTEM"",""unit_price"":""2969.87""}",authoring/ceo_invoice_lines.csv#IL-INV-0037-01,BACKGROUND,b1ec33fdd13fc370ccf1f8360f6b2889fd6ab969e07c3c7e09561c75ee5ba739,2026.07.19.2
CEO_BARKED_TWICE,IL-INV-0037-02,INVOICE_LINE,,Freight and handling,INVOICE_SYSTEM,authoring/ceo_invoice_lines.csv,IL-INV-0037-02,,,,,Freight and handling,"{""content_role"":""BACKGROUND"",""description"":""Freight and handling"",""invoice_id"":""INV-0037"",""invoice_line_id"":""IL-INV-0037-02"",""line_amount"":""27932.80"",""line_number"":""2"",""purchase_order_id"":""PO-26037"",""quantity"":""8"",""source_system_id"":""INVOICE_SYSTEM"",""unit_price"":""3491.60""}",authoring/ceo_invoice_lines.csv#IL-INV-0037-02,BACKGROUND,713174dbc055a5603fdf620c75245d3384d96e46795064e5827b145fc40c53c0,2026.07.19.2
CEO_BARKED_TWICE,IL-INV-0037-03,INVOICE_LINE,,Calibration/service,INVOICE_SYSTEM,authoring/ceo_invoice_lines.csv,IL-INV-0037-03,,,,,Calibration/service,"{""content_role"":""BACKGROUND"",""description"":""Calibration/service"",""invoice_id"":""INV-0037"",""invoice_line_id"":""IL-INV-0037-03"",""line_amount"":""20227.20"",""line_number"":""3"",""purchase_order_id"":""PO-26037"",""quantity"":""4"",""source_system_id"":""INVOICE_SYSTEM"",""unit_price"":""5056.80""}",authoring/ceo_invoice_lines.csv#IL-INV-0037-03,BACKGROUND,4714f97d5cbe7444b378fec20d66de949ff2141c79e9e607a5677bb5c4c9ac77,2026.07.19.2
CEO_BARKED_TWICE,IL-INV-0037-04,INVOICE_LINE,,Tax and administration,INVOICE_SYSTEM,authoring/ceo_invoice_lines.csv,IL-INV-0037-04,,,,,Tax and administration,"{""content_role"":""BACKGROUND"",""description"":""Tax and administration"",""invoice_id"":""INV-0037"",""invoice_line_id"":""IL-INV-0037-04"",""line_amount"":""12521.60"",""line_number"":""4"",""purchase_order_id"":""PO-26037"",""quantity"":""1"",""source_system_id"":""INVOICE_SYSTEM"",""unit_price"":""12521.60""}",authoring/ceo_invoice_lines.csv#IL-INV-0037-04,BACKGROUND,d13274c17226341b39121b058d83f490b322767880d4c992e15fc0c1291e307b,2026.07.19.2
CEO_BARKED_TWICE,IL-INV-0038-01,INVOICE_LINE,,Primary goods,INVOICE_SYSTEM,authoring/ceo_invoice_lines.csv,IL-INV-0038-01,,,,,Primary goods,"{""content_role"":""BACKGROUND"",""description"":""Primary goods"",""invoice_id"":""INV-0038"",""invoice_line_id"":""IL-INV-0038-01"",""line_amount"":""42957.00"",""line_number"":""1"",""purchase_order_id"":""PO-26038"",""quantity"":""12"",""source_system_id"":""INVOICE_SYSTEM"",""unit_price"":""3579.75""}",authoring/ceo_invoice_lines.csv#IL-INV-0038-01,BACKGROUND,1761213d5bdc9edcca697f3d07600903bcc0a29c0e09289c622073cc5d417655,2026.07.19.2
CEO_BARKED_TWICE,IL-INV-0038-02,INVOICE_LINE,,Freight and handling,INVOICE_SYSTEM,authoring/ceo_invoice_lines.csv,IL-INV-0038-02,,,,,Freight and handling,"{""content_role"":""BACKGROUND"",""description"":""Freight and handling"",""invoice_id"":""INV-0038"",""invoice_line_id"":""IL-INV-0038-02"",""line_amount"":""33669.00"",""line_number"":""2"",""purchase_order_id"":""PO-26038"",""quantity"":""8"",""source_system_id"":""INVOICE_SYSTEM"",""unit_price"":""4208.62""}",authoring/ceo_invoice_lines.csv#IL-INV-0038-02,BACKGROUND,f9f26d427cff7d243a436c56aedf648c50561dc2540332d024e86526acd180dc,2026.07.19.2
CEO_BARKED_TWICE,IL-INV-0038-03,INVOICE_LINE,,Calibration/service,INVOICE_SYSTEM,authoring/ceo_invoice_lines.csv,IL-INV-0038-03,,,,,Calibration/service,"{""content_role"":""BACKGROUND"",""description"":""Calibration/service"",""invoice_id"":""INV-0038"",""invoice_line_id"":""IL-INV-0038-03"",""line_amount"":""24381.00"",""line_number"":""3"",""purchase_order_id"":""PO-26038"",""quantity"":""4"",""source_system_id"":""INVOICE_SYSTEM"",""unit_price"":""6095.25""}",authoring/ceo_invoice_lines.csv#IL-INV-0038-03,BACKGROUND,e66ab78489294878d40d728eab1af4fdbae0f7773f8b6a0d0d6ce6313f7a0c9e,2026.07.19.2
CEO_BARKED_TWICE,IL-INV-0038-04,INVOICE_LINE,,Tax and administration,INVOICE_SYSTEM,authoring/ceo_invoice_lines.csv,IL-INV-0038-04,,,,,Tax and administration,"{""content_role"":""BACKGROUND"",""description"":""Tax and administration"",""invoice_id"":""INV-0038"",""invoice_line_id"":""IL-INV-0038-04"",""line_amount"":""15093.00"",""line_number"":""4"",""purchase_order_id"":""PO-26038"",""quantity"":""1"",""source_system_id"":""INVOICE_SYSTEM"",""unit_price"":""15093.00""}",authoring/ceo_invoice_lines.csv#IL-INV-0038-04,BACKGROUND,f6f03da4965bc1589c01dcf95a4054e9b3c92a42ac21b7e6b3d28f689ceca6f4,2026.07.19.2
CEO_BARKED_TWICE,IL-INV-0039-01,INVOICE_LINE,,Primary goods,INVOICE_SYSTEM,authoring/ceo_invoice_lines.csv,IL-INV-0039-01,,,,,Primary goods,"{""content_role"":""BACKGROUND"",""description"":""Primary goods"",""invoice_id"":""INV-0039"",""invoice_line_id"":""IL-INV-0039-01"",""line_amount"":""50778.80"",""line_number"":""1"",""purchase_order_id"":""PO-26039"",""quantity"":""12"",""source_system_id"":""INVOICE_SYSTEM"",""unit_price"":""4231.57""}",authoring/ceo_invoice_lines.csv#IL-INV-0039-01,BACKGROUND,36c573c143d605c191feb2135ad12b83a9904064689c4729ad0a39865c579cfd,2026.07.19.2
CEO_BARKED_TWICE,IL-INV-0039-02,INVOICE_LINE,,Freight and handling,INVOICE_SYSTEM,authoring/ceo_invoice_lines.csv,IL-INV-0039-02,,,,,Freight and handling,"{""content_role"":""BACKGROUND"",""description"":""Freight and handling"",""invoice_id"":""INV-0039"",""invoice_line_id"":""IL-INV-0039-02"",""line_amount"":""39799.60"",""line_number"":""2"",""purchase_order_id"":""PO-26039"",""quantity"":""8"",""source_system_id"":""INVOICE_SYSTEM"",""unit_price"":""4974.95""}",authoring/ceo_invoice_lines.csv#IL-INV-0039-02,BACKGROUND,f5b0e720a02c963ea918615d1720ea5d3f42a24ee64d3a7a50ca8e16ee0579b8,2026.07.19.2
CEO_BARKED_TWICE,IL-INV-0039-03,INVOICE_LINE,,Calibration/service,INVOICE_SYSTEM,authoring/ceo_invoice_lines.csv,IL-INV-0039-03,,,,,Calibration/service,"{""content_role"":""BACKGROUND"",""description"":""Calibration/service"",""invoice_id"":""INV-0039"",""invoice_line_id"":""IL-INV-0039-03"",""line_amount"":""28820.40"",""line_number"":""3"",""purchase_order_id"":""PO-26039"",""quantity"":""4"",""source_system_id"":""INVOICE_SYSTEM"",""unit_price"":""7205.10""}",authoring/ceo_invoice_lines.csv#IL-INV-0039-03,BACKGROUND,ea374e949697b6a711fce24cc4eb5de6f595dc7f37d461b577e16d68d4444bd9,2026.07.19.2
CEO_BARKED_TWICE,IL-INV-0039-04,INVOICE_LINE,,Tax and administration,INVOICE_SYSTEM,authoring/ceo_invoice_lines.csv,IL-INV-0039-04,,,,,Tax and administration,"{""content_role"":""BACKGROUND"",""description"":""Tax and administration"",""invoice_id"":""INV-0039"",""invoice_line_id"":""IL-INV-0039-04"",""line_amount"":""17841.20"",""line_number"":""4"",""purchase_order_id"":""PO-26039"",""quantity"":""1"",""source_system_id"":""INVOICE_SYSTEM"",""unit_price"":""17841.20""}",authoring/ceo_invoice_lines.csv#IL-INV-0039-04,BACKGROUND,5dd02883eb653f1f68994c1b00ce77e29ffed8353ff9639cb8dc97435725b6fd,2026.07.19.2
CEO_BARKED_TWICE,IL-INV-0040-01,INVOICE_LINE,,Primary goods,INVOICE_SYSTEM,authoring/ceo_invoice_lines.csv,IL-INV-0040-01,,,,,Primary goods,"{""content_role"":""BACKGROUND"",""description"":""Primary goods"",""invoice_id"":""INV-0040"",""invoice_line_id"":""IL-INV-0040-01"",""line_amount"":""59103.80"",""line_number"":""1"",""purchase_order_id"":""PO-26040"",""quantity"":""12"",""source_system_id"":""INVOICE_SYSTEM"",""unit_price"":""4925.32""}",authoring/ceo_invoice_lines.csv#IL-INV-0040-01,BACKGROUND,ec906460a3e1059fcdb3094ae359993192998d9bd9fda8c35fe3952f8655616c,2026.07.19.2
CEO_BARKED_TWICE,IL-INV-0040-02,INVOICE_LINE,,Freight and handling,INVOICE_SYSTEM,authoring/ceo_invoice_lines.csv,IL-INV-0040-02,,,,,Freight and handling,"{""content_role"":""BACKGROUND"",""description"":""Freight and handling"",""invoice_id"":""INV-0040"",""invoice_line_id"":""IL-INV-0040-02"",""line_amount"":""46324.60"",""line_number"":""2"",""purchase_order_id"":""PO-26040"",""quantity"":""8"",""source_system_id"":""INVOICE_SYSTEM"",""unit_price"":""5790.57""}",authoring/ceo_invoice_lines.csv#IL-INV-0040-02,BACKGROUND,05af88a142a483ee3c81b9fc116b4b169954566bdffd7ff5f49c222193f8d5f0,2026.07.19.2
CEO_BARKED_TWICE,IL-INV-0040-03,INVOICE_LINE,,Calibration/service,INVOICE_SYSTEM,authoring/ceo_invoice_lines.csv,IL-INV-0040-03,,,,,Calibration/service,"{""content_role"":""BACKGROUND"",""description"":""Calibration/service"",""invoice_id"":""INV-0040"",""invoice_line_id"":""IL-INV-0040-03"",""line_amount"":""33545.40"",""line_number"":""3"",""purchase_order_id"":""PO-26040"",""quantity"":""4"",""source_system_id"":""INVOICE_SYSTEM"",""unit_price"":""8386.35""}",authoring/ceo_invoice_lines.csv#IL-INV-0040-03,BACKGROUND,1971b0cafce6f410ff83fa7ecdaf8e88ae22a53bf0f563f098a4ad2eeaf67c74,2026.07.19.2
CEO_BARKED_TWICE,IL-INV-0040-04,INVOICE_LINE,,Tax and administration,INVOICE_SYSTEM,authoring/ceo_invoice_lines.csv,IL-INV-0040-04,,,,,Tax and administration,"{""content_role"":""BACKGROUND"",""description"":""Tax and administration"",""invoice_id"":""INV-0040"",""invoice_line_id"":""IL-INV-0040-04"",""line_amount"":""20766.20"",""line_number"":""4"",""purchase_order_id"":""PO-26040"",""quantity"":""1"",""source_system_id"":""INVOICE_SYSTEM"",""unit_price"":""20766.20""}",authoring/ceo_invoice_lines.csv#IL-INV-0040-04,BACKGROUND,82ddd589603af830835d79129a14be0b40163d3aa1654ba04c8d76f766e0b3b1,2026.07.19.2
CEO_BARKED_TWICE,IL-INV-0041-01,INVOICE_LINE,,Primary goods,INVOICE_SYSTEM,authoring/ceo_invoice_lines.csv,IL-INV-0041-01,,,,,Primary goods,"{""content_role"":""BACKGROUND"",""description"":""Primary goods"",""invoice_id"":""INV-0041"",""invoice_line_id"":""IL-INV-0041-01"",""line_amount"":""57342.60"",""line_number"":""1"",""purchase_order_id"":""PO-26041"",""quantity"":""12"",""source_system_id"":""INVOICE_SYSTEM"",""unit_price"":""4778.55""}",authoring/ceo_invoice_lines.csv#IL-INV-0041-01,BACKGROUND,4a266eea2ec6d6e1965c29c1e6e3da0a922ee9ba7418dfc7391997f93d028757,2026.07.19.2
CEO_BARKED_TWICE,IL-INV-0041-02,INVOICE_LINE,,Freight and handling,INVOICE_SYSTEM,authoring/ceo_invoice_lines.csv,IL-INV-0041-02,,,,,Freight and handling,"{""content_role"":""BACKGROUND"",""description"":""Freight and handling"",""invoice_id"":""INV-0041"",""invoice_line_id"":""IL-INV-0041-02"",""line_amount"":""44944.20"",""line_number"":""2"",""purchase_order_id"":""PO-26041"",""quantity"":""8"",""source_system_id"":""INVOICE_SYSTEM"",""unit_price"":""5618.02""}",authoring/ceo_invoice_lines.csv#IL-INV-0041-02,BACKGROUND,d03251a9b865481dc7af2b5c7d4e21b27688442d36004425829bcfed6e0c23f4,2026.07.19.2
CEO_BARKED_TWICE,IL-INV-0041-03,INVOICE_LINE,,Calibration/service,INVOICE_SYSTEM,authoring/ceo_invoice_lines.csv,IL-INV-0041-03,,,,,Calibration/service,"{""content_role"":""BACKGROUND"",""description"":""Calibration/service"",""invoice_id"":""INV-0041"",""invoice_line_id"":""IL-INV-0041-03"",""line_amount"":""32545.80"",""line_number"":""3"",""purchase_order_id"":""PO-26041"",""quantity"":""4"",""source_system_id"":""INVOICE_SYSTEM"",""unit_price"":""8136.45""}",authoring/ceo_invoice_lines.csv#IL-INV-0041-03,BACKGROUND,b56934727963e6507563b8352a6f663a10917ade24b72a1c79eb6ef421da7ffd,2026.07.19.2
CEO_BARKED_TWICE,IL-INV-0041-04,INVOICE_LINE,,Tax and administration,INVOICE_SYSTEM,authoring/ceo_invoice_lines.csv,IL-INV-0041-04,,,,,Tax and administration,"{""content_role"":""BACKGROUND"",""description"":""Tax and administration"",""invoice_id"":""INV-0041"",""invoice_line_id"":""IL-INV-0041-04"",""line_amount"":""20147.40"",""line_number"":""4"",""purchase_order_id"":""PO-26041"",""quantity"":""1"",""source_system_id"":""INVOICE_SYSTEM"",""unit_price"":""20147.40""}",authoring/ceo_invoice_lines.csv#IL-INV-0041-04,BACKGROUND,478e5999c5e07e899553594a722c96997338bf7df463126441056aa5cefa2c0d,2026.07.19.2
CEO_BARKED_TWICE,IL-INV-0042-01,INVOICE_LINE,,Primary goods,INVOICE_SYSTEM,authoring/ceo_invoice_lines.csv,IL-INV-0042-01,,,,,Primary goods,"{""content_role"":""BACKGROUND"",""description"":""Primary goods"",""invoice_id"":""INV-0042"",""invoice_line_id"":""IL-INV-0042-01"",""line_amount"":""65549.20"",""line_number"":""1"",""purchase_order_id"":""PO-26042"",""quantity"":""12"",""source_system_id"":""INVOICE_SYSTEM"",""unit_price"":""5462.43""}",authoring/ceo_invoice_lines.csv#IL-INV-0042-01,BACKGROUND,5eb6e1fcbb39d93d9cd8383d435a261233d83a1f666117c71679d335b9ee6725,2026.07.19.2
CEO_BARKED_TWICE,IL-INV-0042-02,INVOICE_LINE,,Freight and handling,INVOICE_SYSTEM,authoring/ceo_invoice_lines.csv,IL-INV-0042-02,,,,,Freight and handling,"{""content_role"":""BACKGROUND"",""description"":""Freight and handling"",""invoice_id"":""INV-0042"",""invoice_line_id"":""IL-INV-0042-02"",""line_amount"":""51376.40"",""line_number"":""2"",""purchase_order_id"":""PO-26042"",""quantity"":""8"",""source_system_id"":""INVOICE_SYSTEM"",""unit_price"":""6422.05""}",authoring/ceo_invoice_lines.csv#IL-INV-0042-02,BACKGROUND,07716b155f54acf370a13f803419891e2fc8b97f7900262eeb1a55fe206444e5,2026.07.19.2
CEO_BARKED_TWICE,IL-INV-0042-03,INVOICE_LINE,,Calibration/service,INVOICE_SYSTEM,authoring/ceo_invoice_lines.csv,IL-INV-0042-03,,,,,Calibration/service,"{""content_role"":""BACKGROUND"",""description"":""Calibration/service"",""invoice_id"":""INV-0042"",""invoice_line_id"":""IL-INV-0042-03"",""line_amount"":""37203.60"",""line_number"":""3"",""purchase_order_id"":""PO-26042"",""quantity"":""4"",""source_system_id"":""INVOICE_SYSTEM"",""unit_price"":""9300.90""}",authoring/ceo_invoice_lines.csv#IL-INV-0042-03,BACKGROUND,1c5030b6472864aa49f7408775fc7174ef0d5bfc7c354da215bd0dc6f7e38544,2026.07.19.2
CEO_BARKED_TWICE,IL-INV-0042-04,INVOICE_LINE,,Tax and administration,INVOICE_SYSTEM,authoring/ceo_invoice_lines.csv,IL-INV-0042-04,,,,,Tax and administration,"{""content_role"":""BACKGROUND"",""description"":""Tax and administration"",""invoice_id"":""INV-0042"",""invoice_line_id"":""IL-INV-0042-04"",""line_amount"":""23030.80"",""line_number"":""4"",""purchase_order_id"":""PO-26042"",""quantity"":""1"",""source_system_id"":""INVOICE_SYSTEM"",""unit_price"":""23030.80""}",authoring/ceo_invoice_lines.csv#IL-INV-0042-04,BACKGROUND,a174c4db0907d01eef0bd43c97baa02166f756f1ed6194e07025b6b8255300ac,2026.07.19.2
CEO_BARKED_TWICE,INV-COPPER-1048-G,INVOICE,,CPI-1048,INVOICE_SYSTEM,authoring/ceo_invoices.csv,INV-COPPER-1048-G,2026-02-10,,,,CPI-1048,"{""approval_status"":""VERIFIED"",""attachment_hash"":""HASH-COPPER-1048-G"",""beneficiary_account_id"":""A-COPPER-2207"",""buyer_organization_record_id"":""OR-SCC-01"",""content_role"":""CORE_EVIDENCE"",""currency"":""BSC"",""due_at"":""2026-03-12"",""invoice_id"":""INV-COPPER-1048-G"",""invoice_number"":""CPI-1048"",""issued_at"":""2026-02-10"",""purchase_order_id"":""PO-26005"",""sender_domain"":""copperpaw.example"",""source_system_id"":""INVOICE_SYSTEM"",""total_amount"":""420000.00"",""vendor_organization_record_id"":""OR-COPPER-01""}",authoring/ceo_invoices.csv#INV-COPPER-1048-G,CORE_EVIDENCE,601ffa12494bb5b8e03d8b6cf6edfd61bfd62c7316e689125f110e0f627d5ed8,2026.07.19.2
CEO_BARKED_TWICE,INV-COPPER-1048-F,INVOICE,,CPI-1048,INVOICE_SYSTEM,authoring/ceo_invoices.csv,INV-COPPER-1048-F,2026-02-10,,,,CPI-1048,"{""approval_status"":""APPROVED"",""attachment_hash"":""HASH-COPPER-1048-F"",""beneficiary_account_id"":""A-NIGHTJAR-8842"",""buyer_organization_record_id"":""OR-SCC-01"",""content_role"":""CORE_EVIDENCE"",""currency"":""BSC"",""due_at"":""2026-02-13"",""invoice_id"":""INV-COPPER-1048-F"",""invoice_number"":""CPI-1048"",""issued_at"":""2026-02-10"",""purchase_order_id"":""PO-26005"",""sender_domain"":""copperpavv.example"",""source_system_id"":""INVOICE_SYSTEM"",""total_amount"":""420000.00"",""vendor_organization_record_id"":""OR-COPPER-01""}",authoring/ceo_invoices.csv#INV-COPPER-1048-F,CORE_EVIDENCE,a8cee4b7430a1df47e1245c1daf81262b6c57bf1faa78d8d90b557285d627cd9,2026.07.19.2
CEO_BARKED_TWICE,INV-COPPER-1059-G,INVOICE,,CPI-1059,INVOICE_SYSTEM,authoring/ceo_invoices.csv,INV-COPPER-1059-G,2026-02-18,,,,CPI-1059,"{""approval_status"":""VERIFIED"",""attachment_hash"":""HASH-COPPER-1059-G"",""beneficiary_account_id"":""A-COPPER-2207"",""buyer_organization_record_id"":""OR-SCC-01"",""content_role"":""CORE_EVIDENCE"",""currency"":""BSC"",""due_at"":""2026-03-20"",""invoice_id"":""INV-COPPER-1059-G"",""invoice_number"":""CPI-1059"",""issued_at"":""2026-02-18"",""purchase_order_id"":""PO-26013"",""sender_domain"":""copperpaw.example"",""source_system_id"":""INVOICE_SYSTEM"",""total_amount"":""680000.00"",""vendor_organization_record_id"":""OR-COPPER-01""}",authoring/ceo_invoices.csv#INV-COPPER-1059-G,CORE_EVIDENCE,d36860bb8e68d8490c70faa31c0b295025ebc0c6428accafcfcf8703fe5180e1,2026.07.19.2
CEO_BARKED_TWICE,INV-COPPER-1059-F,INVOICE,,CPI-1059,INVOICE_SYSTEM,authoring/ceo_invoices.csv,INV-COPPER-1059-F,2026-02-18,,,,CPI-1059,"{""approval_status"":""APPROVED"",""attachment_hash"":""HASH-COPPER-1059-F"",""beneficiary_account_id"":""A-NIGHTJAR-8842"",""buyer_organization_record_id"":""OR-SCC-01"",""content_role"":""CORE_EVIDENCE"",""currency"":""BSC"",""due_at"":""2026-02-21"",""invoice_id"":""INV-COPPER-1059-F"",""invoice_number"":""CPI-1059"",""issued_at"":""2026-02-18"",""purchase_order_id"":""PO-26013"",""sender_domain"":""copperpavv.example"",""source_system_id"":""INVOICE_SYSTEM"",""total_amount"":""680000.00"",""vendor_organization_record_id"":""OR-COPPER-01""}",authoring/ceo_invoices.csv#INV-COPPER-1059-F,CORE_EVIDENCE,4504cb9b9dd3eae07285f1e2dfbc3695f850f66ec2164e76f5df697b742f0ee5,2026.07.19.2
CEO_BARKED_TWICE,INV-COPPER-1062-G,INVOICE,,CPI-1062,INVOICE_SYSTEM,authoring/ceo_invoices.csv,INV-COPPER-1062-G,2026-02-25,,,,CPI-1062,"{""approval_status"":""VERIFIED"",""attachment_hash"":""HASH-COPPER-1062-G"",""beneficiary_account_id"":""A-COPPER-2207"",""buyer_organization_record_id"":""OR-SCC-01"",""content_role"":""CORE_EVIDENCE"",""currency"":""BSC"",""due_at"":""2026-03-27"",""invoice_id"":""INV-COPPER-1062-G"",""invoice_number"":""CPI-1062"",""issued_at"":""2026-02-25"",""purchase_order_id"":""PO-26021"",""sender_domain"":""copperpaw.example"",""source_system_id"":""INVOICE_SYSTEM"",""total_amount"":""155000.00"",""vendor_organization_record_id"":""OR-COPPER-01""}",authoring/ceo_invoices.csv#INV-COPPER-1062-G,CORE_EVIDENCE,dce2fd458ad2396c08278eb5f72280900abb264b479dbed261bb753ec432b6f4,2026.07.19.2
CEO_BARKED_TWICE,INV-COPPER-1062-F,INVOICE,,CPI-1062,INVOICE_SYSTEM,authoring/ceo_invoices.csv,INV-COPPER-1062-F,2026-02-25,,,,CPI-1062,"{""approval_status"":""HELD"",""attachment_hash"":""HASH-COPPER-1062-F"",""beneficiary_account_id"":""A-NIGHTJAR-8842"",""buyer_organization_record_id"":""OR-SCC-01"",""content_role"":""CORE_EVIDENCE"",""currency"":""BSC"",""due_at"":""2026-02-28"",""invoice_id"":""INV-COPPER-1062-F"",""invoice_number"":""CPI-1062"",""issued_at"":""2026-02-25"",""purchase_order_id"":""PO-26021"",""sender_domain"":""copperpavv.example"",""source_system_id"":""INVOICE_SYSTEM"",""total_amount"":""155000.00"",""vendor_organization_record_id"":""OR-COPPER-01""}",authoring/ceo_invoices.csv#INV-COPPER-1062-F,CORE_EVIDENCE,73b2271415d3e14ba7b75ef0755ce1e4dcd226aa37828858025e45c05d7ae1cc,2026.07.19.2
CEO_BARKED_TWICE,INV-0001,INVOICE,,COPPER-2025-1000,INVOICE_SYSTEM,authoring/ceo_invoices.csv,INV-0001,2025-07-15,,,,COPPER-2025-1000,"{""approval_status"":""PAID"",""attachment_hash"":""58045d97f5d12604471a8b71d5866aebdd113f9eb4f92bab0c38ab2caeec02af"",""beneficiary_account_id"":""A-COPPER-2207"",""buyer_organization_record_id"":""OR-SCC-01"",""content_role"":""BACKGROUND"",""currency"":""BSC"",""due_at"":""2025-08-14"",""invoice_id"":""INV-0001"",""invoice_number"":""COPPER-2025-1000"",""issued_at"":""2025-07-15"",""purchase_order_id"":""PO-26001"",""sender_domain"":""copperpaw.example"",""source_system_id"":""INVOICE_SYSTEM"",""total_amount"":""69700.00"",""vendor_organization_record_id"":""OR-COPPER-01""}",authoring/ceo_invoices.csv#INV-0001,BACKGROUND,f7010248d01e25d7fa23ae3017958e604478448ace6852d95de98dcdf519f223,2026.07.19.2
CEO_BARKED_TWICE,INV-0002,INVOICE,,IRON-2025-1001,INVOICE_SYSTEM,authoring/ceo_invoices.csv,INV-0002,2025-07-18,,,,IRON-2025-1001,"{""approval_status"":""PAID"",""attachment_hash"":""8f63d12e9b894b5343bb109353719c36c418b32b0b22ca39dc7fcfdcda1fca6f"",""beneficiary_account_id"":""A-IRON-3041"",""buyer_organization_record_id"":""OR-SCC-01"",""content_role"":""BACKGROUND"",""currency"":""BSC"",""due_at"":""2025-08-17"",""invoice_id"":""INV-0002"",""invoice_number"":""IRON-2025-1001"",""issued_at"":""2025-07-18"",""purchase_order_id"":""PO-26002"",""sender_domain"":""iron.leash.manufacturing.example"",""source_system_id"":""INVOICE_SYSTEM"",""total_amount"":""87720.00"",""vendor_organization_record_id"":""OR-IRON-01""}",authoring/ceo_invoices.csv#INV-0002,BACKGROUND,7124a381ba0ec875c214e84c34dd61805830a299061615a041d3eda63580f9ed,2026.07.19.2
CEO_BARKED_TWICE,INV-0003,INVOICE,,WIRE-2025-1002,INVOICE_SYSTEM,authoring/ceo_invoices.csv,INV-0003,2025-07-21,,,,WIRE-2025-1002,"{""approval_status"":""PAID"",""attachment_hash"":""03b620b603313f67b9128e1acc652b60afb45bbc6c6ca9d33286602ac754557b"",""beneficiary_account_id"":""A-WIRE-3082"",""buyer_organization_record_id"":""OR-SCC-01"",""content_role"":""BACKGROUND"",""currency"":""BSC"",""due_at"":""2025-08-20"",""invoice_id"":""INV-0003"",""invoice_number"":""WIRE-2025-1002"",""issued_at"":""2025-07-21"",""purchase_order_id"":""PO-26003"",""sender_domain"":""wire.whisker.electronics.example"",""source_system_id"":""INVOICE_SYSTEM"",""total_amount"":""107100.00"",""vendor_organization_record_id"":""OR-WIRE-01""}",authoring/ceo_invoices.csv#INV-0003,BACKGROUND,3980bbae15f0df269fec502b55c167a4faca8cc4ca498be2eca6edc0e88e5ac3,2026.07.19.2
CEO_BARKED_TWICE,INV-0004,INVOICE,,TAIL-2025-1003,INVOICE_SYSTEM,authoring/ceo_invoices.csv,INV-0004,2025-07-24,,,,TAIL-2025-1003,"{""approval_status"":""PAID"",""attachment_hash"":""33f89a9a82c589598879c53d62336d7969ff7c89983f1c2a2677fe77d171b2bf"",""beneficiary_account_id"":""A-TAIL-3123"",""buyer_organization_record_id"":""OR-SCC-01"",""content_role"":""BACKGROUND"",""currency"":""BSC"",""due_at"":""2025-08-23"",""invoice_id"":""INV-0004"",""invoice_number"":""TAIL-2025-1003"",""issued_at"":""2025-07-24"",""purchase_order_id"":""PO-26004"",""sender_domain"":""tailspin.freight.co.example"",""source_system_id"":""INVOICE_SYSTEM"",""total_amount"":""127840.00"",""vendor_organization_record_id"":""OR-TAIL-01""}",authoring/ceo_invoices.csv#INV-0004,BACKGROUND,c02a4e872f19c637d7586a4709574256606f97b7ec9cf964749d1b3387842f20,2026.07.19.2
CEO_BARKED_TWICE,INV-0005,INVOICE,,BLUEBOWL-2025-1004,INVOICE_SYSTEM,authoring/ceo_invoices.csv,INV-0005,2025-07-27,,,,BLUEBOWL-2025-1004,"{""approval_status"":""PAID"",""attachment_hash"":""53077609bfd0e3b3e9d8b2e97fef46f7c6346e100b9aa70f7de1fc2a8f2f2b08"",""beneficiary_account_id"":""A-BLUEBOWL-3164"",""buyer_organization_record_id"":""OR-SCC-01"",""content_role"":""BACKGROUND"",""currency"":""BSC"",""due_at"":""2025-08-26"",""invoice_id"":""INV-0005"",""invoice_number"":""BLUEBOWL-2025-1004"",""issued_at"":""2025-07-27"",""purchase_order_id"":""PO-26005"",""sender_domain"":""blue.bowl.packaging.example"",""source_system_id"":""INVOICE_SYSTEM"",""total_amount"":""149940.00"",""vendor_organization_record_id"":""OR-BLUEBOWL-01""}",authoring/ceo_invoices.csv#INV-0005,BACKGROUND,c6bcc1e1938bc3fa1f591d29bb04cb8470ce1bdfe5824efe86e4ebab536e9bd0,2026.07.19.2
CEO_BARKED_TWICE,INV-0006,INVOICE,,HOUNDOFF-2025-1005,INVOICE_SYSTEM,authoring/ceo_invoices.csv,INV-0006,2025-07-30,,,,HOUNDOFF-2025-1005,"{""approval_status"":""PAID"",""attachment_hash"":""9299ec88201ac915726350a283ac75596c947dac538f60d06681aada451a630f"",""beneficiary_account_id"":""A-HOUNDOFF-3205"",""buyer_organization_record_id"":""OR-SCC-01"",""content_role"":""BACKGROUND"",""currency"":""BSC"",""due_at"":""2025-08-29"",""invoice_id"":""INV-0006"",""invoice_number"":""HOUNDOFF-2025-1005"",""issued_at"":""2025-07-30"",""purchase_order_id"":""PO-26006"",""sender_domain"":""hound.office.solutions.example"",""source_system_id"":""INVOICE_SYSTEM"",""total_amount"":""139400.00"",""vendor_organization_record_id"":""OR-HOUNDOFF-01""}",authoring/ceo_invoices.csv#INV-0006,BACKGROUND,f2a0a4c78469a997722ef8adae271c71e18ec5a8fe225da9cc05e2b29a906359,2026.07.19.2
CEO_BARKED_TWICE,INV-0007,INVOICE,,RETRIEVER-2025-1006,INVOICE_SYSTEM,authoring/ceo_invoices.csv,INV-0007,2025-08-02,,,,RETRIEVER-2025-1006,"{""approval_status"":""PAID"",""attachment_hash"":""ef82befb5494a36805d4698515d23d2b1db53f1c2d308c9b1b4ef5d738d5aa56"",""beneficiary_account_id"":""A-RETRIEVER-3246"",""buyer_organization_record_id"":""OR-SCC-01"",""content_role"":""BACKGROUND"",""currency"":""BSC"",""due_at"":""2025-09-01"",""invoice_id"":""INV-0007"",""invoice_number"":""RETRIEVER-2025-1006"",""issued_at"":""2025-08-02"",""purchase_order_id"":""PO-26007"",""sender_domain"":""retriever.robotics.example"",""source_system_id"":""INVOICE_SYSTEM"",""total_amount"":""160820.00"",""vendor_organization_record_id"":""OR-RETRIEVER-01""}",authoring/ceo_invoices.csv#INV-0007,BACKGROUND,5af390c62d68fc35d43ae0cae766cf63f90f81827192cd12757a69a6c51d4014,2026.07.19.2
CEO_BARKED_TWICE,INV-0008,INVOICE,,COPPER-2025-1007,INVOICE_SYSTEM,authoring/ceo_invoices.csv,INV-0008,2025-08-05,,,,COPPER-2025-1007,"{""approval_status"":""PAID"",""attachment_hash"":""7765dda0783c31d9760e36da87b82f782878eb2bb1249fddb5a0041afcdeeaa9"",""beneficiary_account_id"":""A-COPPER-2207"",""buyer_organization_record_id"":""OR-SCC-01"",""content_role"":""BACKGROUND"",""currency"":""BSC"",""due_at"":""2025-09-04"",""invoice_id"":""INV-0008"",""invoice_number"":""COPPER-2025-1007"",""issued_at"":""2025-08-05"",""purchase_order_id"":""PO-26008"",""sender_domain"":""copperpaw.example"",""source_system_id"":""INVOICE_SYSTEM"",""total_amount"":""183600.00"",""vendor_organization_record_id"":""OR-COPPER-01""}",authoring/ceo_invoices.csv#INV-0008,BACKGROUND,7316e3c4ae91008f0e3580d28c526717f168b2af53c5c83044dbb213bf88464b,2026.07.19.2
CEO_BARKED_TWICE,INV-0009,INVOICE,,IRON-2025-1008,INVOICE_SYSTEM,authoring/ceo_invoices.csv,INV-0009,2025-08-08,,,,IRON-2025-1008,"{""approval_status"":""PAID"",""attachment_hash"":""8dc15fbd7953a8dbd3e1de762ccdebd46a30e96eb1bcca88de2cc8c10c17492a"",""beneficiary_account_id"":""A-IRON-3041"",""buyer_organization_record_id"":""OR-SCC-01"",""content_role"":""BACKGROUND"",""currency"":""BSC"",""due_at"":""2025-09-07"",""invoice_id"":""INV-0009"",""invoice_number"":""IRON-2025-1008"",""issued_at"":""2025-08-08"",""purchase_order_id"":""PO-26009"",""sender_domain"":""iron.leash.manufacturing.example"",""source_system_id"":""INVOICE_SYSTEM"",""total_amount"":""207740.00"",""vendor_organization_record_id"":""OR-IRON-01""}",authoring/ceo_invoices.csv#INV-0009,BACKGROUND,c97868f02becf29db3d7a5584be531adc83f68854e6a77f770915bc4edc3bc3b,2026.07.19.2
CEO_BARKED_TWICE,INV-0010,INVOICE,,WIRE-2025-1009,INVOICE_SYSTEM,authoring/ceo_invoices.csv,INV-0010,2025-08-11,,,,WIRE-2025-1009,"{""approval_status"":""PAID"",""attachment_hash"":""1bfcd7e12074a13ad093516c8b4e03c80868e71b107353058336d0a3cf1727f7"",""beneficiary_account_id"":""A-WIRE-3082"",""buyer_organization_record_id"":""OR-SCC-01"",""content_role"":""BACKGROUND"",""currency"":""BSC"",""due_at"":""2025-09-10"",""invoice_id"":""INV-0010"",""invoice_number"":""WIRE-2025-1009"",""issued_at"":""2025-08-11"",""purchase_order_id"":""PO-26010"",""sender_domain"":""wire.whisker.electronics.example"",""source_system_id"":""INVOICE_SYSTEM"",""total_amount"":""83300.00"",""vendor_organization_record_id"":""OR-WIRE-01""}",authoring/ceo_invoices.csv#INV-0010,BACKGROUND,89707085170b6f7aee72882c85d4dd268142c1641fe19e7e4ab6d85a85271260,2026.07.19.2
CEO_BARKED_TWICE,INV-0011,INVOICE,,TAIL-2025-1010,INVOICE_SYSTEM,authoring/ceo_invoices.csv,INV-0011,2025-08-14,,,,TAIL-2025-1010,"{""approval_status"":""PAID"",""attachment_hash"":""4b7f96a694a121bc275533ed6a776812456321bdea4c806a4f5e9e39248cbe09"",""beneficiary_account_id"":""A-TAIL-3123"",""buyer_organization_record_id"":""OR-SCC-01"",""content_role"":""BACKGROUND"",""currency"":""BSC"",""due_at"":""2025-09-13"",""invoice_id"":""INV-0011"",""invoice_number"":""TAIL-2025-1010"",""issued_at"":""2025-08-14"",""purchase_order_id"":""PO-26011"",""sender_domain"":""tailspin.freight.co.example"",""source_system_id"":""INVOICE_SYSTEM"",""total_amount"":""91020.00"",""vendor_organization_record_id"":""OR-TAIL-01""}",authoring/ceo_invoices.csv#INV-0011,BACKGROUND,7619304376ebb9a7a0945afb40c56657fe265d2e7835d6fd4f0da108eb05721d,2026.07.19.2
CEO_BARKED_TWICE,INV-0012,INVOICE,,BLUEBOWL-2025-1011,INVOICE_SYSTEM,authoring/ceo_invoices.csv,INV-0012,2025-08-17,,,,BLUEBOWL-2025-1011,"{""approval_status"":""PAID"",""attachment_hash"":""2af84904422d5a3897453802798fc60c0bd73b1cbff12a86a83f61f9db1ed3cf"",""beneficiary_account_id"":""A-BLUEBOWL-3164"",""buyer_organization_record_id"":""OR-SCC-01"",""content_role"":""BACKGROUND"",""currency"":""BSC"",""due_at"":""2025-09-16"",""invoice_id"":""INV-0012"",""invoice_number"":""BLUEBOWL-2025-1011"",""issued_at"":""2025-08-17"",""purchase_order_id"":""PO-26012"",""sender_domain"":""blue.bowl.packaging.example"",""source_system_id"":""INVOICE_SYSTEM"",""total_amount"":""110080.00"",""vendor_organization_record_id"":""OR-BLUEBOWL-01""}",authoring/ceo_invoices.csv#INV-0012,BACKGROUND,1bc82e146ad9cc52f4392a1d062c06eeaa8aed8f17fef208287bfab4e77c2ae5,2026.07.19.2
CEO_BARKED_TWICE,INV-0013,INVOICE,,HOUNDOFF-2025-1012,INVOICE_SYSTEM,authoring/ceo_invoices.csv,INV-0013,2025-08-20,,,,HOUNDOFF-2025-1012,"{""approval_status"":""PAID"",""attachment_hash"":""1ae215366dbdf088bcf356c5fc68c9bc5fa7037a461cc78284037680f9e4fb07"",""beneficiary_account_id"":""A-HOUNDOFF-3205"",""buyer_organization_record_id"":""OR-SCC-01"",""content_role"":""BACKGROUND"",""currency"":""BSC"",""due_at"":""2025-09-19"",""invoice_id"":""INV-0013"",""invoice_number"":""HOUNDOFF-2025-1012"",""issued_at"":""2025-08-20"",""purchase_order_id"":""PO-26013"",""sender_domain"":""hound.office.solutions.example"",""source_system_id"":""INVOICE_SYSTEM"",""total_amount"":""130500.00"",""vendor_organization_record_id"":""OR-HOUNDOFF-01""}",authoring/ceo_invoices.csv#INV-0013,BACKGROUND,aefcdcd0482f2f88bfab168dfbbe18a50033f21a5cf008e2b818ad2322fef1e4,2026.07.19.2
CEO_BARKED_TWICE,INV-0014,INVOICE,,RETRIEVER-2025-1013,INVOICE_SYSTEM,authoring/ceo_invoices.csv,INV-0014,2025-08-23,,,,RETRIEVER-2025-1013,"{""approval_status"":""PAID"",""attachment_hash"":""ae5bf2cc708b61ab12bc4020c46e30cb81f7a5763d66bd1976376cedb2023b10"",""beneficiary_account_id"":""A-RETRIEVER-3246"",""buyer_organization_record_id"":""OR-SCC-01"",""content_role"":""BACKGROUND"",""currency"":""BSC"",""due_at"":""2025-09-22"",""invoice_id"":""INV-0014"",""invoice_number"":""RETRIEVER-2025-1013"",""issued_at"":""2025-08-23"",""purchase_order_id"":""PO-26014"",""sender_domain"":""retriever.robotics.example"",""source_system_id"":""INVOICE_SYSTEM"",""total_amount"":""152280.00"",""vendor_organization_record_id"":""OR-RETRIEVER-01""}",authoring/ceo_invoices.csv#INV-0014,BACKGROUND,1827ba84e88ce93a6b9c952058e7e5f2aa18044a0b9278966c7546ad4588fc0e,2026.07.19.2
CEO_BARKED_TWICE,INV-0015,INVOICE,,COPPER-2025-1014,INVOICE_SYSTEM,authoring/ceo_invoices.csv,INV-0015,2025-08-26,,,,COPPER-2025-1014,"{""approval_status"":""PAID"",""attachment_hash"":""317e2547f365b1b49e3e226be931f023cf8fa90ec969a8e52558cc467a25501c"",""beneficiary_account_id"":""A-COPPER-2207"",""buyer_organization_record_id"":""OR-SCC-01"",""content_role"":""BACKGROUND"",""currency"":""BSC"",""due_at"":""2025-09-25"",""invoice_id"":""INV-0015"",""invoice_number"":""COPPER-2025-1014"",""issued_at"":""2025-08-26"",""purchase_order_id"":""PO-26015"",""sender_domain"":""copperpaw.example"",""source_system_id"":""INVOICE_SYSTEM"",""total_amount"":""175420.00"",""vendor_organization_record_id"":""OR-COPPER-01""}",authoring/ceo_invoices.csv#INV-0015,BACKGROUND,46b8ccbb5a82b599f97b7ade21c11fbe14979a0c20d777a44a60cc4ab9b99999,2026.07.19.2
CEO_BARKED_TWICE,INV-0016,INVOICE,,IRON-2025-1015,INVOICE_SYSTEM,authoring/ceo_invoices.csv,INV-0016,2025-08-29,,,,IRON-2025-1015,"{""approval_status"":""PAID"",""attachment_hash"":""353791ca3c9bf94b7b7bcfdeb89a7df26328bc15dbc98946a38678a3c3d93784"",""beneficiary_account_id"":""A-IRON-3041"",""buyer_organization_record_id"":""OR-SCC-01"",""content_role"":""BACKGROUND"",""currency"":""BSC"",""due_at"":""2025-09-28"",""invoice_id"":""INV-0016"",""invoice_number"":""IRON-2025-1015"",""issued_at"":""2025-08-29"",""purchase_order_id"":""PO-26016"",""sender_domain"":""iron.leash.manufacturing.example"",""source_system_id"":""INVOICE_SYSTEM"",""total_amount"":""160720.00"",""vendor_organization_record_id"":""OR-IRON-01""}",authoring/ceo_invoices.csv#INV-0016,BACKGROUND,6d64c994ccd4a7c27ed22736ebdbec958f62bfa2c35a1f9a0418bd5c2db9d6f5,2026.07.19.2
CEO_BARKED_TWICE,INV-0017,INVOICE,,WIRE-2025-1016,INVOICE_SYSTEM,authoring/ceo_invoices.csv,INV-0017,2025-09-01,,,,WIRE-2025-1016,"{""approval_status"":""PAID"",""attachment_hash"":""ebcd9b83567f2d598c112238f12a52ae32d7fefff3db2fff31bf214e8026382d"",""beneficiary_account_id"":""A-WIRE-3082"",""buyer_organization_record_id"":""OR-SCC-01"",""content_role"":""BACKGROUND"",""currency"":""BSC"",""due_at"":""2025-10-01"",""invoice_id"":""INV-0017"",""invoice_number"":""WIRE-2025-1016"",""issued_at"":""2025-09-01"",""purchase_order_id"":""PO-26017"",""sender_domain"":""wire.whisker.electronics.example"",""source_system_id"":""INVOICE_SYSTEM"",""total_amount"":""183180.00"",""vendor_organization_record_id"":""OR-WIRE-01""}",authoring/ceo_invoices.csv#INV-0017,BACKGROUND,84a1a049b7d3e99c059a0a5f787d52d68f609c248d0e20ee1e666fe4218be911,2026.07.19.2
CEO_BARKED_TWICE,INV-0018,INVOICE,,TAIL-2025-1017,INVOICE_SYSTEM,authoring/ceo_invoices.csv,INV-0018,2025-09-04,,,,TAIL-2025-1017,"{""approval_status"":""PAID"",""attachment_hash"":""48b6abeccdfda9fc7737b09627fe0abe8a8c6ef043be6888409c4be0c7591628"",""beneficiary_account_id"":""A-TAIL-3123"",""buyer_organization_record_id"":""OR-SCC-01"",""content_role"":""BACKGROUND"",""currency"":""BSC"",""due_at"":""2025-10-04"",""invoice_id"":""INV-0018"",""invoice_number"":""TAIL-2025-1017"",""issued_at"":""2025-09-04"",""purchase_order_id"":""PO-26018"",""sender_domain"":""tailspin.freight.co.example"",""source_system_id"":""INVOICE_SYSTEM"",""total_amount"":""207000.00"",""vendor_organization_record_id"":""OR-TAIL-01""}",authoring/ceo_invoices.csv#INV-0018,BACKGROUND,7bc7c729ff507a61f9ef5b02cad3a91e8dfdd5ef5396ef8a02ade3ffeec56708,2026.07.19.2
CEO_BARKED_TWICE,INV-0019,INVOICE,,BLUEBOWL-2025-1018,INVOICE_SYSTEM,authoring/ceo_invoices.csv,INV-0019,2025-09-07,,,,BLUEBOWL-2025-1018,"{""approval_status"":""PAID"",""attachment_hash"":""7de971ea8f7617571e42fa84b0479302d3ee4c35abc50b72c86f0e792a9bfdfb"",""beneficiary_account_id"":""A-BLUEBOWL-3164"",""buyer_organization_record_id"":""OR-SCC-01"",""content_role"":""BACKGROUND"",""currency"":""BSC"",""due_at"":""2025-10-07"",""invoice_id"":""INV-0019"",""invoice_number"":""BLUEBOWL-2025-1018"",""issued_at"":""2025-09-07"",""purchase_order_id"":""PO-26019"",""sender_domain"":""blue.bowl.packaging.example"",""source_system_id"":""INVOICE_SYSTEM"",""total_amount"":""88360.00"",""vendor_organization_record_id"":""OR-BLUEBOWL-01""}",authoring/ceo_invoices.csv#INV-0019,BACKGROUND,b074bc5c5723f788294f886c48ef155e693086da6e21f4ca107403dcaf2f3223,2026.07.19.2
CEO_BARKED_TWICE,INV-0020,INVOICE,,HOUNDOFF-2025-1019,INVOICE_SYSTEM,authoring/ceo_invoices.csv,INV-0020,2025-09-10,,,,HOUNDOFF-2025-1019,"{""approval_status"":""PAID"",""attachment_hash"":""5740462c02848a51b3e26780336639516116159134030fe502eb9c125dd73d0d"",""beneficiary_account_id"":""A-HOUNDOFF-3205"",""buyer_organization_record_id"":""OR-SCC-01"",""content_role"":""BACKGROUND"",""currency"":""BSC"",""due_at"":""2025-10-10"",""invoice_id"":""INV-0020"",""invoice_number"":""HOUNDOFF-2025-1019"",""issued_at"":""2025-09-10"",""purchase_order_id"":""PO-26020"",""sender_domain"":""hound.office.solutions.example"",""source_system_id"":""INVOICE_SYSTEM"",""total_amount"":""108780.00"",""vendor_organization_record_id"":""OR-HOUNDOFF-01""}",authoring/ceo_invoices.csv#INV-0020,BACKGROUND,e3437a519576935098970c114eb547064ed409c9cfe8a4676d59a0a026aab63c,2026.07.19.2
CEO_BARKED_TWICE,INV-0021,INVOICE,,RETRIEVER-2025-1020,INVOICE_SYSTEM,authoring/ceo_invoices.csv,INV-0021,2025-09-13,,,,RETRIEVER-2025-1020,"{""approval_status"":""PAID"",""attachment_hash"":""037f1f9e786a8d4b91cf6b71666591b67463fdece104230405d9ce8e4781f241"",""beneficiary_account_id"":""A-RETRIEVER-3246"",""buyer_organization_record_id"":""OR-SCC-01"",""content_role"":""BACKGROUND"",""currency"":""BSC"",""due_at"":""2025-10-13"",""invoice_id"":""INV-0021"",""invoice_number"":""RETRIEVER-2025-1020"",""issued_at"":""2025-09-13"",""purchase_order_id"":""PO-26021"",""sender_domain"":""retriever.robotics.example"",""source_system_id"":""INVOICE_SYSTEM"",""total_amount"":""112340.00"",""vendor_organization_record_id"":""OR-RETRIEVER-01""}",authoring/ceo_invoices.csv#INV-0021,BACKGROUND,c1088e68e2c272073641a465a694f63d2cdadf6c286c6666b4566abe60f9f16d,2026.07.19.2
CEO_BARKED_TWICE,INV-0022,INVOICE,,COPPER-2025-1021,INVOICE_SYSTEM,authoring/ceo_invoices.csv,INV-0022,2025-09-16,,,,COPPER-2025-1021,"{""approval_status"":""PAID"",""attachment_hash"":""f8d893db2d079ca6133ec7ebcf93f0fd8443ea307dc6ba6d2153b3c23cd64f6c"",""beneficiary_account_id"":""A-COPPER-2207"",""buyer_organization_record_id"":""OR-SCC-01"",""content_role"":""BACKGROUND"",""currency"":""BSC"",""due_at"":""2025-10-16"",""invoice_id"":""INV-0022"",""invoice_number"":""COPPER-2025-1021"",""issued_at"":""2025-09-16"",""purchase_order_id"":""PO-26022"",""sender_domain"":""copperpaw.example"",""source_system_id"":""INVOICE_SYSTEM"",""total_amount"":""132440.00"",""vendor_organization_record_id"":""OR-COPPER-01""}",authoring/ceo_invoices.csv#INV-0022,BACKGROUND,2ded04a3803a38f18a0aa1b8a466669c7e7b7c4cf04042ead49e1424b31b3a90,2026.07.19.2
CEO_BARKED_TWICE,INV-0023,INVOICE,,IRON-2025-1022,INVOICE_SYSTEM,authoring/ceo_invoices.csv,INV-0023,2025-09-19,,,,IRON-2025-1022,"{""approval_status"":""PAID"",""attachment_hash"":""156f6213b8a14bc181f4d6aa288a0fdf41b0dea400c4c2484e529d1c3e329d8b"",""beneficiary_account_id"":""A-IRON-3041"",""buyer_organization_record_id"":""OR-SCC-01"",""content_role"":""BACKGROUND"",""currency"":""BSC"",""due_at"":""2025-10-19"",""invoice_id"":""INV-0023"",""invoice_number"":""IRON-2025-1022"",""issued_at"":""2025-09-19"",""purchase_order_id"":""PO-26023"",""sender_domain"":""iron.leash.manufacturing.example"",""source_system_id"":""INVOICE_SYSTEM"",""total_amount"":""153900.00"",""vendor_organization_record_id"":""OR-IRON-01""}",authoring/ceo_invoices.csv#INV-0023,BACKGROUND,49460bd615e139b818555d0806d15c81a5718c3eaa5e2f2cb002f3bc75c30bb6,2026.07.19.2
CEO_BARKED_TWICE,INV-0024,INVOICE,,WIRE-2025-1023,INVOICE_SYSTEM,authoring/ceo_invoices.csv,INV-0024,2025-09-22,,,,WIRE-2025-1023,"{""approval_status"":""PAID"",""attachment_hash"":""61f0476c1a3494f24cce47b3d5e0986125bce0d9a0aca93d6be10e89b8777602"",""beneficiary_account_id"":""A-WIRE-3082"",""buyer_organization_record_id"":""OR-SCC-01"",""content_role"":""BACKGROUND"",""currency"":""BSC"",""due_at"":""2025-10-22"",""invoice_id"":""INV-0024"",""invoice_number"":""WIRE-2025-1023"",""issued_at"":""2025-09-22"",""purchase_order_id"":""PO-26024"",""sender_domain"":""wire.whisker.electronics.example"",""source_system_id"":""INVOICE_SYSTEM"",""total_amount"":""176720.00"",""vendor_organization_record_id"":""OR-WIRE-01""}",authoring/ceo_invoices.csv#INV-0024,BACKGROUND,b9a6db922bfeceaa2a16615a262d9bfb3275ec4223cf10e3f6900836d38f127d,2026.07.19.2
CEO_BARKED_TWICE,INV-0025,INVOICE,,TAIL-2025-1024,INVOICE_SYSTEM,authoring/ceo_invoices.csv,INV-0025,2025-09-25,,,,TAIL-2025-1024,"{""approval_status"":""PAID"",""attachment_hash"":""16672422741ebeee55c7d681c14517fb98b2ce907f951a95039ddfc8c20e3a53"",""beneficiary_account_id"":""A-TAIL-3123"",""buyer_organization_record_id"":""OR-SCC-01"",""content_role"":""BACKGROUND"",""currency"":""BSC"",""due_at"":""2025-10-25"",""invoice_id"":""INV-0025"",""invoice_number"":""TAIL-2025-1024"",""issued_at"":""2025-09-25"",""purchase_order_id"":""PO-26025"",""sender_domain"":""tailspin.freight.co.example"",""source_system_id"":""INVOICE_SYSTEM"",""total_amount"":""200900.00"",""vendor_organization_record_id"":""OR-TAIL-01""}",authoring/ceo_invoices.csv#INV-0025,BACKGROUND,18f55b6cf9cc145822011838b068ba1c1e09ac6effccc4a54def797ae8efc0c8,2026.07.19.2
CEO_BARKED_TWICE,INV-0026,INVOICE,,BLUEBOWL-2025-1025,INVOICE_SYSTEM,authoring/ceo_invoices.csv,INV-0026,2025-09-28,,,,BLUEBOWL-2025-1025,"{""approval_status"":""PAID"",""attachment_hash"":""ec0e56618bd986ee6fd6c8fbf68786091b27808a496fe2f3ae04d2f2427f4434"",""beneficiary_account_id"":""A-BLUEBOWL-3164"",""buyer_organization_record_id"":""OR-SCC-01"",""content_role"":""BACKGROUND"",""currency"":""BSC"",""due_at"":""2025-10-28"",""invoice_id"":""INV-0026"",""invoice_number"":""BLUEBOWL-2025-1025"",""issued_at"":""2025-09-28"",""purchase_order_id"":""PO-26026"",""sender_domain"":""blue.bowl.packaging.example"",""source_system_id"":""INVOICE_SYSTEM"",""total_amount"":""182040.00"",""vendor_organization_record_id"":""OR-BLUEBOWL-01""}",authoring/ceo_invoices.csv#INV-0026,BACKGROUND,513c326a3f8f6f02442dc2778f091cc69a9a1eb4023ff307ea05b8482d79e067,2026.07.19.2
CEO_BARKED_TWICE,INV-0027,INVOICE,,HOUNDOFF-2025-1026,INVOICE_SYSTEM,authoring/ceo_invoices.csv,INV-0027,2025-10-01,,,,HOUNDOFF-2025-1026,"{""approval_status"":""PAID"",""attachment_hash"":""8c6ad17232147c2c0ca96425738d72b734b516ac56c6fc625f8fb7007aa27b22"",""beneficiary_account_id"":""A-HOUNDOFF-3205"",""buyer_organization_record_id"":""OR-SCC-01"",""content_role"":""BACKGROUND"",""currency"":""BSC"",""due_at"":""2025-10-31"",""invoice_id"":""INV-0027"",""invoice_number"":""HOUNDOFF-2025-1026"",""issued_at"":""2025-10-01"",""purchase_order_id"":""PO-26027"",""sender_domain"":""hound.office.solutions.example"",""source_system_id"":""INVOICE_SYSTEM"",""total_amount"":""205540.00"",""vendor_organization_record_id"":""OR-HOUNDOFF-01""}",authoring/ceo_invoices.csv#INV-0027,BACKGROUND,76fbe6628fda6e0387bb7138c39b7b0fb0065e1edaf2336a5b93065daf2f12e2,2026.07.19.2
CEO_BARKED_TWICE,INV-0028,INVOICE,,RETRIEVER-2025-1027,INVOICE_SYSTEM,authoring/ceo_invoices.csv,INV-0028,2025-10-04,,,,RETRIEVER-2025-1027,"{""approval_status"":""PAID"",""attachment_hash"":""57d026b97d8ccde1517bc56bc3d2915ded7fa752cbba6c52bb0c62890a15f5ec"",""beneficiary_account_id"":""A-RETRIEVER-3246"",""buyer_organization_record_id"":""OR-SCC-01"",""content_role"":""BACKGROUND"",""currency"":""BSC"",""due_at"":""2025-11-03"",""invoice_id"":""INV-0028"",""invoice_number"":""RETRIEVER-2025-1027"",""issued_at"":""2025-10-04"",""purchase_order_id"":""PO-26028"",""sender_domain"":""retriever.robotics.example"",""source_system_id"":""INVOICE_SYSTEM"",""total_amount"":""92700.00"",""vendor_organization_record_id"":""OR-RETRIEVER-01""}",authoring/ceo_invoices.csv#INV-0028,BACKGROUND,5b4e97e21571f51d0538fa36675225a4a970da68e065d59fefe964af3ce37cd9,2026.07.19.2
CEO_BARKED_TWICE,INV-0029,INVOICE,,COPPER-2025-1028,INVOICE_SYSTEM,authoring/ceo_invoices.csv,INV-0029,2025-10-07,,,,COPPER-2025-1028,"{""approval_status"":""PAID"",""attachment_hash"":""6895a758bd70eac65133687dde8ac26de2d5af76d16ee9811cc04c4f12c3a6ca"",""beneficiary_account_id"":""A-COPPER-2207"",""buyer_organization_record_id"":""OR-SCC-01"",""content_role"":""BACKGROUND"",""currency"":""BSC"",""due_at"":""2025-11-06"",""invoice_id"":""INV-0029"",""invoice_number"":""COPPER-2025-1028"",""issued_at"":""2025-10-07"",""purchase_order_id"":""PO-26029"",""sender_domain"":""copperpaw.example"",""source_system_id"":""INVOICE_SYSTEM"",""total_amount"":""112800.00"",""vendor_organization_record_id"":""OR-COPPER-01""}",authoring/ceo_invoices.csv#INV-0029,BACKGROUND,fce79bcc1e95355b601e62bdfa8c3fab629a38e7d8e4336f452985dfa580e2f1,2026.07.19.2
CEO_BARKED_TWICE,INV-0030,INVOICE,,IRON-2025-1029,INVOICE_SYSTEM,authoring/ceo_invoices.csv,INV-0030,2025-10-10,,,,IRON-2025-1029,"{""approval_status"":""PAID"",""attachment_hash"":""4e9f21417166160d66aaf18beb7d3e5dd1b396073569789190e8c89372517412"",""beneficiary_account_id"":""A-IRON-3041"",""buyer_organization_record_id"":""OR-SCC-01"",""content_role"":""BACKGROUND"",""currency"":""BSC"",""due_at"":""2025-11-09"",""invoice_id"":""INV-0030"",""invoice_number"":""IRON-2025-1029"",""issued_at"":""2025-10-10"",""purchase_order_id"":""PO-26030"",""sender_domain"":""iron.leash.manufacturing.example"",""source_system_id"":""INVOICE_SYSTEM"",""total_amount"":""134260.00"",""vendor_organization_record_id"":""OR-IRON-01""}",authoring/ceo_invoices.csv#INV-0030,BACKGROUND,4f2a321dcff9642ad190cd6c56ef5e44a53d9ee2b17ff594485984e2f06a9b8d,2026.07.19.2
CEO_BARKED_TWICE,INV-0031,INVOICE,,WIRE-2025-1030,INVOICE_SYSTEM,authoring/ceo_invoices.csv,INV-0031,2025-10-13,,,,WIRE-2025-1030,"{""approval_status"":""PAID"",""attachment_hash"":""dff129ad5afbd29fa1a6b14a93c78edeecf59add486c5ddc9552ce151028d592"",""beneficiary_account_id"":""A-WIRE-3082"",""buyer_organization_record_id"":""OR-SCC-01"",""content_role"":""BACKGROUND"",""currency"":""BSC"",""due_at"":""2025-11-12"",""invoice_id"":""INV-0031"",""invoice_number"":""WIRE-2025-1030"",""issued_at"":""2025-10-13"",""purchase_order_id"":""PO-26031"",""sender_domain"":""wire.whisker.electronics.example"",""source_system_id"":""INVOICE_SYSTEM"",""total_amount"":""133660.00"",""vendor_organization_record_id"":""OR-WIRE-01""}",authoring/ceo_invoices.csv#INV-0031,BACKGROUND,579c100c247344f87248718509b1e0c36b229df1cbdebcc49ca5fb04062f959b,2026.07.19.2
CEO_BARKED_TWICE,INV-0032,INVOICE,,TAIL-2025-1031,INVOICE_SYSTEM,authoring/ceo_invoices.csv,INV-0032,2025-10-16,,,,TAIL-2025-1031,"{""approval_status"":""PAID"",""attachment_hash"":""2b41424473d7fc3984c88c79eef58f314314a2ca4ff3123063e473c27a063d93"",""beneficiary_account_id"":""A-TAIL-3123"",""buyer_organization_record_id"":""OR-SCC-01"",""content_role"":""BACKGROUND"",""currency"":""BSC"",""due_at"":""2025-11-15"",""invoice_id"":""INV-0032"",""invoice_number"":""TAIL-2025-1031"",""issued_at"":""2025-10-16"",""purchase_order_id"":""PO-26032"",""sender_domain"":""tailspin.freight.co.example"",""source_system_id"":""INVOICE_SYSTEM"",""total_amount"":""154800.00"",""vendor_organization_record_id"":""OR-TAIL-01""}",authoring/ceo_invoices.csv#INV-0032,BACKGROUND,6f369d4e8f20d184dd6ae3a48806d31cd880dc12ced4f42ff65916f0ae382e51,2026.07.19.2
CEO_BARKED_TWICE,INV-0033,INVOICE,,BLUEBOWL-2025-1032,INVOICE_SYSTEM,authoring/ceo_invoices.csv,INV-0033,2025-10-19,,,,BLUEBOWL-2025-1032,"{""approval_status"":""PAID"",""attachment_hash"":""7300772c48229875edabfb3e51dc9c3d26e0e50613cebb851408d9600b5fc20a"",""beneficiary_account_id"":""A-BLUEBOWL-3164"",""buyer_organization_record_id"":""OR-SCC-01"",""content_role"":""BACKGROUND"",""currency"":""BSC"",""due_at"":""2025-11-18"",""invoice_id"":""INV-0033"",""invoice_number"":""BLUEBOWL-2025-1032"",""issued_at"":""2025-10-19"",""purchase_order_id"":""PO-26033"",""sender_domain"":""blue.bowl.packaging.example"",""source_system_id"":""INVOICE_SYSTEM"",""total_amount"":""177300.00"",""vendor_organization_record_id"":""OR-BLUEBOWL-01""}",authoring/ceo_invoices.csv#INV-0033,BACKGROUND,12fbee2fd1124caaa140b4ec14d0ca26ab9a0398fcda31e7631edd8eece543d6,2026.07.19.2
CEO_BARKED_TWICE,INV-0034,INVOICE,,HOUNDOFF-2025-1033,INVOICE_SYSTEM,authoring/ceo_invoices.csv,INV-0034,2025-10-22,,,,HOUNDOFF-2025-1033,"{""approval_status"":""PAID"",""attachment_hash"":""b54f05824bc7bb9119954a9df9701d2179ac9e3f74337b98bbc13e48ae53af54"",""beneficiary_account_id"":""A-HOUNDOFF-3205"",""buyer_organization_record_id"":""OR-SCC-01"",""content_role"":""BACKGROUND"",""currency"":""BSC"",""due_at"":""2025-11-21"",""invoice_id"":""INV-0034"",""invoice_number"":""HOUNDOFF-2025-1033"",""issued_at"":""2025-10-22"",""purchase_order_id"":""PO-26034"",""sender_domain"":""hound.office.solutions.example"",""source_system_id"":""INVOICE_SYSTEM"",""total_amount"":""201160.00"",""vendor_organization_record_id"":""OR-HOUNDOFF-01""}",authoring/ceo_invoices.csv#INV-0034,BACKGROUND,881eb1e3b783863e16f4e6d922d4be44557c6a379e70887381a8346a72b961ab,2026.07.19.2
CEO_BARKED_TWICE,INV-0035,INVOICE,,RETRIEVER-2025-1034,INVOICE_SYSTEM,authoring/ceo_invoices.csv,INV-0035,2025-10-25,,,,RETRIEVER-2025-1034,"{""approval_status"":""PAID"",""attachment_hash"":""9f9e2e50cba02f9333673e83ace063394eea5d320b39a9edee48fb3648cfda3d"",""beneficiary_account_id"":""A-RETRIEVER-3246"",""buyer_organization_record_id"":""OR-SCC-01"",""content_role"":""BACKGROUND"",""currency"":""BSC"",""due_at"":""2025-11-24"",""invoice_id"":""INV-0035"",""invoice_number"":""RETRIEVER-2025-1034"",""issued_at"":""2025-10-25"",""purchase_order_id"":""PO-26035"",""sender_domain"":""retriever.robotics.example"",""source_system_id"":""INVOICE_SYSTEM"",""total_amount"":""226380.00"",""vendor_organization_record_id"":""OR-RETRIEVER-01""}",authoring/ceo_invoices.csv#INV-0035,BACKGROUND,0084b057d253bcb517770ae5aab838da8c6b460d0c9857f05c2c5c4c5ce81bf7,2026.07.19.2
CEO_BARKED_TWICE,INV-0036,INVOICE,,COPPER-2025-1035,INVOICE_SYSTEM,authoring/ceo_invoices.csv,INV-0036,2025-10-28,,,,COPPER-2025-1035,"{""approval_status"":""PAID"",""attachment_hash"":""cb0adcc34929a4d2243f16f6a2ca87ac56f8ee60acfe2b13274f30cb163257ab"",""beneficiary_account_id"":""A-COPPER-2207"",""buyer_organization_record_id"":""OR-SCC-01"",""content_role"":""BACKGROUND"",""currency"":""BSC"",""due_at"":""2025-11-27"",""invoice_id"":""INV-0036"",""invoice_number"":""COPPER-2025-1035"",""issued_at"":""2025-10-28"",""purchase_order_id"":""PO-26036"",""sender_domain"":""copperpaw.example"",""source_system_id"":""INVOICE_SYSTEM"",""total_amount"":""203360.00"",""vendor_organization_record_id"":""OR-COPPER-01""}",authoring/ceo_invoices.csv#INV-0036,BACKGROUND,16650f8bcda3043c2cc40d1126968ebafe36f2996b043e213abb1108923fcdf8,2026.07.19.2
CEO_BARKED_TWICE,INV-0037,INVOICE,,IRON-2025-1036,INVOICE_SYSTEM,authoring/ceo_invoices.csv,INV-0037,2025-10-31,,,,IRON-2025-1036,"{""approval_status"":""PAID"",""attachment_hash"":""502b7ab2b658a79ff338970bb4efe537c336ae1ff5eb854c55a3f2e6dae59e8e"",""beneficiary_account_id"":""A-IRON-3041"",""buyer_organization_record_id"":""OR-SCC-01"",""content_role"":""BACKGROUND"",""currency"":""BSC"",""due_at"":""2025-11-30"",""invoice_id"":""INV-0037"",""invoice_number"":""IRON-2025-1036"",""issued_at"":""2025-10-31"",""purchase_order_id"":""PO-26037"",""sender_domain"":""iron.leash.manufacturing.example"",""source_system_id"":""INVOICE_SYSTEM"",""total_amount"":""96320.00"",""vendor_organization_record_id"":""OR-IRON-01""}",authoring/ceo_invoices.csv#INV-0037,BACKGROUND,0722a6f8de923e51000b7408c8681f15d47c8a432dc59955c4c1a568c99aa5e5,2026.07.19.2
CEO_BARKED_TWICE,INV-0038,INVOICE,,WIRE-2025-1037,INVOICE_SYSTEM,authoring/ceo_invoices.csv,INV-0038,2025-11-03,,,,WIRE-2025-1037,"{""approval_status"":""PAID"",""attachment_hash"":""e4d7888f5b1d3d851e894796fc012947d0eb7dd7e645759454e4536a4138b588"",""beneficiary_account_id"":""A-WIRE-3082"",""buyer_organization_record_id"":""OR-SCC-01"",""content_role"":""BACKGROUND"",""currency"":""BSC"",""due_at"":""2025-12-03"",""invoice_id"":""INV-0038"",""invoice_number"":""WIRE-2025-1037"",""issued_at"":""2025-11-03"",""purchase_order_id"":""PO-26038"",""sender_domain"":""wire.whisker.electronics.example"",""source_system_id"":""INVOICE_SYSTEM"",""total_amount"":""116100.00"",""vendor_organization_record_id"":""OR-WIRE-01""}",authoring/ceo_invoices.csv#INV-0038,BACKGROUND,fb155a51dfecd32ae987e1898d5c360f66e0c4e8470f976c615c68a34646e934,2026.07.19.2
CEO_BARKED_TWICE,INV-0039,INVOICE,,TAIL-2025-1038,INVOICE_SYSTEM,authoring/ceo_invoices.csv,INV-0039,2025-11-06,,,,TAIL-2025-1038,"{""approval_status"":""PAID"",""attachment_hash"":""99ff6ecca02a5d8e5567fbb21d566ec361502848ab5f3006faef712a3b631cc6"",""beneficiary_account_id"":""A-TAIL-3123"",""buyer_organization_record_id"":""OR-SCC-01"",""content_role"":""BACKGROUND"",""currency"":""BSC"",""due_at"":""2025-12-06"",""invoice_id"":""INV-0039"",""invoice_number"":""TAIL-2025-1038"",""issued_at"":""2025-11-06"",""purchase_order_id"":""PO-26039"",""sender_domain"":""tailspin.freight.co.example"",""source_system_id"":""INVOICE_SYSTEM"",""total_amount"":""137240.00"",""vendor_organization_record_id"":""OR-TAIL-01""}",authoring/ceo_invoices.csv#INV-0039,BACKGROUND,8754f612aa598a5dc3a8f9ba36305b9c596252b0d197cca0ce16019c233b6ab8,2026.07.19.2
CEO_BARKED_TWICE,INV-0040,INVOICE,,BLUEBOWL-2025-1039,INVOICE_SYSTEM,authoring/ceo_invoices.csv,INV-0040,2025-11-09,,,,BLUEBOWL-2025-1039,"{""approval_status"":""PAID"",""attachment_hash"":""560db94c7344da509ff570d3c8aa671017e11f0597cc77f006d319b3c0296211"",""beneficiary_account_id"":""A-BLUEBOWL-3164"",""buyer_organization_record_id"":""OR-SCC-01"",""content_role"":""BACKGROUND"",""currency"":""BSC"",""due_at"":""2025-12-09"",""invoice_id"":""INV-0040"",""invoice_number"":""BLUEBOWL-2025-1039"",""issued_at"":""2025-11-09"",""purchase_order_id"":""PO-26040"",""sender_domain"":""blue.bowl.packaging.example"",""source_system_id"":""INVOICE_SYSTEM"",""total_amount"":""159740.00"",""vendor_organization_record_id"":""OR-BLUEBOWL-01""}",authoring/ceo_invoices.csv#INV-0040,BACKGROUND,5fc65dfa2ab208c9d3cd6878f9e3db4cf8fa5f6a13f6f418dd03376478524a6b,2026.07.19.2
CEO_BARKED_TWICE,INV-0041,INVOICE,,HOUNDOFF-2025-1040,INVOICE_SYSTEM,authoring/ceo_invoices.csv,INV-0041,2025-11-12,,,,HOUNDOFF-2025-1040,"{""approval_status"":""PAID"",""attachment_hash"":""6c56e9bc843eb829f2ae71f6aa386be37ca83599718ee7463965c6a6950b91c4"",""beneficiary_account_id"":""A-HOUNDOFF-3205"",""buyer_organization_record_id"":""OR-SCC-01"",""content_role"":""BACKGROUND"",""currency"":""BSC"",""due_at"":""2025-12-12"",""invoice_id"":""INV-0041"",""invoice_number"":""HOUNDOFF-2025-1040"",""issued_at"":""2025-11-12"",""purchase_order_id"":""PO-26041"",""sender_domain"":""hound.office.solutions.example"",""source_system_id"":""INVOICE_SYSTEM"",""total_amount"":""154980.00"",""vendor_organization_record_id"":""OR-HOUNDOFF-01""}",authoring/ceo_invoices.csv#INV-0041,BACKGROUND,8865902049816e0cbbff215a2102bb1590f133e0fe0e8f6e6b64f19a02a7da1f,2026.07.19.2
CEO_BARKED_TWICE,INV-0042,INVOICE,,RETRIEVER-2025-1041,INVOICE_SYSTEM,authoring/ceo_invoices.csv,INV-0042,2025-11-15,,,,RETRIEVER-2025-1041,"{""approval_status"":""PAID"",""attachment_hash"":""ad94d2e1d7d8cf15096b01e4193cb62c8c0d90a6c2105c851cee4e31571d36e9"",""beneficiary_account_id"":""A-RETRIEVER-3246"",""buyer_organization_record_id"":""OR-SCC-01"",""content_role"":""BACKGROUND"",""currency"":""BSC"",""due_at"":""2025-12-15"",""invoice_id"":""INV-0042"",""invoice_number"":""RETRIEVER-2025-1041"",""issued_at"":""2025-11-15"",""purchase_order_id"":""PO-26042"",""sender_domain"":""retriever.robotics.example"",""source_system_id"":""INVOICE_SYSTEM"",""total_amount"":""177160.00"",""vendor_organization_record_id"":""OR-RETRIEVER-01""}",authoring/ceo_invoices.csv#INV-0042,BACKGROUND,2266f54c7145347f972e9f77c74ba92d42a872c13129297a4fa3f3f4ec9c831c,2026.07.19.2
CEO_BARKED_TWICE,LOGIN-0001,LOGIN_EVENT,,LOGIN-0001,DEVICE_LOG,authoring/ceo_login_events.csv,LOGIN-0001,2026-02-02T08:00:00Z,,,SUCCESS,LOGIN-0001,"{""authentication_result"":""SUCCESS"",""content_role"":""BACKGROUND"",""device_id"":""DEV-PENNY-AP"",""geolocation_hint"":""Noir City office"",""ip_address"":""198.51.100.88"",""login_at"":""2026-02-02T08:00:00Z"",""login_event_id"":""LOGIN-0001"",""person_record_id"":""PR-PENNY-03"",""source_system_id"":""DEVICE_LOG""}",authoring/ceo_login_events.csv#LOGIN-0001,BACKGROUND,67f3cb3e9bcaeb1b2d2df6a502b268f92451c2bbf37661a835a648ddfa137b51,2026.07.19.2
CEO_BARKED_TWICE,LOGIN-0002,LOGIN_EVENT,,LOGIN-0002,DEVICE_LOG,authoring/ceo_login_events.csv,LOGIN-0002,2026-02-02T21:00:00Z,,,SUCCESS,LOGIN-0002,"{""authentication_result"":""SUCCESS"",""content_role"":""EXCULPATORY_EVIDENCE"",""device_id"":""DEV-BEA-PHONE"",""geolocation_hint"":""Noir City office"",""ip_address"":""198.51.100.88"",""login_at"":""2026-02-02T21:00:00Z"",""login_event_id"":""LOGIN-0002"",""person_record_id"":""PR-BEA-01"",""source_system_id"":""DEVICE_LOG""}",authoring/ceo_login_events.csv#LOGIN-0002,EXCULPATORY_EVIDENCE,e41d373ad4ade43a8047ca7a43648959f8cfae973bda7e3b1cf2cd9470b4c03d,2026.07.19.2
CEO_BARKED_TWICE,LOGIN-0003,LOGIN_EVENT,,LOGIN-0003,DEVICE_LOG,authoring/ceo_login_events.csv,LOGIN-0003,2026-02-03T10:00:00Z,,,SUCCESS,LOGIN-0003,"{""authentication_result"":""SUCCESS"",""content_role"":""BACKGROUND"",""device_id"":""DEV-CONRAD-LAP"",""geolocation_hint"":""Noir City office"",""ip_address"":""198.51.100.88"",""login_at"":""2026-02-03T10:00:00Z"",""login_event_id"":""LOGIN-0003"",""person_record_id"":""PR-CONRAD-01"",""source_system_id"":""DEVICE_LOG""}",authoring/ceo_login_events.csv#LOGIN-0003,BACKGROUND,a4131e53ab754da0f5f57eb35e3d0a6fbad60651c4de476a9d08103030f89eb3,2026.07.19.2
CEO_BARKED_TWICE,LOGIN-0004,LOGIN_EVENT,,LOGIN-0004,DEVICE_LOG,authoring/ceo_login_events.csv,LOGIN-0004,2026-02-03T18:00:00Z,,,SUCCESS,LOGIN-0004,"{""authentication_result"":""SUCCESS"",""content_role"":""BACKGROUND"",""device_id"":""DEV-THEO-SEC"",""geolocation_hint"":""Noir City office"",""ip_address"":""198.51.100.88"",""login_at"":""2026-02-03T18:00:00Z"",""login_event_id"":""LOGIN-0004"",""person_record_id"":""PR-THEO-01"",""source_system_id"":""DEVICE_LOG""}",authoring/ceo_login_events.csv#LOGIN-0004,BACKGROUND,9f4d3a0aa4298aecf55b39c89b7bc8c8242a8b60523e53c3d8f340d2f5c2ddd8,2026.07.19.2
CEO_BARKED_TWICE,LOGIN-0005,LOGIN_EVENT,,LOGIN-0005,DEVICE_LOG,authoring/ceo_login_events.csv,LOGIN-0005,2026-02-04T07:00:00Z,,,SUCCESS,LOGIN-0005,"{""authentication_result"":""SUCCESS"",""content_role"":""EXCULPATORY_EVIDENCE"",""device_id"":""DEV-VICTOR-LAP"",""geolocation_hint"":""Vendor office"",""ip_address"":""198.51.100.121"",""login_at"":""2026-02-04T07:00:00Z"",""login_event_id"":""LOGIN-0005"",""person_record_id"":""PR-VICTOR-01"",""source_system_id"":""DEVICE_LOG""}",authoring/ceo_login_events.csv#LOGIN-0005,EXCULPATORY_EVIDENCE,5fc444327eaf49f32fb835f833bc5993c184edab9213535217395f05c866de23,2026.07.19.2
CEO_BARKED_TWICE,LOGIN-0006,LOGIN_EVENT,,LOGIN-0006,DEVICE_LOG,authoring/ceo_login_events.csv,LOGIN-0006,2026-02-04T15:00:00Z,,,SUCCESS,LOGIN-0006,"{""authentication_result"":""SUCCESS"",""content_role"":""CORE_EVIDENCE"",""device_id"":""DEV-ATTACK-9F2A"",""geolocation_hint"":""External anonymized host"",""ip_address"":""203.0.113.77"",""login_at"":""2026-02-04T15:00:00Z"",""login_event_id"":""LOGIN-0006"",""person_record_id"":""PR-ROWAN-01"",""source_system_id"":""DEVICE_LOG""}",authoring/ceo_login_events.csv#LOGIN-0006,CORE_EVIDENCE,1586ea6206fa3318cfdab24a8f3d825076249cc9584acf88602f11b04feaee64,2026.07.19.2
CEO_BARKED_TWICE,LOGIN-0007,LOGIN_EVENT,,LOGIN-0007,DEVICE_LOG,authoring/ceo_login_events.csv,LOGIN-0007,2026-02-05T04:00:00Z,,,SUCCESS,LOGIN-0007,"{""authentication_result"":""SUCCESS"",""content_role"":""CORE_EVIDENCE"",""device_id"":""DEV-ATTACK-9F2A"",""geolocation_hint"":""External anonymized host"",""ip_address"":""203.0.113.77"",""login_at"":""2026-02-05T04:00:00Z"",""login_event_id"":""LOGIN-0007"",""person_record_id"":""PR-IVY-01"",""source_system_id"":""DEVICE_LOG""}",authoring/ceo_login_events.csv#LOGIN-0007,CORE_EVIDENCE,fe25faa7448b7065e8e575742b23e755814a22a106c8691620b5e7be4dcab3be,2026.07.19.2
CEO_BARKED_TWICE,LOGIN-0008,LOGIN_EVENT,,LOGIN-0008,DEVICE_LOG,authoring/ceo_login_events.csv,LOGIN-0008,2026-02-05T17:00:00Z,,,SUCCESS,LOGIN-0008,"{""authentication_result"":""SUCCESS"",""content_role"":""CORE_EVIDENCE"",""device_id"":""DEV-GRANT-P1"",""geolocation_hint"":""External anonymized host"",""ip_address"":""203.0.113.83"",""login_at"":""2026-02-05T17:00:00Z"",""login_event_id"":""LOGIN-0008"",""person_record_id"":""PR-GRANT-01"",""source_system_id"":""DEVICE_LOG""}",authoring/ceo_login_events.csv#LOGIN-0008,CORE_EVIDENCE,4040699b66e7b6bde2a6b0ebdd9218e57a4a0c2cbee0dae5f762092684c37268,2026.07.19.2
CEO_BARKED_TWICE,LOGIN-0009,LOGIN_EVENT,,LOGIN-0009,DEVICE_LOG,authoring/ceo_login_events.csv,LOGIN-0009,2026-02-06T01:00:00Z,,,SUCCESS,LOGIN-0009,"{""authentication_result"":""SUCCESS"",""content_role"":""BACKGROUND"",""device_id"":""DEV-PENNY-AP"",""geolocation_hint"":""Noir City office"",""ip_address"":""198.51.100.88"",""login_at"":""2026-02-06T01:00:00Z"",""login_event_id"":""LOGIN-0009"",""person_record_id"":""PR-PENNY-03"",""source_system_id"":""DEVICE_LOG""}",authoring/ceo_login_events.csv#LOGIN-0009,BACKGROUND,4204a03534ec7452a4817295d637464fef7a3ce2c5ec1a5265c927cdc62fcc44,2026.07.19.2
CEO_BARKED_TWICE,LOGIN-0010,LOGIN_EVENT,,LOGIN-0010,DEVICE_LOG,authoring/ceo_login_events.csv,LOGIN-0010,2026-02-06T14:00:00Z,,,SUCCESS_WITH_NEW_MFA,LOGIN-0010,"{""authentication_result"":""SUCCESS_WITH_NEW_MFA"",""content_role"":""CORE_EVIDENCE"",""device_id"":""DEV-ATTACK-9F2A"",""geolocation_hint"":""External anonymized host"",""ip_address"":""203.0.113.77"",""login_at"":""2026-02-06T14:00:00Z"",""login_event_id"":""LOGIN-0010"",""person_record_id"":""PR-PENNY-03"",""source_system_id"":""DEVICE_LOG""}",authoring/ceo_login_events.csv#LOGIN-0010,CORE_EVIDENCE,b12f7b22f3042144ca43172f816f9b3e38bb150133e4359e1182e09af427ab11,2026.07.19.2
CEO_BARKED_TWICE,LOGIN-0011,LOGIN_EVENT,,LOGIN-0011,DEVICE_LOG,authoring/ceo_login_events.csv,LOGIN-0011,2026-02-06T22:00:00Z,,,SUCCESS,LOGIN-0011,"{""authentication_result"":""SUCCESS"",""content_role"":""BACKGROUND"",""device_id"":""DEV-CONRAD-LAP"",""geolocation_hint"":""Noir City office"",""ip_address"":""198.51.100.88"",""login_at"":""2026-02-06T22:00:00Z"",""login_event_id"":""LOGIN-0011"",""person_record_id"":""PR-CONRAD-01"",""source_system_id"":""DEVICE_LOG""}",authoring/ceo_login_events.csv#LOGIN-0011,BACKGROUND,d8a8eeb267cbf1556f0f1ac4a88f44ed5424c15909cea052ee25933523c54ec2,2026.07.19.2
CEO_BARKED_TWICE,LOGIN-0012,LOGIN_EVENT,,LOGIN-0012,DEVICE_LOG,authoring/ceo_login_events.csv,LOGIN-0012,2026-02-07T11:00:00Z,,,SUCCESS,LOGIN-0012,"{""authentication_result"":""SUCCESS"",""content_role"":""BACKGROUND"",""device_id"":""DEV-THEO-SEC"",""geolocation_hint"":""Noir City office"",""ip_address"":""198.51.100.88"",""login_at"":""2026-02-07T11:00:00Z"",""login_event_id"":""LOGIN-0012"",""person_record_id"":""PR-THEO-01"",""source_system_id"":""DEVICE_LOG""}",authoring/ceo_login_events.csv#LOGIN-0012,BACKGROUND,1ce6ade21fef6d4813c94dac4d0831a961d594eb6f19cc76dfd9571caaccda28,2026.07.19.2
CEO_BARKED_TWICE,LOGIN-0013,LOGIN_EVENT,,LOGIN-0013,DEVICE_LOG,authoring/ceo_login_events.csv,LOGIN-0013,2026-02-08T00:00:00Z,,,SUCCESS,LOGIN-0013,"{""authentication_result"":""SUCCESS"",""content_role"":""EXCULPATORY_EVIDENCE"",""device_id"":""DEV-VICTOR-LAP"",""geolocation_hint"":""Vendor office"",""ip_address"":""198.51.100.121"",""login_at"":""2026-02-08T00:00:00Z"",""login_event_id"":""LOGIN-0013"",""person_record_id"":""PR-VICTOR-01"",""source_system_id"":""DEVICE_LOG""}",authoring/ceo_login_events.csv#LOGIN-0013,EXCULPATORY_EVIDENCE,64199e269230fcaea5501122d2d5f3c44b56e7da57c6063ef1cae8bb109e01f0,2026.07.19.2
CEO_BARKED_TWICE,LOGIN-0014,LOGIN_EVENT,,LOGIN-0014,DEVICE_LOG,authoring/ceo_login_events.csv,LOGIN-0014,2026-02-08T08:00:00Z,,,SUCCESS_WITH_NEW_MFA,LOGIN-0014,"{""authentication_result"":""SUCCESS_WITH_NEW_MFA"",""content_role"":""CORE_EVIDENCE"",""device_id"":""DEV-ATTACK-9F2A"",""geolocation_hint"":""External anonymized host"",""ip_address"":""203.0.113.77"",""login_at"":""2026-02-08T08:00:00Z"",""login_event_id"":""LOGIN-0014"",""person_record_id"":""PR-PENNY-03"",""source_system_id"":""DEVICE_LOG""}",authoring/ceo_login_events.csv#LOGIN-0014,CORE_EVIDENCE,5bc356126c112b12f14a28d5ed6a7f5ceab1f4cb94ef35b6b9501630c133f278,2026.07.19.2
CEO_BARKED_TWICE,LOGIN-0015,LOGIN_EVENT,,LOGIN-0015,DEVICE_LOG,authoring/ceo_login_events.csv,LOGIN-0015,2026-02-08T21:00:00Z,,,SUCCESS,LOGIN-0015,"{""authentication_result"":""SUCCESS"",""content_role"":""CORE_EVIDENCE"",""device_id"":""DEV-ATTACK-9F2A"",""geolocation_hint"":""External anonymized host"",""ip_address"":""203.0.113.77"",""login_at"":""2026-02-08T21:00:00Z"",""login_event_id"":""LOGIN-0015"",""person_record_id"":""PR-IVY-01"",""source_system_id"":""DEVICE_LOG""}",authoring/ceo_login_events.csv#LOGIN-0015,CORE_EVIDENCE,84994efff96b8a1e9fffdadb2d805f2aef20482ff57ec5a4f3fc6b0f6ed7d0e2,2026.07.19.2
CEO_BARKED_TWICE,LOGIN-0016,LOGIN_EVENT,,LOGIN-0016,DEVICE_LOG,authoring/ceo_login_events.csv,LOGIN-0016,2026-02-09T05:00:00Z,,,SUCCESS,LOGIN-0016,"{""authentication_result"":""SUCCESS"",""content_role"":""CORE_EVIDENCE"",""device_id"":""DEV-GRANT-P1"",""geolocation_hint"":""External anonymized host"",""ip_address"":""203.0.113.83"",""login_at"":""2026-02-09T05:00:00Z"",""login_event_id"":""LOGIN-0016"",""person_record_id"":""PR-GRANT-01"",""source_system_id"":""DEVICE_LOG""}",authoring/ceo_login_events.csv#LOGIN-0016,CORE_EVIDENCE,a79586e5309070c77cec6770d021234547449d22a42e8af492e5245790394d79,2026.07.19.2
CEO_BARKED_TWICE,LOGIN-0017,LOGIN_EVENT,,LOGIN-0017,DEVICE_LOG,authoring/ceo_login_events.csv,LOGIN-0017,2026-02-09T18:00:00Z,,,SUCCESS,LOGIN-0017,"{""authentication_result"":""SUCCESS"",""content_role"":""BACKGROUND"",""device_id"":""DEV-PENNY-AP"",""geolocation_hint"":""Noir City office"",""ip_address"":""198.51.100.88"",""login_at"":""2026-02-09T18:00:00Z"",""login_event_id"":""LOGIN-0017"",""person_record_id"":""PR-PENNY-03"",""source_system_id"":""DEVICE_LOG""}",authoring/ceo_login_events.csv#LOGIN-0017,BACKGROUND,b26084efecc2f8e3bd37f944facaf00bbaf2166e593b19abb487aeb704f23328,2026.07.19.2
CEO_BARKED_TWICE,LOGIN-0018,LOGIN_EVENT,,LOGIN-0018,DEVICE_LOG,authoring/ceo_login_events.csv,LOGIN-0018,2026-02-10T07:00:00Z,,,SUCCESS_WITH_NEW_MFA,LOGIN-0018,"{""authentication_result"":""SUCCESS_WITH_NEW_MFA"",""content_role"":""CORE_EVIDENCE"",""device_id"":""DEV-ATTACK-9F2A"",""geolocation_hint"":""External anonymized host"",""ip_address"":""203.0.113.77"",""login_at"":""2026-02-10T07:00:00Z"",""login_event_id"":""LOGIN-0018"",""person_record_id"":""PR-PENNY-03"",""source_system_id"":""DEVICE_LOG""}",authoring/ceo_login_events.csv#LOGIN-0018,CORE_EVIDENCE,a957a13c5a6b3b057eaba582e2af8feb984ee8be8f98fd0183ed8f6ebffb1939,2026.07.19.2
CEO_BARKED_TWICE,LOGIN-0019,LOGIN_EVENT,,LOGIN-0019,DEVICE_LOG,authoring/ceo_login_events.csv,LOGIN-0019,2026-02-10T15:00:00Z,,,SUCCESS,LOGIN-0019,"{""authentication_result"":""SUCCESS"",""content_role"":""BACKGROUND"",""device_id"":""DEV-CONRAD-LAP"",""geolocation_hint"":""Noir City office"",""ip_address"":""198.51.100.88"",""login_at"":""2026-02-10T15:00:00Z"",""login_event_id"":""LOGIN-0019"",""person_record_id"":""PR-CONRAD-01"",""source_system_id"":""DEVICE_LOG""}",authoring/ceo_login_events.csv#LOGIN-0019,BACKGROUND,dc1e172da1b2ae281d99e1171b906d5f82ca051fee59ea969886f8adc50d64fc,2026.07.19.2
CEO_BARKED_TWICE,LOGIN-0020,LOGIN_EVENT,,LOGIN-0020,DEVICE_LOG,authoring/ceo_login_events.csv,LOGIN-0020,2026-02-11T04:00:00Z,,,SUCCESS,LOGIN-0020,"{""authentication_result"":""SUCCESS"",""content_role"":""BACKGROUND"",""device_id"":""DEV-THEO-SEC"",""geolocation_hint"":""Noir City office"",""ip_address"":""198.51.100.88"",""login_at"":""2026-02-11T04:00:00Z"",""login_event_id"":""LOGIN-0020"",""person_record_id"":""PR-THEO-01"",""source_system_id"":""DEVICE_LOG""}",authoring/ceo_login_events.csv#LOGIN-0020,BACKGROUND,2e8a5dac3aef0f060f46c2425aac4ba09c4fbce2ec8d4d2c4064e2202da84b3e,2026.07.19.2
CEO_BARKED_TWICE,LOGIN-0021,LOGIN_EVENT,,LOGIN-0021,DEVICE_LOG,authoring/ceo_login_events.csv,LOGIN-0021,2026-02-11T12:00:00Z,,,SUCCESS,LOGIN-0021,"{""authentication_result"":""SUCCESS"",""content_role"":""EXCULPATORY_EVIDENCE"",""device_id"":""DEV-VICTOR-LAP"",""geolocation_hint"":""Vendor office"",""ip_address"":""198.51.100.121"",""login_at"":""2026-02-11T12:00:00Z"",""login_event_id"":""LOGIN-0021"",""person_record_id"":""PR-VICTOR-01"",""source_system_id"":""DEVICE_LOG""}",authoring/ceo_login_events.csv#LOGIN-0021,EXCULPATORY_EVIDENCE,e5d80f7eda81851d60b6f92dee4e613c7406d7ef92ac1bb20ac6fc92b1028560,2026.07.19.2
CEO_BARKED_TWICE,LOGIN-0022,LOGIN_EVENT,,LOGIN-0022,DEVICE_LOG,authoring/ceo_login_events.csv,LOGIN-0022,2026-02-12T01:00:00Z,,,SUCCESS_WITH_NEW_MFA,LOGIN-0022,"{""authentication_result"":""SUCCESS_WITH_NEW_MFA"",""content_role"":""CORE_EVIDENCE"",""device_id"":""DEV-ATTACK-9F2A"",""geolocation_hint"":""External anonymized host"",""ip_address"":""203.0.113.77"",""login_at"":""2026-02-12T01:00:00Z"",""login_event_id"":""LOGIN-0022"",""person_record_id"":""PR-PENNY-03"",""source_system_id"":""DEVICE_LOG""}",authoring/ceo_login_events.csv#LOGIN-0022,CORE_EVIDENCE,ce1f97812b73d0b129bde012525b4f8fae6eed6782ea19e80522ef801b61f9a3,2026.07.19.2
CEO_BARKED_TWICE,LOGIN-0023,LOGIN_EVENT,,LOGIN-0023,DEVICE_LOG,authoring/ceo_login_events.csv,LOGIN-0023,2026-02-12T14:00:00Z,,,SUCCESS,LOGIN-0023,"{""authentication_result"":""SUCCESS"",""content_role"":""CORE_EVIDENCE"",""device_id"":""DEV-ATTACK-9F2A"",""geolocation_hint"":""External anonymized host"",""ip_address"":""203.0.113.77"",""login_at"":""2026-02-12T14:00:00Z"",""login_event_id"":""LOGIN-0023"",""person_record_id"":""PR-IVY-01"",""source_system_id"":""DEVICE_LOG""}",authoring/ceo_login_events.csv#LOGIN-0023,CORE_EVIDENCE,3c3d125d4eff40d3557d94e5a221fd2c53802f0a0464866606659f14027e32dd,2026.07.19.2
CEO_BARKED_TWICE,LOGIN-0024,LOGIN_EVENT,,LOGIN-0024,DEVICE_LOG,authoring/ceo_login_events.csv,LOGIN-0024,2026-02-12T22:00:00Z,,,SUCCESS,LOGIN-0024,"{""authentication_result"":""SUCCESS"",""content_role"":""CORE_EVIDENCE"",""device_id"":""DEV-GRANT-P1"",""geolocation_hint"":""External anonymized host"",""ip_address"":""203.0.113.83"",""login_at"":""2026-02-12T22:00:00Z"",""login_event_id"":""LOGIN-0024"",""person_record_id"":""PR-GRANT-01"",""source_system_id"":""DEVICE_LOG""}",authoring/ceo_login_events.csv#LOGIN-0024,CORE_EVIDENCE,b7dfd9a8e8e4b2f521040d6bf5c21bdb3f0ad684e9f5312549ace23a43c5ea07,2026.07.19.2
CEO_BARKED_TWICE,LOGIN-0025,LOGIN_EVENT,,LOGIN-0025,DEVICE_LOG,authoring/ceo_login_events.csv,LOGIN-0025,2026-02-13T11:00:00Z,,,SUCCESS,LOGIN-0025,"{""authentication_result"":""SUCCESS"",""content_role"":""BACKGROUND"",""device_id"":""DEV-PENNY-AP"",""geolocation_hint"":""Noir City office"",""ip_address"":""198.51.100.88"",""login_at"":""2026-02-13T11:00:00Z"",""login_event_id"":""LOGIN-0025"",""person_record_id"":""PR-PENNY-03"",""source_system_id"":""DEVICE_LOG""}",authoring/ceo_login_events.csv#LOGIN-0025,BACKGROUND,f3efea02a90387d8d5f85557bebf8181721146aa1c664dbe124c87e7d1518916,2026.07.19.2
CEO_BARKED_TWICE,LOGIN-0026,LOGIN_EVENT,,LOGIN-0026,DEVICE_LOG,authoring/ceo_login_events.csv,LOGIN-0026,2026-02-13T19:00:00Z,,,SUCCESS,LOGIN-0026,"{""authentication_result"":""SUCCESS"",""content_role"":""EXCULPATORY_EVIDENCE"",""device_id"":""DEV-BEA-PHONE"",""geolocation_hint"":""Noir City office"",""ip_address"":""198.51.100.88"",""login_at"":""2026-02-13T19:00:00Z"",""login_event_id"":""LOGIN-0026"",""person_record_id"":""PR-BEA-01"",""source_system_id"":""DEVICE_LOG""}",authoring/ceo_login_events.csv#LOGIN-0026,EXCULPATORY_EVIDENCE,25982a74b02de4cdfffd25de9b4984875ac0448e83bc33796d34c76165423d3e,2026.07.19.2
CEO_BARKED_TWICE,LOGIN-0027,LOGIN_EVENT,,LOGIN-0027,DEVICE_LOG,authoring/ceo_login_events.csv,LOGIN-0027,2026-02-14T08:00:00Z,,,SUCCESS,LOGIN-0027,"{""authentication_result"":""SUCCESS"",""content_role"":""BACKGROUND"",""device_id"":""DEV-CONRAD-LAP"",""geolocation_hint"":""Noir City office"",""ip_address"":""198.51.100.88"",""login_at"":""2026-02-14T08:00:00Z"",""login_event_id"":""LOGIN-0027"",""person_record_id"":""PR-CONRAD-01"",""source_system_id"":""DEVICE_LOG""}",authoring/ceo_login_events.csv#LOGIN-0027,BACKGROUND,4a599946086c67e8b78b8fa10bbb27674789f5ec330c55369fd7fc920aaa89b3,2026.07.19.2
CEO_BARKED_TWICE,LOGIN-0028,LOGIN_EVENT,,LOGIN-0028,DEVICE_LOG,authoring/ceo_login_events.csv,LOGIN-0028,2026-02-14T21:00:00Z,,,SUCCESS,LOGIN-0028,"{""authentication_result"":""SUCCESS"",""content_role"":""BACKGROUND"",""device_id"":""DEV-THEO-SEC"",""geolocation_hint"":""Noir City office"",""ip_address"":""198.51.100.88"",""login_at"":""2026-02-14T21:00:00Z"",""login_event_id"":""LOGIN-0028"",""person_record_id"":""PR-THEO-01"",""source_system_id"":""DEVICE_LOG""}",authoring/ceo_login_events.csv#LOGIN-0028,BACKGROUND,a1b51199fbbe27402e1bf1ad67fad78b8cf7cf9b16459ea3abfdce7e30cb679d,2026.07.19.2
CEO_BARKED_TWICE,LOGIN-0029,LOGIN_EVENT,,LOGIN-0029,DEVICE_LOG,authoring/ceo_login_events.csv,LOGIN-0029,2026-02-15T05:00:00Z,,,SUCCESS,LOGIN-0029,"{""authentication_result"":""SUCCESS"",""content_role"":""EXCULPATORY_EVIDENCE"",""device_id"":""DEV-VICTOR-LAP"",""geolocation_hint"":""Vendor office"",""ip_address"":""198.51.100.121"",""login_at"":""2026-02-15T05:00:00Z"",""login_event_id"":""LOGIN-0029"",""person_record_id"":""PR-VICTOR-01"",""source_system_id"":""DEVICE_LOG""}",authoring/ceo_login_events.csv#LOGIN-0029,EXCULPATORY_EVIDENCE,376482a9ad9116336c15c0d8a16d9cfa293f03eb66def8ee55748251be89118f,2026.07.19.2
CEO_BARKED_TWICE,LOGIN-0030,LOGIN_EVENT,,LOGIN-0030,DEVICE_LOG,authoring/ceo_login_events.csv,LOGIN-0030,2026-02-15T18:00:00Z,,,SUCCESS,LOGIN-0030,"{""authentication_result"":""SUCCESS"",""content_role"":""CORE_EVIDENCE"",""device_id"":""DEV-ATTACK-9F2A"",""geolocation_hint"":""External anonymized host"",""ip_address"":""203.0.113.77"",""login_at"":""2026-02-15T18:00:00Z"",""login_event_id"":""LOGIN-0030"",""person_record_id"":""PR-ROWAN-01"",""source_system_id"":""DEVICE_LOG""}",authoring/ceo_login_events.csv#LOGIN-0030,CORE_EVIDENCE,6fb01be948a34f0a7045c1d753fe8b7ba2ab338e0c655a8e04017b08f9fd3c06,2026.07.19.2
CEO_BARKED_TWICE,LOGIN-0031,LOGIN_EVENT,,LOGIN-0031,DEVICE_LOG,authoring/ceo_login_events.csv,LOGIN-0031,2026-02-16T02:00:00Z,,,SUCCESS,LOGIN-0031,"{""authentication_result"":""SUCCESS"",""content_role"":""CORE_EVIDENCE"",""device_id"":""DEV-ATTACK-9F2A"",""geolocation_hint"":""External anonymized host"",""ip_address"":""203.0.113.77"",""login_at"":""2026-02-16T02:00:00Z"",""login_event_id"":""LOGIN-0031"",""person_record_id"":""PR-IVY-01"",""source_system_id"":""DEVICE_LOG""}",authoring/ceo_login_events.csv#LOGIN-0031,CORE_EVIDENCE,b8470f1e3a12c19f612447c08df42eed17f048a54f76e12088aa41d476909b80,2026.07.19.2
CEO_BARKED_TWICE,LOGIN-0032,LOGIN_EVENT,,LOGIN-0032,DEVICE_LOG,authoring/ceo_login_events.csv,LOGIN-0032,2026-02-16T15:00:00Z,,,SUCCESS,LOGIN-0032,"{""authentication_result"":""SUCCESS"",""content_role"":""CORE_EVIDENCE"",""device_id"":""DEV-GRANT-P1"",""geolocation_hint"":""External anonymized host"",""ip_address"":""203.0.113.83"",""login_at"":""2026-02-16T15:00:00Z"",""login_event_id"":""LOGIN-0032"",""person_record_id"":""PR-GRANT-01"",""source_system_id"":""DEVICE_LOG""}",authoring/ceo_login_events.csv#LOGIN-0032,CORE_EVIDENCE,1462bdabeb1334f13a102e1024c1c1c442db3496d6ee4a22cb378d7998dc29d5,2026.07.19.2
CEO_BARKED_TWICE,LOGIN-0033,LOGIN_EVENT,,LOGIN-0033,DEVICE_LOG,authoring/ceo_login_events.csv,LOGIN-0033,2026-02-17T04:00:00Z,,,SUCCESS,LOGIN-0033,"{""authentication_result"":""SUCCESS"",""content_role"":""BACKGROUND"",""device_id"":""DEV-PENNY-AP"",""geolocation_hint"":""Noir City office"",""ip_address"":""198.51.100.88"",""login_at"":""2026-02-17T04:00:00Z"",""login_event_id"":""LOGIN-0033"",""person_record_id"":""PR-PENNY-03"",""source_system_id"":""DEVICE_LOG""}",authoring/ceo_login_events.csv#LOGIN-0033,BACKGROUND,0258218aadaa48b820b8cfdcb54254dccb8439608c1633610007754df2809d53,2026.07.19.2
CEO_BARKED_TWICE,LOGIN-0034,LOGIN_EVENT,,LOGIN-0034,DEVICE_LOG,authoring/ceo_login_events.csv,LOGIN-0034,2026-02-17T12:00:00Z,,,SUCCESS,LOGIN-0034,"{""authentication_result"":""SUCCESS"",""content_role"":""EXCULPATORY_EVIDENCE"",""device_id"":""DEV-BEA-PHONE"",""geolocation_hint"":""Noir City office"",""ip_address"":""198.51.100.88"",""login_at"":""2026-02-17T12:00:00Z"",""login_event_id"":""LOGIN-0034"",""person_record_id"":""PR-BEA-01"",""source_system_id"":""DEVICE_LOG""}",authoring/ceo_login_events.csv#LOGIN-0034,EXCULPATORY_EVIDENCE,e84965ac56638b066535bbf5aafc7ce020130fa722f798fa99e26e2416eaa3a1,2026.07.19.2
CEO_BARKED_TWICE,LOGIN-0035,LOGIN_EVENT,,LOGIN-0035,DEVICE_LOG,authoring/ceo_login_events.csv,LOGIN-0035,2026-02-18T01:00:00Z,,,SUCCESS,LOGIN-0035,"{""authentication_result"":""SUCCESS"",""content_role"":""BACKGROUND"",""device_id"":""DEV-CONRAD-LAP"",""geolocation_hint"":""Noir City office"",""ip_address"":""198.51.100.88"",""login_at"":""2026-02-18T01:00:00Z"",""login_event_id"":""LOGIN-0035"",""person_record_id"":""PR-CONRAD-01"",""source_system_id"":""DEVICE_LOG""}",authoring/ceo_login_events.csv#LOGIN-0035,BACKGROUND,6346ff7dd56fc3bc596f870fef633b7dece9879bc44ac02824a48f87d0d9b855,2026.07.19.2
CEO_BARKED_TWICE,LOGIN-0036,LOGIN_EVENT,,LOGIN-0036,DEVICE_LOG,authoring/ceo_login_events.csv,LOGIN-0036,2026-02-18T09:00:00Z,,,SUCCESS,LOGIN-0036,"{""authentication_result"":""SUCCESS"",""content_role"":""BACKGROUND"",""device_id"":""DEV-THEO-SEC"",""geolocation_hint"":""Noir City office"",""ip_address"":""198.51.100.88"",""login_at"":""2026-02-18T09:00:00Z"",""login_event_id"":""LOGIN-0036"",""person_record_id"":""PR-THEO-01"",""source_system_id"":""DEVICE_LOG""}",authoring/ceo_login_events.csv#LOGIN-0036,BACKGROUND,0948b03aa987493c941fd3e0a52c1e7792957dad90c934d3f049946c86c5c626,2026.07.19.2
CEO_BARKED_TWICE,LOGIN-0037,LOGIN_EVENT,,LOGIN-0037,DEVICE_LOG,authoring/ceo_login_events.csv,LOGIN-0037,2026-02-18T22:00:00Z,,,SUCCESS,LOGIN-0037,"{""authentication_result"":""SUCCESS"",""content_role"":""EXCULPATORY_EVIDENCE"",""device_id"":""DEV-VICTOR-LAP"",""geolocation_hint"":""Vendor office"",""ip_address"":""198.51.100.121"",""login_at"":""2026-02-18T22:00:00Z"",""login_event_id"":""LOGIN-0037"",""person_record_id"":""PR-VICTOR-01"",""source_system_id"":""DEVICE_LOG""}",authoring/ceo_login_events.csv#LOGIN-0037,EXCULPATORY_EVIDENCE,e3cdf8e61d712b2e72914ac7681e23f4f220a2aa1ed9701ea11dc77c5ead01d7,2026.07.19.2
CEO_BARKED_TWICE,LOGIN-0038,LOGIN_EVENT,,LOGIN-0038,DEVICE_LOG,authoring/ceo_login_events.csv,LOGIN-0038,2026-02-19T11:00:00Z,,,SUCCESS,LOGIN-0038,"{""authentication_result"":""SUCCESS"",""content_role"":""CORE_EVIDENCE"",""device_id"":""DEV-ATTACK-9F2A"",""geolocation_hint"":""External anonymized host"",""ip_address"":""203.0.113.77"",""login_at"":""2026-02-19T11:00:00Z"",""login_event_id"":""LOGIN-0038"",""person_record_id"":""PR-ROWAN-01"",""source_system_id"":""DEVICE_LOG""}",authoring/ceo_login_events.csv#LOGIN-0038,CORE_EVIDENCE,a126a334618366304ccb7ae5752c9c2b46f3c99d32355d6bb8d3a008afeab593,2026.07.19.2
CEO_BARKED_TWICE,LOGIN-0039,LOGIN_EVENT,,LOGIN-0039,DEVICE_LOG,authoring/ceo_login_events.csv,LOGIN-0039,2026-02-19T19:00:00Z,,,SUCCESS,LOGIN-0039,"{""authentication_result"":""SUCCESS"",""content_role"":""CORE_EVIDENCE"",""device_id"":""DEV-ATTACK-9F2A"",""geolocation_hint"":""External anonymized host"",""ip_address"":""203.0.113.77"",""login_at"":""2026-02-19T19:00:00Z"",""login_event_id"":""LOGIN-0039"",""person_record_id"":""PR-IVY-01"",""source_system_id"":""DEVICE_LOG""}",authoring/ceo_login_events.csv#LOGIN-0039,CORE_EVIDENCE,14216152e7a24f0ed51d2842633ea15784128723a4863c4d74177fd067915fdd,2026.07.19.2
CEO_BARKED_TWICE,LOGIN-0040,LOGIN_EVENT,,LOGIN-0040,DEVICE_LOG,authoring/ceo_login_events.csv,LOGIN-0040,2026-02-20T08:00:00Z,,,SUCCESS,LOGIN-0040,"{""authentication_result"":""SUCCESS"",""content_role"":""CORE_EVIDENCE"",""device_id"":""DEV-GRANT-P1"",""geolocation_hint"":""External anonymized host"",""ip_address"":""203.0.113.83"",""login_at"":""2026-02-20T08:00:00Z"",""login_event_id"":""LOGIN-0040"",""person_record_id"":""PR-GRANT-01"",""source_system_id"":""DEVICE_LOG""}",authoring/ceo_login_events.csv#LOGIN-0040,CORE_EVIDENCE,68df337b7da35e9c4ad3bb8815f4ad78c857e50635dcf65336339aa09e411551,2026.07.19.2
CEO_BARKED_TWICE,LOGIN-0041,LOGIN_EVENT,,LOGIN-0041,DEVICE_LOG,authoring/ceo_login_events.csv,LOGIN-0041,2026-02-20T16:00:00Z,,,SUCCESS,LOGIN-0041,"{""authentication_result"":""SUCCESS"",""content_role"":""BACKGROUND"",""device_id"":""DEV-PENNY-AP"",""geolocation_hint"":""Noir City office"",""ip_address"":""198.51.100.88"",""login_at"":""2026-02-20T16:00:00Z"",""login_event_id"":""LOGIN-0041"",""person_record_id"":""PR-PENNY-03"",""source_system_id"":""DEVICE_LOG""}",authoring/ceo_login_events.csv#LOGIN-0041,BACKGROUND,189630a2dbb0967ff876770be1a27705e4a2b53817d2c6944a2497374ee3c887,2026.07.19.2
CEO_BARKED_TWICE,LOGIN-0042,LOGIN_EVENT,,LOGIN-0042,DEVICE_LOG,authoring/ceo_login_events.csv,LOGIN-0042,2026-02-21T05:00:00Z,,,SUCCESS,LOGIN-0042,"{""authentication_result"":""SUCCESS"",""content_role"":""EXCULPATORY_EVIDENCE"",""device_id"":""DEV-BEA-PHONE"",""geolocation_hint"":""Noir City office"",""ip_address"":""198.51.100.88"",""login_at"":""2026-02-21T05:00:00Z"",""login_event_id"":""LOGIN-0042"",""person_record_id"":""PR-BEA-01"",""source_system_id"":""DEVICE_LOG""}",authoring/ceo_login_events.csv#LOGIN-0042,EXCULPATORY_EVIDENCE,11b29a207169e1c021e8b2c9068c13a8972ce40335ab245c387cef1fb47bf415,2026.07.19.2
CEO_BARKED_TWICE,LOGIN-0043,LOGIN_EVENT,,LOGIN-0043,DEVICE_LOG,authoring/ceo_login_events.csv,LOGIN-0043,2026-02-21T18:00:00Z,,,SUCCESS,LOGIN-0043,"{""authentication_result"":""SUCCESS"",""content_role"":""BACKGROUND"",""device_id"":""DEV-CONRAD-LAP"",""geolocation_hint"":""Noir City office"",""ip_address"":""198.51.100.88"",""login_at"":""2026-02-21T18:00:00Z"",""login_event_id"":""LOGIN-0043"",""person_record_id"":""PR-CONRAD-01"",""source_system_id"":""DEVICE_LOG""}",authoring/ceo_login_events.csv#LOGIN-0043,BACKGROUND,b83b6c60010f3afe7795fc32853aa30a802778479ab3dc8f50f92bf03875ca08,2026.07.19.2
CEO_BARKED_TWICE,LOGIN-0044,LOGIN_EVENT,,LOGIN-0044,DEVICE_LOG,authoring/ceo_login_events.csv,LOGIN-0044,2026-02-22T02:00:00Z,,,SUCCESS,LOGIN-0044,"{""authentication_result"":""SUCCESS"",""content_role"":""BACKGROUND"",""device_id"":""DEV-THEO-SEC"",""geolocation_hint"":""Noir City office"",""ip_address"":""198.51.100.88"",""login_at"":""2026-02-22T02:00:00Z"",""login_event_id"":""LOGIN-0044"",""person_record_id"":""PR-THEO-01"",""source_system_id"":""DEVICE_LOG""}",authoring/ceo_login_events.csv#LOGIN-0044,BACKGROUND,bc94f1cb000dbbba7457c8891abd8486106b87c82e1d98da53c771b015a85107,2026.07.19.2
CEO_BARKED_TWICE,LOGIN-0045,LOGIN_EVENT,,LOGIN-0045,DEVICE_LOG,authoring/ceo_login_events.csv,LOGIN-0045,2026-02-22T15:00:00Z,,,SUCCESS,LOGIN-0045,"{""authentication_result"":""SUCCESS"",""content_role"":""EXCULPATORY_EVIDENCE"",""device_id"":""DEV-VICTOR-LAP"",""geolocation_hint"":""Vendor office"",""ip_address"":""198.51.100.121"",""login_at"":""2026-02-22T15:00:00Z"",""login_event_id"":""LOGIN-0045"",""person_record_id"":""PR-VICTOR-01"",""source_system_id"":""DEVICE_LOG""}",authoring/ceo_login_events.csv#LOGIN-0045,EXCULPATORY_EVIDENCE,d5adce040e65d5a320f33be78701e2f26f2d3e27b47c7bdbd6e8cd5bbc7cf251,2026.07.19.2
CEO_BARKED_TWICE,LOGIN-0046,LOGIN_EVENT,,LOGIN-0046,DEVICE_LOG,authoring/ceo_login_events.csv,LOGIN-0046,2026-02-22T23:00:00Z,,,SUCCESS,LOGIN-0046,"{""authentication_result"":""SUCCESS"",""content_role"":""CORE_EVIDENCE"",""device_id"":""DEV-ATTACK-9F2A"",""geolocation_hint"":""External anonymized host"",""ip_address"":""203.0.113.77"",""login_at"":""2026-02-22T23:00:00Z"",""login_event_id"":""LOGIN-0046"",""person_record_id"":""PR-ROWAN-01"",""source_system_id"":""DEVICE_LOG""}",authoring/ceo_login_events.csv#LOGIN-0046,CORE_EVIDENCE,f24c375c68dc6c1903a0fd841b30183b9a22f63ffa0f88c84a90cbb8d2bb70ab,2026.07.19.2
CEO_BARKED_TWICE,LOGIN-0047,LOGIN_EVENT,,LOGIN-0047,DEVICE_LOG,authoring/ceo_login_events.csv,LOGIN-0047,2026-02-23T12:00:00Z,,,SUCCESS,LOGIN-0047,"{""authentication_result"":""SUCCESS"",""content_role"":""CORE_EVIDENCE"",""device_id"":""DEV-ATTACK-9F2A"",""geolocation_hint"":""External anonymized host"",""ip_address"":""203.0.113.77"",""login_at"":""2026-02-23T12:00:00Z"",""login_event_id"":""LOGIN-0047"",""person_record_id"":""PR-IVY-01"",""source_system_id"":""DEVICE_LOG""}",authoring/ceo_login_events.csv#LOGIN-0047,CORE_EVIDENCE,8075bc43106125e530bbd179feceab1c93dd724d59b8bd2fd0bf9c1c5f3659be,2026.07.19.2
CEO_BARKED_TWICE,LOGIN-0048,LOGIN_EVENT,,LOGIN-0048,DEVICE_LOG,authoring/ceo_login_events.csv,LOGIN-0048,2026-02-24T01:00:00Z,,,SUCCESS,LOGIN-0048,"{""authentication_result"":""SUCCESS"",""content_role"":""CORE_EVIDENCE"",""device_id"":""DEV-GRANT-P1"",""geolocation_hint"":""External anonymized host"",""ip_address"":""203.0.113.83"",""login_at"":""2026-02-24T01:00:00Z"",""login_event_id"":""LOGIN-0048"",""person_record_id"":""PR-GRANT-01"",""source_system_id"":""DEVICE_LOG""}",authoring/ceo_login_events.csv#LOGIN-0048,CORE_EVIDENCE,18674321be02970991af275ab8180831060b69029754b09202c6dca679113c96,2026.07.19.2
CEO_BARKED_TWICE,MR-001,MAILBOX_RULE,,MR-001,MAIL_ADMIN,authoring/ceo_mailbox_rules.csv,MR-001,2026-02-09T23:41:00Z,,,,MR-001,"{""action_text"":""forward to ops@nightjar-consult.example; mark read; move to RSS Feeds"",""condition_text"":""sender contains copperpaw.example OR subject contains bank details"",""content_role"":""CORE_EVIDENCE"",""created_at"":""2026-02-09T23:41:00Z"",""created_from_device_id"":""DEV-ATTACK-9F2A"",""created_from_ip"":""203.0.113.77"",""enabled"":""true"",""forwarding_target"":""ops@nightjar-consult.example"",""mailbox_record_id"":""PR-PENNY-03"",""mailbox_rule_id"":""MR-001"",""rule_name"":""Vendor change archive"",""source_system_id"":""MAIL_ADMIN""}",authoring/ceo_mailbox_rules.csv#MR-001,CORE_EVIDENCE,d21421b7e8b49a433f186b8e88fe6c25c2839ede577b5a9beaf3acfd1eb732ac,2026.07.19.2
CEO_BARKED_TWICE,MR-002,MAILBOX_RULE,,MR-002,MAIL_ADMIN,authoring/ceo_mailbox_rules.csv,MR-002,2026-02-10T00:03:00Z,,,,MR-002,"{""action_text"":""forward to ops@nightjar-consult.example; delete after forwarding"",""condition_text"":""sender contains bea.barkley@silvercollar.example"",""content_role"":""CORE_EVIDENCE"",""created_at"":""2026-02-10T00:03:00Z"",""created_from_device_id"":""DEV-ATTACK-9F2A"",""created_from_ip"":""203.0.113.77"",""enabled"":""true"",""forwarding_target"":""ops@nightjar-consult.example"",""mailbox_record_id"":""PR-PENNY-03"",""mailbox_rule_id"":""MR-002"",""rule_name"":""CEO replies"",""source_system_id"":""MAIL_ADMIN""}",authoring/ceo_mailbox_rules.csv#MR-002,CORE_EVIDENCE,de6d33061908428dc65a66eb5a47c474b20d5de882ae418483d7391418479b80,2026.07.19.2
CEO_BARKED_TWICE,MR-003,MAILBOX_RULE,,MR-003,MAIL_ADMIN,authoring/ceo_mailbox_rules.csv,MR-003,2025-09-08T00:00:00Z,,,,MR-003,"{""action_text"":""flag"",""condition_text"":""size greater than 15MB"",""content_role"":""BENIGN_NOISE"",""created_at"":""2025-09-08T00:00:00Z"",""created_from_device_id"":""DEV-OFFICE-SHARED"",""created_from_ip"":""198.51.100.88"",""enabled"":""true"",""forwarding_target"":"""",""mailbox_record_id"":""PR-BEA-01"",""mailbox_rule_id"":""MR-003"",""rule_name"":""Large attachment warning"",""source_system_id"":""MAIL_ADMIN""}",authoring/ceo_mailbox_rules.csv#MR-003,BENIGN_NOISE,9dbc6f5414378faa57979c2ebc16c597f8a6fec1644a48586d6b7010275adb8b,2026.07.19.2
CEO_BARKED_TWICE,MR-004,MAILBOX_RULE,,MR-004,MAIL_ADMIN,authoring/ceo_mailbox_rules.csv,MR-004,2025-09-27T00:00:00Z,,,,MR-004,"{""action_text"":""move to Vendor Portal"",""condition_text"":""sender contains portal"",""content_role"":""BENIGN_NOISE"",""created_at"":""2025-09-27T00:00:00Z"",""created_from_device_id"":""DEV-OFFICE-SHARED"",""created_from_ip"":""198.51.100.88"",""enabled"":""true"",""forwarding_target"":"""",""mailbox_record_id"":""PR-IDA-01"",""mailbox_rule_id"":""MR-004"",""rule_name"":""Supplier portal"",""source_system_id"":""MAIL_ADMIN""}",authoring/ceo_mailbox_rules.csv#MR-004,BENIGN_NOISE,12866eb5a860d6eb719e5b1aac0b8289ee3af72eb017c63a526320e2869e503b,2026.07.19.2
CEO_BARKED_TWICE,MR-005,MAILBOX_RULE,,MR-005,MAIL_ADMIN,authoring/ceo_mailbox_rules.csv,MR-005,2025-10-16T00:00:00Z,,,,MR-005,"{""action_text"":""archive"",""condition_text"":""subject contains calendar"",""content_role"":""RED_HERRING"",""created_at"":""2025-10-16T00:00:00Z"",""created_from_device_id"":""DEV-NOISE-05"",""created_from_ip"":""203.0.113.124"",""enabled"":""true"",""forwarding_target"":"""",""mailbox_record_id"":""PR-LUCY-01"",""mailbox_rule_id"":""MR-005"",""rule_name"":""Calendar archive"",""source_system_id"":""MAIL_ADMIN""}",authoring/ceo_mailbox_rules.csv#MR-005,RED_HERRING,01ed34e013227dee9bf8cd594c434e6f9737ce4f8e73d7c1cab864c5ba9e9b50,2026.07.19.2
CEO_BARKED_TWICE,MR-006,MAILBOX_RULE,,MR-006,MAIL_ADMIN,authoring/ceo_mailbox_rules.csv,MR-006,2025-11-04T00:00:00Z,,,,MR-006,"{""action_text"":""move to Newsletters"",""condition_text"":""subject contains newsletter"",""content_role"":""BENIGN_NOISE"",""created_at"":""2025-11-04T00:00:00Z"",""created_from_device_id"":""DEV-OFFICE-SHARED"",""created_from_ip"":""198.51.100.88"",""enabled"":""true"",""forwarding_target"":"""",""mailbox_record_id"":""PR-PENNY-03"",""mailbox_rule_id"":""MR-006"",""rule_name"":""Newsletter"",""source_system_id"":""MAIL_ADMIN""}",authoring/ceo_mailbox_rules.csv#MR-006,BENIGN_NOISE,c9b6bc316e11ef8deb740ea77d580d5f205e7704fc49c5cbfa6dd846354e5b0a,2026.07.19.2
CEO_BARKED_TWICE,MR-007,MAILBOX_RULE,,MR-007,MAIL_ADMIN,authoring/ceo_mailbox_rules.csv,MR-007,2025-11-23T00:00:00Z,,,,MR-007,"{""action_text"":""move to Travel"",""condition_text"":""sender contains travel"",""content_role"":""BENIGN_NOISE"",""created_at"":""2025-11-23T00:00:00Z"",""created_from_device_id"":""DEV-OFFICE-SHARED"",""created_from_ip"":""198.51.100.88"",""enabled"":""true"",""forwarding_target"":"""",""mailbox_record_id"":""PR-CONRAD-01"",""mailbox_rule_id"":""MR-007"",""rule_name"":""Travel notices"",""source_system_id"":""MAIL_ADMIN""}",authoring/ceo_mailbox_rules.csv#MR-007,BENIGN_NOISE,e5a36d860cc70098ed682453468157da4cb47563522457922cbae1cd7665a1ec,2026.07.19.2
CEO_BARKED_TWICE,OR-SCC-01,ORGANIZATION_RECORD,,Silver Collar Components Ltd,CORP_REGISTRY,authoring/ceo_organization_records.csv,OR-SCC-01,2023-06-20,,,,Silver Collar Components Ltd,"{""address_normalized"":""14 FOUNDRY SQUARE"",""address_original"":""14 Foundry Square"",""content_role"":""CORE_EVIDENCE"",""display_name"":""Silver Collar Components Ltd"",""domain_normalized"":""silvercollar.example"",""domain_original"":""silvercollar.example"",""organization_id"":""O-SCC"",""organization_record_id"":""OR-SCC-01"",""phone_normalized"":""15550500"",""phone_original"":""+1-555-0500"",""recorded_at"":""2023-06-20"",""registration_id"":""REG-DED7C09BC"",""source_record_key"":""CORP_REGISTRY-O-SCC-1"",""source_system_id"":""CORP_REGISTRY""}",authoring/ceo_organization_records.csv#OR-SCC-01,CORE_EVIDENCE,4908e97373ff36f4b969d13ebea563c53776a3cd21233c2d42239ce7df7e60d8,2026.07.19.2
CEO_BARKED_TWICE,OR-SCC-02,ORGANIZATION_RECORD,,Silver Collar Components,VENDOR_MASTER,authoring/ceo_organization_records.csv,OR-SCC-02,2023-07-09,,,,Silver Collar Components,"{""address_normalized"":""14 FOUNDRY SQUARE"",""address_original"":""14 Foundry Square"",""content_role"":""CORE_EVIDENCE"",""display_name"":""Silver Collar Components"",""domain_normalized"":""silvercollar.example"",""domain_original"":""silvercollar.example"",""organization_id"":""O-SCC"",""organization_record_id"":""OR-SCC-02"",""phone_normalized"":""15550500"",""phone_original"":""+1-555-0500"",""recorded_at"":""2023-07-09"",""registration_id"":""REG-9B2900E65"",""source_record_key"":""VENDOR_MASTER-O-SCC-2"",""source_system_id"":""VENDOR_MASTER""}",authoring/ceo_organization_records.csv#OR-SCC-02,CORE_EVIDENCE,97bfab543ac6b71c05df04f530fb361bbde9fcd5f506b33d088da1bd5d1441bb,2026.07.19.2
CEO_BARKED_TWICE,OR-COPPER-01,ORGANIZATION_RECORD,,Copper Paw Industrial Supply Ltd,CORP_REGISTRY,authoring/ceo_organization_records.csv,OR-COPPER-01,2023-07-28,,,,Copper Paw Industrial Supply Ltd,"{""address_normalized"":""25 COPPER QUAY"",""address_original"":""25 Copper Quay"",""content_role"":""CORE_EVIDENCE"",""display_name"":""Copper Paw Industrial Supply Ltd"",""domain_normalized"":""copperpaw.example"",""domain_original"":""copperpaw.example"",""organization_id"":""O-COPPER"",""organization_record_id"":""OR-COPPER-01"",""phone_normalized"":""15550501"",""phone_original"":""+1-555-0501"",""recorded_at"":""2023-07-28"",""registration_id"":""REG-55CABC20C"",""source_record_key"":""CORP_REGISTRY-O-COPPER-1"",""source_system_id"":""CORP_REGISTRY""}",authoring/ceo_organization_records.csv#OR-COPPER-01,CORE_EVIDENCE,9ab564b2ffdf765d508df5fe841975b5a394a0ace51cfa35e586b6925984ae85,2026.07.19.2
CEO_BARKED_TWICE,OR-COPPER-02,ORGANIZATION_RECORD,,Copper Paw Industrial,VENDOR_MASTER,authoring/ceo_organization_records.csv,OR-COPPER-02,2023-08-16,,,,Copper Paw Industrial,"{""address_normalized"":""25 COPPER QUAY"",""address_original"":""25 Copper Quay"",""content_role"":""CORE_EVIDENCE"",""display_name"":""Copper Paw Industrial"",""domain_normalized"":""copperpaw.example"",""domain_original"":""copperpaw.example"",""organization_id"":""O-COPPER"",""organization_record_id"":""OR-COPPER-02"",""phone_normalized"":""15550501"",""phone_original"":""+1-555-0501"",""recorded_at"":""2023-08-16"",""registration_id"":""REG-4E9E2575A"",""source_record_key"":""VENDOR_MASTER-O-COPPER-2"",""source_system_id"":""VENDOR_MASTER""}",authoring/ceo_organization_records.csv#OR-COPPER-02,CORE_EVIDENCE,1e269dffc465a6a9925ca982cb5bb5ed21b53f1b31e1a91126ac0e7fc4f12c55,2026.07.19.2
CEO_BARKED_TWICE,OR-COPPER-03,ORGANIZATION_RECORD,,Copper Paw Ind. Supply,INVOICE_SYSTEM,authoring/ceo_organization_records.csv,OR-COPPER-03,2023-09-04,,,,Copper Paw Ind. Supply,"{""address_normalized"":""25 COPPER QUAY"",""address_original"":""25 Copper Quay"",""content_role"":""CORE_EVIDENCE"",""display_name"":""Copper Paw Ind. Supply"",""domain_normalized"":""copperpaw.example"",""domain_original"":""copperpaw.example"",""organization_id"":""O-COPPER"",""organization_record_id"":""OR-COPPER-03"",""phone_normalized"":""15550501"",""phone_original"":""+1-555-0501"",""recorded_at"":""2023-09-04"",""registration_id"":""REG-B32D2BEAB"",""source_record_key"":""INVOICE_SYSTEM-O-COPPER-3"",""source_system_id"":""INVOICE_SYSTEM""}",authoring/ceo_organization_records.csv#OR-COPPER-03,CORE_EVIDENCE,f9c2ddaa0a966d8bfddd1e39de7ba10e9345be79f391f68c3e41f686ab7a4677,2026.07.19.2
CEO_BARKED_TWICE,OR-NIGHTJAR-01,ORGANIZATION_RECORD,,Nightjar Consulting LLC,CORP_REGISTRY,authoring/ceo_organization_records.csv,OR-NIGHTJAR-01,2023-09-23,,,,Nightjar Consulting LLC,"{""address_normalized"":""81 MARKET YARD"",""address_original"":""81 Market Yard"",""content_role"":""CORE_EVIDENCE"",""display_name"":""Nightjar Consulting LLC"",""domain_normalized"":""nightjar-consult.example"",""domain_original"":""nightjar-consult.example"",""organization_id"":""O-NIGHTJAR"",""organization_record_id"":""OR-NIGHTJAR-01"",""phone_normalized"":""15550502"",""phone_original"":""+1-555-0502"",""recorded_at"":""2023-09-23"",""registration_id"":""REG-0ED52E7AB"",""source_record_key"":""CORP_REGISTRY-O-NIGHTJAR-1"",""source_system_id"":""CORP_REGISTRY""}",authoring/ceo_organization_records.csv#OR-NIGHTJAR-01,CORE_EVIDENCE,7d49d9d262eec0895073b030cc7da59713f32edfa93534f040b2fc663d08cb12,2026.07.19.2
CEO_BARKED_TWICE,OR-NIGHTJAR-02,ORGANIZATION_RECORD,,Nightjar Consulting,BANK_KYC,authoring/ceo_organization_records.csv,OR-NIGHTJAR-02,2023-10-12,,,,Nightjar Consulting,"{""address_normalized"":""81 MARKET YARD"",""address_original"":""81 Market Yard"",""content_role"":""CORE_EVIDENCE"",""display_name"":""Nightjar Consulting"",""domain_normalized"":""nightjar-consult.example"",""domain_original"":""nightjar-consult.example"",""organization_id"":""O-NIGHTJAR"",""organization_record_id"":""OR-NIGHTJAR-02"",""phone_normalized"":""15550502"",""phone_original"":""+1-555-0502"",""recorded_at"":""2023-10-12"",""registration_id"":""REG-463C4F8B3"",""source_record_key"":""BANK_KYC-O-NIGHTJAR-2"",""source_system_id"":""BANK_KYC""}",authoring/ceo_organization_records.csv#OR-NIGHTJAR-02,CORE_EVIDENCE,a2bcc6408b53e8071a3a1627539fad3f8b02206d07ef11b7295549fb767b4b3b,2026.07.19.2
CEO_BARKED_TWICE,OR-HARBOR-01,ORGANIZATION_RECORD,,Harbor Hound Remittance Ltd,CORP_REGISTRY,authoring/ceo_organization_records.csv,OR-HARBOR-01,2023-10-31,,,,Harbor Hound Remittance Ltd,"{""address_normalized"":""90 DOCKSIDE ROW"",""address_original"":""90 Dockside Row"",""content_role"":""CORE_EVIDENCE"",""display_name"":""Harbor Hound Remittance Ltd"",""domain_normalized"":""harborhound-remit.example"",""domain_original"":""harborhound-remit.example"",""organization_id"":""O-HARBOR"",""organization_record_id"":""OR-HARBOR-01"",""phone_normalized"":""15550503"",""phone_original"":""+1-555-0503"",""recorded_at"":""2023-10-31"",""registration_id"":""REG-6A8D3A212"",""source_record_key"":""CORP_REGISTRY-O-HARBOR-1"",""source_system_id"":""CORP_REGISTRY""}",authoring/ceo_organization_records.csv#OR-HARBOR-01,CORE_EVIDENCE,16a4f599985a7c25b278a551c6b88251bab69a03f1255e36ac68233b6fd5516e,2026.07.19.2
CEO_BARKED_TWICE,OR-HARBOR-02,ORGANIZATION_RECORD,,Harbor Hound Remit,BANK_KYC,authoring/ceo_organization_records.csv,OR-HARBOR-02,2023-11-19,,,,Harbor Hound Remit,"{""address_normalized"":""90 DOCKSIDE ROW"",""address_original"":""90 Dockside Row"",""content_role"":""CORE_EVIDENCE"",""display_name"":""Harbor Hound Remit"",""domain_normalized"":""harborhound-remit.example"",""domain_original"":""harborhound-remit.example"",""organization_id"":""O-HARBOR"",""organization_record_id"":""OR-HARBOR-02"",""phone_normalized"":""15550503"",""phone_original"":""+1-555-0503"",""recorded_at"":""2023-11-19"",""registration_id"":""REG-50253C6C4"",""source_record_key"":""BANK_KYC-O-HARBOR-2"",""source_system_id"":""BANK_KYC""}",authoring/ceo_organization_records.csv#OR-HARBOR-02,CORE_EVIDENCE,907cb17444182af2846a92b890d981317e635be0e30e1ad69bff0cfb60b83ad8,2026.07.19.2
CEO_BARKED_TWICE,OR-LANTERNBANK-01,ORGANIZATION_RECORD,,Lantern Community Bank,CORP_REGISTRY,authoring/ceo_organization_records.csv,OR-LANTERNBANK-01,2023-12-08,,,,Lantern Community Bank,"{""address_normalized"":""100 LANTERN PLAZA"",""address_original"":""100 Lantern Plaza"",""content_role"":""BACKGROUND"",""display_name"":""Lantern Community Bank"",""domain_normalized"":""lanternbank.example"",""domain_original"":""lanternbank.example"",""organization_id"":""O-LANTERNBANK"",""organization_record_id"":""OR-LANTERNBANK-01"",""phone_normalized"":""15550504"",""phone_original"":""+1-555-0504"",""recorded_at"":""2023-12-08"",""registration_id"":""REG-79173714B"",""source_record_key"":""CORP_REGISTRY-O-LANTERNBANK-1"",""source_system_id"":""CORP_REGISTRY""}",authoring/ceo_organization_records.csv#OR-LANTERNBANK-01,BACKGROUND,b9a8637184e8181fdbf5a460a723bee648d9e5c6c9ae0c92e33b8c81165da1c0,2026.07.19.2
CEO_BARKED_TWICE,OR-COPPERBANK-01,ORGANIZATION_RECORD,,Copper Paw Commercial Bank,CORP_REGISTRY,authoring/ceo_organization_records.csv,OR-COPPERBANK-01,2023-12-27,,,,Copper Paw Commercial Bank,"{""address_normalized"":""101 LANTERN PLAZA"",""address_original"":""101 Lantern Plaza"",""content_role"":""BACKGROUND"",""display_name"":""Copper Paw Commercial Bank"",""domain_normalized"":""copperbank.example"",""domain_original"":""copperbank.example"",""organization_id"":""O-COPPERBANK"",""organization_record_id"":""OR-COPPERBANK-01"",""phone_normalized"":""15550505"",""phone_original"":""+1-555-0505"",""recorded_at"":""2023-12-27"",""registration_id"":""REG-F6D742255"",""source_record_key"":""CORP_REGISTRY-O-COPPERBANK-1"",""source_system_id"":""CORP_REGISTRY""}",authoring/ceo_organization_records.csv#OR-COPPERBANK-01,BACKGROUND,1b75c2efc1e8fda3a38fd43e69a11042424b7b93ba4d8cbc1a8508b0dd93f596,2026.07.19.2
CEO_BARKED_TWICE,OR-CLOUDMAIL-01,ORGANIZATION_RECORD,,Cloud Kennel Mail Services,CORP_REGISTRY,authoring/ceo_organization_records.csv,OR-CLOUDMAIL-01,2024-01-15,,,,Cloud Kennel Mail Services,"{""address_normalized"":""2 NIMBUS COURT"",""address_original"":""2 Nimbus Court"",""content_role"":""BACKGROUND"",""display_name"":""Cloud Kennel Mail Services"",""domain_normalized"":""cloudkennel.example"",""domain_original"":""cloudkennel.example"",""organization_id"":""O-CLOUDMAIL"",""organization_record_id"":""OR-CLOUDMAIL-01"",""phone_normalized"":""15550506"",""phone_original"":""+1-555-0506"",""recorded_at"":""2024-01-15"",""registration_id"":""REG-9EDF761A7"",""source_record_key"":""CORP_REGISTRY-O-CLOUDMAIL-1"",""source_system_id"":""CORP_REGISTRY""}",authoring/ceo_organization_records.csv#OR-CLOUDMAIL-01,BACKGROUND,a9757cea27daca6673becd5787328ad88eb63c5e093b2d02c111bf6e57b2e70c,2026.07.19.2
CEO_BARKED_TWICE,OR-REGISTRY-01,ORGANIZATION_RECORD,,Noir City Corporate Registry,CORP_REGISTRY,authoring/ceo_organization_records.csv,OR-REGISTRY-01,2024-02-03,,,,Noir City Corporate Registry,"{""address_normalized"":""1 CIVIC HALL"",""address_original"":""1 Civic Hall"",""content_role"":""BACKGROUND"",""display_name"":""Noir City Corporate Registry"",""domain_normalized"":""registry.example"",""domain_original"":""registry.example"",""organization_id"":""O-REGISTRY"",""organization_record_id"":""OR-REGISTRY-01"",""phone_normalized"":""15550507"",""phone_original"":""+1-555-0507"",""recorded_at"":""2024-02-03"",""registration_id"":""REG-94130A546"",""source_record_key"":""CORP_REGISTRY-O-REGISTRY-1"",""source_system_id"":""CORP_REGISTRY""}",authoring/ceo_organization_records.csv#OR-REGISTRY-01,BACKGROUND,a8eb49e13f094d61c13779545344fbd86e6d85733369616f2a0bc57c8b5e936f,2026.07.19.2
CEO_BARKED_TWICE,OR-AUDIT-01,ORGANIZATION_RECORD,,Retrieve & Ledger LLP,CORP_REGISTRY,authoring/ceo_organization_records.csv,OR-AUDIT-01,2024-02-22,,,,Retrieve & Ledger LLP,"{""address_normalized"":""3 AUDIT ARCADE"",""address_original"":""3 Audit Arcade"",""content_role"":""BACKGROUND"",""display_name"":""Retrieve & Ledger LLP"",""domain_normalized"":""retrieveledger.example"",""domain_original"":""retrieveledger.example"",""organization_id"":""O-AUDIT"",""organization_record_id"":""OR-AUDIT-01"",""phone_normalized"":""15550508"",""phone_original"":""+1-555-0508"",""recorded_at"":""2024-02-22"",""registration_id"":""REG-4BE66C3CE"",""source_record_key"":""CORP_REGISTRY-O-AUDIT-1"",""source_system_id"":""CORP_REGISTRY""}",authoring/ceo_organization_records.csv#OR-AUDIT-01,BACKGROUND,68a0276de86fdf1a05ba21b14a958747f1d23c21023d1a0d9a3ceeb604be094a,2026.07.19.2
CEO_BARKED_TWICE,OR-SCC-03,ORGANIZATION_RECORD,,Silver Collar Components Limited,BANK_KYC,authoring/ceo_organization_records.csv,OR-SCC-03,2024-10-07,,,,Silver Collar Components Limited,"{""address_normalized"":""14 FOUNDRY SQUARE"",""address_original"":""14 Foundry Square"",""content_role"":""CORE_EVIDENCE"",""display_name"":""Silver Collar Components Limited"",""domain_normalized"":""silvercollar.example"",""domain_original"":""silvercollar.example"",""organization_id"":""O-SCC"",""organization_record_id"":""OR-SCC-03"",""phone_normalized"":""15550500"",""phone_original"":""+1-555-0500"",""recorded_at"":""2024-10-07"",""registration_id"":""REG-991640DC3"",""source_record_key"":""BANK_KYC-O-SCC-3"",""source_system_id"":""BANK_KYC""}",authoring/ceo_organization_records.csv#OR-SCC-03,CORE_EVIDENCE,8990ed0b977f3c48a4f12b5f861c3d6e57c8b163cdd3c6dd52100900d1d61376,2026.07.19.2
CEO_BARKED_TWICE,OR-NIGHTJAR-03,ORGANIZATION_RECORD,,Nightjar Consult,DOMAIN_REGISTRY,authoring/ceo_organization_records.csv,OR-NIGHTJAR-03,2024-10-26,,,,Nightjar Consult,"{""address_normalized"":""81 MARKET YARD"",""address_original"":""81 Market Yard"",""content_role"":""CORE_EVIDENCE"",""display_name"":""Nightjar Consult"",""domain_normalized"":""nightjar-consult.example"",""domain_original"":""nightjar-consult.example"",""organization_id"":""O-NIGHTJAR"",""organization_record_id"":""OR-NIGHTJAR-03"",""phone_normalized"":""15550502"",""phone_original"":""+1-555-0502"",""recorded_at"":""2024-10-26"",""registration_id"":""REG-3D35B12B2"",""source_record_key"":""DOMAIN_REGISTRY-O-NIGHTJAR-3"",""source_system_id"":""DOMAIN_REGISTRY""}",authoring/ceo_organization_records.csv#OR-NIGHTJAR-03,CORE_EVIDENCE,40333203274af1f28039817adf1496249133ec8b0015502d8ca84a927c856aa8,2026.07.19.2
CEO_BARKED_TWICE,OR-HARBOR-03,ORGANIZATION_RECORD,,Harbor Hound Remittance,DOMAIN_REGISTRY,authoring/ceo_organization_records.csv,OR-HARBOR-03,2024-11-14,,,,Harbor Hound Remittance,"{""address_normalized"":""90 DOCKSIDE ROW"",""address_original"":""90 Dockside Row"",""content_role"":""CORE_EVIDENCE"",""display_name"":""Harbor Hound Remittance"",""domain_normalized"":""harborhound-remit.example"",""domain_original"":""harborhound-remit.example"",""organization_id"":""O-HARBOR"",""organization_record_id"":""OR-HARBOR-03"",""phone_normalized"":""15550503"",""phone_original"":""+1-555-0503"",""recorded_at"":""2024-11-14"",""registration_id"":""REG-BA9F49223"",""source_record_key"":""DOMAIN_REGISTRY-O-HARBOR-3"",""source_system_id"":""DOMAIN_REGISTRY""}",authoring/ceo_organization_records.csv#OR-HARBOR-03,CORE_EVIDENCE,1387ae0f3e7a7458ca94a5d8d438cf6e2b9c2bd247266c7d95083d33eb8d8e98,2026.07.19.2
CEO_BARKED_TWICE,O-SCC,ORGANIZATION,victim company,Silver Collar Components Ltd,AUTHORING,authoring/ceo_organizations.csv,O-SCC,,,,,Silver Collar Components Ltd,"{""canonical_name"":""Silver Collar Components Ltd"",""organization_id"":""O-SCC"",""organization_role"":""victim company""}",authoring/ceo_organizations.csv#O-SCC,BACKGROUND,de656664858b650f72dba25d4263e98c39ac2a936021b450647ac312b5f9a413,2026.07.19.2
CEO_BARKED_TWICE,O-COPPER,ORGANIZATION,legitimate primary vendor,Copper Paw Industrial Supply Ltd,AUTHORING,authoring/ceo_organizations.csv,O-COPPER,,,,,Copper Paw Industrial Supply Ltd,"{""canonical_name"":""Copper Paw Industrial Supply Ltd"",""organization_id"":""O-COPPER"",""organization_role"":""legitimate primary vendor""}",authoring/ceo_organizations.csv#O-COPPER,BACKGROUND,c43cd483a333c41c1d5d559cedfdf4cc97fcc7a64665f67a58cc7d5f60ba9224,2026.07.19.2
CEO_BARKED_TWICE,O-NIGHTJAR,ORGANIZATION,fraud shell and beneficiary entity,Nightjar Consulting LLC,AUTHORING,authoring/ceo_organizations.csv,O-NIGHTJAR,,,,,Nightjar Consulting LLC,"{""canonical_name"":""Nightjar Consulting LLC"",""organization_id"":""O-NIGHTJAR"",""organization_role"":""fraud shell and beneficiary entity""}",authoring/ceo_organizations.csv#O-NIGHTJAR,BACKGROUND,021d4e6591544c5aa09c0c8d3c9f8325ecb49d1409fc62411582aa473c2d1527,2026.07.19.2
CEO_BARKED_TWICE,O-HARBOR,ORGANIZATION,payment intermediary,Harbor Hound Remittance Ltd,AUTHORING,authoring/ceo_organizations.csv,O-HARBOR,,,,,Harbor Hound Remittance Ltd,"{""canonical_name"":""Harbor Hound Remittance Ltd"",""organization_id"":""O-HARBOR"",""organization_role"":""payment intermediary""}",authoring/ceo_organizations.csv#O-HARBOR,BACKGROUND,ec93c7e3f483fd57e0eb9512e0cdd2c298c71a167b3b498931c50973f859d587,2026.07.19.2
CEO_BARKED_TWICE,O-LANTERNBANK,ORGANIZATION,victim company bank,Lantern Community Bank,AUTHORING,authoring/ceo_organizations.csv,O-LANTERNBANK,,,,,Lantern Community Bank,"{""canonical_name"":""Lantern Community Bank"",""organization_id"":""O-LANTERNBANK"",""organization_role"":""victim company bank""}",authoring/ceo_organizations.csv#O-LANTERNBANK,BACKGROUND,979bece7951936b2abdcb904209ce4a50b14822795ead0ad43a3063f33295a52,2026.07.19.2
CEO_BARKED_TWICE,O-COPPERBANK,ORGANIZATION,vendor bank,Copper Paw Commercial Bank,AUTHORING,authoring/ceo_organizations.csv,O-COPPERBANK,,,,,Copper Paw Commercial Bank,"{""canonical_name"":""Copper Paw Commercial Bank"",""organization_id"":""O-COPPERBANK"",""organization_role"":""vendor bank""}",authoring/ceo_organizations.csv#O-COPPERBANK,BACKGROUND,66118ac6c3dc4ab06867125ce73d8b0ef1833018d9f0ac45f1b3714773532ce4,2026.07.19.2
CEO_BARKED_TWICE,O-CLOUDMAIL,ORGANIZATION,mail hosting provider,Cloud Kennel Mail Services,AUTHORING,authoring/ceo_organizations.csv,O-CLOUDMAIL,,,,,Cloud Kennel Mail Services,"{""canonical_name"":""Cloud Kennel Mail Services"",""organization_id"":""O-CLOUDMAIL"",""organization_role"":""mail hosting provider""}",authoring/ceo_organizations.csv#O-CLOUDMAIL,BACKGROUND,7e98e0aab6e3c9f2e033080e8d67713c0ff56a2b5666713618ba1525b1b3c638,2026.07.19.2
CEO_BARKED_TWICE,O-REGISTRY,ORGANIZATION,registry operator,Noir City Corporate Registry,AUTHORING,authoring/ceo_organizations.csv,O-REGISTRY,,,,,Noir City Corporate Registry,"{""canonical_name"":""Noir City Corporate Registry"",""organization_id"":""O-REGISTRY"",""organization_role"":""registry operator""}",authoring/ceo_organizations.csv#O-REGISTRY,BACKGROUND,93c5c2981092c9487883475cc8f8b646c19a08dc1f689291e28b01405d34fca5,2026.07.19.2
CEO_BARKED_TWICE,O-AUDIT,ORGANIZATION,external auditor,Retrieve & Ledger LLP,AUTHORING,authoring/ceo_organizations.csv,O-AUDIT,,,,,Retrieve & Ledger LLP,"{""canonical_name"":""Retrieve & Ledger LLP"",""organization_id"":""O-AUDIT"",""organization_role"":""external auditor""}",authoring/ceo_organizations.csv#O-AUDIT,BACKGROUND,a93e439e268640b2b50f12ef7e205d68006592415c09f6fe4bccabe6b68a3097,2026.07.19.2
CEO_BARKED_TWICE,P-ROWAN,PERSON,,Rowan Rook,AUTHORING,authoring/ceo_people.csv,P-ROWAN,,,,,Rowan Rook,"{""canonical_name"":""Rowan Rook"",""culpability"":""intentional"",""harm_status"":""non-victim"",""person_id"":""P-ROWAN"",""truth_role"":""principal/impersonation coordinator""}",authoring/ceo_people.csv#P-ROWAN,BACKGROUND,569bc6a72d3e6b392e1a614f8f43afa8f585a54674e7f38057b3c5905c1874e3,2026.07.19.2
CEO_BARKED_TWICE,P-IVY,PERSON,,Ivy Ibizan,AUTHORING,authoring/ceo_people.csv,P-IVY,,,,,Ivy Ibizan,"{""canonical_name"":""Ivy Ibizan"",""culpability"":""intentional"",""harm_status"":""non-victim"",""person_id"":""P-IVY"",""truth_role"":""technical operator/mailbox intruder""}",authoring/ceo_people.csv#P-IVY,BACKGROUND,87d63a935522c2dcc414860f532f76bd26de6c6312dd3c36efeecd6ddac435f8,2026.07.19.2
CEO_BARKED_TWICE,P-GRANT,PERSON,,Grant Greyhound,AUTHORING,authoring/ceo_people.csv,P-GRANT,,,,,Grant Greyhound,"{""canonical_name"":""Grant Greyhound"",""culpability"":""knowing"",""harm_status"":""non-victim"",""person_id"":""P-GRANT"",""truth_role"":""mule account controller""}",authoring/ceo_people.csv#P-GRANT,BACKGROUND,b0f6f2a451b5be0936e54a29b143c5b2c6f9ea5de03bf1e1366a3b20070f6ee2,2026.07.19.2
CEO_BARKED_TWICE,P-BEA,PERSON,,"Beatrice ""Bea"" Barkley",AUTHORING,authoring/ceo_people.csv,P-BEA,,,,,"Beatrice ""Bea"" Barkley","{""canonical_name"":""Beatrice \""Bea\"" Barkley"",""culpability"":""none"",""harm_status"":""impersonated victim"",""person_id"":""P-BEA"",""truth_role"":""real chief executive officer""}",authoring/ceo_people.csv#P-BEA,BACKGROUND,994308d42e304d76c483d2113773f1075c1c18d775aa81476864ed5d4f623792,2026.07.19.2
CEO_BARKED_TWICE,P-PENNY,PERSON,,Penny Pug,AUTHORING,authoring/ceo_people.csv,P-PENNY,,,,,Penny Pug,"{""canonical_name"":""Penny Pug"",""culpability"":""unwitting"",""harm_status"":""victim employee"",""person_id"":""P-PENNY"",""truth_role"":""accounts payable specialist""}",authoring/ceo_people.csv#P-PENNY,BACKGROUND,e9086a45c4e7fb2ecb7f3705a96b16e811abb1de4ad9ab3944a1037fbc1a108c,2026.07.19.2
CEO_BARKED_TWICE,P-CONRAD,PERSON,,Conrad Corgi,AUTHORING,authoring/ceo_people.csv,P-CONRAD,,,,,Conrad Corgi,"{""canonical_name"":""Conrad Corgi"",""culpability"":""unwitting"",""harm_status"":""non-victim"",""person_id"":""P-CONRAD"",""truth_role"":""chief financial officer""}",authoring/ceo_people.csv#P-CONRAD,BACKGROUND,36ea112e244776a6c2347a421af34d910e6a216c33433b81a643e13b532c2c75,2026.07.19.2
CEO_BARKED_TWICE,P-OWEN,PERSON,,Owen Old English Sheepdog,AUTHORING,authoring/ceo_people.csv,P-OWEN,,,,,Owen Old English Sheepdog,"{""canonical_name"":""Owen Old English Sheepdog"",""culpability"":""none"",""harm_status"":""non-victim"",""person_id"":""P-OWEN"",""truth_role"":""legitimate vendor finance director""}",authoring/ceo_people.csv#P-OWEN,BACKGROUND,5edd5e893da4a484c5b8cf0750a6bd1384955d9557a42d131c7150ffa1a69c44,2026.07.19.2
CEO_BARKED_TWICE,P-THEO,PERSON,,Theo Terrier,AUTHORING,authoring/ceo_people.csv,P-THEO,,,,,Theo Terrier,"{""canonical_name"":""Theo Terrier"",""culpability"":""none"",""harm_status"":""non-victim"",""person_id"":""P-THEO"",""truth_role"":""mail security administrator""}",authoring/ceo_people.csv#P-THEO,BACKGROUND,249cddfc6e793983d513d8c3f0426c460c611b18626dc5ff4c7a59d2a755cc39,2026.07.19.2
CEO_BARKED_TWICE,P-VICTOR,PERSON,,Victor Vizsla,AUTHORING,authoring/ceo_people.csv,P-VICTOR,,,,,Victor Vizsla,"{""canonical_name"":""Victor Vizsla"",""culpability"":""none"",""harm_status"":""non-victim"",""person_id"":""P-VICTOR"",""truth_role"":""legitimate vendor account manager""}",authoring/ceo_people.csv#P-VICTOR,BACKGROUND,b59281eebf48fe55e7a6a9097c55eba6c5f7d790971523bdb4dd99701f19525a,2026.07.19.2
CEO_BARKED_TWICE,P-MABEL,PERSON,,Mabel Mastiff,AUTHORING,authoring/ceo_people.csv,P-MABEL,,,,,Mabel Mastiff,"{""canonical_name"":""Mabel Mastiff"",""culpability"":""none"",""harm_status"":""non-victim"",""person_id"":""P-MABEL"",""truth_role"":""bank fraud analyst""}",authoring/ceo_people.csv#P-MABEL,BACKGROUND,657aae58c4f230b40ae3dc0c92762a23c9de329224a4c23e878aa1c8aa56295a,2026.07.19.2
CEO_BARKED_TWICE,P-IDA,PERSON,,Ida Irish Setter,AUTHORING,authoring/ceo_people.csv,P-IDA,,,,,Ida Irish Setter,"{""canonical_name"":""Ida Irish Setter"",""culpability"":""none"",""harm_status"":""non-victim"",""person_id"":""P-IDA"",""truth_role"":""procurement manager""}",authoring/ceo_people.csv#P-IDA,BACKGROUND,e53aa606dedf48c571994c4df6d3ea194807607b71eb85282cd2b2ee0b8dca83,2026.07.19.2
CEO_BARKED_TWICE,P-RHEA,PERSON,,Rhea Retriever,AUTHORING,authoring/ceo_people.csv,P-RHEA,,,,,Rhea Retriever,"{""canonical_name"":""Rhea Retriever"",""culpability"":""none"",""harm_status"":""non-victim"",""person_id"":""P-RHEA"",""truth_role"":""internal auditor""}",authoring/ceo_people.csv#P-RHEA,BACKGROUND,1a87d53dfb7552c7b95dba75a2ebf936b6263961f46d9ed8331e3a649e8bc99d,2026.07.19.2
CEO_BARKED_TWICE,PR-ROWAN-01,PERSON_RECORD,,Rowan Rook,DOMAIN_REGISTRY,authoring/ceo_person_records.csv,PR-ROWAN-01,2024-01-14,,,,Rowan Rook,"{""address_normalized"":""9 NIGHTJAR MEWS"",""address_original"":""9 Nightjar Mews"",""content_role"":""CORE_EVIDENCE"",""display_name"":""Rowan Rook"",""email_normalized"":""rowan.rook@nightjar-consult.example"",""email_original"":""rowan.rook@nightjar-consult.example"",""partial_identifier"":""PID-22F790E"",""person_id"":""P-ROWAN"",""person_record_id"":""PR-ROWAN-01"",""phone_normalized"":""15550401"",""phone_original"":""+1-555-0401"",""recorded_at"":""2024-01-14"",""source_record_key"":""DOMAIN_REGISTRY-P-ROWAN-1"",""source_system_id"":""DOMAIN_REGISTRY""}",authoring/ceo_person_records.csv#PR-ROWAN-01,CORE_EVIDENCE,8d4bdcbdc54c762aa04feb5198c23cfff4667c8c66ee15d3352dcfb33e0cadf5,2026.07.19.2
CEO_BARKED_TWICE,PR-ROWAN-02,PERSON_RECORD,,R. Rook,BANK_KYC,authoring/ceo_person_records.csv,PR-ROWAN-02,2024-01-27,,,,R. Rook,"{""address_normalized"":""9 NIGHTJAR MEWS"",""address_original"":""9 Nightjar Mews"",""content_role"":""CORE_EVIDENCE"",""display_name"":""R. Rook"",""email_normalized"":""r.rook@private-mail.example"",""email_original"":""r.rook@private-mail.example"",""partial_identifier"":""PID-E6E7EBE"",""person_id"":""P-ROWAN"",""person_record_id"":""PR-ROWAN-02"",""phone_normalized"":""15550491"",""phone_original"":""+1-555-0491"",""recorded_at"":""2024-01-27"",""source_record_key"":""BANK_KYC-P-ROWAN-2"",""source_system_id"":""BANK_KYC""}",authoring/ceo_person_records.csv#PR-ROWAN-02,CORE_EVIDENCE,83aa40a6a92fafab4166749b743d56c11d22fee4b7a691081f29a08bd3e966fc,2026.07.19.2
CEO_BARKED_TWICE,PR-ROWAN-03,PERSON_RECORD,,rowan.r,EMAIL,authoring/ceo_person_records.csv,PR-ROWAN-03,2024-02-09,,,,rowan.r,"{""address_normalized"":""81 MARKET YARD"",""address_original"":""81 Market Yard"",""content_role"":""CORE_EVIDENCE"",""display_name"":""rowan.r"",""email_normalized"":""rowan.r@silvercoilar.example"",""email_original"":""rowan.r@silvercoilar.example"",""partial_identifier"":""PID-132D029"",""person_id"":""P-ROWAN"",""person_record_id"":""PR-ROWAN-03"",""phone_normalized"":""15550401"",""phone_original"":""+1-555-0401"",""recorded_at"":""2024-02-09"",""source_record_key"":""EMAIL-P-ROWAN-3"",""source_system_id"":""EMAIL""}",authoring/ceo_person_records.csv#PR-ROWAN-03,CORE_EVIDENCE,28eafe5aa595ae00be93b9cb1ffb263b54968d9dba2a31f4074fa0d8d205883e,2026.07.19.2
CEO_BARKED_TWICE,PR-IVY-01,PERSON_RECORD,,Ivy Ibizan,DOMAIN_REGISTRY,authoring/ceo_person_records.csv,PR-IVY-01,2024-02-22,,,,Ivy Ibizan,"{""address_normalized"":""17 PACKET LANE"",""address_original"":""17 Packet Lane"",""content_role"":""CORE_EVIDENCE"",""display_name"":""Ivy Ibizan"",""email_normalized"":""ivy.ibizan@nightjar-consult.example"",""email_original"":""ivy.ibizan@nightjar-consult.example"",""partial_identifier"":""PID-982587F"",""person_id"":""P-IVY"",""person_record_id"":""PR-IVY-01"",""phone_normalized"":""15550402"",""phone_original"":""+1-555-0402"",""recorded_at"":""2024-02-22"",""source_record_key"":""DOMAIN_REGISTRY-P-IVY-1"",""source_system_id"":""DOMAIN_REGISTRY""}",authoring/ceo_person_records.csv#PR-IVY-01,CORE_EVIDENCE,ea337c045ad61f5899cb7bfc93454e681dc9e1394f4fe95d0cd8e6bb3046dad8,2026.07.19.2
CEO_BARKED_TWICE,PR-IVY-02,PERSON_RECORD,,i.ibizan,MAIL_ADMIN,authoring/ceo_person_records.csv,PR-IVY-02,2024-03-06,,,,i.ibizan,"{""address_normalized"":""17 PACKET LANE"",""address_original"":""17 Packet Lane"",""content_role"":""CORE_EVIDENCE"",""display_name"":""i.ibizan"",""email_normalized"":""ops@nightjar-consult.example"",""email_original"":""ops@nightjar-consult.example"",""partial_identifier"":""PID-8F501C0"",""person_id"":""P-IVY"",""person_record_id"":""PR-IVY-02"",""phone_normalized"":""15550402"",""phone_original"":""+1-555-0402"",""recorded_at"":""2024-03-06"",""source_record_key"":""MAIL_ADMIN-P-IVY-2"",""source_system_id"":""MAIL_ADMIN""}",authoring/ceo_person_records.csv#PR-IVY-02,CORE_EVIDENCE,ebe019ac8a33c7bf8318f777ec65842e989a0ae538b37986f78dc9b98aa18431,2026.07.19.2
CEO_BARKED_TWICE,PR-IVY-03,PERSON_RECORD,,Ivy I. Ibizan,BANK_KYC,authoring/ceo_person_records.csv,PR-IVY-03,2024-03-19,,,,Ivy I. Ibizan,"{""address_normalized"":""17 PACKET LANE"",""address_original"":""17 Packet Lane"",""content_role"":""CORE_EVIDENCE"",""display_name"":""Ivy I. Ibizan"",""email_normalized"":""ivy@private-mail.example"",""email_original"":""ivy@private-mail.example"",""partial_identifier"":""PID-82EBDEC"",""person_id"":""P-IVY"",""person_record_id"":""PR-IVY-03"",""phone_normalized"":""15550492"",""phone_original"":""+1-555-0492"",""recorded_at"":""2024-03-19"",""source_record_key"":""BANK_KYC-P-IVY-3"",""source_system_id"":""BANK_KYC""}",authoring/ceo_person_records.csv#PR-IVY-03,CORE_EVIDENCE,0d4665205cb1172a3b7cd9a448ba96f1363eb09490a224990ba30c35469bdd2b,2026.07.19.2
CEO_BARKED_TWICE,PR-GRANT-01,PERSON_RECORD,,Grant Greyhound,BANK_KYC,authoring/ceo_person_records.csv,PR-GRANT-01,2024-04-01,,,,Grant Greyhound,"{""address_normalized"":""22 SPRINT STREET"",""address_original"":""22 Sprint Street"",""content_role"":""CORE_EVIDENCE"",""display_name"":""Grant Greyhound"",""email_normalized"":""grant.greyhound@houndmail.example"",""email_original"":""grant.greyhound@houndmail.example"",""partial_identifier"":""PID-9F44B59"",""person_id"":""P-GRANT"",""person_record_id"":""PR-GRANT-01"",""phone_normalized"":""15550403"",""phone_original"":""+1-555-0403"",""recorded_at"":""2024-04-01"",""source_record_key"":""BANK_KYC-P-GRANT-1"",""source_system_id"":""BANK_KYC""}",authoring/ceo_person_records.csv#PR-GRANT-01,CORE_EVIDENCE,52d45ac63a1c234bb1de3737320559a9ca59a932e5ea77cf6da80b6bc58c83d8,2026.07.19.2
CEO_BARKED_TWICE,PR-GRANT-02,PERSON_RECORD,,G. Greyhound,CORP_REGISTRY,authoring/ceo_person_records.csv,PR-GRANT-02,2024-04-14,,,,G. Greyhound,"{""address_normalized"":""81 MARKET YARD"",""address_original"":""81 Market Yard"",""content_role"":""CORE_EVIDENCE"",""display_name"":""G. Greyhound"",""email_normalized"":""grant@nightjar-consult.example"",""email_original"":""grant@nightjar-consult.example"",""partial_identifier"":""PID-5FCADE5"",""person_id"":""P-GRANT"",""person_record_id"":""PR-GRANT-02"",""phone_normalized"":""15550403"",""phone_original"":""+1-555-0403"",""recorded_at"":""2024-04-14"",""source_record_key"":""CORP_REGISTRY-P-GRANT-2"",""source_system_id"":""CORP_REGISTRY""}",authoring/ceo_person_records.csv#PR-GRANT-02,CORE_EVIDENCE,5c8661875b7cdd172af6d344bb2c2e458f5e2d44e1996ff5f4b041935b900cea,2026.07.19.2
CEO_BARKED_TWICE,PR-GRANT-03,PERSON_RECORD,,grant.g,EMAIL,authoring/ceo_person_records.csv,PR-GRANT-03,2024-04-27,,,,grant.g,"{""address_normalized"":""22 SPRINT STREET"",""address_original"":""22 Sprint Street"",""content_role"":""CORE_EVIDENCE"",""display_name"":""grant.g"",""email_normalized"":""grant.g@nightjar-consult.example"",""email_original"":""grant.g@nightjar-consult.example"",""partial_identifier"":""PID-EA1D7EB"",""person_id"":""P-GRANT"",""person_record_id"":""PR-GRANT-03"",""phone_normalized"":""15550403"",""phone_original"":""+1-555-0403"",""recorded_at"":""2024-04-27"",""source_record_key"":""EMAIL-P-GRANT-3"",""source_system_id"":""EMAIL""}",authoring/ceo_person_records.csv#PR-GRANT-03,CORE_EVIDENCE,e57d3895e692bd0799855add9aacfb48b28da401fe8bba2a731c51e24ee1898d,2026.07.19.2
CEO_BARKED_TWICE,PR-BEA-01,PERSON_RECORD,,Beatrice Barkley,HR,authoring/ceo_person_records.csv,PR-BEA-01,2024-05-10,,,,Beatrice Barkley,"{""address_normalized"":""4 EXECUTIVE CRESCENT"",""address_original"":""4 Executive Crescent"",""content_role"":""CORE_EVIDENCE"",""display_name"":""Beatrice Barkley"",""email_normalized"":""bea.barkley@silvercollar.example"",""email_original"":""bea.barkley@silvercollar.example"",""partial_identifier"":""PID-DB0B353"",""person_id"":""P-BEA"",""person_record_id"":""PR-BEA-01"",""phone_normalized"":""15550410"",""phone_original"":""+1-555-0410"",""recorded_at"":""2024-05-10"",""source_record_key"":""HR-P-BEA-1"",""source_system_id"":""HR""}",authoring/ceo_person_records.csv#PR-BEA-01,CORE_EVIDENCE,c5bc8bcaa97114cfb6e46b93000b61629b7ec8623875c9285e6b6252a1400fb1,2026.07.19.2
CEO_BARKED_TWICE,PR-BEA-02,PERSON_RECORD,,Bea Barkley,EMAIL,authoring/ceo_person_records.csv,PR-BEA-02,2024-05-23,,,,Bea Barkley,"{""address_normalized"":""4 EXECUTIVE CRESCENT"",""address_original"":""4 Executive Crescent"",""content_role"":""CORE_EVIDENCE"",""display_name"":""Bea Barkley"",""email_normalized"":""bea.barkley@silvercollar.example"",""email_original"":""bea.barkley@silvercollar.example"",""partial_identifier"":""PID-E98AEF3"",""person_id"":""P-BEA"",""person_record_id"":""PR-BEA-02"",""phone_normalized"":""15550410"",""phone_original"":""+1-555-0410"",""recorded_at"":""2024-05-23"",""source_record_key"":""EMAIL-P-BEA-2"",""source_system_id"":""EMAIL""}",authoring/ceo_person_records.csv#PR-BEA-02,CORE_EVIDENCE,fb1e980ddc8230c5f6f811692cf6aa2595282c57aa9fc93df0fa9ad053727c4d,2026.07.19.2
CEO_BARKED_TWICE,PR-BEA-03,PERSON_RECORD,,Beatrice A. Barkley,CORP_REGISTRY,authoring/ceo_person_records.csv,PR-BEA-03,2024-06-05,,,,Beatrice A. Barkley,"{""address_normalized"":""14 FOUNDRY SQUARE"",""address_original"":""14 Foundry Square"",""content_role"":""CORE_EVIDENCE"",""display_name"":""Beatrice A. Barkley"",""email_normalized"":""bea.barkley@silvercollar.example"",""email_original"":""bea.barkley@silvercollar.example"",""partial_identifier"":""PID-4A681B3"",""person_id"":""P-BEA"",""person_record_id"":""PR-BEA-03"",""phone_normalized"":""15550410"",""phone_original"":""+1-555-0410"",""recorded_at"":""2024-06-05"",""source_record_key"":""CORP_REGISTRY-P-BEA-3"",""source_system_id"":""CORP_REGISTRY""}",authoring/ceo_person_records.csv#PR-BEA-03,CORE_EVIDENCE,ce651470d47a845524e22978b16a3bc595ae028617415094e3966fc70f21515a,2026.07.19.2
CEO_BARKED_TWICE,PR-PENNY-01,PERSON_RECORD,,Penny Pug,HR,authoring/ceo_person_records.csv,PR-PENNY-01,2024-06-18,,,,Penny Pug,"{""address_normalized"":""5 LEDGER WALK"",""address_original"":""5 Ledger Walk"",""content_role"":""CORE_EVIDENCE"",""display_name"":""Penny Pug"",""email_normalized"":""penny.pug@silvercollar.example"",""email_original"":""penny.pug@silvercollar.example"",""partial_identifier"":""PID-509446B"",""person_id"":""P-PENNY"",""person_record_id"":""PR-PENNY-01"",""phone_normalized"":""15550411"",""phone_original"":""+1-555-0411"",""recorded_at"":""2024-06-18"",""source_record_key"":""HR-P-PENNY-1"",""source_system_id"":""HR""}",authoring/ceo_person_records.csv#PR-PENNY-01,CORE_EVIDENCE,eafaac49fc17efdd485feb96ea4e7119456eaf04d65bb5b40ad8ba65493f315f,2026.07.19.2
CEO_BARKED_TWICE,PR-PENNY-02,PERSON_RECORD,,P. Pug,EMAIL,authoring/ceo_person_records.csv,PR-PENNY-02,2024-07-01,,,,P. Pug,"{""address_normalized"":""5 LEDGER WALK"",""address_original"":""5 Ledger Walk"",""content_role"":""CORE_EVIDENCE"",""display_name"":""P. Pug"",""email_normalized"":""penny.pug@silvercollar.example"",""email_original"":""penny.pug@silvercollar.example"",""partial_identifier"":""PID-85062EC"",""person_id"":""P-PENNY"",""person_record_id"":""PR-PENNY-02"",""phone_normalized"":""15550411"",""phone_original"":""+1-555-0411"",""recorded_at"":""2024-07-01"",""source_record_key"":""EMAIL-P-PENNY-2"",""source_system_id"":""EMAIL""}",authoring/ceo_person_records.csv#PR-PENNY-02,CORE_EVIDENCE,8a9128bb85d8efb00faf07215777d9cfa4494da73ee80669055a59eb7ef638c0,2026.07.19.2
CEO_BARKED_TWICE,PR-CONRAD-01,PERSON_RECORD,,Conrad Corgi,HR,authoring/ceo_person_records.csv,PR-CONRAD-01,2024-07-14,,,,Conrad Corgi,"{""address_normalized"":""6 TREASURY TERRACE"",""address_original"":""6 Treasury Terrace"",""content_role"":""CORE_EVIDENCE"",""display_name"":""Conrad Corgi"",""email_normalized"":""conrad.corgi@silvercollar.example"",""email_original"":""conrad.corgi@silvercollar.example"",""partial_identifier"":""PID-AEB6976"",""person_id"":""P-CONRAD"",""person_record_id"":""PR-CONRAD-01"",""phone_normalized"":""15550412"",""phone_original"":""+1-555-0412"",""recorded_at"":""2024-07-14"",""source_record_key"":""HR-P-CONRAD-1"",""source_system_id"":""HR""}",authoring/ceo_person_records.csv#PR-CONRAD-01,CORE_EVIDENCE,c9cc24b593a5d4e390102a3c62e5aac0075026bc7a441186dee5e29a3ac831ea,2026.07.19.2
CEO_BARKED_TWICE,PR-CONRAD-02,PERSON_RECORD,,C. Corgi,EMAIL,authoring/ceo_person_records.csv,PR-CONRAD-02,2024-07-27,,,,C. Corgi,"{""address_normalized"":""6 TREASURY TERRACE"",""address_original"":""6 Treasury Terrace"",""content_role"":""CORE_EVIDENCE"",""display_name"":""C. Corgi"",""email_normalized"":""conrad.corgi@silvercollar.example"",""email_original"":""conrad.corgi@silvercollar.example"",""partial_identifier"":""PID-14BF556"",""person_id"":""P-CONRAD"",""person_record_id"":""PR-CONRAD-02"",""phone_normalized"":""15550412"",""phone_original"":""+1-555-0412"",""recorded_at"":""2024-07-27"",""source_record_key"":""EMAIL-P-CONRAD-2"",""source_system_id"":""EMAIL""}",authoring/ceo_person_records.csv#PR-CONRAD-02,CORE_EVIDENCE,2746c9ef6d81719de1e3b331f3b90507cacf71005ae7632cae10df749c0b65f8,2026.07.19.2
CEO_BARKED_TWICE,PR-OWEN-01,PERSON_RECORD,,Owen Old English Sheepdog,VENDOR_MASTER,authoring/ceo_person_records.csv,PR-OWEN-01,2024-08-09,,,,Owen Old English Sheepdog,"{""address_normalized"":""25 COPPER QUAY"",""address_original"":""25 Copper Quay"",""content_role"":""CORE_EVIDENCE"",""display_name"":""Owen Old English Sheepdog"",""email_normalized"":""owen@copperpaw.example"",""email_original"":""owen@copperpaw.example"",""partial_identifier"":""PID-20F99E5"",""person_id"":""P-OWEN"",""person_record_id"":""PR-OWEN-01"",""phone_normalized"":""15550420"",""phone_original"":""+1-555-0420"",""recorded_at"":""2024-08-09"",""source_record_key"":""VENDOR_MASTER-P-OWEN-1"",""source_system_id"":""VENDOR_MASTER""}",authoring/ceo_person_records.csv#PR-OWEN-01,CORE_EVIDENCE,33259cc5911ce0e1c937a52adb89b91775c365d8dc5ae3239a02386eadebcea9,2026.07.19.2
CEO_BARKED_TWICE,PR-OWEN-02,PERSON_RECORD,,O. Sheepdog,EMAIL,authoring/ceo_person_records.csv,PR-OWEN-02,2024-08-22,,,,O. Sheepdog,"{""address_normalized"":""25 COPPER QUAY"",""address_original"":""25 Copper Quay"",""content_role"":""CORE_EVIDENCE"",""display_name"":""O. Sheepdog"",""email_normalized"":""owen@copperpaw.example"",""email_original"":""owen@copperpaw.example"",""partial_identifier"":""PID-DDCFCAA"",""person_id"":""P-OWEN"",""person_record_id"":""PR-OWEN-02"",""phone_normalized"":""15550420"",""phone_original"":""+1-555-0420"",""recorded_at"":""2024-08-22"",""source_record_key"":""EMAIL-P-OWEN-2"",""source_system_id"":""EMAIL""}",authoring/ceo_person_records.csv#PR-OWEN-02,CORE_EVIDENCE,163a306f4dfea6ed7e32a178eb5e513f4c5500eb1e51f7b28821047fc32e01a2,2026.07.19.2
CEO_BARKED_TWICE,PR-THEO-01,PERSON_RECORD,,Theo Terrier,HR,authoring/ceo_person_records.csv,PR-THEO-01,2024-09-04,,,,Theo Terrier,"{""address_normalized"":""7 FIREWALL CLOSE"",""address_original"":""7 Firewall Close"",""content_role"":""CORE_EVIDENCE"",""display_name"":""Theo Terrier"",""email_normalized"":""theo.terrier@silvercollar.example"",""email_original"":""theo.terrier@silvercollar.example"",""partial_identifier"":""PID-EABA299"",""person_id"":""P-THEO"",""person_record_id"":""PR-THEO-01"",""phone_normalized"":""15550413"",""phone_original"":""+1-555-0413"",""recorded_at"":""2024-09-04"",""source_record_key"":""HR-P-THEO-1"",""source_system_id"":""HR""}",authoring/ceo_person_records.csv#PR-THEO-01,CORE_EVIDENCE,c9d73c914e9939ed63ee514b2003e5889bbc92ddff7969cf4e69ceedb0c96ee8,2026.07.19.2
CEO_BARKED_TWICE,PR-THEO-02,PERSON_RECORD,,T. Terrier,MAIL_ADMIN,authoring/ceo_person_records.csv,PR-THEO-02,2024-09-17,,,,T. Terrier,"{""address_normalized"":""14 FOUNDRY SQUARE"",""address_original"":""14 Foundry Square"",""content_role"":""CORE_EVIDENCE"",""display_name"":""T. Terrier"",""email_normalized"":""theo.terrier@silvercollar.example"",""email_original"":""theo.terrier@silvercollar.example"",""partial_identifier"":""PID-F1A0995"",""person_id"":""P-THEO"",""person_record_id"":""PR-THEO-02"",""phone_normalized"":""15550413"",""phone_original"":""+1-555-0413"",""recorded_at"":""2024-09-17"",""source_record_key"":""MAIL_ADMIN-P-THEO-2"",""source_system_id"":""MAIL_ADMIN""}",authoring/ceo_person_records.csv#PR-THEO-02,CORE_EVIDENCE,40615d6afa1da565801950d6874fcc196791738c2315e50ede73ebd296f06b86,2026.07.19.2
CEO_BARKED_TWICE,PR-VICTOR-01,PERSON_RECORD,,Victor Vizsla,VENDOR_MASTER,authoring/ceo_person_records.csv,PR-VICTOR-01,2024-09-30,,,,Victor Vizsla,"{""address_normalized"":""26 COPPER QUAY"",""address_original"":""26 Copper Quay"",""content_role"":""CORE_EVIDENCE"",""display_name"":""Victor Vizsla"",""email_normalized"":""victor.vizsla@copperpaw.example"",""email_original"":""victor.vizsla@copperpaw.example"",""partial_identifier"":""PID-5517115"",""person_id"":""P-VICTOR"",""person_record_id"":""PR-VICTOR-01"",""phone_normalized"":""15550421"",""phone_original"":""+1-555-0421"",""recorded_at"":""2024-09-30"",""source_record_key"":""VENDOR_MASTER-P-VICTOR-1"",""source_system_id"":""VENDOR_MASTER""}",authoring/ceo_person_records.csv#PR-VICTOR-01,CORE_EVIDENCE,884550473f682256640b488f0e944739b3df35e24e9ec48a4727af76a4f5c07f,2026.07.19.2
CEO_BARKED_TWICE,PR-VICTOR-02,PERSON_RECORD,,V. Vizsla,EMAIL,authoring/ceo_person_records.csv,PR-VICTOR-02,2024-10-13,,,,V. Vizsla,"{""address_normalized"":""26 COPPER QUAY"",""address_original"":""26 Copper Quay"",""content_role"":""CORE_EVIDENCE"",""display_name"":""V. Vizsla"",""email_normalized"":""victor.vizsla@copperpaw.example"",""email_original"":""victor.vizsla@copperpaw.example"",""partial_identifier"":""PID-170B76D"",""person_id"":""P-VICTOR"",""person_record_id"":""PR-VICTOR-02"",""phone_normalized"":""15550421"",""phone_original"":""+1-555-0421"",""recorded_at"":""2024-10-13"",""source_record_key"":""EMAIL-P-VICTOR-2"",""source_system_id"":""EMAIL""}",authoring/ceo_person_records.csv#PR-VICTOR-02,CORE_EVIDENCE,4d995b7636793d79ad1daacb56f1d25cb83a609ffacfc90de31d43214ef4ea21,2026.07.19.2
CEO_BARKED_TWICE,PR-MABEL-01,PERSON_RECORD,,Mabel Mastiff,BANK_KYC,authoring/ceo_person_records.csv,PR-MABEL-01,2024-10-26,,,,Mabel Mastiff,"{""address_normalized"":""100 LANTERN PLAZA"",""address_original"":""100 Lantern Plaza"",""content_role"":""BACKGROUND"",""display_name"":""Mabel Mastiff"",""email_normalized"":""mabel.mastiff@lanternbank.example"",""email_original"":""mabel.mastiff@lanternbank.example"",""partial_identifier"":""PID-422E41F"",""person_id"":""P-MABEL"",""person_record_id"":""PR-MABEL-01"",""phone_normalized"":""15550430"",""phone_original"":""+1-555-0430"",""recorded_at"":""2024-10-26"",""source_record_key"":""BANK_KYC-P-MABEL-1"",""source_system_id"":""BANK_KYC""}",authoring/ceo_person_records.csv#PR-MABEL-01,BACKGROUND,933319da367deeb07b161a837b115d46bc468a84d4dce3b897cef755e9c337c7,2026.07.19.2
CEO_BARKED_TWICE,PR-IDA-01,PERSON_RECORD,,Ida Irish Setter,HR,authoring/ceo_person_records.csv,PR-IDA-01,2024-11-08,,,,Ida Irish Setter,"{""address_normalized"":""8 PROCUREMENT PLACE"",""address_original"":""8 Procurement Place"",""content_role"":""BACKGROUND"",""display_name"":""Ida Irish Setter"",""email_normalized"":""ida.setter@silvercollar.example"",""email_original"":""ida.setter@silvercollar.example"",""partial_identifier"":""PID-CA390D5"",""person_id"":""P-IDA"",""person_record_id"":""PR-IDA-01"",""phone_normalized"":""15550414"",""phone_original"":""+1-555-0414"",""recorded_at"":""2024-11-08"",""source_record_key"":""HR-P-IDA-1"",""source_system_id"":""HR""}",authoring/ceo_person_records.csv#PR-IDA-01,BACKGROUND,5d13102814f8ec25093be354c3f0db7f0ee44a9d449ce80ea5816d7b1a95a10a,2026.07.19.2
CEO_BARKED_TWICE,PR-RHEA-01,PERSON_RECORD,,Rhea Retriever,AUDIT_FILE,authoring/ceo_person_records.csv,PR-RHEA-01,2024-11-21,,,,Rhea Retriever,"{""address_normalized"":""3 AUDIT ARCADE"",""address_original"":""3 Audit Arcade"",""content_role"":""BACKGROUND"",""display_name"":""Rhea Retriever"",""email_normalized"":""rhea@retrieveledger.example"",""email_original"":""rhea@retrieveledger.example"",""partial_identifier"":""PID-E4A9A16"",""person_id"":""P-RHEA"",""person_record_id"":""PR-RHEA-01"",""phone_normalized"":""15550431"",""phone_original"":""+1-555-0431"",""recorded_at"":""2024-11-21"",""source_record_key"":""AUDIT_FILE-P-RHEA-1"",""source_system_id"":""AUDIT_FILE""}",authoring/ceo_person_records.csv#PR-RHEA-01,BACKGROUND,37b43a5ff6d09c1fdf51ca03ea875fd49a7cdec02633eae3f380391e881955e4,2026.07.19.2
CEO_BARKED_TWICE,PR-BEA-04,PERSON_RECORD,,B. A. Barkley,DOCUMENT_REPOSITORY,authoring/ceo_person_records.csv,PR-BEA-04,2025-06-17,,,,B. A. Barkley,"{""address_normalized"":""14 FOUNDRY SQUARE"",""address_original"":""14 Foundry Square"",""content_role"":""CORE_EVIDENCE"",""display_name"":""B. A. Barkley"",""email_normalized"":""bea.barkley@silvercollar.example"",""email_original"":""bea.barkley@silvercollar.example"",""partial_identifier"":""PID-84FE3EC"",""person_id"":""P-BEA"",""person_record_id"":""PR-BEA-04"",""phone_normalized"":""15550410"",""phone_original"":""+1-555-0410"",""recorded_at"":""2025-06-17"",""source_record_key"":""DOCUMENT_REPOSITORY-P-BEA-4"",""source_system_id"":""DOCUMENT_REPOSITORY""}",authoring/ceo_person_records.csv#PR-BEA-04,CORE_EVIDENCE,5956fb6c69420d7002bbf8309d6b40bf1477472523f2c1733f40252c926fc266,2026.07.19.2
CEO_BARKED_TWICE,PR-PENNY-03,PERSON_RECORD,,p.pug,MAIL_ADMIN,authoring/ceo_person_records.csv,PR-PENNY-03,2025-06-30,,,,p.pug,"{""address_normalized"":""14 FOUNDRY SQUARE"",""address_original"":""14 Foundry Square"",""content_role"":""CORE_EVIDENCE"",""display_name"":""p.pug"",""email_normalized"":""penny.pug@silvercollar.example"",""email_original"":""penny.pug@silvercollar.example"",""partial_identifier"":""PID-ABAF797"",""person_id"":""P-PENNY"",""person_record_id"":""PR-PENNY-03"",""phone_normalized"":""15550411"",""phone_original"":""+1-555-0411"",""recorded_at"":""2025-06-30"",""source_record_key"":""MAIL_ADMIN-P-PENNY-3"",""source_system_id"":""MAIL_ADMIN""}",authoring/ceo_person_records.csv#PR-PENNY-03,CORE_EVIDENCE,25ff736e53a0c5e18c5d102ab81864f5e83f0dcd59bd9cc46435667ac50ee50f,2026.07.19.2
CEO_BARKED_TWICE,PR-CONRAD-03,PERSON_RECORD,,Conrad J. Corgi,BANK_KYC,authoring/ceo_person_records.csv,PR-CONRAD-03,2025-07-13,,,,Conrad J. Corgi,"{""address_normalized"":""6 TREASURY TERRACE"",""address_original"":""6 Treasury Terrace"",""content_role"":""CORE_EVIDENCE"",""display_name"":""Conrad J. Corgi"",""email_normalized"":""conrad.corgi@silvercollar.example"",""email_original"":""conrad.corgi@silvercollar.example"",""partial_identifier"":""PID-88E9AA4"",""person_id"":""P-CONRAD"",""person_record_id"":""PR-CONRAD-03"",""phone_normalized"":""15550412"",""phone_original"":""+1-555-0412"",""recorded_at"":""2025-07-13"",""source_record_key"":""BANK_KYC-P-CONRAD-3"",""source_system_id"":""BANK_KYC""}",authoring/ceo_person_records.csv#PR-CONRAD-03,CORE_EVIDENCE,f3d5f755283d80c49e93a760ef7a84cd793c8fca607b0cd03acbb7c2fc107346,2026.07.19.2
CEO_BARKED_TWICE,PO-26001,PURCHASE_ORDER,,precision bearings,AUTHORING,authoring/ceo_purchase_orders.csv,PO-26001,2025-07-01T00:00:00Z,,,CLOSED,precision bearings,"{""amount"":""85000.00"",""approved_by_record_id"":""PR-CONRAD-01"",""buyer_organization_record_id"":""OR-SCC-01"",""content_role"":""BACKGROUND"",""cost_center"":""CC-200"",""created_at"":""2025-07-01T00:00:00Z"",""currency"":""BSC"",""description"":""precision bearings"",""purchase_order_id"":""PO-26001"",""requested_by_record_id"":""PR-IDA-01"",""status"":""CLOSED"",""vendor_organization_record_id"":""OR-COPPER-01""}",authoring/ceo_purchase_orders.csv#PO-26001,BACKGROUND,75fc9d598a3c10067bef8c7c1116e2a1a5e070d2b99837ed62ab31fa0daf2893,2026.07.19.2
CEO_BARKED_TWICE,PO-26002,PURCHASE_ORDER,,motor housings,AUTHORING,authoring/ceo_purchase_orders.csv,PO-26002,2025-07-06T00:00:00Z,,,CLOSED,motor housings,"{""amount"":""102000.00"",""approved_by_record_id"":""PR-CONRAD-01"",""buyer_organization_record_id"":""OR-SCC-01"",""content_role"":""BACKGROUND"",""cost_center"":""CC-201"",""created_at"":""2025-07-06T00:00:00Z"",""currency"":""BSC"",""description"":""motor housings"",""purchase_order_id"":""PO-26002"",""requested_by_record_id"":""PR-IDA-01"",""status"":""CLOSED"",""vendor_organization_record_id"":""OR-IRON-01""}",authoring/ceo_purchase_orders.csv#PO-26002,BACKGROUND,6c2613b808cb97429213cd3b9d4e37f5af3d268ca423af7848e6b304a5e49508,2026.07.19.2
CEO_BARKED_TWICE,PO-26003,PURCHASE_ORDER,,control relays,AUTHORING,authoring/ceo_purchase_orders.csv,PO-26003,2025-07-11T00:00:00Z,,,CLOSED,control relays,"{""amount"":""119000.00"",""approved_by_record_id"":""PR-CONRAD-01"",""buyer_organization_record_id"":""OR-SCC-01"",""content_role"":""BACKGROUND"",""cost_center"":""CC-202"",""created_at"":""2025-07-11T00:00:00Z"",""currency"":""BSC"",""description"":""control relays"",""purchase_order_id"":""PO-26003"",""requested_by_record_id"":""PR-IDA-01"",""status"":""CLOSED"",""vendor_organization_record_id"":""OR-WIRE-01""}",authoring/ceo_purchase_orders.csv#PO-26003,BACKGROUND,83a5e9d7e1d9702cd6e2ae684750ce3d6a81d9b2afbec75604fb6283d6e41c78,2026.07.19.2
CEO_BARKED_TWICE,PO-26004,PURCHASE_ORDER,,freight services,AUTHORING,authoring/ceo_purchase_orders.csv,PO-26004,2025-07-16T00:00:00Z,,,CLOSED,freight services,"{""amount"":""136000.00"",""approved_by_record_id"":""PR-CONRAD-01"",""buyer_organization_record_id"":""OR-SCC-01"",""content_role"":""BACKGROUND"",""cost_center"":""CC-203"",""created_at"":""2025-07-16T00:00:00Z"",""currency"":""BSC"",""description"":""freight services"",""purchase_order_id"":""PO-26004"",""requested_by_record_id"":""PR-IDA-01"",""status"":""CLOSED"",""vendor_organization_record_id"":""OR-TAIL-01""}",authoring/ceo_purchase_orders.csv#PO-26004,BACKGROUND,57bfd23a89b4ec8883ecdc31eb03fad1b59f2257d5e5c4037d65e18a7ab810b5,2026.07.19.2
CEO_BARKED_TWICE,PO-26005,PURCHASE_ORDER,,packaging reels,AUTHORING,authoring/ceo_purchase_orders.csv,PO-26005,2025-07-21T00:00:00Z,,,CLOSED,packaging reels,"{""amount"":""153000.00"",""approved_by_record_id"":""PR-CONRAD-01"",""buyer_organization_record_id"":""OR-SCC-01"",""content_role"":""CORE_EVIDENCE"",""cost_center"":""CC-204"",""created_at"":""2025-07-21T00:00:00Z"",""currency"":""BSC"",""description"":""packaging reels"",""purchase_order_id"":""PO-26005"",""requested_by_record_id"":""PR-IDA-01"",""status"":""CLOSED"",""vendor_organization_record_id"":""OR-COPPER-01""}",authoring/ceo_purchase_orders.csv#PO-26005,CORE_EVIDENCE,baf489c6b4b5cf52952e37f16293eee80d8feaabd91b4a14c22c59b2787c0dff,2026.07.19.2
CEO_BARKED_TWICE,PO-26006,PURCHASE_ORDER,,office systems,AUTHORING,authoring/ceo_purchase_orders.csv,PO-26006,2025-07-26T00:00:00Z,,,CLOSED,office systems,"{""amount"":""170000.00"",""approved_by_record_id"":""PR-CONRAD-01"",""buyer_organization_record_id"":""OR-SCC-01"",""content_role"":""BACKGROUND"",""cost_center"":""CC-205"",""created_at"":""2025-07-26T00:00:00Z"",""currency"":""BSC"",""description"":""office systems"",""purchase_order_id"":""PO-26006"",""requested_by_record_id"":""PR-IDA-01"",""status"":""CLOSED"",""vendor_organization_record_id"":""OR-HOUNDOFF-01""}",authoring/ceo_purchase_orders.csv#PO-26006,BACKGROUND,1a75269eb38b066f554d17bb4027b2effda0df4bc50e026dd67252fefff3f683,2026.07.19.2
CEO_BARKED_TWICE,PO-26007,PURCHASE_ORDER,,robotic grippers,AUTHORING,authoring/ceo_purchase_orders.csv,PO-26007,2025-07-31T00:00:00Z,,,CLOSED,robotic grippers,"{""amount"":""187000.00"",""approved_by_record_id"":""PR-CONRAD-01"",""buyer_organization_record_id"":""OR-SCC-01"",""content_role"":""BACKGROUND"",""cost_center"":""CC-206"",""created_at"":""2025-07-31T00:00:00Z"",""currency"":""BSC"",""description"":""robotic grippers"",""purchase_order_id"":""PO-26007"",""requested_by_record_id"":""PR-IDA-01"",""status"":""CLOSED"",""vendor_organization_record_id"":""OR-RETRIEVER-01""}",authoring/ceo_purchase_orders.csv#PO-26007,BACKGROUND,f2abeca3699e3c00bfdb86b06851e60751511b6d3febc1fa0fdd387447d77641,2026.07.19.2
CEO_BARKED_TWICE,PO-26008,PURCHASE_ORDER,,precision bearings,AUTHORING,authoring/ceo_purchase_orders.csv,PO-26008,2025-08-05T00:00:00Z,,,CLOSED,precision bearings,"{""amount"":""204000.00"",""approved_by_record_id"":""PR-CONRAD-01"",""buyer_organization_record_id"":""OR-SCC-01"",""content_role"":""BACKGROUND"",""cost_center"":""CC-207"",""created_at"":""2025-08-05T00:00:00Z"",""currency"":""BSC"",""description"":""precision bearings"",""purchase_order_id"":""PO-26008"",""requested_by_record_id"":""PR-IDA-01"",""status"":""CLOSED"",""vendor_organization_record_id"":""OR-COPPER-01""}",authoring/ceo_purchase_orders.csv#PO-26008,BACKGROUND,490a90c456b0e5f0c6ed676c2a790e3fcc5cebe15c38e7e12917b52f14f1ba11,2026.07.19.2
CEO_BARKED_TWICE,PO-26009,PURCHASE_ORDER,,motor housings,AUTHORING,authoring/ceo_purchase_orders.csv,PO-26009,2025-08-10T00:00:00Z,,,CLOSED,motor housings,"{""amount"":""221000.00"",""approved_by_record_id"":""PR-CONRAD-01"",""buyer_organization_record_id"":""OR-SCC-01"",""content_role"":""BACKGROUND"",""cost_center"":""CC-200"",""created_at"":""2025-08-10T00:00:00Z"",""currency"":""BSC"",""description"":""motor housings"",""purchase_order_id"":""PO-26009"",""requested_by_record_id"":""PR-IDA-01"",""status"":""CLOSED"",""vendor_organization_record_id"":""OR-IRON-01""}",authoring/ceo_purchase_orders.csv#PO-26009,BACKGROUND,54db50b7afcf6926f995b8e8a03c70fc5f6c316dca808e6e732206e719a1051c,2026.07.19.2
CEO_BARKED_TWICE,PO-26010,PURCHASE_ORDER,,control relays,AUTHORING,authoring/ceo_purchase_orders.csv,PO-26010,2025-08-15T00:00:00Z,,,CLOSED,control relays,"{""amount"":""85000.00"",""approved_by_record_id"":""PR-CONRAD-01"",""buyer_organization_record_id"":""OR-SCC-01"",""content_role"":""BACKGROUND"",""cost_center"":""CC-201"",""created_at"":""2025-08-15T00:00:00Z"",""currency"":""BSC"",""description"":""control relays"",""purchase_order_id"":""PO-26010"",""requested_by_record_id"":""PR-IDA-01"",""status"":""CLOSED"",""vendor_organization_record_id"":""OR-WIRE-01""}",authoring/ceo_purchase_orders.csv#PO-26010,BACKGROUND,b737bd42c01d8378f8a9c6a6f677ff776380b232c4fab7a6ff963aecb6f4e45a,2026.07.19.2
CEO_BARKED_TWICE,PO-26011,PURCHASE_ORDER,,freight services,AUTHORING,authoring/ceo_purchase_orders.csv,PO-26011,2025-08-20T00:00:00Z,,,CLOSED,freight services,"{""amount"":""111000.00"",""approved_by_record_id"":""PR-CONRAD-01"",""buyer_organization_record_id"":""OR-SCC-01"",""content_role"":""BACKGROUND"",""cost_center"":""CC-202"",""created_at"":""2025-08-20T00:00:00Z"",""currency"":""BSC"",""description"":""freight services"",""purchase_order_id"":""PO-26011"",""requested_by_record_id"":""PR-IDA-01"",""status"":""CLOSED"",""vendor_organization_record_id"":""OR-TAIL-01""}",authoring/ceo_purchase_orders.csv#PO-26011,BACKGROUND,59cc647a07d6adaa39811f57de2a11450335f9296d1c90a6f969fd890b0d821c,2026.07.19.2
CEO_BARKED_TWICE,PO-26012,PURCHASE_ORDER,,packaging reels,AUTHORING,authoring/ceo_purchase_orders.csv,PO-26012,2025-08-25T00:00:00Z,,,CLOSED,packaging reels,"{""amount"":""128000.00"",""approved_by_record_id"":""PR-CONRAD-01"",""buyer_organization_record_id"":""OR-SCC-01"",""content_role"":""BACKGROUND"",""cost_center"":""CC-203"",""created_at"":""2025-08-25T00:00:00Z"",""currency"":""BSC"",""description"":""packaging reels"",""purchase_order_id"":""PO-26012"",""requested_by_record_id"":""PR-IDA-01"",""status"":""CLOSED"",""vendor_organization_record_id"":""OR-BLUEBOWL-01""}",authoring/ceo_purchase_orders.csv#PO-26012,BACKGROUND,9d0a6145e678a68834e3ab761a8ef23bfb5d5e31f5930017a0c6dbae5218cc82,2026.07.19.2
CEO_BARKED_TWICE,PO-26013,PURCHASE_ORDER,,office systems,AUTHORING,authoring/ceo_purchase_orders.csv,PO-26013,2025-08-30T00:00:00Z,,,CLOSED,office systems,"{""amount"":""145000.00"",""approved_by_record_id"":""PR-CONRAD-01"",""buyer_organization_record_id"":""OR-SCC-01"",""content_role"":""CORE_EVIDENCE"",""cost_center"":""CC-204"",""created_at"":""2025-08-30T00:00:00Z"",""currency"":""BSC"",""description"":""office systems"",""purchase_order_id"":""PO-26013"",""requested_by_record_id"":""PR-IDA-01"",""status"":""CLOSED"",""vendor_organization_record_id"":""OR-COPPER-01""}",authoring/ceo_purchase_orders.csv#PO-26013,CORE_EVIDENCE,0e9ba53ab78133e829ba300e745fe6cc5eea1b7c87aa4ab25c90d863a2009fa2,2026.07.19.2
CEO_BARKED_TWICE,PO-26014,PURCHASE_ORDER,,robotic grippers,AUTHORING,authoring/ceo_purchase_orders.csv,PO-26014,2025-09-04T00:00:00Z,,,CLOSED,robotic grippers,"{""amount"":""162000.00"",""approved_by_record_id"":""PR-CONRAD-01"",""buyer_organization_record_id"":""OR-SCC-01"",""content_role"":""BACKGROUND"",""cost_center"":""CC-205"",""created_at"":""2025-09-04T00:00:00Z"",""currency"":""BSC"",""description"":""robotic grippers"",""purchase_order_id"":""PO-26014"",""requested_by_record_id"":""PR-IDA-01"",""status"":""CLOSED"",""vendor_organization_record_id"":""OR-RETRIEVER-01""}",authoring/ceo_purchase_orders.csv#PO-26014,BACKGROUND,dcea4ab22930058d42b9a7d65bdf4acfdda755a4202976610b647b655190dcad,2026.07.19.2
CEO_BARKED_TWICE,PO-26015,PURCHASE_ORDER,,precision bearings,AUTHORING,authoring/ceo_purchase_orders.csv,PO-26015,2025-09-09T00:00:00Z,,,CLOSED,precision bearings,"{""amount"":""179000.00"",""approved_by_record_id"":""PR-CONRAD-01"",""buyer_organization_record_id"":""OR-SCC-01"",""content_role"":""BACKGROUND"",""cost_center"":""CC-206"",""created_at"":""2025-09-09T00:00:00Z"",""currency"":""BSC"",""description"":""precision bearings"",""purchase_order_id"":""PO-26015"",""requested_by_record_id"":""PR-IDA-01"",""status"":""CLOSED"",""vendor_organization_record_id"":""OR-COPPER-01""}",authoring/ceo_purchase_orders.csv#PO-26015,BACKGROUND,9b36d13c6e87356c590b74c2604dce0d22761fa761ab8724666cd2f76e2a2ae2,2026.07.19.2
CEO_BARKED_TWICE,PO-26016,PURCHASE_ORDER,,motor housings,AUTHORING,authoring/ceo_purchase_orders.csv,PO-26016,2025-09-14T00:00:00Z,,,CLOSED,motor housings,"{""amount"":""196000.00"",""approved_by_record_id"":""PR-CONRAD-01"",""buyer_organization_record_id"":""OR-SCC-01"",""content_role"":""BACKGROUND"",""cost_center"":""CC-207"",""created_at"":""2025-09-14T00:00:00Z"",""currency"":""BSC"",""description"":""motor housings"",""purchase_order_id"":""PO-26016"",""requested_by_record_id"":""PR-IDA-01"",""status"":""CLOSED"",""vendor_organization_record_id"":""OR-IRON-01""}",authoring/ceo_purchase_orders.csv#PO-26016,BACKGROUND,b1f1c2686f5b6a775c6253687cbee59d5e7f57ebb346af2032b94a5fbccbdc11,2026.07.19.2
CEO_BARKED_TWICE,PO-26017,PURCHASE_ORDER,,control relays,AUTHORING,authoring/ceo_purchase_orders.csv,PO-26017,2025-09-19T00:00:00Z,,,CLOSED,control relays,"{""amount"":""213000.00"",""approved_by_record_id"":""PR-CONRAD-01"",""buyer_organization_record_id"":""OR-SCC-01"",""content_role"":""BACKGROUND"",""cost_center"":""CC-200"",""created_at"":""2025-09-19T00:00:00Z"",""currency"":""BSC"",""description"":""control relays"",""purchase_order_id"":""PO-26017"",""requested_by_record_id"":""PR-IDA-01"",""status"":""CLOSED"",""vendor_organization_record_id"":""OR-WIRE-01""}",authoring/ceo_purchase_orders.csv#PO-26017,BACKGROUND,ee68ffac75bc9c6bb025d52510b640c17d5a309f3e9ba95ae106becdb950c742,2026.07.19.2
CEO_BARKED_TWICE,PO-26018,PURCHASE_ORDER,,freight services,AUTHORING,authoring/ceo_purchase_orders.csv,PO-26018,2025-09-24T00:00:00Z,,,CLOSED,freight services,"{""amount"":""230000.00"",""approved_by_record_id"":""PR-CONRAD-01"",""buyer_organization_record_id"":""OR-SCC-01"",""content_role"":""BACKGROUND"",""cost_center"":""CC-201"",""created_at"":""2025-09-24T00:00:00Z"",""currency"":""BSC"",""description"":""freight services"",""purchase_order_id"":""PO-26018"",""requested_by_record_id"":""PR-IDA-01"",""status"":""CLOSED"",""vendor_organization_record_id"":""OR-TAIL-01""}",authoring/ceo_purchase_orders.csv#PO-26018,BACKGROUND,3feab28a4f8b7fec9d30f8a02eb173dbae5b409775406a86f505be260b3a83a5,2026.07.19.2
CEO_BARKED_TWICE,TX-FRAUD-001,TRANSACTION,WIRE_PAYMENT,CPI-1048,BANK_LEDGER,authoring/ceo_transactions.csv,TX-FRAUD-001,2026-02-10T14:00:00Z,,,SETTLED,CPI-1048,"{""amount"":""420000.00"",""approved_by_record_id"":""PR-CONRAD-01"",""content_role"":""CORE_EVIDENCE"",""currency"":""BSC"",""destination_account_id"":""A-NIGHTJAR-8842"",""entered_by_record_id"":""PR-PENNY-01"",""invoice_id"":""INV-COPPER-1048-F"",""occurred_at"":""2026-02-10T14:00:00Z"",""purchase_order_id"":""PO-26005"",""reference"":""CPI-1048"",""reversed_transaction_id"":"""",""source_account_id"":""A-SCC-1001"",""source_system_id"":""BANK_LEDGER"",""status"":""SETTLED"",""transaction_id"":""TX-FRAUD-001"",""transaction_type"":""WIRE_PAYMENT""}",authoring/ceo_transactions.csv#TX-FRAUD-001,CORE_EVIDENCE,1fa64f447a919648294a4a83cb814dcc54091733cb6ceb1a878ff0b816d23c86,2026.07.19.2
CEO_BARKED_TWICE,TX-FRAUD-002,TRANSACTION,MULE_TRANSFER,SPLIT-GRANT,BANK_LEDGER,authoring/ceo_transactions.csv,TX-FRAUD-002,2026-02-10T17:00:00Z,,,SETTLED,SPLIT-GRANT,"{""amount"":""130000.00"",""approved_by_record_id"":""PR-ROWAN-01"",""content_role"":""CORE_EVIDENCE"",""currency"":""BSC"",""destination_account_id"":""A-GRANT-7726"",""entered_by_record_id"":""PR-GRANT-01"",""invoice_id"":""INV-COPPER-1048-F"",""occurred_at"":""2026-02-10T17:00:00Z"",""purchase_order_id"":""PO-26005"",""reference"":""SPLIT-GRANT"",""reversed_transaction_id"":"""",""source_account_id"":""A-NIGHTJAR-8842"",""source_system_id"":""BANK_LEDGER"",""status"":""SETTLED"",""transaction_id"":""TX-FRAUD-002"",""transaction_type"":""MULE_TRANSFER""}",authoring/ceo_transactions.csv#TX-FRAUD-002,CORE_EVIDENCE,ff475e5b0ce6c5bbe61cb91011a639d2b7e2d16e8a1028404269b37e8ce1d32b,2026.07.19.2
CEO_BARKED_TWICE,TX-FRAUD-003,TRANSACTION,PERSONAL_TRANSFER,SPLIT-ROWAN,BANK_LEDGER,authoring/ceo_transactions.csv,TX-FRAUD-003,2026-02-10T18:00:00Z,,,SETTLED,SPLIT-ROWAN,"{""amount"":""90000.00"",""approved_by_record_id"":""PR-ROWAN-01"",""content_role"":""CORE_EVIDENCE"",""currency"":""BSC"",""destination_account_id"":""A-ROWAN-3351"",""entered_by_record_id"":""PR-GRANT-01"",""invoice_id"":""INV-COPPER-1048-F"",""occurred_at"":""2026-02-10T18:00:00Z"",""purchase_order_id"":""PO-26005"",""reference"":""SPLIT-ROWAN"",""reversed_transaction_id"":"""",""source_account_id"":""A-NIGHTJAR-8842"",""source_system_id"":""BANK_LEDGER"",""status"":""SETTLED"",""transaction_id"":""TX-FRAUD-003"",""transaction_type"":""PERSONAL_TRANSFER""}",authoring/ceo_transactions.csv#TX-FRAUD-003,CORE_EVIDENCE,a502c459b69c9a539469c79c134c3d3d13b5a93a86c647f5af029c709917bebd,2026.07.19.2
CEO_BARKED_TWICE,TX-FRAUD-004,TRANSACTION,PERSONAL_TRANSFER,SPLIT-IVY,BANK_LEDGER,authoring/ceo_transactions.csv,TX-FRAUD-004,2026-02-10T19:00:00Z,,,SETTLED,SPLIT-IVY,"{""amount"":""65000.00"",""approved_by_record_id"":""PR-ROWAN-01"",""content_role"":""CORE_EVIDENCE"",""currency"":""BSC"",""destination_account_id"":""A-IVY-9918"",""entered_by_record_id"":""PR-GRANT-01"",""invoice_id"":""INV-COPPER-1048-F"",""occurred_at"":""2026-02-10T19:00:00Z"",""purchase_order_id"":""PO-26005"",""reference"":""SPLIT-IVY"",""reversed_transaction_id"":"""",""source_account_id"":""A-NIGHTJAR-8842"",""source_system_id"":""BANK_LEDGER"",""status"":""SETTLED"",""transaction_id"":""TX-FRAUD-004"",""transaction_type"":""PERSONAL_TRANSFER""}",authoring/ceo_transactions.csv#TX-FRAUD-004,CORE_EVIDENCE,2c4a7bfc49fa3412dcc36d2d8f3cfa25d0e8baec1e6f4259d472668bebbc0cf2,2026.07.19.2
CEO_BARKED_TWICE,TX-FRAUD-005,TRANSACTION,REMITTANCE_TRANSFER,SPLIT-HARBOR,BANK_LEDGER,authoring/ceo_transactions.csv,TX-FRAUD-005,2026-02-10T20:00:00Z,,,SETTLED,SPLIT-HARBOR,"{""amount"":""135000.00"",""approved_by_record_id"":""PR-ROWAN-01"",""content_role"":""CORE_EVIDENCE"",""currency"":""BSC"",""destination_account_id"":""A-HARBOR-6104"",""entered_by_record_id"":""PR-GRANT-01"",""invoice_id"":""INV-COPPER-1048-F"",""occurred_at"":""2026-02-10T20:00:00Z"",""purchase_order_id"":""PO-26005"",""reference"":""SPLIT-HARBOR"",""reversed_transaction_id"":"""",""source_account_id"":""A-NIGHTJAR-8842"",""source_system_id"":""BANK_LEDGER"",""status"":""SETTLED"",""transaction_id"":""TX-FRAUD-005"",""transaction_type"":""REMITTANCE_TRANSFER""}",authoring/ceo_transactions.csv#TX-FRAUD-005,CORE_EVIDENCE,b1c4c0dd0769f0ba9d4724ea4eac9afd4fb8c03baa013f8f3cd07a54901c87cc,2026.07.19.2
CEO_BARKED_TWICE,TX-RECOVERY-001,TRANSACTION,FRAUD_HOLD,RECOVERY-HOLD,BANK_LEDGER,authoring/ceo_transactions.csv,TX-RECOVERY-001,2026-02-12T14:00:00Z,,,SETTLED,RECOVERY-HOLD,"{""amount"":""125000.00"",""approved_by_record_id"":""PR-MABEL-01"",""content_role"":""SUPPORTING_EVIDENCE"",""currency"":""BSC"",""destination_account_id"":""A-BANK-HOLD-9000"",""entered_by_record_id"":""PR-MABEL-01"",""invoice_id"":""INV-COPPER-1048-F"",""occurred_at"":""2026-02-12T14:00:00Z"",""purchase_order_id"":""PO-26005"",""reference"":""RECOVERY-HOLD"",""reversed_transaction_id"":"""",""source_account_id"":""A-HARBOR-6104"",""source_system_id"":""BANK_LEDGER"",""status"":""SETTLED"",""transaction_id"":""TX-RECOVERY-001"",""transaction_type"":""FRAUD_HOLD""}",authoring/ceo_transactions.csv#TX-RECOVERY-001,SUPPORTING_EVIDENCE,495b06a7da5cf9dce3ad8f34c01a1271b5888ae10fe47ddd1a0ca0fd0cc86742,2026.07.19.2
CEO_BARKED_TWICE,TX-HOLD-002,TRANSACTION,PAYMENT_HOLD,CPI-1059,BANK_LEDGER,authoring/ceo_transactions.csv,TX-HOLD-002,2026-02-18T16:00:00Z,,,HELD,CPI-1059,"{""amount"":""680000.00"",""approved_by_record_id"":""PR-CONRAD-01"",""content_role"":""CORE_EVIDENCE"",""currency"":""BSC"",""destination_account_id"":""A-BANK-HOLD-9000"",""entered_by_record_id"":""PR-PENNY-01"",""invoice_id"":""INV-COPPER-1059-F"",""occurred_at"":""2026-02-18T16:00:00Z"",""purchase_order_id"":""PO-26013"",""reference"":""CPI-1059"",""reversed_transaction_id"":"""",""source_account_id"":""A-SCC-1001"",""source_system_id"":""BANK_LEDGER"",""status"":""HELD"",""transaction_id"":""TX-HOLD-002"",""transaction_type"":""PAYMENT_HOLD""}",authoring/ceo_transactions.csv#TX-HOLD-002,CORE_EVIDENCE,9999c5c24729cea2ed392b300dac4450255e7c903d020ac1ae2faecfb95eba6f,2026.07.19.2
CEO_BARKED_TWICE,TX-RETURN-002,TRANSACTION,PAYMENT_RETURN,RETURN-CPI-1059,BANK_LEDGER,authoring/ceo_transactions.csv,TX-RETURN-002,2026-02-19T10:00:00Z,,,RETURNED,RETURN-CPI-1059,"{""amount"":""680000.00"",""approved_by_record_id"":""PR-MABEL-01"",""content_role"":""SUPPORTING_EVIDENCE"",""currency"":""BSC"",""destination_account_id"":""A-SCC-1001"",""entered_by_record_id"":""PR-MABEL-01"",""invoice_id"":""INV-COPPER-1059-F"",""occurred_at"":""2026-02-19T10:00:00Z"",""purchase_order_id"":""PO-26013"",""reference"":""RETURN-CPI-1059"",""reversed_transaction_id"":""TX-HOLD-002"",""source_account_id"":""A-BANK-HOLD-9000"",""source_system_id"":""BANK_LEDGER"",""status"":""RETURNED"",""transaction_id"":""TX-RETURN-002"",""transaction_type"":""PAYMENT_RETURN""}",authoring/ceo_transactions.csv#TX-RETURN-002,SUPPORTING_EVIDENCE,ea0567e5e955642a6358de76f42233ddeccb16fd040401d904e60d3482135c76,2026.07.19.2
CEO_BARKED_TWICE,TX-HOLD-003,TRANSACTION,PAYMENT_HOLD,CPI-1062,BANK_LEDGER,authoring/ceo_transactions.csv,TX-HOLD-003,2026-02-25T13:00:00Z,,,HELD,CPI-1062,"{""amount"":""155000.00"",""approved_by_record_id"":""PR-CONRAD-01"",""content_role"":""CORE_EVIDENCE"",""currency"":""BSC"",""destination_account_id"":""A-BANK-HOLD-9000"",""entered_by_record_id"":""PR-PENNY-01"",""invoice_id"":""INV-COPPER-1062-F"",""occurred_at"":""2026-02-25T13:00:00Z"",""purchase_order_id"":""PO-26021"",""reference"":""CPI-1062"",""reversed_transaction_id"":"""",""source_account_id"":""A-SCC-1001"",""source_system_id"":""BANK_LEDGER"",""status"":""HELD"",""transaction_id"":""TX-HOLD-003"",""transaction_type"":""PAYMENT_HOLD""}",authoring/ceo_transactions.csv#TX-HOLD-003,CORE_EVIDENCE,1d9ae32b83f0e51692c61839e28290801b556747318c8acdac957fde1d2892c8,2026.07.19.2
CEO_BARKED_TWICE,TX-RETURN-003,TRANSACTION,PAYMENT_RETURN,RETURN-CPI-1062,BANK_LEDGER,authoring/ceo_transactions.csv,TX-RETURN-003,2026-02-25T15:00:00Z,,,RETURNED,RETURN-CPI-1062,"{""amount"":""155000.00"",""approved_by_record_id"":""PR-MABEL-01"",""content_role"":""EXCULPATORY_EVIDENCE"",""currency"":""BSC"",""destination_account_id"":""A-SCC-1001"",""entered_by_record_id"":""PR-MABEL-01"",""invoice_id"":""INV-COPPER-1062-F"",""occurred_at"":""2026-02-25T15:00:00Z"",""purchase_order_id"":""PO-26021"",""reference"":""RETURN-CPI-1062"",""reversed_transaction_id"":""TX-HOLD-003"",""source_account_id"":""A-BANK-HOLD-9000"",""source_system_id"":""BANK_LEDGER"",""status"":""RETURNED"",""transaction_id"":""TX-RETURN-003"",""transaction_type"":""PAYMENT_RETURN""}",authoring/ceo_transactions.csv#TX-RETURN-003,EXCULPATORY_EVIDENCE,db4c165dcb540e53a1fb321e40a7f144ed89eb8522bbe748463a5b71dfa8503c,2026.07.19.2
CEO_BARKED_TWICE,TX-L1-001,TRANSACTION,VENDOR_PAYMENT,CPI-1048,BANK_LEDGER,authoring/ceo_transactions.csv,TX-L1-001,2025-08-01T00:00:00Z,,,SETTLED,CPI-1048,"{""amount"":""50000.00"",""approved_by_record_id"":""PR-CONRAD-01"",""content_role"":""BACKGROUND"",""currency"":""BSC"",""destination_account_id"":""A-NIGHTJAR-8842"",""entered_by_record_id"":""PR-PENNY-01"",""invoice_id"":""INV-COPPER-1048-F"",""occurred_at"":""2025-08-01T00:00:00Z"",""purchase_order_id"":""PO-26005"",""reference"":""CPI-1048"",""reversed_transaction_id"":"""",""source_account_id"":""A-SCC-1001"",""source_system_id"":""BANK_LEDGER"",""status"":""SETTLED"",""transaction_id"":""TX-L1-001"",""transaction_type"":""VENDOR_PAYMENT""}",authoring/ceo_transactions.csv#TX-L1-001,BACKGROUND,86561ee2f242209f0076d1a1eb244b0818442f40b3f70ac32e2f739533fdae90,2026.07.19.2
CEO_BARKED_TWICE,TX-L1-002,TRANSACTION,VENDOR_PAYMENT,CPI-1059,BANK_LEDGER,authoring/ceo_transactions.csv,TX-L1-002,2025-08-05T00:00:00Z,,,SETTLED,CPI-1059,"{""amount"":""59000.00"",""approved_by_record_id"":""PR-CONRAD-01"",""content_role"":""BACKGROUND"",""currency"":""BSC"",""destination_account_id"":""A-NIGHTJAR-8842"",""entered_by_record_id"":""PR-PENNY-01"",""invoice_id"":""INV-COPPER-1059-F"",""occurred_at"":""2025-08-05T00:00:00Z"",""purchase_order_id"":""PO-26013"",""reference"":""CPI-1059"",""reversed_transaction_id"":"""",""source_account_id"":""A-SCC-1001"",""source_system_id"":""BANK_LEDGER"",""status"":""SETTLED"",""transaction_id"":""TX-L1-002"",""transaction_type"":""VENDOR_PAYMENT""}",authoring/ceo_transactions.csv#TX-L1-002,BACKGROUND,3a1f5492d8ec074094447b0f62f8d575522d4a1762d50d56514730d7924c602f,2026.07.19.2
CEO_BARKED_TWICE,TX-L1-003,TRANSACTION,VENDOR_PAYMENT,COPPER-2025-1000,BANK_LEDGER,authoring/ceo_transactions.csv,TX-L1-003,2025-08-09T00:00:00Z,,,SETTLED,COPPER-2025-1000,"{""amount"":""68000.00"",""approved_by_record_id"":""PR-CONRAD-01"",""content_role"":""BACKGROUND"",""currency"":""BSC"",""destination_account_id"":""A-COPPER-2207"",""entered_by_record_id"":""PR-PENNY-01"",""invoice_id"":""INV-0001"",""occurred_at"":""2025-08-09T00:00:00Z"",""purchase_order_id"":""PO-26001"",""reference"":""COPPER-2025-1000"",""reversed_transaction_id"":"""",""source_account_id"":""A-SCC-1001"",""source_system_id"":""BANK_LEDGER"",""status"":""SETTLED"",""transaction_id"":""TX-L1-003"",""transaction_type"":""VENDOR_PAYMENT""}",authoring/ceo_transactions.csv#TX-L1-003,BACKGROUND,a80dc9a9b8b80d50c0bf2388d746476988831e1ed80345a2f8e548ebb7256d89,2026.07.19.2
CEO_BARKED_TWICE,TX-L1-004,TRANSACTION,VENDOR_PAYMENT,IRON-2025-1001,BANK_LEDGER,authoring/ceo_transactions.csv,TX-L1-004,2025-08-13T00:00:00Z,,,SETTLED,IRON-2025-1001,"{""amount"":""77000.00"",""approved_by_record_id"":""PR-CONRAD-01"",""content_role"":""BACKGROUND"",""currency"":""BSC"",""destination_account_id"":""A-IRON-3041"",""entered_by_record_id"":""PR-PENNY-01"",""invoice_id"":""INV-0002"",""occurred_at"":""2025-08-13T00:00:00Z"",""purchase_order_id"":""PO-26002"",""reference"":""IRON-2025-1001"",""reversed_transaction_id"":"""",""source_account_id"":""A-SCC-1001"",""source_system_id"":""BANK_LEDGER"",""status"":""SETTLED"",""transaction_id"":""TX-L1-004"",""transaction_type"":""VENDOR_PAYMENT""}",authoring/ceo_transactions.csv#TX-L1-004,BACKGROUND,287daecba2418ec0913217b844b8bd2fb82aea8e06b1e04d4d5a7b506efe2af9,2026.07.19.2
CEO_BARKED_TWICE,TX-L1-005,TRANSACTION,VENDOR_PAYMENT,WIRE-2025-1002,BANK_LEDGER,authoring/ceo_transactions.csv,TX-L1-005,2025-08-17T00:00:00Z,,,SETTLED,WIRE-2025-1002,"{""amount"":""86000.00"",""approved_by_record_id"":""PR-CONRAD-01"",""content_role"":""BACKGROUND"",""currency"":""BSC"",""destination_account_id"":""A-WIRE-3082"",""entered_by_record_id"":""PR-PENNY-01"",""invoice_id"":""INV-0003"",""occurred_at"":""2025-08-17T00:00:00Z"",""purchase_order_id"":""PO-26003"",""reference"":""WIRE-2025-1002"",""reversed_transaction_id"":"""",""source_account_id"":""A-SCC-1001"",""source_system_id"":""BANK_LEDGER"",""status"":""SETTLED"",""transaction_id"":""TX-L1-005"",""transaction_type"":""VENDOR_PAYMENT""}",authoring/ceo_transactions.csv#TX-L1-005,BACKGROUND,17230b94a5cf63f6e3ec4453c26cd43e4b5fc243d890db9182398a1ecd5696ed,2026.07.19.2
CEO_BARKED_TWICE,TX-L1-006,TRANSACTION,VENDOR_PAYMENT,TAIL-2025-1003,BANK_LEDGER,authoring/ceo_transactions.csv,TX-L1-006,2025-08-21T00:00:00Z,,,SETTLED,TAIL-2025-1003,"{""amount"":""95000.00"",""approved_by_record_id"":""PR-CONRAD-01"",""content_role"":""BACKGROUND"",""currency"":""BSC"",""destination_account_id"":""A-TAIL-3123"",""entered_by_record_id"":""PR-PENNY-01"",""invoice_id"":""INV-0004"",""occurred_at"":""2025-08-21T00:00:00Z"",""purchase_order_id"":""PO-26004"",""reference"":""TAIL-2025-1003"",""reversed_transaction_id"":"""",""source_account_id"":""A-SCC-1001"",""source_system_id"":""BANK_LEDGER"",""status"":""SETTLED"",""transaction_id"":""TX-L1-006"",""transaction_type"":""VENDOR_PAYMENT""}",authoring/ceo_transactions.csv#TX-L1-006,BACKGROUND,5613d047c845f543f113a6c90c01cf7cd5aaec521e724aefceca861dbac576a5,2026.07.19.2
CEO_BARKED_TWICE,TX-L1-007,TRANSACTION,VENDOR_PAYMENT,BLUEBOWL-2025-1004,BANK_LEDGER,authoring/ceo_transactions.csv,TX-L1-007,2025-08-25T00:00:00Z,,,SETTLED,BLUEBOWL-2025-1004,"{""amount"":""104000.00"",""approved_by_record_id"":""PR-CONRAD-01"",""content_role"":""BACKGROUND"",""currency"":""BSC"",""destination_account_id"":""A-BLUEBOWL-3164"",""entered_by_record_id"":""PR-PENNY-01"",""invoice_id"":""INV-0005"",""occurred_at"":""2025-08-25T00:00:00Z"",""purchase_order_id"":""PO-26005"",""reference"":""BLUEBOWL-2025-1004"",""reversed_transaction_id"":"""",""source_account_id"":""A-SCC-1001"",""source_system_id"":""BANK_LEDGER"",""status"":""SETTLED"",""transaction_id"":""TX-L1-007"",""transaction_type"":""VENDOR_PAYMENT""}",authoring/ceo_transactions.csv#TX-L1-007,BACKGROUND,45fcc3d479fe9aa9abf96b6e7ae018b6d73a8dd10fdeaba0cfcd275a49b47f33,2026.07.19.2
CEO_BARKED_TWICE,TX-L1-008,TRANSACTION,VENDOR_PAYMENT,HOUNDOFF-2025-1005,BANK_LEDGER,authoring/ceo_transactions.csv,TX-L1-008,2025-08-29T00:00:00Z,,,SETTLED,HOUNDOFF-2025-1005,"{""amount"":""50000.00"",""approved_by_record_id"":""PR-CONRAD-01"",""content_role"":""BACKGROUND"",""currency"":""BSC"",""destination_account_id"":""A-HOUNDOFF-3205"",""entered_by_record_id"":""PR-PENNY-01"",""invoice_id"":""INV-0006"",""occurred_at"":""2025-08-29T00:00:00Z"",""purchase_order_id"":""PO-26006"",""reference"":""HOUNDOFF-2025-1005"",""reversed_transaction_id"":"""",""source_account_id"":""A-SCC-1001"",""source_system_id"":""BANK_LEDGER"",""status"":""SETTLED"",""transaction_id"":""TX-L1-008"",""transaction_type"":""VENDOR_PAYMENT""}",authoring/ceo_transactions.csv#TX-L1-008,BACKGROUND,52cebac38f9a5078281de5fae7e7f591621527511510efc9bfbbd266a2d474a4,2026.07.19.2
CEO_BARKED_TWICE,TX-L1-009,TRANSACTION,VENDOR_PAYMENT,RETRIEVER-2025-1006,BANK_LEDGER,authoring/ceo_transactions.csv,TX-L1-009,2025-09-02T00:00:00Z,,,SETTLED,RETRIEVER-2025-1006,"{""amount"":""59000.00"",""approved_by_record_id"":""PR-CONRAD-01"",""content_role"":""BACKGROUND"",""currency"":""BSC"",""destination_account_id"":""A-RETRIEVER-3246"",""entered_by_record_id"":""PR-PENNY-01"",""invoice_id"":""INV-0007"",""occurred_at"":""2025-09-02T00:00:00Z"",""purchase_order_id"":""PO-26007"",""reference"":""RETRIEVER-2025-1006"",""reversed_transaction_id"":"""",""source_account_id"":""A-SCC-1001"",""source_system_id"":""BANK_LEDGER"",""status"":""SETTLED"",""transaction_id"":""TX-L1-009"",""transaction_type"":""VENDOR_PAYMENT""}",authoring/ceo_transactions.csv#TX-L1-009,BACKGROUND,bc644e1dc44ebbf080fc8e4b9c9d1a93d493346c2ad8dccea6a8bf5cc7c69cd4,2026.07.19.2
CEO_BARKED_TWICE,TX-L1-010,TRANSACTION,VENDOR_PAYMENT,COPPER-2025-1007,BANK_LEDGER,authoring/ceo_transactions.csv,TX-L1-010,2025-09-06T00:00:00Z,,,SETTLED,COPPER-2025-1007,"{""amount"":""68000.00"",""approved_by_record_id"":""PR-CONRAD-01"",""content_role"":""BACKGROUND"",""currency"":""BSC"",""destination_account_id"":""A-COPPER-2207"",""entered_by_record_id"":""PR-PENNY-01"",""invoice_id"":""INV-0008"",""occurred_at"":""2025-09-06T00:00:00Z"",""purchase_order_id"":""PO-26008"",""reference"":""COPPER-2025-1007"",""reversed_transaction_id"":"""",""source_account_id"":""A-SCC-1001"",""source_system_id"":""BANK_LEDGER"",""status"":""SETTLED"",""transaction_id"":""TX-L1-010"",""transaction_type"":""VENDOR_PAYMENT""}",authoring/ceo_transactions.csv#TX-L1-010,BACKGROUND,29287887ad8a724de5fdd9cef10d3442eb93bb906a749a43362a934b50ed4651,2026.07.19.2
CEO_BARKED_TWICE,TX-L1-011,TRANSACTION,VENDOR_PAYMENT,IRON-2025-1008,BANK_LEDGER,authoring/ceo_transactions.csv,TX-L1-011,2025-09-10T00:00:00Z,,,SETTLED,IRON-2025-1008,"{""amount"":""77000.00"",""approved_by_record_id"":""PR-CONRAD-01"",""content_role"":""BACKGROUND"",""currency"":""BSC"",""destination_account_id"":""A-IRON-3041"",""entered_by_record_id"":""PR-PENNY-01"",""invoice_id"":""INV-0009"",""occurred_at"":""2025-09-10T00:00:00Z"",""purchase_order_id"":""PO-26009"",""reference"":""IRON-2025-1008"",""reversed_transaction_id"":"""",""source_account_id"":""A-SCC-1001"",""source_system_id"":""BANK_LEDGER"",""status"":""SETTLED"",""transaction_id"":""TX-L1-011"",""transaction_type"":""VENDOR_PAYMENT""}",authoring/ceo_transactions.csv#TX-L1-011,BACKGROUND,c2d51380a3a1ed6b67426f43e1e4fcbbac64b5a50b1cd67b9b9235ce706b9891,2026.07.19.2
CEO_BARKED_TWICE,TX-L1-012,TRANSACTION,VENDOR_PAYMENT,WIRE-2025-1009,BANK_LEDGER,authoring/ceo_transactions.csv,TX-L1-012,2025-09-14T00:00:00Z,,,SETTLED,WIRE-2025-1009,"{""amount"":""83300.00"",""approved_by_record_id"":""PR-CONRAD-01"",""content_role"":""BACKGROUND"",""currency"":""BSC"",""destination_account_id"":""A-WIRE-3082"",""entered_by_record_id"":""PR-PENNY-01"",""invoice_id"":""INV-0010"",""occurred_at"":""2025-09-14T00:00:00Z"",""purchase_order_id"":""PO-26010"",""reference"":""WIRE-2025-1009"",""reversed_transaction_id"":"""",""source_account_id"":""A-SCC-1001"",""source_system_id"":""BANK_LEDGER"",""status"":""SETTLED"",""transaction_id"":""TX-L1-012"",""transaction_type"":""VENDOR_PAYMENT""}",authoring/ceo_transactions.csv#TX-L1-012,BACKGROUND,d0cfe0ae7c130488a99982a66027edfb44893cc39ce5f454c4cd10108f6488ed,2026.07.19.2
CEO_BARKED_TWICE,TX-L1-013,TRANSACTION,VENDOR_PAYMENT,TAIL-2025-1010,BANK_LEDGER,authoring/ceo_transactions.csv,TX-L1-013,2025-09-18T00:00:00Z,,,SETTLED,TAIL-2025-1010,"{""amount"":""91020.00"",""approved_by_record_id"":""PR-CONRAD-01"",""content_role"":""BACKGROUND"",""currency"":""BSC"",""destination_account_id"":""A-TAIL-3123"",""entered_by_record_id"":""PR-PENNY-01"",""invoice_id"":""INV-0011"",""occurred_at"":""2025-09-18T00:00:00Z"",""purchase_order_id"":""PO-26011"",""reference"":""TAIL-2025-1010"",""reversed_transaction_id"":"""",""source_account_id"":""A-SCC-1001"",""source_system_id"":""BANK_LEDGER"",""status"":""SETTLED"",""transaction_id"":""TX-L1-013"",""transaction_type"":""VENDOR_PAYMENT""}",authoring/ceo_transactions.csv#TX-L1-013,BACKGROUND,035bf53901d88738fb66121e2b7c2363242ba4cb5ae4a2e836cac1d2c3ca3fd1,2026.07.19.2
CEO_BARKED_TWICE,TX-L1-014,TRANSACTION,VENDOR_PAYMENT,BLUEBOWL-2025-1011,BANK_LEDGER,authoring/ceo_transactions.csv,TX-L1-014,2025-09-22T00:00:00Z,,,SETTLED,BLUEBOWL-2025-1011,"{""amount"":""104000.00"",""approved_by_record_id"":""PR-CONRAD-01"",""content_role"":""BACKGROUND"",""currency"":""BSC"",""destination_account_id"":""A-BLUEBOWL-3164"",""entered_by_record_id"":""PR-PENNY-01"",""invoice_id"":""INV-0012"",""occurred_at"":""2025-09-22T00:00:00Z"",""purchase_order_id"":""PO-26012"",""reference"":""BLUEBOWL-2025-1011"",""reversed_transaction_id"":"""",""source_account_id"":""A-SCC-1001"",""source_system_id"":""BANK_LEDGER"",""status"":""SETTLED"",""transaction_id"":""TX-L1-014"",""transaction_type"":""VENDOR_PAYMENT""}",authoring/ceo_transactions.csv#TX-L1-014,BACKGROUND,6be4da94905f9819816c41fb1ed342a4280a7309cc958d88c336d187531a4d34,2026.07.19.2
CEO_BARKED_TWICE,TX-L1-015,TRANSACTION,VENDOR_PAYMENT,HOUNDOFF-2025-1012,BANK_LEDGER,authoring/ceo_transactions.csv,TX-L1-015,2025-09-26T00:00:00Z,,,SETTLED,HOUNDOFF-2025-1012,"{""amount"":""50000.00"",""approved_by_record_id"":""PR-CONRAD-01"",""content_role"":""BACKGROUND"",""currency"":""BSC"",""destination_account_id"":""A-HOUNDOFF-3205"",""entered_by_record_id"":""PR-PENNY-01"",""invoice_id"":""INV-0013"",""occurred_at"":""2025-09-26T00:00:00Z"",""purchase_order_id"":""PO-26013"",""reference"":""HOUNDOFF-2025-1012"",""reversed_transaction_id"":"""",""source_account_id"":""A-SCC-1001"",""source_system_id"":""BANK_LEDGER"",""status"":""SETTLED"",""transaction_id"":""TX-L1-015"",""transaction_type"":""VENDOR_PAYMENT""}",authoring/ceo_transactions.csv#TX-L1-015,BACKGROUND,078aadfd7d363f368e94d06fb4bb320254e00c1880d0fd85d00ea05ef1f76dce,2026.07.19.2
CEO_BARKED_TWICE,TX-L1-016,TRANSACTION,VENDOR_PAYMENT,RETRIEVER-2025-1013,BANK_LEDGER,authoring/ceo_transactions.csv,TX-L1-016,2025-09-30T00:00:00Z,,,SETTLED,RETRIEVER-2025-1013,"{""amount"":""59000.00"",""approved_by_record_id"":""PR-CONRAD-01"",""content_role"":""BACKGROUND"",""currency"":""BSC"",""destination_account_id"":""A-RETRIEVER-3246"",""entered_by_record_id"":""PR-PENNY-01"",""invoice_id"":""INV-0014"",""occurred_at"":""2025-09-30T00:00:00Z"",""purchase_order_id"":""PO-26014"",""reference"":""RETRIEVER-2025-1013"",""reversed_transaction_id"":"""",""source_account_id"":""A-SCC-1001"",""source_system_id"":""BANK_LEDGER"",""status"":""SETTLED"",""transaction_id"":""TX-L1-016"",""transaction_type"":""VENDOR_PAYMENT""}",authoring/ceo_transactions.csv#TX-L1-016,BACKGROUND,6127e3dbd7a24ea9a26fa0ab501986a90eae53dd69bb24099eda97c4fde40c16,2026.07.19.2
CEO_BARKED_TWICE,TX-L1-017,TRANSACTION,VENDOR_PAYMENT,COPPER-2025-1014,BANK_LEDGER,authoring/ceo_transactions.csv,TX-L1-017,2025-10-04T00:00:00Z,,,SETTLED,COPPER-2025-1014,"{""amount"":""68000.00"",""approved_by_record_id"":""PR-CONRAD-01"",""content_role"":""BACKGROUND"",""currency"":""BSC"",""destination_account_id"":""A-COPPER-2207"",""entered_by_record_id"":""PR-PENNY-01"",""invoice_id"":""INV-0015"",""occurred_at"":""2025-10-04T00:00:00Z"",""purchase_order_id"":""PO-26015"",""reference"":""COPPER-2025-1014"",""reversed_transaction_id"":"""",""source_account_id"":""A-SCC-1001"",""source_system_id"":""BANK_LEDGER"",""status"":""SETTLED"",""transaction_id"":""TX-L1-017"",""transaction_type"":""VENDOR_PAYMENT""}",authoring/ceo_transactions.csv#TX-L1-017,BACKGROUND,874ebd098dffb405dc01683768e9836e4306423f79c88566dbe804ed5085466b,2026.07.19.2
CEO_BARKED_TWICE,TX-L1-018,TRANSACTION,VENDOR_PAYMENT,IRON-2025-1015,BANK_LEDGER,authoring/ceo_transactions.csv,TX-L1-018,2025-10-08T00:00:00Z,,,SETTLED,IRON-2025-1015,"{""amount"":""77000.00"",""approved_by_record_id"":""PR-CONRAD-01"",""content_role"":""BACKGROUND"",""currency"":""BSC"",""destination_account_id"":""A-IRON-3041"",""entered_by_record_id"":""PR-PENNY-01"",""invoice_id"":""INV-0016"",""occurred_at"":""2025-10-08T00:00:00Z"",""purchase_order_id"":""PO-26016"",""reference"":""IRON-2025-1015"",""reversed_transaction_id"":"""",""source_account_id"":""A-SCC-1001"",""source_system_id"":""BANK_LEDGER"",""status"":""SETTLED"",""transaction_id"":""TX-L1-018"",""transaction_type"":""VENDOR_PAYMENT""}",authoring/ceo_transactions.csv#TX-L1-018,BACKGROUND,13c888017b099881253c3447531969ce54e85a5e99abf4ebfd22fe2e0a3aa456,2026.07.19.2
CEO_BARKED_TWICE,TX-L1-019,TRANSACTION,VENDOR_PAYMENT,WIRE-2025-1016,BANK_LEDGER,authoring/ceo_transactions.csv,TX-L1-019,2025-10-12T00:00:00Z,,,SETTLED,WIRE-2025-1016,"{""amount"":""86000.00"",""approved_by_record_id"":""PR-CONRAD-01"",""content_role"":""BACKGROUND"",""currency"":""BSC"",""destination_account_id"":""A-WIRE-3082"",""entered_by_record_id"":""PR-PENNY-01"",""invoice_id"":""INV-0017"",""occurred_at"":""2025-10-12T00:00:00Z"",""purchase_order_id"":""PO-26017"",""reference"":""WIRE-2025-1016"",""reversed_transaction_id"":"""",""source_account_id"":""A-SCC-1001"",""source_system_id"":""BANK_LEDGER"",""status"":""SETTLED"",""transaction_id"":""TX-L1-019"",""transaction_type"":""VENDOR_PAYMENT""}",authoring/ceo_transactions.csv#TX-L1-019,BACKGROUND,3cd8fa3a166d5196d64bf8385fd9974992cad70104f38d6209209d7d51af2db2,2026.07.19.2
CEO_BARKED_TWICE,TX-L1-020,TRANSACTION,VENDOR_PAYMENT,TAIL-2025-1017,BANK_LEDGER,authoring/ceo_transactions.csv,TX-L1-020,2025-10-16T00:00:00Z,,,SETTLED,TAIL-2025-1017,"{""amount"":""95000.00"",""approved_by_record_id"":""PR-CONRAD-01"",""content_role"":""BACKGROUND"",""currency"":""BSC"",""destination_account_id"":""A-TAIL-3123"",""entered_by_record_id"":""PR-PENNY-01"",""invoice_id"":""INV-0018"",""occurred_at"":""2025-10-16T00:00:00Z"",""purchase_order_id"":""PO-26018"",""reference"":""TAIL-2025-1017"",""reversed_transaction_id"":"""",""source_account_id"":""A-SCC-1001"",""source_system_id"":""BANK_LEDGER"",""status"":""SETTLED"",""transaction_id"":""TX-L1-020"",""transaction_type"":""VENDOR_PAYMENT""}",authoring/ceo_transactions.csv#TX-L1-020,BACKGROUND,3cc425fcc6ca0d0983f22791bbd02b8e9335fdf810cd841aa4407d09f397bec6,2026.07.19.2
CEO_BARKED_TWICE,TX-L1-021,TRANSACTION,VENDOR_PAYMENT,BLUEBOWL-2025-1018,BANK_LEDGER,authoring/ceo_transactions.csv,TX-L1-021,2025-10-20T00:00:00Z,,,SETTLED,BLUEBOWL-2025-1018,"{""amount"":""88360.00"",""approved_by_record_id"":""PR-CONRAD-01"",""content_role"":""BACKGROUND"",""currency"":""BSC"",""destination_account_id"":""A-BLUEBOWL-3164"",""entered_by_record_id"":""PR-PENNY-01"",""invoice_id"":""INV-0019"",""occurred_at"":""2025-10-20T00:00:00Z"",""purchase_order_id"":""PO-26019"",""reference"":""BLUEBOWL-2025-1018"",""reversed_transaction_id"":"""",""source_account_id"":""A-SCC-1001"",""source_system_id"":""BANK_LEDGER"",""status"":""SETTLED"",""transaction_id"":""TX-L1-021"",""transaction_type"":""VENDOR_PAYMENT""}",authoring/ceo_transactions.csv#TX-L1-021,BACKGROUND,3c18136a20172c87f1f8b8a3559c1c43a6b88b503de21677c956cde9145d7517,2026.07.19.2
CEO_BARKED_TWICE,TX-L1-022,TRANSACTION,VENDOR_PAYMENT,HOUNDOFF-2025-1019,BANK_LEDGER,authoring/ceo_transactions.csv,TX-L1-022,2025-10-24T00:00:00Z,,,SETTLED,HOUNDOFF-2025-1019,"{""amount"":""50000.00"",""approved_by_record_id"":""PR-CONRAD-01"",""content_role"":""BACKGROUND"",""currency"":""BSC"",""destination_account_id"":""A-HOUNDOFF-3205"",""entered_by_record_id"":""PR-PENNY-01"",""invoice_id"":""INV-0020"",""occurred_at"":""2025-10-24T00:00:00Z"",""purchase_order_id"":""PO-26020"",""reference"":""HOUNDOFF-2025-1019"",""reversed_transaction_id"":"""",""source_account_id"":""A-SCC-1001"",""source_system_id"":""BANK_LEDGER"",""status"":""SETTLED"",""transaction_id"":""TX-L1-022"",""transaction_type"":""VENDOR_PAYMENT""}",authoring/ceo_transactions.csv#TX-L1-022,BACKGROUND,bab26d34b7deae30c39a84043561e122773156a59510fae6d1f20a29ce1cb42e,2026.07.19.2
CEO_BARKED_TWICE,TX-L1-023,TRANSACTION,VENDOR_PAYMENT,RETRIEVER-2025-1020,BANK_LEDGER,authoring/ceo_transactions.csv,TX-L1-023,2025-10-28T00:00:00Z,,,SETTLED,RETRIEVER-2025-1020,"{""amount"":""59000.00"",""approved_by_record_id"":""PR-CONRAD-01"",""content_role"":""BACKGROUND"",""currency"":""BSC"",""destination_account_id"":""A-RETRIEVER-3246"",""entered_by_record_id"":""PR-PENNY-01"",""invoice_id"":""INV-0021"",""occurred_at"":""2025-10-28T00:00:00Z"",""purchase_order_id"":""PO-26021"",""reference"":""RETRIEVER-2025-1020"",""reversed_transaction_id"":"""",""source_account_id"":""A-SCC-1001"",""source_system_id"":""BANK_LEDGER"",""status"":""SETTLED"",""transaction_id"":""TX-L1-023"",""transaction_type"":""VENDOR_PAYMENT""}",authoring/ceo_transactions.csv#TX-L1-023,BACKGROUND,c9767210df733e8b5e80f9e84c910d337e84b58ebb0111defa4d2aa5d9188f0b,2026.07.19.2
CEO_BARKED_TWICE,TX-L1-024,TRANSACTION,VENDOR_PAYMENT,COPPER-2025-1021,BANK_LEDGER,authoring/ceo_transactions.csv,TX-L1-024,2025-11-01T00:00:00Z,,,SETTLED,COPPER-2025-1021,"{""amount"":""68000.00"",""approved_by_record_id"":""PR-CONRAD-01"",""content_role"":""BACKGROUND"",""currency"":""BSC"",""destination_account_id"":""A-COPPER-2207"",""entered_by_record_id"":""PR-PENNY-01"",""invoice_id"":""INV-0022"",""occurred_at"":""2025-11-01T00:00:00Z"",""purchase_order_id"":""PO-26022"",""reference"":""COPPER-2025-1021"",""reversed_transaction_id"":"""",""source_account_id"":""A-SCC-1001"",""source_system_id"":""BANK_LEDGER"",""status"":""SETTLED"",""transaction_id"":""TX-L1-024"",""transaction_type"":""VENDOR_PAYMENT""}",authoring/ceo_transactions.csv#TX-L1-024,BACKGROUND,6c9c842e1dc795c06d9b9262e7b8c60d2fa7bc34455d0c8178947d4f05d3fa1e,2026.07.19.2
CEO_BARKED_TWICE,TX-L1-025,TRANSACTION,VENDOR_PAYMENT,IRON-2025-1022,BANK_LEDGER,authoring/ceo_transactions.csv,TX-L1-025,2025-11-05T00:00:00Z,,,SETTLED,IRON-2025-1022,"{""amount"":""77000.00"",""approved_by_record_id"":""PR-CONRAD-01"",""content_role"":""BACKGROUND"",""currency"":""BSC"",""destination_account_id"":""A-IRON-3041"",""entered_by_record_id"":""PR-PENNY-01"",""invoice_id"":""INV-0023"",""occurred_at"":""2025-11-05T00:00:00Z"",""purchase_order_id"":""PO-26023"",""reference"":""IRON-2025-1022"",""reversed_transaction_id"":"""",""source_account_id"":""A-SCC-1001"",""source_system_id"":""BANK_LEDGER"",""status"":""SETTLED"",""transaction_id"":""TX-L1-025"",""transaction_type"":""VENDOR_PAYMENT""}",authoring/ceo_transactions.csv#TX-L1-025,BACKGROUND,f030f2f2dab955bd81766b8d70428c229e73d71ab04d95323d5ff7bffe7f73f6,2026.07.19.2
CEO_BARKED_TWICE,TX-L1-026,TRANSACTION,VENDOR_PAYMENT,WIRE-2025-1023,BANK_LEDGER,authoring/ceo_transactions.csv,TX-L1-026,2025-11-09T00:00:00Z,,,SETTLED,WIRE-2025-1023,"{""amount"":""86000.00"",""approved_by_record_id"":""PR-CONRAD-01"",""content_role"":""BACKGROUND"",""currency"":""BSC"",""destination_account_id"":""A-WIRE-3082"",""entered_by_record_id"":""PR-PENNY-01"",""invoice_id"":""INV-0024"",""occurred_at"":""2025-11-09T00:00:00Z"",""purchase_order_id"":""PO-26024"",""reference"":""WIRE-2025-1023"",""reversed_transaction_id"":"""",""source_account_id"":""A-SCC-1001"",""source_system_id"":""BANK_LEDGER"",""status"":""SETTLED"",""transaction_id"":""TX-L1-026"",""transaction_type"":""VENDOR_PAYMENT""}",authoring/ceo_transactions.csv#TX-L1-026,BACKGROUND,71670ea65d2b0124bb701fc0812ea871b380132560c66bd4c2006304b6386e7e,2026.07.19.2
CEO_BARKED_TWICE,TX-L1-027,TRANSACTION,VENDOR_PAYMENT,TAIL-2025-1024,BANK_LEDGER,authoring/ceo_transactions.csv,TX-L1-027,2025-11-13T00:00:00Z,,,SETTLED,TAIL-2025-1024,"{""amount"":""95000.00"",""approved_by_record_id"":""PR-CONRAD-01"",""content_role"":""BACKGROUND"",""currency"":""BSC"",""destination_account_id"":""A-TAIL-3123"",""entered_by_record_id"":""PR-PENNY-01"",""invoice_id"":""INV-0025"",""occurred_at"":""2025-11-13T00:00:00Z"",""purchase_order_id"":""PO-26025"",""reference"":""TAIL-2025-1024"",""reversed_transaction_id"":"""",""source_account_id"":""A-SCC-1001"",""source_system_id"":""BANK_LEDGER"",""status"":""SETTLED"",""transaction_id"":""TX-L1-027"",""transaction_type"":""VENDOR_PAYMENT""}",authoring/ceo_transactions.csv#TX-L1-027,BACKGROUND,d63af1ce79ba12401ce2d4f463e844319958de987f4c156cd68219e702800840,2026.07.19.2
CEO_BARKED_TWICE,TX-L1-028,TRANSACTION,VENDOR_PAYMENT,BLUEBOWL-2025-1025,BANK_LEDGER,authoring/ceo_transactions.csv,TX-L1-028,2025-11-17T00:00:00Z,,,SETTLED,BLUEBOWL-2025-1025,"{""amount"":""104000.00"",""approved_by_record_id"":""PR-CONRAD-01"",""content_role"":""BACKGROUND"",""currency"":""BSC"",""destination_account_id"":""A-BLUEBOWL-3164"",""entered_by_record_id"":""PR-PENNY-01"",""invoice_id"":""INV-0026"",""occurred_at"":""2025-11-17T00:00:00Z"",""purchase_order_id"":""PO-26026"",""reference"":""BLUEBOWL-2025-1025"",""reversed_transaction_id"":"""",""source_account_id"":""A-SCC-1001"",""source_system_id"":""BANK_LEDGER"",""status"":""SETTLED"",""transaction_id"":""TX-L1-028"",""transaction_type"":""VENDOR_PAYMENT""}",authoring/ceo_transactions.csv#TX-L1-028,BACKGROUND,5871f1774a15353bd2aa19ac3e7b20bc3a363bac66e451016bbf6d599f10d18f,2026.07.19.2
CEO_BARKED_TWICE,TX-L1-029,TRANSACTION,VENDOR_PAYMENT,HOUNDOFF-2025-1026,BANK_LEDGER,authoring/ceo_transactions.csv,TX-L1-029,2025-11-21T00:00:00Z,,,SETTLED,HOUNDOFF-2025-1026,"{""amount"":""50000.00"",""approved_by_record_id"":""PR-CONRAD-01"",""content_role"":""BACKGROUND"",""currency"":""BSC"",""destination_account_id"":""A-HOUNDOFF-3205"",""entered_by_record_id"":""PR-PENNY-01"",""invoice_id"":""INV-0027"",""occurred_at"":""2025-11-21T00:00:00Z"",""purchase_order_id"":""PO-26027"",""reference"":""HOUNDOFF-2025-1026"",""reversed_transaction_id"":"""",""source_account_id"":""A-SCC-1001"",""source_system_id"":""BANK_LEDGER"",""status"":""SETTLED"",""transaction_id"":""TX-L1-029"",""transaction_type"":""VENDOR_PAYMENT""}",authoring/ceo_transactions.csv#TX-L1-029,BACKGROUND,9405b2836869d37f16caa6bfb07797db1a5b5e3a53dcaec058bc9dfd671548e5,2026.07.19.2
CEO_BARKED_TWICE,TX-L1-030,TRANSACTION,VENDOR_PAYMENT,RETRIEVER-2025-1027,BANK_LEDGER,authoring/ceo_transactions.csv,TX-L1-030,2025-11-25T00:00:00Z,,,SETTLED,RETRIEVER-2025-1027,"{""amount"":""59000.00"",""approved_by_record_id"":""PR-CONRAD-01"",""content_role"":""BACKGROUND"",""currency"":""BSC"",""destination_account_id"":""A-RETRIEVER-3246"",""entered_by_record_id"":""PR-PENNY-01"",""invoice_id"":""INV-0028"",""occurred_at"":""2025-11-25T00:00:00Z"",""purchase_order_id"":""PO-26028"",""reference"":""RETRIEVER-2025-1027"",""reversed_transaction_id"":"""",""source_account_id"":""A-SCC-1001"",""source_system_id"":""BANK_LEDGER"",""status"":""SETTLED"",""transaction_id"":""TX-L1-030"",""transaction_type"":""VENDOR_PAYMENT""}",authoring/ceo_transactions.csv#TX-L1-030,BACKGROUND,fe9d66ea0f36e3254b49786bb0ce9979c54c3ba0b8307b6191e0704fbb6d4229,2026.07.19.2
CEO_BARKED_TWICE,TX-L1-031,TRANSACTION,VENDOR_PAYMENT,COPPER-2025-1028,BANK_LEDGER,authoring/ceo_transactions.csv,TX-L1-031,2025-11-29T00:00:00Z,,,SETTLED,COPPER-2025-1028,"{""amount"":""68000.00"",""approved_by_record_id"":""PR-CONRAD-01"",""content_role"":""BACKGROUND"",""currency"":""BSC"",""destination_account_id"":""A-COPPER-2207"",""entered_by_record_id"":""PR-PENNY-01"",""invoice_id"":""INV-0029"",""occurred_at"":""2025-11-29T00:00:00Z"",""purchase_order_id"":""PO-26029"",""reference"":""COPPER-2025-1028"",""reversed_transaction_id"":"""",""source_account_id"":""A-SCC-1001"",""source_system_id"":""BANK_LEDGER"",""status"":""SETTLED"",""transaction_id"":""TX-L1-031"",""transaction_type"":""VENDOR_PAYMENT""}",authoring/ceo_transactions.csv#TX-L1-031,BACKGROUND,97478d734925ebb1429af07864c026f081ba6f6d3e71aa4eb945ecb72009b0e0,2026.07.19.2
CEO_BARKED_TWICE,TX-L1-032,TRANSACTION,VENDOR_PAYMENT,IRON-2025-1029,BANK_LEDGER,authoring/ceo_transactions.csv,TX-L1-032,2025-12-03T00:00:00Z,,,SETTLED,IRON-2025-1029,"{""amount"":""77000.00"",""approved_by_record_id"":""PR-CONRAD-01"",""content_role"":""BACKGROUND"",""currency"":""BSC"",""destination_account_id"":""A-IRON-3041"",""entered_by_record_id"":""PR-PENNY-01"",""invoice_id"":""INV-0030"",""occurred_at"":""2025-12-03T00:00:00Z"",""purchase_order_id"":""PO-26030"",""reference"":""IRON-2025-1029"",""reversed_transaction_id"":"""",""source_account_id"":""A-SCC-1001"",""source_system_id"":""BANK_LEDGER"",""status"":""SETTLED"",""transaction_id"":""TX-L1-032"",""transaction_type"":""VENDOR_PAYMENT""}",authoring/ceo_transactions.csv#TX-L1-032,BACKGROUND,e737eccaa7f393ff27cf31b09e8a9ee8af4c91efef3ca8c6acd03b5d42848562,2026.07.19.2
CEO_BARKED_TWICE,TX-L1-033,TRANSACTION,VENDOR_PAYMENT,WIRE-2025-1030,BANK_LEDGER,authoring/ceo_transactions.csv,TX-L1-033,2025-12-07T00:00:00Z,,,SETTLED,WIRE-2025-1030,"{""amount"":""86000.00"",""approved_by_record_id"":""PR-CONRAD-01"",""content_role"":""BACKGROUND"",""currency"":""BSC"",""destination_account_id"":""A-WIRE-3082"",""entered_by_record_id"":""PR-PENNY-01"",""invoice_id"":""INV-0031"",""occurred_at"":""2025-12-07T00:00:00Z"",""purchase_order_id"":""PO-26031"",""reference"":""WIRE-2025-1030"",""reversed_transaction_id"":"""",""source_account_id"":""A-SCC-1001"",""source_system_id"":""BANK_LEDGER"",""status"":""SETTLED"",""transaction_id"":""TX-L1-033"",""transaction_type"":""VENDOR_PAYMENT""}",authoring/ceo_transactions.csv#TX-L1-033,BACKGROUND,92b9f5b709580accda562ad4117ce2ca5f983cdbd85a76c0c3280444403441b5,2026.07.19.2
CEO_BARKED_TWICE,TX-L1-034,TRANSACTION,VENDOR_PAYMENT,TAIL-2025-1031,BANK_LEDGER,authoring/ceo_transactions.csv,TX-L1-034,2025-12-11T00:00:00Z,,,SETTLED,TAIL-2025-1031,"{""amount"":""95000.00"",""approved_by_record_id"":""PR-CONRAD-01"",""content_role"":""BACKGROUND"",""currency"":""BSC"",""destination_account_id"":""A-TAIL-3123"",""entered_by_record_id"":""PR-PENNY-01"",""invoice_id"":""INV-0032"",""occurred_at"":""2025-12-11T00:00:00Z"",""purchase_order_id"":""PO-26032"",""reference"":""TAIL-2025-1031"",""reversed_transaction_id"":"""",""source_account_id"":""A-SCC-1001"",""source_system_id"":""BANK_LEDGER"",""status"":""SETTLED"",""transaction_id"":""TX-L1-034"",""transaction_type"":""VENDOR_PAYMENT""}",authoring/ceo_transactions.csv#TX-L1-034,BACKGROUND,bc05bdcdda06b064ae9e0b3b47fb8e4f7126300add1c5d43e7cc0220907d4721,2026.07.19.2
CEO_BARKED_TWICE,TX-L1-035,TRANSACTION,VENDOR_PAYMENT,BLUEBOWL-2025-1032,BANK_LEDGER,authoring/ceo_transactions.csv,TX-L1-035,2025-12-15T00:00:00Z,,,SETTLED,BLUEBOWL-2025-1032,"{""amount"":""104000.00"",""approved_by_record_id"":""PR-CONRAD-01"",""content_role"":""BACKGROUND"",""currency"":""BSC"",""destination_account_id"":""A-BLUEBOWL-3164"",""entered_by_record_id"":""PR-PENNY-01"",""invoice_id"":""INV-0033"",""occurred_at"":""2025-12-15T00:00:00Z"",""purchase_order_id"":""PO-26033"",""reference"":""BLUEBOWL-2025-1032"",""reversed_transaction_id"":"""",""source_account_id"":""A-SCC-1001"",""source_system_id"":""BANK_LEDGER"",""status"":""SETTLED"",""transaction_id"":""TX-L1-035"",""transaction_type"":""VENDOR_PAYMENT""}",authoring/ceo_transactions.csv#TX-L1-035,BACKGROUND,81fcb19c1b2a25c2e9edf09806adc60b6aa289cc0eea0909cdb642ccb602fac2,2026.07.19.2
CEO_BARKED_TWICE,TX-L1-036,TRANSACTION,VENDOR_PAYMENT,HOUNDOFF-2025-1033,BANK_LEDGER,authoring/ceo_transactions.csv,TX-L1-036,2025-12-19T00:00:00Z,,,SETTLED,HOUNDOFF-2025-1033,"{""amount"":""50000.00"",""approved_by_record_id"":""PR-CONRAD-01"",""content_role"":""BACKGROUND"",""currency"":""BSC"",""destination_account_id"":""A-HOUNDOFF-3205"",""entered_by_record_id"":""PR-PENNY-01"",""invoice_id"":""INV-0034"",""occurred_at"":""2025-12-19T00:00:00Z"",""purchase_order_id"":""PO-26034"",""reference"":""HOUNDOFF-2025-1033"",""reversed_transaction_id"":"""",""source_account_id"":""A-SCC-1001"",""source_system_id"":""BANK_LEDGER"",""status"":""SETTLED"",""transaction_id"":""TX-L1-036"",""transaction_type"":""VENDOR_PAYMENT""}",authoring/ceo_transactions.csv#TX-L1-036,BACKGROUND,bf3515f8a1e5cdad4b402e9502959c0493ca3a92dacc30beacd05a431edf83b6,2026.07.19.2
CEO_BARKED_TWICE,TX-L1-037,TRANSACTION,VENDOR_PAYMENT,RETRIEVER-2025-1034,BANK_LEDGER,authoring/ceo_transactions.csv,TX-L1-037,2025-12-23T00:00:00Z,,,SETTLED,RETRIEVER-2025-1034,"{""amount"":""59000.00"",""approved_by_record_id"":""PR-CONRAD-01"",""content_role"":""BACKGROUND"",""currency"":""BSC"",""destination_account_id"":""A-RETRIEVER-3246"",""entered_by_record_id"":""PR-PENNY-01"",""invoice_id"":""INV-0035"",""occurred_at"":""2025-12-23T00:00:00Z"",""purchase_order_id"":""PO-26035"",""reference"":""RETRIEVER-2025-1034"",""reversed_transaction_id"":"""",""source_account_id"":""A-SCC-1001"",""source_system_id"":""BANK_LEDGER"",""status"":""SETTLED"",""transaction_id"":""TX-L1-037"",""transaction_type"":""VENDOR_PAYMENT""}",authoring/ceo_transactions.csv#TX-L1-037,BACKGROUND,8b13746a954e9d725aebabe789ddc70f66a0c180ef256195492cd6c7155ece4e,2026.07.19.2
CEO_BARKED_TWICE,TX-L1-038,TRANSACTION,VENDOR_PAYMENT,COPPER-2025-1035,BANK_LEDGER,authoring/ceo_transactions.csv,TX-L1-038,2025-12-27T00:00:00Z,,,SETTLED,COPPER-2025-1035,"{""amount"":""68000.00"",""approved_by_record_id"":""PR-CONRAD-01"",""content_role"":""BACKGROUND"",""currency"":""BSC"",""destination_account_id"":""A-COPPER-2207"",""entered_by_record_id"":""PR-PENNY-01"",""invoice_id"":""INV-0036"",""occurred_at"":""2025-12-27T00:00:00Z"",""purchase_order_id"":""PO-26036"",""reference"":""COPPER-2025-1035"",""reversed_transaction_id"":"""",""source_account_id"":""A-SCC-1001"",""source_system_id"":""BANK_LEDGER"",""status"":""SETTLED"",""transaction_id"":""TX-L1-038"",""transaction_type"":""VENDOR_PAYMENT""}",authoring/ceo_transactions.csv#TX-L1-038,BACKGROUND,bad720a9f9bff3d8684042bc42735ed09dee980a53addec13e6d7758ec67c4c7,2026.07.19.2
CEO_BARKED_TWICE,TX-L1-039,TRANSACTION,VENDOR_PAYMENT,IRON-2025-1036,BANK_LEDGER,authoring/ceo_transactions.csv,TX-L1-039,2025-12-31T00:00:00Z,,,SETTLED,IRON-2025-1036,"{""amount"":""77000.00"",""approved_by_record_id"":""PR-CONRAD-01"",""content_role"":""BACKGROUND"",""currency"":""BSC"",""destination_account_id"":""A-IRON-3041"",""entered_by_record_id"":""PR-PENNY-01"",""invoice_id"":""INV-0037"",""occurred_at"":""2025-12-31T00:00:00Z"",""purchase_order_id"":""PO-26037"",""reference"":""IRON-2025-1036"",""reversed_transaction_id"":"""",""source_account_id"":""A-SCC-1001"",""source_system_id"":""BANK_LEDGER"",""status"":""SETTLED"",""transaction_id"":""TX-L1-039"",""transaction_type"":""VENDOR_PAYMENT""}",authoring/ceo_transactions.csv#TX-L1-039,BACKGROUND,ddeca610dbad5bda8240730b19da37c87d196699a614c60b158c84e34910aa17,2026.07.19.2
CEO_BARKED_TWICE,TX-L1-040,TRANSACTION,VENDOR_PAYMENT,WIRE-2025-1037,BANK_LEDGER,authoring/ceo_transactions.csv,TX-L1-040,2026-01-04T00:00:00Z,,,SETTLED,WIRE-2025-1037,"{""amount"":""86000.00"",""approved_by_record_id"":""PR-CONRAD-01"",""content_role"":""BACKGROUND"",""currency"":""BSC"",""destination_account_id"":""A-WIRE-3082"",""entered_by_record_id"":""PR-PENNY-01"",""invoice_id"":""INV-0038"",""occurred_at"":""2026-01-04T00:00:00Z"",""purchase_order_id"":""PO-26038"",""reference"":""WIRE-2025-1037"",""reversed_transaction_id"":"""",""source_account_id"":""A-SCC-1001"",""source_system_id"":""BANK_LEDGER"",""status"":""SETTLED"",""transaction_id"":""TX-L1-040"",""transaction_type"":""VENDOR_PAYMENT""}",authoring/ceo_transactions.csv#TX-L1-040,BACKGROUND,24bbbb406f56d0fde91c67029d94bd38cd9054e75ee37c45e0e4273fb5da6d6f,2026.07.19.2
CEO_BARKED_TWICE,TX-L1-041,TRANSACTION,VENDOR_PAYMENT,TAIL-2025-1038,BANK_LEDGER,authoring/ceo_transactions.csv,TX-L1-041,2026-01-08T00:00:00Z,,,SETTLED,TAIL-2025-1038,"{""amount"":""95000.00"",""approved_by_record_id"":""PR-CONRAD-01"",""content_role"":""BACKGROUND"",""currency"":""BSC"",""destination_account_id"":""A-TAIL-3123"",""entered_by_record_id"":""PR-PENNY-01"",""invoice_id"":""INV-0039"",""occurred_at"":""2026-01-08T00:00:00Z"",""purchase_order_id"":""PO-26039"",""reference"":""TAIL-2025-1038"",""reversed_transaction_id"":"""",""source_account_id"":""A-SCC-1001"",""source_system_id"":""BANK_LEDGER"",""status"":""SETTLED"",""transaction_id"":""TX-L1-041"",""transaction_type"":""VENDOR_PAYMENT""}",authoring/ceo_transactions.csv#TX-L1-041,BACKGROUND,1e4738f82e264a586c7f5c93cd2da0880df23f314e8a4163b750f98a824f4692,2026.07.19.2
CEO_BARKED_TWICE,TX-L1-042,TRANSACTION,VENDOR_PAYMENT,BLUEBOWL-2025-1039,BANK_LEDGER,authoring/ceo_transactions.csv,TX-L1-042,2026-01-12T00:00:00Z,,,SETTLED,BLUEBOWL-2025-1039,"{""amount"":""104000.00"",""approved_by_record_id"":""PR-CONRAD-01"",""content_role"":""BACKGROUND"",""currency"":""BSC"",""destination_account_id"":""A-BLUEBOWL-3164"",""entered_by_record_id"":""PR-PENNY-01"",""invoice_id"":""INV-0040"",""occurred_at"":""2026-01-12T00:00:00Z"",""purchase_order_id"":""PO-26040"",""reference"":""BLUEBOWL-2025-1039"",""reversed_transaction_id"":"""",""source_account_id"":""A-SCC-1001"",""source_system_id"":""BANK_LEDGER"",""status"":""SETTLED"",""transaction_id"":""TX-L1-042"",""transaction_type"":""VENDOR_PAYMENT""}",authoring/ceo_transactions.csv#TX-L1-042,BACKGROUND,7cfce0d26f85a91ab7ae8128383e3bf684133058d77fbb4ce687b6aa1c3b2c4b,2026.07.19.2
CEO_BARKED_TWICE,TX-L1-043,TRANSACTION,VENDOR_PAYMENT,HOUNDOFF-2025-1040,BANK_LEDGER,authoring/ceo_transactions.csv,TX-L1-043,2026-01-16T00:00:00Z,,,SETTLED,HOUNDOFF-2025-1040,"{""amount"":""50000.00"",""approved_by_record_id"":""PR-CONRAD-01"",""content_role"":""BACKGROUND"",""currency"":""BSC"",""destination_account_id"":""A-HOUNDOFF-3205"",""entered_by_record_id"":""PR-PENNY-01"",""invoice_id"":""INV-0041"",""occurred_at"":""2026-01-16T00:00:00Z"",""purchase_order_id"":""PO-26041"",""reference"":""HOUNDOFF-2025-1040"",""reversed_transaction_id"":"""",""source_account_id"":""A-SCC-1001"",""source_system_id"":""BANK_LEDGER"",""status"":""SETTLED"",""transaction_id"":""TX-L1-043"",""transaction_type"":""VENDOR_PAYMENT""}",authoring/ceo_transactions.csv#TX-L1-043,BACKGROUND,364ea06d2260bc8b77bf820fe759b207ece61a1cbbc383080f101bb8694d8afb,2026.07.19.2
CEO_BARKED_TWICE,TX-L1-044,TRANSACTION,VENDOR_PAYMENT,RETRIEVER-2025-1041,BANK_LEDGER,authoring/ceo_transactions.csv,TX-L1-044,2026-01-20T00:00:00Z,,,SETTLED,RETRIEVER-2025-1041,"{""amount"":""59000.00"",""approved_by_record_id"":""PR-CONRAD-01"",""content_role"":""BACKGROUND"",""currency"":""BSC"",""destination_account_id"":""A-RETRIEVER-3246"",""entered_by_record_id"":""PR-PENNY-01"",""invoice_id"":""INV-0042"",""occurred_at"":""2026-01-20T00:00:00Z"",""purchase_order_id"":""PO-26042"",""reference"":""RETRIEVER-2025-1041"",""reversed_transaction_id"":"""",""source_account_id"":""A-SCC-1001"",""source_system_id"":""BANK_LEDGER"",""status"":""SETTLED"",""transaction_id"":""TX-L1-044"",""transaction_type"":""VENDOR_PAYMENT""}",authoring/ceo_transactions.csv#TX-L1-044,BACKGROUND,2634e27cbb507e7250274759fd76da8def75d6e3767601a098631e9f23388a1f,2026.07.19.2
CEO_BARKED_TWICE,TX-L1-045,TRANSACTION,VENDOR_PAYMENT,CPI-1048,BANK_LEDGER,authoring/ceo_transactions.csv,TX-L1-045,2026-01-24T00:00:00Z,,,SETTLED,CPI-1048,"{""amount"":""68000.00"",""approved_by_record_id"":""PR-CONRAD-01"",""content_role"":""BACKGROUND"",""currency"":""BSC"",""destination_account_id"":""A-NIGHTJAR-8842"",""entered_by_record_id"":""PR-PENNY-01"",""invoice_id"":""INV-COPPER-1048-F"",""occurred_at"":""2026-01-24T00:00:00Z"",""purchase_order_id"":""PO-26005"",""reference"":""CPI-1048"",""reversed_transaction_id"":"""",""source_account_id"":""A-SCC-1001"",""source_system_id"":""BANK_LEDGER"",""status"":""SETTLED"",""transaction_id"":""TX-L1-045"",""transaction_type"":""VENDOR_PAYMENT""}",authoring/ceo_transactions.csv#TX-L1-045,BACKGROUND,61cef37505ffbc49cbc4610ebf48f857335ac939eef7ef8b34a138904c6248dc,2026.07.19.2
CEO_BARKED_TWICE,TX-L1-046,TRANSACTION,VENDOR_PAYMENT,CPI-1059,BANK_LEDGER,authoring/ceo_transactions.csv,TX-L1-046,2026-01-28T00:00:00Z,,,SETTLED,CPI-1059,"{""amount"":""77000.00"",""approved_by_record_id"":""PR-CONRAD-01"",""content_role"":""BACKGROUND"",""currency"":""BSC"",""destination_account_id"":""A-NIGHTJAR-8842"",""entered_by_record_id"":""PR-PENNY-01"",""invoice_id"":""INV-COPPER-1059-F"",""occurred_at"":""2026-01-28T00:00:00Z"",""purchase_order_id"":""PO-26013"",""reference"":""CPI-1059"",""reversed_transaction_id"":"""",""source_account_id"":""A-SCC-1001"",""source_system_id"":""BANK_LEDGER"",""status"":""SETTLED"",""transaction_id"":""TX-L1-046"",""transaction_type"":""VENDOR_PAYMENT""}",authoring/ceo_transactions.csv#TX-L1-046,BACKGROUND,498b5fdc4132fa73623aa9917d38fb6713ec02c8625ecc09c39a841ab00bfd49,2026.07.19.2
CEO_BARKED_TWICE,TX-L1-047,TRANSACTION,VENDOR_PAYMENT,COPPER-2025-1000,BANK_LEDGER,authoring/ceo_transactions.csv,TX-L1-047,2026-02-01T00:00:00Z,,,SETTLED,COPPER-2025-1000,"{""amount"":""69700.00"",""approved_by_record_id"":""PR-CONRAD-01"",""content_role"":""BACKGROUND"",""currency"":""BSC"",""destination_account_id"":""A-COPPER-2207"",""entered_by_record_id"":""PR-PENNY-01"",""invoice_id"":""INV-0001"",""occurred_at"":""2026-02-01T00:00:00Z"",""purchase_order_id"":""PO-26001"",""reference"":""COPPER-2025-1000"",""reversed_transaction_id"":"""",""source_account_id"":""A-SCC-1001"",""source_system_id"":""BANK_LEDGER"",""status"":""SETTLED"",""transaction_id"":""TX-L1-047"",""transaction_type"":""VENDOR_PAYMENT""}",authoring/ceo_transactions.csv#TX-L1-047,BACKGROUND,6f05948f08dd961d2461b98c8816b344b0a67fec8974882e631c8d914734d14d,2026.07.19.2
CEO_BARKED_TWICE,TX-L1-048,TRANSACTION,VENDOR_PAYMENT,IRON-2025-1001,BANK_LEDGER,authoring/ceo_transactions.csv,TX-L1-048,2026-02-05T00:00:00Z,,,SETTLED,IRON-2025-1001,"{""amount"":""87720.00"",""approved_by_record_id"":""PR-CONRAD-01"",""content_role"":""BACKGROUND"",""currency"":""BSC"",""destination_account_id"":""A-IRON-3041"",""entered_by_record_id"":""PR-PENNY-01"",""invoice_id"":""INV-0002"",""occurred_at"":""2026-02-05T00:00:00Z"",""purchase_order_id"":""PO-26002"",""reference"":""IRON-2025-1001"",""reversed_transaction_id"":"""",""source_account_id"":""A-SCC-1001"",""source_system_id"":""BANK_LEDGER"",""status"":""SETTLED"",""transaction_id"":""TX-L1-048"",""transaction_type"":""VENDOR_PAYMENT""}",authoring/ceo_transactions.csv#TX-L1-048,BACKGROUND,7ec0f8dd95c62d433e09c53564a9284fd327fd1586a422e3ba9a33751a169d9a,2026.07.19.2
CEO_BARKED_TWICE,TX-L1-049,TRANSACTION,VENDOR_PAYMENT,WIRE-2025-1002,BANK_LEDGER,authoring/ceo_transactions.csv,TX-L1-049,2026-02-09T00:00:00Z,,,SETTLED,WIRE-2025-1002,"{""amount"":""104000.00"",""approved_by_record_id"":""PR-CONRAD-01"",""content_role"":""BACKGROUND"",""currency"":""BSC"",""destination_account_id"":""A-WIRE-3082"",""entered_by_record_id"":""PR-PENNY-01"",""invoice_id"":""INV-0003"",""occurred_at"":""2026-02-09T00:00:00Z"",""purchase_order_id"":""PO-26003"",""reference"":""WIRE-2025-1002"",""reversed_transaction_id"":"""",""source_account_id"":""A-SCC-1001"",""source_system_id"":""BANK_LEDGER"",""status"":""SETTLED"",""transaction_id"":""TX-L1-049"",""transaction_type"":""VENDOR_PAYMENT""}",authoring/ceo_transactions.csv#TX-L1-049,BACKGROUND,c94cb164c9a4b28e85a3a2eb33a6205886692ac68158b17d85a0e47f24ee480e,2026.07.19.2
CEO_BARKED_TWICE,TX-L1-050,TRANSACTION,VENDOR_PAYMENT,TAIL-2025-1003,BANK_LEDGER,authoring/ceo_transactions.csv,TX-L1-050,2026-02-13T00:00:00Z,,,SETTLED,TAIL-2025-1003,"{""amount"":""50000.00"",""approved_by_record_id"":""PR-CONRAD-01"",""content_role"":""BACKGROUND"",""currency"":""BSC"",""destination_account_id"":""A-TAIL-3123"",""entered_by_record_id"":""PR-PENNY-01"",""invoice_id"":""INV-0004"",""occurred_at"":""2026-02-13T00:00:00Z"",""purchase_order_id"":""PO-26004"",""reference"":""TAIL-2025-1003"",""reversed_transaction_id"":"""",""source_account_id"":""A-SCC-1001"",""source_system_id"":""BANK_LEDGER"",""status"":""SETTLED"",""transaction_id"":""TX-L1-050"",""transaction_type"":""VENDOR_PAYMENT""}",authoring/ceo_transactions.csv#TX-L1-050,BACKGROUND,dd6451ef9fa678a172c1ba7a8cea9fae0f56c817847252a720fb57852c9e4e72,2026.07.19.2
CEO_BARKED_TWICE,TX-L1-051,TRANSACTION,VENDOR_PAYMENT,BLUEBOWL-2025-1004,BANK_LEDGER,authoring/ceo_transactions.csv,TX-L1-051,2026-02-17T00:00:00Z,,,SETTLED,BLUEBOWL-2025-1004,"{""amount"":""59000.00"",""approved_by_record_id"":""PR-CONRAD-01"",""content_role"":""BACKGROUND"",""currency"":""BSC"",""destination_account_id"":""A-BLUEBOWL-3164"",""entered_by_record_id"":""PR-PENNY-01"",""invoice_id"":""INV-0005"",""occurred_at"":""2026-02-17T00:00:00Z"",""purchase_order_id"":""PO-26005"",""reference"":""BLUEBOWL-2025-1004"",""reversed_transaction_id"":"""",""source_account_id"":""A-SCC-1001"",""source_system_id"":""BANK_LEDGER"",""status"":""SETTLED"",""transaction_id"":""TX-L1-051"",""transaction_type"":""VENDOR_PAYMENT""}",authoring/ceo_transactions.csv#TX-L1-051,BACKGROUND,37eb775f95d8aa54886b0ca25b66e6e02117587ca873a681b875c299ebb288bb,2026.07.19.2
CEO_BARKED_TWICE,TX-L1-052,TRANSACTION,VENDOR_PAYMENT,HOUNDOFF-2025-1005,BANK_LEDGER,authoring/ceo_transactions.csv,TX-L1-052,2026-02-21T00:00:00Z,,,SETTLED,HOUNDOFF-2025-1005,"{""amount"":""68000.00"",""approved_by_record_id"":""PR-CONRAD-01"",""content_role"":""BACKGROUND"",""currency"":""BSC"",""destination_account_id"":""A-HOUNDOFF-3205"",""entered_by_record_id"":""PR-PENNY-01"",""invoice_id"":""INV-0006"",""occurred_at"":""2026-02-21T00:00:00Z"",""purchase_order_id"":""PO-26006"",""reference"":""HOUNDOFF-2025-1005"",""reversed_transaction_id"":"""",""source_account_id"":""A-SCC-1001"",""source_system_id"":""BANK_LEDGER"",""status"":""SETTLED"",""transaction_id"":""TX-L1-052"",""transaction_type"":""VENDOR_PAYMENT""}",authoring/ceo_transactions.csv#TX-L1-052,BACKGROUND,60d44ab0f46337b1f9657c1c17660f67165d3842f0fca83a7621d5207d084256,2026.07.19.2
CEO_BARKED_TWICE,TX-L1-053,TRANSACTION,VENDOR_PAYMENT,RETRIEVER-2025-1006,BANK_LEDGER,authoring/ceo_transactions.csv,TX-L1-053,2026-02-25T00:00:00Z,,,SETTLED,RETRIEVER-2025-1006,"{""amount"":""77000.00"",""approved_by_record_id"":""PR-CONRAD-01"",""content_role"":""BACKGROUND"",""currency"":""BSC"",""destination_account_id"":""A-RETRIEVER-3246"",""entered_by_record_id"":""PR-PENNY-01"",""invoice_id"":""INV-0007"",""occurred_at"":""2026-02-25T00:00:00Z"",""purchase_order_id"":""PO-26007"",""reference"":""RETRIEVER-2025-1006"",""reversed_transaction_id"":"""",""source_account_id"":""A-SCC-1001"",""source_system_id"":""BANK_LEDGER"",""status"":""SETTLED"",""transaction_id"":""TX-L1-053"",""transaction_type"":""VENDOR_PAYMENT""}",authoring/ceo_transactions.csv#TX-L1-053,BACKGROUND,489b6ee394f07248035254b9d029a64f0d030e12cc0b2d57f52597d8311f2836,2026.07.19.2
CEO_BARKED_TWICE,TX-L1-054,TRANSACTION,VENDOR_PAYMENT,COPPER-2025-1007,BANK_LEDGER,authoring/ceo_transactions.csv,TX-L1-054,2026-03-01T00:00:00Z,,,SETTLED,COPPER-2025-1007,"{""amount"":""86000.00"",""approved_by_record_id"":""PR-CONRAD-01"",""content_role"":""BACKGROUND"",""currency"":""BSC"",""destination_account_id"":""A-COPPER-2207"",""entered_by_record_id"":""PR-PENNY-01"",""invoice_id"":""INV-0008"",""occurred_at"":""2026-03-01T00:00:00Z"",""purchase_order_id"":""PO-26008"",""reference"":""COPPER-2025-1007"",""reversed_transaction_id"":"""",""source_account_id"":""A-SCC-1001"",""source_system_id"":""BANK_LEDGER"",""status"":""SETTLED"",""transaction_id"":""TX-L1-054"",""transaction_type"":""VENDOR_PAYMENT""}",authoring/ceo_transactions.csv#TX-L1-054,BACKGROUND,fb3cee64ac02d04cd70bef71237e703c7ca396a5aa4e95aec7ad3eb722b2c22a,2026.07.19.2
CEO_BARKED_TWICE,TX-L1-055,TRANSACTION,VENDOR_PAYMENT,IRON-2025-1008,BANK_LEDGER,authoring/ceo_transactions.csv,TX-L1-055,2026-03-05T00:00:00Z,,,SETTLED,IRON-2025-1008,"{""amount"":""95000.00"",""approved_by_record_id"":""PR-CONRAD-01"",""content_role"":""BACKGROUND"",""currency"":""BSC"",""destination_account_id"":""A-IRON-3041"",""entered_by_record_id"":""PR-PENNY-01"",""invoice_id"":""INV-0009"",""occurred_at"":""2026-03-05T00:00:00Z"",""purchase_order_id"":""PO-26009"",""reference"":""IRON-2025-1008"",""reversed_transaction_id"":"""",""source_account_id"":""A-SCC-1001"",""source_system_id"":""BANK_LEDGER"",""status"":""SETTLED"",""transaction_id"":""TX-L1-055"",""transaction_type"":""VENDOR_PAYMENT""}",authoring/ceo_transactions.csv#TX-L1-055,BACKGROUND,6325617d8694e0000b289a4fc12009b46a8f730dcd1779947aa415ab8d0aa08e,2026.07.19.2
CEO_BARKED_TWICE,TX-L1-056,TRANSACTION,VENDOR_PAYMENT,WIRE-2025-1009,BANK_LEDGER,authoring/ceo_transactions.csv,TX-L1-056,2026-03-09T00:00:00Z,,,SETTLED,WIRE-2025-1009,"{""amount"":""83300.00"",""approved_by_record_id"":""PR-CONRAD-01"",""content_role"":""BACKGROUND"",""currency"":""BSC"",""destination_account_id"":""A-WIRE-3082"",""entered_by_record_id"":""PR-PENNY-01"",""invoice_id"":""INV-0010"",""occurred_at"":""2026-03-09T00:00:00Z"",""purchase_order_id"":""PO-26010"",""reference"":""WIRE-2025-1009"",""reversed_transaction_id"":"""",""source_account_id"":""A-SCC-1001"",""source_system_id"":""BANK_LEDGER"",""status"":""SETTLED"",""transaction_id"":""TX-L1-056"",""transaction_type"":""VENDOR_PAYMENT""}",authoring/ceo_transactions.csv#TX-L1-056,BACKGROUND,5a20bc719c1eedf1b0702ff1313c0e61cc8f2e472cb472bbddf16badb3f3b77d,2026.07.19.2
CEO_BARKED_TWICE,TX-L1-OPS-001,TRANSACTION,OPERATING_PAYMENT,OPS-001,BANK_LEDGER,authoring/ceo_transactions.csv,TX-L1-OPS-001,2025-08-02T00:00:00Z,,,SETTLED,OPS-001,"{""amount"":""3000.00"",""approved_by_record_id"":""PR-CONRAD-01"",""content_role"":""BACKGROUND"",""currency"":""BSC"",""destination_account_id"":""A-IRON-3041"",""entered_by_record_id"":""PR-PENNY-01"",""invoice_id"":"""",""occurred_at"":""2025-08-02T00:00:00Z"",""purchase_order_id"":"""",""reference"":""OPS-001"",""reversed_transaction_id"":"""",""source_account_id"":""A-SCC-1001"",""source_system_id"":""BANK_LEDGER"",""status"":""SETTLED"",""transaction_id"":""TX-L1-OPS-001"",""transaction_type"":""OPERATING_PAYMENT""}",authoring/ceo_transactions.csv#TX-L1-OPS-001,BACKGROUND,c2f3ffb435fd3873140a5fba988c31332be99313926ae0d0b8134ab4bcdf106d,2026.07.19.2
CEO_BARKED_TWICE,TX-L1-OPS-002,TRANSACTION,OPERATING_PAYMENT,OPS-002,BANK_LEDGER,authoring/ceo_transactions.csv,TX-L1-OPS-002,2025-08-11T00:00:00Z,,,SETTLED,OPS-002,"{""amount"":""3850.00"",""approved_by_record_id"":""PR-CONRAD-01"",""content_role"":""BACKGROUND"",""currency"":""BSC"",""destination_account_id"":""A-WIRE-3082"",""entered_by_record_id"":""PR-LUCY-01"",""invoice_id"":"""",""occurred_at"":""2025-08-11T00:00:00Z"",""purchase_order_id"":"""",""reference"":""OPS-002"",""reversed_transaction_id"":"""",""source_account_id"":""A-SCC-1001"",""source_system_id"":""BANK_LEDGER"",""status"":""SETTLED"",""transaction_id"":""TX-L1-OPS-002"",""transaction_type"":""OPERATING_PAYMENT""}",authoring/ceo_transactions.csv#TX-L1-OPS-002,BACKGROUND,71e5888cc32a6282273aa7ae039733c9a5135ed4155ee075ca96ed769e3e152b,2026.07.19.2
CEO_BARKED_TWICE,TX-L1-OPS-003,TRANSACTION,OPERATING_PAYMENT,OPS-003,BANK_LEDGER,authoring/ceo_transactions.csv,TX-L1-OPS-003,2025-08-20T00:00:00Z,,,SETTLED,OPS-003,"{""amount"":""4700.00"",""approved_by_record_id"":""PR-CONRAD-01"",""content_role"":""BACKGROUND"",""currency"":""BSC"",""destination_account_id"":""A-TAIL-3123"",""entered_by_record_id"":""PR-PENNY-01"",""invoice_id"":"""",""occurred_at"":""2025-08-20T00:00:00Z"",""purchase_order_id"":"""",""reference"":""OPS-003"",""reversed_transaction_id"":"""",""source_account_id"":""A-SCC-1001"",""source_system_id"":""BANK_LEDGER"",""status"":""SETTLED"",""transaction_id"":""TX-L1-OPS-003"",""transaction_type"":""OPERATING_PAYMENT""}",authoring/ceo_transactions.csv#TX-L1-OPS-003,BACKGROUND,98222b53775b469e609aada60d131ebd2be6fe9a21ef96a706323f8fc2810d30,2026.07.19.2
CEO_BARKED_TWICE,TX-L1-OPS-004,TRANSACTION,OPERATING_PAYMENT,OPS-004,BANK_LEDGER,authoring/ceo_transactions.csv,TX-L1-OPS-004,2025-08-29T00:00:00Z,,,SETTLED,OPS-004,"{""amount"":""5550.00"",""approved_by_record_id"":""PR-CONRAD-01"",""content_role"":""BACKGROUND"",""currency"":""BSC"",""destination_account_id"":""A-BLUEBOWL-3164"",""entered_by_record_id"":""PR-LUCY-01"",""invoice_id"":"""",""occurred_at"":""2025-08-29T00:00:00Z"",""purchase_order_id"":"""",""reference"":""OPS-004"",""reversed_transaction_id"":"""",""source_account_id"":""A-SCC-1001"",""source_system_id"":""BANK_LEDGER"",""status"":""SETTLED"",""transaction_id"":""TX-L1-OPS-004"",""transaction_type"":""OPERATING_PAYMENT""}",authoring/ceo_transactions.csv#TX-L1-OPS-004,BACKGROUND,4ecd019cca83e0f9379f612a26b02971d2ff35c6f3943ad11857305612bd82d2,2026.07.19.2
CEO_BARKED_TWICE,TX-L1-OPS-005,TRANSACTION,OPERATING_PAYMENT,OPS-005,BANK_LEDGER,authoring/ceo_transactions.csv,TX-L1-OPS-005,2025-09-07T00:00:00Z,,,SETTLED,OPS-005,"{""amount"":""6400.00"",""approved_by_record_id"":""PR-CONRAD-01"",""content_role"":""BACKGROUND"",""currency"":""BSC"",""destination_account_id"":""A-HOUNDOFF-3205"",""entered_by_record_id"":""PR-PENNY-01"",""invoice_id"":"""",""occurred_at"":""2025-09-07T00:00:00Z"",""purchase_order_id"":"""",""reference"":""OPS-005"",""reversed_transaction_id"":"""",""source_account_id"":""A-SCC-1001"",""source_system_id"":""BANK_LEDGER"",""status"":""SETTLED"",""transaction_id"":""TX-L1-OPS-005"",""transaction_type"":""OPERATING_PAYMENT""}",authoring/ceo_transactions.csv#TX-L1-OPS-005,BACKGROUND,31b356e6767394198e326b80dc6849e6af3c9c8c5b6ec756d642eb176d3fa1e3,2026.07.19.2
CEO_BARKED_TWICE,TX-L1-OPS-006,TRANSACTION,OPERATING_PAYMENT,OPS-006,BANK_LEDGER,authoring/ceo_transactions.csv,TX-L1-OPS-006,2025-09-16T00:00:00Z,,,SETTLED,OPS-006,"{""amount"":""7250.00"",""approved_by_record_id"":""PR-CONRAD-01"",""content_role"":""BACKGROUND"",""currency"":""BSC"",""destination_account_id"":""A-RETRIEVER-3246"",""entered_by_record_id"":""PR-LUCY-01"",""invoice_id"":"""",""occurred_at"":""2025-09-16T00:00:00Z"",""purchase_order_id"":"""",""reference"":""OPS-006"",""reversed_transaction_id"":"""",""source_account_id"":""A-SCC-1001"",""source_system_id"":""BANK_LEDGER"",""status"":""SETTLED"",""transaction_id"":""TX-L1-OPS-006"",""transaction_type"":""OPERATING_PAYMENT""}",authoring/ceo_transactions.csv#TX-L1-OPS-006,BACKGROUND,a17acfceeea3bb359b82b45b4939701a2931436d7507b549883e20b97b771cd6,2026.07.19.2
CEO_BARKED_TWICE,TX-L1-OPS-007,TRANSACTION,OPERATING_PAYMENT,OPS-007,BANK_LEDGER,authoring/ceo_transactions.csv,TX-L1-OPS-007,2025-09-25T00:00:00Z,,,SETTLED,OPS-007,"{""amount"":""3000.00"",""approved_by_record_id"":""PR-CONRAD-01"",""content_role"":""BACKGROUND"",""currency"":""BSC"",""destination_account_id"":""A-AUDIT-3287"",""entered_by_record_id"":""PR-PENNY-01"",""invoice_id"":"""",""occurred_at"":""2025-09-25T00:00:00Z"",""purchase_order_id"":"""",""reference"":""OPS-007"",""reversed_transaction_id"":"""",""source_account_id"":""A-SCC-1001"",""source_system_id"":""BANK_LEDGER"",""status"":""SETTLED"",""transaction_id"":""TX-L1-OPS-007"",""transaction_type"":""OPERATING_PAYMENT""}",authoring/ceo_transactions.csv#TX-L1-OPS-007,BACKGROUND,7d1ce13c4bf92d21b9a6300b51c6ca4fe765c6d92b92e17eff681a3c188161d6,2026.07.19.2
CEO_BARKED_TWICE,TX-L1-OPS-008,TRANSACTION,OPERATING_PAYMENT,OPS-008,BANK_LEDGER,authoring/ceo_transactions.csv,TX-L1-OPS-008,2025-10-04T00:00:00Z,,,SETTLED,OPS-008,"{""amount"":""3850.00"",""approved_by_record_id"":""PR-CONRAD-01"",""content_role"":""BACKGROUND"",""currency"":""BSC"",""destination_account_id"":""A-CLOUDMAIL-3328"",""entered_by_record_id"":""PR-LUCY-01"",""invoice_id"":"""",""occurred_at"":""2025-10-04T00:00:00Z"",""purchase_order_id"":"""",""reference"":""OPS-008"",""reversed_transaction_id"":"""",""source_account_id"":""A-SCC-1001"",""source_system_id"":""BANK_LEDGER"",""status"":""SETTLED"",""transaction_id"":""TX-L1-OPS-008"",""transaction_type"":""OPERATING_PAYMENT""}",authoring/ceo_transactions.csv#TX-L1-OPS-008,BACKGROUND,538463fcc5fcb07fe21811c1d11634f51b4d97188008e73bad5e41a6aa1384a3,2026.07.19.2
CEO_BARKED_TWICE,TX-L1-OPS-009,TRANSACTION,OPERATING_PAYMENT,OPS-009,BANK_LEDGER,authoring/ceo_transactions.csv,TX-L1-OPS-009,2025-10-13T00:00:00Z,,,SETTLED,OPS-009,"{""amount"":""4700.00"",""approved_by_record_id"":""PR-CONRAD-01"",""content_role"":""BACKGROUND"",""currency"":""BSC"",""destination_account_id"":""A-PAYMENTS-3369"",""entered_by_record_id"":""PR-PENNY-01"",""invoice_id"":"""",""occurred_at"":""2025-10-13T00:00:00Z"",""purchase_order_id"":"""",""reference"":""OPS-009"",""reversed_transaction_id"":"""",""source_account_id"":""A-SCC-1001"",""source_system_id"":""BANK_LEDGER"",""status"":""SETTLED"",""transaction_id"":""TX-L1-OPS-009"",""transaction_type"":""OPERATING_PAYMENT""}",authoring/ceo_transactions.csv#TX-L1-OPS-009,BACKGROUND,8d92532dee6fc69a2f0bb3b71bf2337507d877e7a45aed8a8344134ce2d6a3cc,2026.07.19.2
CEO_BARKED_TWICE,TX-L1-OPS-010,TRANSACTION,OPERATING_PAYMENT,OPS-010,BANK_LEDGER,authoring/ceo_transactions.csv,TX-L1-OPS-010,2025-10-22T00:00:00Z,,,SETTLED,OPS-010,"{""amount"":""5550.00"",""approved_by_record_id"":""PR-CONRAD-01"",""content_role"":""BACKGROUND"",""currency"":""BSC"",""destination_account_id"":""A-IRON-3041"",""entered_by_record_id"":""PR-LUCY-01"",""invoice_id"":"""",""occurred_at"":""2025-10-22T00:00:00Z"",""purchase_order_id"":"""",""reference"":""OPS-010"",""reversed_transaction_id"":"""",""source_account_id"":""A-SCC-1001"",""source_system_id"":""BANK_LEDGER"",""status"":""SETTLED"",""transaction_id"":""TX-L1-OPS-010"",""transaction_type"":""OPERATING_PAYMENT""}",authoring/ceo_transactions.csv#TX-L1-OPS-010,BACKGROUND,aa3cf8a962e519477928ef8fa05ecc2681f8027cb342a0a73728275ac926ddbb,2026.07.19.2
CEO_BARKED_TWICE,TX-L1-OPS-011,TRANSACTION,OPERATING_PAYMENT,OPS-011,BANK_LEDGER,authoring/ceo_transactions.csv,TX-L1-OPS-011,2025-10-31T00:00:00Z,,,SETTLED,OPS-011,"{""amount"":""6400.00"",""approved_by_record_id"":""PR-CONRAD-01"",""content_role"":""BACKGROUND"",""currency"":""BSC"",""destination_account_id"":""A-WIRE-3082"",""entered_by_record_id"":""PR-PENNY-01"",""invoice_id"":"""",""occurred_at"":""2025-10-31T00:00:00Z"",""purchase_order_id"":"""",""reference"":""OPS-011"",""reversed_transaction_id"":"""",""source_account_id"":""A-SCC-1001"",""source_system_id"":""BANK_LEDGER"",""status"":""SETTLED"",""transaction_id"":""TX-L1-OPS-011"",""transaction_type"":""OPERATING_PAYMENT""}",authoring/ceo_transactions.csv#TX-L1-OPS-011,BACKGROUND,4c601d334e6f2c357ce021ff2c11f3a847b6c5a4ca8a087962a6f81f5bfe3cbf,2026.07.19.2
CEO_BARKED_TWICE,TX-L1-OPS-012,TRANSACTION,OPERATING_PAYMENT,OPS-012,BANK_LEDGER,authoring/ceo_transactions.csv,TX-L1-OPS-012,2025-11-09T00:00:00Z,,,SETTLED,OPS-012,"{""amount"":""7250.00"",""approved_by_record_id"":""PR-CONRAD-01"",""content_role"":""BACKGROUND"",""currency"":""BSC"",""destination_account_id"":""A-TAIL-3123"",""entered_by_record_id"":""PR-LUCY-01"",""invoice_id"":"""",""occurred_at"":""2025-11-09T00:00:00Z"",""purchase_order_id"":"""",""reference"":""OPS-012"",""reversed_transaction_id"":"""",""source_account_id"":""A-SCC-1001"",""source_system_id"":""BANK_LEDGER"",""status"":""SETTLED"",""transaction_id"":""TX-L1-OPS-012"",""transaction_type"":""OPERATING_PAYMENT""}",authoring/ceo_transactions.csv#TX-L1-OPS-012,BACKGROUND,cbe32e1f8c70417c373706f3a4ea1f1f1fc809c56228f943651dcef5f50a541f,2026.07.19.2
CEO_BARKED_TWICE,TX-L1-OPS-013,TRANSACTION,OPERATING_PAYMENT,OPS-013,BANK_LEDGER,authoring/ceo_transactions.csv,TX-L1-OPS-013,2025-11-18T00:00:00Z,,,SETTLED,OPS-013,"{""amount"":""3000.00"",""approved_by_record_id"":""PR-CONRAD-01"",""content_role"":""BACKGROUND"",""currency"":""BSC"",""destination_account_id"":""A-BLUEBOWL-3164"",""entered_by_record_id"":""PR-PENNY-01"",""invoice_id"":"""",""occurred_at"":""2025-11-18T00:00:00Z"",""purchase_order_id"":"""",""reference"":""OPS-013"",""reversed_transaction_id"":"""",""source_account_id"":""A-SCC-1001"",""source_system_id"":""BANK_LEDGER"",""status"":""SETTLED"",""transaction_id"":""TX-L1-OPS-013"",""transaction_type"":""OPERATING_PAYMENT""}",authoring/ceo_transactions.csv#TX-L1-OPS-013,BACKGROUND,9c105d540d2bf14f9740028b3f8183ffa36bccee57932d961a38f5ec80083f71,2026.07.19.2
CEO_BARKED_TWICE,TX-L1-OPS-014,TRANSACTION,OPERATING_PAYMENT,OPS-014,BANK_LEDGER,authoring/ceo_transactions.csv,TX-L1-OPS-014,2025-11-27T00:00:00Z,,,SETTLED,OPS-014,"{""amount"":""3850.00"",""approved_by_record_id"":""PR-CONRAD-01"",""content_role"":""BACKGROUND"",""currency"":""BSC"",""destination_account_id"":""A-HOUNDOFF-3205"",""entered_by_record_id"":""PR-LUCY-01"",""invoice_id"":"""",""occurred_at"":""2025-11-27T00:00:00Z"",""purchase_order_id"":"""",""reference"":""OPS-014"",""reversed_transaction_id"":"""",""source_account_id"":""A-SCC-1001"",""source_system_id"":""BANK_LEDGER"",""status"":""SETTLED"",""transaction_id"":""TX-L1-OPS-014"",""transaction_type"":""OPERATING_PAYMENT""}",authoring/ceo_transactions.csv#TX-L1-OPS-014,BACKGROUND,54f2908ae37ed45ad85e16d2aab50aa920af440116dd7e3a7317ad2606eaa226,2026.07.19.2
CEO_BARKED_TWICE,TX-L1-OPS-015,TRANSACTION,OPERATING_PAYMENT,OPS-015,BANK_LEDGER,authoring/ceo_transactions.csv,TX-L1-OPS-015,2025-12-06T00:00:00Z,,,SETTLED,OPS-015,"{""amount"":""4700.00"",""approved_by_record_id"":""PR-CONRAD-01"",""content_role"":""BACKGROUND"",""currency"":""BSC"",""destination_account_id"":""A-RETRIEVER-3246"",""entered_by_record_id"":""PR-PENNY-01"",""invoice_id"":"""",""occurred_at"":""2025-12-06T00:00:00Z"",""purchase_order_id"":"""",""reference"":""OPS-015"",""reversed_transaction_id"":"""",""source_account_id"":""A-SCC-1001"",""source_system_id"":""BANK_LEDGER"",""status"":""SETTLED"",""transaction_id"":""TX-L1-OPS-015"",""transaction_type"":""OPERATING_PAYMENT""}",authoring/ceo_transactions.csv#TX-L1-OPS-015,BACKGROUND,44e5962173f6d51bd0db8e8d800ea340ba08d5ee903f4ff3dbaad35b3426e620,2026.07.19.2
CEO_BARKED_TWICE,TX-L1-OPS-016,TRANSACTION,OPERATING_PAYMENT,OPS-016,BANK_LEDGER,authoring/ceo_transactions.csv,TX-L1-OPS-016,2025-12-15T00:00:00Z,,,SETTLED,OPS-016,"{""amount"":""5550.00"",""approved_by_record_id"":""PR-CONRAD-01"",""content_role"":""BACKGROUND"",""currency"":""BSC"",""destination_account_id"":""A-AUDIT-3287"",""entered_by_record_id"":""PR-LUCY-01"",""invoice_id"":"""",""occurred_at"":""2025-12-15T00:00:00Z"",""purchase_order_id"":"""",""reference"":""OPS-016"",""reversed_transaction_id"":"""",""source_account_id"":""A-SCC-1001"",""source_system_id"":""BANK_LEDGER"",""status"":""SETTLED"",""transaction_id"":""TX-L1-OPS-016"",""transaction_type"":""OPERATING_PAYMENT""}",authoring/ceo_transactions.csv#TX-L1-OPS-016,BACKGROUND,c3c48c4b56476c31b4643eb469684a2ac4d07466bf9a68406daa03522c877736,2026.07.19.2
CEO_BARKED_TWICE,TX-L1-OPS-017,TRANSACTION,OPERATING_PAYMENT,OPS-017,BANK_LEDGER,authoring/ceo_transactions.csv,TX-L1-OPS-017,2025-12-24T00:00:00Z,,,SETTLED,OPS-017,"{""amount"":""6400.00"",""approved_by_record_id"":""PR-CONRAD-01"",""content_role"":""BACKGROUND"",""currency"":""BSC"",""destination_account_id"":""A-CLOUDMAIL-3328"",""entered_by_record_id"":""PR-PENNY-01"",""invoice_id"":"""",""occurred_at"":""2025-12-24T00:00:00Z"",""purchase_order_id"":"""",""reference"":""OPS-017"",""reversed_transaction_id"":"""",""source_account_id"":""A-SCC-1001"",""source_system_id"":""BANK_LEDGER"",""status"":""SETTLED"",""transaction_id"":""TX-L1-OPS-017"",""transaction_type"":""OPERATING_PAYMENT""}",authoring/ceo_transactions.csv#TX-L1-OPS-017,BACKGROUND,34135d10f8c4b28f67fc5bc0ea34c9bb8b6ca8f90b5c992e77509125b0c17dc4,2026.07.19.2
CEO_BARKED_TWICE,TX-L1-OPS-018,TRANSACTION,OPERATING_PAYMENT,OPS-018,BANK_LEDGER,authoring/ceo_transactions.csv,TX-L1-OPS-018,2026-01-02T00:00:00Z,,,SETTLED,OPS-018,"{""amount"":""7250.00"",""approved_by_record_id"":""PR-CONRAD-01"",""content_role"":""BACKGROUND"",""currency"":""BSC"",""destination_account_id"":""A-PAYMENTS-3369"",""entered_by_record_id"":""PR-LUCY-01"",""invoice_id"":"""",""occurred_at"":""2026-01-02T00:00:00Z"",""purchase_order_id"":"""",""reference"":""OPS-018"",""reversed_transaction_id"":"""",""source_account_id"":""A-SCC-1001"",""source_system_id"":""BANK_LEDGER"",""status"":""SETTLED"",""transaction_id"":""TX-L1-OPS-018"",""transaction_type"":""OPERATING_PAYMENT""}",authoring/ceo_transactions.csv#TX-L1-OPS-018,BACKGROUND,4d43dc0dd0d563c702fed0adda3660876247d07e28a261cd3b20d73f409d59a9,2026.07.19.2
CEO_BARKED_TWICE,TX-L1-OPS-019,TRANSACTION,OPERATING_PAYMENT,OPS-019,BANK_LEDGER,authoring/ceo_transactions.csv,TX-L1-OPS-019,2026-01-11T00:00:00Z,,,SETTLED,OPS-019,"{""amount"":""3000.00"",""approved_by_record_id"":""PR-CONRAD-01"",""content_role"":""BACKGROUND"",""currency"":""BSC"",""destination_account_id"":""A-IRON-3041"",""entered_by_record_id"":""PR-PENNY-01"",""invoice_id"":"""",""occurred_at"":""2026-01-11T00:00:00Z"",""purchase_order_id"":"""",""reference"":""OPS-019"",""reversed_transaction_id"":"""",""source_account_id"":""A-SCC-1001"",""source_system_id"":""BANK_LEDGER"",""status"":""SETTLED"",""transaction_id"":""TX-L1-OPS-019"",""transaction_type"":""OPERATING_PAYMENT""}",authoring/ceo_transactions.csv#TX-L1-OPS-019,BACKGROUND,a0b150b324cc2176dc4e7123ccf6229027014db3f477bf7372983ddfbcf18680,2026.07.19.2
CEO_BARKED_TWICE,TX-L1-OPS-020,TRANSACTION,OPERATING_PAYMENT,OPS-020,BANK_LEDGER,authoring/ceo_transactions.csv,TX-L1-OPS-020,2026-01-20T00:00:00Z,,,SETTLED,OPS-020,"{""amount"":""3850.00"",""approved_by_record_id"":""PR-CONRAD-01"",""content_role"":""BACKGROUND"",""currency"":""BSC"",""destination_account_id"":""A-WIRE-3082"",""entered_by_record_id"":""PR-LUCY-01"",""invoice_id"":"""",""occurred_at"":""2026-01-20T00:00:00Z"",""purchase_order_id"":"""",""reference"":""OPS-020"",""reversed_transaction_id"":"""",""source_account_id"":""A-SCC-1001"",""source_system_id"":""BANK_LEDGER"",""status"":""SETTLED"",""transaction_id"":""TX-L1-OPS-020"",""transaction_type"":""OPERATING_PAYMENT""}",authoring/ceo_transactions.csv#TX-L1-OPS-020,BACKGROUND,3af2c0de2c59f1f149479840cb2c4ef0c240dfd256dab9d491747523fbc53db2,2026.07.19.2
CEO_BARKED_TWICE,TX-L1-OPS-021,TRANSACTION,OPERATING_PAYMENT,OPS-021,BANK_LEDGER,authoring/ceo_transactions.csv,TX-L1-OPS-021,2026-01-29T00:00:00Z,,,SETTLED,OPS-021,"{""amount"":""4700.00"",""approved_by_record_id"":""PR-CONRAD-01"",""content_role"":""BACKGROUND"",""currency"":""BSC"",""destination_account_id"":""A-TAIL-3123"",""entered_by_record_id"":""PR-PENNY-01"",""invoice_id"":"""",""occurred_at"":""2026-01-29T00:00:00Z"",""purchase_order_id"":"""",""reference"":""OPS-021"",""reversed_transaction_id"":"""",""source_account_id"":""A-SCC-1001"",""source_system_id"":""BANK_LEDGER"",""status"":""SETTLED"",""transaction_id"":""TX-L1-OPS-021"",""transaction_type"":""OPERATING_PAYMENT""}",authoring/ceo_transactions.csv#TX-L1-OPS-021,BACKGROUND,c438fc2f1426c1cdc31b3a67d65502cd77882b90cde6e716662ecb63c186def8,2026.07.19.2
CEO_BARKED_TWICE,TX-L1-OPS-022,TRANSACTION,OPERATING_PAYMENT,OPS-022,BANK_LEDGER,authoring/ceo_transactions.csv,TX-L1-OPS-022,2026-02-07T00:00:00Z,,,SETTLED,OPS-022,"{""amount"":""5550.00"",""approved_by_record_id"":""PR-CONRAD-01"",""content_role"":""BACKGROUND"",""currency"":""BSC"",""destination_account_id"":""A-BLUEBOWL-3164"",""entered_by_record_id"":""PR-LUCY-01"",""invoice_id"":"""",""occurred_at"":""2026-02-07T00:00:00Z"",""purchase_order_id"":"""",""reference"":""OPS-022"",""reversed_transaction_id"":"""",""source_account_id"":""A-SCC-1001"",""source_system_id"":""BANK_LEDGER"",""status"":""SETTLED"",""transaction_id"":""TX-L1-OPS-022"",""transaction_type"":""OPERATING_PAYMENT""}",authoring/ceo_transactions.csv#TX-L1-OPS-022,BACKGROUND,2c367322767cc60f8e8c5094eee59e0b9a52243c0d0de49c50cc6b6990a5cb88,2026.07.19.2
CEO_BARKED_TWICE,TX-L1-OPS-023,TRANSACTION,OPERATING_PAYMENT,OPS-023,BANK_LEDGER,authoring/ceo_transactions.csv,TX-L1-OPS-023,2026-02-16T00:00:00Z,,,SETTLED,OPS-023,"{""amount"":""6400.00"",""approved_by_record_id"":""PR-CONRAD-01"",""content_role"":""BACKGROUND"",""currency"":""BSC"",""destination_account_id"":""A-HOUNDOFF-3205"",""entered_by_record_id"":""PR-PENNY-01"",""invoice_id"":"""",""occurred_at"":""2026-02-16T00:00:00Z"",""purchase_order_id"":"""",""reference"":""OPS-023"",""reversed_transaction_id"":"""",""source_account_id"":""A-SCC-1001"",""source_system_id"":""BANK_LEDGER"",""status"":""SETTLED"",""transaction_id"":""TX-L1-OPS-023"",""transaction_type"":""OPERATING_PAYMENT""}",authoring/ceo_transactions.csv#TX-L1-OPS-023,BACKGROUND,656ce48f17d474bc8d1e05947ae0afb7faf361df0883662d4f4f41e8d05b262c,2026.07.19.2
CEO_BARKED_TWICE,TX-L1-OPS-024,TRANSACTION,OPERATING_PAYMENT,OPS-024,BANK_LEDGER,authoring/ceo_transactions.csv,TX-L1-OPS-024,2026-02-25T00:00:00Z,,,SETTLED,OPS-024,"{""amount"":""7250.00"",""approved_by_record_id"":""PR-CONRAD-01"",""content_role"":""BACKGROUND"",""currency"":""BSC"",""destination_account_id"":""A-RETRIEVER-3246"",""entered_by_record_id"":""PR-LUCY-01"",""invoice_id"":"""",""occurred_at"":""2026-02-25T00:00:00Z"",""purchase_order_id"":"""",""reference"":""OPS-024"",""reversed_transaction_id"":"""",""source_account_id"":""A-SCC-1001"",""source_system_id"":""BANK_LEDGER"",""status"":""SETTLED"",""transaction_id"":""TX-L1-OPS-024"",""transaction_type"":""OPERATING_PAYMENT""}",authoring/ceo_transactions.csv#TX-L1-OPS-024,BACKGROUND,f43c77b1574521a0532e1e34018fb1f5cc79f74a8a924a4e527e8f08bc01edc9,2026.07.19.2
CEO_BARKED_TWICE,VCR-001,VENDOR_CHANGE_REQUEST,,VCR-001,AUTHORING,authoring/ceo_vendor_change_requests.csv,VCR-001,2026-02-10T09:12:00Z,,,APPROVED,VCR-001,"{""approved_by_record_id"":""PR-CONRAD-01"",""content_role"":""CORE_EVIDENCE"",""new_account_id"":""A-NIGHTJAR-8842"",""old_account_id"":""A-COPPER-2207"",""request_domain"":""copperpavv.example"",""requested_at"":""2026-02-10T09:12:00Z"",""requested_by_record_id"":""PR-PENNY-01"",""status"":""APPROVED"",""vendor_change_request_id"":""VCR-001"",""vendor_organization_record_id"":""OR-COPPER-01"",""verification_method"":""EMAIL_ONLY""}",authoring/ceo_vendor_change_requests.csv#VCR-001,CORE_EVIDENCE,813e8aa9c4e06661864837df52eb15ad0416dfcec61474e0cef71e58d6dddbd1,2026.07.19.2
CEO_BARKED_TWICE,VCR-002,VENDOR_CHANGE_REQUEST,,VCR-002,AUTHORING,authoring/ceo_vendor_change_requests.csv,VCR-002,2026-02-18T08:55:00Z,,,APPROVED,VCR-002,"{""approved_by_record_id"":""PR-CONRAD-01"",""content_role"":""CORE_EVIDENCE"",""new_account_id"":""A-NIGHTJAR-8842"",""old_account_id"":""A-COPPER-2207"",""request_domain"":""copperpavv.example"",""requested_at"":""2026-02-18T08:55:00Z"",""requested_by_record_id"":""PR-PENNY-01"",""status"":""APPROVED"",""vendor_change_request_id"":""VCR-002"",""vendor_organization_record_id"":""OR-COPPER-01"",""verification_method"":""EMAIL_ONLY""}",authoring/ceo_vendor_change_requests.csv#VCR-002,CORE_EVIDENCE,d336cd97902ca3a3a4e33cbd201a6b96aa37d82daf1580cf00553f1d8f510ca7,2026.07.19.2
CEO_BARKED_TWICE,VCR-003,VENDOR_CHANGE_REQUEST,,VCR-003,AUTHORING,authoring/ceo_vendor_change_requests.csv,VCR-003,2026-02-25T08:31:00Z,,,HELD,VCR-003,"{""approved_by_record_id"":""PR-CONRAD-01"",""content_role"":""CORE_EVIDENCE"",""new_account_id"":""A-NIGHTJAR-8842"",""old_account_id"":""A-COPPER-2207"",""request_domain"":""copperpavv.example"",""requested_at"":""2026-02-25T08:31:00Z"",""requested_by_record_id"":""PR-PENNY-01"",""status"":""HELD"",""vendor_change_request_id"":""VCR-003"",""vendor_organization_record_id"":""OR-COPPER-01"",""verification_method"":""CALLBACK_PENDING""}",authoring/ceo_vendor_change_requests.csv#VCR-003,CORE_EVIDENCE,b3e419ad4757410e45a955346a2edaf7fca4d007df114a80f4bae164b6929458,2026.07.19.2
CEO_BARKED_TWICE,VCR-004,VENDOR_CHANGE_REQUEST,,VCR-004,AUTHORING,authoring/ceo_vendor_change_requests.csv,VCR-004,2025-09-15T00:00:00Z,,,CANCELLED,VCR-004,"{""approved_by_record_id"":""PR-IDA-01"",""content_role"":""BACKGROUND"",""new_account_id"":""A-BLUEBOWL-3164"",""old_account_id"":""A-BLUEBOWL-3164"",""request_domain"":""blue.bowl.packaging.example"",""requested_at"":""2025-09-15T00:00:00Z"",""requested_by_record_id"":""PR-PENNY-01"",""status"":""CANCELLED"",""vendor_change_request_id"":""VCR-004"",""vendor_organization_record_id"":""OR-BLUEBOWL-01"",""verification_method"":""EMAIL_ONLY""}",authoring/ceo_vendor_change_requests.csv#VCR-004,BACKGROUND,f6efdbb45b0b7a2207dd9cdceabff66bb7a6f8443a02a592970a888e927a48a2,2026.07.19.2
CEO_BARKED_TWICE,VCR-005,VENDOR_CHANGE_REQUEST,,VCR-005,AUTHORING,authoring/ceo_vendor_change_requests.csv,VCR-005,2025-09-30T00:00:00Z,,,APPROVED,VCR-005,"{""approved_by_record_id"":""PR-IDA-01"",""content_role"":""BACKGROUND"",""new_account_id"":""A-HOUNDOFF-3205"",""old_account_id"":""A-HOUNDOFF-3205"",""request_domain"":""hound.office.solutions.example"",""requested_at"":""2025-09-30T00:00:00Z"",""requested_by_record_id"":""PR-PENNY-01"",""status"":""APPROVED"",""vendor_change_request_id"":""VCR-005"",""vendor_organization_record_id"":""OR-HOUNDOFF-01"",""verification_method"":""CALLBACK_VERIFIED""}",authoring/ceo_vendor_change_requests.csv#VCR-005,BACKGROUND,c51e162733760e370812fe06f4605877ce2b964818b1340b9ca42372fb6e0f90,2026.07.19.2
CEO_BARKED_TWICE,VCR-006,VENDOR_CHANGE_REQUEST,,VCR-006,AUTHORING,authoring/ceo_vendor_change_requests.csv,VCR-006,2025-10-15T00:00:00Z,,,REJECTED,VCR-006,"{""approved_by_record_id"":""PR-IDA-01"",""content_role"":""BACKGROUND"",""new_account_id"":""A-RETRIEVER-3246"",""old_account_id"":""A-RETRIEVER-3246"",""request_domain"":""retriever.robotics.example"",""requested_at"":""2025-10-15T00:00:00Z"",""requested_by_record_id"":""PR-PENNY-01"",""status"":""REJECTED"",""vendor_change_request_id"":""VCR-006"",""vendor_organization_record_id"":""OR-RETRIEVER-01"",""verification_method"":""SIGNED_FORM""}",authoring/ceo_vendor_change_requests.csv#VCR-006,BACKGROUND,e8d967bfe4c811b7431878c764359147e3a924d7f41bb6998915469a7fe43899,2026.07.19.2
CEO_BARKED_TWICE,VCR-007,VENDOR_CHANGE_REQUEST,,VCR-007,AUTHORING,authoring/ceo_vendor_change_requests.csv,VCR-007,2025-10-30T00:00:00Z,,,CANCELLED,VCR-007,"{""approved_by_record_id"":""PR-IDA-01"",""content_role"":""BACKGROUND"",""new_account_id"":""A-LEG-8221"",""old_account_id"":""A-COPPER-2207"",""request_domain"":""copperpaw.example"",""requested_at"":""2025-10-30T00:00:00Z"",""requested_by_record_id"":""PR-PENNY-01"",""status"":""CANCELLED"",""vendor_change_request_id"":""VCR-007"",""vendor_organization_record_id"":""OR-COPPER-01"",""verification_method"":""PORTAL_VERIFIED""}",authoring/ceo_vendor_change_requests.csv#VCR-007,BACKGROUND,1b760b719c8399f05dc92f0d1fd6359ab224ab8638fce4984ef2a0340762ba95,2026.07.19.2
CEO_BARKED_TWICE,VCR-008,VENDOR_CHANGE_REQUEST,,VCR-008,AUTHORING,authoring/ceo_vendor_change_requests.csv,VCR-008,2025-11-14T00:00:00Z,,,APPROVED,VCR-008,"{""approved_by_record_id"":""PR-IDA-01"",""content_role"":""BACKGROUND"",""new_account_id"":""A-LEG-8238"",""old_account_id"":""A-IRON-3041"",""request_domain"":""iron.leash.manufacturing.example"",""requested_at"":""2025-11-14T00:00:00Z"",""requested_by_record_id"":""PR-PENNY-01"",""status"":""APPROVED"",""vendor_change_request_id"":""VCR-008"",""vendor_organization_record_id"":""OR-IRON-01"",""verification_method"":""EMAIL_ONLY""}",authoring/ceo_vendor_change_requests.csv#VCR-008,BACKGROUND,fda531807618a46e83110b9c18de968c2cc82a11c871b04a849a72510a28bc5f,2026.07.19.2
CEO_BARKED_TWICE,VCR-009,VENDOR_CHANGE_REQUEST,,VCR-009,AUTHORING,authoring/ceo_vendor_change_requests.csv,VCR-009,2025-11-29T00:00:00Z,,,APPROVED,VCR-009,"{""approved_by_record_id"":""PR-IDA-01"",""content_role"":""BACKGROUND"",""new_account_id"":""A-LEG-8153"",""old_account_id"":""A-WIRE-3082"",""request_domain"":""wire.whisker.electronics.example"",""requested_at"":""2025-11-29T00:00:00Z"",""requested_by_record_id"":""PR-PENNY-01"",""status"":""APPROVED"",""vendor_change_request_id"":""VCR-009"",""vendor_organization_record_id"":""OR-WIRE-01"",""verification_method"":""CALLBACK_VERIFIED""}",authoring/ceo_vendor_change_requests.csv#VCR-009,BACKGROUND,041d2aea2660185b16253d52dcd8653de47df2aa32b456fc184a57f7b9cb7fec,2026.07.19.2
CEO_BARKED_TWICE,VCR-010,VENDOR_CHANGE_REQUEST,,VCR-010,AUTHORING,authoring/ceo_vendor_change_requests.csv,VCR-010,2025-12-14T00:00:00Z,,,CANCELLED,VCR-010,"{""approved_by_record_id"":""PR-IDA-01"",""content_role"":""BACKGROUND"",""new_account_id"":""A-LEG-8170"",""old_account_id"":""A-TAIL-3123"",""request_domain"":""tailspin.freight.co.example"",""requested_at"":""2025-12-14T00:00:00Z"",""requested_by_record_id"":""PR-PENNY-01"",""status"":""CANCELLED"",""vendor_change_request_id"":""VCR-010"",""vendor_organization_record_id"":""OR-TAIL-01"",""verification_method"":""SIGNED_FORM""}",authoring/ceo_vendor_change_requests.csv#VCR-010,BACKGROUND,0587e1f0c48bed90959d49b654b195bcb89013bb6e80558c6727341357853e1b,2026.07.19.2
CEO_BARKED_TWICE,VR-001,VENDOR_RELATIONSHIP,,VR-001,AUTHORING,authoring/ceo_vendor_relationships.csv,VR-001,,,,DORMANT,VR-001,"{""approved_account_id"":""A-COPPER-2207"",""buyer_organization_record_id"":""OR-SCC-01"",""callback_phone"":""+1-555-0501"",""content_role"":""CORE_EVIDENCE"",""onboarding_date"":""2022-01-01"",""risk_rating"":""LOW"",""status"":""DORMANT"",""vendor_number"":""VEND-1000"",""vendor_organization_record_id"":""OR-COPPER-01"",""vendor_relationship_id"":""VR-001""}",authoring/ceo_vendor_relationships.csv#VR-001,CORE_EVIDENCE,0b2a1b768a7e23586f693ca888b732ee0cf9f4c23ef6c727ccd8edbb40259ffa,2026.07.19.2
CEO_BARKED_TWICE,VR-008,VENDOR_RELATIONSHIP,,VR-008,AUTHORING,authoring/ceo_vendor_relationships.csv,VR-008,,,,DORMANT,VR-008,"{""approved_account_id"":""A-AUDIT-3287"",""buyer_organization_record_id"":""OR-SCC-01"",""callback_phone"":""+1-555-0508"",""content_role"":""BACKGROUND"",""onboarding_date"":""2022-10-29"",""risk_rating"":""MEDIUM"",""status"":""DORMANT"",""vendor_number"":""VEND-1007"",""vendor_organization_record_id"":""OR-AUDIT-01"",""vendor_relationship_id"":""VR-008""}",authoring/ceo_vendor_relationships.csv#VR-008,BACKGROUND,7d0d89425e1a44d8f51f77e593d799c9412dab3d96689612403da2d7a6e69703,2026.07.19.2
