case_id,profile_code,record_id,attribute_name,attribute_type,string_value,integer_value,decimal_value,boolean_value,date_value,timestamp_value,json_value,is_masked,ordinal,source_dataset,source_column,snapshot_version
BISCUIT_RELIEF,PUPPY,AD-0001,advertisement_id,STRING,AD-0001,,,,,,,false,1,genie/puppy/advertisements.csv,advertisement_id,2026.07.19.3
BISCUIT_RELIEF,PUPPY,AD-0001,campaign_id,STRING,CAMP-001,,,,,,,false,2,genie/puppy/advertisements.csv,campaign_id,2026.07.19.3
BISCUIT_RELIEF,PUPPY,AD-0001,ad_account_id,STRING,AD-GBRF-77,,,,,,,false,3,genie/puppy/advertisements.csv,ad_account_id,2026.07.19.3
BISCUIT_RELIEF,PUPPY,AD-0001,created_by_record_id,STRING,PR-MINA-02,,,,,,,false,4,genie/puppy/advertisements.csv,created_by_record_id,2026.07.19.3
BISCUIT_RELIEF,PUPPY,AD-0001,published_at,TIMESTAMP,,,,,,2025-01-15T00:00:00Z,,false,5,genie/puppy/advertisements.csv,published_at,2026.07.19.3
BISCUIT_RELIEF,PUPPY,AD-0001,spend_amount,DECIMAL,,,400.00,,,,,false,6,genie/puppy/advertisements.csv,spend_amount,2026.07.19.3
BISCUIT_RELIEF,PUPPY,AD-0001,impressions,INTEGER,,8000,,,,,,false,7,genie/puppy/advertisements.csv,impressions,2026.07.19.3
BISCUIT_RELIEF,PUPPY,AD-0001,clicks,INTEGER,,120,,,,,,false,8,genie/puppy/advertisements.csv,clicks,2026.07.19.3
BISCUIT_RELIEF,PUPPY,AD-0001,image_hash,STRING,img-storm-04,,,,,,,false,9,genie/puppy/advertisements.csv,image_hash,2026.07.19.3
BISCUIT_RELIEF,PUPPY,AD-0001,claim_theme,STRING,URGENCY,,,,,,,false,10,genie/puppy/advertisements.csv,claim_theme,2026.07.19.3
BISCUIT_RELIEF,PUPPY,AD-0001,source_system_id,STRING,AD_PLATFORM,,,,,,,false,11,genie/puppy/advertisements.csv,source_system_id,2026.07.19.3
BISCUIT_RELIEF,PUPPY,AD-0002,advertisement_id,STRING,AD-0002,,,,,,,false,1,genie/puppy/advertisements.csv,advertisement_id,2026.07.19.3
BISCUIT_RELIEF,PUPPY,AD-0002,campaign_id,STRING,CAMP-002,,,,,,,false,2,genie/puppy/advertisements.csv,campaign_id,2026.07.19.3
BISCUIT_RELIEF,PUPPY,AD-0002,ad_account_id,STRING,AD-GBRF-77,,,,,,,false,3,genie/puppy/advertisements.csv,ad_account_id,2026.07.19.3
BISCUIT_RELIEF,PUPPY,AD-0002,created_by_record_id,STRING,PR-MINA-02,,,,,,,false,4,genie/puppy/advertisements.csv,created_by_record_id,2026.07.19.3
BISCUIT_RELIEF,PUPPY,AD-0002,published_at,TIMESTAMP,,,,,,2025-01-19T00:00:00Z,,false,5,genie/puppy/advertisements.csv,published_at,2026.07.19.3
BISCUIT_RELIEF,PUPPY,AD-0002,spend_amount,DECIMAL,,,775.00,,,,,false,6,genie/puppy/advertisements.csv,spend_amount,2026.07.19.3
BISCUIT_RELIEF,PUPPY,AD-0002,impressions,INTEGER,,14500,,,,,,false,7,genie/puppy/advertisements.csv,impressions,2026.07.19.3
BISCUIT_RELIEF,PUPPY,AD-0002,clicks,INTEGER,,205,,,,,,false,8,genie/puppy/advertisements.csv,clicks,2026.07.19.3
BISCUIT_RELIEF,PUPPY,AD-0002,image_hash,STRING,img-boxes-11,,,,,,,false,9,genie/puppy/advertisements.csv,image_hash,2026.07.19.3
BISCUIT_RELIEF,PUPPY,AD-0002,claim_theme,STRING,MATCHING_FUNDS,,,,,,,false,10,genie/puppy/advertisements.csv,claim_theme,2026.07.19.3
BISCUIT_RELIEF,PUPPY,AD-0002,source_system_id,STRING,AD_PLATFORM,,,,,,,false,11,genie/puppy/advertisements.csv,source_system_id,2026.07.19.3
BISCUIT_RELIEF,PUPPY,AD-0003,advertisement_id,STRING,AD-0003,,,,,,,false,1,genie/puppy/advertisements.csv,advertisement_id,2026.07.19.3
BISCUIT_RELIEF,PUPPY,AD-0003,campaign_id,STRING,CAMP-003,,,,,,,false,2,genie/puppy/advertisements.csv,campaign_id,2026.07.19.3
BISCUIT_RELIEF,PUPPY,AD-0003,ad_account_id,STRING,AD-GBRF-77,,,,,,,false,3,genie/puppy/advertisements.csv,ad_account_id,2026.07.19.3
BISCUIT_RELIEF,PUPPY,AD-0003,created_by_record_id,STRING,PR-MINA-02,,,,,,,false,4,genie/puppy/advertisements.csv,created_by_record_id,2026.07.19.3
BISCUIT_RELIEF,PUPPY,AD-0003,published_at,TIMESTAMP,,,,,,2025-01-23T00:00:00Z,,false,5,genie/puppy/advertisements.csv,published_at,2026.07.19.3
BISCUIT_RELIEF,PUPPY,AD-0003,spend_amount,DECIMAL,,,1150.00,,,,,false,6,genie/puppy/advertisements.csv,spend_amount,2026.07.19.3
BISCUIT_RELIEF,PUPPY,AD-0003,impressions,INTEGER,,21000,,,,,,false,7,genie/puppy/advertisements.csv,impressions,2026.07.19.3
BISCUIT_RELIEF,PUPPY,AD-0003,clicks,INTEGER,,290,,,,,,false,8,genie/puppy/advertisements.csv,clicks,2026.07.19.3
BISCUIT_RELIEF,PUPPY,AD-0003,image_hash,STRING,img-volunteer-08,,,,,,,false,9,genie/puppy/advertisements.csv,image_hash,2026.07.19.3
BISCUIT_RELIEF,PUPPY,AD-0003,claim_theme,STRING,IMMEDIATE_DELIVERY,,,,,,,false,10,genie/puppy/advertisements.csv,claim_theme,2026.07.19.3
BISCUIT_RELIEF,PUPPY,AD-0003,source_system_id,STRING,AD_PLATFORM,,,,,,,false,11,genie/puppy/advertisements.csv,source_system_id,2026.07.19.3
BISCUIT_RELIEF,PUPPY,AD-0004,advertisement_id,STRING,AD-0004,,,,,,,false,1,genie/puppy/advertisements.csv,advertisement_id,2026.07.19.3
BISCUIT_RELIEF,PUPPY,AD-0004,campaign_id,STRING,CAMP-004,,,,,,,false,2,genie/puppy/advertisements.csv,campaign_id,2026.07.19.3
BISCUIT_RELIEF,PUPPY,AD-0004,ad_account_id,STRING,AD-GBRF-77,,,,,,,false,3,genie/puppy/advertisements.csv,ad_account_id,2026.07.19.3
BISCUIT_RELIEF,PUPPY,AD-0004,created_by_record_id,STRING,PR-MINA-02,,,,,,,false,4,genie/puppy/advertisements.csv,created_by_record_id,2026.07.19.3
BISCUIT_RELIEF,PUPPY,AD-0004,published_at,TIMESTAMP,,,,,,2025-01-27T00:00:00Z,,false,5,genie/puppy/advertisements.csv,published_at,2026.07.19.3
BISCUIT_RELIEF,PUPPY,AD-0004,spend_amount,DECIMAL,,,1525.00,,,,,false,6,genie/puppy/advertisements.csv,spend_amount,2026.07.19.3
BISCUIT_RELIEF,PUPPY,AD-0004,impressions,INTEGER,,27500,,,,,,false,7,genie/puppy/advertisements.csv,impressions,2026.07.19.3
BISCUIT_RELIEF,PUPPY,AD-0004,clicks,INTEGER,,375,,,,,,false,8,genie/puppy/advertisements.csv,clicks,2026.07.19.3
BISCUIT_RELIEF,PUPPY,AD-0004,image_hash,STRING,img-shelter-05,,,,,,,false,9,genie/puppy/advertisements.csv,image_hash,2026.07.19.3
BISCUIT_RELIEF,PUPPY,AD-0004,claim_theme,STRING,HIGH_IMPACT,,,,,,,false,10,genie/puppy/advertisements.csv,claim_theme,2026.07.19.3
BISCUIT_RELIEF,PUPPY,AD-0004,source_system_id,STRING,AD_PLATFORM,,,,,,,false,11,genie/puppy/advertisements.csv,source_system_id,2026.07.19.3
BISCUIT_RELIEF,PUPPY,AD-0005,advertisement_id,STRING,AD-0005,,,,,,,false,1,genie/puppy/advertisements.csv,advertisement_id,2026.07.19.3
BISCUIT_RELIEF,PUPPY,AD-0005,campaign_id,STRING,CAMP-005,,,,,,,false,2,genie/puppy/advertisements.csv,campaign_id,2026.07.19.3
BISCUIT_RELIEF,PUPPY,AD-0005,ad_account_id,STRING,AD-GBRF-77,,,,,,,false,3,genie/puppy/advertisements.csv,ad_account_id,2026.07.19.3
BISCUIT_RELIEF,PUPPY,AD-0005,created_by_record_id,STRING,PR-MINA-02,,,,,,,false,4,genie/puppy/advertisements.csv,created_by_record_id,2026.07.19.3
BISCUIT_RELIEF,PUPPY,AD-0005,published_at,TIMESTAMP,,,,,,2025-01-31T00:00:00Z,,false,5,genie/puppy/advertisements.csv,published_at,2026.07.19.3
BISCUIT_RELIEF,PUPPY,AD-0005,spend_amount,DECIMAL,,,1900.00,,,,,false,6,genie/puppy/advertisements.csv,spend_amount,2026.07.19.3
BISCUIT_RELIEF,PUPPY,AD-0005,impressions,INTEGER,,34000,,,,,,false,7,genie/puppy/advertisements.csv,impressions,2026.07.19.3
BISCUIT_RELIEF,PUPPY,AD-0005,clicks,INTEGER,,460,,,,,,false,8,genie/puppy/advertisements.csv,clicks,2026.07.19.3
BISCUIT_RELIEF,PUPPY,AD-0005,image_hash,STRING,img-pantry-03,,,,,,,false,9,genie/puppy/advertisements.csv,image_hash,2026.07.19.3
BISCUIT_RELIEF,PUPPY,AD-0005,claim_theme,STRING,URGENCY,,,,,,,false,10,genie/puppy/advertisements.csv,claim_theme,2026.07.19.3
BISCUIT_RELIEF,PUPPY,AD-0005,source_system_id,STRING,AD_PLATFORM,,,,,,,false,11,genie/puppy/advertisements.csv,source_system_id,2026.07.19.3
BISCUIT_RELIEF,PUPPY,AD-0006,advertisement_id,STRING,AD-0006,,,,,,,false,1,genie/puppy/advertisements.csv,advertisement_id,2026.07.19.3
BISCUIT_RELIEF,PUPPY,AD-0006,campaign_id,STRING,CAMP-006,,,,,,,false,2,genie/puppy/advertisements.csv,campaign_id,2026.07.19.3
BISCUIT_RELIEF,PUPPY,AD-0006,ad_account_id,STRING,AD-GBRF-77,,,,,,,false,3,genie/puppy/advertisements.csv,ad_account_id,2026.07.19.3
BISCUIT_RELIEF,PUPPY,AD-0006,created_by_record_id,STRING,PR-MINA-02,,,,,,,false,4,genie/puppy/advertisements.csv,created_by_record_id,2026.07.19.3
BISCUIT_RELIEF,PUPPY,AD-0006,published_at,TIMESTAMP,,,,,,2025-02-04T00:00:00Z,,false,5,genie/puppy/advertisements.csv,published_at,2026.07.19.3
BISCUIT_RELIEF,PUPPY,AD-0006,spend_amount,DECIMAL,,,2275.00,,,,,false,6,genie/puppy/advertisements.csv,spend_amount,2026.07.19.3
BISCUIT_RELIEF,PUPPY,AD-0006,impressions,INTEGER,,40500,,,,,,false,7,genie/puppy/advertisements.csv,impressions,2026.07.19.3
BISCUIT_RELIEF,PUPPY,AD-0006,clicks,INTEGER,,545,,,,,,false,8,genie/puppy/advertisements.csv,clicks,2026.07.19.3
BISCUIT_RELIEF,PUPPY,AD-0006,image_hash,STRING,img-storm-04,,,,,,,false,9,genie/puppy/advertisements.csv,image_hash,2026.07.19.3
BISCUIT_RELIEF,PUPPY,AD-0006,claim_theme,STRING,MATCHING_FUNDS,,,,,,,false,10,genie/puppy/advertisements.csv,claim_theme,2026.07.19.3
BISCUIT_RELIEF,PUPPY,AD-0006,source_system_id,STRING,AD_PLATFORM,,,,,,,false,11,genie/puppy/advertisements.csv,source_system_id,2026.07.19.3
BISCUIT_RELIEF,PUPPY,AD-0007,advertisement_id,STRING,AD-0007,,,,,,,false,1,genie/puppy/advertisements.csv,advertisement_id,2026.07.19.3
BISCUIT_RELIEF,PUPPY,AD-0007,campaign_id,STRING,CAMP-007,,,,,,,false,2,genie/puppy/advertisements.csv,campaign_id,2026.07.19.3
BISCUIT_RELIEF,PUPPY,AD-0007,ad_account_id,STRING,AD-GBRF-77,,,,,,,false,3,genie/puppy/advertisements.csv,ad_account_id,2026.07.19.3
BISCUIT_RELIEF,PUPPY,AD-0007,created_by_record_id,STRING,PR-MINA-02,,,,,,,false,4,genie/puppy/advertisements.csv,created_by_record_id,2026.07.19.3
BISCUIT_RELIEF,PUPPY,AD-0007,published_at,TIMESTAMP,,,,,,2025-02-08T00:00:00Z,,false,5,genie/puppy/advertisements.csv,published_at,2026.07.19.3
BISCUIT_RELIEF,PUPPY,AD-0007,spend_amount,DECIMAL,,,2650.00,,,,,false,6,genie/puppy/advertisements.csv,spend_amount,2026.07.19.3
BISCUIT_RELIEF,PUPPY,AD-0007,impressions,INTEGER,,47000,,,,,,false,7,genie/puppy/advertisements.csv,impressions,2026.07.19.3
BISCUIT_RELIEF,PUPPY,AD-0007,clicks,INTEGER,,630,,,,,,false,8,genie/puppy/advertisements.csv,clicks,2026.07.19.3
BISCUIT_RELIEF,PUPPY,AD-0007,image_hash,STRING,img-boxes-11,,,,,,,false,9,genie/puppy/advertisements.csv,image_hash,2026.07.19.3
BISCUIT_RELIEF,PUPPY,AD-0007,claim_theme,STRING,IMMEDIATE_DELIVERY,,,,,,,false,10,genie/puppy/advertisements.csv,claim_theme,2026.07.19.3
BISCUIT_RELIEF,PUPPY,AD-0007,source_system_id,STRING,AD_PLATFORM,,,,,,,false,11,genie/puppy/advertisements.csv,source_system_id,2026.07.19.3
BISCUIT_RELIEF,PUPPY,AD-0008,advertisement_id,STRING,AD-0008,,,,,,,false,1,genie/puppy/advertisements.csv,advertisement_id,2026.07.19.3
BISCUIT_RELIEF,PUPPY,AD-0008,campaign_id,STRING,CAMP-008,,,,,,,false,2,genie/puppy/advertisements.csv,campaign_id,2026.07.19.3
BISCUIT_RELIEF,PUPPY,AD-0008,ad_account_id,STRING,AD-GBRF-77,,,,,,,false,3,genie/puppy/advertisements.csv,ad_account_id,2026.07.19.3
BISCUIT_RELIEF,PUPPY,AD-0008,created_by_record_id,STRING,PR-MINA-02,,,,,,,false,4,genie/puppy/advertisements.csv,created_by_record_id,2026.07.19.3
BISCUIT_RELIEF,PUPPY,AD-0008,published_at,TIMESTAMP,,,,,,2025-02-12T00:00:00Z,,false,5,genie/puppy/advertisements.csv,published_at,2026.07.19.3
BISCUIT_RELIEF,PUPPY,AD-0008,spend_amount,DECIMAL,,,3025.00,,,,,false,6,genie/puppy/advertisements.csv,spend_amount,2026.07.19.3
BISCUIT_RELIEF,PUPPY,AD-0008,impressions,INTEGER,,53500,,,,,,false,7,genie/puppy/advertisements.csv,impressions,2026.07.19.3
BISCUIT_RELIEF,PUPPY,AD-0008,clicks,INTEGER,,715,,,,,,false,8,genie/puppy/advertisements.csv,clicks,2026.07.19.3
BISCUIT_RELIEF,PUPPY,AD-0008,image_hash,STRING,img-volunteer-08,,,,,,,false,9,genie/puppy/advertisements.csv,image_hash,2026.07.19.3
BISCUIT_RELIEF,PUPPY,AD-0008,claim_theme,STRING,HIGH_IMPACT,,,,,,,false,10,genie/puppy/advertisements.csv,claim_theme,2026.07.19.3
BISCUIT_RELIEF,PUPPY,AD-0008,source_system_id,STRING,AD_PLATFORM,,,,,,,false,11,genie/puppy/advertisements.csv,source_system_id,2026.07.19.3
BISCUIT_RELIEF,PUPPY,AD-0009,advertisement_id,STRING,AD-0009,,,,,,,false,1,genie/puppy/advertisements.csv,advertisement_id,2026.07.19.3
BISCUIT_RELIEF,PUPPY,AD-0009,campaign_id,STRING,CAMP-009,,,,,,,false,2,genie/puppy/advertisements.csv,campaign_id,2026.07.19.3
BISCUIT_RELIEF,PUPPY,AD-0009,ad_account_id,STRING,AD-GBRF-77,,,,,,,false,3,genie/puppy/advertisements.csv,ad_account_id,2026.07.19.3
BISCUIT_RELIEF,PUPPY,AD-0009,created_by_record_id,STRING,PR-MINA-02,,,,,,,false,4,genie/puppy/advertisements.csv,created_by_record_id,2026.07.19.3
BISCUIT_RELIEF,PUPPY,AD-0009,published_at,TIMESTAMP,,,,,,2025-02-16T00:00:00Z,,false,5,genie/puppy/advertisements.csv,published_at,2026.07.19.3
BISCUIT_RELIEF,PUPPY,AD-0009,spend_amount,DECIMAL,,,3400.00,,,,,false,6,genie/puppy/advertisements.csv,spend_amount,2026.07.19.3
BISCUIT_RELIEF,PUPPY,AD-0009,impressions,INTEGER,,60000,,,,,,false,7,genie/puppy/advertisements.csv,impressions,2026.07.19.3
BISCUIT_RELIEF,PUPPY,AD-0009,clicks,INTEGER,,800,,,,,,false,8,genie/puppy/advertisements.csv,clicks,2026.07.19.3
BISCUIT_RELIEF,PUPPY,AD-0009,image_hash,STRING,img-shelter-05,,,,,,,false,9,genie/puppy/advertisements.csv,image_hash,2026.07.19.3
BISCUIT_RELIEF,PUPPY,AD-0009,claim_theme,STRING,URGENCY,,,,,,,false,10,genie/puppy/advertisements.csv,claim_theme,2026.07.19.3
BISCUIT_RELIEF,PUPPY,AD-0009,source_system_id,STRING,AD_PLATFORM,,,,,,,false,11,genie/puppy/advertisements.csv,source_system_id,2026.07.19.3
BISCUIT_RELIEF,PUPPY,AD-0010,advertisement_id,STRING,AD-0010,,,,,,,false,1,genie/puppy/advertisements.csv,advertisement_id,2026.07.19.3
BISCUIT_RELIEF,PUPPY,AD-0010,campaign_id,STRING,CAMP-010,,,,,,,false,2,genie/puppy/advertisements.csv,campaign_id,2026.07.19.3
BISCUIT_RELIEF,PUPPY,AD-0010,ad_account_id,STRING,AD-GBRF-77,,,,,,,false,3,genie/puppy/advertisements.csv,ad_account_id,2026.07.19.3
BISCUIT_RELIEF,PUPPY,AD-0010,created_by_record_id,STRING,PR-MINA-02,,,,,,,false,4,genie/puppy/advertisements.csv,created_by_record_id,2026.07.19.3
BISCUIT_RELIEF,PUPPY,AD-0010,published_at,TIMESTAMP,,,,,,2025-02-20T00:00:00Z,,false,5,genie/puppy/advertisements.csv,published_at,2026.07.19.3
BISCUIT_RELIEF,PUPPY,AD-0010,spend_amount,DECIMAL,,,3775.00,,,,,false,6,genie/puppy/advertisements.csv,spend_amount,2026.07.19.3
BISCUIT_RELIEF,PUPPY,AD-0010,impressions,INTEGER,,66500,,,,,,false,7,genie/puppy/advertisements.csv,impressions,2026.07.19.3
BISCUIT_RELIEF,PUPPY,AD-0010,clicks,INTEGER,,885,,,,,,false,8,genie/puppy/advertisements.csv,clicks,2026.07.19.3
BISCUIT_RELIEF,PUPPY,AD-0010,image_hash,STRING,img-pantry-03,,,,,,,false,9,genie/puppy/advertisements.csv,image_hash,2026.07.19.3
BISCUIT_RELIEF,PUPPY,AD-0010,claim_theme,STRING,MATCHING_FUNDS,,,,,,,false,10,genie/puppy/advertisements.csv,claim_theme,2026.07.19.3
BISCUIT_RELIEF,PUPPY,AD-0010,source_system_id,STRING,AD_PLATFORM,,,,,,,false,11,genie/puppy/advertisements.csv,source_system_id,2026.07.19.3
BISCUIT_RELIEF,PUPPY,AD-0011,advertisement_id,STRING,AD-0011,,,,,,,false,1,genie/puppy/advertisements.csv,advertisement_id,2026.07.19.3
BISCUIT_RELIEF,PUPPY,AD-0011,campaign_id,STRING,CAMP-011,,,,,,,false,2,genie/puppy/advertisements.csv,campaign_id,2026.07.19.3
BISCUIT_RELIEF,PUPPY,AD-0011,ad_account_id,STRING,AD-GBRF-77,,,,,,,false,3,genie/puppy/advertisements.csv,ad_account_id,2026.07.19.3
BISCUIT_RELIEF,PUPPY,AD-0011,created_by_record_id,STRING,PR-MINA-02,,,,,,,false,4,genie/puppy/advertisements.csv,created_by_record_id,2026.07.19.3
BISCUIT_RELIEF,PUPPY,AD-0011,published_at,TIMESTAMP,,,,,,2025-02-24T00:00:00Z,,false,5,genie/puppy/advertisements.csv,published_at,2026.07.19.3
BISCUIT_RELIEF,PUPPY,AD-0011,spend_amount,DECIMAL,,,400.00,,,,,false,6,genie/puppy/advertisements.csv,spend_amount,2026.07.19.3
BISCUIT_RELIEF,PUPPY,AD-0011,impressions,INTEGER,,73000,,,,,,false,7,genie/puppy/advertisements.csv,impressions,2026.07.19.3
BISCUIT_RELIEF,PUPPY,AD-0011,clicks,INTEGER,,970,,,,,,false,8,genie/puppy/advertisements.csv,clicks,2026.07.19.3
BISCUIT_RELIEF,PUPPY,AD-0011,image_hash,STRING,img-storm-04,,,,,,,false,9,genie/puppy/advertisements.csv,image_hash,2026.07.19.3
BISCUIT_RELIEF,PUPPY,AD-0011,claim_theme,STRING,IMMEDIATE_DELIVERY,,,,,,,false,10,genie/puppy/advertisements.csv,claim_theme,2026.07.19.3
BISCUIT_RELIEF,PUPPY,AD-0011,source_system_id,STRING,AD_PLATFORM,,,,,,,false,11,genie/puppy/advertisements.csv,source_system_id,2026.07.19.3
BISCUIT_RELIEF,PUPPY,AD-0012,advertisement_id,STRING,AD-0012,,,,,,,false,1,genie/puppy/advertisements.csv,advertisement_id,2026.07.19.3
BISCUIT_RELIEF,PUPPY,AD-0012,campaign_id,STRING,CAMP-012,,,,,,,false,2,genie/puppy/advertisements.csv,campaign_id,2026.07.19.3
BISCUIT_RELIEF,PUPPY,AD-0012,ad_account_id,STRING,AD-GBRF-77,,,,,,,false,3,genie/puppy/advertisements.csv,ad_account_id,2026.07.19.3
BISCUIT_RELIEF,PUPPY,AD-0012,created_by_record_id,STRING,PR-MINA-02,,,,,,,false,4,genie/puppy/advertisements.csv,created_by_record_id,2026.07.19.3
BISCUIT_RELIEF,PUPPY,AD-0012,published_at,TIMESTAMP,,,,,,2025-02-28T00:00:00Z,,false,5,genie/puppy/advertisements.csv,published_at,2026.07.19.3
BISCUIT_RELIEF,PUPPY,AD-0012,spend_amount,DECIMAL,,,775.00,,,,,false,6,genie/puppy/advertisements.csv,spend_amount,2026.07.19.3
BISCUIT_RELIEF,PUPPY,AD-0012,impressions,INTEGER,,79500,,,,,,false,7,genie/puppy/advertisements.csv,impressions,2026.07.19.3
BISCUIT_RELIEF,PUPPY,AD-0012,clicks,INTEGER,,120,,,,,,false,8,genie/puppy/advertisements.csv,clicks,2026.07.19.3
BISCUIT_RELIEF,PUPPY,AD-0012,image_hash,STRING,img-boxes-11,,,,,,,false,9,genie/puppy/advertisements.csv,image_hash,2026.07.19.3
BISCUIT_RELIEF,PUPPY,AD-0012,claim_theme,STRING,HIGH_IMPACT,,,,,,,false,10,genie/puppy/advertisements.csv,claim_theme,2026.07.19.3
BISCUIT_RELIEF,PUPPY,AD-0012,source_system_id,STRING,AD_PLATFORM,,,,,,,false,11,genie/puppy/advertisements.csv,source_system_id,2026.07.19.3
BISCUIT_RELIEF,PUPPY,BEN-001,beneficiary_program_id,STRING,BEN-001,,,,,,,false,1,genie/puppy/beneficiaries.csv,beneficiary_program_id,2026.07.19.3
BISCUIT_RELIEF,PUPPY,BEN-001,beneficiary_organization_record_id,STRING,OR-PAWBRIDGE-02,,,,,,,false,2,genie/puppy/beneficiaries.csv,beneficiary_organization_record_id,2026.07.19.3
BISCUIT_RELIEF,PUPPY,BEN-001,program_name,STRING,Emergency Food Bowls,,,,,,,false,3,genie/puppy/beneficiaries.csv,program_name,2026.07.19.3
BISCUIT_RELIEF,PUPPY,BEN-001,service_area,STRING,Bridge District,,,,,,,false,4,genie/puppy/beneficiaries.csv,service_area,2026.07.19.3
BISCUIT_RELIEF,PUPPY,BEN-001,requested_families,INTEGER,,80,,,,,,false,5,genie/puppy/beneficiaries.csv,requested_families,2026.07.19.3
BISCUIT_RELIEF,PUPPY,BEN-001,verified_capacity,INTEGER,,60,,,,,,false,6,genie/puppy/beneficiaries.csv,verified_capacity,2026.07.19.3
BISCUIT_RELIEF,PUPPY,BEN-001,source_system_id,STRING,BENEFICIARY_LEDGER,,,,,,,false,7,genie/puppy/beneficiaries.csv,source_system_id,2026.07.19.3
BISCUIT_RELIEF,PUPPY,BEN-002,beneficiary_program_id,STRING,BEN-002,,,,,,,false,1,genie/puppy/beneficiaries.csv,beneficiary_program_id,2026.07.19.3
BISCUIT_RELIEF,PUPPY,BEN-002,beneficiary_organization_record_id,STRING,OR-HARBOR-02,,,,,,,false,2,genie/puppy/beneficiaries.csv,beneficiary_organization_record_id,2026.07.19.3
BISCUIT_RELIEF,PUPPY,BEN-002,program_name,STRING,Temporary Kennel Beds,,,,,,,false,3,genie/puppy/beneficiaries.csv,program_name,2026.07.19.3
BISCUIT_RELIEF,PUPPY,BEN-002,service_area,STRING,Harbor Ward,,,,,,,false,4,genie/puppy/beneficiaries.csv,service_area,2026.07.19.3
BISCUIT_RELIEF,PUPPY,BEN-002,requested_families,INTEGER,,105,,,,,,false,5,genie/puppy/beneficiaries.csv,requested_families,2026.07.19.3
BISCUIT_RELIEF,PUPPY,BEN-002,verified_capacity,INTEGER,,80,,,,,,false,6,genie/puppy/beneficiaries.csv,verified_capacity,2026.07.19.3
BISCUIT_RELIEF,PUPPY,BEN-002,source_system_id,STRING,BENEFICIARY_LEDGER,,,,,,,false,7,genie/puppy/beneficiaries.csv,source_system_id,2026.07.19.3
BISCUIT_RELIEF,PUPPY,BEN-003,beneficiary_program_id,STRING,BEN-003,,,,,,,false,1,genie/puppy/beneficiaries.csv,beneficiary_program_id,2026.07.19.3
BISCUIT_RELIEF,PUPPY,BEN-003,beneficiary_organization_record_id,STRING,OR-WARM-02,,,,,,,false,2,genie/puppy/beneficiaries.csv,beneficiary_organization_record_id,2026.07.19.3
BISCUIT_RELIEF,PUPPY,BEN-003,program_name,STRING,Medication and Hygiene Kits,,,,,,,false,3,genie/puppy/beneficiaries.csv,program_name,2026.07.19.3
BISCUIT_RELIEF,PUPPY,BEN-003,service_area,STRING,Hearth Quarter,,,,,,,false,4,genie/puppy/beneficiaries.csv,service_area,2026.07.19.3
BISCUIT_RELIEF,PUPPY,BEN-003,requested_families,INTEGER,,130,,,,,,false,5,genie/puppy/beneficiaries.csv,requested_families,2026.07.19.3
BISCUIT_RELIEF,PUPPY,BEN-003,verified_capacity,INTEGER,,100,,,,,,false,6,genie/puppy/beneficiaries.csv,verified_capacity,2026.07.19.3
BISCUIT_RELIEF,PUPPY,BEN-003,source_system_id,STRING,BENEFICIARY_LEDGER,,,,,,,false,7,genie/puppy/beneficiaries.csv,source_system_id,2026.07.19.3
BISCUIT_RELIEF,PUPPY,BEN-004,beneficiary_program_id,STRING,BEN-004,,,,,,,false,1,genie/puppy/beneficiaries.csv,beneficiary_program_id,2026.07.19.3
BISCUIT_RELIEF,PUPPY,BEN-004,beneficiary_organization_record_id,STRING,OR-PAWBRIDGE-02,,,,,,,false,2,genie/puppy/beneficiaries.csv,beneficiary_organization_record_id,2026.07.19.3
BISCUIT_RELIEF,PUPPY,BEN-004,program_name,STRING,Family Transport Vouchers,,,,,,,false,3,genie/puppy/beneficiaries.csv,program_name,2026.07.19.3
BISCUIT_RELIEF,PUPPY,BEN-004,service_area,STRING,Bridge District,,,,,,,false,4,genie/puppy/beneficiaries.csv,service_area,2026.07.19.3
BISCUIT_RELIEF,PUPPY,BEN-004,requested_families,INTEGER,,155,,,,,,false,5,genie/puppy/beneficiaries.csv,requested_families,2026.07.19.3
BISCUIT_RELIEF,PUPPY,BEN-004,verified_capacity,INTEGER,,120,,,,,,false,6,genie/puppy/beneficiaries.csv,verified_capacity,2026.07.19.3
BISCUIT_RELIEF,PUPPY,BEN-004,source_system_id,STRING,BENEFICIARY_LEDGER,,,,,,,false,7,genie/puppy/beneficiaries.csv,source_system_id,2026.07.19.3
BISCUIT_RELIEF,PUPPY,BEN-005,beneficiary_program_id,STRING,BEN-005,,,,,,,false,1,genie/puppy/beneficiaries.csv,beneficiary_program_id,2026.07.19.3
BISCUIT_RELIEF,PUPPY,BEN-005,beneficiary_organization_record_id,STRING,OR-HARBOR-02,,,,,,,false,2,genie/puppy/beneficiaries.csv,beneficiary_organization_record_id,2026.07.19.3
BISCUIT_RELIEF,PUPPY,BEN-005,program_name,STRING,Roof Patch Materials,,,,,,,false,3,genie/puppy/beneficiaries.csv,program_name,2026.07.19.3
BISCUIT_RELIEF,PUPPY,BEN-005,service_area,STRING,Harbor Ward,,,,,,,false,4,genie/puppy/beneficiaries.csv,service_area,2026.07.19.3
BISCUIT_RELIEF,PUPPY,BEN-005,requested_families,INTEGER,,180,,,,,,false,5,genie/puppy/beneficiaries.csv,requested_families,2026.07.19.3
BISCUIT_RELIEF,PUPPY,BEN-005,verified_capacity,INTEGER,,140,,,,,,false,6,genie/puppy/beneficiaries.csv,verified_capacity,2026.07.19.3
BISCUIT_RELIEF,PUPPY,BEN-005,source_system_id,STRING,BENEFICIARY_LEDGER,,,,,,,false,7,genie/puppy/beneficiaries.csv,source_system_id,2026.07.19.3
BISCUIT_RELIEF,PUPPY,BEN-006,beneficiary_program_id,STRING,BEN-006,,,,,,,false,1,genie/puppy/beneficiaries.csv,beneficiary_program_id,2026.07.19.3
BISCUIT_RELIEF,PUPPY,BEN-006,beneficiary_organization_record_id,STRING,OR-WARM-02,,,,,,,false,2,genie/puppy/beneficiaries.csv,beneficiary_organization_record_id,2026.07.19.3
BISCUIT_RELIEF,PUPPY,BEN-006,program_name,STRING,Community Pantry Restock,,,,,,,false,3,genie/puppy/beneficiaries.csv,program_name,2026.07.19.3
BISCUIT_RELIEF,PUPPY,BEN-006,service_area,STRING,Hearth Quarter,,,,,,,false,4,genie/puppy/beneficiaries.csv,service_area,2026.07.19.3
BISCUIT_RELIEF,PUPPY,BEN-006,requested_families,INTEGER,,205,,,,,,false,5,genie/puppy/beneficiaries.csv,requested_families,2026.07.19.3
BISCUIT_RELIEF,PUPPY,BEN-006,verified_capacity,INTEGER,,160,,,,,,false,6,genie/puppy/beneficiaries.csv,verified_capacity,2026.07.19.3
BISCUIT_RELIEF,PUPPY,BEN-006,source_system_id,STRING,BENEFICIARY_LEDGER,,,,,,,false,7,genie/puppy/beneficiaries.csv,source_system_id,2026.07.19.3
BISCUIT_RELIEF,PUPPY,BEN-007,beneficiary_program_id,STRING,BEN-007,,,,,,,false,1,genie/puppy/beneficiaries.csv,beneficiary_program_id,2026.07.19.3
BISCUIT_RELIEF,PUPPY,BEN-007,beneficiary_organization_record_id,STRING,OR-PAWBRIDGE-02,,,,,,,false,2,genie/puppy/beneficiaries.csv,beneficiary_organization_record_id,2026.07.19.3
BISCUIT_RELIEF,PUPPY,BEN-007,program_name,STRING,Emergency Food Bowls,,,,,,,false,3,genie/puppy/beneficiaries.csv,program_name,2026.07.19.3
BISCUIT_RELIEF,PUPPY,BEN-007,service_area,STRING,Bridge District,,,,,,,false,4,genie/puppy/beneficiaries.csv,service_area,2026.07.19.3
BISCUIT_RELIEF,PUPPY,BEN-007,requested_families,INTEGER,,230,,,,,,false,5,genie/puppy/beneficiaries.csv,requested_families,2026.07.19.3
BISCUIT_RELIEF,PUPPY,BEN-007,verified_capacity,INTEGER,,180,,,,,,false,6,genie/puppy/beneficiaries.csv,verified_capacity,2026.07.19.3
BISCUIT_RELIEF,PUPPY,BEN-007,source_system_id,STRING,BENEFICIARY_LEDGER,,,,,,,false,7,genie/puppy/beneficiaries.csv,source_system_id,2026.07.19.3
BISCUIT_RELIEF,PUPPY,BEN-008,beneficiary_program_id,STRING,BEN-008,,,,,,,false,1,genie/puppy/beneficiaries.csv,beneficiary_program_id,2026.07.19.3
BISCUIT_RELIEF,PUPPY,BEN-008,beneficiary_organization_record_id,STRING,OR-HARBOR-02,,,,,,,false,2,genie/puppy/beneficiaries.csv,beneficiary_organization_record_id,2026.07.19.3
BISCUIT_RELIEF,PUPPY,BEN-008,program_name,STRING,Temporary Kennel Beds,,,,,,,false,3,genie/puppy/beneficiaries.csv,program_name,2026.07.19.3
BISCUIT_RELIEF,PUPPY,BEN-008,service_area,STRING,Harbor Ward,,,,,,,false,4,genie/puppy/beneficiaries.csv,service_area,2026.07.19.3
BISCUIT_RELIEF,PUPPY,BEN-008,requested_families,INTEGER,,255,,,,,,false,5,genie/puppy/beneficiaries.csv,requested_families,2026.07.19.3
BISCUIT_RELIEF,PUPPY,BEN-008,verified_capacity,INTEGER,,60,,,,,,false,6,genie/puppy/beneficiaries.csv,verified_capacity,2026.07.19.3
BISCUIT_RELIEF,PUPPY,BEN-008,source_system_id,STRING,BENEFICIARY_LEDGER,,,,,,,false,7,genie/puppy/beneficiaries.csv,source_system_id,2026.07.19.3
BISCUIT_RELIEF,PUPPY,BEN-009,beneficiary_program_id,STRING,BEN-009,,,,,,,false,1,genie/puppy/beneficiaries.csv,beneficiary_program_id,2026.07.19.3
BISCUIT_RELIEF,PUPPY,BEN-009,beneficiary_organization_record_id,STRING,OR-WARM-02,,,,,,,false,2,genie/puppy/beneficiaries.csv,beneficiary_organization_record_id,2026.07.19.3
BISCUIT_RELIEF,PUPPY,BEN-009,program_name,STRING,Medication and Hygiene Kits,,,,,,,false,3,genie/puppy/beneficiaries.csv,program_name,2026.07.19.3
BISCUIT_RELIEF,PUPPY,BEN-009,service_area,STRING,Hearth Quarter,,,,,,,false,4,genie/puppy/beneficiaries.csv,service_area,2026.07.19.3
BISCUIT_RELIEF,PUPPY,BEN-009,requested_families,INTEGER,,80,,,,,,false,5,genie/puppy/beneficiaries.csv,requested_families,2026.07.19.3
BISCUIT_RELIEF,PUPPY,BEN-009,verified_capacity,INTEGER,,80,,,,,,false,6,genie/puppy/beneficiaries.csv,verified_capacity,2026.07.19.3
BISCUIT_RELIEF,PUPPY,BEN-009,source_system_id,STRING,BENEFICIARY_LEDGER,,,,,,,false,7,genie/puppy/beneficiaries.csv,source_system_id,2026.07.19.3
BISCUIT_RELIEF,PUPPY,BEN-010,beneficiary_program_id,STRING,BEN-010,,,,,,,false,1,genie/puppy/beneficiaries.csv,beneficiary_program_id,2026.07.19.3
BISCUIT_RELIEF,PUPPY,BEN-010,beneficiary_organization_record_id,STRING,OR-PAWBRIDGE-02,,,,,,,false,2,genie/puppy/beneficiaries.csv,beneficiary_organization_record_id,2026.07.19.3
BISCUIT_RELIEF,PUPPY,BEN-010,program_name,STRING,Family Transport Vouchers,,,,,,,false,3,genie/puppy/beneficiaries.csv,program_name,2026.07.19.3
BISCUIT_RELIEF,PUPPY,BEN-010,service_area,STRING,Bridge District,,,,,,,false,4,genie/puppy/beneficiaries.csv,service_area,2026.07.19.3
BISCUIT_RELIEF,PUPPY,BEN-010,requested_families,INTEGER,,105,,,,,,false,5,genie/puppy/beneficiaries.csv,requested_families,2026.07.19.3
BISCUIT_RELIEF,PUPPY,BEN-010,verified_capacity,INTEGER,,100,,,,,,false,6,genie/puppy/beneficiaries.csv,verified_capacity,2026.07.19.3
BISCUIT_RELIEF,PUPPY,BEN-010,source_system_id,STRING,BENEFICIARY_LEDGER,,,,,,,false,7,genie/puppy/beneficiaries.csv,source_system_id,2026.07.19.3
BISCUIT_RELIEF,PUPPY,BEN-011,beneficiary_program_id,STRING,BEN-011,,,,,,,false,1,genie/puppy/beneficiaries.csv,beneficiary_program_id,2026.07.19.3
BISCUIT_RELIEF,PUPPY,BEN-011,beneficiary_organization_record_id,STRING,OR-HARBOR-02,,,,,,,false,2,genie/puppy/beneficiaries.csv,beneficiary_organization_record_id,2026.07.19.3
BISCUIT_RELIEF,PUPPY,BEN-011,program_name,STRING,Roof Patch Materials,,,,,,,false,3,genie/puppy/beneficiaries.csv,program_name,2026.07.19.3
BISCUIT_RELIEF,PUPPY,BEN-011,service_area,STRING,Harbor Ward,,,,,,,false,4,genie/puppy/beneficiaries.csv,service_area,2026.07.19.3
BISCUIT_RELIEF,PUPPY,BEN-011,requested_families,INTEGER,,130,,,,,,false,5,genie/puppy/beneficiaries.csv,requested_families,2026.07.19.3
BISCUIT_RELIEF,PUPPY,BEN-011,verified_capacity,INTEGER,,120,,,,,,false,6,genie/puppy/beneficiaries.csv,verified_capacity,2026.07.19.3
BISCUIT_RELIEF,PUPPY,BEN-011,source_system_id,STRING,BENEFICIARY_LEDGER,,,,,,,false,7,genie/puppy/beneficiaries.csv,source_system_id,2026.07.19.3
BISCUIT_RELIEF,PUPPY,BEN-012,beneficiary_program_id,STRING,BEN-012,,,,,,,false,1,genie/puppy/beneficiaries.csv,beneficiary_program_id,2026.07.19.3
BISCUIT_RELIEF,PUPPY,BEN-012,beneficiary_organization_record_id,STRING,OR-WARM-02,,,,,,,false,2,genie/puppy/beneficiaries.csv,beneficiary_organization_record_id,2026.07.19.3
BISCUIT_RELIEF,PUPPY,BEN-012,program_name,STRING,Community Pantry Restock,,,,,,,false,3,genie/puppy/beneficiaries.csv,program_name,2026.07.19.3
BISCUIT_RELIEF,PUPPY,BEN-012,service_area,STRING,Hearth Quarter,,,,,,,false,4,genie/puppy/beneficiaries.csv,service_area,2026.07.19.3
BISCUIT_RELIEF,PUPPY,BEN-012,requested_families,INTEGER,,155,,,,,,false,5,genie/puppy/beneficiaries.csv,requested_families,2026.07.19.3
BISCUIT_RELIEF,PUPPY,BEN-012,verified_capacity,INTEGER,,140,,,,,,false,6,genie/puppy/beneficiaries.csv,verified_capacity,2026.07.19.3
BISCUIT_RELIEF,PUPPY,BEN-012,source_system_id,STRING,BENEFICIARY_LEDGER,,,,,,,false,7,genie/puppy/beneficiaries.csv,source_system_id,2026.07.19.3
BISCUIT_RELIEF,PUPPY,PAGE-001,donation_page_id,STRING,PAGE-001,,,,,,,false,1,genie/puppy/campaign_pages.csv,donation_page_id,2026.07.19.3
BISCUIT_RELIEF,PUPPY,PAGE-001,campaign_id,STRING,CAMP-001,,,,,,,false,2,genie/puppy/campaign_pages.csv,campaign_id,2026.07.19.3
BISCUIT_RELIEF,PUPPY,PAGE-001,page_url,STRING,https://greatbiscuitrelief.example/campaign/001,,,,,,,false,3,genie/puppy/campaign_pages.csv,page_url,2026.07.19.3
BISCUIT_RELIEF,PUPPY,PAGE-001,domain_name,STRING,greatbiscuitrelief.example,,,,,,,false,4,genie/puppy/campaign_pages.csv,domain_name,2026.07.19.3
BISCUIT_RELIEF,PUPPY,PAGE-001,processor_merchant_id,STRING,MER-6104,,,,,,,false,5,genie/puppy/campaign_pages.csv,processor_merchant_id,2026.07.19.3
BISCUIT_RELIEF,PUPPY,PAGE-001,payout_account_id,STRING,A-GBRF-6401,,,,,,,false,6,genie/puppy/campaign_pages.csv,payout_account_id,2026.07.19.3
BISCUIT_RELIEF,PUPPY,PAGE-001,page_template_id,STRING,tmpl-relief-v4,,,,,,,false,7,genie/puppy/campaign_pages.csv,page_template_id,2026.07.19.3
BISCUIT_RELIEF,PUPPY,PAGE-001,contact_mailbox,STRING,updates@greatbiscuitrelief.example,,,,,,,false,8,genie/puppy/campaign_pages.csv,contact_mailbox,2026.07.19.3
BISCUIT_RELIEF,PUPPY,PAGE-001,created_at,DATE,,,,,2025-01-10,,,false,9,genie/puppy/campaign_pages.csv,created_at,2026.07.19.3
BISCUIT_RELIEF,PUPPY,PAGE-001,source_system_id,STRING,CAMPAIGN_PLATFORM,,,,,,,false,10,genie/puppy/campaign_pages.csv,source_system_id,2026.07.19.3
BISCUIT_RELIEF,PUPPY,PAGE-002,donation_page_id,STRING,PAGE-002,,,,,,,false,1,genie/puppy/campaign_pages.csv,donation_page_id,2026.07.19.3
BISCUIT_RELIEF,PUPPY,PAGE-002,campaign_id,STRING,CAMP-002,,,,,,,false,2,genie/puppy/campaign_pages.csv,campaign_id,2026.07.19.3
BISCUIT_RELIEF,PUPPY,PAGE-002,page_url,STRING,https://great-biscuit-relief.example/campaign/002,,,,,,,false,3,genie/puppy/campaign_pages.csv,page_url,2026.07.19.3
BISCUIT_RELIEF,PUPPY,PAGE-002,domain_name,STRING,great-biscuit-relief.example,,,,,,,false,4,genie/puppy/campaign_pages.csv,domain_name,2026.07.19.3
BISCUIT_RELIEF,PUPPY,PAGE-002,processor_merchant_id,STRING,MER-6104,,,,,,,false,5,genie/puppy/campaign_pages.csv,processor_merchant_id,2026.07.19.3
BISCUIT_RELIEF,PUPPY,PAGE-002,payout_account_id,STRING,A-GBRF-6401,,,,,,,false,6,genie/puppy/campaign_pages.csv,payout_account_id,2026.07.19.3
BISCUIT_RELIEF,PUPPY,PAGE-002,page_template_id,STRING,tmpl-relief-v4,,,,,,,false,7,genie/puppy/campaign_pages.csv,page_template_id,2026.07.19.3
BISCUIT_RELIEF,PUPPY,PAGE-002,contact_mailbox,STRING,updates@greatbiscuitrelief.example,,,,,,,false,8,genie/puppy/campaign_pages.csv,contact_mailbox,2026.07.19.3
BISCUIT_RELIEF,PUPPY,PAGE-002,created_at,DATE,,,,,2025-01-18,,,false,9,genie/puppy/campaign_pages.csv,created_at,2026.07.19.3
BISCUIT_RELIEF,PUPPY,PAGE-002,source_system_id,STRING,CAMPAIGN_PLATFORM,,,,,,,false,10,genie/puppy/campaign_pages.csv,source_system_id,2026.07.19.3
BISCUIT_RELIEF,PUPPY,PAGE-003,donation_page_id,STRING,PAGE-003,,,,,,,false,1,genie/puppy/campaign_pages.csv,donation_page_id,2026.07.19.3
BISCUIT_RELIEF,PUPPY,PAGE-003,campaign_id,STRING,CAMP-003,,,,,,,false,2,genie/puppy/campaign_pages.csv,campaign_id,2026.07.19.3
BISCUIT_RELIEF,PUPPY,PAGE-003,page_url,STRING,https://biscuitrelieffund.example/campaign/003,,,,,,,false,3,genie/puppy/campaign_pages.csv,page_url,2026.07.19.3
BISCUIT_RELIEF,PUPPY,PAGE-003,domain_name,STRING,biscuitrelieffund.example,,,,,,,false,4,genie/puppy/campaign_pages.csv,domain_name,2026.07.19.3
BISCUIT_RELIEF,PUPPY,PAGE-003,processor_merchant_id,STRING,MER-6104,,,,,,,false,5,genie/puppy/campaign_pages.csv,processor_merchant_id,2026.07.19.3
BISCUIT_RELIEF,PUPPY,PAGE-003,payout_account_id,STRING,A-GBRF-6401,,,,,,,false,6,genie/puppy/campaign_pages.csv,payout_account_id,2026.07.19.3
BISCUIT_RELIEF,PUPPY,PAGE-003,page_template_id,STRING,tmpl-relief-v4,,,,,,,false,7,genie/puppy/campaign_pages.csv,page_template_id,2026.07.19.3
BISCUIT_RELIEF,PUPPY,PAGE-003,contact_mailbox,STRING,updates@greatbiscuitrelief.example,,,,,,,false,8,genie/puppy/campaign_pages.csv,contact_mailbox,2026.07.19.3
BISCUIT_RELIEF,PUPPY,PAGE-003,created_at,DATE,,,,,2025-01-26,,,false,9,genie/puppy/campaign_pages.csv,created_at,2026.07.19.3
BISCUIT_RELIEF,PUPPY,PAGE-003,source_system_id,STRING,CAMPAIGN_PLATFORM,,,,,,,false,10,genie/puppy/campaign_pages.csv,source_system_id,2026.07.19.3
BISCUIT_RELIEF,PUPPY,PAGE-004,donation_page_id,STRING,PAGE-004,,,,,,,false,1,genie/puppy/campaign_pages.csv,donation_page_id,2026.07.19.3
BISCUIT_RELIEF,PUPPY,PAGE-004,campaign_id,STRING,CAMP-004,,,,,,,false,2,genie/puppy/campaign_pages.csv,campaign_id,2026.07.19.3
BISCUIT_RELIEF,PUPPY,PAGE-004,page_url,STRING,https://greatbiscuitrelief.example/campaign/004,,,,,,,false,3,genie/puppy/campaign_pages.csv,page_url,2026.07.19.3
BISCUIT_RELIEF,PUPPY,PAGE-004,domain_name,STRING,greatbiscuitrelief.example,,,,,,,false,4,genie/puppy/campaign_pages.csv,domain_name,2026.07.19.3
BISCUIT_RELIEF,PUPPY,PAGE-004,processor_merchant_id,STRING,MER-6104,,,,,,,false,5,genie/puppy/campaign_pages.csv,processor_merchant_id,2026.07.19.3
BISCUIT_RELIEF,PUPPY,PAGE-004,payout_account_id,STRING,A-GBRF-6401,,,,,,,false,6,genie/puppy/campaign_pages.csv,payout_account_id,2026.07.19.3
BISCUIT_RELIEF,PUPPY,PAGE-004,page_template_id,STRING,tmpl-relief-v4,,,,,,,false,7,genie/puppy/campaign_pages.csv,page_template_id,2026.07.19.3
BISCUIT_RELIEF,PUPPY,PAGE-004,contact_mailbox,STRING,updates@greatbiscuitrelief.example,,,,,,,false,8,genie/puppy/campaign_pages.csv,contact_mailbox,2026.07.19.3
BISCUIT_RELIEF,PUPPY,PAGE-004,created_at,DATE,,,,,2025-02-03,,,false,9,genie/puppy/campaign_pages.csv,created_at,2026.07.19.3
BISCUIT_RELIEF,PUPPY,PAGE-004,source_system_id,STRING,CAMPAIGN_PLATFORM,,,,,,,false,10,genie/puppy/campaign_pages.csv,source_system_id,2026.07.19.3
BISCUIT_RELIEF,PUPPY,PAGE-005,donation_page_id,STRING,PAGE-005,,,,,,,false,1,genie/puppy/campaign_pages.csv,donation_page_id,2026.07.19.3
BISCUIT_RELIEF,PUPPY,PAGE-005,campaign_id,STRING,CAMP-005,,,,,,,false,2,genie/puppy/campaign_pages.csv,campaign_id,2026.07.19.3
BISCUIT_RELIEF,PUPPY,PAGE-005,page_url,STRING,https://great-biscuit-relief.example/campaign/005,,,,,,,false,3,genie/puppy/campaign_pages.csv,page_url,2026.07.19.3
BISCUIT_RELIEF,PUPPY,PAGE-005,domain_name,STRING,great-biscuit-relief.example,,,,,,,false,4,genie/puppy/campaign_pages.csv,domain_name,2026.07.19.3
BISCUIT_RELIEF,PUPPY,PAGE-005,processor_merchant_id,STRING,MER-6104,,,,,,,false,5,genie/puppy/campaign_pages.csv,processor_merchant_id,2026.07.19.3
BISCUIT_RELIEF,PUPPY,PAGE-005,payout_account_id,STRING,A-GBRF-6401,,,,,,,false,6,genie/puppy/campaign_pages.csv,payout_account_id,2026.07.19.3
BISCUIT_RELIEF,PUPPY,PAGE-005,page_template_id,STRING,tmpl-relief-v4,,,,,,,false,7,genie/puppy/campaign_pages.csv,page_template_id,2026.07.19.3
BISCUIT_RELIEF,PUPPY,PAGE-005,contact_mailbox,STRING,updates@greatbiscuitrelief.example,,,,,,,false,8,genie/puppy/campaign_pages.csv,contact_mailbox,2026.07.19.3
BISCUIT_RELIEF,PUPPY,PAGE-005,created_at,DATE,,,,,2025-02-11,,,false,9,genie/puppy/campaign_pages.csv,created_at,2026.07.19.3
BISCUIT_RELIEF,PUPPY,PAGE-005,source_system_id,STRING,CAMPAIGN_PLATFORM,,,,,,,false,10,genie/puppy/campaign_pages.csv,source_system_id,2026.07.19.3
BISCUIT_RELIEF,PUPPY,PAGE-006,donation_page_id,STRING,PAGE-006,,,,,,,false,1,genie/puppy/campaign_pages.csv,donation_page_id,2026.07.19.3
BISCUIT_RELIEF,PUPPY,PAGE-006,campaign_id,STRING,CAMP-006,,,,,,,false,2,genie/puppy/campaign_pages.csv,campaign_id,2026.07.19.3
BISCUIT_RELIEF,PUPPY,PAGE-006,page_url,STRING,https://biscuitrelieffund.example/campaign/006,,,,,,,false,3,genie/puppy/campaign_pages.csv,page_url,2026.07.19.3
BISCUIT_RELIEF,PUPPY,PAGE-006,domain_name,STRING,biscuitrelieffund.example,,,,,,,false,4,genie/puppy/campaign_pages.csv,domain_name,2026.07.19.3
BISCUIT_RELIEF,PUPPY,PAGE-006,processor_merchant_id,STRING,MER-6104,,,,,,,false,5,genie/puppy/campaign_pages.csv,processor_merchant_id,2026.07.19.3
BISCUIT_RELIEF,PUPPY,PAGE-006,payout_account_id,STRING,A-GBRF-6401,,,,,,,false,6,genie/puppy/campaign_pages.csv,payout_account_id,2026.07.19.3
BISCUIT_RELIEF,PUPPY,PAGE-006,page_template_id,STRING,tmpl-relief-v4,,,,,,,false,7,genie/puppy/campaign_pages.csv,page_template_id,2026.07.19.3
BISCUIT_RELIEF,PUPPY,PAGE-006,contact_mailbox,STRING,updates@greatbiscuitrelief.example,,,,,,,false,8,genie/puppy/campaign_pages.csv,contact_mailbox,2026.07.19.3
BISCUIT_RELIEF,PUPPY,PAGE-006,created_at,DATE,,,,,2025-02-19,,,false,9,genie/puppy/campaign_pages.csv,created_at,2026.07.19.3
BISCUIT_RELIEF,PUPPY,PAGE-006,source_system_id,STRING,CAMPAIGN_PLATFORM,,,,,,,false,10,genie/puppy/campaign_pages.csv,source_system_id,2026.07.19.3
BISCUIT_RELIEF,PUPPY,PAGE-007,donation_page_id,STRING,PAGE-007,,,,,,,false,1,genie/puppy/campaign_pages.csv,donation_page_id,2026.07.19.3
BISCUIT_RELIEF,PUPPY,PAGE-007,campaign_id,STRING,CAMP-007,,,,,,,false,2,genie/puppy/campaign_pages.csv,campaign_id,2026.07.19.3
BISCUIT_RELIEF,PUPPY,PAGE-007,page_url,STRING,https://greatbiscuitrelief.example/campaign/007,,,,,,,false,3,genie/puppy/campaign_pages.csv,page_url,2026.07.19.3
BISCUIT_RELIEF,PUPPY,PAGE-007,domain_name,STRING,greatbiscuitrelief.example,,,,,,,false,4,genie/puppy/campaign_pages.csv,domain_name,2026.07.19.3
BISCUIT_RELIEF,PUPPY,PAGE-007,processor_merchant_id,STRING,MER-6104,,,,,,,false,5,genie/puppy/campaign_pages.csv,processor_merchant_id,2026.07.19.3
BISCUIT_RELIEF,PUPPY,PAGE-007,payout_account_id,STRING,A-GBRF-6401,,,,,,,false,6,genie/puppy/campaign_pages.csv,payout_account_id,2026.07.19.3
BISCUIT_RELIEF,PUPPY,PAGE-007,page_template_id,STRING,tmpl-relief-v4,,,,,,,false,7,genie/puppy/campaign_pages.csv,page_template_id,2026.07.19.3
BISCUIT_RELIEF,PUPPY,PAGE-007,contact_mailbox,STRING,updates@greatbiscuitrelief.example,,,,,,,false,8,genie/puppy/campaign_pages.csv,contact_mailbox,2026.07.19.3
BISCUIT_RELIEF,PUPPY,PAGE-007,created_at,DATE,,,,,2025-02-27,,,false,9,genie/puppy/campaign_pages.csv,created_at,2026.07.19.3
BISCUIT_RELIEF,PUPPY,PAGE-007,source_system_id,STRING,CAMPAIGN_PLATFORM,,,,,,,false,10,genie/puppy/campaign_pages.csv,source_system_id,2026.07.19.3
BISCUIT_RELIEF,PUPPY,PAGE-008,donation_page_id,STRING,PAGE-008,,,,,,,false,1,genie/puppy/campaign_pages.csv,donation_page_id,2026.07.19.3
BISCUIT_RELIEF,PUPPY,PAGE-008,campaign_id,STRING,CAMP-008,,,,,,,false,2,genie/puppy/campaign_pages.csv,campaign_id,2026.07.19.3
BISCUIT_RELIEF,PUPPY,PAGE-008,page_url,STRING,https://great-biscuit-relief.example/campaign/008,,,,,,,false,3,genie/puppy/campaign_pages.csv,page_url,2026.07.19.3
BISCUIT_RELIEF,PUPPY,PAGE-008,domain_name,STRING,great-biscuit-relief.example,,,,,,,false,4,genie/puppy/campaign_pages.csv,domain_name,2026.07.19.3
BISCUIT_RELIEF,PUPPY,PAGE-008,processor_merchant_id,STRING,MER-6104,,,,,,,false,5,genie/puppy/campaign_pages.csv,processor_merchant_id,2026.07.19.3
BISCUIT_RELIEF,PUPPY,PAGE-008,payout_account_id,STRING,A-GBRF-6401,,,,,,,false,6,genie/puppy/campaign_pages.csv,payout_account_id,2026.07.19.3
BISCUIT_RELIEF,PUPPY,PAGE-008,page_template_id,STRING,tmpl-relief-v4,,,,,,,false,7,genie/puppy/campaign_pages.csv,page_template_id,2026.07.19.3
BISCUIT_RELIEF,PUPPY,PAGE-008,contact_mailbox,STRING,updates@greatbiscuitrelief.example,,,,,,,false,8,genie/puppy/campaign_pages.csv,contact_mailbox,2026.07.19.3
BISCUIT_RELIEF,PUPPY,PAGE-008,created_at,DATE,,,,,2025-03-07,,,false,9,genie/puppy/campaign_pages.csv,created_at,2026.07.19.3
BISCUIT_RELIEF,PUPPY,PAGE-008,source_system_id,STRING,CAMPAIGN_PLATFORM,,,,,,,false,10,genie/puppy/campaign_pages.csv,source_system_id,2026.07.19.3
BISCUIT_RELIEF,PUPPY,PAGE-009,donation_page_id,STRING,PAGE-009,,,,,,,false,1,genie/puppy/campaign_pages.csv,donation_page_id,2026.07.19.3
BISCUIT_RELIEF,PUPPY,PAGE-009,campaign_id,STRING,CAMP-009,,,,,,,false,2,genie/puppy/campaign_pages.csv,campaign_id,2026.07.19.3
BISCUIT_RELIEF,PUPPY,PAGE-009,page_url,STRING,https://biscuitrelieffund.example/campaign/009,,,,,,,false,3,genie/puppy/campaign_pages.csv,page_url,2026.07.19.3
BISCUIT_RELIEF,PUPPY,PAGE-009,domain_name,STRING,biscuitrelieffund.example,,,,,,,false,4,genie/puppy/campaign_pages.csv,domain_name,2026.07.19.3
BISCUIT_RELIEF,PUPPY,PAGE-009,processor_merchant_id,STRING,MER-6104,,,,,,,false,5,genie/puppy/campaign_pages.csv,processor_merchant_id,2026.07.19.3
BISCUIT_RELIEF,PUPPY,PAGE-009,payout_account_id,STRING,A-GBRF-6401,,,,,,,false,6,genie/puppy/campaign_pages.csv,payout_account_id,2026.07.19.3
BISCUIT_RELIEF,PUPPY,PAGE-009,page_template_id,STRING,tmpl-relief-v4,,,,,,,false,7,genie/puppy/campaign_pages.csv,page_template_id,2026.07.19.3
BISCUIT_RELIEF,PUPPY,PAGE-009,contact_mailbox,STRING,updates@greatbiscuitrelief.example,,,,,,,false,8,genie/puppy/campaign_pages.csv,contact_mailbox,2026.07.19.3
BISCUIT_RELIEF,PUPPY,PAGE-009,created_at,DATE,,,,,2025-03-15,,,false,9,genie/puppy/campaign_pages.csv,created_at,2026.07.19.3
BISCUIT_RELIEF,PUPPY,PAGE-009,source_system_id,STRING,CAMPAIGN_PLATFORM,,,,,,,false,10,genie/puppy/campaign_pages.csv,source_system_id,2026.07.19.3
BISCUIT_RELIEF,PUPPY,PAGE-010,donation_page_id,STRING,PAGE-010,,,,,,,false,1,genie/puppy/campaign_pages.csv,donation_page_id,2026.07.19.3
BISCUIT_RELIEF,PUPPY,PAGE-010,campaign_id,STRING,CAMP-010,,,,,,,false,2,genie/puppy/campaign_pages.csv,campaign_id,2026.07.19.3
BISCUIT_RELIEF,PUPPY,PAGE-010,page_url,STRING,https://greatbiscuitrelief.example/campaign/010,,,,,,,false,3,genie/puppy/campaign_pages.csv,page_url,2026.07.19.3
BISCUIT_RELIEF,PUPPY,PAGE-010,domain_name,STRING,greatbiscuitrelief.example,,,,,,,false,4,genie/puppy/campaign_pages.csv,domain_name,2026.07.19.3
BISCUIT_RELIEF,PUPPY,PAGE-010,processor_merchant_id,STRING,MER-6104,,,,,,,false,5,genie/puppy/campaign_pages.csv,processor_merchant_id,2026.07.19.3
BISCUIT_RELIEF,PUPPY,PAGE-010,payout_account_id,STRING,A-GBRF-6401,,,,,,,false,6,genie/puppy/campaign_pages.csv,payout_account_id,2026.07.19.3
BISCUIT_RELIEF,PUPPY,PAGE-010,page_template_id,STRING,tmpl-relief-v4,,,,,,,false,7,genie/puppy/campaign_pages.csv,page_template_id,2026.07.19.3
BISCUIT_RELIEF,PUPPY,PAGE-010,contact_mailbox,STRING,updates@greatbiscuitrelief.example,,,,,,,false,8,genie/puppy/campaign_pages.csv,contact_mailbox,2026.07.19.3
BISCUIT_RELIEF,PUPPY,PAGE-010,created_at,DATE,,,,,2025-03-23,,,false,9,genie/puppy/campaign_pages.csv,created_at,2026.07.19.3
BISCUIT_RELIEF,PUPPY,PAGE-010,source_system_id,STRING,CAMPAIGN_PLATFORM,,,,,,,false,10,genie/puppy/campaign_pages.csv,source_system_id,2026.07.19.3
BISCUIT_RELIEF,PUPPY,PAGE-011,donation_page_id,STRING,PAGE-011,,,,,,,false,1,genie/puppy/campaign_pages.csv,donation_page_id,2026.07.19.3
BISCUIT_RELIEF,PUPPY,PAGE-011,campaign_id,STRING,CAMP-011,,,,,,,false,2,genie/puppy/campaign_pages.csv,campaign_id,2026.07.19.3
BISCUIT_RELIEF,PUPPY,PAGE-011,page_url,STRING,https://great-biscuit-relief.example/campaign/011,,,,,,,false,3,genie/puppy/campaign_pages.csv,page_url,2026.07.19.3
BISCUIT_RELIEF,PUPPY,PAGE-011,domain_name,STRING,great-biscuit-relief.example,,,,,,,false,4,genie/puppy/campaign_pages.csv,domain_name,2026.07.19.3
BISCUIT_RELIEF,PUPPY,PAGE-011,processor_merchant_id,STRING,MER-6104,,,,,,,false,5,genie/puppy/campaign_pages.csv,processor_merchant_id,2026.07.19.3
BISCUIT_RELIEF,PUPPY,PAGE-011,payout_account_id,STRING,A-GBRF-6401,,,,,,,false,6,genie/puppy/campaign_pages.csv,payout_account_id,2026.07.19.3
BISCUIT_RELIEF,PUPPY,PAGE-011,page_template_id,STRING,tmpl-relief-v4,,,,,,,false,7,genie/puppy/campaign_pages.csv,page_template_id,2026.07.19.3
BISCUIT_RELIEF,PUPPY,PAGE-011,contact_mailbox,STRING,updates@greatbiscuitrelief.example,,,,,,,false,8,genie/puppy/campaign_pages.csv,contact_mailbox,2026.07.19.3
BISCUIT_RELIEF,PUPPY,PAGE-011,created_at,DATE,,,,,2025-03-31,,,false,9,genie/puppy/campaign_pages.csv,created_at,2026.07.19.3
BISCUIT_RELIEF,PUPPY,PAGE-011,source_system_id,STRING,CAMPAIGN_PLATFORM,,,,,,,false,10,genie/puppy/campaign_pages.csv,source_system_id,2026.07.19.3
BISCUIT_RELIEF,PUPPY,PAGE-012,donation_page_id,STRING,PAGE-012,,,,,,,false,1,genie/puppy/campaign_pages.csv,donation_page_id,2026.07.19.3
BISCUIT_RELIEF,PUPPY,PAGE-012,campaign_id,STRING,CAMP-012,,,,,,,false,2,genie/puppy/campaign_pages.csv,campaign_id,2026.07.19.3
BISCUIT_RELIEF,PUPPY,PAGE-012,page_url,STRING,https://biscuitrelieffund.example/campaign/012,,,,,,,false,3,genie/puppy/campaign_pages.csv,page_url,2026.07.19.3
BISCUIT_RELIEF,PUPPY,PAGE-012,domain_name,STRING,biscuitrelieffund.example,,,,,,,false,4,genie/puppy/campaign_pages.csv,domain_name,2026.07.19.3
BISCUIT_RELIEF,PUPPY,PAGE-012,processor_merchant_id,STRING,MER-6104,,,,,,,false,5,genie/puppy/campaign_pages.csv,processor_merchant_id,2026.07.19.3
BISCUIT_RELIEF,PUPPY,PAGE-012,payout_account_id,STRING,A-GBRF-6401,,,,,,,false,6,genie/puppy/campaign_pages.csv,payout_account_id,2026.07.19.3
BISCUIT_RELIEF,PUPPY,PAGE-012,page_template_id,STRING,tmpl-relief-v4,,,,,,,false,7,genie/puppy/campaign_pages.csv,page_template_id,2026.07.19.3
BISCUIT_RELIEF,PUPPY,PAGE-012,contact_mailbox,STRING,updates@greatbiscuitrelief.example,,,,,,,false,8,genie/puppy/campaign_pages.csv,contact_mailbox,2026.07.19.3
BISCUIT_RELIEF,PUPPY,PAGE-012,created_at,DATE,,,,,2025-04-08,,,false,9,genie/puppy/campaign_pages.csv,created_at,2026.07.19.3
BISCUIT_RELIEF,PUPPY,PAGE-012,source_system_id,STRING,CAMPAIGN_PLATFORM,,,,,,,false,10,genie/puppy/campaign_pages.csv,source_system_id,2026.07.19.3
BISCUIT_RELIEF,PUPPY,POST-0001,campaign_post_id,STRING,POST-0001,,,,,,,false,1,genie/puppy/campaign_posts.csv,campaign_post_id,2026.07.19.3
BISCUIT_RELIEF,PUPPY,POST-0001,campaign_id,STRING,CAMP-001,,,,,,,false,2,genie/puppy/campaign_posts.csv,campaign_id,2026.07.19.3
BISCUIT_RELIEF,PUPPY,POST-0001,author_person_record_id,STRING,PR-MINA-02,,,,,,,false,3,genie/puppy/campaign_posts.csv,author_person_record_id,2026.07.19.3
BISCUIT_RELIEF,PUPPY,POST-0001,published_at,TIMESTAMP,,,,,,2025-01-12T00:00:00Z,,false,4,genie/puppy/campaign_posts.csv,published_at,2026.07.19.3
BISCUIT_RELIEF,PUPPY,POST-0001,platform,STRING,BARKBOOK,,,,,,,false,5,genie/puppy/campaign_posts.csv,platform,2026.07.19.3
BISCUIT_RELIEF,PUPPY,POST-0001,claim_type,STRING,FAMILIES_HELPED,,,,,,,false,6,genie/puppy/campaign_posts.csv,claim_type,2026.07.19.3
BISCUIT_RELIEF,PUPPY,POST-0001,claim_value,INTEGER,,250,,,,,,false,7,genie/puppy/campaign_posts.csv,claim_value,2026.07.19.3
BISCUIT_RELIEF,PUPPY,POST-0001,image_hash,STRING,img-storm-04,,,,,,,false,8,genie/puppy/campaign_posts.csv,image_hash,2026.07.19.3
BISCUIT_RELIEF,PUPPY,POST-0001,campaign_template_id,STRING,tmpl-relief-v4,,,,,,,false,9,genie/puppy/campaign_posts.csv,campaign_template_id,2026.07.19.3
BISCUIT_RELIEF,PUPPY,POST-0001,ad_account_id,STRING,AD-GBRF-77,,,,,,,false,10,genie/puppy/campaign_posts.csv,ad_account_id,2026.07.19.3
BISCUIT_RELIEF,PUPPY,POST-0001,safe_text,STRING,Campaign update reports expanding aid deliveries.,,,,,,,false,11,genie/puppy/campaign_posts.csv,safe_text,2026.07.19.3
BISCUIT_RELIEF,PUPPY,POST-0001,source_system_id,STRING,SOCIAL_ARCHIVE,,,,,,,false,12,genie/puppy/campaign_posts.csv,source_system_id,2026.07.19.3
BISCUIT_RELIEF,PUPPY,POST-0002,campaign_post_id,STRING,POST-0002,,,,,,,false,1,genie/puppy/campaign_posts.csv,campaign_post_id,2026.07.19.3
BISCUIT_RELIEF,PUPPY,POST-0002,campaign_id,STRING,CAMP-002,,,,,,,false,2,genie/puppy/campaign_posts.csv,campaign_id,2026.07.19.3
BISCUIT_RELIEF,PUPPY,POST-0002,author_person_record_id,STRING,PR-MINA-02,,,,,,,false,3,genie/puppy/campaign_posts.csv,author_person_record_id,2026.07.19.3
BISCUIT_RELIEF,PUPPY,POST-0002,published_at,TIMESTAMP,,,,,,2025-01-15T01:00:00Z,,false,4,genie/puppy/campaign_posts.csv,published_at,2026.07.19.3
BISCUIT_RELIEF,PUPPY,POST-0002,platform,STRING,PAWSTAGRAM,,,,,,,false,5,genie/puppy/campaign_posts.csv,platform,2026.07.19.3
BISCUIT_RELIEF,PUPPY,POST-0002,claim_type,STRING,BOXES_DELIVERED,,,,,,,false,6,genie/puppy/campaign_posts.csv,claim_type,2026.07.19.3
BISCUIT_RELIEF,PUPPY,POST-0002,claim_value,INTEGER,,375,,,,,,false,7,genie/puppy/campaign_posts.csv,claim_value,2026.07.19.3
BISCUIT_RELIEF,PUPPY,POST-0002,image_hash,STRING,img-boxes-11,,,,,,,false,8,genie/puppy/campaign_posts.csv,image_hash,2026.07.19.3
BISCUIT_RELIEF,PUPPY,POST-0002,campaign_template_id,STRING,tmpl-relief-v4,,,,,,,false,9,genie/puppy/campaign_posts.csv,campaign_template_id,2026.07.19.3
BISCUIT_RELIEF,PUPPY,POST-0002,ad_account_id,STRING,AD-GBRF-77,,,,,,,false,10,genie/puppy/campaign_posts.csv,ad_account_id,2026.07.19.3
BISCUIT_RELIEF,PUPPY,POST-0002,safe_text,STRING,Campaign update reports expanding aid deliveries.,,,,,,,false,11,genie/puppy/campaign_posts.csv,safe_text,2026.07.19.3
BISCUIT_RELIEF,PUPPY,POST-0002,source_system_id,STRING,SOCIAL_ARCHIVE,,,,,,,false,12,genie/puppy/campaign_posts.csv,source_system_id,2026.07.19.3
BISCUIT_RELIEF,PUPPY,POST-0003,campaign_post_id,STRING,POST-0003,,,,,,,false,1,genie/puppy/campaign_posts.csv,campaign_post_id,2026.07.19.3
BISCUIT_RELIEF,PUPPY,POST-0003,campaign_id,STRING,CAMP-003,,,,,,,false,2,genie/puppy/campaign_posts.csv,campaign_id,2026.07.19.3
BISCUIT_RELIEF,PUPPY,POST-0003,author_person_record_id,STRING,PR-MINA-02,,,,,,,false,3,genie/puppy/campaign_posts.csv,author_person_record_id,2026.07.19.3
BISCUIT_RELIEF,PUPPY,POST-0003,published_at,TIMESTAMP,,,,,,2025-01-18T02:00:00Z,,false,4,genie/puppy/campaign_posts.csv,published_at,2026.07.19.3
BISCUIT_RELIEF,PUPPY,POST-0003,platform,STRING,EMAIL_UPDATE,,,,,,,false,5,genie/puppy/campaign_posts.csv,platform,2026.07.19.3
BISCUIT_RELIEF,PUPPY,POST-0003,claim_type,STRING,EMERGENCY_DEADLINE,,,,,,,false,6,genie/puppy/campaign_posts.csv,claim_type,2026.07.19.3
BISCUIT_RELIEF,PUPPY,POST-0003,claim_value,NULL,,,,,,,null,false,7,genie/puppy/campaign_posts.csv,claim_value,2026.07.19.3
BISCUIT_RELIEF,PUPPY,POST-0003,image_hash,STRING,img-volunteer-08,,,,,,,false,8,genie/puppy/campaign_posts.csv,image_hash,2026.07.19.3
BISCUIT_RELIEF,PUPPY,POST-0003,campaign_template_id,STRING,tmpl-relief-v4,,,,,,,false,9,genie/puppy/campaign_posts.csv,campaign_template_id,2026.07.19.3
BISCUIT_RELIEF,PUPPY,POST-0003,ad_account_id,STRING,AD-GBRF-77,,,,,,,false,10,genie/puppy/campaign_posts.csv,ad_account_id,2026.07.19.3
BISCUIT_RELIEF,PUPPY,POST-0003,safe_text,STRING,Urgent relief appeal claims immediate supplies.,,,,,,,false,11,genie/puppy/campaign_posts.csv,safe_text,2026.07.19.3
BISCUIT_RELIEF,PUPPY,POST-0003,source_system_id,STRING,SOCIAL_ARCHIVE,,,,,,,false,12,genie/puppy/campaign_posts.csv,source_system_id,2026.07.19.3
BISCUIT_RELIEF,PUPPY,POST-0004,campaign_post_id,STRING,POST-0004,,,,,,,false,1,genie/puppy/campaign_posts.csv,campaign_post_id,2026.07.19.3
BISCUIT_RELIEF,PUPPY,POST-0004,campaign_id,STRING,CAMP-004,,,,,,,false,2,genie/puppy/campaign_posts.csv,campaign_id,2026.07.19.3
BISCUIT_RELIEF,PUPPY,POST-0004,author_person_record_id,STRING,PR-MINA-02,,,,,,,false,3,genie/puppy/campaign_posts.csv,author_person_record_id,2026.07.19.3
BISCUIT_RELIEF,PUPPY,POST-0004,published_at,TIMESTAMP,,,,,,2025-01-21T03:00:00Z,,false,4,genie/puppy/campaign_posts.csv,published_at,2026.07.19.3
BISCUIT_RELIEF,PUPPY,POST-0004,platform,STRING,CAMPAIGN_PAGE,,,,,,,false,5,genie/puppy/campaign_posts.csv,platform,2026.07.19.3
BISCUIT_RELIEF,PUPPY,POST-0004,claim_type,STRING,MATCHING_DONATION,,,,,,,false,6,genie/puppy/campaign_posts.csv,claim_type,2026.07.19.3
BISCUIT_RELIEF,PUPPY,POST-0004,claim_value,NULL,,,,,,,null,false,7,genie/puppy/campaign_posts.csv,claim_value,2026.07.19.3
BISCUIT_RELIEF,PUPPY,POST-0004,image_hash,STRING,img-shelter-05,,,,,,,false,8,genie/puppy/campaign_posts.csv,image_hash,2026.07.19.3
BISCUIT_RELIEF,PUPPY,POST-0004,campaign_template_id,STRING,tmpl-relief-v4,,,,,,,false,9,genie/puppy/campaign_posts.csv,campaign_template_id,2026.07.19.3
BISCUIT_RELIEF,PUPPY,POST-0004,ad_account_id,STRING,AD-GBRF-77,,,,,,,false,10,genie/puppy/campaign_posts.csv,ad_account_id,2026.07.19.3
BISCUIT_RELIEF,PUPPY,POST-0004,safe_text,STRING,Campaign update reports expanding aid deliveries.,,,,,,,false,11,genie/puppy/campaign_posts.csv,safe_text,2026.07.19.3
BISCUIT_RELIEF,PUPPY,POST-0004,source_system_id,STRING,SOCIAL_ARCHIVE,,,,,,,false,12,genie/puppy/campaign_posts.csv,source_system_id,2026.07.19.3
BISCUIT_RELIEF,PUPPY,POST-0005,campaign_post_id,STRING,POST-0005,,,,,,,false,1,genie/puppy/campaign_posts.csv,campaign_post_id,2026.07.19.3
BISCUIT_RELIEF,PUPPY,POST-0005,campaign_id,STRING,CAMP-005,,,,,,,false,2,genie/puppy/campaign_posts.csv,campaign_id,2026.07.19.3
BISCUIT_RELIEF,PUPPY,POST-0005,author_person_record_id,STRING,PR-MINA-02,,,,,,,false,3,genie/puppy/campaign_posts.csv,author_person_record_id,2026.07.19.3
BISCUIT_RELIEF,PUPPY,POST-0005,published_at,TIMESTAMP,,,,,,2025-01-24T04:00:00Z,,false,4,genie/puppy/campaign_posts.csv,published_at,2026.07.19.3
BISCUIT_RELIEF,PUPPY,POST-0005,platform,STRING,BARKBOOK,,,,,,,false,5,genie/puppy/campaign_posts.csv,platform,2026.07.19.3
BISCUIT_RELIEF,PUPPY,POST-0005,claim_type,STRING,VOLUNTEER_STORY,,,,,,,false,6,genie/puppy/campaign_posts.csv,claim_type,2026.07.19.3
BISCUIT_RELIEF,PUPPY,POST-0005,claim_value,NULL,,,,,,,null,false,7,genie/puppy/campaign_posts.csv,claim_value,2026.07.19.3
BISCUIT_RELIEF,PUPPY,POST-0005,image_hash,STRING,img-pantry-03,,,,,,,false,8,genie/puppy/campaign_posts.csv,image_hash,2026.07.19.3
BISCUIT_RELIEF,PUPPY,POST-0005,campaign_template_id,STRING,tmpl-relief-v4,,,,,,,false,9,genie/puppy/campaign_posts.csv,campaign_template_id,2026.07.19.3
BISCUIT_RELIEF,PUPPY,POST-0005,ad_account_id,STRING,AD-GBRF-77,,,,,,,false,10,genie/puppy/campaign_posts.csv,ad_account_id,2026.07.19.3
BISCUIT_RELIEF,PUPPY,POST-0005,safe_text,STRING,Campaign update reports expanding aid deliveries.,,,,,,,false,11,genie/puppy/campaign_posts.csv,safe_text,2026.07.19.3
BISCUIT_RELIEF,PUPPY,POST-0005,source_system_id,STRING,SOCIAL_ARCHIVE,,,,,,,false,12,genie/puppy/campaign_posts.csv,source_system_id,2026.07.19.3
BISCUIT_RELIEF,PUPPY,POST-0006,campaign_post_id,STRING,POST-0006,,,,,,,false,1,genie/puppy/campaign_posts.csv,campaign_post_id,2026.07.19.3
BISCUIT_RELIEF,PUPPY,POST-0006,campaign_id,STRING,CAMP-006,,,,,,,false,2,genie/puppy/campaign_posts.csv,campaign_id,2026.07.19.3
BISCUIT_RELIEF,PUPPY,POST-0006,author_person_record_id,STRING,PR-MINA-02,,,,,,,false,3,genie/puppy/campaign_posts.csv,author_person_record_id,2026.07.19.3
BISCUIT_RELIEF,PUPPY,POST-0006,published_at,TIMESTAMP,,,,,,2025-01-27T05:00:00Z,,false,4,genie/puppy/campaign_posts.csv,published_at,2026.07.19.3
BISCUIT_RELIEF,PUPPY,POST-0006,platform,STRING,PAWSTAGRAM,,,,,,,false,5,genie/puppy/campaign_posts.csv,platform,2026.07.19.3
BISCUIT_RELIEF,PUPPY,POST-0006,claim_type,STRING,FAMILIES_HELPED,,,,,,,false,6,genie/puppy/campaign_posts.csv,claim_type,2026.07.19.3
BISCUIT_RELIEF,PUPPY,POST-0006,claim_value,INTEGER,,875,,,,,,false,7,genie/puppy/campaign_posts.csv,claim_value,2026.07.19.3
BISCUIT_RELIEF,PUPPY,POST-0006,image_hash,STRING,img-storm-04,,,,,,,false,8,genie/puppy/campaign_posts.csv,image_hash,2026.07.19.3
BISCUIT_RELIEF,PUPPY,POST-0006,campaign_template_id,STRING,tmpl-relief-v4,,,,,,,false,9,genie/puppy/campaign_posts.csv,campaign_template_id,2026.07.19.3
BISCUIT_RELIEF,PUPPY,POST-0006,ad_account_id,STRING,AD-GBRF-77,,,,,,,false,10,genie/puppy/campaign_posts.csv,ad_account_id,2026.07.19.3
BISCUIT_RELIEF,PUPPY,POST-0006,safe_text,STRING,Campaign update reports expanding aid deliveries.,,,,,,,false,11,genie/puppy/campaign_posts.csv,safe_text,2026.07.19.3
BISCUIT_RELIEF,PUPPY,POST-0006,source_system_id,STRING,SOCIAL_ARCHIVE,,,,,,,false,12,genie/puppy/campaign_posts.csv,source_system_id,2026.07.19.3
BISCUIT_RELIEF,PUPPY,POST-0007,campaign_post_id,STRING,POST-0007,,,,,,,false,1,genie/puppy/campaign_posts.csv,campaign_post_id,2026.07.19.3
BISCUIT_RELIEF,PUPPY,POST-0007,campaign_id,STRING,CAMP-007,,,,,,,false,2,genie/puppy/campaign_posts.csv,campaign_id,2026.07.19.3
BISCUIT_RELIEF,PUPPY,POST-0007,author_person_record_id,STRING,PR-MINA-02,,,,,,,false,3,genie/puppy/campaign_posts.csv,author_person_record_id,2026.07.19.3
BISCUIT_RELIEF,PUPPY,POST-0007,published_at,TIMESTAMP,,,,,,2025-01-30T06:00:00Z,,false,4,genie/puppy/campaign_posts.csv,published_at,2026.07.19.3
BISCUIT_RELIEF,PUPPY,POST-0007,platform,STRING,EMAIL_UPDATE,,,,,,,false,5,genie/puppy/campaign_posts.csv,platform,2026.07.19.3
BISCUIT_RELIEF,PUPPY,POST-0007,claim_type,STRING,BOXES_DELIVERED,,,,,,,false,6,genie/puppy/campaign_posts.csv,claim_type,2026.07.19.3
BISCUIT_RELIEF,PUPPY,POST-0007,claim_value,INTEGER,,1000,,,,,,false,7,genie/puppy/campaign_posts.csv,claim_value,2026.07.19.3
BISCUIT_RELIEF,PUPPY,POST-0007,image_hash,STRING,img-boxes-11,,,,,,,false,8,genie/puppy/campaign_posts.csv,image_hash,2026.07.19.3
BISCUIT_RELIEF,PUPPY,POST-0007,campaign_template_id,STRING,tmpl-relief-v4,,,,,,,false,9,genie/puppy/campaign_posts.csv,campaign_template_id,2026.07.19.3
BISCUIT_RELIEF,PUPPY,POST-0007,ad_account_id,STRING,AD-GBRF-77,,,,,,,false,10,genie/puppy/campaign_posts.csv,ad_account_id,2026.07.19.3
BISCUIT_RELIEF,PUPPY,POST-0007,safe_text,STRING,Campaign update reports expanding aid deliveries.,,,,,,,false,11,genie/puppy/campaign_posts.csv,safe_text,2026.07.19.3
BISCUIT_RELIEF,PUPPY,POST-0007,source_system_id,STRING,SOCIAL_ARCHIVE,,,,,,,false,12,genie/puppy/campaign_posts.csv,source_system_id,2026.07.19.3
BISCUIT_RELIEF,PUPPY,POST-0008,campaign_post_id,STRING,POST-0008,,,,,,,false,1,genie/puppy/campaign_posts.csv,campaign_post_id,2026.07.19.3
BISCUIT_RELIEF,PUPPY,POST-0008,campaign_id,STRING,CAMP-008,,,,,,,false,2,genie/puppy/campaign_posts.csv,campaign_id,2026.07.19.3
BISCUIT_RELIEF,PUPPY,POST-0008,author_person_record_id,STRING,PR-MINA-02,,,,,,,false,3,genie/puppy/campaign_posts.csv,author_person_record_id,2026.07.19.3
BISCUIT_RELIEF,PUPPY,POST-0008,published_at,TIMESTAMP,,,,,,2025-02-02T07:00:00Z,,false,4,genie/puppy/campaign_posts.csv,published_at,2026.07.19.3
BISCUIT_RELIEF,PUPPY,POST-0008,platform,STRING,CAMPAIGN_PAGE,,,,,,,false,5,genie/puppy/campaign_posts.csv,platform,2026.07.19.3
BISCUIT_RELIEF,PUPPY,POST-0008,claim_type,STRING,EMERGENCY_DEADLINE,,,,,,,false,6,genie/puppy/campaign_posts.csv,claim_type,2026.07.19.3
BISCUIT_RELIEF,PUPPY,POST-0008,claim_value,NULL,,,,,,,null,false,7,genie/puppy/campaign_posts.csv,claim_value,2026.07.19.3
BISCUIT_RELIEF,PUPPY,POST-0008,image_hash,STRING,img-volunteer-08,,,,,,,false,8,genie/puppy/campaign_posts.csv,image_hash,2026.07.19.3
BISCUIT_RELIEF,PUPPY,POST-0008,campaign_template_id,STRING,tmpl-relief-v4,,,,,,,false,9,genie/puppy/campaign_posts.csv,campaign_template_id,2026.07.19.3
BISCUIT_RELIEF,PUPPY,POST-0008,ad_account_id,STRING,AD-GBRF-77,,,,,,,false,10,genie/puppy/campaign_posts.csv,ad_account_id,2026.07.19.3
BISCUIT_RELIEF,PUPPY,POST-0008,safe_text,STRING,Urgent relief appeal claims immediate supplies.,,,,,,,false,11,genie/puppy/campaign_posts.csv,safe_text,2026.07.19.3
BISCUIT_RELIEF,PUPPY,POST-0008,source_system_id,STRING,SOCIAL_ARCHIVE,,,,,,,false,12,genie/puppy/campaign_posts.csv,source_system_id,2026.07.19.3
BISCUIT_RELIEF,PUPPY,POST-0009,campaign_post_id,STRING,POST-0009,,,,,,,false,1,genie/puppy/campaign_posts.csv,campaign_post_id,2026.07.19.3
BISCUIT_RELIEF,PUPPY,POST-0009,campaign_id,STRING,CAMP-009,,,,,,,false,2,genie/puppy/campaign_posts.csv,campaign_id,2026.07.19.3
BISCUIT_RELIEF,PUPPY,POST-0009,author_person_record_id,STRING,PR-MINA-02,,,,,,,false,3,genie/puppy/campaign_posts.csv,author_person_record_id,2026.07.19.3
BISCUIT_RELIEF,PUPPY,POST-0009,published_at,TIMESTAMP,,,,,,2025-02-05T08:00:00Z,,false,4,genie/puppy/campaign_posts.csv,published_at,2026.07.19.3
BISCUIT_RELIEF,PUPPY,POST-0009,platform,STRING,BARKBOOK,,,,,,,false,5,genie/puppy/campaign_posts.csv,platform,2026.07.19.3
BISCUIT_RELIEF,PUPPY,POST-0009,claim_type,STRING,MATCHING_DONATION,,,,,,,false,6,genie/puppy/campaign_posts.csv,claim_type,2026.07.19.3
BISCUIT_RELIEF,PUPPY,POST-0009,claim_value,NULL,,,,,,,null,false,7,genie/puppy/campaign_posts.csv,claim_value,2026.07.19.3
BISCUIT_RELIEF,PUPPY,POST-0009,image_hash,STRING,img-shelter-05,,,,,,,false,8,genie/puppy/campaign_posts.csv,image_hash,2026.07.19.3
BISCUIT_RELIEF,PUPPY,POST-0009,campaign_template_id,STRING,tmpl-relief-v4,,,,,,,false,9,genie/puppy/campaign_posts.csv,campaign_template_id,2026.07.19.3
BISCUIT_RELIEF,PUPPY,POST-0009,ad_account_id,STRING,AD-GBRF-77,,,,,,,false,10,genie/puppy/campaign_posts.csv,ad_account_id,2026.07.19.3
BISCUIT_RELIEF,PUPPY,POST-0009,safe_text,STRING,Campaign update reports expanding aid deliveries.,,,,,,,false,11,genie/puppy/campaign_posts.csv,safe_text,2026.07.19.3
BISCUIT_RELIEF,PUPPY,POST-0009,source_system_id,STRING,SOCIAL_ARCHIVE,,,,,,,false,12,genie/puppy/campaign_posts.csv,source_system_id,2026.07.19.3
BISCUIT_RELIEF,PUPPY,POST-0010,campaign_post_id,STRING,POST-0010,,,,,,,false,1,genie/puppy/campaign_posts.csv,campaign_post_id,2026.07.19.3
BISCUIT_RELIEF,PUPPY,POST-0010,campaign_id,STRING,CAMP-010,,,,,,,false,2,genie/puppy/campaign_posts.csv,campaign_id,2026.07.19.3
BISCUIT_RELIEF,PUPPY,POST-0010,author_person_record_id,STRING,PR-MINA-02,,,,,,,false,3,genie/puppy/campaign_posts.csv,author_person_record_id,2026.07.19.3
BISCUIT_RELIEF,PUPPY,POST-0010,published_at,TIMESTAMP,,,,,,2025-02-08T09:00:00Z,,false,4,genie/puppy/campaign_posts.csv,published_at,2026.07.19.3
BISCUIT_RELIEF,PUPPY,POST-0010,platform,STRING,PAWSTAGRAM,,,,,,,false,5,genie/puppy/campaign_posts.csv,platform,2026.07.19.3
BISCUIT_RELIEF,PUPPY,POST-0010,claim_type,STRING,VOLUNTEER_STORY,,,,,,,false,6,genie/puppy/campaign_posts.csv,claim_type,2026.07.19.3
BISCUIT_RELIEF,PUPPY,POST-0010,claim_value,NULL,,,,,,,null,false,7,genie/puppy/campaign_posts.csv,claim_value,2026.07.19.3
BISCUIT_RELIEF,PUPPY,POST-0010,image_hash,STRING,img-pantry-03,,,,,,,false,8,genie/puppy/campaign_posts.csv,image_hash,2026.07.19.3
BISCUIT_RELIEF,PUPPY,POST-0010,campaign_template_id,STRING,tmpl-relief-v4,,,,,,,false,9,genie/puppy/campaign_posts.csv,campaign_template_id,2026.07.19.3
BISCUIT_RELIEF,PUPPY,POST-0010,ad_account_id,STRING,AD-GBRF-77,,,,,,,false,10,genie/puppy/campaign_posts.csv,ad_account_id,2026.07.19.3
BISCUIT_RELIEF,PUPPY,POST-0010,safe_text,STRING,Campaign update reports expanding aid deliveries.,,,,,,,false,11,genie/puppy/campaign_posts.csv,safe_text,2026.07.19.3
BISCUIT_RELIEF,PUPPY,POST-0010,source_system_id,STRING,SOCIAL_ARCHIVE,,,,,,,false,12,genie/puppy/campaign_posts.csv,source_system_id,2026.07.19.3
BISCUIT_RELIEF,PUPPY,POST-0011,campaign_post_id,STRING,POST-0011,,,,,,,false,1,genie/puppy/campaign_posts.csv,campaign_post_id,2026.07.19.3
BISCUIT_RELIEF,PUPPY,POST-0011,campaign_id,STRING,CAMP-011,,,,,,,false,2,genie/puppy/campaign_posts.csv,campaign_id,2026.07.19.3
BISCUIT_RELIEF,PUPPY,POST-0011,author_person_record_id,STRING,PR-MINA-02,,,,,,,false,3,genie/puppy/campaign_posts.csv,author_person_record_id,2026.07.19.3
BISCUIT_RELIEF,PUPPY,POST-0011,published_at,TIMESTAMP,,,,,,2025-02-11T00:00:00Z,,false,4,genie/puppy/campaign_posts.csv,published_at,2026.07.19.3
BISCUIT_RELIEF,PUPPY,POST-0011,platform,STRING,EMAIL_UPDATE,,,,,,,false,5,genie/puppy/campaign_posts.csv,platform,2026.07.19.3
BISCUIT_RELIEF,PUPPY,POST-0011,claim_type,STRING,FAMILIES_HELPED,,,,,,,false,6,genie/puppy/campaign_posts.csv,claim_type,2026.07.19.3
BISCUIT_RELIEF,PUPPY,POST-0011,claim_value,INTEGER,,1500,,,,,,false,7,genie/puppy/campaign_posts.csv,claim_value,2026.07.19.3
BISCUIT_RELIEF,PUPPY,POST-0011,image_hash,STRING,img-storm-04,,,,,,,false,8,genie/puppy/campaign_posts.csv,image_hash,2026.07.19.3
BISCUIT_RELIEF,PUPPY,POST-0011,campaign_template_id,STRING,tmpl-relief-v4,,,,,,,false,9,genie/puppy/campaign_posts.csv,campaign_template_id,2026.07.19.3
BISCUIT_RELIEF,PUPPY,POST-0011,ad_account_id,STRING,AD-GBRF-77,,,,,,,false,10,genie/puppy/campaign_posts.csv,ad_account_id,2026.07.19.3
BISCUIT_RELIEF,PUPPY,POST-0011,safe_text,STRING,Campaign update reports expanding aid deliveries.,,,,,,,false,11,genie/puppy/campaign_posts.csv,safe_text,2026.07.19.3
BISCUIT_RELIEF,PUPPY,POST-0011,source_system_id,STRING,SOCIAL_ARCHIVE,,,,,,,false,12,genie/puppy/campaign_posts.csv,source_system_id,2026.07.19.3
BISCUIT_RELIEF,PUPPY,POST-0012,campaign_post_id,STRING,POST-0012,,,,,,,false,1,genie/puppy/campaign_posts.csv,campaign_post_id,2026.07.19.3
BISCUIT_RELIEF,PUPPY,POST-0012,campaign_id,STRING,CAMP-012,,,,,,,false,2,genie/puppy/campaign_posts.csv,campaign_id,2026.07.19.3
BISCUIT_RELIEF,PUPPY,POST-0012,author_person_record_id,STRING,PR-MINA-02,,,,,,,false,3,genie/puppy/campaign_posts.csv,author_person_record_id,2026.07.19.3
BISCUIT_RELIEF,PUPPY,POST-0012,published_at,TIMESTAMP,,,,,,2025-02-14T01:00:00Z,,false,4,genie/puppy/campaign_posts.csv,published_at,2026.07.19.3
BISCUIT_RELIEF,PUPPY,POST-0012,platform,STRING,CAMPAIGN_PAGE,,,,,,,false,5,genie/puppy/campaign_posts.csv,platform,2026.07.19.3
BISCUIT_RELIEF,PUPPY,POST-0012,claim_type,STRING,BOXES_DELIVERED,,,,,,,false,6,genie/puppy/campaign_posts.csv,claim_type,2026.07.19.3
BISCUIT_RELIEF,PUPPY,POST-0012,claim_value,INTEGER,,1625,,,,,,false,7,genie/puppy/campaign_posts.csv,claim_value,2026.07.19.3
BISCUIT_RELIEF,PUPPY,POST-0012,image_hash,STRING,img-boxes-11,,,,,,,false,8,genie/puppy/campaign_posts.csv,image_hash,2026.07.19.3
BISCUIT_RELIEF,PUPPY,POST-0012,campaign_template_id,STRING,tmpl-relief-v4,,,,,,,false,9,genie/puppy/campaign_posts.csv,campaign_template_id,2026.07.19.3
BISCUIT_RELIEF,PUPPY,POST-0012,ad_account_id,STRING,AD-GBRF-77,,,,,,,false,10,genie/puppy/campaign_posts.csv,ad_account_id,2026.07.19.3
BISCUIT_RELIEF,PUPPY,POST-0012,safe_text,STRING,Campaign update reports expanding aid deliveries.,,,,,,,false,11,genie/puppy/campaign_posts.csv,safe_text,2026.07.19.3
BISCUIT_RELIEF,PUPPY,POST-0012,source_system_id,STRING,SOCIAL_ARCHIVE,,,,,,,false,12,genie/puppy/campaign_posts.csv,source_system_id,2026.07.19.3
BISCUIT_RELIEF,PUPPY,POST-0046,campaign_post_id,STRING,POST-0046,,,,,,,false,1,genie/puppy/campaign_posts.csv,campaign_post_id,2026.07.19.3
BISCUIT_RELIEF,PUPPY,POST-0046,campaign_id,STRING,CAMP-001,,,,,,,false,2,genie/puppy/campaign_posts.csv,campaign_id,2026.07.19.3
BISCUIT_RELIEF,PUPPY,POST-0046,author_person_record_id,STRING,PR-MINA-02,,,,,,,false,3,genie/puppy/campaign_posts.csv,author_person_record_id,2026.07.19.3
BISCUIT_RELIEF,PUPPY,POST-0046,published_at,TIMESTAMP,,,,,,2025-05-27T05:00:00Z,,false,4,genie/puppy/campaign_posts.csv,published_at,2026.07.19.3
BISCUIT_RELIEF,PUPPY,POST-0046,platform,STRING,PAWSTAGRAM,,,,,,,false,5,genie/puppy/campaign_posts.csv,platform,2026.07.19.3
BISCUIT_RELIEF,PUPPY,POST-0046,claim_type,STRING,FAMILIES_HELPED,,,,,,,false,6,genie/puppy/campaign_posts.csv,claim_type,2026.07.19.3
BISCUIT_RELIEF,PUPPY,POST-0046,claim_value,INTEGER,,1375,,,,,,false,7,genie/puppy/campaign_posts.csv,claim_value,2026.07.19.3
BISCUIT_RELIEF,PUPPY,POST-0046,image_hash,STRING,img-storm-04,,,,,,,false,8,genie/puppy/campaign_posts.csv,image_hash,2026.07.19.3
BISCUIT_RELIEF,PUPPY,POST-0046,campaign_template_id,STRING,tmpl-relief-v4,,,,,,,false,9,genie/puppy/campaign_posts.csv,campaign_template_id,2026.07.19.3
BISCUIT_RELIEF,PUPPY,POST-0046,ad_account_id,STRING,AD-GBRF-77,,,,,,,false,10,genie/puppy/campaign_posts.csv,ad_account_id,2026.07.19.3
BISCUIT_RELIEF,PUPPY,POST-0046,safe_text,STRING,Campaign update reports expanding aid deliveries.,,,,,,,false,11,genie/puppy/campaign_posts.csv,safe_text,2026.07.19.3
BISCUIT_RELIEF,PUPPY,POST-0046,source_system_id,STRING,SOCIAL_ARCHIVE,,,,,,,false,12,genie/puppy/campaign_posts.csv,source_system_id,2026.07.19.3
BISCUIT_RELIEF,PUPPY,POST-0047,campaign_post_id,STRING,POST-0047,,,,,,,false,1,genie/puppy/campaign_posts.csv,campaign_post_id,2026.07.19.3
BISCUIT_RELIEF,PUPPY,POST-0047,campaign_id,STRING,CAMP-002,,,,,,,false,2,genie/puppy/campaign_posts.csv,campaign_id,2026.07.19.3
BISCUIT_RELIEF,PUPPY,POST-0047,author_person_record_id,STRING,PR-MINA-02,,,,,,,false,3,genie/puppy/campaign_posts.csv,author_person_record_id,2026.07.19.3
BISCUIT_RELIEF,PUPPY,POST-0047,published_at,TIMESTAMP,,,,,,2025-05-30T06:00:00Z,,false,4,genie/puppy/campaign_posts.csv,published_at,2026.07.19.3
BISCUIT_RELIEF,PUPPY,POST-0047,platform,STRING,EMAIL_UPDATE,,,,,,,false,5,genie/puppy/campaign_posts.csv,platform,2026.07.19.3
BISCUIT_RELIEF,PUPPY,POST-0047,claim_type,STRING,BOXES_DELIVERED,,,,,,,false,6,genie/puppy/campaign_posts.csv,claim_type,2026.07.19.3
BISCUIT_RELIEF,PUPPY,POST-0047,claim_value,INTEGER,,1500,,,,,,false,7,genie/puppy/campaign_posts.csv,claim_value,2026.07.19.3
BISCUIT_RELIEF,PUPPY,POST-0047,image_hash,STRING,img-boxes-11,,,,,,,false,8,genie/puppy/campaign_posts.csv,image_hash,2026.07.19.3
BISCUIT_RELIEF,PUPPY,POST-0047,campaign_template_id,STRING,tmpl-relief-v4,,,,,,,false,9,genie/puppy/campaign_posts.csv,campaign_template_id,2026.07.19.3
BISCUIT_RELIEF,PUPPY,POST-0047,ad_account_id,STRING,AD-GBRF-77,,,,,,,false,10,genie/puppy/campaign_posts.csv,ad_account_id,2026.07.19.3
BISCUIT_RELIEF,PUPPY,POST-0047,safe_text,STRING,Campaign update reports expanding aid deliveries.,,,,,,,false,11,genie/puppy/campaign_posts.csv,safe_text,2026.07.19.3
BISCUIT_RELIEF,PUPPY,POST-0047,source_system_id,STRING,SOCIAL_ARCHIVE,,,,,,,false,12,genie/puppy/campaign_posts.csv,source_system_id,2026.07.19.3
BISCUIT_RELIEF,PUPPY,POST-0048,campaign_post_id,STRING,POST-0048,,,,,,,false,1,genie/puppy/campaign_posts.csv,campaign_post_id,2026.07.19.3
BISCUIT_RELIEF,PUPPY,POST-0048,campaign_id,STRING,CAMP-003,,,,,,,false,2,genie/puppy/campaign_posts.csv,campaign_id,2026.07.19.3
BISCUIT_RELIEF,PUPPY,POST-0048,author_person_record_id,STRING,PR-MINA-02,,,,,,,false,3,genie/puppy/campaign_posts.csv,author_person_record_id,2026.07.19.3
BISCUIT_RELIEF,PUPPY,POST-0048,published_at,TIMESTAMP,,,,,,2025-06-02T07:00:00Z,,false,4,genie/puppy/campaign_posts.csv,published_at,2026.07.19.3
BISCUIT_RELIEF,PUPPY,POST-0048,platform,STRING,CAMPAIGN_PAGE,,,,,,,false,5,genie/puppy/campaign_posts.csv,platform,2026.07.19.3
BISCUIT_RELIEF,PUPPY,POST-0048,claim_type,STRING,EMERGENCY_DEADLINE,,,,,,,false,6,genie/puppy/campaign_posts.csv,claim_type,2026.07.19.3
BISCUIT_RELIEF,PUPPY,POST-0048,claim_value,NULL,,,,,,,null,false,7,genie/puppy/campaign_posts.csv,claim_value,2026.07.19.3
BISCUIT_RELIEF,PUPPY,POST-0048,image_hash,STRING,img-volunteer-08,,,,,,,false,8,genie/puppy/campaign_posts.csv,image_hash,2026.07.19.3
BISCUIT_RELIEF,PUPPY,POST-0048,campaign_template_id,STRING,tmpl-relief-v4,,,,,,,false,9,genie/puppy/campaign_posts.csv,campaign_template_id,2026.07.19.3
BISCUIT_RELIEF,PUPPY,POST-0048,ad_account_id,STRING,AD-GBRF-77,,,,,,,false,10,genie/puppy/campaign_posts.csv,ad_account_id,2026.07.19.3
BISCUIT_RELIEF,PUPPY,POST-0048,safe_text,STRING,Urgent relief appeal claims immediate supplies.,,,,,,,false,11,genie/puppy/campaign_posts.csv,safe_text,2026.07.19.3
BISCUIT_RELIEF,PUPPY,POST-0048,source_system_id,STRING,SOCIAL_ARCHIVE,,,,,,,false,12,genie/puppy/campaign_posts.csv,source_system_id,2026.07.19.3
BISCUIT_RELIEF,PUPPY,POST-0049,campaign_post_id,STRING,POST-0049,,,,,,,false,1,genie/puppy/campaign_posts.csv,campaign_post_id,2026.07.19.3
BISCUIT_RELIEF,PUPPY,POST-0049,campaign_id,STRING,CAMP-004,,,,,,,false,2,genie/puppy/campaign_posts.csv,campaign_id,2026.07.19.3
BISCUIT_RELIEF,PUPPY,POST-0049,author_person_record_id,STRING,PR-MINA-02,,,,,,,false,3,genie/puppy/campaign_posts.csv,author_person_record_id,2026.07.19.3
BISCUIT_RELIEF,PUPPY,POST-0049,published_at,TIMESTAMP,,,,,,2025-06-05T08:00:00Z,,false,4,genie/puppy/campaign_posts.csv,published_at,2026.07.19.3
BISCUIT_RELIEF,PUPPY,POST-0049,platform,STRING,BARKBOOK,,,,,,,false,5,genie/puppy/campaign_posts.csv,platform,2026.07.19.3
BISCUIT_RELIEF,PUPPY,POST-0049,claim_type,STRING,MATCHING_DONATION,,,,,,,false,6,genie/puppy/campaign_posts.csv,claim_type,2026.07.19.3
BISCUIT_RELIEF,PUPPY,POST-0049,claim_value,NULL,,,,,,,null,false,7,genie/puppy/campaign_posts.csv,claim_value,2026.07.19.3
BISCUIT_RELIEF,PUPPY,POST-0049,image_hash,STRING,img-shelter-05,,,,,,,false,8,genie/puppy/campaign_posts.csv,image_hash,2026.07.19.3
BISCUIT_RELIEF,PUPPY,POST-0049,campaign_template_id,STRING,tmpl-relief-v4,,,,,,,false,9,genie/puppy/campaign_posts.csv,campaign_template_id,2026.07.19.3
BISCUIT_RELIEF,PUPPY,POST-0049,ad_account_id,STRING,AD-GBRF-77,,,,,,,false,10,genie/puppy/campaign_posts.csv,ad_account_id,2026.07.19.3
BISCUIT_RELIEF,PUPPY,POST-0049,safe_text,STRING,Campaign update reports expanding aid deliveries.,,,,,,,false,11,genie/puppy/campaign_posts.csv,safe_text,2026.07.19.3
BISCUIT_RELIEF,PUPPY,POST-0049,source_system_id,STRING,SOCIAL_ARCHIVE,,,,,,,false,12,genie/puppy/campaign_posts.csv,source_system_id,2026.07.19.3
BISCUIT_RELIEF,PUPPY,POST-0050,campaign_post_id,STRING,POST-0050,,,,,,,false,1,genie/puppy/campaign_posts.csv,campaign_post_id,2026.07.19.3
BISCUIT_RELIEF,PUPPY,POST-0050,campaign_id,STRING,CAMP-005,,,,,,,false,2,genie/puppy/campaign_posts.csv,campaign_id,2026.07.19.3
BISCUIT_RELIEF,PUPPY,POST-0050,author_person_record_id,STRING,PR-MINA-02,,,,,,,false,3,genie/puppy/campaign_posts.csv,author_person_record_id,2026.07.19.3
BISCUIT_RELIEF,PUPPY,POST-0050,published_at,TIMESTAMP,,,,,,2025-06-08T09:00:00Z,,false,4,genie/puppy/campaign_posts.csv,published_at,2026.07.19.3
BISCUIT_RELIEF,PUPPY,POST-0050,platform,STRING,PAWSTAGRAM,,,,,,,false,5,genie/puppy/campaign_posts.csv,platform,2026.07.19.3
BISCUIT_RELIEF,PUPPY,POST-0050,claim_type,STRING,VOLUNTEER_STORY,,,,,,,false,6,genie/puppy/campaign_posts.csv,claim_type,2026.07.19.3
BISCUIT_RELIEF,PUPPY,POST-0050,claim_value,NULL,,,,,,,null,false,7,genie/puppy/campaign_posts.csv,claim_value,2026.07.19.3
BISCUIT_RELIEF,PUPPY,POST-0050,image_hash,STRING,img-pantry-03,,,,,,,false,8,genie/puppy/campaign_posts.csv,image_hash,2026.07.19.3
BISCUIT_RELIEF,PUPPY,POST-0050,campaign_template_id,STRING,tmpl-relief-v4,,,,,,,false,9,genie/puppy/campaign_posts.csv,campaign_template_id,2026.07.19.3
BISCUIT_RELIEF,PUPPY,POST-0050,ad_account_id,STRING,AD-GBRF-77,,,,,,,false,10,genie/puppy/campaign_posts.csv,ad_account_id,2026.07.19.3
BISCUIT_RELIEF,PUPPY,POST-0050,safe_text,STRING,Campaign update reports expanding aid deliveries.,,,,,,,false,11,genie/puppy/campaign_posts.csv,safe_text,2026.07.19.3
BISCUIT_RELIEF,PUPPY,POST-0050,source_system_id,STRING,SOCIAL_ARCHIVE,,,,,,,false,12,genie/puppy/campaign_posts.csv,source_system_id,2026.07.19.3
BISCUIT_RELIEF,PUPPY,CAMP-001,campaign_id,STRING,CAMP-001,,,,,,,false,1,genie/puppy/campaigns.csv,campaign_id,2026.07.19.3
BISCUIT_RELIEF,PUPPY,CAMP-001,campaign_name,STRING,Gale Nine Emergency Bowls,,,,,,,false,2,genie/puppy/campaigns.csv,campaign_name,2026.07.19.3
BISCUIT_RELIEF,PUPPY,CAMP-001,operator_organization_record_id,STRING,OR-GBRF-02,,,,,,,false,3,genie/puppy/campaigns.csv,operator_organization_record_id,2026.07.19.3
BISCUIT_RELIEF,PUPPY,CAMP-001,launch_date,DATE,,,,,2025-01-10,,,false,4,genie/puppy/campaigns.csv,launch_date,2026.07.19.3
BISCUIT_RELIEF,PUPPY,CAMP-001,close_date,DATE,,,,,2025-03-11,,,false,5,genie/puppy/campaigns.csv,close_date,2026.07.19.3
BISCUIT_RELIEF,PUPPY,CAMP-001,status,STRING,CLOSED,,,,,,,false,6,genie/puppy/campaigns.csv,status,2026.07.19.3
BISCUIT_RELIEF,PUPPY,CAMP-001,processor_merchant_id,STRING,MER-6104,,,,,,,false,7,genie/puppy/campaigns.csv,processor_merchant_id,2026.07.19.3
BISCUIT_RELIEF,PUPPY,CAMP-001,campaign_template_id,STRING,tmpl-relief-v4,,,,,,,false,8,genie/puppy/campaigns.csv,campaign_template_id,2026.07.19.3
BISCUIT_RELIEF,PUPPY,CAMP-001,ad_account_id,STRING,AD-GBRF-77,,,,,,,false,9,genie/puppy/campaigns.csv,ad_account_id,2026.07.19.3
BISCUIT_RELIEF,PUPPY,CAMP-001,claimed_families_helped,INTEGER,,450,,,,,,false,10,genie/puppy/campaigns.csv,claimed_families_helped,2026.07.19.3
BISCUIT_RELIEF,PUPPY,CAMP-001,claimed_aid_value,DECIMAL,,,120000.00,,,,,false,11,genie/puppy/campaigns.csv,claimed_aid_value,2026.07.19.3
BISCUIT_RELIEF,PUPPY,CAMP-001,source_system_id,STRING,CAMPAIGN_PLATFORM,,,,,,,false,12,genie/puppy/campaigns.csv,source_system_id,2026.07.19.3
BISCUIT_RELIEF,PUPPY,CAMP-002,campaign_id,STRING,CAMP-002,,,,,,,false,1,genie/puppy/campaigns.csv,campaign_id,2026.07.19.3
BISCUIT_RELIEF,PUPPY,CAMP-002,campaign_name,STRING,Harbor Rain Recovery,,,,,,,false,2,genie/puppy/campaigns.csv,campaign_name,2026.07.19.3
BISCUIT_RELIEF,PUPPY,CAMP-002,operator_organization_record_id,STRING,OR-GBRF-02,,,,,,,false,3,genie/puppy/campaigns.csv,operator_organization_record_id,2026.07.19.3
BISCUIT_RELIEF,PUPPY,CAMP-002,launch_date,DATE,,,,,2025-01-18,,,false,4,genie/puppy/campaigns.csv,launch_date,2026.07.19.3
BISCUIT_RELIEF,PUPPY,CAMP-002,close_date,DATE,,,,,2025-04-03,,,false,5,genie/puppy/campaigns.csv,close_date,2026.07.19.3
BISCUIT_RELIEF,PUPPY,CAMP-002,status,STRING,ACTIVE,,,,,,,false,6,genie/puppy/campaigns.csv,status,2026.07.19.3
BISCUIT_RELIEF,PUPPY,CAMP-002,processor_merchant_id,STRING,MER-6104,,,,,,,false,7,genie/puppy/campaigns.csv,processor_merchant_id,2026.07.19.3
BISCUIT_RELIEF,PUPPY,CAMP-002,campaign_template_id,STRING,tmpl-relief-v4,,,,,,,false,8,genie/puppy/campaigns.csv,campaign_template_id,2026.07.19.3
BISCUIT_RELIEF,PUPPY,CAMP-002,ad_account_id,STRING,AD-GBRF-77,,,,,,,false,9,genie/puppy/campaigns.csv,ad_account_id,2026.07.19.3
BISCUIT_RELIEF,PUPPY,CAMP-002,claimed_families_helped,INTEGER,,630,,,,,,false,10,genie/puppy/campaigns.csv,claimed_families_helped,2026.07.19.3
BISCUIT_RELIEF,PUPPY,CAMP-002,claimed_aid_value,DECIMAL,,,162000.00,,,,,false,11,genie/puppy/campaigns.csv,claimed_aid_value,2026.07.19.3
BISCUIT_RELIEF,PUPPY,CAMP-002,source_system_id,STRING,CAMPAIGN_PLATFORM,,,,,,,false,12,genie/puppy/campaigns.csv,source_system_id,2026.07.19.3
BISCUIT_RELIEF,PUPPY,CAMP-003,campaign_id,STRING,CAMP-003,,,,,,,false,1,genie/puppy/campaigns.csv,campaign_id,2026.07.19.3
BISCUIT_RELIEF,PUPPY,CAMP-003,campaign_name,STRING,Warm Beds After the Storm,,,,,,,false,2,genie/puppy/campaigns.csv,campaign_name,2026.07.19.3
BISCUIT_RELIEF,PUPPY,CAMP-003,operator_organization_record_id,STRING,OR-GBRF-02,,,,,,,false,3,genie/puppy/campaigns.csv,operator_organization_record_id,2026.07.19.3
BISCUIT_RELIEF,PUPPY,CAMP-003,launch_date,DATE,,,,,2025-01-26,,,false,4,genie/puppy/campaigns.csv,launch_date,2026.07.19.3
BISCUIT_RELIEF,PUPPY,CAMP-003,close_date,DATE,,,,,2025-04-26,,,false,5,genie/puppy/campaigns.csv,close_date,2026.07.19.3
BISCUIT_RELIEF,PUPPY,CAMP-003,status,STRING,ACTIVE,,,,,,,false,6,genie/puppy/campaigns.csv,status,2026.07.19.3
BISCUIT_RELIEF,PUPPY,CAMP-003,processor_merchant_id,STRING,MER-6104,,,,,,,false,7,genie/puppy/campaigns.csv,processor_merchant_id,2026.07.19.3
BISCUIT_RELIEF,PUPPY,CAMP-003,campaign_template_id,STRING,tmpl-relief-v4,,,,,,,false,8,genie/puppy/campaigns.csv,campaign_template_id,2026.07.19.3
BISCUIT_RELIEF,PUPPY,CAMP-003,ad_account_id,STRING,AD-GBRF-77,,,,,,,false,9,genie/puppy/campaigns.csv,ad_account_id,2026.07.19.3
BISCUIT_RELIEF,PUPPY,CAMP-003,claimed_families_helped,INTEGER,,810,,,,,,false,10,genie/puppy/campaigns.csv,claimed_families_helped,2026.07.19.3
BISCUIT_RELIEF,PUPPY,CAMP-003,claimed_aid_value,DECIMAL,,,204000.00,,,,,false,11,genie/puppy/campaigns.csv,claimed_aid_value,2026.07.19.3
BISCUIT_RELIEF,PUPPY,CAMP-003,source_system_id,STRING,CAMPAIGN_PLATFORM,,,,,,,false,12,genie/puppy/campaigns.csv,source_system_id,2026.07.19.3
BISCUIT_RELIEF,PUPPY,CAMP-004,campaign_id,STRING,CAMP-004,,,,,,,false,1,genie/puppy/campaigns.csv,campaign_id,2026.07.19.3
BISCUIT_RELIEF,PUPPY,CAMP-004,campaign_name,STRING,Bridge District Biscuit Drive,,,,,,,false,2,genie/puppy/campaigns.csv,campaign_name,2026.07.19.3
BISCUIT_RELIEF,PUPPY,CAMP-004,operator_organization_record_id,STRING,OR-GBRF-02,,,,,,,false,3,genie/puppy/campaigns.csv,operator_organization_record_id,2026.07.19.3
BISCUIT_RELIEF,PUPPY,CAMP-004,launch_date,DATE,,,,,2025-02-03,,,false,4,genie/puppy/campaigns.csv,launch_date,2026.07.19.3
BISCUIT_RELIEF,PUPPY,CAMP-004,close_date,DATE,,,,,2025-05-19,,,false,5,genie/puppy/campaigns.csv,close_date,2026.07.19.3
BISCUIT_RELIEF,PUPPY,CAMP-004,status,STRING,ACTIVE,,,,,,,false,6,genie/puppy/campaigns.csv,status,2026.07.19.3
BISCUIT_RELIEF,PUPPY,CAMP-004,processor_merchant_id,STRING,MER-6104,,,,,,,false,7,genie/puppy/campaigns.csv,processor_merchant_id,2026.07.19.3
BISCUIT_RELIEF,PUPPY,CAMP-004,campaign_template_id,STRING,tmpl-relief-v4,,,,,,,false,8,genie/puppy/campaigns.csv,campaign_template_id,2026.07.19.3
BISCUIT_RELIEF,PUPPY,CAMP-004,ad_account_id,STRING,AD-GBRF-77,,,,,,,false,9,genie/puppy/campaigns.csv,ad_account_id,2026.07.19.3
BISCUIT_RELIEF,PUPPY,CAMP-004,claimed_families_helped,INTEGER,,990,,,,,,false,10,genie/puppy/campaigns.csv,claimed_families_helped,2026.07.19.3
BISCUIT_RELIEF,PUPPY,CAMP-004,claimed_aid_value,DECIMAL,,,246000.00,,,,,false,11,genie/puppy/campaigns.csv,claimed_aid_value,2026.07.19.3
BISCUIT_RELIEF,PUPPY,CAMP-004,source_system_id,STRING,CAMPAIGN_PLATFORM,,,,,,,false,12,genie/puppy/campaigns.csv,source_system_id,2026.07.19.3
BISCUIT_RELIEF,PUPPY,CAMP-005,campaign_id,STRING,CAMP-005,,,,,,,false,1,genie/puppy/campaigns.csv,campaign_id,2026.07.19.3
BISCUIT_RELIEF,PUPPY,CAMP-005,campaign_name,STRING,Lantern Quay Family Relief,,,,,,,false,2,genie/puppy/campaigns.csv,campaign_name,2026.07.19.3
BISCUIT_RELIEF,PUPPY,CAMP-005,operator_organization_record_id,STRING,OR-GBRF-02,,,,,,,false,3,genie/puppy/campaigns.csv,operator_organization_record_id,2026.07.19.3
BISCUIT_RELIEF,PUPPY,CAMP-005,launch_date,DATE,,,,,2025-02-11,,,false,4,genie/puppy/campaigns.csv,launch_date,2026.07.19.3
BISCUIT_RELIEF,PUPPY,CAMP-005,close_date,DATE,,,,,2025-04-12,,,false,5,genie/puppy/campaigns.csv,close_date,2026.07.19.3
BISCUIT_RELIEF,PUPPY,CAMP-005,status,STRING,ACTIVE,,,,,,,false,6,genie/puppy/campaigns.csv,status,2026.07.19.3
BISCUIT_RELIEF,PUPPY,CAMP-005,processor_merchant_id,STRING,MER-6104,,,,,,,false,7,genie/puppy/campaigns.csv,processor_merchant_id,2026.07.19.3
BISCUIT_RELIEF,PUPPY,CAMP-005,campaign_template_id,STRING,tmpl-relief-v4,,,,,,,false,8,genie/puppy/campaigns.csv,campaign_template_id,2026.07.19.3
BISCUIT_RELIEF,PUPPY,CAMP-005,ad_account_id,STRING,AD-GBRF-77,,,,,,,false,9,genie/puppy/campaigns.csv,ad_account_id,2026.07.19.3
BISCUIT_RELIEF,PUPPY,CAMP-005,claimed_families_helped,INTEGER,,1170,,,,,,false,10,genie/puppy/campaigns.csv,claimed_families_helped,2026.07.19.3
BISCUIT_RELIEF,PUPPY,CAMP-005,claimed_aid_value,DECIMAL,,,288000.00,,,,,false,11,genie/puppy/campaigns.csv,claimed_aid_value,2026.07.19.3
BISCUIT_RELIEF,PUPPY,CAMP-005,source_system_id,STRING,CAMPAIGN_PLATFORM,,,,,,,false,12,genie/puppy/campaigns.csv,source_system_id,2026.07.19.3
BISCUIT_RELIEF,PUPPY,CAMP-006,campaign_id,STRING,CAMP-006,,,,,,,false,1,genie/puppy/campaigns.csv,campaign_id,2026.07.19.3
BISCUIT_RELIEF,PUPPY,CAMP-006,campaign_name,STRING,Winter Kennel Recovery,,,,,,,false,2,genie/puppy/campaigns.csv,campaign_name,2026.07.19.3
BISCUIT_RELIEF,PUPPY,CAMP-006,operator_organization_record_id,STRING,OR-GBRF-02,,,,,,,false,3,genie/puppy/campaigns.csv,operator_organization_record_id,2026.07.19.3
BISCUIT_RELIEF,PUPPY,CAMP-006,launch_date,DATE,,,,,2025-02-19,,,false,4,genie/puppy/campaigns.csv,launch_date,2026.07.19.3
BISCUIT_RELIEF,PUPPY,CAMP-006,close_date,DATE,,,,,2025-05-05,,,false,5,genie/puppy/campaigns.csv,close_date,2026.07.19.3
BISCUIT_RELIEF,PUPPY,CAMP-006,status,STRING,CLOSED,,,,,,,false,6,genie/puppy/campaigns.csv,status,2026.07.19.3
BISCUIT_RELIEF,PUPPY,CAMP-006,processor_merchant_id,STRING,MER-6104,,,,,,,false,7,genie/puppy/campaigns.csv,processor_merchant_id,2026.07.19.3
BISCUIT_RELIEF,PUPPY,CAMP-006,campaign_template_id,STRING,tmpl-relief-v4,,,,,,,false,8,genie/puppy/campaigns.csv,campaign_template_id,2026.07.19.3
BISCUIT_RELIEF,PUPPY,CAMP-006,ad_account_id,STRING,AD-GBRF-77,,,,,,,false,9,genie/puppy/campaigns.csv,ad_account_id,2026.07.19.3
BISCUIT_RELIEF,PUPPY,CAMP-006,claimed_families_helped,INTEGER,,1350,,,,,,false,10,genie/puppy/campaigns.csv,claimed_families_helped,2026.07.19.3
BISCUIT_RELIEF,PUPPY,CAMP-006,claimed_aid_value,DECIMAL,,,330000.00,,,,,false,11,genie/puppy/campaigns.csv,claimed_aid_value,2026.07.19.3
BISCUIT_RELIEF,PUPPY,CAMP-006,source_system_id,STRING,CAMPAIGN_PLATFORM,,,,,,,false,12,genie/puppy/campaigns.csv,source_system_id,2026.07.19.3
BISCUIT_RELIEF,PUPPY,CAMP-007,campaign_id,STRING,CAMP-007,,,,,,,false,1,genie/puppy/campaigns.csv,campaign_id,2026.07.19.3
BISCUIT_RELIEF,PUPPY,CAMP-007,campaign_name,STRING,Rapid Roof Repair Appeal,,,,,,,false,2,genie/puppy/campaigns.csv,campaign_name,2026.07.19.3
BISCUIT_RELIEF,PUPPY,CAMP-007,operator_organization_record_id,STRING,OR-GBRF-02,,,,,,,false,3,genie/puppy/campaigns.csv,operator_organization_record_id,2026.07.19.3
BISCUIT_RELIEF,PUPPY,CAMP-007,launch_date,DATE,,,,,2025-02-27,,,false,4,genie/puppy/campaigns.csv,launch_date,2026.07.19.3
BISCUIT_RELIEF,PUPPY,CAMP-007,close_date,DATE,,,,,2025-05-28,,,false,5,genie/puppy/campaigns.csv,close_date,2026.07.19.3
BISCUIT_RELIEF,PUPPY,CAMP-007,status,STRING,ACTIVE,,,,,,,false,6,genie/puppy/campaigns.csv,status,2026.07.19.3
BISCUIT_RELIEF,PUPPY,CAMP-007,processor_merchant_id,STRING,MER-6104,,,,,,,false,7,genie/puppy/campaigns.csv,processor_merchant_id,2026.07.19.3
BISCUIT_RELIEF,PUPPY,CAMP-007,campaign_template_id,STRING,tmpl-relief-v4,,,,,,,false,8,genie/puppy/campaigns.csv,campaign_template_id,2026.07.19.3
BISCUIT_RELIEF,PUPPY,CAMP-007,ad_account_id,STRING,AD-GBRF-77,,,,,,,false,9,genie/puppy/campaigns.csv,ad_account_id,2026.07.19.3
BISCUIT_RELIEF,PUPPY,CAMP-007,claimed_families_helped,INTEGER,,1530,,,,,,false,10,genie/puppy/campaigns.csv,claimed_families_helped,2026.07.19.3
BISCUIT_RELIEF,PUPPY,CAMP-007,claimed_aid_value,DECIMAL,,,372000.00,,,,,false,11,genie/puppy/campaigns.csv,claimed_aid_value,2026.07.19.3
BISCUIT_RELIEF,PUPPY,CAMP-007,source_system_id,STRING,CAMPAIGN_PLATFORM,,,,,,,false,12,genie/puppy/campaigns.csv,source_system_id,2026.07.19.3
BISCUIT_RELIEF,PUPPY,CAMP-008,campaign_id,STRING,CAMP-008,,,,,,,false,1,genie/puppy/campaigns.csv,campaign_id,2026.07.19.3
BISCUIT_RELIEF,PUPPY,CAMP-008,campaign_name,STRING,Community Pantry Refill,,,,,,,false,2,genie/puppy/campaigns.csv,campaign_name,2026.07.19.3
BISCUIT_RELIEF,PUPPY,CAMP-008,operator_organization_record_id,STRING,OR-GBRF-02,,,,,,,false,3,genie/puppy/campaigns.csv,operator_organization_record_id,2026.07.19.3
BISCUIT_RELIEF,PUPPY,CAMP-008,launch_date,DATE,,,,,2025-03-07,,,false,4,genie/puppy/campaigns.csv,launch_date,2026.07.19.3
BISCUIT_RELIEF,PUPPY,CAMP-008,close_date,DATE,,,,,2025-06-20,,,false,5,genie/puppy/campaigns.csv,close_date,2026.07.19.3
BISCUIT_RELIEF,PUPPY,CAMP-008,status,STRING,ACTIVE,,,,,,,false,6,genie/puppy/campaigns.csv,status,2026.07.19.3
BISCUIT_RELIEF,PUPPY,CAMP-008,processor_merchant_id,STRING,MER-6104,,,,,,,false,7,genie/puppy/campaigns.csv,processor_merchant_id,2026.07.19.3
BISCUIT_RELIEF,PUPPY,CAMP-008,campaign_template_id,STRING,tmpl-relief-v4,,,,,,,false,8,genie/puppy/campaigns.csv,campaign_template_id,2026.07.19.3
BISCUIT_RELIEF,PUPPY,CAMP-008,ad_account_id,STRING,AD-GBRF-77,,,,,,,false,9,genie/puppy/campaigns.csv,ad_account_id,2026.07.19.3
BISCUIT_RELIEF,PUPPY,CAMP-008,claimed_families_helped,INTEGER,,1710,,,,,,false,10,genie/puppy/campaigns.csv,claimed_families_helped,2026.07.19.3
BISCUIT_RELIEF,PUPPY,CAMP-008,claimed_aid_value,DECIMAL,,,414000.00,,,,,false,11,genie/puppy/campaigns.csv,claimed_aid_value,2026.07.19.3
BISCUIT_RELIEF,PUPPY,CAMP-008,source_system_id,STRING,CAMPAIGN_PLATFORM,,,,,,,false,12,genie/puppy/campaigns.csv,source_system_id,2026.07.19.3
BISCUIT_RELIEF,PUPPY,CAMP-009,campaign_id,STRING,CAMP-009,,,,,,,false,1,genie/puppy/campaigns.csv,campaign_id,2026.07.19.3
BISCUIT_RELIEF,PUPPY,CAMP-009,campaign_name,STRING,Emergency Medicine Crates,,,,,,,false,2,genie/puppy/campaigns.csv,campaign_name,2026.07.19.3
BISCUIT_RELIEF,PUPPY,CAMP-009,operator_organization_record_id,STRING,OR-GBRF-02,,,,,,,false,3,genie/puppy/campaigns.csv,operator_organization_record_id,2026.07.19.3
BISCUIT_RELIEF,PUPPY,CAMP-009,launch_date,DATE,,,,,2025-03-15,,,false,4,genie/puppy/campaigns.csv,launch_date,2026.07.19.3
BISCUIT_RELIEF,PUPPY,CAMP-009,close_date,DATE,,,,,2025-05-14,,,false,5,genie/puppy/campaigns.csv,close_date,2026.07.19.3
BISCUIT_RELIEF,PUPPY,CAMP-009,status,STRING,ACTIVE,,,,,,,false,6,genie/puppy/campaigns.csv,status,2026.07.19.3
BISCUIT_RELIEF,PUPPY,CAMP-009,processor_merchant_id,STRING,MER-6104,,,,,,,false,7,genie/puppy/campaigns.csv,processor_merchant_id,2026.07.19.3
BISCUIT_RELIEF,PUPPY,CAMP-009,campaign_template_id,STRING,tmpl-relief-v4,,,,,,,false,8,genie/puppy/campaigns.csv,campaign_template_id,2026.07.19.3
BISCUIT_RELIEF,PUPPY,CAMP-009,ad_account_id,STRING,AD-GBRF-77,,,,,,,false,9,genie/puppy/campaigns.csv,ad_account_id,2026.07.19.3
BISCUIT_RELIEF,PUPPY,CAMP-009,claimed_families_helped,INTEGER,,1890,,,,,,false,10,genie/puppy/campaigns.csv,claimed_families_helped,2026.07.19.3
BISCUIT_RELIEF,PUPPY,CAMP-009,claimed_aid_value,DECIMAL,,,135000.00,,,,,false,11,genie/puppy/campaigns.csv,claimed_aid_value,2026.07.19.3
BISCUIT_RELIEF,PUPPY,CAMP-009,source_system_id,STRING,CAMPAIGN_PLATFORM,,,,,,,false,12,genie/puppy/campaigns.csv,source_system_id,2026.07.19.3
BISCUIT_RELIEF,PUPPY,CAMP-010,campaign_id,STRING,CAMP-010,,,,,,,false,1,genie/puppy/campaigns.csv,campaign_id,2026.07.19.3
BISCUIT_RELIEF,PUPPY,CAMP-010,campaign_name,STRING,Volunteer Transport Fund,,,,,,,false,2,genie/puppy/campaigns.csv,campaign_name,2026.07.19.3
BISCUIT_RELIEF,PUPPY,CAMP-010,operator_organization_record_id,STRING,OR-GBRF-02,,,,,,,false,3,genie/puppy/campaigns.csv,operator_organization_record_id,2026.07.19.3
BISCUIT_RELIEF,PUPPY,CAMP-010,launch_date,DATE,,,,,2025-03-23,,,false,4,genie/puppy/campaigns.csv,launch_date,2026.07.19.3
BISCUIT_RELIEF,PUPPY,CAMP-010,close_date,DATE,,,,,2025-06-06,,,false,5,genie/puppy/campaigns.csv,close_date,2026.07.19.3
BISCUIT_RELIEF,PUPPY,CAMP-010,status,STRING,ACTIVE,,,,,,,false,6,genie/puppy/campaigns.csv,status,2026.07.19.3
BISCUIT_RELIEF,PUPPY,CAMP-010,processor_merchant_id,STRING,MER-6104,,,,,,,false,7,genie/puppy/campaigns.csv,processor_merchant_id,2026.07.19.3
BISCUIT_RELIEF,PUPPY,CAMP-010,campaign_template_id,STRING,tmpl-relief-v4,,,,,,,false,8,genie/puppy/campaigns.csv,campaign_template_id,2026.07.19.3
BISCUIT_RELIEF,PUPPY,CAMP-010,ad_account_id,STRING,AD-GBRF-77,,,,,,,false,9,genie/puppy/campaigns.csv,ad_account_id,2026.07.19.3
BISCUIT_RELIEF,PUPPY,CAMP-010,claimed_families_helped,INTEGER,,450,,,,,,false,10,genie/puppy/campaigns.csv,claimed_families_helped,2026.07.19.3
BISCUIT_RELIEF,PUPPY,CAMP-010,claimed_aid_value,DECIMAL,,,177000.00,,,,,false,11,genie/puppy/campaigns.csv,claimed_aid_value,2026.07.19.3
BISCUIT_RELIEF,PUPPY,CAMP-010,source_system_id,STRING,CAMPAIGN_PLATFORM,,,,,,,false,12,genie/puppy/campaigns.csv,source_system_id,2026.07.19.3
BISCUIT_RELIEF,PUPPY,CAMP-011,campaign_id,STRING,CAMP-011,,,,,,,false,1,genie/puppy/campaigns.csv,campaign_id,2026.07.19.3
BISCUIT_RELIEF,PUPPY,CAMP-011,campaign_name,STRING,Temporary Shelter Kits,,,,,,,false,2,genie/puppy/campaigns.csv,campaign_name,2026.07.19.3
BISCUIT_RELIEF,PUPPY,CAMP-011,operator_organization_record_id,STRING,OR-GBRF-02,,,,,,,false,3,genie/puppy/campaigns.csv,operator_organization_record_id,2026.07.19.3
BISCUIT_RELIEF,PUPPY,CAMP-011,launch_date,DATE,,,,,2025-03-31,,,false,4,genie/puppy/campaigns.csv,launch_date,2026.07.19.3
BISCUIT_RELIEF,PUPPY,CAMP-011,close_date,DATE,,,,,2025-06-29,,,false,5,genie/puppy/campaigns.csv,close_date,2026.07.19.3
BISCUIT_RELIEF,PUPPY,CAMP-011,status,STRING,CLOSED,,,,,,,false,6,genie/puppy/campaigns.csv,status,2026.07.19.3
BISCUIT_RELIEF,PUPPY,CAMP-011,processor_merchant_id,STRING,MER-6104,,,,,,,false,7,genie/puppy/campaigns.csv,processor_merchant_id,2026.07.19.3
BISCUIT_RELIEF,PUPPY,CAMP-011,campaign_template_id,STRING,tmpl-relief-v4,,,,,,,false,8,genie/puppy/campaigns.csv,campaign_template_id,2026.07.19.3
BISCUIT_RELIEF,PUPPY,CAMP-011,ad_account_id,STRING,AD-GBRF-77,,,,,,,false,9,genie/puppy/campaigns.csv,ad_account_id,2026.07.19.3
BISCUIT_RELIEF,PUPPY,CAMP-011,claimed_families_helped,INTEGER,,630,,,,,,false,10,genie/puppy/campaigns.csv,claimed_families_helped,2026.07.19.3
BISCUIT_RELIEF,PUPPY,CAMP-011,claimed_aid_value,DECIMAL,,,219000.00,,,,,false,11,genie/puppy/campaigns.csv,claimed_aid_value,2026.07.19.3
BISCUIT_RELIEF,PUPPY,CAMP-011,source_system_id,STRING,CAMPAIGN_PLATFORM,,,,,,,false,12,genie/puppy/campaigns.csv,source_system_id,2026.07.19.3
BISCUIT_RELIEF,PUPPY,CAMP-012,campaign_id,STRING,CAMP-012,,,,,,,false,1,genie/puppy/campaigns.csv,campaign_id,2026.07.19.3
BISCUIT_RELIEF,PUPPY,CAMP-012,campaign_name,STRING,School Meal Recovery,,,,,,,false,2,genie/puppy/campaigns.csv,campaign_name,2026.07.19.3
BISCUIT_RELIEF,PUPPY,CAMP-012,operator_organization_record_id,STRING,OR-GBRF-02,,,,,,,false,3,genie/puppy/campaigns.csv,operator_organization_record_id,2026.07.19.3
BISCUIT_RELIEF,PUPPY,CAMP-012,launch_date,DATE,,,,,2025-04-08,,,false,4,genie/puppy/campaigns.csv,launch_date,2026.07.19.3
BISCUIT_RELIEF,PUPPY,CAMP-012,close_date,DATE,,,,,2025-07-22,,,false,5,genie/puppy/campaigns.csv,close_date,2026.07.19.3
BISCUIT_RELIEF,PUPPY,CAMP-012,status,STRING,ACTIVE,,,,,,,false,6,genie/puppy/campaigns.csv,status,2026.07.19.3
BISCUIT_RELIEF,PUPPY,CAMP-012,processor_merchant_id,STRING,MER-6104,,,,,,,false,7,genie/puppy/campaigns.csv,processor_merchant_id,2026.07.19.3
BISCUIT_RELIEF,PUPPY,CAMP-012,campaign_template_id,STRING,tmpl-relief-v4,,,,,,,false,8,genie/puppy/campaigns.csv,campaign_template_id,2026.07.19.3
BISCUIT_RELIEF,PUPPY,CAMP-012,ad_account_id,STRING,AD-GBRF-77,,,,,,,false,9,genie/puppy/campaigns.csv,ad_account_id,2026.07.19.3
BISCUIT_RELIEF,PUPPY,CAMP-012,claimed_families_helped,INTEGER,,810,,,,,,false,10,genie/puppy/campaigns.csv,claimed_families_helped,2026.07.19.3
BISCUIT_RELIEF,PUPPY,CAMP-012,claimed_aid_value,DECIMAL,,,261000.00,,,,,false,11,genie/puppy/campaigns.csv,claimed_aid_value,2026.07.19.3
BISCUIT_RELIEF,PUPPY,CAMP-012,source_system_id,STRING,CAMPAIGN_PLATFORM,,,,,,,false,12,genie/puppy/campaigns.csv,source_system_id,2026.07.19.3
BISCUIT_RELIEF,PUPPY,COM-001,communication_id,STRING,COM-001,,,,,,,false,1,genie/puppy/communications.csv,communication_id,2026.07.19.3
BISCUIT_RELIEF,PUPPY,COM-001,communication_type,STRING,EMAIL,,,,,,,false,2,genie/puppy/communications.csv,communication_type,2026.07.19.3
BISCUIT_RELIEF,PUPPY,COM-001,sent_at,TIMESTAMP,,,,,,2025-02-09T10:00:00Z,,false,3,genie/puppy/communications.csv,sent_at,2026.07.19.3
BISCUIT_RELIEF,PUPPY,COM-001,sender_record_id,STRING,PR-ARLO-03,,,,,,,false,4,genie/puppy/communications.csv,sender_record_id,2026.07.19.3
BISCUIT_RELIEF,PUPPY,COM-001,recipient_record_ids,STRING,PR-FELIX-03,,,,,,,false,5,genie/puppy/communications.csv,recipient_record_ids,2026.07.19.3
BISCUIT_RELIEF,PUPPY,COM-001,subject,STRING,Payout allocation,,,,,,,false,6,genie/puppy/communications.csv,subject,2026.07.19.3
BISCUIT_RELIEF,PUPPY,COM-001,safe_body,STRING,Keep beneficiary transfers small enough to preserve the campaign image. Route the larger invoices through Gilded and Red Roof.,,,,,,,false,7,genie/puppy/communications.csv,safe_body,2026.07.19.3
BISCUIT_RELIEF,PUPPY,COM-001,thread_id,STRING,THREAD-001,,,,,,,false,8,genie/puppy/communications.csv,thread_id,2026.07.19.3
BISCUIT_RELIEF,PUPPY,COM-001,attachment_document_ids,NULL,,,,,,,null,false,9,genie/puppy/communications.csv,attachment_document_ids,2026.07.19.3
BISCUIT_RELIEF,PUPPY,COM-001,source_system_id,STRING,EMAIL,,,,,,,false,10,genie/puppy/communications.csv,source_system_id,2026.07.19.3
BISCUIT_RELIEF,PUPPY,COM-002,communication_id,STRING,COM-002,,,,,,,false,1,genie/puppy/communications.csv,communication_id,2026.07.19.3
BISCUIT_RELIEF,PUPPY,COM-002,communication_type,STRING,EMAIL,,,,,,,false,2,genie/puppy/communications.csv,communication_type,2026.07.19.3
BISCUIT_RELIEF,PUPPY,COM-002,sent_at,TIMESTAMP,,,,,,2025-02-17T11:00:00Z,,false,3,genie/puppy/communications.csv,sent_at,2026.07.19.3
BISCUIT_RELIEF,PUPPY,COM-002,sender_record_id,STRING,PR-FELIX-03,,,,,,,false,4,genie/puppy/communications.csv,sender_record_id,2026.07.19.3
BISCUIT_RELIEF,PUPPY,COM-002,recipient_record_ids,STRING,PR-ARLO-03,,,,,,,false,5,genie/puppy/communications.csv,recipient_record_ids,2026.07.19.3
BISCUIT_RELIEF,PUPPY,COM-002,subject,STRING,Settlement batch,,,,,,,false,6,genie/puppy/communications.csv,subject,2026.07.19.3
BISCUIT_RELIEF,PUPPY,COM-002,safe_body,STRING,The processor settlement is in account 6401. I can release the media and logistics invoices before the beneficiary requests.,,,,,,,false,7,genie/puppy/communications.csv,safe_body,2026.07.19.3
BISCUIT_RELIEF,PUPPY,COM-002,thread_id,STRING,THREAD-001,,,,,,,false,8,genie/puppy/communications.csv,thread_id,2026.07.19.3
BISCUIT_RELIEF,PUPPY,COM-002,attachment_document_ids,NULL,,,,,,,null,false,9,genie/puppy/communications.csv,attachment_document_ids,2026.07.19.3
BISCUIT_RELIEF,PUPPY,COM-002,source_system_id,STRING,EMAIL,,,,,,,false,10,genie/puppy/communications.csv,source_system_id,2026.07.19.3
BISCUIT_RELIEF,PUPPY,COM-003,communication_id,STRING,COM-003,,,,,,,false,1,genie/puppy/communications.csv,communication_id,2026.07.19.3
BISCUIT_RELIEF,PUPPY,COM-003,communication_type,STRING,EMAIL,,,,,,,false,2,genie/puppy/communications.csv,communication_type,2026.07.19.3
BISCUIT_RELIEF,PUPPY,COM-003,sent_at,TIMESTAMP,,,,,,2025-02-25T12:00:00Z,,false,3,genie/puppy/communications.csv,sent_at,2026.07.19.3
BISCUIT_RELIEF,PUPPY,COM-003,sender_record_id,STRING,PR-MINA-03,,,,,,,false,4,genie/puppy/communications.csv,sender_record_id,2026.07.19.3
BISCUIT_RELIEF,PUPPY,COM-003,recipient_record_ids,STRING,PR-ARLO-03,,,,,,,false,5,genie/puppy/communications.csv,recipient_record_ids,2026.07.19.3
BISCUIT_RELIEF,PUPPY,COM-003,subject,STRING,Families-helped count,,,,,,,false,6,genie/puppy/communications.csv,subject,2026.07.19.3
BISCUIT_RELIEF,PUPPY,COM-003,safe_body,STRING,"The current page claims 1,800 families. Verified distribution logs support fewer than 240.",,,,,,,false,7,genie/puppy/communications.csv,safe_body,2026.07.19.3
BISCUIT_RELIEF,PUPPY,COM-003,thread_id,STRING,THREAD-002,,,,,,,false,8,genie/puppy/communications.csv,thread_id,2026.07.19.3
BISCUIT_RELIEF,PUPPY,COM-003,attachment_document_ids,NULL,,,,,,,null,false,9,genie/puppy/communications.csv,attachment_document_ids,2026.07.19.3
BISCUIT_RELIEF,PUPPY,COM-003,source_system_id,STRING,EMAIL,,,,,,,false,10,genie/puppy/communications.csv,source_system_id,2026.07.19.3
BISCUIT_RELIEF,PUPPY,COM-004,communication_id,STRING,COM-004,,,,,,,false,1,genie/puppy/communications.csv,communication_id,2026.07.19.3
BISCUIT_RELIEF,PUPPY,COM-004,communication_type,STRING,EMAIL,,,,,,,false,2,genie/puppy/communications.csv,communication_type,2026.07.19.3
BISCUIT_RELIEF,PUPPY,COM-004,sent_at,TIMESTAMP,,,,,,2025-03-05T13:00:00Z,,false,3,genie/puppy/communications.csv,sent_at,2026.07.19.3
BISCUIT_RELIEF,PUPPY,COM-004,sender_record_id,STRING,PR-ARLO-03,,,,,,,false,4,genie/puppy/communications.csv,sender_record_id,2026.07.19.3
BISCUIT_RELIEF,PUPPY,COM-004,recipient_record_ids,STRING,PR-MINA-03,,,,,,,false,5,genie/puppy/communications.csv,recipient_record_ids,2026.07.19.3
BISCUIT_RELIEF,PUPPY,COM-004,subject,STRING,Re: Families-helped count,,,,,,,false,6,genie/puppy/communications.csv,subject,2026.07.19.3
BISCUIT_RELIEF,PUPPY,COM-004,safe_body,STRING,Keep the larger number. The appeal needs momentum before the storm leaves the news cycle.,,,,,,,false,7,genie/puppy/communications.csv,safe_body,2026.07.19.3
BISCUIT_RELIEF,PUPPY,COM-004,thread_id,STRING,THREAD-002,,,,,,,false,8,genie/puppy/communications.csv,thread_id,2026.07.19.3
BISCUIT_RELIEF,PUPPY,COM-004,attachment_document_ids,NULL,,,,,,,null,false,9,genie/puppy/communications.csv,attachment_document_ids,2026.07.19.3
BISCUIT_RELIEF,PUPPY,COM-004,source_system_id,STRING,EMAIL,,,,,,,false,10,genie/puppy/communications.csv,source_system_id,2026.07.19.3
BISCUIT_RELIEF,PUPPY,COM-005,communication_id,STRING,COM-005,,,,,,,false,1,genie/puppy/communications.csv,communication_id,2026.07.19.3
BISCUIT_RELIEF,PUPPY,COM-005,communication_type,STRING,EMAIL,,,,,,,false,2,genie/puppy/communications.csv,communication_type,2026.07.19.3
BISCUIT_RELIEF,PUPPY,COM-005,sent_at,TIMESTAMP,,,,,,2025-03-13T09:00:00Z,,false,3,genie/puppy/communications.csv,sent_at,2026.07.19.3
BISCUIT_RELIEF,PUPPY,COM-005,sender_record_id,STRING,PR-VIOLET-02,,,,,,,false,4,genie/puppy/communications.csv,sender_record_id,2026.07.19.3
BISCUIT_RELIEF,PUPPY,COM-005,recipient_record_ids,STRING,PR-MINA-03,,,,,,,false,5,genie/puppy/communications.csv,recipient_record_ids,2026.07.19.3
BISCUIT_RELIEF,PUPPY,COM-005,subject,STRING,Warehouse photographs,,,,,,,false,6,genie/puppy/communications.csv,subject,2026.07.19.3
BISCUIT_RELIEF,PUPPY,COM-005,safe_body,STRING,Please do not describe the stacked empty cartons as delivered relief. The boxes have not left the warehouse.,,,,,,,false,7,genie/puppy/communications.csv,safe_body,2026.07.19.3
BISCUIT_RELIEF,PUPPY,COM-005,thread_id,STRING,THREAD-003,,,,,,,false,8,genie/puppy/communications.csv,thread_id,2026.07.19.3
BISCUIT_RELIEF,PUPPY,COM-005,attachment_document_ids,NULL,,,,,,,null,false,9,genie/puppy/communications.csv,attachment_document_ids,2026.07.19.3
BISCUIT_RELIEF,PUPPY,COM-005,source_system_id,STRING,EMAIL,,,,,,,false,10,genie/puppy/communications.csv,source_system_id,2026.07.19.3
BISCUIT_RELIEF,PUPPY,COM-006,communication_id,STRING,COM-006,,,,,,,false,1,genie/puppy/communications.csv,communication_id,2026.07.19.3
BISCUIT_RELIEF,PUPPY,COM-006,communication_type,STRING,EMAIL,,,,,,,false,2,genie/puppy/communications.csv,communication_type,2026.07.19.3
BISCUIT_RELIEF,PUPPY,COM-006,sent_at,TIMESTAMP,,,,,,2025-03-21T10:00:00Z,,false,3,genie/puppy/communications.csv,sent_at,2026.07.19.3
BISCUIT_RELIEF,PUPPY,COM-006,sender_record_id,STRING,PR-MINA-03,,,,,,,false,4,genie/puppy/communications.csv,sender_record_id,2026.07.19.3
BISCUIT_RELIEF,PUPPY,COM-006,recipient_record_ids,STRING,PR-VIOLET-02,,,,,,,false,5,genie/puppy/communications.csv,recipient_record_ids,2026.07.19.3
BISCUIT_RELIEF,PUPPY,COM-006,subject,STRING,Re: Warehouse photographs,,,,,,,false,6,genie/puppy/communications.csv,subject,2026.07.19.3
BISCUIT_RELIEF,PUPPY,COM-006,safe_body,STRING,Thanks. Campaign editorial will handle the captions.,,,,,,,false,7,genie/puppy/communications.csv,safe_body,2026.07.19.3
BISCUIT_RELIEF,PUPPY,COM-006,thread_id,STRING,THREAD-003,,,,,,,false,8,genie/puppy/communications.csv,thread_id,2026.07.19.3
BISCUIT_RELIEF,PUPPY,COM-006,attachment_document_ids,NULL,,,,,,,null,false,9,genie/puppy/communications.csv,attachment_document_ids,2026.07.19.3
BISCUIT_RELIEF,PUPPY,COM-006,source_system_id,STRING,EMAIL,,,,,,,false,10,genie/puppy/communications.csv,source_system_id,2026.07.19.3
BISCUIT_RELIEF,PUPPY,COM-007,communication_id,STRING,COM-007,,,,,,,false,1,genie/puppy/communications.csv,communication_id,2026.07.19.3
BISCUIT_RELIEF,PUPPY,COM-007,communication_type,STRING,EMAIL,,,,,,,false,2,genie/puppy/communications.csv,communication_type,2026.07.19.3
BISCUIT_RELIEF,PUPPY,COM-007,sent_at,TIMESTAMP,,,,,,2025-03-29T11:00:00Z,,false,3,genie/puppy/communications.csv,sent_at,2026.07.19.3
BISCUIT_RELIEF,PUPPY,COM-007,sender_record_id,STRING,PR-HOPE-01,,,,,,,false,4,genie/puppy/communications.csv,sender_record_id,2026.07.19.3
BISCUIT_RELIEF,PUPPY,COM-007,recipient_record_ids,STRING,PR-VIOLET-02,,,,,,,false,5,genie/puppy/communications.csv,recipient_record_ids,2026.07.19.3
BISCUIT_RELIEF,PUPPY,COM-007,subject,STRING,My reposts,,,,,,,false,6,genie/puppy/communications.csv,subject,2026.07.19.3
BISCUIT_RELIEF,PUPPY,COM-007,safe_body,STRING,I shared the appeal because I believed the supplies were already moving. I also donated my own savings.,,,,,,,false,7,genie/puppy/communications.csv,safe_body,2026.07.19.3
BISCUIT_RELIEF,PUPPY,COM-007,thread_id,STRING,THREAD-004,,,,,,,false,8,genie/puppy/communications.csv,thread_id,2026.07.19.3
BISCUIT_RELIEF,PUPPY,COM-007,attachment_document_ids,NULL,,,,,,,null,false,9,genie/puppy/communications.csv,attachment_document_ids,2026.07.19.3
BISCUIT_RELIEF,PUPPY,COM-007,source_system_id,STRING,EMAIL,,,,,,,false,10,genie/puppy/communications.csv,source_system_id,2026.07.19.3
BISCUIT_RELIEF,PUPPY,COM-008,communication_id,STRING,COM-008,,,,,,,false,1,genie/puppy/communications.csv,communication_id,2026.07.19.3
BISCUIT_RELIEF,PUPPY,COM-008,communication_type,STRING,EMAIL,,,,,,,false,2,genie/puppy/communications.csv,communication_type,2026.07.19.3
BISCUIT_RELIEF,PUPPY,COM-008,sent_at,TIMESTAMP,,,,,,2025-04-06T12:00:00Z,,false,3,genie/puppy/communications.csv,sent_at,2026.07.19.3
BISCUIT_RELIEF,PUPPY,COM-008,sender_record_id,STRING,PR-BENNY-02,,,,,,,false,4,genie/puppy/communications.csv,sender_record_id,2026.07.19.3
BISCUIT_RELIEF,PUPPY,COM-008,recipient_record_ids,STRING,PR-FELIX-03,,,,,,,false,5,genie/puppy/communications.csv,recipient_record_ids,2026.07.19.3
BISCUIT_RELIEF,PUPPY,COM-008,subject,STRING,Outstanding grant,,,,,,,false,6,genie/puppy/communications.csv,subject,2026.07.19.3
BISCUIT_RELIEF,PUPPY,COM-008,safe_body,STRING,"Pawbridge requested 78,000 BSC. We received 12,500 and still have families waiting.",,,,,,,false,7,genie/puppy/communications.csv,safe_body,2026.07.19.3
BISCUIT_RELIEF,PUPPY,COM-008,thread_id,STRING,THREAD-004,,,,,,,false,8,genie/puppy/communications.csv,thread_id,2026.07.19.3
BISCUIT_RELIEF,PUPPY,COM-008,attachment_document_ids,NULL,,,,,,,null,false,9,genie/puppy/communications.csv,attachment_document_ids,2026.07.19.3
BISCUIT_RELIEF,PUPPY,COM-008,source_system_id,STRING,EMAIL,,,,,,,false,10,genie/puppy/communications.csv,source_system_id,2026.07.19.3
BISCUIT_RELIEF,PUPPY,COM-009,communication_id,STRING,COM-009,,,,,,,false,1,genie/puppy/communications.csv,communication_id,2026.07.19.3
BISCUIT_RELIEF,PUPPY,COM-009,communication_type,STRING,EMAIL,,,,,,,false,2,genie/puppy/communications.csv,communication_type,2026.07.19.3
BISCUIT_RELIEF,PUPPY,COM-009,sent_at,TIMESTAMP,,,,,,2025-04-14T13:00:00Z,,false,3,genie/puppy/communications.csv,sent_at,2026.07.19.3
BISCUIT_RELIEF,PUPPY,COM-009,sender_record_id,STRING,PR-FELIX-03,,,,,,,false,4,genie/puppy/communications.csv,sender_record_id,2026.07.19.3
BISCUIT_RELIEF,PUPPY,COM-009,recipient_record_ids,STRING,PR-BENNY-02,,,,,,,false,5,genie/puppy/communications.csv,recipient_record_ids,2026.07.19.3
BISCUIT_RELIEF,PUPPY,COM-009,subject,STRING,Re: Outstanding grant,,,,,,,false,6,genie/puppy/communications.csv,subject,2026.07.19.3
BISCUIT_RELIEF,PUPPY,COM-009,safe_body,STRING,Additional funds are under administrative review. Please continue using the campaign logo.,,,,,,,false,7,genie/puppy/communications.csv,safe_body,2026.07.19.3
BISCUIT_RELIEF,PUPPY,COM-009,thread_id,STRING,THREAD-005,,,,,,,false,8,genie/puppy/communications.csv,thread_id,2026.07.19.3
BISCUIT_RELIEF,PUPPY,COM-009,attachment_document_ids,NULL,,,,,,,null,false,9,genie/puppy/communications.csv,attachment_document_ids,2026.07.19.3
BISCUIT_RELIEF,PUPPY,COM-009,source_system_id,STRING,EMAIL,,,,,,,false,10,genie/puppy/communications.csv,source_system_id,2026.07.19.3
BISCUIT_RELIEF,PUPPY,COM-010,communication_id,STRING,COM-010,,,,,,,false,1,genie/puppy/communications.csv,communication_id,2026.07.19.3
BISCUIT_RELIEF,PUPPY,COM-010,communication_type,STRING,EMAIL,,,,,,,false,2,genie/puppy/communications.csv,communication_type,2026.07.19.3
BISCUIT_RELIEF,PUPPY,COM-010,sent_at,TIMESTAMP,,,,,,2025-04-22T09:00:00Z,,false,3,genie/puppy/communications.csv,sent_at,2026.07.19.3
BISCUIT_RELIEF,PUPPY,COM-010,sender_record_id,STRING,PR-PRIYA-02,,,,,,,false,4,genie/puppy/communications.csv,sender_record_id,2026.07.19.3
BISCUIT_RELIEF,PUPPY,COM-010,recipient_record_ids,STRING,PR-ARLO-03,,,,,,,false,5,genie/puppy/communications.csv,recipient_record_ids,2026.07.19.3
BISCUIT_RELIEF,PUPPY,COM-010,subject,STRING,Merchant review,,,,,,,false,6,genie/puppy/communications.csv,subject,2026.07.19.3
BISCUIT_RELIEF,PUPPY,COM-010,safe_body,STRING,Please provide beneficiary contracts and evidence supporting the advertised distribution totals.,,,,,,,false,7,genie/puppy/communications.csv,safe_body,2026.07.19.3
BISCUIT_RELIEF,PUPPY,COM-010,thread_id,STRING,THREAD-005,,,,,,,false,8,genie/puppy/communications.csv,thread_id,2026.07.19.3
BISCUIT_RELIEF,PUPPY,COM-010,attachment_document_ids,NULL,,,,,,,null,false,9,genie/puppy/communications.csv,attachment_document_ids,2026.07.19.3
BISCUIT_RELIEF,PUPPY,COM-010,source_system_id,STRING,EMAIL,,,,,,,false,10,genie/puppy/communications.csv,source_system_id,2026.07.19.3
BISCUIT_RELIEF,PUPPY,COM-011,communication_id,STRING,COM-011,,,,,,,false,1,genie/puppy/communications.csv,communication_id,2026.07.19.3
BISCUIT_RELIEF,PUPPY,COM-011,communication_type,STRING,EMAIL,,,,,,,false,2,genie/puppy/communications.csv,communication_type,2026.07.19.3
BISCUIT_RELIEF,PUPPY,COM-011,sent_at,TIMESTAMP,,,,,,2025-04-30T10:00:00Z,,false,3,genie/puppy/communications.csv,sent_at,2026.07.19.3
BISCUIT_RELIEF,PUPPY,COM-011,sender_record_id,STRING,PR-ARLO-03,,,,,,,false,4,genie/puppy/communications.csv,sender_record_id,2026.07.19.3
BISCUIT_RELIEF,PUPPY,COM-011,recipient_record_ids,STRING,PR-PRIYA-02,,,,,,,false,5,genie/puppy/communications.csv,recipient_record_ids,2026.07.19.3
BISCUIT_RELIEF,PUPPY,COM-011,subject,STRING,Re: Merchant review,,,,,,,false,6,genie/puppy/communications.csv,subject,2026.07.19.3
BISCUIT_RELIEF,PUPPY,COM-011,safe_body,STRING,The emergency nature of the campaign makes ordinary documentation difficult. Delays would harm beneficiaries.,,,,,,,false,7,genie/puppy/communications.csv,safe_body,2026.07.19.3
BISCUIT_RELIEF,PUPPY,COM-011,thread_id,STRING,THREAD-006,,,,,,,false,8,genie/puppy/communications.csv,thread_id,2026.07.19.3
BISCUIT_RELIEF,PUPPY,COM-011,attachment_document_ids,NULL,,,,,,,null,false,9,genie/puppy/communications.csv,attachment_document_ids,2026.07.19.3
BISCUIT_RELIEF,PUPPY,COM-011,source_system_id,STRING,EMAIL,,,,,,,false,10,genie/puppy/communications.csv,source_system_id,2026.07.19.3
BISCUIT_RELIEF,PUPPY,COM-012,communication_id,STRING,COM-012,,,,,,,false,1,genie/puppy/communications.csv,communication_id,2026.07.19.3
BISCUIT_RELIEF,PUPPY,COM-012,communication_type,STRING,EMAIL,,,,,,,false,2,genie/puppy/communications.csv,communication_type,2026.07.19.3
BISCUIT_RELIEF,PUPPY,COM-012,sent_at,TIMESTAMP,,,,,,2025-05-08T11:00:00Z,,false,3,genie/puppy/communications.csv,sent_at,2026.07.19.3
BISCUIT_RELIEF,PUPPY,COM-012,sender_record_id,STRING,PR-COLIN-02,,,,,,,false,4,genie/puppy/communications.csv,sender_record_id,2026.07.19.3
BISCUIT_RELIEF,PUPPY,COM-012,recipient_record_ids,STRING,PR-VIOLET-02,,,,,,,false,5,genie/puppy/communications.csv,recipient_record_ids,2026.07.19.3
BISCUIT_RELIEF,PUPPY,COM-012,subject,STRING,Clear Carton delivery,,,,,,,false,6,genie/puppy/communications.csv,subject,2026.07.19.3
BISCUIT_RELIEF,PUPPY,COM-012,safe_body,STRING,Our invoice covers 42 verified cartons only. We did not perform the larger deliveries shown in the campaign posts.,,,,,,,false,7,genie/puppy/communications.csv,safe_body,2026.07.19.3
BISCUIT_RELIEF,PUPPY,COM-012,thread_id,STRING,THREAD-006,,,,,,,false,8,genie/puppy/communications.csv,thread_id,2026.07.19.3
BISCUIT_RELIEF,PUPPY,COM-012,attachment_document_ids,NULL,,,,,,,null,false,9,genie/puppy/communications.csv,attachment_document_ids,2026.07.19.3
BISCUIT_RELIEF,PUPPY,COM-012,source_system_id,STRING,EMAIL,,,,,,,false,10,genie/puppy/communications.csv,source_system_id,2026.07.19.3
BISCUIT_RELIEF,PUPPY,COM-013,communication_id,STRING,COM-013,,,,,,,false,1,genie/puppy/communications.csv,communication_id,2026.07.19.3
BISCUIT_RELIEF,PUPPY,COM-013,communication_type,STRING,EMAIL,,,,,,,false,2,genie/puppy/communications.csv,communication_type,2026.07.19.3
BISCUIT_RELIEF,PUPPY,COM-013,sent_at,TIMESTAMP,,,,,,2025-05-16T12:00:00Z,,false,3,genie/puppy/communications.csv,sent_at,2026.07.19.3
BISCUIT_RELIEF,PUPPY,COM-013,sender_record_id,STRING,PR-ADA-02,,,,,,,false,4,genie/puppy/communications.csv,sender_record_id,2026.07.19.3
BISCUIT_RELIEF,PUPPY,COM-013,recipient_record_ids,STRING,PR-BENNY-02,,,,,,,false,5,genie/puppy/communications.csv,recipient_record_ids,2026.07.19.3
BISCUIT_RELIEF,PUPPY,COM-013,subject,STRING,Donation totals,,,,,,,false,6,genie/puppy/communications.csv,subject,2026.07.19.3
BISCUIT_RELIEF,PUPPY,COM-013,safe_body,STRING,Campaign pages report millions distributed. Can your organization confirm what it actually received?,,,,,,,false,7,genie/puppy/communications.csv,safe_body,2026.07.19.3
BISCUIT_RELIEF,PUPPY,COM-013,thread_id,STRING,THREAD-007,,,,,,,false,8,genie/puppy/communications.csv,thread_id,2026.07.19.3
BISCUIT_RELIEF,PUPPY,COM-013,attachment_document_ids,NULL,,,,,,,null,false,9,genie/puppy/communications.csv,attachment_document_ids,2026.07.19.3
BISCUIT_RELIEF,PUPPY,COM-013,source_system_id,STRING,EMAIL,,,,,,,false,10,genie/puppy/communications.csv,source_system_id,2026.07.19.3
BISCUIT_RELIEF,PUPPY,COM-014,communication_id,STRING,COM-014,,,,,,,false,1,genie/puppy/communications.csv,communication_id,2026.07.19.3
BISCUIT_RELIEF,PUPPY,COM-014,communication_type,STRING,EMAIL,,,,,,,false,2,genie/puppy/communications.csv,communication_type,2026.07.19.3
BISCUIT_RELIEF,PUPPY,COM-014,sent_at,TIMESTAMP,,,,,,2025-05-24T13:00:00Z,,false,3,genie/puppy/communications.csv,sent_at,2026.07.19.3
BISCUIT_RELIEF,PUPPY,COM-014,sender_record_id,STRING,PR-BENNY-02,,,,,,,false,4,genie/puppy/communications.csv,sender_record_id,2026.07.19.3
BISCUIT_RELIEF,PUPPY,COM-014,recipient_record_ids,STRING,PR-ADA-02,,,,,,,false,5,genie/puppy/communications.csv,recipient_record_ids,2026.07.19.3
BISCUIT_RELIEF,PUPPY,COM-014,subject,STRING,Re: Donation totals,,,,,,,false,6,genie/puppy/communications.csv,subject,2026.07.19.3
BISCUIT_RELIEF,PUPPY,COM-014,safe_body,STRING,We can confirm only the transfers in our beneficiary ledger and a small number of verified boxes.,,,,,,,false,7,genie/puppy/communications.csv,safe_body,2026.07.19.3
BISCUIT_RELIEF,PUPPY,COM-014,thread_id,STRING,THREAD-007,,,,,,,false,8,genie/puppy/communications.csv,thread_id,2026.07.19.3
BISCUIT_RELIEF,PUPPY,COM-014,attachment_document_ids,NULL,,,,,,,null,false,9,genie/puppy/communications.csv,attachment_document_ids,2026.07.19.3
BISCUIT_RELIEF,PUPPY,COM-014,source_system_id,STRING,EMAIL,,,,,,,false,10,genie/puppy/communications.csv,source_system_id,2026.07.19.3
BISCUIT_RELIEF,PUPPY,COM-015,communication_id,STRING,COM-015,,,,,,,false,1,genie/puppy/communications.csv,communication_id,2026.07.19.3
BISCUIT_RELIEF,PUPPY,COM-015,communication_type,STRING,EMAIL,,,,,,,false,2,genie/puppy/communications.csv,communication_type,2026.07.19.3
BISCUIT_RELIEF,PUPPY,COM-015,sent_at,TIMESTAMP,,,,,,2025-06-01T09:00:00Z,,false,3,genie/puppy/communications.csv,sent_at,2026.07.19.3
BISCUIT_RELIEF,PUPPY,COM-015,sender_record_id,STRING,PR-FELIX-03,,,,,,,false,4,genie/puppy/communications.csv,sender_record_id,2026.07.19.3
BISCUIT_RELIEF,PUPPY,COM-015,recipient_record_ids,STRING,PR-MINA-03,,,,,,,false,5,genie/puppy/communications.csv,recipient_record_ids,2026.07.19.3
BISCUIT_RELIEF,PUPPY,COM-015,subject,STRING,Invoice descriptions,,,,,,,false,6,genie/puppy/communications.csv,subject,2026.07.19.3
BISCUIT_RELIEF,PUPPY,COM-015,safe_body,STRING,Use broad language such as outreach and emergency logistics. Do not list individual deliveries.,,,,,,,false,7,genie/puppy/communications.csv,safe_body,2026.07.19.3
BISCUIT_RELIEF,PUPPY,COM-015,thread_id,STRING,THREAD-008,,,,,,,false,8,genie/puppy/communications.csv,thread_id,2026.07.19.3
BISCUIT_RELIEF,PUPPY,COM-015,attachment_document_ids,NULL,,,,,,,null,false,9,genie/puppy/communications.csv,attachment_document_ids,2026.07.19.3
BISCUIT_RELIEF,PUPPY,COM-015,source_system_id,STRING,EMAIL,,,,,,,false,10,genie/puppy/communications.csv,source_system_id,2026.07.19.3
BISCUIT_RELIEF,PUPPY,COM-016,communication_id,STRING,COM-016,,,,,,,false,1,genie/puppy/communications.csv,communication_id,2026.07.19.3
BISCUIT_RELIEF,PUPPY,COM-016,communication_type,STRING,EMAIL,,,,,,,false,2,genie/puppy/communications.csv,communication_type,2026.07.19.3
BISCUIT_RELIEF,PUPPY,COM-016,sent_at,TIMESTAMP,,,,,,2025-06-09T10:00:00Z,,false,3,genie/puppy/communications.csv,sent_at,2026.07.19.3
BISCUIT_RELIEF,PUPPY,COM-016,sender_record_id,STRING,PR-MINA-03,,,,,,,false,4,genie/puppy/communications.csv,sender_record_id,2026.07.19.3
BISCUIT_RELIEF,PUPPY,COM-016,recipient_record_ids,STRING,PR-FELIX-03,,,,,,,false,5,genie/puppy/communications.csv,recipient_record_ids,2026.07.19.3
BISCUIT_RELIEF,PUPPY,COM-016,subject,STRING,Re: Invoice descriptions,,,,,,,false,6,genie/puppy/communications.csv,subject,2026.07.19.3
BISCUIT_RELIEF,PUPPY,COM-016,safe_body,STRING,Understood. The same image set and relief template will be used for the next appeal.,,,,,,,false,7,genie/puppy/communications.csv,safe_body,2026.07.19.3
BISCUIT_RELIEF,PUPPY,COM-016,thread_id,STRING,THREAD-008,,,,,,,false,8,genie/puppy/communications.csv,thread_id,2026.07.19.3
BISCUIT_RELIEF,PUPPY,COM-016,attachment_document_ids,NULL,,,,,,,null,false,9,genie/puppy/communications.csv,attachment_document_ids,2026.07.19.3
BISCUIT_RELIEF,PUPPY,COM-016,source_system_id,STRING,EMAIL,,,,,,,false,10,genie/puppy/communications.csv,source_system_id,2026.07.19.3
BISCUIT_RELIEF,PUPPY,COM-017,communication_id,STRING,COM-017,,,,,,,false,1,genie/puppy/communications.csv,communication_id,2026.07.19.3
BISCUIT_RELIEF,PUPPY,COM-017,communication_type,STRING,EMAIL,,,,,,,false,2,genie/puppy/communications.csv,communication_type,2026.07.19.3
BISCUIT_RELIEF,PUPPY,COM-017,sent_at,TIMESTAMP,,,,,,2025-06-17T11:00:00Z,,false,3,genie/puppy/communications.csv,sent_at,2026.07.19.3
BISCUIT_RELIEF,PUPPY,COM-017,sender_record_id,STRING,PR-VIOLET-02,,,,,,,false,4,genie/puppy/communications.csv,sender_record_id,2026.07.19.3
BISCUIT_RELIEF,PUPPY,COM-017,recipient_record_ids,STRING,PR-HOPE-01,,,,,,,false,5,genie/puppy/communications.csv,recipient_record_ids,2026.07.19.3
BISCUIT_RELIEF,PUPPY,COM-017,subject,STRING,Volunteer access,,,,,,,false,6,genie/puppy/communications.csv,subject,2026.07.19.3
BISCUIT_RELIEF,PUPPY,COM-017,safe_body,STRING,The co-working Wi-Fi and campaign tablet are shared by volunteers. That log does not identify who changed the page.,,,,,,,false,7,genie/puppy/communications.csv,safe_body,2026.07.19.3
BISCUIT_RELIEF,PUPPY,COM-017,thread_id,STRING,THREAD-009,,,,,,,false,8,genie/puppy/communications.csv,thread_id,2026.07.19.3
BISCUIT_RELIEF,PUPPY,COM-017,attachment_document_ids,NULL,,,,,,,null,false,9,genie/puppy/communications.csv,attachment_document_ids,2026.07.19.3
BISCUIT_RELIEF,PUPPY,COM-017,source_system_id,STRING,EMAIL,,,,,,,false,10,genie/puppy/communications.csv,source_system_id,2026.07.19.3
BISCUIT_RELIEF,PUPPY,COM-018,communication_id,STRING,COM-018,,,,,,,false,1,genie/puppy/communications.csv,communication_id,2026.07.19.3
BISCUIT_RELIEF,PUPPY,COM-018,communication_type,STRING,EMAIL,,,,,,,false,2,genie/puppy/communications.csv,communication_type,2026.07.19.3
BISCUIT_RELIEF,PUPPY,COM-018,sent_at,TIMESTAMP,,,,,,2025-06-25T12:00:00Z,,false,3,genie/puppy/communications.csv,sent_at,2026.07.19.3
BISCUIT_RELIEF,PUPPY,COM-018,sender_record_id,STRING,PR-HOPE-01,,,,,,,false,4,genie/puppy/communications.csv,sender_record_id,2026.07.19.3
BISCUIT_RELIEF,PUPPY,COM-018,recipient_record_ids,STRING,PR-ADA-02,,,,,,,false,5,genie/puppy/communications.csv,recipient_record_ids,2026.07.19.3
BISCUIT_RELIEF,PUPPY,COM-018,subject,STRING,Complaint,,,,,,,false,6,genie/puppy/communications.csv,subject,2026.07.19.3
BISCUIT_RELIEF,PUPPY,COM-018,safe_body,STRING,I never received a fee or commission. I want to know where my donation and my friends donations went.,,,,,,,false,7,genie/puppy/communications.csv,safe_body,2026.07.19.3
BISCUIT_RELIEF,PUPPY,COM-018,thread_id,STRING,THREAD-009,,,,,,,false,8,genie/puppy/communications.csv,thread_id,2026.07.19.3
BISCUIT_RELIEF,PUPPY,COM-018,attachment_document_ids,NULL,,,,,,,null,false,9,genie/puppy/communications.csv,attachment_document_ids,2026.07.19.3
BISCUIT_RELIEF,PUPPY,COM-018,source_system_id,STRING,EMAIL,,,,,,,false,10,genie/puppy/communications.csv,source_system_id,2026.07.19.3
BISCUIT_RELIEF,PUPPY,COM-019,communication_id,STRING,COM-019,,,,,,,false,1,genie/puppy/communications.csv,communication_id,2026.07.19.3
BISCUIT_RELIEF,PUPPY,COM-019,communication_type,STRING,EMAIL,,,,,,,false,2,genie/puppy/communications.csv,communication_type,2026.07.19.3
BISCUIT_RELIEF,PUPPY,COM-019,sent_at,TIMESTAMP,,,,,,2025-04-18T10:00:00Z,,false,3,genie/puppy/communications.csv,sent_at,2026.07.19.3
BISCUIT_RELIEF,PUPPY,COM-019,sender_record_id,STRING,PR-PRIYA-02,,,,,,,false,4,genie/puppy/communications.csv,sender_record_id,2026.07.19.3
BISCUIT_RELIEF,PUPPY,COM-019,recipient_record_ids,STRING,PR-MINA-03,,,,,,,false,5,genie/puppy/communications.csv,recipient_record_ids,2026.07.19.3
BISCUIT_RELIEF,PUPPY,COM-019,subject,STRING,Refund request,,,,,,,false,6,genie/puppy/communications.csv,subject,2026.07.19.3
BISCUIT_RELIEF,PUPPY,COM-019,safe_body,STRING,Volunteers are assigned to packing and verification; they do not approve payments.,,,,,,,false,7,genie/puppy/communications.csv,safe_body,2026.07.19.3
BISCUIT_RELIEF,PUPPY,COM-019,thread_id,STRING,THREAD-007,,,,,,,false,8,genie/puppy/communications.csv,thread_id,2026.07.19.3
BISCUIT_RELIEF,PUPPY,COM-019,attachment_document_ids,NULL,,,,,,,null,false,9,genie/puppy/communications.csv,attachment_document_ids,2026.07.19.3
BISCUIT_RELIEF,PUPPY,COM-019,source_system_id,STRING,EMAIL,,,,,,,false,10,genie/puppy/communications.csv,source_system_id,2026.07.19.3
BISCUIT_RELIEF,PUPPY,COM-020,communication_id,STRING,COM-020,,,,,,,false,1,genie/puppy/communications.csv,communication_id,2026.07.19.3
BISCUIT_RELIEF,PUPPY,COM-020,communication_type,STRING,INTERNAL_NOTE,,,,,,,false,2,genie/puppy/communications.csv,communication_type,2026.07.19.3
BISCUIT_RELIEF,PUPPY,COM-020,sent_at,TIMESTAMP,,,,,,2025-04-22T11:00:00Z,,false,3,genie/puppy/communications.csv,sent_at,2026.07.19.3
BISCUIT_RELIEF,PUPPY,COM-020,sender_record_id,STRING,PR-COLIN-02,,,,,,,false,4,genie/puppy/communications.csv,sender_record_id,2026.07.19.3
BISCUIT_RELIEF,PUPPY,COM-020,recipient_record_ids,STRING,PR-HOPE-01,,,,,,,false,5,genie/puppy/communications.csv,recipient_record_ids,2026.07.19.3
BISCUIT_RELIEF,PUPPY,COM-020,subject,STRING,Warehouse inventory,,,,,,,false,6,genie/puppy/communications.csv,subject,2026.07.19.3
BISCUIT_RELIEF,PUPPY,COM-020,safe_body,STRING,A donation receipt confirms payment but not ultimate beneficiary use.,,,,,,,false,7,genie/puppy/communications.csv,safe_body,2026.07.19.3
BISCUIT_RELIEF,PUPPY,COM-020,thread_id,STRING,THREAD-007,,,,,,,false,8,genie/puppy/communications.csv,thread_id,2026.07.19.3
BISCUIT_RELIEF,PUPPY,COM-020,attachment_document_ids,NULL,,,,,,,null,false,9,genie/puppy/communications.csv,attachment_document_ids,2026.07.19.3
BISCUIT_RELIEF,PUPPY,COM-020,source_system_id,STRING,EMAIL,,,,,,,false,10,genie/puppy/communications.csv,source_system_id,2026.07.19.3
BISCUIT_RELIEF,PUPPY,COM-021,communication_id,STRING,COM-021,,,,,,,false,1,genie/puppy/communications.csv,communication_id,2026.07.19.3
BISCUIT_RELIEF,PUPPY,COM-021,communication_type,STRING,EMAIL,,,,,,,false,2,genie/puppy/communications.csv,communication_type,2026.07.19.3
BISCUIT_RELIEF,PUPPY,COM-021,sent_at,TIMESTAMP,,,,,,2025-04-26T12:00:00Z,,false,3,genie/puppy/communications.csv,sent_at,2026.07.19.3
BISCUIT_RELIEF,PUPPY,COM-021,sender_record_id,STRING,PR-ADA-02,,,,,,,false,4,genie/puppy/communications.csv,sender_record_id,2026.07.19.3
BISCUIT_RELIEF,PUPPY,COM-021,recipient_record_ids,STRING,PR-ARLO-03,,,,,,,false,5,genie/puppy/communications.csv,recipient_record_ids,2026.07.19.3
BISCUIT_RELIEF,PUPPY,COM-021,subject,STRING,Community event,,,,,,,false,6,genie/puppy/communications.csv,subject,2026.07.19.3
BISCUIT_RELIEF,PUPPY,COM-021,safe_body,STRING,The processor asked for source documentation and merchant-purpose clarification.,,,,,,,false,7,genie/puppy/communications.csv,safe_body,2026.07.19.3
BISCUIT_RELIEF,PUPPY,COM-021,thread_id,STRING,THREAD-007,,,,,,,false,8,genie/puppy/communications.csv,thread_id,2026.07.19.3
BISCUIT_RELIEF,PUPPY,COM-021,attachment_document_ids,STRING,DOC-022,,,,,,,false,9,genie/puppy/communications.csv,attachment_document_ids,2026.07.19.3
BISCUIT_RELIEF,PUPPY,COM-021,source_system_id,STRING,EMAIL,,,,,,,false,10,genie/puppy/communications.csv,source_system_id,2026.07.19.3
BISCUIT_RELIEF,PUPPY,COM-022,communication_id,STRING,COM-022,,,,,,,false,1,genie/puppy/communications.csv,communication_id,2026.07.19.3
BISCUIT_RELIEF,PUPPY,COM-022,communication_type,STRING,EMAIL,,,,,,,false,2,genie/puppy/communications.csv,communication_type,2026.07.19.3
BISCUIT_RELIEF,PUPPY,COM-022,sent_at,TIMESTAMP,,,,,,2025-04-30T13:00:00Z,,false,3,genie/puppy/communications.csv,sent_at,2026.07.19.3
BISCUIT_RELIEF,PUPPY,COM-022,sender_record_id,STRING,PR-MINA-03,,,,,,,false,4,genie/puppy/communications.csv,sender_record_id,2026.07.19.3
BISCUIT_RELIEF,PUPPY,COM-022,recipient_record_ids,STRING,PR-VIOLET-02,,,,,,,false,5,genie/puppy/communications.csv,recipient_record_ids,2026.07.19.3
BISCUIT_RELIEF,PUPPY,COM-022,subject,STRING,Beneficiary request,,,,,,,false,6,genie/puppy/communications.csv,subject,2026.07.19.3
BISCUIT_RELIEF,PUPPY,COM-022,safe_body,STRING,An old address remained in the platform export after a move.,,,,,,,false,7,genie/puppy/communications.csv,safe_body,2026.07.19.3
BISCUIT_RELIEF,PUPPY,COM-022,thread_id,STRING,THREAD-008,,,,,,,false,8,genie/puppy/communications.csv,thread_id,2026.07.19.3
BISCUIT_RELIEF,PUPPY,COM-022,attachment_document_ids,NULL,,,,,,,null,false,9,genie/puppy/communications.csv,attachment_document_ids,2026.07.19.3
BISCUIT_RELIEF,PUPPY,COM-022,source_system_id,STRING,EMAIL,,,,,,,false,10,genie/puppy/communications.csv,source_system_id,2026.07.19.3
BISCUIT_RELIEF,PUPPY,COM-023,communication_id,STRING,COM-023,,,,,,,false,1,genie/puppy/communications.csv,communication_id,2026.07.19.3
BISCUIT_RELIEF,PUPPY,COM-023,communication_type,STRING,EMAIL,,,,,,,false,2,genie/puppy/communications.csv,communication_type,2026.07.19.3
BISCUIT_RELIEF,PUPPY,COM-023,sent_at,TIMESTAMP,,,,,,2025-05-04T14:00:00Z,,false,3,genie/puppy/communications.csv,sent_at,2026.07.19.3
BISCUIT_RELIEF,PUPPY,COM-023,sender_record_id,STRING,PR-FELIX-03,,,,,,,false,4,genie/puppy/communications.csv,sender_record_id,2026.07.19.3
BISCUIT_RELIEF,PUPPY,COM-023,recipient_record_ids,STRING,PR-PRIYA-02,,,,,,,false,5,genie/puppy/communications.csv,recipient_record_ids,2026.07.19.3
BISCUIT_RELIEF,PUPPY,COM-023,subject,STRING,Repost network,,,,,,,false,6,genie/puppy/communications.csv,subject,2026.07.19.3
BISCUIT_RELIEF,PUPPY,COM-023,safe_body,STRING,The advertisement used the standard relief template and a previously approved image.,,,,,,,false,7,genie/puppy/communications.csv,safe_body,2026.07.19.3
BISCUIT_RELIEF,PUPPY,COM-023,thread_id,STRING,THREAD-008,,,,,,,false,8,genie/puppy/communications.csv,thread_id,2026.07.19.3
BISCUIT_RELIEF,PUPPY,COM-023,attachment_document_ids,NULL,,,,,,,null,false,9,genie/puppy/communications.csv,attachment_document_ids,2026.07.19.3
BISCUIT_RELIEF,PUPPY,COM-023,source_system_id,STRING,EMAIL,,,,,,,false,10,genie/puppy/communications.csv,source_system_id,2026.07.19.3
BISCUIT_RELIEF,PUPPY,COM-024,communication_id,STRING,COM-024,,,,,,,false,1,genie/puppy/communications.csv,communication_id,2026.07.19.3
BISCUIT_RELIEF,PUPPY,COM-024,communication_type,STRING,EMAIL,,,,,,,false,2,genie/puppy/communications.csv,communication_type,2026.07.19.3
BISCUIT_RELIEF,PUPPY,COM-024,sent_at,TIMESTAMP,,,,,,2025-05-08T15:00:00Z,,false,3,genie/puppy/communications.csv,sent_at,2026.07.19.3
BISCUIT_RELIEF,PUPPY,COM-024,sender_record_id,STRING,PR-VIOLET-02,,,,,,,false,4,genie/puppy/communications.csv,sender_record_id,2026.07.19.3
BISCUIT_RELIEF,PUPPY,COM-024,recipient_record_ids,STRING,PR-FELIX-03,,,,,,,false,5,genie/puppy/communications.csv,recipient_record_ids,2026.07.19.3
BISCUIT_RELIEF,PUPPY,COM-024,subject,STRING,Campaign update,,,,,,,false,6,genie/puppy/communications.csv,subject,2026.07.19.3
BISCUIT_RELIEF,PUPPY,COM-024,safe_body,STRING,The campaign page reports more activity than the attached beneficiary ledger.,,,,,,,false,7,genie/puppy/communications.csv,safe_body,2026.07.19.3
BISCUIT_RELIEF,PUPPY,COM-024,thread_id,STRING,THREAD-008,,,,,,,false,8,genie/puppy/communications.csv,thread_id,2026.07.19.3
BISCUIT_RELIEF,PUPPY,COM-024,attachment_document_ids,NULL,,,,,,,null,false,9,genie/puppy/communications.csv,attachment_document_ids,2026.07.19.3
BISCUIT_RELIEF,PUPPY,COM-024,source_system_id,STRING,EMAIL,,,,,,,false,10,genie/puppy/communications.csv,source_system_id,2026.07.19.3
BISCUIT_RELIEF,PUPPY,COM-025,communication_id,STRING,COM-025,,,,,,,false,1,genie/puppy/communications.csv,communication_id,2026.07.19.3
BISCUIT_RELIEF,PUPPY,COM-025,communication_type,STRING,INTERNAL_NOTE,,,,,,,false,2,genie/puppy/communications.csv,communication_type,2026.07.19.3
BISCUIT_RELIEF,PUPPY,COM-025,sent_at,TIMESTAMP,,,,,,2025-05-12T16:00:00Z,,false,3,genie/puppy/communications.csv,sent_at,2026.07.19.3
BISCUIT_RELIEF,PUPPY,COM-025,sender_record_id,STRING,PR-HOPE-01,,,,,,,false,4,genie/puppy/communications.csv,sender_record_id,2026.07.19.3
BISCUIT_RELIEF,PUPPY,COM-025,recipient_record_ids,STRING,PR-BENNY-02,,,,,,,false,5,genie/puppy/communications.csv,recipient_record_ids,2026.07.19.3
BISCUIT_RELIEF,PUPPY,COM-025,subject,STRING,Ad performance,,,,,,,false,6,genie/puppy/communications.csv,subject,2026.07.19.3
BISCUIT_RELIEF,PUPPY,COM-025,safe_body,STRING,"The repost network includes unpaid volunteers, donors and community organizations.",,,,,,,false,7,genie/puppy/communications.csv,safe_body,2026.07.19.3
BISCUIT_RELIEF,PUPPY,COM-025,thread_id,STRING,THREAD-009,,,,,,,false,8,genie/puppy/communications.csv,thread_id,2026.07.19.3
BISCUIT_RELIEF,PUPPY,COM-025,attachment_document_ids,NULL,,,,,,,null,false,9,genie/puppy/communications.csv,attachment_document_ids,2026.07.19.3
BISCUIT_RELIEF,PUPPY,COM-025,source_system_id,STRING,EMAIL,,,,,,,false,10,genie/puppy/communications.csv,source_system_id,2026.07.19.3
BISCUIT_RELIEF,PUPPY,COM-026,communication_id,STRING,COM-026,,,,,,,false,1,genie/puppy/communications.csv,communication_id,2026.07.19.3
BISCUIT_RELIEF,PUPPY,COM-026,communication_type,STRING,EMAIL,,,,,,,false,2,genie/puppy/communications.csv,communication_type,2026.07.19.3
BISCUIT_RELIEF,PUPPY,COM-026,sent_at,TIMESTAMP,,,,,,2025-05-16T17:00:00Z,,false,3,genie/puppy/communications.csv,sent_at,2026.07.19.3
BISCUIT_RELIEF,PUPPY,COM-026,sender_record_id,STRING,PR-BENNY-02,,,,,,,false,4,genie/puppy/communications.csv,sender_record_id,2026.07.19.3
BISCUIT_RELIEF,PUPPY,COM-026,recipient_record_ids,STRING,PR-MINA-03,,,,,,,false,5,genie/puppy/communications.csv,recipient_record_ids,2026.07.19.3
BISCUIT_RELIEF,PUPPY,COM-026,subject,STRING,Address correction,,,,,,,false,6,genie/puppy/communications.csv,subject,2026.07.19.3
BISCUIT_RELIEF,PUPPY,COM-026,safe_body,STRING,The beneficiary requested additional funds and supplied current capacity figures.,,,,,,,false,7,genie/puppy/communications.csv,safe_body,2026.07.19.3
BISCUIT_RELIEF,PUPPY,COM-026,thread_id,STRING,THREAD-009,,,,,,,false,8,genie/puppy/communications.csv,thread_id,2026.07.19.3
BISCUIT_RELIEF,PUPPY,COM-026,attachment_document_ids,NULL,,,,,,,null,false,9,genie/puppy/communications.csv,attachment_document_ids,2026.07.19.3
BISCUIT_RELIEF,PUPPY,COM-026,source_system_id,STRING,EMAIL,,,,,,,false,10,genie/puppy/communications.csv,source_system_id,2026.07.19.3
BISCUIT_RELIEF,PUPPY,COM-027,communication_id,STRING,COM-027,,,,,,,false,1,genie/puppy/communications.csv,communication_id,2026.07.19.3
BISCUIT_RELIEF,PUPPY,COM-027,communication_type,STRING,EMAIL,,,,,,,false,2,genie/puppy/communications.csv,communication_type,2026.07.19.3
BISCUIT_RELIEF,PUPPY,COM-027,sent_at,TIMESTAMP,,,,,,2025-05-20T09:00:00Z,,false,3,genie/puppy/communications.csv,sent_at,2026.07.19.3
BISCUIT_RELIEF,PUPPY,COM-027,sender_record_id,STRING,PR-PRIYA-02,,,,,,,false,4,genie/puppy/communications.csv,sender_record_id,2026.07.19.3
BISCUIT_RELIEF,PUPPY,COM-027,recipient_record_ids,STRING,PR-HOPE-01,,,,,,,false,5,genie/puppy/communications.csv,recipient_record_ids,2026.07.19.3
BISCUIT_RELIEF,PUPPY,COM-027,subject,STRING,Processor question,,,,,,,false,6,genie/puppy/communications.csv,subject,2026.07.19.3
BISCUIT_RELIEF,PUPPY,COM-027,safe_body,STRING,The community event was legitimate and independently documented.,,,,,,,false,7,genie/puppy/communications.csv,safe_body,2026.07.19.3
BISCUIT_RELIEF,PUPPY,COM-027,thread_id,STRING,THREAD-009,,,,,,,false,8,genie/puppy/communications.csv,thread_id,2026.07.19.3
BISCUIT_RELIEF,PUPPY,COM-027,attachment_document_ids,NULL,,,,,,,null,false,9,genie/puppy/communications.csv,attachment_document_ids,2026.07.19.3
BISCUIT_RELIEF,PUPPY,COM-027,source_system_id,STRING,EMAIL,,,,,,,false,10,genie/puppy/communications.csv,source_system_id,2026.07.19.3
BISCUIT_RELIEF,PUPPY,COM-028,communication_id,STRING,COM-028,,,,,,,false,1,genie/puppy/communications.csv,communication_id,2026.07.19.3
BISCUIT_RELIEF,PUPPY,COM-028,communication_type,STRING,EMAIL,,,,,,,false,2,genie/puppy/communications.csv,communication_type,2026.07.19.3
BISCUIT_RELIEF,PUPPY,COM-028,sent_at,TIMESTAMP,,,,,,2025-05-24T10:00:00Z,,false,3,genie/puppy/communications.csv,sent_at,2026.07.19.3
BISCUIT_RELIEF,PUPPY,COM-028,sender_record_id,STRING,PR-COLIN-02,,,,,,,false,4,genie/puppy/communications.csv,sender_record_id,2026.07.19.3
BISCUIT_RELIEF,PUPPY,COM-028,recipient_record_ids,STRING,PR-ARLO-03,,,,,,,false,5,genie/puppy/communications.csv,recipient_record_ids,2026.07.19.3
BISCUIT_RELIEF,PUPPY,COM-028,subject,STRING,Donation receipt,,,,,,,false,6,genie/puppy/communications.csv,subject,2026.07.19.3
BISCUIT_RELIEF,PUPPY,COM-028,safe_body,STRING,"The warehouse log shows cartons received, packed, dispatched and still in storage.",,,,,,,false,7,genie/puppy/communications.csv,safe_body,2026.07.19.3
BISCUIT_RELIEF,PUPPY,COM-028,thread_id,STRING,THREAD-010,,,,,,,false,8,genie/puppy/communications.csv,thread_id,2026.07.19.3
BISCUIT_RELIEF,PUPPY,COM-028,attachment_document_ids,STRING,DOC-029,,,,,,,false,9,genie/puppy/communications.csv,attachment_document_ids,2026.07.19.3
BISCUIT_RELIEF,PUPPY,COM-028,source_system_id,STRING,EMAIL,,,,,,,false,10,genie/puppy/communications.csv,source_system_id,2026.07.19.3
BISCUIT_RELIEF,PUPPY,COM-029,communication_id,STRING,COM-029,,,,,,,false,1,genie/puppy/communications.csv,communication_id,2026.07.19.3
BISCUIT_RELIEF,PUPPY,COM-029,communication_type,STRING,EMAIL,,,,,,,false,2,genie/puppy/communications.csv,communication_type,2026.07.19.3
BISCUIT_RELIEF,PUPPY,COM-029,sent_at,TIMESTAMP,,,,,,2025-05-28T11:00:00Z,,false,3,genie/puppy/communications.csv,sent_at,2026.07.19.3
BISCUIT_RELIEF,PUPPY,COM-029,sender_record_id,STRING,PR-ADA-02,,,,,,,false,4,genie/puppy/communications.csv,sender_record_id,2026.07.19.3
BISCUIT_RELIEF,PUPPY,COM-029,recipient_record_ids,STRING,PR-VIOLET-02,,,,,,,false,5,genie/puppy/communications.csv,recipient_record_ids,2026.07.19.3
BISCUIT_RELIEF,PUPPY,COM-029,subject,STRING,Volunteer schedule,,,,,,,false,6,genie/puppy/communications.csv,subject,2026.07.19.3
BISCUIT_RELIEF,PUPPY,COM-029,safe_body,STRING,A donor requested a refund after learning the beneficiary had not received the advertised support.,,,,,,,false,7,genie/puppy/communications.csv,safe_body,2026.07.19.3
BISCUIT_RELIEF,PUPPY,COM-029,thread_id,STRING,THREAD-010,,,,,,,false,8,genie/puppy/communications.csv,thread_id,2026.07.19.3
BISCUIT_RELIEF,PUPPY,COM-029,attachment_document_ids,NULL,,,,,,,null,false,9,genie/puppy/communications.csv,attachment_document_ids,2026.07.19.3
BISCUIT_RELIEF,PUPPY,COM-029,source_system_id,STRING,EMAIL,,,,,,,false,10,genie/puppy/communications.csv,source_system_id,2026.07.19.3
BISCUIT_RELIEF,PUPPY,COM-030,communication_id,STRING,COM-030,,,,,,,false,1,genie/puppy/communications.csv,communication_id,2026.07.19.3
BISCUIT_RELIEF,PUPPY,COM-030,communication_type,STRING,INTERNAL_NOTE,,,,,,,false,2,genie/puppy/communications.csv,communication_type,2026.07.19.3
BISCUIT_RELIEF,PUPPY,COM-030,sent_at,TIMESTAMP,,,,,,2025-06-01T12:00:00Z,,false,3,genie/puppy/communications.csv,sent_at,2026.07.19.3
BISCUIT_RELIEF,PUPPY,COM-030,sender_record_id,STRING,PR-MINA-03,,,,,,,false,4,genie/puppy/communications.csv,sender_record_id,2026.07.19.3
BISCUIT_RELIEF,PUPPY,COM-030,recipient_record_ids,STRING,PR-PRIYA-02,,,,,,,false,5,genie/puppy/communications.csv,recipient_record_ids,2026.07.19.3
BISCUIT_RELIEF,PUPPY,COM-030,subject,STRING,Invoice clarification,,,,,,,false,6,genie/puppy/communications.csv,subject,2026.07.19.3
BISCUIT_RELIEF,PUPPY,COM-030,safe_body,STRING,The invoice description does not identify individual deliveries or beneficiaries.,,,,,,,false,7,genie/puppy/communications.csv,safe_body,2026.07.19.3
BISCUIT_RELIEF,PUPPY,COM-030,thread_id,STRING,THREAD-010,,,,,,,false,8,genie/puppy/communications.csv,thread_id,2026.07.19.3
BISCUIT_RELIEF,PUPPY,COM-030,attachment_document_ids,NULL,,,,,,,null,false,9,genie/puppy/communications.csv,attachment_document_ids,2026.07.19.3
BISCUIT_RELIEF,PUPPY,COM-030,source_system_id,STRING,EMAIL,,,,,,,false,10,genie/puppy/communications.csv,source_system_id,2026.07.19.3
BISCUIT_RELIEF,PUPPY,COM-031,communication_id,STRING,COM-031,,,,,,,false,1,genie/puppy/communications.csv,communication_id,2026.07.19.3
BISCUIT_RELIEF,PUPPY,COM-031,communication_type,STRING,EMAIL,,,,,,,false,2,genie/puppy/communications.csv,communication_type,2026.07.19.3
BISCUIT_RELIEF,PUPPY,COM-031,sent_at,TIMESTAMP,,,,,,2025-06-05T13:00:00Z,,false,3,genie/puppy/communications.csv,sent_at,2026.07.19.3
BISCUIT_RELIEF,PUPPY,COM-031,sender_record_id,STRING,PR-FELIX-03,,,,,,,false,4,genie/puppy/communications.csv,sender_record_id,2026.07.19.3
BISCUIT_RELIEF,PUPPY,COM-031,recipient_record_ids,STRING,PR-ADA-02,,,,,,,false,5,genie/puppy/communications.csv,recipient_record_ids,2026.07.19.3
BISCUIT_RELIEF,PUPPY,COM-031,subject,STRING,Refund request,,,,,,,false,6,genie/puppy/communications.csv,subject,2026.07.19.3
BISCUIT_RELIEF,PUPPY,COM-031,safe_body,STRING,Volunteers are assigned to packing and verification; they do not approve payments.,,,,,,,false,7,genie/puppy/communications.csv,safe_body,2026.07.19.3
BISCUIT_RELIEF,PUPPY,COM-031,thread_id,STRING,THREAD-011,,,,,,,false,8,genie/puppy/communications.csv,thread_id,2026.07.19.3
BISCUIT_RELIEF,PUPPY,COM-031,attachment_document_ids,NULL,,,,,,,null,false,9,genie/puppy/communications.csv,attachment_document_ids,2026.07.19.3
BISCUIT_RELIEF,PUPPY,COM-031,source_system_id,STRING,EMAIL,,,,,,,false,10,genie/puppy/communications.csv,source_system_id,2026.07.19.3
BISCUIT_RELIEF,PUPPY,COM-032,communication_id,STRING,COM-032,,,,,,,false,1,genie/puppy/communications.csv,communication_id,2026.07.19.3
BISCUIT_RELIEF,PUPPY,COM-032,communication_type,STRING,EMAIL,,,,,,,false,2,genie/puppy/communications.csv,communication_type,2026.07.19.3
BISCUIT_RELIEF,PUPPY,COM-032,sent_at,TIMESTAMP,,,,,,2025-06-09T14:00:00Z,,false,3,genie/puppy/communications.csv,sent_at,2026.07.19.3
BISCUIT_RELIEF,PUPPY,COM-032,sender_record_id,STRING,PR-VIOLET-02,,,,,,,false,4,genie/puppy/communications.csv,sender_record_id,2026.07.19.3
BISCUIT_RELIEF,PUPPY,COM-032,recipient_record_ids,STRING,PR-BENNY-02,,,,,,,false,5,genie/puppy/communications.csv,recipient_record_ids,2026.07.19.3
BISCUIT_RELIEF,PUPPY,COM-032,subject,STRING,Warehouse inventory,,,,,,,false,6,genie/puppy/communications.csv,subject,2026.07.19.3
BISCUIT_RELIEF,PUPPY,COM-032,safe_body,STRING,A donation receipt confirms payment but not ultimate beneficiary use.,,,,,,,false,7,genie/puppy/communications.csv,safe_body,2026.07.19.3
BISCUIT_RELIEF,PUPPY,COM-032,thread_id,STRING,THREAD-011,,,,,,,false,8,genie/puppy/communications.csv,thread_id,2026.07.19.3
BISCUIT_RELIEF,PUPPY,COM-032,attachment_document_ids,NULL,,,,,,,null,false,9,genie/puppy/communications.csv,attachment_document_ids,2026.07.19.3
BISCUIT_RELIEF,PUPPY,COM-032,source_system_id,STRING,EMAIL,,,,,,,false,10,genie/puppy/communications.csv,source_system_id,2026.07.19.3
BISCUIT_RELIEF,PUPPY,COM-033,communication_id,STRING,COM-033,,,,,,,false,1,genie/puppy/communications.csv,communication_id,2026.07.19.3
BISCUIT_RELIEF,PUPPY,COM-033,communication_type,STRING,EMAIL,,,,,,,false,2,genie/puppy/communications.csv,communication_type,2026.07.19.3
BISCUIT_RELIEF,PUPPY,COM-033,sent_at,TIMESTAMP,,,,,,2025-06-13T15:00:00Z,,false,3,genie/puppy/communications.csv,sent_at,2026.07.19.3
BISCUIT_RELIEF,PUPPY,COM-033,sender_record_id,STRING,PR-HOPE-01,,,,,,,false,4,genie/puppy/communications.csv,sender_record_id,2026.07.19.3
BISCUIT_RELIEF,PUPPY,COM-033,recipient_record_ids,STRING,PR-MINA-03,,,,,,,false,5,genie/puppy/communications.csv,recipient_record_ids,2026.07.19.3
BISCUIT_RELIEF,PUPPY,COM-033,subject,STRING,Community event,,,,,,,false,6,genie/puppy/communications.csv,subject,2026.07.19.3
BISCUIT_RELIEF,PUPPY,COM-033,safe_body,STRING,The processor asked for source documentation and merchant-purpose clarification.,,,,,,,false,7,genie/puppy/communications.csv,safe_body,2026.07.19.3
BISCUIT_RELIEF,PUPPY,COM-033,thread_id,STRING,THREAD-011,,,,,,,false,8,genie/puppy/communications.csv,thread_id,2026.07.19.3
BISCUIT_RELIEF,PUPPY,COM-033,attachment_document_ids,NULL,,,,,,,null,false,9,genie/puppy/communications.csv,attachment_document_ids,2026.07.19.3
BISCUIT_RELIEF,PUPPY,COM-033,source_system_id,STRING,EMAIL,,,,,,,false,10,genie/puppy/communications.csv,source_system_id,2026.07.19.3
BISCUIT_RELIEF,PUPPY,COM-034,communication_id,STRING,COM-034,,,,,,,false,1,genie/puppy/communications.csv,communication_id,2026.07.19.3
BISCUIT_RELIEF,PUPPY,COM-034,communication_type,STRING,EMAIL,,,,,,,false,2,genie/puppy/communications.csv,communication_type,2026.07.19.3
BISCUIT_RELIEF,PUPPY,COM-034,sent_at,TIMESTAMP,,,,,,2025-06-17T16:00:00Z,,false,3,genie/puppy/communications.csv,sent_at,2026.07.19.3
BISCUIT_RELIEF,PUPPY,COM-034,sender_record_id,STRING,PR-BENNY-02,,,,,,,false,4,genie/puppy/communications.csv,sender_record_id,2026.07.19.3
BISCUIT_RELIEF,PUPPY,COM-034,recipient_record_ids,STRING,PR-HOPE-01,,,,,,,false,5,genie/puppy/communications.csv,recipient_record_ids,2026.07.19.3
BISCUIT_RELIEF,PUPPY,COM-034,subject,STRING,Beneficiary request,,,,,,,false,6,genie/puppy/communications.csv,subject,2026.07.19.3
BISCUIT_RELIEF,PUPPY,COM-034,safe_body,STRING,An old address remained in the platform export after a move.,,,,,,,false,7,genie/puppy/communications.csv,safe_body,2026.07.19.3
BISCUIT_RELIEF,PUPPY,COM-034,thread_id,STRING,THREAD-012,,,,,,,false,8,genie/puppy/communications.csv,thread_id,2026.07.19.3
BISCUIT_RELIEF,PUPPY,COM-034,attachment_document_ids,NULL,,,,,,,null,false,9,genie/puppy/communications.csv,attachment_document_ids,2026.07.19.3
BISCUIT_RELIEF,PUPPY,COM-034,source_system_id,STRING,EMAIL,,,,,,,false,10,genie/puppy/communications.csv,source_system_id,2026.07.19.3
BISCUIT_RELIEF,PUPPY,COM-035,communication_id,STRING,COM-035,,,,,,,false,1,genie/puppy/communications.csv,communication_id,2026.07.19.3
BISCUIT_RELIEF,PUPPY,COM-035,communication_type,STRING,INTERNAL_NOTE,,,,,,,false,2,genie/puppy/communications.csv,communication_type,2026.07.19.3
BISCUIT_RELIEF,PUPPY,COM-035,sent_at,TIMESTAMP,,,,,,2025-06-21T17:00:00Z,,false,3,genie/puppy/communications.csv,sent_at,2026.07.19.3
BISCUIT_RELIEF,PUPPY,COM-035,sender_record_id,STRING,PR-PRIYA-02,,,,,,,false,4,genie/puppy/communications.csv,sender_record_id,2026.07.19.3
BISCUIT_RELIEF,PUPPY,COM-035,recipient_record_ids,STRING,PR-ARLO-03,,,,,,,false,5,genie/puppy/communications.csv,recipient_record_ids,2026.07.19.3
BISCUIT_RELIEF,PUPPY,COM-035,subject,STRING,Repost network,,,,,,,false,6,genie/puppy/communications.csv,subject,2026.07.19.3
BISCUIT_RELIEF,PUPPY,COM-035,safe_body,STRING,The advertisement used the standard relief template and a previously approved image.,,,,,,,false,7,genie/puppy/communications.csv,safe_body,2026.07.19.3
BISCUIT_RELIEF,PUPPY,COM-035,thread_id,STRING,THREAD-012,,,,,,,false,8,genie/puppy/communications.csv,thread_id,2026.07.19.3
BISCUIT_RELIEF,PUPPY,COM-035,attachment_document_ids,STRING,DOC-036,,,,,,,false,9,genie/puppy/communications.csv,attachment_document_ids,2026.07.19.3
BISCUIT_RELIEF,PUPPY,COM-035,source_system_id,STRING,EMAIL,,,,,,,false,10,genie/puppy/communications.csv,source_system_id,2026.07.19.3
BISCUIT_RELIEF,PUPPY,COM-036,communication_id,STRING,COM-036,,,,,,,false,1,genie/puppy/communications.csv,communication_id,2026.07.19.3
BISCUIT_RELIEF,PUPPY,COM-036,communication_type,STRING,EMAIL,,,,,,,false,2,genie/puppy/communications.csv,communication_type,2026.07.19.3
BISCUIT_RELIEF,PUPPY,COM-036,sent_at,TIMESTAMP,,,,,,2025-06-25T09:00:00Z,,false,3,genie/puppy/communications.csv,sent_at,2026.07.19.3
BISCUIT_RELIEF,PUPPY,COM-036,sender_record_id,STRING,PR-COLIN-02,,,,,,,false,4,genie/puppy/communications.csv,sender_record_id,2026.07.19.3
BISCUIT_RELIEF,PUPPY,COM-036,recipient_record_ids,STRING,PR-VIOLET-02,,,,,,,false,5,genie/puppy/communications.csv,recipient_record_ids,2026.07.19.3
BISCUIT_RELIEF,PUPPY,COM-036,subject,STRING,Campaign update,,,,,,,false,6,genie/puppy/communications.csv,subject,2026.07.19.3
BISCUIT_RELIEF,PUPPY,COM-036,safe_body,STRING,The campaign page reports more activity than the attached beneficiary ledger.,,,,,,,false,7,genie/puppy/communications.csv,safe_body,2026.07.19.3
BISCUIT_RELIEF,PUPPY,COM-036,thread_id,STRING,THREAD-012,,,,,,,false,8,genie/puppy/communications.csv,thread_id,2026.07.19.3
BISCUIT_RELIEF,PUPPY,COM-036,attachment_document_ids,NULL,,,,,,,null,false,9,genie/puppy/communications.csv,attachment_document_ids,2026.07.19.3
BISCUIT_RELIEF,PUPPY,COM-036,source_system_id,STRING,EMAIL,,,,,,,false,10,genie/puppy/communications.csv,source_system_id,2026.07.19.3
BISCUIT_RELIEF,PUPPY,COM-037,communication_id,STRING,COM-037,,,,,,,false,1,genie/puppy/communications.csv,communication_id,2026.07.19.3
BISCUIT_RELIEF,PUPPY,COM-037,communication_type,STRING,EMAIL,,,,,,,false,2,genie/puppy/communications.csv,communication_type,2026.07.19.3
BISCUIT_RELIEF,PUPPY,COM-037,sent_at,TIMESTAMP,,,,,,2025-06-29T10:00:00Z,,false,3,genie/puppy/communications.csv,sent_at,2026.07.19.3
BISCUIT_RELIEF,PUPPY,COM-037,sender_record_id,STRING,PR-ADA-02,,,,,,,false,4,genie/puppy/communications.csv,sender_record_id,2026.07.19.3
BISCUIT_RELIEF,PUPPY,COM-037,recipient_record_ids,STRING,PR-PRIYA-02,,,,,,,false,5,genie/puppy/communications.csv,recipient_record_ids,2026.07.19.3
BISCUIT_RELIEF,PUPPY,COM-037,subject,STRING,Ad performance,,,,,,,false,6,genie/puppy/communications.csv,subject,2026.07.19.3
BISCUIT_RELIEF,PUPPY,COM-037,safe_body,STRING,"The repost network includes unpaid volunteers, donors and community organizations.",,,,,,,false,7,genie/puppy/communications.csv,safe_body,2026.07.19.3
BISCUIT_RELIEF,PUPPY,COM-037,thread_id,STRING,THREAD-013,,,,,,,false,8,genie/puppy/communications.csv,thread_id,2026.07.19.3
BISCUIT_RELIEF,PUPPY,COM-037,attachment_document_ids,NULL,,,,,,,null,false,9,genie/puppy/communications.csv,attachment_document_ids,2026.07.19.3
BISCUIT_RELIEF,PUPPY,COM-037,source_system_id,STRING,EMAIL,,,,,,,false,10,genie/puppy/communications.csv,source_system_id,2026.07.19.3
BISCUIT_RELIEF,PUPPY,COM-038,communication_id,STRING,COM-038,,,,,,,false,1,genie/puppy/communications.csv,communication_id,2026.07.19.3
BISCUIT_RELIEF,PUPPY,COM-038,communication_type,STRING,EMAIL,,,,,,,false,2,genie/puppy/communications.csv,communication_type,2026.07.19.3
BISCUIT_RELIEF,PUPPY,COM-038,sent_at,TIMESTAMP,,,,,,2025-07-03T11:00:00Z,,false,3,genie/puppy/communications.csv,sent_at,2026.07.19.3
BISCUIT_RELIEF,PUPPY,COM-038,sender_record_id,STRING,PR-MINA-03,,,,,,,false,4,genie/puppy/communications.csv,sender_record_id,2026.07.19.3
BISCUIT_RELIEF,PUPPY,COM-038,recipient_record_ids,STRING,PR-FELIX-03,,,,,,,false,5,genie/puppy/communications.csv,recipient_record_ids,2026.07.19.3
BISCUIT_RELIEF,PUPPY,COM-038,subject,STRING,Address correction,,,,,,,false,6,genie/puppy/communications.csv,subject,2026.07.19.3
BISCUIT_RELIEF,PUPPY,COM-038,safe_body,STRING,The beneficiary requested additional funds and supplied current capacity figures.,,,,,,,false,7,genie/puppy/communications.csv,safe_body,2026.07.19.3
BISCUIT_RELIEF,PUPPY,COM-038,thread_id,STRING,THREAD-013,,,,,,,false,8,genie/puppy/communications.csv,thread_id,2026.07.19.3
BISCUIT_RELIEF,PUPPY,COM-038,attachment_document_ids,NULL,,,,,,,null,false,9,genie/puppy/communications.csv,attachment_document_ids,2026.07.19.3
BISCUIT_RELIEF,PUPPY,COM-038,source_system_id,STRING,EMAIL,,,,,,,false,10,genie/puppy/communications.csv,source_system_id,2026.07.19.3
BISCUIT_RELIEF,PUPPY,COM-039,communication_id,STRING,COM-039,,,,,,,false,1,genie/puppy/communications.csv,communication_id,2026.07.19.3
BISCUIT_RELIEF,PUPPY,COM-039,communication_type,STRING,EMAIL,,,,,,,false,2,genie/puppy/communications.csv,communication_type,2026.07.19.3
BISCUIT_RELIEF,PUPPY,COM-039,sent_at,TIMESTAMP,,,,,,2025-07-07T12:00:00Z,,false,3,genie/puppy/communications.csv,sent_at,2026.07.19.3
BISCUIT_RELIEF,PUPPY,COM-039,sender_record_id,STRING,PR-FELIX-03,,,,,,,false,4,genie/puppy/communications.csv,sender_record_id,2026.07.19.3
BISCUIT_RELIEF,PUPPY,COM-039,recipient_record_ids,STRING,PR-BENNY-02,,,,,,,false,5,genie/puppy/communications.csv,recipient_record_ids,2026.07.19.3
BISCUIT_RELIEF,PUPPY,COM-039,subject,STRING,Processor question,,,,,,,false,6,genie/puppy/communications.csv,subject,2026.07.19.3
BISCUIT_RELIEF,PUPPY,COM-039,safe_body,STRING,The community event was legitimate and independently documented.,,,,,,,false,7,genie/puppy/communications.csv,safe_body,2026.07.19.3
BISCUIT_RELIEF,PUPPY,COM-039,thread_id,STRING,THREAD-013,,,,,,,false,8,genie/puppy/communications.csv,thread_id,2026.07.19.3
BISCUIT_RELIEF,PUPPY,COM-039,attachment_document_ids,NULL,,,,,,,null,false,9,genie/puppy/communications.csv,attachment_document_ids,2026.07.19.3
BISCUIT_RELIEF,PUPPY,COM-039,source_system_id,STRING,EMAIL,,,,,,,false,10,genie/puppy/communications.csv,source_system_id,2026.07.19.3
BISCUIT_RELIEF,PUPPY,COM-040,communication_id,STRING,COM-040,,,,,,,false,1,genie/puppy/communications.csv,communication_id,2026.07.19.3
BISCUIT_RELIEF,PUPPY,COM-040,communication_type,STRING,INTERNAL_NOTE,,,,,,,false,2,genie/puppy/communications.csv,communication_type,2026.07.19.3
BISCUIT_RELIEF,PUPPY,COM-040,sent_at,TIMESTAMP,,,,,,2025-07-11T13:00:00Z,,false,3,genie/puppy/communications.csv,sent_at,2026.07.19.3
BISCUIT_RELIEF,PUPPY,COM-040,sender_record_id,STRING,PR-VIOLET-02,,,,,,,false,4,genie/puppy/communications.csv,sender_record_id,2026.07.19.3
BISCUIT_RELIEF,PUPPY,COM-040,recipient_record_ids,STRING,PR-MINA-03,,,,,,,false,5,genie/puppy/communications.csv,recipient_record_ids,2026.07.19.3
BISCUIT_RELIEF,PUPPY,COM-040,subject,STRING,Donation receipt,,,,,,,false,6,genie/puppy/communications.csv,subject,2026.07.19.3
BISCUIT_RELIEF,PUPPY,COM-040,safe_body,STRING,"The warehouse log shows cartons received, packed, dispatched and still in storage.",,,,,,,false,7,genie/puppy/communications.csv,safe_body,2026.07.19.3
BISCUIT_RELIEF,PUPPY,COM-040,thread_id,STRING,THREAD-014,,,,,,,false,8,genie/puppy/communications.csv,thread_id,2026.07.19.3
BISCUIT_RELIEF,PUPPY,COM-040,attachment_document_ids,NULL,,,,,,,null,false,9,genie/puppy/communications.csv,attachment_document_ids,2026.07.19.3
BISCUIT_RELIEF,PUPPY,COM-040,source_system_id,STRING,EMAIL,,,,,,,false,10,genie/puppy/communications.csv,source_system_id,2026.07.19.3
BISCUIT_RELIEF,PUPPY,COM-041,communication_id,STRING,COM-041,,,,,,,false,1,genie/puppy/communications.csv,communication_id,2026.07.19.3
BISCUIT_RELIEF,PUPPY,COM-041,communication_type,STRING,EMAIL,,,,,,,false,2,genie/puppy/communications.csv,communication_type,2026.07.19.3
BISCUIT_RELIEF,PUPPY,COM-041,sent_at,TIMESTAMP,,,,,,2025-07-15T14:00:00Z,,false,3,genie/puppy/communications.csv,sent_at,2026.07.19.3
BISCUIT_RELIEF,PUPPY,COM-041,sender_record_id,STRING,PR-HOPE-01,,,,,,,false,4,genie/puppy/communications.csv,sender_record_id,2026.07.19.3
BISCUIT_RELIEF,PUPPY,COM-041,recipient_record_ids,STRING,PR-ADA-02,,,,,,,false,5,genie/puppy/communications.csv,recipient_record_ids,2026.07.19.3
BISCUIT_RELIEF,PUPPY,COM-041,subject,STRING,Volunteer schedule,,,,,,,false,6,genie/puppy/communications.csv,subject,2026.07.19.3
BISCUIT_RELIEF,PUPPY,COM-041,safe_body,STRING,A donor requested a refund after learning the beneficiary had not received the advertised support.,,,,,,,false,7,genie/puppy/communications.csv,safe_body,2026.07.19.3
BISCUIT_RELIEF,PUPPY,COM-041,thread_id,STRING,THREAD-014,,,,,,,false,8,genie/puppy/communications.csv,thread_id,2026.07.19.3
BISCUIT_RELIEF,PUPPY,COM-041,attachment_document_ids,NULL,,,,,,,null,false,9,genie/puppy/communications.csv,attachment_document_ids,2026.07.19.3
BISCUIT_RELIEF,PUPPY,COM-041,source_system_id,STRING,EMAIL,,,,,,,false,10,genie/puppy/communications.csv,source_system_id,2026.07.19.3
BISCUIT_RELIEF,PUPPY,COM-042,communication_id,STRING,COM-042,,,,,,,false,1,genie/puppy/communications.csv,communication_id,2026.07.19.3
BISCUIT_RELIEF,PUPPY,COM-042,communication_type,STRING,EMAIL,,,,,,,false,2,genie/puppy/communications.csv,communication_type,2026.07.19.3
BISCUIT_RELIEF,PUPPY,COM-042,sent_at,TIMESTAMP,,,,,,2025-07-19T15:00:00Z,,false,3,genie/puppy/communications.csv,sent_at,2026.07.19.3
BISCUIT_RELIEF,PUPPY,COM-042,sender_record_id,STRING,PR-BENNY-02,,,,,,,false,4,genie/puppy/communications.csv,sender_record_id,2026.07.19.3
BISCUIT_RELIEF,PUPPY,COM-042,recipient_record_ids,STRING,PR-ARLO-03,,,,,,,false,5,genie/puppy/communications.csv,recipient_record_ids,2026.07.19.3
BISCUIT_RELIEF,PUPPY,COM-042,subject,STRING,Invoice clarification,,,,,,,false,6,genie/puppy/communications.csv,subject,2026.07.19.3
BISCUIT_RELIEF,PUPPY,COM-042,safe_body,STRING,The invoice description does not identify individual deliveries or beneficiaries.,,,,,,,false,7,genie/puppy/communications.csv,safe_body,2026.07.19.3
BISCUIT_RELIEF,PUPPY,COM-042,thread_id,STRING,THREAD-014,,,,,,,false,8,genie/puppy/communications.csv,thread_id,2026.07.19.3
BISCUIT_RELIEF,PUPPY,COM-042,attachment_document_ids,STRING,DOC-043,,,,,,,false,9,genie/puppy/communications.csv,attachment_document_ids,2026.07.19.3
BISCUIT_RELIEF,PUPPY,COM-042,source_system_id,STRING,EMAIL,,,,,,,false,10,genie/puppy/communications.csv,source_system_id,2026.07.19.3
BISCUIT_RELIEF,PUPPY,COM-043,communication_id,STRING,COM-043,,,,,,,false,1,genie/puppy/communications.csv,communication_id,2026.07.19.3
BISCUIT_RELIEF,PUPPY,COM-043,communication_type,STRING,EMAIL,,,,,,,false,2,genie/puppy/communications.csv,communication_type,2026.07.19.3
BISCUIT_RELIEF,PUPPY,COM-043,sent_at,TIMESTAMP,,,,,,2025-07-23T16:00:00Z,,false,3,genie/puppy/communications.csv,sent_at,2026.07.19.3
BISCUIT_RELIEF,PUPPY,COM-043,sender_record_id,STRING,PR-PRIYA-02,,,,,,,false,4,genie/puppy/communications.csv,sender_record_id,2026.07.19.3
BISCUIT_RELIEF,PUPPY,COM-043,recipient_record_ids,STRING,PR-VIOLET-02,,,,,,,false,5,genie/puppy/communications.csv,recipient_record_ids,2026.07.19.3
BISCUIT_RELIEF,PUPPY,COM-043,subject,STRING,Refund request,,,,,,,false,6,genie/puppy/communications.csv,subject,2026.07.19.3
BISCUIT_RELIEF,PUPPY,COM-043,safe_body,STRING,Volunteers are assigned to packing and verification; they do not approve payments.,,,,,,,false,7,genie/puppy/communications.csv,safe_body,2026.07.19.3
BISCUIT_RELIEF,PUPPY,COM-043,thread_id,STRING,THREAD-015,,,,,,,false,8,genie/puppy/communications.csv,thread_id,2026.07.19.3
BISCUIT_RELIEF,PUPPY,COM-043,attachment_document_ids,NULL,,,,,,,null,false,9,genie/puppy/communications.csv,attachment_document_ids,2026.07.19.3
BISCUIT_RELIEF,PUPPY,COM-043,source_system_id,STRING,EMAIL,,,,,,,false,10,genie/puppy/communications.csv,source_system_id,2026.07.19.3
BISCUIT_RELIEF,PUPPY,COM-044,communication_id,STRING,COM-044,,,,,,,false,1,genie/puppy/communications.csv,communication_id,2026.07.19.3
BISCUIT_RELIEF,PUPPY,COM-044,communication_type,STRING,EMAIL,,,,,,,false,2,genie/puppy/communications.csv,communication_type,2026.07.19.3
BISCUIT_RELIEF,PUPPY,COM-044,sent_at,TIMESTAMP,,,,,,2025-07-27T17:00:00Z,,false,3,genie/puppy/communications.csv,sent_at,2026.07.19.3
BISCUIT_RELIEF,PUPPY,COM-044,sender_record_id,STRING,PR-COLIN-02,,,,,,,false,4,genie/puppy/communications.csv,sender_record_id,2026.07.19.3
BISCUIT_RELIEF,PUPPY,COM-044,recipient_record_ids,STRING,PR-PRIYA-02,,,,,,,false,5,genie/puppy/communications.csv,recipient_record_ids,2026.07.19.3
BISCUIT_RELIEF,PUPPY,COM-044,subject,STRING,Warehouse inventory,,,,,,,false,6,genie/puppy/communications.csv,subject,2026.07.19.3
BISCUIT_RELIEF,PUPPY,COM-044,safe_body,STRING,A donation receipt confirms payment but not ultimate beneficiary use.,,,,,,,false,7,genie/puppy/communications.csv,safe_body,2026.07.19.3
BISCUIT_RELIEF,PUPPY,COM-044,thread_id,STRING,THREAD-015,,,,,,,false,8,genie/puppy/communications.csv,thread_id,2026.07.19.3
BISCUIT_RELIEF,PUPPY,COM-044,attachment_document_ids,NULL,,,,,,,null,false,9,genie/puppy/communications.csv,attachment_document_ids,2026.07.19.3
BISCUIT_RELIEF,PUPPY,COM-044,source_system_id,STRING,EMAIL,,,,,,,false,10,genie/puppy/communications.csv,source_system_id,2026.07.19.3
BISCUIT_RELIEF,PUPPY,COM-045,communication_id,STRING,COM-045,,,,,,,false,1,genie/puppy/communications.csv,communication_id,2026.07.19.3
BISCUIT_RELIEF,PUPPY,COM-045,communication_type,STRING,INTERNAL_NOTE,,,,,,,false,2,genie/puppy/communications.csv,communication_type,2026.07.19.3
BISCUIT_RELIEF,PUPPY,COM-045,sent_at,TIMESTAMP,,,,,,2025-07-31T09:00:00Z,,false,3,genie/puppy/communications.csv,sent_at,2026.07.19.3
BISCUIT_RELIEF,PUPPY,COM-045,sender_record_id,STRING,PR-ADA-02,,,,,,,false,4,genie/puppy/communications.csv,sender_record_id,2026.07.19.3
BISCUIT_RELIEF,PUPPY,COM-045,recipient_record_ids,STRING,PR-FELIX-03,,,,,,,false,5,genie/puppy/communications.csv,recipient_record_ids,2026.07.19.3
BISCUIT_RELIEF,PUPPY,COM-045,subject,STRING,Community event,,,,,,,false,6,genie/puppy/communications.csv,subject,2026.07.19.3
BISCUIT_RELIEF,PUPPY,COM-045,safe_body,STRING,The processor asked for source documentation and merchant-purpose clarification.,,,,,,,false,7,genie/puppy/communications.csv,safe_body,2026.07.19.3
BISCUIT_RELIEF,PUPPY,COM-045,thread_id,STRING,THREAD-015,,,,,,,false,8,genie/puppy/communications.csv,thread_id,2026.07.19.3
BISCUIT_RELIEF,PUPPY,COM-045,attachment_document_ids,NULL,,,,,,,null,false,9,genie/puppy/communications.csv,attachment_document_ids,2026.07.19.3
BISCUIT_RELIEF,PUPPY,COM-045,source_system_id,STRING,EMAIL,,,,,,,false,10,genie/puppy/communications.csv,source_system_id,2026.07.19.3
BISCUIT_RELIEF,PUPPY,COM-046,communication_id,STRING,COM-046,,,,,,,false,1,genie/puppy/communications.csv,communication_id,2026.07.19.3
BISCUIT_RELIEF,PUPPY,COM-046,communication_type,STRING,EMAIL,,,,,,,false,2,genie/puppy/communications.csv,communication_type,2026.07.19.3
BISCUIT_RELIEF,PUPPY,COM-046,sent_at,TIMESTAMP,,,,,,2025-08-04T10:00:00Z,,false,3,genie/puppy/communications.csv,sent_at,2026.07.19.3
BISCUIT_RELIEF,PUPPY,COM-046,sender_record_id,STRING,PR-MINA-03,,,,,,,false,4,genie/puppy/communications.csv,sender_record_id,2026.07.19.3
BISCUIT_RELIEF,PUPPY,COM-046,recipient_record_ids,STRING,PR-BENNY-02,,,,,,,false,5,genie/puppy/communications.csv,recipient_record_ids,2026.07.19.3
BISCUIT_RELIEF,PUPPY,COM-046,subject,STRING,Beneficiary request,,,,,,,false,6,genie/puppy/communications.csv,subject,2026.07.19.3
BISCUIT_RELIEF,PUPPY,COM-046,safe_body,STRING,An old address remained in the platform export after a move.,,,,,,,false,7,genie/puppy/communications.csv,safe_body,2026.07.19.3
BISCUIT_RELIEF,PUPPY,COM-046,thread_id,STRING,THREAD-016,,,,,,,false,8,genie/puppy/communications.csv,thread_id,2026.07.19.3
BISCUIT_RELIEF,PUPPY,COM-046,attachment_document_ids,NULL,,,,,,,null,false,9,genie/puppy/communications.csv,attachment_document_ids,2026.07.19.3
BISCUIT_RELIEF,PUPPY,COM-046,source_system_id,STRING,EMAIL,,,,,,,false,10,genie/puppy/communications.csv,source_system_id,2026.07.19.3
BISCUIT_RELIEF,PUPPY,COM-047,communication_id,STRING,COM-047,,,,,,,false,1,genie/puppy/communications.csv,communication_id,2026.07.19.3
BISCUIT_RELIEF,PUPPY,COM-047,communication_type,STRING,EMAIL,,,,,,,false,2,genie/puppy/communications.csv,communication_type,2026.07.19.3
BISCUIT_RELIEF,PUPPY,COM-047,sent_at,TIMESTAMP,,,,,,2025-08-08T11:00:00Z,,false,3,genie/puppy/communications.csv,sent_at,2026.07.19.3
BISCUIT_RELIEF,PUPPY,COM-047,sender_record_id,STRING,PR-FELIX-03,,,,,,,false,4,genie/puppy/communications.csv,sender_record_id,2026.07.19.3
BISCUIT_RELIEF,PUPPY,COM-047,recipient_record_ids,STRING,PR-MINA-03,,,,,,,false,5,genie/puppy/communications.csv,recipient_record_ids,2026.07.19.3
BISCUIT_RELIEF,PUPPY,COM-047,subject,STRING,Repost network,,,,,,,false,6,genie/puppy/communications.csv,subject,2026.07.19.3
BISCUIT_RELIEF,PUPPY,COM-047,safe_body,STRING,The advertisement used the standard relief template and a previously approved image.,,,,,,,false,7,genie/puppy/communications.csv,safe_body,2026.07.19.3
BISCUIT_RELIEF,PUPPY,COM-047,thread_id,STRING,THREAD-016,,,,,,,false,8,genie/puppy/communications.csv,thread_id,2026.07.19.3
BISCUIT_RELIEF,PUPPY,COM-047,attachment_document_ids,NULL,,,,,,,null,false,9,genie/puppy/communications.csv,attachment_document_ids,2026.07.19.3
BISCUIT_RELIEF,PUPPY,COM-047,source_system_id,STRING,EMAIL,,,,,,,false,10,genie/puppy/communications.csv,source_system_id,2026.07.19.3
BISCUIT_RELIEF,PUPPY,COM-048,communication_id,STRING,COM-048,,,,,,,false,1,genie/puppy/communications.csv,communication_id,2026.07.19.3
BISCUIT_RELIEF,PUPPY,COM-048,communication_type,STRING,EMAIL,,,,,,,false,2,genie/puppy/communications.csv,communication_type,2026.07.19.3
BISCUIT_RELIEF,PUPPY,COM-048,sent_at,TIMESTAMP,,,,,,2025-08-12T12:00:00Z,,false,3,genie/puppy/communications.csv,sent_at,2026.07.19.3
BISCUIT_RELIEF,PUPPY,COM-048,sender_record_id,STRING,PR-VIOLET-02,,,,,,,false,4,genie/puppy/communications.csv,sender_record_id,2026.07.19.3
BISCUIT_RELIEF,PUPPY,COM-048,recipient_record_ids,STRING,PR-HOPE-01,,,,,,,false,5,genie/puppy/communications.csv,recipient_record_ids,2026.07.19.3
BISCUIT_RELIEF,PUPPY,COM-048,subject,STRING,Campaign update,,,,,,,false,6,genie/puppy/communications.csv,subject,2026.07.19.3
BISCUIT_RELIEF,PUPPY,COM-048,safe_body,STRING,The campaign page reports more activity than the attached beneficiary ledger.,,,,,,,false,7,genie/puppy/communications.csv,safe_body,2026.07.19.3
BISCUIT_RELIEF,PUPPY,COM-048,thread_id,STRING,THREAD-016,,,,,,,false,8,genie/puppy/communications.csv,thread_id,2026.07.19.3
BISCUIT_RELIEF,PUPPY,COM-048,attachment_document_ids,NULL,,,,,,,null,false,9,genie/puppy/communications.csv,attachment_document_ids,2026.07.19.3
BISCUIT_RELIEF,PUPPY,COM-048,source_system_id,STRING,EMAIL,,,,,,,false,10,genie/puppy/communications.csv,source_system_id,2026.07.19.3
BISCUIT_RELIEF,PUPPY,COM-049,communication_id,STRING,COM-049,,,,,,,false,1,genie/puppy/communications.csv,communication_id,2026.07.19.3
BISCUIT_RELIEF,PUPPY,COM-049,communication_type,STRING,EMAIL,,,,,,,false,2,genie/puppy/communications.csv,communication_type,2026.07.19.3
BISCUIT_RELIEF,PUPPY,COM-049,sent_at,TIMESTAMP,,,,,,2025-08-16T13:00:00Z,,false,3,genie/puppy/communications.csv,sent_at,2026.07.19.3
BISCUIT_RELIEF,PUPPY,COM-049,sender_record_id,STRING,PR-HOPE-01,,,,,,,false,4,genie/puppy/communications.csv,sender_record_id,2026.07.19.3
BISCUIT_RELIEF,PUPPY,COM-049,recipient_record_ids,STRING,PR-ARLO-03,,,,,,,false,5,genie/puppy/communications.csv,recipient_record_ids,2026.07.19.3
BISCUIT_RELIEF,PUPPY,COM-049,subject,STRING,Ad performance,,,,,,,false,6,genie/puppy/communications.csv,subject,2026.07.19.3
BISCUIT_RELIEF,PUPPY,COM-049,safe_body,STRING,"The repost network includes unpaid volunteers, donors and community organizations.",,,,,,,false,7,genie/puppy/communications.csv,safe_body,2026.07.19.3
BISCUIT_RELIEF,PUPPY,COM-049,thread_id,STRING,THREAD-017,,,,,,,false,8,genie/puppy/communications.csv,thread_id,2026.07.19.3
BISCUIT_RELIEF,PUPPY,COM-049,attachment_document_ids,STRING,DOC-050,,,,,,,false,9,genie/puppy/communications.csv,attachment_document_ids,2026.07.19.3
BISCUIT_RELIEF,PUPPY,COM-049,source_system_id,STRING,EMAIL,,,,,,,false,10,genie/puppy/communications.csv,source_system_id,2026.07.19.3
BISCUIT_RELIEF,PUPPY,COM-050,communication_id,STRING,COM-050,,,,,,,false,1,genie/puppy/communications.csv,communication_id,2026.07.19.3
BISCUIT_RELIEF,PUPPY,COM-050,communication_type,STRING,INTERNAL_NOTE,,,,,,,false,2,genie/puppy/communications.csv,communication_type,2026.07.19.3
BISCUIT_RELIEF,PUPPY,COM-050,sent_at,TIMESTAMP,,,,,,2025-08-20T14:00:00Z,,false,3,genie/puppy/communications.csv,sent_at,2026.07.19.3
BISCUIT_RELIEF,PUPPY,COM-050,sender_record_id,STRING,PR-BENNY-02,,,,,,,false,4,genie/puppy/communications.csv,sender_record_id,2026.07.19.3
BISCUIT_RELIEF,PUPPY,COM-050,recipient_record_ids,STRING,PR-VIOLET-02,,,,,,,false,5,genie/puppy/communications.csv,recipient_record_ids,2026.07.19.3
BISCUIT_RELIEF,PUPPY,COM-050,subject,STRING,Address correction,,,,,,,false,6,genie/puppy/communications.csv,subject,2026.07.19.3
BISCUIT_RELIEF,PUPPY,COM-050,safe_body,STRING,The beneficiary requested additional funds and supplied current capacity figures.,,,,,,,false,7,genie/puppy/communications.csv,safe_body,2026.07.19.3
BISCUIT_RELIEF,PUPPY,COM-050,thread_id,STRING,THREAD-017,,,,,,,false,8,genie/puppy/communications.csv,thread_id,2026.07.19.3
BISCUIT_RELIEF,PUPPY,COM-050,attachment_document_ids,NULL,,,,,,,null,false,9,genie/puppy/communications.csv,attachment_document_ids,2026.07.19.3
BISCUIT_RELIEF,PUPPY,COM-050,source_system_id,STRING,EMAIL,,,,,,,false,10,genie/puppy/communications.csv,source_system_id,2026.07.19.3
BISCUIT_RELIEF,PUPPY,COM-051,communication_id,STRING,COM-051,,,,,,,false,1,genie/puppy/communications.csv,communication_id,2026.07.19.3
BISCUIT_RELIEF,PUPPY,COM-051,communication_type,STRING,EMAIL,,,,,,,false,2,genie/puppy/communications.csv,communication_type,2026.07.19.3
BISCUIT_RELIEF,PUPPY,COM-051,sent_at,TIMESTAMP,,,,,,2025-08-24T15:00:00Z,,false,3,genie/puppy/communications.csv,sent_at,2026.07.19.3
BISCUIT_RELIEF,PUPPY,COM-051,sender_record_id,STRING,PR-PRIYA-02,,,,,,,false,4,genie/puppy/communications.csv,sender_record_id,2026.07.19.3
BISCUIT_RELIEF,PUPPY,COM-051,recipient_record_ids,STRING,PR-ADA-02,,,,,,,false,5,genie/puppy/communications.csv,recipient_record_ids,2026.07.19.3
BISCUIT_RELIEF,PUPPY,COM-051,subject,STRING,Processor question,,,,,,,false,6,genie/puppy/communications.csv,subject,2026.07.19.3
BISCUIT_RELIEF,PUPPY,COM-051,safe_body,STRING,The community event was legitimate and independently documented.,,,,,,,false,7,genie/puppy/communications.csv,safe_body,2026.07.19.3
BISCUIT_RELIEF,PUPPY,COM-051,thread_id,STRING,THREAD-017,,,,,,,false,8,genie/puppy/communications.csv,thread_id,2026.07.19.3
BISCUIT_RELIEF,PUPPY,COM-051,attachment_document_ids,NULL,,,,,,,null,false,9,genie/puppy/communications.csv,attachment_document_ids,2026.07.19.3
BISCUIT_RELIEF,PUPPY,COM-051,source_system_id,STRING,EMAIL,,,,,,,false,10,genie/puppy/communications.csv,source_system_id,2026.07.19.3
BISCUIT_RELIEF,PUPPY,COM-052,communication_id,STRING,COM-052,,,,,,,false,1,genie/puppy/communications.csv,communication_id,2026.07.19.3
BISCUIT_RELIEF,PUPPY,COM-052,communication_type,STRING,EMAIL,,,,,,,false,2,genie/puppy/communications.csv,communication_type,2026.07.19.3
BISCUIT_RELIEF,PUPPY,COM-052,sent_at,TIMESTAMP,,,,,,2025-08-28T16:00:00Z,,false,3,genie/puppy/communications.csv,sent_at,2026.07.19.3
BISCUIT_RELIEF,PUPPY,COM-052,sender_record_id,STRING,PR-COLIN-02,,,,,,,false,4,genie/puppy/communications.csv,sender_record_id,2026.07.19.3
BISCUIT_RELIEF,PUPPY,COM-052,recipient_record_ids,STRING,PR-FELIX-03,,,,,,,false,5,genie/puppy/communications.csv,recipient_record_ids,2026.07.19.3
BISCUIT_RELIEF,PUPPY,COM-052,subject,STRING,Donation receipt,,,,,,,false,6,genie/puppy/communications.csv,subject,2026.07.19.3
BISCUIT_RELIEF,PUPPY,COM-052,safe_body,STRING,"The warehouse log shows cartons received, packed, dispatched and still in storage.",,,,,,,false,7,genie/puppy/communications.csv,safe_body,2026.07.19.3
BISCUIT_RELIEF,PUPPY,COM-052,thread_id,STRING,THREAD-018,,,,,,,false,8,genie/puppy/communications.csv,thread_id,2026.07.19.3
BISCUIT_RELIEF,PUPPY,COM-052,attachment_document_ids,NULL,,,,,,,null,false,9,genie/puppy/communications.csv,attachment_document_ids,2026.07.19.3
BISCUIT_RELIEF,PUPPY,COM-052,source_system_id,STRING,EMAIL,,,,,,,false,10,genie/puppy/communications.csv,source_system_id,2026.07.19.3
BISCUIT_RELIEF,PUPPY,COM-053,communication_id,STRING,COM-053,,,,,,,false,1,genie/puppy/communications.csv,communication_id,2026.07.19.3
BISCUIT_RELIEF,PUPPY,COM-053,communication_type,STRING,EMAIL,,,,,,,false,2,genie/puppy/communications.csv,communication_type,2026.07.19.3
BISCUIT_RELIEF,PUPPY,COM-053,sent_at,TIMESTAMP,,,,,,2025-09-01T17:00:00Z,,false,3,genie/puppy/communications.csv,sent_at,2026.07.19.3
BISCUIT_RELIEF,PUPPY,COM-053,sender_record_id,STRING,PR-ADA-02,,,,,,,false,4,genie/puppy/communications.csv,sender_record_id,2026.07.19.3
BISCUIT_RELIEF,PUPPY,COM-053,recipient_record_ids,STRING,PR-BENNY-02,,,,,,,false,5,genie/puppy/communications.csv,recipient_record_ids,2026.07.19.3
BISCUIT_RELIEF,PUPPY,COM-053,subject,STRING,Volunteer schedule,,,,,,,false,6,genie/puppy/communications.csv,subject,2026.07.19.3
BISCUIT_RELIEF,PUPPY,COM-053,safe_body,STRING,A donor requested a refund after learning the beneficiary had not received the advertised support.,,,,,,,false,7,genie/puppy/communications.csv,safe_body,2026.07.19.3
BISCUIT_RELIEF,PUPPY,COM-053,thread_id,STRING,THREAD-018,,,,,,,false,8,genie/puppy/communications.csv,thread_id,2026.07.19.3
BISCUIT_RELIEF,PUPPY,COM-053,attachment_document_ids,NULL,,,,,,,null,false,9,genie/puppy/communications.csv,attachment_document_ids,2026.07.19.3
BISCUIT_RELIEF,PUPPY,COM-053,source_system_id,STRING,EMAIL,,,,,,,false,10,genie/puppy/communications.csv,source_system_id,2026.07.19.3
BISCUIT_RELIEF,PUPPY,COM-054,communication_id,STRING,COM-054,,,,,,,false,1,genie/puppy/communications.csv,communication_id,2026.07.19.3
BISCUIT_RELIEF,PUPPY,COM-054,communication_type,STRING,EMAIL,,,,,,,false,2,genie/puppy/communications.csv,communication_type,2026.07.19.3
BISCUIT_RELIEF,PUPPY,COM-054,sent_at,TIMESTAMP,,,,,,2025-09-05T09:00:00Z,,false,3,genie/puppy/communications.csv,sent_at,2026.07.19.3
BISCUIT_RELIEF,PUPPY,COM-054,sender_record_id,STRING,PR-MINA-03,,,,,,,false,4,genie/puppy/communications.csv,sender_record_id,2026.07.19.3
BISCUIT_RELIEF,PUPPY,COM-054,recipient_record_ids,STRING,PR-ADA-02,,,,,,,false,5,genie/puppy/communications.csv,recipient_record_ids,2026.07.19.3
BISCUIT_RELIEF,PUPPY,COM-054,subject,STRING,Invoice clarification,,,,,,,false,6,genie/puppy/communications.csv,subject,2026.07.19.3
BISCUIT_RELIEF,PUPPY,COM-054,safe_body,STRING,The invoice description does not identify individual deliveries or beneficiaries.,,,,,,,false,7,genie/puppy/communications.csv,safe_body,2026.07.19.3
BISCUIT_RELIEF,PUPPY,COM-054,thread_id,STRING,THREAD-018,,,,,,,false,8,genie/puppy/communications.csv,thread_id,2026.07.19.3
BISCUIT_RELIEF,PUPPY,COM-054,attachment_document_ids,NULL,,,,,,,null,false,9,genie/puppy/communications.csv,attachment_document_ids,2026.07.19.3
BISCUIT_RELIEF,PUPPY,COM-054,source_system_id,STRING,EMAIL,,,,,,,false,10,genie/puppy/communications.csv,source_system_id,2026.07.19.3
BISCUIT_RELIEF,PUPPY,COM-055,communication_id,STRING,COM-055,,,,,,,false,1,genie/puppy/communications.csv,communication_id,2026.07.19.3
BISCUIT_RELIEF,PUPPY,COM-055,communication_type,STRING,INTERNAL_NOTE,,,,,,,false,2,genie/puppy/communications.csv,communication_type,2026.07.19.3
BISCUIT_RELIEF,PUPPY,COM-055,sent_at,TIMESTAMP,,,,,,2025-09-09T10:00:00Z,,false,3,genie/puppy/communications.csv,sent_at,2026.07.19.3
BISCUIT_RELIEF,PUPPY,COM-055,sender_record_id,STRING,PR-FELIX-03,,,,,,,false,4,genie/puppy/communications.csv,sender_record_id,2026.07.19.3
BISCUIT_RELIEF,PUPPY,COM-055,recipient_record_ids,STRING,PR-HOPE-01,,,,,,,false,5,genie/puppy/communications.csv,recipient_record_ids,2026.07.19.3
BISCUIT_RELIEF,PUPPY,COM-055,subject,STRING,Refund request,,,,,,,false,6,genie/puppy/communications.csv,subject,2026.07.19.3
BISCUIT_RELIEF,PUPPY,COM-055,safe_body,STRING,Volunteers are assigned to packing and verification; they do not approve payments.,,,,,,,false,7,genie/puppy/communications.csv,safe_body,2026.07.19.3
BISCUIT_RELIEF,PUPPY,COM-055,thread_id,STRING,THREAD-019,,,,,,,false,8,genie/puppy/communications.csv,thread_id,2026.07.19.3
BISCUIT_RELIEF,PUPPY,COM-055,attachment_document_ids,NULL,,,,,,,null,false,9,genie/puppy/communications.csv,attachment_document_ids,2026.07.19.3
BISCUIT_RELIEF,PUPPY,COM-055,source_system_id,STRING,EMAIL,,,,,,,false,10,genie/puppy/communications.csv,source_system_id,2026.07.19.3
BISCUIT_RELIEF,PUPPY,COM-056,communication_id,STRING,COM-056,,,,,,,false,1,genie/puppy/communications.csv,communication_id,2026.07.19.3
BISCUIT_RELIEF,PUPPY,COM-056,communication_type,STRING,EMAIL,,,,,,,false,2,genie/puppy/communications.csv,communication_type,2026.07.19.3
BISCUIT_RELIEF,PUPPY,COM-056,sent_at,TIMESTAMP,,,,,,2025-09-13T11:00:00Z,,false,3,genie/puppy/communications.csv,sent_at,2026.07.19.3
BISCUIT_RELIEF,PUPPY,COM-056,sender_record_id,STRING,PR-VIOLET-02,,,,,,,false,4,genie/puppy/communications.csv,sender_record_id,2026.07.19.3
BISCUIT_RELIEF,PUPPY,COM-056,recipient_record_ids,STRING,PR-ARLO-03,,,,,,,false,5,genie/puppy/communications.csv,recipient_record_ids,2026.07.19.3
BISCUIT_RELIEF,PUPPY,COM-056,subject,STRING,Warehouse inventory,,,,,,,false,6,genie/puppy/communications.csv,subject,2026.07.19.3
BISCUIT_RELIEF,PUPPY,COM-056,safe_body,STRING,A donation receipt confirms payment but not ultimate beneficiary use.,,,,,,,false,7,genie/puppy/communications.csv,safe_body,2026.07.19.3
BISCUIT_RELIEF,PUPPY,COM-056,thread_id,STRING,THREAD-019,,,,,,,false,8,genie/puppy/communications.csv,thread_id,2026.07.19.3
BISCUIT_RELIEF,PUPPY,COM-056,attachment_document_ids,STRING,DOC-057,,,,,,,false,9,genie/puppy/communications.csv,attachment_document_ids,2026.07.19.3
BISCUIT_RELIEF,PUPPY,COM-056,source_system_id,STRING,EMAIL,,,,,,,false,10,genie/puppy/communications.csv,source_system_id,2026.07.19.3
BISCUIT_RELIEF,PUPPY,COM-057,communication_id,STRING,COM-057,,,,,,,false,1,genie/puppy/communications.csv,communication_id,2026.07.19.3
BISCUIT_RELIEF,PUPPY,COM-057,communication_type,STRING,EMAIL,,,,,,,false,2,genie/puppy/communications.csv,communication_type,2026.07.19.3
BISCUIT_RELIEF,PUPPY,COM-057,sent_at,TIMESTAMP,,,,,,2025-09-17T12:00:00Z,,false,3,genie/puppy/communications.csv,sent_at,2026.07.19.3
BISCUIT_RELIEF,PUPPY,COM-057,sender_record_id,STRING,PR-HOPE-01,,,,,,,false,4,genie/puppy/communications.csv,sender_record_id,2026.07.19.3
BISCUIT_RELIEF,PUPPY,COM-057,recipient_record_ids,STRING,PR-VIOLET-02,,,,,,,false,5,genie/puppy/communications.csv,recipient_record_ids,2026.07.19.3
BISCUIT_RELIEF,PUPPY,COM-057,subject,STRING,Community event,,,,,,,false,6,genie/puppy/communications.csv,subject,2026.07.19.3
BISCUIT_RELIEF,PUPPY,COM-057,safe_body,STRING,The processor asked for source documentation and merchant-purpose clarification.,,,,,,,false,7,genie/puppy/communications.csv,safe_body,2026.07.19.3
BISCUIT_RELIEF,PUPPY,COM-057,thread_id,STRING,THREAD-019,,,,,,,false,8,genie/puppy/communications.csv,thread_id,2026.07.19.3
BISCUIT_RELIEF,PUPPY,COM-057,attachment_document_ids,NULL,,,,,,,null,false,9,genie/puppy/communications.csv,attachment_document_ids,2026.07.19.3
BISCUIT_RELIEF,PUPPY,COM-057,source_system_id,STRING,EMAIL,,,,,,,false,10,genie/puppy/communications.csv,source_system_id,2026.07.19.3
BISCUIT_RELIEF,PUPPY,COM-058,communication_id,STRING,COM-058,,,,,,,false,1,genie/puppy/communications.csv,communication_id,2026.07.19.3
BISCUIT_RELIEF,PUPPY,COM-058,communication_type,STRING,EMAIL,,,,,,,false,2,genie/puppy/communications.csv,communication_type,2026.07.19.3
BISCUIT_RELIEF,PUPPY,COM-058,sent_at,TIMESTAMP,,,,,,2025-09-21T13:00:00Z,,false,3,genie/puppy/communications.csv,sent_at,2026.07.19.3
BISCUIT_RELIEF,PUPPY,COM-058,sender_record_id,STRING,PR-BENNY-02,,,,,,,false,4,genie/puppy/communications.csv,sender_record_id,2026.07.19.3
BISCUIT_RELIEF,PUPPY,COM-058,recipient_record_ids,STRING,PR-PRIYA-02,,,,,,,false,5,genie/puppy/communications.csv,recipient_record_ids,2026.07.19.3
BISCUIT_RELIEF,PUPPY,COM-058,subject,STRING,Beneficiary request,,,,,,,false,6,genie/puppy/communications.csv,subject,2026.07.19.3
BISCUIT_RELIEF,PUPPY,COM-058,safe_body,STRING,An old address remained in the platform export after a move.,,,,,,,false,7,genie/puppy/communications.csv,safe_body,2026.07.19.3
BISCUIT_RELIEF,PUPPY,COM-058,thread_id,STRING,THREAD-020,,,,,,,false,8,genie/puppy/communications.csv,thread_id,2026.07.19.3
BISCUIT_RELIEF,PUPPY,COM-058,attachment_document_ids,NULL,,,,,,,null,false,9,genie/puppy/communications.csv,attachment_document_ids,2026.07.19.3
BISCUIT_RELIEF,PUPPY,COM-058,source_system_id,STRING,EMAIL,,,,,,,false,10,genie/puppy/communications.csv,source_system_id,2026.07.19.3
BISCUIT_RELIEF,PUPPY,COM-059,communication_id,STRING,COM-059,,,,,,,false,1,genie/puppy/communications.csv,communication_id,2026.07.19.3
BISCUIT_RELIEF,PUPPY,COM-059,communication_type,STRING,EMAIL,,,,,,,false,2,genie/puppy/communications.csv,communication_type,2026.07.19.3
BISCUIT_RELIEF,PUPPY,COM-059,sent_at,TIMESTAMP,,,,,,2025-09-25T14:00:00Z,,false,3,genie/puppy/communications.csv,sent_at,2026.07.19.3
BISCUIT_RELIEF,PUPPY,COM-059,sender_record_id,STRING,PR-PRIYA-02,,,,,,,false,4,genie/puppy/communications.csv,sender_record_id,2026.07.19.3
BISCUIT_RELIEF,PUPPY,COM-059,recipient_record_ids,STRING,PR-FELIX-03,,,,,,,false,5,genie/puppy/communications.csv,recipient_record_ids,2026.07.19.3
BISCUIT_RELIEF,PUPPY,COM-059,subject,STRING,Repost network,,,,,,,false,6,genie/puppy/communications.csv,subject,2026.07.19.3
BISCUIT_RELIEF,PUPPY,COM-059,safe_body,STRING,The advertisement used the standard relief template and a previously approved image.,,,,,,,false,7,genie/puppy/communications.csv,safe_body,2026.07.19.3
BISCUIT_RELIEF,PUPPY,COM-059,thread_id,STRING,THREAD-020,,,,,,,false,8,genie/puppy/communications.csv,thread_id,2026.07.19.3
BISCUIT_RELIEF,PUPPY,COM-059,attachment_document_ids,NULL,,,,,,,null,false,9,genie/puppy/communications.csv,attachment_document_ids,2026.07.19.3
BISCUIT_RELIEF,PUPPY,COM-059,source_system_id,STRING,EMAIL,,,,,,,false,10,genie/puppy/communications.csv,source_system_id,2026.07.19.3
BISCUIT_RELIEF,PUPPY,COM-060,communication_id,STRING,COM-060,,,,,,,false,1,genie/puppy/communications.csv,communication_id,2026.07.19.3
BISCUIT_RELIEF,PUPPY,COM-060,communication_type,STRING,INTERNAL_NOTE,,,,,,,false,2,genie/puppy/communications.csv,communication_type,2026.07.19.3
BISCUIT_RELIEF,PUPPY,COM-060,sent_at,TIMESTAMP,,,,,,2025-09-29T15:00:00Z,,false,3,genie/puppy/communications.csv,sent_at,2026.07.19.3
BISCUIT_RELIEF,PUPPY,COM-060,sender_record_id,STRING,PR-COLIN-02,,,,,,,false,4,genie/puppy/communications.csv,sender_record_id,2026.07.19.3
BISCUIT_RELIEF,PUPPY,COM-060,recipient_record_ids,STRING,PR-BENNY-02,,,,,,,false,5,genie/puppy/communications.csv,recipient_record_ids,2026.07.19.3
BISCUIT_RELIEF,PUPPY,COM-060,subject,STRING,Campaign update,,,,,,,false,6,genie/puppy/communications.csv,subject,2026.07.19.3
BISCUIT_RELIEF,PUPPY,COM-060,safe_body,STRING,The campaign page reports more activity than the attached beneficiary ledger.,,,,,,,false,7,genie/puppy/communications.csv,safe_body,2026.07.19.3
BISCUIT_RELIEF,PUPPY,COM-060,thread_id,STRING,THREAD-020,,,,,,,false,8,genie/puppy/communications.csv,thread_id,2026.07.19.3
BISCUIT_RELIEF,PUPPY,COM-060,attachment_document_ids,NULL,,,,,,,null,false,9,genie/puppy/communications.csv,attachment_document_ids,2026.07.19.3
BISCUIT_RELIEF,PUPPY,COM-060,source_system_id,STRING,EMAIL,,,,,,,false,10,genie/puppy/communications.csv,source_system_id,2026.07.19.3
BISCUIT_RELIEF,PUPPY,COM-061,communication_id,STRING,COM-061,,,,,,,false,1,genie/puppy/communications.csv,communication_id,2026.07.19.3
BISCUIT_RELIEF,PUPPY,COM-061,communication_type,STRING,EMAIL,,,,,,,false,2,genie/puppy/communications.csv,communication_type,2026.07.19.3
BISCUIT_RELIEF,PUPPY,COM-061,sent_at,TIMESTAMP,,,,,,2025-10-03T16:00:00Z,,false,3,genie/puppy/communications.csv,sent_at,2026.07.19.3
BISCUIT_RELIEF,PUPPY,COM-061,sender_record_id,STRING,PR-ADA-02,,,,,,,false,4,genie/puppy/communications.csv,sender_record_id,2026.07.19.3
BISCUIT_RELIEF,PUPPY,COM-061,recipient_record_ids,STRING,PR-MINA-03,,,,,,,false,5,genie/puppy/communications.csv,recipient_record_ids,2026.07.19.3
BISCUIT_RELIEF,PUPPY,COM-061,subject,STRING,Ad performance,,,,,,,false,6,genie/puppy/communications.csv,subject,2026.07.19.3
BISCUIT_RELIEF,PUPPY,COM-061,safe_body,STRING,"The repost network includes unpaid volunteers, donors and community organizations.",,,,,,,false,7,genie/puppy/communications.csv,safe_body,2026.07.19.3
BISCUIT_RELIEF,PUPPY,COM-061,thread_id,STRING,THREAD-021,,,,,,,false,8,genie/puppy/communications.csv,thread_id,2026.07.19.3
BISCUIT_RELIEF,PUPPY,COM-061,attachment_document_ids,NULL,,,,,,,null,false,9,genie/puppy/communications.csv,attachment_document_ids,2026.07.19.3
BISCUIT_RELIEF,PUPPY,COM-061,source_system_id,STRING,EMAIL,,,,,,,false,10,genie/puppy/communications.csv,source_system_id,2026.07.19.3
BISCUIT_RELIEF,PUPPY,COM-062,communication_id,STRING,COM-062,,,,,,,false,1,genie/puppy/communications.csv,communication_id,2026.07.19.3
BISCUIT_RELIEF,PUPPY,COM-062,communication_type,STRING,EMAIL,,,,,,,false,2,genie/puppy/communications.csv,communication_type,2026.07.19.3
BISCUIT_RELIEF,PUPPY,COM-062,sent_at,TIMESTAMP,,,,,,2025-10-07T17:00:00Z,,false,3,genie/puppy/communications.csv,sent_at,2026.07.19.3
BISCUIT_RELIEF,PUPPY,COM-062,sender_record_id,STRING,PR-MINA-03,,,,,,,false,4,genie/puppy/communications.csv,sender_record_id,2026.07.19.3
BISCUIT_RELIEF,PUPPY,COM-062,recipient_record_ids,STRING,PR-HOPE-01,,,,,,,false,5,genie/puppy/communications.csv,recipient_record_ids,2026.07.19.3
BISCUIT_RELIEF,PUPPY,COM-062,subject,STRING,Address correction,,,,,,,false,6,genie/puppy/communications.csv,subject,2026.07.19.3
BISCUIT_RELIEF,PUPPY,COM-062,safe_body,STRING,The beneficiary requested additional funds and supplied current capacity figures.,,,,,,,false,7,genie/puppy/communications.csv,safe_body,2026.07.19.3
BISCUIT_RELIEF,PUPPY,COM-062,thread_id,STRING,THREAD-021,,,,,,,false,8,genie/puppy/communications.csv,thread_id,2026.07.19.3
BISCUIT_RELIEF,PUPPY,COM-062,attachment_document_ids,NULL,,,,,,,null,false,9,genie/puppy/communications.csv,attachment_document_ids,2026.07.19.3
BISCUIT_RELIEF,PUPPY,COM-062,source_system_id,STRING,EMAIL,,,,,,,false,10,genie/puppy/communications.csv,source_system_id,2026.07.19.3
BISCUIT_RELIEF,PUPPY,COM-063,communication_id,STRING,COM-063,,,,,,,false,1,genie/puppy/communications.csv,communication_id,2026.07.19.3
BISCUIT_RELIEF,PUPPY,COM-063,communication_type,STRING,EMAIL,,,,,,,false,2,genie/puppy/communications.csv,communication_type,2026.07.19.3
BISCUIT_RELIEF,PUPPY,COM-063,sent_at,TIMESTAMP,,,,,,2025-10-11T09:00:00Z,,false,3,genie/puppy/communications.csv,sent_at,2026.07.19.3
BISCUIT_RELIEF,PUPPY,COM-063,sender_record_id,STRING,PR-FELIX-03,,,,,,,false,4,genie/puppy/communications.csv,sender_record_id,2026.07.19.3
BISCUIT_RELIEF,PUPPY,COM-063,recipient_record_ids,STRING,PR-ARLO-03,,,,,,,false,5,genie/puppy/communications.csv,recipient_record_ids,2026.07.19.3
BISCUIT_RELIEF,PUPPY,COM-063,subject,STRING,Processor question,,,,,,,false,6,genie/puppy/communications.csv,subject,2026.07.19.3
BISCUIT_RELIEF,PUPPY,COM-063,safe_body,STRING,The community event was legitimate and independently documented.,,,,,,,false,7,genie/puppy/communications.csv,safe_body,2026.07.19.3
BISCUIT_RELIEF,PUPPY,COM-063,thread_id,STRING,THREAD-021,,,,,,,false,8,genie/puppy/communications.csv,thread_id,2026.07.19.3
BISCUIT_RELIEF,PUPPY,COM-063,attachment_document_ids,STRING,DOC-064,,,,,,,false,9,genie/puppy/communications.csv,attachment_document_ids,2026.07.19.3
BISCUIT_RELIEF,PUPPY,COM-063,source_system_id,STRING,EMAIL,,,,,,,false,10,genie/puppy/communications.csv,source_system_id,2026.07.19.3
BISCUIT_RELIEF,PUPPY,COM-064,communication_id,STRING,COM-064,,,,,,,false,1,genie/puppy/communications.csv,communication_id,2026.07.19.3
BISCUIT_RELIEF,PUPPY,COM-064,communication_type,STRING,EMAIL,,,,,,,false,2,genie/puppy/communications.csv,communication_type,2026.07.19.3
BISCUIT_RELIEF,PUPPY,COM-064,sent_at,TIMESTAMP,,,,,,2025-10-15T10:00:00Z,,false,3,genie/puppy/communications.csv,sent_at,2026.07.19.3
BISCUIT_RELIEF,PUPPY,COM-064,sender_record_id,STRING,PR-VIOLET-02,,,,,,,false,4,genie/puppy/communications.csv,sender_record_id,2026.07.19.3
BISCUIT_RELIEF,PUPPY,COM-064,recipient_record_ids,STRING,PR-ADA-02,,,,,,,false,5,genie/puppy/communications.csv,recipient_record_ids,2026.07.19.3
BISCUIT_RELIEF,PUPPY,COM-064,subject,STRING,Donation receipt,,,,,,,false,6,genie/puppy/communications.csv,subject,2026.07.19.3
BISCUIT_RELIEF,PUPPY,COM-064,safe_body,STRING,"The warehouse log shows cartons received, packed, dispatched and still in storage.",,,,,,,false,7,genie/puppy/communications.csv,safe_body,2026.07.19.3
BISCUIT_RELIEF,PUPPY,COM-064,thread_id,STRING,THREAD-022,,,,,,,false,8,genie/puppy/communications.csv,thread_id,2026.07.19.3
BISCUIT_RELIEF,PUPPY,COM-064,attachment_document_ids,NULL,,,,,,,null,false,9,genie/puppy/communications.csv,attachment_document_ids,2026.07.19.3
BISCUIT_RELIEF,PUPPY,COM-064,source_system_id,STRING,EMAIL,,,,,,,false,10,genie/puppy/communications.csv,source_system_id,2026.07.19.3
BISCUIT_RELIEF,PUPPY,COM-065,communication_id,STRING,COM-065,,,,,,,false,1,genie/puppy/communications.csv,communication_id,2026.07.19.3
BISCUIT_RELIEF,PUPPY,COM-065,communication_type,STRING,INTERNAL_NOTE,,,,,,,false,2,genie/puppy/communications.csv,communication_type,2026.07.19.3
BISCUIT_RELIEF,PUPPY,COM-065,sent_at,TIMESTAMP,,,,,,2025-10-19T11:00:00Z,,false,3,genie/puppy/communications.csv,sent_at,2026.07.19.3
BISCUIT_RELIEF,PUPPY,COM-065,sender_record_id,STRING,PR-HOPE-01,,,,,,,false,4,genie/puppy/communications.csv,sender_record_id,2026.07.19.3
BISCUIT_RELIEF,PUPPY,COM-065,recipient_record_ids,STRING,PR-PRIYA-02,,,,,,,false,5,genie/puppy/communications.csv,recipient_record_ids,2026.07.19.3
BISCUIT_RELIEF,PUPPY,COM-065,subject,STRING,Volunteer schedule,,,,,,,false,6,genie/puppy/communications.csv,subject,2026.07.19.3
BISCUIT_RELIEF,PUPPY,COM-065,safe_body,STRING,A donor requested a refund after learning the beneficiary had not received the advertised support.,,,,,,,false,7,genie/puppy/communications.csv,safe_body,2026.07.19.3
BISCUIT_RELIEF,PUPPY,COM-065,thread_id,STRING,THREAD-022,,,,,,,false,8,genie/puppy/communications.csv,thread_id,2026.07.19.3
BISCUIT_RELIEF,PUPPY,COM-065,attachment_document_ids,NULL,,,,,,,null,false,9,genie/puppy/communications.csv,attachment_document_ids,2026.07.19.3
BISCUIT_RELIEF,PUPPY,COM-065,source_system_id,STRING,EMAIL,,,,,,,false,10,genie/puppy/communications.csv,source_system_id,2026.07.19.3
BISCUIT_RELIEF,PUPPY,COM-066,communication_id,STRING,COM-066,,,,,,,false,1,genie/puppy/communications.csv,communication_id,2026.07.19.3
BISCUIT_RELIEF,PUPPY,COM-066,communication_type,STRING,EMAIL,,,,,,,false,2,genie/puppy/communications.csv,communication_type,2026.07.19.3
BISCUIT_RELIEF,PUPPY,COM-066,sent_at,TIMESTAMP,,,,,,2025-10-23T12:00:00Z,,false,3,genie/puppy/communications.csv,sent_at,2026.07.19.3
BISCUIT_RELIEF,PUPPY,COM-066,sender_record_id,STRING,PR-BENNY-02,,,,,,,false,4,genie/puppy/communications.csv,sender_record_id,2026.07.19.3
BISCUIT_RELIEF,PUPPY,COM-066,recipient_record_ids,STRING,PR-FELIX-03,,,,,,,false,5,genie/puppy/communications.csv,recipient_record_ids,2026.07.19.3
BISCUIT_RELIEF,PUPPY,COM-066,subject,STRING,Invoice clarification,,,,,,,false,6,genie/puppy/communications.csv,subject,2026.07.19.3
BISCUIT_RELIEF,PUPPY,COM-066,safe_body,STRING,The invoice description does not identify individual deliveries or beneficiaries.,,,,,,,false,7,genie/puppy/communications.csv,safe_body,2026.07.19.3
BISCUIT_RELIEF,PUPPY,COM-066,thread_id,STRING,THREAD-022,,,,,,,false,8,genie/puppy/communications.csv,thread_id,2026.07.19.3
BISCUIT_RELIEF,PUPPY,COM-066,attachment_document_ids,NULL,,,,,,,null,false,9,genie/puppy/communications.csv,attachment_document_ids,2026.07.19.3
BISCUIT_RELIEF,PUPPY,COM-066,source_system_id,STRING,EMAIL,,,,,,,false,10,genie/puppy/communications.csv,source_system_id,2026.07.19.3
BISCUIT_RELIEF,PUPPY,COM-067,communication_id,STRING,COM-067,,,,,,,false,1,genie/puppy/communications.csv,communication_id,2026.07.19.3
BISCUIT_RELIEF,PUPPY,COM-067,communication_type,STRING,EMAIL,,,,,,,false,2,genie/puppy/communications.csv,communication_type,2026.07.19.3
BISCUIT_RELIEF,PUPPY,COM-067,sent_at,TIMESTAMP,,,,,,2025-10-27T13:00:00Z,,false,3,genie/puppy/communications.csv,sent_at,2026.07.19.3
BISCUIT_RELIEF,PUPPY,COM-067,sender_record_id,STRING,PR-PRIYA-02,,,,,,,false,4,genie/puppy/communications.csv,sender_record_id,2026.07.19.3
BISCUIT_RELIEF,PUPPY,COM-067,recipient_record_ids,STRING,PR-BENNY-02,,,,,,,false,5,genie/puppy/communications.csv,recipient_record_ids,2026.07.19.3
BISCUIT_RELIEF,PUPPY,COM-067,subject,STRING,Refund request,,,,,,,false,6,genie/puppy/communications.csv,subject,2026.07.19.3
BISCUIT_RELIEF,PUPPY,COM-067,safe_body,STRING,Volunteers are assigned to packing and verification; they do not approve payments.,,,,,,,false,7,genie/puppy/communications.csv,safe_body,2026.07.19.3
BISCUIT_RELIEF,PUPPY,COM-067,thread_id,STRING,THREAD-023,,,,,,,false,8,genie/puppy/communications.csv,thread_id,2026.07.19.3
BISCUIT_RELIEF,PUPPY,COM-067,attachment_document_ids,NULL,,,,,,,null,false,9,genie/puppy/communications.csv,attachment_document_ids,2026.07.19.3
BISCUIT_RELIEF,PUPPY,COM-067,source_system_id,STRING,EMAIL,,,,,,,false,10,genie/puppy/communications.csv,source_system_id,2026.07.19.3
BISCUIT_RELIEF,PUPPY,COM-068,communication_id,STRING,COM-068,,,,,,,false,1,genie/puppy/communications.csv,communication_id,2026.07.19.3
BISCUIT_RELIEF,PUPPY,COM-068,communication_type,STRING,EMAIL,,,,,,,false,2,genie/puppy/communications.csv,communication_type,2026.07.19.3
BISCUIT_RELIEF,PUPPY,COM-068,sent_at,TIMESTAMP,,,,,,2025-10-31T14:00:00Z,,false,3,genie/puppy/communications.csv,sent_at,2026.07.19.3
BISCUIT_RELIEF,PUPPY,COM-068,sender_record_id,STRING,PR-COLIN-02,,,,,,,false,4,genie/puppy/communications.csv,sender_record_id,2026.07.19.3
BISCUIT_RELIEF,PUPPY,COM-068,recipient_record_ids,STRING,PR-MINA-03,,,,,,,false,5,genie/puppy/communications.csv,recipient_record_ids,2026.07.19.3
BISCUIT_RELIEF,PUPPY,COM-068,subject,STRING,Warehouse inventory,,,,,,,false,6,genie/puppy/communications.csv,subject,2026.07.19.3
BISCUIT_RELIEF,PUPPY,COM-068,safe_body,STRING,A donation receipt confirms payment but not ultimate beneficiary use.,,,,,,,false,7,genie/puppy/communications.csv,safe_body,2026.07.19.3
BISCUIT_RELIEF,PUPPY,COM-068,thread_id,STRING,THREAD-023,,,,,,,false,8,genie/puppy/communications.csv,thread_id,2026.07.19.3
BISCUIT_RELIEF,PUPPY,COM-068,attachment_document_ids,NULL,,,,,,,null,false,9,genie/puppy/communications.csv,attachment_document_ids,2026.07.19.3
BISCUIT_RELIEF,PUPPY,COM-068,source_system_id,STRING,EMAIL,,,,,,,false,10,genie/puppy/communications.csv,source_system_id,2026.07.19.3
BISCUIT_RELIEF,PUPPY,COM-069,communication_id,STRING,COM-069,,,,,,,false,1,genie/puppy/communications.csv,communication_id,2026.07.19.3
BISCUIT_RELIEF,PUPPY,COM-069,communication_type,STRING,EMAIL,,,,,,,false,2,genie/puppy/communications.csv,communication_type,2026.07.19.3
BISCUIT_RELIEF,PUPPY,COM-069,sent_at,TIMESTAMP,,,,,,2025-11-04T15:00:00Z,,false,3,genie/puppy/communications.csv,sent_at,2026.07.19.3
BISCUIT_RELIEF,PUPPY,COM-069,sender_record_id,STRING,PR-ADA-02,,,,,,,false,4,genie/puppy/communications.csv,sender_record_id,2026.07.19.3
BISCUIT_RELIEF,PUPPY,COM-069,recipient_record_ids,STRING,PR-HOPE-01,,,,,,,false,5,genie/puppy/communications.csv,recipient_record_ids,2026.07.19.3
BISCUIT_RELIEF,PUPPY,COM-069,subject,STRING,Community event,,,,,,,false,6,genie/puppy/communications.csv,subject,2026.07.19.3
BISCUIT_RELIEF,PUPPY,COM-069,safe_body,STRING,The processor asked for source documentation and merchant-purpose clarification.,,,,,,,false,7,genie/puppy/communications.csv,safe_body,2026.07.19.3
BISCUIT_RELIEF,PUPPY,COM-069,thread_id,STRING,THREAD-023,,,,,,,false,8,genie/puppy/communications.csv,thread_id,2026.07.19.3
BISCUIT_RELIEF,PUPPY,COM-069,attachment_document_ids,NULL,,,,,,,null,false,9,genie/puppy/communications.csv,attachment_document_ids,2026.07.19.3
BISCUIT_RELIEF,PUPPY,COM-069,source_system_id,STRING,EMAIL,,,,,,,false,10,genie/puppy/communications.csv,source_system_id,2026.07.19.3
BISCUIT_RELIEF,PUPPY,COM-070,communication_id,STRING,COM-070,,,,,,,false,1,genie/puppy/communications.csv,communication_id,2026.07.19.3
BISCUIT_RELIEF,PUPPY,COM-070,communication_type,STRING,INTERNAL_NOTE,,,,,,,false,2,genie/puppy/communications.csv,communication_type,2026.07.19.3
BISCUIT_RELIEF,PUPPY,COM-070,sent_at,TIMESTAMP,,,,,,2025-11-08T16:00:00Z,,false,3,genie/puppy/communications.csv,sent_at,2026.07.19.3
BISCUIT_RELIEF,PUPPY,COM-070,sender_record_id,STRING,PR-MINA-03,,,,,,,false,4,genie/puppy/communications.csv,sender_record_id,2026.07.19.3
BISCUIT_RELIEF,PUPPY,COM-070,recipient_record_ids,STRING,PR-ARLO-03,,,,,,,false,5,genie/puppy/communications.csv,recipient_record_ids,2026.07.19.3
BISCUIT_RELIEF,PUPPY,COM-070,subject,STRING,Beneficiary request,,,,,,,false,6,genie/puppy/communications.csv,subject,2026.07.19.3
BISCUIT_RELIEF,PUPPY,COM-070,safe_body,STRING,An old address remained in the platform export after a move.,,,,,,,false,7,genie/puppy/communications.csv,safe_body,2026.07.19.3
BISCUIT_RELIEF,PUPPY,COM-070,thread_id,STRING,THREAD-024,,,,,,,false,8,genie/puppy/communications.csv,thread_id,2026.07.19.3
BISCUIT_RELIEF,PUPPY,COM-070,attachment_document_ids,STRING,DOC-071,,,,,,,false,9,genie/puppy/communications.csv,attachment_document_ids,2026.07.19.3
BISCUIT_RELIEF,PUPPY,COM-070,source_system_id,STRING,EMAIL,,,,,,,false,10,genie/puppy/communications.csv,source_system_id,2026.07.19.3
BISCUIT_RELIEF,PUPPY,CMP-001,complaint_id,STRING,CMP-001,,,,,,,false,1,genie/puppy/complaints.csv,complaint_id,2026.07.19.3
BISCUIT_RELIEF,PUPPY,CMP-001,complainant_record_id,STRING,PR-HOPE-01,,,,,,,false,2,genie/puppy/complaints.csv,complainant_record_id,2026.07.19.3
BISCUIT_RELIEF,PUPPY,CMP-001,submitted_at,TIMESTAMP,,,,,,2025-05-01T00:00:00Z,,false,3,genie/puppy/complaints.csv,submitted_at,2026.07.19.3
BISCUIT_RELIEF,PUPPY,CMP-001,complaint_type,STRING,BENEFICIARY_UNDERFUNDED,,,,,,,false,4,genie/puppy/complaints.csv,complaint_type,2026.07.19.3
BISCUIT_RELIEF,PUPPY,CMP-001,summary,STRING,The advertised beneficiary could not confirm receiving the amount claimed by the campaign.,,,,,,,false,5,genie/puppy/complaints.csv,summary,2026.07.19.3
BISCUIT_RELIEF,PUPPY,CMP-001,related_campaign_id,STRING,CAMP-001,,,,,,,false,6,genie/puppy/complaints.csv,related_campaign_id,2026.07.19.3
BISCUIT_RELIEF,PUPPY,CMP-001,related_donation_id,STRING,DON-00001,,,,,,,false,7,genie/puppy/complaints.csv,related_donation_id,2026.07.19.3
BISCUIT_RELIEF,PUPPY,CMP-001,related_beneficiary_program_id,STRING,BEN-001,,,,,,,false,8,genie/puppy/complaints.csv,related_beneficiary_program_id,2026.07.19.3
BISCUIT_RELIEF,PUPPY,CMP-001,status,STRING,ACKNOWLEDGED,,,,,,,false,9,genie/puppy/complaints.csv,status,2026.07.19.3
BISCUIT_RELIEF,PUPPY,CMP-001,source_system_id,STRING,COMPLAINT_PORTAL,,,,,,,false,10,genie/puppy/complaints.csv,source_system_id,2026.07.19.3
BISCUIT_RELIEF,PUPPY,CMP-002,complaint_id,STRING,CMP-002,,,,,,,false,1,genie/puppy/complaints.csv,complaint_id,2026.07.19.3
BISCUIT_RELIEF,PUPPY,CMP-002,complainant_record_id,STRING,PR-LEO-01,,,,,,,false,2,genie/puppy/complaints.csv,complainant_record_id,2026.07.19.3
BISCUIT_RELIEF,PUPPY,CMP-002,submitted_at,TIMESTAMP,,,,,,2025-05-10T00:00:00Z,,false,3,genie/puppy/complaints.csv,submitted_at,2026.07.19.3
BISCUIT_RELIEF,PUPPY,CMP-002,complaint_type,STRING,DONATION_USE_UNCLEAR,,,,,,,false,4,genie/puppy/complaints.csv,complaint_type,2026.07.19.3
BISCUIT_RELIEF,PUPPY,CMP-002,summary,STRING,The donor receipt confirms collection but not ultimate beneficiary use.,,,,,,,false,5,genie/puppy/complaints.csv,summary,2026.07.19.3
BISCUIT_RELIEF,PUPPY,CMP-002,related_campaign_id,STRING,CAMP-002,,,,,,,false,6,genie/puppy/complaints.csv,related_campaign_id,2026.07.19.3
BISCUIT_RELIEF,PUPPY,CMP-002,related_donation_id,STRING,DON-00002,,,,,,,false,7,genie/puppy/complaints.csv,related_donation_id,2026.07.19.3
BISCUIT_RELIEF,PUPPY,CMP-002,related_beneficiary_program_id,STRING,BEN-002,,,,,,,false,8,genie/puppy/complaints.csv,related_beneficiary_program_id,2026.07.19.3
BISCUIT_RELIEF,PUPPY,CMP-002,status,STRING,OPEN,,,,,,,false,9,genie/puppy/complaints.csv,status,2026.07.19.3
BISCUIT_RELIEF,PUPPY,CMP-002,source_system_id,STRING,COMPLAINT_PORTAL,,,,,,,false,10,genie/puppy/complaints.csv,source_system_id,2026.07.19.3
BISCUIT_RELIEF,PUPPY,CMP-003,complaint_id,STRING,CMP-003,,,,,,,false,1,genie/puppy/complaints.csv,complaint_id,2026.07.19.3
BISCUIT_RELIEF,PUPPY,CMP-003,complainant_record_id,STRING,PR-RUBY-01,,,,,,,false,2,genie/puppy/complaints.csv,complainant_record_id,2026.07.19.3
BISCUIT_RELIEF,PUPPY,CMP-003,submitted_at,TIMESTAMP,,,,,,2025-05-19T00:00:00Z,,false,3,genie/puppy/complaints.csv,submitted_at,2026.07.19.3
BISCUIT_RELIEF,PUPPY,CMP-003,complaint_type,STRING,ADVERTISED_DELIVERY_NOT_FOUND,,,,,,,false,4,genie/puppy/complaints.csv,complaint_type,2026.07.19.3
BISCUIT_RELIEF,PUPPY,CMP-003,summary,STRING,Campaign posts show deliveries absent from warehouse and beneficiary records.,,,,,,,false,5,genie/puppy/complaints.csv,summary,2026.07.19.3
BISCUIT_RELIEF,PUPPY,CMP-003,related_campaign_id,STRING,CAMP-003,,,,,,,false,6,genie/puppy/complaints.csv,related_campaign_id,2026.07.19.3
BISCUIT_RELIEF,PUPPY,CMP-003,related_donation_id,STRING,DON-00003,,,,,,,false,7,genie/puppy/complaints.csv,related_donation_id,2026.07.19.3
BISCUIT_RELIEF,PUPPY,CMP-003,related_beneficiary_program_id,STRING,BEN-003,,,,,,,false,8,genie/puppy/complaints.csv,related_beneficiary_program_id,2026.07.19.3
BISCUIT_RELIEF,PUPPY,CMP-003,status,STRING,OPEN,,,,,,,false,9,genie/puppy/complaints.csv,status,2026.07.19.3
BISCUIT_RELIEF,PUPPY,CMP-003,source_system_id,STRING,COMPLAINT_PORTAL,,,,,,,false,10,genie/puppy/complaints.csv,source_system_id,2026.07.19.3
BISCUIT_RELIEF,PUPPY,CMP-004,complaint_id,STRING,CMP-004,,,,,,,false,1,genie/puppy/complaints.csv,complaint_id,2026.07.19.3
BISCUIT_RELIEF,PUPPY,CMP-004,complainant_record_id,STRING,PR-GIDEON-01,,,,,,,false,2,genie/puppy/complaints.csv,complainant_record_id,2026.07.19.3
BISCUIT_RELIEF,PUPPY,CMP-004,submitted_at,TIMESTAMP,,,,,,2025-05-28T00:00:00Z,,false,3,genie/puppy/complaints.csv,submitted_at,2026.07.19.3
BISCUIT_RELIEF,PUPPY,CMP-004,complaint_type,STRING,REFUND_REQUEST,,,,,,,false,4,genie/puppy/complaints.csv,complaint_type,2026.07.19.3
BISCUIT_RELIEF,PUPPY,CMP-004,summary,STRING,The donor requested return of funds after inconsistent updates.,,,,,,,false,5,genie/puppy/complaints.csv,summary,2026.07.19.3
BISCUIT_RELIEF,PUPPY,CMP-004,related_campaign_id,STRING,CAMP-004,,,,,,,false,6,genie/puppy/complaints.csv,related_campaign_id,2026.07.19.3
BISCUIT_RELIEF,PUPPY,CMP-004,related_donation_id,STRING,DON-00004,,,,,,,false,7,genie/puppy/complaints.csv,related_donation_id,2026.07.19.3
BISCUIT_RELIEF,PUPPY,CMP-004,related_beneficiary_program_id,STRING,BEN-004,,,,,,,false,8,genie/puppy/complaints.csv,related_beneficiary_program_id,2026.07.19.3
BISCUIT_RELIEF,PUPPY,CMP-004,status,STRING,ACKNOWLEDGED,,,,,,,false,9,genie/puppy/complaints.csv,status,2026.07.19.3
BISCUIT_RELIEF,PUPPY,CMP-004,source_system_id,STRING,COMPLAINT_PORTAL,,,,,,,false,10,genie/puppy/complaints.csv,source_system_id,2026.07.19.3
BISCUIT_RELIEF,PUPPY,CMP-012,complaint_id,STRING,CMP-012,,,,,,,false,1,genie/puppy/complaints.csv,complaint_id,2026.07.19.3
BISCUIT_RELIEF,PUPPY,CMP-012,complainant_record_id,STRING,PR-BENNY-01,,,,,,,false,2,genie/puppy/complaints.csv,complainant_record_id,2026.07.19.3
BISCUIT_RELIEF,PUPPY,CMP-012,submitted_at,TIMESTAMP,,,,,,2025-08-08T00:00:00Z,,false,3,genie/puppy/complaints.csv,submitted_at,2026.07.19.3
BISCUIT_RELIEF,PUPPY,CMP-012,complaint_type,STRING,DONATION_USE_UNCLEAR,,,,,,,false,4,genie/puppy/complaints.csv,complaint_type,2026.07.19.3
BISCUIT_RELIEF,PUPPY,CMP-012,summary,STRING,The donor receipt confirms collection but not ultimate beneficiary use.,,,,,,,false,5,genie/puppy/complaints.csv,summary,2026.07.19.3
BISCUIT_RELIEF,PUPPY,CMP-012,related_campaign_id,STRING,CAMP-012,,,,,,,false,6,genie/puppy/complaints.csv,related_campaign_id,2026.07.19.3
BISCUIT_RELIEF,PUPPY,CMP-012,related_donation_id,STRING,DON-00012,,,,,,,false,7,genie/puppy/complaints.csv,related_donation_id,2026.07.19.3
BISCUIT_RELIEF,PUPPY,CMP-012,related_beneficiary_program_id,STRING,BEN-012,,,,,,,false,8,genie/puppy/complaints.csv,related_beneficiary_program_id,2026.07.19.3
BISCUIT_RELIEF,PUPPY,CMP-012,status,STRING,OPEN,,,,,,,false,9,genie/puppy/complaints.csv,status,2026.07.19.3
BISCUIT_RELIEF,PUPPY,CMP-012,source_system_id,STRING,COMPLAINT_PORTAL,,,,,,,false,10,genie/puppy/complaints.csv,source_system_id,2026.07.19.3
BISCUIT_RELIEF,PUPPY,DIST-0001,distribution_id,STRING,DIST-0001,,,,,,,false,1,genie/puppy/distributions.csv,distribution_id,2026.07.19.3
BISCUIT_RELIEF,PUPPY,DIST-0001,beneficiary_program_id,STRING,BEN-001,,,,,,,false,2,genie/puppy/distributions.csv,beneficiary_program_id,2026.07.19.3
BISCUIT_RELIEF,PUPPY,DIST-0001,distributed_at,TIMESTAMP,,,,,,2025-02-10T00:00:00Z,,false,3,genie/puppy/distributions.csv,distributed_at,2026.07.19.3
BISCUIT_RELIEF,PUPPY,DIST-0001,aid_type,STRING,FOOD_BOX,,,,,,,false,4,genie/puppy/distributions.csv,aid_type,2026.07.19.3
BISCUIT_RELIEF,PUPPY,DIST-0001,units_distributed,INTEGER,,8,,,,,,false,5,genie/puppy/distributions.csv,units_distributed,2026.07.19.3
BISCUIT_RELIEF,PUPPY,DIST-0001,estimated_value,DECIMAL,,,600.00,,,,,false,6,genie/puppy/distributions.csv,estimated_value,2026.07.19.3
BISCUIT_RELIEF,PUPPY,DIST-0001,warehouse_record_id,STRING,WH-0001,,,,,,,false,7,genie/puppy/distributions.csv,warehouse_record_id,2026.07.19.3
BISCUIT_RELIEF,PUPPY,DIST-0001,funding_transaction_id,STRING,TX-AID-001,,,,,,,false,8,genie/puppy/distributions.csv,funding_transaction_id,2026.07.19.3
BISCUIT_RELIEF,PUPPY,DIST-0001,verified_by_record_id,STRING,PR-INGRID-01,,,,,,,false,9,genie/puppy/distributions.csv,verified_by_record_id,2026.07.19.3
BISCUIT_RELIEF,PUPPY,DIST-0001,source_system_id,STRING,WAREHOUSE_LOG,,,,,,,false,10,genie/puppy/distributions.csv,source_system_id,2026.07.19.3
BISCUIT_RELIEF,PUPPY,DIST-0002,distribution_id,STRING,DIST-0002,,,,,,,false,1,genie/puppy/distributions.csv,distribution_id,2026.07.19.3
BISCUIT_RELIEF,PUPPY,DIST-0002,beneficiary_program_id,STRING,BEN-002,,,,,,,false,2,genie/puppy/distributions.csv,beneficiary_program_id,2026.07.19.3
BISCUIT_RELIEF,PUPPY,DIST-0002,distributed_at,TIMESTAMP,,,,,,2025-02-13T00:00:00Z,,false,3,genie/puppy/distributions.csv,distributed_at,2026.07.19.3
BISCUIT_RELIEF,PUPPY,DIST-0002,aid_type,STRING,BED_KIT,,,,,,,false,4,genie/puppy/distributions.csv,aid_type,2026.07.19.3
BISCUIT_RELIEF,PUPPY,DIST-0002,units_distributed,INTEGER,,11,,,,,,false,5,genie/puppy/distributions.csv,units_distributed,2026.07.19.3
BISCUIT_RELIEF,PUPPY,DIST-0002,estimated_value,DECIMAL,,,1045.00,,,,,false,6,genie/puppy/distributions.csv,estimated_value,2026.07.19.3
BISCUIT_RELIEF,PUPPY,DIST-0002,warehouse_record_id,STRING,WH-0002,,,,,,,false,7,genie/puppy/distributions.csv,warehouse_record_id,2026.07.19.3
BISCUIT_RELIEF,PUPPY,DIST-0002,funding_transaction_id,STRING,TX-AID-002,,,,,,,false,8,genie/puppy/distributions.csv,funding_transaction_id,2026.07.19.3
BISCUIT_RELIEF,PUPPY,DIST-0002,verified_by_record_id,STRING,PR-VIOLET-03,,,,,,,false,9,genie/puppy/distributions.csv,verified_by_record_id,2026.07.19.3
BISCUIT_RELIEF,PUPPY,DIST-0002,source_system_id,STRING,WAREHOUSE_LOG,,,,,,,false,10,genie/puppy/distributions.csv,source_system_id,2026.07.19.3
BISCUIT_RELIEF,PUPPY,DIST-0003,distribution_id,STRING,DIST-0003,,,,,,,false,1,genie/puppy/distributions.csv,distribution_id,2026.07.19.3
BISCUIT_RELIEF,PUPPY,DIST-0003,beneficiary_program_id,STRING,BEN-003,,,,,,,false,2,genie/puppy/distributions.csv,beneficiary_program_id,2026.07.19.3
BISCUIT_RELIEF,PUPPY,DIST-0003,distributed_at,TIMESTAMP,,,,,,2025-02-16T00:00:00Z,,false,3,genie/puppy/distributions.csv,distributed_at,2026.07.19.3
BISCUIT_RELIEF,PUPPY,DIST-0003,aid_type,STRING,HYGIENE_KIT,,,,,,,false,4,genie/puppy/distributions.csv,aid_type,2026.07.19.3
BISCUIT_RELIEF,PUPPY,DIST-0003,units_distributed,INTEGER,,14,,,,,,false,5,genie/puppy/distributions.csv,units_distributed,2026.07.19.3
BISCUIT_RELIEF,PUPPY,DIST-0003,estimated_value,DECIMAL,,,1610.00,,,,,false,6,genie/puppy/distributions.csv,estimated_value,2026.07.19.3
BISCUIT_RELIEF,PUPPY,DIST-0003,warehouse_record_id,STRING,WH-0003,,,,,,,false,7,genie/puppy/distributions.csv,warehouse_record_id,2026.07.19.3
BISCUIT_RELIEF,PUPPY,DIST-0003,funding_transaction_id,STRING,TX-AID-003,,,,,,,false,8,genie/puppy/distributions.csv,funding_transaction_id,2026.07.19.3
BISCUIT_RELIEF,PUPPY,DIST-0003,verified_by_record_id,STRING,PR-VIOLET-03,,,,,,,false,9,genie/puppy/distributions.csv,verified_by_record_id,2026.07.19.3
BISCUIT_RELIEF,PUPPY,DIST-0003,source_system_id,STRING,WAREHOUSE_LOG,,,,,,,false,10,genie/puppy/distributions.csv,source_system_id,2026.07.19.3
BISCUIT_RELIEF,PUPPY,DIST-0004,distribution_id,STRING,DIST-0004,,,,,,,false,1,genie/puppy/distributions.csv,distribution_id,2026.07.19.3
BISCUIT_RELIEF,PUPPY,DIST-0004,beneficiary_program_id,STRING,BEN-004,,,,,,,false,2,genie/puppy/distributions.csv,beneficiary_program_id,2026.07.19.3
BISCUIT_RELIEF,PUPPY,DIST-0004,distributed_at,TIMESTAMP,,,,,,2025-02-19T00:00:00Z,,false,3,genie/puppy/distributions.csv,distributed_at,2026.07.19.3
BISCUIT_RELIEF,PUPPY,DIST-0004,aid_type,STRING,MEDICINE_CRATE,,,,,,,false,4,genie/puppy/distributions.csv,aid_type,2026.07.19.3
BISCUIT_RELIEF,PUPPY,DIST-0004,units_distributed,INTEGER,,17,,,,,,false,5,genie/puppy/distributions.csv,units_distributed,2026.07.19.3
BISCUIT_RELIEF,PUPPY,DIST-0004,estimated_value,DECIMAL,,,2295.00,,,,,false,6,genie/puppy/distributions.csv,estimated_value,2026.07.19.3
BISCUIT_RELIEF,PUPPY,DIST-0004,warehouse_record_id,STRING,WH-0004,,,,,,,false,7,genie/puppy/distributions.csv,warehouse_record_id,2026.07.19.3
BISCUIT_RELIEF,PUPPY,DIST-0004,funding_transaction_id,STRING,TX-AID-004,,,,,,,false,8,genie/puppy/distributions.csv,funding_transaction_id,2026.07.19.3
BISCUIT_RELIEF,PUPPY,DIST-0004,verified_by_record_id,STRING,PR-VIOLET-03,,,,,,,false,9,genie/puppy/distributions.csv,verified_by_record_id,2026.07.19.3
BISCUIT_RELIEF,PUPPY,DIST-0004,source_system_id,STRING,WAREHOUSE_LOG,,,,,,,false,10,genie/puppy/distributions.csv,source_system_id,2026.07.19.3
BISCUIT_RELIEF,PUPPY,DIST-0005,distribution_id,STRING,DIST-0005,,,,,,,false,1,genie/puppy/distributions.csv,distribution_id,2026.07.19.3
BISCUIT_RELIEF,PUPPY,DIST-0005,beneficiary_program_id,STRING,BEN-005,,,,,,,false,2,genie/puppy/distributions.csv,beneficiary_program_id,2026.07.19.3
BISCUIT_RELIEF,PUPPY,DIST-0005,distributed_at,TIMESTAMP,,,,,,2025-02-22T00:00:00Z,,false,3,genie/puppy/distributions.csv,distributed_at,2026.07.19.3
BISCUIT_RELIEF,PUPPY,DIST-0005,aid_type,STRING,TRANSPORT_VOUCHER,,,,,,,false,4,genie/puppy/distributions.csv,aid_type,2026.07.19.3
BISCUIT_RELIEF,PUPPY,DIST-0005,units_distributed,INTEGER,,20,,,,,,false,5,genie/puppy/distributions.csv,units_distributed,2026.07.19.3
BISCUIT_RELIEF,PUPPY,DIST-0005,estimated_value,DECIMAL,,,3100.00,,,,,false,6,genie/puppy/distributions.csv,estimated_value,2026.07.19.3
BISCUIT_RELIEF,PUPPY,DIST-0005,warehouse_record_id,STRING,WH-0005,,,,,,,false,7,genie/puppy/distributions.csv,warehouse_record_id,2026.07.19.3
BISCUIT_RELIEF,PUPPY,DIST-0005,funding_transaction_id,STRING,TX-AID-005,,,,,,,false,8,genie/puppy/distributions.csv,funding_transaction_id,2026.07.19.3
BISCUIT_RELIEF,PUPPY,DIST-0005,verified_by_record_id,STRING,PR-INGRID-01,,,,,,,false,9,genie/puppy/distributions.csv,verified_by_record_id,2026.07.19.3
BISCUIT_RELIEF,PUPPY,DIST-0005,source_system_id,STRING,WAREHOUSE_LOG,,,,,,,false,10,genie/puppy/distributions.csv,source_system_id,2026.07.19.3
BISCUIT_RELIEF,PUPPY,DIST-0006,distribution_id,STRING,DIST-0006,,,,,,,false,1,genie/puppy/distributions.csv,distribution_id,2026.07.19.3
BISCUIT_RELIEF,PUPPY,DIST-0006,beneficiary_program_id,STRING,BEN-006,,,,,,,false,2,genie/puppy/distributions.csv,beneficiary_program_id,2026.07.19.3
BISCUIT_RELIEF,PUPPY,DIST-0006,distributed_at,TIMESTAMP,,,,,,2025-02-25T00:00:00Z,,false,3,genie/puppy/distributions.csv,distributed_at,2026.07.19.3
BISCUIT_RELIEF,PUPPY,DIST-0006,aid_type,STRING,FOOD_BOX,,,,,,,false,4,genie/puppy/distributions.csv,aid_type,2026.07.19.3
BISCUIT_RELIEF,PUPPY,DIST-0006,units_distributed,INTEGER,,23,,,,,,false,5,genie/puppy/distributions.csv,units_distributed,2026.07.19.3
BISCUIT_RELIEF,PUPPY,DIST-0006,estimated_value,DECIMAL,,,1725.00,,,,,false,6,genie/puppy/distributions.csv,estimated_value,2026.07.19.3
BISCUIT_RELIEF,PUPPY,DIST-0006,warehouse_record_id,STRING,WH-0006,,,,,,,false,7,genie/puppy/distributions.csv,warehouse_record_id,2026.07.19.3
BISCUIT_RELIEF,PUPPY,DIST-0006,funding_transaction_id,STRING,TX-AID-006,,,,,,,false,8,genie/puppy/distributions.csv,funding_transaction_id,2026.07.19.3
BISCUIT_RELIEF,PUPPY,DIST-0006,verified_by_record_id,STRING,PR-VIOLET-03,,,,,,,false,9,genie/puppy/distributions.csv,verified_by_record_id,2026.07.19.3
BISCUIT_RELIEF,PUPPY,DIST-0006,source_system_id,STRING,WAREHOUSE_LOG,,,,,,,false,10,genie/puppy/distributions.csv,source_system_id,2026.07.19.3
BISCUIT_RELIEF,PUPPY,DIST-0007,distribution_id,STRING,DIST-0007,,,,,,,false,1,genie/puppy/distributions.csv,distribution_id,2026.07.19.3
BISCUIT_RELIEF,PUPPY,DIST-0007,beneficiary_program_id,STRING,BEN-007,,,,,,,false,2,genie/puppy/distributions.csv,beneficiary_program_id,2026.07.19.3
BISCUIT_RELIEF,PUPPY,DIST-0007,distributed_at,TIMESTAMP,,,,,,2025-02-28T00:00:00Z,,false,3,genie/puppy/distributions.csv,distributed_at,2026.07.19.3
BISCUIT_RELIEF,PUPPY,DIST-0007,aid_type,STRING,BED_KIT,,,,,,,false,4,genie/puppy/distributions.csv,aid_type,2026.07.19.3
BISCUIT_RELIEF,PUPPY,DIST-0007,units_distributed,INTEGER,,26,,,,,,false,5,genie/puppy/distributions.csv,units_distributed,2026.07.19.3
BISCUIT_RELIEF,PUPPY,DIST-0007,estimated_value,DECIMAL,,,2470.00,,,,,false,6,genie/puppy/distributions.csv,estimated_value,2026.07.19.3
BISCUIT_RELIEF,PUPPY,DIST-0007,warehouse_record_id,STRING,WH-0007,,,,,,,false,7,genie/puppy/distributions.csv,warehouse_record_id,2026.07.19.3
BISCUIT_RELIEF,PUPPY,DIST-0007,funding_transaction_id,STRING,TX-AID-007,,,,,,,false,8,genie/puppy/distributions.csv,funding_transaction_id,2026.07.19.3
BISCUIT_RELIEF,PUPPY,DIST-0007,verified_by_record_id,STRING,PR-VIOLET-03,,,,,,,false,9,genie/puppy/distributions.csv,verified_by_record_id,2026.07.19.3
BISCUIT_RELIEF,PUPPY,DIST-0007,source_system_id,STRING,WAREHOUSE_LOG,,,,,,,false,10,genie/puppy/distributions.csv,source_system_id,2026.07.19.3
BISCUIT_RELIEF,PUPPY,DIST-0008,distribution_id,STRING,DIST-0008,,,,,,,false,1,genie/puppy/distributions.csv,distribution_id,2026.07.19.3
BISCUIT_RELIEF,PUPPY,DIST-0008,beneficiary_program_id,STRING,BEN-008,,,,,,,false,2,genie/puppy/distributions.csv,beneficiary_program_id,2026.07.19.3
BISCUIT_RELIEF,PUPPY,DIST-0008,distributed_at,TIMESTAMP,,,,,,2025-03-03T00:00:00Z,,false,3,genie/puppy/distributions.csv,distributed_at,2026.07.19.3
BISCUIT_RELIEF,PUPPY,DIST-0008,aid_type,STRING,HYGIENE_KIT,,,,,,,false,4,genie/puppy/distributions.csv,aid_type,2026.07.19.3
BISCUIT_RELIEF,PUPPY,DIST-0008,units_distributed,INTEGER,,29,,,,,,false,5,genie/puppy/distributions.csv,units_distributed,2026.07.19.3
BISCUIT_RELIEF,PUPPY,DIST-0008,estimated_value,DECIMAL,,,3335.00,,,,,false,6,genie/puppy/distributions.csv,estimated_value,2026.07.19.3
BISCUIT_RELIEF,PUPPY,DIST-0008,warehouse_record_id,STRING,WH-0008,,,,,,,false,7,genie/puppy/distributions.csv,warehouse_record_id,2026.07.19.3
BISCUIT_RELIEF,PUPPY,DIST-0008,funding_transaction_id,STRING,TX-AID-008,,,,,,,false,8,genie/puppy/distributions.csv,funding_transaction_id,2026.07.19.3
BISCUIT_RELIEF,PUPPY,DIST-0008,verified_by_record_id,STRING,PR-VIOLET-03,,,,,,,false,9,genie/puppy/distributions.csv,verified_by_record_id,2026.07.19.3
BISCUIT_RELIEF,PUPPY,DIST-0008,source_system_id,STRING,WAREHOUSE_LOG,,,,,,,false,10,genie/puppy/distributions.csv,source_system_id,2026.07.19.3
BISCUIT_RELIEF,PUPPY,DIST-0009,distribution_id,STRING,DIST-0009,,,,,,,false,1,genie/puppy/distributions.csv,distribution_id,2026.07.19.3
BISCUIT_RELIEF,PUPPY,DIST-0009,beneficiary_program_id,STRING,BEN-009,,,,,,,false,2,genie/puppy/distributions.csv,beneficiary_program_id,2026.07.19.3
BISCUIT_RELIEF,PUPPY,DIST-0009,distributed_at,TIMESTAMP,,,,,,2025-03-06T00:00:00Z,,false,3,genie/puppy/distributions.csv,distributed_at,2026.07.19.3
BISCUIT_RELIEF,PUPPY,DIST-0009,aid_type,STRING,MEDICINE_CRATE,,,,,,,false,4,genie/puppy/distributions.csv,aid_type,2026.07.19.3
BISCUIT_RELIEF,PUPPY,DIST-0009,units_distributed,INTEGER,,32,,,,,,false,5,genie/puppy/distributions.csv,units_distributed,2026.07.19.3
BISCUIT_RELIEF,PUPPY,DIST-0009,estimated_value,DECIMAL,,,4320.00,,,,,false,6,genie/puppy/distributions.csv,estimated_value,2026.07.19.3
BISCUIT_RELIEF,PUPPY,DIST-0009,warehouse_record_id,STRING,WH-0009,,,,,,,false,7,genie/puppy/distributions.csv,warehouse_record_id,2026.07.19.3
BISCUIT_RELIEF,PUPPY,DIST-0009,funding_transaction_id,STRING,TX-AID-009,,,,,,,false,8,genie/puppy/distributions.csv,funding_transaction_id,2026.07.19.3
BISCUIT_RELIEF,PUPPY,DIST-0009,verified_by_record_id,STRING,PR-INGRID-01,,,,,,,false,9,genie/puppy/distributions.csv,verified_by_record_id,2026.07.19.3
BISCUIT_RELIEF,PUPPY,DIST-0009,source_system_id,STRING,WAREHOUSE_LOG,,,,,,,false,10,genie/puppy/distributions.csv,source_system_id,2026.07.19.3
BISCUIT_RELIEF,PUPPY,DIST-0010,distribution_id,STRING,DIST-0010,,,,,,,false,1,genie/puppy/distributions.csv,distribution_id,2026.07.19.3
BISCUIT_RELIEF,PUPPY,DIST-0010,beneficiary_program_id,STRING,BEN-010,,,,,,,false,2,genie/puppy/distributions.csv,beneficiary_program_id,2026.07.19.3
BISCUIT_RELIEF,PUPPY,DIST-0010,distributed_at,TIMESTAMP,,,,,,2025-03-09T00:00:00Z,,false,3,genie/puppy/distributions.csv,distributed_at,2026.07.19.3
BISCUIT_RELIEF,PUPPY,DIST-0010,aid_type,STRING,TRANSPORT_VOUCHER,,,,,,,false,4,genie/puppy/distributions.csv,aid_type,2026.07.19.3
BISCUIT_RELIEF,PUPPY,DIST-0010,units_distributed,INTEGER,,35,,,,,,false,5,genie/puppy/distributions.csv,units_distributed,2026.07.19.3
BISCUIT_RELIEF,PUPPY,DIST-0010,estimated_value,DECIMAL,,,5425.00,,,,,false,6,genie/puppy/distributions.csv,estimated_value,2026.07.19.3
BISCUIT_RELIEF,PUPPY,DIST-0010,warehouse_record_id,STRING,WH-0010,,,,,,,false,7,genie/puppy/distributions.csv,warehouse_record_id,2026.07.19.3
BISCUIT_RELIEF,PUPPY,DIST-0010,funding_transaction_id,STRING,TX-AID-010,,,,,,,false,8,genie/puppy/distributions.csv,funding_transaction_id,2026.07.19.3
BISCUIT_RELIEF,PUPPY,DIST-0010,verified_by_record_id,STRING,PR-VIOLET-03,,,,,,,false,9,genie/puppy/distributions.csv,verified_by_record_id,2026.07.19.3
BISCUIT_RELIEF,PUPPY,DIST-0010,source_system_id,STRING,WAREHOUSE_LOG,,,,,,,false,10,genie/puppy/distributions.csv,source_system_id,2026.07.19.3
BISCUIT_RELIEF,PUPPY,DIST-0011,distribution_id,STRING,DIST-0011,,,,,,,false,1,genie/puppy/distributions.csv,distribution_id,2026.07.19.3
BISCUIT_RELIEF,PUPPY,DIST-0011,beneficiary_program_id,STRING,BEN-011,,,,,,,false,2,genie/puppy/distributions.csv,beneficiary_program_id,2026.07.19.3
BISCUIT_RELIEF,PUPPY,DIST-0011,distributed_at,TIMESTAMP,,,,,,2025-03-12T00:00:00Z,,false,3,genie/puppy/distributions.csv,distributed_at,2026.07.19.3
BISCUIT_RELIEF,PUPPY,DIST-0011,aid_type,STRING,FOOD_BOX,,,,,,,false,4,genie/puppy/distributions.csv,aid_type,2026.07.19.3
BISCUIT_RELIEF,PUPPY,DIST-0011,units_distributed,INTEGER,,38,,,,,,false,5,genie/puppy/distributions.csv,units_distributed,2026.07.19.3
BISCUIT_RELIEF,PUPPY,DIST-0011,estimated_value,DECIMAL,,,2850.00,,,,,false,6,genie/puppy/distributions.csv,estimated_value,2026.07.19.3
BISCUIT_RELIEF,PUPPY,DIST-0011,warehouse_record_id,STRING,WH-0011,,,,,,,false,7,genie/puppy/distributions.csv,warehouse_record_id,2026.07.19.3
BISCUIT_RELIEF,PUPPY,DIST-0011,funding_transaction_id,STRING,TX-AID-011,,,,,,,false,8,genie/puppy/distributions.csv,funding_transaction_id,2026.07.19.3
BISCUIT_RELIEF,PUPPY,DIST-0011,verified_by_record_id,STRING,PR-VIOLET-03,,,,,,,false,9,genie/puppy/distributions.csv,verified_by_record_id,2026.07.19.3
BISCUIT_RELIEF,PUPPY,DIST-0011,source_system_id,STRING,WAREHOUSE_LOG,,,,,,,false,10,genie/puppy/distributions.csv,source_system_id,2026.07.19.3
BISCUIT_RELIEF,PUPPY,DIST-0012,distribution_id,STRING,DIST-0012,,,,,,,false,1,genie/puppy/distributions.csv,distribution_id,2026.07.19.3
BISCUIT_RELIEF,PUPPY,DIST-0012,beneficiary_program_id,STRING,BEN-012,,,,,,,false,2,genie/puppy/distributions.csv,beneficiary_program_id,2026.07.19.3
BISCUIT_RELIEF,PUPPY,DIST-0012,distributed_at,TIMESTAMP,,,,,,2025-03-15T00:00:00Z,,false,3,genie/puppy/distributions.csv,distributed_at,2026.07.19.3
BISCUIT_RELIEF,PUPPY,DIST-0012,aid_type,STRING,BED_KIT,,,,,,,false,4,genie/puppy/distributions.csv,aid_type,2026.07.19.3
BISCUIT_RELIEF,PUPPY,DIST-0012,units_distributed,INTEGER,,41,,,,,,false,5,genie/puppy/distributions.csv,units_distributed,2026.07.19.3
BISCUIT_RELIEF,PUPPY,DIST-0012,estimated_value,DECIMAL,,,3895.00,,,,,false,6,genie/puppy/distributions.csv,estimated_value,2026.07.19.3
BISCUIT_RELIEF,PUPPY,DIST-0012,warehouse_record_id,STRING,WH-0012,,,,,,,false,7,genie/puppy/distributions.csv,warehouse_record_id,2026.07.19.3
BISCUIT_RELIEF,PUPPY,DIST-0012,funding_transaction_id,STRING,TX-AID-012,,,,,,,false,8,genie/puppy/distributions.csv,funding_transaction_id,2026.07.19.3
BISCUIT_RELIEF,PUPPY,DIST-0012,verified_by_record_id,STRING,PR-VIOLET-03,,,,,,,false,9,genie/puppy/distributions.csv,verified_by_record_id,2026.07.19.3
BISCUIT_RELIEF,PUPPY,DIST-0012,source_system_id,STRING,WAREHOUSE_LOG,,,,,,,false,10,genie/puppy/distributions.csv,source_system_id,2026.07.19.3
BISCUIT_RELIEF,PUPPY,DIST-0037,distribution_id,STRING,DIST-0037,,,,,,,false,1,genie/puppy/distributions.csv,distribution_id,2026.07.19.3
BISCUIT_RELIEF,PUPPY,DIST-0037,beneficiary_program_id,STRING,BEN-001,,,,,,,false,2,genie/puppy/distributions.csv,beneficiary_program_id,2026.07.19.3
BISCUIT_RELIEF,PUPPY,DIST-0037,distributed_at,TIMESTAMP,,,,,,2025-05-29T00:00:00Z,,false,3,genie/puppy/distributions.csv,distributed_at,2026.07.19.3
BISCUIT_RELIEF,PUPPY,DIST-0037,aid_type,STRING,BED_KIT,,,,,,,false,4,genie/puppy/distributions.csv,aid_type,2026.07.19.3
BISCUIT_RELIEF,PUPPY,DIST-0037,units_distributed,INTEGER,,8,,,,,,false,5,genie/puppy/distributions.csv,units_distributed,2026.07.19.3
BISCUIT_RELIEF,PUPPY,DIST-0037,estimated_value,DECIMAL,,,760.00,,,,,false,6,genie/puppy/distributions.csv,estimated_value,2026.07.19.3
BISCUIT_RELIEF,PUPPY,DIST-0037,warehouse_record_id,STRING,WH-0037,,,,,,,false,7,genie/puppy/distributions.csv,warehouse_record_id,2026.07.19.3
BISCUIT_RELIEF,PUPPY,DIST-0037,funding_transaction_id,STRING,TX-AID-037,,,,,,,false,8,genie/puppy/distributions.csv,funding_transaction_id,2026.07.19.3
BISCUIT_RELIEF,PUPPY,DIST-0037,verified_by_record_id,STRING,PR-INGRID-01,,,,,,,false,9,genie/puppy/distributions.csv,verified_by_record_id,2026.07.19.3
BISCUIT_RELIEF,PUPPY,DIST-0037,source_system_id,STRING,WAREHOUSE_LOG,,,,,,,false,10,genie/puppy/distributions.csv,source_system_id,2026.07.19.3
BISCUIT_RELIEF,PUPPY,DIST-0038,distribution_id,STRING,DIST-0038,,,,,,,false,1,genie/puppy/distributions.csv,distribution_id,2026.07.19.3
BISCUIT_RELIEF,PUPPY,DIST-0038,beneficiary_program_id,STRING,BEN-002,,,,,,,false,2,genie/puppy/distributions.csv,beneficiary_program_id,2026.07.19.3
BISCUIT_RELIEF,PUPPY,DIST-0038,distributed_at,TIMESTAMP,,,,,,2025-06-01T00:00:00Z,,false,3,genie/puppy/distributions.csv,distributed_at,2026.07.19.3
BISCUIT_RELIEF,PUPPY,DIST-0038,aid_type,STRING,HYGIENE_KIT,,,,,,,false,4,genie/puppy/distributions.csv,aid_type,2026.07.19.3
BISCUIT_RELIEF,PUPPY,DIST-0038,units_distributed,INTEGER,,11,,,,,,false,5,genie/puppy/distributions.csv,units_distributed,2026.07.19.3
BISCUIT_RELIEF,PUPPY,DIST-0038,estimated_value,DECIMAL,,,1265.00,,,,,false,6,genie/puppy/distributions.csv,estimated_value,2026.07.19.3
BISCUIT_RELIEF,PUPPY,DIST-0038,warehouse_record_id,STRING,WH-0038,,,,,,,false,7,genie/puppy/distributions.csv,warehouse_record_id,2026.07.19.3
BISCUIT_RELIEF,PUPPY,DIST-0038,funding_transaction_id,STRING,TX-AID-038,,,,,,,false,8,genie/puppy/distributions.csv,funding_transaction_id,2026.07.19.3
BISCUIT_RELIEF,PUPPY,DIST-0038,verified_by_record_id,STRING,PR-VIOLET-03,,,,,,,false,9,genie/puppy/distributions.csv,verified_by_record_id,2026.07.19.3
BISCUIT_RELIEF,PUPPY,DIST-0038,source_system_id,STRING,WAREHOUSE_LOG,,,,,,,false,10,genie/puppy/distributions.csv,source_system_id,2026.07.19.3
BISCUIT_RELIEF,PUPPY,DIST-0039,distribution_id,STRING,DIST-0039,,,,,,,false,1,genie/puppy/distributions.csv,distribution_id,2026.07.19.3
BISCUIT_RELIEF,PUPPY,DIST-0039,beneficiary_program_id,STRING,BEN-003,,,,,,,false,2,genie/puppy/distributions.csv,beneficiary_program_id,2026.07.19.3
BISCUIT_RELIEF,PUPPY,DIST-0039,distributed_at,TIMESTAMP,,,,,,2025-06-04T00:00:00Z,,false,3,genie/puppy/distributions.csv,distributed_at,2026.07.19.3
BISCUIT_RELIEF,PUPPY,DIST-0039,aid_type,STRING,MEDICINE_CRATE,,,,,,,false,4,genie/puppy/distributions.csv,aid_type,2026.07.19.3
BISCUIT_RELIEF,PUPPY,DIST-0039,units_distributed,INTEGER,,14,,,,,,false,5,genie/puppy/distributions.csv,units_distributed,2026.07.19.3
BISCUIT_RELIEF,PUPPY,DIST-0039,estimated_value,DECIMAL,,,1890.00,,,,,false,6,genie/puppy/distributions.csv,estimated_value,2026.07.19.3
BISCUIT_RELIEF,PUPPY,DIST-0039,warehouse_record_id,STRING,WH-0039,,,,,,,false,7,genie/puppy/distributions.csv,warehouse_record_id,2026.07.19.3
BISCUIT_RELIEF,PUPPY,DIST-0039,funding_transaction_id,STRING,TX-AID-039,,,,,,,false,8,genie/puppy/distributions.csv,funding_transaction_id,2026.07.19.3
BISCUIT_RELIEF,PUPPY,DIST-0039,verified_by_record_id,STRING,PR-VIOLET-03,,,,,,,false,9,genie/puppy/distributions.csv,verified_by_record_id,2026.07.19.3
BISCUIT_RELIEF,PUPPY,DIST-0039,source_system_id,STRING,WAREHOUSE_LOG,,,,,,,false,10,genie/puppy/distributions.csv,source_system_id,2026.07.19.3
BISCUIT_RELIEF,PUPPY,DIST-0040,distribution_id,STRING,DIST-0040,,,,,,,false,1,genie/puppy/distributions.csv,distribution_id,2026.07.19.3
BISCUIT_RELIEF,PUPPY,DIST-0040,beneficiary_program_id,STRING,BEN-004,,,,,,,false,2,genie/puppy/distributions.csv,beneficiary_program_id,2026.07.19.3
BISCUIT_RELIEF,PUPPY,DIST-0040,distributed_at,TIMESTAMP,,,,,,2025-06-07T00:00:00Z,,false,3,genie/puppy/distributions.csv,distributed_at,2026.07.19.3
BISCUIT_RELIEF,PUPPY,DIST-0040,aid_type,STRING,TRANSPORT_VOUCHER,,,,,,,false,4,genie/puppy/distributions.csv,aid_type,2026.07.19.3
BISCUIT_RELIEF,PUPPY,DIST-0040,units_distributed,INTEGER,,17,,,,,,false,5,genie/puppy/distributions.csv,units_distributed,2026.07.19.3
BISCUIT_RELIEF,PUPPY,DIST-0040,estimated_value,DECIMAL,,,2635.00,,,,,false,6,genie/puppy/distributions.csv,estimated_value,2026.07.19.3
BISCUIT_RELIEF,PUPPY,DIST-0040,warehouse_record_id,STRING,WH-0040,,,,,,,false,7,genie/puppy/distributions.csv,warehouse_record_id,2026.07.19.3
BISCUIT_RELIEF,PUPPY,DIST-0040,funding_transaction_id,STRING,TX-AID-040,,,,,,,false,8,genie/puppy/distributions.csv,funding_transaction_id,2026.07.19.3
BISCUIT_RELIEF,PUPPY,DIST-0040,verified_by_record_id,STRING,PR-VIOLET-03,,,,,,,false,9,genie/puppy/distributions.csv,verified_by_record_id,2026.07.19.3
BISCUIT_RELIEF,PUPPY,DIST-0040,source_system_id,STRING,WAREHOUSE_LOG,,,,,,,false,10,genie/puppy/distributions.csv,source_system_id,2026.07.19.3
BISCUIT_RELIEF,PUPPY,DIST-0041,distribution_id,STRING,DIST-0041,,,,,,,false,1,genie/puppy/distributions.csv,distribution_id,2026.07.19.3
BISCUIT_RELIEF,PUPPY,DIST-0041,beneficiary_program_id,STRING,BEN-005,,,,,,,false,2,genie/puppy/distributions.csv,beneficiary_program_id,2026.07.19.3
BISCUIT_RELIEF,PUPPY,DIST-0041,distributed_at,TIMESTAMP,,,,,,2025-06-10T00:00:00Z,,false,3,genie/puppy/distributions.csv,distributed_at,2026.07.19.3
BISCUIT_RELIEF,PUPPY,DIST-0041,aid_type,STRING,FOOD_BOX,,,,,,,false,4,genie/puppy/distributions.csv,aid_type,2026.07.19.3
BISCUIT_RELIEF,PUPPY,DIST-0041,units_distributed,INTEGER,,20,,,,,,false,5,genie/puppy/distributions.csv,units_distributed,2026.07.19.3
BISCUIT_RELIEF,PUPPY,DIST-0041,estimated_value,DECIMAL,,,1500.00,,,,,false,6,genie/puppy/distributions.csv,estimated_value,2026.07.19.3
BISCUIT_RELIEF,PUPPY,DIST-0041,warehouse_record_id,STRING,WH-0041,,,,,,,false,7,genie/puppy/distributions.csv,warehouse_record_id,2026.07.19.3
BISCUIT_RELIEF,PUPPY,DIST-0041,funding_transaction_id,STRING,TX-AID-041,,,,,,,false,8,genie/puppy/distributions.csv,funding_transaction_id,2026.07.19.3
BISCUIT_RELIEF,PUPPY,DIST-0041,verified_by_record_id,STRING,PR-INGRID-01,,,,,,,false,9,genie/puppy/distributions.csv,verified_by_record_id,2026.07.19.3
BISCUIT_RELIEF,PUPPY,DIST-0041,source_system_id,STRING,WAREHOUSE_LOG,,,,,,,false,10,genie/puppy/distributions.csv,source_system_id,2026.07.19.3
BISCUIT_RELIEF,PUPPY,DIST-0042,distribution_id,STRING,DIST-0042,,,,,,,false,1,genie/puppy/distributions.csv,distribution_id,2026.07.19.3
BISCUIT_RELIEF,PUPPY,DIST-0042,beneficiary_program_id,STRING,BEN-006,,,,,,,false,2,genie/puppy/distributions.csv,beneficiary_program_id,2026.07.19.3
BISCUIT_RELIEF,PUPPY,DIST-0042,distributed_at,TIMESTAMP,,,,,,2025-06-13T00:00:00Z,,false,3,genie/puppy/distributions.csv,distributed_at,2026.07.19.3
BISCUIT_RELIEF,PUPPY,DIST-0042,aid_type,STRING,BED_KIT,,,,,,,false,4,genie/puppy/distributions.csv,aid_type,2026.07.19.3
BISCUIT_RELIEF,PUPPY,DIST-0042,units_distributed,INTEGER,,23,,,,,,false,5,genie/puppy/distributions.csv,units_distributed,2026.07.19.3
BISCUIT_RELIEF,PUPPY,DIST-0042,estimated_value,DECIMAL,,,2185.00,,,,,false,6,genie/puppy/distributions.csv,estimated_value,2026.07.19.3
BISCUIT_RELIEF,PUPPY,DIST-0042,warehouse_record_id,STRING,WH-0042,,,,,,,false,7,genie/puppy/distributions.csv,warehouse_record_id,2026.07.19.3
BISCUIT_RELIEF,PUPPY,DIST-0042,funding_transaction_id,STRING,TX-AID-042,,,,,,,false,8,genie/puppy/distributions.csv,funding_transaction_id,2026.07.19.3
BISCUIT_RELIEF,PUPPY,DIST-0042,verified_by_record_id,STRING,PR-VIOLET-03,,,,,,,false,9,genie/puppy/distributions.csv,verified_by_record_id,2026.07.19.3
BISCUIT_RELIEF,PUPPY,DIST-0042,source_system_id,STRING,WAREHOUSE_LOG,,,,,,,false,10,genie/puppy/distributions.csv,source_system_id,2026.07.19.3
BISCUIT_RELIEF,PUPPY,DIST-0043,distribution_id,STRING,DIST-0043,,,,,,,false,1,genie/puppy/distributions.csv,distribution_id,2026.07.19.3
BISCUIT_RELIEF,PUPPY,DIST-0043,beneficiary_program_id,STRING,BEN-007,,,,,,,false,2,genie/puppy/distributions.csv,beneficiary_program_id,2026.07.19.3
BISCUIT_RELIEF,PUPPY,DIST-0043,distributed_at,TIMESTAMP,,,,,,2025-06-16T00:00:00Z,,false,3,genie/puppy/distributions.csv,distributed_at,2026.07.19.3
BISCUIT_RELIEF,PUPPY,DIST-0043,aid_type,STRING,HYGIENE_KIT,,,,,,,false,4,genie/puppy/distributions.csv,aid_type,2026.07.19.3
BISCUIT_RELIEF,PUPPY,DIST-0043,units_distributed,INTEGER,,26,,,,,,false,5,genie/puppy/distributions.csv,units_distributed,2026.07.19.3
BISCUIT_RELIEF,PUPPY,DIST-0043,estimated_value,DECIMAL,,,2990.00,,,,,false,6,genie/puppy/distributions.csv,estimated_value,2026.07.19.3
BISCUIT_RELIEF,PUPPY,DIST-0043,warehouse_record_id,STRING,WH-0043,,,,,,,false,7,genie/puppy/distributions.csv,warehouse_record_id,2026.07.19.3
BISCUIT_RELIEF,PUPPY,DIST-0043,funding_transaction_id,STRING,TX-AID-043,,,,,,,false,8,genie/puppy/distributions.csv,funding_transaction_id,2026.07.19.3
BISCUIT_RELIEF,PUPPY,DIST-0043,verified_by_record_id,STRING,PR-VIOLET-03,,,,,,,false,9,genie/puppy/distributions.csv,verified_by_record_id,2026.07.19.3
BISCUIT_RELIEF,PUPPY,DIST-0043,source_system_id,STRING,WAREHOUSE_LOG,,,,,,,false,10,genie/puppy/distributions.csv,source_system_id,2026.07.19.3
BISCUIT_RELIEF,PUPPY,DIST-0044,distribution_id,STRING,DIST-0044,,,,,,,false,1,genie/puppy/distributions.csv,distribution_id,2026.07.19.3
BISCUIT_RELIEF,PUPPY,DIST-0044,beneficiary_program_id,STRING,BEN-008,,,,,,,false,2,genie/puppy/distributions.csv,beneficiary_program_id,2026.07.19.3
BISCUIT_RELIEF,PUPPY,DIST-0044,distributed_at,TIMESTAMP,,,,,,2025-06-19T00:00:00Z,,false,3,genie/puppy/distributions.csv,distributed_at,2026.07.19.3
BISCUIT_RELIEF,PUPPY,DIST-0044,aid_type,STRING,MEDICINE_CRATE,,,,,,,false,4,genie/puppy/distributions.csv,aid_type,2026.07.19.3
BISCUIT_RELIEF,PUPPY,DIST-0044,units_distributed,INTEGER,,29,,,,,,false,5,genie/puppy/distributions.csv,units_distributed,2026.07.19.3
BISCUIT_RELIEF,PUPPY,DIST-0044,estimated_value,DECIMAL,,,3915.00,,,,,false,6,genie/puppy/distributions.csv,estimated_value,2026.07.19.3
BISCUIT_RELIEF,PUPPY,DIST-0044,warehouse_record_id,STRING,WH-0044,,,,,,,false,7,genie/puppy/distributions.csv,warehouse_record_id,2026.07.19.3
BISCUIT_RELIEF,PUPPY,DIST-0044,funding_transaction_id,STRING,TX-AID-044,,,,,,,false,8,genie/puppy/distributions.csv,funding_transaction_id,2026.07.19.3
BISCUIT_RELIEF,PUPPY,DIST-0044,verified_by_record_id,STRING,PR-VIOLET-03,,,,,,,false,9,genie/puppy/distributions.csv,verified_by_record_id,2026.07.19.3
BISCUIT_RELIEF,PUPPY,DIST-0044,source_system_id,STRING,WAREHOUSE_LOG,,,,,,,false,10,genie/puppy/distributions.csv,source_system_id,2026.07.19.3
BISCUIT_RELIEF,PUPPY,DIST-0045,distribution_id,STRING,DIST-0045,,,,,,,false,1,genie/puppy/distributions.csv,distribution_id,2026.07.19.3
BISCUIT_RELIEF,PUPPY,DIST-0045,beneficiary_program_id,STRING,BEN-009,,,,,,,false,2,genie/puppy/distributions.csv,beneficiary_program_id,2026.07.19.3
BISCUIT_RELIEF,PUPPY,DIST-0045,distributed_at,TIMESTAMP,,,,,,2025-06-22T00:00:00Z,,false,3,genie/puppy/distributions.csv,distributed_at,2026.07.19.3
BISCUIT_RELIEF,PUPPY,DIST-0045,aid_type,STRING,TRANSPORT_VOUCHER,,,,,,,false,4,genie/puppy/distributions.csv,aid_type,2026.07.19.3
BISCUIT_RELIEF,PUPPY,DIST-0045,units_distributed,INTEGER,,32,,,,,,false,5,genie/puppy/distributions.csv,units_distributed,2026.07.19.3
BISCUIT_RELIEF,PUPPY,DIST-0045,estimated_value,DECIMAL,,,4960.00,,,,,false,6,genie/puppy/distributions.csv,estimated_value,2026.07.19.3
BISCUIT_RELIEF,PUPPY,DIST-0045,warehouse_record_id,STRING,WH-0045,,,,,,,false,7,genie/puppy/distributions.csv,warehouse_record_id,2026.07.19.3
BISCUIT_RELIEF,PUPPY,DIST-0045,funding_transaction_id,STRING,TX-AID-045,,,,,,,false,8,genie/puppy/distributions.csv,funding_transaction_id,2026.07.19.3
BISCUIT_RELIEF,PUPPY,DIST-0045,verified_by_record_id,STRING,PR-INGRID-01,,,,,,,false,9,genie/puppy/distributions.csv,verified_by_record_id,2026.07.19.3
BISCUIT_RELIEF,PUPPY,DIST-0045,source_system_id,STRING,WAREHOUSE_LOG,,,,,,,false,10,genie/puppy/distributions.csv,source_system_id,2026.07.19.3
BISCUIT_RELIEF,PUPPY,DOC-001,document_id,STRING,DOC-001,,,,,,,false,1,genie/puppy/documents.csv,document_id,2026.07.19.3
BISCUIT_RELIEF,PUPPY,DOC-001,document_type,STRING,CHARITY_REGISTRATION,,,,,,,false,2,genie/puppy/documents.csv,document_type,2026.07.19.3
BISCUIT_RELIEF,PUPPY,DOC-001,title,STRING,Charity Registration,,,,,,,false,3,genie/puppy/documents.csv,title,2026.07.19.3
BISCUIT_RELIEF,PUPPY,DOC-001,issued_at,DATE,,,,,2024-12-08,,,false,4,genie/puppy/documents.csv,issued_at,2026.07.19.3
BISCUIT_RELIEF,PUPPY,DOC-001,issuer_record_id,STRING,OR-GBRF-01,,,,,,,false,5,genie/puppy/documents.csv,issuer_record_id,2026.07.19.3
BISCUIT_RELIEF,PUPPY,DOC-001,signer_record_id,STRING,PR-ARLO-02,,,,,,,false,6,genie/puppy/documents.csv,signer_record_id,2026.07.19.3
BISCUIT_RELIEF,PUPPY,DOC-001,related_campaign_id,STRING,CAMP-001,,,,,,,false,7,genie/puppy/documents.csv,related_campaign_id,2026.07.19.3
BISCUIT_RELIEF,PUPPY,DOC-001,related_transaction_id,NULL,,,,,,,null,false,8,genie/puppy/documents.csv,related_transaction_id,2026.07.19.3
BISCUIT_RELIEF,PUPPY,DOC-001,related_beneficiary_program_id,NULL,,,,,,,null,false,9,genie/puppy/documents.csv,related_beneficiary_program_id,2026.07.19.3
BISCUIT_RELIEF,PUPPY,DOC-001,document_hash,STRING,d95eea885eed080b774cd339ad2f5532f95eeed3f0d66b0a9d7f36d635f7d938,,,,,,,false,10,genie/puppy/documents.csv,document_hash,2026.07.19.3
BISCUIT_RELIEF,PUPPY,DOC-001,template_id,NULL,,,,,,,null,false,11,genie/puppy/documents.csv,template_id,2026.07.19.3
BISCUIT_RELIEF,PUPPY,DOC-001,source_system_id,STRING,DOCUMENT_REPOSITORY,,,,,,,false,12,genie/puppy/documents.csv,source_system_id,2026.07.19.3
BISCUIT_RELIEF,PUPPY,DOC-002,document_id,STRING,DOC-002,,,,,,,false,1,genie/puppy/documents.csv,document_id,2026.07.19.3
BISCUIT_RELIEF,PUPPY,DOC-002,document_type,STRING,CHARITY_REGISTRATION,,,,,,,false,2,genie/puppy/documents.csv,document_type,2026.07.19.3
BISCUIT_RELIEF,PUPPY,DOC-002,title,STRING,Charity Registration,,,,,,,false,3,genie/puppy/documents.csv,title,2026.07.19.3
BISCUIT_RELIEF,PUPPY,DOC-002,issued_at,DATE,,,,,2024-12-15,,,false,4,genie/puppy/documents.csv,issued_at,2026.07.19.3
BISCUIT_RELIEF,PUPPY,DOC-002,issuer_record_id,STRING,OR-GBRF-01,,,,,,,false,5,genie/puppy/documents.csv,issuer_record_id,2026.07.19.3
BISCUIT_RELIEF,PUPPY,DOC-002,signer_record_id,STRING,PR-ARLO-02,,,,,,,false,6,genie/puppy/documents.csv,signer_record_id,2026.07.19.3
BISCUIT_RELIEF,PUPPY,DOC-002,related_campaign_id,STRING,CAMP-002,,,,,,,false,7,genie/puppy/documents.csv,related_campaign_id,2026.07.19.3
BISCUIT_RELIEF,PUPPY,DOC-002,related_transaction_id,NULL,,,,,,,null,false,8,genie/puppy/documents.csv,related_transaction_id,2026.07.19.3
BISCUIT_RELIEF,PUPPY,DOC-002,related_beneficiary_program_id,NULL,,,,,,,null,false,9,genie/puppy/documents.csv,related_beneficiary_program_id,2026.07.19.3
BISCUIT_RELIEF,PUPPY,DOC-002,document_hash,STRING,cb426170ce52c1654198b3e45736693ee242c692882cc860d57651cba31859b7,,,,,,,false,10,genie/puppy/documents.csv,document_hash,2026.07.19.3
BISCUIT_RELIEF,PUPPY,DOC-002,template_id,NULL,,,,,,,null,false,11,genie/puppy/documents.csv,template_id,2026.07.19.3
BISCUIT_RELIEF,PUPPY,DOC-002,source_system_id,STRING,DOCUMENT_REPOSITORY,,,,,,,false,12,genie/puppy/documents.csv,source_system_id,2026.07.19.3
BISCUIT_RELIEF,PUPPY,DOC-003,document_id,STRING,DOC-003,,,,,,,false,1,genie/puppy/documents.csv,document_id,2026.07.19.3
BISCUIT_RELIEF,PUPPY,DOC-003,document_type,STRING,CHARITY_REGISTRATION,,,,,,,false,2,genie/puppy/documents.csv,document_type,2026.07.19.3
BISCUIT_RELIEF,PUPPY,DOC-003,title,STRING,Charity Registration,,,,,,,false,3,genie/puppy/documents.csv,title,2026.07.19.3
BISCUIT_RELIEF,PUPPY,DOC-003,issued_at,DATE,,,,,2024-12-22,,,false,4,genie/puppy/documents.csv,issued_at,2026.07.19.3
BISCUIT_RELIEF,PUPPY,DOC-003,issuer_record_id,STRING,OR-GBRF-01,,,,,,,false,5,genie/puppy/documents.csv,issuer_record_id,2026.07.19.3
BISCUIT_RELIEF,PUPPY,DOC-003,signer_record_id,STRING,PR-ARLO-02,,,,,,,false,6,genie/puppy/documents.csv,signer_record_id,2026.07.19.3
BISCUIT_RELIEF,PUPPY,DOC-003,related_campaign_id,STRING,CAMP-003,,,,,,,false,7,genie/puppy/documents.csv,related_campaign_id,2026.07.19.3
BISCUIT_RELIEF,PUPPY,DOC-003,related_transaction_id,NULL,,,,,,,null,false,8,genie/puppy/documents.csv,related_transaction_id,2026.07.19.3
BISCUIT_RELIEF,PUPPY,DOC-003,related_beneficiary_program_id,NULL,,,,,,,null,false,9,genie/puppy/documents.csv,related_beneficiary_program_id,2026.07.19.3
BISCUIT_RELIEF,PUPPY,DOC-003,document_hash,STRING,34cfffabb06dbeffde9a8f75d5b24ec37672e42e6381b274bc7e16f091ad04bb,,,,,,,false,10,genie/puppy/documents.csv,document_hash,2026.07.19.3
BISCUIT_RELIEF,PUPPY,DOC-003,template_id,NULL,,,,,,,null,false,11,genie/puppy/documents.csv,template_id,2026.07.19.3
BISCUIT_RELIEF,PUPPY,DOC-003,source_system_id,STRING,DOCUMENT_REPOSITORY,,,,,,,false,12,genie/puppy/documents.csv,source_system_id,2026.07.19.3
BISCUIT_RELIEF,PUPPY,DOC-004,document_id,STRING,DOC-004,,,,,,,false,1,genie/puppy/documents.csv,document_id,2026.07.19.3
BISCUIT_RELIEF,PUPPY,DOC-004,document_type,STRING,CHARITY_REGISTRATION,,,,,,,false,2,genie/puppy/documents.csv,document_type,2026.07.19.3
BISCUIT_RELIEF,PUPPY,DOC-004,title,STRING,Charity Registration,,,,,,,false,3,genie/puppy/documents.csv,title,2026.07.19.3
BISCUIT_RELIEF,PUPPY,DOC-004,issued_at,DATE,,,,,2024-12-29,,,false,4,genie/puppy/documents.csv,issued_at,2026.07.19.3
BISCUIT_RELIEF,PUPPY,DOC-004,issuer_record_id,STRING,OR-GBRF-01,,,,,,,false,5,genie/puppy/documents.csv,issuer_record_id,2026.07.19.3
BISCUIT_RELIEF,PUPPY,DOC-004,signer_record_id,STRING,PR-ARLO-02,,,,,,,false,6,genie/puppy/documents.csv,signer_record_id,2026.07.19.3
BISCUIT_RELIEF,PUPPY,DOC-004,related_campaign_id,STRING,CAMP-004,,,,,,,false,7,genie/puppy/documents.csv,related_campaign_id,2026.07.19.3
BISCUIT_RELIEF,PUPPY,DOC-004,related_transaction_id,NULL,,,,,,,null,false,8,genie/puppy/documents.csv,related_transaction_id,2026.07.19.3
BISCUIT_RELIEF,PUPPY,DOC-004,related_beneficiary_program_id,NULL,,,,,,,null,false,9,genie/puppy/documents.csv,related_beneficiary_program_id,2026.07.19.3
BISCUIT_RELIEF,PUPPY,DOC-004,document_hash,STRING,41b28af9cf73c35be7c6c674f301c701bc4cc4bdf8201bba4c16294385d2f1fd,,,,,,,false,10,genie/puppy/documents.csv,document_hash,2026.07.19.3
BISCUIT_RELIEF,PUPPY,DOC-004,template_id,NULL,,,,,,,null,false,11,genie/puppy/documents.csv,template_id,2026.07.19.3
BISCUIT_RELIEF,PUPPY,DOC-004,source_system_id,STRING,DOCUMENT_REPOSITORY,,,,,,,false,12,genie/puppy/documents.csv,source_system_id,2026.07.19.3
BISCUIT_RELIEF,PUPPY,DOC-005,document_id,STRING,DOC-005,,,,,,,false,1,genie/puppy/documents.csv,document_id,2026.07.19.3
BISCUIT_RELIEF,PUPPY,DOC-005,document_type,STRING,CHARITY_REGISTRATION,,,,,,,false,2,genie/puppy/documents.csv,document_type,2026.07.19.3
BISCUIT_RELIEF,PUPPY,DOC-005,title,STRING,Charity Registration,,,,,,,false,3,genie/puppy/documents.csv,title,2026.07.19.3
BISCUIT_RELIEF,PUPPY,DOC-005,issued_at,DATE,,,,,2025-01-05,,,false,4,genie/puppy/documents.csv,issued_at,2026.07.19.3
BISCUIT_RELIEF,PUPPY,DOC-005,issuer_record_id,STRING,OR-GBRF-01,,,,,,,false,5,genie/puppy/documents.csv,issuer_record_id,2026.07.19.3
BISCUIT_RELIEF,PUPPY,DOC-005,signer_record_id,STRING,PR-ARLO-02,,,,,,,false,6,genie/puppy/documents.csv,signer_record_id,2026.07.19.3
BISCUIT_RELIEF,PUPPY,DOC-005,related_campaign_id,STRING,CAMP-005,,,,,,,false,7,genie/puppy/documents.csv,related_campaign_id,2026.07.19.3
BISCUIT_RELIEF,PUPPY,DOC-005,related_transaction_id,NULL,,,,,,,null,false,8,genie/puppy/documents.csv,related_transaction_id,2026.07.19.3
BISCUIT_RELIEF,PUPPY,DOC-005,related_beneficiary_program_id,NULL,,,,,,,null,false,9,genie/puppy/documents.csv,related_beneficiary_program_id,2026.07.19.3
BISCUIT_RELIEF,PUPPY,DOC-005,document_hash,STRING,b8b75747624cf985c748fb5aaccae7086fdd5a6ebe4797f211e4cc3e03ed3ac9,,,,,,,false,10,genie/puppy/documents.csv,document_hash,2026.07.19.3
BISCUIT_RELIEF,PUPPY,DOC-005,template_id,NULL,,,,,,,null,false,11,genie/puppy/documents.csv,template_id,2026.07.19.3
BISCUIT_RELIEF,PUPPY,DOC-005,source_system_id,STRING,DOCUMENT_REPOSITORY,,,,,,,false,12,genie/puppy/documents.csv,source_system_id,2026.07.19.3
BISCUIT_RELIEF,PUPPY,DOC-006,document_id,STRING,DOC-006,,,,,,,false,1,genie/puppy/documents.csv,document_id,2026.07.19.3
BISCUIT_RELIEF,PUPPY,DOC-006,document_type,STRING,CHARITY_REGISTRATION,,,,,,,false,2,genie/puppy/documents.csv,document_type,2026.07.19.3
BISCUIT_RELIEF,PUPPY,DOC-006,title,STRING,Charity Registration,,,,,,,false,3,genie/puppy/documents.csv,title,2026.07.19.3
BISCUIT_RELIEF,PUPPY,DOC-006,issued_at,DATE,,,,,2025-01-12,,,false,4,genie/puppy/documents.csv,issued_at,2026.07.19.3
BISCUIT_RELIEF,PUPPY,DOC-006,issuer_record_id,STRING,OR-GBRF-01,,,,,,,false,5,genie/puppy/documents.csv,issuer_record_id,2026.07.19.3
BISCUIT_RELIEF,PUPPY,DOC-006,signer_record_id,STRING,PR-ARLO-02,,,,,,,false,6,genie/puppy/documents.csv,signer_record_id,2026.07.19.3
BISCUIT_RELIEF,PUPPY,DOC-006,related_campaign_id,STRING,CAMP-006,,,,,,,false,7,genie/puppy/documents.csv,related_campaign_id,2026.07.19.3
BISCUIT_RELIEF,PUPPY,DOC-006,related_transaction_id,NULL,,,,,,,null,false,8,genie/puppy/documents.csv,related_transaction_id,2026.07.19.3
BISCUIT_RELIEF,PUPPY,DOC-006,related_beneficiary_program_id,NULL,,,,,,,null,false,9,genie/puppy/documents.csv,related_beneficiary_program_id,2026.07.19.3
BISCUIT_RELIEF,PUPPY,DOC-006,document_hash,STRING,1f77c5582a9671eaff65001e5995d0d871de8f85befb6eeff6fb672bf42aa315,,,,,,,false,10,genie/puppy/documents.csv,document_hash,2026.07.19.3
BISCUIT_RELIEF,PUPPY,DOC-006,template_id,NULL,,,,,,,null,false,11,genie/puppy/documents.csv,template_id,2026.07.19.3
BISCUIT_RELIEF,PUPPY,DOC-006,source_system_id,STRING,DOCUMENT_REPOSITORY,,,,,,,false,12,genie/puppy/documents.csv,source_system_id,2026.07.19.3
BISCUIT_RELIEF,PUPPY,DOC-007,document_id,STRING,DOC-007,,,,,,,false,1,genie/puppy/documents.csv,document_id,2026.07.19.3
BISCUIT_RELIEF,PUPPY,DOC-007,document_type,STRING,CHARITY_REGISTRATION,,,,,,,false,2,genie/puppy/documents.csv,document_type,2026.07.19.3
BISCUIT_RELIEF,PUPPY,DOC-007,title,STRING,Charity Registration,,,,,,,false,3,genie/puppy/documents.csv,title,2026.07.19.3
BISCUIT_RELIEF,PUPPY,DOC-007,issued_at,DATE,,,,,2025-01-19,,,false,4,genie/puppy/documents.csv,issued_at,2026.07.19.3
BISCUIT_RELIEF,PUPPY,DOC-007,issuer_record_id,STRING,OR-GBRF-01,,,,,,,false,5,genie/puppy/documents.csv,issuer_record_id,2026.07.19.3
BISCUIT_RELIEF,PUPPY,DOC-007,signer_record_id,STRING,PR-ARLO-02,,,,,,,false,6,genie/puppy/documents.csv,signer_record_id,2026.07.19.3
BISCUIT_RELIEF,PUPPY,DOC-007,related_campaign_id,STRING,CAMP-007,,,,,,,false,7,genie/puppy/documents.csv,related_campaign_id,2026.07.19.3
BISCUIT_RELIEF,PUPPY,DOC-007,related_transaction_id,NULL,,,,,,,null,false,8,genie/puppy/documents.csv,related_transaction_id,2026.07.19.3
BISCUIT_RELIEF,PUPPY,DOC-007,related_beneficiary_program_id,NULL,,,,,,,null,false,9,genie/puppy/documents.csv,related_beneficiary_program_id,2026.07.19.3
BISCUIT_RELIEF,PUPPY,DOC-007,document_hash,STRING,2a8c2f311bd99df9b650a97ffb147a20f81695105662f41c01dbc341d1b0467f,,,,,,,false,10,genie/puppy/documents.csv,document_hash,2026.07.19.3
BISCUIT_RELIEF,PUPPY,DOC-007,template_id,NULL,,,,,,,null,false,11,genie/puppy/documents.csv,template_id,2026.07.19.3
BISCUIT_RELIEF,PUPPY,DOC-007,source_system_id,STRING,DOCUMENT_REPOSITORY,,,,,,,false,12,genie/puppy/documents.csv,source_system_id,2026.07.19.3
BISCUIT_RELIEF,PUPPY,DOC-008,document_id,STRING,DOC-008,,,,,,,false,1,genie/puppy/documents.csv,document_id,2026.07.19.3
BISCUIT_RELIEF,PUPPY,DOC-008,document_type,STRING,CHARITY_REGISTRATION,,,,,,,false,2,genie/puppy/documents.csv,document_type,2026.07.19.3
BISCUIT_RELIEF,PUPPY,DOC-008,title,STRING,Charity Registration,,,,,,,false,3,genie/puppy/documents.csv,title,2026.07.19.3
BISCUIT_RELIEF,PUPPY,DOC-008,issued_at,DATE,,,,,2025-01-26,,,false,4,genie/puppy/documents.csv,issued_at,2026.07.19.3
BISCUIT_RELIEF,PUPPY,DOC-008,issuer_record_id,STRING,OR-GBRF-01,,,,,,,false,5,genie/puppy/documents.csv,issuer_record_id,2026.07.19.3
BISCUIT_RELIEF,PUPPY,DOC-008,signer_record_id,STRING,PR-ARLO-02,,,,,,,false,6,genie/puppy/documents.csv,signer_record_id,2026.07.19.3
BISCUIT_RELIEF,PUPPY,DOC-008,related_campaign_id,STRING,CAMP-008,,,,,,,false,7,genie/puppy/documents.csv,related_campaign_id,2026.07.19.3
BISCUIT_RELIEF,PUPPY,DOC-008,related_transaction_id,NULL,,,,,,,null,false,8,genie/puppy/documents.csv,related_transaction_id,2026.07.19.3
BISCUIT_RELIEF,PUPPY,DOC-008,related_beneficiary_program_id,NULL,,,,,,,null,false,9,genie/puppy/documents.csv,related_beneficiary_program_id,2026.07.19.3
BISCUIT_RELIEF,PUPPY,DOC-008,document_hash,STRING,b913731fe94a5e9a63e1386897b2f3019c826e7d5d60e2722516ff30f01e6cb4,,,,,,,false,10,genie/puppy/documents.csv,document_hash,2026.07.19.3
BISCUIT_RELIEF,PUPPY,DOC-008,template_id,NULL,,,,,,,null,false,11,genie/puppy/documents.csv,template_id,2026.07.19.3
BISCUIT_RELIEF,PUPPY,DOC-008,source_system_id,STRING,DOCUMENT_REPOSITORY,,,,,,,false,12,genie/puppy/documents.csv,source_system_id,2026.07.19.3
BISCUIT_RELIEF,PUPPY,DOC-009,document_id,STRING,DOC-009,,,,,,,false,1,genie/puppy/documents.csv,document_id,2026.07.19.3
BISCUIT_RELIEF,PUPPY,DOC-009,document_type,STRING,CAMPAIGN_PAGE_EXPORT,,,,,,,false,2,genie/puppy/documents.csv,document_type,2026.07.19.3
BISCUIT_RELIEF,PUPPY,DOC-009,title,STRING,Campaign Page Export,,,,,,,false,3,genie/puppy/documents.csv,title,2026.07.19.3
BISCUIT_RELIEF,PUPPY,DOC-009,issued_at,DATE,,,,,2025-02-02,,,false,4,genie/puppy/documents.csv,issued_at,2026.07.19.3
BISCUIT_RELIEF,PUPPY,DOC-009,issuer_record_id,STRING,OR-GBRF-01,,,,,,,false,5,genie/puppy/documents.csv,issuer_record_id,2026.07.19.3
BISCUIT_RELIEF,PUPPY,DOC-009,signer_record_id,STRING,PR-ARLO-02,,,,,,,false,6,genie/puppy/documents.csv,signer_record_id,2026.07.19.3
BISCUIT_RELIEF,PUPPY,DOC-009,related_campaign_id,STRING,CAMP-009,,,,,,,false,7,genie/puppy/documents.csv,related_campaign_id,2026.07.19.3
BISCUIT_RELIEF,PUPPY,DOC-009,related_transaction_id,NULL,,,,,,,null,false,8,genie/puppy/documents.csv,related_transaction_id,2026.07.19.3
BISCUIT_RELIEF,PUPPY,DOC-009,related_beneficiary_program_id,NULL,,,,,,,null,false,9,genie/puppy/documents.csv,related_beneficiary_program_id,2026.07.19.3
BISCUIT_RELIEF,PUPPY,DOC-009,document_hash,STRING,b3088862513908d0e3dcaad1f43ea4d5a5b50fda550e978a76bdd66f0acd9250,,,,,,,false,10,genie/puppy/documents.csv,document_hash,2026.07.19.3
BISCUIT_RELIEF,PUPPY,DOC-009,template_id,STRING,tmpl-relief-v4,,,,,,,false,11,genie/puppy/documents.csv,template_id,2026.07.19.3
BISCUIT_RELIEF,PUPPY,DOC-009,source_system_id,STRING,DOCUMENT_REPOSITORY,,,,,,,false,12,genie/puppy/documents.csv,source_system_id,2026.07.19.3
BISCUIT_RELIEF,PUPPY,DOC-010,document_id,STRING,DOC-010,,,,,,,false,1,genie/puppy/documents.csv,document_id,2026.07.19.3
BISCUIT_RELIEF,PUPPY,DOC-010,document_type,STRING,CAMPAIGN_PAGE_EXPORT,,,,,,,false,2,genie/puppy/documents.csv,document_type,2026.07.19.3
BISCUIT_RELIEF,PUPPY,DOC-010,title,STRING,Campaign Page Export,,,,,,,false,3,genie/puppy/documents.csv,title,2026.07.19.3
BISCUIT_RELIEF,PUPPY,DOC-010,issued_at,DATE,,,,,2025-02-09,,,false,4,genie/puppy/documents.csv,issued_at,2026.07.19.3
BISCUIT_RELIEF,PUPPY,DOC-010,issuer_record_id,STRING,OR-GBRF-01,,,,,,,false,5,genie/puppy/documents.csv,issuer_record_id,2026.07.19.3
BISCUIT_RELIEF,PUPPY,DOC-010,signer_record_id,STRING,PR-ARLO-02,,,,,,,false,6,genie/puppy/documents.csv,signer_record_id,2026.07.19.3
BISCUIT_RELIEF,PUPPY,DOC-010,related_campaign_id,STRING,CAMP-010,,,,,,,false,7,genie/puppy/documents.csv,related_campaign_id,2026.07.19.3
BISCUIT_RELIEF,PUPPY,DOC-010,related_transaction_id,NULL,,,,,,,null,false,8,genie/puppy/documents.csv,related_transaction_id,2026.07.19.3
BISCUIT_RELIEF,PUPPY,DOC-010,related_beneficiary_program_id,NULL,,,,,,,null,false,9,genie/puppy/documents.csv,related_beneficiary_program_id,2026.07.19.3
BISCUIT_RELIEF,PUPPY,DOC-010,document_hash,STRING,38fde82052fdfb399093a8a834ccad262554e1d28cd863755c116c783bd83df3,,,,,,,false,10,genie/puppy/documents.csv,document_hash,2026.07.19.3
BISCUIT_RELIEF,PUPPY,DOC-010,template_id,STRING,tmpl-relief-v4,,,,,,,false,11,genie/puppy/documents.csv,template_id,2026.07.19.3
BISCUIT_RELIEF,PUPPY,DOC-010,source_system_id,STRING,DOCUMENT_REPOSITORY,,,,,,,false,12,genie/puppy/documents.csv,source_system_id,2026.07.19.3
BISCUIT_RELIEF,PUPPY,DOC-011,document_id,STRING,DOC-011,,,,,,,false,1,genie/puppy/documents.csv,document_id,2026.07.19.3
BISCUIT_RELIEF,PUPPY,DOC-011,document_type,STRING,CAMPAIGN_PAGE_EXPORT,,,,,,,false,2,genie/puppy/documents.csv,document_type,2026.07.19.3
BISCUIT_RELIEF,PUPPY,DOC-011,title,STRING,Campaign Page Export,,,,,,,false,3,genie/puppy/documents.csv,title,2026.07.19.3
BISCUIT_RELIEF,PUPPY,DOC-011,issued_at,DATE,,,,,2025-02-16,,,false,4,genie/puppy/documents.csv,issued_at,2026.07.19.3
BISCUIT_RELIEF,PUPPY,DOC-011,issuer_record_id,STRING,OR-GBRF-01,,,,,,,false,5,genie/puppy/documents.csv,issuer_record_id,2026.07.19.3
BISCUIT_RELIEF,PUPPY,DOC-011,signer_record_id,STRING,PR-ARLO-02,,,,,,,false,6,genie/puppy/documents.csv,signer_record_id,2026.07.19.3
BISCUIT_RELIEF,PUPPY,DOC-011,related_campaign_id,STRING,CAMP-011,,,,,,,false,7,genie/puppy/documents.csv,related_campaign_id,2026.07.19.3
BISCUIT_RELIEF,PUPPY,DOC-011,related_transaction_id,NULL,,,,,,,null,false,8,genie/puppy/documents.csv,related_transaction_id,2026.07.19.3
BISCUIT_RELIEF,PUPPY,DOC-011,related_beneficiary_program_id,NULL,,,,,,,null,false,9,genie/puppy/documents.csv,related_beneficiary_program_id,2026.07.19.3
BISCUIT_RELIEF,PUPPY,DOC-011,document_hash,STRING,9d18d0e45223e4e1815bdcc3aca54a0251f50cf080fdfc666bdf18a743321894,,,,,,,false,10,genie/puppy/documents.csv,document_hash,2026.07.19.3
BISCUIT_RELIEF,PUPPY,DOC-011,template_id,STRING,tmpl-relief-v4,,,,,,,false,11,genie/puppy/documents.csv,template_id,2026.07.19.3
BISCUIT_RELIEF,PUPPY,DOC-011,source_system_id,STRING,DOCUMENT_REPOSITORY,,,,,,,false,12,genie/puppy/documents.csv,source_system_id,2026.07.19.3
BISCUIT_RELIEF,PUPPY,DOC-012,document_id,STRING,DOC-012,,,,,,,false,1,genie/puppy/documents.csv,document_id,2026.07.19.3
BISCUIT_RELIEF,PUPPY,DOC-012,document_type,STRING,CAMPAIGN_PAGE_EXPORT,,,,,,,false,2,genie/puppy/documents.csv,document_type,2026.07.19.3
BISCUIT_RELIEF,PUPPY,DOC-012,title,STRING,Campaign Page Export,,,,,,,false,3,genie/puppy/documents.csv,title,2026.07.19.3
BISCUIT_RELIEF,PUPPY,DOC-012,issued_at,DATE,,,,,2025-02-23,,,false,4,genie/puppy/documents.csv,issued_at,2026.07.19.3
BISCUIT_RELIEF,PUPPY,DOC-012,issuer_record_id,STRING,OR-GBRF-01,,,,,,,false,5,genie/puppy/documents.csv,issuer_record_id,2026.07.19.3
BISCUIT_RELIEF,PUPPY,DOC-012,signer_record_id,STRING,PR-ARLO-02,,,,,,,false,6,genie/puppy/documents.csv,signer_record_id,2026.07.19.3
BISCUIT_RELIEF,PUPPY,DOC-012,related_campaign_id,STRING,CAMP-012,,,,,,,false,7,genie/puppy/documents.csv,related_campaign_id,2026.07.19.3
BISCUIT_RELIEF,PUPPY,DOC-012,related_transaction_id,NULL,,,,,,,null,false,8,genie/puppy/documents.csv,related_transaction_id,2026.07.19.3
BISCUIT_RELIEF,PUPPY,DOC-012,related_beneficiary_program_id,NULL,,,,,,,null,false,9,genie/puppy/documents.csv,related_beneficiary_program_id,2026.07.19.3
BISCUIT_RELIEF,PUPPY,DOC-012,document_hash,STRING,bb437fd961f1032c13cc85780e341321748efe7c92878e9f632c9079641fbd94,,,,,,,false,10,genie/puppy/documents.csv,document_hash,2026.07.19.3
BISCUIT_RELIEF,PUPPY,DOC-012,template_id,STRING,tmpl-relief-v4,,,,,,,false,11,genie/puppy/documents.csv,template_id,2026.07.19.3
BISCUIT_RELIEF,PUPPY,DOC-012,source_system_id,STRING,DOCUMENT_REPOSITORY,,,,,,,false,12,genie/puppy/documents.csv,source_system_id,2026.07.19.3
BISCUIT_RELIEF,PUPPY,DOC-013,document_id,STRING,DOC-013,,,,,,,false,1,genie/puppy/documents.csv,document_id,2026.07.19.3
BISCUIT_RELIEF,PUPPY,DOC-013,document_type,STRING,CAMPAIGN_PAGE_EXPORT,,,,,,,false,2,genie/puppy/documents.csv,document_type,2026.07.19.3
BISCUIT_RELIEF,PUPPY,DOC-013,title,STRING,Campaign Page Export,,,,,,,false,3,genie/puppy/documents.csv,title,2026.07.19.3
BISCUIT_RELIEF,PUPPY,DOC-013,issued_at,DATE,,,,,2025-03-02,,,false,4,genie/puppy/documents.csv,issued_at,2026.07.19.3
BISCUIT_RELIEF,PUPPY,DOC-013,issuer_record_id,STRING,OR-GBRF-01,,,,,,,false,5,genie/puppy/documents.csv,issuer_record_id,2026.07.19.3
BISCUIT_RELIEF,PUPPY,DOC-013,signer_record_id,STRING,PR-ARLO-02,,,,,,,false,6,genie/puppy/documents.csv,signer_record_id,2026.07.19.3
BISCUIT_RELIEF,PUPPY,DOC-013,related_campaign_id,STRING,CAMP-013,,,,,,,false,7,genie/puppy/documents.csv,related_campaign_id,2026.07.19.3
BISCUIT_RELIEF,PUPPY,DOC-013,related_transaction_id,NULL,,,,,,,null,false,8,genie/puppy/documents.csv,related_transaction_id,2026.07.19.3
BISCUIT_RELIEF,PUPPY,DOC-013,related_beneficiary_program_id,NULL,,,,,,,null,false,9,genie/puppy/documents.csv,related_beneficiary_program_id,2026.07.19.3
BISCUIT_RELIEF,PUPPY,DOC-013,document_hash,STRING,58c3b6bc7b5a5d357ade0ecad00dac0b7cd58ba2cc3595d0798d4d346f9b4a90,,,,,,,false,10,genie/puppy/documents.csv,document_hash,2026.07.19.3
BISCUIT_RELIEF,PUPPY,DOC-013,template_id,STRING,tmpl-relief-v4,,,,,,,false,11,genie/puppy/documents.csv,template_id,2026.07.19.3
BISCUIT_RELIEF,PUPPY,DOC-013,source_system_id,STRING,DOCUMENT_REPOSITORY,,,,,,,false,12,genie/puppy/documents.csv,source_system_id,2026.07.19.3
BISCUIT_RELIEF,PUPPY,DOC-014,document_id,STRING,DOC-014,,,,,,,false,1,genie/puppy/documents.csv,document_id,2026.07.19.3
BISCUIT_RELIEF,PUPPY,DOC-014,document_type,STRING,CAMPAIGN_PAGE_EXPORT,,,,,,,false,2,genie/puppy/documents.csv,document_type,2026.07.19.3
BISCUIT_RELIEF,PUPPY,DOC-014,title,STRING,Campaign Page Export,,,,,,,false,3,genie/puppy/documents.csv,title,2026.07.19.3
BISCUIT_RELIEF,PUPPY,DOC-014,issued_at,DATE,,,,,2025-03-09,,,false,4,genie/puppy/documents.csv,issued_at,2026.07.19.3
BISCUIT_RELIEF,PUPPY,DOC-014,issuer_record_id,STRING,OR-GBRF-01,,,,,,,false,5,genie/puppy/documents.csv,issuer_record_id,2026.07.19.3
BISCUIT_RELIEF,PUPPY,DOC-014,signer_record_id,STRING,PR-ARLO-02,,,,,,,false,6,genie/puppy/documents.csv,signer_record_id,2026.07.19.3
BISCUIT_RELIEF,PUPPY,DOC-014,related_campaign_id,STRING,CAMP-014,,,,,,,false,7,genie/puppy/documents.csv,related_campaign_id,2026.07.19.3
BISCUIT_RELIEF,PUPPY,DOC-014,related_transaction_id,NULL,,,,,,,null,false,8,genie/puppy/documents.csv,related_transaction_id,2026.07.19.3
BISCUIT_RELIEF,PUPPY,DOC-014,related_beneficiary_program_id,NULL,,,,,,,null,false,9,genie/puppy/documents.csv,related_beneficiary_program_id,2026.07.19.3
BISCUIT_RELIEF,PUPPY,DOC-014,document_hash,STRING,868793f6bba13f25d001e54c4d96c13737cf6f8f40ba8abfcdab53797c0632ac,,,,,,,false,10,genie/puppy/documents.csv,document_hash,2026.07.19.3
BISCUIT_RELIEF,PUPPY,DOC-014,template_id,STRING,tmpl-relief-v4,,,,,,,false,11,genie/puppy/documents.csv,template_id,2026.07.19.3
BISCUIT_RELIEF,PUPPY,DOC-014,source_system_id,STRING,DOCUMENT_REPOSITORY,,,,,,,false,12,genie/puppy/documents.csv,source_system_id,2026.07.19.3
BISCUIT_RELIEF,PUPPY,DOC-015,document_id,STRING,DOC-015,,,,,,,false,1,genie/puppy/documents.csv,document_id,2026.07.19.3
BISCUIT_RELIEF,PUPPY,DOC-015,document_type,STRING,CAMPAIGN_PAGE_EXPORT,,,,,,,false,2,genie/puppy/documents.csv,document_type,2026.07.19.3
BISCUIT_RELIEF,PUPPY,DOC-015,title,STRING,Campaign Page Export,,,,,,,false,3,genie/puppy/documents.csv,title,2026.07.19.3
BISCUIT_RELIEF,PUPPY,DOC-015,issued_at,DATE,,,,,2025-03-16,,,false,4,genie/puppy/documents.csv,issued_at,2026.07.19.3
BISCUIT_RELIEF,PUPPY,DOC-015,issuer_record_id,STRING,OR-GBRF-01,,,,,,,false,5,genie/puppy/documents.csv,issuer_record_id,2026.07.19.3
BISCUIT_RELIEF,PUPPY,DOC-015,signer_record_id,STRING,PR-ARLO-02,,,,,,,false,6,genie/puppy/documents.csv,signer_record_id,2026.07.19.3
BISCUIT_RELIEF,PUPPY,DOC-015,related_campaign_id,STRING,CAMP-015,,,,,,,false,7,genie/puppy/documents.csv,related_campaign_id,2026.07.19.3
BISCUIT_RELIEF,PUPPY,DOC-015,related_transaction_id,NULL,,,,,,,null,false,8,genie/puppy/documents.csv,related_transaction_id,2026.07.19.3
BISCUIT_RELIEF,PUPPY,DOC-015,related_beneficiary_program_id,NULL,,,,,,,null,false,9,genie/puppy/documents.csv,related_beneficiary_program_id,2026.07.19.3
BISCUIT_RELIEF,PUPPY,DOC-015,document_hash,STRING,81795e835871783b4fb0b14d71ccd9c6b99d859b1ff1e8d5b5c6dfffed9b453f,,,,,,,false,10,genie/puppy/documents.csv,document_hash,2026.07.19.3
BISCUIT_RELIEF,PUPPY,DOC-015,template_id,STRING,tmpl-relief-v4,,,,,,,false,11,genie/puppy/documents.csv,template_id,2026.07.19.3
BISCUIT_RELIEF,PUPPY,DOC-015,source_system_id,STRING,DOCUMENT_REPOSITORY,,,,,,,false,12,genie/puppy/documents.csv,source_system_id,2026.07.19.3
BISCUIT_RELIEF,PUPPY,DOC-016,document_id,STRING,DOC-016,,,,,,,false,1,genie/puppy/documents.csv,document_id,2026.07.19.3
BISCUIT_RELIEF,PUPPY,DOC-016,document_type,STRING,CAMPAIGN_PAGE_EXPORT,,,,,,,false,2,genie/puppy/documents.csv,document_type,2026.07.19.3
BISCUIT_RELIEF,PUPPY,DOC-016,title,STRING,Campaign Page Export,,,,,,,false,3,genie/puppy/documents.csv,title,2026.07.19.3
BISCUIT_RELIEF,PUPPY,DOC-016,issued_at,DATE,,,,,2025-03-23,,,false,4,genie/puppy/documents.csv,issued_at,2026.07.19.3
BISCUIT_RELIEF,PUPPY,DOC-016,issuer_record_id,STRING,OR-GBRF-01,,,,,,,false,5,genie/puppy/documents.csv,issuer_record_id,2026.07.19.3
BISCUIT_RELIEF,PUPPY,DOC-016,signer_record_id,STRING,PR-ARLO-02,,,,,,,false,6,genie/puppy/documents.csv,signer_record_id,2026.07.19.3
BISCUIT_RELIEF,PUPPY,DOC-016,related_campaign_id,STRING,CAMP-016,,,,,,,false,7,genie/puppy/documents.csv,related_campaign_id,2026.07.19.3
BISCUIT_RELIEF,PUPPY,DOC-016,related_transaction_id,NULL,,,,,,,null,false,8,genie/puppy/documents.csv,related_transaction_id,2026.07.19.3
BISCUIT_RELIEF,PUPPY,DOC-016,related_beneficiary_program_id,NULL,,,,,,,null,false,9,genie/puppy/documents.csv,related_beneficiary_program_id,2026.07.19.3
BISCUIT_RELIEF,PUPPY,DOC-016,document_hash,STRING,d6928ba27aa215f531ee2738f10bf123ed03c168b558bff419d32c9cb4dca5d2,,,,,,,false,10,genie/puppy/documents.csv,document_hash,2026.07.19.3
BISCUIT_RELIEF,PUPPY,DOC-016,template_id,STRING,tmpl-relief-v4,,,,,,,false,11,genie/puppy/documents.csv,template_id,2026.07.19.3
BISCUIT_RELIEF,PUPPY,DOC-016,source_system_id,STRING,DOCUMENT_REPOSITORY,,,,,,,false,12,genie/puppy/documents.csv,source_system_id,2026.07.19.3
BISCUIT_RELIEF,PUPPY,DOC-017,document_id,STRING,DOC-017,,,,,,,false,1,genie/puppy/documents.csv,document_id,2026.07.19.3
BISCUIT_RELIEF,PUPPY,DOC-017,document_type,STRING,CAMPAIGN_PAGE_EXPORT,,,,,,,false,2,genie/puppy/documents.csv,document_type,2026.07.19.3
BISCUIT_RELIEF,PUPPY,DOC-017,title,STRING,Campaign Page Export,,,,,,,false,3,genie/puppy/documents.csv,title,2026.07.19.3
BISCUIT_RELIEF,PUPPY,DOC-017,issued_at,DATE,,,,,2025-03-30,,,false,4,genie/puppy/documents.csv,issued_at,2026.07.19.3
BISCUIT_RELIEF,PUPPY,DOC-017,issuer_record_id,STRING,OR-GBRF-01,,,,,,,false,5,genie/puppy/documents.csv,issuer_record_id,2026.07.19.3
BISCUIT_RELIEF,PUPPY,DOC-017,signer_record_id,STRING,PR-ARLO-02,,,,,,,false,6,genie/puppy/documents.csv,signer_record_id,2026.07.19.3
BISCUIT_RELIEF,PUPPY,DOC-017,related_campaign_id,STRING,CAMP-017,,,,,,,false,7,genie/puppy/documents.csv,related_campaign_id,2026.07.19.3
BISCUIT_RELIEF,PUPPY,DOC-017,related_transaction_id,NULL,,,,,,,null,false,8,genie/puppy/documents.csv,related_transaction_id,2026.07.19.3
BISCUIT_RELIEF,PUPPY,DOC-017,related_beneficiary_program_id,NULL,,,,,,,null,false,9,genie/puppy/documents.csv,related_beneficiary_program_id,2026.07.19.3
BISCUIT_RELIEF,PUPPY,DOC-017,document_hash,STRING,f06a77014f594d61f1e44075bcaba5e75a6095f7d5fca6f3c3e2623f0d7cea55,,,,,,,false,10,genie/puppy/documents.csv,document_hash,2026.07.19.3
BISCUIT_RELIEF,PUPPY,DOC-017,template_id,STRING,tmpl-relief-v4,,,,,,,false,11,genie/puppy/documents.csv,template_id,2026.07.19.3
BISCUIT_RELIEF,PUPPY,DOC-017,source_system_id,STRING,DOCUMENT_REPOSITORY,,,,,,,false,12,genie/puppy/documents.csv,source_system_id,2026.07.19.3
BISCUIT_RELIEF,PUPPY,DOC-018,document_id,STRING,DOC-018,,,,,,,false,1,genie/puppy/documents.csv,document_id,2026.07.19.3
BISCUIT_RELIEF,PUPPY,DOC-018,document_type,STRING,CAMPAIGN_PAGE_EXPORT,,,,,,,false,2,genie/puppy/documents.csv,document_type,2026.07.19.3
BISCUIT_RELIEF,PUPPY,DOC-018,title,STRING,Campaign Page Export,,,,,,,false,3,genie/puppy/documents.csv,title,2026.07.19.3
BISCUIT_RELIEF,PUPPY,DOC-018,issued_at,DATE,,,,,2025-04-06,,,false,4,genie/puppy/documents.csv,issued_at,2026.07.19.3
BISCUIT_RELIEF,PUPPY,DOC-018,issuer_record_id,STRING,OR-GBRF-01,,,,,,,false,5,genie/puppy/documents.csv,issuer_record_id,2026.07.19.3
BISCUIT_RELIEF,PUPPY,DOC-018,signer_record_id,STRING,PR-ARLO-02,,,,,,,false,6,genie/puppy/documents.csv,signer_record_id,2026.07.19.3
BISCUIT_RELIEF,PUPPY,DOC-018,related_campaign_id,STRING,CAMP-018,,,,,,,false,7,genie/puppy/documents.csv,related_campaign_id,2026.07.19.3
BISCUIT_RELIEF,PUPPY,DOC-018,related_transaction_id,NULL,,,,,,,null,false,8,genie/puppy/documents.csv,related_transaction_id,2026.07.19.3
BISCUIT_RELIEF,PUPPY,DOC-018,related_beneficiary_program_id,NULL,,,,,,,null,false,9,genie/puppy/documents.csv,related_beneficiary_program_id,2026.07.19.3
BISCUIT_RELIEF,PUPPY,DOC-018,document_hash,STRING,599f69b1cf45b5d4ed33364f9d107ac11dd0f868ba36b8160918ece90d67e5a6,,,,,,,false,10,genie/puppy/documents.csv,document_hash,2026.07.19.3
BISCUIT_RELIEF,PUPPY,DOC-018,template_id,STRING,tmpl-relief-v4,,,,,,,false,11,genie/puppy/documents.csv,template_id,2026.07.19.3
BISCUIT_RELIEF,PUPPY,DOC-018,source_system_id,STRING,DOCUMENT_REPOSITORY,,,,,,,false,12,genie/puppy/documents.csv,source_system_id,2026.07.19.3
BISCUIT_RELIEF,PUPPY,DOC-019,document_id,STRING,DOC-019,,,,,,,false,1,genie/puppy/documents.csv,document_id,2026.07.19.3
BISCUIT_RELIEF,PUPPY,DOC-019,document_type,STRING,CAMPAIGN_PAGE_EXPORT,,,,,,,false,2,genie/puppy/documents.csv,document_type,2026.07.19.3
BISCUIT_RELIEF,PUPPY,DOC-019,title,STRING,Campaign Page Export,,,,,,,false,3,genie/puppy/documents.csv,title,2026.07.19.3
BISCUIT_RELIEF,PUPPY,DOC-019,issued_at,DATE,,,,,2025-04-13,,,false,4,genie/puppy/documents.csv,issued_at,2026.07.19.3
BISCUIT_RELIEF,PUPPY,DOC-019,issuer_record_id,STRING,OR-GBRF-01,,,,,,,false,5,genie/puppy/documents.csv,issuer_record_id,2026.07.19.3
BISCUIT_RELIEF,PUPPY,DOC-019,signer_record_id,STRING,PR-ARLO-02,,,,,,,false,6,genie/puppy/documents.csv,signer_record_id,2026.07.19.3
BISCUIT_RELIEF,PUPPY,DOC-019,related_campaign_id,STRING,CAMP-019,,,,,,,false,7,genie/puppy/documents.csv,related_campaign_id,2026.07.19.3
BISCUIT_RELIEF,PUPPY,DOC-019,related_transaction_id,NULL,,,,,,,null,false,8,genie/puppy/documents.csv,related_transaction_id,2026.07.19.3
BISCUIT_RELIEF,PUPPY,DOC-019,related_beneficiary_program_id,NULL,,,,,,,null,false,9,genie/puppy/documents.csv,related_beneficiary_program_id,2026.07.19.3
BISCUIT_RELIEF,PUPPY,DOC-019,document_hash,STRING,4f57b9380a94744141aeeb4f7a02bb9a9998ab10d5074ca5539628f0e72d0e45,,,,,,,false,10,genie/puppy/documents.csv,document_hash,2026.07.19.3
BISCUIT_RELIEF,PUPPY,DOC-019,template_id,STRING,tmpl-relief-v4,,,,,,,false,11,genie/puppy/documents.csv,template_id,2026.07.19.3
BISCUIT_RELIEF,PUPPY,DOC-019,source_system_id,STRING,DOCUMENT_REPOSITORY,,,,,,,false,12,genie/puppy/documents.csv,source_system_id,2026.07.19.3
BISCUIT_RELIEF,PUPPY,DOC-020,document_id,STRING,DOC-020,,,,,,,false,1,genie/puppy/documents.csv,document_id,2026.07.19.3
BISCUIT_RELIEF,PUPPY,DOC-020,document_type,STRING,CAMPAIGN_PAGE_EXPORT,,,,,,,false,2,genie/puppy/documents.csv,document_type,2026.07.19.3
BISCUIT_RELIEF,PUPPY,DOC-020,title,STRING,Campaign Page Export,,,,,,,false,3,genie/puppy/documents.csv,title,2026.07.19.3
BISCUIT_RELIEF,PUPPY,DOC-020,issued_at,DATE,,,,,2025-04-20,,,false,4,genie/puppy/documents.csv,issued_at,2026.07.19.3
BISCUIT_RELIEF,PUPPY,DOC-020,issuer_record_id,STRING,OR-GBRF-01,,,,,,,false,5,genie/puppy/documents.csv,issuer_record_id,2026.07.19.3
BISCUIT_RELIEF,PUPPY,DOC-020,signer_record_id,STRING,PR-ARLO-02,,,,,,,false,6,genie/puppy/documents.csv,signer_record_id,2026.07.19.3
BISCUIT_RELIEF,PUPPY,DOC-020,related_campaign_id,STRING,CAMP-020,,,,,,,false,7,genie/puppy/documents.csv,related_campaign_id,2026.07.19.3
BISCUIT_RELIEF,PUPPY,DOC-020,related_transaction_id,NULL,,,,,,,null,false,8,genie/puppy/documents.csv,related_transaction_id,2026.07.19.3
BISCUIT_RELIEF,PUPPY,DOC-020,related_beneficiary_program_id,NULL,,,,,,,null,false,9,genie/puppy/documents.csv,related_beneficiary_program_id,2026.07.19.3
BISCUIT_RELIEF,PUPPY,DOC-020,document_hash,STRING,e494bc340f85a8b7f2a3efd141fc14074c5e51a9ebf69d902b600ea35867b41c,,,,,,,false,10,genie/puppy/documents.csv,document_hash,2026.07.19.3
BISCUIT_RELIEF,PUPPY,DOC-020,template_id,STRING,tmpl-relief-v4,,,,,,,false,11,genie/puppy/documents.csv,template_id,2026.07.19.3
BISCUIT_RELIEF,PUPPY,DOC-020,source_system_id,STRING,DOCUMENT_REPOSITORY,,,,,,,false,12,genie/puppy/documents.csv,source_system_id,2026.07.19.3
BISCUIT_RELIEF,PUPPY,DOC-021,document_id,STRING,DOC-021,,,,,,,false,1,genie/puppy/documents.csv,document_id,2026.07.19.3
BISCUIT_RELIEF,PUPPY,DOC-021,document_type,STRING,PROCESSOR_STATEMENT,,,,,,,false,2,genie/puppy/documents.csv,document_type,2026.07.19.3
BISCUIT_RELIEF,PUPPY,DOC-021,title,STRING,Processor Statement,,,,,,,false,3,genie/puppy/documents.csv,title,2026.07.19.3
BISCUIT_RELIEF,PUPPY,DOC-021,issued_at,DATE,,,,,2025-04-27,,,false,4,genie/puppy/documents.csv,issued_at,2026.07.19.3
BISCUIT_RELIEF,PUPPY,DOC-021,issuer_record_id,STRING,OR-PROCESSOR-01,,,,,,,false,5,genie/puppy/documents.csv,issuer_record_id,2026.07.19.3
BISCUIT_RELIEF,PUPPY,DOC-021,signer_record_id,STRING,PR-PRIYA-01,,,,,,,false,6,genie/puppy/documents.csv,signer_record_id,2026.07.19.3
BISCUIT_RELIEF,PUPPY,DOC-021,related_campaign_id,STRING,CAMP-021,,,,,,,false,7,genie/puppy/documents.csv,related_campaign_id,2026.07.19.3
BISCUIT_RELIEF,PUPPY,DOC-021,related_transaction_id,STRING,TX-SET-0021,,,,,,,false,8,genie/puppy/documents.csv,related_transaction_id,2026.07.19.3
BISCUIT_RELIEF,PUPPY,DOC-021,related_beneficiary_program_id,NULL,,,,,,,null,false,9,genie/puppy/documents.csv,related_beneficiary_program_id,2026.07.19.3
BISCUIT_RELIEF,PUPPY,DOC-021,document_hash,STRING,65cb1c38ae7c476b228ddc3449c7a4ee5cf16e0f0145aa3159a3c63f7b2cb27d,,,,,,,false,10,genie/puppy/documents.csv,document_hash,2026.07.19.3
BISCUIT_RELIEF,PUPPY,DOC-021,template_id,NULL,,,,,,,null,false,11,genie/puppy/documents.csv,template_id,2026.07.19.3
BISCUIT_RELIEF,PUPPY,DOC-021,source_system_id,STRING,DOCUMENT_REPOSITORY,,,,,,,false,12,genie/puppy/documents.csv,source_system_id,2026.07.19.3
BISCUIT_RELIEF,PUPPY,DOC-022,document_id,STRING,DOC-022,,,,,,,false,1,genie/puppy/documents.csv,document_id,2026.07.19.3
BISCUIT_RELIEF,PUPPY,DOC-022,document_type,STRING,PROCESSOR_STATEMENT,,,,,,,false,2,genie/puppy/documents.csv,document_type,2026.07.19.3
BISCUIT_RELIEF,PUPPY,DOC-022,title,STRING,Processor Statement,,,,,,,false,3,genie/puppy/documents.csv,title,2026.07.19.3
BISCUIT_RELIEF,PUPPY,DOC-022,issued_at,DATE,,,,,2025-05-04,,,false,4,genie/puppy/documents.csv,issued_at,2026.07.19.3
BISCUIT_RELIEF,PUPPY,DOC-022,issuer_record_id,STRING,OR-PROCESSOR-01,,,,,,,false,5,genie/puppy/documents.csv,issuer_record_id,2026.07.19.3
BISCUIT_RELIEF,PUPPY,DOC-022,signer_record_id,STRING,PR-PRIYA-01,,,,,,,false,6,genie/puppy/documents.csv,signer_record_id,2026.07.19.3
BISCUIT_RELIEF,PUPPY,DOC-022,related_campaign_id,STRING,CAMP-022,,,,,,,false,7,genie/puppy/documents.csv,related_campaign_id,2026.07.19.3
BISCUIT_RELIEF,PUPPY,DOC-022,related_transaction_id,STRING,TX-SET-0022,,,,,,,false,8,genie/puppy/documents.csv,related_transaction_id,2026.07.19.3
BISCUIT_RELIEF,PUPPY,DOC-022,related_beneficiary_program_id,NULL,,,,,,,null,false,9,genie/puppy/documents.csv,related_beneficiary_program_id,2026.07.19.3
BISCUIT_RELIEF,PUPPY,DOC-022,document_hash,STRING,5f50ae2eabf9b6dfcf3a85a76347228c54c9ee1c27c1387088280ed6200094d8,,,,,,,false,10,genie/puppy/documents.csv,document_hash,2026.07.19.3
BISCUIT_RELIEF,PUPPY,DOC-022,template_id,NULL,,,,,,,null,false,11,genie/puppy/documents.csv,template_id,2026.07.19.3
BISCUIT_RELIEF,PUPPY,DOC-022,source_system_id,STRING,DOCUMENT_REPOSITORY,,,,,,,false,12,genie/puppy/documents.csv,source_system_id,2026.07.19.3
BISCUIT_RELIEF,PUPPY,DOC-023,document_id,STRING,DOC-023,,,,,,,false,1,genie/puppy/documents.csv,document_id,2026.07.19.3
BISCUIT_RELIEF,PUPPY,DOC-023,document_type,STRING,PROCESSOR_STATEMENT,,,,,,,false,2,genie/puppy/documents.csv,document_type,2026.07.19.3
BISCUIT_RELIEF,PUPPY,DOC-023,title,STRING,Processor Statement,,,,,,,false,3,genie/puppy/documents.csv,title,2026.07.19.3
BISCUIT_RELIEF,PUPPY,DOC-023,issued_at,DATE,,,,,2025-05-11,,,false,4,genie/puppy/documents.csv,issued_at,2026.07.19.3
BISCUIT_RELIEF,PUPPY,DOC-023,issuer_record_id,STRING,OR-PROCESSOR-01,,,,,,,false,5,genie/puppy/documents.csv,issuer_record_id,2026.07.19.3
BISCUIT_RELIEF,PUPPY,DOC-023,signer_record_id,STRING,PR-PRIYA-01,,,,,,,false,6,genie/puppy/documents.csv,signer_record_id,2026.07.19.3
BISCUIT_RELIEF,PUPPY,DOC-023,related_campaign_id,STRING,CAMP-023,,,,,,,false,7,genie/puppy/documents.csv,related_campaign_id,2026.07.19.3
BISCUIT_RELIEF,PUPPY,DOC-023,related_transaction_id,STRING,TX-SET-0023,,,,,,,false,8,genie/puppy/documents.csv,related_transaction_id,2026.07.19.3
BISCUIT_RELIEF,PUPPY,DOC-023,related_beneficiary_program_id,NULL,,,,,,,null,false,9,genie/puppy/documents.csv,related_beneficiary_program_id,2026.07.19.3
BISCUIT_RELIEF,PUPPY,DOC-023,document_hash,STRING,37ffa18c879e4b6dc3ed0d2cfaab9a9bc932c5ccae27bb27b8d27ee8d8723244,,,,,,,false,10,genie/puppy/documents.csv,document_hash,2026.07.19.3
BISCUIT_RELIEF,PUPPY,DOC-023,template_id,NULL,,,,,,,null,false,11,genie/puppy/documents.csv,template_id,2026.07.19.3
BISCUIT_RELIEF,PUPPY,DOC-023,source_system_id,STRING,DOCUMENT_REPOSITORY,,,,,,,false,12,genie/puppy/documents.csv,source_system_id,2026.07.19.3
BISCUIT_RELIEF,PUPPY,DOC-024,document_id,STRING,DOC-024,,,,,,,false,1,genie/puppy/documents.csv,document_id,2026.07.19.3
BISCUIT_RELIEF,PUPPY,DOC-024,document_type,STRING,PROCESSOR_STATEMENT,,,,,,,false,2,genie/puppy/documents.csv,document_type,2026.07.19.3
BISCUIT_RELIEF,PUPPY,DOC-024,title,STRING,Processor Statement,,,,,,,false,3,genie/puppy/documents.csv,title,2026.07.19.3
BISCUIT_RELIEF,PUPPY,DOC-024,issued_at,DATE,,,,,2025-05-18,,,false,4,genie/puppy/documents.csv,issued_at,2026.07.19.3
BISCUIT_RELIEF,PUPPY,DOC-024,issuer_record_id,STRING,OR-PROCESSOR-01,,,,,,,false,5,genie/puppy/documents.csv,issuer_record_id,2026.07.19.3
BISCUIT_RELIEF,PUPPY,DOC-024,signer_record_id,STRING,PR-PRIYA-01,,,,,,,false,6,genie/puppy/documents.csv,signer_record_id,2026.07.19.3
BISCUIT_RELIEF,PUPPY,DOC-024,related_campaign_id,STRING,CAMP-024,,,,,,,false,7,genie/puppy/documents.csv,related_campaign_id,2026.07.19.3
BISCUIT_RELIEF,PUPPY,DOC-024,related_transaction_id,STRING,TX-SET-0024,,,,,,,false,8,genie/puppy/documents.csv,related_transaction_id,2026.07.19.3
BISCUIT_RELIEF,PUPPY,DOC-024,related_beneficiary_program_id,NULL,,,,,,,null,false,9,genie/puppy/documents.csv,related_beneficiary_program_id,2026.07.19.3
BISCUIT_RELIEF,PUPPY,DOC-024,document_hash,STRING,a983b91068e3b865a13ca144deb149a36903c7d29c029501ce0843b093f6eab5,,,,,,,false,10,genie/puppy/documents.csv,document_hash,2026.07.19.3
BISCUIT_RELIEF,PUPPY,DOC-024,template_id,NULL,,,,,,,null,false,11,genie/puppy/documents.csv,template_id,2026.07.19.3
BISCUIT_RELIEF,PUPPY,DOC-024,source_system_id,STRING,DOCUMENT_REPOSITORY,,,,,,,false,12,genie/puppy/documents.csv,source_system_id,2026.07.19.3
BISCUIT_RELIEF,PUPPY,DOC-025,document_id,STRING,DOC-025,,,,,,,false,1,genie/puppy/documents.csv,document_id,2026.07.19.3
BISCUIT_RELIEF,PUPPY,DOC-025,document_type,STRING,PROCESSOR_STATEMENT,,,,,,,false,2,genie/puppy/documents.csv,document_type,2026.07.19.3
BISCUIT_RELIEF,PUPPY,DOC-025,title,STRING,Processor Statement,,,,,,,false,3,genie/puppy/documents.csv,title,2026.07.19.3
BISCUIT_RELIEF,PUPPY,DOC-025,issued_at,DATE,,,,,2025-05-25,,,false,4,genie/puppy/documents.csv,issued_at,2026.07.19.3
BISCUIT_RELIEF,PUPPY,DOC-025,issuer_record_id,STRING,OR-PROCESSOR-01,,,,,,,false,5,genie/puppy/documents.csv,issuer_record_id,2026.07.19.3
BISCUIT_RELIEF,PUPPY,DOC-025,signer_record_id,STRING,PR-PRIYA-01,,,,,,,false,6,genie/puppy/documents.csv,signer_record_id,2026.07.19.3
BISCUIT_RELIEF,PUPPY,DOC-025,related_campaign_id,STRING,CAMP-025,,,,,,,false,7,genie/puppy/documents.csv,related_campaign_id,2026.07.19.3
BISCUIT_RELIEF,PUPPY,DOC-025,related_transaction_id,STRING,TX-SET-0025,,,,,,,false,8,genie/puppy/documents.csv,related_transaction_id,2026.07.19.3
BISCUIT_RELIEF,PUPPY,DOC-025,related_beneficiary_program_id,NULL,,,,,,,null,false,9,genie/puppy/documents.csv,related_beneficiary_program_id,2026.07.19.3
BISCUIT_RELIEF,PUPPY,DOC-025,document_hash,STRING,cee1f5ca211559e4fb57ba1355d789cee4c9fb49beb8a0460f609ff39ac8ede4,,,,,,,false,10,genie/puppy/documents.csv,document_hash,2026.07.19.3
BISCUIT_RELIEF,PUPPY,DOC-025,template_id,NULL,,,,,,,null,false,11,genie/puppy/documents.csv,template_id,2026.07.19.3
BISCUIT_RELIEF,PUPPY,DOC-025,source_system_id,STRING,DOCUMENT_REPOSITORY,,,,,,,false,12,genie/puppy/documents.csv,source_system_id,2026.07.19.3
BISCUIT_RELIEF,PUPPY,DOC-026,document_id,STRING,DOC-026,,,,,,,false,1,genie/puppy/documents.csv,document_id,2026.07.19.3
BISCUIT_RELIEF,PUPPY,DOC-026,document_type,STRING,PROCESSOR_STATEMENT,,,,,,,false,2,genie/puppy/documents.csv,document_type,2026.07.19.3
BISCUIT_RELIEF,PUPPY,DOC-026,title,STRING,Processor Statement,,,,,,,false,3,genie/puppy/documents.csv,title,2026.07.19.3
BISCUIT_RELIEF,PUPPY,DOC-026,issued_at,DATE,,,,,2025-06-01,,,false,4,genie/puppy/documents.csv,issued_at,2026.07.19.3
BISCUIT_RELIEF,PUPPY,DOC-026,issuer_record_id,STRING,OR-PROCESSOR-01,,,,,,,false,5,genie/puppy/documents.csv,issuer_record_id,2026.07.19.3
BISCUIT_RELIEF,PUPPY,DOC-026,signer_record_id,STRING,PR-PRIYA-01,,,,,,,false,6,genie/puppy/documents.csv,signer_record_id,2026.07.19.3
BISCUIT_RELIEF,PUPPY,DOC-026,related_campaign_id,STRING,CAMP-026,,,,,,,false,7,genie/puppy/documents.csv,related_campaign_id,2026.07.19.3
BISCUIT_RELIEF,PUPPY,DOC-026,related_transaction_id,STRING,TX-SET-0026,,,,,,,false,8,genie/puppy/documents.csv,related_transaction_id,2026.07.19.3
BISCUIT_RELIEF,PUPPY,DOC-026,related_beneficiary_program_id,NULL,,,,,,,null,false,9,genie/puppy/documents.csv,related_beneficiary_program_id,2026.07.19.3
BISCUIT_RELIEF,PUPPY,DOC-026,document_hash,STRING,e9c9a69884a0afded71140b92fc5e5f94fc394bc1176b108a4c54d36384ba21f,,,,,,,false,10,genie/puppy/documents.csv,document_hash,2026.07.19.3
BISCUIT_RELIEF,PUPPY,DOC-026,template_id,NULL,,,,,,,null,false,11,genie/puppy/documents.csv,template_id,2026.07.19.3
BISCUIT_RELIEF,PUPPY,DOC-026,source_system_id,STRING,DOCUMENT_REPOSITORY,,,,,,,false,12,genie/puppy/documents.csv,source_system_id,2026.07.19.3
BISCUIT_RELIEF,PUPPY,DOC-027,document_id,STRING,DOC-027,,,,,,,false,1,genie/puppy/documents.csv,document_id,2026.07.19.3
BISCUIT_RELIEF,PUPPY,DOC-027,document_type,STRING,PROCESSOR_STATEMENT,,,,,,,false,2,genie/puppy/documents.csv,document_type,2026.07.19.3
BISCUIT_RELIEF,PUPPY,DOC-027,title,STRING,Processor Statement,,,,,,,false,3,genie/puppy/documents.csv,title,2026.07.19.3
BISCUIT_RELIEF,PUPPY,DOC-027,issued_at,DATE,,,,,2025-06-08,,,false,4,genie/puppy/documents.csv,issued_at,2026.07.19.3
BISCUIT_RELIEF,PUPPY,DOC-027,issuer_record_id,STRING,OR-PROCESSOR-01,,,,,,,false,5,genie/puppy/documents.csv,issuer_record_id,2026.07.19.3
BISCUIT_RELIEF,PUPPY,DOC-027,signer_record_id,STRING,PR-PRIYA-01,,,,,,,false,6,genie/puppy/documents.csv,signer_record_id,2026.07.19.3
BISCUIT_RELIEF,PUPPY,DOC-027,related_campaign_id,STRING,CAMP-027,,,,,,,false,7,genie/puppy/documents.csv,related_campaign_id,2026.07.19.3
BISCUIT_RELIEF,PUPPY,DOC-027,related_transaction_id,STRING,TX-SET-0027,,,,,,,false,8,genie/puppy/documents.csv,related_transaction_id,2026.07.19.3
BISCUIT_RELIEF,PUPPY,DOC-027,related_beneficiary_program_id,NULL,,,,,,,null,false,9,genie/puppy/documents.csv,related_beneficiary_program_id,2026.07.19.3
BISCUIT_RELIEF,PUPPY,DOC-027,document_hash,STRING,26dcca8085b4245a56a17d456f69b452af7daf572743b69641e23f397d11db78,,,,,,,false,10,genie/puppy/documents.csv,document_hash,2026.07.19.3
BISCUIT_RELIEF,PUPPY,DOC-027,template_id,NULL,,,,,,,null,false,11,genie/puppy/documents.csv,template_id,2026.07.19.3
BISCUIT_RELIEF,PUPPY,DOC-027,source_system_id,STRING,DOCUMENT_REPOSITORY,,,,,,,false,12,genie/puppy/documents.csv,source_system_id,2026.07.19.3
BISCUIT_RELIEF,PUPPY,DOC-028,document_id,STRING,DOC-028,,,,,,,false,1,genie/puppy/documents.csv,document_id,2026.07.19.3
BISCUIT_RELIEF,PUPPY,DOC-028,document_type,STRING,PROCESSOR_STATEMENT,,,,,,,false,2,genie/puppy/documents.csv,document_type,2026.07.19.3
BISCUIT_RELIEF,PUPPY,DOC-028,title,STRING,Processor Statement,,,,,,,false,3,genie/puppy/documents.csv,title,2026.07.19.3
BISCUIT_RELIEF,PUPPY,DOC-028,issued_at,DATE,,,,,2025-06-15,,,false,4,genie/puppy/documents.csv,issued_at,2026.07.19.3
BISCUIT_RELIEF,PUPPY,DOC-028,issuer_record_id,STRING,OR-PROCESSOR-01,,,,,,,false,5,genie/puppy/documents.csv,issuer_record_id,2026.07.19.3
BISCUIT_RELIEF,PUPPY,DOC-028,signer_record_id,STRING,PR-PRIYA-01,,,,,,,false,6,genie/puppy/documents.csv,signer_record_id,2026.07.19.3
BISCUIT_RELIEF,PUPPY,DOC-028,related_campaign_id,STRING,CAMP-028,,,,,,,false,7,genie/puppy/documents.csv,related_campaign_id,2026.07.19.3
BISCUIT_RELIEF,PUPPY,DOC-028,related_transaction_id,STRING,TX-SET-0028,,,,,,,false,8,genie/puppy/documents.csv,related_transaction_id,2026.07.19.3
BISCUIT_RELIEF,PUPPY,DOC-028,related_beneficiary_program_id,NULL,,,,,,,null,false,9,genie/puppy/documents.csv,related_beneficiary_program_id,2026.07.19.3
BISCUIT_RELIEF,PUPPY,DOC-028,document_hash,STRING,24de306d4b5030556768c6ce1a98d1fa7ad46de3c139f9ae6bed8a0299bce5ef,,,,,,,false,10,genie/puppy/documents.csv,document_hash,2026.07.19.3
BISCUIT_RELIEF,PUPPY,DOC-028,template_id,NULL,,,,,,,null,false,11,genie/puppy/documents.csv,template_id,2026.07.19.3
BISCUIT_RELIEF,PUPPY,DOC-028,source_system_id,STRING,DOCUMENT_REPOSITORY,,,,,,,false,12,genie/puppy/documents.csv,source_system_id,2026.07.19.3
BISCUIT_RELIEF,PUPPY,DOC-029,document_id,STRING,DOC-029,,,,,,,false,1,genie/puppy/documents.csv,document_id,2026.07.19.3
BISCUIT_RELIEF,PUPPY,DOC-029,document_type,STRING,PROCESSOR_STATEMENT,,,,,,,false,2,genie/puppy/documents.csv,document_type,2026.07.19.3
BISCUIT_RELIEF,PUPPY,DOC-029,title,STRING,Processor Statement,,,,,,,false,3,genie/puppy/documents.csv,title,2026.07.19.3
BISCUIT_RELIEF,PUPPY,DOC-029,issued_at,DATE,,,,,2025-06-22,,,false,4,genie/puppy/documents.csv,issued_at,2026.07.19.3
BISCUIT_RELIEF,PUPPY,DOC-029,issuer_record_id,STRING,OR-PROCESSOR-01,,,,,,,false,5,genie/puppy/documents.csv,issuer_record_id,2026.07.19.3
BISCUIT_RELIEF,PUPPY,DOC-029,signer_record_id,STRING,PR-PRIYA-01,,,,,,,false,6,genie/puppy/documents.csv,signer_record_id,2026.07.19.3
BISCUIT_RELIEF,PUPPY,DOC-029,related_campaign_id,STRING,CAMP-029,,,,,,,false,7,genie/puppy/documents.csv,related_campaign_id,2026.07.19.3
BISCUIT_RELIEF,PUPPY,DOC-029,related_transaction_id,STRING,TX-SET-0029,,,,,,,false,8,genie/puppy/documents.csv,related_transaction_id,2026.07.19.3
BISCUIT_RELIEF,PUPPY,DOC-029,related_beneficiary_program_id,NULL,,,,,,,null,false,9,genie/puppy/documents.csv,related_beneficiary_program_id,2026.07.19.3
BISCUIT_RELIEF,PUPPY,DOC-029,document_hash,STRING,10197138b01b6114e276ad39d602c60ac05e0f712a88f265e2bf8a4f83d85be3,,,,,,,false,10,genie/puppy/documents.csv,document_hash,2026.07.19.3
BISCUIT_RELIEF,PUPPY,DOC-029,template_id,NULL,,,,,,,null,false,11,genie/puppy/documents.csv,template_id,2026.07.19.3
BISCUIT_RELIEF,PUPPY,DOC-029,source_system_id,STRING,DOCUMENT_REPOSITORY,,,,,,,false,12,genie/puppy/documents.csv,source_system_id,2026.07.19.3
BISCUIT_RELIEF,PUPPY,DOC-030,document_id,STRING,DOC-030,,,,,,,false,1,genie/puppy/documents.csv,document_id,2026.07.19.3
BISCUIT_RELIEF,PUPPY,DOC-030,document_type,STRING,PROCESSOR_STATEMENT,,,,,,,false,2,genie/puppy/documents.csv,document_type,2026.07.19.3
BISCUIT_RELIEF,PUPPY,DOC-030,title,STRING,Processor Statement,,,,,,,false,3,genie/puppy/documents.csv,title,2026.07.19.3
BISCUIT_RELIEF,PUPPY,DOC-030,issued_at,DATE,,,,,2025-06-29,,,false,4,genie/puppy/documents.csv,issued_at,2026.07.19.3
BISCUIT_RELIEF,PUPPY,DOC-030,issuer_record_id,STRING,OR-PROCESSOR-01,,,,,,,false,5,genie/puppy/documents.csv,issuer_record_id,2026.07.19.3
BISCUIT_RELIEF,PUPPY,DOC-030,signer_record_id,STRING,PR-PRIYA-01,,,,,,,false,6,genie/puppy/documents.csv,signer_record_id,2026.07.19.3
BISCUIT_RELIEF,PUPPY,DOC-030,related_campaign_id,STRING,CAMP-030,,,,,,,false,7,genie/puppy/documents.csv,related_campaign_id,2026.07.19.3
BISCUIT_RELIEF,PUPPY,DOC-030,related_transaction_id,STRING,TX-SET-0030,,,,,,,false,8,genie/puppy/documents.csv,related_transaction_id,2026.07.19.3
BISCUIT_RELIEF,PUPPY,DOC-030,related_beneficiary_program_id,NULL,,,,,,,null,false,9,genie/puppy/documents.csv,related_beneficiary_program_id,2026.07.19.3
BISCUIT_RELIEF,PUPPY,DOC-030,document_hash,STRING,7951c5a506d8bc576814ffad4598ad6d03db175e39168204eec6878d7820051b,,,,,,,false,10,genie/puppy/documents.csv,document_hash,2026.07.19.3
BISCUIT_RELIEF,PUPPY,DOC-030,template_id,NULL,,,,,,,null,false,11,genie/puppy/documents.csv,template_id,2026.07.19.3
BISCUIT_RELIEF,PUPPY,DOC-030,source_system_id,STRING,DOCUMENT_REPOSITORY,,,,,,,false,12,genie/puppy/documents.csv,source_system_id,2026.07.19.3
BISCUIT_RELIEF,PUPPY,DOC-031,document_id,STRING,DOC-031,,,,,,,false,1,genie/puppy/documents.csv,document_id,2026.07.19.3
BISCUIT_RELIEF,PUPPY,DOC-031,document_type,STRING,PROCESSOR_STATEMENT,,,,,,,false,2,genie/puppy/documents.csv,document_type,2026.07.19.3
BISCUIT_RELIEF,PUPPY,DOC-031,title,STRING,Processor Statement,,,,,,,false,3,genie/puppy/documents.csv,title,2026.07.19.3
BISCUIT_RELIEF,PUPPY,DOC-031,issued_at,DATE,,,,,2025-07-06,,,false,4,genie/puppy/documents.csv,issued_at,2026.07.19.3
BISCUIT_RELIEF,PUPPY,DOC-031,issuer_record_id,STRING,OR-PROCESSOR-01,,,,,,,false,5,genie/puppy/documents.csv,issuer_record_id,2026.07.19.3
BISCUIT_RELIEF,PUPPY,DOC-031,signer_record_id,STRING,PR-PRIYA-01,,,,,,,false,6,genie/puppy/documents.csv,signer_record_id,2026.07.19.3
BISCUIT_RELIEF,PUPPY,DOC-031,related_campaign_id,STRING,CAMP-031,,,,,,,false,7,genie/puppy/documents.csv,related_campaign_id,2026.07.19.3
BISCUIT_RELIEF,PUPPY,DOC-031,related_transaction_id,STRING,TX-SET-0031,,,,,,,false,8,genie/puppy/documents.csv,related_transaction_id,2026.07.19.3
BISCUIT_RELIEF,PUPPY,DOC-031,related_beneficiary_program_id,NULL,,,,,,,null,false,9,genie/puppy/documents.csv,related_beneficiary_program_id,2026.07.19.3
BISCUIT_RELIEF,PUPPY,DOC-031,document_hash,STRING,7a69255d790c33b53b1ce18944db9ed13f25a139915d3a59e1adcb2dc659afa5,,,,,,,false,10,genie/puppy/documents.csv,document_hash,2026.07.19.3
BISCUIT_RELIEF,PUPPY,DOC-031,template_id,NULL,,,,,,,null,false,11,genie/puppy/documents.csv,template_id,2026.07.19.3
BISCUIT_RELIEF,PUPPY,DOC-031,source_system_id,STRING,DOCUMENT_REPOSITORY,,,,,,,false,12,genie/puppy/documents.csv,source_system_id,2026.07.19.3
BISCUIT_RELIEF,PUPPY,DOC-032,document_id,STRING,DOC-032,,,,,,,false,1,genie/puppy/documents.csv,document_id,2026.07.19.3
BISCUIT_RELIEF,PUPPY,DOC-032,document_type,STRING,PROCESSOR_STATEMENT,,,,,,,false,2,genie/puppy/documents.csv,document_type,2026.07.19.3
BISCUIT_RELIEF,PUPPY,DOC-032,title,STRING,Processor Statement,,,,,,,false,3,genie/puppy/documents.csv,title,2026.07.19.3
BISCUIT_RELIEF,PUPPY,DOC-032,issued_at,DATE,,,,,2025-07-13,,,false,4,genie/puppy/documents.csv,issued_at,2026.07.19.3
BISCUIT_RELIEF,PUPPY,DOC-032,issuer_record_id,STRING,OR-PROCESSOR-01,,,,,,,false,5,genie/puppy/documents.csv,issuer_record_id,2026.07.19.3
BISCUIT_RELIEF,PUPPY,DOC-032,signer_record_id,STRING,PR-PRIYA-01,,,,,,,false,6,genie/puppy/documents.csv,signer_record_id,2026.07.19.3
BISCUIT_RELIEF,PUPPY,DOC-032,related_campaign_id,STRING,CAMP-032,,,,,,,false,7,genie/puppy/documents.csv,related_campaign_id,2026.07.19.3
BISCUIT_RELIEF,PUPPY,DOC-032,related_transaction_id,STRING,TX-SET-0032,,,,,,,false,8,genie/puppy/documents.csv,related_transaction_id,2026.07.19.3
BISCUIT_RELIEF,PUPPY,DOC-032,related_beneficiary_program_id,NULL,,,,,,,null,false,9,genie/puppy/documents.csv,related_beneficiary_program_id,2026.07.19.3
BISCUIT_RELIEF,PUPPY,DOC-032,document_hash,STRING,ed08fc36e26a76174e2574cf13d9434a908c5cd3c984da0a1901b78a208f3575,,,,,,,false,10,genie/puppy/documents.csv,document_hash,2026.07.19.3
BISCUIT_RELIEF,PUPPY,DOC-032,template_id,NULL,,,,,,,null,false,11,genie/puppy/documents.csv,template_id,2026.07.19.3
BISCUIT_RELIEF,PUPPY,DOC-032,source_system_id,STRING,DOCUMENT_REPOSITORY,,,,,,,false,12,genie/puppy/documents.csv,source_system_id,2026.07.19.3
BISCUIT_RELIEF,PUPPY,DOC-033,document_id,STRING,DOC-033,,,,,,,false,1,genie/puppy/documents.csv,document_id,2026.07.19.3
BISCUIT_RELIEF,PUPPY,DOC-033,document_type,STRING,BENEFICIARY_LEDGER_EXPORT,,,,,,,false,2,genie/puppy/documents.csv,document_type,2026.07.19.3
BISCUIT_RELIEF,PUPPY,DOC-033,title,STRING,Beneficiary Ledger Export,,,,,,,false,3,genie/puppy/documents.csv,title,2026.07.19.3
BISCUIT_RELIEF,PUPPY,DOC-033,issued_at,DATE,,,,,2025-07-20,,,false,4,genie/puppy/documents.csv,issued_at,2026.07.19.3
BISCUIT_RELIEF,PUPPY,DOC-033,issuer_record_id,STRING,OR-PAWBRIDGE-02,,,,,,,false,5,genie/puppy/documents.csv,issuer_record_id,2026.07.19.3
BISCUIT_RELIEF,PUPPY,DOC-033,signer_record_id,STRING,PR-BENNY-01,,,,,,,false,6,genie/puppy/documents.csv,signer_record_id,2026.07.19.3
BISCUIT_RELIEF,PUPPY,DOC-033,related_campaign_id,STRING,CAMP-033,,,,,,,false,7,genie/puppy/documents.csv,related_campaign_id,2026.07.19.3
BISCUIT_RELIEF,PUPPY,DOC-033,related_transaction_id,NULL,,,,,,,null,false,8,genie/puppy/documents.csv,related_transaction_id,2026.07.19.3
BISCUIT_RELIEF,PUPPY,DOC-033,related_beneficiary_program_id,STRING,BEN-033,,,,,,,false,9,genie/puppy/documents.csv,related_beneficiary_program_id,2026.07.19.3
BISCUIT_RELIEF,PUPPY,DOC-033,document_hash,STRING,c62f4cff866518d677f383e11ed15396079488708067170ee03d102f6467a23c,,,,,,,false,10,genie/puppy/documents.csv,document_hash,2026.07.19.3
BISCUIT_RELIEF,PUPPY,DOC-033,template_id,STRING,tmpl-beneficiary-ledger-v2,,,,,,,false,11,genie/puppy/documents.csv,template_id,2026.07.19.3
BISCUIT_RELIEF,PUPPY,DOC-033,source_system_id,STRING,DOCUMENT_REPOSITORY,,,,,,,false,12,genie/puppy/documents.csv,source_system_id,2026.07.19.3
BISCUIT_RELIEF,PUPPY,DOC-034,document_id,STRING,DOC-034,,,,,,,false,1,genie/puppy/documents.csv,document_id,2026.07.19.3
BISCUIT_RELIEF,PUPPY,DOC-034,document_type,STRING,BENEFICIARY_LEDGER_EXPORT,,,,,,,false,2,genie/puppy/documents.csv,document_type,2026.07.19.3
BISCUIT_RELIEF,PUPPY,DOC-034,title,STRING,Beneficiary Ledger Export,,,,,,,false,3,genie/puppy/documents.csv,title,2026.07.19.3
BISCUIT_RELIEF,PUPPY,DOC-034,issued_at,DATE,,,,,2025-07-27,,,false,4,genie/puppy/documents.csv,issued_at,2026.07.19.3
BISCUIT_RELIEF,PUPPY,DOC-034,issuer_record_id,STRING,OR-HARBOR-02,,,,,,,false,5,genie/puppy/documents.csv,issuer_record_id,2026.07.19.3
BISCUIT_RELIEF,PUPPY,DOC-034,signer_record_id,STRING,PR-INGRID-01,,,,,,,false,6,genie/puppy/documents.csv,signer_record_id,2026.07.19.3
BISCUIT_RELIEF,PUPPY,DOC-034,related_campaign_id,STRING,CAMP-034,,,,,,,false,7,genie/puppy/documents.csv,related_campaign_id,2026.07.19.3
BISCUIT_RELIEF,PUPPY,DOC-034,related_transaction_id,NULL,,,,,,,null,false,8,genie/puppy/documents.csv,related_transaction_id,2026.07.19.3
BISCUIT_RELIEF,PUPPY,DOC-034,related_beneficiary_program_id,STRING,BEN-034,,,,,,,false,9,genie/puppy/documents.csv,related_beneficiary_program_id,2026.07.19.3
BISCUIT_RELIEF,PUPPY,DOC-034,document_hash,STRING,aa385c3afaabef9b52e102e6603aa99257f71a22aa83b16c901f9510944ae6cc,,,,,,,false,10,genie/puppy/documents.csv,document_hash,2026.07.19.3
BISCUIT_RELIEF,PUPPY,DOC-034,template_id,STRING,tmpl-beneficiary-ledger-v2,,,,,,,false,11,genie/puppy/documents.csv,template_id,2026.07.19.3
BISCUIT_RELIEF,PUPPY,DOC-034,source_system_id,STRING,DOCUMENT_REPOSITORY,,,,,,,false,12,genie/puppy/documents.csv,source_system_id,2026.07.19.3
BISCUIT_RELIEF,PUPPY,DOC-035,document_id,STRING,DOC-035,,,,,,,false,1,genie/puppy/documents.csv,document_id,2026.07.19.3
BISCUIT_RELIEF,PUPPY,DOC-035,document_type,STRING,BENEFICIARY_LEDGER_EXPORT,,,,,,,false,2,genie/puppy/documents.csv,document_type,2026.07.19.3
BISCUIT_RELIEF,PUPPY,DOC-035,title,STRING,Beneficiary Ledger Export,,,,,,,false,3,genie/puppy/documents.csv,title,2026.07.19.3
BISCUIT_RELIEF,PUPPY,DOC-035,issued_at,DATE,,,,,2025-08-03,,,false,4,genie/puppy/documents.csv,issued_at,2026.07.19.3
BISCUIT_RELIEF,PUPPY,DOC-035,issuer_record_id,STRING,OR-WARM-02,,,,,,,false,5,genie/puppy/documents.csv,issuer_record_id,2026.07.19.3
BISCUIT_RELIEF,PUPPY,DOC-035,signer_record_id,STRING,PR-INGRID-01,,,,,,,false,6,genie/puppy/documents.csv,signer_record_id,2026.07.19.3
BISCUIT_RELIEF,PUPPY,DOC-035,related_campaign_id,STRING,CAMP-035,,,,,,,false,7,genie/puppy/documents.csv,related_campaign_id,2026.07.19.3
BISCUIT_RELIEF,PUPPY,DOC-035,related_transaction_id,NULL,,,,,,,null,false,8,genie/puppy/documents.csv,related_transaction_id,2026.07.19.3
BISCUIT_RELIEF,PUPPY,DOC-035,related_beneficiary_program_id,STRING,BEN-035,,,,,,,false,9,genie/puppy/documents.csv,related_beneficiary_program_id,2026.07.19.3
BISCUIT_RELIEF,PUPPY,DOC-035,document_hash,STRING,1bf3411aaef9cf17272be6ec6653e441a45238e7d9d78a0ba1aa07b929d6075d,,,,,,,false,10,genie/puppy/documents.csv,document_hash,2026.07.19.3
BISCUIT_RELIEF,PUPPY,DOC-035,template_id,STRING,tmpl-beneficiary-ledger-v2,,,,,,,false,11,genie/puppy/documents.csv,template_id,2026.07.19.3
BISCUIT_RELIEF,PUPPY,DOC-035,source_system_id,STRING,DOCUMENT_REPOSITORY,,,,,,,false,12,genie/puppy/documents.csv,source_system_id,2026.07.19.3
BISCUIT_RELIEF,PUPPY,DON-00001,donation_id,STRING,DON-00001,,,,,,,false,1,genie/puppy/donations.csv,donation_id,2026.07.19.3
BISCUIT_RELIEF,PUPPY,DON-00001,donor_record_id,STRING,PR-HOPE-03,,,,,,,false,2,genie/puppy/donations.csv,donor_record_id,2026.07.19.3
BISCUIT_RELIEF,PUPPY,DON-00001,donation_page_id,STRING,PAGE-001,,,,,,,false,3,genie/puppy/donations.csv,donation_page_id,2026.07.19.3
BISCUIT_RELIEF,PUPPY,DON-00001,campaign_id,STRING,CAMP-001,,,,,,,false,4,genie/puppy/donations.csv,campaign_id,2026.07.19.3
BISCUIT_RELIEF,PUPPY,DON-00001,donated_at,TIMESTAMP,,,,,,2025-01-15T10:00:00Z,,false,5,genie/puppy/donations.csv,donated_at,2026.07.19.3
BISCUIT_RELIEF,PUPPY,DON-00001,amount,DECIMAL,,,21500.00,,,,,false,6,genie/puppy/donations.csv,amount,2026.07.19.3
BISCUIT_RELIEF,PUPPY,DON-00001,currency,STRING,BSC,,,,,,,false,7,genie/puppy/donations.csv,currency,2026.07.19.3
BISCUIT_RELIEF,PUPPY,DON-00001,processor_merchant_id,STRING,MER-6104,,,,,,,false,8,genie/puppy/donations.csv,processor_merchant_id,2026.07.19.3
BISCUIT_RELIEF,PUPPY,DON-00001,source_account_id,STRING,A-HOPE-2031,,,,,,,false,9,genie/puppy/donations.csv,source_account_id,2026.07.19.3
BISCUIT_RELIEF,PUPPY,DON-00001,processor_clearing_account_id,STRING,A-PROC-6104,,,,,,,false,10,genie/puppy/donations.csv,processor_clearing_account_id,2026.07.19.3
BISCUIT_RELIEF,PUPPY,DON-00001,donor_message,STRING,Please use this for emergency food and shelter.,,,,,,,false,11,genie/puppy/donations.csv,donor_message,2026.07.19.3
BISCUIT_RELIEF,PUPPY,DON-00001,source_system_id,STRING,PAYMENT_PROCESSOR,,,,,,,false,12,genie/puppy/donations.csv,source_system_id,2026.07.19.3
BISCUIT_RELIEF,PUPPY,DON-00002,donation_id,STRING,DON-00002,,,,,,,false,1,genie/puppy/donations.csv,donation_id,2026.07.19.3
BISCUIT_RELIEF,PUPPY,DON-00002,donor_record_id,STRING,PR-LEO-01,,,,,,,false,2,genie/puppy/donations.csv,donor_record_id,2026.07.19.3
BISCUIT_RELIEF,PUPPY,DON-00002,donation_page_id,STRING,PAGE-002,,,,,,,false,3,genie/puppy/donations.csv,donation_page_id,2026.07.19.3
BISCUIT_RELIEF,PUPPY,DON-00002,campaign_id,STRING,CAMP-002,,,,,,,false,4,genie/puppy/donations.csv,campaign_id,2026.07.19.3
BISCUIT_RELIEF,PUPPY,DON-00002,donated_at,TIMESTAMP,,,,,,2025-01-16T00:00:00Z,,false,5,genie/puppy/donations.csv,donated_at,2026.07.19.3
BISCUIT_RELIEF,PUPPY,DON-00002,amount,DECIMAL,,,2150.00,,,,,false,6,genie/puppy/donations.csv,amount,2026.07.19.3
BISCUIT_RELIEF,PUPPY,DON-00002,currency,STRING,BSC,,,,,,,false,7,genie/puppy/donations.csv,currency,2026.07.19.3
BISCUIT_RELIEF,PUPPY,DON-00002,processor_merchant_id,STRING,MER-6104,,,,,,,false,8,genie/puppy/donations.csv,processor_merchant_id,2026.07.19.3
BISCUIT_RELIEF,PUPPY,DON-00002,source_account_id,STRING,A-LEO-2062,,,,,,,false,9,genie/puppy/donations.csv,source_account_id,2026.07.19.3
BISCUIT_RELIEF,PUPPY,DON-00002,processor_clearing_account_id,STRING,A-PROC-6104,,,,,,,false,10,genie/puppy/donations.csv,processor_clearing_account_id,2026.07.19.3
BISCUIT_RELIEF,PUPPY,DON-00002,donor_message,NULL,,,,,,,null,false,11,genie/puppy/donations.csv,donor_message,2026.07.19.3
BISCUIT_RELIEF,PUPPY,DON-00002,source_system_id,STRING,PAYMENT_PROCESSOR,,,,,,,false,12,genie/puppy/donations.csv,source_system_id,2026.07.19.3
BISCUIT_RELIEF,PUPPY,DON-00003,donation_id,STRING,DON-00003,,,,,,,false,1,genie/puppy/donations.csv,donation_id,2026.07.19.3
BISCUIT_RELIEF,PUPPY,DON-00003,donor_record_id,STRING,PR-RUBY-01,,,,,,,false,2,genie/puppy/donations.csv,donor_record_id,2026.07.19.3
BISCUIT_RELIEF,PUPPY,DON-00003,donation_page_id,STRING,PAGE-003,,,,,,,false,3,genie/puppy/donations.csv,donation_page_id,2026.07.19.3
BISCUIT_RELIEF,PUPPY,DON-00003,campaign_id,STRING,CAMP-003,,,,,,,false,4,genie/puppy/donations.csv,campaign_id,2026.07.19.3
BISCUIT_RELIEF,PUPPY,DON-00003,donated_at,TIMESTAMP,,,,,,2025-01-16T14:00:00Z,,false,5,genie/puppy/donations.csv,donated_at,2026.07.19.3
BISCUIT_RELIEF,PUPPY,DON-00003,amount,DECIMAL,,,2800.00,,,,,false,6,genie/puppy/donations.csv,amount,2026.07.19.3
BISCUIT_RELIEF,PUPPY,DON-00003,currency,STRING,BSC,,,,,,,false,7,genie/puppy/donations.csv,currency,2026.07.19.3
BISCUIT_RELIEF,PUPPY,DON-00003,processor_merchant_id,STRING,MER-6104,,,,,,,false,8,genie/puppy/donations.csv,processor_merchant_id,2026.07.19.3
BISCUIT_RELIEF,PUPPY,DON-00003,source_account_id,STRING,A-RUBY-2093,,,,,,,false,9,genie/puppy/donations.csv,source_account_id,2026.07.19.3
BISCUIT_RELIEF,PUPPY,DON-00003,processor_clearing_account_id,STRING,A-PROC-6104,,,,,,,false,10,genie/puppy/donations.csv,processor_clearing_account_id,2026.07.19.3
BISCUIT_RELIEF,PUPPY,DON-00003,donor_message,NULL,,,,,,,null,false,11,genie/puppy/donations.csv,donor_message,2026.07.19.3
BISCUIT_RELIEF,PUPPY,DON-00003,source_system_id,STRING,PAYMENT_PROCESSOR,,,,,,,false,12,genie/puppy/donations.csv,source_system_id,2026.07.19.3
BISCUIT_RELIEF,PUPPY,DON-00004,donation_id,STRING,DON-00004,,,,,,,false,1,genie/puppy/donations.csv,donation_id,2026.07.19.3
BISCUIT_RELIEF,PUPPY,DON-00004,donor_record_id,STRING,PR-GIDEON-01,,,,,,,false,2,genie/puppy/donations.csv,donor_record_id,2026.07.19.3
BISCUIT_RELIEF,PUPPY,DON-00004,donation_page_id,STRING,PAGE-004,,,,,,,false,3,genie/puppy/donations.csv,donation_page_id,2026.07.19.3
BISCUIT_RELIEF,PUPPY,DON-00004,campaign_id,STRING,CAMP-004,,,,,,,false,4,genie/puppy/donations.csv,campaign_id,2026.07.19.3
BISCUIT_RELIEF,PUPPY,DON-00004,donated_at,TIMESTAMP,,,,,,2025-01-17T04:00:00Z,,false,5,genie/puppy/donations.csv,donated_at,2026.07.19.3
BISCUIT_RELIEF,PUPPY,DON-00004,amount,DECIMAL,,,3450.00,,,,,false,6,genie/puppy/donations.csv,amount,2026.07.19.3
BISCUIT_RELIEF,PUPPY,DON-00004,currency,STRING,BSC,,,,,,,false,7,genie/puppy/donations.csv,currency,2026.07.19.3
BISCUIT_RELIEF,PUPPY,DON-00004,processor_merchant_id,STRING,MER-6104,,,,,,,false,8,genie/puppy/donations.csv,processor_merchant_id,2026.07.19.3
BISCUIT_RELIEF,PUPPY,DON-00004,source_account_id,STRING,A-GIDEON-2124,,,,,,,false,9,genie/puppy/donations.csv,source_account_id,2026.07.19.3
BISCUIT_RELIEF,PUPPY,DON-00004,processor_clearing_account_id,STRING,A-PROC-6104,,,,,,,false,10,genie/puppy/donations.csv,processor_clearing_account_id,2026.07.19.3
BISCUIT_RELIEF,PUPPY,DON-00004,donor_message,NULL,,,,,,,null,false,11,genie/puppy/donations.csv,donor_message,2026.07.19.3
BISCUIT_RELIEF,PUPPY,DON-00004,source_system_id,STRING,PAYMENT_PROCESSOR,,,,,,,false,12,genie/puppy/donations.csv,source_system_id,2026.07.19.3
BISCUIT_RELIEF,PUPPY,DON-00012,donation_id,STRING,DON-00012,,,,,,,false,1,genie/puppy/donations.csv,donation_id,2026.07.19.3
BISCUIT_RELIEF,PUPPY,DON-00012,donor_record_id,STRING,PR-HOPE-03,,,,,,,false,2,genie/puppy/donations.csv,donor_record_id,2026.07.19.3
BISCUIT_RELIEF,PUPPY,DON-00012,donation_page_id,STRING,PAGE-012,,,,,,,false,3,genie/puppy/donations.csv,donation_page_id,2026.07.19.3
BISCUIT_RELIEF,PUPPY,DON-00012,campaign_id,STRING,CAMP-012,,,,,,,false,4,genie/puppy/donations.csv,campaign_id,2026.07.19.3
BISCUIT_RELIEF,PUPPY,DON-00012,donated_at,TIMESTAMP,,,,,,2025-01-21T20:00:00Z,,false,5,genie/puppy/donations.csv,donated_at,2026.07.19.3
BISCUIT_RELIEF,PUPPY,DON-00012,amount,DECIMAL,,,8650.00,,,,,false,6,genie/puppy/donations.csv,amount,2026.07.19.3
BISCUIT_RELIEF,PUPPY,DON-00012,currency,STRING,BSC,,,,,,,false,7,genie/puppy/donations.csv,currency,2026.07.19.3
BISCUIT_RELIEF,PUPPY,DON-00012,processor_merchant_id,STRING,MER-6104,,,,,,,false,8,genie/puppy/donations.csv,processor_merchant_id,2026.07.19.3
BISCUIT_RELIEF,PUPPY,DON-00012,source_account_id,STRING,A-HOPE-2031,,,,,,,false,9,genie/puppy/donations.csv,source_account_id,2026.07.19.3
BISCUIT_RELIEF,PUPPY,DON-00012,processor_clearing_account_id,STRING,A-PROC-6104,,,,,,,false,10,genie/puppy/donations.csv,processor_clearing_account_id,2026.07.19.3
BISCUIT_RELIEF,PUPPY,DON-00012,donor_message,NULL,,,,,,,null,false,11,genie/puppy/donations.csv,donor_message,2026.07.19.3
BISCUIT_RELIEF,PUPPY,DON-00012,source_system_id,STRING,PAYMENT_PROCESSOR,,,,,,,false,12,genie/puppy/donations.csv,source_system_id,2026.07.19.3
BISCUIT_RELIEF,PUPPY,DON-00013,donation_id,STRING,DON-00013,,,,,,,false,1,genie/puppy/donations.csv,donation_id,2026.07.19.3
BISCUIT_RELIEF,PUPPY,DON-00013,donor_record_id,STRING,PR-LEO-01,,,,,,,false,2,genie/puppy/donations.csv,donor_record_id,2026.07.19.3
BISCUIT_RELIEF,PUPPY,DON-00013,donation_page_id,STRING,PAGE-001,,,,,,,false,3,genie/puppy/donations.csv,donation_page_id,2026.07.19.3
BISCUIT_RELIEF,PUPPY,DON-00013,campaign_id,STRING,CAMP-001,,,,,,,false,4,genie/puppy/donations.csv,campaign_id,2026.07.19.3
BISCUIT_RELIEF,PUPPY,DON-00013,donated_at,TIMESTAMP,,,,,,2025-01-22T10:00:00Z,,false,5,genie/puppy/donations.csv,donated_at,2026.07.19.3
BISCUIT_RELIEF,PUPPY,DON-00013,amount,DECIMAL,,,9300.00,,,,,false,6,genie/puppy/donations.csv,amount,2026.07.19.3
BISCUIT_RELIEF,PUPPY,DON-00013,currency,STRING,BSC,,,,,,,false,7,genie/puppy/donations.csv,currency,2026.07.19.3
BISCUIT_RELIEF,PUPPY,DON-00013,processor_merchant_id,STRING,MER-6104,,,,,,,false,8,genie/puppy/donations.csv,processor_merchant_id,2026.07.19.3
BISCUIT_RELIEF,PUPPY,DON-00013,source_account_id,STRING,A-LEO-2062,,,,,,,false,9,genie/puppy/donations.csv,source_account_id,2026.07.19.3
BISCUIT_RELIEF,PUPPY,DON-00013,processor_clearing_account_id,STRING,A-PROC-6104,,,,,,,false,10,genie/puppy/donations.csv,processor_clearing_account_id,2026.07.19.3
BISCUIT_RELIEF,PUPPY,DON-00013,donor_message,STRING,Please use this for emergency food and shelter.,,,,,,,false,11,genie/puppy/donations.csv,donor_message,2026.07.19.3
BISCUIT_RELIEF,PUPPY,DON-00013,source_system_id,STRING,PAYMENT_PROCESSOR,,,,,,,false,12,genie/puppy/donations.csv,source_system_id,2026.07.19.3
BISCUIT_RELIEF,PUPPY,DON-00014,donation_id,STRING,DON-00014,,,,,,,false,1,genie/puppy/donations.csv,donation_id,2026.07.19.3
BISCUIT_RELIEF,PUPPY,DON-00014,donor_record_id,STRING,PR-RUBY-01,,,,,,,false,2,genie/puppy/donations.csv,donor_record_id,2026.07.19.3
BISCUIT_RELIEF,PUPPY,DON-00014,donation_page_id,STRING,PAGE-002,,,,,,,false,3,genie/puppy/donations.csv,donation_page_id,2026.07.19.3
BISCUIT_RELIEF,PUPPY,DON-00014,campaign_id,STRING,CAMP-002,,,,,,,false,4,genie/puppy/donations.csv,campaign_id,2026.07.19.3
BISCUIT_RELIEF,PUPPY,DON-00014,donated_at,TIMESTAMP,,,,,,2025-01-23T00:00:00Z,,false,5,genie/puppy/donations.csv,donated_at,2026.07.19.3
BISCUIT_RELIEF,PUPPY,DON-00014,amount,DECIMAL,,,1500.00,,,,,false,6,genie/puppy/donations.csv,amount,2026.07.19.3
BISCUIT_RELIEF,PUPPY,DON-00014,currency,STRING,BSC,,,,,,,false,7,genie/puppy/donations.csv,currency,2026.07.19.3
BISCUIT_RELIEF,PUPPY,DON-00014,processor_merchant_id,STRING,MER-6104,,,,,,,false,8,genie/puppy/donations.csv,processor_merchant_id,2026.07.19.3
BISCUIT_RELIEF,PUPPY,DON-00014,source_account_id,STRING,A-RUBY-2093,,,,,,,false,9,genie/puppy/donations.csv,source_account_id,2026.07.19.3
BISCUIT_RELIEF,PUPPY,DON-00014,processor_clearing_account_id,STRING,A-PROC-6104,,,,,,,false,10,genie/puppy/donations.csv,processor_clearing_account_id,2026.07.19.3
BISCUIT_RELIEF,PUPPY,DON-00014,donor_message,NULL,,,,,,,null,false,11,genie/puppy/donations.csv,donor_message,2026.07.19.3
BISCUIT_RELIEF,PUPPY,DON-00014,source_system_id,STRING,PAYMENT_PROCESSOR,,,,,,,false,12,genie/puppy/donations.csv,source_system_id,2026.07.19.3
BISCUIT_RELIEF,PUPPY,DON-00015,donation_id,STRING,DON-00015,,,,,,,false,1,genie/puppy/donations.csv,donation_id,2026.07.19.3
BISCUIT_RELIEF,PUPPY,DON-00015,donor_record_id,STRING,PR-GIDEON-01,,,,,,,false,2,genie/puppy/donations.csv,donor_record_id,2026.07.19.3
BISCUIT_RELIEF,PUPPY,DON-00015,donation_page_id,STRING,PAGE-003,,,,,,,false,3,genie/puppy/donations.csv,donation_page_id,2026.07.19.3
BISCUIT_RELIEF,PUPPY,DON-00015,campaign_id,STRING,CAMP-003,,,,,,,false,4,genie/puppy/donations.csv,campaign_id,2026.07.19.3
BISCUIT_RELIEF,PUPPY,DON-00015,donated_at,TIMESTAMP,,,,,,2025-01-23T14:00:00Z,,false,5,genie/puppy/donations.csv,donated_at,2026.07.19.3
BISCUIT_RELIEF,PUPPY,DON-00015,amount,DECIMAL,,,2150.00,,,,,false,6,genie/puppy/donations.csv,amount,2026.07.19.3
BISCUIT_RELIEF,PUPPY,DON-00015,currency,STRING,BSC,,,,,,,false,7,genie/puppy/donations.csv,currency,2026.07.19.3
BISCUIT_RELIEF,PUPPY,DON-00015,processor_merchant_id,STRING,MER-6104,,,,,,,false,8,genie/puppy/donations.csv,processor_merchant_id,2026.07.19.3
BISCUIT_RELIEF,PUPPY,DON-00015,source_account_id,STRING,A-GIDEON-2124,,,,,,,false,9,genie/puppy/donations.csv,source_account_id,2026.07.19.3
BISCUIT_RELIEF,PUPPY,DON-00015,processor_clearing_account_id,STRING,A-PROC-6104,,,,,,,false,10,genie/puppy/donations.csv,processor_clearing_account_id,2026.07.19.3
BISCUIT_RELIEF,PUPPY,DON-00015,donor_message,NULL,,,,,,,null,false,11,genie/puppy/donations.csv,donor_message,2026.07.19.3
BISCUIT_RELIEF,PUPPY,DON-00015,source_system_id,STRING,PAYMENT_PROCESSOR,,,,,,,false,12,genie/puppy/donations.csv,source_system_id,2026.07.19.3
BISCUIT_RELIEF,PUPPY,DON-00023,donation_id,STRING,DON-00023,,,,,,,false,1,genie/puppy/donations.csv,donation_id,2026.07.19.3
BISCUIT_RELIEF,PUPPY,DON-00023,donor_record_id,STRING,PR-HOPE-03,,,,,,,false,2,genie/puppy/donations.csv,donor_record_id,2026.07.19.3
BISCUIT_RELIEF,PUPPY,DON-00023,donation_page_id,STRING,PAGE-011,,,,,,,false,3,genie/puppy/donations.csv,donation_page_id,2026.07.19.3
BISCUIT_RELIEF,PUPPY,DON-00023,campaign_id,STRING,CAMP-011,,,,,,,false,4,genie/puppy/donations.csv,campaign_id,2026.07.19.3
BISCUIT_RELIEF,PUPPY,DON-00023,donated_at,TIMESTAMP,,,,,,2025-01-28T06:00:00Z,,false,5,genie/puppy/donations.csv,donated_at,2026.07.19.3
BISCUIT_RELIEF,PUPPY,DON-00023,amount,DECIMAL,,,7350.00,,,,,false,6,genie/puppy/donations.csv,amount,2026.07.19.3
BISCUIT_RELIEF,PUPPY,DON-00023,currency,STRING,BSC,,,,,,,false,7,genie/puppy/donations.csv,currency,2026.07.19.3
BISCUIT_RELIEF,PUPPY,DON-00023,processor_merchant_id,STRING,MER-6104,,,,,,,false,8,genie/puppy/donations.csv,processor_merchant_id,2026.07.19.3
BISCUIT_RELIEF,PUPPY,DON-00023,source_account_id,STRING,A-HOPE-2031,,,,,,,false,9,genie/puppy/donations.csv,source_account_id,2026.07.19.3
BISCUIT_RELIEF,PUPPY,DON-00023,processor_clearing_account_id,STRING,A-PROC-6104,,,,,,,false,10,genie/puppy/donations.csv,processor_clearing_account_id,2026.07.19.3
BISCUIT_RELIEF,PUPPY,DON-00023,donor_message,NULL,,,,,,,null,false,11,genie/puppy/donations.csv,donor_message,2026.07.19.3
BISCUIT_RELIEF,PUPPY,DON-00023,source_system_id,STRING,PAYMENT_PROCESSOR,,,,,,,false,12,genie/puppy/donations.csv,source_system_id,2026.07.19.3
BISCUIT_RELIEF,PUPPY,DON-00024,donation_id,STRING,DON-00024,,,,,,,false,1,genie/puppy/donations.csv,donation_id,2026.07.19.3
BISCUIT_RELIEF,PUPPY,DON-00024,donor_record_id,STRING,PR-LEO-01,,,,,,,false,2,genie/puppy/donations.csv,donor_record_id,2026.07.19.3
BISCUIT_RELIEF,PUPPY,DON-00024,donation_page_id,STRING,PAGE-012,,,,,,,false,3,genie/puppy/donations.csv,donation_page_id,2026.07.19.3
BISCUIT_RELIEF,PUPPY,DON-00024,campaign_id,STRING,CAMP-012,,,,,,,false,4,genie/puppy/donations.csv,campaign_id,2026.07.19.3
BISCUIT_RELIEF,PUPPY,DON-00024,donated_at,TIMESTAMP,,,,,,2025-01-28T20:00:00Z,,false,5,genie/puppy/donations.csv,donated_at,2026.07.19.3
BISCUIT_RELIEF,PUPPY,DON-00024,amount,DECIMAL,,,8000.00,,,,,false,6,genie/puppy/donations.csv,amount,2026.07.19.3
BISCUIT_RELIEF,PUPPY,DON-00024,currency,STRING,BSC,,,,,,,false,7,genie/puppy/donations.csv,currency,2026.07.19.3
BISCUIT_RELIEF,PUPPY,DON-00024,processor_merchant_id,STRING,MER-6104,,,,,,,false,8,genie/puppy/donations.csv,processor_merchant_id,2026.07.19.3
BISCUIT_RELIEF,PUPPY,DON-00024,source_account_id,STRING,A-LEO-2062,,,,,,,false,9,genie/puppy/donations.csv,source_account_id,2026.07.19.3
BISCUIT_RELIEF,PUPPY,DON-00024,processor_clearing_account_id,STRING,A-PROC-6104,,,,,,,false,10,genie/puppy/donations.csv,processor_clearing_account_id,2026.07.19.3
BISCUIT_RELIEF,PUPPY,DON-00024,donor_message,NULL,,,,,,,null,false,11,genie/puppy/donations.csv,donor_message,2026.07.19.3
BISCUIT_RELIEF,PUPPY,DON-00024,source_system_id,STRING,PAYMENT_PROCESSOR,,,,,,,false,12,genie/puppy/donations.csv,source_system_id,2026.07.19.3
BISCUIT_RELIEF,PUPPY,DON-00025,donation_id,STRING,DON-00025,,,,,,,false,1,genie/puppy/donations.csv,donation_id,2026.07.19.3
BISCUIT_RELIEF,PUPPY,DON-00025,donor_record_id,STRING,PR-RUBY-01,,,,,,,false,2,genie/puppy/donations.csv,donor_record_id,2026.07.19.3
BISCUIT_RELIEF,PUPPY,DON-00025,donation_page_id,STRING,PAGE-001,,,,,,,false,3,genie/puppy/donations.csv,donation_page_id,2026.07.19.3
BISCUIT_RELIEF,PUPPY,DON-00025,campaign_id,STRING,CAMP-001,,,,,,,false,4,genie/puppy/donations.csv,campaign_id,2026.07.19.3
BISCUIT_RELIEF,PUPPY,DON-00025,donated_at,TIMESTAMP,,,,,,2025-01-29T10:00:00Z,,false,5,genie/puppy/donations.csv,donated_at,2026.07.19.3
BISCUIT_RELIEF,PUPPY,DON-00025,amount,DECIMAL,,,8650.00,,,,,false,6,genie/puppy/donations.csv,amount,2026.07.19.3
BISCUIT_RELIEF,PUPPY,DON-00025,currency,STRING,BSC,,,,,,,false,7,genie/puppy/donations.csv,currency,2026.07.19.3
BISCUIT_RELIEF,PUPPY,DON-00025,processor_merchant_id,STRING,MER-6104,,,,,,,false,8,genie/puppy/donations.csv,processor_merchant_id,2026.07.19.3
BISCUIT_RELIEF,PUPPY,DON-00025,source_account_id,STRING,A-RUBY-2093,,,,,,,false,9,genie/puppy/donations.csv,source_account_id,2026.07.19.3
BISCUIT_RELIEF,PUPPY,DON-00025,processor_clearing_account_id,STRING,A-PROC-6104,,,,,,,false,10,genie/puppy/donations.csv,processor_clearing_account_id,2026.07.19.3
BISCUIT_RELIEF,PUPPY,DON-00025,donor_message,STRING,Please use this for emergency food and shelter.,,,,,,,false,11,genie/puppy/donations.csv,donor_message,2026.07.19.3
BISCUIT_RELIEF,PUPPY,DON-00025,source_system_id,STRING,PAYMENT_PROCESSOR,,,,,,,false,12,genie/puppy/donations.csv,source_system_id,2026.07.19.3
BISCUIT_RELIEF,PUPPY,DON-00026,donation_id,STRING,DON-00026,,,,,,,false,1,genie/puppy/donations.csv,donation_id,2026.07.19.3
BISCUIT_RELIEF,PUPPY,DON-00026,donor_record_id,STRING,PR-GIDEON-01,,,,,,,false,2,genie/puppy/donations.csv,donor_record_id,2026.07.19.3
BISCUIT_RELIEF,PUPPY,DON-00026,donation_page_id,STRING,PAGE-002,,,,,,,false,3,genie/puppy/donations.csv,donation_page_id,2026.07.19.3
BISCUIT_RELIEF,PUPPY,DON-00026,campaign_id,STRING,CAMP-002,,,,,,,false,4,genie/puppy/donations.csv,campaign_id,2026.07.19.3
BISCUIT_RELIEF,PUPPY,DON-00026,donated_at,TIMESTAMP,,,,,,2025-01-30T00:00:00Z,,false,5,genie/puppy/donations.csv,donated_at,2026.07.19.3
BISCUIT_RELIEF,PUPPY,DON-00026,amount,DECIMAL,,,9300.00,,,,,false,6,genie/puppy/donations.csv,amount,2026.07.19.3
BISCUIT_RELIEF,PUPPY,DON-00026,currency,STRING,BSC,,,,,,,false,7,genie/puppy/donations.csv,currency,2026.07.19.3
BISCUIT_RELIEF,PUPPY,DON-00026,processor_merchant_id,STRING,MER-6104,,,,,,,false,8,genie/puppy/donations.csv,processor_merchant_id,2026.07.19.3
BISCUIT_RELIEF,PUPPY,DON-00026,source_account_id,STRING,A-GIDEON-2124,,,,,,,false,9,genie/puppy/donations.csv,source_account_id,2026.07.19.3
BISCUIT_RELIEF,PUPPY,DON-00026,processor_clearing_account_id,STRING,A-PROC-6104,,,,,,,false,10,genie/puppy/donations.csv,processor_clearing_account_id,2026.07.19.3
BISCUIT_RELIEF,PUPPY,DON-00026,donor_message,NULL,,,,,,,null,false,11,genie/puppy/donations.csv,donor_message,2026.07.19.3
BISCUIT_RELIEF,PUPPY,DON-00026,source_system_id,STRING,PAYMENT_PROCESSOR,,,,,,,false,12,genie/puppy/donations.csv,source_system_id,2026.07.19.3
BISCUIT_RELIEF,PUPPY,DON-00034,donation_id,STRING,DON-00034,,,,,,,false,1,genie/puppy/donations.csv,donation_id,2026.07.19.3
BISCUIT_RELIEF,PUPPY,DON-00034,donor_record_id,STRING,PR-HOPE-03,,,,,,,false,2,genie/puppy/donations.csv,donor_record_id,2026.07.19.3
BISCUIT_RELIEF,PUPPY,DON-00034,donation_page_id,STRING,PAGE-010,,,,,,,false,3,genie/puppy/donations.csv,donation_page_id,2026.07.19.3
BISCUIT_RELIEF,PUPPY,DON-00034,campaign_id,STRING,CAMP-010,,,,,,,false,4,genie/puppy/donations.csv,campaign_id,2026.07.19.3
BISCUIT_RELIEF,PUPPY,DON-00034,donated_at,TIMESTAMP,,,,,,2025-02-03T16:00:00Z,,false,5,genie/puppy/donations.csv,donated_at,2026.07.19.3
BISCUIT_RELIEF,PUPPY,DON-00034,amount,DECIMAL,,,6050.00,,,,,false,6,genie/puppy/donations.csv,amount,2026.07.19.3
BISCUIT_RELIEF,PUPPY,DON-00034,currency,STRING,BSC,,,,,,,false,7,genie/puppy/donations.csv,currency,2026.07.19.3
BISCUIT_RELIEF,PUPPY,DON-00034,processor_merchant_id,STRING,MER-6104,,,,,,,false,8,genie/puppy/donations.csv,processor_merchant_id,2026.07.19.3
BISCUIT_RELIEF,PUPPY,DON-00034,source_account_id,STRING,A-HOPE-2031,,,,,,,false,9,genie/puppy/donations.csv,source_account_id,2026.07.19.3
BISCUIT_RELIEF,PUPPY,DON-00034,processor_clearing_account_id,STRING,A-PROC-6104,,,,,,,false,10,genie/puppy/donations.csv,processor_clearing_account_id,2026.07.19.3
BISCUIT_RELIEF,PUPPY,DON-00034,donor_message,NULL,,,,,,,null,false,11,genie/puppy/donations.csv,donor_message,2026.07.19.3
BISCUIT_RELIEF,PUPPY,DON-00034,source_system_id,STRING,PAYMENT_PROCESSOR,,,,,,,false,12,genie/puppy/donations.csv,source_system_id,2026.07.19.3
BISCUIT_RELIEF,PUPPY,DON-00035,donation_id,STRING,DON-00035,,,,,,,false,1,genie/puppy/donations.csv,donation_id,2026.07.19.3
BISCUIT_RELIEF,PUPPY,DON-00035,donor_record_id,STRING,PR-LEO-01,,,,,,,false,2,genie/puppy/donations.csv,donor_record_id,2026.07.19.3
BISCUIT_RELIEF,PUPPY,DON-00035,donation_page_id,STRING,PAGE-011,,,,,,,false,3,genie/puppy/donations.csv,donation_page_id,2026.07.19.3
BISCUIT_RELIEF,PUPPY,DON-00035,campaign_id,STRING,CAMP-011,,,,,,,false,4,genie/puppy/donations.csv,campaign_id,2026.07.19.3
BISCUIT_RELIEF,PUPPY,DON-00035,donated_at,TIMESTAMP,,,,,,2025-02-04T06:00:00Z,,false,5,genie/puppy/donations.csv,donated_at,2026.07.19.3
BISCUIT_RELIEF,PUPPY,DON-00035,amount,DECIMAL,,,6700.00,,,,,false,6,genie/puppy/donations.csv,amount,2026.07.19.3
BISCUIT_RELIEF,PUPPY,DON-00035,currency,STRING,BSC,,,,,,,false,7,genie/puppy/donations.csv,currency,2026.07.19.3
BISCUIT_RELIEF,PUPPY,DON-00035,processor_merchant_id,STRING,MER-6104,,,,,,,false,8,genie/puppy/donations.csv,processor_merchant_id,2026.07.19.3
BISCUIT_RELIEF,PUPPY,DON-00035,source_account_id,STRING,A-LEO-2062,,,,,,,false,9,genie/puppy/donations.csv,source_account_id,2026.07.19.3
BISCUIT_RELIEF,PUPPY,DON-00035,processor_clearing_account_id,STRING,A-PROC-6104,,,,,,,false,10,genie/puppy/donations.csv,processor_clearing_account_id,2026.07.19.3
BISCUIT_RELIEF,PUPPY,DON-00035,donor_message,NULL,,,,,,,null,false,11,genie/puppy/donations.csv,donor_message,2026.07.19.3
BISCUIT_RELIEF,PUPPY,DON-00035,source_system_id,STRING,PAYMENT_PROCESSOR,,,,,,,false,12,genie/puppy/donations.csv,source_system_id,2026.07.19.3
BISCUIT_RELIEF,PUPPY,DON-00036,donation_id,STRING,DON-00036,,,,,,,false,1,genie/puppy/donations.csv,donation_id,2026.07.19.3
BISCUIT_RELIEF,PUPPY,DON-00036,donor_record_id,STRING,PR-RUBY-01,,,,,,,false,2,genie/puppy/donations.csv,donor_record_id,2026.07.19.3
BISCUIT_RELIEF,PUPPY,DON-00036,donation_page_id,STRING,PAGE-012,,,,,,,false,3,genie/puppy/donations.csv,donation_page_id,2026.07.19.3
BISCUIT_RELIEF,PUPPY,DON-00036,campaign_id,STRING,CAMP-012,,,,,,,false,4,genie/puppy/donations.csv,campaign_id,2026.07.19.3
BISCUIT_RELIEF,PUPPY,DON-00036,donated_at,TIMESTAMP,,,,,,2025-02-04T20:00:00Z,,false,5,genie/puppy/donations.csv,donated_at,2026.07.19.3
BISCUIT_RELIEF,PUPPY,DON-00036,amount,DECIMAL,,,7350.00,,,,,false,6,genie/puppy/donations.csv,amount,2026.07.19.3
BISCUIT_RELIEF,PUPPY,DON-00036,currency,STRING,BSC,,,,,,,false,7,genie/puppy/donations.csv,currency,2026.07.19.3
BISCUIT_RELIEF,PUPPY,DON-00036,processor_merchant_id,STRING,MER-6104,,,,,,,false,8,genie/puppy/donations.csv,processor_merchant_id,2026.07.19.3
BISCUIT_RELIEF,PUPPY,DON-00036,source_account_id,STRING,A-RUBY-2093,,,,,,,false,9,genie/puppy/donations.csv,source_account_id,2026.07.19.3
BISCUIT_RELIEF,PUPPY,DON-00036,processor_clearing_account_id,STRING,A-PROC-6104,,,,,,,false,10,genie/puppy/donations.csv,processor_clearing_account_id,2026.07.19.3
BISCUIT_RELIEF,PUPPY,DON-00036,donor_message,NULL,,,,,,,null,false,11,genie/puppy/donations.csv,donor_message,2026.07.19.3
BISCUIT_RELIEF,PUPPY,DON-00036,source_system_id,STRING,PAYMENT_PROCESSOR,,,,,,,false,12,genie/puppy/donations.csv,source_system_id,2026.07.19.3
BISCUIT_RELIEF,PUPPY,DON-00037,donation_id,STRING,DON-00037,,,,,,,false,1,genie/puppy/donations.csv,donation_id,2026.07.19.3
BISCUIT_RELIEF,PUPPY,DON-00037,donor_record_id,STRING,PR-GIDEON-01,,,,,,,false,2,genie/puppy/donations.csv,donor_record_id,2026.07.19.3
BISCUIT_RELIEF,PUPPY,DON-00037,donation_page_id,STRING,PAGE-001,,,,,,,false,3,genie/puppy/donations.csv,donation_page_id,2026.07.19.3
BISCUIT_RELIEF,PUPPY,DON-00037,campaign_id,STRING,CAMP-001,,,,,,,false,4,genie/puppy/donations.csv,campaign_id,2026.07.19.3
BISCUIT_RELIEF,PUPPY,DON-00037,donated_at,TIMESTAMP,,,,,,2025-02-05T10:00:00Z,,false,5,genie/puppy/donations.csv,donated_at,2026.07.19.3
BISCUIT_RELIEF,PUPPY,DON-00037,amount,DECIMAL,,,8000.00,,,,,false,6,genie/puppy/donations.csv,amount,2026.07.19.3
BISCUIT_RELIEF,PUPPY,DON-00037,currency,STRING,BSC,,,,,,,false,7,genie/puppy/donations.csv,currency,2026.07.19.3
BISCUIT_RELIEF,PUPPY,DON-00037,processor_merchant_id,STRING,MER-6104,,,,,,,false,8,genie/puppy/donations.csv,processor_merchant_id,2026.07.19.3
BISCUIT_RELIEF,PUPPY,DON-00037,source_account_id,STRING,A-GIDEON-2124,,,,,,,false,9,genie/puppy/donations.csv,source_account_id,2026.07.19.3
BISCUIT_RELIEF,PUPPY,DON-00037,processor_clearing_account_id,STRING,A-PROC-6104,,,,,,,false,10,genie/puppy/donations.csv,processor_clearing_account_id,2026.07.19.3
BISCUIT_RELIEF,PUPPY,DON-00037,donor_message,STRING,Please use this for emergency food and shelter.,,,,,,,false,11,genie/puppy/donations.csv,donor_message,2026.07.19.3
BISCUIT_RELIEF,PUPPY,DON-00037,source_system_id,STRING,PAYMENT_PROCESSOR,,,,,,,false,12,genie/puppy/donations.csv,source_system_id,2026.07.19.3
BISCUIT_RELIEF,PUPPY,DON-00045,donation_id,STRING,DON-00045,,,,,,,false,1,genie/puppy/donations.csv,donation_id,2026.07.19.3
BISCUIT_RELIEF,PUPPY,DON-00045,donor_record_id,STRING,PR-HOPE-03,,,,,,,false,2,genie/puppy/donations.csv,donor_record_id,2026.07.19.3
BISCUIT_RELIEF,PUPPY,DON-00045,donation_page_id,STRING,PAGE-009,,,,,,,false,3,genie/puppy/donations.csv,donation_page_id,2026.07.19.3
BISCUIT_RELIEF,PUPPY,DON-00045,campaign_id,STRING,CAMP-009,,,,,,,false,4,genie/puppy/donations.csv,campaign_id,2026.07.19.3
BISCUIT_RELIEF,PUPPY,DON-00045,donated_at,TIMESTAMP,,,,,,2025-02-10T02:00:00Z,,false,5,genie/puppy/donations.csv,donated_at,2026.07.19.3
BISCUIT_RELIEF,PUPPY,DON-00045,amount,DECIMAL,,,4750.00,,,,,false,6,genie/puppy/donations.csv,amount,2026.07.19.3
BISCUIT_RELIEF,PUPPY,DON-00045,currency,STRING,BSC,,,,,,,false,7,genie/puppy/donations.csv,currency,2026.07.19.3
BISCUIT_RELIEF,PUPPY,DON-00045,processor_merchant_id,STRING,MER-6104,,,,,,,false,8,genie/puppy/donations.csv,processor_merchant_id,2026.07.19.3
BISCUIT_RELIEF,PUPPY,DON-00045,source_account_id,STRING,A-HOPE-2031,,,,,,,false,9,genie/puppy/donations.csv,source_account_id,2026.07.19.3
BISCUIT_RELIEF,PUPPY,DON-00045,processor_clearing_account_id,STRING,A-PROC-6104,,,,,,,false,10,genie/puppy/donations.csv,processor_clearing_account_id,2026.07.19.3
BISCUIT_RELIEF,PUPPY,DON-00045,donor_message,STRING,Please use this for emergency food and shelter.,,,,,,,false,11,genie/puppy/donations.csv,donor_message,2026.07.19.3
BISCUIT_RELIEF,PUPPY,DON-00045,source_system_id,STRING,PAYMENT_PROCESSOR,,,,,,,false,12,genie/puppy/donations.csv,source_system_id,2026.07.19.3
BISCUIT_RELIEF,PUPPY,DON-00046,donation_id,STRING,DON-00046,,,,,,,false,1,genie/puppy/donations.csv,donation_id,2026.07.19.3
BISCUIT_RELIEF,PUPPY,DON-00046,donor_record_id,STRING,PR-LEO-01,,,,,,,false,2,genie/puppy/donations.csv,donor_record_id,2026.07.19.3
BISCUIT_RELIEF,PUPPY,DON-00046,donation_page_id,STRING,PAGE-001,,,,,,,false,3,genie/puppy/donations.csv,donation_page_id,2026.07.19.3
BISCUIT_RELIEF,PUPPY,DON-00046,campaign_id,STRING,CAMP-001,,,,,,,false,4,genie/puppy/donations.csv,campaign_id,2026.07.19.3
BISCUIT_RELIEF,PUPPY,DON-00046,donated_at,TIMESTAMP,,,,,,2025-02-10T16:00:00Z,,false,5,genie/puppy/donations.csv,donated_at,2026.07.19.3
BISCUIT_RELIEF,PUPPY,DON-00046,amount,DECIMAL,,,5400.00,,,,,false,6,genie/puppy/donations.csv,amount,2026.07.19.3
BISCUIT_RELIEF,PUPPY,DON-00046,currency,STRING,BSC,,,,,,,false,7,genie/puppy/donations.csv,currency,2026.07.19.3
BISCUIT_RELIEF,PUPPY,DON-00046,processor_merchant_id,STRING,MER-6104,,,,,,,false,8,genie/puppy/donations.csv,processor_merchant_id,2026.07.19.3
BISCUIT_RELIEF,PUPPY,DON-00046,source_account_id,STRING,A-LEO-2062,,,,,,,false,9,genie/puppy/donations.csv,source_account_id,2026.07.19.3
BISCUIT_RELIEF,PUPPY,DON-00046,processor_clearing_account_id,STRING,A-PROC-6104,,,,,,,false,10,genie/puppy/donations.csv,processor_clearing_account_id,2026.07.19.3
BISCUIT_RELIEF,PUPPY,DON-00046,donor_message,NULL,,,,,,,null,false,11,genie/puppy/donations.csv,donor_message,2026.07.19.3
BISCUIT_RELIEF,PUPPY,DON-00046,source_system_id,STRING,PAYMENT_PROCESSOR,,,,,,,false,12,genie/puppy/donations.csv,source_system_id,2026.07.19.3
BISCUIT_RELIEF,PUPPY,DON-00047,donation_id,STRING,DON-00047,,,,,,,false,1,genie/puppy/donations.csv,donation_id,2026.07.19.3
BISCUIT_RELIEF,PUPPY,DON-00047,donor_record_id,STRING,PR-RUBY-01,,,,,,,false,2,genie/puppy/donations.csv,donor_record_id,2026.07.19.3
BISCUIT_RELIEF,PUPPY,DON-00047,donation_page_id,STRING,PAGE-002,,,,,,,false,3,genie/puppy/donations.csv,donation_page_id,2026.07.19.3
BISCUIT_RELIEF,PUPPY,DON-00047,campaign_id,STRING,CAMP-002,,,,,,,false,4,genie/puppy/donations.csv,campaign_id,2026.07.19.3
BISCUIT_RELIEF,PUPPY,DON-00047,donated_at,TIMESTAMP,,,,,,2025-02-11T06:00:00Z,,false,5,genie/puppy/donations.csv,donated_at,2026.07.19.3
BISCUIT_RELIEF,PUPPY,DON-00047,amount,DECIMAL,,,6050.00,,,,,false,6,genie/puppy/donations.csv,amount,2026.07.19.3
BISCUIT_RELIEF,PUPPY,DON-00047,currency,STRING,BSC,,,,,,,false,7,genie/puppy/donations.csv,currency,2026.07.19.3
BISCUIT_RELIEF,PUPPY,DON-00047,processor_merchant_id,STRING,MER-6104,,,,,,,false,8,genie/puppy/donations.csv,processor_merchant_id,2026.07.19.3
BISCUIT_RELIEF,PUPPY,DON-00047,source_account_id,STRING,A-RUBY-2093,,,,,,,false,9,genie/puppy/donations.csv,source_account_id,2026.07.19.3
BISCUIT_RELIEF,PUPPY,DON-00047,processor_clearing_account_id,STRING,A-PROC-6104,,,,,,,false,10,genie/puppy/donations.csv,processor_clearing_account_id,2026.07.19.3
BISCUIT_RELIEF,PUPPY,DON-00047,donor_message,NULL,,,,,,,null,false,11,genie/puppy/donations.csv,donor_message,2026.07.19.3
BISCUIT_RELIEF,PUPPY,DON-00047,source_system_id,STRING,PAYMENT_PROCESSOR,,,,,,,false,12,genie/puppy/donations.csv,source_system_id,2026.07.19.3
BISCUIT_RELIEF,PUPPY,DON-00048,donation_id,STRING,DON-00048,,,,,,,false,1,genie/puppy/donations.csv,donation_id,2026.07.19.3
BISCUIT_RELIEF,PUPPY,DON-00048,donor_record_id,STRING,PR-GIDEON-01,,,,,,,false,2,genie/puppy/donations.csv,donor_record_id,2026.07.19.3
BISCUIT_RELIEF,PUPPY,DON-00048,donation_page_id,STRING,PAGE-003,,,,,,,false,3,genie/puppy/donations.csv,donation_page_id,2026.07.19.3
BISCUIT_RELIEF,PUPPY,DON-00048,campaign_id,STRING,CAMP-003,,,,,,,false,4,genie/puppy/donations.csv,campaign_id,2026.07.19.3
BISCUIT_RELIEF,PUPPY,DON-00048,donated_at,TIMESTAMP,,,,,,2025-02-11T20:00:00Z,,false,5,genie/puppy/donations.csv,donated_at,2026.07.19.3
BISCUIT_RELIEF,PUPPY,DON-00048,amount,DECIMAL,,,6700.00,,,,,false,6,genie/puppy/donations.csv,amount,2026.07.19.3
BISCUIT_RELIEF,PUPPY,DON-00048,currency,STRING,BSC,,,,,,,false,7,genie/puppy/donations.csv,currency,2026.07.19.3
BISCUIT_RELIEF,PUPPY,DON-00048,processor_merchant_id,STRING,MER-6104,,,,,,,false,8,genie/puppy/donations.csv,processor_merchant_id,2026.07.19.3
BISCUIT_RELIEF,PUPPY,DON-00048,source_account_id,STRING,A-GIDEON-2124,,,,,,,false,9,genie/puppy/donations.csv,source_account_id,2026.07.19.3
BISCUIT_RELIEF,PUPPY,DON-00048,processor_clearing_account_id,STRING,A-PROC-6104,,,,,,,false,10,genie/puppy/donations.csv,processor_clearing_account_id,2026.07.19.3
BISCUIT_RELIEF,PUPPY,DON-00048,donor_message,NULL,,,,,,,null,false,11,genie/puppy/donations.csv,donor_message,2026.07.19.3
BISCUIT_RELIEF,PUPPY,DON-00048,source_system_id,STRING,PAYMENT_PROCESSOR,,,,,,,false,12,genie/puppy/donations.csv,source_system_id,2026.07.19.3
BISCUIT_RELIEF,PUPPY,DON-00056,donation_id,STRING,DON-00056,,,,,,,false,1,genie/puppy/donations.csv,donation_id,2026.07.19.3
BISCUIT_RELIEF,PUPPY,DON-00056,donor_record_id,STRING,PR-HOPE-03,,,,,,,false,2,genie/puppy/donations.csv,donor_record_id,2026.07.19.3
BISCUIT_RELIEF,PUPPY,DON-00056,donation_page_id,STRING,PAGE-011,,,,,,,false,3,genie/puppy/donations.csv,donation_page_id,2026.07.19.3
BISCUIT_RELIEF,PUPPY,DON-00056,campaign_id,STRING,CAMP-011,,,,,,,false,4,genie/puppy/donations.csv,campaign_id,2026.07.19.3
BISCUIT_RELIEF,PUPPY,DON-00056,donated_at,TIMESTAMP,,,,,,2025-02-16T12:00:00Z,,false,5,genie/puppy/donations.csv,donated_at,2026.07.19.3
BISCUIT_RELIEF,PUPPY,DON-00056,amount,DECIMAL,,,3450.00,,,,,false,6,genie/puppy/donations.csv,amount,2026.07.19.3
BISCUIT_RELIEF,PUPPY,DON-00056,currency,STRING,BSC,,,,,,,false,7,genie/puppy/donations.csv,currency,2026.07.19.3
BISCUIT_RELIEF,PUPPY,DON-00056,processor_merchant_id,STRING,MER-6104,,,,,,,false,8,genie/puppy/donations.csv,processor_merchant_id,2026.07.19.3
BISCUIT_RELIEF,PUPPY,DON-00056,source_account_id,STRING,A-HOPE-2031,,,,,,,false,9,genie/puppy/donations.csv,source_account_id,2026.07.19.3
BISCUIT_RELIEF,PUPPY,DON-00056,processor_clearing_account_id,STRING,A-PROC-6104,,,,,,,false,10,genie/puppy/donations.csv,processor_clearing_account_id,2026.07.19.3
BISCUIT_RELIEF,PUPPY,DON-00056,donor_message,NULL,,,,,,,null,false,11,genie/puppy/donations.csv,donor_message,2026.07.19.3
BISCUIT_RELIEF,PUPPY,DON-00056,source_system_id,STRING,PAYMENT_PROCESSOR,,,,,,,false,12,genie/puppy/donations.csv,source_system_id,2026.07.19.3
BISCUIT_RELIEF,PUPPY,DON-00057,donation_id,STRING,DON-00057,,,,,,,false,1,genie/puppy/donations.csv,donation_id,2026.07.19.3
BISCUIT_RELIEF,PUPPY,DON-00057,donor_record_id,STRING,PR-LEO-01,,,,,,,false,2,genie/puppy/donations.csv,donor_record_id,2026.07.19.3
BISCUIT_RELIEF,PUPPY,DON-00057,donation_page_id,STRING,PAGE-012,,,,,,,false,3,genie/puppy/donations.csv,donation_page_id,2026.07.19.3
BISCUIT_RELIEF,PUPPY,DON-00057,campaign_id,STRING,CAMP-012,,,,,,,false,4,genie/puppy/donations.csv,campaign_id,2026.07.19.3
BISCUIT_RELIEF,PUPPY,DON-00057,donated_at,TIMESTAMP,,,,,,2025-02-17T02:00:00Z,,false,5,genie/puppy/donations.csv,donated_at,2026.07.19.3
BISCUIT_RELIEF,PUPPY,DON-00057,amount,DECIMAL,,,4100.00,,,,,false,6,genie/puppy/donations.csv,amount,2026.07.19.3
BISCUIT_RELIEF,PUPPY,DON-00057,currency,STRING,BSC,,,,,,,false,7,genie/puppy/donations.csv,currency,2026.07.19.3
BISCUIT_RELIEF,PUPPY,DON-00057,processor_merchant_id,STRING,MER-6104,,,,,,,false,8,genie/puppy/donations.csv,processor_merchant_id,2026.07.19.3
BISCUIT_RELIEF,PUPPY,DON-00057,source_account_id,STRING,A-LEO-2062,,,,,,,false,9,genie/puppy/donations.csv,source_account_id,2026.07.19.3
BISCUIT_RELIEF,PUPPY,DON-00057,processor_clearing_account_id,STRING,A-PROC-6104,,,,,,,false,10,genie/puppy/donations.csv,processor_clearing_account_id,2026.07.19.3
BISCUIT_RELIEF,PUPPY,DON-00057,donor_message,STRING,Please use this for emergency food and shelter.,,,,,,,false,11,genie/puppy/donations.csv,donor_message,2026.07.19.3
BISCUIT_RELIEF,PUPPY,DON-00057,source_system_id,STRING,PAYMENT_PROCESSOR,,,,,,,false,12,genie/puppy/donations.csv,source_system_id,2026.07.19.3
BISCUIT_RELIEF,PUPPY,DON-00058,donation_id,STRING,DON-00058,,,,,,,false,1,genie/puppy/donations.csv,donation_id,2026.07.19.3
BISCUIT_RELIEF,PUPPY,DON-00058,donor_record_id,STRING,PR-RUBY-01,,,,,,,false,2,genie/puppy/donations.csv,donor_record_id,2026.07.19.3
BISCUIT_RELIEF,PUPPY,DON-00058,donation_page_id,STRING,PAGE-010,,,,,,,false,3,genie/puppy/donations.csv,donation_page_id,2026.07.19.3
BISCUIT_RELIEF,PUPPY,DON-00058,campaign_id,STRING,CAMP-010,,,,,,,false,4,genie/puppy/donations.csv,campaign_id,2026.07.19.3
BISCUIT_RELIEF,PUPPY,DON-00058,donated_at,TIMESTAMP,,,,,,2025-02-17T16:00:00Z,,false,5,genie/puppy/donations.csv,donated_at,2026.07.19.3
BISCUIT_RELIEF,PUPPY,DON-00058,amount,DECIMAL,,,4750.00,,,,,false,6,genie/puppy/donations.csv,amount,2026.07.19.3
BISCUIT_RELIEF,PUPPY,DON-00058,currency,STRING,BSC,,,,,,,false,7,genie/puppy/donations.csv,currency,2026.07.19.3
BISCUIT_RELIEF,PUPPY,DON-00058,processor_merchant_id,STRING,MER-6104,,,,,,,false,8,genie/puppy/donations.csv,processor_merchant_id,2026.07.19.3
BISCUIT_RELIEF,PUPPY,DON-00058,source_account_id,STRING,A-RUBY-2093,,,,,,,false,9,genie/puppy/donations.csv,source_account_id,2026.07.19.3
BISCUIT_RELIEF,PUPPY,DON-00058,processor_clearing_account_id,STRING,A-PROC-6104,,,,,,,false,10,genie/puppy/donations.csv,processor_clearing_account_id,2026.07.19.3
BISCUIT_RELIEF,PUPPY,DON-00058,donor_message,NULL,,,,,,,null,false,11,genie/puppy/donations.csv,donor_message,2026.07.19.3
BISCUIT_RELIEF,PUPPY,DON-00058,source_system_id,STRING,PAYMENT_PROCESSOR,,,,,,,false,12,genie/puppy/donations.csv,source_system_id,2026.07.19.3
BISCUIT_RELIEF,PUPPY,DON-00059,donation_id,STRING,DON-00059,,,,,,,false,1,genie/puppy/donations.csv,donation_id,2026.07.19.3
BISCUIT_RELIEF,PUPPY,DON-00059,donor_record_id,STRING,PR-GIDEON-01,,,,,,,false,2,genie/puppy/donations.csv,donor_record_id,2026.07.19.3
BISCUIT_RELIEF,PUPPY,DON-00059,donation_page_id,STRING,PAGE-011,,,,,,,false,3,genie/puppy/donations.csv,donation_page_id,2026.07.19.3
BISCUIT_RELIEF,PUPPY,DON-00059,campaign_id,STRING,CAMP-011,,,,,,,false,4,genie/puppy/donations.csv,campaign_id,2026.07.19.3
BISCUIT_RELIEF,PUPPY,DON-00059,donated_at,TIMESTAMP,,,,,,2025-02-18T06:00:00Z,,false,5,genie/puppy/donations.csv,donated_at,2026.07.19.3
BISCUIT_RELIEF,PUPPY,DON-00059,amount,DECIMAL,,,5400.00,,,,,false,6,genie/puppy/donations.csv,amount,2026.07.19.3
BISCUIT_RELIEF,PUPPY,DON-00059,currency,STRING,BSC,,,,,,,false,7,genie/puppy/donations.csv,currency,2026.07.19.3
BISCUIT_RELIEF,PUPPY,DON-00059,processor_merchant_id,STRING,MER-6104,,,,,,,false,8,genie/puppy/donations.csv,processor_merchant_id,2026.07.19.3
BISCUIT_RELIEF,PUPPY,DON-00059,source_account_id,STRING,A-GIDEON-2124,,,,,,,false,9,genie/puppy/donations.csv,source_account_id,2026.07.19.3
BISCUIT_RELIEF,PUPPY,DON-00059,processor_clearing_account_id,STRING,A-PROC-6104,,,,,,,false,10,genie/puppy/donations.csv,processor_clearing_account_id,2026.07.19.3
BISCUIT_RELIEF,PUPPY,DON-00059,donor_message,NULL,,,,,,,null,false,11,genie/puppy/donations.csv,donor_message,2026.07.19.3
BISCUIT_RELIEF,PUPPY,DON-00059,source_system_id,STRING,PAYMENT_PROCESSOR,,,,,,,false,12,genie/puppy/donations.csv,source_system_id,2026.07.19.3
BISCUIT_RELIEF,PUPPY,DON-00067,donation_id,STRING,DON-00067,,,,,,,false,1,genie/puppy/donations.csv,donation_id,2026.07.19.3
BISCUIT_RELIEF,PUPPY,DON-00067,donor_record_id,STRING,PR-HOPE-03,,,,,,,false,2,genie/puppy/donations.csv,donor_record_id,2026.07.19.3
BISCUIT_RELIEF,PUPPY,DON-00067,donation_page_id,STRING,PAGE-007,,,,,,,false,3,genie/puppy/donations.csv,donation_page_id,2026.07.19.3
BISCUIT_RELIEF,PUPPY,DON-00067,campaign_id,STRING,CAMP-007,,,,,,,false,4,genie/puppy/donations.csv,campaign_id,2026.07.19.3
BISCUIT_RELIEF,PUPPY,DON-00067,donated_at,TIMESTAMP,,,,,,2025-02-22T22:00:00Z,,false,5,genie/puppy/donations.csv,donated_at,2026.07.19.3
BISCUIT_RELIEF,PUPPY,DON-00067,amount,DECIMAL,,,2250.00,,,,,false,6,genie/puppy/donations.csv,amount,2026.07.19.3
BISCUIT_RELIEF,PUPPY,DON-00067,currency,STRING,BSC,,,,,,,false,7,genie/puppy/donations.csv,currency,2026.07.19.3
BISCUIT_RELIEF,PUPPY,DON-00067,processor_merchant_id,STRING,MER-6104,,,,,,,false,8,genie/puppy/donations.csv,processor_merchant_id,2026.07.19.3
BISCUIT_RELIEF,PUPPY,DON-00067,source_account_id,STRING,A-HOPE-2031,,,,,,,false,9,genie/puppy/donations.csv,source_account_id,2026.07.19.3
BISCUIT_RELIEF,PUPPY,DON-00067,processor_clearing_account_id,STRING,A-PROC-6104,,,,,,,false,10,genie/puppy/donations.csv,processor_clearing_account_id,2026.07.19.3
BISCUIT_RELIEF,PUPPY,DON-00067,donor_message,NULL,,,,,,,null,false,11,genie/puppy/donations.csv,donor_message,2026.07.19.3
BISCUIT_RELIEF,PUPPY,DON-00067,source_system_id,STRING,PAYMENT_PROCESSOR,,,,,,,false,12,genie/puppy/donations.csv,source_system_id,2026.07.19.3
BISCUIT_RELIEF,PUPPY,DON-00068,donation_id,STRING,DON-00068,,,,,,,false,1,genie/puppy/donations.csv,donation_id,2026.07.19.3
BISCUIT_RELIEF,PUPPY,DON-00068,donor_record_id,STRING,PR-LEO-01,,,,,,,false,2,genie/puppy/donations.csv,donor_record_id,2026.07.19.3
BISCUIT_RELIEF,PUPPY,DON-00068,donation_page_id,STRING,PAGE-008,,,,,,,false,3,genie/puppy/donations.csv,donation_page_id,2026.07.19.3
BISCUIT_RELIEF,PUPPY,DON-00068,campaign_id,STRING,CAMP-008,,,,,,,false,4,genie/puppy/donations.csv,campaign_id,2026.07.19.3
BISCUIT_RELIEF,PUPPY,DON-00068,donated_at,TIMESTAMP,,,,,,2025-02-23T12:00:00Z,,false,5,genie/puppy/donations.csv,donated_at,2026.07.19.3
BISCUIT_RELIEF,PUPPY,DON-00068,amount,DECIMAL,,,2900.00,,,,,false,6,genie/puppy/donations.csv,amount,2026.07.19.3
BISCUIT_RELIEF,PUPPY,DON-00068,currency,STRING,BSC,,,,,,,false,7,genie/puppy/donations.csv,currency,2026.07.19.3
BISCUIT_RELIEF,PUPPY,DON-00068,processor_merchant_id,STRING,MER-6104,,,,,,,false,8,genie/puppy/donations.csv,processor_merchant_id,2026.07.19.3
BISCUIT_RELIEF,PUPPY,DON-00068,source_account_id,STRING,A-LEO-2062,,,,,,,false,9,genie/puppy/donations.csv,source_account_id,2026.07.19.3
BISCUIT_RELIEF,PUPPY,DON-00068,processor_clearing_account_id,STRING,A-PROC-6104,,,,,,,false,10,genie/puppy/donations.csv,processor_clearing_account_id,2026.07.19.3
BISCUIT_RELIEF,PUPPY,DON-00068,donor_message,NULL,,,,,,,null,false,11,genie/puppy/donations.csv,donor_message,2026.07.19.3
BISCUIT_RELIEF,PUPPY,DON-00068,source_system_id,STRING,PAYMENT_PROCESSOR,,,,,,,false,12,genie/puppy/donations.csv,source_system_id,2026.07.19.3
BISCUIT_RELIEF,PUPPY,DON-00069,donation_id,STRING,DON-00069,,,,,,,false,1,genie/puppy/donations.csv,donation_id,2026.07.19.3
BISCUIT_RELIEF,PUPPY,DON-00069,donor_record_id,STRING,PR-RUBY-01,,,,,,,false,2,genie/puppy/donations.csv,donor_record_id,2026.07.19.3
BISCUIT_RELIEF,PUPPY,DON-00069,donation_page_id,STRING,PAGE-009,,,,,,,false,3,genie/puppy/donations.csv,donation_page_id,2026.07.19.3
BISCUIT_RELIEF,PUPPY,DON-00069,campaign_id,STRING,CAMP-009,,,,,,,false,4,genie/puppy/donations.csv,campaign_id,2026.07.19.3
BISCUIT_RELIEF,PUPPY,DON-00069,donated_at,TIMESTAMP,,,,,,2025-02-24T02:00:00Z,,false,5,genie/puppy/donations.csv,donated_at,2026.07.19.3
BISCUIT_RELIEF,PUPPY,DON-00069,amount,DECIMAL,,,3550.00,,,,,false,6,genie/puppy/donations.csv,amount,2026.07.19.3
BISCUIT_RELIEF,PUPPY,DON-00069,currency,STRING,BSC,,,,,,,false,7,genie/puppy/donations.csv,currency,2026.07.19.3
BISCUIT_RELIEF,PUPPY,DON-00069,processor_merchant_id,STRING,MER-6104,,,,,,,false,8,genie/puppy/donations.csv,processor_merchant_id,2026.07.19.3
BISCUIT_RELIEF,PUPPY,DON-00069,source_account_id,STRING,A-RUBY-2093,,,,,,,false,9,genie/puppy/donations.csv,source_account_id,2026.07.19.3
BISCUIT_RELIEF,PUPPY,DON-00069,processor_clearing_account_id,STRING,A-PROC-6104,,,,,,,false,10,genie/puppy/donations.csv,processor_clearing_account_id,2026.07.19.3
BISCUIT_RELIEF,PUPPY,DON-00069,donor_message,STRING,Please use this for emergency food and shelter.,,,,,,,false,11,genie/puppy/donations.csv,donor_message,2026.07.19.3
BISCUIT_RELIEF,PUPPY,DON-00069,source_system_id,STRING,PAYMENT_PROCESSOR,,,,,,,false,12,genie/puppy/donations.csv,source_system_id,2026.07.19.3
BISCUIT_RELIEF,PUPPY,DON-00070,donation_id,STRING,DON-00070,,,,,,,false,1,genie/puppy/donations.csv,donation_id,2026.07.19.3
BISCUIT_RELIEF,PUPPY,DON-00070,donor_record_id,STRING,PR-GIDEON-01,,,,,,,false,2,genie/puppy/donations.csv,donor_record_id,2026.07.19.3
BISCUIT_RELIEF,PUPPY,DON-00070,donation_page_id,STRING,PAGE-010,,,,,,,false,3,genie/puppy/donations.csv,donation_page_id,2026.07.19.3
BISCUIT_RELIEF,PUPPY,DON-00070,campaign_id,STRING,CAMP-010,,,,,,,false,4,genie/puppy/donations.csv,campaign_id,2026.07.19.3
BISCUIT_RELIEF,PUPPY,DON-00070,donated_at,TIMESTAMP,,,,,,2025-02-24T16:00:00Z,,false,5,genie/puppy/donations.csv,donated_at,2026.07.19.3
BISCUIT_RELIEF,PUPPY,DON-00070,amount,DECIMAL,,,4200.00,,,,,false,6,genie/puppy/donations.csv,amount,2026.07.19.3
BISCUIT_RELIEF,PUPPY,DON-00070,currency,STRING,BSC,,,,,,,false,7,genie/puppy/donations.csv,currency,2026.07.19.3
BISCUIT_RELIEF,PUPPY,DON-00070,processor_merchant_id,STRING,MER-6104,,,,,,,false,8,genie/puppy/donations.csv,processor_merchant_id,2026.07.19.3
BISCUIT_RELIEF,PUPPY,DON-00070,source_account_id,STRING,A-GIDEON-2124,,,,,,,false,9,genie/puppy/donations.csv,source_account_id,2026.07.19.3
BISCUIT_RELIEF,PUPPY,DON-00070,processor_clearing_account_id,STRING,A-PROC-6104,,,,,,,false,10,genie/puppy/donations.csv,processor_clearing_account_id,2026.07.19.3
BISCUIT_RELIEF,PUPPY,DON-00070,donor_message,NULL,,,,,,,null,false,11,genie/puppy/donations.csv,donor_message,2026.07.19.3
BISCUIT_RELIEF,PUPPY,DON-00070,source_system_id,STRING,PAYMENT_PROCESSOR,,,,,,,false,12,genie/puppy/donations.csv,source_system_id,2026.07.19.3
BISCUIT_RELIEF,PUPPY,DON-00078,donation_id,STRING,DON-00078,,,,,,,false,1,genie/puppy/donations.csv,donation_id,2026.07.19.3
BISCUIT_RELIEF,PUPPY,DON-00078,donor_record_id,STRING,PR-HOPE-03,,,,,,,false,2,genie/puppy/donations.csv,donor_record_id,2026.07.19.3
BISCUIT_RELIEF,PUPPY,DON-00078,donation_page_id,STRING,PAGE-006,,,,,,,false,3,genie/puppy/donations.csv,donation_page_id,2026.07.19.3
BISCUIT_RELIEF,PUPPY,DON-00078,campaign_id,STRING,CAMP-006,,,,,,,false,4,genie/puppy/donations.csv,campaign_id,2026.07.19.3
BISCUIT_RELIEF,PUPPY,DON-00078,donated_at,TIMESTAMP,,,,,,2025-03-01T08:00:00Z,,false,5,genie/puppy/donations.csv,donated_at,2026.07.19.3
BISCUIT_RELIEF,PUPPY,DON-00078,amount,DECIMAL,,,9400.00,,,,,false,6,genie/puppy/donations.csv,amount,2026.07.19.3
BISCUIT_RELIEF,PUPPY,DON-00078,currency,STRING,BSC,,,,,,,false,7,genie/puppy/donations.csv,currency,2026.07.19.3
BISCUIT_RELIEF,PUPPY,DON-00078,processor_merchant_id,STRING,MER-6104,,,,,,,false,8,genie/puppy/donations.csv,processor_merchant_id,2026.07.19.3
BISCUIT_RELIEF,PUPPY,DON-00078,source_account_id,STRING,A-HOPE-2031,,,,,,,false,9,genie/puppy/donations.csv,source_account_id,2026.07.19.3
BISCUIT_RELIEF,PUPPY,DON-00078,processor_clearing_account_id,STRING,A-PROC-6104,,,,,,,false,10,genie/puppy/donations.csv,processor_clearing_account_id,2026.07.19.3
BISCUIT_RELIEF,PUPPY,DON-00078,donor_message,NULL,,,,,,,null,false,11,genie/puppy/donations.csv,donor_message,2026.07.19.3
BISCUIT_RELIEF,PUPPY,DON-00078,source_system_id,STRING,PAYMENT_PROCESSOR,,,,,,,false,12,genie/puppy/donations.csv,source_system_id,2026.07.19.3
BISCUIT_RELIEF,PUPPY,DON-00079,donation_id,STRING,DON-00079,,,,,,,false,1,genie/puppy/donations.csv,donation_id,2026.07.19.3
BISCUIT_RELIEF,PUPPY,DON-00079,donor_record_id,STRING,PR-LEO-01,,,,,,,false,2,genie/puppy/donations.csv,donor_record_id,2026.07.19.3
BISCUIT_RELIEF,PUPPY,DON-00079,donation_page_id,STRING,PAGE-007,,,,,,,false,3,genie/puppy/donations.csv,donation_page_id,2026.07.19.3
BISCUIT_RELIEF,PUPPY,DON-00079,campaign_id,STRING,CAMP-007,,,,,,,false,4,genie/puppy/donations.csv,campaign_id,2026.07.19.3
BISCUIT_RELIEF,PUPPY,DON-00079,donated_at,TIMESTAMP,,,,,,2025-03-01T22:00:00Z,,false,5,genie/puppy/donations.csv,donated_at,2026.07.19.3
BISCUIT_RELIEF,PUPPY,DON-00079,amount,DECIMAL,,,1600.00,,,,,false,6,genie/puppy/donations.csv,amount,2026.07.19.3
BISCUIT_RELIEF,PUPPY,DON-00079,currency,STRING,BSC,,,,,,,false,7,genie/puppy/donations.csv,currency,2026.07.19.3
BISCUIT_RELIEF,PUPPY,DON-00079,processor_merchant_id,STRING,MER-6104,,,,,,,false,8,genie/puppy/donations.csv,processor_merchant_id,2026.07.19.3
BISCUIT_RELIEF,PUPPY,DON-00079,source_account_id,STRING,A-LEO-2062,,,,,,,false,9,genie/puppy/donations.csv,source_account_id,2026.07.19.3
BISCUIT_RELIEF,PUPPY,DON-00079,processor_clearing_account_id,STRING,A-PROC-6104,,,,,,,false,10,genie/puppy/donations.csv,processor_clearing_account_id,2026.07.19.3
BISCUIT_RELIEF,PUPPY,DON-00079,donor_message,NULL,,,,,,,null,false,11,genie/puppy/donations.csv,donor_message,2026.07.19.3
BISCUIT_RELIEF,PUPPY,DON-00079,source_system_id,STRING,PAYMENT_PROCESSOR,,,,,,,false,12,genie/puppy/donations.csv,source_system_id,2026.07.19.3
BISCUIT_RELIEF,PUPPY,DON-00080,donation_id,STRING,DON-00080,,,,,,,false,1,genie/puppy/donations.csv,donation_id,2026.07.19.3
BISCUIT_RELIEF,PUPPY,DON-00080,donor_record_id,STRING,PR-RUBY-01,,,,,,,false,2,genie/puppy/donations.csv,donor_record_id,2026.07.19.3
BISCUIT_RELIEF,PUPPY,DON-00080,donation_page_id,STRING,PAGE-008,,,,,,,false,3,genie/puppy/donations.csv,donation_page_id,2026.07.19.3
BISCUIT_RELIEF,PUPPY,DON-00080,campaign_id,STRING,CAMP-008,,,,,,,false,4,genie/puppy/donations.csv,campaign_id,2026.07.19.3
BISCUIT_RELIEF,PUPPY,DON-00080,donated_at,TIMESTAMP,,,,,,2025-03-02T12:00:00Z,,false,5,genie/puppy/donations.csv,donated_at,2026.07.19.3
BISCUIT_RELIEF,PUPPY,DON-00080,amount,DECIMAL,,,2250.00,,,,,false,6,genie/puppy/donations.csv,amount,2026.07.19.3
BISCUIT_RELIEF,PUPPY,DON-00080,currency,STRING,BSC,,,,,,,false,7,genie/puppy/donations.csv,currency,2026.07.19.3
BISCUIT_RELIEF,PUPPY,DON-00080,processor_merchant_id,STRING,MER-6104,,,,,,,false,8,genie/puppy/donations.csv,processor_merchant_id,2026.07.19.3
BISCUIT_RELIEF,PUPPY,DON-00080,source_account_id,STRING,A-RUBY-2093,,,,,,,false,9,genie/puppy/donations.csv,source_account_id,2026.07.19.3
BISCUIT_RELIEF,PUPPY,DON-00080,processor_clearing_account_id,STRING,A-PROC-6104,,,,,,,false,10,genie/puppy/donations.csv,processor_clearing_account_id,2026.07.19.3
BISCUIT_RELIEF,PUPPY,DON-00080,donor_message,NULL,,,,,,,null,false,11,genie/puppy/donations.csv,donor_message,2026.07.19.3
BISCUIT_RELIEF,PUPPY,DON-00080,source_system_id,STRING,PAYMENT_PROCESSOR,,,,,,,false,12,genie/puppy/donations.csv,source_system_id,2026.07.19.3
BISCUIT_RELIEF,PUPPY,DON-00081,donation_id,STRING,DON-00081,,,,,,,false,1,genie/puppy/donations.csv,donation_id,2026.07.19.3
BISCUIT_RELIEF,PUPPY,DON-00081,donor_record_id,STRING,PR-GIDEON-01,,,,,,,false,2,genie/puppy/donations.csv,donor_record_id,2026.07.19.3
BISCUIT_RELIEF,PUPPY,DON-00081,donation_page_id,STRING,PAGE-009,,,,,,,false,3,genie/puppy/donations.csv,donation_page_id,2026.07.19.3
BISCUIT_RELIEF,PUPPY,DON-00081,campaign_id,STRING,CAMP-009,,,,,,,false,4,genie/puppy/donations.csv,campaign_id,2026.07.19.3
BISCUIT_RELIEF,PUPPY,DON-00081,donated_at,TIMESTAMP,,,,,,2025-03-03T02:00:00Z,,false,5,genie/puppy/donations.csv,donated_at,2026.07.19.3
BISCUIT_RELIEF,PUPPY,DON-00081,amount,DECIMAL,,,2900.00,,,,,false,6,genie/puppy/donations.csv,amount,2026.07.19.3
BISCUIT_RELIEF,PUPPY,DON-00081,currency,STRING,BSC,,,,,,,false,7,genie/puppy/donations.csv,currency,2026.07.19.3
BISCUIT_RELIEF,PUPPY,DON-00081,processor_merchant_id,STRING,MER-6104,,,,,,,false,8,genie/puppy/donations.csv,processor_merchant_id,2026.07.19.3
BISCUIT_RELIEF,PUPPY,DON-00081,source_account_id,STRING,A-GIDEON-2124,,,,,,,false,9,genie/puppy/donations.csv,source_account_id,2026.07.19.3
BISCUIT_RELIEF,PUPPY,DON-00081,processor_clearing_account_id,STRING,A-PROC-6104,,,,,,,false,10,genie/puppy/donations.csv,processor_clearing_account_id,2026.07.19.3
BISCUIT_RELIEF,PUPPY,DON-00081,donor_message,STRING,Please use this for emergency food and shelter.,,,,,,,false,11,genie/puppy/donations.csv,donor_message,2026.07.19.3
BISCUIT_RELIEF,PUPPY,DON-00081,source_system_id,STRING,PAYMENT_PROCESSOR,,,,,,,false,12,genie/puppy/donations.csv,source_system_id,2026.07.19.3
BISCUIT_RELIEF,PUPPY,DON-00089,donation_id,STRING,DON-00089,,,,,,,false,1,genie/puppy/donations.csv,donation_id,2026.07.19.3
BISCUIT_RELIEF,PUPPY,DON-00089,donor_record_id,STRING,PR-HOPE-03,,,,,,,false,2,genie/puppy/donations.csv,donor_record_id,2026.07.19.3
BISCUIT_RELIEF,PUPPY,DON-00089,donation_page_id,STRING,PAGE-005,,,,,,,false,3,genie/puppy/donations.csv,donation_page_id,2026.07.19.3
BISCUIT_RELIEF,PUPPY,DON-00089,campaign_id,STRING,CAMP-005,,,,,,,false,4,genie/puppy/donations.csv,campaign_id,2026.07.19.3
BISCUIT_RELIEF,PUPPY,DON-00089,donated_at,TIMESTAMP,,,,,,2025-03-07T18:00:00Z,,false,5,genie/puppy/donations.csv,donated_at,2026.07.19.3
BISCUIT_RELIEF,PUPPY,DON-00089,amount,DECIMAL,,,8100.00,,,,,false,6,genie/puppy/donations.csv,amount,2026.07.19.3
BISCUIT_RELIEF,PUPPY,DON-00089,currency,STRING,BSC,,,,,,,false,7,genie/puppy/donations.csv,currency,2026.07.19.3
BISCUIT_RELIEF,PUPPY,DON-00089,processor_merchant_id,STRING,MER-6104,,,,,,,false,8,genie/puppy/donations.csv,processor_merchant_id,2026.07.19.3
BISCUIT_RELIEF,PUPPY,DON-00089,source_account_id,STRING,A-HOPE-2031,,,,,,,false,9,genie/puppy/donations.csv,source_account_id,2026.07.19.3
BISCUIT_RELIEF,PUPPY,DON-00089,processor_clearing_account_id,STRING,A-PROC-6104,,,,,,,false,10,genie/puppy/donations.csv,processor_clearing_account_id,2026.07.19.3
BISCUIT_RELIEF,PUPPY,DON-00089,donor_message,STRING,Please use this for emergency food and shelter.,,,,,,,false,11,genie/puppy/donations.csv,donor_message,2026.07.19.3
BISCUIT_RELIEF,PUPPY,DON-00089,source_system_id,STRING,PAYMENT_PROCESSOR,,,,,,,false,12,genie/puppy/donations.csv,source_system_id,2026.07.19.3
BISCUIT_RELIEF,PUPPY,DON-00090,donation_id,STRING,DON-00090,,,,,,,false,1,genie/puppy/donations.csv,donation_id,2026.07.19.3
BISCUIT_RELIEF,PUPPY,DON-00090,donor_record_id,STRING,PR-LEO-01,,,,,,,false,2,genie/puppy/donations.csv,donor_record_id,2026.07.19.3
BISCUIT_RELIEF,PUPPY,DON-00090,donation_page_id,STRING,PAGE-006,,,,,,,false,3,genie/puppy/donations.csv,donation_page_id,2026.07.19.3
BISCUIT_RELIEF,PUPPY,DON-00090,campaign_id,STRING,CAMP-006,,,,,,,false,4,genie/puppy/donations.csv,campaign_id,2026.07.19.3
BISCUIT_RELIEF,PUPPY,DON-00090,donated_at,TIMESTAMP,,,,,,2025-03-08T08:00:00Z,,false,5,genie/puppy/donations.csv,donated_at,2026.07.19.3
BISCUIT_RELIEF,PUPPY,DON-00090,amount,DECIMAL,,,8750.00,,,,,false,6,genie/puppy/donations.csv,amount,2026.07.19.3
BISCUIT_RELIEF,PUPPY,DON-00090,currency,STRING,BSC,,,,,,,false,7,genie/puppy/donations.csv,currency,2026.07.19.3
BISCUIT_RELIEF,PUPPY,DON-00090,processor_merchant_id,STRING,MER-6104,,,,,,,false,8,genie/puppy/donations.csv,processor_merchant_id,2026.07.19.3
BISCUIT_RELIEF,PUPPY,DON-00090,source_account_id,STRING,A-LEO-2062,,,,,,,false,9,genie/puppy/donations.csv,source_account_id,2026.07.19.3
BISCUIT_RELIEF,PUPPY,DON-00090,processor_clearing_account_id,STRING,A-PROC-6104,,,,,,,false,10,genie/puppy/donations.csv,processor_clearing_account_id,2026.07.19.3
BISCUIT_RELIEF,PUPPY,DON-00090,donor_message,NULL,,,,,,,null,false,11,genie/puppy/donations.csv,donor_message,2026.07.19.3
BISCUIT_RELIEF,PUPPY,DON-00090,source_system_id,STRING,PAYMENT_PROCESSOR,,,,,,,false,12,genie/puppy/donations.csv,source_system_id,2026.07.19.3
BISCUIT_RELIEF,PUPPY,DON-00091,donation_id,STRING,DON-00091,,,,,,,false,1,genie/puppy/donations.csv,donation_id,2026.07.19.3
BISCUIT_RELIEF,PUPPY,DON-00091,donor_record_id,STRING,PR-RUBY-01,,,,,,,false,2,genie/puppy/donations.csv,donor_record_id,2026.07.19.3
BISCUIT_RELIEF,PUPPY,DON-00091,donation_page_id,STRING,PAGE-001,,,,,,,false,3,genie/puppy/donations.csv,donation_page_id,2026.07.19.3
BISCUIT_RELIEF,PUPPY,DON-00091,campaign_id,STRING,CAMP-001,,,,,,,false,4,genie/puppy/donations.csv,campaign_id,2026.07.19.3
BISCUIT_RELIEF,PUPPY,DON-00091,donated_at,TIMESTAMP,,,,,,2025-03-08T22:00:00Z,,false,5,genie/puppy/donations.csv,donated_at,2026.07.19.3
BISCUIT_RELIEF,PUPPY,DON-00091,amount,DECIMAL,,,9400.00,,,,,false,6,genie/puppy/donations.csv,amount,2026.07.19.3
BISCUIT_RELIEF,PUPPY,DON-00091,currency,STRING,BSC,,,,,,,false,7,genie/puppy/donations.csv,currency,2026.07.19.3
BISCUIT_RELIEF,PUPPY,DON-00091,processor_merchant_id,STRING,MER-6104,,,,,,,false,8,genie/puppy/donations.csv,processor_merchant_id,2026.07.19.3
BISCUIT_RELIEF,PUPPY,DON-00091,source_account_id,STRING,A-RUBY-2093,,,,,,,false,9,genie/puppy/donations.csv,source_account_id,2026.07.19.3
BISCUIT_RELIEF,PUPPY,DON-00091,processor_clearing_account_id,STRING,A-PROC-6104,,,,,,,false,10,genie/puppy/donations.csv,processor_clearing_account_id,2026.07.19.3
BISCUIT_RELIEF,PUPPY,DON-00091,donor_message,NULL,,,,,,,null,false,11,genie/puppy/donations.csv,donor_message,2026.07.19.3
BISCUIT_RELIEF,PUPPY,DON-00091,source_system_id,STRING,PAYMENT_PROCESSOR,,,,,,,false,12,genie/puppy/donations.csv,source_system_id,2026.07.19.3
BISCUIT_RELIEF,PUPPY,DON-00092,donation_id,STRING,DON-00092,,,,,,,false,1,genie/puppy/donations.csv,donation_id,2026.07.19.3
BISCUIT_RELIEF,PUPPY,DON-00092,donor_record_id,STRING,PR-GIDEON-01,,,,,,,false,2,genie/puppy/donations.csv,donor_record_id,2026.07.19.3
BISCUIT_RELIEF,PUPPY,DON-00092,donation_page_id,STRING,PAGE-002,,,,,,,false,3,genie/puppy/donations.csv,donation_page_id,2026.07.19.3
BISCUIT_RELIEF,PUPPY,DON-00092,campaign_id,STRING,CAMP-002,,,,,,,false,4,genie/puppy/donations.csv,campaign_id,2026.07.19.3
BISCUIT_RELIEF,PUPPY,DON-00092,donated_at,TIMESTAMP,,,,,,2025-03-09T12:00:00Z,,false,5,genie/puppy/donations.csv,donated_at,2026.07.19.3
BISCUIT_RELIEF,PUPPY,DON-00092,amount,DECIMAL,,,1600.00,,,,,false,6,genie/puppy/donations.csv,amount,2026.07.19.3
BISCUIT_RELIEF,PUPPY,DON-00092,currency,STRING,BSC,,,,,,,false,7,genie/puppy/donations.csv,currency,2026.07.19.3
BISCUIT_RELIEF,PUPPY,DON-00092,processor_merchant_id,STRING,MER-6104,,,,,,,false,8,genie/puppy/donations.csv,processor_merchant_id,2026.07.19.3
BISCUIT_RELIEF,PUPPY,DON-00092,source_account_id,STRING,A-GIDEON-2124,,,,,,,false,9,genie/puppy/donations.csv,source_account_id,2026.07.19.3
BISCUIT_RELIEF,PUPPY,DON-00092,processor_clearing_account_id,STRING,A-PROC-6104,,,,,,,false,10,genie/puppy/donations.csv,processor_clearing_account_id,2026.07.19.3
BISCUIT_RELIEF,PUPPY,DON-00092,donor_message,NULL,,,,,,,null,false,11,genie/puppy/donations.csv,donor_message,2026.07.19.3
BISCUIT_RELIEF,PUPPY,DON-00092,source_system_id,STRING,PAYMENT_PROCESSOR,,,,,,,false,12,genie/puppy/donations.csv,source_system_id,2026.07.19.3
BISCUIT_RELIEF,PUPPY,DON-00100,donation_id,STRING,DON-00100,,,,,,,false,1,genie/puppy/donations.csv,donation_id,2026.07.19.3
BISCUIT_RELIEF,PUPPY,DON-00100,donor_record_id,STRING,PR-HOPE-03,,,,,,,false,2,genie/puppy/donations.csv,donor_record_id,2026.07.19.3
BISCUIT_RELIEF,PUPPY,DON-00100,donation_page_id,STRING,PAGE-010,,,,,,,false,3,genie/puppy/donations.csv,donation_page_id,2026.07.19.3
BISCUIT_RELIEF,PUPPY,DON-00100,campaign_id,STRING,CAMP-010,,,,,,,false,4,genie/puppy/donations.csv,campaign_id,2026.07.19.3
BISCUIT_RELIEF,PUPPY,DON-00100,donated_at,TIMESTAMP,,,,,,2025-03-14T04:00:00Z,,false,5,genie/puppy/donations.csv,donated_at,2026.07.19.3
BISCUIT_RELIEF,PUPPY,DON-00100,amount,DECIMAL,,,6800.00,,,,,false,6,genie/puppy/donations.csv,amount,2026.07.19.3
BISCUIT_RELIEF,PUPPY,DON-00100,currency,STRING,BSC,,,,,,,false,7,genie/puppy/donations.csv,currency,2026.07.19.3
BISCUIT_RELIEF,PUPPY,DON-00100,processor_merchant_id,STRING,MER-6104,,,,,,,false,8,genie/puppy/donations.csv,processor_merchant_id,2026.07.19.3
BISCUIT_RELIEF,PUPPY,DON-00100,source_account_id,STRING,A-HOPE-2031,,,,,,,false,9,genie/puppy/donations.csv,source_account_id,2026.07.19.3
BISCUIT_RELIEF,PUPPY,DON-00100,processor_clearing_account_id,STRING,A-PROC-6104,,,,,,,false,10,genie/puppy/donations.csv,processor_clearing_account_id,2026.07.19.3
BISCUIT_RELIEF,PUPPY,DON-00100,donor_message,NULL,,,,,,,null,false,11,genie/puppy/donations.csv,donor_message,2026.07.19.3
BISCUIT_RELIEF,PUPPY,DON-00100,source_system_id,STRING,PAYMENT_PROCESSOR,,,,,,,false,12,genie/puppy/donations.csv,source_system_id,2026.07.19.3
BISCUIT_RELIEF,PUPPY,DON-00101,donation_id,STRING,DON-00101,,,,,,,false,1,genie/puppy/donations.csv,donation_id,2026.07.19.3
BISCUIT_RELIEF,PUPPY,DON-00101,donor_record_id,STRING,PR-LEO-01,,,,,,,false,2,genie/puppy/donations.csv,donor_record_id,2026.07.19.3
BISCUIT_RELIEF,PUPPY,DON-00101,donation_page_id,STRING,PAGE-011,,,,,,,false,3,genie/puppy/donations.csv,donation_page_id,2026.07.19.3
BISCUIT_RELIEF,PUPPY,DON-00101,campaign_id,STRING,CAMP-011,,,,,,,false,4,genie/puppy/donations.csv,campaign_id,2026.07.19.3
BISCUIT_RELIEF,PUPPY,DON-00101,donated_at,TIMESTAMP,,,,,,2025-03-14T18:00:00Z,,false,5,genie/puppy/donations.csv,donated_at,2026.07.19.3
BISCUIT_RELIEF,PUPPY,DON-00101,amount,DECIMAL,,,7450.00,,,,,false,6,genie/puppy/donations.csv,amount,2026.07.19.3
BISCUIT_RELIEF,PUPPY,DON-00101,currency,STRING,BSC,,,,,,,false,7,genie/puppy/donations.csv,currency,2026.07.19.3
BISCUIT_RELIEF,PUPPY,DON-00101,processor_merchant_id,STRING,MER-6104,,,,,,,false,8,genie/puppy/donations.csv,processor_merchant_id,2026.07.19.3
BISCUIT_RELIEF,PUPPY,DON-00101,source_account_id,STRING,A-LEO-2062,,,,,,,false,9,genie/puppy/donations.csv,source_account_id,2026.07.19.3
BISCUIT_RELIEF,PUPPY,DON-00101,processor_clearing_account_id,STRING,A-PROC-6104,,,,,,,false,10,genie/puppy/donations.csv,processor_clearing_account_id,2026.07.19.3
BISCUIT_RELIEF,PUPPY,DON-00101,donor_message,STRING,Please use this for emergency food and shelter.,,,,,,,false,11,genie/puppy/donations.csv,donor_message,2026.07.19.3
BISCUIT_RELIEF,PUPPY,DON-00101,source_system_id,STRING,PAYMENT_PROCESSOR,,,,,,,false,12,genie/puppy/donations.csv,source_system_id,2026.07.19.3
BISCUIT_RELIEF,PUPPY,DON-00102,donation_id,STRING,DON-00102,,,,,,,false,1,genie/puppy/donations.csv,donation_id,2026.07.19.3
BISCUIT_RELIEF,PUPPY,DON-00102,donor_record_id,STRING,PR-RUBY-01,,,,,,,false,2,genie/puppy/donations.csv,donor_record_id,2026.07.19.3
BISCUIT_RELIEF,PUPPY,DON-00102,donation_page_id,STRING,PAGE-012,,,,,,,false,3,genie/puppy/donations.csv,donation_page_id,2026.07.19.3
BISCUIT_RELIEF,PUPPY,DON-00102,campaign_id,STRING,CAMP-012,,,,,,,false,4,genie/puppy/donations.csv,campaign_id,2026.07.19.3
BISCUIT_RELIEF,PUPPY,DON-00102,donated_at,TIMESTAMP,,,,,,2025-03-15T08:00:00Z,,false,5,genie/puppy/donations.csv,donated_at,2026.07.19.3
BISCUIT_RELIEF,PUPPY,DON-00102,amount,DECIMAL,,,8100.00,,,,,false,6,genie/puppy/donations.csv,amount,2026.07.19.3
BISCUIT_RELIEF,PUPPY,DON-00102,currency,STRING,BSC,,,,,,,false,7,genie/puppy/donations.csv,currency,2026.07.19.3
BISCUIT_RELIEF,PUPPY,DON-00102,processor_merchant_id,STRING,MER-6104,,,,,,,false,8,genie/puppy/donations.csv,processor_merchant_id,2026.07.19.3
BISCUIT_RELIEF,PUPPY,DON-00102,source_account_id,STRING,A-RUBY-2093,,,,,,,false,9,genie/puppy/donations.csv,source_account_id,2026.07.19.3
BISCUIT_RELIEF,PUPPY,DON-00102,processor_clearing_account_id,STRING,A-PROC-6104,,,,,,,false,10,genie/puppy/donations.csv,processor_clearing_account_id,2026.07.19.3
BISCUIT_RELIEF,PUPPY,DON-00102,donor_message,NULL,,,,,,,null,false,11,genie/puppy/donations.csv,donor_message,2026.07.19.3
BISCUIT_RELIEF,PUPPY,DON-00102,source_system_id,STRING,PAYMENT_PROCESSOR,,,,,,,false,12,genie/puppy/donations.csv,source_system_id,2026.07.19.3
BISCUIT_RELIEF,PUPPY,DON-00103,donation_id,STRING,DON-00103,,,,,,,false,1,genie/puppy/donations.csv,donation_id,2026.07.19.3
BISCUIT_RELIEF,PUPPY,DON-00103,donor_record_id,STRING,PR-GIDEON-01,,,,,,,false,2,genie/puppy/donations.csv,donor_record_id,2026.07.19.3
BISCUIT_RELIEF,PUPPY,DON-00103,donation_page_id,STRING,PAGE-007,,,,,,,false,3,genie/puppy/donations.csv,donation_page_id,2026.07.19.3
BISCUIT_RELIEF,PUPPY,DON-00103,campaign_id,STRING,CAMP-007,,,,,,,false,4,genie/puppy/donations.csv,campaign_id,2026.07.19.3
BISCUIT_RELIEF,PUPPY,DON-00103,donated_at,TIMESTAMP,,,,,,2025-03-15T22:00:00Z,,false,5,genie/puppy/donations.csv,donated_at,2026.07.19.3
BISCUIT_RELIEF,PUPPY,DON-00103,amount,DECIMAL,,,8750.00,,,,,false,6,genie/puppy/donations.csv,amount,2026.07.19.3
BISCUIT_RELIEF,PUPPY,DON-00103,currency,STRING,BSC,,,,,,,false,7,genie/puppy/donations.csv,currency,2026.07.19.3
BISCUIT_RELIEF,PUPPY,DON-00103,processor_merchant_id,STRING,MER-6104,,,,,,,false,8,genie/puppy/donations.csv,processor_merchant_id,2026.07.19.3
BISCUIT_RELIEF,PUPPY,DON-00103,source_account_id,STRING,A-GIDEON-2124,,,,,,,false,9,genie/puppy/donations.csv,source_account_id,2026.07.19.3
BISCUIT_RELIEF,PUPPY,DON-00103,processor_clearing_account_id,STRING,A-PROC-6104,,,,,,,false,10,genie/puppy/donations.csv,processor_clearing_account_id,2026.07.19.3
BISCUIT_RELIEF,PUPPY,DON-00103,donor_message,NULL,,,,,,,null,false,11,genie/puppy/donations.csv,donor_message,2026.07.19.3
BISCUIT_RELIEF,PUPPY,DON-00103,source_system_id,STRING,PAYMENT_PROCESSOR,,,,,,,false,12,genie/puppy/donations.csv,source_system_id,2026.07.19.3
BISCUIT_RELIEF,PUPPY,DON-00111,donation_id,STRING,DON-00111,,,,,,,false,1,genie/puppy/donations.csv,donation_id,2026.07.19.3
BISCUIT_RELIEF,PUPPY,DON-00111,donor_record_id,STRING,PR-HOPE-03,,,,,,,false,2,genie/puppy/donations.csv,donor_record_id,2026.07.19.3
BISCUIT_RELIEF,PUPPY,DON-00111,donation_page_id,STRING,PAGE-003,,,,,,,false,3,genie/puppy/donations.csv,donation_page_id,2026.07.19.3
BISCUIT_RELIEF,PUPPY,DON-00111,campaign_id,STRING,CAMP-003,,,,,,,false,4,genie/puppy/donations.csv,campaign_id,2026.07.19.3
BISCUIT_RELIEF,PUPPY,DON-00111,donated_at,TIMESTAMP,,,,,,2025-03-20T14:00:00Z,,false,5,genie/puppy/donations.csv,donated_at,2026.07.19.3
BISCUIT_RELIEF,PUPPY,DON-00111,amount,DECIMAL,,,5500.00,,,,,false,6,genie/puppy/donations.csv,amount,2026.07.19.3
BISCUIT_RELIEF,PUPPY,DON-00111,currency,STRING,BSC,,,,,,,false,7,genie/puppy/donations.csv,currency,2026.07.19.3
BISCUIT_RELIEF,PUPPY,DON-00111,processor_merchant_id,STRING,MER-6104,,,,,,,false,8,genie/puppy/donations.csv,processor_merchant_id,2026.07.19.3
BISCUIT_RELIEF,PUPPY,DON-00111,source_account_id,STRING,A-HOPE-2031,,,,,,,false,9,genie/puppy/donations.csv,source_account_id,2026.07.19.3
BISCUIT_RELIEF,PUPPY,DON-00111,processor_clearing_account_id,STRING,A-PROC-6104,,,,,,,false,10,genie/puppy/donations.csv,processor_clearing_account_id,2026.07.19.3
BISCUIT_RELIEF,PUPPY,DON-00111,donor_message,NULL,,,,,,,null,false,11,genie/puppy/donations.csv,donor_message,2026.07.19.3
BISCUIT_RELIEF,PUPPY,DON-00111,source_system_id,STRING,PAYMENT_PROCESSOR,,,,,,,false,12,genie/puppy/donations.csv,source_system_id,2026.07.19.3
BISCUIT_RELIEF,PUPPY,DON-00112,donation_id,STRING,DON-00112,,,,,,,false,1,genie/puppy/donations.csv,donation_id,2026.07.19.3
BISCUIT_RELIEF,PUPPY,DON-00112,donor_record_id,STRING,PR-LEO-01,,,,,,,false,2,genie/puppy/donations.csv,donor_record_id,2026.07.19.3
BISCUIT_RELIEF,PUPPY,DON-00112,donation_page_id,STRING,PAGE-004,,,,,,,false,3,genie/puppy/donations.csv,donation_page_id,2026.07.19.3
BISCUIT_RELIEF,PUPPY,DON-00112,campaign_id,STRING,CAMP-004,,,,,,,false,4,genie/puppy/donations.csv,campaign_id,2026.07.19.3
BISCUIT_RELIEF,PUPPY,DON-00112,donated_at,TIMESTAMP,,,,,,2025-03-21T04:00:00Z,,false,5,genie/puppy/donations.csv,donated_at,2026.07.19.3
BISCUIT_RELIEF,PUPPY,DON-00112,amount,DECIMAL,,,26150.00,,,,,false,6,genie/puppy/donations.csv,amount,2026.07.19.3
BISCUIT_RELIEF,PUPPY,DON-00112,currency,STRING,BSC,,,,,,,false,7,genie/puppy/donations.csv,currency,2026.07.19.3
BISCUIT_RELIEF,PUPPY,DON-00112,processor_merchant_id,STRING,MER-6104,,,,,,,false,8,genie/puppy/donations.csv,processor_merchant_id,2026.07.19.3
BISCUIT_RELIEF,PUPPY,DON-00112,source_account_id,STRING,A-LEO-2062,,,,,,,false,9,genie/puppy/donations.csv,source_account_id,2026.07.19.3
BISCUIT_RELIEF,PUPPY,DON-00112,processor_clearing_account_id,STRING,A-PROC-6104,,,,,,,false,10,genie/puppy/donations.csv,processor_clearing_account_id,2026.07.19.3
BISCUIT_RELIEF,PUPPY,DON-00112,donor_message,NULL,,,,,,,null,false,11,genie/puppy/donations.csv,donor_message,2026.07.19.3
BISCUIT_RELIEF,PUPPY,DON-00112,source_system_id,STRING,PAYMENT_PROCESSOR,,,,,,,false,12,genie/puppy/donations.csv,source_system_id,2026.07.19.3
BISCUIT_RELIEF,PUPPY,DON-00113,donation_id,STRING,DON-00113,,,,,,,false,1,genie/puppy/donations.csv,donation_id,2026.07.19.3
BISCUIT_RELIEF,PUPPY,DON-00113,donor_record_id,STRING,PR-RUBY-01,,,,,,,false,2,genie/puppy/donations.csv,donor_record_id,2026.07.19.3
BISCUIT_RELIEF,PUPPY,DON-00113,donation_page_id,STRING,PAGE-005,,,,,,,false,3,genie/puppy/donations.csv,donation_page_id,2026.07.19.3
BISCUIT_RELIEF,PUPPY,DON-00113,campaign_id,STRING,CAMP-005,,,,,,,false,4,genie/puppy/donations.csv,campaign_id,2026.07.19.3
BISCUIT_RELIEF,PUPPY,DON-00113,donated_at,TIMESTAMP,,,,,,2025-03-21T18:00:00Z,,false,5,genie/puppy/donations.csv,donated_at,2026.07.19.3
BISCUIT_RELIEF,PUPPY,DON-00113,amount,DECIMAL,,,6800.00,,,,,false,6,genie/puppy/donations.csv,amount,2026.07.19.3
BISCUIT_RELIEF,PUPPY,DON-00113,currency,STRING,BSC,,,,,,,false,7,genie/puppy/donations.csv,currency,2026.07.19.3
BISCUIT_RELIEF,PUPPY,DON-00113,processor_merchant_id,STRING,MER-6104,,,,,,,false,8,genie/puppy/donations.csv,processor_merchant_id,2026.07.19.3
BISCUIT_RELIEF,PUPPY,DON-00113,source_account_id,STRING,A-RUBY-2093,,,,,,,false,9,genie/puppy/donations.csv,source_account_id,2026.07.19.3
BISCUIT_RELIEF,PUPPY,DON-00113,processor_clearing_account_id,STRING,A-PROC-6104,,,,,,,false,10,genie/puppy/donations.csv,processor_clearing_account_id,2026.07.19.3
BISCUIT_RELIEF,PUPPY,DON-00113,donor_message,STRING,Please use this for emergency food and shelter.,,,,,,,false,11,genie/puppy/donations.csv,donor_message,2026.07.19.3
BISCUIT_RELIEF,PUPPY,DON-00113,source_system_id,STRING,PAYMENT_PROCESSOR,,,,,,,false,12,genie/puppy/donations.csv,source_system_id,2026.07.19.3
BISCUIT_RELIEF,PUPPY,DON-00114,donation_id,STRING,DON-00114,,,,,,,false,1,genie/puppy/donations.csv,donation_id,2026.07.19.3
BISCUIT_RELIEF,PUPPY,DON-00114,donor_record_id,STRING,PR-GIDEON-01,,,,,,,false,2,genie/puppy/donations.csv,donor_record_id,2026.07.19.3
BISCUIT_RELIEF,PUPPY,DON-00114,donation_page_id,STRING,PAGE-006,,,,,,,false,3,genie/puppy/donations.csv,donation_page_id,2026.07.19.3
BISCUIT_RELIEF,PUPPY,DON-00114,campaign_id,STRING,CAMP-006,,,,,,,false,4,genie/puppy/donations.csv,campaign_id,2026.07.19.3
BISCUIT_RELIEF,PUPPY,DON-00114,donated_at,TIMESTAMP,,,,,,2025-03-22T08:00:00Z,,false,5,genie/puppy/donations.csv,donated_at,2026.07.19.3
BISCUIT_RELIEF,PUPPY,DON-00114,amount,DECIMAL,,,7450.00,,,,,false,6,genie/puppy/donations.csv,amount,2026.07.19.3
BISCUIT_RELIEF,PUPPY,DON-00114,currency,STRING,BSC,,,,,,,false,7,genie/puppy/donations.csv,currency,2026.07.19.3
BISCUIT_RELIEF,PUPPY,DON-00114,processor_merchant_id,STRING,MER-6104,,,,,,,false,8,genie/puppy/donations.csv,processor_merchant_id,2026.07.19.3
BISCUIT_RELIEF,PUPPY,DON-00114,source_account_id,STRING,A-GIDEON-2124,,,,,,,false,9,genie/puppy/donations.csv,source_account_id,2026.07.19.3
BISCUIT_RELIEF,PUPPY,DON-00114,processor_clearing_account_id,STRING,A-PROC-6104,,,,,,,false,10,genie/puppy/donations.csv,processor_clearing_account_id,2026.07.19.3
BISCUIT_RELIEF,PUPPY,DON-00114,donor_message,NULL,,,,,,,null,false,11,genie/puppy/donations.csv,donor_message,2026.07.19.3
BISCUIT_RELIEF,PUPPY,DON-00114,source_system_id,STRING,PAYMENT_PROCESSOR,,,,,,,false,12,genie/puppy/donations.csv,source_system_id,2026.07.19.3
BISCUIT_RELIEF,PUPPY,DON-00122,donation_id,STRING,DON-00122,,,,,,,false,1,genie/puppy/donations.csv,donation_id,2026.07.19.3
BISCUIT_RELIEF,PUPPY,DON-00122,donor_record_id,STRING,PR-HOPE-03,,,,,,,false,2,genie/puppy/donations.csv,donor_record_id,2026.07.19.3
BISCUIT_RELIEF,PUPPY,DON-00122,donation_page_id,STRING,PAGE-002,,,,,,,false,3,genie/puppy/donations.csv,donation_page_id,2026.07.19.3
BISCUIT_RELIEF,PUPPY,DON-00122,campaign_id,STRING,CAMP-002,,,,,,,false,4,genie/puppy/donations.csv,campaign_id,2026.07.19.3
BISCUIT_RELIEF,PUPPY,DON-00122,donated_at,TIMESTAMP,,,,,,2025-03-27T00:00:00Z,,false,5,genie/puppy/donations.csv,donated_at,2026.07.19.3
BISCUIT_RELIEF,PUPPY,DON-00122,amount,DECIMAL,,,4300.00,,,,,false,6,genie/puppy/donations.csv,amount,2026.07.19.3
BISCUIT_RELIEF,PUPPY,DON-00122,currency,STRING,BSC,,,,,,,false,7,genie/puppy/donations.csv,currency,2026.07.19.3
BISCUIT_RELIEF,PUPPY,DON-00122,processor_merchant_id,STRING,MER-6104,,,,,,,false,8,genie/puppy/donations.csv,processor_merchant_id,2026.07.19.3
BISCUIT_RELIEF,PUPPY,DON-00122,source_account_id,STRING,A-HOPE-2031,,,,,,,false,9,genie/puppy/donations.csv,source_account_id,2026.07.19.3
BISCUIT_RELIEF,PUPPY,DON-00122,processor_clearing_account_id,STRING,A-PROC-6104,,,,,,,false,10,genie/puppy/donations.csv,processor_clearing_account_id,2026.07.19.3
BISCUIT_RELIEF,PUPPY,DON-00122,donor_message,NULL,,,,,,,null,false,11,genie/puppy/donations.csv,donor_message,2026.07.19.3
BISCUIT_RELIEF,PUPPY,DON-00122,source_system_id,STRING,PAYMENT_PROCESSOR,,,,,,,false,12,genie/puppy/donations.csv,source_system_id,2026.07.19.3
BISCUIT_RELIEF,PUPPY,DON-00123,donation_id,STRING,DON-00123,,,,,,,false,1,genie/puppy/donations.csv,donation_id,2026.07.19.3
BISCUIT_RELIEF,PUPPY,DON-00123,donor_record_id,STRING,PR-LEO-01,,,,,,,false,2,genie/puppy/donations.csv,donor_record_id,2026.07.19.3
BISCUIT_RELIEF,PUPPY,DON-00123,donation_page_id,STRING,PAGE-003,,,,,,,false,3,genie/puppy/donations.csv,donation_page_id,2026.07.19.3
BISCUIT_RELIEF,PUPPY,DON-00123,campaign_id,STRING,CAMP-003,,,,,,,false,4,genie/puppy/donations.csv,campaign_id,2026.07.19.3
BISCUIT_RELIEF,PUPPY,DON-00123,donated_at,TIMESTAMP,,,,,,2025-03-27T14:00:00Z,,false,5,genie/puppy/donations.csv,donated_at,2026.07.19.3
BISCUIT_RELIEF,PUPPY,DON-00123,amount,DECIMAL,,,4950.00,,,,,false,6,genie/puppy/donations.csv,amount,2026.07.19.3
BISCUIT_RELIEF,PUPPY,DON-00123,currency,STRING,BSC,,,,,,,false,7,genie/puppy/donations.csv,currency,2026.07.19.3
BISCUIT_RELIEF,PUPPY,DON-00123,processor_merchant_id,STRING,MER-6104,,,,,,,false,8,genie/puppy/donations.csv,processor_merchant_id,2026.07.19.3
BISCUIT_RELIEF,PUPPY,DON-00123,source_account_id,STRING,A-LEO-2062,,,,,,,false,9,genie/puppy/donations.csv,source_account_id,2026.07.19.3
BISCUIT_RELIEF,PUPPY,DON-00123,processor_clearing_account_id,STRING,A-PROC-6104,,,,,,,false,10,genie/puppy/donations.csv,processor_clearing_account_id,2026.07.19.3
BISCUIT_RELIEF,PUPPY,DON-00123,donor_message,NULL,,,,,,,null,false,11,genie/puppy/donations.csv,donor_message,2026.07.19.3
BISCUIT_RELIEF,PUPPY,DON-00123,source_system_id,STRING,PAYMENT_PROCESSOR,,,,,,,false,12,genie/puppy/donations.csv,source_system_id,2026.07.19.3
BISCUIT_RELIEF,PUPPY,DON-00124,donation_id,STRING,DON-00124,,,,,,,false,1,genie/puppy/donations.csv,donation_id,2026.07.19.3
BISCUIT_RELIEF,PUPPY,DON-00124,donor_record_id,STRING,PR-RUBY-01,,,,,,,false,2,genie/puppy/donations.csv,donor_record_id,2026.07.19.3
BISCUIT_RELIEF,PUPPY,DON-00124,donation_page_id,STRING,PAGE-004,,,,,,,false,3,genie/puppy/donations.csv,donation_page_id,2026.07.19.3
BISCUIT_RELIEF,PUPPY,DON-00124,campaign_id,STRING,CAMP-004,,,,,,,false,4,genie/puppy/donations.csv,campaign_id,2026.07.19.3
BISCUIT_RELIEF,PUPPY,DON-00124,donated_at,TIMESTAMP,,,,,,2025-03-28T04:00:00Z,,false,5,genie/puppy/donations.csv,donated_at,2026.07.19.3
BISCUIT_RELIEF,PUPPY,DON-00124,amount,DECIMAL,,,5600.00,,,,,false,6,genie/puppy/donations.csv,amount,2026.07.19.3
BISCUIT_RELIEF,PUPPY,DON-00124,currency,STRING,BSC,,,,,,,false,7,genie/puppy/donations.csv,currency,2026.07.19.3
BISCUIT_RELIEF,PUPPY,DON-00124,processor_merchant_id,STRING,MER-6104,,,,,,,false,8,genie/puppy/donations.csv,processor_merchant_id,2026.07.19.3
BISCUIT_RELIEF,PUPPY,DON-00124,source_account_id,STRING,A-RUBY-2093,,,,,,,false,9,genie/puppy/donations.csv,source_account_id,2026.07.19.3
BISCUIT_RELIEF,PUPPY,DON-00124,processor_clearing_account_id,STRING,A-PROC-6104,,,,,,,false,10,genie/puppy/donations.csv,processor_clearing_account_id,2026.07.19.3
BISCUIT_RELIEF,PUPPY,DON-00124,donor_message,NULL,,,,,,,null,false,11,genie/puppy/donations.csv,donor_message,2026.07.19.3
BISCUIT_RELIEF,PUPPY,DON-00124,source_system_id,STRING,PAYMENT_PROCESSOR,,,,,,,false,12,genie/puppy/donations.csv,source_system_id,2026.07.19.3
BISCUIT_RELIEF,PUPPY,DON-00125,donation_id,STRING,DON-00125,,,,,,,false,1,genie/puppy/donations.csv,donation_id,2026.07.19.3
BISCUIT_RELIEF,PUPPY,DON-00125,donor_record_id,STRING,PR-GIDEON-01,,,,,,,false,2,genie/puppy/donations.csv,donor_record_id,2026.07.19.3
BISCUIT_RELIEF,PUPPY,DON-00125,donation_page_id,STRING,PAGE-005,,,,,,,false,3,genie/puppy/donations.csv,donation_page_id,2026.07.19.3
BISCUIT_RELIEF,PUPPY,DON-00125,campaign_id,STRING,CAMP-005,,,,,,,false,4,genie/puppy/donations.csv,campaign_id,2026.07.19.3
BISCUIT_RELIEF,PUPPY,DON-00125,donated_at,TIMESTAMP,,,,,,2025-03-28T18:00:00Z,,false,5,genie/puppy/donations.csv,donated_at,2026.07.19.3
BISCUIT_RELIEF,PUPPY,DON-00125,amount,DECIMAL,,,6250.00,,,,,false,6,genie/puppy/donations.csv,amount,2026.07.19.3
BISCUIT_RELIEF,PUPPY,DON-00125,currency,STRING,BSC,,,,,,,false,7,genie/puppy/donations.csv,currency,2026.07.19.3
BISCUIT_RELIEF,PUPPY,DON-00125,processor_merchant_id,STRING,MER-6104,,,,,,,false,8,genie/puppy/donations.csv,processor_merchant_id,2026.07.19.3
BISCUIT_RELIEF,PUPPY,DON-00125,source_account_id,STRING,A-GIDEON-2124,,,,,,,false,9,genie/puppy/donations.csv,source_account_id,2026.07.19.3
BISCUIT_RELIEF,PUPPY,DON-00125,processor_clearing_account_id,STRING,A-PROC-6104,,,,,,,false,10,genie/puppy/donations.csv,processor_clearing_account_id,2026.07.19.3
BISCUIT_RELIEF,PUPPY,DON-00125,donor_message,STRING,Please use this for emergency food and shelter.,,,,,,,false,11,genie/puppy/donations.csv,donor_message,2026.07.19.3
BISCUIT_RELIEF,PUPPY,DON-00125,source_system_id,STRING,PAYMENT_PROCESSOR,,,,,,,false,12,genie/puppy/donations.csv,source_system_id,2026.07.19.3
BISCUIT_RELIEF,PUPPY,DON-00133,donation_id,STRING,DON-00133,,,,,,,false,1,genie/puppy/donations.csv,donation_id,2026.07.19.3
BISCUIT_RELIEF,PUPPY,DON-00133,donor_record_id,STRING,PR-HOPE-03,,,,,,,false,2,genie/puppy/donations.csv,donor_record_id,2026.07.19.3
BISCUIT_RELIEF,PUPPY,DON-00133,donation_page_id,STRING,PAGE-001,,,,,,,false,3,genie/puppy/donations.csv,donation_page_id,2026.07.19.3
BISCUIT_RELIEF,PUPPY,DON-00133,campaign_id,STRING,CAMP-001,,,,,,,false,4,genie/puppy/donations.csv,campaign_id,2026.07.19.3
BISCUIT_RELIEF,PUPPY,DON-00133,donated_at,TIMESTAMP,,,,,,2025-04-02T10:00:00Z,,false,5,genie/puppy/donations.csv,donated_at,2026.07.19.3
BISCUIT_RELIEF,PUPPY,DON-00133,amount,DECIMAL,,,3000.00,,,,,false,6,genie/puppy/donations.csv,amount,2026.07.19.3
BISCUIT_RELIEF,PUPPY,DON-00133,currency,STRING,BSC,,,,,,,false,7,genie/puppy/donations.csv,currency,2026.07.19.3
BISCUIT_RELIEF,PUPPY,DON-00133,processor_merchant_id,STRING,MER-6104,,,,,,,false,8,genie/puppy/donations.csv,processor_merchant_id,2026.07.19.3
BISCUIT_RELIEF,PUPPY,DON-00133,source_account_id,STRING,A-HOPE-2031,,,,,,,false,9,genie/puppy/donations.csv,source_account_id,2026.07.19.3
BISCUIT_RELIEF,PUPPY,DON-00133,processor_clearing_account_id,STRING,A-PROC-6104,,,,,,,false,10,genie/puppy/donations.csv,processor_clearing_account_id,2026.07.19.3
BISCUIT_RELIEF,PUPPY,DON-00133,donor_message,STRING,Please use this for emergency food and shelter.,,,,,,,false,11,genie/puppy/donations.csv,donor_message,2026.07.19.3
BISCUIT_RELIEF,PUPPY,DON-00133,source_system_id,STRING,PAYMENT_PROCESSOR,,,,,,,false,12,genie/puppy/donations.csv,source_system_id,2026.07.19.3
BISCUIT_RELIEF,PUPPY,DON-00134,donation_id,STRING,DON-00134,,,,,,,false,1,genie/puppy/donations.csv,donation_id,2026.07.19.3
BISCUIT_RELIEF,PUPPY,DON-00134,donor_record_id,STRING,PR-LEO-01,,,,,,,false,2,genie/puppy/donations.csv,donor_record_id,2026.07.19.3
BISCUIT_RELIEF,PUPPY,DON-00134,donation_page_id,STRING,PAGE-002,,,,,,,false,3,genie/puppy/donations.csv,donation_page_id,2026.07.19.3
BISCUIT_RELIEF,PUPPY,DON-00134,campaign_id,STRING,CAMP-002,,,,,,,false,4,genie/puppy/donations.csv,campaign_id,2026.07.19.3
BISCUIT_RELIEF,PUPPY,DON-00134,donated_at,TIMESTAMP,,,,,,2025-04-03T00:00:00Z,,false,5,genie/puppy/donations.csv,donated_at,2026.07.19.3
BISCUIT_RELIEF,PUPPY,DON-00134,amount,DECIMAL,,,3650.00,,,,,false,6,genie/puppy/donations.csv,amount,2026.07.19.3
BISCUIT_RELIEF,PUPPY,DON-00134,currency,STRING,BSC,,,,,,,false,7,genie/puppy/donations.csv,currency,2026.07.19.3
BISCUIT_RELIEF,PUPPY,DON-00134,processor_merchant_id,STRING,MER-6104,,,,,,,false,8,genie/puppy/donations.csv,processor_merchant_id,2026.07.19.3
BISCUIT_RELIEF,PUPPY,DON-00134,source_account_id,STRING,A-LEO-2062,,,,,,,false,9,genie/puppy/donations.csv,source_account_id,2026.07.19.3
BISCUIT_RELIEF,PUPPY,DON-00134,processor_clearing_account_id,STRING,A-PROC-6104,,,,,,,false,10,genie/puppy/donations.csv,processor_clearing_account_id,2026.07.19.3
BISCUIT_RELIEF,PUPPY,DON-00134,donor_message,NULL,,,,,,,null,false,11,genie/puppy/donations.csv,donor_message,2026.07.19.3
BISCUIT_RELIEF,PUPPY,DON-00134,source_system_id,STRING,PAYMENT_PROCESSOR,,,,,,,false,12,genie/puppy/donations.csv,source_system_id,2026.07.19.3
BISCUIT_RELIEF,PUPPY,DON-00135,donation_id,STRING,DON-00135,,,,,,,false,1,genie/puppy/donations.csv,donation_id,2026.07.19.3
BISCUIT_RELIEF,PUPPY,DON-00135,donor_record_id,STRING,PR-RUBY-01,,,,,,,false,2,genie/puppy/donations.csv,donor_record_id,2026.07.19.3
BISCUIT_RELIEF,PUPPY,DON-00135,donation_page_id,STRING,PAGE-003,,,,,,,false,3,genie/puppy/donations.csv,donation_page_id,2026.07.19.3
BISCUIT_RELIEF,PUPPY,DON-00135,campaign_id,STRING,CAMP-003,,,,,,,false,4,genie/puppy/donations.csv,campaign_id,2026.07.19.3
BISCUIT_RELIEF,PUPPY,DON-00135,donated_at,TIMESTAMP,,,,,,2025-04-03T14:00:00Z,,false,5,genie/puppy/donations.csv,donated_at,2026.07.19.3
BISCUIT_RELIEF,PUPPY,DON-00135,amount,DECIMAL,,,4300.00,,,,,false,6,genie/puppy/donations.csv,amount,2026.07.19.3
BISCUIT_RELIEF,PUPPY,DON-00135,currency,STRING,BSC,,,,,,,false,7,genie/puppy/donations.csv,currency,2026.07.19.3
BISCUIT_RELIEF,PUPPY,DON-00135,processor_merchant_id,STRING,MER-6104,,,,,,,false,8,genie/puppy/donations.csv,processor_merchant_id,2026.07.19.3
BISCUIT_RELIEF,PUPPY,DON-00135,source_account_id,STRING,A-RUBY-2093,,,,,,,false,9,genie/puppy/donations.csv,source_account_id,2026.07.19.3
BISCUIT_RELIEF,PUPPY,DON-00135,processor_clearing_account_id,STRING,A-PROC-6104,,,,,,,false,10,genie/puppy/donations.csv,processor_clearing_account_id,2026.07.19.3
BISCUIT_RELIEF,PUPPY,DON-00135,donor_message,NULL,,,,,,,null,false,11,genie/puppy/donations.csv,donor_message,2026.07.19.3
BISCUIT_RELIEF,PUPPY,DON-00135,source_system_id,STRING,PAYMENT_PROCESSOR,,,,,,,false,12,genie/puppy/donations.csv,source_system_id,2026.07.19.3
BISCUIT_RELIEF,PUPPY,DON-00136,donation_id,STRING,DON-00136,,,,,,,false,1,genie/puppy/donations.csv,donation_id,2026.07.19.3
BISCUIT_RELIEF,PUPPY,DON-00136,donor_record_id,STRING,PR-GIDEON-01,,,,,,,false,2,genie/puppy/donations.csv,donor_record_id,2026.07.19.3
BISCUIT_RELIEF,PUPPY,DON-00136,donation_page_id,STRING,PAGE-001,,,,,,,false,3,genie/puppy/donations.csv,donation_page_id,2026.07.19.3
BISCUIT_RELIEF,PUPPY,DON-00136,campaign_id,STRING,CAMP-001,,,,,,,false,4,genie/puppy/donations.csv,campaign_id,2026.07.19.3
BISCUIT_RELIEF,PUPPY,DON-00136,donated_at,TIMESTAMP,,,,,,2025-04-04T04:00:00Z,,false,5,genie/puppy/donations.csv,donated_at,2026.07.19.3
BISCUIT_RELIEF,PUPPY,DON-00136,amount,DECIMAL,,,4950.00,,,,,false,6,genie/puppy/donations.csv,amount,2026.07.19.3
BISCUIT_RELIEF,PUPPY,DON-00136,currency,STRING,BSC,,,,,,,false,7,genie/puppy/donations.csv,currency,2026.07.19.3
BISCUIT_RELIEF,PUPPY,DON-00136,processor_merchant_id,STRING,MER-6104,,,,,,,false,8,genie/puppy/donations.csv,processor_merchant_id,2026.07.19.3
BISCUIT_RELIEF,PUPPY,DON-00136,source_account_id,STRING,A-GIDEON-2124,,,,,,,false,9,genie/puppy/donations.csv,source_account_id,2026.07.19.3
BISCUIT_RELIEF,PUPPY,DON-00136,processor_clearing_account_id,STRING,A-PROC-6104,,,,,,,false,10,genie/puppy/donations.csv,processor_clearing_account_id,2026.07.19.3
BISCUIT_RELIEF,PUPPY,DON-00136,donor_message,NULL,,,,,,,null,false,11,genie/puppy/donations.csv,donor_message,2026.07.19.3
BISCUIT_RELIEF,PUPPY,DON-00136,source_system_id,STRING,PAYMENT_PROCESSOR,,,,,,,false,12,genie/puppy/donations.csv,source_system_id,2026.07.19.3
BISCUIT_RELIEF,PUPPY,DON-00144,donation_id,STRING,DON-00144,,,,,,,false,1,genie/puppy/donations.csv,donation_id,2026.07.19.3
BISCUIT_RELIEF,PUPPY,DON-00144,donor_record_id,STRING,PR-HOPE-03,,,,,,,false,2,genie/puppy/donations.csv,donor_record_id,2026.07.19.3
BISCUIT_RELIEF,PUPPY,DON-00144,donation_page_id,STRING,PAGE-009,,,,,,,false,3,genie/puppy/donations.csv,donation_page_id,2026.07.19.3
BISCUIT_RELIEF,PUPPY,DON-00144,campaign_id,STRING,CAMP-009,,,,,,,false,4,genie/puppy/donations.csv,campaign_id,2026.07.19.3
BISCUIT_RELIEF,PUPPY,DON-00144,donated_at,TIMESTAMP,,,,,,2025-04-08T20:00:00Z,,false,5,genie/puppy/donations.csv,donated_at,2026.07.19.3
BISCUIT_RELIEF,PUPPY,DON-00144,amount,DECIMAL,,,1700.00,,,,,false,6,genie/puppy/donations.csv,amount,2026.07.19.3
BISCUIT_RELIEF,PUPPY,DON-00144,currency,STRING,BSC,,,,,,,false,7,genie/puppy/donations.csv,currency,2026.07.19.3
BISCUIT_RELIEF,PUPPY,DON-00144,processor_merchant_id,STRING,MER-6104,,,,,,,false,8,genie/puppy/donations.csv,processor_merchant_id,2026.07.19.3
BISCUIT_RELIEF,PUPPY,DON-00144,source_account_id,STRING,A-HOPE-2031,,,,,,,false,9,genie/puppy/donations.csv,source_account_id,2026.07.19.3
BISCUIT_RELIEF,PUPPY,DON-00144,processor_clearing_account_id,STRING,A-PROC-6104,,,,,,,false,10,genie/puppy/donations.csv,processor_clearing_account_id,2026.07.19.3
BISCUIT_RELIEF,PUPPY,DON-00144,donor_message,NULL,,,,,,,null,false,11,genie/puppy/donations.csv,donor_message,2026.07.19.3
BISCUIT_RELIEF,PUPPY,DON-00144,source_system_id,STRING,PAYMENT_PROCESSOR,,,,,,,false,12,genie/puppy/donations.csv,source_system_id,2026.07.19.3
BISCUIT_RELIEF,PUPPY,DON-00145,donation_id,STRING,DON-00145,,,,,,,false,1,genie/puppy/donations.csv,donation_id,2026.07.19.3
BISCUIT_RELIEF,PUPPY,DON-00145,donor_record_id,STRING,PR-LEO-01,,,,,,,false,2,genie/puppy/donations.csv,donor_record_id,2026.07.19.3
BISCUIT_RELIEF,PUPPY,DON-00145,donation_page_id,STRING,PAGE-010,,,,,,,false,3,genie/puppy/donations.csv,donation_page_id,2026.07.19.3
BISCUIT_RELIEF,PUPPY,DON-00145,campaign_id,STRING,CAMP-010,,,,,,,false,4,genie/puppy/donations.csv,campaign_id,2026.07.19.3
BISCUIT_RELIEF,PUPPY,DON-00145,donated_at,TIMESTAMP,,,,,,2025-04-09T10:00:00Z,,false,5,genie/puppy/donations.csv,donated_at,2026.07.19.3
BISCUIT_RELIEF,PUPPY,DON-00145,amount,DECIMAL,,,2350.00,,,,,false,6,genie/puppy/donations.csv,amount,2026.07.19.3
BISCUIT_RELIEF,PUPPY,DON-00145,currency,STRING,BSC,,,,,,,false,7,genie/puppy/donations.csv,currency,2026.07.19.3
BISCUIT_RELIEF,PUPPY,DON-00145,processor_merchant_id,STRING,MER-6104,,,,,,,false,8,genie/puppy/donations.csv,processor_merchant_id,2026.07.19.3
BISCUIT_RELIEF,PUPPY,DON-00145,source_account_id,STRING,A-LEO-2062,,,,,,,false,9,genie/puppy/donations.csv,source_account_id,2026.07.19.3
BISCUIT_RELIEF,PUPPY,DON-00145,processor_clearing_account_id,STRING,A-PROC-6104,,,,,,,false,10,genie/puppy/donations.csv,processor_clearing_account_id,2026.07.19.3
BISCUIT_RELIEF,PUPPY,DON-00145,donor_message,STRING,Please use this for emergency food and shelter.,,,,,,,false,11,genie/puppy/donations.csv,donor_message,2026.07.19.3
BISCUIT_RELIEF,PUPPY,DON-00145,source_system_id,STRING,PAYMENT_PROCESSOR,,,,,,,false,12,genie/puppy/donations.csv,source_system_id,2026.07.19.3
BISCUIT_RELIEF,PUPPY,DON-00146,donation_id,STRING,DON-00146,,,,,,,false,1,genie/puppy/donations.csv,donation_id,2026.07.19.3
BISCUIT_RELIEF,PUPPY,DON-00146,donor_record_id,STRING,PR-RUBY-01,,,,,,,false,2,genie/puppy/donations.csv,donor_record_id,2026.07.19.3
BISCUIT_RELIEF,PUPPY,DON-00146,donation_page_id,STRING,PAGE-011,,,,,,,false,3,genie/puppy/donations.csv,donation_page_id,2026.07.19.3
BISCUIT_RELIEF,PUPPY,DON-00146,campaign_id,STRING,CAMP-011,,,,,,,false,4,genie/puppy/donations.csv,campaign_id,2026.07.19.3
BISCUIT_RELIEF,PUPPY,DON-00146,donated_at,TIMESTAMP,,,,,,2025-04-10T00:00:00Z,,false,5,genie/puppy/donations.csv,donated_at,2026.07.19.3
BISCUIT_RELIEF,PUPPY,DON-00146,amount,DECIMAL,,,3000.00,,,,,false,6,genie/puppy/donations.csv,amount,2026.07.19.3
BISCUIT_RELIEF,PUPPY,DON-00146,currency,STRING,BSC,,,,,,,false,7,genie/puppy/donations.csv,currency,2026.07.19.3
BISCUIT_RELIEF,PUPPY,DON-00146,processor_merchant_id,STRING,MER-6104,,,,,,,false,8,genie/puppy/donations.csv,processor_merchant_id,2026.07.19.3
BISCUIT_RELIEF,PUPPY,DON-00146,source_account_id,STRING,A-RUBY-2093,,,,,,,false,9,genie/puppy/donations.csv,source_account_id,2026.07.19.3
BISCUIT_RELIEF,PUPPY,DON-00146,processor_clearing_account_id,STRING,A-PROC-6104,,,,,,,false,10,genie/puppy/donations.csv,processor_clearing_account_id,2026.07.19.3
BISCUIT_RELIEF,PUPPY,DON-00146,donor_message,NULL,,,,,,,null,false,11,genie/puppy/donations.csv,donor_message,2026.07.19.3
BISCUIT_RELIEF,PUPPY,DON-00146,source_system_id,STRING,PAYMENT_PROCESSOR,,,,,,,false,12,genie/puppy/donations.csv,source_system_id,2026.07.19.3
BISCUIT_RELIEF,PUPPY,DON-00147,donation_id,STRING,DON-00147,,,,,,,false,1,genie/puppy/donations.csv,donation_id,2026.07.19.3
BISCUIT_RELIEF,PUPPY,DON-00147,donor_record_id,STRING,PR-GIDEON-01,,,,,,,false,2,genie/puppy/donations.csv,donor_record_id,2026.07.19.3
BISCUIT_RELIEF,PUPPY,DON-00147,donation_page_id,STRING,PAGE-012,,,,,,,false,3,genie/puppy/donations.csv,donation_page_id,2026.07.19.3
BISCUIT_RELIEF,PUPPY,DON-00147,campaign_id,STRING,CAMP-012,,,,,,,false,4,genie/puppy/donations.csv,campaign_id,2026.07.19.3
BISCUIT_RELIEF,PUPPY,DON-00147,donated_at,TIMESTAMP,,,,,,2025-04-10T14:00:00Z,,false,5,genie/puppy/donations.csv,donated_at,2026.07.19.3
BISCUIT_RELIEF,PUPPY,DON-00147,amount,DECIMAL,,,3650.00,,,,,false,6,genie/puppy/donations.csv,amount,2026.07.19.3
BISCUIT_RELIEF,PUPPY,DON-00147,currency,STRING,BSC,,,,,,,false,7,genie/puppy/donations.csv,currency,2026.07.19.3
BISCUIT_RELIEF,PUPPY,DON-00147,processor_merchant_id,STRING,MER-6104,,,,,,,false,8,genie/puppy/donations.csv,processor_merchant_id,2026.07.19.3
BISCUIT_RELIEF,PUPPY,DON-00147,source_account_id,STRING,A-GIDEON-2124,,,,,,,false,9,genie/puppy/donations.csv,source_account_id,2026.07.19.3
BISCUIT_RELIEF,PUPPY,DON-00147,processor_clearing_account_id,STRING,A-PROC-6104,,,,,,,false,10,genie/puppy/donations.csv,processor_clearing_account_id,2026.07.19.3
BISCUIT_RELIEF,PUPPY,DON-00147,donor_message,NULL,,,,,,,null,false,11,genie/puppy/donations.csv,donor_message,2026.07.19.3
BISCUIT_RELIEF,PUPPY,DON-00147,source_system_id,STRING,PAYMENT_PROCESSOR,,,,,,,false,12,genie/puppy/donations.csv,source_system_id,2026.07.19.3
BISCUIT_RELIEF,PUPPY,PR-ARLO-01,record_id,STRING,PR-ARLO-01,,,,,,,false,1,genie/puppy/entities.csv,record_id,2026.07.19.3
BISCUIT_RELIEF,PUPPY,PR-ARLO-01,entity_type,STRING,PERSON_RECORD,,,,,,,false,2,genie/puppy/entities.csv,entity_type,2026.07.19.3
BISCUIT_RELIEF,PUPPY,PR-ARLO-01,display_name,STRING,Arlo Airedale,,,,,,,false,3,genie/puppy/entities.csv,display_name,2026.07.19.3
BISCUIT_RELIEF,PUPPY,PR-ARLO-01,source_system,STRING,CHARITY_REGISTRY,,,,,,,false,4,genie/puppy/entities.csv,source_system,2026.07.19.3
BISCUIT_RELIEF,PUPPY,PR-ARLO-01,email,STRING,arlo.airedale@greatbiscuitrelief.example,,,,,,,false,5,genie/puppy/entities.csv,email,2026.07.19.3
BISCUIT_RELIEF,PUPPY,PR-ARLO-01,phone,STRING,+1-555-0301,,,,,,,false,6,genie/puppy/entities.csv,phone,2026.07.19.3
BISCUIT_RELIEF,PUPPY,PR-ARLO-01,address,STRING,17 Lantern Quay,,,,,,,false,7,genie/puppy/entities.csv,address,2026.07.19.3
BISCUIT_RELIEF,PUPPY,PR-ARLO-01,recorded_at,DATE,,,,,2024-03-08,,,false,8,genie/puppy/entities.csv,recorded_at,2026.07.19.3
BISCUIT_RELIEF,PUPPY,PR-ARLO-02,record_id,STRING,PR-ARLO-02,,,,,,,false,1,genie/puppy/entities.csv,record_id,2026.07.19.3
BISCUIT_RELIEF,PUPPY,PR-ARLO-02,entity_type,STRING,PERSON_RECORD,,,,,,,false,2,genie/puppy/entities.csv,entity_type,2026.07.19.3
BISCUIT_RELIEF,PUPPY,PR-ARLO-02,display_name,STRING,Arlo J. Airedale,,,,,,,false,3,genie/puppy/entities.csv,display_name,2026.07.19.3
BISCUIT_RELIEF,PUPPY,PR-ARLO-02,source_system,STRING,BANK_KYC,,,,,,,false,4,genie/puppy/entities.csv,source_system,2026.07.19.3
BISCUIT_RELIEF,PUPPY,PR-ARLO-02,email,STRING,arlo.private@houndmail.example,,,,,,,false,5,genie/puppy/entities.csv,email,2026.07.19.3
BISCUIT_RELIEF,PUPPY,PR-ARLO-02,phone,STRING,+1-555-0391,,,,,,,false,6,genie/puppy/entities.csv,phone,2026.07.19.3
BISCUIT_RELIEF,PUPPY,PR-ARLO-02,address,STRING,9 Velvet Crescent,,,,,,,false,7,genie/puppy/entities.csv,address,2026.07.19.3
BISCUIT_RELIEF,PUPPY,PR-ARLO-02,recorded_at,DATE,,,,,2024-03-31,,,false,8,genie/puppy/entities.csv,recorded_at,2026.07.19.3
BISCUIT_RELIEF,PUPPY,PR-ARLO-03,record_id,STRING,PR-ARLO-03,,,,,,,false,1,genie/puppy/entities.csv,record_id,2026.07.19.3
BISCUIT_RELIEF,PUPPY,PR-ARLO-03,entity_type,STRING,PERSON_RECORD,,,,,,,false,2,genie/puppy/entities.csv,entity_type,2026.07.19.3
BISCUIT_RELIEF,PUPPY,PR-ARLO-03,display_name,STRING,arlo.gives,,,,,,,false,3,genie/puppy/entities.csv,display_name,2026.07.19.3
BISCUIT_RELIEF,PUPPY,PR-ARLO-03,source_system,STRING,EMAIL,,,,,,,false,4,genie/puppy/entities.csv,source_system,2026.07.19.3
BISCUIT_RELIEF,PUPPY,PR-ARLO-03,email,STRING,arlo.gives@greatbiscuitrelief.example,,,,,,,false,5,genie/puppy/entities.csv,email,2026.07.19.3
BISCUIT_RELIEF,PUPPY,PR-ARLO-03,phone,STRING,+1-555-0301,,,,,,,false,6,genie/puppy/entities.csv,phone,2026.07.19.3
BISCUIT_RELIEF,PUPPY,PR-ARLO-03,address,STRING,17 Lantern Quay,,,,,,,false,7,genie/puppy/entities.csv,address,2026.07.19.3
BISCUIT_RELIEF,PUPPY,PR-ARLO-03,recorded_at,DATE,,,,,2024-04-23,,,false,8,genie/puppy/entities.csv,recorded_at,2026.07.19.3
BISCUIT_RELIEF,PUPPY,PR-ARLO-04,record_id,STRING,PR-ARLO-04,,,,,,,false,1,genie/puppy/entities.csv,record_id,2026.07.19.3
BISCUIT_RELIEF,PUPPY,PR-ARLO-04,entity_type,STRING,PERSON_RECORD,,,,,,,false,2,genie/puppy/entities.csv,entity_type,2026.07.19.3
BISCUIT_RELIEF,PUPPY,PR-ARLO-04,display_name,STRING,A. Airedale,,,,,,,false,3,genie/puppy/entities.csv,display_name,2026.07.19.3
BISCUIT_RELIEF,PUPPY,PR-ARLO-04,source_system,STRING,DOCUMENT_REPOSITORY,,,,,,,false,4,genie/puppy/entities.csv,source_system,2026.07.19.3
BISCUIT_RELIEF,PUPPY,PR-ARLO-04,email,STRING,arlo.airedale@greatbiscuitrelief.example,,,,,,,false,5,genie/puppy/entities.csv,email,2026.07.19.3
BISCUIT_RELIEF,PUPPY,PR-ARLO-04,phone,STRING,+1-555-0301,,,,,,,false,6,genie/puppy/entities.csv,phone,2026.07.19.3
BISCUIT_RELIEF,PUPPY,PR-ARLO-04,address,STRING,17 Lantern Quay,,,,,,,false,7,genie/puppy/entities.csv,address,2026.07.19.3
BISCUIT_RELIEF,PUPPY,PR-ARLO-04,recorded_at,DATE,,,,,2024-05-16,,,false,8,genie/puppy/entities.csv,recorded_at,2026.07.19.3
BISCUIT_RELIEF,PUPPY,PR-MINA-01,record_id,STRING,PR-MINA-01,,,,,,,false,1,genie/puppy/entities.csv,record_id,2026.07.19.3
BISCUIT_RELIEF,PUPPY,PR-MINA-01,entity_type,STRING,PERSON_RECORD,,,,,,,false,2,genie/puppy/entities.csv,entity_type,2026.07.19.3
BISCUIT_RELIEF,PUPPY,PR-MINA-01,display_name,STRING,Mina Maltese,,,,,,,false,3,genie/puppy/entities.csv,display_name,2026.07.19.3
BISCUIT_RELIEF,PUPPY,PR-MINA-01,source_system,STRING,CHARITY_REGISTRY,,,,,,,false,4,genie/puppy/entities.csv,source_system,2026.07.19.3
BISCUIT_RELIEF,PUPPY,PR-MINA-01,email,STRING,mina.maltese@greatbiscuitrelief.example,,,,,,,false,5,genie/puppy/entities.csv,email,2026.07.19.3
BISCUIT_RELIEF,PUPPY,PR-MINA-01,phone,STRING,+1-555-0302,,,,,,,false,6,genie/puppy/entities.csv,phone,2026.07.19.3
BISCUIT_RELIEF,PUPPY,PR-MINA-01,address,STRING,44 Campaign Lane,,,,,,,false,7,genie/puppy/entities.csv,address,2026.07.19.3
BISCUIT_RELIEF,PUPPY,PR-MINA-01,recorded_at,DATE,,,,,2024-03-08,,,false,8,genie/puppy/entities.csv,recorded_at,2026.07.19.3
BISCUIT_RELIEF,PUPPY,PR-MINA-02,record_id,STRING,PR-MINA-02,,,,,,,false,1,genie/puppy/entities.csv,record_id,2026.07.19.3
BISCUIT_RELIEF,PUPPY,PR-MINA-02,entity_type,STRING,PERSON_RECORD,,,,,,,false,2,genie/puppy/entities.csv,entity_type,2026.07.19.3
BISCUIT_RELIEF,PUPPY,PR-MINA-02,display_name,STRING,M. Maltese,,,,,,,false,3,genie/puppy/entities.csv,display_name,2026.07.19.3
BISCUIT_RELIEF,PUPPY,PR-MINA-02,source_system,STRING,AD_PLATFORM,,,,,,,false,4,genie/puppy/entities.csv,source_system,2026.07.19.3
BISCUIT_RELIEF,PUPPY,PR-MINA-02,email,STRING,mina@emberlight.example,,,,,,,false,5,genie/puppy/entities.csv,email,2026.07.19.3
BISCUIT_RELIEF,PUPPY,PR-MINA-02,phone,STRING,+1-555-0302,,,,,,,false,6,genie/puppy/entities.csv,phone,2026.07.19.3
BISCUIT_RELIEF,PUPPY,PR-MINA-02,address,STRING,8 Umbrella Yard,,,,,,,false,7,genie/puppy/entities.csv,address,2026.07.19.3
BISCUIT_RELIEF,PUPPY,PR-MINA-02,recorded_at,DATE,,,,,2024-03-31,,,false,8,genie/puppy/entities.csv,recorded_at,2026.07.19.3
BISCUIT_RELIEF,PUPPY,PR-MINA-03,record_id,STRING,PR-MINA-03,,,,,,,false,1,genie/puppy/entities.csv,record_id,2026.07.19.3
BISCUIT_RELIEF,PUPPY,PR-MINA-03,entity_type,STRING,PERSON_RECORD,,,,,,,false,2,genie/puppy/entities.csv,entity_type,2026.07.19.3
BISCUIT_RELIEF,PUPPY,PR-MINA-03,display_name,STRING,mina.campaigns,,,,,,,false,3,genie/puppy/entities.csv,display_name,2026.07.19.3
BISCUIT_RELIEF,PUPPY,PR-MINA-03,source_system,STRING,EMAIL,,,,,,,false,4,genie/puppy/entities.csv,source_system,2026.07.19.3
BISCUIT_RELIEF,PUPPY,PR-MINA-03,email,STRING,mina.campaigns@greatbiscuitrelief.example,,,,,,,false,5,genie/puppy/entities.csv,email,2026.07.19.3
BISCUIT_RELIEF,PUPPY,PR-MINA-03,phone,STRING,+1-555-0302,,,,,,,false,6,genie/puppy/entities.csv,phone,2026.07.19.3
BISCUIT_RELIEF,PUPPY,PR-MINA-03,address,STRING,17 Lantern Quay,,,,,,,false,7,genie/puppy/entities.csv,address,2026.07.19.3
BISCUIT_RELIEF,PUPPY,PR-MINA-03,recorded_at,DATE,,,,,2024-04-23,,,false,8,genie/puppy/entities.csv,recorded_at,2026.07.19.3
BISCUIT_RELIEF,PUPPY,PR-FELIX-01,record_id,STRING,PR-FELIX-01,,,,,,,false,1,genie/puppy/entities.csv,record_id,2026.07.19.3
BISCUIT_RELIEF,PUPPY,PR-FELIX-01,entity_type,STRING,PERSON_RECORD,,,,,,,false,2,genie/puppy/entities.csv,entity_type,2026.07.19.3
BISCUIT_RELIEF,PUPPY,PR-FELIX-01,display_name,STRING,Felix Foxhound,,,,,,,false,3,genie/puppy/entities.csv,display_name,2026.07.19.3
BISCUIT_RELIEF,PUPPY,PR-FELIX-01,source_system,STRING,BANK_KYC,,,,,,,false,4,genie/puppy/entities.csv,source_system,2026.07.19.3
BISCUIT_RELIEF,PUPPY,PR-FELIX-01,email,STRING,felix.foxhound@greatbiscuitrelief.example,,,,,,,false,5,genie/puppy/entities.csv,email,2026.07.19.3
BISCUIT_RELIEF,PUPPY,PR-FELIX-01,phone,STRING,+1-555-0303,,,,,,,false,6,genie/puppy/entities.csv,phone,2026.07.19.3
BISCUIT_RELIEF,PUPPY,PR-FELIX-01,address,STRING,61 Ledger Row,,,,,,,false,7,genie/puppy/entities.csv,address,2026.07.19.3
BISCUIT_RELIEF,PUPPY,PR-FELIX-01,recorded_at,DATE,,,,,2024-03-08,,,false,8,genie/puppy/entities.csv,recorded_at,2026.07.19.3
BISCUIT_RELIEF,PUPPY,PR-FELIX-02,record_id,STRING,PR-FELIX-02,,,,,,,false,1,genie/puppy/entities.csv,record_id,2026.07.19.3
BISCUIT_RELIEF,PUPPY,PR-FELIX-02,entity_type,STRING,PERSON_RECORD,,,,,,,false,2,genie/puppy/entities.csv,entity_type,2026.07.19.3
BISCUIT_RELIEF,PUPPY,PR-FELIX-02,display_name,STRING,F. Foxhound,,,,,,,false,3,genie/puppy/entities.csv,display_name,2026.07.19.3
BISCUIT_RELIEF,PUPPY,PR-FELIX-02,source_system,STRING,INVOICE_REPOSITORY,,,,,,,false,4,genie/puppy/entities.csv,source_system,2026.07.19.3
BISCUIT_RELIEF,PUPPY,PR-FELIX-02,email,STRING,felix@gildedleash.example,,,,,,,false,5,genie/puppy/entities.csv,email,2026.07.19.3
BISCUIT_RELIEF,PUPPY,PR-FELIX-02,phone,STRING,+1-555-0303,,,,,,,false,6,genie/puppy/entities.csv,phone,2026.07.19.3
BISCUIT_RELIEF,PUPPY,PR-FELIX-02,address,STRING,17 Lantern Quay,,,,,,,false,7,genie/puppy/entities.csv,address,2026.07.19.3
BISCUIT_RELIEF,PUPPY,PR-FELIX-02,recorded_at,DATE,,,,,2024-03-31,,,false,8,genie/puppy/entities.csv,recorded_at,2026.07.19.3
BISCUIT_RELIEF,PUPPY,PR-FELIX-03,record_id,STRING,PR-FELIX-03,,,,,,,false,1,genie/puppy/entities.csv,record_id,2026.07.19.3
BISCUIT_RELIEF,PUPPY,PR-FELIX-03,entity_type,STRING,PERSON_RECORD,,,,,,,false,2,genie/puppy/entities.csv,entity_type,2026.07.19.3
BISCUIT_RELIEF,PUPPY,PR-FELIX-03,display_name,STRING,felix.finance,,,,,,,false,3,genie/puppy/entities.csv,display_name,2026.07.19.3
BISCUIT_RELIEF,PUPPY,PR-FELIX-03,source_system,STRING,EMAIL,,,,,,,false,4,genie/puppy/entities.csv,source_system,2026.07.19.3
BISCUIT_RELIEF,PUPPY,PR-FELIX-03,email,STRING,felix.finance@greatbiscuitrelief.example,,,,,,,false,5,genie/puppy/entities.csv,email,2026.07.19.3
BISCUIT_RELIEF,PUPPY,PR-FELIX-03,phone,STRING,+1-555-0303,,,,,,,false,6,genie/puppy/entities.csv,phone,2026.07.19.3
BISCUIT_RELIEF,PUPPY,PR-FELIX-03,address,STRING,17 Lantern Quay,,,,,,,false,7,genie/puppy/entities.csv,address,2026.07.19.3
BISCUIT_RELIEF,PUPPY,PR-FELIX-03,recorded_at,DATE,,,,,2024-04-23,,,false,8,genie/puppy/entities.csv,recorded_at,2026.07.19.3
BISCUIT_RELIEF,PUPPY,PR-VIOLET-01,record_id,STRING,PR-VIOLET-01,,,,,,,false,1,genie/puppy/entities.csv,record_id,2026.07.19.3
BISCUIT_RELIEF,PUPPY,PR-VIOLET-01,entity_type,STRING,PERSON_RECORD,,,,,,,false,2,genie/puppy/entities.csv,entity_type,2026.07.19.3
BISCUIT_RELIEF,PUPPY,PR-VIOLET-01,display_name,STRING,Violet Vizsla,,,,,,,false,3,genie/puppy/entities.csv,display_name,2026.07.19.3
BISCUIT_RELIEF,PUPPY,PR-VIOLET-01,source_system,STRING,VOLUNTEER_PORTAL,,,,,,,false,4,genie/puppy/entities.csv,source_system,2026.07.19.3
BISCUIT_RELIEF,PUPPY,PR-VIOLET-01,email,STRING,violet.vizsla@communitybowl.example,,,,,,,false,5,genie/puppy/entities.csv,email,2026.07.19.3
BISCUIT_RELIEF,PUPPY,PR-VIOLET-01,phone,STRING,+1-555-0304,,,,,,,false,6,genie/puppy/entities.csv,phone,2026.07.19.3
BISCUIT_RELIEF,PUPPY,PR-VIOLET-01,address,STRING,31 Volunteer Walk,,,,,,,false,7,genie/puppy/entities.csv,address,2026.07.19.3
BISCUIT_RELIEF,PUPPY,PR-VIOLET-01,recorded_at,DATE,,,,,2024-03-08,,,false,8,genie/puppy/entities.csv,recorded_at,2026.07.19.3
BISCUIT_RELIEF,PUPPY,PR-VIOLET-02,record_id,STRING,PR-VIOLET-02,,,,,,,false,1,genie/puppy/entities.csv,record_id,2026.07.19.3
BISCUIT_RELIEF,PUPPY,PR-VIOLET-02,entity_type,STRING,PERSON_RECORD,,,,,,,false,2,genie/puppy/entities.csv,entity_type,2026.07.19.3
BISCUIT_RELIEF,PUPPY,PR-VIOLET-02,display_name,STRING,V. Vizsla,,,,,,,false,3,genie/puppy/entities.csv,display_name,2026.07.19.3
BISCUIT_RELIEF,PUPPY,PR-VIOLET-02,source_system,STRING,EMAIL,,,,,,,false,4,genie/puppy/entities.csv,source_system,2026.07.19.3
BISCUIT_RELIEF,PUPPY,PR-VIOLET-02,email,STRING,violet@greatbiscuitrelief.example,,,,,,,false,5,genie/puppy/entities.csv,email,2026.07.19.3
BISCUIT_RELIEF,PUPPY,PR-VIOLET-02,phone,STRING,+1-555-0304,,,,,,,false,6,genie/puppy/entities.csv,phone,2026.07.19.3
BISCUIT_RELIEF,PUPPY,PR-VIOLET-02,address,STRING,31 Volunteer Walk,,,,,,,false,7,genie/puppy/entities.csv,address,2026.07.19.3
BISCUIT_RELIEF,PUPPY,PR-VIOLET-02,recorded_at,DATE,,,,,2024-03-31,,,false,8,genie/puppy/entities.csv,recorded_at,2026.07.19.3
BISCUIT_RELIEF,PUPPY,PR-VIOLET-03,record_id,STRING,PR-VIOLET-03,,,,,,,false,1,genie/puppy/entities.csv,record_id,2026.07.19.3
BISCUIT_RELIEF,PUPPY,PR-VIOLET-03,entity_type,STRING,PERSON_RECORD,,,,,,,false,2,genie/puppy/entities.csv,entity_type,2026.07.19.3
BISCUIT_RELIEF,PUPPY,PR-VIOLET-03,display_name,STRING,Violet V.,,,,,,,false,3,genie/puppy/entities.csv,display_name,2026.07.19.3
BISCUIT_RELIEF,PUPPY,PR-VIOLET-03,source_system,STRING,WAREHOUSE_LOG,,,,,,,false,4,genie/puppy/entities.csv,source_system,2026.07.19.3
BISCUIT_RELIEF,PUPPY,PR-VIOLET-03,email,STRING,violet.vizsla@communitybowl.example,,,,,,,false,5,genie/puppy/entities.csv,email,2026.07.19.3
BISCUIT_RELIEF,PUPPY,PR-VIOLET-03,phone,STRING,+1-555-0304,,,,,,,false,6,genie/puppy/entities.csv,phone,2026.07.19.3
BISCUIT_RELIEF,PUPPY,PR-VIOLET-03,address,STRING,52 Warehouse Way,,,,,,,false,7,genie/puppy/entities.csv,address,2026.07.19.3
BISCUIT_RELIEF,PUPPY,PR-VIOLET-03,recorded_at,DATE,,,,,2024-04-23,,,false,8,genie/puppy/entities.csv,recorded_at,2026.07.19.3
BISCUIT_RELIEF,PUPPY,PR-HOPE-01,record_id,STRING,PR-HOPE-01,,,,,,,false,1,genie/puppy/entities.csv,record_id,2026.07.19.3
BISCUIT_RELIEF,PUPPY,PR-HOPE-01,entity_type,STRING,PERSON_RECORD,,,,,,,false,2,genie/puppy/entities.csv,entity_type,2026.07.19.3
BISCUIT_RELIEF,PUPPY,PR-HOPE-01,display_name,STRING,Hope Hound,,,,,,,false,3,genie/puppy/entities.csv,display_name,2026.07.19.3
BISCUIT_RELIEF,PUPPY,PR-HOPE-01,source_system,STRING,VOLUNTEER_PORTAL,,,,,,,false,4,genie/puppy/entities.csv,source_system,2026.07.19.3
BISCUIT_RELIEF,PUPPY,PR-HOPE-01,email,STRING,hope.hound@houndmail.example,,,,,,,false,5,genie/puppy/entities.csv,email,2026.07.19.3
BISCUIT_RELIEF,PUPPY,PR-HOPE-01,phone,STRING,+1-555-0310,,,,,,,false,6,genie/puppy/entities.csv,phone,2026.07.19.3
BISCUIT_RELIEF,PUPPY,PR-HOPE-01,address,STRING,8 Beacon Crescent,,,,,,,false,7,genie/puppy/entities.csv,address,2026.07.19.3
BISCUIT_RELIEF,PUPPY,PR-HOPE-01,recorded_at,DATE,,,,,2024-03-08,,,false,8,genie/puppy/entities.csv,recorded_at,2026.07.19.3
BISCUIT_RELIEF,PUPPY,PR-HOPE-02,record_id,STRING,PR-HOPE-02,,,,,,,false,1,genie/puppy/entities.csv,record_id,2026.07.19.3
BISCUIT_RELIEF,PUPPY,PR-HOPE-02,entity_type,STRING,PERSON_RECORD,,,,,,,false,2,genie/puppy/entities.csv,entity_type,2026.07.19.3
BISCUIT_RELIEF,PUPPY,PR-HOPE-02,display_name,STRING,H. Hound,,,,,,,false,3,genie/puppy/entities.csv,display_name,2026.07.19.3
BISCUIT_RELIEF,PUPPY,PR-HOPE-02,source_system,STRING,SOCIAL_ARCHIVE,,,,,,,false,4,genie/puppy/entities.csv,source_system,2026.07.19.3
BISCUIT_RELIEF,PUPPY,PR-HOPE-02,email,STRING,hope.hound@houndmail.example,,,,,,,false,5,genie/puppy/entities.csv,email,2026.07.19.3
BISCUIT_RELIEF,PUPPY,PR-HOPE-02,phone,STRING,+1-555-0310,,,,,,,false,6,genie/puppy/entities.csv,phone,2026.07.19.3
BISCUIT_RELIEF,PUPPY,PR-HOPE-02,address,STRING,8 Beacon Crescent,,,,,,,false,7,genie/puppy/entities.csv,address,2026.07.19.3
BISCUIT_RELIEF,PUPPY,PR-HOPE-02,recorded_at,DATE,,,,,2024-03-31,,,false,8,genie/puppy/entities.csv,recorded_at,2026.07.19.3
BISCUIT_RELIEF,PUPPY,PR-HOPE-03,record_id,STRING,PR-HOPE-03,,,,,,,false,1,genie/puppy/entities.csv,record_id,2026.07.19.3
BISCUIT_RELIEF,PUPPY,PR-HOPE-03,entity_type,STRING,PERSON_RECORD,,,,,,,false,2,genie/puppy/entities.csv,entity_type,2026.07.19.3
BISCUIT_RELIEF,PUPPY,PR-HOPE-03,display_name,STRING,Hope H.,,,,,,,false,3,genie/puppy/entities.csv,display_name,2026.07.19.3
BISCUIT_RELIEF,PUPPY,PR-HOPE-03,source_system,STRING,CAMPAIGN_PLATFORM,,,,,,,false,4,genie/puppy/entities.csv,source_system,2026.07.19.3
BISCUIT_RELIEF,PUPPY,PR-HOPE-03,email,STRING,hope.hound@houndmail.example,,,,,,,false,5,genie/puppy/entities.csv,email,2026.07.19.3
BISCUIT_RELIEF,PUPPY,PR-HOPE-03,phone,STRING,+1-555-0310,,,,,,,false,6,genie/puppy/entities.csv,phone,2026.07.19.3
BISCUIT_RELIEF,PUPPY,PR-HOPE-03,address,STRING,8 Beacon Crescent,,,,,,,false,7,genie/puppy/entities.csv,address,2026.07.19.3
BISCUIT_RELIEF,PUPPY,PR-HOPE-03,recorded_at,DATE,,,,,2024-04-23,,,false,8,genie/puppy/entities.csv,recorded_at,2026.07.19.3
BISCUIT_RELIEF,PUPPY,PR-BENNY-01,record_id,STRING,PR-BENNY-01,,,,,,,false,1,genie/puppy/entities.csv,record_id,2026.07.19.3
BISCUIT_RELIEF,PUPPY,PR-BENNY-01,entity_type,STRING,PERSON_RECORD,,,,,,,false,2,genie/puppy/entities.csv,entity_type,2026.07.19.3
BISCUIT_RELIEF,PUPPY,PR-BENNY-01,display_name,STRING,Benny Beagle,,,,,,,false,3,genie/puppy/entities.csv,display_name,2026.07.19.3
BISCUIT_RELIEF,PUPPY,PR-BENNY-01,source_system,STRING,BENEFICIARY_LEDGER,,,,,,,false,4,genie/puppy/entities.csv,source_system,2026.07.19.3
BISCUIT_RELIEF,PUPPY,PR-BENNY-01,email,STRING,benny@pawbridge.example,,,,,,,false,5,genie/puppy/entities.csv,email,2026.07.19.3
BISCUIT_RELIEF,PUPPY,PR-BENNY-01,phone,STRING,+1-555-0311,,,,,,,false,6,genie/puppy/entities.csv,phone,2026.07.19.3
BISCUIT_RELIEF,PUPPY,PR-BENNY-01,address,STRING,72 Bridge Street,,,,,,,false,7,genie/puppy/entities.csv,address,2026.07.19.3
BISCUIT_RELIEF,PUPPY,PR-BENNY-01,recorded_at,DATE,,,,,2024-03-08,,,false,8,genie/puppy/entities.csv,recorded_at,2026.07.19.3
BISCUIT_RELIEF,PUPPY,PR-BENNY-02,record_id,STRING,PR-BENNY-02,,,,,,,false,1,genie/puppy/entities.csv,record_id,2026.07.19.3
BISCUIT_RELIEF,PUPPY,PR-BENNY-02,entity_type,STRING,PERSON_RECORD,,,,,,,false,2,genie/puppy/entities.csv,entity_type,2026.07.19.3
BISCUIT_RELIEF,PUPPY,PR-BENNY-02,display_name,STRING,B. Beagle,,,,,,,false,3,genie/puppy/entities.csv,display_name,2026.07.19.3
BISCUIT_RELIEF,PUPPY,PR-BENNY-02,source_system,STRING,EMAIL,,,,,,,false,4,genie/puppy/entities.csv,source_system,2026.07.19.3
BISCUIT_RELIEF,PUPPY,PR-BENNY-02,email,STRING,benny@pawbridge.example,,,,,,,false,5,genie/puppy/entities.csv,email,2026.07.19.3
BISCUIT_RELIEF,PUPPY,PR-BENNY-02,phone,STRING,+1-555-0311,,,,,,,false,6,genie/puppy/entities.csv,phone,2026.07.19.3
BISCUIT_RELIEF,PUPPY,PR-BENNY-02,address,STRING,72 Bridge Street,,,,,,,false,7,genie/puppy/entities.csv,address,2026.07.19.3
BISCUIT_RELIEF,PUPPY,PR-BENNY-02,recorded_at,DATE,,,,,2024-03-31,,,false,8,genie/puppy/entities.csv,recorded_at,2026.07.19.3
BISCUIT_RELIEF,PUPPY,PR-PRIYA-01,record_id,STRING,PR-PRIYA-01,,,,,,,false,1,genie/puppy/entities.csv,record_id,2026.07.19.3
BISCUIT_RELIEF,PUPPY,PR-PRIYA-01,entity_type,STRING,PERSON_RECORD,,,,,,,false,2,genie/puppy/entities.csv,entity_type,2026.07.19.3
BISCUIT_RELIEF,PUPPY,PR-PRIYA-01,display_name,STRING,Priya Poodle,,,,,,,false,3,genie/puppy/entities.csv,display_name,2026.07.19.3
BISCUIT_RELIEF,PUPPY,PR-PRIYA-01,source_system,STRING,PAYMENT_PROCESSOR,,,,,,,false,4,genie/puppy/entities.csv,source_system,2026.07.19.3
BISCUIT_RELIEF,PUPPY,PR-PRIYA-01,email,STRING,priya@northstardonations.example,,,,,,,false,5,genie/puppy/entities.csv,email,2026.07.19.3
BISCUIT_RELIEF,PUPPY,PR-PRIYA-01,phone,STRING,+1-555-0312,,,,,,,false,6,genie/puppy/entities.csv,phone,2026.07.19.3
BISCUIT_RELIEF,PUPPY,PR-PRIYA-01,address,STRING,100 Lantern Plaza,,,,,,,false,7,genie/puppy/entities.csv,address,2026.07.19.3
BISCUIT_RELIEF,PUPPY,PR-PRIYA-01,recorded_at,DATE,,,,,2024-03-08,,,false,8,genie/puppy/entities.csv,recorded_at,2026.07.19.3
BISCUIT_RELIEF,PUPPY,PR-PRIYA-02,record_id,STRING,PR-PRIYA-02,,,,,,,false,1,genie/puppy/entities.csv,record_id,2026.07.19.3
BISCUIT_RELIEF,PUPPY,PR-PRIYA-02,entity_type,STRING,PERSON_RECORD,,,,,,,false,2,genie/puppy/entities.csv,entity_type,2026.07.19.3
BISCUIT_RELIEF,PUPPY,PR-PRIYA-02,display_name,STRING,P. Poodle,,,,,,,false,3,genie/puppy/entities.csv,display_name,2026.07.19.3
BISCUIT_RELIEF,PUPPY,PR-PRIYA-02,source_system,STRING,EMAIL,,,,,,,false,4,genie/puppy/entities.csv,source_system,2026.07.19.3
BISCUIT_RELIEF,PUPPY,PR-PRIYA-02,email,STRING,priya@northstardonations.example,,,,,,,false,5,genie/puppy/entities.csv,email,2026.07.19.3
BISCUIT_RELIEF,PUPPY,PR-PRIYA-02,phone,STRING,+1-555-0312,,,,,,,false,6,genie/puppy/entities.csv,phone,2026.07.19.3
BISCUIT_RELIEF,PUPPY,PR-PRIYA-02,address,STRING,100 Lantern Plaza,,,,,,,false,7,genie/puppy/entities.csv,address,2026.07.19.3
BISCUIT_RELIEF,PUPPY,PR-PRIYA-02,recorded_at,DATE,,,,,2024-03-31,,,false,8,genie/puppy/entities.csv,recorded_at,2026.07.19.3
BISCUIT_RELIEF,PUPPY,PR-COLIN-01,record_id,STRING,PR-COLIN-01,,,,,,,false,1,genie/puppy/entities.csv,record_id,2026.07.19.3
BISCUIT_RELIEF,PUPPY,PR-COLIN-01,entity_type,STRING,PERSON_RECORD,,,,,,,false,2,genie/puppy/entities.csv,entity_type,2026.07.19.3
BISCUIT_RELIEF,PUPPY,PR-COLIN-01,display_name,STRING,Colin Collie,,,,,,,false,3,genie/puppy/entities.csv,display_name,2026.07.19.3
BISCUIT_RELIEF,PUPPY,PR-COLIN-01,source_system,STRING,INVOICE_REPOSITORY,,,,,,,false,4,genie/puppy/entities.csv,source_system,2026.07.19.3
BISCUIT_RELIEF,PUPPY,PR-COLIN-01,email,STRING,colin@clearcarton.example,,,,,,,false,5,genie/puppy/entities.csv,email,2026.07.19.3
BISCUIT_RELIEF,PUPPY,PR-COLIN-01,phone,STRING,+1-555-0313,,,,,,,false,6,genie/puppy/entities.csv,phone,2026.07.19.3
BISCUIT_RELIEF,PUPPY,PR-COLIN-01,address,STRING,28 Freight Court,,,,,,,false,7,genie/puppy/entities.csv,address,2026.07.19.3
BISCUIT_RELIEF,PUPPY,PR-COLIN-01,recorded_at,DATE,,,,,2024-03-08,,,false,8,genie/puppy/entities.csv,recorded_at,2026.07.19.3
BISCUIT_RELIEF,PUPPY,PR-COLIN-02,record_id,STRING,PR-COLIN-02,,,,,,,false,1,genie/puppy/entities.csv,record_id,2026.07.19.3
BISCUIT_RELIEF,PUPPY,PR-COLIN-02,entity_type,STRING,PERSON_RECORD,,,,,,,false,2,genie/puppy/entities.csv,entity_type,2026.07.19.3
BISCUIT_RELIEF,PUPPY,PR-COLIN-02,display_name,STRING,C. Collie,,,,,,,false,3,genie/puppy/entities.csv,display_name,2026.07.19.3
BISCUIT_RELIEF,PUPPY,PR-COLIN-02,source_system,STRING,EMAIL,,,,,,,false,4,genie/puppy/entities.csv,source_system,2026.07.19.3
BISCUIT_RELIEF,PUPPY,PR-COLIN-02,email,STRING,colin@clearcarton.example,,,,,,,false,5,genie/puppy/entities.csv,email,2026.07.19.3
BISCUIT_RELIEF,PUPPY,PR-COLIN-02,phone,STRING,+1-555-0313,,,,,,,false,6,genie/puppy/entities.csv,phone,2026.07.19.3
BISCUIT_RELIEF,PUPPY,PR-COLIN-02,address,STRING,28 Freight Court,,,,,,,false,7,genie/puppy/entities.csv,address,2026.07.19.3
BISCUIT_RELIEF,PUPPY,PR-COLIN-02,recorded_at,DATE,,,,,2024-03-31,,,false,8,genie/puppy/entities.csv,recorded_at,2026.07.19.3
BISCUIT_RELIEF,PUPPY,PR-ADA-01,record_id,STRING,PR-ADA-01,,,,,,,false,1,genie/puppy/entities.csv,record_id,2026.07.19.3
BISCUIT_RELIEF,PUPPY,PR-ADA-01,entity_type,STRING,PERSON_RECORD,,,,,,,false,2,genie/puppy/entities.csv,entity_type,2026.07.19.3
BISCUIT_RELIEF,PUPPY,PR-ADA-01,display_name,STRING,Ada Akita,,,,,,,false,3,genie/puppy/entities.csv,display_name,2026.07.19.3
BISCUIT_RELIEF,PUPPY,PR-ADA-01,source_system,STRING,COMPLAINT_PORTAL,,,,,,,false,4,genie/puppy/entities.csv,source_system,2026.07.19.3
BISCUIT_RELIEF,PUPPY,PR-ADA-01,email,STRING,ada.akita@citypress.example,,,,,,,false,5,genie/puppy/entities.csv,email,2026.07.19.3
BISCUIT_RELIEF,PUPPY,PR-ADA-01,phone,STRING,+1-555-0314,,,,,,,false,6,genie/puppy/entities.csv,phone,2026.07.19.3
BISCUIT_RELIEF,PUPPY,PR-ADA-01,address,STRING,19 Press Row,,,,,,,false,7,genie/puppy/entities.csv,address,2026.07.19.3
BISCUIT_RELIEF,PUPPY,PR-ADA-01,recorded_at,DATE,,,,,2024-03-08,,,false,8,genie/puppy/entities.csv,recorded_at,2026.07.19.3
BISCUIT_RELIEF,PUPPY,PR-ADA-02,record_id,STRING,PR-ADA-02,,,,,,,false,1,genie/puppy/entities.csv,record_id,2026.07.19.3
BISCUIT_RELIEF,PUPPY,PR-ADA-02,entity_type,STRING,PERSON_RECORD,,,,,,,false,2,genie/puppy/entities.csv,entity_type,2026.07.19.3
BISCUIT_RELIEF,PUPPY,PR-ADA-02,display_name,STRING,A. Akita,,,,,,,false,3,genie/puppy/entities.csv,display_name,2026.07.19.3
BISCUIT_RELIEF,PUPPY,PR-ADA-02,source_system,STRING,EMAIL,,,,,,,false,4,genie/puppy/entities.csv,source_system,2026.07.19.3
BISCUIT_RELIEF,PUPPY,PR-ADA-02,email,STRING,ada.akita@citypress.example,,,,,,,false,5,genie/puppy/entities.csv,email,2026.07.19.3
BISCUIT_RELIEF,PUPPY,PR-ADA-02,phone,STRING,+1-555-0314,,,,,,,false,6,genie/puppy/entities.csv,phone,2026.07.19.3
BISCUIT_RELIEF,PUPPY,PR-ADA-02,address,STRING,19 Press Row,,,,,,,false,7,genie/puppy/entities.csv,address,2026.07.19.3
BISCUIT_RELIEF,PUPPY,PR-ADA-02,recorded_at,DATE,,,,,2024-03-31,,,false,8,genie/puppy/entities.csv,recorded_at,2026.07.19.3
BISCUIT_RELIEF,PUPPY,PR-LEO-01,record_id,STRING,PR-LEO-01,,,,,,,false,1,genie/puppy/entities.csv,record_id,2026.07.19.3
BISCUIT_RELIEF,PUPPY,PR-LEO-01,entity_type,STRING,PERSON_RECORD,,,,,,,false,2,genie/puppy/entities.csv,entity_type,2026.07.19.3
BISCUIT_RELIEF,PUPPY,PR-LEO-01,display_name,STRING,Leo Labrador,,,,,,,false,3,genie/puppy/entities.csv,display_name,2026.07.19.3
BISCUIT_RELIEF,PUPPY,PR-LEO-01,source_system,STRING,CAMPAIGN_PLATFORM,,,,,,,false,4,genie/puppy/entities.csv,source_system,2026.07.19.3
BISCUIT_RELIEF,PUPPY,PR-LEO-01,email,STRING,leo.labrador@houndmail.example,,,,,,,false,5,genie/puppy/entities.csv,email,2026.07.19.3
BISCUIT_RELIEF,PUPPY,PR-LEO-01,phone,STRING,+1-555-0330,,,,,,,false,6,genie/puppy/entities.csv,phone,2026.07.19.3
BISCUIT_RELIEF,PUPPY,PR-LEO-01,address,STRING,80 Meadow Loop,,,,,,,false,7,genie/puppy/entities.csv,address,2026.07.19.3
BISCUIT_RELIEF,PUPPY,PR-LEO-01,recorded_at,DATE,,,,,2024-03-08,,,false,8,genie/puppy/entities.csv,recorded_at,2026.07.19.3
BISCUIT_RELIEF,PUPPY,PR-LEO-02,record_id,STRING,PR-LEO-02,,,,,,,false,1,genie/puppy/entities.csv,record_id,2026.07.19.3
BISCUIT_RELIEF,PUPPY,PR-LEO-02,entity_type,STRING,PERSON_RECORD,,,,,,,false,2,genie/puppy/entities.csv,entity_type,2026.07.19.3
BISCUIT_RELIEF,PUPPY,PR-LEO-02,display_name,STRING,Leo J. Labrador,,,,,,,false,3,genie/puppy/entities.csv,display_name,2026.07.19.3
BISCUIT_RELIEF,PUPPY,PR-LEO-02,source_system,STRING,BANK_KYC,,,,,,,false,4,genie/puppy/entities.csv,source_system,2026.07.19.3
BISCUIT_RELIEF,PUPPY,PR-LEO-02,email,STRING,leo@houndmail.example,,,,,,,false,5,genie/puppy/entities.csv,email,2026.07.19.3
BISCUIT_RELIEF,PUPPY,PR-LEO-02,phone,STRING,+1-555-0330,,,,,,,false,6,genie/puppy/entities.csv,phone,2026.07.19.3
BISCUIT_RELIEF,PUPPY,PR-LEO-02,address,STRING,80 Meadow Loop,,,,,,,false,7,genie/puppy/entities.csv,address,2026.07.19.3
BISCUIT_RELIEF,PUPPY,PR-LEO-02,recorded_at,DATE,,,,,2024-03-31,,,false,8,genie/puppy/entities.csv,recorded_at,2026.07.19.3
BISCUIT_RELIEF,PUPPY,PR-RUBY-01,record_id,STRING,PR-RUBY-01,,,,,,,false,1,genie/puppy/entities.csv,record_id,2026.07.19.3
BISCUIT_RELIEF,PUPPY,PR-RUBY-01,entity_type,STRING,PERSON_RECORD,,,,,,,false,2,genie/puppy/entities.csv,entity_type,2026.07.19.3
BISCUIT_RELIEF,PUPPY,PR-RUBY-01,display_name,STRING,Ruby Retriever,,,,,,,false,3,genie/puppy/entities.csv,display_name,2026.07.19.3
BISCUIT_RELIEF,PUPPY,PR-RUBY-01,source_system,STRING,CAMPAIGN_PLATFORM,,,,,,,false,4,genie/puppy/entities.csv,source_system,2026.07.19.3
BISCUIT_RELIEF,PUPPY,PR-RUBY-01,email,STRING,ruby.retriever@houndmail.example,,,,,,,false,5,genie/puppy/entities.csv,email,2026.07.19.3
BISCUIT_RELIEF,PUPPY,PR-RUBY-01,phone,STRING,+1-555-0331,,,,,,,false,6,genie/puppy/entities.csv,phone,2026.07.19.3
BISCUIT_RELIEF,PUPPY,PR-RUBY-01,address,STRING,81 Meadow Loop,,,,,,,false,7,genie/puppy/entities.csv,address,2026.07.19.3
BISCUIT_RELIEF,PUPPY,PR-RUBY-01,recorded_at,DATE,,,,,2024-03-08,,,false,8,genie/puppy/entities.csv,recorded_at,2026.07.19.3
BISCUIT_RELIEF,PUPPY,PR-RUBY-02,record_id,STRING,PR-RUBY-02,,,,,,,false,1,genie/puppy/entities.csv,record_id,2026.07.19.3
BISCUIT_RELIEF,PUPPY,PR-RUBY-02,entity_type,STRING,PERSON_RECORD,,,,,,,false,2,genie/puppy/entities.csv,entity_type,2026.07.19.3
BISCUIT_RELIEF,PUPPY,PR-RUBY-02,display_name,STRING,Ruby J. Retriever,,,,,,,false,3,genie/puppy/entities.csv,display_name,2026.07.19.3
BISCUIT_RELIEF,PUPPY,PR-RUBY-02,source_system,STRING,BANK_KYC,,,,,,,false,4,genie/puppy/entities.csv,source_system,2026.07.19.3
BISCUIT_RELIEF,PUPPY,PR-RUBY-02,email,STRING,ruby@houndmail.example,,,,,,,false,5,genie/puppy/entities.csv,email,2026.07.19.3
BISCUIT_RELIEF,PUPPY,PR-RUBY-02,phone,STRING,+1-555-0331,,,,,,,false,6,genie/puppy/entities.csv,phone,2026.07.19.3
BISCUIT_RELIEF,PUPPY,PR-RUBY-02,address,STRING,81 Meadow Loop,,,,,,,false,7,genie/puppy/entities.csv,address,2026.07.19.3
BISCUIT_RELIEF,PUPPY,PR-RUBY-02,recorded_at,DATE,,,,,2024-03-31,,,false,8,genie/puppy/entities.csv,recorded_at,2026.07.19.3
BISCUIT_RELIEF,PUPPY,PR-GIDEON-01,record_id,STRING,PR-GIDEON-01,,,,,,,false,1,genie/puppy/entities.csv,record_id,2026.07.19.3
BISCUIT_RELIEF,PUPPY,PR-GIDEON-01,entity_type,STRING,PERSON_RECORD,,,,,,,false,2,genie/puppy/entities.csv,entity_type,2026.07.19.3
BISCUIT_RELIEF,PUPPY,PR-GIDEON-01,display_name,STRING,Gideon Greyhound,,,,,,,false,3,genie/puppy/entities.csv,display_name,2026.07.19.3
BISCUIT_RELIEF,PUPPY,PR-GIDEON-01,source_system,STRING,CAMPAIGN_PLATFORM,,,,,,,false,4,genie/puppy/entities.csv,source_system,2026.07.19.3
BISCUIT_RELIEF,PUPPY,PR-GIDEON-01,email,STRING,gideon.greyhound@houndmail.example,,,,,,,false,5,genie/puppy/entities.csv,email,2026.07.19.3
BISCUIT_RELIEF,PUPPY,PR-GIDEON-01,phone,STRING,+1-555-0332,,,,,,,false,6,genie/puppy/entities.csv,phone,2026.07.19.3
BISCUIT_RELIEF,PUPPY,PR-GIDEON-01,address,STRING,82 Meadow Loop,,,,,,,false,7,genie/puppy/entities.csv,address,2026.07.19.3
BISCUIT_RELIEF,PUPPY,PR-GIDEON-01,recorded_at,DATE,,,,,2024-03-08,,,false,8,genie/puppy/entities.csv,recorded_at,2026.07.19.3
BISCUIT_RELIEF,PUPPY,PR-GIDEON-02,record_id,STRING,PR-GIDEON-02,,,,,,,false,1,genie/puppy/entities.csv,record_id,2026.07.19.3
BISCUIT_RELIEF,PUPPY,PR-GIDEON-02,entity_type,STRING,PERSON_RECORD,,,,,,,false,2,genie/puppy/entities.csv,entity_type,2026.07.19.3
BISCUIT_RELIEF,PUPPY,PR-GIDEON-02,display_name,STRING,Gideon J. Greyhound,,,,,,,false,3,genie/puppy/entities.csv,display_name,2026.07.19.3
BISCUIT_RELIEF,PUPPY,PR-GIDEON-02,source_system,STRING,BANK_KYC,,,,,,,false,4,genie/puppy/entities.csv,source_system,2026.07.19.3
BISCUIT_RELIEF,PUPPY,PR-GIDEON-02,email,STRING,gideon@houndmail.example,,,,,,,false,5,genie/puppy/entities.csv,email,2026.07.19.3
BISCUIT_RELIEF,PUPPY,PR-GIDEON-02,phone,STRING,+1-555-0332,,,,,,,false,6,genie/puppy/entities.csv,phone,2026.07.19.3
BISCUIT_RELIEF,PUPPY,PR-GIDEON-02,address,STRING,82 Meadow Loop,,,,,,,false,7,genie/puppy/entities.csv,address,2026.07.19.3
BISCUIT_RELIEF,PUPPY,PR-GIDEON-02,recorded_at,DATE,,,,,2024-03-31,,,false,8,genie/puppy/entities.csv,recorded_at,2026.07.19.3
BISCUIT_RELIEF,PUPPY,OR-GBRF-01,record_id,STRING,OR-GBRF-01,,,,,,,false,1,genie/puppy/entities.csv,record_id,2026.07.19.3
BISCUIT_RELIEF,PUPPY,OR-GBRF-01,entity_type,STRING,ORGANIZATION_RECORD,,,,,,,false,2,genie/puppy/entities.csv,entity_type,2026.07.19.3
BISCUIT_RELIEF,PUPPY,OR-GBRF-01,display_name,STRING,Great Biscuit Relief Fund,,,,,,,false,3,genie/puppy/entities.csv,display_name,2026.07.19.3
BISCUIT_RELIEF,PUPPY,OR-GBRF-01,source_system,STRING,CHARITY_REGISTRY,,,,,,,false,4,genie/puppy/entities.csv,source_system,2026.07.19.3
BISCUIT_RELIEF,PUPPY,OR-GBRF-01,email,NULL,,,,,,,null,false,5,genie/puppy/entities.csv,email,2026.07.19.3
BISCUIT_RELIEF,PUPPY,OR-GBRF-01,phone,STRING,+1-555-0347,,,,,,,false,6,genie/puppy/entities.csv,phone,2026.07.19.3
BISCUIT_RELIEF,PUPPY,OR-GBRF-01,address,STRING,17 Lantern Quay,,,,,,,false,7,genie/puppy/entities.csv,address,2026.07.19.3
BISCUIT_RELIEF,PUPPY,OR-GBRF-01,recorded_at,DATE,,,,,2023-09-18,,,false,8,genie/puppy/entities.csv,recorded_at,2026.07.19.3
BISCUIT_RELIEF,PUPPY,OR-GBRF-02,record_id,STRING,OR-GBRF-02,,,,,,,false,1,genie/puppy/entities.csv,record_id,2026.07.19.3
BISCUIT_RELIEF,PUPPY,OR-GBRF-02,entity_type,STRING,ORGANIZATION_RECORD,,,,,,,false,2,genie/puppy/entities.csv,entity_type,2026.07.19.3
BISCUIT_RELIEF,PUPPY,OR-GBRF-02,display_name,STRING,Great Biscuit Relief,,,,,,,false,3,genie/puppy/entities.csv,display_name,2026.07.19.3
BISCUIT_RELIEF,PUPPY,OR-GBRF-02,source_system,STRING,CAMPAIGN_PLATFORM,,,,,,,false,4,genie/puppy/entities.csv,source_system,2026.07.19.3
BISCUIT_RELIEF,PUPPY,OR-GBRF-02,email,NULL,,,,,,,null,false,5,genie/puppy/entities.csv,email,2026.07.19.3
BISCUIT_RELIEF,PUPPY,OR-GBRF-02,phone,STRING,+1-555-0347,,,,,,,false,6,genie/puppy/entities.csv,phone,2026.07.19.3
BISCUIT_RELIEF,PUPPY,OR-GBRF-02,address,STRING,17 Lantern Quay,,,,,,,false,7,genie/puppy/entities.csv,address,2026.07.19.3
BISCUIT_RELIEF,PUPPY,OR-GBRF-02,recorded_at,DATE,,,,,2023-10-19,,,false,8,genie/puppy/entities.csv,recorded_at,2026.07.19.3
BISCUIT_RELIEF,PUPPY,OR-GBRF-03,record_id,STRING,OR-GBRF-03,,,,,,,false,1,genie/puppy/entities.csv,record_id,2026.07.19.3
BISCUIT_RELIEF,PUPPY,OR-GBRF-03,entity_type,STRING,ORGANIZATION_RECORD,,,,,,,false,2,genie/puppy/entities.csv,entity_type,2026.07.19.3
BISCUIT_RELIEF,PUPPY,OR-GBRF-03,display_name,STRING,GBRF Campaigns,,,,,,,false,3,genie/puppy/entities.csv,display_name,2026.07.19.3
BISCUIT_RELIEF,PUPPY,OR-GBRF-03,source_system,STRING,PAYMENT_PROCESSOR,,,,,,,false,4,genie/puppy/entities.csv,source_system,2026.07.19.3
BISCUIT_RELIEF,PUPPY,OR-GBRF-03,email,NULL,,,,,,,null,false,5,genie/puppy/entities.csv,email,2026.07.19.3
BISCUIT_RELIEF,PUPPY,OR-GBRF-03,phone,STRING,+1-555-0347,,,,,,,false,6,genie/puppy/entities.csv,phone,2026.07.19.3
BISCUIT_RELIEF,PUPPY,OR-GBRF-03,address,STRING,17 Lantern Quay,,,,,,,false,7,genie/puppy/entities.csv,address,2026.07.19.3
BISCUIT_RELIEF,PUPPY,OR-GBRF-03,recorded_at,DATE,,,,,2023-11-19,,,false,8,genie/puppy/entities.csv,recorded_at,2026.07.19.3
BISCUIT_RELIEF,PUPPY,OR-GBRF-04,record_id,STRING,OR-GBRF-04,,,,,,,false,1,genie/puppy/entities.csv,record_id,2026.07.19.3
BISCUIT_RELIEF,PUPPY,OR-GBRF-04,entity_type,STRING,ORGANIZATION_RECORD,,,,,,,false,2,genie/puppy/entities.csv,entity_type,2026.07.19.3
BISCUIT_RELIEF,PUPPY,OR-GBRF-04,display_name,STRING,The Great Biscuit Fund,,,,,,,false,3,genie/puppy/entities.csv,display_name,2026.07.19.3
BISCUIT_RELIEF,PUPPY,OR-GBRF-04,source_system,STRING,DOCUMENT_REPOSITORY,,,,,,,false,4,genie/puppy/entities.csv,source_system,2026.07.19.3
BISCUIT_RELIEF,PUPPY,OR-GBRF-04,email,NULL,,,,,,,null,false,5,genie/puppy/entities.csv,email,2026.07.19.3
BISCUIT_RELIEF,PUPPY,OR-GBRF-04,phone,STRING,+1-555-0347,,,,,,,false,6,genie/puppy/entities.csv,phone,2026.07.19.3
BISCUIT_RELIEF,PUPPY,OR-GBRF-04,address,STRING,17 Lantern Quay,,,,,,,false,7,genie/puppy/entities.csv,address,2026.07.19.3
BISCUIT_RELIEF,PUPPY,OR-GBRF-04,recorded_at,DATE,,,,,2023-12-20,,,false,8,genie/puppy/entities.csv,recorded_at,2026.07.19.3
BISCUIT_RELIEF,PUPPY,OR-EMBER-01,record_id,STRING,OR-EMBER-01,,,,,,,false,1,genie/puppy/entities.csv,record_id,2026.07.19.3
BISCUIT_RELIEF,PUPPY,OR-EMBER-01,entity_type,STRING,ORGANIZATION_RECORD,,,,,,,false,2,genie/puppy/entities.csv,entity_type,2026.07.19.3
BISCUIT_RELIEF,PUPPY,OR-EMBER-01,display_name,STRING,Emberlight Campaign Studio,,,,,,,false,3,genie/puppy/entities.csv,display_name,2026.07.19.3
BISCUIT_RELIEF,PUPPY,OR-EMBER-01,source_system,STRING,CHARITY_REGISTRY,,,,,,,false,4,genie/puppy/entities.csv,source_system,2026.07.19.3
BISCUIT_RELIEF,PUPPY,OR-EMBER-01,email,NULL,,,,,,,null,false,5,genie/puppy/entities.csv,email,2026.07.19.3
BISCUIT_RELIEF,PUPPY,OR-EMBER-01,phone,STRING,+1-555-0348,,,,,,,false,6,genie/puppy/entities.csv,phone,2026.07.19.3
BISCUIT_RELIEF,PUPPY,OR-EMBER-01,address,STRING,8 Umbrella Yard,,,,,,,false,7,genie/puppy/entities.csv,address,2026.07.19.3
BISCUIT_RELIEF,PUPPY,OR-EMBER-01,recorded_at,DATE,,,,,2023-09-18,,,false,8,genie/puppy/entities.csv,recorded_at,2026.07.19.3
BISCUIT_RELIEF,PUPPY,OR-EMBER-02,record_id,STRING,OR-EMBER-02,,,,,,,false,1,genie/puppy/entities.csv,record_id,2026.07.19.3
BISCUIT_RELIEF,PUPPY,OR-EMBER-02,entity_type,STRING,ORGANIZATION_RECORD,,,,,,,false,2,genie/puppy/entities.csv,entity_type,2026.07.19.3
BISCUIT_RELIEF,PUPPY,OR-EMBER-02,display_name,STRING,Emberlight Campaigns,,,,,,,false,3,genie/puppy/entities.csv,display_name,2026.07.19.3
BISCUIT_RELIEF,PUPPY,OR-EMBER-02,source_system,STRING,AD_PLATFORM,,,,,,,false,4,genie/puppy/entities.csv,source_system,2026.07.19.3
BISCUIT_RELIEF,PUPPY,OR-EMBER-02,email,NULL,,,,,,,null,false,5,genie/puppy/entities.csv,email,2026.07.19.3
BISCUIT_RELIEF,PUPPY,OR-EMBER-02,phone,STRING,+1-555-0348,,,,,,,false,6,genie/puppy/entities.csv,phone,2026.07.19.3
BISCUIT_RELIEF,PUPPY,OR-EMBER-02,address,STRING,8 Umbrella Yard,,,,,,,false,7,genie/puppy/entities.csv,address,2026.07.19.3
BISCUIT_RELIEF,PUPPY,OR-EMBER-02,recorded_at,DATE,,,,,2023-10-19,,,false,8,genie/puppy/entities.csv,recorded_at,2026.07.19.3
BISCUIT_RELIEF,PUPPY,OR-EMBER-03,record_id,STRING,OR-EMBER-03,,,,,,,false,1,genie/puppy/entities.csv,record_id,2026.07.19.3
BISCUIT_RELIEF,PUPPY,OR-EMBER-03,entity_type,STRING,ORGANIZATION_RECORD,,,,,,,false,2,genie/puppy/entities.csv,entity_type,2026.07.19.3
BISCUIT_RELIEF,PUPPY,OR-EMBER-03,display_name,STRING,Ember Light Campaign Studio,,,,,,,false,3,genie/puppy/entities.csv,display_name,2026.07.19.3
BISCUIT_RELIEF,PUPPY,OR-EMBER-03,source_system,STRING,INVOICE_REPOSITORY,,,,,,,false,4,genie/puppy/entities.csv,source_system,2026.07.19.3
BISCUIT_RELIEF,PUPPY,OR-EMBER-03,email,NULL,,,,,,,null,false,5,genie/puppy/entities.csv,email,2026.07.19.3
BISCUIT_RELIEF,PUPPY,OR-EMBER-03,phone,STRING,+1-555-0348,,,,,,,false,6,genie/puppy/entities.csv,phone,2026.07.19.3
BISCUIT_RELIEF,PUPPY,OR-EMBER-03,address,STRING,8 Umbrella Yard,,,,,,,false,7,genie/puppy/entities.csv,address,2026.07.19.3
BISCUIT_RELIEF,PUPPY,OR-EMBER-03,recorded_at,DATE,,,,,2023-11-19,,,false,8,genie/puppy/entities.csv,recorded_at,2026.07.19.3
BISCUIT_RELIEF,PUPPY,OR-GILDED-01,record_id,STRING,OR-GILDED-01,,,,,,,false,1,genie/puppy/entities.csv,record_id,2026.07.19.3
BISCUIT_RELIEF,PUPPY,OR-GILDED-01,entity_type,STRING,ORGANIZATION_RECORD,,,,,,,false,2,genie/puppy/entities.csv,entity_type,2026.07.19.3
BISCUIT_RELIEF,PUPPY,OR-GILDED-01,display_name,STRING,Gilded Leash Media LLC,,,,,,,false,3,genie/puppy/entities.csv,display_name,2026.07.19.3
BISCUIT_RELIEF,PUPPY,OR-GILDED-01,source_system,STRING,CHARITY_REGISTRY,,,,,,,false,4,genie/puppy/entities.csv,source_system,2026.07.19.3
BISCUIT_RELIEF,PUPPY,OR-GILDED-01,email,NULL,,,,,,,null,false,5,genie/puppy/entities.csv,email,2026.07.19.3
BISCUIT_RELIEF,PUPPY,OR-GILDED-01,phone,STRING,+1-555-0349,,,,,,,false,6,genie/puppy/entities.csv,phone,2026.07.19.3
BISCUIT_RELIEF,PUPPY,OR-GILDED-01,address,STRING,17 Lantern Quay,,,,,,,false,7,genie/puppy/entities.csv,address,2026.07.19.3
BISCUIT_RELIEF,PUPPY,OR-GILDED-01,recorded_at,DATE,,,,,2023-09-18,,,false,8,genie/puppy/entities.csv,recorded_at,2026.07.19.3
BISCUIT_RELIEF,PUPPY,OR-GILDED-02,record_id,STRING,OR-GILDED-02,,,,,,,false,1,genie/puppy/entities.csv,record_id,2026.07.19.3
BISCUIT_RELIEF,PUPPY,OR-GILDED-02,entity_type,STRING,ORGANIZATION_RECORD,,,,,,,false,2,genie/puppy/entities.csv,entity_type,2026.07.19.3
BISCUIT_RELIEF,PUPPY,OR-GILDED-02,display_name,STRING,Gilded Leash Media,,,,,,,false,3,genie/puppy/entities.csv,display_name,2026.07.19.3
BISCUIT_RELIEF,PUPPY,OR-GILDED-02,source_system,STRING,BANK_KYC,,,,,,,false,4,genie/puppy/entities.csv,source_system,2026.07.19.3
BISCUIT_RELIEF,PUPPY,OR-GILDED-02,email,NULL,,,,,,,null,false,5,genie/puppy/entities.csv,email,2026.07.19.3
BISCUIT_RELIEF,PUPPY,OR-GILDED-02,phone,STRING,+1-555-0349,,,,,,,false,6,genie/puppy/entities.csv,phone,2026.07.19.3
BISCUIT_RELIEF,PUPPY,OR-GILDED-02,address,STRING,17 Lantern Quay,,,,,,,false,7,genie/puppy/entities.csv,address,2026.07.19.3
BISCUIT_RELIEF,PUPPY,OR-GILDED-02,recorded_at,DATE,,,,,2023-10-19,,,false,8,genie/puppy/entities.csv,recorded_at,2026.07.19.3
BISCUIT_RELIEF,PUPPY,OR-GILDED-03,record_id,STRING,OR-GILDED-03,,,,,,,false,1,genie/puppy/entities.csv,record_id,2026.07.19.3
BISCUIT_RELIEF,PUPPY,OR-GILDED-03,entity_type,STRING,ORGANIZATION_RECORD,,,,,,,false,2,genie/puppy/entities.csv,entity_type,2026.07.19.3
BISCUIT_RELIEF,PUPPY,OR-GILDED-03,display_name,STRING,G.L. Media,,,,,,,false,3,genie/puppy/entities.csv,display_name,2026.07.19.3
BISCUIT_RELIEF,PUPPY,OR-GILDED-03,source_system,STRING,INVOICE_REPOSITORY,,,,,,,false,4,genie/puppy/entities.csv,source_system,2026.07.19.3
BISCUIT_RELIEF,PUPPY,OR-GILDED-03,email,NULL,,,,,,,null,false,5,genie/puppy/entities.csv,email,2026.07.19.3
BISCUIT_RELIEF,PUPPY,OR-GILDED-03,phone,STRING,+1-555-0349,,,,,,,false,6,genie/puppy/entities.csv,phone,2026.07.19.3
BISCUIT_RELIEF,PUPPY,OR-GILDED-03,address,STRING,17 Lantern Quay,,,,,,,false,7,genie/puppy/entities.csv,address,2026.07.19.3
BISCUIT_RELIEF,PUPPY,OR-GILDED-03,recorded_at,DATE,,,,,2023-11-19,,,false,8,genie/puppy/entities.csv,recorded_at,2026.07.19.3
BISCUIT_RELIEF,PUPPY,OR-REDROOF-01,record_id,STRING,OR-REDROOF-01,,,,,,,false,1,genie/puppy/entities.csv,record_id,2026.07.19.3
BISCUIT_RELIEF,PUPPY,OR-REDROOF-01,entity_type,STRING,ORGANIZATION_RECORD,,,,,,,false,2,genie/puppy/entities.csv,entity_type,2026.07.19.3
BISCUIT_RELIEF,PUPPY,OR-REDROOF-01,display_name,STRING,Red Roof Logistics LLC,,,,,,,false,3,genie/puppy/entities.csv,display_name,2026.07.19.3
BISCUIT_RELIEF,PUPPY,OR-REDROOF-01,source_system,STRING,CHARITY_REGISTRY,,,,,,,false,4,genie/puppy/entities.csv,source_system,2026.07.19.3
BISCUIT_RELIEF,PUPPY,OR-REDROOF-01,email,NULL,,,,,,,null,false,5,genie/puppy/entities.csv,email,2026.07.19.3
BISCUIT_RELIEF,PUPPY,OR-REDROOF-01,phone,STRING,+1-555-0350,,,,,,,false,6,genie/puppy/entities.csv,phone,2026.07.19.3
BISCUIT_RELIEF,PUPPY,OR-REDROOF-01,address,STRING,17 Lantern Quay,,,,,,,false,7,genie/puppy/entities.csv,address,2026.07.19.3
BISCUIT_RELIEF,PUPPY,OR-REDROOF-01,recorded_at,DATE,,,,,2023-09-18,,,false,8,genie/puppy/entities.csv,recorded_at,2026.07.19.3
BISCUIT_RELIEF,PUPPY,OR-REDROOF-02,record_id,STRING,OR-REDROOF-02,,,,,,,false,1,genie/puppy/entities.csv,record_id,2026.07.19.3
BISCUIT_RELIEF,PUPPY,OR-REDROOF-02,entity_type,STRING,ORGANIZATION_RECORD,,,,,,,false,2,genie/puppy/entities.csv,entity_type,2026.07.19.3
BISCUIT_RELIEF,PUPPY,OR-REDROOF-02,display_name,STRING,RedRoof Logistics,,,,,,,false,3,genie/puppy/entities.csv,display_name,2026.07.19.3
BISCUIT_RELIEF,PUPPY,OR-REDROOF-02,source_system,STRING,BANK_KYC,,,,,,,false,4,genie/puppy/entities.csv,source_system,2026.07.19.3
BISCUIT_RELIEF,PUPPY,OR-REDROOF-02,email,NULL,,,,,,,null,false,5,genie/puppy/entities.csv,email,2026.07.19.3
BISCUIT_RELIEF,PUPPY,OR-REDROOF-02,phone,STRING,+1-555-0350,,,,,,,false,6,genie/puppy/entities.csv,phone,2026.07.19.3
BISCUIT_RELIEF,PUPPY,OR-REDROOF-02,address,STRING,17 Lantern Quay,,,,,,,false,7,genie/puppy/entities.csv,address,2026.07.19.3
BISCUIT_RELIEF,PUPPY,OR-REDROOF-02,recorded_at,DATE,,,,,2023-10-19,,,false,8,genie/puppy/entities.csv,recorded_at,2026.07.19.3
BISCUIT_RELIEF,PUPPY,OR-REDROOF-03,record_id,STRING,OR-REDROOF-03,,,,,,,false,1,genie/puppy/entities.csv,record_id,2026.07.19.3
BISCUIT_RELIEF,PUPPY,OR-REDROOF-03,entity_type,STRING,ORGANIZATION_RECORD,,,,,,,false,2,genie/puppy/entities.csv,entity_type,2026.07.19.3
BISCUIT_RELIEF,PUPPY,OR-REDROOF-03,display_name,STRING,R.R. Logistics,,,,,,,false,3,genie/puppy/entities.csv,display_name,2026.07.19.3
BISCUIT_RELIEF,PUPPY,OR-REDROOF-03,source_system,STRING,INVOICE_REPOSITORY,,,,,,,false,4,genie/puppy/entities.csv,source_system,2026.07.19.3
BISCUIT_RELIEF,PUPPY,OR-REDROOF-03,email,NULL,,,,,,,null,false,5,genie/puppy/entities.csv,email,2026.07.19.3
BISCUIT_RELIEF,PUPPY,OR-REDROOF-03,phone,STRING,+1-555-0350,,,,,,,false,6,genie/puppy/entities.csv,phone,2026.07.19.3
BISCUIT_RELIEF,PUPPY,OR-REDROOF-03,address,STRING,17 Lantern Quay,,,,,,,false,7,genie/puppy/entities.csv,address,2026.07.19.3
BISCUIT_RELIEF,PUPPY,OR-REDROOF-03,recorded_at,DATE,,,,,2023-11-19,,,false,8,genie/puppy/entities.csv,recorded_at,2026.07.19.3
BISCUIT_RELIEF,PUPPY,OR-PAWBRIDGE-01,record_id,STRING,OR-PAWBRIDGE-01,,,,,,,false,1,genie/puppy/entities.csv,record_id,2026.07.19.3
BISCUIT_RELIEF,PUPPY,OR-PAWBRIDGE-01,entity_type,STRING,ORGANIZATION_RECORD,,,,,,,false,2,genie/puppy/entities.csv,entity_type,2026.07.19.3
BISCUIT_RELIEF,PUPPY,OR-PAWBRIDGE-01,display_name,STRING,Pawbridge Relief Alliance,,,,,,,false,3,genie/puppy/entities.csv,display_name,2026.07.19.3
BISCUIT_RELIEF,PUPPY,OR-PAWBRIDGE-01,source_system,STRING,CHARITY_REGISTRY,,,,,,,false,4,genie/puppy/entities.csv,source_system,2026.07.19.3
BISCUIT_RELIEF,PUPPY,OR-PAWBRIDGE-01,email,NULL,,,,,,,null,false,5,genie/puppy/entities.csv,email,2026.07.19.3
BISCUIT_RELIEF,PUPPY,OR-PAWBRIDGE-01,phone,STRING,+1-555-0351,,,,,,,false,6,genie/puppy/entities.csv,phone,2026.07.19.3
BISCUIT_RELIEF,PUPPY,OR-PAWBRIDGE-01,address,STRING,72 Bridge Street,,,,,,,false,7,genie/puppy/entities.csv,address,2026.07.19.3
BISCUIT_RELIEF,PUPPY,OR-PAWBRIDGE-01,recorded_at,DATE,,,,,2023-09-18,,,false,8,genie/puppy/entities.csv,recorded_at,2026.07.19.3
BISCUIT_RELIEF,PUPPY,OR-PAWBRIDGE-02,record_id,STRING,OR-PAWBRIDGE-02,,,,,,,false,1,genie/puppy/entities.csv,record_id,2026.07.19.3
BISCUIT_RELIEF,PUPPY,OR-PAWBRIDGE-02,entity_type,STRING,ORGANIZATION_RECORD,,,,,,,false,2,genie/puppy/entities.csv,entity_type,2026.07.19.3
BISCUIT_RELIEF,PUPPY,OR-PAWBRIDGE-02,display_name,STRING,Pawbridge Relief,,,,,,,false,3,genie/puppy/entities.csv,display_name,2026.07.19.3
BISCUIT_RELIEF,PUPPY,OR-PAWBRIDGE-02,source_system,STRING,BENEFICIARY_LEDGER,,,,,,,false,4,genie/puppy/entities.csv,source_system,2026.07.19.3
BISCUIT_RELIEF,PUPPY,OR-PAWBRIDGE-02,email,NULL,,,,,,,null,false,5,genie/puppy/entities.csv,email,2026.07.19.3
BISCUIT_RELIEF,PUPPY,OR-PAWBRIDGE-02,phone,STRING,+1-555-0351,,,,,,,false,6,genie/puppy/entities.csv,phone,2026.07.19.3
BISCUIT_RELIEF,PUPPY,OR-PAWBRIDGE-02,address,STRING,72 Bridge Street,,,,,,,false,7,genie/puppy/entities.csv,address,2026.07.19.3
BISCUIT_RELIEF,PUPPY,OR-PAWBRIDGE-02,recorded_at,DATE,,,,,2023-10-19,,,false,8,genie/puppy/entities.csv,recorded_at,2026.07.19.3
BISCUIT_RELIEF,PUPPY,OR-HARBOR-01,record_id,STRING,OR-HARBOR-01,,,,,,,false,1,genie/puppy/entities.csv,record_id,2026.07.19.3
BISCUIT_RELIEF,PUPPY,OR-HARBOR-01,entity_type,STRING,ORGANIZATION_RECORD,,,,,,,false,2,genie/puppy/entities.csv,entity_type,2026.07.19.3
BISCUIT_RELIEF,PUPPY,OR-HARBOR-01,display_name,STRING,Harbor Bowl Community Pantry,,,,,,,false,3,genie/puppy/entities.csv,display_name,2026.07.19.3
BISCUIT_RELIEF,PUPPY,OR-HARBOR-01,source_system,STRING,CHARITY_REGISTRY,,,,,,,false,4,genie/puppy/entities.csv,source_system,2026.07.19.3
BISCUIT_RELIEF,PUPPY,OR-HARBOR-01,email,NULL,,,,,,,null,false,5,genie/puppy/entities.csv,email,2026.07.19.3
BISCUIT_RELIEF,PUPPY,OR-HARBOR-01,phone,STRING,+1-555-0352,,,,,,,false,6,genie/puppy/entities.csv,phone,2026.07.19.3
BISCUIT_RELIEF,PUPPY,OR-HARBOR-01,address,STRING,6 Harbor Square,,,,,,,false,7,genie/puppy/entities.csv,address,2026.07.19.3
BISCUIT_RELIEF,PUPPY,OR-HARBOR-01,recorded_at,DATE,,,,,2023-09-18,,,false,8,genie/puppy/entities.csv,recorded_at,2026.07.19.3
BISCUIT_RELIEF,PUPPY,OR-HARBOR-02,record_id,STRING,OR-HARBOR-02,,,,,,,false,1,genie/puppy/entities.csv,record_id,2026.07.19.3
BISCUIT_RELIEF,PUPPY,OR-HARBOR-02,entity_type,STRING,ORGANIZATION_RECORD,,,,,,,false,2,genie/puppy/entities.csv,entity_type,2026.07.19.3
BISCUIT_RELIEF,PUPPY,OR-HARBOR-02,display_name,STRING,Harbor Bowl Pantry,,,,,,,false,3,genie/puppy/entities.csv,display_name,2026.07.19.3
BISCUIT_RELIEF,PUPPY,OR-HARBOR-02,source_system,STRING,BENEFICIARY_LEDGER,,,,,,,false,4,genie/puppy/entities.csv,source_system,2026.07.19.3
BISCUIT_RELIEF,PUPPY,OR-HARBOR-02,email,NULL,,,,,,,null,false,5,genie/puppy/entities.csv,email,2026.07.19.3
BISCUIT_RELIEF,PUPPY,OR-HARBOR-02,phone,STRING,+1-555-0352,,,,,,,false,6,genie/puppy/entities.csv,phone,2026.07.19.3
BISCUIT_RELIEF,PUPPY,OR-HARBOR-02,address,STRING,6 Harbor Square,,,,,,,false,7,genie/puppy/entities.csv,address,2026.07.19.3
BISCUIT_RELIEF,PUPPY,OR-HARBOR-02,recorded_at,DATE,,,,,2023-10-19,,,false,8,genie/puppy/entities.csv,recorded_at,2026.07.19.3
BISCUIT_RELIEF,PUPPY,OR-WARM-01,record_id,STRING,OR-WARM-01,,,,,,,false,1,genie/puppy/entities.csv,record_id,2026.07.19.3
BISCUIT_RELIEF,PUPPY,OR-WARM-01,entity_type,STRING,ORGANIZATION_RECORD,,,,,,,false,2,genie/puppy/entities.csv,entity_type,2026.07.19.3
BISCUIT_RELIEF,PUPPY,OR-WARM-01,display_name,STRING,Warm Kennel Mutual Aid,,,,,,,false,3,genie/puppy/entities.csv,display_name,2026.07.19.3
BISCUIT_RELIEF,PUPPY,OR-WARM-01,source_system,STRING,CHARITY_REGISTRY,,,,,,,false,4,genie/puppy/entities.csv,source_system,2026.07.19.3
BISCUIT_RELIEF,PUPPY,OR-WARM-01,email,NULL,,,,,,,null,false,5,genie/puppy/entities.csv,email,2026.07.19.3
BISCUIT_RELIEF,PUPPY,OR-WARM-01,phone,STRING,+1-555-0353,,,,,,,false,6,genie/puppy/entities.csv,phone,2026.07.19.3
BISCUIT_RELIEF,PUPPY,OR-WARM-01,address,STRING,41 Hearth Avenue,,,,,,,false,7,genie/puppy/entities.csv,address,2026.07.19.3
BISCUIT_RELIEF,PUPPY,OR-WARM-01,recorded_at,DATE,,,,,2023-09-18,,,false,8,genie/puppy/entities.csv,recorded_at,2026.07.19.3
BISCUIT_RELIEF,PUPPY,OR-WARM-02,record_id,STRING,OR-WARM-02,,,,,,,false,1,genie/puppy/entities.csv,record_id,2026.07.19.3
BISCUIT_RELIEF,PUPPY,OR-WARM-02,entity_type,STRING,ORGANIZATION_RECORD,,,,,,,false,2,genie/puppy/entities.csv,entity_type,2026.07.19.3
BISCUIT_RELIEF,PUPPY,OR-WARM-02,display_name,STRING,Warm Kennel Aid,,,,,,,false,3,genie/puppy/entities.csv,display_name,2026.07.19.3
BISCUIT_RELIEF,PUPPY,OR-WARM-02,source_system,STRING,BENEFICIARY_LEDGER,,,,,,,false,4,genie/puppy/entities.csv,source_system,2026.07.19.3
BISCUIT_RELIEF,PUPPY,OR-WARM-02,email,NULL,,,,,,,null,false,5,genie/puppy/entities.csv,email,2026.07.19.3
BISCUIT_RELIEF,PUPPY,OR-WARM-02,phone,STRING,+1-555-0353,,,,,,,false,6,genie/puppy/entities.csv,phone,2026.07.19.3
BISCUIT_RELIEF,PUPPY,OR-WARM-02,address,STRING,41 Hearth Avenue,,,,,,,false,7,genie/puppy/entities.csv,address,2026.07.19.3
BISCUIT_RELIEF,PUPPY,OR-WARM-02,recorded_at,DATE,,,,,2023-10-19,,,false,8,genie/puppy/entities.csv,recorded_at,2026.07.19.3
BISCUIT_RELIEF,PUPPY,OR-PROCESSOR-01,record_id,STRING,OR-PROCESSOR-01,,,,,,,false,1,genie/puppy/entities.csv,record_id,2026.07.19.3
BISCUIT_RELIEF,PUPPY,OR-PROCESSOR-01,entity_type,STRING,ORGANIZATION_RECORD,,,,,,,false,2,genie/puppy/entities.csv,entity_type,2026.07.19.3
BISCUIT_RELIEF,PUPPY,OR-PROCESSOR-01,display_name,STRING,Northstar Donation Services,,,,,,,false,3,genie/puppy/entities.csv,display_name,2026.07.19.3
BISCUIT_RELIEF,PUPPY,OR-PROCESSOR-01,source_system,STRING,DOCUMENT_REPOSITORY,,,,,,,false,4,genie/puppy/entities.csv,source_system,2026.07.19.3
BISCUIT_RELIEF,PUPPY,OR-PROCESSOR-01,email,NULL,,,,,,,null,false,5,genie/puppy/entities.csv,email,2026.07.19.3
BISCUIT_RELIEF,PUPPY,OR-PROCESSOR-01,phone,STRING,+1-555-0368,,,,,,,false,6,genie/puppy/entities.csv,phone,2026.07.19.3
BISCUIT_RELIEF,PUPPY,OR-PROCESSOR-01,address,STRING,98 Civic Row,,,,,,,false,7,genie/puppy/entities.csv,address,2026.07.19.3
BISCUIT_RELIEF,PUPPY,OR-PROCESSOR-01,recorded_at,DATE,,,,,2023-09-18,,,false,8,genie/puppy/entities.csv,recorded_at,2026.07.19.3
BISCUIT_RELIEF,PUPPY,OR-PROCESSOR-02,record_id,STRING,OR-PROCESSOR-02,,,,,,,false,1,genie/puppy/entities.csv,record_id,2026.07.19.3
BISCUIT_RELIEF,PUPPY,OR-PROCESSOR-02,entity_type,STRING,ORGANIZATION_RECORD,,,,,,,false,2,genie/puppy/entities.csv,entity_type,2026.07.19.3
BISCUIT_RELIEF,PUPPY,OR-PROCESSOR-02,display_name,STRING,Northstar Donation Services Record,,,,,,,false,3,genie/puppy/entities.csv,display_name,2026.07.19.3
BISCUIT_RELIEF,PUPPY,OR-PROCESSOR-02,source_system,STRING,BANK_KYC,,,,,,,false,4,genie/puppy/entities.csv,source_system,2026.07.19.3
BISCUIT_RELIEF,PUPPY,OR-PROCESSOR-02,email,NULL,,,,,,,null,false,5,genie/puppy/entities.csv,email,2026.07.19.3
BISCUIT_RELIEF,PUPPY,OR-PROCESSOR-02,phone,STRING,+1-555-0368,,,,,,,false,6,genie/puppy/entities.csv,phone,2026.07.19.3
BISCUIT_RELIEF,PUPPY,OR-PROCESSOR-02,address,STRING,98 Civic Row,,,,,,,false,7,genie/puppy/entities.csv,address,2026.07.19.3
BISCUIT_RELIEF,PUPPY,OR-PROCESSOR-02,recorded_at,DATE,,,,,2023-10-19,,,false,8,genie/puppy/entities.csv,recorded_at,2026.07.19.3
BISCUIT_RELIEF,PUPPY,OR-BANK-01,record_id,STRING,OR-BANK-01,,,,,,,false,1,genie/puppy/entities.csv,record_id,2026.07.19.3
BISCUIT_RELIEF,PUPPY,OR-BANK-01,entity_type,STRING,ORGANIZATION_RECORD,,,,,,,false,2,genie/puppy/entities.csv,entity_type,2026.07.19.3
BISCUIT_RELIEF,PUPPY,OR-BANK-01,display_name,STRING,Lantern Community Bank,,,,,,,false,3,genie/puppy/entities.csv,display_name,2026.07.19.3
BISCUIT_RELIEF,PUPPY,OR-BANK-01,source_system,STRING,DOCUMENT_REPOSITORY,,,,,,,false,4,genie/puppy/entities.csv,source_system,2026.07.19.3
BISCUIT_RELIEF,PUPPY,OR-BANK-01,email,NULL,,,,,,,null,false,5,genie/puppy/entities.csv,email,2026.07.19.3
BISCUIT_RELIEF,PUPPY,OR-BANK-01,phone,STRING,+1-555-0369,,,,,,,false,6,genie/puppy/entities.csv,phone,2026.07.19.3
BISCUIT_RELIEF,PUPPY,OR-BANK-01,address,STRING,99 Civic Row,,,,,,,false,7,genie/puppy/entities.csv,address,2026.07.19.3
BISCUIT_RELIEF,PUPPY,OR-BANK-01,recorded_at,DATE,,,,,2023-09-18,,,false,8,genie/puppy/entities.csv,recorded_at,2026.07.19.3
BISCUIT_RELIEF,PUPPY,OR-CIVIC-01,record_id,STRING,OR-CIVIC-01,,,,,,,false,1,genie/puppy/entities.csv,record_id,2026.07.19.3
BISCUIT_RELIEF,PUPPY,OR-CIVIC-01,entity_type,STRING,ORGANIZATION_RECORD,,,,,,,false,2,genie/puppy/entities.csv,entity_type,2026.07.19.3
BISCUIT_RELIEF,PUPPY,OR-CIVIC-01,display_name,STRING,Civic Relief Coordination Office,,,,,,,false,3,genie/puppy/entities.csv,display_name,2026.07.19.3
BISCUIT_RELIEF,PUPPY,OR-CIVIC-01,source_system,STRING,DOCUMENT_REPOSITORY,,,,,,,false,4,genie/puppy/entities.csv,source_system,2026.07.19.3
BISCUIT_RELIEF,PUPPY,OR-CIVIC-01,email,NULL,,,,,,,null,false,5,genie/puppy/entities.csv,email,2026.07.19.3
BISCUIT_RELIEF,PUPPY,OR-CIVIC-01,phone,STRING,+1-555-0370,,,,,,,false,6,genie/puppy/entities.csv,phone,2026.07.19.3
BISCUIT_RELIEF,PUPPY,OR-CIVIC-01,address,STRING,100 Civic Row,,,,,,,false,7,genie/puppy/entities.csv,address,2026.07.19.3
BISCUIT_RELIEF,PUPPY,OR-CIVIC-01,recorded_at,DATE,,,,,2023-09-18,,,false,8,genie/puppy/entities.csv,recorded_at,2026.07.19.3
BISCUIT_RELIEF,PUPPY,A-PROC-6104,record_id,STRING,A-PROC-6104,,,,,,,false,1,genie/puppy/entities.csv,record_id,2026.07.19.3
BISCUIT_RELIEF,PUPPY,A-PROC-6104,entity_type,STRING,BANK_ACCOUNT,,,,,,,false,2,genie/puppy/entities.csv,entity_type,2026.07.19.3
BISCUIT_RELIEF,PUPPY,A-PROC-6104,display_name,STRING,••••6104,,,,,,,true,3,genie/puppy/entities.csv,display_name,2026.07.19.3
BISCUIT_RELIEF,PUPPY,A-PROC-6104,source_system,STRING,BANK_LEDGER,,,,,,,false,4,genie/puppy/entities.csv,source_system,2026.07.19.3
BISCUIT_RELIEF,PUPPY,A-PROC-6104,email,NULL,,,,,,,null,false,5,genie/puppy/entities.csv,email,2026.07.19.3
BISCUIT_RELIEF,PUPPY,A-PROC-6104,phone,NULL,,,,,,,null,false,6,genie/puppy/entities.csv,phone,2026.07.19.3
BISCUIT_RELIEF,PUPPY,A-PROC-6104,address,NULL,,,,,,,null,false,7,genie/puppy/entities.csv,address,2026.07.19.3
BISCUIT_RELIEF,PUPPY,A-PROC-6104,recorded_at,NULL,,,,,,,null,false,8,genie/puppy/entities.csv,recorded_at,2026.07.19.3
BISCUIT_RELIEF,PUPPY,A-GBRF-6401,record_id,STRING,A-GBRF-6401,,,,,,,false,1,genie/puppy/entities.csv,record_id,2026.07.19.3
BISCUIT_RELIEF,PUPPY,A-GBRF-6401,entity_type,STRING,BANK_ACCOUNT,,,,,,,false,2,genie/puppy/entities.csv,entity_type,2026.07.19.3
BISCUIT_RELIEF,PUPPY,A-GBRF-6401,display_name,STRING,••••6401,,,,,,,true,3,genie/puppy/entities.csv,display_name,2026.07.19.3
BISCUIT_RELIEF,PUPPY,A-GBRF-6401,source_system,STRING,BANK_LEDGER,,,,,,,false,4,genie/puppy/entities.csv,source_system,2026.07.19.3
BISCUIT_RELIEF,PUPPY,A-GBRF-6401,email,NULL,,,,,,,null,false,5,genie/puppy/entities.csv,email,2026.07.19.3
BISCUIT_RELIEF,PUPPY,A-GBRF-6401,phone,NULL,,,,,,,null,false,6,genie/puppy/entities.csv,phone,2026.07.19.3
BISCUIT_RELIEF,PUPPY,A-GBRF-6401,address,NULL,,,,,,,null,false,7,genie/puppy/entities.csv,address,2026.07.19.3
BISCUIT_RELIEF,PUPPY,A-GBRF-6401,recorded_at,NULL,,,,,,,null,false,8,genie/puppy/entities.csv,recorded_at,2026.07.19.3
BISCUIT_RELIEF,PUPPY,A-GILDED-4512,record_id,STRING,A-GILDED-4512,,,,,,,false,1,genie/puppy/entities.csv,record_id,2026.07.19.3
BISCUIT_RELIEF,PUPPY,A-GILDED-4512,entity_type,STRING,BANK_ACCOUNT,,,,,,,false,2,genie/puppy/entities.csv,entity_type,2026.07.19.3
BISCUIT_RELIEF,PUPPY,A-GILDED-4512,display_name,STRING,••••4512,,,,,,,true,3,genie/puppy/entities.csv,display_name,2026.07.19.3
BISCUIT_RELIEF,PUPPY,A-GILDED-4512,source_system,STRING,BANK_LEDGER,,,,,,,false,4,genie/puppy/entities.csv,source_system,2026.07.19.3
BISCUIT_RELIEF,PUPPY,A-GILDED-4512,email,NULL,,,,,,,null,false,5,genie/puppy/entities.csv,email,2026.07.19.3
BISCUIT_RELIEF,PUPPY,A-GILDED-4512,phone,NULL,,,,,,,null,false,6,genie/puppy/entities.csv,phone,2026.07.19.3
BISCUIT_RELIEF,PUPPY,A-GILDED-4512,address,NULL,,,,,,,null,false,7,genie/puppy/entities.csv,address,2026.07.19.3
BISCUIT_RELIEF,PUPPY,A-GILDED-4512,recorded_at,NULL,,,,,,,null,false,8,genie/puppy/entities.csv,recorded_at,2026.07.19.3
BISCUIT_RELIEF,PUPPY,A-REDROOF-7730,record_id,STRING,A-REDROOF-7730,,,,,,,false,1,genie/puppy/entities.csv,record_id,2026.07.19.3
BISCUIT_RELIEF,PUPPY,A-REDROOF-7730,entity_type,STRING,BANK_ACCOUNT,,,,,,,false,2,genie/puppy/entities.csv,entity_type,2026.07.19.3
BISCUIT_RELIEF,PUPPY,A-REDROOF-7730,display_name,STRING,••••7730,,,,,,,true,3,genie/puppy/entities.csv,display_name,2026.07.19.3
BISCUIT_RELIEF,PUPPY,A-REDROOF-7730,source_system,STRING,BANK_LEDGER,,,,,,,false,4,genie/puppy/entities.csv,source_system,2026.07.19.3
BISCUIT_RELIEF,PUPPY,A-REDROOF-7730,email,NULL,,,,,,,null,false,5,genie/puppy/entities.csv,email,2026.07.19.3
BISCUIT_RELIEF,PUPPY,A-REDROOF-7730,phone,NULL,,,,,,,null,false,6,genie/puppy/entities.csv,phone,2026.07.19.3
BISCUIT_RELIEF,PUPPY,A-REDROOF-7730,address,NULL,,,,,,,null,false,7,genie/puppy/entities.csv,address,2026.07.19.3
BISCUIT_RELIEF,PUPPY,A-REDROOF-7730,recorded_at,NULL,,,,,,,null,false,8,genie/puppy/entities.csv,recorded_at,2026.07.19.3
BISCUIT_RELIEF,PUPPY,A-ARLO-9088,record_id,STRING,A-ARLO-9088,,,,,,,false,1,genie/puppy/entities.csv,record_id,2026.07.19.3
BISCUIT_RELIEF,PUPPY,A-ARLO-9088,entity_type,STRING,BANK_ACCOUNT,,,,,,,false,2,genie/puppy/entities.csv,entity_type,2026.07.19.3
BISCUIT_RELIEF,PUPPY,A-ARLO-9088,display_name,STRING,••••9088,,,,,,,true,3,genie/puppy/entities.csv,display_name,2026.07.19.3
BISCUIT_RELIEF,PUPPY,A-ARLO-9088,source_system,STRING,BANK_LEDGER,,,,,,,false,4,genie/puppy/entities.csv,source_system,2026.07.19.3
BISCUIT_RELIEF,PUPPY,A-ARLO-9088,email,NULL,,,,,,,null,false,5,genie/puppy/entities.csv,email,2026.07.19.3
BISCUIT_RELIEF,PUPPY,A-ARLO-9088,phone,NULL,,,,,,,null,false,6,genie/puppy/entities.csv,phone,2026.07.19.3
BISCUIT_RELIEF,PUPPY,A-ARLO-9088,address,NULL,,,,,,,null,false,7,genie/puppy/entities.csv,address,2026.07.19.3
BISCUIT_RELIEF,PUPPY,A-ARLO-9088,recorded_at,NULL,,,,,,,null,false,8,genie/puppy/entities.csv,recorded_at,2026.07.19.3
BISCUIT_RELIEF,PUPPY,A-PAWBRIDGE-3001,record_id,STRING,A-PAWBRIDGE-3001,,,,,,,false,1,genie/puppy/entities.csv,record_id,2026.07.19.3
BISCUIT_RELIEF,PUPPY,A-PAWBRIDGE-3001,entity_type,STRING,BANK_ACCOUNT,,,,,,,false,2,genie/puppy/entities.csv,entity_type,2026.07.19.3
BISCUIT_RELIEF,PUPPY,A-PAWBRIDGE-3001,display_name,STRING,••••3001,,,,,,,true,3,genie/puppy/entities.csv,display_name,2026.07.19.3
BISCUIT_RELIEF,PUPPY,A-PAWBRIDGE-3001,source_system,STRING,BANK_LEDGER,,,,,,,false,4,genie/puppy/entities.csv,source_system,2026.07.19.3
BISCUIT_RELIEF,PUPPY,A-PAWBRIDGE-3001,email,NULL,,,,,,,null,false,5,genie/puppy/entities.csv,email,2026.07.19.3
BISCUIT_RELIEF,PUPPY,A-PAWBRIDGE-3001,phone,NULL,,,,,,,null,false,6,genie/puppy/entities.csv,phone,2026.07.19.3
BISCUIT_RELIEF,PUPPY,A-PAWBRIDGE-3001,address,NULL,,,,,,,null,false,7,genie/puppy/entities.csv,address,2026.07.19.3
BISCUIT_RELIEF,PUPPY,A-PAWBRIDGE-3001,recorded_at,NULL,,,,,,,null,false,8,genie/puppy/entities.csv,recorded_at,2026.07.19.3
BISCUIT_RELIEF,PUPPY,A-HARBOR-3002,record_id,STRING,A-HARBOR-3002,,,,,,,false,1,genie/puppy/entities.csv,record_id,2026.07.19.3
BISCUIT_RELIEF,PUPPY,A-HARBOR-3002,entity_type,STRING,BANK_ACCOUNT,,,,,,,false,2,genie/puppy/entities.csv,entity_type,2026.07.19.3
BISCUIT_RELIEF,PUPPY,A-HARBOR-3002,display_name,STRING,••••3002,,,,,,,true,3,genie/puppy/entities.csv,display_name,2026.07.19.3
BISCUIT_RELIEF,PUPPY,A-HARBOR-3002,source_system,STRING,BANK_LEDGER,,,,,,,false,4,genie/puppy/entities.csv,source_system,2026.07.19.3
BISCUIT_RELIEF,PUPPY,A-HARBOR-3002,email,NULL,,,,,,,null,false,5,genie/puppy/entities.csv,email,2026.07.19.3
BISCUIT_RELIEF,PUPPY,A-HARBOR-3002,phone,NULL,,,,,,,null,false,6,genie/puppy/entities.csv,phone,2026.07.19.3
BISCUIT_RELIEF,PUPPY,A-HARBOR-3002,address,NULL,,,,,,,null,false,7,genie/puppy/entities.csv,address,2026.07.19.3
BISCUIT_RELIEF,PUPPY,A-HARBOR-3002,recorded_at,NULL,,,,,,,null,false,8,genie/puppy/entities.csv,recorded_at,2026.07.19.3
BISCUIT_RELIEF,PUPPY,A-WARM-3003,record_id,STRING,A-WARM-3003,,,,,,,false,1,genie/puppy/entities.csv,record_id,2026.07.19.3
BISCUIT_RELIEF,PUPPY,A-WARM-3003,entity_type,STRING,BANK_ACCOUNT,,,,,,,false,2,genie/puppy/entities.csv,entity_type,2026.07.19.3
BISCUIT_RELIEF,PUPPY,A-WARM-3003,display_name,STRING,••••3003,,,,,,,true,3,genie/puppy/entities.csv,display_name,2026.07.19.3
BISCUIT_RELIEF,PUPPY,A-WARM-3003,source_system,STRING,BANK_LEDGER,,,,,,,false,4,genie/puppy/entities.csv,source_system,2026.07.19.3
BISCUIT_RELIEF,PUPPY,A-WARM-3003,email,NULL,,,,,,,null,false,5,genie/puppy/entities.csv,email,2026.07.19.3
BISCUIT_RELIEF,PUPPY,A-WARM-3003,phone,NULL,,,,,,,null,false,6,genie/puppy/entities.csv,phone,2026.07.19.3
BISCUIT_RELIEF,PUPPY,A-WARM-3003,address,NULL,,,,,,,null,false,7,genie/puppy/entities.csv,address,2026.07.19.3
BISCUIT_RELIEF,PUPPY,A-WARM-3003,recorded_at,NULL,,,,,,,null,false,8,genie/puppy/entities.csv,recorded_at,2026.07.19.3
BISCUIT_RELIEF,PUPPY,A-HOPE-2031,record_id,STRING,A-HOPE-2031,,,,,,,false,1,genie/puppy/entities.csv,record_id,2026.07.19.3
BISCUIT_RELIEF,PUPPY,A-HOPE-2031,entity_type,STRING,BANK_ACCOUNT,,,,,,,false,2,genie/puppy/entities.csv,entity_type,2026.07.19.3
BISCUIT_RELIEF,PUPPY,A-HOPE-2031,display_name,STRING,••••2031,,,,,,,true,3,genie/puppy/entities.csv,display_name,2026.07.19.3
BISCUIT_RELIEF,PUPPY,A-HOPE-2031,source_system,STRING,BANK_LEDGER,,,,,,,false,4,genie/puppy/entities.csv,source_system,2026.07.19.3
BISCUIT_RELIEF,PUPPY,A-HOPE-2031,email,NULL,,,,,,,null,false,5,genie/puppy/entities.csv,email,2026.07.19.3
BISCUIT_RELIEF,PUPPY,A-HOPE-2031,phone,NULL,,,,,,,null,false,6,genie/puppy/entities.csv,phone,2026.07.19.3
BISCUIT_RELIEF,PUPPY,A-HOPE-2031,address,NULL,,,,,,,null,false,7,genie/puppy/entities.csv,address,2026.07.19.3
BISCUIT_RELIEF,PUPPY,A-HOPE-2031,recorded_at,NULL,,,,,,,null,false,8,genie/puppy/entities.csv,recorded_at,2026.07.19.3
BISCUIT_RELIEF,PUPPY,A-LEO-2062,record_id,STRING,A-LEO-2062,,,,,,,false,1,genie/puppy/entities.csv,record_id,2026.07.19.3
BISCUIT_RELIEF,PUPPY,A-LEO-2062,entity_type,STRING,BANK_ACCOUNT,,,,,,,false,2,genie/puppy/entities.csv,entity_type,2026.07.19.3
BISCUIT_RELIEF,PUPPY,A-LEO-2062,display_name,STRING,••••2062,,,,,,,true,3,genie/puppy/entities.csv,display_name,2026.07.19.3
BISCUIT_RELIEF,PUPPY,A-LEO-2062,source_system,STRING,BANK_LEDGER,,,,,,,false,4,genie/puppy/entities.csv,source_system,2026.07.19.3
BISCUIT_RELIEF,PUPPY,A-LEO-2062,email,NULL,,,,,,,null,false,5,genie/puppy/entities.csv,email,2026.07.19.3
BISCUIT_RELIEF,PUPPY,A-LEO-2062,phone,NULL,,,,,,,null,false,6,genie/puppy/entities.csv,phone,2026.07.19.3
BISCUIT_RELIEF,PUPPY,A-LEO-2062,address,NULL,,,,,,,null,false,7,genie/puppy/entities.csv,address,2026.07.19.3
BISCUIT_RELIEF,PUPPY,A-LEO-2062,recorded_at,NULL,,,,,,,null,false,8,genie/puppy/entities.csv,recorded_at,2026.07.19.3
BISCUIT_RELIEF,PUPPY,A-RUBY-2093,record_id,STRING,A-RUBY-2093,,,,,,,false,1,genie/puppy/entities.csv,record_id,2026.07.19.3
BISCUIT_RELIEF,PUPPY,A-RUBY-2093,entity_type,STRING,BANK_ACCOUNT,,,,,,,false,2,genie/puppy/entities.csv,entity_type,2026.07.19.3
BISCUIT_RELIEF,PUPPY,A-RUBY-2093,display_name,STRING,••••2093,,,,,,,true,3,genie/puppy/entities.csv,display_name,2026.07.19.3
BISCUIT_RELIEF,PUPPY,A-RUBY-2093,source_system,STRING,BANK_LEDGER,,,,,,,false,4,genie/puppy/entities.csv,source_system,2026.07.19.3
BISCUIT_RELIEF,PUPPY,A-RUBY-2093,email,NULL,,,,,,,null,false,5,genie/puppy/entities.csv,email,2026.07.19.3
BISCUIT_RELIEF,PUPPY,A-RUBY-2093,phone,NULL,,,,,,,null,false,6,genie/puppy/entities.csv,phone,2026.07.19.3
BISCUIT_RELIEF,PUPPY,A-RUBY-2093,address,NULL,,,,,,,null,false,7,genie/puppy/entities.csv,address,2026.07.19.3
BISCUIT_RELIEF,PUPPY,A-RUBY-2093,recorded_at,NULL,,,,,,,null,false,8,genie/puppy/entities.csv,recorded_at,2026.07.19.3
BISCUIT_RELIEF,PUPPY,A-GIDEON-2124,record_id,STRING,A-GIDEON-2124,,,,,,,false,1,genie/puppy/entities.csv,record_id,2026.07.19.3
BISCUIT_RELIEF,PUPPY,A-GIDEON-2124,entity_type,STRING,BANK_ACCOUNT,,,,,,,false,2,genie/puppy/entities.csv,entity_type,2026.07.19.3
BISCUIT_RELIEF,PUPPY,A-GIDEON-2124,display_name,STRING,••••2124,,,,,,,true,3,genie/puppy/entities.csv,display_name,2026.07.19.3
BISCUIT_RELIEF,PUPPY,A-GIDEON-2124,source_system,STRING,BANK_LEDGER,,,,,,,false,4,genie/puppy/entities.csv,source_system,2026.07.19.3
BISCUIT_RELIEF,PUPPY,A-GIDEON-2124,email,NULL,,,,,,,null,false,5,genie/puppy/entities.csv,email,2026.07.19.3
BISCUIT_RELIEF,PUPPY,A-GIDEON-2124,phone,NULL,,,,,,,null,false,6,genie/puppy/entities.csv,phone,2026.07.19.3
BISCUIT_RELIEF,PUPPY,A-GIDEON-2124,address,NULL,,,,,,,null,false,7,genie/puppy/entities.csv,address,2026.07.19.3
BISCUIT_RELIEF,PUPPY,A-GIDEON-2124,recorded_at,NULL,,,,,,,null,false,8,genie/puppy/entities.csv,recorded_at,2026.07.19.3
BISCUIT_RELIEF,PUPPY,DOM-GBRF,record_id,STRING,DOM-GBRF,,,,,,,false,1,genie/puppy/entities.csv,record_id,2026.07.19.3
BISCUIT_RELIEF,PUPPY,DOM-GBRF,entity_type,STRING,DOMAIN,,,,,,,false,2,genie/puppy/entities.csv,entity_type,2026.07.19.3
BISCUIT_RELIEF,PUPPY,DOM-GBRF,display_name,STRING,greatbiscuitrelief.example,,,,,,,false,3,genie/puppy/entities.csv,display_name,2026.07.19.3
BISCUIT_RELIEF,PUPPY,DOM-GBRF,source_system,STRING,DOMAIN_REGISTRY,,,,,,,false,4,genie/puppy/entities.csv,source_system,2026.07.19.3
BISCUIT_RELIEF,PUPPY,DOM-GBRF,email,NULL,,,,,,,null,false,5,genie/puppy/entities.csv,email,2026.07.19.3
BISCUIT_RELIEF,PUPPY,DOM-GBRF,phone,NULL,,,,,,,null,false,6,genie/puppy/entities.csv,phone,2026.07.19.3
BISCUIT_RELIEF,PUPPY,DOM-GBRF,address,NULL,,,,,,,null,false,7,genie/puppy/entities.csv,address,2026.07.19.3
BISCUIT_RELIEF,PUPPY,DOM-GBRF,recorded_at,DATE,,,,,2024-07-01,,,false,8,genie/puppy/entities.csv,recorded_at,2026.07.19.3
BISCUIT_RELIEF,PUPPY,DOM-EMBER,record_id,STRING,DOM-EMBER,,,,,,,false,1,genie/puppy/entities.csv,record_id,2026.07.19.3
BISCUIT_RELIEF,PUPPY,DOM-EMBER,entity_type,STRING,DOMAIN,,,,,,,false,2,genie/puppy/entities.csv,entity_type,2026.07.19.3
BISCUIT_RELIEF,PUPPY,DOM-EMBER,display_name,STRING,emberlight.example,,,,,,,false,3,genie/puppy/entities.csv,display_name,2026.07.19.3
BISCUIT_RELIEF,PUPPY,DOM-EMBER,source_system,STRING,DOMAIN_REGISTRY,,,,,,,false,4,genie/puppy/entities.csv,source_system,2026.07.19.3
BISCUIT_RELIEF,PUPPY,DOM-EMBER,email,NULL,,,,,,,null,false,5,genie/puppy/entities.csv,email,2026.07.19.3
BISCUIT_RELIEF,PUPPY,DOM-EMBER,phone,NULL,,,,,,,null,false,6,genie/puppy/entities.csv,phone,2026.07.19.3
BISCUIT_RELIEF,PUPPY,DOM-EMBER,address,NULL,,,,,,,null,false,7,genie/puppy/entities.csv,address,2026.07.19.3
BISCUIT_RELIEF,PUPPY,DOM-EMBER,recorded_at,DATE,,,,,2024-07-10,,,false,8,genie/puppy/entities.csv,recorded_at,2026.07.19.3
BISCUIT_RELIEF,PUPPY,DOM-GILDED,record_id,STRING,DOM-GILDED,,,,,,,false,1,genie/puppy/entities.csv,record_id,2026.07.19.3
BISCUIT_RELIEF,PUPPY,DOM-GILDED,entity_type,STRING,DOMAIN,,,,,,,false,2,genie/puppy/entities.csv,entity_type,2026.07.19.3
BISCUIT_RELIEF,PUPPY,DOM-GILDED,display_name,STRING,gildedleash.example,,,,,,,false,3,genie/puppy/entities.csv,display_name,2026.07.19.3
BISCUIT_RELIEF,PUPPY,DOM-GILDED,source_system,STRING,DOMAIN_REGISTRY,,,,,,,false,4,genie/puppy/entities.csv,source_system,2026.07.19.3
BISCUIT_RELIEF,PUPPY,DOM-GILDED,email,NULL,,,,,,,null,false,5,genie/puppy/entities.csv,email,2026.07.19.3
BISCUIT_RELIEF,PUPPY,DOM-GILDED,phone,NULL,,,,,,,null,false,6,genie/puppy/entities.csv,phone,2026.07.19.3
BISCUIT_RELIEF,PUPPY,DOM-GILDED,address,NULL,,,,,,,null,false,7,genie/puppy/entities.csv,address,2026.07.19.3
BISCUIT_RELIEF,PUPPY,DOM-GILDED,recorded_at,DATE,,,,,2024-07-19,,,false,8,genie/puppy/entities.csv,recorded_at,2026.07.19.3
BISCUIT_RELIEF,PUPPY,DOM-REDROOF,record_id,STRING,DOM-REDROOF,,,,,,,false,1,genie/puppy/entities.csv,record_id,2026.07.19.3
BISCUIT_RELIEF,PUPPY,DOM-REDROOF,entity_type,STRING,DOMAIN,,,,,,,false,2,genie/puppy/entities.csv,entity_type,2026.07.19.3
BISCUIT_RELIEF,PUPPY,DOM-REDROOF,display_name,STRING,redrooflogistics.example,,,,,,,false,3,genie/puppy/entities.csv,display_name,2026.07.19.3
BISCUIT_RELIEF,PUPPY,DOM-REDROOF,source_system,STRING,DOMAIN_REGISTRY,,,,,,,false,4,genie/puppy/entities.csv,source_system,2026.07.19.3
BISCUIT_RELIEF,PUPPY,DOM-REDROOF,email,NULL,,,,,,,null,false,5,genie/puppy/entities.csv,email,2026.07.19.3
BISCUIT_RELIEF,PUPPY,DOM-REDROOF,phone,NULL,,,,,,,null,false,6,genie/puppy/entities.csv,phone,2026.07.19.3
BISCUIT_RELIEF,PUPPY,DOM-REDROOF,address,NULL,,,,,,,null,false,7,genie/puppy/entities.csv,address,2026.07.19.3
BISCUIT_RELIEF,PUPPY,DOM-REDROOF,recorded_at,DATE,,,,,2024-07-28,,,false,8,genie/puppy/entities.csv,recorded_at,2026.07.19.3
BISCUIT_RELIEF,PUPPY,DOM-PAWBRIDGE,record_id,STRING,DOM-PAWBRIDGE,,,,,,,false,1,genie/puppy/entities.csv,record_id,2026.07.19.3
BISCUIT_RELIEF,PUPPY,DOM-PAWBRIDGE,entity_type,STRING,DOMAIN,,,,,,,false,2,genie/puppy/entities.csv,entity_type,2026.07.19.3
BISCUIT_RELIEF,PUPPY,DOM-PAWBRIDGE,display_name,STRING,pawbridge.example,,,,,,,false,3,genie/puppy/entities.csv,display_name,2026.07.19.3
BISCUIT_RELIEF,PUPPY,DOM-PAWBRIDGE,source_system,STRING,DOMAIN_REGISTRY,,,,,,,false,4,genie/puppy/entities.csv,source_system,2026.07.19.3
BISCUIT_RELIEF,PUPPY,DOM-PAWBRIDGE,email,NULL,,,,,,,null,false,5,genie/puppy/entities.csv,email,2026.07.19.3
BISCUIT_RELIEF,PUPPY,DOM-PAWBRIDGE,phone,NULL,,,,,,,null,false,6,genie/puppy/entities.csv,phone,2026.07.19.3
BISCUIT_RELIEF,PUPPY,DOM-PAWBRIDGE,address,NULL,,,,,,,null,false,7,genie/puppy/entities.csv,address,2026.07.19.3
BISCUIT_RELIEF,PUPPY,DOM-PAWBRIDGE,recorded_at,DATE,,,,,2024-08-06,,,false,8,genie/puppy/entities.csv,recorded_at,2026.07.19.3
BISCUIT_RELIEF,PUPPY,DOM-HARBOR,record_id,STRING,DOM-HARBOR,,,,,,,false,1,genie/puppy/entities.csv,record_id,2026.07.19.3
BISCUIT_RELIEF,PUPPY,DOM-HARBOR,entity_type,STRING,DOMAIN,,,,,,,false,2,genie/puppy/entities.csv,entity_type,2026.07.19.3
BISCUIT_RELIEF,PUPPY,DOM-HARBOR,display_name,STRING,harborbowl.example,,,,,,,false,3,genie/puppy/entities.csv,display_name,2026.07.19.3
BISCUIT_RELIEF,PUPPY,DOM-HARBOR,source_system,STRING,DOMAIN_REGISTRY,,,,,,,false,4,genie/puppy/entities.csv,source_system,2026.07.19.3
BISCUIT_RELIEF,PUPPY,DOM-HARBOR,email,NULL,,,,,,,null,false,5,genie/puppy/entities.csv,email,2026.07.19.3
BISCUIT_RELIEF,PUPPY,DOM-HARBOR,phone,NULL,,,,,,,null,false,6,genie/puppy/entities.csv,phone,2026.07.19.3
BISCUIT_RELIEF,PUPPY,DOM-HARBOR,address,NULL,,,,,,,null,false,7,genie/puppy/entities.csv,address,2026.07.19.3
BISCUIT_RELIEF,PUPPY,DOM-HARBOR,recorded_at,DATE,,,,,2024-08-15,,,false,8,genie/puppy/entities.csv,recorded_at,2026.07.19.3
BISCUIT_RELIEF,PUPPY,DOM-WARM,record_id,STRING,DOM-WARM,,,,,,,false,1,genie/puppy/entities.csv,record_id,2026.07.19.3
BISCUIT_RELIEF,PUPPY,DOM-WARM,entity_type,STRING,DOMAIN,,,,,,,false,2,genie/puppy/entities.csv,entity_type,2026.07.19.3
BISCUIT_RELIEF,PUPPY,DOM-WARM,display_name,STRING,warmkennel.example,,,,,,,false,3,genie/puppy/entities.csv,display_name,2026.07.19.3
BISCUIT_RELIEF,PUPPY,DOM-WARM,source_system,STRING,DOMAIN_REGISTRY,,,,,,,false,4,genie/puppy/entities.csv,source_system,2026.07.19.3
BISCUIT_RELIEF,PUPPY,DOM-WARM,email,NULL,,,,,,,null,false,5,genie/puppy/entities.csv,email,2026.07.19.3
BISCUIT_RELIEF,PUPPY,DOM-WARM,phone,NULL,,,,,,,null,false,6,genie/puppy/entities.csv,phone,2026.07.19.3
BISCUIT_RELIEF,PUPPY,DOM-WARM,address,NULL,,,,,,,null,false,7,genie/puppy/entities.csv,address,2026.07.19.3
BISCUIT_RELIEF,PUPPY,DOM-WARM,recorded_at,DATE,,,,,2024-08-24,,,false,8,genie/puppy/entities.csv,recorded_at,2026.07.19.3
BISCUIT_RELIEF,PUPPY,DOM-PROCESSOR,record_id,STRING,DOM-PROCESSOR,,,,,,,false,1,genie/puppy/entities.csv,record_id,2026.07.19.3
BISCUIT_RELIEF,PUPPY,DOM-PROCESSOR,entity_type,STRING,DOMAIN,,,,,,,false,2,genie/puppy/entities.csv,entity_type,2026.07.19.3
BISCUIT_RELIEF,PUPPY,DOM-PROCESSOR,display_name,STRING,northstardonations.example,,,,,,,false,3,genie/puppy/entities.csv,display_name,2026.07.19.3
BISCUIT_RELIEF,PUPPY,DOM-PROCESSOR,source_system,STRING,DOMAIN_REGISTRY,,,,,,,false,4,genie/puppy/entities.csv,source_system,2026.07.19.3
BISCUIT_RELIEF,PUPPY,DOM-PROCESSOR,email,NULL,,,,,,,null,false,5,genie/puppy/entities.csv,email,2026.07.19.3
BISCUIT_RELIEF,PUPPY,DOM-PROCESSOR,phone,NULL,,,,,,,null,false,6,genie/puppy/entities.csv,phone,2026.07.19.3
BISCUIT_RELIEF,PUPPY,DOM-PROCESSOR,address,NULL,,,,,,,null,false,7,genie/puppy/entities.csv,address,2026.07.19.3
BISCUIT_RELIEF,PUPPY,DOM-PROCESSOR,recorded_at,DATE,,,,,2024-09-02,,,false,8,genie/puppy/entities.csv,recorded_at,2026.07.19.3
BISCUIT_RELIEF,PUPPY,TX-SET-0001,transaction_id,STRING,TX-SET-0001,,,,,,,false,1,genie/puppy/financial_events.csv,transaction_id,2026.07.19.3
BISCUIT_RELIEF,PUPPY,TX-SET-0001,occurred_at,TIMESTAMP,,,,,,2025-01-17T10:00:00Z,,false,2,genie/puppy/financial_events.csv,occurred_at,2026.07.19.3
BISCUIT_RELIEF,PUPPY,TX-SET-0001,transaction_type,STRING,PROCESSOR_SETTLEMENT,,,,,,,false,3,genie/puppy/financial_events.csv,transaction_type,2026.07.19.3
BISCUIT_RELIEF,PUPPY,TX-SET-0001,source_account_id,STRING,A-PROC-6104,,,,,,,false,4,genie/puppy/financial_events.csv,source_account_id,2026.07.19.3
BISCUIT_RELIEF,PUPPY,TX-SET-0001,destination_account_id,STRING,A-GBRF-6401,,,,,,,false,5,genie/puppy/financial_events.csv,destination_account_id,2026.07.19.3
BISCUIT_RELIEF,PUPPY,TX-SET-0001,amount,DECIMAL,,,25810.70,,,,,false,6,genie/puppy/financial_events.csv,amount,2026.07.19.3
BISCUIT_RELIEF,PUPPY,TX-SET-0001,currency,STRING,BSC,,,,,,,false,7,genie/puppy/financial_events.csv,currency,2026.07.19.3
BISCUIT_RELIEF,PUPPY,TX-SET-0001,reference,STRING,SETTLE-0001,,,,,,,false,8,genie/puppy/financial_events.csv,reference,2026.07.19.3
BISCUIT_RELIEF,PUPPY,TX-SET-0001,settlement_batch_id,STRING,SETTLE-0001,,,,,,,false,9,genie/puppy/financial_events.csv,settlement_batch_id,2026.07.19.3
BISCUIT_RELIEF,PUPPY,TX-SET-0001,entered_by_record_id,STRING,PR-PRIYA-01,,,,,,,false,10,genie/puppy/financial_events.csv,entered_by_record_id,2026.07.19.3
BISCUIT_RELIEF,PUPPY,TX-SET-0001,approved_by_record_id,STRING,PR-PRIYA-01,,,,,,,false,11,genie/puppy/financial_events.csv,approved_by_record_id,2026.07.19.3
BISCUIT_RELIEF,PUPPY,TX-SET-0001,related_object_id,STRING,SETTLE-0001,,,,,,,false,12,genie/puppy/financial_events.csv,related_object_id,2026.07.19.3
BISCUIT_RELIEF,PUPPY,TX-SET-0001,is_reversal,BOOLEAN,,,,false,,,,false,13,genie/puppy/financial_events.csv,is_reversal,2026.07.19.3
BISCUIT_RELIEF,PUPPY,TX-SET-0001,reversed_transaction_id,NULL,,,,,,,null,false,14,genie/puppy/financial_events.csv,reversed_transaction_id,2026.07.19.3
BISCUIT_RELIEF,PUPPY,TX-SET-0001,source_system_id,STRING,BANK_LEDGER,,,,,,,false,15,genie/puppy/financial_events.csv,source_system_id,2026.07.19.3
BISCUIT_RELIEF,PUPPY,TX-SET-0002,transaction_id,STRING,TX-SET-0002,,,,,,,false,1,genie/puppy/financial_events.csv,transaction_id,2026.07.19.3
BISCUIT_RELIEF,PUPPY,TX-SET-0002,occurred_at,TIMESTAMP,,,,,,2025-01-20T10:00:00Z,,false,2,genie/puppy/financial_events.csv,occurred_at,2026.07.19.3
BISCUIT_RELIEF,PUPPY,TX-SET-0002,transaction_type,STRING,PROCESSOR_SETTLEMENT,,,,,,,false,3,genie/puppy/financial_events.csv,transaction_type,2026.07.19.3
BISCUIT_RELIEF,PUPPY,TX-SET-0002,source_account_id,STRING,A-PROC-6104,,,,,,,false,4,genie/puppy/financial_events.csv,source_account_id,2026.07.19.3
BISCUIT_RELIEF,PUPPY,TX-SET-0002,destination_account_id,STRING,A-GBRF-6401,,,,,,,false,5,genie/puppy/financial_events.csv,destination_account_id,2026.07.19.3
BISCUIT_RELIEF,PUPPY,TX-SET-0002,amount,DECIMAL,,,12000.30,,,,,false,6,genie/puppy/financial_events.csv,amount,2026.07.19.3
BISCUIT_RELIEF,PUPPY,TX-SET-0002,currency,STRING,BSC,,,,,,,false,7,genie/puppy/financial_events.csv,currency,2026.07.19.3
BISCUIT_RELIEF,PUPPY,TX-SET-0002,reference,STRING,SETTLE-0002,,,,,,,false,8,genie/puppy/financial_events.csv,reference,2026.07.19.3
BISCUIT_RELIEF,PUPPY,TX-SET-0002,settlement_batch_id,STRING,SETTLE-0002,,,,,,,false,9,genie/puppy/financial_events.csv,settlement_batch_id,2026.07.19.3
BISCUIT_RELIEF,PUPPY,TX-SET-0002,entered_by_record_id,STRING,PR-PRIYA-01,,,,,,,false,10,genie/puppy/financial_events.csv,entered_by_record_id,2026.07.19.3
BISCUIT_RELIEF,PUPPY,TX-SET-0002,approved_by_record_id,STRING,PR-PRIYA-01,,,,,,,false,11,genie/puppy/financial_events.csv,approved_by_record_id,2026.07.19.3
BISCUIT_RELIEF,PUPPY,TX-SET-0002,related_object_id,STRING,SETTLE-0002,,,,,,,false,12,genie/puppy/financial_events.csv,related_object_id,2026.07.19.3
BISCUIT_RELIEF,PUPPY,TX-SET-0002,is_reversal,BOOLEAN,,,,false,,,,false,13,genie/puppy/financial_events.csv,is_reversal,2026.07.19.3
BISCUIT_RELIEF,PUPPY,TX-SET-0002,reversed_transaction_id,NULL,,,,,,,null,false,14,genie/puppy/financial_events.csv,reversed_transaction_id,2026.07.19.3
BISCUIT_RELIEF,PUPPY,TX-SET-0002,source_system_id,STRING,BANK_LEDGER,,,,,,,false,15,genie/puppy/financial_events.csv,source_system_id,2026.07.19.3
BISCUIT_RELIEF,PUPPY,TX-SET-0003,transaction_id,STRING,TX-SET-0003,,,,,,,false,1,genie/puppy/financial_events.csv,transaction_id,2026.07.19.3
BISCUIT_RELIEF,PUPPY,TX-SET-0003,occurred_at,TIMESTAMP,,,,,,2025-01-23T10:00:00Z,,false,2,genie/puppy/financial_events.csv,occurred_at,2026.07.19.3
BISCUIT_RELIEF,PUPPY,TX-SET-0003,transaction_type,STRING,PROCESSOR_SETTLEMENT,,,,,,,false,3,genie/puppy/financial_events.csv,transaction_type,2026.07.19.3
BISCUIT_RELIEF,PUPPY,TX-SET-0003,source_account_id,STRING,A-PROC-6104,,,,,,,false,4,genie/puppy/financial_events.csv,source_account_id,2026.07.19.3
BISCUIT_RELIEF,PUPPY,TX-SET-0003,destination_account_id,STRING,A-GBRF-6401,,,,,,,false,5,genie/puppy/financial_events.csv,destination_account_id,2026.07.19.3
BISCUIT_RELIEF,PUPPY,TX-SET-0003,amount,DECIMAL,,,17709.90,,,,,false,6,genie/puppy/financial_events.csv,amount,2026.07.19.3
BISCUIT_RELIEF,PUPPY,TX-SET-0003,currency,STRING,BSC,,,,,,,false,7,genie/puppy/financial_events.csv,currency,2026.07.19.3
BISCUIT_RELIEF,PUPPY,TX-SET-0003,reference,STRING,SETTLE-0003,,,,,,,false,8,genie/puppy/financial_events.csv,reference,2026.07.19.3
BISCUIT_RELIEF,PUPPY,TX-SET-0003,settlement_batch_id,STRING,SETTLE-0003,,,,,,,false,9,genie/puppy/financial_events.csv,settlement_batch_id,2026.07.19.3
BISCUIT_RELIEF,PUPPY,TX-SET-0003,entered_by_record_id,STRING,PR-PRIYA-01,,,,,,,false,10,genie/puppy/financial_events.csv,entered_by_record_id,2026.07.19.3
BISCUIT_RELIEF,PUPPY,TX-SET-0003,approved_by_record_id,STRING,PR-PRIYA-01,,,,,,,false,11,genie/puppy/financial_events.csv,approved_by_record_id,2026.07.19.3
BISCUIT_RELIEF,PUPPY,TX-SET-0003,related_object_id,STRING,SETTLE-0003,,,,,,,false,12,genie/puppy/financial_events.csv,related_object_id,2026.07.19.3
BISCUIT_RELIEF,PUPPY,TX-SET-0003,is_reversal,BOOLEAN,,,,false,,,,false,13,genie/puppy/financial_events.csv,is_reversal,2026.07.19.3
BISCUIT_RELIEF,PUPPY,TX-SET-0003,reversed_transaction_id,NULL,,,,,,,null,false,14,genie/puppy/financial_events.csv,reversed_transaction_id,2026.07.19.3
BISCUIT_RELIEF,PUPPY,TX-SET-0003,source_system_id,STRING,BANK_LEDGER,,,,,,,false,15,genie/puppy/financial_events.csv,source_system_id,2026.07.19.3
BISCUIT_RELIEF,PUPPY,TX-SET-0004,transaction_id,STRING,TX-SET-0004,,,,,,,false,1,genie/puppy/financial_events.csv,transaction_id,2026.07.19.3
BISCUIT_RELIEF,PUPPY,TX-SET-0004,occurred_at,TIMESTAMP,,,,,,2025-01-26T10:00:00Z,,false,2,genie/puppy/financial_events.csv,occurred_at,2026.07.19.3
BISCUIT_RELIEF,PUPPY,TX-SET-0004,transaction_type,STRING,PROCESSOR_SETTLEMENT,,,,,,,false,3,genie/puppy/financial_events.csv,transaction_type,2026.07.19.3
BISCUIT_RELIEF,PUPPY,TX-SET-0004,source_account_id,STRING,A-PROC-6104,,,,,,,false,4,genie/puppy/financial_events.csv,source_account_id,2026.07.19.3
BISCUIT_RELIEF,PUPPY,TX-SET-0004,destination_account_id,STRING,A-GBRF-6401,,,,,,,false,5,genie/puppy/financial_events.csv,destination_account_id,2026.07.19.3
BISCUIT_RELIEF,PUPPY,TX-SET-0004,amount,DECIMAL,,,23419.50,,,,,false,6,genie/puppy/financial_events.csv,amount,2026.07.19.3
BISCUIT_RELIEF,PUPPY,TX-SET-0004,currency,STRING,BSC,,,,,,,false,7,genie/puppy/financial_events.csv,currency,2026.07.19.3
BISCUIT_RELIEF,PUPPY,TX-SET-0004,reference,STRING,SETTLE-0004,,,,,,,false,8,genie/puppy/financial_events.csv,reference,2026.07.19.3
BISCUIT_RELIEF,PUPPY,TX-SET-0004,settlement_batch_id,STRING,SETTLE-0004,,,,,,,false,9,genie/puppy/financial_events.csv,settlement_batch_id,2026.07.19.3
BISCUIT_RELIEF,PUPPY,TX-SET-0004,entered_by_record_id,STRING,PR-PRIYA-01,,,,,,,false,10,genie/puppy/financial_events.csv,entered_by_record_id,2026.07.19.3
BISCUIT_RELIEF,PUPPY,TX-SET-0004,approved_by_record_id,STRING,PR-PRIYA-01,,,,,,,false,11,genie/puppy/financial_events.csv,approved_by_record_id,2026.07.19.3
BISCUIT_RELIEF,PUPPY,TX-SET-0004,related_object_id,STRING,SETTLE-0004,,,,,,,false,12,genie/puppy/financial_events.csv,related_object_id,2026.07.19.3
BISCUIT_RELIEF,PUPPY,TX-SET-0004,is_reversal,BOOLEAN,,,,false,,,,false,13,genie/puppy/financial_events.csv,is_reversal,2026.07.19.3
BISCUIT_RELIEF,PUPPY,TX-SET-0004,reversed_transaction_id,NULL,,,,,,,null,false,14,genie/puppy/financial_events.csv,reversed_transaction_id,2026.07.19.3
BISCUIT_RELIEF,PUPPY,TX-SET-0004,source_system_id,STRING,BANK_LEDGER,,,,,,,false,15,genie/puppy/financial_events.csv,source_system_id,2026.07.19.3
BISCUIT_RELIEF,PUPPY,TX-SET-0005,transaction_id,STRING,TX-SET-0005,,,,,,,false,1,genie/puppy/financial_events.csv,transaction_id,2026.07.19.3
BISCUIT_RELIEF,PUPPY,TX-SET-0005,occurred_at,TIMESTAMP,,,,,,2025-01-29T10:00:00Z,,false,2,genie/puppy/financial_events.csv,occurred_at,2026.07.19.3
BISCUIT_RELIEF,PUPPY,TX-SET-0005,transaction_type,STRING,PROCESSOR_SETTLEMENT,,,,,,,false,3,genie/puppy/financial_events.csv,transaction_type,2026.07.19.3
BISCUIT_RELIEF,PUPPY,TX-SET-0005,source_account_id,STRING,A-PROC-6104,,,,,,,false,4,genie/puppy/financial_events.csv,source_account_id,2026.07.19.3
BISCUIT_RELIEF,PUPPY,TX-SET-0005,destination_account_id,STRING,A-GBRF-6401,,,,,,,false,5,genie/puppy/financial_events.csv,destination_account_id,2026.07.19.3
BISCUIT_RELIEF,PUPPY,TX-SET-0005,amount,DECIMAL,,,12634.70,,,,,false,6,genie/puppy/financial_events.csv,amount,2026.07.19.3
BISCUIT_RELIEF,PUPPY,TX-SET-0005,currency,STRING,BSC,,,,,,,false,7,genie/puppy/financial_events.csv,currency,2026.07.19.3
BISCUIT_RELIEF,PUPPY,TX-SET-0005,reference,STRING,SETTLE-0005,,,,,,,false,8,genie/puppy/financial_events.csv,reference,2026.07.19.3
BISCUIT_RELIEF,PUPPY,TX-SET-0005,settlement_batch_id,STRING,SETTLE-0005,,,,,,,false,9,genie/puppy/financial_events.csv,settlement_batch_id,2026.07.19.3
BISCUIT_RELIEF,PUPPY,TX-SET-0005,entered_by_record_id,STRING,PR-PRIYA-01,,,,,,,false,10,genie/puppy/financial_events.csv,entered_by_record_id,2026.07.19.3
BISCUIT_RELIEF,PUPPY,TX-SET-0005,approved_by_record_id,STRING,PR-PRIYA-01,,,,,,,false,11,genie/puppy/financial_events.csv,approved_by_record_id,2026.07.19.3
BISCUIT_RELIEF,PUPPY,TX-SET-0005,related_object_id,STRING,SETTLE-0005,,,,,,,false,12,genie/puppy/financial_events.csv,related_object_id,2026.07.19.3
BISCUIT_RELIEF,PUPPY,TX-SET-0005,is_reversal,BOOLEAN,,,,false,,,,false,13,genie/puppy/financial_events.csv,is_reversal,2026.07.19.3
BISCUIT_RELIEF,PUPPY,TX-SET-0005,reversed_transaction_id,NULL,,,,,,,null,false,14,genie/puppy/financial_events.csv,reversed_transaction_id,2026.07.19.3
BISCUIT_RELIEF,PUPPY,TX-SET-0005,source_system_id,STRING,BANK_LEDGER,,,,,,,false,15,genie/puppy/financial_events.csv,source_system_id,2026.07.19.3
BISCUIT_RELIEF,PUPPY,TX-SET-0006,transaction_id,STRING,TX-SET-0006,,,,,,,false,1,genie/puppy/financial_events.csv,transaction_id,2026.07.19.3
BISCUIT_RELIEF,PUPPY,TX-SET-0006,occurred_at,TIMESTAMP,,,,,,2025-02-01T10:00:00Z,,false,2,genie/puppy/financial_events.csv,occurred_at,2026.07.19.3
BISCUIT_RELIEF,PUPPY,TX-SET-0006,transaction_type,STRING,PROCESSOR_SETTLEMENT,,,,,,,false,3,genie/puppy/financial_events.csv,transaction_type,2026.07.19.3
BISCUIT_RELIEF,PUPPY,TX-SET-0006,source_account_id,STRING,A-PROC-6104,,,,,,,false,4,genie/puppy/financial_events.csv,source_account_id,2026.07.19.3
BISCUIT_RELIEF,PUPPY,TX-SET-0006,destination_account_id,STRING,A-GBRF-6401,,,,,,,false,5,genie/puppy/financial_events.csv,destination_account_id,2026.07.19.3
BISCUIT_RELIEF,PUPPY,TX-SET-0006,amount,DECIMAL,,,10097.10,,,,,false,6,genie/puppy/financial_events.csv,amount,2026.07.19.3
BISCUIT_RELIEF,PUPPY,TX-SET-0006,currency,STRING,BSC,,,,,,,false,7,genie/puppy/financial_events.csv,currency,2026.07.19.3
BISCUIT_RELIEF,PUPPY,TX-SET-0006,reference,STRING,SETTLE-0006,,,,,,,false,8,genie/puppy/financial_events.csv,reference,2026.07.19.3
BISCUIT_RELIEF,PUPPY,TX-SET-0006,settlement_batch_id,STRING,SETTLE-0006,,,,,,,false,9,genie/puppy/financial_events.csv,settlement_batch_id,2026.07.19.3
BISCUIT_RELIEF,PUPPY,TX-SET-0006,entered_by_record_id,STRING,PR-PRIYA-01,,,,,,,false,10,genie/puppy/financial_events.csv,entered_by_record_id,2026.07.19.3
BISCUIT_RELIEF,PUPPY,TX-SET-0006,approved_by_record_id,STRING,PR-PRIYA-01,,,,,,,false,11,genie/puppy/financial_events.csv,approved_by_record_id,2026.07.19.3
BISCUIT_RELIEF,PUPPY,TX-SET-0006,related_object_id,STRING,SETTLE-0006,,,,,,,false,12,genie/puppy/financial_events.csv,related_object_id,2026.07.19.3
BISCUIT_RELIEF,PUPPY,TX-SET-0006,is_reversal,BOOLEAN,,,,false,,,,false,13,genie/puppy/financial_events.csv,is_reversal,2026.07.19.3
BISCUIT_RELIEF,PUPPY,TX-SET-0006,reversed_transaction_id,NULL,,,,,,,null,false,14,genie/puppy/financial_events.csv,reversed_transaction_id,2026.07.19.3
BISCUIT_RELIEF,PUPPY,TX-SET-0006,source_system_id,STRING,BANK_LEDGER,,,,,,,false,15,genie/puppy/financial_events.csv,source_system_id,2026.07.19.3
BISCUIT_RELIEF,PUPPY,TX-SET-0007,transaction_id,STRING,TX-SET-0007,,,,,,,false,1,genie/puppy/financial_events.csv,transaction_id,2026.07.19.3
BISCUIT_RELIEF,PUPPY,TX-SET-0007,occurred_at,TIMESTAMP,,,,,,2025-02-04T10:00:00Z,,false,2,genie/puppy/financial_events.csv,occurred_at,2026.07.19.3
BISCUIT_RELIEF,PUPPY,TX-SET-0007,transaction_type,STRING,PROCESSOR_SETTLEMENT,,,,,,,false,3,genie/puppy/financial_events.csv,transaction_type,2026.07.19.3
BISCUIT_RELIEF,PUPPY,TX-SET-0007,source_account_id,STRING,A-PROC-6104,,,,,,,false,4,genie/puppy/financial_events.csv,source_account_id,2026.07.19.3
BISCUIT_RELIEF,PUPPY,TX-SET-0007,destination_account_id,STRING,A-GBRF-6401,,,,,,,false,5,genie/puppy/financial_events.csv,destination_account_id,2026.07.19.3
BISCUIT_RELIEF,PUPPY,TX-SET-0007,amount,DECIMAL,,,15806.70,,,,,false,6,genie/puppy/financial_events.csv,amount,2026.07.19.3
BISCUIT_RELIEF,PUPPY,TX-SET-0007,currency,STRING,BSC,,,,,,,false,7,genie/puppy/financial_events.csv,currency,2026.07.19.3
BISCUIT_RELIEF,PUPPY,TX-SET-0007,reference,STRING,SETTLE-0007,,,,,,,false,8,genie/puppy/financial_events.csv,reference,2026.07.19.3
BISCUIT_RELIEF,PUPPY,TX-SET-0007,settlement_batch_id,STRING,SETTLE-0007,,,,,,,false,9,genie/puppy/financial_events.csv,settlement_batch_id,2026.07.19.3
BISCUIT_RELIEF,PUPPY,TX-SET-0007,entered_by_record_id,STRING,PR-PRIYA-01,,,,,,,false,10,genie/puppy/financial_events.csv,entered_by_record_id,2026.07.19.3
BISCUIT_RELIEF,PUPPY,TX-SET-0007,approved_by_record_id,STRING,PR-PRIYA-01,,,,,,,false,11,genie/puppy/financial_events.csv,approved_by_record_id,2026.07.19.3
BISCUIT_RELIEF,PUPPY,TX-SET-0007,related_object_id,STRING,SETTLE-0007,,,,,,,false,12,genie/puppy/financial_events.csv,related_object_id,2026.07.19.3
BISCUIT_RELIEF,PUPPY,TX-SET-0007,is_reversal,BOOLEAN,,,,false,,,,false,13,genie/puppy/financial_events.csv,is_reversal,2026.07.19.3
BISCUIT_RELIEF,PUPPY,TX-SET-0007,reversed_transaction_id,NULL,,,,,,,null,false,14,genie/puppy/financial_events.csv,reversed_transaction_id,2026.07.19.3
BISCUIT_RELIEF,PUPPY,TX-SET-0007,source_system_id,STRING,BANK_LEDGER,,,,,,,false,15,genie/puppy/financial_events.csv,source_system_id,2026.07.19.3
BISCUIT_RELIEF,PUPPY,TX-SET-0008,transaction_id,STRING,TX-SET-0008,,,,,,,false,1,genie/puppy/financial_events.csv,transaction_id,2026.07.19.3
BISCUIT_RELIEF,PUPPY,TX-SET-0008,occurred_at,TIMESTAMP,,,,,,2025-02-07T10:00:00Z,,false,2,genie/puppy/financial_events.csv,occurred_at,2026.07.19.3
BISCUIT_RELIEF,PUPPY,TX-SET-0008,transaction_type,STRING,PROCESSOR_SETTLEMENT,,,,,,,false,3,genie/puppy/financial_events.csv,transaction_type,2026.07.19.3
BISCUIT_RELIEF,PUPPY,TX-SET-0008,source_account_id,STRING,A-PROC-6104,,,,,,,false,4,genie/puppy/financial_events.csv,source_account_id,2026.07.19.3
BISCUIT_RELIEF,PUPPY,TX-SET-0008,destination_account_id,STRING,A-GBRF-6401,,,,,,,false,5,genie/puppy/financial_events.csv,destination_account_id,2026.07.19.3
BISCUIT_RELIEF,PUPPY,TX-SET-0008,amount,DECIMAL,,,21516.30,,,,,false,6,genie/puppy/financial_events.csv,amount,2026.07.19.3
BISCUIT_RELIEF,PUPPY,TX-SET-0008,currency,STRING,BSC,,,,,,,false,7,genie/puppy/financial_events.csv,currency,2026.07.19.3
BISCUIT_RELIEF,PUPPY,TX-SET-0008,reference,STRING,SETTLE-0008,,,,,,,false,8,genie/puppy/financial_events.csv,reference,2026.07.19.3
BISCUIT_RELIEF,PUPPY,TX-SET-0008,settlement_batch_id,STRING,SETTLE-0008,,,,,,,false,9,genie/puppy/financial_events.csv,settlement_batch_id,2026.07.19.3
BISCUIT_RELIEF,PUPPY,TX-SET-0008,entered_by_record_id,STRING,PR-PRIYA-01,,,,,,,false,10,genie/puppy/financial_events.csv,entered_by_record_id,2026.07.19.3
BISCUIT_RELIEF,PUPPY,TX-SET-0008,approved_by_record_id,STRING,PR-PRIYA-01,,,,,,,false,11,genie/puppy/financial_events.csv,approved_by_record_id,2026.07.19.3
BISCUIT_RELIEF,PUPPY,TX-SET-0008,related_object_id,STRING,SETTLE-0008,,,,,,,false,12,genie/puppy/financial_events.csv,related_object_id,2026.07.19.3
BISCUIT_RELIEF,PUPPY,TX-SET-0008,is_reversal,BOOLEAN,,,,false,,,,false,13,genie/puppy/financial_events.csv,is_reversal,2026.07.19.3
BISCUIT_RELIEF,PUPPY,TX-SET-0008,reversed_transaction_id,NULL,,,,,,,null,false,14,genie/puppy/financial_events.csv,reversed_transaction_id,2026.07.19.3
BISCUIT_RELIEF,PUPPY,TX-SET-0008,source_system_id,STRING,BANK_LEDGER,,,,,,,false,15,genie/puppy/financial_events.csv,source_system_id,2026.07.19.3
BISCUIT_RELIEF,PUPPY,TX-SET-0009,transaction_id,STRING,TX-SET-0009,,,,,,,false,1,genie/puppy/financial_events.csv,transaction_id,2026.07.19.3
BISCUIT_RELIEF,PUPPY,TX-SET-0009,occurred_at,TIMESTAMP,,,,,,2025-02-10T10:00:00Z,,false,2,genie/puppy/financial_events.csv,occurred_at,2026.07.19.3
BISCUIT_RELIEF,PUPPY,TX-SET-0009,transaction_type,STRING,PROCESSOR_SETTLEMENT,,,,,,,false,3,genie/puppy/financial_events.csv,transaction_type,2026.07.19.3
BISCUIT_RELIEF,PUPPY,TX-SET-0009,source_account_id,STRING,A-PROC-6104,,,,,,,false,4,genie/puppy/financial_events.csv,source_account_id,2026.07.19.3
BISCUIT_RELIEF,PUPPY,TX-SET-0009,destination_account_id,STRING,A-GBRF-6401,,,,,,,false,5,genie/puppy/financial_events.csv,destination_account_id,2026.07.19.3
BISCUIT_RELIEF,PUPPY,TX-SET-0009,amount,DECIMAL,,,18978.70,,,,,false,6,genie/puppy/financial_events.csv,amount,2026.07.19.3
BISCUIT_RELIEF,PUPPY,TX-SET-0009,currency,STRING,BSC,,,,,,,false,7,genie/puppy/financial_events.csv,currency,2026.07.19.3
BISCUIT_RELIEF,PUPPY,TX-SET-0009,reference,STRING,SETTLE-0009,,,,,,,false,8,genie/puppy/financial_events.csv,reference,2026.07.19.3
BISCUIT_RELIEF,PUPPY,TX-SET-0009,settlement_batch_id,STRING,SETTLE-0009,,,,,,,false,9,genie/puppy/financial_events.csv,settlement_batch_id,2026.07.19.3
BISCUIT_RELIEF,PUPPY,TX-SET-0009,entered_by_record_id,STRING,PR-PRIYA-01,,,,,,,false,10,genie/puppy/financial_events.csv,entered_by_record_id,2026.07.19.3
BISCUIT_RELIEF,PUPPY,TX-SET-0009,approved_by_record_id,STRING,PR-PRIYA-01,,,,,,,false,11,genie/puppy/financial_events.csv,approved_by_record_id,2026.07.19.3
BISCUIT_RELIEF,PUPPY,TX-SET-0009,related_object_id,STRING,SETTLE-0009,,,,,,,false,12,genie/puppy/financial_events.csv,related_object_id,2026.07.19.3
BISCUIT_RELIEF,PUPPY,TX-SET-0009,is_reversal,BOOLEAN,,,,false,,,,false,13,genie/puppy/financial_events.csv,is_reversal,2026.07.19.3
BISCUIT_RELIEF,PUPPY,TX-SET-0009,reversed_transaction_id,NULL,,,,,,,null,false,14,genie/puppy/financial_events.csv,reversed_transaction_id,2026.07.19.3
BISCUIT_RELIEF,PUPPY,TX-SET-0009,source_system_id,STRING,BANK_LEDGER,,,,,,,false,15,genie/puppy/financial_events.csv,source_system_id,2026.07.19.3
BISCUIT_RELIEF,PUPPY,TX-SET-0010,transaction_id,STRING,TX-SET-0010,,,,,,,false,1,genie/puppy/financial_events.csv,transaction_id,2026.07.19.3
BISCUIT_RELIEF,PUPPY,TX-SET-0010,occurred_at,TIMESTAMP,,,,,,2025-02-13T10:00:00Z,,false,2,genie/puppy/financial_events.csv,occurred_at,2026.07.19.3
BISCUIT_RELIEF,PUPPY,TX-SET-0010,transaction_type,STRING,PROCESSOR_SETTLEMENT,,,,,,,false,3,genie/puppy/financial_events.csv,transaction_type,2026.07.19.3
BISCUIT_RELIEF,PUPPY,TX-SET-0010,source_account_id,STRING,A-PROC-6104,,,,,,,false,4,genie/puppy/financial_events.csv,source_account_id,2026.07.19.3
BISCUIT_RELIEF,PUPPY,TX-SET-0010,destination_account_id,STRING,A-GBRF-6401,,,,,,,false,5,genie/puppy/financial_events.csv,destination_account_id,2026.07.19.3
BISCUIT_RELIEF,PUPPY,TX-SET-0010,amount,DECIMAL,,,8193.90,,,,,false,6,genie/puppy/financial_events.csv,amount,2026.07.19.3
BISCUIT_RELIEF,PUPPY,TX-SET-0010,currency,STRING,BSC,,,,,,,false,7,genie/puppy/financial_events.csv,currency,2026.07.19.3
BISCUIT_RELIEF,PUPPY,TX-SET-0010,reference,STRING,SETTLE-0010,,,,,,,false,8,genie/puppy/financial_events.csv,reference,2026.07.19.3
BISCUIT_RELIEF,PUPPY,TX-SET-0010,settlement_batch_id,STRING,SETTLE-0010,,,,,,,false,9,genie/puppy/financial_events.csv,settlement_batch_id,2026.07.19.3
BISCUIT_RELIEF,PUPPY,TX-SET-0010,entered_by_record_id,STRING,PR-PRIYA-01,,,,,,,false,10,genie/puppy/financial_events.csv,entered_by_record_id,2026.07.19.3
BISCUIT_RELIEF,PUPPY,TX-SET-0010,approved_by_record_id,STRING,PR-PRIYA-01,,,,,,,false,11,genie/puppy/financial_events.csv,approved_by_record_id,2026.07.19.3
BISCUIT_RELIEF,PUPPY,TX-SET-0010,related_object_id,STRING,SETTLE-0010,,,,,,,false,12,genie/puppy/financial_events.csv,related_object_id,2026.07.19.3
BISCUIT_RELIEF,PUPPY,TX-SET-0010,is_reversal,BOOLEAN,,,,false,,,,false,13,genie/puppy/financial_events.csv,is_reversal,2026.07.19.3
BISCUIT_RELIEF,PUPPY,TX-SET-0010,reversed_transaction_id,NULL,,,,,,,null,false,14,genie/puppy/financial_events.csv,reversed_transaction_id,2026.07.19.3
BISCUIT_RELIEF,PUPPY,TX-SET-0010,source_system_id,STRING,BANK_LEDGER,,,,,,,false,15,genie/puppy/financial_events.csv,source_system_id,2026.07.19.3
BISCUIT_RELIEF,PUPPY,TX-SET-0011,transaction_id,STRING,TX-SET-0011,,,,,,,false,1,genie/puppy/financial_events.csv,transaction_id,2026.07.19.3
BISCUIT_RELIEF,PUPPY,TX-SET-0011,occurred_at,TIMESTAMP,,,,,,2025-02-16T10:00:00Z,,false,2,genie/puppy/financial_events.csv,occurred_at,2026.07.19.3
BISCUIT_RELIEF,PUPPY,TX-SET-0011,transaction_type,STRING,PROCESSOR_SETTLEMENT,,,,,,,false,3,genie/puppy/financial_events.csv,transaction_type,2026.07.19.3
BISCUIT_RELIEF,PUPPY,TX-SET-0011,source_account_id,STRING,A-PROC-6104,,,,,,,false,4,genie/puppy/financial_events.csv,source_account_id,2026.07.19.3
BISCUIT_RELIEF,PUPPY,TX-SET-0011,destination_account_id,STRING,A-GBRF-6401,,,,,,,false,5,genie/puppy/financial_events.csv,destination_account_id,2026.07.19.3
BISCUIT_RELIEF,PUPPY,TX-SET-0011,amount,DECIMAL,,,16441.10,,,,,false,6,genie/puppy/financial_events.csv,amount,2026.07.19.3
BISCUIT_RELIEF,PUPPY,TX-SET-0011,currency,STRING,BSC,,,,,,,false,7,genie/puppy/financial_events.csv,currency,2026.07.19.3
BISCUIT_RELIEF,PUPPY,TX-SET-0011,reference,STRING,SETTLE-0011,,,,,,,false,8,genie/puppy/financial_events.csv,reference,2026.07.19.3
BISCUIT_RELIEF,PUPPY,TX-SET-0011,settlement_batch_id,STRING,SETTLE-0011,,,,,,,false,9,genie/puppy/financial_events.csv,settlement_batch_id,2026.07.19.3
BISCUIT_RELIEF,PUPPY,TX-SET-0011,entered_by_record_id,STRING,PR-PRIYA-01,,,,,,,false,10,genie/puppy/financial_events.csv,entered_by_record_id,2026.07.19.3
BISCUIT_RELIEF,PUPPY,TX-SET-0011,approved_by_record_id,STRING,PR-PRIYA-01,,,,,,,false,11,genie/puppy/financial_events.csv,approved_by_record_id,2026.07.19.3
BISCUIT_RELIEF,PUPPY,TX-SET-0011,related_object_id,STRING,SETTLE-0011,,,,,,,false,12,genie/puppy/financial_events.csv,related_object_id,2026.07.19.3
BISCUIT_RELIEF,PUPPY,TX-SET-0011,is_reversal,BOOLEAN,,,,false,,,,false,13,genie/puppy/financial_events.csv,is_reversal,2026.07.19.3
BISCUIT_RELIEF,PUPPY,TX-SET-0011,reversed_transaction_id,NULL,,,,,,,null,false,14,genie/puppy/financial_events.csv,reversed_transaction_id,2026.07.19.3
BISCUIT_RELIEF,PUPPY,TX-SET-0011,source_system_id,STRING,BANK_LEDGER,,,,,,,false,15,genie/puppy/financial_events.csv,source_system_id,2026.07.19.3
BISCUIT_RELIEF,PUPPY,TX-SET-0012,transaction_id,STRING,TX-SET-0012,,,,,,,false,1,genie/puppy/financial_events.csv,transaction_id,2026.07.19.3
BISCUIT_RELIEF,PUPPY,TX-SET-0012,occurred_at,TIMESTAMP,,,,,,2025-02-19T10:00:00Z,,false,2,genie/puppy/financial_events.csv,occurred_at,2026.07.19.3
BISCUIT_RELIEF,PUPPY,TX-SET-0012,transaction_type,STRING,PROCESSOR_SETTLEMENT,,,,,,,false,3,genie/puppy/financial_events.csv,transaction_type,2026.07.19.3
BISCUIT_RELIEF,PUPPY,TX-SET-0012,source_account_id,STRING,A-PROC-6104,,,,,,,false,4,genie/puppy/financial_events.csv,source_account_id,2026.07.19.3
BISCUIT_RELIEF,PUPPY,TX-SET-0012,destination_account_id,STRING,A-GBRF-6401,,,,,,,false,5,genie/puppy/financial_events.csv,destination_account_id,2026.07.19.3
BISCUIT_RELIEF,PUPPY,TX-SET-0012,amount,DECIMAL,,,42939.50,,,,,false,6,genie/puppy/financial_events.csv,amount,2026.07.19.3
BISCUIT_RELIEF,PUPPY,TX-SET-0012,currency,STRING,BSC,,,,,,,false,7,genie/puppy/financial_events.csv,currency,2026.07.19.3
BISCUIT_RELIEF,PUPPY,TX-SET-0012,reference,STRING,SETTLE-0012,,,,,,,false,8,genie/puppy/financial_events.csv,reference,2026.07.19.3
BISCUIT_RELIEF,PUPPY,TX-SET-0012,settlement_batch_id,STRING,SETTLE-0012,,,,,,,false,9,genie/puppy/financial_events.csv,settlement_batch_id,2026.07.19.3
BISCUIT_RELIEF,PUPPY,TX-SET-0012,entered_by_record_id,STRING,PR-PRIYA-01,,,,,,,false,10,genie/puppy/financial_events.csv,entered_by_record_id,2026.07.19.3
BISCUIT_RELIEF,PUPPY,TX-SET-0012,approved_by_record_id,STRING,PR-PRIYA-01,,,,,,,false,11,genie/puppy/financial_events.csv,approved_by_record_id,2026.07.19.3
BISCUIT_RELIEF,PUPPY,TX-SET-0012,related_object_id,STRING,SETTLE-0012,,,,,,,false,12,genie/puppy/financial_events.csv,related_object_id,2026.07.19.3
BISCUIT_RELIEF,PUPPY,TX-SET-0012,is_reversal,BOOLEAN,,,,false,,,,false,13,genie/puppy/financial_events.csv,is_reversal,2026.07.19.3
BISCUIT_RELIEF,PUPPY,TX-SET-0012,reversed_transaction_id,NULL,,,,,,,null,false,14,genie/puppy/financial_events.csv,reversed_transaction_id,2026.07.19.3
BISCUIT_RELIEF,PUPPY,TX-SET-0012,source_system_id,STRING,BANK_LEDGER,,,,,,,false,15,genie/puppy/financial_events.csv,source_system_id,2026.07.19.3
BISCUIT_RELIEF,PUPPY,TX-SET-0013,transaction_id,STRING,TX-SET-0013,,,,,,,false,1,genie/puppy/financial_events.csv,transaction_id,2026.07.19.3
BISCUIT_RELIEF,PUPPY,TX-SET-0013,occurred_at,TIMESTAMP,,,,,,2025-02-22T10:00:00Z,,false,2,genie/puppy/financial_events.csv,occurred_at,2026.07.19.3
BISCUIT_RELIEF,PUPPY,TX-SET-0013,transaction_type,STRING,PROCESSOR_SETTLEMENT,,,,,,,false,3,genie/puppy/financial_events.csv,transaction_type,2026.07.19.3
BISCUIT_RELIEF,PUPPY,TX-SET-0013,source_account_id,STRING,A-PROC-6104,,,,,,,false,4,genie/puppy/financial_events.csv,source_account_id,2026.07.19.3
BISCUIT_RELIEF,PUPPY,TX-SET-0013,destination_account_id,STRING,A-GBRF-6401,,,,,,,false,5,genie/puppy/financial_events.csv,destination_account_id,2026.07.19.3
BISCUIT_RELIEF,PUPPY,TX-SET-0013,amount,DECIMAL,,,12634.70,,,,,false,6,genie/puppy/financial_events.csv,amount,2026.07.19.3
BISCUIT_RELIEF,PUPPY,TX-SET-0013,currency,STRING,BSC,,,,,,,false,7,genie/puppy/financial_events.csv,currency,2026.07.19.3
BISCUIT_RELIEF,PUPPY,TX-SET-0013,reference,STRING,SETTLE-0013,,,,,,,false,8,genie/puppy/financial_events.csv,reference,2026.07.19.3
BISCUIT_RELIEF,PUPPY,TX-SET-0013,settlement_batch_id,STRING,SETTLE-0013,,,,,,,false,9,genie/puppy/financial_events.csv,settlement_batch_id,2026.07.19.3
BISCUIT_RELIEF,PUPPY,TX-SET-0013,entered_by_record_id,STRING,PR-PRIYA-01,,,,,,,false,10,genie/puppy/financial_events.csv,entered_by_record_id,2026.07.19.3
BISCUIT_RELIEF,PUPPY,TX-SET-0013,approved_by_record_id,STRING,PR-PRIYA-01,,,,,,,false,11,genie/puppy/financial_events.csv,approved_by_record_id,2026.07.19.3
BISCUIT_RELIEF,PUPPY,TX-SET-0013,related_object_id,STRING,SETTLE-0013,,,,,,,false,12,genie/puppy/financial_events.csv,related_object_id,2026.07.19.3
BISCUIT_RELIEF,PUPPY,TX-SET-0013,is_reversal,BOOLEAN,,,,false,,,,false,13,genie/puppy/financial_events.csv,is_reversal,2026.07.19.3
BISCUIT_RELIEF,PUPPY,TX-SET-0013,reversed_transaction_id,NULL,,,,,,,null,false,14,genie/puppy/financial_events.csv,reversed_transaction_id,2026.07.19.3
BISCUIT_RELIEF,PUPPY,TX-SET-0013,source_system_id,STRING,BANK_LEDGER,,,,,,,false,15,genie/puppy/financial_events.csv,source_system_id,2026.07.19.3
BISCUIT_RELIEF,PUPPY,TX-SET-0014,transaction_id,STRING,TX-SET-0014,,,,,,,false,1,genie/puppy/financial_events.csv,transaction_id,2026.07.19.3
BISCUIT_RELIEF,PUPPY,TX-SET-0014,occurred_at,TIMESTAMP,,,,,,2025-02-25T10:00:00Z,,false,2,genie/puppy/financial_events.csv,occurred_at,2026.07.19.3
BISCUIT_RELIEF,PUPPY,TX-SET-0014,transaction_type,STRING,PROCESSOR_SETTLEMENT,,,,,,,false,3,genie/puppy/financial_events.csv,transaction_type,2026.07.19.3
BISCUIT_RELIEF,PUPPY,TX-SET-0014,source_account_id,STRING,A-PROC-6104,,,,,,,false,4,genie/puppy/financial_events.csv,source_account_id,2026.07.19.3
BISCUIT_RELIEF,PUPPY,TX-SET-0014,destination_account_id,STRING,A-GBRF-6401,,,,,,,false,5,genie/puppy/financial_events.csv,destination_account_id,2026.07.19.3
BISCUIT_RELIEF,PUPPY,TX-SET-0014,amount,DECIMAL,,,12634.70,,,,,false,6,genie/puppy/financial_events.csv,amount,2026.07.19.3
BISCUIT_RELIEF,PUPPY,TX-SET-0014,currency,STRING,BSC,,,,,,,false,7,genie/puppy/financial_events.csv,currency,2026.07.19.3
BISCUIT_RELIEF,PUPPY,TX-SET-0014,reference,STRING,SETTLE-0014,,,,,,,false,8,genie/puppy/financial_events.csv,reference,2026.07.19.3
BISCUIT_RELIEF,PUPPY,TX-SET-0014,settlement_batch_id,STRING,SETTLE-0014,,,,,,,false,9,genie/puppy/financial_events.csv,settlement_batch_id,2026.07.19.3
BISCUIT_RELIEF,PUPPY,TX-SET-0014,entered_by_record_id,STRING,PR-PRIYA-01,,,,,,,false,10,genie/puppy/financial_events.csv,entered_by_record_id,2026.07.19.3
BISCUIT_RELIEF,PUPPY,TX-SET-0014,approved_by_record_id,STRING,PR-PRIYA-01,,,,,,,false,11,genie/puppy/financial_events.csv,approved_by_record_id,2026.07.19.3
BISCUIT_RELIEF,PUPPY,TX-SET-0014,related_object_id,STRING,SETTLE-0014,,,,,,,false,12,genie/puppy/financial_events.csv,related_object_id,2026.07.19.3
BISCUIT_RELIEF,PUPPY,TX-SET-0014,is_reversal,BOOLEAN,,,,false,,,,false,13,genie/puppy/financial_events.csv,is_reversal,2026.07.19.3
BISCUIT_RELIEF,PUPPY,TX-SET-0014,reversed_transaction_id,NULL,,,,,,,null,false,14,genie/puppy/financial_events.csv,reversed_transaction_id,2026.07.19.3
BISCUIT_RELIEF,PUPPY,TX-SET-0014,source_system_id,STRING,BANK_LEDGER,,,,,,,false,15,genie/puppy/financial_events.csv,source_system_id,2026.07.19.3
BISCUIT_RELIEF,PUPPY,TX-SET-0015,transaction_id,STRING,TX-SET-0015,,,,,,,false,1,genie/puppy/financial_events.csv,transaction_id,2026.07.19.3
BISCUIT_RELIEF,PUPPY,TX-SET-0015,occurred_at,TIMESTAMP,,,,,,2025-02-28T10:00:00Z,,false,2,genie/puppy/financial_events.csv,occurred_at,2026.07.19.3
BISCUIT_RELIEF,PUPPY,TX-SET-0015,transaction_type,STRING,PROCESSOR_SETTLEMENT,,,,,,,false,3,genie/puppy/financial_events.csv,transaction_type,2026.07.19.3
BISCUIT_RELIEF,PUPPY,TX-SET-0015,source_account_id,STRING,A-PROC-6104,,,,,,,false,4,genie/puppy/financial_events.csv,source_account_id,2026.07.19.3
BISCUIT_RELIEF,PUPPY,TX-SET-0015,destination_account_id,STRING,A-GBRF-6401,,,,,,,false,5,genie/puppy/financial_events.csv,destination_account_id,2026.07.19.3
BISCUIT_RELIEF,PUPPY,TX-SET-0015,amount,DECIMAL,,,19613.10,,,,,false,6,genie/puppy/financial_events.csv,amount,2026.07.19.3
BISCUIT_RELIEF,PUPPY,TX-SET-0015,currency,STRING,BSC,,,,,,,false,7,genie/puppy/financial_events.csv,currency,2026.07.19.3
BISCUIT_RELIEF,PUPPY,TX-SET-0015,reference,STRING,SETTLE-0015,,,,,,,false,8,genie/puppy/financial_events.csv,reference,2026.07.19.3
BISCUIT_RELIEF,PUPPY,TX-SET-0015,settlement_batch_id,STRING,SETTLE-0015,,,,,,,false,9,genie/puppy/financial_events.csv,settlement_batch_id,2026.07.19.3
BISCUIT_RELIEF,PUPPY,TX-SET-0015,entered_by_record_id,STRING,PR-PRIYA-01,,,,,,,false,10,genie/puppy/financial_events.csv,entered_by_record_id,2026.07.19.3
BISCUIT_RELIEF,PUPPY,TX-SET-0015,approved_by_record_id,STRING,PR-PRIYA-01,,,,,,,false,11,genie/puppy/financial_events.csv,approved_by_record_id,2026.07.19.3
BISCUIT_RELIEF,PUPPY,TX-SET-0015,related_object_id,STRING,SETTLE-0015,,,,,,,false,12,genie/puppy/financial_events.csv,related_object_id,2026.07.19.3
BISCUIT_RELIEF,PUPPY,TX-SET-0015,is_reversal,BOOLEAN,,,,false,,,,false,13,genie/puppy/financial_events.csv,is_reversal,2026.07.19.3
BISCUIT_RELIEF,PUPPY,TX-SET-0015,reversed_transaction_id,NULL,,,,,,,null,false,14,genie/puppy/financial_events.csv,reversed_transaction_id,2026.07.19.3
BISCUIT_RELIEF,PUPPY,TX-SET-0015,source_system_id,STRING,BANK_LEDGER,,,,,,,false,15,genie/puppy/financial_events.csv,source_system_id,2026.07.19.3
BISCUIT_RELIEF,PUPPY,TX-SET-0016,transaction_id,STRING,TX-SET-0016,,,,,,,false,1,genie/puppy/financial_events.csv,transaction_id,2026.07.19.3
BISCUIT_RELIEF,PUPPY,TX-SET-0016,occurred_at,TIMESTAMP,,,,,,2025-03-03T10:00:00Z,,false,2,genie/puppy/financial_events.csv,occurred_at,2026.07.19.3
BISCUIT_RELIEF,PUPPY,TX-SET-0016,transaction_type,STRING,PROCESSOR_SETTLEMENT,,,,,,,false,3,genie/puppy/financial_events.csv,transaction_type,2026.07.19.3
BISCUIT_RELIEF,PUPPY,TX-SET-0016,source_account_id,STRING,A-PROC-6104,,,,,,,false,4,genie/puppy/financial_events.csv,source_account_id,2026.07.19.3
BISCUIT_RELIEF,PUPPY,TX-SET-0016,destination_account_id,STRING,A-GBRF-6401,,,,,,,false,5,genie/puppy/financial_events.csv,destination_account_id,2026.07.19.3
BISCUIT_RELIEF,PUPPY,TX-SET-0016,amount,DECIMAL,,,25322.70,,,,,false,6,genie/puppy/financial_events.csv,amount,2026.07.19.3
BISCUIT_RELIEF,PUPPY,TX-SET-0016,currency,STRING,BSC,,,,,,,false,7,genie/puppy/financial_events.csv,currency,2026.07.19.3
BISCUIT_RELIEF,PUPPY,TX-SET-0016,reference,STRING,SETTLE-0016,,,,,,,false,8,genie/puppy/financial_events.csv,reference,2026.07.19.3
BISCUIT_RELIEF,PUPPY,TX-SET-0016,settlement_batch_id,STRING,SETTLE-0016,,,,,,,false,9,genie/puppy/financial_events.csv,settlement_batch_id,2026.07.19.3
BISCUIT_RELIEF,PUPPY,TX-SET-0016,entered_by_record_id,STRING,PR-PRIYA-01,,,,,,,false,10,genie/puppy/financial_events.csv,entered_by_record_id,2026.07.19.3
BISCUIT_RELIEF,PUPPY,TX-SET-0016,approved_by_record_id,STRING,PR-PRIYA-01,,,,,,,false,11,genie/puppy/financial_events.csv,approved_by_record_id,2026.07.19.3
BISCUIT_RELIEF,PUPPY,TX-SET-0016,related_object_id,STRING,SETTLE-0016,,,,,,,false,12,genie/puppy/financial_events.csv,related_object_id,2026.07.19.3
BISCUIT_RELIEF,PUPPY,TX-SET-0016,is_reversal,BOOLEAN,,,,false,,,,false,13,genie/puppy/financial_events.csv,is_reversal,2026.07.19.3
BISCUIT_RELIEF,PUPPY,TX-SET-0016,reversed_transaction_id,NULL,,,,,,,null,false,14,genie/puppy/financial_events.csv,reversed_transaction_id,2026.07.19.3
BISCUIT_RELIEF,PUPPY,TX-SET-0016,source_system_id,STRING,BANK_LEDGER,,,,,,,false,15,genie/puppy/financial_events.csv,source_system_id,2026.07.19.3
BISCUIT_RELIEF,PUPPY,TX-SET-0017,transaction_id,STRING,TX-SET-0017,,,,,,,false,1,genie/puppy/financial_events.csv,transaction_id,2026.07.19.3
BISCUIT_RELIEF,PUPPY,TX-SET-0017,occurred_at,TIMESTAMP,,,,,,2025-03-06T10:00:00Z,,false,2,genie/puppy/financial_events.csv,occurred_at,2026.07.19.3
BISCUIT_RELIEF,PUPPY,TX-SET-0017,transaction_type,STRING,PROCESSOR_SETTLEMENT,,,,,,,false,3,genie/puppy/financial_events.csv,transaction_type,2026.07.19.3
BISCUIT_RELIEF,PUPPY,TX-SET-0017,source_account_id,STRING,A-PROC-6104,,,,,,,false,4,genie/puppy/financial_events.csv,source_account_id,2026.07.19.3
BISCUIT_RELIEF,PUPPY,TX-SET-0017,destination_account_id,STRING,A-GBRF-6401,,,,,,,false,5,genie/puppy/financial_events.csv,destination_account_id,2026.07.19.3
BISCUIT_RELIEF,PUPPY,TX-SET-0017,amount,DECIMAL,,,6290.70,,,,,false,6,genie/puppy/financial_events.csv,amount,2026.07.19.3
BISCUIT_RELIEF,PUPPY,TX-SET-0017,currency,STRING,BSC,,,,,,,false,7,genie/puppy/financial_events.csv,currency,2026.07.19.3
BISCUIT_RELIEF,PUPPY,TX-SET-0017,reference,STRING,SETTLE-0017,,,,,,,false,8,genie/puppy/financial_events.csv,reference,2026.07.19.3
BISCUIT_RELIEF,PUPPY,TX-SET-0017,settlement_batch_id,STRING,SETTLE-0017,,,,,,,false,9,genie/puppy/financial_events.csv,settlement_batch_id,2026.07.19.3
BISCUIT_RELIEF,PUPPY,TX-SET-0017,entered_by_record_id,STRING,PR-PRIYA-01,,,,,,,false,10,genie/puppy/financial_events.csv,entered_by_record_id,2026.07.19.3
BISCUIT_RELIEF,PUPPY,TX-SET-0017,approved_by_record_id,STRING,PR-PRIYA-01,,,,,,,false,11,genie/puppy/financial_events.csv,approved_by_record_id,2026.07.19.3
BISCUIT_RELIEF,PUPPY,TX-SET-0017,related_object_id,STRING,SETTLE-0017,,,,,,,false,12,genie/puppy/financial_events.csv,related_object_id,2026.07.19.3
BISCUIT_RELIEF,PUPPY,TX-SET-0017,is_reversal,BOOLEAN,,,,false,,,,false,13,genie/puppy/financial_events.csv,is_reversal,2026.07.19.3
BISCUIT_RELIEF,PUPPY,TX-SET-0017,reversed_transaction_id,NULL,,,,,,,null,false,14,genie/puppy/financial_events.csv,reversed_transaction_id,2026.07.19.3
BISCUIT_RELIEF,PUPPY,TX-SET-0017,source_system_id,STRING,BANK_LEDGER,,,,,,,false,15,genie/puppy/financial_events.csv,source_system_id,2026.07.19.3
BISCUIT_RELIEF,PUPPY,TX-SET-0018,transaction_id,STRING,TX-SET-0018,,,,,,,false,1,genie/puppy/financial_events.csv,transaction_id,2026.07.19.3
BISCUIT_RELIEF,PUPPY,TX-SET-0018,occurred_at,TIMESTAMP,,,,,,2025-03-09T10:00:00Z,,false,2,genie/puppy/financial_events.csv,occurred_at,2026.07.19.3
BISCUIT_RELIEF,PUPPY,TX-SET-0018,transaction_type,STRING,PROCESSOR_SETTLEMENT,,,,,,,false,3,genie/puppy/financial_events.csv,transaction_type,2026.07.19.3
BISCUIT_RELIEF,PUPPY,TX-SET-0018,source_account_id,STRING,A-PROC-6104,,,,,,,false,4,genie/puppy/financial_events.csv,source_account_id,2026.07.19.3
BISCUIT_RELIEF,PUPPY,TX-SET-0018,destination_account_id,STRING,A-GBRF-6401,,,,,,,false,5,genie/puppy/financial_events.csv,destination_account_id,2026.07.19.3
BISCUIT_RELIEF,PUPPY,TX-SET-0018,amount,DECIMAL,,,12000.30,,,,,false,6,genie/puppy/financial_events.csv,amount,2026.07.19.3
BISCUIT_RELIEF,PUPPY,TX-SET-0018,currency,STRING,BSC,,,,,,,false,7,genie/puppy/financial_events.csv,currency,2026.07.19.3
BISCUIT_RELIEF,PUPPY,TX-SET-0018,reference,STRING,SETTLE-0018,,,,,,,false,8,genie/puppy/financial_events.csv,reference,2026.07.19.3
BISCUIT_RELIEF,PUPPY,TX-SET-0018,settlement_batch_id,STRING,SETTLE-0018,,,,,,,false,9,genie/puppy/financial_events.csv,settlement_batch_id,2026.07.19.3
BISCUIT_RELIEF,PUPPY,TX-SET-0018,entered_by_record_id,STRING,PR-PRIYA-01,,,,,,,false,10,genie/puppy/financial_events.csv,entered_by_record_id,2026.07.19.3
BISCUIT_RELIEF,PUPPY,TX-SET-0018,approved_by_record_id,STRING,PR-PRIYA-01,,,,,,,false,11,genie/puppy/financial_events.csv,approved_by_record_id,2026.07.19.3
BISCUIT_RELIEF,PUPPY,TX-SET-0018,related_object_id,STRING,SETTLE-0018,,,,,,,false,12,genie/puppy/financial_events.csv,related_object_id,2026.07.19.3
BISCUIT_RELIEF,PUPPY,TX-SET-0018,is_reversal,BOOLEAN,,,,false,,,,false,13,genie/puppy/financial_events.csv,is_reversal,2026.07.19.3
BISCUIT_RELIEF,PUPPY,TX-SET-0018,reversed_transaction_id,NULL,,,,,,,null,false,14,genie/puppy/financial_events.csv,reversed_transaction_id,2026.07.19.3
BISCUIT_RELIEF,PUPPY,TX-SET-0018,source_system_id,STRING,BANK_LEDGER,,,,,,,false,15,genie/puppy/financial_events.csv,source_system_id,2026.07.19.3
BISCUIT_RELIEF,PUPPY,TX-SET-0019,transaction_id,STRING,TX-SET-0019,,,,,,,false,1,genie/puppy/financial_events.csv,transaction_id,2026.07.19.3
BISCUIT_RELIEF,PUPPY,TX-SET-0019,occurred_at,TIMESTAMP,,,,,,2025-03-12T10:00:00Z,,false,2,genie/puppy/financial_events.csv,occurred_at,2026.07.19.3
BISCUIT_RELIEF,PUPPY,TX-SET-0019,transaction_type,STRING,PROCESSOR_SETTLEMENT,,,,,,,false,3,genie/puppy/financial_events.csv,transaction_type,2026.07.19.3
BISCUIT_RELIEF,PUPPY,TX-SET-0019,source_account_id,STRING,A-PROC-6104,,,,,,,false,4,genie/puppy/financial_events.csv,source_account_id,2026.07.19.3
BISCUIT_RELIEF,PUPPY,TX-SET-0019,destination_account_id,STRING,A-GBRF-6401,,,,,,,false,5,genie/puppy/financial_events.csv,destination_account_id,2026.07.19.3
BISCUIT_RELIEF,PUPPY,TX-SET-0019,amount,DECIMAL,,,17807.50,,,,,false,6,genie/puppy/financial_events.csv,amount,2026.07.19.3
BISCUIT_RELIEF,PUPPY,TX-SET-0019,currency,STRING,BSC,,,,,,,false,7,genie/puppy/financial_events.csv,currency,2026.07.19.3
BISCUIT_RELIEF,PUPPY,TX-SET-0019,reference,STRING,SETTLE-0019,,,,,,,false,8,genie/puppy/financial_events.csv,reference,2026.07.19.3
BISCUIT_RELIEF,PUPPY,TX-SET-0019,settlement_batch_id,STRING,SETTLE-0019,,,,,,,false,9,genie/puppy/financial_events.csv,settlement_batch_id,2026.07.19.3
BISCUIT_RELIEF,PUPPY,TX-SET-0019,entered_by_record_id,STRING,PR-PRIYA-01,,,,,,,false,10,genie/puppy/financial_events.csv,entered_by_record_id,2026.07.19.3
BISCUIT_RELIEF,PUPPY,TX-SET-0019,approved_by_record_id,STRING,PR-PRIYA-01,,,,,,,false,11,genie/puppy/financial_events.csv,approved_by_record_id,2026.07.19.3
BISCUIT_RELIEF,PUPPY,TX-SET-0019,related_object_id,STRING,SETTLE-0019,,,,,,,false,12,genie/puppy/financial_events.csv,related_object_id,2026.07.19.3
BISCUIT_RELIEF,PUPPY,TX-SET-0019,is_reversal,BOOLEAN,,,,false,,,,false,13,genie/puppy/financial_events.csv,is_reversal,2026.07.19.3
BISCUIT_RELIEF,PUPPY,TX-SET-0019,reversed_transaction_id,NULL,,,,,,,null,false,14,genie/puppy/financial_events.csv,reversed_transaction_id,2026.07.19.3
BISCUIT_RELIEF,PUPPY,TX-SET-0019,source_system_id,STRING,BANK_LEDGER,,,,,,,false,15,genie/puppy/financial_events.csv,source_system_id,2026.07.19.3
BISCUIT_RELIEF,PUPPY,TX-SET-0020,transaction_id,STRING,TX-SET-0020,,,,,,,false,1,genie/puppy/financial_events.csv,transaction_id,2026.07.19.3
BISCUIT_RELIEF,PUPPY,TX-SET-0020,occurred_at,TIMESTAMP,,,,,,2025-03-15T10:00:00Z,,false,2,genie/puppy/financial_events.csv,occurred_at,2026.07.19.3
BISCUIT_RELIEF,PUPPY,TX-SET-0020,transaction_type,STRING,PROCESSOR_SETTLEMENT,,,,,,,false,3,genie/puppy/financial_events.csv,transaction_type,2026.07.19.3
BISCUIT_RELIEF,PUPPY,TX-SET-0020,source_account_id,STRING,A-PROC-6104,,,,,,,false,4,genie/puppy/financial_events.csv,source_account_id,2026.07.19.3
BISCUIT_RELIEF,PUPPY,TX-SET-0020,destination_account_id,STRING,A-GBRF-6401,,,,,,,false,5,genie/puppy/financial_events.csv,destination_account_id,2026.07.19.3
BISCUIT_RELIEF,PUPPY,TX-SET-0020,amount,DECIMAL,,,23712.30,,,,,false,6,genie/puppy/financial_events.csv,amount,2026.07.19.3
BISCUIT_RELIEF,PUPPY,TX-SET-0020,currency,STRING,BSC,,,,,,,false,7,genie/puppy/financial_events.csv,currency,2026.07.19.3
BISCUIT_RELIEF,PUPPY,TX-SET-0020,reference,STRING,SETTLE-0020,,,,,,,false,8,genie/puppy/financial_events.csv,reference,2026.07.19.3
BISCUIT_RELIEF,PUPPY,TX-SET-0020,settlement_batch_id,STRING,SETTLE-0020,,,,,,,false,9,genie/puppy/financial_events.csv,settlement_batch_id,2026.07.19.3
BISCUIT_RELIEF,PUPPY,TX-SET-0020,entered_by_record_id,STRING,PR-PRIYA-01,,,,,,,false,10,genie/puppy/financial_events.csv,entered_by_record_id,2026.07.19.3
BISCUIT_RELIEF,PUPPY,TX-SET-0020,approved_by_record_id,STRING,PR-PRIYA-01,,,,,,,false,11,genie/puppy/financial_events.csv,approved_by_record_id,2026.07.19.3
BISCUIT_RELIEF,PUPPY,TX-SET-0020,related_object_id,STRING,SETTLE-0020,,,,,,,false,12,genie/puppy/financial_events.csv,related_object_id,2026.07.19.3
BISCUIT_RELIEF,PUPPY,TX-SET-0020,is_reversal,BOOLEAN,,,,false,,,,false,13,genie/puppy/financial_events.csv,is_reversal,2026.07.19.3
BISCUIT_RELIEF,PUPPY,TX-SET-0020,reversed_transaction_id,NULL,,,,,,,null,false,14,genie/puppy/financial_events.csv,reversed_transaction_id,2026.07.19.3
BISCUIT_RELIEF,PUPPY,TX-SET-0020,source_system_id,STRING,BANK_LEDGER,,,,,,,false,15,genie/puppy/financial_events.csv,source_system_id,2026.07.19.3
BISCUIT_RELIEF,PUPPY,TX-SET-0021,transaction_id,STRING,TX-SET-0021,,,,,,,false,1,genie/puppy/financial_events.csv,transaction_id,2026.07.19.3
BISCUIT_RELIEF,PUPPY,TX-SET-0021,occurred_at,TIMESTAMP,,,,,,2025-03-18T10:00:00Z,,false,2,genie/puppy/financial_events.csv,occurred_at,2026.07.19.3
BISCUIT_RELIEF,PUPPY,TX-SET-0021,transaction_type,STRING,PROCESSOR_SETTLEMENT,,,,,,,false,3,genie/puppy/financial_events.csv,transaction_type,2026.07.19.3
BISCUIT_RELIEF,PUPPY,TX-SET-0021,source_account_id,STRING,A-PROC-6104,,,,,,,false,4,genie/puppy/financial_events.csv,source_account_id,2026.07.19.3
BISCUIT_RELIEF,PUPPY,TX-SET-0021,destination_account_id,STRING,A-GBRF-6401,,,,,,,false,5,genie/puppy/financial_events.csv,destination_account_id,2026.07.19.3
BISCUIT_RELIEF,PUPPY,TX-SET-0021,amount,DECIMAL,,,12927.50,,,,,false,6,genie/puppy/financial_events.csv,amount,2026.07.19.3
BISCUIT_RELIEF,PUPPY,TX-SET-0021,currency,STRING,BSC,,,,,,,false,7,genie/puppy/financial_events.csv,currency,2026.07.19.3
BISCUIT_RELIEF,PUPPY,TX-SET-0021,reference,STRING,SETTLE-0021,,,,,,,false,8,genie/puppy/financial_events.csv,reference,2026.07.19.3
BISCUIT_RELIEF,PUPPY,TX-SET-0021,settlement_batch_id,STRING,SETTLE-0021,,,,,,,false,9,genie/puppy/financial_events.csv,settlement_batch_id,2026.07.19.3
BISCUIT_RELIEF,PUPPY,TX-SET-0021,entered_by_record_id,STRING,PR-PRIYA-01,,,,,,,false,10,genie/puppy/financial_events.csv,entered_by_record_id,2026.07.19.3
BISCUIT_RELIEF,PUPPY,TX-SET-0021,approved_by_record_id,STRING,PR-PRIYA-01,,,,,,,false,11,genie/puppy/financial_events.csv,approved_by_record_id,2026.07.19.3
BISCUIT_RELIEF,PUPPY,TX-SET-0021,related_object_id,STRING,SETTLE-0021,,,,,,,false,12,genie/puppy/financial_events.csv,related_object_id,2026.07.19.3
BISCUIT_RELIEF,PUPPY,TX-SET-0021,is_reversal,BOOLEAN,,,,false,,,,false,13,genie/puppy/financial_events.csv,is_reversal,2026.07.19.3
BISCUIT_RELIEF,PUPPY,TX-SET-0021,reversed_transaction_id,NULL,,,,,,,null,false,14,genie/puppy/financial_events.csv,reversed_transaction_id,2026.07.19.3
BISCUIT_RELIEF,PUPPY,TX-SET-0021,source_system_id,STRING,BANK_LEDGER,,,,,,,false,15,genie/puppy/financial_events.csv,source_system_id,2026.07.19.3
BISCUIT_RELIEF,PUPPY,TX-SET-0022,transaction_id,STRING,TX-SET-0022,,,,,,,false,1,genie/puppy/financial_events.csv,transaction_id,2026.07.19.3
BISCUIT_RELIEF,PUPPY,TX-SET-0022,occurred_at,TIMESTAMP,,,,,,2025-03-21T10:00:00Z,,false,2,genie/puppy/financial_events.csv,occurred_at,2026.07.19.3
BISCUIT_RELIEF,PUPPY,TX-SET-0022,transaction_type,STRING,PROCESSOR_SETTLEMENT,,,,,,,false,3,genie/puppy/financial_events.csv,transaction_type,2026.07.19.3
BISCUIT_RELIEF,PUPPY,TX-SET-0022,source_account_id,STRING,A-PROC-6104,,,,,,,false,4,genie/puppy/financial_events.csv,source_account_id,2026.07.19.3
BISCUIT_RELIEF,PUPPY,TX-SET-0022,destination_account_id,STRING,A-GBRF-6401,,,,,,,false,5,genie/puppy/financial_events.csv,destination_account_id,2026.07.19.3
BISCUIT_RELIEF,PUPPY,TX-SET-0022,amount,DECIMAL,,,10389.90,,,,,false,6,genie/puppy/financial_events.csv,amount,2026.07.19.3
BISCUIT_RELIEF,PUPPY,TX-SET-0022,currency,STRING,BSC,,,,,,,false,7,genie/puppy/financial_events.csv,currency,2026.07.19.3
BISCUIT_RELIEF,PUPPY,TX-SET-0022,reference,STRING,SETTLE-0022,,,,,,,false,8,genie/puppy/financial_events.csv,reference,2026.07.19.3
BISCUIT_RELIEF,PUPPY,TX-SET-0022,settlement_batch_id,STRING,SETTLE-0022,,,,,,,false,9,genie/puppy/financial_events.csv,settlement_batch_id,2026.07.19.3
BISCUIT_RELIEF,PUPPY,TX-SET-0022,entered_by_record_id,STRING,PR-PRIYA-01,,,,,,,false,10,genie/puppy/financial_events.csv,entered_by_record_id,2026.07.19.3
BISCUIT_RELIEF,PUPPY,TX-SET-0022,approved_by_record_id,STRING,PR-PRIYA-01,,,,,,,false,11,genie/puppy/financial_events.csv,approved_by_record_id,2026.07.19.3
BISCUIT_RELIEF,PUPPY,TX-SET-0022,related_object_id,STRING,SETTLE-0022,,,,,,,false,12,genie/puppy/financial_events.csv,related_object_id,2026.07.19.3
BISCUIT_RELIEF,PUPPY,TX-SET-0022,is_reversal,BOOLEAN,,,,false,,,,false,13,genie/puppy/financial_events.csv,is_reversal,2026.07.19.3
BISCUIT_RELIEF,PUPPY,TX-SET-0022,reversed_transaction_id,NULL,,,,,,,null,false,14,genie/puppy/financial_events.csv,reversed_transaction_id,2026.07.19.3
BISCUIT_RELIEF,PUPPY,TX-SET-0022,source_system_id,STRING,BANK_LEDGER,,,,,,,false,15,genie/puppy/financial_events.csv,source_system_id,2026.07.19.3
BISCUIT_RELIEF,PUPPY,TX-SET-0023,transaction_id,STRING,TX-SET-0023,,,,,,,false,1,genie/puppy/financial_events.csv,transaction_id,2026.07.19.3
BISCUIT_RELIEF,PUPPY,TX-SET-0023,occurred_at,TIMESTAMP,,,,,,2025-03-24T10:00:00Z,,false,2,genie/puppy/financial_events.csv,occurred_at,2026.07.19.3
BISCUIT_RELIEF,PUPPY,TX-SET-0023,transaction_type,STRING,PROCESSOR_SETTLEMENT,,,,,,,false,3,genie/puppy/financial_events.csv,transaction_type,2026.07.19.3
BISCUIT_RELIEF,PUPPY,TX-SET-0023,source_account_id,STRING,A-PROC-6104,,,,,,,false,4,genie/puppy/financial_events.csv,source_account_id,2026.07.19.3
BISCUIT_RELIEF,PUPPY,TX-SET-0023,destination_account_id,STRING,A-GBRF-6401,,,,,,,false,5,genie/puppy/financial_events.csv,destination_account_id,2026.07.19.3
BISCUIT_RELIEF,PUPPY,TX-SET-0023,amount,DECIMAL,,,16099.50,,,,,false,6,genie/puppy/financial_events.csv,amount,2026.07.19.3
BISCUIT_RELIEF,PUPPY,TX-SET-0023,currency,STRING,BSC,,,,,,,false,7,genie/puppy/financial_events.csv,currency,2026.07.19.3
BISCUIT_RELIEF,PUPPY,TX-SET-0023,reference,STRING,SETTLE-0023,,,,,,,false,8,genie/puppy/financial_events.csv,reference,2026.07.19.3
BISCUIT_RELIEF,PUPPY,TX-SET-0023,settlement_batch_id,STRING,SETTLE-0023,,,,,,,false,9,genie/puppy/financial_events.csv,settlement_batch_id,2026.07.19.3
BISCUIT_RELIEF,PUPPY,TX-SET-0023,entered_by_record_id,STRING,PR-PRIYA-01,,,,,,,false,10,genie/puppy/financial_events.csv,entered_by_record_id,2026.07.19.3
BISCUIT_RELIEF,PUPPY,TX-SET-0023,approved_by_record_id,STRING,PR-PRIYA-01,,,,,,,false,11,genie/puppy/financial_events.csv,approved_by_record_id,2026.07.19.3
BISCUIT_RELIEF,PUPPY,TX-SET-0023,related_object_id,STRING,SETTLE-0023,,,,,,,false,12,genie/puppy/financial_events.csv,related_object_id,2026.07.19.3
BISCUIT_RELIEF,PUPPY,TX-SET-0023,is_reversal,BOOLEAN,,,,false,,,,false,13,genie/puppy/financial_events.csv,is_reversal,2026.07.19.3
BISCUIT_RELIEF,PUPPY,TX-SET-0023,reversed_transaction_id,NULL,,,,,,,null,false,14,genie/puppy/financial_events.csv,reversed_transaction_id,2026.07.19.3
BISCUIT_RELIEF,PUPPY,TX-SET-0023,source_system_id,STRING,BANK_LEDGER,,,,,,,false,15,genie/puppy/financial_events.csv,source_system_id,2026.07.19.3
BISCUIT_RELIEF,PUPPY,TX-SET-0024,transaction_id,STRING,TX-SET-0024,,,,,,,false,1,genie/puppy/financial_events.csv,transaction_id,2026.07.19.3
BISCUIT_RELIEF,PUPPY,TX-SET-0024,occurred_at,TIMESTAMP,,,,,,2025-03-27T10:00:00Z,,false,2,genie/puppy/financial_events.csv,occurred_at,2026.07.19.3
BISCUIT_RELIEF,PUPPY,TX-SET-0024,transaction_type,STRING,PROCESSOR_SETTLEMENT,,,,,,,false,3,genie/puppy/financial_events.csv,transaction_type,2026.07.19.3
BISCUIT_RELIEF,PUPPY,TX-SET-0024,source_account_id,STRING,A-PROC-6104,,,,,,,false,4,genie/puppy/financial_events.csv,source_account_id,2026.07.19.3
BISCUIT_RELIEF,PUPPY,TX-SET-0024,destination_account_id,STRING,A-GBRF-6401,,,,,,,false,5,genie/puppy/financial_events.csv,destination_account_id,2026.07.19.3
BISCUIT_RELIEF,PUPPY,TX-SET-0024,amount,DECIMAL,,,42597.90,,,,,false,6,genie/puppy/financial_events.csv,amount,2026.07.19.3
BISCUIT_RELIEF,PUPPY,TX-SET-0024,currency,STRING,BSC,,,,,,,false,7,genie/puppy/financial_events.csv,currency,2026.07.19.3
BISCUIT_RELIEF,PUPPY,TX-SET-0024,reference,STRING,SETTLE-0024,,,,,,,false,8,genie/puppy/financial_events.csv,reference,2026.07.19.3
BISCUIT_RELIEF,PUPPY,TX-SET-0024,settlement_batch_id,STRING,SETTLE-0024,,,,,,,false,9,genie/puppy/financial_events.csv,settlement_batch_id,2026.07.19.3
BISCUIT_RELIEF,PUPPY,TX-SET-0024,entered_by_record_id,STRING,PR-PRIYA-01,,,,,,,false,10,genie/puppy/financial_events.csv,entered_by_record_id,2026.07.19.3
BISCUIT_RELIEF,PUPPY,TX-SET-0024,approved_by_record_id,STRING,PR-PRIYA-01,,,,,,,false,11,genie/puppy/financial_events.csv,approved_by_record_id,2026.07.19.3
BISCUIT_RELIEF,PUPPY,TX-SET-0024,related_object_id,STRING,SETTLE-0024,,,,,,,false,12,genie/puppy/financial_events.csv,related_object_id,2026.07.19.3
BISCUIT_RELIEF,PUPPY,TX-SET-0024,is_reversal,BOOLEAN,,,,false,,,,false,13,genie/puppy/financial_events.csv,is_reversal,2026.07.19.3
BISCUIT_RELIEF,PUPPY,TX-SET-0024,reversed_transaction_id,NULL,,,,,,,null,false,14,genie/puppy/financial_events.csv,reversed_transaction_id,2026.07.19.3
BISCUIT_RELIEF,PUPPY,TX-SET-0024,source_system_id,STRING,BANK_LEDGER,,,,,,,false,15,genie/puppy/financial_events.csv,source_system_id,2026.07.19.3
BISCUIT_RELIEF,PUPPY,TX-SET-0025,transaction_id,STRING,TX-SET-0025,,,,,,,false,1,genie/puppy/financial_events.csv,transaction_id,2026.07.19.3
BISCUIT_RELIEF,PUPPY,TX-SET-0025,occurred_at,TIMESTAMP,,,,,,2025-03-30T10:00:00Z,,false,2,genie/puppy/financial_events.csv,occurred_at,2026.07.19.3
BISCUIT_RELIEF,PUPPY,TX-SET-0025,transaction_type,STRING,PROCESSOR_SETTLEMENT,,,,,,,false,3,genie/puppy/financial_events.csv,transaction_type,2026.07.19.3
BISCUIT_RELIEF,PUPPY,TX-SET-0025,source_account_id,STRING,A-PROC-6104,,,,,,,false,4,genie/puppy/financial_events.csv,source_account_id,2026.07.19.3
BISCUIT_RELIEF,PUPPY,TX-SET-0025,destination_account_id,STRING,A-GBRF-6401,,,,,,,false,5,genie/puppy/financial_events.csv,destination_account_id,2026.07.19.3
BISCUIT_RELIEF,PUPPY,TX-SET-0025,amount,DECIMAL,,,6583.50,,,,,false,6,genie/puppy/financial_events.csv,amount,2026.07.19.3
BISCUIT_RELIEF,PUPPY,TX-SET-0025,currency,STRING,BSC,,,,,,,false,7,genie/puppy/financial_events.csv,currency,2026.07.19.3
BISCUIT_RELIEF,PUPPY,TX-SET-0025,reference,STRING,SETTLE-0025,,,,,,,false,8,genie/puppy/financial_events.csv,reference,2026.07.19.3
BISCUIT_RELIEF,PUPPY,TX-SET-0025,settlement_batch_id,STRING,SETTLE-0025,,,,,,,false,9,genie/puppy/financial_events.csv,settlement_batch_id,2026.07.19.3
BISCUIT_RELIEF,PUPPY,TX-SET-0025,entered_by_record_id,STRING,PR-PRIYA-01,,,,,,,false,10,genie/puppy/financial_events.csv,entered_by_record_id,2026.07.19.3
BISCUIT_RELIEF,PUPPY,TX-SET-0025,approved_by_record_id,STRING,PR-PRIYA-01,,,,,,,false,11,genie/puppy/financial_events.csv,approved_by_record_id,2026.07.19.3
BISCUIT_RELIEF,PUPPY,TX-SET-0025,related_object_id,STRING,SETTLE-0025,,,,,,,false,12,genie/puppy/financial_events.csv,related_object_id,2026.07.19.3
BISCUIT_RELIEF,PUPPY,TX-SET-0025,is_reversal,BOOLEAN,,,,false,,,,false,13,genie/puppy/financial_events.csv,is_reversal,2026.07.19.3
BISCUIT_RELIEF,PUPPY,TX-SET-0025,reversed_transaction_id,NULL,,,,,,,null,false,14,genie/puppy/financial_events.csv,reversed_transaction_id,2026.07.19.3
BISCUIT_RELIEF,PUPPY,TX-SET-0025,source_system_id,STRING,BANK_LEDGER,,,,,,,false,15,genie/puppy/financial_events.csv,source_system_id,2026.07.19.3
BISCUIT_RELIEF,PUPPY,TX-SET-0026,transaction_id,STRING,TX-SET-0026,,,,,,,false,1,genie/puppy/financial_events.csv,transaction_id,2026.07.19.3
BISCUIT_RELIEF,PUPPY,TX-SET-0026,occurred_at,TIMESTAMP,,,,,,2025-04-02T10:00:00Z,,false,2,genie/puppy/financial_events.csv,occurred_at,2026.07.19.3
BISCUIT_RELIEF,PUPPY,TX-SET-0026,transaction_type,STRING,PROCESSOR_SETTLEMENT,,,,,,,false,3,genie/puppy/financial_events.csv,transaction_type,2026.07.19.3
BISCUIT_RELIEF,PUPPY,TX-SET-0026,source_account_id,STRING,A-PROC-6104,,,,,,,false,4,genie/puppy/financial_events.csv,source_account_id,2026.07.19.3
BISCUIT_RELIEF,PUPPY,TX-SET-0026,destination_account_id,STRING,A-GBRF-6401,,,,,,,false,5,genie/puppy/financial_events.csv,destination_account_id,2026.07.19.3
BISCUIT_RELIEF,PUPPY,TX-SET-0026,amount,DECIMAL,,,12293.10,,,,,false,6,genie/puppy/financial_events.csv,amount,2026.07.19.3
BISCUIT_RELIEF,PUPPY,TX-SET-0026,currency,STRING,BSC,,,,,,,false,7,genie/puppy/financial_events.csv,currency,2026.07.19.3
BISCUIT_RELIEF,PUPPY,TX-SET-0026,reference,STRING,SETTLE-0026,,,,,,,false,8,genie/puppy/financial_events.csv,reference,2026.07.19.3
BISCUIT_RELIEF,PUPPY,TX-SET-0026,settlement_batch_id,STRING,SETTLE-0026,,,,,,,false,9,genie/puppy/financial_events.csv,settlement_batch_id,2026.07.19.3
BISCUIT_RELIEF,PUPPY,TX-SET-0026,entered_by_record_id,STRING,PR-PRIYA-01,,,,,,,false,10,genie/puppy/financial_events.csv,entered_by_record_id,2026.07.19.3
BISCUIT_RELIEF,PUPPY,TX-SET-0026,approved_by_record_id,STRING,PR-PRIYA-01,,,,,,,false,11,genie/puppy/financial_events.csv,approved_by_record_id,2026.07.19.3
BISCUIT_RELIEF,PUPPY,TX-SET-0026,related_object_id,STRING,SETTLE-0026,,,,,,,false,12,genie/puppy/financial_events.csv,related_object_id,2026.07.19.3
BISCUIT_RELIEF,PUPPY,TX-SET-0026,is_reversal,BOOLEAN,,,,false,,,,false,13,genie/puppy/financial_events.csv,is_reversal,2026.07.19.3
BISCUIT_RELIEF,PUPPY,TX-SET-0026,reversed_transaction_id,NULL,,,,,,,null,false,14,genie/puppy/financial_events.csv,reversed_transaction_id,2026.07.19.3
BISCUIT_RELIEF,PUPPY,TX-SET-0026,source_system_id,STRING,BANK_LEDGER,,,,,,,false,15,genie/puppy/financial_events.csv,source_system_id,2026.07.19.3
BISCUIT_RELIEF,PUPPY,TX-SET-0027,transaction_id,STRING,TX-SET-0027,,,,,,,false,1,genie/puppy/financial_events.csv,transaction_id,2026.07.19.3
BISCUIT_RELIEF,PUPPY,TX-SET-0027,occurred_at,TIMESTAMP,,,,,,2025-04-05T10:00:00Z,,false,2,genie/puppy/financial_events.csv,occurred_at,2026.07.19.3
BISCUIT_RELIEF,PUPPY,TX-SET-0027,transaction_type,STRING,PROCESSOR_SETTLEMENT,,,,,,,false,3,genie/puppy/financial_events.csv,transaction_type,2026.07.19.3
BISCUIT_RELIEF,PUPPY,TX-SET-0027,source_account_id,STRING,A-PROC-6104,,,,,,,false,4,genie/puppy/financial_events.csv,source_account_id,2026.07.19.3
BISCUIT_RELIEF,PUPPY,TX-SET-0027,destination_account_id,STRING,A-GBRF-6401,,,,,,,false,5,genie/puppy/financial_events.csv,destination_account_id,2026.07.19.3
BISCUIT_RELIEF,PUPPY,TX-SET-0027,amount,DECIMAL,,,19271.50,,,,,false,6,genie/puppy/financial_events.csv,amount,2026.07.19.3
BISCUIT_RELIEF,PUPPY,TX-SET-0027,currency,STRING,BSC,,,,,,,false,7,genie/puppy/financial_events.csv,currency,2026.07.19.3
BISCUIT_RELIEF,PUPPY,TX-SET-0027,reference,STRING,SETTLE-0027,,,,,,,false,8,genie/puppy/financial_events.csv,reference,2026.07.19.3
BISCUIT_RELIEF,PUPPY,TX-SET-0027,settlement_batch_id,STRING,SETTLE-0027,,,,,,,false,9,genie/puppy/financial_events.csv,settlement_batch_id,2026.07.19.3
BISCUIT_RELIEF,PUPPY,TX-SET-0027,entered_by_record_id,STRING,PR-PRIYA-01,,,,,,,false,10,genie/puppy/financial_events.csv,entered_by_record_id,2026.07.19.3
BISCUIT_RELIEF,PUPPY,TX-SET-0027,approved_by_record_id,STRING,PR-PRIYA-01,,,,,,,false,11,genie/puppy/financial_events.csv,approved_by_record_id,2026.07.19.3
BISCUIT_RELIEF,PUPPY,TX-SET-0027,related_object_id,STRING,SETTLE-0027,,,,,,,false,12,genie/puppy/financial_events.csv,related_object_id,2026.07.19.3
BISCUIT_RELIEF,PUPPY,TX-SET-0027,is_reversal,BOOLEAN,,,,false,,,,false,13,genie/puppy/financial_events.csv,is_reversal,2026.07.19.3
BISCUIT_RELIEF,PUPPY,TX-SET-0027,reversed_transaction_id,NULL,,,,,,,null,false,14,genie/puppy/financial_events.csv,reversed_transaction_id,2026.07.19.3
BISCUIT_RELIEF,PUPPY,TX-SET-0027,source_system_id,STRING,BANK_LEDGER,,,,,,,false,15,genie/puppy/financial_events.csv,source_system_id,2026.07.19.3
BISCUIT_RELIEF,PUPPY,TX-SET-0028,transaction_id,STRING,TX-SET-0028,,,,,,,false,1,genie/puppy/financial_events.csv,transaction_id,2026.07.19.3
BISCUIT_RELIEF,PUPPY,TX-SET-0028,occurred_at,TIMESTAMP,,,,,,2025-04-08T10:00:00Z,,false,2,genie/puppy/financial_events.csv,occurred_at,2026.07.19.3
BISCUIT_RELIEF,PUPPY,TX-SET-0028,transaction_type,STRING,PROCESSOR_SETTLEMENT,,,,,,,false,3,genie/puppy/financial_events.csv,transaction_type,2026.07.19.3
BISCUIT_RELIEF,PUPPY,TX-SET-0028,source_account_id,STRING,A-PROC-6104,,,,,,,false,4,genie/puppy/financial_events.csv,source_account_id,2026.07.19.3
BISCUIT_RELIEF,PUPPY,TX-SET-0028,destination_account_id,STRING,A-GBRF-6401,,,,,,,false,5,genie/puppy/financial_events.csv,destination_account_id,2026.07.19.3
BISCUIT_RELIEF,PUPPY,TX-SET-0028,amount,DECIMAL,,,19271.50,,,,,false,6,genie/puppy/financial_events.csv,amount,2026.07.19.3
BISCUIT_RELIEF,PUPPY,TX-SET-0028,currency,STRING,BSC,,,,,,,false,7,genie/puppy/financial_events.csv,currency,2026.07.19.3
BISCUIT_RELIEF,PUPPY,TX-SET-0028,reference,STRING,SETTLE-0028,,,,,,,false,8,genie/puppy/financial_events.csv,reference,2026.07.19.3
BISCUIT_RELIEF,PUPPY,TX-SET-0028,settlement_batch_id,STRING,SETTLE-0028,,,,,,,false,9,genie/puppy/financial_events.csv,settlement_batch_id,2026.07.19.3
BISCUIT_RELIEF,PUPPY,TX-SET-0028,entered_by_record_id,STRING,PR-PRIYA-01,,,,,,,false,10,genie/puppy/financial_events.csv,entered_by_record_id,2026.07.19.3
BISCUIT_RELIEF,PUPPY,TX-SET-0028,approved_by_record_id,STRING,PR-PRIYA-01,,,,,,,false,11,genie/puppy/financial_events.csv,approved_by_record_id,2026.07.19.3
BISCUIT_RELIEF,PUPPY,TX-SET-0028,related_object_id,STRING,SETTLE-0028,,,,,,,false,12,genie/puppy/financial_events.csv,related_object_id,2026.07.19.3
BISCUIT_RELIEF,PUPPY,TX-SET-0028,is_reversal,BOOLEAN,,,,false,,,,false,13,genie/puppy/financial_events.csv,is_reversal,2026.07.19.3
BISCUIT_RELIEF,PUPPY,TX-SET-0028,reversed_transaction_id,NULL,,,,,,,null,false,14,genie/puppy/financial_events.csv,reversed_transaction_id,2026.07.19.3
BISCUIT_RELIEF,PUPPY,TX-SET-0028,source_system_id,STRING,BANK_LEDGER,,,,,,,false,15,genie/puppy/financial_events.csv,source_system_id,2026.07.19.3
BISCUIT_RELIEF,PUPPY,TX-SET-0029,transaction_id,STRING,TX-SET-0029,,,,,,,false,1,genie/puppy/financial_events.csv,transaction_id,2026.07.19.3
BISCUIT_RELIEF,PUPPY,TX-SET-0029,occurred_at,TIMESTAMP,,,,,,2025-04-11T10:00:00Z,,false,2,genie/puppy/financial_events.csv,occurred_at,2026.07.19.3
BISCUIT_RELIEF,PUPPY,TX-SET-0029,transaction_type,STRING,PROCESSOR_SETTLEMENT,,,,,,,false,3,genie/puppy/financial_events.csv,transaction_type,2026.07.19.3
BISCUIT_RELIEF,PUPPY,TX-SET-0029,source_account_id,STRING,A-PROC-6104,,,,,,,false,4,genie/puppy/financial_events.csv,source_account_id,2026.07.19.3
BISCUIT_RELIEF,PUPPY,TX-SET-0029,destination_account_id,STRING,A-GBRF-6401,,,,,,,false,5,genie/puppy/financial_events.csv,destination_account_id,2026.07.19.3
BISCUIT_RELIEF,PUPPY,TX-SET-0029,amount,DECIMAL,,,8486.70,,,,,false,6,genie/puppy/financial_events.csv,amount,2026.07.19.3
BISCUIT_RELIEF,PUPPY,TX-SET-0029,currency,STRING,BSC,,,,,,,false,7,genie/puppy/financial_events.csv,currency,2026.07.19.3
BISCUIT_RELIEF,PUPPY,TX-SET-0029,reference,STRING,SETTLE-0029,,,,,,,false,8,genie/puppy/financial_events.csv,reference,2026.07.19.3
BISCUIT_RELIEF,PUPPY,TX-SET-0029,settlement_batch_id,STRING,SETTLE-0029,,,,,,,false,9,genie/puppy/financial_events.csv,settlement_batch_id,2026.07.19.3
BISCUIT_RELIEF,PUPPY,TX-SET-0029,entered_by_record_id,STRING,PR-PRIYA-01,,,,,,,false,10,genie/puppy/financial_events.csv,entered_by_record_id,2026.07.19.3
BISCUIT_RELIEF,PUPPY,TX-SET-0029,approved_by_record_id,STRING,PR-PRIYA-01,,,,,,,false,11,genie/puppy/financial_events.csv,approved_by_record_id,2026.07.19.3
BISCUIT_RELIEF,PUPPY,TX-SET-0029,related_object_id,STRING,SETTLE-0029,,,,,,,false,12,genie/puppy/financial_events.csv,related_object_id,2026.07.19.3
BISCUIT_RELIEF,PUPPY,TX-SET-0029,is_reversal,BOOLEAN,,,,false,,,,false,13,genie/puppy/financial_events.csv,is_reversal,2026.07.19.3
BISCUIT_RELIEF,PUPPY,TX-SET-0029,reversed_transaction_id,NULL,,,,,,,null,false,14,genie/puppy/financial_events.csv,reversed_transaction_id,2026.07.19.3
BISCUIT_RELIEF,PUPPY,TX-SET-0029,source_system_id,STRING,BANK_LEDGER,,,,,,,false,15,genie/puppy/financial_events.csv,source_system_id,2026.07.19.3
BISCUIT_RELIEF,PUPPY,TX-SET-0030,transaction_id,STRING,TX-SET-0030,,,,,,,false,1,genie/puppy/financial_events.csv,transaction_id,2026.07.19.3
BISCUIT_RELIEF,PUPPY,TX-SET-0030,occurred_at,TIMESTAMP,,,,,,2025-04-14T10:00:00Z,,false,2,genie/puppy/financial_events.csv,occurred_at,2026.07.19.3
BISCUIT_RELIEF,PUPPY,TX-SET-0030,transaction_type,STRING,PROCESSOR_SETTLEMENT,,,,,,,false,3,genie/puppy/financial_events.csv,transaction_type,2026.07.19.3
BISCUIT_RELIEF,PUPPY,TX-SET-0030,source_account_id,STRING,A-PROC-6104,,,,,,,false,4,genie/puppy/financial_events.csv,source_account_id,2026.07.19.3
BISCUIT_RELIEF,PUPPY,TX-SET-0030,destination_account_id,STRING,A-GBRF-6401,,,,,,,false,5,genie/puppy/financial_events.csv,destination_account_id,2026.07.19.3
BISCUIT_RELIEF,PUPPY,TX-SET-0030,amount,DECIMAL,,,14196.30,,,,,false,6,genie/puppy/financial_events.csv,amount,2026.07.19.3
BISCUIT_RELIEF,PUPPY,TX-SET-0030,currency,STRING,BSC,,,,,,,false,7,genie/puppy/financial_events.csv,currency,2026.07.19.3
BISCUIT_RELIEF,PUPPY,TX-SET-0030,reference,STRING,SETTLE-0030,,,,,,,false,8,genie/puppy/financial_events.csv,reference,2026.07.19.3
BISCUIT_RELIEF,PUPPY,TX-SET-0030,settlement_batch_id,STRING,SETTLE-0030,,,,,,,false,9,genie/puppy/financial_events.csv,settlement_batch_id,2026.07.19.3
BISCUIT_RELIEF,PUPPY,TX-SET-0030,entered_by_record_id,STRING,PR-PRIYA-01,,,,,,,false,10,genie/puppy/financial_events.csv,entered_by_record_id,2026.07.19.3
BISCUIT_RELIEF,PUPPY,TX-SET-0030,approved_by_record_id,STRING,PR-PRIYA-01,,,,,,,false,11,genie/puppy/financial_events.csv,approved_by_record_id,2026.07.19.3
BISCUIT_RELIEF,PUPPY,TX-SET-0030,related_object_id,STRING,SETTLE-0030,,,,,,,false,12,genie/puppy/financial_events.csv,related_object_id,2026.07.19.3
BISCUIT_RELIEF,PUPPY,TX-SET-0030,is_reversal,BOOLEAN,,,,false,,,,false,13,genie/puppy/financial_events.csv,is_reversal,2026.07.19.3
BISCUIT_RELIEF,PUPPY,TX-SET-0030,reversed_transaction_id,NULL,,,,,,,null,false,14,genie/puppy/financial_events.csv,reversed_transaction_id,2026.07.19.3
BISCUIT_RELIEF,PUPPY,TX-SET-0030,source_system_id,STRING,BANK_LEDGER,,,,,,,false,15,genie/puppy/financial_events.csv,source_system_id,2026.07.19.3
BISCUIT_RELIEF,PUPPY,TX-SET-0031,transaction_id,STRING,TX-SET-0031,,,,,,,false,1,genie/puppy/financial_events.csv,transaction_id,2026.07.19.3
BISCUIT_RELIEF,PUPPY,TX-SET-0031,occurred_at,TIMESTAMP,,,,,,2025-04-17T10:00:00Z,,false,2,genie/puppy/financial_events.csv,occurred_at,2026.07.19.3
BISCUIT_RELIEF,PUPPY,TX-SET-0031,transaction_type,STRING,PROCESSOR_SETTLEMENT,,,,,,,false,3,genie/puppy/financial_events.csv,transaction_type,2026.07.19.3
BISCUIT_RELIEF,PUPPY,TX-SET-0031,source_account_id,STRING,A-PROC-6104,,,,,,,false,4,genie/puppy/financial_events.csv,source_account_id,2026.07.19.3
BISCUIT_RELIEF,PUPPY,TX-SET-0031,destination_account_id,STRING,A-GBRF-6401,,,,,,,false,5,genie/puppy/financial_events.csv,destination_account_id,2026.07.19.3
BISCUIT_RELIEF,PUPPY,TX-SET-0031,amount,DECIMAL,,,19905.90,,,,,false,6,genie/puppy/financial_events.csv,amount,2026.07.19.3
BISCUIT_RELIEF,PUPPY,TX-SET-0031,currency,STRING,BSC,,,,,,,false,7,genie/puppy/financial_events.csv,currency,2026.07.19.3
BISCUIT_RELIEF,PUPPY,TX-SET-0031,reference,STRING,SETTLE-0031,,,,,,,false,8,genie/puppy/financial_events.csv,reference,2026.07.19.3
BISCUIT_RELIEF,PUPPY,TX-SET-0031,settlement_batch_id,STRING,SETTLE-0031,,,,,,,false,9,genie/puppy/financial_events.csv,settlement_batch_id,2026.07.19.3
BISCUIT_RELIEF,PUPPY,TX-SET-0031,entered_by_record_id,STRING,PR-PRIYA-01,,,,,,,false,10,genie/puppy/financial_events.csv,entered_by_record_id,2026.07.19.3
BISCUIT_RELIEF,PUPPY,TX-SET-0031,approved_by_record_id,STRING,PR-PRIYA-01,,,,,,,false,11,genie/puppy/financial_events.csv,approved_by_record_id,2026.07.19.3
BISCUIT_RELIEF,PUPPY,TX-SET-0031,related_object_id,STRING,SETTLE-0031,,,,,,,false,12,genie/puppy/financial_events.csv,related_object_id,2026.07.19.3
BISCUIT_RELIEF,PUPPY,TX-SET-0031,is_reversal,BOOLEAN,,,,false,,,,false,13,genie/puppy/financial_events.csv,is_reversal,2026.07.19.3
BISCUIT_RELIEF,PUPPY,TX-SET-0031,reversed_transaction_id,NULL,,,,,,,null,false,14,genie/puppy/financial_events.csv,reversed_transaction_id,2026.07.19.3
BISCUIT_RELIEF,PUPPY,TX-SET-0031,source_system_id,STRING,BANK_LEDGER,,,,,,,false,15,genie/puppy/financial_events.csv,source_system_id,2026.07.19.3
BISCUIT_RELIEF,PUPPY,TX-SET-0032,transaction_id,STRING,TX-SET-0032,,,,,,,false,1,genie/puppy/financial_events.csv,transaction_id,2026.07.19.3
BISCUIT_RELIEF,PUPPY,TX-SET-0032,occurred_at,TIMESTAMP,,,,,,2025-04-20T10:00:00Z,,false,2,genie/puppy/financial_events.csv,occurred_at,2026.07.19.3
BISCUIT_RELIEF,PUPPY,TX-SET-0032,transaction_type,STRING,PROCESSOR_SETTLEMENT,,,,,,,false,3,genie/puppy/financial_events.csv,transaction_type,2026.07.19.3
BISCUIT_RELIEF,PUPPY,TX-SET-0032,source_account_id,STRING,A-PROC-6104,,,,,,,false,4,genie/puppy/financial_events.csv,source_account_id,2026.07.19.3
BISCUIT_RELIEF,PUPPY,TX-SET-0032,destination_account_id,STRING,A-GBRF-6401,,,,,,,false,5,genie/puppy/financial_events.csv,destination_account_id,2026.07.19.3
BISCUIT_RELIEF,PUPPY,TX-SET-0032,amount,DECIMAL,,,25615.50,,,,,false,6,genie/puppy/financial_events.csv,amount,2026.07.19.3
BISCUIT_RELIEF,PUPPY,TX-SET-0032,currency,STRING,BSC,,,,,,,false,7,genie/puppy/financial_events.csv,currency,2026.07.19.3
BISCUIT_RELIEF,PUPPY,TX-SET-0032,reference,STRING,SETTLE-0032,,,,,,,false,8,genie/puppy/financial_events.csv,reference,2026.07.19.3
BISCUIT_RELIEF,PUPPY,TX-SET-0032,settlement_batch_id,STRING,SETTLE-0032,,,,,,,false,9,genie/puppy/financial_events.csv,settlement_batch_id,2026.07.19.3
BISCUIT_RELIEF,PUPPY,TX-SET-0032,entered_by_record_id,STRING,PR-PRIYA-01,,,,,,,false,10,genie/puppy/financial_events.csv,entered_by_record_id,2026.07.19.3
BISCUIT_RELIEF,PUPPY,TX-SET-0032,approved_by_record_id,STRING,PR-PRIYA-01,,,,,,,false,11,genie/puppy/financial_events.csv,approved_by_record_id,2026.07.19.3
BISCUIT_RELIEF,PUPPY,TX-SET-0032,related_object_id,STRING,SETTLE-0032,,,,,,,false,12,genie/puppy/financial_events.csv,related_object_id,2026.07.19.3
BISCUIT_RELIEF,PUPPY,TX-SET-0032,is_reversal,BOOLEAN,,,,false,,,,false,13,genie/puppy/financial_events.csv,is_reversal,2026.07.19.3
BISCUIT_RELIEF,PUPPY,TX-SET-0032,reversed_transaction_id,NULL,,,,,,,null,false,14,genie/puppy/financial_events.csv,reversed_transaction_id,2026.07.19.3
BISCUIT_RELIEF,PUPPY,TX-SET-0032,source_system_id,STRING,BANK_LEDGER,,,,,,,false,15,genie/puppy/financial_events.csv,source_system_id,2026.07.19.3
BISCUIT_RELIEF,PUPPY,TX-SET-0033,transaction_id,STRING,TX-SET-0033,,,,,,,false,1,genie/puppy/financial_events.csv,transaction_id,2026.07.19.3
BISCUIT_RELIEF,PUPPY,TX-SET-0033,occurred_at,TIMESTAMP,,,,,,2025-04-23T10:00:00Z,,false,2,genie/puppy/financial_events.csv,occurred_at,2026.07.19.3
BISCUIT_RELIEF,PUPPY,TX-SET-0033,transaction_type,STRING,PROCESSOR_SETTLEMENT,,,,,,,false,3,genie/puppy/financial_events.csv,transaction_type,2026.07.19.3
BISCUIT_RELIEF,PUPPY,TX-SET-0033,source_account_id,STRING,A-PROC-6104,,,,,,,false,4,genie/puppy/financial_events.csv,source_account_id,2026.07.19.3
BISCUIT_RELIEF,PUPPY,TX-SET-0033,destination_account_id,STRING,A-GBRF-6401,,,,,,,false,5,genie/puppy/financial_events.csv,destination_account_id,2026.07.19.3
BISCUIT_RELIEF,PUPPY,TX-SET-0033,amount,DECIMAL,,,6583.50,,,,,false,6,genie/puppy/financial_events.csv,amount,2026.07.19.3
BISCUIT_RELIEF,PUPPY,TX-SET-0033,currency,STRING,BSC,,,,,,,false,7,genie/puppy/financial_events.csv,currency,2026.07.19.3
BISCUIT_RELIEF,PUPPY,TX-SET-0033,reference,STRING,SETTLE-0033,,,,,,,false,8,genie/puppy/financial_events.csv,reference,2026.07.19.3
BISCUIT_RELIEF,PUPPY,TX-SET-0033,settlement_batch_id,STRING,SETTLE-0033,,,,,,,false,9,genie/puppy/financial_events.csv,settlement_batch_id,2026.07.19.3
BISCUIT_RELIEF,PUPPY,TX-SET-0033,entered_by_record_id,STRING,PR-PRIYA-01,,,,,,,false,10,genie/puppy/financial_events.csv,entered_by_record_id,2026.07.19.3
BISCUIT_RELIEF,PUPPY,TX-SET-0033,approved_by_record_id,STRING,PR-PRIYA-01,,,,,,,false,11,genie/puppy/financial_events.csv,approved_by_record_id,2026.07.19.3
BISCUIT_RELIEF,PUPPY,TX-SET-0033,related_object_id,STRING,SETTLE-0033,,,,,,,false,12,genie/puppy/financial_events.csv,related_object_id,2026.07.19.3
BISCUIT_RELIEF,PUPPY,TX-SET-0033,is_reversal,BOOLEAN,,,,false,,,,false,13,genie/puppy/financial_events.csv,is_reversal,2026.07.19.3
BISCUIT_RELIEF,PUPPY,TX-SET-0033,reversed_transaction_id,NULL,,,,,,,null,false,14,genie/puppy/financial_events.csv,reversed_transaction_id,2026.07.19.3
BISCUIT_RELIEF,PUPPY,TX-SET-0033,source_system_id,STRING,BANK_LEDGER,,,,,,,false,15,genie/puppy/financial_events.csv,source_system_id,2026.07.19.3
BISCUIT_RELIEF,PUPPY,TX-SET-0034,transaction_id,STRING,TX-SET-0034,,,,,,,false,1,genie/puppy/financial_events.csv,transaction_id,2026.07.19.3
BISCUIT_RELIEF,PUPPY,TX-SET-0034,occurred_at,TIMESTAMP,,,,,,2025-04-26T10:00:00Z,,false,2,genie/puppy/financial_events.csv,occurred_at,2026.07.19.3
BISCUIT_RELIEF,PUPPY,TX-SET-0034,transaction_type,STRING,PROCESSOR_SETTLEMENT,,,,,,,false,3,genie/puppy/financial_events.csv,transaction_type,2026.07.19.3
BISCUIT_RELIEF,PUPPY,TX-SET-0034,source_account_id,STRING,A-PROC-6104,,,,,,,false,4,genie/puppy/financial_events.csv,source_account_id,2026.07.19.3
BISCUIT_RELIEF,PUPPY,TX-SET-0034,destination_account_id,STRING,A-GBRF-6401,,,,,,,false,5,genie/puppy/financial_events.csv,destination_account_id,2026.07.19.3
BISCUIT_RELIEF,PUPPY,TX-SET-0034,amount,DECIMAL,,,12293.10,,,,,false,6,genie/puppy/financial_events.csv,amount,2026.07.19.3
BISCUIT_RELIEF,PUPPY,TX-SET-0034,currency,STRING,BSC,,,,,,,false,7,genie/puppy/financial_events.csv,currency,2026.07.19.3
BISCUIT_RELIEF,PUPPY,TX-SET-0034,reference,STRING,SETTLE-0034,,,,,,,false,8,genie/puppy/financial_events.csv,reference,2026.07.19.3
BISCUIT_RELIEF,PUPPY,TX-SET-0034,settlement_batch_id,STRING,SETTLE-0034,,,,,,,false,9,genie/puppy/financial_events.csv,settlement_batch_id,2026.07.19.3
BISCUIT_RELIEF,PUPPY,TX-SET-0034,entered_by_record_id,STRING,PR-PRIYA-01,,,,,,,false,10,genie/puppy/financial_events.csv,entered_by_record_id,2026.07.19.3
BISCUIT_RELIEF,PUPPY,TX-SET-0034,approved_by_record_id,STRING,PR-PRIYA-01,,,,,,,false,11,genie/puppy/financial_events.csv,approved_by_record_id,2026.07.19.3
BISCUIT_RELIEF,PUPPY,TX-SET-0034,related_object_id,STRING,SETTLE-0034,,,,,,,false,12,genie/puppy/financial_events.csv,related_object_id,2026.07.19.3
BISCUIT_RELIEF,PUPPY,TX-SET-0034,is_reversal,BOOLEAN,,,,false,,,,false,13,genie/puppy/financial_events.csv,is_reversal,2026.07.19.3
BISCUIT_RELIEF,PUPPY,TX-SET-0034,reversed_transaction_id,NULL,,,,,,,null,false,14,genie/puppy/financial_events.csv,reversed_transaction_id,2026.07.19.3
BISCUIT_RELIEF,PUPPY,TX-SET-0034,source_system_id,STRING,BANK_LEDGER,,,,,,,false,15,genie/puppy/financial_events.csv,source_system_id,2026.07.19.3
BISCUIT_RELIEF,PUPPY,TX-SET-0035,transaction_id,STRING,TX-SET-0035,,,,,,,false,1,genie/puppy/financial_events.csv,transaction_id,2026.07.19.3
BISCUIT_RELIEF,PUPPY,TX-SET-0035,occurred_at,TIMESTAMP,,,,,,2025-04-29T10:00:00Z,,false,2,genie/puppy/financial_events.csv,occurred_at,2026.07.19.3
BISCUIT_RELIEF,PUPPY,TX-SET-0035,transaction_type,STRING,PROCESSOR_SETTLEMENT,,,,,,,false,3,genie/puppy/financial_events.csv,transaction_type,2026.07.19.3
BISCUIT_RELIEF,PUPPY,TX-SET-0035,source_account_id,STRING,A-PROC-6104,,,,,,,false,4,genie/puppy/financial_events.csv,source_account_id,2026.07.19.3
BISCUIT_RELIEF,PUPPY,TX-SET-0035,destination_account_id,STRING,A-GBRF-6401,,,,,,,false,5,genie/puppy/financial_events.csv,destination_account_id,2026.07.19.3
BISCUIT_RELIEF,PUPPY,TX-SET-0035,amount,DECIMAL,,,37522.70,,,,,false,6,genie/puppy/financial_events.csv,amount,2026.07.19.3
BISCUIT_RELIEF,PUPPY,TX-SET-0035,currency,STRING,BSC,,,,,,,false,7,genie/puppy/financial_events.csv,currency,2026.07.19.3
BISCUIT_RELIEF,PUPPY,TX-SET-0035,reference,STRING,SETTLE-0035,,,,,,,false,8,genie/puppy/financial_events.csv,reference,2026.07.19.3
BISCUIT_RELIEF,PUPPY,TX-SET-0035,settlement_batch_id,STRING,SETTLE-0035,,,,,,,false,9,genie/puppy/financial_events.csv,settlement_batch_id,2026.07.19.3
BISCUIT_RELIEF,PUPPY,TX-SET-0035,entered_by_record_id,STRING,PR-PRIYA-01,,,,,,,false,10,genie/puppy/financial_events.csv,entered_by_record_id,2026.07.19.3
BISCUIT_RELIEF,PUPPY,TX-SET-0035,approved_by_record_id,STRING,PR-PRIYA-01,,,,,,,false,11,genie/puppy/financial_events.csv,approved_by_record_id,2026.07.19.3
BISCUIT_RELIEF,PUPPY,TX-SET-0035,related_object_id,STRING,SETTLE-0035,,,,,,,false,12,genie/puppy/financial_events.csv,related_object_id,2026.07.19.3
BISCUIT_RELIEF,PUPPY,TX-SET-0035,is_reversal,BOOLEAN,,,,false,,,,false,13,genie/puppy/financial_events.csv,is_reversal,2026.07.19.3
BISCUIT_RELIEF,PUPPY,TX-SET-0035,reversed_transaction_id,NULL,,,,,,,null,false,14,genie/puppy/financial_events.csv,reversed_transaction_id,2026.07.19.3
BISCUIT_RELIEF,PUPPY,TX-SET-0035,source_system_id,STRING,BANK_LEDGER,,,,,,,false,15,genie/puppy/financial_events.csv,source_system_id,2026.07.19.3
BISCUIT_RELIEF,PUPPY,TX-SET-0036,transaction_id,STRING,TX-SET-0036,,,,,,,false,1,genie/puppy/financial_events.csv,transaction_id,2026.07.19.3
BISCUIT_RELIEF,PUPPY,TX-SET-0036,occurred_at,TIMESTAMP,,,,,,2025-05-02T10:00:00Z,,false,2,genie/puppy/financial_events.csv,occurred_at,2026.07.19.3
BISCUIT_RELIEF,PUPPY,TX-SET-0036,transaction_type,STRING,PROCESSOR_SETTLEMENT,,,,,,,false,3,genie/puppy/financial_events.csv,transaction_type,2026.07.19.3
BISCUIT_RELIEF,PUPPY,TX-SET-0036,source_account_id,STRING,A-PROC-6104,,,,,,,false,4,genie/puppy/financial_events.csv,source_account_id,2026.07.19.3
BISCUIT_RELIEF,PUPPY,TX-SET-0036,destination_account_id,STRING,A-GBRF-6401,,,,,,,false,5,genie/puppy/financial_events.csv,destination_account_id,2026.07.19.3
BISCUIT_RELIEF,PUPPY,TX-SET-0036,amount,DECIMAL,,,23712.30,,,,,false,6,genie/puppy/financial_events.csv,amount,2026.07.19.3
BISCUIT_RELIEF,PUPPY,TX-SET-0036,currency,STRING,BSC,,,,,,,false,7,genie/puppy/financial_events.csv,currency,2026.07.19.3
BISCUIT_RELIEF,PUPPY,TX-SET-0036,reference,STRING,SETTLE-0036,,,,,,,false,8,genie/puppy/financial_events.csv,reference,2026.07.19.3
BISCUIT_RELIEF,PUPPY,TX-SET-0036,settlement_batch_id,STRING,SETTLE-0036,,,,,,,false,9,genie/puppy/financial_events.csv,settlement_batch_id,2026.07.19.3
BISCUIT_RELIEF,PUPPY,TX-SET-0036,entered_by_record_id,STRING,PR-PRIYA-01,,,,,,,false,10,genie/puppy/financial_events.csv,entered_by_record_id,2026.07.19.3
BISCUIT_RELIEF,PUPPY,TX-SET-0036,approved_by_record_id,STRING,PR-PRIYA-01,,,,,,,false,11,genie/puppy/financial_events.csv,approved_by_record_id,2026.07.19.3
BISCUIT_RELIEF,PUPPY,TX-SET-0036,related_object_id,STRING,SETTLE-0036,,,,,,,false,12,genie/puppy/financial_events.csv,related_object_id,2026.07.19.3
BISCUIT_RELIEF,PUPPY,TX-SET-0036,is_reversal,BOOLEAN,,,,false,,,,false,13,genie/puppy/financial_events.csv,is_reversal,2026.07.19.3
BISCUIT_RELIEF,PUPPY,TX-SET-0036,reversed_transaction_id,NULL,,,,,,,null,false,14,genie/puppy/financial_events.csv,reversed_transaction_id,2026.07.19.3
BISCUIT_RELIEF,PUPPY,TX-SET-0036,source_system_id,STRING,BANK_LEDGER,,,,,,,false,15,genie/puppy/financial_events.csv,source_system_id,2026.07.19.3
BISCUIT_RELIEF,PUPPY,TX-SET-0037,transaction_id,STRING,TX-SET-0037,,,,,,,false,1,genie/puppy/financial_events.csv,transaction_id,2026.07.19.3
BISCUIT_RELIEF,PUPPY,TX-SET-0037,occurred_at,TIMESTAMP,,,,,,2025-05-05T10:00:00Z,,false,2,genie/puppy/financial_events.csv,occurred_at,2026.07.19.3
BISCUIT_RELIEF,PUPPY,TX-SET-0037,transaction_type,STRING,PROCESSOR_SETTLEMENT,,,,,,,false,3,genie/puppy/financial_events.csv,transaction_type,2026.07.19.3
BISCUIT_RELIEF,PUPPY,TX-SET-0037,source_account_id,STRING,A-PROC-6104,,,,,,,false,4,genie/puppy/financial_events.csv,source_account_id,2026.07.19.3
BISCUIT_RELIEF,PUPPY,TX-SET-0037,destination_account_id,STRING,A-GBRF-6401,,,,,,,false,5,genie/puppy/financial_events.csv,destination_account_id,2026.07.19.3
BISCUIT_RELIEF,PUPPY,TX-SET-0037,amount,DECIMAL,,,12927.50,,,,,false,6,genie/puppy/financial_events.csv,amount,2026.07.19.3
BISCUIT_RELIEF,PUPPY,TX-SET-0037,currency,STRING,BSC,,,,,,,false,7,genie/puppy/financial_events.csv,currency,2026.07.19.3
BISCUIT_RELIEF,PUPPY,TX-SET-0037,reference,STRING,SETTLE-0037,,,,,,,false,8,genie/puppy/financial_events.csv,reference,2026.07.19.3
BISCUIT_RELIEF,PUPPY,TX-SET-0037,settlement_batch_id,STRING,SETTLE-0037,,,,,,,false,9,genie/puppy/financial_events.csv,settlement_batch_id,2026.07.19.3
BISCUIT_RELIEF,PUPPY,TX-SET-0037,entered_by_record_id,STRING,PR-PRIYA-01,,,,,,,false,10,genie/puppy/financial_events.csv,entered_by_record_id,2026.07.19.3
BISCUIT_RELIEF,PUPPY,TX-SET-0037,approved_by_record_id,STRING,PR-PRIYA-01,,,,,,,false,11,genie/puppy/financial_events.csv,approved_by_record_id,2026.07.19.3
BISCUIT_RELIEF,PUPPY,TX-SET-0037,related_object_id,STRING,SETTLE-0037,,,,,,,false,12,genie/puppy/financial_events.csv,related_object_id,2026.07.19.3
BISCUIT_RELIEF,PUPPY,TX-SET-0037,is_reversal,BOOLEAN,,,,false,,,,false,13,genie/puppy/financial_events.csv,is_reversal,2026.07.19.3
BISCUIT_RELIEF,PUPPY,TX-SET-0037,reversed_transaction_id,NULL,,,,,,,null,false,14,genie/puppy/financial_events.csv,reversed_transaction_id,2026.07.19.3
BISCUIT_RELIEF,PUPPY,TX-SET-0037,source_system_id,STRING,BANK_LEDGER,,,,,,,false,15,genie/puppy/financial_events.csv,source_system_id,2026.07.19.3
BISCUIT_RELIEF,PUPPY,TX-SET-0038,transaction_id,STRING,TX-SET-0038,,,,,,,false,1,genie/puppy/financial_events.csv,transaction_id,2026.07.19.3
BISCUIT_RELIEF,PUPPY,TX-SET-0038,occurred_at,TIMESTAMP,,,,,,2025-05-08T10:00:00Z,,false,2,genie/puppy/financial_events.csv,occurred_at,2026.07.19.3
BISCUIT_RELIEF,PUPPY,TX-SET-0038,transaction_type,STRING,PROCESSOR_SETTLEMENT,,,,,,,false,3,genie/puppy/financial_events.csv,transaction_type,2026.07.19.3
BISCUIT_RELIEF,PUPPY,TX-SET-0038,source_account_id,STRING,A-PROC-6104,,,,,,,false,4,genie/puppy/financial_events.csv,source_account_id,2026.07.19.3
BISCUIT_RELIEF,PUPPY,TX-SET-0038,destination_account_id,STRING,A-GBRF-6401,,,,,,,false,5,genie/puppy/financial_events.csv,destination_account_id,2026.07.19.3
BISCUIT_RELIEF,PUPPY,TX-SET-0038,amount,DECIMAL,,,11853.90,,,,,false,6,genie/puppy/financial_events.csv,amount,2026.07.19.3
BISCUIT_RELIEF,PUPPY,TX-SET-0038,currency,STRING,BSC,,,,,,,false,7,genie/puppy/financial_events.csv,currency,2026.07.19.3
BISCUIT_RELIEF,PUPPY,TX-SET-0038,reference,STRING,SETTLE-0038,,,,,,,false,8,genie/puppy/financial_events.csv,reference,2026.07.19.3
BISCUIT_RELIEF,PUPPY,TX-SET-0038,settlement_batch_id,STRING,SETTLE-0038,,,,,,,false,9,genie/puppy/financial_events.csv,settlement_batch_id,2026.07.19.3
BISCUIT_RELIEF,PUPPY,TX-SET-0038,entered_by_record_id,STRING,PR-PRIYA-01,,,,,,,false,10,genie/puppy/financial_events.csv,entered_by_record_id,2026.07.19.3
BISCUIT_RELIEF,PUPPY,TX-SET-0038,approved_by_record_id,STRING,PR-PRIYA-01,,,,,,,false,11,genie/puppy/financial_events.csv,approved_by_record_id,2026.07.19.3
BISCUIT_RELIEF,PUPPY,TX-SET-0038,related_object_id,STRING,SETTLE-0038,,,,,,,false,12,genie/puppy/financial_events.csv,related_object_id,2026.07.19.3
BISCUIT_RELIEF,PUPPY,TX-SET-0038,is_reversal,BOOLEAN,,,,false,,,,false,13,genie/puppy/financial_events.csv,is_reversal,2026.07.19.3
BISCUIT_RELIEF,PUPPY,TX-SET-0038,reversed_transaction_id,NULL,,,,,,,null,false,14,genie/puppy/financial_events.csv,reversed_transaction_id,2026.07.19.3
BISCUIT_RELIEF,PUPPY,TX-SET-0038,source_system_id,STRING,BANK_LEDGER,,,,,,,false,15,genie/puppy/financial_events.csv,source_system_id,2026.07.19.3
BISCUIT_RELIEF,PUPPY,TX-SET-0039,transaction_id,STRING,TX-SET-0039,,,,,,,false,1,genie/puppy/financial_events.csv,transaction_id,2026.07.19.3
BISCUIT_RELIEF,PUPPY,TX-SET-0039,occurred_at,TIMESTAMP,,,,,,2025-05-11T10:00:00Z,,false,2,genie/puppy/financial_events.csv,occurred_at,2026.07.19.3
BISCUIT_RELIEF,PUPPY,TX-SET-0039,transaction_type,STRING,PROCESSOR_SETTLEMENT,,,,,,,false,3,genie/puppy/financial_events.csv,transaction_type,2026.07.19.3
BISCUIT_RELIEF,PUPPY,TX-SET-0039,source_account_id,STRING,A-PROC-6104,,,,,,,false,4,genie/puppy/financial_events.csv,source_account_id,2026.07.19.3
BISCUIT_RELIEF,PUPPY,TX-SET-0039,destination_account_id,STRING,A-GBRF-6401,,,,,,,false,5,genie/puppy/financial_events.csv,destination_account_id,2026.07.19.3
BISCUIT_RELIEF,PUPPY,TX-SET-0039,amount,DECIMAL,,,18295.50,,,,,false,6,genie/puppy/financial_events.csv,amount,2026.07.19.3
BISCUIT_RELIEF,PUPPY,TX-SET-0039,currency,STRING,BSC,,,,,,,false,7,genie/puppy/financial_events.csv,currency,2026.07.19.3
BISCUIT_RELIEF,PUPPY,TX-SET-0039,reference,STRING,SETTLE-0039,,,,,,,false,8,genie/puppy/financial_events.csv,reference,2026.07.19.3
BISCUIT_RELIEF,PUPPY,TX-SET-0039,settlement_batch_id,STRING,SETTLE-0039,,,,,,,false,9,genie/puppy/financial_events.csv,settlement_batch_id,2026.07.19.3
BISCUIT_RELIEF,PUPPY,TX-SET-0039,entered_by_record_id,STRING,PR-PRIYA-01,,,,,,,false,10,genie/puppy/financial_events.csv,entered_by_record_id,2026.07.19.3
BISCUIT_RELIEF,PUPPY,TX-SET-0039,approved_by_record_id,STRING,PR-PRIYA-01,,,,,,,false,11,genie/puppy/financial_events.csv,approved_by_record_id,2026.07.19.3
BISCUIT_RELIEF,PUPPY,TX-SET-0039,related_object_id,STRING,SETTLE-0039,,,,,,,false,12,genie/puppy/financial_events.csv,related_object_id,2026.07.19.3
BISCUIT_RELIEF,PUPPY,TX-SET-0039,is_reversal,BOOLEAN,,,,false,,,,false,13,genie/puppy/financial_events.csv,is_reversal,2026.07.19.3
BISCUIT_RELIEF,PUPPY,TX-SET-0039,reversed_transaction_id,NULL,,,,,,,null,false,14,genie/puppy/financial_events.csv,reversed_transaction_id,2026.07.19.3
BISCUIT_RELIEF,PUPPY,TX-SET-0039,source_system_id,STRING,BANK_LEDGER,,,,,,,false,15,genie/puppy/financial_events.csv,source_system_id,2026.07.19.3
BISCUIT_RELIEF,PUPPY,TX-SET-0040,transaction_id,STRING,TX-SET-0040,,,,,,,false,1,genie/puppy/financial_events.csv,transaction_id,2026.07.19.3
BISCUIT_RELIEF,PUPPY,TX-SET-0040,occurred_at,TIMESTAMP,,,,,,2025-05-14T10:00:00Z,,false,2,genie/puppy/financial_events.csv,occurred_at,2026.07.19.3
BISCUIT_RELIEF,PUPPY,TX-SET-0040,transaction_type,STRING,PROCESSOR_SETTLEMENT,,,,,,,false,3,genie/puppy/financial_events.csv,transaction_type,2026.07.19.3
BISCUIT_RELIEF,PUPPY,TX-SET-0040,source_account_id,STRING,A-PROC-6104,,,,,,,false,4,genie/puppy/financial_events.csv,source_account_id,2026.07.19.3
BISCUIT_RELIEF,PUPPY,TX-SET-0040,destination_account_id,STRING,A-GBRF-6401,,,,,,,false,5,genie/puppy/financial_events.csv,destination_account_id,2026.07.19.3
BISCUIT_RELIEF,PUPPY,TX-SET-0040,amount,DECIMAL,,,24005.10,,,,,false,6,genie/puppy/financial_events.csv,amount,2026.07.19.3
BISCUIT_RELIEF,PUPPY,TX-SET-0040,currency,STRING,BSC,,,,,,,false,7,genie/puppy/financial_events.csv,currency,2026.07.19.3
BISCUIT_RELIEF,PUPPY,TX-SET-0040,reference,STRING,SETTLE-0040,,,,,,,false,8,genie/puppy/financial_events.csv,reference,2026.07.19.3
BISCUIT_RELIEF,PUPPY,TX-SET-0040,settlement_batch_id,STRING,SETTLE-0040,,,,,,,false,9,genie/puppy/financial_events.csv,settlement_batch_id,2026.07.19.3
BISCUIT_RELIEF,PUPPY,TX-SET-0040,entered_by_record_id,STRING,PR-PRIYA-01,,,,,,,false,10,genie/puppy/financial_events.csv,entered_by_record_id,2026.07.19.3
BISCUIT_RELIEF,PUPPY,TX-SET-0040,approved_by_record_id,STRING,PR-PRIYA-01,,,,,,,false,11,genie/puppy/financial_events.csv,approved_by_record_id,2026.07.19.3
BISCUIT_RELIEF,PUPPY,TX-SET-0040,related_object_id,STRING,SETTLE-0040,,,,,,,false,12,genie/puppy/financial_events.csv,related_object_id,2026.07.19.3
BISCUIT_RELIEF,PUPPY,TX-SET-0040,is_reversal,BOOLEAN,,,,false,,,,false,13,genie/puppy/financial_events.csv,is_reversal,2026.07.19.3
BISCUIT_RELIEF,PUPPY,TX-SET-0040,reversed_transaction_id,NULL,,,,,,,null,false,14,genie/puppy/financial_events.csv,reversed_transaction_id,2026.07.19.3
BISCUIT_RELIEF,PUPPY,TX-SET-0040,source_system_id,STRING,BANK_LEDGER,,,,,,,false,15,genie/puppy/financial_events.csv,source_system_id,2026.07.19.3
BISCUIT_RELIEF,PUPPY,TX-AID-001,transaction_id,STRING,TX-AID-001,,,,,,,false,1,genie/puppy/financial_events.csv,transaction_id,2026.07.19.3
BISCUIT_RELIEF,PUPPY,TX-AID-001,occurred_at,TIMESTAMP,,,,,,2025-02-01T11:00:00Z,,false,2,genie/puppy/financial_events.csv,occurred_at,2026.07.19.3
BISCUIT_RELIEF,PUPPY,TX-AID-001,transaction_type,STRING,BENEFICIARY_GRANT,,,,,,,false,3,genie/puppy/financial_events.csv,transaction_type,2026.07.19.3
BISCUIT_RELIEF,PUPPY,TX-AID-001,source_account_id,STRING,A-GBRF-6401,,,,,,,false,4,genie/puppy/financial_events.csv,source_account_id,2026.07.19.3
BISCUIT_RELIEF,PUPPY,TX-AID-001,destination_account_id,STRING,A-PAWBRIDGE-3001,,,,,,,false,5,genie/puppy/financial_events.csv,destination_account_id,2026.07.19.3
BISCUIT_RELIEF,PUPPY,TX-AID-001,amount,DECIMAL,,,4500.00,,,,,false,6,genie/puppy/financial_events.csv,amount,2026.07.19.3
BISCUIT_RELIEF,PUPPY,TX-AID-001,currency,STRING,BSC,,,,,,,false,7,genie/puppy/financial_events.csv,currency,2026.07.19.3
BISCUIT_RELIEF,PUPPY,TX-AID-001,reference,STRING,GRANT-001,,,,,,,false,8,genie/puppy/financial_events.csv,reference,2026.07.19.3
BISCUIT_RELIEF,PUPPY,TX-AID-001,settlement_batch_id,STRING,AID-BATCH-001,,,,,,,false,9,genie/puppy/financial_events.csv,settlement_batch_id,2026.07.19.3
BISCUIT_RELIEF,PUPPY,TX-AID-001,entered_by_record_id,STRING,PR-FELIX-01,,,,,,,false,10,genie/puppy/financial_events.csv,entered_by_record_id,2026.07.19.3
BISCUIT_RELIEF,PUPPY,TX-AID-001,approved_by_record_id,STRING,PR-ARLO-02,,,,,,,false,11,genie/puppy/financial_events.csv,approved_by_record_id,2026.07.19.3
BISCUIT_RELIEF,PUPPY,TX-AID-001,related_object_id,STRING,GR-001,,,,,,,false,12,genie/puppy/financial_events.csv,related_object_id,2026.07.19.3
BISCUIT_RELIEF,PUPPY,TX-AID-001,is_reversal,BOOLEAN,,,,false,,,,false,13,genie/puppy/financial_events.csv,is_reversal,2026.07.19.3
BISCUIT_RELIEF,PUPPY,TX-AID-001,reversed_transaction_id,NULL,,,,,,,null,false,14,genie/puppy/financial_events.csv,reversed_transaction_id,2026.07.19.3
BISCUIT_RELIEF,PUPPY,TX-AID-001,source_system_id,STRING,BANK_LEDGER,,,,,,,false,15,genie/puppy/financial_events.csv,source_system_id,2026.07.19.3
BISCUIT_RELIEF,PUPPY,TX-AID-002,transaction_id,STRING,TX-AID-002,,,,,,,false,1,genie/puppy/financial_events.csv,transaction_id,2026.07.19.3
BISCUIT_RELIEF,PUPPY,TX-AID-002,occurred_at,TIMESTAMP,,,,,,2025-02-09T11:00:00Z,,false,2,genie/puppy/financial_events.csv,occurred_at,2026.07.19.3
BISCUIT_RELIEF,PUPPY,TX-AID-002,transaction_type,STRING,BENEFICIARY_GRANT,,,,,,,false,3,genie/puppy/financial_events.csv,transaction_type,2026.07.19.3
BISCUIT_RELIEF,PUPPY,TX-AID-002,source_account_id,STRING,A-GBRF-6401,,,,,,,false,4,genie/puppy/financial_events.csv,source_account_id,2026.07.19.3
BISCUIT_RELIEF,PUPPY,TX-AID-002,destination_account_id,STRING,A-HARBOR-3002,,,,,,,false,5,genie/puppy/financial_events.csv,destination_account_id,2026.07.19.3
BISCUIT_RELIEF,PUPPY,TX-AID-002,amount,DECIMAL,,,5200.00,,,,,false,6,genie/puppy/financial_events.csv,amount,2026.07.19.3
BISCUIT_RELIEF,PUPPY,TX-AID-002,currency,STRING,BSC,,,,,,,false,7,genie/puppy/financial_events.csv,currency,2026.07.19.3
BISCUIT_RELIEF,PUPPY,TX-AID-002,reference,STRING,GRANT-002,,,,,,,false,8,genie/puppy/financial_events.csv,reference,2026.07.19.3
BISCUIT_RELIEF,PUPPY,TX-AID-002,settlement_batch_id,STRING,AID-BATCH-001,,,,,,,false,9,genie/puppy/financial_events.csv,settlement_batch_id,2026.07.19.3
BISCUIT_RELIEF,PUPPY,TX-AID-002,entered_by_record_id,STRING,PR-FELIX-01,,,,,,,false,10,genie/puppy/financial_events.csv,entered_by_record_id,2026.07.19.3
BISCUIT_RELIEF,PUPPY,TX-AID-002,approved_by_record_id,STRING,PR-ARLO-02,,,,,,,false,11,genie/puppy/financial_events.csv,approved_by_record_id,2026.07.19.3
BISCUIT_RELIEF,PUPPY,TX-AID-002,related_object_id,STRING,GR-002,,,,,,,false,12,genie/puppy/financial_events.csv,related_object_id,2026.07.19.3
BISCUIT_RELIEF,PUPPY,TX-AID-002,is_reversal,BOOLEAN,,,,false,,,,false,13,genie/puppy/financial_events.csv,is_reversal,2026.07.19.3
BISCUIT_RELIEF,PUPPY,TX-AID-002,reversed_transaction_id,NULL,,,,,,,null,false,14,genie/puppy/financial_events.csv,reversed_transaction_id,2026.07.19.3
BISCUIT_RELIEF,PUPPY,TX-AID-002,source_system_id,STRING,BANK_LEDGER,,,,,,,false,15,genie/puppy/financial_events.csv,source_system_id,2026.07.19.3
BISCUIT_RELIEF,PUPPY,TX-AID-003,transaction_id,STRING,TX-AID-003,,,,,,,false,1,genie/puppy/financial_events.csv,transaction_id,2026.07.19.3
BISCUIT_RELIEF,PUPPY,TX-AID-003,occurred_at,TIMESTAMP,,,,,,2025-02-17T11:00:00Z,,false,2,genie/puppy/financial_events.csv,occurred_at,2026.07.19.3
BISCUIT_RELIEF,PUPPY,TX-AID-003,transaction_type,STRING,BENEFICIARY_GRANT,,,,,,,false,3,genie/puppy/financial_events.csv,transaction_type,2026.07.19.3
BISCUIT_RELIEF,PUPPY,TX-AID-003,source_account_id,STRING,A-GBRF-6401,,,,,,,false,4,genie/puppy/financial_events.csv,source_account_id,2026.07.19.3
BISCUIT_RELIEF,PUPPY,TX-AID-003,destination_account_id,STRING,A-WARM-3003,,,,,,,false,5,genie/puppy/financial_events.csv,destination_account_id,2026.07.19.3
BISCUIT_RELIEF,PUPPY,TX-AID-003,amount,DECIMAL,,,5900.00,,,,,false,6,genie/puppy/financial_events.csv,amount,2026.07.19.3
BISCUIT_RELIEF,PUPPY,TX-AID-003,currency,STRING,BSC,,,,,,,false,7,genie/puppy/financial_events.csv,currency,2026.07.19.3
BISCUIT_RELIEF,PUPPY,TX-AID-003,reference,STRING,GRANT-003,,,,,,,false,8,genie/puppy/financial_events.csv,reference,2026.07.19.3
BISCUIT_RELIEF,PUPPY,TX-AID-003,settlement_batch_id,STRING,AID-BATCH-001,,,,,,,false,9,genie/puppy/financial_events.csv,settlement_batch_id,2026.07.19.3
BISCUIT_RELIEF,PUPPY,TX-AID-003,entered_by_record_id,STRING,PR-FELIX-01,,,,,,,false,10,genie/puppy/financial_events.csv,entered_by_record_id,2026.07.19.3
BISCUIT_RELIEF,PUPPY,TX-AID-003,approved_by_record_id,STRING,PR-ARLO-02,,,,,,,false,11,genie/puppy/financial_events.csv,approved_by_record_id,2026.07.19.3
BISCUIT_RELIEF,PUPPY,TX-AID-003,related_object_id,STRING,GR-003,,,,,,,false,12,genie/puppy/financial_events.csv,related_object_id,2026.07.19.3
BISCUIT_RELIEF,PUPPY,TX-AID-003,is_reversal,BOOLEAN,,,,false,,,,false,13,genie/puppy/financial_events.csv,is_reversal,2026.07.19.3
BISCUIT_RELIEF,PUPPY,TX-AID-003,reversed_transaction_id,NULL,,,,,,,null,false,14,genie/puppy/financial_events.csv,reversed_transaction_id,2026.07.19.3
BISCUIT_RELIEF,PUPPY,TX-AID-003,source_system_id,STRING,BANK_LEDGER,,,,,,,false,15,genie/puppy/financial_events.csv,source_system_id,2026.07.19.3
BISCUIT_RELIEF,PUPPY,TX-AID-004,transaction_id,STRING,TX-AID-004,,,,,,,false,1,genie/puppy/financial_events.csv,transaction_id,2026.07.19.3
BISCUIT_RELIEF,PUPPY,TX-AID-004,occurred_at,TIMESTAMP,,,,,,2025-02-25T11:00:00Z,,false,2,genie/puppy/financial_events.csv,occurred_at,2026.07.19.3
BISCUIT_RELIEF,PUPPY,TX-AID-004,transaction_type,STRING,BENEFICIARY_GRANT,,,,,,,false,3,genie/puppy/financial_events.csv,transaction_type,2026.07.19.3
BISCUIT_RELIEF,PUPPY,TX-AID-004,source_account_id,STRING,A-GBRF-6401,,,,,,,false,4,genie/puppy/financial_events.csv,source_account_id,2026.07.19.3
BISCUIT_RELIEF,PUPPY,TX-AID-004,destination_account_id,STRING,A-PAWBRIDGE-3001,,,,,,,false,5,genie/puppy/financial_events.csv,destination_account_id,2026.07.19.3
BISCUIT_RELIEF,PUPPY,TX-AID-004,amount,DECIMAL,,,6600.00,,,,,false,6,genie/puppy/financial_events.csv,amount,2026.07.19.3
BISCUIT_RELIEF,PUPPY,TX-AID-004,currency,STRING,BSC,,,,,,,false,7,genie/puppy/financial_events.csv,currency,2026.07.19.3
BISCUIT_RELIEF,PUPPY,TX-AID-004,reference,STRING,GRANT-004,,,,,,,false,8,genie/puppy/financial_events.csv,reference,2026.07.19.3
BISCUIT_RELIEF,PUPPY,TX-AID-004,settlement_batch_id,STRING,AID-BATCH-002,,,,,,,false,9,genie/puppy/financial_events.csv,settlement_batch_id,2026.07.19.3
BISCUIT_RELIEF,PUPPY,TX-AID-004,entered_by_record_id,STRING,PR-FELIX-01,,,,,,,false,10,genie/puppy/financial_events.csv,entered_by_record_id,2026.07.19.3
BISCUIT_RELIEF,PUPPY,TX-AID-004,approved_by_record_id,STRING,PR-ARLO-02,,,,,,,false,11,genie/puppy/financial_events.csv,approved_by_record_id,2026.07.19.3
BISCUIT_RELIEF,PUPPY,TX-AID-004,related_object_id,STRING,GR-004,,,,,,,false,12,genie/puppy/financial_events.csv,related_object_id,2026.07.19.3
BISCUIT_RELIEF,PUPPY,TX-AID-004,is_reversal,BOOLEAN,,,,false,,,,false,13,genie/puppy/financial_events.csv,is_reversal,2026.07.19.3
BISCUIT_RELIEF,PUPPY,TX-AID-004,reversed_transaction_id,NULL,,,,,,,null,false,14,genie/puppy/financial_events.csv,reversed_transaction_id,2026.07.19.3
BISCUIT_RELIEF,PUPPY,TX-AID-004,source_system_id,STRING,BANK_LEDGER,,,,,,,false,15,genie/puppy/financial_events.csv,source_system_id,2026.07.19.3
BISCUIT_RELIEF,PUPPY,TX-AID-005,transaction_id,STRING,TX-AID-005,,,,,,,false,1,genie/puppy/financial_events.csv,transaction_id,2026.07.19.3
BISCUIT_RELIEF,PUPPY,TX-AID-005,occurred_at,TIMESTAMP,,,,,,2025-03-05T11:00:00Z,,false,2,genie/puppy/financial_events.csv,occurred_at,2026.07.19.3
BISCUIT_RELIEF,PUPPY,TX-AID-005,transaction_type,STRING,BENEFICIARY_GRANT,,,,,,,false,3,genie/puppy/financial_events.csv,transaction_type,2026.07.19.3
BISCUIT_RELIEF,PUPPY,TX-AID-005,source_account_id,STRING,A-GBRF-6401,,,,,,,false,4,genie/puppy/financial_events.csv,source_account_id,2026.07.19.3
BISCUIT_RELIEF,PUPPY,TX-AID-005,destination_account_id,STRING,A-HARBOR-3002,,,,,,,false,5,genie/puppy/financial_events.csv,destination_account_id,2026.07.19.3
BISCUIT_RELIEF,PUPPY,TX-AID-005,amount,DECIMAL,,,7300.00,,,,,false,6,genie/puppy/financial_events.csv,amount,2026.07.19.3
BISCUIT_RELIEF,PUPPY,TX-AID-005,currency,STRING,BSC,,,,,,,false,7,genie/puppy/financial_events.csv,currency,2026.07.19.3
BISCUIT_RELIEF,PUPPY,TX-AID-005,reference,STRING,GRANT-005,,,,,,,false,8,genie/puppy/financial_events.csv,reference,2026.07.19.3
BISCUIT_RELIEF,PUPPY,TX-AID-005,settlement_batch_id,STRING,AID-BATCH-002,,,,,,,false,9,genie/puppy/financial_events.csv,settlement_batch_id,2026.07.19.3
BISCUIT_RELIEF,PUPPY,TX-AID-005,entered_by_record_id,STRING,PR-FELIX-01,,,,,,,false,10,genie/puppy/financial_events.csv,entered_by_record_id,2026.07.19.3
BISCUIT_RELIEF,PUPPY,TX-AID-005,approved_by_record_id,STRING,PR-ARLO-02,,,,,,,false,11,genie/puppy/financial_events.csv,approved_by_record_id,2026.07.19.3
BISCUIT_RELIEF,PUPPY,TX-AID-005,related_object_id,STRING,GR-005,,,,,,,false,12,genie/puppy/financial_events.csv,related_object_id,2026.07.19.3
BISCUIT_RELIEF,PUPPY,TX-AID-005,is_reversal,BOOLEAN,,,,false,,,,false,13,genie/puppy/financial_events.csv,is_reversal,2026.07.19.3
BISCUIT_RELIEF,PUPPY,TX-AID-005,reversed_transaction_id,NULL,,,,,,,null,false,14,genie/puppy/financial_events.csv,reversed_transaction_id,2026.07.19.3
BISCUIT_RELIEF,PUPPY,TX-AID-005,source_system_id,STRING,BANK_LEDGER,,,,,,,false,15,genie/puppy/financial_events.csv,source_system_id,2026.07.19.3
BISCUIT_RELIEF,PUPPY,TX-AID-006,transaction_id,STRING,TX-AID-006,,,,,,,false,1,genie/puppy/financial_events.csv,transaction_id,2026.07.19.3
BISCUIT_RELIEF,PUPPY,TX-AID-006,occurred_at,TIMESTAMP,,,,,,2025-03-13T11:00:00Z,,false,2,genie/puppy/financial_events.csv,occurred_at,2026.07.19.3
BISCUIT_RELIEF,PUPPY,TX-AID-006,transaction_type,STRING,BENEFICIARY_GRANT,,,,,,,false,3,genie/puppy/financial_events.csv,transaction_type,2026.07.19.3
BISCUIT_RELIEF,PUPPY,TX-AID-006,source_account_id,STRING,A-GBRF-6401,,,,,,,false,4,genie/puppy/financial_events.csv,source_account_id,2026.07.19.3
BISCUIT_RELIEF,PUPPY,TX-AID-006,destination_account_id,STRING,A-WARM-3003,,,,,,,false,5,genie/puppy/financial_events.csv,destination_account_id,2026.07.19.3
BISCUIT_RELIEF,PUPPY,TX-AID-006,amount,DECIMAL,,,8000.00,,,,,false,6,genie/puppy/financial_events.csv,amount,2026.07.19.3
BISCUIT_RELIEF,PUPPY,TX-AID-006,currency,STRING,BSC,,,,,,,false,7,genie/puppy/financial_events.csv,currency,2026.07.19.3
BISCUIT_RELIEF,PUPPY,TX-AID-006,reference,STRING,GRANT-006,,,,,,,false,8,genie/puppy/financial_events.csv,reference,2026.07.19.3
BISCUIT_RELIEF,PUPPY,TX-AID-006,settlement_batch_id,STRING,AID-BATCH-002,,,,,,,false,9,genie/puppy/financial_events.csv,settlement_batch_id,2026.07.19.3
BISCUIT_RELIEF,PUPPY,TX-AID-006,entered_by_record_id,STRING,PR-FELIX-01,,,,,,,false,10,genie/puppy/financial_events.csv,entered_by_record_id,2026.07.19.3
BISCUIT_RELIEF,PUPPY,TX-AID-006,approved_by_record_id,STRING,PR-ARLO-02,,,,,,,false,11,genie/puppy/financial_events.csv,approved_by_record_id,2026.07.19.3
BISCUIT_RELIEF,PUPPY,TX-AID-006,related_object_id,STRING,GR-006,,,,,,,false,12,genie/puppy/financial_events.csv,related_object_id,2026.07.19.3
BISCUIT_RELIEF,PUPPY,TX-AID-006,is_reversal,BOOLEAN,,,,false,,,,false,13,genie/puppy/financial_events.csv,is_reversal,2026.07.19.3
BISCUIT_RELIEF,PUPPY,TX-AID-006,reversed_transaction_id,NULL,,,,,,,null,false,14,genie/puppy/financial_events.csv,reversed_transaction_id,2026.07.19.3
BISCUIT_RELIEF,PUPPY,TX-AID-006,source_system_id,STRING,BANK_LEDGER,,,,,,,false,15,genie/puppy/financial_events.csv,source_system_id,2026.07.19.3
BISCUIT_RELIEF,PUPPY,TX-AID-007,transaction_id,STRING,TX-AID-007,,,,,,,false,1,genie/puppy/financial_events.csv,transaction_id,2026.07.19.3
BISCUIT_RELIEF,PUPPY,TX-AID-007,occurred_at,TIMESTAMP,,,,,,2025-03-21T11:00:00Z,,false,2,genie/puppy/financial_events.csv,occurred_at,2026.07.19.3
BISCUIT_RELIEF,PUPPY,TX-AID-007,transaction_type,STRING,BENEFICIARY_GRANT,,,,,,,false,3,genie/puppy/financial_events.csv,transaction_type,2026.07.19.3
BISCUIT_RELIEF,PUPPY,TX-AID-007,source_account_id,STRING,A-GBRF-6401,,,,,,,false,4,genie/puppy/financial_events.csv,source_account_id,2026.07.19.3
BISCUIT_RELIEF,PUPPY,TX-AID-007,destination_account_id,STRING,A-PAWBRIDGE-3001,,,,,,,false,5,genie/puppy/financial_events.csv,destination_account_id,2026.07.19.3
BISCUIT_RELIEF,PUPPY,TX-AID-007,amount,DECIMAL,,,4500.00,,,,,false,6,genie/puppy/financial_events.csv,amount,2026.07.19.3
BISCUIT_RELIEF,PUPPY,TX-AID-007,currency,STRING,BSC,,,,,,,false,7,genie/puppy/financial_events.csv,currency,2026.07.19.3
BISCUIT_RELIEF,PUPPY,TX-AID-007,reference,STRING,GRANT-007,,,,,,,false,8,genie/puppy/financial_events.csv,reference,2026.07.19.3
BISCUIT_RELIEF,PUPPY,TX-AID-007,settlement_batch_id,STRING,AID-BATCH-003,,,,,,,false,9,genie/puppy/financial_events.csv,settlement_batch_id,2026.07.19.3
BISCUIT_RELIEF,PUPPY,TX-AID-007,entered_by_record_id,STRING,PR-FELIX-01,,,,,,,false,10,genie/puppy/financial_events.csv,entered_by_record_id,2026.07.19.3
BISCUIT_RELIEF,PUPPY,TX-AID-007,approved_by_record_id,STRING,PR-ARLO-02,,,,,,,false,11,genie/puppy/financial_events.csv,approved_by_record_id,2026.07.19.3
BISCUIT_RELIEF,PUPPY,TX-AID-007,related_object_id,STRING,GR-007,,,,,,,false,12,genie/puppy/financial_events.csv,related_object_id,2026.07.19.3
BISCUIT_RELIEF,PUPPY,TX-AID-007,is_reversal,BOOLEAN,,,,false,,,,false,13,genie/puppy/financial_events.csv,is_reversal,2026.07.19.3
BISCUIT_RELIEF,PUPPY,TX-AID-007,reversed_transaction_id,NULL,,,,,,,null,false,14,genie/puppy/financial_events.csv,reversed_transaction_id,2026.07.19.3
BISCUIT_RELIEF,PUPPY,TX-AID-007,source_system_id,STRING,BANK_LEDGER,,,,,,,false,15,genie/puppy/financial_events.csv,source_system_id,2026.07.19.3
BISCUIT_RELIEF,PUPPY,TX-AID-008,transaction_id,STRING,TX-AID-008,,,,,,,false,1,genie/puppy/financial_events.csv,transaction_id,2026.07.19.3
BISCUIT_RELIEF,PUPPY,TX-AID-008,occurred_at,TIMESTAMP,,,,,,2025-03-29T11:00:00Z,,false,2,genie/puppy/financial_events.csv,occurred_at,2026.07.19.3
BISCUIT_RELIEF,PUPPY,TX-AID-008,transaction_type,STRING,BENEFICIARY_GRANT,,,,,,,false,3,genie/puppy/financial_events.csv,transaction_type,2026.07.19.3
BISCUIT_RELIEF,PUPPY,TX-AID-008,source_account_id,STRING,A-GBRF-6401,,,,,,,false,4,genie/puppy/financial_events.csv,source_account_id,2026.07.19.3
BISCUIT_RELIEF,PUPPY,TX-AID-008,destination_account_id,STRING,A-HARBOR-3002,,,,,,,false,5,genie/puppy/financial_events.csv,destination_account_id,2026.07.19.3
BISCUIT_RELIEF,PUPPY,TX-AID-008,amount,DECIMAL,,,5200.00,,,,,false,6,genie/puppy/financial_events.csv,amount,2026.07.19.3
BISCUIT_RELIEF,PUPPY,TX-AID-008,currency,STRING,BSC,,,,,,,false,7,genie/puppy/financial_events.csv,currency,2026.07.19.3
BISCUIT_RELIEF,PUPPY,TX-AID-008,reference,STRING,GRANT-008,,,,,,,false,8,genie/puppy/financial_events.csv,reference,2026.07.19.3
BISCUIT_RELIEF,PUPPY,TX-AID-008,settlement_batch_id,STRING,AID-BATCH-003,,,,,,,false,9,genie/puppy/financial_events.csv,settlement_batch_id,2026.07.19.3
BISCUIT_RELIEF,PUPPY,TX-AID-008,entered_by_record_id,STRING,PR-FELIX-01,,,,,,,false,10,genie/puppy/financial_events.csv,entered_by_record_id,2026.07.19.3
BISCUIT_RELIEF,PUPPY,TX-AID-008,approved_by_record_id,STRING,PR-ARLO-02,,,,,,,false,11,genie/puppy/financial_events.csv,approved_by_record_id,2026.07.19.3
BISCUIT_RELIEF,PUPPY,TX-AID-008,related_object_id,STRING,GR-008,,,,,,,false,12,genie/puppy/financial_events.csv,related_object_id,2026.07.19.3
BISCUIT_RELIEF,PUPPY,TX-AID-008,is_reversal,BOOLEAN,,,,false,,,,false,13,genie/puppy/financial_events.csv,is_reversal,2026.07.19.3
BISCUIT_RELIEF,PUPPY,TX-AID-008,reversed_transaction_id,NULL,,,,,,,null,false,14,genie/puppy/financial_events.csv,reversed_transaction_id,2026.07.19.3
BISCUIT_RELIEF,PUPPY,TX-AID-008,source_system_id,STRING,BANK_LEDGER,,,,,,,false,15,genie/puppy/financial_events.csv,source_system_id,2026.07.19.3
BISCUIT_RELIEF,PUPPY,TX-AID-009,transaction_id,STRING,TX-AID-009,,,,,,,false,1,genie/puppy/financial_events.csv,transaction_id,2026.07.19.3
BISCUIT_RELIEF,PUPPY,TX-AID-009,occurred_at,TIMESTAMP,,,,,,2025-04-06T11:00:00Z,,false,2,genie/puppy/financial_events.csv,occurred_at,2026.07.19.3
BISCUIT_RELIEF,PUPPY,TX-AID-009,transaction_type,STRING,BENEFICIARY_GRANT,,,,,,,false,3,genie/puppy/financial_events.csv,transaction_type,2026.07.19.3
BISCUIT_RELIEF,PUPPY,TX-AID-009,source_account_id,STRING,A-GBRF-6401,,,,,,,false,4,genie/puppy/financial_events.csv,source_account_id,2026.07.19.3
BISCUIT_RELIEF,PUPPY,TX-AID-009,destination_account_id,STRING,A-WARM-3003,,,,,,,false,5,genie/puppy/financial_events.csv,destination_account_id,2026.07.19.3
BISCUIT_RELIEF,PUPPY,TX-AID-009,amount,DECIMAL,,,5900.00,,,,,false,6,genie/puppy/financial_events.csv,amount,2026.07.19.3
BISCUIT_RELIEF,PUPPY,TX-AID-009,currency,STRING,BSC,,,,,,,false,7,genie/puppy/financial_events.csv,currency,2026.07.19.3
BISCUIT_RELIEF,PUPPY,TX-AID-009,reference,STRING,GRANT-009,,,,,,,false,8,genie/puppy/financial_events.csv,reference,2026.07.19.3
BISCUIT_RELIEF,PUPPY,TX-AID-009,settlement_batch_id,STRING,AID-BATCH-003,,,,,,,false,9,genie/puppy/financial_events.csv,settlement_batch_id,2026.07.19.3
BISCUIT_RELIEF,PUPPY,TX-AID-009,entered_by_record_id,STRING,PR-FELIX-01,,,,,,,false,10,genie/puppy/financial_events.csv,entered_by_record_id,2026.07.19.3
BISCUIT_RELIEF,PUPPY,TX-AID-009,approved_by_record_id,STRING,PR-ARLO-02,,,,,,,false,11,genie/puppy/financial_events.csv,approved_by_record_id,2026.07.19.3
BISCUIT_RELIEF,PUPPY,TX-AID-009,related_object_id,STRING,GR-009,,,,,,,false,12,genie/puppy/financial_events.csv,related_object_id,2026.07.19.3
BISCUIT_RELIEF,PUPPY,TX-AID-009,is_reversal,BOOLEAN,,,,false,,,,false,13,genie/puppy/financial_events.csv,is_reversal,2026.07.19.3
BISCUIT_RELIEF,PUPPY,TX-AID-009,reversed_transaction_id,NULL,,,,,,,null,false,14,genie/puppy/financial_events.csv,reversed_transaction_id,2026.07.19.3
BISCUIT_RELIEF,PUPPY,TX-AID-009,source_system_id,STRING,BANK_LEDGER,,,,,,,false,15,genie/puppy/financial_events.csv,source_system_id,2026.07.19.3
BISCUIT_RELIEF,PUPPY,TX-AID-010,transaction_id,STRING,TX-AID-010,,,,,,,false,1,genie/puppy/financial_events.csv,transaction_id,2026.07.19.3
BISCUIT_RELIEF,PUPPY,TX-AID-010,occurred_at,TIMESTAMP,,,,,,2025-04-14T11:00:00Z,,false,2,genie/puppy/financial_events.csv,occurred_at,2026.07.19.3
BISCUIT_RELIEF,PUPPY,TX-AID-010,transaction_type,STRING,BENEFICIARY_GRANT,,,,,,,false,3,genie/puppy/financial_events.csv,transaction_type,2026.07.19.3
BISCUIT_RELIEF,PUPPY,TX-AID-010,source_account_id,STRING,A-GBRF-6401,,,,,,,false,4,genie/puppy/financial_events.csv,source_account_id,2026.07.19.3
BISCUIT_RELIEF,PUPPY,TX-AID-010,destination_account_id,STRING,A-PAWBRIDGE-3001,,,,,,,false,5,genie/puppy/financial_events.csv,destination_account_id,2026.07.19.3
BISCUIT_RELIEF,PUPPY,TX-AID-010,amount,DECIMAL,,,6600.00,,,,,false,6,genie/puppy/financial_events.csv,amount,2026.07.19.3
BISCUIT_RELIEF,PUPPY,TX-AID-010,currency,STRING,BSC,,,,,,,false,7,genie/puppy/financial_events.csv,currency,2026.07.19.3
BISCUIT_RELIEF,PUPPY,TX-AID-010,reference,STRING,GRANT-010,,,,,,,false,8,genie/puppy/financial_events.csv,reference,2026.07.19.3
BISCUIT_RELIEF,PUPPY,TX-AID-010,settlement_batch_id,STRING,AID-BATCH-004,,,,,,,false,9,genie/puppy/financial_events.csv,settlement_batch_id,2026.07.19.3
BISCUIT_RELIEF,PUPPY,TX-AID-010,entered_by_record_id,STRING,PR-FELIX-01,,,,,,,false,10,genie/puppy/financial_events.csv,entered_by_record_id,2026.07.19.3
BISCUIT_RELIEF,PUPPY,TX-AID-010,approved_by_record_id,STRING,PR-ARLO-02,,,,,,,false,11,genie/puppy/financial_events.csv,approved_by_record_id,2026.07.19.3
BISCUIT_RELIEF,PUPPY,TX-AID-010,related_object_id,STRING,GR-010,,,,,,,false,12,genie/puppy/financial_events.csv,related_object_id,2026.07.19.3
BISCUIT_RELIEF,PUPPY,TX-AID-010,is_reversal,BOOLEAN,,,,false,,,,false,13,genie/puppy/financial_events.csv,is_reversal,2026.07.19.3
BISCUIT_RELIEF,PUPPY,TX-AID-010,reversed_transaction_id,NULL,,,,,,,null,false,14,genie/puppy/financial_events.csv,reversed_transaction_id,2026.07.19.3
BISCUIT_RELIEF,PUPPY,TX-AID-010,source_system_id,STRING,BANK_LEDGER,,,,,,,false,15,genie/puppy/financial_events.csv,source_system_id,2026.07.19.3
BISCUIT_RELIEF,PUPPY,TX-AID-011,transaction_id,STRING,TX-AID-011,,,,,,,false,1,genie/puppy/financial_events.csv,transaction_id,2026.07.19.3
BISCUIT_RELIEF,PUPPY,TX-AID-011,occurred_at,TIMESTAMP,,,,,,2025-04-22T11:00:00Z,,false,2,genie/puppy/financial_events.csv,occurred_at,2026.07.19.3
BISCUIT_RELIEF,PUPPY,TX-AID-011,transaction_type,STRING,BENEFICIARY_GRANT,,,,,,,false,3,genie/puppy/financial_events.csv,transaction_type,2026.07.19.3
BISCUIT_RELIEF,PUPPY,TX-AID-011,source_account_id,STRING,A-GBRF-6401,,,,,,,false,4,genie/puppy/financial_events.csv,source_account_id,2026.07.19.3
BISCUIT_RELIEF,PUPPY,TX-AID-011,destination_account_id,STRING,A-HARBOR-3002,,,,,,,false,5,genie/puppy/financial_events.csv,destination_account_id,2026.07.19.3
BISCUIT_RELIEF,PUPPY,TX-AID-011,amount,DECIMAL,,,7300.00,,,,,false,6,genie/puppy/financial_events.csv,amount,2026.07.19.3
BISCUIT_RELIEF,PUPPY,TX-AID-011,currency,STRING,BSC,,,,,,,false,7,genie/puppy/financial_events.csv,currency,2026.07.19.3
BISCUIT_RELIEF,PUPPY,TX-AID-011,reference,STRING,GRANT-011,,,,,,,false,8,genie/puppy/financial_events.csv,reference,2026.07.19.3
BISCUIT_RELIEF,PUPPY,TX-AID-011,settlement_batch_id,STRING,AID-BATCH-004,,,,,,,false,9,genie/puppy/financial_events.csv,settlement_batch_id,2026.07.19.3
BISCUIT_RELIEF,PUPPY,TX-AID-011,entered_by_record_id,STRING,PR-FELIX-01,,,,,,,false,10,genie/puppy/financial_events.csv,entered_by_record_id,2026.07.19.3
BISCUIT_RELIEF,PUPPY,TX-AID-011,approved_by_record_id,STRING,PR-ARLO-02,,,,,,,false,11,genie/puppy/financial_events.csv,approved_by_record_id,2026.07.19.3
BISCUIT_RELIEF,PUPPY,TX-AID-011,related_object_id,STRING,GR-011,,,,,,,false,12,genie/puppy/financial_events.csv,related_object_id,2026.07.19.3
BISCUIT_RELIEF,PUPPY,TX-AID-011,is_reversal,BOOLEAN,,,,false,,,,false,13,genie/puppy/financial_events.csv,is_reversal,2026.07.19.3
BISCUIT_RELIEF,PUPPY,TX-AID-011,reversed_transaction_id,NULL,,,,,,,null,false,14,genie/puppy/financial_events.csv,reversed_transaction_id,2026.07.19.3
BISCUIT_RELIEF,PUPPY,TX-AID-011,source_system_id,STRING,BANK_LEDGER,,,,,,,false,15,genie/puppy/financial_events.csv,source_system_id,2026.07.19.3
BISCUIT_RELIEF,PUPPY,TX-AID-012,transaction_id,STRING,TX-AID-012,,,,,,,false,1,genie/puppy/financial_events.csv,transaction_id,2026.07.19.3
BISCUIT_RELIEF,PUPPY,TX-AID-012,occurred_at,TIMESTAMP,,,,,,2025-04-30T11:00:00Z,,false,2,genie/puppy/financial_events.csv,occurred_at,2026.07.19.3
BISCUIT_RELIEF,PUPPY,TX-AID-012,transaction_type,STRING,BENEFICIARY_GRANT,,,,,,,false,3,genie/puppy/financial_events.csv,transaction_type,2026.07.19.3
BISCUIT_RELIEF,PUPPY,TX-AID-012,source_account_id,STRING,A-GBRF-6401,,,,,,,false,4,genie/puppy/financial_events.csv,source_account_id,2026.07.19.3
BISCUIT_RELIEF,PUPPY,TX-AID-012,destination_account_id,STRING,A-WARM-3003,,,,,,,false,5,genie/puppy/financial_events.csv,destination_account_id,2026.07.19.3
BISCUIT_RELIEF,PUPPY,TX-AID-012,amount,DECIMAL,,,8000.00,,,,,false,6,genie/puppy/financial_events.csv,amount,2026.07.19.3
BISCUIT_RELIEF,PUPPY,TX-AID-012,currency,STRING,BSC,,,,,,,false,7,genie/puppy/financial_events.csv,currency,2026.07.19.3
BISCUIT_RELIEF,PUPPY,TX-AID-012,reference,STRING,GRANT-012,,,,,,,false,8,genie/puppy/financial_events.csv,reference,2026.07.19.3
BISCUIT_RELIEF,PUPPY,TX-AID-012,settlement_batch_id,STRING,AID-BATCH-004,,,,,,,false,9,genie/puppy/financial_events.csv,settlement_batch_id,2026.07.19.3
BISCUIT_RELIEF,PUPPY,TX-AID-012,entered_by_record_id,STRING,PR-FELIX-01,,,,,,,false,10,genie/puppy/financial_events.csv,entered_by_record_id,2026.07.19.3
BISCUIT_RELIEF,PUPPY,TX-AID-012,approved_by_record_id,STRING,PR-ARLO-02,,,,,,,false,11,genie/puppy/financial_events.csv,approved_by_record_id,2026.07.19.3
BISCUIT_RELIEF,PUPPY,TX-AID-012,related_object_id,STRING,GR-012,,,,,,,false,12,genie/puppy/financial_events.csv,related_object_id,2026.07.19.3
BISCUIT_RELIEF,PUPPY,TX-AID-012,is_reversal,BOOLEAN,,,,false,,,,false,13,genie/puppy/financial_events.csv,is_reversal,2026.07.19.3
BISCUIT_RELIEF,PUPPY,TX-AID-012,reversed_transaction_id,NULL,,,,,,,null,false,14,genie/puppy/financial_events.csv,reversed_transaction_id,2026.07.19.3
BISCUIT_RELIEF,PUPPY,TX-AID-012,source_system_id,STRING,BANK_LEDGER,,,,,,,false,15,genie/puppy/financial_events.csv,source_system_id,2026.07.19.3
BISCUIT_RELIEF,PUPPY,TX-AID-013,transaction_id,STRING,TX-AID-013,,,,,,,false,1,genie/puppy/financial_events.csv,transaction_id,2026.07.19.3
BISCUIT_RELIEF,PUPPY,TX-AID-013,occurred_at,TIMESTAMP,,,,,,2025-05-08T11:00:00Z,,false,2,genie/puppy/financial_events.csv,occurred_at,2026.07.19.3
BISCUIT_RELIEF,PUPPY,TX-AID-013,transaction_type,STRING,BENEFICIARY_GRANT,,,,,,,false,3,genie/puppy/financial_events.csv,transaction_type,2026.07.19.3
BISCUIT_RELIEF,PUPPY,TX-AID-013,source_account_id,STRING,A-GBRF-6401,,,,,,,false,4,genie/puppy/financial_events.csv,source_account_id,2026.07.19.3
BISCUIT_RELIEF,PUPPY,TX-AID-013,destination_account_id,STRING,A-PAWBRIDGE-3001,,,,,,,false,5,genie/puppy/financial_events.csv,destination_account_id,2026.07.19.3
BISCUIT_RELIEF,PUPPY,TX-AID-013,amount,DECIMAL,,,4500.00,,,,,false,6,genie/puppy/financial_events.csv,amount,2026.07.19.3
BISCUIT_RELIEF,PUPPY,TX-AID-013,currency,STRING,BSC,,,,,,,false,7,genie/puppy/financial_events.csv,currency,2026.07.19.3
BISCUIT_RELIEF,PUPPY,TX-AID-013,reference,STRING,GRANT-013,,,,,,,false,8,genie/puppy/financial_events.csv,reference,2026.07.19.3
BISCUIT_RELIEF,PUPPY,TX-AID-013,settlement_batch_id,STRING,AID-BATCH-005,,,,,,,false,9,genie/puppy/financial_events.csv,settlement_batch_id,2026.07.19.3
BISCUIT_RELIEF,PUPPY,TX-AID-013,entered_by_record_id,STRING,PR-FELIX-01,,,,,,,false,10,genie/puppy/financial_events.csv,entered_by_record_id,2026.07.19.3
BISCUIT_RELIEF,PUPPY,TX-AID-013,approved_by_record_id,STRING,PR-ARLO-02,,,,,,,false,11,genie/puppy/financial_events.csv,approved_by_record_id,2026.07.19.3
BISCUIT_RELIEF,PUPPY,TX-AID-013,related_object_id,STRING,GR-013,,,,,,,false,12,genie/puppy/financial_events.csv,related_object_id,2026.07.19.3
BISCUIT_RELIEF,PUPPY,TX-AID-013,is_reversal,BOOLEAN,,,,false,,,,false,13,genie/puppy/financial_events.csv,is_reversal,2026.07.19.3
BISCUIT_RELIEF,PUPPY,TX-AID-013,reversed_transaction_id,NULL,,,,,,,null,false,14,genie/puppy/financial_events.csv,reversed_transaction_id,2026.07.19.3
BISCUIT_RELIEF,PUPPY,TX-AID-013,source_system_id,STRING,BANK_LEDGER,,,,,,,false,15,genie/puppy/financial_events.csv,source_system_id,2026.07.19.3
BISCUIT_RELIEF,PUPPY,TX-AID-014,transaction_id,STRING,TX-AID-014,,,,,,,false,1,genie/puppy/financial_events.csv,transaction_id,2026.07.19.3
BISCUIT_RELIEF,PUPPY,TX-AID-014,occurred_at,TIMESTAMP,,,,,,2025-05-16T11:00:00Z,,false,2,genie/puppy/financial_events.csv,occurred_at,2026.07.19.3
BISCUIT_RELIEF,PUPPY,TX-AID-014,transaction_type,STRING,BENEFICIARY_GRANT,,,,,,,false,3,genie/puppy/financial_events.csv,transaction_type,2026.07.19.3
BISCUIT_RELIEF,PUPPY,TX-AID-014,source_account_id,STRING,A-GBRF-6401,,,,,,,false,4,genie/puppy/financial_events.csv,source_account_id,2026.07.19.3
BISCUIT_RELIEF,PUPPY,TX-AID-014,destination_account_id,STRING,A-HARBOR-3002,,,,,,,false,5,genie/puppy/financial_events.csv,destination_account_id,2026.07.19.3
BISCUIT_RELIEF,PUPPY,TX-AID-014,amount,DECIMAL,,,5200.00,,,,,false,6,genie/puppy/financial_events.csv,amount,2026.07.19.3
BISCUIT_RELIEF,PUPPY,TX-AID-014,currency,STRING,BSC,,,,,,,false,7,genie/puppy/financial_events.csv,currency,2026.07.19.3
BISCUIT_RELIEF,PUPPY,TX-AID-014,reference,STRING,GRANT-014,,,,,,,false,8,genie/puppy/financial_events.csv,reference,2026.07.19.3
BISCUIT_RELIEF,PUPPY,TX-AID-014,settlement_batch_id,STRING,AID-BATCH-005,,,,,,,false,9,genie/puppy/financial_events.csv,settlement_batch_id,2026.07.19.3
BISCUIT_RELIEF,PUPPY,TX-AID-014,entered_by_record_id,STRING,PR-FELIX-01,,,,,,,false,10,genie/puppy/financial_events.csv,entered_by_record_id,2026.07.19.3
BISCUIT_RELIEF,PUPPY,TX-AID-014,approved_by_record_id,STRING,PR-ARLO-02,,,,,,,false,11,genie/puppy/financial_events.csv,approved_by_record_id,2026.07.19.3
BISCUIT_RELIEF,PUPPY,TX-AID-014,related_object_id,STRING,GR-014,,,,,,,false,12,genie/puppy/financial_events.csv,related_object_id,2026.07.19.3
BISCUIT_RELIEF,PUPPY,TX-AID-014,is_reversal,BOOLEAN,,,,false,,,,false,13,genie/puppy/financial_events.csv,is_reversal,2026.07.19.3
BISCUIT_RELIEF,PUPPY,TX-AID-014,reversed_transaction_id,NULL,,,,,,,null,false,14,genie/puppy/financial_events.csv,reversed_transaction_id,2026.07.19.3
BISCUIT_RELIEF,PUPPY,TX-AID-014,source_system_id,STRING,BANK_LEDGER,,,,,,,false,15,genie/puppy/financial_events.csv,source_system_id,2026.07.19.3
BISCUIT_RELIEF,PUPPY,TX-AID-015,transaction_id,STRING,TX-AID-015,,,,,,,false,1,genie/puppy/financial_events.csv,transaction_id,2026.07.19.3
BISCUIT_RELIEF,PUPPY,TX-AID-015,occurred_at,TIMESTAMP,,,,,,2025-05-24T11:00:00Z,,false,2,genie/puppy/financial_events.csv,occurred_at,2026.07.19.3
BISCUIT_RELIEF,PUPPY,TX-AID-015,transaction_type,STRING,BENEFICIARY_GRANT,,,,,,,false,3,genie/puppy/financial_events.csv,transaction_type,2026.07.19.3
BISCUIT_RELIEF,PUPPY,TX-AID-015,source_account_id,STRING,A-GBRF-6401,,,,,,,false,4,genie/puppy/financial_events.csv,source_account_id,2026.07.19.3
BISCUIT_RELIEF,PUPPY,TX-AID-015,destination_account_id,STRING,A-WARM-3003,,,,,,,false,5,genie/puppy/financial_events.csv,destination_account_id,2026.07.19.3
BISCUIT_RELIEF,PUPPY,TX-AID-015,amount,DECIMAL,,,5900.00,,,,,false,6,genie/puppy/financial_events.csv,amount,2026.07.19.3
BISCUIT_RELIEF,PUPPY,TX-AID-015,currency,STRING,BSC,,,,,,,false,7,genie/puppy/financial_events.csv,currency,2026.07.19.3
BISCUIT_RELIEF,PUPPY,TX-AID-015,reference,STRING,GRANT-015,,,,,,,false,8,genie/puppy/financial_events.csv,reference,2026.07.19.3
BISCUIT_RELIEF,PUPPY,TX-AID-015,settlement_batch_id,STRING,AID-BATCH-005,,,,,,,false,9,genie/puppy/financial_events.csv,settlement_batch_id,2026.07.19.3
BISCUIT_RELIEF,PUPPY,TX-AID-015,entered_by_record_id,STRING,PR-FELIX-01,,,,,,,false,10,genie/puppy/financial_events.csv,entered_by_record_id,2026.07.19.3
BISCUIT_RELIEF,PUPPY,TX-AID-015,approved_by_record_id,STRING,PR-ARLO-02,,,,,,,false,11,genie/puppy/financial_events.csv,approved_by_record_id,2026.07.19.3
BISCUIT_RELIEF,PUPPY,TX-AID-015,related_object_id,STRING,GR-015,,,,,,,false,12,genie/puppy/financial_events.csv,related_object_id,2026.07.19.3
BISCUIT_RELIEF,PUPPY,TX-AID-015,is_reversal,BOOLEAN,,,,false,,,,false,13,genie/puppy/financial_events.csv,is_reversal,2026.07.19.3
BISCUIT_RELIEF,PUPPY,TX-AID-015,reversed_transaction_id,NULL,,,,,,,null,false,14,genie/puppy/financial_events.csv,reversed_transaction_id,2026.07.19.3
BISCUIT_RELIEF,PUPPY,TX-AID-015,source_system_id,STRING,BANK_LEDGER,,,,,,,false,15,genie/puppy/financial_events.csv,source_system_id,2026.07.19.3
BISCUIT_RELIEF,PUPPY,TX-AID-016,transaction_id,STRING,TX-AID-016,,,,,,,false,1,genie/puppy/financial_events.csv,transaction_id,2026.07.19.3
BISCUIT_RELIEF,PUPPY,TX-AID-016,occurred_at,TIMESTAMP,,,,,,2025-06-01T11:00:00Z,,false,2,genie/puppy/financial_events.csv,occurred_at,2026.07.19.3
BISCUIT_RELIEF,PUPPY,TX-AID-016,transaction_type,STRING,BENEFICIARY_GRANT,,,,,,,false,3,genie/puppy/financial_events.csv,transaction_type,2026.07.19.3
BISCUIT_RELIEF,PUPPY,TX-AID-016,source_account_id,STRING,A-GBRF-6401,,,,,,,false,4,genie/puppy/financial_events.csv,source_account_id,2026.07.19.3
BISCUIT_RELIEF,PUPPY,TX-AID-016,destination_account_id,STRING,A-PAWBRIDGE-3001,,,,,,,false,5,genie/puppy/financial_events.csv,destination_account_id,2026.07.19.3
BISCUIT_RELIEF,PUPPY,TX-AID-016,amount,DECIMAL,,,6600.00,,,,,false,6,genie/puppy/financial_events.csv,amount,2026.07.19.3
BISCUIT_RELIEF,PUPPY,TX-AID-016,currency,STRING,BSC,,,,,,,false,7,genie/puppy/financial_events.csv,currency,2026.07.19.3
BISCUIT_RELIEF,PUPPY,TX-AID-016,reference,STRING,GRANT-016,,,,,,,false,8,genie/puppy/financial_events.csv,reference,2026.07.19.3
BISCUIT_RELIEF,PUPPY,TX-AID-016,settlement_batch_id,STRING,AID-BATCH-006,,,,,,,false,9,genie/puppy/financial_events.csv,settlement_batch_id,2026.07.19.3
BISCUIT_RELIEF,PUPPY,TX-AID-016,entered_by_record_id,STRING,PR-FELIX-01,,,,,,,false,10,genie/puppy/financial_events.csv,entered_by_record_id,2026.07.19.3
BISCUIT_RELIEF,PUPPY,TX-AID-016,approved_by_record_id,STRING,PR-ARLO-02,,,,,,,false,11,genie/puppy/financial_events.csv,approved_by_record_id,2026.07.19.3
BISCUIT_RELIEF,PUPPY,TX-AID-016,related_object_id,STRING,GR-016,,,,,,,false,12,genie/puppy/financial_events.csv,related_object_id,2026.07.19.3
BISCUIT_RELIEF,PUPPY,TX-AID-016,is_reversal,BOOLEAN,,,,false,,,,false,13,genie/puppy/financial_events.csv,is_reversal,2026.07.19.3
BISCUIT_RELIEF,PUPPY,TX-AID-016,reversed_transaction_id,NULL,,,,,,,null,false,14,genie/puppy/financial_events.csv,reversed_transaction_id,2026.07.19.3
BISCUIT_RELIEF,PUPPY,TX-AID-016,source_system_id,STRING,BANK_LEDGER,,,,,,,false,15,genie/puppy/financial_events.csv,source_system_id,2026.07.19.3
BISCUIT_RELIEF,PUPPY,TX-AD-001,transaction_id,STRING,TX-AD-001,,,,,,,false,1,genie/puppy/financial_events.csv,transaction_id,2026.07.19.3
BISCUIT_RELIEF,PUPPY,TX-AD-001,occurred_at,TIMESTAMP,,,,,,2025-02-03T11:00:00Z,,false,2,genie/puppy/financial_events.csv,occurred_at,2026.07.19.3
BISCUIT_RELIEF,PUPPY,TX-AD-001,transaction_type,STRING,ADVERTISING_VENDOR_PAYMENT,,,,,,,false,3,genie/puppy/financial_events.csv,transaction_type,2026.07.19.3
BISCUIT_RELIEF,PUPPY,TX-AD-001,source_account_id,STRING,A-GBRF-6401,,,,,,,false,4,genie/puppy/financial_events.csv,source_account_id,2026.07.19.3
BISCUIT_RELIEF,PUPPY,TX-AD-001,destination_account_id,STRING,A-GILDED-4512,,,,,,,false,5,genie/puppy/financial_events.csv,destination_account_id,2026.07.19.3
BISCUIT_RELIEF,PUPPY,TX-AD-001,amount,DECIMAL,,,9500.00,,,,,false,6,genie/puppy/financial_events.csv,amount,2026.07.19.3
BISCUIT_RELIEF,PUPPY,TX-AD-001,currency,STRING,BSC,,,,,,,false,7,genie/puppy/financial_events.csv,currency,2026.07.19.3
BISCUIT_RELIEF,PUPPY,TX-AD-001,reference,STRING,AD-INVOICE-001,,,,,,,false,8,genie/puppy/financial_events.csv,reference,2026.07.19.3
BISCUIT_RELIEF,PUPPY,TX-AD-001,settlement_batch_id,STRING,OUT-BATCH-001,,,,,,,false,9,genie/puppy/financial_events.csv,settlement_batch_id,2026.07.19.3
BISCUIT_RELIEF,PUPPY,TX-AD-001,entered_by_record_id,STRING,PR-FELIX-01,,,,,,,false,10,genie/puppy/financial_events.csv,entered_by_record_id,2026.07.19.3
BISCUIT_RELIEF,PUPPY,TX-AD-001,approved_by_record_id,STRING,PR-ARLO-02,,,,,,,false,11,genie/puppy/financial_events.csv,approved_by_record_id,2026.07.19.3
BISCUIT_RELIEF,PUPPY,TX-AD-001,related_object_id,STRING,VINV-AD-001,,,,,,,false,12,genie/puppy/financial_events.csv,related_object_id,2026.07.19.3
BISCUIT_RELIEF,PUPPY,TX-AD-001,is_reversal,BOOLEAN,,,,false,,,,false,13,genie/puppy/financial_events.csv,is_reversal,2026.07.19.3
BISCUIT_RELIEF,PUPPY,TX-AD-001,reversed_transaction_id,NULL,,,,,,,null,false,14,genie/puppy/financial_events.csv,reversed_transaction_id,2026.07.19.3
BISCUIT_RELIEF,PUPPY,TX-AD-001,source_system_id,STRING,BANK_LEDGER,,,,,,,false,15,genie/puppy/financial_events.csv,source_system_id,2026.07.19.3
BISCUIT_RELIEF,PUPPY,TX-AD-002,transaction_id,STRING,TX-AD-002,,,,,,,false,1,genie/puppy/financial_events.csv,transaction_id,2026.07.19.3
BISCUIT_RELIEF,PUPPY,TX-AD-002,occurred_at,TIMESTAMP,,,,,,2025-02-12T11:00:00Z,,false,2,genie/puppy/financial_events.csv,occurred_at,2026.07.19.3
BISCUIT_RELIEF,PUPPY,TX-AD-002,transaction_type,STRING,ADVERTISING_VENDOR_PAYMENT,,,,,,,false,3,genie/puppy/financial_events.csv,transaction_type,2026.07.19.3
BISCUIT_RELIEF,PUPPY,TX-AD-002,source_account_id,STRING,A-GBRF-6401,,,,,,,false,4,genie/puppy/financial_events.csv,source_account_id,2026.07.19.3
BISCUIT_RELIEF,PUPPY,TX-AD-002,destination_account_id,STRING,A-GILDED-4512,,,,,,,false,5,genie/puppy/financial_events.csv,destination_account_id,2026.07.19.3
BISCUIT_RELIEF,PUPPY,TX-AD-002,amount,DECIMAL,,,11400.00,,,,,false,6,genie/puppy/financial_events.csv,amount,2026.07.19.3
BISCUIT_RELIEF,PUPPY,TX-AD-002,currency,STRING,BSC,,,,,,,false,7,genie/puppy/financial_events.csv,currency,2026.07.19.3
BISCUIT_RELIEF,PUPPY,TX-AD-002,reference,STRING,AD-INVOICE-002,,,,,,,false,8,genie/puppy/financial_events.csv,reference,2026.07.19.3
BISCUIT_RELIEF,PUPPY,TX-AD-002,settlement_batch_id,STRING,OUT-BATCH-001,,,,,,,false,9,genie/puppy/financial_events.csv,settlement_batch_id,2026.07.19.3
BISCUIT_RELIEF,PUPPY,TX-AD-002,entered_by_record_id,STRING,PR-FELIX-01,,,,,,,false,10,genie/puppy/financial_events.csv,entered_by_record_id,2026.07.19.3
BISCUIT_RELIEF,PUPPY,TX-AD-002,approved_by_record_id,STRING,PR-ARLO-02,,,,,,,false,11,genie/puppy/financial_events.csv,approved_by_record_id,2026.07.19.3
BISCUIT_RELIEF,PUPPY,TX-AD-002,related_object_id,STRING,VINV-AD-002,,,,,,,false,12,genie/puppy/financial_events.csv,related_object_id,2026.07.19.3
BISCUIT_RELIEF,PUPPY,TX-AD-002,is_reversal,BOOLEAN,,,,false,,,,false,13,genie/puppy/financial_events.csv,is_reversal,2026.07.19.3
BISCUIT_RELIEF,PUPPY,TX-AD-002,reversed_transaction_id,NULL,,,,,,,null,false,14,genie/puppy/financial_events.csv,reversed_transaction_id,2026.07.19.3
BISCUIT_RELIEF,PUPPY,TX-AD-002,source_system_id,STRING,BANK_LEDGER,,,,,,,false,15,genie/puppy/financial_events.csv,source_system_id,2026.07.19.3
BISCUIT_RELIEF,PUPPY,TX-AD-003,transaction_id,STRING,TX-AD-003,,,,,,,false,1,genie/puppy/financial_events.csv,transaction_id,2026.07.19.3
BISCUIT_RELIEF,PUPPY,TX-AD-003,occurred_at,TIMESTAMP,,,,,,2025-02-21T11:00:00Z,,false,2,genie/puppy/financial_events.csv,occurred_at,2026.07.19.3
BISCUIT_RELIEF,PUPPY,TX-AD-003,transaction_type,STRING,ADVERTISING_VENDOR_PAYMENT,,,,,,,false,3,genie/puppy/financial_events.csv,transaction_type,2026.07.19.3
BISCUIT_RELIEF,PUPPY,TX-AD-003,source_account_id,STRING,A-GBRF-6401,,,,,,,false,4,genie/puppy/financial_events.csv,source_account_id,2026.07.19.3
BISCUIT_RELIEF,PUPPY,TX-AD-003,destination_account_id,STRING,A-GILDED-4512,,,,,,,false,5,genie/puppy/financial_events.csv,destination_account_id,2026.07.19.3
BISCUIT_RELIEF,PUPPY,TX-AD-003,amount,DECIMAL,,,13300.00,,,,,false,6,genie/puppy/financial_events.csv,amount,2026.07.19.3
BISCUIT_RELIEF,PUPPY,TX-AD-003,currency,STRING,BSC,,,,,,,false,7,genie/puppy/financial_events.csv,currency,2026.07.19.3
BISCUIT_RELIEF,PUPPY,TX-AD-003,reference,STRING,AD-INVOICE-003,,,,,,,false,8,genie/puppy/financial_events.csv,reference,2026.07.19.3
BISCUIT_RELIEF,PUPPY,TX-AD-003,settlement_batch_id,STRING,OUT-BATCH-001,,,,,,,false,9,genie/puppy/financial_events.csv,settlement_batch_id,2026.07.19.3
BISCUIT_RELIEF,PUPPY,TX-AD-003,entered_by_record_id,STRING,PR-FELIX-01,,,,,,,false,10,genie/puppy/financial_events.csv,entered_by_record_id,2026.07.19.3
BISCUIT_RELIEF,PUPPY,TX-AD-003,approved_by_record_id,STRING,PR-ARLO-02,,,,,,,false,11,genie/puppy/financial_events.csv,approved_by_record_id,2026.07.19.3
BISCUIT_RELIEF,PUPPY,TX-AD-003,related_object_id,STRING,VINV-AD-003,,,,,,,false,12,genie/puppy/financial_events.csv,related_object_id,2026.07.19.3
BISCUIT_RELIEF,PUPPY,TX-AD-003,is_reversal,BOOLEAN,,,,false,,,,false,13,genie/puppy/financial_events.csv,is_reversal,2026.07.19.3
BISCUIT_RELIEF,PUPPY,TX-AD-003,reversed_transaction_id,NULL,,,,,,,null,false,14,genie/puppy/financial_events.csv,reversed_transaction_id,2026.07.19.3
BISCUIT_RELIEF,PUPPY,TX-AD-003,source_system_id,STRING,BANK_LEDGER,,,,,,,false,15,genie/puppy/financial_events.csv,source_system_id,2026.07.19.3
BISCUIT_RELIEF,PUPPY,TX-AD-004,transaction_id,STRING,TX-AD-004,,,,,,,false,1,genie/puppy/financial_events.csv,transaction_id,2026.07.19.3
BISCUIT_RELIEF,PUPPY,TX-AD-004,occurred_at,TIMESTAMP,,,,,,2025-03-02T11:00:00Z,,false,2,genie/puppy/financial_events.csv,occurred_at,2026.07.19.3
BISCUIT_RELIEF,PUPPY,TX-AD-004,transaction_type,STRING,ADVERTISING_VENDOR_PAYMENT,,,,,,,false,3,genie/puppy/financial_events.csv,transaction_type,2026.07.19.3
BISCUIT_RELIEF,PUPPY,TX-AD-004,source_account_id,STRING,A-GBRF-6401,,,,,,,false,4,genie/puppy/financial_events.csv,source_account_id,2026.07.19.3
BISCUIT_RELIEF,PUPPY,TX-AD-004,destination_account_id,STRING,A-GILDED-4512,,,,,,,false,5,genie/puppy/financial_events.csv,destination_account_id,2026.07.19.3
BISCUIT_RELIEF,PUPPY,TX-AD-004,amount,DECIMAL,,,15200.00,,,,,false,6,genie/puppy/financial_events.csv,amount,2026.07.19.3
BISCUIT_RELIEF,PUPPY,TX-AD-004,currency,STRING,BSC,,,,,,,false,7,genie/puppy/financial_events.csv,currency,2026.07.19.3
BISCUIT_RELIEF,PUPPY,TX-AD-004,reference,STRING,AD-INVOICE-004,,,,,,,false,8,genie/puppy/financial_events.csv,reference,2026.07.19.3
BISCUIT_RELIEF,PUPPY,TX-AD-004,settlement_batch_id,STRING,OUT-BATCH-001,,,,,,,false,9,genie/puppy/financial_events.csv,settlement_batch_id,2026.07.19.3
BISCUIT_RELIEF,PUPPY,TX-AD-004,entered_by_record_id,STRING,PR-FELIX-01,,,,,,,false,10,genie/puppy/financial_events.csv,entered_by_record_id,2026.07.19.3
BISCUIT_RELIEF,PUPPY,TX-AD-004,approved_by_record_id,STRING,PR-ARLO-02,,,,,,,false,11,genie/puppy/financial_events.csv,approved_by_record_id,2026.07.19.3
BISCUIT_RELIEF,PUPPY,TX-AD-004,related_object_id,STRING,VINV-AD-004,,,,,,,false,12,genie/puppy/financial_events.csv,related_object_id,2026.07.19.3
BISCUIT_RELIEF,PUPPY,TX-AD-004,is_reversal,BOOLEAN,,,,false,,,,false,13,genie/puppy/financial_events.csv,is_reversal,2026.07.19.3
BISCUIT_RELIEF,PUPPY,TX-AD-004,reversed_transaction_id,NULL,,,,,,,null,false,14,genie/puppy/financial_events.csv,reversed_transaction_id,2026.07.19.3
BISCUIT_RELIEF,PUPPY,TX-AD-004,source_system_id,STRING,BANK_LEDGER,,,,,,,false,15,genie/puppy/financial_events.csv,source_system_id,2026.07.19.3
BISCUIT_RELIEF,PUPPY,TX-AD-005,transaction_id,STRING,TX-AD-005,,,,,,,false,1,genie/puppy/financial_events.csv,transaction_id,2026.07.19.3
BISCUIT_RELIEF,PUPPY,TX-AD-005,occurred_at,TIMESTAMP,,,,,,2025-03-11T11:00:00Z,,false,2,genie/puppy/financial_events.csv,occurred_at,2026.07.19.3
BISCUIT_RELIEF,PUPPY,TX-AD-005,transaction_type,STRING,ADVERTISING_VENDOR_PAYMENT,,,,,,,false,3,genie/puppy/financial_events.csv,transaction_type,2026.07.19.3
BISCUIT_RELIEF,PUPPY,TX-AD-005,source_account_id,STRING,A-GBRF-6401,,,,,,,false,4,genie/puppy/financial_events.csv,source_account_id,2026.07.19.3
BISCUIT_RELIEF,PUPPY,TX-AD-005,destination_account_id,STRING,A-GILDED-4512,,,,,,,false,5,genie/puppy/financial_events.csv,destination_account_id,2026.07.19.3
BISCUIT_RELIEF,PUPPY,TX-AD-005,amount,DECIMAL,,,17100.00,,,,,false,6,genie/puppy/financial_events.csv,amount,2026.07.19.3
BISCUIT_RELIEF,PUPPY,TX-AD-005,currency,STRING,BSC,,,,,,,false,7,genie/puppy/financial_events.csv,currency,2026.07.19.3
BISCUIT_RELIEF,PUPPY,TX-AD-005,reference,STRING,AD-INVOICE-005,,,,,,,false,8,genie/puppy/financial_events.csv,reference,2026.07.19.3
BISCUIT_RELIEF,PUPPY,TX-AD-005,settlement_batch_id,STRING,OUT-BATCH-002,,,,,,,false,9,genie/puppy/financial_events.csv,settlement_batch_id,2026.07.19.3
BISCUIT_RELIEF,PUPPY,TX-AD-005,entered_by_record_id,STRING,PR-FELIX-01,,,,,,,false,10,genie/puppy/financial_events.csv,entered_by_record_id,2026.07.19.3
BISCUIT_RELIEF,PUPPY,TX-AD-005,approved_by_record_id,STRING,PR-ARLO-02,,,,,,,false,11,genie/puppy/financial_events.csv,approved_by_record_id,2026.07.19.3
BISCUIT_RELIEF,PUPPY,TX-AD-005,related_object_id,STRING,VINV-AD-005,,,,,,,false,12,genie/puppy/financial_events.csv,related_object_id,2026.07.19.3
BISCUIT_RELIEF,PUPPY,TX-AD-005,is_reversal,BOOLEAN,,,,false,,,,false,13,genie/puppy/financial_events.csv,is_reversal,2026.07.19.3
BISCUIT_RELIEF,PUPPY,TX-AD-005,reversed_transaction_id,NULL,,,,,,,null,false,14,genie/puppy/financial_events.csv,reversed_transaction_id,2026.07.19.3
BISCUIT_RELIEF,PUPPY,TX-AD-005,source_system_id,STRING,BANK_LEDGER,,,,,,,false,15,genie/puppy/financial_events.csv,source_system_id,2026.07.19.3
BISCUIT_RELIEF,PUPPY,TX-AD-006,transaction_id,STRING,TX-AD-006,,,,,,,false,1,genie/puppy/financial_events.csv,transaction_id,2026.07.19.3
BISCUIT_RELIEF,PUPPY,TX-AD-006,occurred_at,TIMESTAMP,,,,,,2025-03-20T11:00:00Z,,false,2,genie/puppy/financial_events.csv,occurred_at,2026.07.19.3
BISCUIT_RELIEF,PUPPY,TX-AD-006,transaction_type,STRING,ADVERTISING_VENDOR_PAYMENT,,,,,,,false,3,genie/puppy/financial_events.csv,transaction_type,2026.07.19.3
BISCUIT_RELIEF,PUPPY,TX-AD-006,source_account_id,STRING,A-GBRF-6401,,,,,,,false,4,genie/puppy/financial_events.csv,source_account_id,2026.07.19.3
BISCUIT_RELIEF,PUPPY,TX-AD-006,destination_account_id,STRING,A-GILDED-4512,,,,,,,false,5,genie/puppy/financial_events.csv,destination_account_id,2026.07.19.3
BISCUIT_RELIEF,PUPPY,TX-AD-006,amount,DECIMAL,,,19000.00,,,,,false,6,genie/puppy/financial_events.csv,amount,2026.07.19.3
BISCUIT_RELIEF,PUPPY,TX-AD-006,currency,STRING,BSC,,,,,,,false,7,genie/puppy/financial_events.csv,currency,2026.07.19.3
BISCUIT_RELIEF,PUPPY,TX-AD-006,reference,STRING,AD-INVOICE-006,,,,,,,false,8,genie/puppy/financial_events.csv,reference,2026.07.19.3
BISCUIT_RELIEF,PUPPY,TX-AD-006,settlement_batch_id,STRING,OUT-BATCH-002,,,,,,,false,9,genie/puppy/financial_events.csv,settlement_batch_id,2026.07.19.3
BISCUIT_RELIEF,PUPPY,TX-AD-006,entered_by_record_id,STRING,PR-FELIX-01,,,,,,,false,10,genie/puppy/financial_events.csv,entered_by_record_id,2026.07.19.3
BISCUIT_RELIEF,PUPPY,TX-AD-006,approved_by_record_id,STRING,PR-ARLO-02,,,,,,,false,11,genie/puppy/financial_events.csv,approved_by_record_id,2026.07.19.3
BISCUIT_RELIEF,PUPPY,TX-AD-006,related_object_id,STRING,VINV-AD-006,,,,,,,false,12,genie/puppy/financial_events.csv,related_object_id,2026.07.19.3
BISCUIT_RELIEF,PUPPY,TX-AD-006,is_reversal,BOOLEAN,,,,false,,,,false,13,genie/puppy/financial_events.csv,is_reversal,2026.07.19.3
BISCUIT_RELIEF,PUPPY,TX-AD-006,reversed_transaction_id,NULL,,,,,,,null,false,14,genie/puppy/financial_events.csv,reversed_transaction_id,2026.07.19.3
BISCUIT_RELIEF,PUPPY,TX-AD-006,source_system_id,STRING,BANK_LEDGER,,,,,,,false,15,genie/puppy/financial_events.csv,source_system_id,2026.07.19.3
BISCUIT_RELIEF,PUPPY,TX-AD-007,transaction_id,STRING,TX-AD-007,,,,,,,false,1,genie/puppy/financial_events.csv,transaction_id,2026.07.19.3
BISCUIT_RELIEF,PUPPY,TX-AD-007,occurred_at,TIMESTAMP,,,,,,2025-03-29T11:00:00Z,,false,2,genie/puppy/financial_events.csv,occurred_at,2026.07.19.3
BISCUIT_RELIEF,PUPPY,TX-AD-007,transaction_type,STRING,ADVERTISING_VENDOR_PAYMENT,,,,,,,false,3,genie/puppy/financial_events.csv,transaction_type,2026.07.19.3
BISCUIT_RELIEF,PUPPY,TX-AD-007,source_account_id,STRING,A-GBRF-6401,,,,,,,false,4,genie/puppy/financial_events.csv,source_account_id,2026.07.19.3
BISCUIT_RELIEF,PUPPY,TX-AD-007,destination_account_id,STRING,A-GILDED-4512,,,,,,,false,5,genie/puppy/financial_events.csv,destination_account_id,2026.07.19.3
BISCUIT_RELIEF,PUPPY,TX-AD-007,amount,DECIMAL,,,20900.00,,,,,false,6,genie/puppy/financial_events.csv,amount,2026.07.19.3
BISCUIT_RELIEF,PUPPY,TX-AD-007,currency,STRING,BSC,,,,,,,false,7,genie/puppy/financial_events.csv,currency,2026.07.19.3
BISCUIT_RELIEF,PUPPY,TX-AD-007,reference,STRING,AD-INVOICE-007,,,,,,,false,8,genie/puppy/financial_events.csv,reference,2026.07.19.3
BISCUIT_RELIEF,PUPPY,TX-AD-007,settlement_batch_id,STRING,OUT-BATCH-002,,,,,,,false,9,genie/puppy/financial_events.csv,settlement_batch_id,2026.07.19.3
BISCUIT_RELIEF,PUPPY,TX-AD-007,entered_by_record_id,STRING,PR-FELIX-01,,,,,,,false,10,genie/puppy/financial_events.csv,entered_by_record_id,2026.07.19.3
BISCUIT_RELIEF,PUPPY,TX-AD-007,approved_by_record_id,STRING,PR-ARLO-02,,,,,,,false,11,genie/puppy/financial_events.csv,approved_by_record_id,2026.07.19.3
BISCUIT_RELIEF,PUPPY,TX-AD-007,related_object_id,STRING,VINV-AD-007,,,,,,,false,12,genie/puppy/financial_events.csv,related_object_id,2026.07.19.3
BISCUIT_RELIEF,PUPPY,TX-AD-007,is_reversal,BOOLEAN,,,,false,,,,false,13,genie/puppy/financial_events.csv,is_reversal,2026.07.19.3
BISCUIT_RELIEF,PUPPY,TX-AD-007,reversed_transaction_id,NULL,,,,,,,null,false,14,genie/puppy/financial_events.csv,reversed_transaction_id,2026.07.19.3
BISCUIT_RELIEF,PUPPY,TX-AD-007,source_system_id,STRING,BANK_LEDGER,,,,,,,false,15,genie/puppy/financial_events.csv,source_system_id,2026.07.19.3
BISCUIT_RELIEF,PUPPY,TX-AD-008,transaction_id,STRING,TX-AD-008,,,,,,,false,1,genie/puppy/financial_events.csv,transaction_id,2026.07.19.3
BISCUIT_RELIEF,PUPPY,TX-AD-008,occurred_at,TIMESTAMP,,,,,,2025-04-07T11:00:00Z,,false,2,genie/puppy/financial_events.csv,occurred_at,2026.07.19.3
BISCUIT_RELIEF,PUPPY,TX-AD-008,transaction_type,STRING,ADVERTISING_VENDOR_PAYMENT,,,,,,,false,3,genie/puppy/financial_events.csv,transaction_type,2026.07.19.3
BISCUIT_RELIEF,PUPPY,TX-AD-008,source_account_id,STRING,A-GBRF-6401,,,,,,,false,4,genie/puppy/financial_events.csv,source_account_id,2026.07.19.3
BISCUIT_RELIEF,PUPPY,TX-AD-008,destination_account_id,STRING,A-GILDED-4512,,,,,,,false,5,genie/puppy/financial_events.csv,destination_account_id,2026.07.19.3
BISCUIT_RELIEF,PUPPY,TX-AD-008,amount,DECIMAL,,,9500.00,,,,,false,6,genie/puppy/financial_events.csv,amount,2026.07.19.3
BISCUIT_RELIEF,PUPPY,TX-AD-008,currency,STRING,BSC,,,,,,,false,7,genie/puppy/financial_events.csv,currency,2026.07.19.3
BISCUIT_RELIEF,PUPPY,TX-AD-008,reference,STRING,AD-INVOICE-008,,,,,,,false,8,genie/puppy/financial_events.csv,reference,2026.07.19.3
BISCUIT_RELIEF,PUPPY,TX-AD-008,settlement_batch_id,STRING,OUT-BATCH-002,,,,,,,false,9,genie/puppy/financial_events.csv,settlement_batch_id,2026.07.19.3
BISCUIT_RELIEF,PUPPY,TX-AD-008,entered_by_record_id,STRING,PR-FELIX-01,,,,,,,false,10,genie/puppy/financial_events.csv,entered_by_record_id,2026.07.19.3
BISCUIT_RELIEF,PUPPY,TX-AD-008,approved_by_record_id,STRING,PR-ARLO-02,,,,,,,false,11,genie/puppy/financial_events.csv,approved_by_record_id,2026.07.19.3
BISCUIT_RELIEF,PUPPY,TX-AD-008,related_object_id,STRING,VINV-AD-008,,,,,,,false,12,genie/puppy/financial_events.csv,related_object_id,2026.07.19.3
BISCUIT_RELIEF,PUPPY,TX-AD-008,is_reversal,BOOLEAN,,,,false,,,,false,13,genie/puppy/financial_events.csv,is_reversal,2026.07.19.3
BISCUIT_RELIEF,PUPPY,TX-AD-008,reversed_transaction_id,NULL,,,,,,,null,false,14,genie/puppy/financial_events.csv,reversed_transaction_id,2026.07.19.3
BISCUIT_RELIEF,PUPPY,TX-AD-008,source_system_id,STRING,BANK_LEDGER,,,,,,,false,15,genie/puppy/financial_events.csv,source_system_id,2026.07.19.3
BISCUIT_RELIEF,PUPPY,TX-AD-009,transaction_id,STRING,TX-AD-009,,,,,,,false,1,genie/puppy/financial_events.csv,transaction_id,2026.07.19.3
BISCUIT_RELIEF,PUPPY,TX-AD-009,occurred_at,TIMESTAMP,,,,,,2025-04-16T11:00:00Z,,false,2,genie/puppy/financial_events.csv,occurred_at,2026.07.19.3
BISCUIT_RELIEF,PUPPY,TX-AD-009,transaction_type,STRING,ADVERTISING_VENDOR_PAYMENT,,,,,,,false,3,genie/puppy/financial_events.csv,transaction_type,2026.07.19.3
BISCUIT_RELIEF,PUPPY,TX-AD-009,source_account_id,STRING,A-GBRF-6401,,,,,,,false,4,genie/puppy/financial_events.csv,source_account_id,2026.07.19.3
BISCUIT_RELIEF,PUPPY,TX-AD-009,destination_account_id,STRING,A-GILDED-4512,,,,,,,false,5,genie/puppy/financial_events.csv,destination_account_id,2026.07.19.3
BISCUIT_RELIEF,PUPPY,TX-AD-009,amount,DECIMAL,,,11400.00,,,,,false,6,genie/puppy/financial_events.csv,amount,2026.07.19.3
BISCUIT_RELIEF,PUPPY,TX-AD-009,currency,STRING,BSC,,,,,,,false,7,genie/puppy/financial_events.csv,currency,2026.07.19.3
BISCUIT_RELIEF,PUPPY,TX-AD-009,reference,STRING,AD-INVOICE-009,,,,,,,false,8,genie/puppy/financial_events.csv,reference,2026.07.19.3
BISCUIT_RELIEF,PUPPY,TX-AD-009,settlement_batch_id,STRING,OUT-BATCH-003,,,,,,,false,9,genie/puppy/financial_events.csv,settlement_batch_id,2026.07.19.3
BISCUIT_RELIEF,PUPPY,TX-AD-009,entered_by_record_id,STRING,PR-FELIX-01,,,,,,,false,10,genie/puppy/financial_events.csv,entered_by_record_id,2026.07.19.3
BISCUIT_RELIEF,PUPPY,TX-AD-009,approved_by_record_id,STRING,PR-ARLO-02,,,,,,,false,11,genie/puppy/financial_events.csv,approved_by_record_id,2026.07.19.3
BISCUIT_RELIEF,PUPPY,TX-AD-009,related_object_id,STRING,VINV-AD-009,,,,,,,false,12,genie/puppy/financial_events.csv,related_object_id,2026.07.19.3
BISCUIT_RELIEF,PUPPY,TX-AD-009,is_reversal,BOOLEAN,,,,false,,,,false,13,genie/puppy/financial_events.csv,is_reversal,2026.07.19.3
BISCUIT_RELIEF,PUPPY,TX-AD-009,reversed_transaction_id,NULL,,,,,,,null,false,14,genie/puppy/financial_events.csv,reversed_transaction_id,2026.07.19.3
BISCUIT_RELIEF,PUPPY,TX-AD-009,source_system_id,STRING,BANK_LEDGER,,,,,,,false,15,genie/puppy/financial_events.csv,source_system_id,2026.07.19.3
BISCUIT_RELIEF,PUPPY,TX-AD-010,transaction_id,STRING,TX-AD-010,,,,,,,false,1,genie/puppy/financial_events.csv,transaction_id,2026.07.19.3
BISCUIT_RELIEF,PUPPY,TX-AD-010,occurred_at,TIMESTAMP,,,,,,2025-04-25T11:00:00Z,,false,2,genie/puppy/financial_events.csv,occurred_at,2026.07.19.3
BISCUIT_RELIEF,PUPPY,TX-AD-010,transaction_type,STRING,ADVERTISING_VENDOR_PAYMENT,,,,,,,false,3,genie/puppy/financial_events.csv,transaction_type,2026.07.19.3
BISCUIT_RELIEF,PUPPY,TX-AD-010,source_account_id,STRING,A-GBRF-6401,,,,,,,false,4,genie/puppy/financial_events.csv,source_account_id,2026.07.19.3
BISCUIT_RELIEF,PUPPY,TX-AD-010,destination_account_id,STRING,A-GILDED-4512,,,,,,,false,5,genie/puppy/financial_events.csv,destination_account_id,2026.07.19.3
BISCUIT_RELIEF,PUPPY,TX-AD-010,amount,DECIMAL,,,13300.00,,,,,false,6,genie/puppy/financial_events.csv,amount,2026.07.19.3
BISCUIT_RELIEF,PUPPY,TX-AD-010,currency,STRING,BSC,,,,,,,false,7,genie/puppy/financial_events.csv,currency,2026.07.19.3
BISCUIT_RELIEF,PUPPY,TX-AD-010,reference,STRING,AD-INVOICE-010,,,,,,,false,8,genie/puppy/financial_events.csv,reference,2026.07.19.3
BISCUIT_RELIEF,PUPPY,TX-AD-010,settlement_batch_id,STRING,OUT-BATCH-003,,,,,,,false,9,genie/puppy/financial_events.csv,settlement_batch_id,2026.07.19.3
BISCUIT_RELIEF,PUPPY,TX-AD-010,entered_by_record_id,STRING,PR-FELIX-01,,,,,,,false,10,genie/puppy/financial_events.csv,entered_by_record_id,2026.07.19.3
BISCUIT_RELIEF,PUPPY,TX-AD-010,approved_by_record_id,STRING,PR-ARLO-02,,,,,,,false,11,genie/puppy/financial_events.csv,approved_by_record_id,2026.07.19.3
BISCUIT_RELIEF,PUPPY,TX-AD-010,related_object_id,STRING,VINV-AD-010,,,,,,,false,12,genie/puppy/financial_events.csv,related_object_id,2026.07.19.3
BISCUIT_RELIEF,PUPPY,TX-AD-010,is_reversal,BOOLEAN,,,,false,,,,false,13,genie/puppy/financial_events.csv,is_reversal,2026.07.19.3
BISCUIT_RELIEF,PUPPY,TX-AD-010,reversed_transaction_id,NULL,,,,,,,null,false,14,genie/puppy/financial_events.csv,reversed_transaction_id,2026.07.19.3
BISCUIT_RELIEF,PUPPY,TX-AD-010,source_system_id,STRING,BANK_LEDGER,,,,,,,false,15,genie/puppy/financial_events.csv,source_system_id,2026.07.19.3
BISCUIT_RELIEF,PUPPY,TX-AD-011,transaction_id,STRING,TX-AD-011,,,,,,,false,1,genie/puppy/financial_events.csv,transaction_id,2026.07.19.3
BISCUIT_RELIEF,PUPPY,TX-AD-011,occurred_at,TIMESTAMP,,,,,,2025-05-04T11:00:00Z,,false,2,genie/puppy/financial_events.csv,occurred_at,2026.07.19.3
BISCUIT_RELIEF,PUPPY,TX-AD-011,transaction_type,STRING,ADVERTISING_VENDOR_PAYMENT,,,,,,,false,3,genie/puppy/financial_events.csv,transaction_type,2026.07.19.3
BISCUIT_RELIEF,PUPPY,TX-AD-011,source_account_id,STRING,A-GBRF-6401,,,,,,,false,4,genie/puppy/financial_events.csv,source_account_id,2026.07.19.3
BISCUIT_RELIEF,PUPPY,TX-AD-011,destination_account_id,STRING,A-GILDED-4512,,,,,,,false,5,genie/puppy/financial_events.csv,destination_account_id,2026.07.19.3
BISCUIT_RELIEF,PUPPY,TX-AD-011,amount,DECIMAL,,,15200.00,,,,,false,6,genie/puppy/financial_events.csv,amount,2026.07.19.3
BISCUIT_RELIEF,PUPPY,TX-AD-011,currency,STRING,BSC,,,,,,,false,7,genie/puppy/financial_events.csv,currency,2026.07.19.3
BISCUIT_RELIEF,PUPPY,TX-AD-011,reference,STRING,AD-INVOICE-011,,,,,,,false,8,genie/puppy/financial_events.csv,reference,2026.07.19.3
BISCUIT_RELIEF,PUPPY,TX-AD-011,settlement_batch_id,STRING,OUT-BATCH-003,,,,,,,false,9,genie/puppy/financial_events.csv,settlement_batch_id,2026.07.19.3
BISCUIT_RELIEF,PUPPY,TX-AD-011,entered_by_record_id,STRING,PR-FELIX-01,,,,,,,false,10,genie/puppy/financial_events.csv,entered_by_record_id,2026.07.19.3
BISCUIT_RELIEF,PUPPY,TX-AD-011,approved_by_record_id,STRING,PR-ARLO-02,,,,,,,false,11,genie/puppy/financial_events.csv,approved_by_record_id,2026.07.19.3
BISCUIT_RELIEF,PUPPY,TX-AD-011,related_object_id,STRING,VINV-AD-011,,,,,,,false,12,genie/puppy/financial_events.csv,related_object_id,2026.07.19.3
BISCUIT_RELIEF,PUPPY,TX-AD-011,is_reversal,BOOLEAN,,,,false,,,,false,13,genie/puppy/financial_events.csv,is_reversal,2026.07.19.3
BISCUIT_RELIEF,PUPPY,TX-AD-011,reversed_transaction_id,NULL,,,,,,,null,false,14,genie/puppy/financial_events.csv,reversed_transaction_id,2026.07.19.3
BISCUIT_RELIEF,PUPPY,TX-AD-011,source_system_id,STRING,BANK_LEDGER,,,,,,,false,15,genie/puppy/financial_events.csv,source_system_id,2026.07.19.3
BISCUIT_RELIEF,PUPPY,TX-AD-012,transaction_id,STRING,TX-AD-012,,,,,,,false,1,genie/puppy/financial_events.csv,transaction_id,2026.07.19.3
BISCUIT_RELIEF,PUPPY,TX-AD-012,occurred_at,TIMESTAMP,,,,,,2025-05-13T11:00:00Z,,false,2,genie/puppy/financial_events.csv,occurred_at,2026.07.19.3
BISCUIT_RELIEF,PUPPY,TX-AD-012,transaction_type,STRING,ADVERTISING_VENDOR_PAYMENT,,,,,,,false,3,genie/puppy/financial_events.csv,transaction_type,2026.07.19.3
BISCUIT_RELIEF,PUPPY,TX-AD-012,source_account_id,STRING,A-GBRF-6401,,,,,,,false,4,genie/puppy/financial_events.csv,source_account_id,2026.07.19.3
BISCUIT_RELIEF,PUPPY,TX-AD-012,destination_account_id,STRING,A-GILDED-4512,,,,,,,false,5,genie/puppy/financial_events.csv,destination_account_id,2026.07.19.3
BISCUIT_RELIEF,PUPPY,TX-AD-012,amount,DECIMAL,,,17100.00,,,,,false,6,genie/puppy/financial_events.csv,amount,2026.07.19.3
BISCUIT_RELIEF,PUPPY,TX-AD-012,currency,STRING,BSC,,,,,,,false,7,genie/puppy/financial_events.csv,currency,2026.07.19.3
BISCUIT_RELIEF,PUPPY,TX-AD-012,reference,STRING,AD-INVOICE-012,,,,,,,false,8,genie/puppy/financial_events.csv,reference,2026.07.19.3
BISCUIT_RELIEF,PUPPY,TX-AD-012,settlement_batch_id,STRING,OUT-BATCH-003,,,,,,,false,9,genie/puppy/financial_events.csv,settlement_batch_id,2026.07.19.3
BISCUIT_RELIEF,PUPPY,TX-AD-012,entered_by_record_id,STRING,PR-FELIX-01,,,,,,,false,10,genie/puppy/financial_events.csv,entered_by_record_id,2026.07.19.3
BISCUIT_RELIEF,PUPPY,TX-AD-012,approved_by_record_id,STRING,PR-ARLO-02,,,,,,,false,11,genie/puppy/financial_events.csv,approved_by_record_id,2026.07.19.3
BISCUIT_RELIEF,PUPPY,TX-AD-012,related_object_id,STRING,VINV-AD-012,,,,,,,false,12,genie/puppy/financial_events.csv,related_object_id,2026.07.19.3
BISCUIT_RELIEF,PUPPY,TX-AD-012,is_reversal,BOOLEAN,,,,false,,,,false,13,genie/puppy/financial_events.csv,is_reversal,2026.07.19.3
BISCUIT_RELIEF,PUPPY,TX-AD-012,reversed_transaction_id,NULL,,,,,,,null,false,14,genie/puppy/financial_events.csv,reversed_transaction_id,2026.07.19.3
BISCUIT_RELIEF,PUPPY,TX-AD-012,source_system_id,STRING,BANK_LEDGER,,,,,,,false,15,genie/puppy/financial_events.csv,source_system_id,2026.07.19.3
BISCUIT_RELIEF,PUPPY,TX-LOG-001,transaction_id,STRING,TX-LOG-001,,,,,,,false,1,genie/puppy/financial_events.csv,transaction_id,2026.07.19.3
BISCUIT_RELIEF,PUPPY,TX-LOG-001,occurred_at,TIMESTAMP,,,,,,2025-02-05T11:00:00Z,,false,2,genie/puppy/financial_events.csv,occurred_at,2026.07.19.3
BISCUIT_RELIEF,PUPPY,TX-LOG-001,transaction_type,STRING,LOGISTICS_VENDOR_PAYMENT,,,,,,,false,3,genie/puppy/financial_events.csv,transaction_type,2026.07.19.3
BISCUIT_RELIEF,PUPPY,TX-LOG-001,source_account_id,STRING,A-GBRF-6401,,,,,,,false,4,genie/puppy/financial_events.csv,source_account_id,2026.07.19.3
BISCUIT_RELIEF,PUPPY,TX-LOG-001,destination_account_id,STRING,A-REDROOF-7730,,,,,,,false,5,genie/puppy/financial_events.csv,destination_account_id,2026.07.19.3
BISCUIT_RELIEF,PUPPY,TX-LOG-001,amount,DECIMAL,,,12000.00,,,,,false,6,genie/puppy/financial_events.csv,amount,2026.07.19.3
BISCUIT_RELIEF,PUPPY,TX-LOG-001,currency,STRING,BSC,,,,,,,false,7,genie/puppy/financial_events.csv,currency,2026.07.19.3
BISCUIT_RELIEF,PUPPY,TX-LOG-001,reference,STRING,LOG-INVOICE-001,,,,,,,false,8,genie/puppy/financial_events.csv,reference,2026.07.19.3
BISCUIT_RELIEF,PUPPY,TX-LOG-001,settlement_batch_id,STRING,OUT-BATCH-001,,,,,,,false,9,genie/puppy/financial_events.csv,settlement_batch_id,2026.07.19.3
BISCUIT_RELIEF,PUPPY,TX-LOG-001,entered_by_record_id,STRING,PR-FELIX-01,,,,,,,false,10,genie/puppy/financial_events.csv,entered_by_record_id,2026.07.19.3
BISCUIT_RELIEF,PUPPY,TX-LOG-001,approved_by_record_id,STRING,PR-ARLO-02,,,,,,,false,11,genie/puppy/financial_events.csv,approved_by_record_id,2026.07.19.3
BISCUIT_RELIEF,PUPPY,TX-LOG-001,related_object_id,STRING,VINV-LOG-001,,,,,,,false,12,genie/puppy/financial_events.csv,related_object_id,2026.07.19.3
BISCUIT_RELIEF,PUPPY,TX-LOG-001,is_reversal,BOOLEAN,,,,false,,,,false,13,genie/puppy/financial_events.csv,is_reversal,2026.07.19.3
BISCUIT_RELIEF,PUPPY,TX-LOG-001,reversed_transaction_id,NULL,,,,,,,null,false,14,genie/puppy/financial_events.csv,reversed_transaction_id,2026.07.19.3
BISCUIT_RELIEF,PUPPY,TX-LOG-001,source_system_id,STRING,BANK_LEDGER,,,,,,,false,15,genie/puppy/financial_events.csv,source_system_id,2026.07.19.3
BISCUIT_RELIEF,PUPPY,TX-LOG-002,transaction_id,STRING,TX-LOG-002,,,,,,,false,1,genie/puppy/financial_events.csv,transaction_id,2026.07.19.3
BISCUIT_RELIEF,PUPPY,TX-LOG-002,occurred_at,TIMESTAMP,,,,,,2025-02-15T11:00:00Z,,false,2,genie/puppy/financial_events.csv,occurred_at,2026.07.19.3
BISCUIT_RELIEF,PUPPY,TX-LOG-002,transaction_type,STRING,LOGISTICS_VENDOR_PAYMENT,,,,,,,false,3,genie/puppy/financial_events.csv,transaction_type,2026.07.19.3
BISCUIT_RELIEF,PUPPY,TX-LOG-002,source_account_id,STRING,A-GBRF-6401,,,,,,,false,4,genie/puppy/financial_events.csv,source_account_id,2026.07.19.3
BISCUIT_RELIEF,PUPPY,TX-LOG-002,destination_account_id,STRING,A-REDROOF-7730,,,,,,,false,5,genie/puppy/financial_events.csv,destination_account_id,2026.07.19.3
BISCUIT_RELIEF,PUPPY,TX-LOG-002,amount,DECIMAL,,,14100.00,,,,,false,6,genie/puppy/financial_events.csv,amount,2026.07.19.3
BISCUIT_RELIEF,PUPPY,TX-LOG-002,currency,STRING,BSC,,,,,,,false,7,genie/puppy/financial_events.csv,currency,2026.07.19.3
BISCUIT_RELIEF,PUPPY,TX-LOG-002,reference,STRING,LOG-INVOICE-002,,,,,,,false,8,genie/puppy/financial_events.csv,reference,2026.07.19.3
BISCUIT_RELIEF,PUPPY,TX-LOG-002,settlement_batch_id,STRING,OUT-BATCH-001,,,,,,,false,9,genie/puppy/financial_events.csv,settlement_batch_id,2026.07.19.3
BISCUIT_RELIEF,PUPPY,TX-LOG-002,entered_by_record_id,STRING,PR-FELIX-01,,,,,,,false,10,genie/puppy/financial_events.csv,entered_by_record_id,2026.07.19.3
BISCUIT_RELIEF,PUPPY,TX-LOG-002,approved_by_record_id,STRING,PR-ARLO-02,,,,,,,false,11,genie/puppy/financial_events.csv,approved_by_record_id,2026.07.19.3
BISCUIT_RELIEF,PUPPY,TX-LOG-002,related_object_id,STRING,VINV-LOG-002,,,,,,,false,12,genie/puppy/financial_events.csv,related_object_id,2026.07.19.3
BISCUIT_RELIEF,PUPPY,TX-LOG-002,is_reversal,BOOLEAN,,,,false,,,,false,13,genie/puppy/financial_events.csv,is_reversal,2026.07.19.3
BISCUIT_RELIEF,PUPPY,TX-LOG-002,reversed_transaction_id,NULL,,,,,,,null,false,14,genie/puppy/financial_events.csv,reversed_transaction_id,2026.07.19.3
BISCUIT_RELIEF,PUPPY,TX-LOG-002,source_system_id,STRING,BANK_LEDGER,,,,,,,false,15,genie/puppy/financial_events.csv,source_system_id,2026.07.19.3
BISCUIT_RELIEF,PUPPY,TX-LOG-003,transaction_id,STRING,TX-LOG-003,,,,,,,false,1,genie/puppy/financial_events.csv,transaction_id,2026.07.19.3
BISCUIT_RELIEF,PUPPY,TX-LOG-003,occurred_at,TIMESTAMP,,,,,,2025-02-25T11:00:00Z,,false,2,genie/puppy/financial_events.csv,occurred_at,2026.07.19.3
BISCUIT_RELIEF,PUPPY,TX-LOG-003,transaction_type,STRING,LOGISTICS_VENDOR_PAYMENT,,,,,,,false,3,genie/puppy/financial_events.csv,transaction_type,2026.07.19.3
BISCUIT_RELIEF,PUPPY,TX-LOG-003,source_account_id,STRING,A-GBRF-6401,,,,,,,false,4,genie/puppy/financial_events.csv,source_account_id,2026.07.19.3
BISCUIT_RELIEF,PUPPY,TX-LOG-003,destination_account_id,STRING,A-REDROOF-7730,,,,,,,false,5,genie/puppy/financial_events.csv,destination_account_id,2026.07.19.3
BISCUIT_RELIEF,PUPPY,TX-LOG-003,amount,DECIMAL,,,16200.00,,,,,false,6,genie/puppy/financial_events.csv,amount,2026.07.19.3
BISCUIT_RELIEF,PUPPY,TX-LOG-003,currency,STRING,BSC,,,,,,,false,7,genie/puppy/financial_events.csv,currency,2026.07.19.3
BISCUIT_RELIEF,PUPPY,TX-LOG-003,reference,STRING,LOG-INVOICE-003,,,,,,,false,8,genie/puppy/financial_events.csv,reference,2026.07.19.3
BISCUIT_RELIEF,PUPPY,TX-LOG-003,settlement_batch_id,STRING,OUT-BATCH-001,,,,,,,false,9,genie/puppy/financial_events.csv,settlement_batch_id,2026.07.19.3
BISCUIT_RELIEF,PUPPY,TX-LOG-003,entered_by_record_id,STRING,PR-FELIX-01,,,,,,,false,10,genie/puppy/financial_events.csv,entered_by_record_id,2026.07.19.3
BISCUIT_RELIEF,PUPPY,TX-LOG-003,approved_by_record_id,STRING,PR-ARLO-02,,,,,,,false,11,genie/puppy/financial_events.csv,approved_by_record_id,2026.07.19.3
BISCUIT_RELIEF,PUPPY,TX-LOG-003,related_object_id,STRING,VINV-LOG-003,,,,,,,false,12,genie/puppy/financial_events.csv,related_object_id,2026.07.19.3
BISCUIT_RELIEF,PUPPY,TX-LOG-003,is_reversal,BOOLEAN,,,,false,,,,false,13,genie/puppy/financial_events.csv,is_reversal,2026.07.19.3
BISCUIT_RELIEF,PUPPY,TX-LOG-003,reversed_transaction_id,NULL,,,,,,,null,false,14,genie/puppy/financial_events.csv,reversed_transaction_id,2026.07.19.3
BISCUIT_RELIEF,PUPPY,TX-LOG-003,source_system_id,STRING,BANK_LEDGER,,,,,,,false,15,genie/puppy/financial_events.csv,source_system_id,2026.07.19.3
BISCUIT_RELIEF,PUPPY,TX-LOG-004,transaction_id,STRING,TX-LOG-004,,,,,,,false,1,genie/puppy/financial_events.csv,transaction_id,2026.07.19.3
BISCUIT_RELIEF,PUPPY,TX-LOG-004,occurred_at,TIMESTAMP,,,,,,2025-03-07T11:00:00Z,,false,2,genie/puppy/financial_events.csv,occurred_at,2026.07.19.3
BISCUIT_RELIEF,PUPPY,TX-LOG-004,transaction_type,STRING,LOGISTICS_VENDOR_PAYMENT,,,,,,,false,3,genie/puppy/financial_events.csv,transaction_type,2026.07.19.3
BISCUIT_RELIEF,PUPPY,TX-LOG-004,source_account_id,STRING,A-GBRF-6401,,,,,,,false,4,genie/puppy/financial_events.csv,source_account_id,2026.07.19.3
BISCUIT_RELIEF,PUPPY,TX-LOG-004,destination_account_id,STRING,A-REDROOF-7730,,,,,,,false,5,genie/puppy/financial_events.csv,destination_account_id,2026.07.19.3
BISCUIT_RELIEF,PUPPY,TX-LOG-004,amount,DECIMAL,,,18300.00,,,,,false,6,genie/puppy/financial_events.csv,amount,2026.07.19.3
BISCUIT_RELIEF,PUPPY,TX-LOG-004,currency,STRING,BSC,,,,,,,false,7,genie/puppy/financial_events.csv,currency,2026.07.19.3
BISCUIT_RELIEF,PUPPY,TX-LOG-004,reference,STRING,LOG-INVOICE-004,,,,,,,false,8,genie/puppy/financial_events.csv,reference,2026.07.19.3
BISCUIT_RELIEF,PUPPY,TX-LOG-004,settlement_batch_id,STRING,OUT-BATCH-001,,,,,,,false,9,genie/puppy/financial_events.csv,settlement_batch_id,2026.07.19.3
BISCUIT_RELIEF,PUPPY,TX-LOG-004,entered_by_record_id,STRING,PR-FELIX-01,,,,,,,false,10,genie/puppy/financial_events.csv,entered_by_record_id,2026.07.19.3
BISCUIT_RELIEF,PUPPY,TX-LOG-004,approved_by_record_id,STRING,PR-ARLO-02,,,,,,,false,11,genie/puppy/financial_events.csv,approved_by_record_id,2026.07.19.3
BISCUIT_RELIEF,PUPPY,TX-LOG-004,related_object_id,STRING,VINV-LOG-004,,,,,,,false,12,genie/puppy/financial_events.csv,related_object_id,2026.07.19.3
BISCUIT_RELIEF,PUPPY,TX-LOG-004,is_reversal,BOOLEAN,,,,false,,,,false,13,genie/puppy/financial_events.csv,is_reversal,2026.07.19.3
BISCUIT_RELIEF,PUPPY,TX-LOG-004,reversed_transaction_id,NULL,,,,,,,null,false,14,genie/puppy/financial_events.csv,reversed_transaction_id,2026.07.19.3
BISCUIT_RELIEF,PUPPY,TX-LOG-004,source_system_id,STRING,BANK_LEDGER,,,,,,,false,15,genie/puppy/financial_events.csv,source_system_id,2026.07.19.3
BISCUIT_RELIEF,PUPPY,TX-LOG-005,transaction_id,STRING,TX-LOG-005,,,,,,,false,1,genie/puppy/financial_events.csv,transaction_id,2026.07.19.3
BISCUIT_RELIEF,PUPPY,TX-LOG-005,occurred_at,TIMESTAMP,,,,,,2025-03-17T11:00:00Z,,false,2,genie/puppy/financial_events.csv,occurred_at,2026.07.19.3
BISCUIT_RELIEF,PUPPY,TX-LOG-005,transaction_type,STRING,LOGISTICS_VENDOR_PAYMENT,,,,,,,false,3,genie/puppy/financial_events.csv,transaction_type,2026.07.19.3
BISCUIT_RELIEF,PUPPY,TX-LOG-005,source_account_id,STRING,A-GBRF-6401,,,,,,,false,4,genie/puppy/financial_events.csv,source_account_id,2026.07.19.3
BISCUIT_RELIEF,PUPPY,TX-LOG-005,destination_account_id,STRING,A-REDROOF-7730,,,,,,,false,5,genie/puppy/financial_events.csv,destination_account_id,2026.07.19.3
BISCUIT_RELIEF,PUPPY,TX-LOG-005,amount,DECIMAL,,,20400.00,,,,,false,6,genie/puppy/financial_events.csv,amount,2026.07.19.3
BISCUIT_RELIEF,PUPPY,TX-LOG-005,currency,STRING,BSC,,,,,,,false,7,genie/puppy/financial_events.csv,currency,2026.07.19.3
BISCUIT_RELIEF,PUPPY,TX-LOG-005,reference,STRING,LOG-INVOICE-005,,,,,,,false,8,genie/puppy/financial_events.csv,reference,2026.07.19.3
BISCUIT_RELIEF,PUPPY,TX-LOG-005,settlement_batch_id,STRING,OUT-BATCH-002,,,,,,,false,9,genie/puppy/financial_events.csv,settlement_batch_id,2026.07.19.3
BISCUIT_RELIEF,PUPPY,TX-LOG-005,entered_by_record_id,STRING,PR-FELIX-01,,,,,,,false,10,genie/puppy/financial_events.csv,entered_by_record_id,2026.07.19.3
BISCUIT_RELIEF,PUPPY,TX-LOG-005,approved_by_record_id,STRING,PR-ARLO-02,,,,,,,false,11,genie/puppy/financial_events.csv,approved_by_record_id,2026.07.19.3
BISCUIT_RELIEF,PUPPY,TX-LOG-005,related_object_id,STRING,VINV-LOG-005,,,,,,,false,12,genie/puppy/financial_events.csv,related_object_id,2026.07.19.3
BISCUIT_RELIEF,PUPPY,TX-LOG-005,is_reversal,BOOLEAN,,,,false,,,,false,13,genie/puppy/financial_events.csv,is_reversal,2026.07.19.3
BISCUIT_RELIEF,PUPPY,TX-LOG-005,reversed_transaction_id,NULL,,,,,,,null,false,14,genie/puppy/financial_events.csv,reversed_transaction_id,2026.07.19.3
BISCUIT_RELIEF,PUPPY,TX-LOG-005,source_system_id,STRING,BANK_LEDGER,,,,,,,false,15,genie/puppy/financial_events.csv,source_system_id,2026.07.19.3
BISCUIT_RELIEF,PUPPY,TX-LOG-006,transaction_id,STRING,TX-LOG-006,,,,,,,false,1,genie/puppy/financial_events.csv,transaction_id,2026.07.19.3
BISCUIT_RELIEF,PUPPY,TX-LOG-006,occurred_at,TIMESTAMP,,,,,,2025-03-27T11:00:00Z,,false,2,genie/puppy/financial_events.csv,occurred_at,2026.07.19.3
BISCUIT_RELIEF,PUPPY,TX-LOG-006,transaction_type,STRING,LOGISTICS_VENDOR_PAYMENT,,,,,,,false,3,genie/puppy/financial_events.csv,transaction_type,2026.07.19.3
BISCUIT_RELIEF,PUPPY,TX-LOG-006,source_account_id,STRING,A-GBRF-6401,,,,,,,false,4,genie/puppy/financial_events.csv,source_account_id,2026.07.19.3
BISCUIT_RELIEF,PUPPY,TX-LOG-006,destination_account_id,STRING,A-REDROOF-7730,,,,,,,false,5,genie/puppy/financial_events.csv,destination_account_id,2026.07.19.3
BISCUIT_RELIEF,PUPPY,TX-LOG-006,amount,DECIMAL,,,22500.00,,,,,false,6,genie/puppy/financial_events.csv,amount,2026.07.19.3
BISCUIT_RELIEF,PUPPY,TX-LOG-006,currency,STRING,BSC,,,,,,,false,7,genie/puppy/financial_events.csv,currency,2026.07.19.3
BISCUIT_RELIEF,PUPPY,TX-LOG-006,reference,STRING,LOG-INVOICE-006,,,,,,,false,8,genie/puppy/financial_events.csv,reference,2026.07.19.3
BISCUIT_RELIEF,PUPPY,TX-LOG-006,settlement_batch_id,STRING,OUT-BATCH-002,,,,,,,false,9,genie/puppy/financial_events.csv,settlement_batch_id,2026.07.19.3
BISCUIT_RELIEF,PUPPY,TX-LOG-006,entered_by_record_id,STRING,PR-FELIX-01,,,,,,,false,10,genie/puppy/financial_events.csv,entered_by_record_id,2026.07.19.3
BISCUIT_RELIEF,PUPPY,TX-LOG-006,approved_by_record_id,STRING,PR-ARLO-02,,,,,,,false,11,genie/puppy/financial_events.csv,approved_by_record_id,2026.07.19.3
BISCUIT_RELIEF,PUPPY,TX-LOG-006,related_object_id,STRING,VINV-LOG-006,,,,,,,false,12,genie/puppy/financial_events.csv,related_object_id,2026.07.19.3
BISCUIT_RELIEF,PUPPY,TX-LOG-006,is_reversal,BOOLEAN,,,,false,,,,false,13,genie/puppy/financial_events.csv,is_reversal,2026.07.19.3
BISCUIT_RELIEF,PUPPY,TX-LOG-006,reversed_transaction_id,NULL,,,,,,,null,false,14,genie/puppy/financial_events.csv,reversed_transaction_id,2026.07.19.3
BISCUIT_RELIEF,PUPPY,TX-LOG-006,source_system_id,STRING,BANK_LEDGER,,,,,,,false,15,genie/puppy/financial_events.csv,source_system_id,2026.07.19.3
BISCUIT_RELIEF,PUPPY,TX-LOG-007,transaction_id,STRING,TX-LOG-007,,,,,,,false,1,genie/puppy/financial_events.csv,transaction_id,2026.07.19.3
BISCUIT_RELIEF,PUPPY,TX-LOG-007,occurred_at,TIMESTAMP,,,,,,2025-04-06T11:00:00Z,,false,2,genie/puppy/financial_events.csv,occurred_at,2026.07.19.3
BISCUIT_RELIEF,PUPPY,TX-LOG-007,transaction_type,STRING,LOGISTICS_VENDOR_PAYMENT,,,,,,,false,3,genie/puppy/financial_events.csv,transaction_type,2026.07.19.3
BISCUIT_RELIEF,PUPPY,TX-LOG-007,source_account_id,STRING,A-GBRF-6401,,,,,,,false,4,genie/puppy/financial_events.csv,source_account_id,2026.07.19.3
BISCUIT_RELIEF,PUPPY,TX-LOG-007,destination_account_id,STRING,A-REDROOF-7730,,,,,,,false,5,genie/puppy/financial_events.csv,destination_account_id,2026.07.19.3
BISCUIT_RELIEF,PUPPY,TX-LOG-007,amount,DECIMAL,,,12000.00,,,,,false,6,genie/puppy/financial_events.csv,amount,2026.07.19.3
BISCUIT_RELIEF,PUPPY,TX-LOG-007,currency,STRING,BSC,,,,,,,false,7,genie/puppy/financial_events.csv,currency,2026.07.19.3
BISCUIT_RELIEF,PUPPY,TX-LOG-007,reference,STRING,LOG-INVOICE-007,,,,,,,false,8,genie/puppy/financial_events.csv,reference,2026.07.19.3
BISCUIT_RELIEF,PUPPY,TX-LOG-007,settlement_batch_id,STRING,OUT-BATCH-002,,,,,,,false,9,genie/puppy/financial_events.csv,settlement_batch_id,2026.07.19.3
BISCUIT_RELIEF,PUPPY,TX-LOG-007,entered_by_record_id,STRING,PR-FELIX-01,,,,,,,false,10,genie/puppy/financial_events.csv,entered_by_record_id,2026.07.19.3
BISCUIT_RELIEF,PUPPY,TX-LOG-007,approved_by_record_id,STRING,PR-ARLO-02,,,,,,,false,11,genie/puppy/financial_events.csv,approved_by_record_id,2026.07.19.3
BISCUIT_RELIEF,PUPPY,TX-LOG-007,related_object_id,STRING,VINV-LOG-007,,,,,,,false,12,genie/puppy/financial_events.csv,related_object_id,2026.07.19.3
BISCUIT_RELIEF,PUPPY,TX-LOG-007,is_reversal,BOOLEAN,,,,false,,,,false,13,genie/puppy/financial_events.csv,is_reversal,2026.07.19.3
BISCUIT_RELIEF,PUPPY,TX-LOG-007,reversed_transaction_id,NULL,,,,,,,null,false,14,genie/puppy/financial_events.csv,reversed_transaction_id,2026.07.19.3
BISCUIT_RELIEF,PUPPY,TX-LOG-007,source_system_id,STRING,BANK_LEDGER,,,,,,,false,15,genie/puppy/financial_events.csv,source_system_id,2026.07.19.3
BISCUIT_RELIEF,PUPPY,TX-LOG-008,transaction_id,STRING,TX-LOG-008,,,,,,,false,1,genie/puppy/financial_events.csv,transaction_id,2026.07.19.3
BISCUIT_RELIEF,PUPPY,TX-LOG-008,occurred_at,TIMESTAMP,,,,,,2025-04-16T11:00:00Z,,false,2,genie/puppy/financial_events.csv,occurred_at,2026.07.19.3
BISCUIT_RELIEF,PUPPY,TX-LOG-008,transaction_type,STRING,LOGISTICS_VENDOR_PAYMENT,,,,,,,false,3,genie/puppy/financial_events.csv,transaction_type,2026.07.19.3
BISCUIT_RELIEF,PUPPY,TX-LOG-008,source_account_id,STRING,A-GBRF-6401,,,,,,,false,4,genie/puppy/financial_events.csv,source_account_id,2026.07.19.3
BISCUIT_RELIEF,PUPPY,TX-LOG-008,destination_account_id,STRING,A-REDROOF-7730,,,,,,,false,5,genie/puppy/financial_events.csv,destination_account_id,2026.07.19.3
BISCUIT_RELIEF,PUPPY,TX-LOG-008,amount,DECIMAL,,,14100.00,,,,,false,6,genie/puppy/financial_events.csv,amount,2026.07.19.3
BISCUIT_RELIEF,PUPPY,TX-LOG-008,currency,STRING,BSC,,,,,,,false,7,genie/puppy/financial_events.csv,currency,2026.07.19.3
BISCUIT_RELIEF,PUPPY,TX-LOG-008,reference,STRING,LOG-INVOICE-008,,,,,,,false,8,genie/puppy/financial_events.csv,reference,2026.07.19.3
BISCUIT_RELIEF,PUPPY,TX-LOG-008,settlement_batch_id,STRING,OUT-BATCH-002,,,,,,,false,9,genie/puppy/financial_events.csv,settlement_batch_id,2026.07.19.3
BISCUIT_RELIEF,PUPPY,TX-LOG-008,entered_by_record_id,STRING,PR-FELIX-01,,,,,,,false,10,genie/puppy/financial_events.csv,entered_by_record_id,2026.07.19.3
BISCUIT_RELIEF,PUPPY,TX-LOG-008,approved_by_record_id,STRING,PR-ARLO-02,,,,,,,false,11,genie/puppy/financial_events.csv,approved_by_record_id,2026.07.19.3
BISCUIT_RELIEF,PUPPY,TX-LOG-008,related_object_id,STRING,VINV-LOG-008,,,,,,,false,12,genie/puppy/financial_events.csv,related_object_id,2026.07.19.3
BISCUIT_RELIEF,PUPPY,TX-LOG-008,is_reversal,BOOLEAN,,,,false,,,,false,13,genie/puppy/financial_events.csv,is_reversal,2026.07.19.3
BISCUIT_RELIEF,PUPPY,TX-LOG-008,reversed_transaction_id,NULL,,,,,,,null,false,14,genie/puppy/financial_events.csv,reversed_transaction_id,2026.07.19.3
BISCUIT_RELIEF,PUPPY,TX-LOG-008,source_system_id,STRING,BANK_LEDGER,,,,,,,false,15,genie/puppy/financial_events.csv,source_system_id,2026.07.19.3
BISCUIT_RELIEF,PUPPY,TX-LOG-009,transaction_id,STRING,TX-LOG-009,,,,,,,false,1,genie/puppy/financial_events.csv,transaction_id,2026.07.19.3
BISCUIT_RELIEF,PUPPY,TX-LOG-009,occurred_at,TIMESTAMP,,,,,,2025-04-26T11:00:00Z,,false,2,genie/puppy/financial_events.csv,occurred_at,2026.07.19.3
BISCUIT_RELIEF,PUPPY,TX-LOG-009,transaction_type,STRING,LOGISTICS_VENDOR_PAYMENT,,,,,,,false,3,genie/puppy/financial_events.csv,transaction_type,2026.07.19.3
BISCUIT_RELIEF,PUPPY,TX-LOG-009,source_account_id,STRING,A-GBRF-6401,,,,,,,false,4,genie/puppy/financial_events.csv,source_account_id,2026.07.19.3
BISCUIT_RELIEF,PUPPY,TX-LOG-009,destination_account_id,STRING,A-REDROOF-7730,,,,,,,false,5,genie/puppy/financial_events.csv,destination_account_id,2026.07.19.3
BISCUIT_RELIEF,PUPPY,TX-LOG-009,amount,DECIMAL,,,16200.00,,,,,false,6,genie/puppy/financial_events.csv,amount,2026.07.19.3
BISCUIT_RELIEF,PUPPY,TX-LOG-009,currency,STRING,BSC,,,,,,,false,7,genie/puppy/financial_events.csv,currency,2026.07.19.3
BISCUIT_RELIEF,PUPPY,TX-LOG-009,reference,STRING,LOG-INVOICE-009,,,,,,,false,8,genie/puppy/financial_events.csv,reference,2026.07.19.3
BISCUIT_RELIEF,PUPPY,TX-LOG-009,settlement_batch_id,STRING,OUT-BATCH-003,,,,,,,false,9,genie/puppy/financial_events.csv,settlement_batch_id,2026.07.19.3
BISCUIT_RELIEF,PUPPY,TX-LOG-009,entered_by_record_id,STRING,PR-FELIX-01,,,,,,,false,10,genie/puppy/financial_events.csv,entered_by_record_id,2026.07.19.3
BISCUIT_RELIEF,PUPPY,TX-LOG-009,approved_by_record_id,STRING,PR-ARLO-02,,,,,,,false,11,genie/puppy/financial_events.csv,approved_by_record_id,2026.07.19.3
BISCUIT_RELIEF,PUPPY,TX-LOG-009,related_object_id,STRING,VINV-LOG-009,,,,,,,false,12,genie/puppy/financial_events.csv,related_object_id,2026.07.19.3
BISCUIT_RELIEF,PUPPY,TX-LOG-009,is_reversal,BOOLEAN,,,,false,,,,false,13,genie/puppy/financial_events.csv,is_reversal,2026.07.19.3
BISCUIT_RELIEF,PUPPY,TX-LOG-009,reversed_transaction_id,NULL,,,,,,,null,false,14,genie/puppy/financial_events.csv,reversed_transaction_id,2026.07.19.3
BISCUIT_RELIEF,PUPPY,TX-LOG-009,source_system_id,STRING,BANK_LEDGER,,,,,,,false,15,genie/puppy/financial_events.csv,source_system_id,2026.07.19.3
BISCUIT_RELIEF,PUPPY,TX-LOG-010,transaction_id,STRING,TX-LOG-010,,,,,,,false,1,genie/puppy/financial_events.csv,transaction_id,2026.07.19.3
BISCUIT_RELIEF,PUPPY,TX-LOG-010,occurred_at,TIMESTAMP,,,,,,2025-05-06T11:00:00Z,,false,2,genie/puppy/financial_events.csv,occurred_at,2026.07.19.3
BISCUIT_RELIEF,PUPPY,TX-LOG-010,transaction_type,STRING,LOGISTICS_VENDOR_PAYMENT,,,,,,,false,3,genie/puppy/financial_events.csv,transaction_type,2026.07.19.3
BISCUIT_RELIEF,PUPPY,TX-LOG-010,source_account_id,STRING,A-GBRF-6401,,,,,,,false,4,genie/puppy/financial_events.csv,source_account_id,2026.07.19.3
BISCUIT_RELIEF,PUPPY,TX-LOG-010,destination_account_id,STRING,A-REDROOF-7730,,,,,,,false,5,genie/puppy/financial_events.csv,destination_account_id,2026.07.19.3
BISCUIT_RELIEF,PUPPY,TX-LOG-010,amount,DECIMAL,,,18300.00,,,,,false,6,genie/puppy/financial_events.csv,amount,2026.07.19.3
BISCUIT_RELIEF,PUPPY,TX-LOG-010,currency,STRING,BSC,,,,,,,false,7,genie/puppy/financial_events.csv,currency,2026.07.19.3
BISCUIT_RELIEF,PUPPY,TX-LOG-010,reference,STRING,LOG-INVOICE-010,,,,,,,false,8,genie/puppy/financial_events.csv,reference,2026.07.19.3
BISCUIT_RELIEF,PUPPY,TX-LOG-010,settlement_batch_id,STRING,OUT-BATCH-003,,,,,,,false,9,genie/puppy/financial_events.csv,settlement_batch_id,2026.07.19.3
BISCUIT_RELIEF,PUPPY,TX-LOG-010,entered_by_record_id,STRING,PR-FELIX-01,,,,,,,false,10,genie/puppy/financial_events.csv,entered_by_record_id,2026.07.19.3
BISCUIT_RELIEF,PUPPY,TX-LOG-010,approved_by_record_id,STRING,PR-ARLO-02,,,,,,,false,11,genie/puppy/financial_events.csv,approved_by_record_id,2026.07.19.3
BISCUIT_RELIEF,PUPPY,TX-LOG-010,related_object_id,STRING,VINV-LOG-010,,,,,,,false,12,genie/puppy/financial_events.csv,related_object_id,2026.07.19.3
BISCUIT_RELIEF,PUPPY,TX-LOG-010,is_reversal,BOOLEAN,,,,false,,,,false,13,genie/puppy/financial_events.csv,is_reversal,2026.07.19.3
BISCUIT_RELIEF,PUPPY,TX-LOG-010,reversed_transaction_id,NULL,,,,,,,null,false,14,genie/puppy/financial_events.csv,reversed_transaction_id,2026.07.19.3
BISCUIT_RELIEF,PUPPY,TX-LOG-010,source_system_id,STRING,BANK_LEDGER,,,,,,,false,15,genie/puppy/financial_events.csv,source_system_id,2026.07.19.3
BISCUIT_RELIEF,PUPPY,TX-DIV-001,transaction_id,STRING,TX-DIV-001,,,,,,,false,1,genie/puppy/financial_events.csv,transaction_id,2026.07.19.3
BISCUIT_RELIEF,PUPPY,TX-DIV-001,occurred_at,TIMESTAMP,,,,,,2025-02-06T11:00:00Z,,false,2,genie/puppy/financial_events.csv,occurred_at,2026.07.19.3
BISCUIT_RELIEF,PUPPY,TX-DIV-001,transaction_type,STRING,PERSONAL_OR_MANAGEMENT_TRANSFER,,,,,,,false,3,genie/puppy/financial_events.csv,transaction_type,2026.07.19.3
BISCUIT_RELIEF,PUPPY,TX-DIV-001,source_account_id,STRING,A-GBRF-6401,,,,,,,false,4,genie/puppy/financial_events.csv,source_account_id,2026.07.19.3
BISCUIT_RELIEF,PUPPY,TX-DIV-001,destination_account_id,STRING,A-ARLO-9088,,,,,,,false,5,genie/puppy/financial_events.csv,destination_account_id,2026.07.19.3
BISCUIT_RELIEF,PUPPY,TX-DIV-001,amount,DECIMAL,,,5500.00,,,,,false,6,genie/puppy/financial_events.csv,amount,2026.07.19.3
BISCUIT_RELIEF,PUPPY,TX-DIV-001,currency,STRING,BSC,,,,,,,false,7,genie/puppy/financial_events.csv,currency,2026.07.19.3
BISCUIT_RELIEF,PUPPY,TX-DIV-001,reference,STRING,MANAGEMENT-001,,,,,,,false,8,genie/puppy/financial_events.csv,reference,2026.07.19.3
BISCUIT_RELIEF,PUPPY,TX-DIV-001,settlement_batch_id,STRING,OUT-BATCH-001,,,,,,,false,9,genie/puppy/financial_events.csv,settlement_batch_id,2026.07.19.3
BISCUIT_RELIEF,PUPPY,TX-DIV-001,entered_by_record_id,STRING,PR-FELIX-01,,,,,,,false,10,genie/puppy/financial_events.csv,entered_by_record_id,2026.07.19.3
BISCUIT_RELIEF,PUPPY,TX-DIV-001,approved_by_record_id,STRING,PR-ARLO-02,,,,,,,false,11,genie/puppy/financial_events.csv,approved_by_record_id,2026.07.19.3
BISCUIT_RELIEF,PUPPY,TX-DIV-001,related_object_id,NULL,,,,,,,null,false,12,genie/puppy/financial_events.csv,related_object_id,2026.07.19.3
BISCUIT_RELIEF,PUPPY,TX-DIV-001,is_reversal,BOOLEAN,,,,false,,,,false,13,genie/puppy/financial_events.csv,is_reversal,2026.07.19.3
BISCUIT_RELIEF,PUPPY,TX-DIV-001,reversed_transaction_id,NULL,,,,,,,null,false,14,genie/puppy/financial_events.csv,reversed_transaction_id,2026.07.19.3
BISCUIT_RELIEF,PUPPY,TX-DIV-001,source_system_id,STRING,BANK_LEDGER,,,,,,,false,15,genie/puppy/financial_events.csv,source_system_id,2026.07.19.3
BISCUIT_RELIEF,PUPPY,TX-DIV-002,transaction_id,STRING,TX-DIV-002,,,,,,,false,1,genie/puppy/financial_events.csv,transaction_id,2026.07.19.3
BISCUIT_RELIEF,PUPPY,TX-DIV-002,occurred_at,TIMESTAMP,,,,,,2025-02-19T11:00:00Z,,false,2,genie/puppy/financial_events.csv,occurred_at,2026.07.19.3
BISCUIT_RELIEF,PUPPY,TX-DIV-002,transaction_type,STRING,PERSONAL_OR_MANAGEMENT_TRANSFER,,,,,,,false,3,genie/puppy/financial_events.csv,transaction_type,2026.07.19.3
BISCUIT_RELIEF,PUPPY,TX-DIV-002,source_account_id,STRING,A-GBRF-6401,,,,,,,false,4,genie/puppy/financial_events.csv,source_account_id,2026.07.19.3
BISCUIT_RELIEF,PUPPY,TX-DIV-002,destination_account_id,STRING,A-MINA-4820,,,,,,,false,5,genie/puppy/financial_events.csv,destination_account_id,2026.07.19.3
BISCUIT_RELIEF,PUPPY,TX-DIV-002,amount,DECIMAL,,,7100.00,,,,,false,6,genie/puppy/financial_events.csv,amount,2026.07.19.3
BISCUIT_RELIEF,PUPPY,TX-DIV-002,currency,STRING,BSC,,,,,,,false,7,genie/puppy/financial_events.csv,currency,2026.07.19.3
BISCUIT_RELIEF,PUPPY,TX-DIV-002,reference,STRING,MANAGEMENT-002,,,,,,,false,8,genie/puppy/financial_events.csv,reference,2026.07.19.3
BISCUIT_RELIEF,PUPPY,TX-DIV-002,settlement_batch_id,STRING,OUT-BATCH-001,,,,,,,false,9,genie/puppy/financial_events.csv,settlement_batch_id,2026.07.19.3
BISCUIT_RELIEF,PUPPY,TX-DIV-002,entered_by_record_id,STRING,PR-FELIX-01,,,,,,,false,10,genie/puppy/financial_events.csv,entered_by_record_id,2026.07.19.3
BISCUIT_RELIEF,PUPPY,TX-DIV-002,approved_by_record_id,STRING,PR-ARLO-02,,,,,,,false,11,genie/puppy/financial_events.csv,approved_by_record_id,2026.07.19.3
BISCUIT_RELIEF,PUPPY,TX-DIV-002,related_object_id,NULL,,,,,,,null,false,12,genie/puppy/financial_events.csv,related_object_id,2026.07.19.3
BISCUIT_RELIEF,PUPPY,TX-DIV-002,is_reversal,BOOLEAN,,,,false,,,,false,13,genie/puppy/financial_events.csv,is_reversal,2026.07.19.3
BISCUIT_RELIEF,PUPPY,TX-DIV-002,reversed_transaction_id,NULL,,,,,,,null,false,14,genie/puppy/financial_events.csv,reversed_transaction_id,2026.07.19.3
BISCUIT_RELIEF,PUPPY,TX-DIV-002,source_system_id,STRING,BANK_LEDGER,,,,,,,false,15,genie/puppy/financial_events.csv,source_system_id,2026.07.19.3
BISCUIT_RELIEF,PUPPY,TX-DIV-003,transaction_id,STRING,TX-DIV-003,,,,,,,false,1,genie/puppy/financial_events.csv,transaction_id,2026.07.19.3
BISCUIT_RELIEF,PUPPY,TX-DIV-003,occurred_at,TIMESTAMP,,,,,,2025-03-04T11:00:00Z,,false,2,genie/puppy/financial_events.csv,occurred_at,2026.07.19.3
BISCUIT_RELIEF,PUPPY,TX-DIV-003,transaction_type,STRING,PERSONAL_OR_MANAGEMENT_TRANSFER,,,,,,,false,3,genie/puppy/financial_events.csv,transaction_type,2026.07.19.3
BISCUIT_RELIEF,PUPPY,TX-DIV-003,source_account_id,STRING,A-GBRF-6401,,,,,,,false,4,genie/puppy/financial_events.csv,source_account_id,2026.07.19.3
BISCUIT_RELIEF,PUPPY,TX-DIV-003,destination_account_id,STRING,A-FELIX-6619,,,,,,,false,5,genie/puppy/financial_events.csv,destination_account_id,2026.07.19.3
BISCUIT_RELIEF,PUPPY,TX-DIV-003,amount,DECIMAL,,,8700.00,,,,,false,6,genie/puppy/financial_events.csv,amount,2026.07.19.3
BISCUIT_RELIEF,PUPPY,TX-DIV-003,currency,STRING,BSC,,,,,,,false,7,genie/puppy/financial_events.csv,currency,2026.07.19.3
BISCUIT_RELIEF,PUPPY,TX-DIV-003,reference,STRING,MANAGEMENT-003,,,,,,,false,8,genie/puppy/financial_events.csv,reference,2026.07.19.3
BISCUIT_RELIEF,PUPPY,TX-DIV-003,settlement_batch_id,STRING,OUT-BATCH-001,,,,,,,false,9,genie/puppy/financial_events.csv,settlement_batch_id,2026.07.19.3
BISCUIT_RELIEF,PUPPY,TX-DIV-003,entered_by_record_id,STRING,PR-FELIX-01,,,,,,,false,10,genie/puppy/financial_events.csv,entered_by_record_id,2026.07.19.3
BISCUIT_RELIEF,PUPPY,TX-DIV-003,approved_by_record_id,STRING,PR-ARLO-02,,,,,,,false,11,genie/puppy/financial_events.csv,approved_by_record_id,2026.07.19.3
BISCUIT_RELIEF,PUPPY,TX-DIV-003,related_object_id,NULL,,,,,,,null,false,12,genie/puppy/financial_events.csv,related_object_id,2026.07.19.3
BISCUIT_RELIEF,PUPPY,TX-DIV-003,is_reversal,BOOLEAN,,,,false,,,,false,13,genie/puppy/financial_events.csv,is_reversal,2026.07.19.3
BISCUIT_RELIEF,PUPPY,TX-DIV-003,reversed_transaction_id,NULL,,,,,,,null,false,14,genie/puppy/financial_events.csv,reversed_transaction_id,2026.07.19.3
BISCUIT_RELIEF,PUPPY,TX-DIV-003,source_system_id,STRING,BANK_LEDGER,,,,,,,false,15,genie/puppy/financial_events.csv,source_system_id,2026.07.19.3
BISCUIT_RELIEF,PUPPY,TX-DIV-004,transaction_id,STRING,TX-DIV-004,,,,,,,false,1,genie/puppy/financial_events.csv,transaction_id,2026.07.19.3
BISCUIT_RELIEF,PUPPY,TX-DIV-004,occurred_at,TIMESTAMP,,,,,,2025-03-17T11:00:00Z,,false,2,genie/puppy/financial_events.csv,occurred_at,2026.07.19.3
BISCUIT_RELIEF,PUPPY,TX-DIV-004,transaction_type,STRING,PERSONAL_OR_MANAGEMENT_TRANSFER,,,,,,,false,3,genie/puppy/financial_events.csv,transaction_type,2026.07.19.3
BISCUIT_RELIEF,PUPPY,TX-DIV-004,source_account_id,STRING,A-GBRF-6401,,,,,,,false,4,genie/puppy/financial_events.csv,source_account_id,2026.07.19.3
BISCUIT_RELIEF,PUPPY,TX-DIV-004,destination_account_id,STRING,A-ARLO-9088,,,,,,,false,5,genie/puppy/financial_events.csv,destination_account_id,2026.07.19.3
BISCUIT_RELIEF,PUPPY,TX-DIV-004,amount,DECIMAL,,,10300.00,,,,,false,6,genie/puppy/financial_events.csv,amount,2026.07.19.3
BISCUIT_RELIEF,PUPPY,TX-DIV-004,currency,STRING,BSC,,,,,,,false,7,genie/puppy/financial_events.csv,currency,2026.07.19.3
BISCUIT_RELIEF,PUPPY,TX-DIV-004,reference,STRING,MANAGEMENT-004,,,,,,,false,8,genie/puppy/financial_events.csv,reference,2026.07.19.3
BISCUIT_RELIEF,PUPPY,TX-DIV-004,settlement_batch_id,STRING,OUT-BATCH-001,,,,,,,false,9,genie/puppy/financial_events.csv,settlement_batch_id,2026.07.19.3
BISCUIT_RELIEF,PUPPY,TX-DIV-004,entered_by_record_id,STRING,PR-FELIX-01,,,,,,,false,10,genie/puppy/financial_events.csv,entered_by_record_id,2026.07.19.3
BISCUIT_RELIEF,PUPPY,TX-DIV-004,approved_by_record_id,STRING,PR-ARLO-02,,,,,,,false,11,genie/puppy/financial_events.csv,approved_by_record_id,2026.07.19.3
BISCUIT_RELIEF,PUPPY,TX-DIV-004,related_object_id,NULL,,,,,,,null,false,12,genie/puppy/financial_events.csv,related_object_id,2026.07.19.3
BISCUIT_RELIEF,PUPPY,TX-DIV-004,is_reversal,BOOLEAN,,,,false,,,,false,13,genie/puppy/financial_events.csv,is_reversal,2026.07.19.3
BISCUIT_RELIEF,PUPPY,TX-DIV-004,reversed_transaction_id,NULL,,,,,,,null,false,14,genie/puppy/financial_events.csv,reversed_transaction_id,2026.07.19.3
BISCUIT_RELIEF,PUPPY,TX-DIV-004,source_system_id,STRING,BANK_LEDGER,,,,,,,false,15,genie/puppy/financial_events.csv,source_system_id,2026.07.19.3
BISCUIT_RELIEF,PUPPY,TX-DIV-005,transaction_id,STRING,TX-DIV-005,,,,,,,false,1,genie/puppy/financial_events.csv,transaction_id,2026.07.19.3
BISCUIT_RELIEF,PUPPY,TX-DIV-005,occurred_at,TIMESTAMP,,,,,,2025-03-30T11:00:00Z,,false,2,genie/puppy/financial_events.csv,occurred_at,2026.07.19.3
BISCUIT_RELIEF,PUPPY,TX-DIV-005,transaction_type,STRING,PERSONAL_OR_MANAGEMENT_TRANSFER,,,,,,,false,3,genie/puppy/financial_events.csv,transaction_type,2026.07.19.3
BISCUIT_RELIEF,PUPPY,TX-DIV-005,source_account_id,STRING,A-GBRF-6401,,,,,,,false,4,genie/puppy/financial_events.csv,source_account_id,2026.07.19.3
BISCUIT_RELIEF,PUPPY,TX-DIV-005,destination_account_id,STRING,A-MINA-4820,,,,,,,false,5,genie/puppy/financial_events.csv,destination_account_id,2026.07.19.3
BISCUIT_RELIEF,PUPPY,TX-DIV-005,amount,DECIMAL,,,11900.00,,,,,false,6,genie/puppy/financial_events.csv,amount,2026.07.19.3
BISCUIT_RELIEF,PUPPY,TX-DIV-005,currency,STRING,BSC,,,,,,,false,7,genie/puppy/financial_events.csv,currency,2026.07.19.3
BISCUIT_RELIEF,PUPPY,TX-DIV-005,reference,STRING,MANAGEMENT-005,,,,,,,false,8,genie/puppy/financial_events.csv,reference,2026.07.19.3
BISCUIT_RELIEF,PUPPY,TX-DIV-005,settlement_batch_id,STRING,OUT-BATCH-002,,,,,,,false,9,genie/puppy/financial_events.csv,settlement_batch_id,2026.07.19.3
BISCUIT_RELIEF,PUPPY,TX-DIV-005,entered_by_record_id,STRING,PR-FELIX-01,,,,,,,false,10,genie/puppy/financial_events.csv,entered_by_record_id,2026.07.19.3
BISCUIT_RELIEF,PUPPY,TX-DIV-005,approved_by_record_id,STRING,PR-ARLO-02,,,,,,,false,11,genie/puppy/financial_events.csv,approved_by_record_id,2026.07.19.3
BISCUIT_RELIEF,PUPPY,TX-DIV-005,related_object_id,NULL,,,,,,,null,false,12,genie/puppy/financial_events.csv,related_object_id,2026.07.19.3
BISCUIT_RELIEF,PUPPY,TX-DIV-005,is_reversal,BOOLEAN,,,,false,,,,false,13,genie/puppy/financial_events.csv,is_reversal,2026.07.19.3
BISCUIT_RELIEF,PUPPY,TX-DIV-005,reversed_transaction_id,NULL,,,,,,,null,false,14,genie/puppy/financial_events.csv,reversed_transaction_id,2026.07.19.3
BISCUIT_RELIEF,PUPPY,TX-DIV-005,source_system_id,STRING,BANK_LEDGER,,,,,,,false,15,genie/puppy/financial_events.csv,source_system_id,2026.07.19.3
BISCUIT_RELIEF,PUPPY,TX-DIV-006,transaction_id,STRING,TX-DIV-006,,,,,,,false,1,genie/puppy/financial_events.csv,transaction_id,2026.07.19.3
BISCUIT_RELIEF,PUPPY,TX-DIV-006,occurred_at,TIMESTAMP,,,,,,2025-04-12T11:00:00Z,,false,2,genie/puppy/financial_events.csv,occurred_at,2026.07.19.3
BISCUIT_RELIEF,PUPPY,TX-DIV-006,transaction_type,STRING,PERSONAL_OR_MANAGEMENT_TRANSFER,,,,,,,false,3,genie/puppy/financial_events.csv,transaction_type,2026.07.19.3
BISCUIT_RELIEF,PUPPY,TX-DIV-006,source_account_id,STRING,A-GBRF-6401,,,,,,,false,4,genie/puppy/financial_events.csv,source_account_id,2026.07.19.3
BISCUIT_RELIEF,PUPPY,TX-DIV-006,destination_account_id,STRING,A-FELIX-6619,,,,,,,false,5,genie/puppy/financial_events.csv,destination_account_id,2026.07.19.3
BISCUIT_RELIEF,PUPPY,TX-DIV-006,amount,DECIMAL,,,5500.00,,,,,false,6,genie/puppy/financial_events.csv,amount,2026.07.19.3
BISCUIT_RELIEF,PUPPY,TX-DIV-006,currency,STRING,BSC,,,,,,,false,7,genie/puppy/financial_events.csv,currency,2026.07.19.3
BISCUIT_RELIEF,PUPPY,TX-DIV-006,reference,STRING,MANAGEMENT-006,,,,,,,false,8,genie/puppy/financial_events.csv,reference,2026.07.19.3
BISCUIT_RELIEF,PUPPY,TX-DIV-006,settlement_batch_id,STRING,OUT-BATCH-002,,,,,,,false,9,genie/puppy/financial_events.csv,settlement_batch_id,2026.07.19.3
BISCUIT_RELIEF,PUPPY,TX-DIV-006,entered_by_record_id,STRING,PR-FELIX-01,,,,,,,false,10,genie/puppy/financial_events.csv,entered_by_record_id,2026.07.19.3
BISCUIT_RELIEF,PUPPY,TX-DIV-006,approved_by_record_id,STRING,PR-ARLO-02,,,,,,,false,11,genie/puppy/financial_events.csv,approved_by_record_id,2026.07.19.3
BISCUIT_RELIEF,PUPPY,TX-DIV-006,related_object_id,NULL,,,,,,,null,false,12,genie/puppy/financial_events.csv,related_object_id,2026.07.19.3
BISCUIT_RELIEF,PUPPY,TX-DIV-006,is_reversal,BOOLEAN,,,,false,,,,false,13,genie/puppy/financial_events.csv,is_reversal,2026.07.19.3
BISCUIT_RELIEF,PUPPY,TX-DIV-006,reversed_transaction_id,NULL,,,,,,,null,false,14,genie/puppy/financial_events.csv,reversed_transaction_id,2026.07.19.3
BISCUIT_RELIEF,PUPPY,TX-DIV-006,source_system_id,STRING,BANK_LEDGER,,,,,,,false,15,genie/puppy/financial_events.csv,source_system_id,2026.07.19.3
BISCUIT_RELIEF,PUPPY,TX-DIV-007,transaction_id,STRING,TX-DIV-007,,,,,,,false,1,genie/puppy/financial_events.csv,transaction_id,2026.07.19.3
BISCUIT_RELIEF,PUPPY,TX-DIV-007,occurred_at,TIMESTAMP,,,,,,2025-04-25T11:00:00Z,,false,2,genie/puppy/financial_events.csv,occurred_at,2026.07.19.3
BISCUIT_RELIEF,PUPPY,TX-DIV-007,transaction_type,STRING,PERSONAL_OR_MANAGEMENT_TRANSFER,,,,,,,false,3,genie/puppy/financial_events.csv,transaction_type,2026.07.19.3
BISCUIT_RELIEF,PUPPY,TX-DIV-007,source_account_id,STRING,A-GBRF-6401,,,,,,,false,4,genie/puppy/financial_events.csv,source_account_id,2026.07.19.3
BISCUIT_RELIEF,PUPPY,TX-DIV-007,destination_account_id,STRING,A-ARLO-9088,,,,,,,false,5,genie/puppy/financial_events.csv,destination_account_id,2026.07.19.3
BISCUIT_RELIEF,PUPPY,TX-DIV-007,amount,DECIMAL,,,7100.00,,,,,false,6,genie/puppy/financial_events.csv,amount,2026.07.19.3
BISCUIT_RELIEF,PUPPY,TX-DIV-007,currency,STRING,BSC,,,,,,,false,7,genie/puppy/financial_events.csv,currency,2026.07.19.3
BISCUIT_RELIEF,PUPPY,TX-DIV-007,reference,STRING,MANAGEMENT-007,,,,,,,false,8,genie/puppy/financial_events.csv,reference,2026.07.19.3
BISCUIT_RELIEF,PUPPY,TX-DIV-007,settlement_batch_id,STRING,OUT-BATCH-002,,,,,,,false,9,genie/puppy/financial_events.csv,settlement_batch_id,2026.07.19.3
BISCUIT_RELIEF,PUPPY,TX-DIV-007,entered_by_record_id,STRING,PR-FELIX-01,,,,,,,false,10,genie/puppy/financial_events.csv,entered_by_record_id,2026.07.19.3
BISCUIT_RELIEF,PUPPY,TX-DIV-007,approved_by_record_id,STRING,PR-ARLO-02,,,,,,,false,11,genie/puppy/financial_events.csv,approved_by_record_id,2026.07.19.3
BISCUIT_RELIEF,PUPPY,TX-DIV-007,related_object_id,NULL,,,,,,,null,false,12,genie/puppy/financial_events.csv,related_object_id,2026.07.19.3
BISCUIT_RELIEF,PUPPY,TX-DIV-007,is_reversal,BOOLEAN,,,,false,,,,false,13,genie/puppy/financial_events.csv,is_reversal,2026.07.19.3
BISCUIT_RELIEF,PUPPY,TX-DIV-007,reversed_transaction_id,NULL,,,,,,,null,false,14,genie/puppy/financial_events.csv,reversed_transaction_id,2026.07.19.3
BISCUIT_RELIEF,PUPPY,TX-DIV-007,source_system_id,STRING,BANK_LEDGER,,,,,,,false,15,genie/puppy/financial_events.csv,source_system_id,2026.07.19.3
BISCUIT_RELIEF,PUPPY,GR-001,grant_request_id,STRING,GR-001,,,,,,,false,1,genie/puppy/grant_requests.csv,grant_request_id,2026.07.19.3
BISCUIT_RELIEF,PUPPY,GR-001,beneficiary_program_id,STRING,BEN-001,,,,,,,false,2,genie/puppy/grant_requests.csv,beneficiary_program_id,2026.07.19.3
BISCUIT_RELIEF,PUPPY,GR-001,requested_at,DATE,,,,,2025-02-02,,,false,3,genie/puppy/grant_requests.csv,requested_at,2026.07.19.3
BISCUIT_RELIEF,PUPPY,GR-001,requested_amount,DECIMAL,,,15000.00,,,,,false,4,genie/puppy/grant_requests.csv,requested_amount,2026.07.19.3
BISCUIT_RELIEF,PUPPY,GR-001,approved_amount,DECIMAL,,,3750.00,,,,,false,5,genie/puppy/grant_requests.csv,approved_amount,2026.07.19.3
BISCUIT_RELIEF,PUPPY,GR-001,paid_amount,DECIMAL,,,937.50,,,,,false,6,genie/puppy/grant_requests.csv,paid_amount,2026.07.19.3
BISCUIT_RELIEF,PUPPY,GR-001,status,STRING,PARTIALLY_PAID,,,,,,,false,7,genie/puppy/grant_requests.csv,status,2026.07.19.3
BISCUIT_RELIEF,PUPPY,GR-001,campaign_id,STRING,CAMP-001,,,,,,,false,8,genie/puppy/grant_requests.csv,campaign_id,2026.07.19.3
BISCUIT_RELIEF,PUPPY,GR-001,source_system_id,STRING,BENEFICIARY_LEDGER,,,,,,,false,9,genie/puppy/grant_requests.csv,source_system_id,2026.07.19.3
BISCUIT_RELIEF,PUPPY,GR-002,grant_request_id,STRING,GR-002,,,,,,,false,1,genie/puppy/grant_requests.csv,grant_request_id,2026.07.19.3
BISCUIT_RELIEF,PUPPY,GR-002,beneficiary_program_id,STRING,BEN-002,,,,,,,false,2,genie/puppy/grant_requests.csv,beneficiary_program_id,2026.07.19.3
BISCUIT_RELIEF,PUPPY,GR-002,requested_at,DATE,,,,,2025-02-09,,,false,3,genie/puppy/grant_requests.csv,requested_at,2026.07.19.3
BISCUIT_RELIEF,PUPPY,GR-002,requested_amount,DECIMAL,,,21500.00,,,,,false,4,genie/puppy/grant_requests.csv,requested_amount,2026.07.19.3
BISCUIT_RELIEF,PUPPY,GR-002,approved_amount,DECIMAL,,,5375.00,,,,,false,5,genie/puppy/grant_requests.csv,approved_amount,2026.07.19.3
BISCUIT_RELIEF,PUPPY,GR-002,paid_amount,DECIMAL,,,3493.75,,,,,false,6,genie/puppy/grant_requests.csv,paid_amount,2026.07.19.3
BISCUIT_RELIEF,PUPPY,GR-002,status,STRING,PARTIALLY_PAID,,,,,,,false,7,genie/puppy/grant_requests.csv,status,2026.07.19.3
BISCUIT_RELIEF,PUPPY,GR-002,campaign_id,STRING,CAMP-002,,,,,,,false,8,genie/puppy/grant_requests.csv,campaign_id,2026.07.19.3
BISCUIT_RELIEF,PUPPY,GR-002,source_system_id,STRING,BENEFICIARY_LEDGER,,,,,,,false,9,genie/puppy/grant_requests.csv,source_system_id,2026.07.19.3
BISCUIT_RELIEF,PUPPY,GR-003,grant_request_id,STRING,GR-003,,,,,,,false,1,genie/puppy/grant_requests.csv,grant_request_id,2026.07.19.3
BISCUIT_RELIEF,PUPPY,GR-003,beneficiary_program_id,STRING,BEN-003,,,,,,,false,2,genie/puppy/grant_requests.csv,beneficiary_program_id,2026.07.19.3
BISCUIT_RELIEF,PUPPY,GR-003,requested_at,DATE,,,,,2025-02-16,,,false,3,genie/puppy/grant_requests.csv,requested_at,2026.07.19.3
BISCUIT_RELIEF,PUPPY,GR-003,requested_amount,DECIMAL,,,28000.00,,,,,false,4,genie/puppy/grant_requests.csv,requested_amount,2026.07.19.3
BISCUIT_RELIEF,PUPPY,GR-003,approved_amount,DECIMAL,,,7000.00,,,,,false,5,genie/puppy/grant_requests.csv,approved_amount,2026.07.19.3
BISCUIT_RELIEF,PUPPY,GR-003,paid_amount,DECIMAL,,,4550.00,,,,,false,6,genie/puppy/grant_requests.csv,paid_amount,2026.07.19.3
BISCUIT_RELIEF,PUPPY,GR-003,status,STRING,PARTIALLY_PAID,,,,,,,false,7,genie/puppy/grant_requests.csv,status,2026.07.19.3
BISCUIT_RELIEF,PUPPY,GR-003,campaign_id,STRING,CAMP-003,,,,,,,false,8,genie/puppy/grant_requests.csv,campaign_id,2026.07.19.3
BISCUIT_RELIEF,PUPPY,GR-003,source_system_id,STRING,BENEFICIARY_LEDGER,,,,,,,false,9,genie/puppy/grant_requests.csv,source_system_id,2026.07.19.3
BISCUIT_RELIEF,PUPPY,GR-004,grant_request_id,STRING,GR-004,,,,,,,false,1,genie/puppy/grant_requests.csv,grant_request_id,2026.07.19.3
BISCUIT_RELIEF,PUPPY,GR-004,beneficiary_program_id,STRING,BEN-004,,,,,,,false,2,genie/puppy/grant_requests.csv,beneficiary_program_id,2026.07.19.3
BISCUIT_RELIEF,PUPPY,GR-004,requested_at,DATE,,,,,2025-02-23,,,false,3,genie/puppy/grant_requests.csv,requested_at,2026.07.19.3
BISCUIT_RELIEF,PUPPY,GR-004,requested_amount,DECIMAL,,,34500.00,,,,,false,4,genie/puppy/grant_requests.csv,requested_amount,2026.07.19.3
BISCUIT_RELIEF,PUPPY,GR-004,approved_amount,DECIMAL,,,8625.00,,,,,false,5,genie/puppy/grant_requests.csv,approved_amount,2026.07.19.3
BISCUIT_RELIEF,PUPPY,GR-004,paid_amount,DECIMAL,,,5606.25,,,,,false,6,genie/puppy/grant_requests.csv,paid_amount,2026.07.19.3
BISCUIT_RELIEF,PUPPY,GR-004,status,STRING,PARTIALLY_PAID,,,,,,,false,7,genie/puppy/grant_requests.csv,status,2026.07.19.3
BISCUIT_RELIEF,PUPPY,GR-004,campaign_id,STRING,CAMP-004,,,,,,,false,8,genie/puppy/grant_requests.csv,campaign_id,2026.07.19.3
BISCUIT_RELIEF,PUPPY,GR-004,source_system_id,STRING,BENEFICIARY_LEDGER,,,,,,,false,9,genie/puppy/grant_requests.csv,source_system_id,2026.07.19.3
BISCUIT_RELIEF,PUPPY,GR-005,grant_request_id,STRING,GR-005,,,,,,,false,1,genie/puppy/grant_requests.csv,grant_request_id,2026.07.19.3
BISCUIT_RELIEF,PUPPY,GR-005,beneficiary_program_id,STRING,BEN-005,,,,,,,false,2,genie/puppy/grant_requests.csv,beneficiary_program_id,2026.07.19.3
BISCUIT_RELIEF,PUPPY,GR-005,requested_at,DATE,,,,,2025-03-02,,,false,3,genie/puppy/grant_requests.csv,requested_at,2026.07.19.3
BISCUIT_RELIEF,PUPPY,GR-005,requested_amount,DECIMAL,,,41000.00,,,,,false,4,genie/puppy/grant_requests.csv,requested_amount,2026.07.19.3
BISCUIT_RELIEF,PUPPY,GR-005,approved_amount,DECIMAL,,,10250.00,,,,,false,5,genie/puppy/grant_requests.csv,approved_amount,2026.07.19.3
BISCUIT_RELIEF,PUPPY,GR-005,paid_amount,DECIMAL,,,2562.50,,,,,false,6,genie/puppy/grant_requests.csv,paid_amount,2026.07.19.3
BISCUIT_RELIEF,PUPPY,GR-005,status,STRING,PARTIALLY_PAID,,,,,,,false,7,genie/puppy/grant_requests.csv,status,2026.07.19.3
BISCUIT_RELIEF,PUPPY,GR-005,campaign_id,STRING,CAMP-005,,,,,,,false,8,genie/puppy/grant_requests.csv,campaign_id,2026.07.19.3
BISCUIT_RELIEF,PUPPY,GR-005,source_system_id,STRING,BENEFICIARY_LEDGER,,,,,,,false,9,genie/puppy/grant_requests.csv,source_system_id,2026.07.19.3
BISCUIT_RELIEF,PUPPY,GR-006,grant_request_id,STRING,GR-006,,,,,,,false,1,genie/puppy/grant_requests.csv,grant_request_id,2026.07.19.3
BISCUIT_RELIEF,PUPPY,GR-006,beneficiary_program_id,STRING,BEN-006,,,,,,,false,2,genie/puppy/grant_requests.csv,beneficiary_program_id,2026.07.19.3
BISCUIT_RELIEF,PUPPY,GR-006,requested_at,DATE,,,,,2025-03-09,,,false,3,genie/puppy/grant_requests.csv,requested_at,2026.07.19.3
BISCUIT_RELIEF,PUPPY,GR-006,requested_amount,DECIMAL,,,47500.00,,,,,false,4,genie/puppy/grant_requests.csv,requested_amount,2026.07.19.3
BISCUIT_RELIEF,PUPPY,GR-006,approved_amount,DECIMAL,,,11875.00,,,,,false,5,genie/puppy/grant_requests.csv,approved_amount,2026.07.19.3
BISCUIT_RELIEF,PUPPY,GR-006,paid_amount,DECIMAL,,,7718.75,,,,,false,6,genie/puppy/grant_requests.csv,paid_amount,2026.07.19.3
BISCUIT_RELIEF,PUPPY,GR-006,status,STRING,PARTIALLY_PAID,,,,,,,false,7,genie/puppy/grant_requests.csv,status,2026.07.19.3
BISCUIT_RELIEF,PUPPY,GR-006,campaign_id,STRING,CAMP-006,,,,,,,false,8,genie/puppy/grant_requests.csv,campaign_id,2026.07.19.3
BISCUIT_RELIEF,PUPPY,GR-006,source_system_id,STRING,BENEFICIARY_LEDGER,,,,,,,false,9,genie/puppy/grant_requests.csv,source_system_id,2026.07.19.3
BISCUIT_RELIEF,PUPPY,GR-007,grant_request_id,STRING,GR-007,,,,,,,false,1,genie/puppy/grant_requests.csv,grant_request_id,2026.07.19.3
BISCUIT_RELIEF,PUPPY,GR-007,beneficiary_program_id,STRING,BEN-007,,,,,,,false,2,genie/puppy/grant_requests.csv,beneficiary_program_id,2026.07.19.3
BISCUIT_RELIEF,PUPPY,GR-007,requested_at,DATE,,,,,2025-03-16,,,false,3,genie/puppy/grant_requests.csv,requested_at,2026.07.19.3
BISCUIT_RELIEF,PUPPY,GR-007,requested_amount,DECIMAL,,,54000.00,,,,,false,4,genie/puppy/grant_requests.csv,requested_amount,2026.07.19.3
BISCUIT_RELIEF,PUPPY,GR-007,approved_amount,DECIMAL,,,13500.00,,,,,false,5,genie/puppy/grant_requests.csv,approved_amount,2026.07.19.3
BISCUIT_RELIEF,PUPPY,GR-007,paid_amount,DECIMAL,,,8775.00,,,,,false,6,genie/puppy/grant_requests.csv,paid_amount,2026.07.19.3
BISCUIT_RELIEF,PUPPY,GR-007,status,STRING,PARTIALLY_PAID,,,,,,,false,7,genie/puppy/grant_requests.csv,status,2026.07.19.3
BISCUIT_RELIEF,PUPPY,GR-007,campaign_id,STRING,CAMP-007,,,,,,,false,8,genie/puppy/grant_requests.csv,campaign_id,2026.07.19.3
BISCUIT_RELIEF,PUPPY,GR-007,source_system_id,STRING,BENEFICIARY_LEDGER,,,,,,,false,9,genie/puppy/grant_requests.csv,source_system_id,2026.07.19.3
BISCUIT_RELIEF,PUPPY,GR-008,grant_request_id,STRING,GR-008,,,,,,,false,1,genie/puppy/grant_requests.csv,grant_request_id,2026.07.19.3
BISCUIT_RELIEF,PUPPY,GR-008,beneficiary_program_id,STRING,BEN-008,,,,,,,false,2,genie/puppy/grant_requests.csv,beneficiary_program_id,2026.07.19.3
BISCUIT_RELIEF,PUPPY,GR-008,requested_at,DATE,,,,,2025-03-23,,,false,3,genie/puppy/grant_requests.csv,requested_at,2026.07.19.3
BISCUIT_RELIEF,PUPPY,GR-008,requested_amount,DECIMAL,,,60500.00,,,,,false,4,genie/puppy/grant_requests.csv,requested_amount,2026.07.19.3
BISCUIT_RELIEF,PUPPY,GR-008,approved_amount,DECIMAL,,,15125.00,,,,,false,5,genie/puppy/grant_requests.csv,approved_amount,2026.07.19.3
BISCUIT_RELIEF,PUPPY,GR-008,paid_amount,DECIMAL,,,9831.25,,,,,false,6,genie/puppy/grant_requests.csv,paid_amount,2026.07.19.3
BISCUIT_RELIEF,PUPPY,GR-008,status,STRING,PARTIALLY_PAID,,,,,,,false,7,genie/puppy/grant_requests.csv,status,2026.07.19.3
BISCUIT_RELIEF,PUPPY,GR-008,campaign_id,STRING,CAMP-008,,,,,,,false,8,genie/puppy/grant_requests.csv,campaign_id,2026.07.19.3
BISCUIT_RELIEF,PUPPY,GR-008,source_system_id,STRING,BENEFICIARY_LEDGER,,,,,,,false,9,genie/puppy/grant_requests.csv,source_system_id,2026.07.19.3
BISCUIT_RELIEF,PUPPY,GR-009,grant_request_id,STRING,GR-009,,,,,,,false,1,genie/puppy/grant_requests.csv,grant_request_id,2026.07.19.3
BISCUIT_RELIEF,PUPPY,GR-009,beneficiary_program_id,STRING,BEN-009,,,,,,,false,2,genie/puppy/grant_requests.csv,beneficiary_program_id,2026.07.19.3
BISCUIT_RELIEF,PUPPY,GR-009,requested_at,DATE,,,,,2025-03-30,,,false,3,genie/puppy/grant_requests.csv,requested_at,2026.07.19.3
BISCUIT_RELIEF,PUPPY,GR-009,requested_amount,DECIMAL,,,67000.00,,,,,false,4,genie/puppy/grant_requests.csv,requested_amount,2026.07.19.3
BISCUIT_RELIEF,PUPPY,GR-009,approved_amount,DECIMAL,,,16750.00,,,,,false,5,genie/puppy/grant_requests.csv,approved_amount,2026.07.19.3
BISCUIT_RELIEF,PUPPY,GR-009,paid_amount,DECIMAL,,,4187.50,,,,,false,6,genie/puppy/grant_requests.csv,paid_amount,2026.07.19.3
BISCUIT_RELIEF,PUPPY,GR-009,status,STRING,PARTIALLY_PAID,,,,,,,false,7,genie/puppy/grant_requests.csv,status,2026.07.19.3
BISCUIT_RELIEF,PUPPY,GR-009,campaign_id,STRING,CAMP-009,,,,,,,false,8,genie/puppy/grant_requests.csv,campaign_id,2026.07.19.3
BISCUIT_RELIEF,PUPPY,GR-009,source_system_id,STRING,BENEFICIARY_LEDGER,,,,,,,false,9,genie/puppy/grant_requests.csv,source_system_id,2026.07.19.3
BISCUIT_RELIEF,PUPPY,GR-010,grant_request_id,STRING,GR-010,,,,,,,false,1,genie/puppy/grant_requests.csv,grant_request_id,2026.07.19.3
BISCUIT_RELIEF,PUPPY,GR-010,beneficiary_program_id,STRING,BEN-010,,,,,,,false,2,genie/puppy/grant_requests.csv,beneficiary_program_id,2026.07.19.3
BISCUIT_RELIEF,PUPPY,GR-010,requested_at,DATE,,,,,2025-04-06,,,false,3,genie/puppy/grant_requests.csv,requested_at,2026.07.19.3
BISCUIT_RELIEF,PUPPY,GR-010,requested_amount,DECIMAL,,,15000.00,,,,,false,4,genie/puppy/grant_requests.csv,requested_amount,2026.07.19.3
BISCUIT_RELIEF,PUPPY,GR-010,approved_amount,DECIMAL,,,3750.00,,,,,false,5,genie/puppy/grant_requests.csv,approved_amount,2026.07.19.3
BISCUIT_RELIEF,PUPPY,GR-010,paid_amount,DECIMAL,,,2437.50,,,,,false,6,genie/puppy/grant_requests.csv,paid_amount,2026.07.19.3
BISCUIT_RELIEF,PUPPY,GR-010,status,STRING,PARTIALLY_PAID,,,,,,,false,7,genie/puppy/grant_requests.csv,status,2026.07.19.3
BISCUIT_RELIEF,PUPPY,GR-010,campaign_id,STRING,CAMP-010,,,,,,,false,8,genie/puppy/grant_requests.csv,campaign_id,2026.07.19.3
BISCUIT_RELIEF,PUPPY,GR-010,source_system_id,STRING,BENEFICIARY_LEDGER,,,,,,,false,9,genie/puppy/grant_requests.csv,source_system_id,2026.07.19.3
BISCUIT_RELIEF,PUPPY,GR-011,grant_request_id,STRING,GR-011,,,,,,,false,1,genie/puppy/grant_requests.csv,grant_request_id,2026.07.19.3
BISCUIT_RELIEF,PUPPY,GR-011,beneficiary_program_id,STRING,BEN-011,,,,,,,false,2,genie/puppy/grant_requests.csv,beneficiary_program_id,2026.07.19.3
BISCUIT_RELIEF,PUPPY,GR-011,requested_at,DATE,,,,,2025-04-13,,,false,3,genie/puppy/grant_requests.csv,requested_at,2026.07.19.3
BISCUIT_RELIEF,PUPPY,GR-011,requested_amount,DECIMAL,,,21500.00,,,,,false,4,genie/puppy/grant_requests.csv,requested_amount,2026.07.19.3
BISCUIT_RELIEF,PUPPY,GR-011,approved_amount,DECIMAL,,,5375.00,,,,,false,5,genie/puppy/grant_requests.csv,approved_amount,2026.07.19.3
BISCUIT_RELIEF,PUPPY,GR-011,paid_amount,DECIMAL,,,3493.75,,,,,false,6,genie/puppy/grant_requests.csv,paid_amount,2026.07.19.3
BISCUIT_RELIEF,PUPPY,GR-011,status,STRING,PARTIALLY_PAID,,,,,,,false,7,genie/puppy/grant_requests.csv,status,2026.07.19.3
BISCUIT_RELIEF,PUPPY,GR-011,campaign_id,STRING,CAMP-011,,,,,,,false,8,genie/puppy/grant_requests.csv,campaign_id,2026.07.19.3
BISCUIT_RELIEF,PUPPY,GR-011,source_system_id,STRING,BENEFICIARY_LEDGER,,,,,,,false,9,genie/puppy/grant_requests.csv,source_system_id,2026.07.19.3
BISCUIT_RELIEF,PUPPY,GR-012,grant_request_id,STRING,GR-012,,,,,,,false,1,genie/puppy/grant_requests.csv,grant_request_id,2026.07.19.3
BISCUIT_RELIEF,PUPPY,GR-012,beneficiary_program_id,STRING,BEN-012,,,,,,,false,2,genie/puppy/grant_requests.csv,beneficiary_program_id,2026.07.19.3
BISCUIT_RELIEF,PUPPY,GR-012,requested_at,DATE,,,,,2025-04-20,,,false,3,genie/puppy/grant_requests.csv,requested_at,2026.07.19.3
BISCUIT_RELIEF,PUPPY,GR-012,requested_amount,DECIMAL,,,28000.00,,,,,false,4,genie/puppy/grant_requests.csv,requested_amount,2026.07.19.3
BISCUIT_RELIEF,PUPPY,GR-012,approved_amount,DECIMAL,,,7000.00,,,,,false,5,genie/puppy/grant_requests.csv,approved_amount,2026.07.19.3
BISCUIT_RELIEF,PUPPY,GR-012,paid_amount,DECIMAL,,,4550.00,,,,,false,6,genie/puppy/grant_requests.csv,paid_amount,2026.07.19.3
BISCUIT_RELIEF,PUPPY,GR-012,status,STRING,PARTIALLY_PAID,,,,,,,false,7,genie/puppy/grant_requests.csv,status,2026.07.19.3
BISCUIT_RELIEF,PUPPY,GR-012,campaign_id,STRING,CAMP-012,,,,,,,false,8,genie/puppy/grant_requests.csv,campaign_id,2026.07.19.3
BISCUIT_RELIEF,PUPPY,GR-012,source_system_id,STRING,BENEFICIARY_LEDGER,,,,,,,false,9,genie/puppy/grant_requests.csv,source_system_id,2026.07.19.3
BISCUIT_RELIEF,PUPPY,LOGIN-0001,login_event_id,STRING,LOGIN-0001,,,,,,,false,1,genie/puppy/login_events.csv,login_event_id,2026.07.19.3
BISCUIT_RELIEF,PUPPY,LOGIN-0001,person_record_id,STRING,PR-ARLO-03,,,,,,,false,2,genie/puppy/login_events.csv,person_record_id,2026.07.19.3
BISCUIT_RELIEF,PUPPY,LOGIN-0001,device_id,STRING,DEV-CAMPAIGN-17,,,,,,,false,3,genie/puppy/login_events.csv,device_id,2026.07.19.3
BISCUIT_RELIEF,PUPPY,LOGIN-0001,login_at,TIMESTAMP,,,,,,2025-01-05T08:15:00Z,,false,4,genie/puppy/login_events.csv,login_at,2026.07.19.3
BISCUIT_RELIEF,PUPPY,LOGIN-0001,ip_address,STRING,203.0.113.20,,,,,,,false,5,genie/puppy/login_events.csv,ip_address,2026.07.19.3
BISCUIT_RELIEF,PUPPY,LOGIN-0001,authentication_result,STRING,FAILED_THEN_SUCCESS,,,,,,,false,6,genie/puppy/login_events.csv,authentication_result,2026.07.19.3
BISCUIT_RELIEF,PUPPY,LOGIN-0001,source_system_id,STRING,DEVICE_LOG,,,,,,,false,7,genie/puppy/login_events.csv,source_system_id,2026.07.19.3
BISCUIT_RELIEF,PUPPY,LOGIN-0002,login_event_id,STRING,LOGIN-0002,,,,,,,false,1,genie/puppy/login_events.csv,login_event_id,2026.07.19.3
BISCUIT_RELIEF,PUPPY,LOGIN-0002,person_record_id,STRING,PR-MINA-03,,,,,,,false,2,genie/puppy/login_events.csv,person_record_id,2026.07.19.3
BISCUIT_RELIEF,PUPPY,LOGIN-0002,device_id,STRING,DEV-CAMPAIGN-17,,,,,,,false,3,genie/puppy/login_events.csv,device_id,2026.07.19.3
BISCUIT_RELIEF,PUPPY,LOGIN-0002,login_at,TIMESTAMP,,,,,,2025-01-09T08:32:00Z,,false,4,genie/puppy/login_events.csv,login_at,2026.07.19.3
BISCUIT_RELIEF,PUPPY,LOGIN-0002,ip_address,STRING,198.51.100.88,,,,,,,false,5,genie/puppy/login_events.csv,ip_address,2026.07.19.3
BISCUIT_RELIEF,PUPPY,LOGIN-0002,authentication_result,STRING,SUCCESS,,,,,,,false,6,genie/puppy/login_events.csv,authentication_result,2026.07.19.3
BISCUIT_RELIEF,PUPPY,LOGIN-0002,source_system_id,STRING,DEVICE_LOG,,,,,,,false,7,genie/puppy/login_events.csv,source_system_id,2026.07.19.3
BISCUIT_RELIEF,PUPPY,LOGIN-0003,login_event_id,STRING,LOGIN-0003,,,,,,,false,1,genie/puppy/login_events.csv,login_event_id,2026.07.19.3
BISCUIT_RELIEF,PUPPY,LOGIN-0003,person_record_id,STRING,PR-FELIX-03,,,,,,,false,2,genie/puppy/login_events.csv,person_record_id,2026.07.19.3
BISCUIT_RELIEF,PUPPY,LOGIN-0003,device_id,STRING,DEV-FINANCE-22,,,,,,,false,3,genie/puppy/login_events.csv,device_id,2026.07.19.3
BISCUIT_RELIEF,PUPPY,LOGIN-0003,login_at,TIMESTAMP,,,,,,2025-01-13T08:49:00Z,,false,4,genie/puppy/login_events.csv,login_at,2026.07.19.3
BISCUIT_RELIEF,PUPPY,LOGIN-0003,ip_address,STRING,203.0.113.22,,,,,,,false,5,genie/puppy/login_events.csv,ip_address,2026.07.19.3
BISCUIT_RELIEF,PUPPY,LOGIN-0003,authentication_result,STRING,SUCCESS,,,,,,,false,6,genie/puppy/login_events.csv,authentication_result,2026.07.19.3
BISCUIT_RELIEF,PUPPY,LOGIN-0003,source_system_id,STRING,DEVICE_LOG,,,,,,,false,7,genie/puppy/login_events.csv,source_system_id,2026.07.19.3
BISCUIT_RELIEF,PUPPY,LOGIN-0004,login_event_id,STRING,LOGIN-0004,,,,,,,false,1,genie/puppy/login_events.csv,login_event_id,2026.07.19.3
BISCUIT_RELIEF,PUPPY,LOGIN-0004,person_record_id,STRING,PR-ARLO-03,,,,,,,false,2,genie/puppy/login_events.csv,person_record_id,2026.07.19.3
BISCUIT_RELIEF,PUPPY,LOGIN-0004,device_id,STRING,DEV-ARLO-P1,,,,,,,false,3,genie/puppy/login_events.csv,device_id,2026.07.19.3
BISCUIT_RELIEF,PUPPY,LOGIN-0004,login_at,TIMESTAMP,,,,,,2025-01-17T09:06:00Z,,false,4,genie/puppy/login_events.csv,login_at,2026.07.19.3
BISCUIT_RELIEF,PUPPY,LOGIN-0004,ip_address,STRING,203.0.113.23,,,,,,,false,5,genie/puppy/login_events.csv,ip_address,2026.07.19.3
BISCUIT_RELIEF,PUPPY,LOGIN-0004,authentication_result,STRING,SUCCESS,,,,,,,false,6,genie/puppy/login_events.csv,authentication_result,2026.07.19.3
BISCUIT_RELIEF,PUPPY,LOGIN-0004,source_system_id,STRING,DEVICE_LOG,,,,,,,false,7,genie/puppy/login_events.csv,source_system_id,2026.07.19.3
BISCUIT_RELIEF,PUPPY,LOGIN-0005,login_event_id,STRING,LOGIN-0005,,,,,,,false,1,genie/puppy/login_events.csv,login_event_id,2026.07.19.3
BISCUIT_RELIEF,PUPPY,LOGIN-0005,person_record_id,STRING,PR-VIOLET-02,,,,,,,false,2,genie/puppy/login_events.csv,person_record_id,2026.07.19.3
BISCUIT_RELIEF,PUPPY,LOGIN-0005,device_id,STRING,DEV-VOLUNTEER-04,,,,,,,false,3,genie/puppy/login_events.csv,device_id,2026.07.19.3
BISCUIT_RELIEF,PUPPY,LOGIN-0005,login_at,TIMESTAMP,,,,,,2025-01-21T09:23:00Z,,false,4,genie/puppy/login_events.csv,login_at,2026.07.19.3
BISCUIT_RELIEF,PUPPY,LOGIN-0005,ip_address,STRING,198.51.100.88,,,,,,,false,5,genie/puppy/login_events.csv,ip_address,2026.07.19.3
BISCUIT_RELIEF,PUPPY,LOGIN-0005,authentication_result,STRING,SUCCESS,,,,,,,false,6,genie/puppy/login_events.csv,authentication_result,2026.07.19.3
BISCUIT_RELIEF,PUPPY,LOGIN-0005,source_system_id,STRING,DEVICE_LOG,,,,,,,false,7,genie/puppy/login_events.csv,source_system_id,2026.07.19.3
BISCUIT_RELIEF,PUPPY,LOGIN-0006,login_event_id,STRING,LOGIN-0006,,,,,,,false,1,genie/puppy/login_events.csv,login_event_id,2026.07.19.3
BISCUIT_RELIEF,PUPPY,LOGIN-0006,person_record_id,STRING,PR-HOPE-01,,,,,,,false,2,genie/puppy/login_events.csv,person_record_id,2026.07.19.3
BISCUIT_RELIEF,PUPPY,LOGIN-0006,device_id,STRING,DEV-HOPE-PHONE,,,,,,,false,3,genie/puppy/login_events.csv,device_id,2026.07.19.3
BISCUIT_RELIEF,PUPPY,LOGIN-0006,login_at,TIMESTAMP,,,,,,2025-01-25T09:40:00Z,,false,4,genie/puppy/login_events.csv,login_at,2026.07.19.3
BISCUIT_RELIEF,PUPPY,LOGIN-0006,ip_address,STRING,198.51.100.88,,,,,,,false,5,genie/puppy/login_events.csv,ip_address,2026.07.19.3
BISCUIT_RELIEF,PUPPY,LOGIN-0006,authentication_result,STRING,SUCCESS,,,,,,,false,6,genie/puppy/login_events.csv,authentication_result,2026.07.19.3
BISCUIT_RELIEF,PUPPY,LOGIN-0006,source_system_id,STRING,DEVICE_LOG,,,,,,,false,7,genie/puppy/login_events.csv,source_system_id,2026.07.19.3
BISCUIT_RELIEF,PUPPY,LOGIN-0007,login_event_id,STRING,LOGIN-0007,,,,,,,false,1,genie/puppy/login_events.csv,login_event_id,2026.07.19.3
BISCUIT_RELIEF,PUPPY,LOGIN-0007,person_record_id,STRING,PR-VIOLET-02,,,,,,,false,2,genie/puppy/login_events.csv,person_record_id,2026.07.19.3
BISCUIT_RELIEF,PUPPY,LOGIN-0007,device_id,STRING,DEV-VIOLET-TAB,,,,,,,false,3,genie/puppy/login_events.csv,device_id,2026.07.19.3
BISCUIT_RELIEF,PUPPY,LOGIN-0007,login_at,TIMESTAMP,,,,,,2025-01-29T09:57:00Z,,false,4,genie/puppy/login_events.csv,login_at,2026.07.19.3
BISCUIT_RELIEF,PUPPY,LOGIN-0007,ip_address,STRING,203.0.113.26,,,,,,,false,5,genie/puppy/login_events.csv,ip_address,2026.07.19.3
BISCUIT_RELIEF,PUPPY,LOGIN-0007,authentication_result,STRING,SUCCESS,,,,,,,false,6,genie/puppy/login_events.csv,authentication_result,2026.07.19.3
BISCUIT_RELIEF,PUPPY,LOGIN-0007,source_system_id,STRING,DEVICE_LOG,,,,,,,false,7,genie/puppy/login_events.csv,source_system_id,2026.07.19.3
BISCUIT_RELIEF,PUPPY,LOGIN-0008,login_event_id,STRING,LOGIN-0008,,,,,,,false,1,genie/puppy/login_events.csv,login_event_id,2026.07.19.3
BISCUIT_RELIEF,PUPPY,LOGIN-0008,person_record_id,STRING,PR-PRIYA-02,,,,,,,false,2,genie/puppy/login_events.csv,person_record_id,2026.07.19.3
BISCUIT_RELIEF,PUPPY,LOGIN-0008,device_id,STRING,DEV-PROCESSOR-01,,,,,,,false,3,genie/puppy/login_events.csv,device_id,2026.07.19.3
BISCUIT_RELIEF,PUPPY,LOGIN-0008,login_at,TIMESTAMP,,,,,,2025-02-02T10:14:00Z,,false,4,genie/puppy/login_events.csv,login_at,2026.07.19.3
BISCUIT_RELIEF,PUPPY,LOGIN-0008,ip_address,STRING,203.0.113.27,,,,,,,false,5,genie/puppy/login_events.csv,ip_address,2026.07.19.3
BISCUIT_RELIEF,PUPPY,LOGIN-0008,authentication_result,STRING,SUCCESS,,,,,,,false,6,genie/puppy/login_events.csv,authentication_result,2026.07.19.3
BISCUIT_RELIEF,PUPPY,LOGIN-0008,source_system_id,STRING,DEVICE_LOG,,,,,,,false,7,genie/puppy/login_events.csv,source_system_id,2026.07.19.3
BISCUIT_RELIEF,PUPPY,LOGIN-0009,login_event_id,STRING,LOGIN-0009,,,,,,,false,1,genie/puppy/login_events.csv,login_event_id,2026.07.19.3
BISCUIT_RELIEF,PUPPY,LOGIN-0009,person_record_id,STRING,PR-ARLO-03,,,,,,,false,2,genie/puppy/login_events.csv,person_record_id,2026.07.19.3
BISCUIT_RELIEF,PUPPY,LOGIN-0009,device_id,STRING,DEV-CAMPAIGN-17,,,,,,,false,3,genie/puppy/login_events.csv,device_id,2026.07.19.3
BISCUIT_RELIEF,PUPPY,LOGIN-0009,login_at,TIMESTAMP,,,,,,2025-02-06T10:31:00Z,,false,4,genie/puppy/login_events.csv,login_at,2026.07.19.3
BISCUIT_RELIEF,PUPPY,LOGIN-0009,ip_address,STRING,198.51.100.88,,,,,,,false,5,genie/puppy/login_events.csv,ip_address,2026.07.19.3
BISCUIT_RELIEF,PUPPY,LOGIN-0009,authentication_result,STRING,SUCCESS,,,,,,,false,6,genie/puppy/login_events.csv,authentication_result,2026.07.19.3
BISCUIT_RELIEF,PUPPY,LOGIN-0009,source_system_id,STRING,DEVICE_LOG,,,,,,,false,7,genie/puppy/login_events.csv,source_system_id,2026.07.19.3
BISCUIT_RELIEF,PUPPY,LOGIN-0010,login_event_id,STRING,LOGIN-0010,,,,,,,false,1,genie/puppy/login_events.csv,login_event_id,2026.07.19.3
BISCUIT_RELIEF,PUPPY,LOGIN-0010,person_record_id,STRING,PR-MINA-03,,,,,,,false,2,genie/puppy/login_events.csv,person_record_id,2026.07.19.3
BISCUIT_RELIEF,PUPPY,LOGIN-0010,device_id,STRING,DEV-CAMPAIGN-17,,,,,,,false,3,genie/puppy/login_events.csv,device_id,2026.07.19.3
BISCUIT_RELIEF,PUPPY,LOGIN-0010,login_at,TIMESTAMP,,,,,,2025-02-10T10:48:00Z,,false,4,genie/puppy/login_events.csv,login_at,2026.07.19.3
BISCUIT_RELIEF,PUPPY,LOGIN-0010,ip_address,STRING,203.0.113.29,,,,,,,false,5,genie/puppy/login_events.csv,ip_address,2026.07.19.3
BISCUIT_RELIEF,PUPPY,LOGIN-0010,authentication_result,STRING,SUCCESS,,,,,,,false,6,genie/puppy/login_events.csv,authentication_result,2026.07.19.3
BISCUIT_RELIEF,PUPPY,LOGIN-0010,source_system_id,STRING,DEVICE_LOG,,,,,,,false,7,genie/puppy/login_events.csv,source_system_id,2026.07.19.3
BISCUIT_RELIEF,PUPPY,LOGIN-0011,login_event_id,STRING,LOGIN-0011,,,,,,,false,1,genie/puppy/login_events.csv,login_event_id,2026.07.19.3
BISCUIT_RELIEF,PUPPY,LOGIN-0011,person_record_id,STRING,PR-FELIX-03,,,,,,,false,2,genie/puppy/login_events.csv,person_record_id,2026.07.19.3
BISCUIT_RELIEF,PUPPY,LOGIN-0011,device_id,STRING,DEV-FINANCE-22,,,,,,,false,3,genie/puppy/login_events.csv,device_id,2026.07.19.3
BISCUIT_RELIEF,PUPPY,LOGIN-0011,login_at,TIMESTAMP,,,,,,2025-02-14T11:05:00Z,,false,4,genie/puppy/login_events.csv,login_at,2026.07.19.3
BISCUIT_RELIEF,PUPPY,LOGIN-0011,ip_address,STRING,203.0.113.30,,,,,,,false,5,genie/puppy/login_events.csv,ip_address,2026.07.19.3
BISCUIT_RELIEF,PUPPY,LOGIN-0011,authentication_result,STRING,SUCCESS,,,,,,,false,6,genie/puppy/login_events.csv,authentication_result,2026.07.19.3
BISCUIT_RELIEF,PUPPY,LOGIN-0011,source_system_id,STRING,DEVICE_LOG,,,,,,,false,7,genie/puppy/login_events.csv,source_system_id,2026.07.19.3
BISCUIT_RELIEF,PUPPY,LOGIN-0012,login_event_id,STRING,LOGIN-0012,,,,,,,false,1,genie/puppy/login_events.csv,login_event_id,2026.07.19.3
BISCUIT_RELIEF,PUPPY,LOGIN-0012,person_record_id,STRING,PR-ARLO-03,,,,,,,false,2,genie/puppy/login_events.csv,person_record_id,2026.07.19.3
BISCUIT_RELIEF,PUPPY,LOGIN-0012,device_id,STRING,DEV-ARLO-P1,,,,,,,false,3,genie/puppy/login_events.csv,device_id,2026.07.19.3
BISCUIT_RELIEF,PUPPY,LOGIN-0012,login_at,TIMESTAMP,,,,,,2025-02-18T11:22:00Z,,false,4,genie/puppy/login_events.csv,login_at,2026.07.19.3
BISCUIT_RELIEF,PUPPY,LOGIN-0012,ip_address,STRING,198.51.100.88,,,,,,,false,5,genie/puppy/login_events.csv,ip_address,2026.07.19.3
BISCUIT_RELIEF,PUPPY,LOGIN-0012,authentication_result,STRING,SUCCESS,,,,,,,false,6,genie/puppy/login_events.csv,authentication_result,2026.07.19.3
BISCUIT_RELIEF,PUPPY,LOGIN-0012,source_system_id,STRING,DEVICE_LOG,,,,,,,false,7,genie/puppy/login_events.csv,source_system_id,2026.07.19.3
BISCUIT_RELIEF,PUPPY,LOGIN-0013,login_event_id,STRING,LOGIN-0013,,,,,,,false,1,genie/puppy/login_events.csv,login_event_id,2026.07.19.3
BISCUIT_RELIEF,PUPPY,LOGIN-0013,person_record_id,STRING,PR-VIOLET-02,,,,,,,false,2,genie/puppy/login_events.csv,person_record_id,2026.07.19.3
BISCUIT_RELIEF,PUPPY,LOGIN-0013,device_id,STRING,DEV-VOLUNTEER-04,,,,,,,false,3,genie/puppy/login_events.csv,device_id,2026.07.19.3
BISCUIT_RELIEF,PUPPY,LOGIN-0013,login_at,TIMESTAMP,,,,,,2025-02-22T11:39:00Z,,false,4,genie/puppy/login_events.csv,login_at,2026.07.19.3
BISCUIT_RELIEF,PUPPY,LOGIN-0013,ip_address,STRING,203.0.113.32,,,,,,,false,5,genie/puppy/login_events.csv,ip_address,2026.07.19.3
BISCUIT_RELIEF,PUPPY,LOGIN-0013,authentication_result,STRING,SUCCESS,,,,,,,false,6,genie/puppy/login_events.csv,authentication_result,2026.07.19.3
BISCUIT_RELIEF,PUPPY,LOGIN-0013,source_system_id,STRING,DEVICE_LOG,,,,,,,false,7,genie/puppy/login_events.csv,source_system_id,2026.07.19.3
BISCUIT_RELIEF,PUPPY,LOGIN-0014,login_event_id,STRING,LOGIN-0014,,,,,,,false,1,genie/puppy/login_events.csv,login_event_id,2026.07.19.3
BISCUIT_RELIEF,PUPPY,LOGIN-0014,person_record_id,STRING,PR-HOPE-01,,,,,,,false,2,genie/puppy/login_events.csv,person_record_id,2026.07.19.3
BISCUIT_RELIEF,PUPPY,LOGIN-0014,device_id,STRING,DEV-HOPE-PHONE,,,,,,,false,3,genie/puppy/login_events.csv,device_id,2026.07.19.3
BISCUIT_RELIEF,PUPPY,LOGIN-0014,login_at,TIMESTAMP,,,,,,2025-02-26T11:56:00Z,,false,4,genie/puppy/login_events.csv,login_at,2026.07.19.3
BISCUIT_RELIEF,PUPPY,LOGIN-0014,ip_address,STRING,198.51.100.88,,,,,,,false,5,genie/puppy/login_events.csv,ip_address,2026.07.19.3
BISCUIT_RELIEF,PUPPY,LOGIN-0014,authentication_result,STRING,SUCCESS,,,,,,,false,6,genie/puppy/login_events.csv,authentication_result,2026.07.19.3
BISCUIT_RELIEF,PUPPY,LOGIN-0014,source_system_id,STRING,DEVICE_LOG,,,,,,,false,7,genie/puppy/login_events.csv,source_system_id,2026.07.19.3
BISCUIT_RELIEF,PUPPY,LOGIN-0015,login_event_id,STRING,LOGIN-0015,,,,,,,false,1,genie/puppy/login_events.csv,login_event_id,2026.07.19.3
BISCUIT_RELIEF,PUPPY,LOGIN-0015,person_record_id,STRING,PR-VIOLET-02,,,,,,,false,2,genie/puppy/login_events.csv,person_record_id,2026.07.19.3
BISCUIT_RELIEF,PUPPY,LOGIN-0015,device_id,STRING,DEV-VIOLET-TAB,,,,,,,false,3,genie/puppy/login_events.csv,device_id,2026.07.19.3
BISCUIT_RELIEF,PUPPY,LOGIN-0015,login_at,TIMESTAMP,,,,,,2025-03-02T12:13:00Z,,false,4,genie/puppy/login_events.csv,login_at,2026.07.19.3
BISCUIT_RELIEF,PUPPY,LOGIN-0015,ip_address,STRING,198.51.100.88,,,,,,,false,5,genie/puppy/login_events.csv,ip_address,2026.07.19.3
BISCUIT_RELIEF,PUPPY,LOGIN-0015,authentication_result,STRING,SUCCESS,,,,,,,false,6,genie/puppy/login_events.csv,authentication_result,2026.07.19.3
BISCUIT_RELIEF,PUPPY,LOGIN-0015,source_system_id,STRING,DEVICE_LOG,,,,,,,false,7,genie/puppy/login_events.csv,source_system_id,2026.07.19.3
BISCUIT_RELIEF,PUPPY,LOGIN-0016,login_event_id,STRING,LOGIN-0016,,,,,,,false,1,genie/puppy/login_events.csv,login_event_id,2026.07.19.3
BISCUIT_RELIEF,PUPPY,LOGIN-0016,person_record_id,STRING,PR-PRIYA-02,,,,,,,false,2,genie/puppy/login_events.csv,person_record_id,2026.07.19.3
BISCUIT_RELIEF,PUPPY,LOGIN-0016,device_id,STRING,DEV-PROCESSOR-01,,,,,,,false,3,genie/puppy/login_events.csv,device_id,2026.07.19.3
BISCUIT_RELIEF,PUPPY,LOGIN-0016,login_at,TIMESTAMP,,,,,,2025-03-06T08:30:00Z,,false,4,genie/puppy/login_events.csv,login_at,2026.07.19.3
BISCUIT_RELIEF,PUPPY,LOGIN-0016,ip_address,STRING,203.0.113.35,,,,,,,false,5,genie/puppy/login_events.csv,ip_address,2026.07.19.3
BISCUIT_RELIEF,PUPPY,LOGIN-0016,authentication_result,STRING,SUCCESS,,,,,,,false,6,genie/puppy/login_events.csv,authentication_result,2026.07.19.3
BISCUIT_RELIEF,PUPPY,LOGIN-0016,source_system_id,STRING,DEVICE_LOG,,,,,,,false,7,genie/puppy/login_events.csv,source_system_id,2026.07.19.3
BISCUIT_RELIEF,PUPPY,LOGIN-0017,login_event_id,STRING,LOGIN-0017,,,,,,,false,1,genie/puppy/login_events.csv,login_event_id,2026.07.19.3
BISCUIT_RELIEF,PUPPY,LOGIN-0017,person_record_id,STRING,PR-ARLO-03,,,,,,,false,2,genie/puppy/login_events.csv,person_record_id,2026.07.19.3
BISCUIT_RELIEF,PUPPY,LOGIN-0017,device_id,STRING,DEV-CAMPAIGN-17,,,,,,,false,3,genie/puppy/login_events.csv,device_id,2026.07.19.3
BISCUIT_RELIEF,PUPPY,LOGIN-0017,login_at,TIMESTAMP,,,,,,2025-03-10T08:47:00Z,,false,4,genie/puppy/login_events.csv,login_at,2026.07.19.3
BISCUIT_RELIEF,PUPPY,LOGIN-0017,ip_address,STRING,198.51.100.88,,,,,,,false,5,genie/puppy/login_events.csv,ip_address,2026.07.19.3
BISCUIT_RELIEF,PUPPY,LOGIN-0017,authentication_result,STRING,SUCCESS,,,,,,,false,6,genie/puppy/login_events.csv,authentication_result,2026.07.19.3
BISCUIT_RELIEF,PUPPY,LOGIN-0017,source_system_id,STRING,DEVICE_LOG,,,,,,,false,7,genie/puppy/login_events.csv,source_system_id,2026.07.19.3
BISCUIT_RELIEF,PUPPY,LOGIN-0018,login_event_id,STRING,LOGIN-0018,,,,,,,false,1,genie/puppy/login_events.csv,login_event_id,2026.07.19.3
BISCUIT_RELIEF,PUPPY,LOGIN-0018,person_record_id,STRING,PR-MINA-03,,,,,,,false,2,genie/puppy/login_events.csv,person_record_id,2026.07.19.3
BISCUIT_RELIEF,PUPPY,LOGIN-0018,device_id,STRING,DEV-CAMPAIGN-17,,,,,,,false,3,genie/puppy/login_events.csv,device_id,2026.07.19.3
BISCUIT_RELIEF,PUPPY,LOGIN-0018,login_at,TIMESTAMP,,,,,,2025-03-14T09:04:00Z,,false,4,genie/puppy/login_events.csv,login_at,2026.07.19.3
BISCUIT_RELIEF,PUPPY,LOGIN-0018,ip_address,STRING,198.51.100.88,,,,,,,false,5,genie/puppy/login_events.csv,ip_address,2026.07.19.3
BISCUIT_RELIEF,PUPPY,LOGIN-0018,authentication_result,STRING,FAILED_THEN_SUCCESS,,,,,,,false,6,genie/puppy/login_events.csv,authentication_result,2026.07.19.3
BISCUIT_RELIEF,PUPPY,LOGIN-0018,source_system_id,STRING,DEVICE_LOG,,,,,,,false,7,genie/puppy/login_events.csv,source_system_id,2026.07.19.3
BISCUIT_RELIEF,PUPPY,LOGIN-0019,login_event_id,STRING,LOGIN-0019,,,,,,,false,1,genie/puppy/login_events.csv,login_event_id,2026.07.19.3
BISCUIT_RELIEF,PUPPY,LOGIN-0019,person_record_id,STRING,PR-FELIX-03,,,,,,,false,2,genie/puppy/login_events.csv,person_record_id,2026.07.19.3
BISCUIT_RELIEF,PUPPY,LOGIN-0019,device_id,STRING,DEV-FINANCE-22,,,,,,,false,3,genie/puppy/login_events.csv,device_id,2026.07.19.3
BISCUIT_RELIEF,PUPPY,LOGIN-0019,login_at,TIMESTAMP,,,,,,2025-03-18T09:21:00Z,,false,4,genie/puppy/login_events.csv,login_at,2026.07.19.3
BISCUIT_RELIEF,PUPPY,LOGIN-0019,ip_address,STRING,203.0.113.38,,,,,,,false,5,genie/puppy/login_events.csv,ip_address,2026.07.19.3
BISCUIT_RELIEF,PUPPY,LOGIN-0019,authentication_result,STRING,SUCCESS,,,,,,,false,6,genie/puppy/login_events.csv,authentication_result,2026.07.19.3
BISCUIT_RELIEF,PUPPY,LOGIN-0019,source_system_id,STRING,DEVICE_LOG,,,,,,,false,7,genie/puppy/login_events.csv,source_system_id,2026.07.19.3
BISCUIT_RELIEF,PUPPY,LOGIN-0020,login_event_id,STRING,LOGIN-0020,,,,,,,false,1,genie/puppy/login_events.csv,login_event_id,2026.07.19.3
BISCUIT_RELIEF,PUPPY,LOGIN-0020,person_record_id,STRING,PR-ARLO-03,,,,,,,false,2,genie/puppy/login_events.csv,person_record_id,2026.07.19.3
BISCUIT_RELIEF,PUPPY,LOGIN-0020,device_id,STRING,DEV-ARLO-P1,,,,,,,false,3,genie/puppy/login_events.csv,device_id,2026.07.19.3
BISCUIT_RELIEF,PUPPY,LOGIN-0020,login_at,TIMESTAMP,,,,,,2025-03-22T09:38:00Z,,false,4,genie/puppy/login_events.csv,login_at,2026.07.19.3
BISCUIT_RELIEF,PUPPY,LOGIN-0020,ip_address,STRING,198.51.100.88,,,,,,,false,5,genie/puppy/login_events.csv,ip_address,2026.07.19.3
BISCUIT_RELIEF,PUPPY,LOGIN-0020,authentication_result,STRING,SUCCESS,,,,,,,false,6,genie/puppy/login_events.csv,authentication_result,2026.07.19.3
BISCUIT_RELIEF,PUPPY,LOGIN-0020,source_system_id,STRING,DEVICE_LOG,,,,,,,false,7,genie/puppy/login_events.csv,source_system_id,2026.07.19.3
BISCUIT_RELIEF,PUPPY,LOGIN-0021,login_event_id,STRING,LOGIN-0021,,,,,,,false,1,genie/puppy/login_events.csv,login_event_id,2026.07.19.3
BISCUIT_RELIEF,PUPPY,LOGIN-0021,person_record_id,STRING,PR-VIOLET-02,,,,,,,false,2,genie/puppy/login_events.csv,person_record_id,2026.07.19.3
BISCUIT_RELIEF,PUPPY,LOGIN-0021,device_id,STRING,DEV-VOLUNTEER-04,,,,,,,false,3,genie/puppy/login_events.csv,device_id,2026.07.19.3
BISCUIT_RELIEF,PUPPY,LOGIN-0021,login_at,TIMESTAMP,,,,,,2025-03-26T09:55:00Z,,false,4,genie/puppy/login_events.csv,login_at,2026.07.19.3
BISCUIT_RELIEF,PUPPY,LOGIN-0021,ip_address,STRING,198.51.100.88,,,,,,,false,5,genie/puppy/login_events.csv,ip_address,2026.07.19.3
BISCUIT_RELIEF,PUPPY,LOGIN-0021,authentication_result,STRING,SUCCESS,,,,,,,false,6,genie/puppy/login_events.csv,authentication_result,2026.07.19.3
BISCUIT_RELIEF,PUPPY,LOGIN-0021,source_system_id,STRING,DEVICE_LOG,,,,,,,false,7,genie/puppy/login_events.csv,source_system_id,2026.07.19.3
BISCUIT_RELIEF,PUPPY,LOGIN-0022,login_event_id,STRING,LOGIN-0022,,,,,,,false,1,genie/puppy/login_events.csv,login_event_id,2026.07.19.3
BISCUIT_RELIEF,PUPPY,LOGIN-0022,person_record_id,STRING,PR-HOPE-01,,,,,,,false,2,genie/puppy/login_events.csv,person_record_id,2026.07.19.3
BISCUIT_RELIEF,PUPPY,LOGIN-0022,device_id,STRING,DEV-HOPE-PHONE,,,,,,,false,3,genie/puppy/login_events.csv,device_id,2026.07.19.3
BISCUIT_RELIEF,PUPPY,LOGIN-0022,login_at,TIMESTAMP,,,,,,2025-03-30T10:12:00Z,,false,4,genie/puppy/login_events.csv,login_at,2026.07.19.3
BISCUIT_RELIEF,PUPPY,LOGIN-0022,ip_address,STRING,203.0.113.41,,,,,,,false,5,genie/puppy/login_events.csv,ip_address,2026.07.19.3
BISCUIT_RELIEF,PUPPY,LOGIN-0022,authentication_result,STRING,SUCCESS,,,,,,,false,6,genie/puppy/login_events.csv,authentication_result,2026.07.19.3
BISCUIT_RELIEF,PUPPY,LOGIN-0022,source_system_id,STRING,DEVICE_LOG,,,,,,,false,7,genie/puppy/login_events.csv,source_system_id,2026.07.19.3
BISCUIT_RELIEF,PUPPY,LOGIN-0023,login_event_id,STRING,LOGIN-0023,,,,,,,false,1,genie/puppy/login_events.csv,login_event_id,2026.07.19.3
BISCUIT_RELIEF,PUPPY,LOGIN-0023,person_record_id,STRING,PR-VIOLET-02,,,,,,,false,2,genie/puppy/login_events.csv,person_record_id,2026.07.19.3
BISCUIT_RELIEF,PUPPY,LOGIN-0023,device_id,STRING,DEV-VIOLET-TAB,,,,,,,false,3,genie/puppy/login_events.csv,device_id,2026.07.19.3
BISCUIT_RELIEF,PUPPY,LOGIN-0023,login_at,TIMESTAMP,,,,,,2025-04-03T10:29:00Z,,false,4,genie/puppy/login_events.csv,login_at,2026.07.19.3
BISCUIT_RELIEF,PUPPY,LOGIN-0023,ip_address,STRING,198.51.100.88,,,,,,,false,5,genie/puppy/login_events.csv,ip_address,2026.07.19.3
BISCUIT_RELIEF,PUPPY,LOGIN-0023,authentication_result,STRING,SUCCESS,,,,,,,false,6,genie/puppy/login_events.csv,authentication_result,2026.07.19.3
BISCUIT_RELIEF,PUPPY,LOGIN-0023,source_system_id,STRING,DEVICE_LOG,,,,,,,false,7,genie/puppy/login_events.csv,source_system_id,2026.07.19.3
BISCUIT_RELIEF,PUPPY,LOGIN-0024,login_event_id,STRING,LOGIN-0024,,,,,,,false,1,genie/puppy/login_events.csv,login_event_id,2026.07.19.3
BISCUIT_RELIEF,PUPPY,LOGIN-0024,person_record_id,STRING,PR-PRIYA-02,,,,,,,false,2,genie/puppy/login_events.csv,person_record_id,2026.07.19.3
BISCUIT_RELIEF,PUPPY,LOGIN-0024,device_id,STRING,DEV-PROCESSOR-01,,,,,,,false,3,genie/puppy/login_events.csv,device_id,2026.07.19.3
BISCUIT_RELIEF,PUPPY,LOGIN-0024,login_at,TIMESTAMP,,,,,,2025-04-07T10:46:00Z,,false,4,genie/puppy/login_events.csv,login_at,2026.07.19.3
BISCUIT_RELIEF,PUPPY,LOGIN-0024,ip_address,STRING,203.0.113.43,,,,,,,false,5,genie/puppy/login_events.csv,ip_address,2026.07.19.3
BISCUIT_RELIEF,PUPPY,LOGIN-0024,authentication_result,STRING,SUCCESS,,,,,,,false,6,genie/puppy/login_events.csv,authentication_result,2026.07.19.3
BISCUIT_RELIEF,PUPPY,LOGIN-0024,source_system_id,STRING,DEVICE_LOG,,,,,,,false,7,genie/puppy/login_events.csv,source_system_id,2026.07.19.3
BISCUIT_RELIEF,PUPPY,LOGIN-0025,login_event_id,STRING,LOGIN-0025,,,,,,,false,1,genie/puppy/login_events.csv,login_event_id,2026.07.19.3
BISCUIT_RELIEF,PUPPY,LOGIN-0025,person_record_id,STRING,PR-ARLO-03,,,,,,,false,2,genie/puppy/login_events.csv,person_record_id,2026.07.19.3
BISCUIT_RELIEF,PUPPY,LOGIN-0025,device_id,STRING,DEV-CAMPAIGN-17,,,,,,,false,3,genie/puppy/login_events.csv,device_id,2026.07.19.3
BISCUIT_RELIEF,PUPPY,LOGIN-0025,login_at,TIMESTAMP,,,,,,2025-04-11T11:03:00Z,,false,4,genie/puppy/login_events.csv,login_at,2026.07.19.3
BISCUIT_RELIEF,PUPPY,LOGIN-0025,ip_address,STRING,203.0.113.44,,,,,,,false,5,genie/puppy/login_events.csv,ip_address,2026.07.19.3
BISCUIT_RELIEF,PUPPY,LOGIN-0025,authentication_result,STRING,SUCCESS,,,,,,,false,6,genie/puppy/login_events.csv,authentication_result,2026.07.19.3
BISCUIT_RELIEF,PUPPY,LOGIN-0025,source_system_id,STRING,DEVICE_LOG,,,,,,,false,7,genie/puppy/login_events.csv,source_system_id,2026.07.19.3
BISCUIT_RELIEF,PUPPY,LOGIN-0026,login_event_id,STRING,LOGIN-0026,,,,,,,false,1,genie/puppy/login_events.csv,login_event_id,2026.07.19.3
BISCUIT_RELIEF,PUPPY,LOGIN-0026,person_record_id,STRING,PR-MINA-03,,,,,,,false,2,genie/puppy/login_events.csv,person_record_id,2026.07.19.3
BISCUIT_RELIEF,PUPPY,LOGIN-0026,device_id,STRING,DEV-CAMPAIGN-17,,,,,,,false,3,genie/puppy/login_events.csv,device_id,2026.07.19.3
BISCUIT_RELIEF,PUPPY,LOGIN-0026,login_at,TIMESTAMP,,,,,,2025-04-15T11:20:00Z,,false,4,genie/puppy/login_events.csv,login_at,2026.07.19.3
BISCUIT_RELIEF,PUPPY,LOGIN-0026,ip_address,STRING,198.51.100.88,,,,,,,false,5,genie/puppy/login_events.csv,ip_address,2026.07.19.3
BISCUIT_RELIEF,PUPPY,LOGIN-0026,authentication_result,STRING,SUCCESS,,,,,,,false,6,genie/puppy/login_events.csv,authentication_result,2026.07.19.3
BISCUIT_RELIEF,PUPPY,LOGIN-0026,source_system_id,STRING,DEVICE_LOG,,,,,,,false,7,genie/puppy/login_events.csv,source_system_id,2026.07.19.3
BISCUIT_RELIEF,PUPPY,LOGIN-0027,login_event_id,STRING,LOGIN-0027,,,,,,,false,1,genie/puppy/login_events.csv,login_event_id,2026.07.19.3
BISCUIT_RELIEF,PUPPY,LOGIN-0027,person_record_id,STRING,PR-FELIX-03,,,,,,,false,2,genie/puppy/login_events.csv,person_record_id,2026.07.19.3
BISCUIT_RELIEF,PUPPY,LOGIN-0027,device_id,STRING,DEV-FINANCE-22,,,,,,,false,3,genie/puppy/login_events.csv,device_id,2026.07.19.3
BISCUIT_RELIEF,PUPPY,LOGIN-0027,login_at,TIMESTAMP,,,,,,2025-04-19T11:37:00Z,,false,4,genie/puppy/login_events.csv,login_at,2026.07.19.3
BISCUIT_RELIEF,PUPPY,LOGIN-0027,ip_address,STRING,203.0.113.46,,,,,,,false,5,genie/puppy/login_events.csv,ip_address,2026.07.19.3
BISCUIT_RELIEF,PUPPY,LOGIN-0027,authentication_result,STRING,SUCCESS,,,,,,,false,6,genie/puppy/login_events.csv,authentication_result,2026.07.19.3
BISCUIT_RELIEF,PUPPY,LOGIN-0027,source_system_id,STRING,DEVICE_LOG,,,,,,,false,7,genie/puppy/login_events.csv,source_system_id,2026.07.19.3
BISCUIT_RELIEF,PUPPY,LOGIN-0028,login_event_id,STRING,LOGIN-0028,,,,,,,false,1,genie/puppy/login_events.csv,login_event_id,2026.07.19.3
BISCUIT_RELIEF,PUPPY,LOGIN-0028,person_record_id,STRING,PR-ARLO-03,,,,,,,false,2,genie/puppy/login_events.csv,person_record_id,2026.07.19.3
BISCUIT_RELIEF,PUPPY,LOGIN-0028,device_id,STRING,DEV-ARLO-P1,,,,,,,false,3,genie/puppy/login_events.csv,device_id,2026.07.19.3
BISCUIT_RELIEF,PUPPY,LOGIN-0028,login_at,TIMESTAMP,,,,,,2025-04-23T11:54:00Z,,false,4,genie/puppy/login_events.csv,login_at,2026.07.19.3
BISCUIT_RELIEF,PUPPY,LOGIN-0028,ip_address,STRING,203.0.113.47,,,,,,,false,5,genie/puppy/login_events.csv,ip_address,2026.07.19.3
BISCUIT_RELIEF,PUPPY,LOGIN-0028,authentication_result,STRING,SUCCESS,,,,,,,false,6,genie/puppy/login_events.csv,authentication_result,2026.07.19.3
BISCUIT_RELIEF,PUPPY,LOGIN-0028,source_system_id,STRING,DEVICE_LOG,,,,,,,false,7,genie/puppy/login_events.csv,source_system_id,2026.07.19.3
BISCUIT_RELIEF,PUPPY,LOGIN-0029,login_event_id,STRING,LOGIN-0029,,,,,,,false,1,genie/puppy/login_events.csv,login_event_id,2026.07.19.3
BISCUIT_RELIEF,PUPPY,LOGIN-0029,person_record_id,STRING,PR-VIOLET-02,,,,,,,false,2,genie/puppy/login_events.csv,person_record_id,2026.07.19.3
BISCUIT_RELIEF,PUPPY,LOGIN-0029,device_id,STRING,DEV-VOLUNTEER-04,,,,,,,false,3,genie/puppy/login_events.csv,device_id,2026.07.19.3
BISCUIT_RELIEF,PUPPY,LOGIN-0029,login_at,TIMESTAMP,,,,,,2025-04-27T12:11:00Z,,false,4,genie/puppy/login_events.csv,login_at,2026.07.19.3
BISCUIT_RELIEF,PUPPY,LOGIN-0029,ip_address,STRING,198.51.100.88,,,,,,,false,5,genie/puppy/login_events.csv,ip_address,2026.07.19.3
BISCUIT_RELIEF,PUPPY,LOGIN-0029,authentication_result,STRING,SUCCESS,,,,,,,false,6,genie/puppy/login_events.csv,authentication_result,2026.07.19.3
BISCUIT_RELIEF,PUPPY,LOGIN-0029,source_system_id,STRING,DEVICE_LOG,,,,,,,false,7,genie/puppy/login_events.csv,source_system_id,2026.07.19.3
BISCUIT_RELIEF,PUPPY,LOGIN-0030,login_event_id,STRING,LOGIN-0030,,,,,,,false,1,genie/puppy/login_events.csv,login_event_id,2026.07.19.3
BISCUIT_RELIEF,PUPPY,LOGIN-0030,person_record_id,STRING,PR-HOPE-01,,,,,,,false,2,genie/puppy/login_events.csv,person_record_id,2026.07.19.3
BISCUIT_RELIEF,PUPPY,LOGIN-0030,device_id,STRING,DEV-HOPE-PHONE,,,,,,,false,3,genie/puppy/login_events.csv,device_id,2026.07.19.3
BISCUIT_RELIEF,PUPPY,LOGIN-0030,login_at,TIMESTAMP,,,,,,2025-05-01T08:28:00Z,,false,4,genie/puppy/login_events.csv,login_at,2026.07.19.3
BISCUIT_RELIEF,PUPPY,LOGIN-0030,ip_address,STRING,198.51.100.88,,,,,,,false,5,genie/puppy/login_events.csv,ip_address,2026.07.19.3
BISCUIT_RELIEF,PUPPY,LOGIN-0030,authentication_result,STRING,SUCCESS,,,,,,,false,6,genie/puppy/login_events.csv,authentication_result,2026.07.19.3
BISCUIT_RELIEF,PUPPY,LOGIN-0030,source_system_id,STRING,DEVICE_LOG,,,,,,,false,7,genie/puppy/login_events.csv,source_system_id,2026.07.19.3
BISCUIT_RELIEF,PUPPY,LOGIN-0031,login_event_id,STRING,LOGIN-0031,,,,,,,false,1,genie/puppy/login_events.csv,login_event_id,2026.07.19.3
BISCUIT_RELIEF,PUPPY,LOGIN-0031,person_record_id,STRING,PR-VIOLET-02,,,,,,,false,2,genie/puppy/login_events.csv,person_record_id,2026.07.19.3
BISCUIT_RELIEF,PUPPY,LOGIN-0031,device_id,STRING,DEV-VIOLET-TAB,,,,,,,false,3,genie/puppy/login_events.csv,device_id,2026.07.19.3
BISCUIT_RELIEF,PUPPY,LOGIN-0031,login_at,TIMESTAMP,,,,,,2025-05-05T08:45:00Z,,false,4,genie/puppy/login_events.csv,login_at,2026.07.19.3
BISCUIT_RELIEF,PUPPY,LOGIN-0031,ip_address,STRING,203.0.113.50,,,,,,,false,5,genie/puppy/login_events.csv,ip_address,2026.07.19.3
BISCUIT_RELIEF,PUPPY,LOGIN-0031,authentication_result,STRING,SUCCESS,,,,,,,false,6,genie/puppy/login_events.csv,authentication_result,2026.07.19.3
BISCUIT_RELIEF,PUPPY,LOGIN-0031,source_system_id,STRING,DEVICE_LOG,,,,,,,false,7,genie/puppy/login_events.csv,source_system_id,2026.07.19.3
BISCUIT_RELIEF,PUPPY,LOGIN-0032,login_event_id,STRING,LOGIN-0032,,,,,,,false,1,genie/puppy/login_events.csv,login_event_id,2026.07.19.3
BISCUIT_RELIEF,PUPPY,LOGIN-0032,person_record_id,STRING,PR-PRIYA-02,,,,,,,false,2,genie/puppy/login_events.csv,person_record_id,2026.07.19.3
BISCUIT_RELIEF,PUPPY,LOGIN-0032,device_id,STRING,DEV-PROCESSOR-01,,,,,,,false,3,genie/puppy/login_events.csv,device_id,2026.07.19.3
BISCUIT_RELIEF,PUPPY,LOGIN-0032,login_at,TIMESTAMP,,,,,,2025-05-09T09:02:00Z,,false,4,genie/puppy/login_events.csv,login_at,2026.07.19.3
BISCUIT_RELIEF,PUPPY,LOGIN-0032,ip_address,STRING,203.0.113.51,,,,,,,false,5,genie/puppy/login_events.csv,ip_address,2026.07.19.3
BISCUIT_RELIEF,PUPPY,LOGIN-0032,authentication_result,STRING,SUCCESS,,,,,,,false,6,genie/puppy/login_events.csv,authentication_result,2026.07.19.3
BISCUIT_RELIEF,PUPPY,LOGIN-0032,source_system_id,STRING,DEVICE_LOG,,,,,,,false,7,genie/puppy/login_events.csv,source_system_id,2026.07.19.3
BISCUIT_RELIEF,PUPPY,LOGIN-0033,login_event_id,STRING,LOGIN-0033,,,,,,,false,1,genie/puppy/login_events.csv,login_event_id,2026.07.19.3
BISCUIT_RELIEF,PUPPY,LOGIN-0033,person_record_id,STRING,PR-ARLO-03,,,,,,,false,2,genie/puppy/login_events.csv,person_record_id,2026.07.19.3
BISCUIT_RELIEF,PUPPY,LOGIN-0033,device_id,STRING,DEV-CAMPAIGN-17,,,,,,,false,3,genie/puppy/login_events.csv,device_id,2026.07.19.3
BISCUIT_RELIEF,PUPPY,LOGIN-0033,login_at,TIMESTAMP,,,,,,2025-05-13T09:19:00Z,,false,4,genie/puppy/login_events.csv,login_at,2026.07.19.3
BISCUIT_RELIEF,PUPPY,LOGIN-0033,ip_address,STRING,198.51.100.88,,,,,,,false,5,genie/puppy/login_events.csv,ip_address,2026.07.19.3
BISCUIT_RELIEF,PUPPY,LOGIN-0033,authentication_result,STRING,SUCCESS,,,,,,,false,6,genie/puppy/login_events.csv,authentication_result,2026.07.19.3
BISCUIT_RELIEF,PUPPY,LOGIN-0033,source_system_id,STRING,DEVICE_LOG,,,,,,,false,7,genie/puppy/login_events.csv,source_system_id,2026.07.19.3
BISCUIT_RELIEF,PUPPY,LOGIN-0034,login_event_id,STRING,LOGIN-0034,,,,,,,false,1,genie/puppy/login_events.csv,login_event_id,2026.07.19.3
BISCUIT_RELIEF,PUPPY,LOGIN-0034,person_record_id,STRING,PR-MINA-03,,,,,,,false,2,genie/puppy/login_events.csv,person_record_id,2026.07.19.3
BISCUIT_RELIEF,PUPPY,LOGIN-0034,device_id,STRING,DEV-CAMPAIGN-17,,,,,,,false,3,genie/puppy/login_events.csv,device_id,2026.07.19.3
BISCUIT_RELIEF,PUPPY,LOGIN-0034,login_at,TIMESTAMP,,,,,,2025-05-17T09:36:00Z,,false,4,genie/puppy/login_events.csv,login_at,2026.07.19.3
BISCUIT_RELIEF,PUPPY,LOGIN-0034,ip_address,STRING,203.0.113.53,,,,,,,false,5,genie/puppy/login_events.csv,ip_address,2026.07.19.3
BISCUIT_RELIEF,PUPPY,LOGIN-0034,authentication_result,STRING,SUCCESS,,,,,,,false,6,genie/puppy/login_events.csv,authentication_result,2026.07.19.3
BISCUIT_RELIEF,PUPPY,LOGIN-0034,source_system_id,STRING,DEVICE_LOG,,,,,,,false,7,genie/puppy/login_events.csv,source_system_id,2026.07.19.3
BISCUIT_RELIEF,PUPPY,LOGIN-0035,login_event_id,STRING,LOGIN-0035,,,,,,,false,1,genie/puppy/login_events.csv,login_event_id,2026.07.19.3
BISCUIT_RELIEF,PUPPY,LOGIN-0035,person_record_id,STRING,PR-FELIX-03,,,,,,,false,2,genie/puppy/login_events.csv,person_record_id,2026.07.19.3
BISCUIT_RELIEF,PUPPY,LOGIN-0035,device_id,STRING,DEV-FINANCE-22,,,,,,,false,3,genie/puppy/login_events.csv,device_id,2026.07.19.3
BISCUIT_RELIEF,PUPPY,LOGIN-0035,login_at,TIMESTAMP,,,,,,2025-05-21T09:53:00Z,,false,4,genie/puppy/login_events.csv,login_at,2026.07.19.3
BISCUIT_RELIEF,PUPPY,LOGIN-0035,ip_address,STRING,203.0.113.54,,,,,,,false,5,genie/puppy/login_events.csv,ip_address,2026.07.19.3
BISCUIT_RELIEF,PUPPY,LOGIN-0035,authentication_result,STRING,FAILED_THEN_SUCCESS,,,,,,,false,6,genie/puppy/login_events.csv,authentication_result,2026.07.19.3
BISCUIT_RELIEF,PUPPY,LOGIN-0035,source_system_id,STRING,DEVICE_LOG,,,,,,,false,7,genie/puppy/login_events.csv,source_system_id,2026.07.19.3
BISCUIT_RELIEF,PUPPY,LOGIN-0036,login_event_id,STRING,LOGIN-0036,,,,,,,false,1,genie/puppy/login_events.csv,login_event_id,2026.07.19.3
BISCUIT_RELIEF,PUPPY,LOGIN-0036,person_record_id,STRING,PR-ARLO-03,,,,,,,false,2,genie/puppy/login_events.csv,person_record_id,2026.07.19.3
BISCUIT_RELIEF,PUPPY,LOGIN-0036,device_id,STRING,DEV-ARLO-P1,,,,,,,false,3,genie/puppy/login_events.csv,device_id,2026.07.19.3
BISCUIT_RELIEF,PUPPY,LOGIN-0036,login_at,TIMESTAMP,,,,,,2025-05-25T10:10:00Z,,false,4,genie/puppy/login_events.csv,login_at,2026.07.19.3
BISCUIT_RELIEF,PUPPY,LOGIN-0036,ip_address,STRING,198.51.100.88,,,,,,,false,5,genie/puppy/login_events.csv,ip_address,2026.07.19.3
BISCUIT_RELIEF,PUPPY,LOGIN-0036,authentication_result,STRING,SUCCESS,,,,,,,false,6,genie/puppy/login_events.csv,authentication_result,2026.07.19.3
BISCUIT_RELIEF,PUPPY,LOGIN-0036,source_system_id,STRING,DEVICE_LOG,,,,,,,false,7,genie/puppy/login_events.csv,source_system_id,2026.07.19.3
BISCUIT_RELIEF,PUPPY,LOGIN-0037,login_event_id,STRING,LOGIN-0037,,,,,,,false,1,genie/puppy/login_events.csv,login_event_id,2026.07.19.3
BISCUIT_RELIEF,PUPPY,LOGIN-0037,person_record_id,STRING,PR-VIOLET-02,,,,,,,false,2,genie/puppy/login_events.csv,person_record_id,2026.07.19.3
BISCUIT_RELIEF,PUPPY,LOGIN-0037,device_id,STRING,DEV-VOLUNTEER-04,,,,,,,false,3,genie/puppy/login_events.csv,device_id,2026.07.19.3
BISCUIT_RELIEF,PUPPY,LOGIN-0037,login_at,TIMESTAMP,,,,,,2025-05-29T10:27:00Z,,false,4,genie/puppy/login_events.csv,login_at,2026.07.19.3
BISCUIT_RELIEF,PUPPY,LOGIN-0037,ip_address,STRING,203.0.113.56,,,,,,,false,5,genie/puppy/login_events.csv,ip_address,2026.07.19.3
BISCUIT_RELIEF,PUPPY,LOGIN-0037,authentication_result,STRING,SUCCESS,,,,,,,false,6,genie/puppy/login_events.csv,authentication_result,2026.07.19.3
BISCUIT_RELIEF,PUPPY,LOGIN-0037,source_system_id,STRING,DEVICE_LOG,,,,,,,false,7,genie/puppy/login_events.csv,source_system_id,2026.07.19.3
BISCUIT_RELIEF,PUPPY,LOGIN-0038,login_event_id,STRING,LOGIN-0038,,,,,,,false,1,genie/puppy/login_events.csv,login_event_id,2026.07.19.3
BISCUIT_RELIEF,PUPPY,LOGIN-0038,person_record_id,STRING,PR-HOPE-01,,,,,,,false,2,genie/puppy/login_events.csv,person_record_id,2026.07.19.3
BISCUIT_RELIEF,PUPPY,LOGIN-0038,device_id,STRING,DEV-HOPE-PHONE,,,,,,,false,3,genie/puppy/login_events.csv,device_id,2026.07.19.3
BISCUIT_RELIEF,PUPPY,LOGIN-0038,login_at,TIMESTAMP,,,,,,2025-06-02T10:44:00Z,,false,4,genie/puppy/login_events.csv,login_at,2026.07.19.3
BISCUIT_RELIEF,PUPPY,LOGIN-0038,ip_address,STRING,198.51.100.88,,,,,,,false,5,genie/puppy/login_events.csv,ip_address,2026.07.19.3
BISCUIT_RELIEF,PUPPY,LOGIN-0038,authentication_result,STRING,SUCCESS,,,,,,,false,6,genie/puppy/login_events.csv,authentication_result,2026.07.19.3
BISCUIT_RELIEF,PUPPY,LOGIN-0038,source_system_id,STRING,DEVICE_LOG,,,,,,,false,7,genie/puppy/login_events.csv,source_system_id,2026.07.19.3
BISCUIT_RELIEF,PUPPY,LOGIN-0039,login_event_id,STRING,LOGIN-0039,,,,,,,false,1,genie/puppy/login_events.csv,login_event_id,2026.07.19.3
BISCUIT_RELIEF,PUPPY,LOGIN-0039,person_record_id,STRING,PR-VIOLET-02,,,,,,,false,2,genie/puppy/login_events.csv,person_record_id,2026.07.19.3
BISCUIT_RELIEF,PUPPY,LOGIN-0039,device_id,STRING,DEV-VIOLET-TAB,,,,,,,false,3,genie/puppy/login_events.csv,device_id,2026.07.19.3
BISCUIT_RELIEF,PUPPY,LOGIN-0039,login_at,TIMESTAMP,,,,,,2025-06-06T11:01:00Z,,false,4,genie/puppy/login_events.csv,login_at,2026.07.19.3
BISCUIT_RELIEF,PUPPY,LOGIN-0039,ip_address,STRING,198.51.100.88,,,,,,,false,5,genie/puppy/login_events.csv,ip_address,2026.07.19.3
BISCUIT_RELIEF,PUPPY,LOGIN-0039,authentication_result,STRING,SUCCESS,,,,,,,false,6,genie/puppy/login_events.csv,authentication_result,2026.07.19.3
BISCUIT_RELIEF,PUPPY,LOGIN-0039,source_system_id,STRING,DEVICE_LOG,,,,,,,false,7,genie/puppy/login_events.csv,source_system_id,2026.07.19.3
BISCUIT_RELIEF,PUPPY,LOGIN-0040,login_event_id,STRING,LOGIN-0040,,,,,,,false,1,genie/puppy/login_events.csv,login_event_id,2026.07.19.3
BISCUIT_RELIEF,PUPPY,LOGIN-0040,person_record_id,STRING,PR-PRIYA-02,,,,,,,false,2,genie/puppy/login_events.csv,person_record_id,2026.07.19.3
BISCUIT_RELIEF,PUPPY,LOGIN-0040,device_id,STRING,DEV-PROCESSOR-01,,,,,,,false,3,genie/puppy/login_events.csv,device_id,2026.07.19.3
BISCUIT_RELIEF,PUPPY,LOGIN-0040,login_at,TIMESTAMP,,,,,,2025-06-10T11:18:00Z,,false,4,genie/puppy/login_events.csv,login_at,2026.07.19.3
BISCUIT_RELIEF,PUPPY,LOGIN-0040,ip_address,STRING,203.0.113.59,,,,,,,false,5,genie/puppy/login_events.csv,ip_address,2026.07.19.3
BISCUIT_RELIEF,PUPPY,LOGIN-0040,authentication_result,STRING,SUCCESS,,,,,,,false,6,genie/puppy/login_events.csv,authentication_result,2026.07.19.3
BISCUIT_RELIEF,PUPPY,LOGIN-0040,source_system_id,STRING,DEVICE_LOG,,,,,,,false,7,genie/puppy/login_events.csv,source_system_id,2026.07.19.3
BISCUIT_RELIEF,PUPPY,LOGIN-0041,login_event_id,STRING,LOGIN-0041,,,,,,,false,1,genie/puppy/login_events.csv,login_event_id,2026.07.19.3
BISCUIT_RELIEF,PUPPY,LOGIN-0041,person_record_id,STRING,PR-ARLO-03,,,,,,,false,2,genie/puppy/login_events.csv,person_record_id,2026.07.19.3
BISCUIT_RELIEF,PUPPY,LOGIN-0041,device_id,STRING,DEV-CAMPAIGN-17,,,,,,,false,3,genie/puppy/login_events.csv,device_id,2026.07.19.3
BISCUIT_RELIEF,PUPPY,LOGIN-0041,login_at,TIMESTAMP,,,,,,2025-06-14T11:35:00Z,,false,4,genie/puppy/login_events.csv,login_at,2026.07.19.3
BISCUIT_RELIEF,PUPPY,LOGIN-0041,ip_address,STRING,198.51.100.88,,,,,,,false,5,genie/puppy/login_events.csv,ip_address,2026.07.19.3
BISCUIT_RELIEF,PUPPY,LOGIN-0041,authentication_result,STRING,SUCCESS,,,,,,,false,6,genie/puppy/login_events.csv,authentication_result,2026.07.19.3
BISCUIT_RELIEF,PUPPY,LOGIN-0041,source_system_id,STRING,DEVICE_LOG,,,,,,,false,7,genie/puppy/login_events.csv,source_system_id,2026.07.19.3
BISCUIT_RELIEF,PUPPY,LOGIN-0042,login_event_id,STRING,LOGIN-0042,,,,,,,false,1,genie/puppy/login_events.csv,login_event_id,2026.07.19.3
BISCUIT_RELIEF,PUPPY,LOGIN-0042,person_record_id,STRING,PR-MINA-03,,,,,,,false,2,genie/puppy/login_events.csv,person_record_id,2026.07.19.3
BISCUIT_RELIEF,PUPPY,LOGIN-0042,device_id,STRING,DEV-CAMPAIGN-17,,,,,,,false,3,genie/puppy/login_events.csv,device_id,2026.07.19.3
BISCUIT_RELIEF,PUPPY,LOGIN-0042,login_at,TIMESTAMP,,,,,,2025-06-18T11:52:00Z,,false,4,genie/puppy/login_events.csv,login_at,2026.07.19.3
BISCUIT_RELIEF,PUPPY,LOGIN-0042,ip_address,STRING,198.51.100.88,,,,,,,false,5,genie/puppy/login_events.csv,ip_address,2026.07.19.3
BISCUIT_RELIEF,PUPPY,LOGIN-0042,authentication_result,STRING,SUCCESS,,,,,,,false,6,genie/puppy/login_events.csv,authentication_result,2026.07.19.3
BISCUIT_RELIEF,PUPPY,LOGIN-0042,source_system_id,STRING,DEVICE_LOG,,,,,,,false,7,genie/puppy/login_events.csv,source_system_id,2026.07.19.3
BISCUIT_RELIEF,PUPPY,LOGIN-0043,login_event_id,STRING,LOGIN-0043,,,,,,,false,1,genie/puppy/login_events.csv,login_event_id,2026.07.19.3
BISCUIT_RELIEF,PUPPY,LOGIN-0043,person_record_id,STRING,PR-FELIX-03,,,,,,,false,2,genie/puppy/login_events.csv,person_record_id,2026.07.19.3
BISCUIT_RELIEF,PUPPY,LOGIN-0043,device_id,STRING,DEV-FINANCE-22,,,,,,,false,3,genie/puppy/login_events.csv,device_id,2026.07.19.3
BISCUIT_RELIEF,PUPPY,LOGIN-0043,login_at,TIMESTAMP,,,,,,2025-06-22T12:09:00Z,,false,4,genie/puppy/login_events.csv,login_at,2026.07.19.3
BISCUIT_RELIEF,PUPPY,LOGIN-0043,ip_address,STRING,203.0.113.62,,,,,,,false,5,genie/puppy/login_events.csv,ip_address,2026.07.19.3
BISCUIT_RELIEF,PUPPY,LOGIN-0043,authentication_result,STRING,SUCCESS,,,,,,,false,6,genie/puppy/login_events.csv,authentication_result,2026.07.19.3
BISCUIT_RELIEF,PUPPY,LOGIN-0043,source_system_id,STRING,DEVICE_LOG,,,,,,,false,7,genie/puppy/login_events.csv,source_system_id,2026.07.19.3
BISCUIT_RELIEF,PUPPY,LOGIN-0044,login_event_id,STRING,LOGIN-0044,,,,,,,false,1,genie/puppy/login_events.csv,login_event_id,2026.07.19.3
BISCUIT_RELIEF,PUPPY,LOGIN-0044,person_record_id,STRING,PR-ARLO-03,,,,,,,false,2,genie/puppy/login_events.csv,person_record_id,2026.07.19.3
BISCUIT_RELIEF,PUPPY,LOGIN-0044,device_id,STRING,DEV-ARLO-P1,,,,,,,false,3,genie/puppy/login_events.csv,device_id,2026.07.19.3
BISCUIT_RELIEF,PUPPY,LOGIN-0044,login_at,TIMESTAMP,,,,,,2025-06-26T08:26:00Z,,false,4,genie/puppy/login_events.csv,login_at,2026.07.19.3
BISCUIT_RELIEF,PUPPY,LOGIN-0044,ip_address,STRING,198.51.100.88,,,,,,,false,5,genie/puppy/login_events.csv,ip_address,2026.07.19.3
BISCUIT_RELIEF,PUPPY,LOGIN-0044,authentication_result,STRING,SUCCESS,,,,,,,false,6,genie/puppy/login_events.csv,authentication_result,2026.07.19.3
BISCUIT_RELIEF,PUPPY,LOGIN-0044,source_system_id,STRING,DEVICE_LOG,,,,,,,false,7,genie/puppy/login_events.csv,source_system_id,2026.07.19.3
BISCUIT_RELIEF,PUPPY,LOGIN-0045,login_event_id,STRING,LOGIN-0045,,,,,,,false,1,genie/puppy/login_events.csv,login_event_id,2026.07.19.3
BISCUIT_RELIEF,PUPPY,LOGIN-0045,person_record_id,STRING,PR-VIOLET-02,,,,,,,false,2,genie/puppy/login_events.csv,person_record_id,2026.07.19.3
BISCUIT_RELIEF,PUPPY,LOGIN-0045,device_id,STRING,DEV-VOLUNTEER-04,,,,,,,false,3,genie/puppy/login_events.csv,device_id,2026.07.19.3
BISCUIT_RELIEF,PUPPY,LOGIN-0045,login_at,TIMESTAMP,,,,,,2025-06-30T08:43:00Z,,false,4,genie/puppy/login_events.csv,login_at,2026.07.19.3
BISCUIT_RELIEF,PUPPY,LOGIN-0045,ip_address,STRING,198.51.100.88,,,,,,,false,5,genie/puppy/login_events.csv,ip_address,2026.07.19.3
BISCUIT_RELIEF,PUPPY,LOGIN-0045,authentication_result,STRING,SUCCESS,,,,,,,false,6,genie/puppy/login_events.csv,authentication_result,2026.07.19.3
BISCUIT_RELIEF,PUPPY,LOGIN-0045,source_system_id,STRING,DEVICE_LOG,,,,,,,false,7,genie/puppy/login_events.csv,source_system_id,2026.07.19.3
BISCUIT_RELIEF,PUPPY,SETTLE-0001,settlement_id,STRING,SETTLE-0001,,,,,,,false,1,genie/puppy/processor_settlements.csv,settlement_id,2026.07.19.3
BISCUIT_RELIEF,PUPPY,SETTLE-0001,processor_merchant_id,STRING,MER-6104,,,,,,,false,2,genie/puppy/processor_settlements.csv,processor_merchant_id,2026.07.19.3
BISCUIT_RELIEF,PUPPY,SETTLE-0001,settled_at,TIMESTAMP,,,,,,2025-01-17T10:00:00Z,,false,3,genie/puppy/processor_settlements.csv,settled_at,2026.07.19.3
BISCUIT_RELIEF,PUPPY,SETTLE-0001,gross_amount,DECIMAL,,,26450.00,,,,,false,4,genie/puppy/processor_settlements.csv,gross_amount,2026.07.19.3
BISCUIT_RELIEF,PUPPY,SETTLE-0001,processor_fee,DECIMAL,,,639.30,,,,,false,5,genie/puppy/processor_settlements.csv,processor_fee,2026.07.19.3
BISCUIT_RELIEF,PUPPY,SETTLE-0001,net_amount,DECIMAL,,,25810.70,,,,,false,6,genie/puppy/processor_settlements.csv,net_amount,2026.07.19.3
BISCUIT_RELIEF,PUPPY,SETTLE-0001,currency,STRING,BSC,,,,,,,false,7,genie/puppy/processor_settlements.csv,currency,2026.07.19.3
BISCUIT_RELIEF,PUPPY,SETTLE-0001,source_account_id,STRING,A-PROC-6104,,,,,,,false,8,genie/puppy/processor_settlements.csv,source_account_id,2026.07.19.3
BISCUIT_RELIEF,PUPPY,SETTLE-0001,destination_account_id,STRING,A-GBRF-6401,,,,,,,false,9,genie/puppy/processor_settlements.csv,destination_account_id,2026.07.19.3
BISCUIT_RELIEF,PUPPY,SETTLE-0001,donation_ids,STRING,DON-00001;DON-00002;DON-00003,,,,,,,false,10,genie/puppy/processor_settlements.csv,donation_ids,2026.07.19.3
BISCUIT_RELIEF,PUPPY,SETTLE-0001,source_system_id,STRING,PAYMENT_PROCESSOR,,,,,,,false,11,genie/puppy/processor_settlements.csv,source_system_id,2026.07.19.3
BISCUIT_RELIEF,PUPPY,SETTLE-0002,settlement_id,STRING,SETTLE-0002,,,,,,,false,1,genie/puppy/processor_settlements.csv,settlement_id,2026.07.19.3
BISCUIT_RELIEF,PUPPY,SETTLE-0002,processor_merchant_id,STRING,MER-6104,,,,,,,false,2,genie/puppy/processor_settlements.csv,processor_merchant_id,2026.07.19.3
BISCUIT_RELIEF,PUPPY,SETTLE-0002,settled_at,TIMESTAMP,,,,,,2025-01-20T10:00:00Z,,false,3,genie/puppy/processor_settlements.csv,settled_at,2026.07.19.3
BISCUIT_RELIEF,PUPPY,SETTLE-0002,gross_amount,DECIMAL,,,12300.00,,,,,false,4,genie/puppy/processor_settlements.csv,gross_amount,2026.07.19.3
BISCUIT_RELIEF,PUPPY,SETTLE-0002,processor_fee,DECIMAL,,,299.70,,,,,false,5,genie/puppy/processor_settlements.csv,processor_fee,2026.07.19.3
BISCUIT_RELIEF,PUPPY,SETTLE-0002,net_amount,DECIMAL,,,12000.30,,,,,false,6,genie/puppy/processor_settlements.csv,net_amount,2026.07.19.3
BISCUIT_RELIEF,PUPPY,SETTLE-0002,currency,STRING,BSC,,,,,,,false,7,genie/puppy/processor_settlements.csv,currency,2026.07.19.3
BISCUIT_RELIEF,PUPPY,SETTLE-0002,source_account_id,STRING,A-PROC-6104,,,,,,,false,8,genie/puppy/processor_settlements.csv,source_account_id,2026.07.19.3
BISCUIT_RELIEF,PUPPY,SETTLE-0002,destination_account_id,STRING,A-GBRF-6401,,,,,,,false,9,genie/puppy/processor_settlements.csv,destination_account_id,2026.07.19.3
BISCUIT_RELIEF,PUPPY,SETTLE-0002,donation_ids,STRING,DON-00004;DON-00005;DON-00006,,,,,,,false,10,genie/puppy/processor_settlements.csv,donation_ids,2026.07.19.3
BISCUIT_RELIEF,PUPPY,SETTLE-0002,source_system_id,STRING,PAYMENT_PROCESSOR,,,,,,,false,11,genie/puppy/processor_settlements.csv,source_system_id,2026.07.19.3
BISCUIT_RELIEF,PUPPY,SETTLE-0003,settlement_id,STRING,SETTLE-0003,,,,,,,false,1,genie/puppy/processor_settlements.csv,settlement_id,2026.07.19.3
BISCUIT_RELIEF,PUPPY,SETTLE-0003,processor_merchant_id,STRING,MER-6104,,,,,,,false,2,genie/puppy/processor_settlements.csv,processor_merchant_id,2026.07.19.3
BISCUIT_RELIEF,PUPPY,SETTLE-0003,settled_at,TIMESTAMP,,,,,,2025-01-23T10:00:00Z,,false,3,genie/puppy/processor_settlements.csv,settled_at,2026.07.19.3
BISCUIT_RELIEF,PUPPY,SETTLE-0003,gross_amount,DECIMAL,,,18150.00,,,,,false,4,genie/puppy/processor_settlements.csv,gross_amount,2026.07.19.3
BISCUIT_RELIEF,PUPPY,SETTLE-0003,processor_fee,DECIMAL,,,440.10,,,,,false,5,genie/puppy/processor_settlements.csv,processor_fee,2026.07.19.3
BISCUIT_RELIEF,PUPPY,SETTLE-0003,net_amount,DECIMAL,,,17709.90,,,,,false,6,genie/puppy/processor_settlements.csv,net_amount,2026.07.19.3
BISCUIT_RELIEF,PUPPY,SETTLE-0003,currency,STRING,BSC,,,,,,,false,7,genie/puppy/processor_settlements.csv,currency,2026.07.19.3
BISCUIT_RELIEF,PUPPY,SETTLE-0003,source_account_id,STRING,A-PROC-6104,,,,,,,false,8,genie/puppy/processor_settlements.csv,source_account_id,2026.07.19.3
BISCUIT_RELIEF,PUPPY,SETTLE-0003,destination_account_id,STRING,A-GBRF-6401,,,,,,,false,9,genie/puppy/processor_settlements.csv,destination_account_id,2026.07.19.3
BISCUIT_RELIEF,PUPPY,SETTLE-0003,donation_ids,STRING,DON-00007;DON-00008;DON-00009,,,,,,,false,10,genie/puppy/processor_settlements.csv,donation_ids,2026.07.19.3
BISCUIT_RELIEF,PUPPY,SETTLE-0003,source_system_id,STRING,PAYMENT_PROCESSOR,,,,,,,false,11,genie/puppy/processor_settlements.csv,source_system_id,2026.07.19.3
BISCUIT_RELIEF,PUPPY,SETTLE-0004,settlement_id,STRING,SETTLE-0004,,,,,,,false,1,genie/puppy/processor_settlements.csv,settlement_id,2026.07.19.3
BISCUIT_RELIEF,PUPPY,SETTLE-0004,processor_merchant_id,STRING,MER-6104,,,,,,,false,2,genie/puppy/processor_settlements.csv,processor_merchant_id,2026.07.19.3
BISCUIT_RELIEF,PUPPY,SETTLE-0004,settled_at,TIMESTAMP,,,,,,2025-01-26T10:00:00Z,,false,3,genie/puppy/processor_settlements.csv,settled_at,2026.07.19.3
BISCUIT_RELIEF,PUPPY,SETTLE-0004,gross_amount,DECIMAL,,,24000.00,,,,,false,4,genie/puppy/processor_settlements.csv,gross_amount,2026.07.19.3
BISCUIT_RELIEF,PUPPY,SETTLE-0004,processor_fee,DECIMAL,,,580.50,,,,,false,5,genie/puppy/processor_settlements.csv,processor_fee,2026.07.19.3
BISCUIT_RELIEF,PUPPY,SETTLE-0004,net_amount,DECIMAL,,,23419.50,,,,,false,6,genie/puppy/processor_settlements.csv,net_amount,2026.07.19.3
BISCUIT_RELIEF,PUPPY,SETTLE-0004,currency,STRING,BSC,,,,,,,false,7,genie/puppy/processor_settlements.csv,currency,2026.07.19.3
BISCUIT_RELIEF,PUPPY,SETTLE-0004,source_account_id,STRING,A-PROC-6104,,,,,,,false,8,genie/puppy/processor_settlements.csv,source_account_id,2026.07.19.3
BISCUIT_RELIEF,PUPPY,SETTLE-0004,destination_account_id,STRING,A-GBRF-6401,,,,,,,false,9,genie/puppy/processor_settlements.csv,destination_account_id,2026.07.19.3
BISCUIT_RELIEF,PUPPY,SETTLE-0004,donation_ids,STRING,DON-00010;DON-00011;DON-00012,,,,,,,false,10,genie/puppy/processor_settlements.csv,donation_ids,2026.07.19.3
BISCUIT_RELIEF,PUPPY,SETTLE-0004,source_system_id,STRING,PAYMENT_PROCESSOR,,,,,,,false,11,genie/puppy/processor_settlements.csv,source_system_id,2026.07.19.3
BISCUIT_RELIEF,PUPPY,SETTLE-0005,settlement_id,STRING,SETTLE-0005,,,,,,,false,1,genie/puppy/processor_settlements.csv,settlement_id,2026.07.19.3
BISCUIT_RELIEF,PUPPY,SETTLE-0005,processor_merchant_id,STRING,MER-6104,,,,,,,false,2,genie/puppy/processor_settlements.csv,processor_merchant_id,2026.07.19.3
BISCUIT_RELIEF,PUPPY,SETTLE-0005,settled_at,TIMESTAMP,,,,,,2025-01-29T10:00:00Z,,false,3,genie/puppy/processor_settlements.csv,settled_at,2026.07.19.3
BISCUIT_RELIEF,PUPPY,SETTLE-0005,gross_amount,DECIMAL,,,12950.00,,,,,false,4,genie/puppy/processor_settlements.csv,gross_amount,2026.07.19.3
BISCUIT_RELIEF,PUPPY,SETTLE-0005,processor_fee,DECIMAL,,,315.30,,,,,false,5,genie/puppy/processor_settlements.csv,processor_fee,2026.07.19.3
BISCUIT_RELIEF,PUPPY,SETTLE-0005,net_amount,DECIMAL,,,12634.70,,,,,false,6,genie/puppy/processor_settlements.csv,net_amount,2026.07.19.3
BISCUIT_RELIEF,PUPPY,SETTLE-0005,currency,STRING,BSC,,,,,,,false,7,genie/puppy/processor_settlements.csv,currency,2026.07.19.3
BISCUIT_RELIEF,PUPPY,SETTLE-0005,source_account_id,STRING,A-PROC-6104,,,,,,,false,8,genie/puppy/processor_settlements.csv,source_account_id,2026.07.19.3
BISCUIT_RELIEF,PUPPY,SETTLE-0005,destination_account_id,STRING,A-GBRF-6401,,,,,,,false,9,genie/puppy/processor_settlements.csv,destination_account_id,2026.07.19.3
BISCUIT_RELIEF,PUPPY,SETTLE-0005,donation_ids,STRING,DON-00013;DON-00014;DON-00015,,,,,,,false,10,genie/puppy/processor_settlements.csv,donation_ids,2026.07.19.3
BISCUIT_RELIEF,PUPPY,SETTLE-0005,source_system_id,STRING,PAYMENT_PROCESSOR,,,,,,,false,11,genie/puppy/processor_settlements.csv,source_system_id,2026.07.19.3
BISCUIT_RELIEF,PUPPY,SETTLE-0006,settlement_id,STRING,SETTLE-0006,,,,,,,false,1,genie/puppy/processor_settlements.csv,settlement_id,2026.07.19.3
BISCUIT_RELIEF,PUPPY,SETTLE-0006,processor_merchant_id,STRING,MER-6104,,,,,,,false,2,genie/puppy/processor_settlements.csv,processor_merchant_id,2026.07.19.3
BISCUIT_RELIEF,PUPPY,SETTLE-0006,settled_at,TIMESTAMP,,,,,,2025-02-01T10:00:00Z,,false,3,genie/puppy/processor_settlements.csv,settled_at,2026.07.19.3
BISCUIT_RELIEF,PUPPY,SETTLE-0006,gross_amount,DECIMAL,,,10350.00,,,,,false,4,genie/puppy/processor_settlements.csv,gross_amount,2026.07.19.3
BISCUIT_RELIEF,PUPPY,SETTLE-0006,processor_fee,DECIMAL,,,252.90,,,,,false,5,genie/puppy/processor_settlements.csv,processor_fee,2026.07.19.3
BISCUIT_RELIEF,PUPPY,SETTLE-0006,net_amount,DECIMAL,,,10097.10,,,,,false,6,genie/puppy/processor_settlements.csv,net_amount,2026.07.19.3
BISCUIT_RELIEF,PUPPY,SETTLE-0006,currency,STRING,BSC,,,,,,,false,7,genie/puppy/processor_settlements.csv,currency,2026.07.19.3
BISCUIT_RELIEF,PUPPY,SETTLE-0006,source_account_id,STRING,A-PROC-6104,,,,,,,false,8,genie/puppy/processor_settlements.csv,source_account_id,2026.07.19.3
BISCUIT_RELIEF,PUPPY,SETTLE-0006,destination_account_id,STRING,A-GBRF-6401,,,,,,,false,9,genie/puppy/processor_settlements.csv,destination_account_id,2026.07.19.3
BISCUIT_RELIEF,PUPPY,SETTLE-0006,donation_ids,STRING,DON-00016;DON-00017;DON-00018,,,,,,,false,10,genie/puppy/processor_settlements.csv,donation_ids,2026.07.19.3
BISCUIT_RELIEF,PUPPY,SETTLE-0006,source_system_id,STRING,PAYMENT_PROCESSOR,,,,,,,false,11,genie/puppy/processor_settlements.csv,source_system_id,2026.07.19.3
BISCUIT_RELIEF,PUPPY,SETTLE-0007,settlement_id,STRING,SETTLE-0007,,,,,,,false,1,genie/puppy/processor_settlements.csv,settlement_id,2026.07.19.3
BISCUIT_RELIEF,PUPPY,SETTLE-0007,processor_merchant_id,STRING,MER-6104,,,,,,,false,2,genie/puppy/processor_settlements.csv,processor_merchant_id,2026.07.19.3
BISCUIT_RELIEF,PUPPY,SETTLE-0007,settled_at,TIMESTAMP,,,,,,2025-02-04T10:00:00Z,,false,3,genie/puppy/processor_settlements.csv,settled_at,2026.07.19.3
BISCUIT_RELIEF,PUPPY,SETTLE-0007,gross_amount,DECIMAL,,,16200.00,,,,,false,4,genie/puppy/processor_settlements.csv,gross_amount,2026.07.19.3
BISCUIT_RELIEF,PUPPY,SETTLE-0007,processor_fee,DECIMAL,,,393.30,,,,,false,5,genie/puppy/processor_settlements.csv,processor_fee,2026.07.19.3
BISCUIT_RELIEF,PUPPY,SETTLE-0007,net_amount,DECIMAL,,,15806.70,,,,,false,6,genie/puppy/processor_settlements.csv,net_amount,2026.07.19.3
BISCUIT_RELIEF,PUPPY,SETTLE-0007,currency,STRING,BSC,,,,,,,false,7,genie/puppy/processor_settlements.csv,currency,2026.07.19.3
BISCUIT_RELIEF,PUPPY,SETTLE-0007,source_account_id,STRING,A-PROC-6104,,,,,,,false,8,genie/puppy/processor_settlements.csv,source_account_id,2026.07.19.3
BISCUIT_RELIEF,PUPPY,SETTLE-0007,destination_account_id,STRING,A-GBRF-6401,,,,,,,false,9,genie/puppy/processor_settlements.csv,destination_account_id,2026.07.19.3
BISCUIT_RELIEF,PUPPY,SETTLE-0007,donation_ids,STRING,DON-00019;DON-00020;DON-00021,,,,,,,false,10,genie/puppy/processor_settlements.csv,donation_ids,2026.07.19.3
BISCUIT_RELIEF,PUPPY,SETTLE-0007,source_system_id,STRING,PAYMENT_PROCESSOR,,,,,,,false,11,genie/puppy/processor_settlements.csv,source_system_id,2026.07.19.3
BISCUIT_RELIEF,PUPPY,SETTLE-0008,settlement_id,STRING,SETTLE-0008,,,,,,,false,1,genie/puppy/processor_settlements.csv,settlement_id,2026.07.19.3
BISCUIT_RELIEF,PUPPY,SETTLE-0008,processor_merchant_id,STRING,MER-6104,,,,,,,false,2,genie/puppy/processor_settlements.csv,processor_merchant_id,2026.07.19.3
BISCUIT_RELIEF,PUPPY,SETTLE-0008,settled_at,TIMESTAMP,,,,,,2025-02-07T10:00:00Z,,false,3,genie/puppy/processor_settlements.csv,settled_at,2026.07.19.3
BISCUIT_RELIEF,PUPPY,SETTLE-0008,gross_amount,DECIMAL,,,22050.00,,,,,false,4,genie/puppy/processor_settlements.csv,gross_amount,2026.07.19.3
BISCUIT_RELIEF,PUPPY,SETTLE-0008,processor_fee,DECIMAL,,,533.70,,,,,false,5,genie/puppy/processor_settlements.csv,processor_fee,2026.07.19.3
BISCUIT_RELIEF,PUPPY,SETTLE-0008,net_amount,DECIMAL,,,21516.30,,,,,false,6,genie/puppy/processor_settlements.csv,net_amount,2026.07.19.3
BISCUIT_RELIEF,PUPPY,SETTLE-0008,currency,STRING,BSC,,,,,,,false,7,genie/puppy/processor_settlements.csv,currency,2026.07.19.3
BISCUIT_RELIEF,PUPPY,SETTLE-0008,source_account_id,STRING,A-PROC-6104,,,,,,,false,8,genie/puppy/processor_settlements.csv,source_account_id,2026.07.19.3
BISCUIT_RELIEF,PUPPY,SETTLE-0008,destination_account_id,STRING,A-GBRF-6401,,,,,,,false,9,genie/puppy/processor_settlements.csv,destination_account_id,2026.07.19.3
BISCUIT_RELIEF,PUPPY,SETTLE-0008,donation_ids,STRING,DON-00022;DON-00023;DON-00024,,,,,,,false,10,genie/puppy/processor_settlements.csv,donation_ids,2026.07.19.3
BISCUIT_RELIEF,PUPPY,SETTLE-0008,source_system_id,STRING,PAYMENT_PROCESSOR,,,,,,,false,11,genie/puppy/processor_settlements.csv,source_system_id,2026.07.19.3
BISCUIT_RELIEF,PUPPY,SETTLE-0009,settlement_id,STRING,SETTLE-0009,,,,,,,false,1,genie/puppy/processor_settlements.csv,settlement_id,2026.07.19.3
BISCUIT_RELIEF,PUPPY,SETTLE-0009,processor_merchant_id,STRING,MER-6104,,,,,,,false,2,genie/puppy/processor_settlements.csv,processor_merchant_id,2026.07.19.3
BISCUIT_RELIEF,PUPPY,SETTLE-0009,settled_at,TIMESTAMP,,,,,,2025-02-10T10:00:00Z,,false,3,genie/puppy/processor_settlements.csv,settled_at,2026.07.19.3
BISCUIT_RELIEF,PUPPY,SETTLE-0009,gross_amount,DECIMAL,,,19450.00,,,,,false,4,genie/puppy/processor_settlements.csv,gross_amount,2026.07.19.3
BISCUIT_RELIEF,PUPPY,SETTLE-0009,processor_fee,DECIMAL,,,471.30,,,,,false,5,genie/puppy/processor_settlements.csv,processor_fee,2026.07.19.3
BISCUIT_RELIEF,PUPPY,SETTLE-0009,net_amount,DECIMAL,,,18978.70,,,,,false,6,genie/puppy/processor_settlements.csv,net_amount,2026.07.19.3
BISCUIT_RELIEF,PUPPY,SETTLE-0009,currency,STRING,BSC,,,,,,,false,7,genie/puppy/processor_settlements.csv,currency,2026.07.19.3
BISCUIT_RELIEF,PUPPY,SETTLE-0009,source_account_id,STRING,A-PROC-6104,,,,,,,false,8,genie/puppy/processor_settlements.csv,source_account_id,2026.07.19.3
BISCUIT_RELIEF,PUPPY,SETTLE-0009,destination_account_id,STRING,A-GBRF-6401,,,,,,,false,9,genie/puppy/processor_settlements.csv,destination_account_id,2026.07.19.3
BISCUIT_RELIEF,PUPPY,SETTLE-0009,donation_ids,STRING,DON-00025;DON-00026;DON-00027,,,,,,,false,10,genie/puppy/processor_settlements.csv,donation_ids,2026.07.19.3
BISCUIT_RELIEF,PUPPY,SETTLE-0009,source_system_id,STRING,PAYMENT_PROCESSOR,,,,,,,false,11,genie/puppy/processor_settlements.csv,source_system_id,2026.07.19.3
BISCUIT_RELIEF,PUPPY,SETTLE-0010,settlement_id,STRING,SETTLE-0010,,,,,,,false,1,genie/puppy/processor_settlements.csv,settlement_id,2026.07.19.3
BISCUIT_RELIEF,PUPPY,SETTLE-0010,processor_merchant_id,STRING,MER-6104,,,,,,,false,2,genie/puppy/processor_settlements.csv,processor_merchant_id,2026.07.19.3
BISCUIT_RELIEF,PUPPY,SETTLE-0010,settled_at,TIMESTAMP,,,,,,2025-02-13T10:00:00Z,,false,3,genie/puppy/processor_settlements.csv,settled_at,2026.07.19.3
BISCUIT_RELIEF,PUPPY,SETTLE-0010,gross_amount,DECIMAL,,,8400.00,,,,,false,4,genie/puppy/processor_settlements.csv,gross_amount,2026.07.19.3
BISCUIT_RELIEF,PUPPY,SETTLE-0010,processor_fee,DECIMAL,,,206.10,,,,,false,5,genie/puppy/processor_settlements.csv,processor_fee,2026.07.19.3
BISCUIT_RELIEF,PUPPY,SETTLE-0010,net_amount,DECIMAL,,,8193.90,,,,,false,6,genie/puppy/processor_settlements.csv,net_amount,2026.07.19.3
BISCUIT_RELIEF,PUPPY,SETTLE-0010,currency,STRING,BSC,,,,,,,false,7,genie/puppy/processor_settlements.csv,currency,2026.07.19.3
BISCUIT_RELIEF,PUPPY,SETTLE-0010,source_account_id,STRING,A-PROC-6104,,,,,,,false,8,genie/puppy/processor_settlements.csv,source_account_id,2026.07.19.3
BISCUIT_RELIEF,PUPPY,SETTLE-0010,destination_account_id,STRING,A-GBRF-6401,,,,,,,false,9,genie/puppy/processor_settlements.csv,destination_account_id,2026.07.19.3
BISCUIT_RELIEF,PUPPY,SETTLE-0010,donation_ids,STRING,DON-00028;DON-00029;DON-00030,,,,,,,false,10,genie/puppy/processor_settlements.csv,donation_ids,2026.07.19.3
BISCUIT_RELIEF,PUPPY,SETTLE-0010,source_system_id,STRING,PAYMENT_PROCESSOR,,,,,,,false,11,genie/puppy/processor_settlements.csv,source_system_id,2026.07.19.3
BISCUIT_RELIEF,PUPPY,SETTLE-0011,settlement_id,STRING,SETTLE-0011,,,,,,,false,1,genie/puppy/processor_settlements.csv,settlement_id,2026.07.19.3
BISCUIT_RELIEF,PUPPY,SETTLE-0011,processor_merchant_id,STRING,MER-6104,,,,,,,false,2,genie/puppy/processor_settlements.csv,processor_merchant_id,2026.07.19.3
BISCUIT_RELIEF,PUPPY,SETTLE-0011,settled_at,TIMESTAMP,,,,,,2025-02-16T10:00:00Z,,false,3,genie/puppy/processor_settlements.csv,settled_at,2026.07.19.3
BISCUIT_RELIEF,PUPPY,SETTLE-0011,gross_amount,DECIMAL,,,16850.00,,,,,false,4,genie/puppy/processor_settlements.csv,gross_amount,2026.07.19.3
BISCUIT_RELIEF,PUPPY,SETTLE-0011,processor_fee,DECIMAL,,,408.90,,,,,false,5,genie/puppy/processor_settlements.csv,processor_fee,2026.07.19.3
BISCUIT_RELIEF,PUPPY,SETTLE-0011,net_amount,DECIMAL,,,16441.10,,,,,false,6,genie/puppy/processor_settlements.csv,net_amount,2026.07.19.3
BISCUIT_RELIEF,PUPPY,SETTLE-0011,currency,STRING,BSC,,,,,,,false,7,genie/puppy/processor_settlements.csv,currency,2026.07.19.3
BISCUIT_RELIEF,PUPPY,SETTLE-0011,source_account_id,STRING,A-PROC-6104,,,,,,,false,8,genie/puppy/processor_settlements.csv,source_account_id,2026.07.19.3
BISCUIT_RELIEF,PUPPY,SETTLE-0011,destination_account_id,STRING,A-GBRF-6401,,,,,,,false,9,genie/puppy/processor_settlements.csv,destination_account_id,2026.07.19.3
BISCUIT_RELIEF,PUPPY,SETTLE-0011,donation_ids,STRING,DON-00031;DON-00034;DON-00035,,,,,,,false,10,genie/puppy/processor_settlements.csv,donation_ids,2026.07.19.3
BISCUIT_RELIEF,PUPPY,SETTLE-0011,source_system_id,STRING,PAYMENT_PROCESSOR,,,,,,,false,11,genie/puppy/processor_settlements.csv,source_system_id,2026.07.19.3
BISCUIT_RELIEF,PUPPY,SETTLE-0012,settlement_id,STRING,SETTLE-0012,,,,,,,false,1,genie/puppy/processor_settlements.csv,settlement_id,2026.07.19.3
BISCUIT_RELIEF,PUPPY,SETTLE-0012,processor_merchant_id,STRING,MER-6104,,,,,,,false,2,genie/puppy/processor_settlements.csv,processor_merchant_id,2026.07.19.3
BISCUIT_RELIEF,PUPPY,SETTLE-0012,settled_at,TIMESTAMP,,,,,,2025-02-19T10:00:00Z,,false,3,genie/puppy/processor_settlements.csv,settled_at,2026.07.19.3
BISCUIT_RELIEF,PUPPY,SETTLE-0012,gross_amount,DECIMAL,,,44000.00,,,,,false,4,genie/puppy/processor_settlements.csv,gross_amount,2026.07.19.3
BISCUIT_RELIEF,PUPPY,SETTLE-0012,processor_fee,DECIMAL,,,1060.50,,,,,false,5,genie/puppy/processor_settlements.csv,processor_fee,2026.07.19.3
BISCUIT_RELIEF,PUPPY,SETTLE-0012,net_amount,DECIMAL,,,42939.50,,,,,false,6,genie/puppy/processor_settlements.csv,net_amount,2026.07.19.3
BISCUIT_RELIEF,PUPPY,SETTLE-0012,currency,STRING,BSC,,,,,,,false,7,genie/puppy/processor_settlements.csv,currency,2026.07.19.3
BISCUIT_RELIEF,PUPPY,SETTLE-0012,source_account_id,STRING,A-PROC-6104,,,,,,,false,8,genie/puppy/processor_settlements.csv,source_account_id,2026.07.19.3
BISCUIT_RELIEF,PUPPY,SETTLE-0012,destination_account_id,STRING,A-GBRF-6401,,,,,,,false,9,genie/puppy/processor_settlements.csv,destination_account_id,2026.07.19.3
BISCUIT_RELIEF,PUPPY,SETTLE-0012,donation_ids,STRING,DON-00036;DON-00037;DON-00038,,,,,,,false,10,genie/puppy/processor_settlements.csv,donation_ids,2026.07.19.3
BISCUIT_RELIEF,PUPPY,SETTLE-0012,source_system_id,STRING,PAYMENT_PROCESSOR,,,,,,,false,11,genie/puppy/processor_settlements.csv,source_system_id,2026.07.19.3
BISCUIT_RELIEF,PUPPY,SETTLE-0013,settlement_id,STRING,SETTLE-0013,,,,,,,false,1,genie/puppy/processor_settlements.csv,settlement_id,2026.07.19.3
BISCUIT_RELIEF,PUPPY,SETTLE-0013,processor_merchant_id,STRING,MER-6104,,,,,,,false,2,genie/puppy/processor_settlements.csv,processor_merchant_id,2026.07.19.3
BISCUIT_RELIEF,PUPPY,SETTLE-0013,settled_at,TIMESTAMP,,,,,,2025-02-22T10:00:00Z,,false,3,genie/puppy/processor_settlements.csv,settled_at,2026.07.19.3
BISCUIT_RELIEF,PUPPY,SETTLE-0013,gross_amount,DECIMAL,,,12950.00,,,,,false,4,genie/puppy/processor_settlements.csv,gross_amount,2026.07.19.3
BISCUIT_RELIEF,PUPPY,SETTLE-0013,processor_fee,DECIMAL,,,315.30,,,,,false,5,genie/puppy/processor_settlements.csv,processor_fee,2026.07.19.3
BISCUIT_RELIEF,PUPPY,SETTLE-0013,net_amount,DECIMAL,,,12634.70,,,,,false,6,genie/puppy/processor_settlements.csv,net_amount,2026.07.19.3
BISCUIT_RELIEF,PUPPY,SETTLE-0013,currency,STRING,BSC,,,,,,,false,7,genie/puppy/processor_settlements.csv,currency,2026.07.19.3
BISCUIT_RELIEF,PUPPY,SETTLE-0013,source_account_id,STRING,A-PROC-6104,,,,,,,false,8,genie/puppy/processor_settlements.csv,source_account_id,2026.07.19.3
BISCUIT_RELIEF,PUPPY,SETTLE-0013,destination_account_id,STRING,A-GBRF-6401,,,,,,,false,9,genie/puppy/processor_settlements.csv,destination_account_id,2026.07.19.3
BISCUIT_RELIEF,PUPPY,SETTLE-0013,donation_ids,STRING,DON-00039;DON-00040;DON-00041,,,,,,,false,10,genie/puppy/processor_settlements.csv,donation_ids,2026.07.19.3
BISCUIT_RELIEF,PUPPY,SETTLE-0013,source_system_id,STRING,PAYMENT_PROCESSOR,,,,,,,false,11,genie/puppy/processor_settlements.csv,source_system_id,2026.07.19.3
BISCUIT_RELIEF,PUPPY,SETTLE-0014,settlement_id,STRING,SETTLE-0014,,,,,,,false,1,genie/puppy/processor_settlements.csv,settlement_id,2026.07.19.3
BISCUIT_RELIEF,PUPPY,SETTLE-0014,processor_merchant_id,STRING,MER-6104,,,,,,,false,2,genie/puppy/processor_settlements.csv,processor_merchant_id,2026.07.19.3
BISCUIT_RELIEF,PUPPY,SETTLE-0014,settled_at,TIMESTAMP,,,,,,2025-02-25T10:00:00Z,,false,3,genie/puppy/processor_settlements.csv,settled_at,2026.07.19.3
BISCUIT_RELIEF,PUPPY,SETTLE-0014,gross_amount,DECIMAL,,,12950.00,,,,,false,4,genie/puppy/processor_settlements.csv,gross_amount,2026.07.19.3
BISCUIT_RELIEF,PUPPY,SETTLE-0014,processor_fee,DECIMAL,,,315.30,,,,,false,5,genie/puppy/processor_settlements.csv,processor_fee,2026.07.19.3
BISCUIT_RELIEF,PUPPY,SETTLE-0014,net_amount,DECIMAL,,,12634.70,,,,,false,6,genie/puppy/processor_settlements.csv,net_amount,2026.07.19.3
BISCUIT_RELIEF,PUPPY,SETTLE-0014,currency,STRING,BSC,,,,,,,false,7,genie/puppy/processor_settlements.csv,currency,2026.07.19.3
BISCUIT_RELIEF,PUPPY,SETTLE-0014,source_account_id,STRING,A-PROC-6104,,,,,,,false,8,genie/puppy/processor_settlements.csv,source_account_id,2026.07.19.3
BISCUIT_RELIEF,PUPPY,SETTLE-0014,destination_account_id,STRING,A-GBRF-6401,,,,,,,false,9,genie/puppy/processor_settlements.csv,destination_account_id,2026.07.19.3
BISCUIT_RELIEF,PUPPY,SETTLE-0014,donation_ids,STRING,DON-00042;DON-00045;DON-00046,,,,,,,false,10,genie/puppy/processor_settlements.csv,donation_ids,2026.07.19.3
BISCUIT_RELIEF,PUPPY,SETTLE-0014,source_system_id,STRING,PAYMENT_PROCESSOR,,,,,,,false,11,genie/puppy/processor_settlements.csv,source_system_id,2026.07.19.3
BISCUIT_RELIEF,PUPPY,SETTLE-0015,settlement_id,STRING,SETTLE-0015,,,,,,,false,1,genie/puppy/processor_settlements.csv,settlement_id,2026.07.19.3
BISCUIT_RELIEF,PUPPY,SETTLE-0015,processor_merchant_id,STRING,MER-6104,,,,,,,false,2,genie/puppy/processor_settlements.csv,processor_merchant_id,2026.07.19.3
BISCUIT_RELIEF,PUPPY,SETTLE-0015,settled_at,TIMESTAMP,,,,,,2025-02-28T10:00:00Z,,false,3,genie/puppy/processor_settlements.csv,settled_at,2026.07.19.3
BISCUIT_RELIEF,PUPPY,SETTLE-0015,gross_amount,DECIMAL,,,20100.00,,,,,false,4,genie/puppy/processor_settlements.csv,gross_amount,2026.07.19.3
BISCUIT_RELIEF,PUPPY,SETTLE-0015,processor_fee,DECIMAL,,,486.90,,,,,false,5,genie/puppy/processor_settlements.csv,processor_fee,2026.07.19.3
BISCUIT_RELIEF,PUPPY,SETTLE-0015,net_amount,DECIMAL,,,19613.10,,,,,false,6,genie/puppy/processor_settlements.csv,net_amount,2026.07.19.3
BISCUIT_RELIEF,PUPPY,SETTLE-0015,currency,STRING,BSC,,,,,,,false,7,genie/puppy/processor_settlements.csv,currency,2026.07.19.3
BISCUIT_RELIEF,PUPPY,SETTLE-0015,source_account_id,STRING,A-PROC-6104,,,,,,,false,8,genie/puppy/processor_settlements.csv,source_account_id,2026.07.19.3
BISCUIT_RELIEF,PUPPY,SETTLE-0015,destination_account_id,STRING,A-GBRF-6401,,,,,,,false,9,genie/puppy/processor_settlements.csv,destination_account_id,2026.07.19.3
BISCUIT_RELIEF,PUPPY,SETTLE-0015,donation_ids,STRING,DON-00047;DON-00048;DON-00049,,,,,,,false,10,genie/puppy/processor_settlements.csv,donation_ids,2026.07.19.3
BISCUIT_RELIEF,PUPPY,SETTLE-0015,source_system_id,STRING,PAYMENT_PROCESSOR,,,,,,,false,11,genie/puppy/processor_settlements.csv,source_system_id,2026.07.19.3
BISCUIT_RELIEF,PUPPY,SETTLE-0016,settlement_id,STRING,SETTLE-0016,,,,,,,false,1,genie/puppy/processor_settlements.csv,settlement_id,2026.07.19.3
BISCUIT_RELIEF,PUPPY,SETTLE-0016,processor_merchant_id,STRING,MER-6104,,,,,,,false,2,genie/puppy/processor_settlements.csv,processor_merchant_id,2026.07.19.3
BISCUIT_RELIEF,PUPPY,SETTLE-0016,settled_at,TIMESTAMP,,,,,,2025-03-03T10:00:00Z,,false,3,genie/puppy/processor_settlements.csv,settled_at,2026.07.19.3
BISCUIT_RELIEF,PUPPY,SETTLE-0016,gross_amount,DECIMAL,,,25950.00,,,,,false,4,genie/puppy/processor_settlements.csv,gross_amount,2026.07.19.3
BISCUIT_RELIEF,PUPPY,SETTLE-0016,processor_fee,DECIMAL,,,627.30,,,,,false,5,genie/puppy/processor_settlements.csv,processor_fee,2026.07.19.3
BISCUIT_RELIEF,PUPPY,SETTLE-0016,net_amount,DECIMAL,,,25322.70,,,,,false,6,genie/puppy/processor_settlements.csv,net_amount,2026.07.19.3
BISCUIT_RELIEF,PUPPY,SETTLE-0016,currency,STRING,BSC,,,,,,,false,7,genie/puppy/processor_settlements.csv,currency,2026.07.19.3
BISCUIT_RELIEF,PUPPY,SETTLE-0016,source_account_id,STRING,A-PROC-6104,,,,,,,false,8,genie/puppy/processor_settlements.csv,source_account_id,2026.07.19.3
BISCUIT_RELIEF,PUPPY,SETTLE-0016,destination_account_id,STRING,A-GBRF-6401,,,,,,,false,9,genie/puppy/processor_settlements.csv,destination_account_id,2026.07.19.3
BISCUIT_RELIEF,PUPPY,SETTLE-0016,donation_ids,STRING,DON-00050;DON-00051;DON-00052,,,,,,,false,10,genie/puppy/processor_settlements.csv,donation_ids,2026.07.19.3
BISCUIT_RELIEF,PUPPY,SETTLE-0016,source_system_id,STRING,PAYMENT_PROCESSOR,,,,,,,false,11,genie/puppy/processor_settlements.csv,source_system_id,2026.07.19.3
BISCUIT_RELIEF,PUPPY,SETTLE-0017,settlement_id,STRING,SETTLE-0017,,,,,,,false,1,genie/puppy/processor_settlements.csv,settlement_id,2026.07.19.3
BISCUIT_RELIEF,PUPPY,SETTLE-0017,processor_merchant_id,STRING,MER-6104,,,,,,,false,2,genie/puppy/processor_settlements.csv,processor_merchant_id,2026.07.19.3
BISCUIT_RELIEF,PUPPY,SETTLE-0017,settled_at,TIMESTAMP,,,,,,2025-03-06T10:00:00Z,,false,3,genie/puppy/processor_settlements.csv,settled_at,2026.07.19.3
BISCUIT_RELIEF,PUPPY,SETTLE-0017,gross_amount,DECIMAL,,,6450.00,,,,,false,4,genie/puppy/processor_settlements.csv,gross_amount,2026.07.19.3
BISCUIT_RELIEF,PUPPY,SETTLE-0017,processor_fee,DECIMAL,,,159.30,,,,,false,5,genie/puppy/processor_settlements.csv,processor_fee,2026.07.19.3
BISCUIT_RELIEF,PUPPY,SETTLE-0017,net_amount,DECIMAL,,,6290.70,,,,,false,6,genie/puppy/processor_settlements.csv,net_amount,2026.07.19.3
BISCUIT_RELIEF,PUPPY,SETTLE-0017,currency,STRING,BSC,,,,,,,false,7,genie/puppy/processor_settlements.csv,currency,2026.07.19.3
BISCUIT_RELIEF,PUPPY,SETTLE-0017,source_account_id,STRING,A-PROC-6104,,,,,,,false,8,genie/puppy/processor_settlements.csv,source_account_id,2026.07.19.3
BISCUIT_RELIEF,PUPPY,SETTLE-0017,destination_account_id,STRING,A-GBRF-6401,,,,,,,false,9,genie/puppy/processor_settlements.csv,destination_account_id,2026.07.19.3
BISCUIT_RELIEF,PUPPY,SETTLE-0017,donation_ids,STRING,DON-00053;DON-00054;DON-00055,,,,,,,false,10,genie/puppy/processor_settlements.csv,donation_ids,2026.07.19.3
BISCUIT_RELIEF,PUPPY,SETTLE-0017,source_system_id,STRING,PAYMENT_PROCESSOR,,,,,,,false,11,genie/puppy/processor_settlements.csv,source_system_id,2026.07.19.3
BISCUIT_RELIEF,PUPPY,SETTLE-0018,settlement_id,STRING,SETTLE-0018,,,,,,,false,1,genie/puppy/processor_settlements.csv,settlement_id,2026.07.19.3
BISCUIT_RELIEF,PUPPY,SETTLE-0018,processor_merchant_id,STRING,MER-6104,,,,,,,false,2,genie/puppy/processor_settlements.csv,processor_merchant_id,2026.07.19.3
BISCUIT_RELIEF,PUPPY,SETTLE-0018,settled_at,TIMESTAMP,,,,,,2025-03-09T10:00:00Z,,false,3,genie/puppy/processor_settlements.csv,settled_at,2026.07.19.3
BISCUIT_RELIEF,PUPPY,SETTLE-0018,gross_amount,DECIMAL,,,12300.00,,,,,false,4,genie/puppy/processor_settlements.csv,gross_amount,2026.07.19.3
BISCUIT_RELIEF,PUPPY,SETTLE-0018,processor_fee,DECIMAL,,,299.70,,,,,false,5,genie/puppy/processor_settlements.csv,processor_fee,2026.07.19.3
BISCUIT_RELIEF,PUPPY,SETTLE-0018,net_amount,DECIMAL,,,12000.30,,,,,false,6,genie/puppy/processor_settlements.csv,net_amount,2026.07.19.3
BISCUIT_RELIEF,PUPPY,SETTLE-0018,currency,STRING,BSC,,,,,,,false,7,genie/puppy/processor_settlements.csv,currency,2026.07.19.3
BISCUIT_RELIEF,PUPPY,SETTLE-0018,source_account_id,STRING,A-PROC-6104,,,,,,,false,8,genie/puppy/processor_settlements.csv,source_account_id,2026.07.19.3
BISCUIT_RELIEF,PUPPY,SETTLE-0018,destination_account_id,STRING,A-GBRF-6401,,,,,,,false,9,genie/puppy/processor_settlements.csv,destination_account_id,2026.07.19.3
BISCUIT_RELIEF,PUPPY,SETTLE-0018,donation_ids,STRING,DON-00056;DON-00057;DON-00058,,,,,,,false,10,genie/puppy/processor_settlements.csv,donation_ids,2026.07.19.3
BISCUIT_RELIEF,PUPPY,SETTLE-0018,source_system_id,STRING,PAYMENT_PROCESSOR,,,,,,,false,11,genie/puppy/processor_settlements.csv,source_system_id,2026.07.19.3
BISCUIT_RELIEF,PUPPY,SETTLE-0019,settlement_id,STRING,SETTLE-0019,,,,,,,false,1,genie/puppy/processor_settlements.csv,settlement_id,2026.07.19.3
BISCUIT_RELIEF,PUPPY,SETTLE-0019,processor_merchant_id,STRING,MER-6104,,,,,,,false,2,genie/puppy/processor_settlements.csv,processor_merchant_id,2026.07.19.3
BISCUIT_RELIEF,PUPPY,SETTLE-0019,settled_at,TIMESTAMP,,,,,,2025-03-12T10:00:00Z,,false,3,genie/puppy/processor_settlements.csv,settled_at,2026.07.19.3
BISCUIT_RELIEF,PUPPY,SETTLE-0019,gross_amount,DECIMAL,,,18250.00,,,,,false,4,genie/puppy/processor_settlements.csv,gross_amount,2026.07.19.3
BISCUIT_RELIEF,PUPPY,SETTLE-0019,processor_fee,DECIMAL,,,442.50,,,,,false,5,genie/puppy/processor_settlements.csv,processor_fee,2026.07.19.3
BISCUIT_RELIEF,PUPPY,SETTLE-0019,net_amount,DECIMAL,,,17807.50,,,,,false,6,genie/puppy/processor_settlements.csv,net_amount,2026.07.19.3
BISCUIT_RELIEF,PUPPY,SETTLE-0019,currency,STRING,BSC,,,,,,,false,7,genie/puppy/processor_settlements.csv,currency,2026.07.19.3
BISCUIT_RELIEF,PUPPY,SETTLE-0019,source_account_id,STRING,A-PROC-6104,,,,,,,false,8,genie/puppy/processor_settlements.csv,source_account_id,2026.07.19.3
BISCUIT_RELIEF,PUPPY,SETTLE-0019,destination_account_id,STRING,A-GBRF-6401,,,,,,,false,9,genie/puppy/processor_settlements.csv,destination_account_id,2026.07.19.3
BISCUIT_RELIEF,PUPPY,SETTLE-0019,donation_ids,STRING,DON-00059;DON-00060;DON-00061,,,,,,,false,10,genie/puppy/processor_settlements.csv,donation_ids,2026.07.19.3
BISCUIT_RELIEF,PUPPY,SETTLE-0019,source_system_id,STRING,PAYMENT_PROCESSOR,,,,,,,false,11,genie/puppy/processor_settlements.csv,source_system_id,2026.07.19.3
BISCUIT_RELIEF,PUPPY,SETTLE-0020,settlement_id,STRING,SETTLE-0020,,,,,,,false,1,genie/puppy/processor_settlements.csv,settlement_id,2026.07.19.3
BISCUIT_RELIEF,PUPPY,SETTLE-0020,processor_merchant_id,STRING,MER-6104,,,,,,,false,2,genie/puppy/processor_settlements.csv,processor_merchant_id,2026.07.19.3
BISCUIT_RELIEF,PUPPY,SETTLE-0020,settled_at,TIMESTAMP,,,,,,2025-03-15T10:00:00Z,,false,3,genie/puppy/processor_settlements.csv,settled_at,2026.07.19.3
BISCUIT_RELIEF,PUPPY,SETTLE-0020,gross_amount,DECIMAL,,,24300.00,,,,,false,4,genie/puppy/processor_settlements.csv,gross_amount,2026.07.19.3
BISCUIT_RELIEF,PUPPY,SETTLE-0020,processor_fee,DECIMAL,,,587.70,,,,,false,5,genie/puppy/processor_settlements.csv,processor_fee,2026.07.19.3
BISCUIT_RELIEF,PUPPY,SETTLE-0020,net_amount,DECIMAL,,,23712.30,,,,,false,6,genie/puppy/processor_settlements.csv,net_amount,2026.07.19.3
BISCUIT_RELIEF,PUPPY,SETTLE-0020,currency,STRING,BSC,,,,,,,false,7,genie/puppy/processor_settlements.csv,currency,2026.07.19.3
BISCUIT_RELIEF,PUPPY,SETTLE-0020,source_account_id,STRING,A-PROC-6104,,,,,,,false,8,genie/puppy/processor_settlements.csv,source_account_id,2026.07.19.3
BISCUIT_RELIEF,PUPPY,SETTLE-0020,destination_account_id,STRING,A-GBRF-6401,,,,,,,false,9,genie/puppy/processor_settlements.csv,destination_account_id,2026.07.19.3
BISCUIT_RELIEF,PUPPY,SETTLE-0020,donation_ids,STRING,DON-00062;DON-00063;DON-00064,,,,,,,false,10,genie/puppy/processor_settlements.csv,donation_ids,2026.07.19.3
BISCUIT_RELIEF,PUPPY,SETTLE-0020,source_system_id,STRING,PAYMENT_PROCESSOR,,,,,,,false,11,genie/puppy/processor_settlements.csv,source_system_id,2026.07.19.3
BISCUIT_RELIEF,PUPPY,SETTLE-0021,settlement_id,STRING,SETTLE-0021,,,,,,,false,1,genie/puppy/processor_settlements.csv,settlement_id,2026.07.19.3
BISCUIT_RELIEF,PUPPY,SETTLE-0021,processor_merchant_id,STRING,MER-6104,,,,,,,false,2,genie/puppy/processor_settlements.csv,processor_merchant_id,2026.07.19.3
BISCUIT_RELIEF,PUPPY,SETTLE-0021,settled_at,TIMESTAMP,,,,,,2025-03-18T10:00:00Z,,false,3,genie/puppy/processor_settlements.csv,settled_at,2026.07.19.3
BISCUIT_RELIEF,PUPPY,SETTLE-0021,gross_amount,DECIMAL,,,13250.00,,,,,false,4,genie/puppy/processor_settlements.csv,gross_amount,2026.07.19.3
BISCUIT_RELIEF,PUPPY,SETTLE-0021,processor_fee,DECIMAL,,,322.50,,,,,false,5,genie/puppy/processor_settlements.csv,processor_fee,2026.07.19.3
BISCUIT_RELIEF,PUPPY,SETTLE-0021,net_amount,DECIMAL,,,12927.50,,,,,false,6,genie/puppy/processor_settlements.csv,net_amount,2026.07.19.3
BISCUIT_RELIEF,PUPPY,SETTLE-0021,currency,STRING,BSC,,,,,,,false,7,genie/puppy/processor_settlements.csv,currency,2026.07.19.3
BISCUIT_RELIEF,PUPPY,SETTLE-0021,source_account_id,STRING,A-PROC-6104,,,,,,,false,8,genie/puppy/processor_settlements.csv,source_account_id,2026.07.19.3
BISCUIT_RELIEF,PUPPY,SETTLE-0021,destination_account_id,STRING,A-GBRF-6401,,,,,,,false,9,genie/puppy/processor_settlements.csv,destination_account_id,2026.07.19.3
BISCUIT_RELIEF,PUPPY,SETTLE-0021,donation_ids,STRING,DON-00065;DON-00066;DON-00067,,,,,,,false,10,genie/puppy/processor_settlements.csv,donation_ids,2026.07.19.3
BISCUIT_RELIEF,PUPPY,SETTLE-0021,source_system_id,STRING,PAYMENT_PROCESSOR,,,,,,,false,11,genie/puppy/processor_settlements.csv,source_system_id,2026.07.19.3
BISCUIT_RELIEF,PUPPY,SETTLE-0022,settlement_id,STRING,SETTLE-0022,,,,,,,false,1,genie/puppy/processor_settlements.csv,settlement_id,2026.07.19.3
BISCUIT_RELIEF,PUPPY,SETTLE-0022,processor_merchant_id,STRING,MER-6104,,,,,,,false,2,genie/puppy/processor_settlements.csv,processor_merchant_id,2026.07.19.3
BISCUIT_RELIEF,PUPPY,SETTLE-0022,settled_at,TIMESTAMP,,,,,,2025-03-21T10:00:00Z,,false,3,genie/puppy/processor_settlements.csv,settled_at,2026.07.19.3
BISCUIT_RELIEF,PUPPY,SETTLE-0022,gross_amount,DECIMAL,,,10650.00,,,,,false,4,genie/puppy/processor_settlements.csv,gross_amount,2026.07.19.3
BISCUIT_RELIEF,PUPPY,SETTLE-0022,processor_fee,DECIMAL,,,260.10,,,,,false,5,genie/puppy/processor_settlements.csv,processor_fee,2026.07.19.3
BISCUIT_RELIEF,PUPPY,SETTLE-0022,net_amount,DECIMAL,,,10389.90,,,,,false,6,genie/puppy/processor_settlements.csv,net_amount,2026.07.19.3
BISCUIT_RELIEF,PUPPY,SETTLE-0022,currency,STRING,BSC,,,,,,,false,7,genie/puppy/processor_settlements.csv,currency,2026.07.19.3
BISCUIT_RELIEF,PUPPY,SETTLE-0022,source_account_id,STRING,A-PROC-6104,,,,,,,false,8,genie/puppy/processor_settlements.csv,source_account_id,2026.07.19.3
BISCUIT_RELIEF,PUPPY,SETTLE-0022,destination_account_id,STRING,A-GBRF-6401,,,,,,,false,9,genie/puppy/processor_settlements.csv,destination_account_id,2026.07.19.3
BISCUIT_RELIEF,PUPPY,SETTLE-0022,donation_ids,STRING,DON-00068;DON-00069;DON-00070,,,,,,,false,10,genie/puppy/processor_settlements.csv,donation_ids,2026.07.19.3
BISCUIT_RELIEF,PUPPY,SETTLE-0022,source_system_id,STRING,PAYMENT_PROCESSOR,,,,,,,false,11,genie/puppy/processor_settlements.csv,source_system_id,2026.07.19.3
BISCUIT_RELIEF,PUPPY,SETTLE-0023,settlement_id,STRING,SETTLE-0023,,,,,,,false,1,genie/puppy/processor_settlements.csv,settlement_id,2026.07.19.3
BISCUIT_RELIEF,PUPPY,SETTLE-0023,processor_merchant_id,STRING,MER-6104,,,,,,,false,2,genie/puppy/processor_settlements.csv,processor_merchant_id,2026.07.19.3
BISCUIT_RELIEF,PUPPY,SETTLE-0023,settled_at,TIMESTAMP,,,,,,2025-03-24T10:00:00Z,,false,3,genie/puppy/processor_settlements.csv,settled_at,2026.07.19.3
BISCUIT_RELIEF,PUPPY,SETTLE-0023,gross_amount,DECIMAL,,,16500.00,,,,,false,4,genie/puppy/processor_settlements.csv,gross_amount,2026.07.19.3
BISCUIT_RELIEF,PUPPY,SETTLE-0023,processor_fee,DECIMAL,,,400.50,,,,,false,5,genie/puppy/processor_settlements.csv,processor_fee,2026.07.19.3
BISCUIT_RELIEF,PUPPY,SETTLE-0023,net_amount,DECIMAL,,,16099.50,,,,,false,6,genie/puppy/processor_settlements.csv,net_amount,2026.07.19.3
BISCUIT_RELIEF,PUPPY,SETTLE-0023,currency,STRING,BSC,,,,,,,false,7,genie/puppy/processor_settlements.csv,currency,2026.07.19.3
BISCUIT_RELIEF,PUPPY,SETTLE-0023,source_account_id,STRING,A-PROC-6104,,,,,,,false,8,genie/puppy/processor_settlements.csv,source_account_id,2026.07.19.3
BISCUIT_RELIEF,PUPPY,SETTLE-0023,destination_account_id,STRING,A-GBRF-6401,,,,,,,false,9,genie/puppy/processor_settlements.csv,destination_account_id,2026.07.19.3
BISCUIT_RELIEF,PUPPY,SETTLE-0023,donation_ids,STRING,DON-00071;DON-00072;DON-00073,,,,,,,false,10,genie/puppy/processor_settlements.csv,donation_ids,2026.07.19.3
BISCUIT_RELIEF,PUPPY,SETTLE-0023,source_system_id,STRING,PAYMENT_PROCESSOR,,,,,,,false,11,genie/puppy/processor_settlements.csv,source_system_id,2026.07.19.3
BISCUIT_RELIEF,PUPPY,SETTLE-0024,settlement_id,STRING,SETTLE-0024,,,,,,,false,1,genie/puppy/processor_settlements.csv,settlement_id,2026.07.19.3
BISCUIT_RELIEF,PUPPY,SETTLE-0024,processor_merchant_id,STRING,MER-6104,,,,,,,false,2,genie/puppy/processor_settlements.csv,processor_merchant_id,2026.07.19.3
BISCUIT_RELIEF,PUPPY,SETTLE-0024,settled_at,TIMESTAMP,,,,,,2025-03-27T10:00:00Z,,false,3,genie/puppy/processor_settlements.csv,settled_at,2026.07.19.3
BISCUIT_RELIEF,PUPPY,SETTLE-0024,gross_amount,DECIMAL,,,43650.00,,,,,false,4,genie/puppy/processor_settlements.csv,gross_amount,2026.07.19.3
BISCUIT_RELIEF,PUPPY,SETTLE-0024,processor_fee,DECIMAL,,,1052.10,,,,,false,5,genie/puppy/processor_settlements.csv,processor_fee,2026.07.19.3
BISCUIT_RELIEF,PUPPY,SETTLE-0024,net_amount,DECIMAL,,,42597.90,,,,,false,6,genie/puppy/processor_settlements.csv,net_amount,2026.07.19.3
BISCUIT_RELIEF,PUPPY,SETTLE-0024,currency,STRING,BSC,,,,,,,false,7,genie/puppy/processor_settlements.csv,currency,2026.07.19.3
BISCUIT_RELIEF,PUPPY,SETTLE-0024,source_account_id,STRING,A-PROC-6104,,,,,,,false,8,genie/puppy/processor_settlements.csv,source_account_id,2026.07.19.3
BISCUIT_RELIEF,PUPPY,SETTLE-0024,destination_account_id,STRING,A-GBRF-6401,,,,,,,false,9,genie/puppy/processor_settlements.csv,destination_account_id,2026.07.19.3
BISCUIT_RELIEF,PUPPY,SETTLE-0024,donation_ids,STRING,DON-00074;DON-00075;DON-00078,,,,,,,false,10,genie/puppy/processor_settlements.csv,donation_ids,2026.07.19.3
BISCUIT_RELIEF,PUPPY,SETTLE-0024,source_system_id,STRING,PAYMENT_PROCESSOR,,,,,,,false,11,genie/puppy/processor_settlements.csv,source_system_id,2026.07.19.3
BISCUIT_RELIEF,PUPPY,SETTLE-0025,settlement_id,STRING,SETTLE-0025,,,,,,,false,1,genie/puppy/processor_settlements.csv,settlement_id,2026.07.19.3
BISCUIT_RELIEF,PUPPY,SETTLE-0025,processor_merchant_id,STRING,MER-6104,,,,,,,false,2,genie/puppy/processor_settlements.csv,processor_merchant_id,2026.07.19.3
BISCUIT_RELIEF,PUPPY,SETTLE-0025,settled_at,TIMESTAMP,,,,,,2025-03-30T10:00:00Z,,false,3,genie/puppy/processor_settlements.csv,settled_at,2026.07.19.3
BISCUIT_RELIEF,PUPPY,SETTLE-0025,gross_amount,DECIMAL,,,6750.00,,,,,false,4,genie/puppy/processor_settlements.csv,gross_amount,2026.07.19.3
BISCUIT_RELIEF,PUPPY,SETTLE-0025,processor_fee,DECIMAL,,,166.50,,,,,false,5,genie/puppy/processor_settlements.csv,processor_fee,2026.07.19.3
BISCUIT_RELIEF,PUPPY,SETTLE-0025,net_amount,DECIMAL,,,6583.50,,,,,false,6,genie/puppy/processor_settlements.csv,net_amount,2026.07.19.3
BISCUIT_RELIEF,PUPPY,SETTLE-0025,currency,STRING,BSC,,,,,,,false,7,genie/puppy/processor_settlements.csv,currency,2026.07.19.3
BISCUIT_RELIEF,PUPPY,SETTLE-0025,source_account_id,STRING,A-PROC-6104,,,,,,,false,8,genie/puppy/processor_settlements.csv,source_account_id,2026.07.19.3
BISCUIT_RELIEF,PUPPY,SETTLE-0025,destination_account_id,STRING,A-GBRF-6401,,,,,,,false,9,genie/puppy/processor_settlements.csv,destination_account_id,2026.07.19.3
BISCUIT_RELIEF,PUPPY,SETTLE-0025,donation_ids,STRING,DON-00079;DON-00080;DON-00081,,,,,,,false,10,genie/puppy/processor_settlements.csv,donation_ids,2026.07.19.3
BISCUIT_RELIEF,PUPPY,SETTLE-0025,source_system_id,STRING,PAYMENT_PROCESSOR,,,,,,,false,11,genie/puppy/processor_settlements.csv,source_system_id,2026.07.19.3
BISCUIT_RELIEF,PUPPY,SETTLE-0026,settlement_id,STRING,SETTLE-0026,,,,,,,false,1,genie/puppy/processor_settlements.csv,settlement_id,2026.07.19.3
BISCUIT_RELIEF,PUPPY,SETTLE-0026,processor_merchant_id,STRING,MER-6104,,,,,,,false,2,genie/puppy/processor_settlements.csv,processor_merchant_id,2026.07.19.3
BISCUIT_RELIEF,PUPPY,SETTLE-0026,settled_at,TIMESTAMP,,,,,,2025-04-02T10:00:00Z,,false,3,genie/puppy/processor_settlements.csv,settled_at,2026.07.19.3
BISCUIT_RELIEF,PUPPY,SETTLE-0026,gross_amount,DECIMAL,,,12600.00,,,,,false,4,genie/puppy/processor_settlements.csv,gross_amount,2026.07.19.3
BISCUIT_RELIEF,PUPPY,SETTLE-0026,processor_fee,DECIMAL,,,306.90,,,,,false,5,genie/puppy/processor_settlements.csv,processor_fee,2026.07.19.3
BISCUIT_RELIEF,PUPPY,SETTLE-0026,net_amount,DECIMAL,,,12293.10,,,,,false,6,genie/puppy/processor_settlements.csv,net_amount,2026.07.19.3
BISCUIT_RELIEF,PUPPY,SETTLE-0026,currency,STRING,BSC,,,,,,,false,7,genie/puppy/processor_settlements.csv,currency,2026.07.19.3
BISCUIT_RELIEF,PUPPY,SETTLE-0026,source_account_id,STRING,A-PROC-6104,,,,,,,false,8,genie/puppy/processor_settlements.csv,source_account_id,2026.07.19.3
BISCUIT_RELIEF,PUPPY,SETTLE-0026,destination_account_id,STRING,A-GBRF-6401,,,,,,,false,9,genie/puppy/processor_settlements.csv,destination_account_id,2026.07.19.3
BISCUIT_RELIEF,PUPPY,SETTLE-0026,donation_ids,STRING,DON-00082;DON-00083;DON-00084,,,,,,,false,10,genie/puppy/processor_settlements.csv,donation_ids,2026.07.19.3
BISCUIT_RELIEF,PUPPY,SETTLE-0026,source_system_id,STRING,PAYMENT_PROCESSOR,,,,,,,false,11,genie/puppy/processor_settlements.csv,source_system_id,2026.07.19.3
BISCUIT_RELIEF,PUPPY,SETTLE-0027,settlement_id,STRING,SETTLE-0027,,,,,,,false,1,genie/puppy/processor_settlements.csv,settlement_id,2026.07.19.3
BISCUIT_RELIEF,PUPPY,SETTLE-0027,processor_merchant_id,STRING,MER-6104,,,,,,,false,2,genie/puppy/processor_settlements.csv,processor_merchant_id,2026.07.19.3
BISCUIT_RELIEF,PUPPY,SETTLE-0027,settled_at,TIMESTAMP,,,,,,2025-04-05T10:00:00Z,,false,3,genie/puppy/processor_settlements.csv,settled_at,2026.07.19.3
BISCUIT_RELIEF,PUPPY,SETTLE-0027,gross_amount,DECIMAL,,,19750.00,,,,,false,4,genie/puppy/processor_settlements.csv,gross_amount,2026.07.19.3
BISCUIT_RELIEF,PUPPY,SETTLE-0027,processor_fee,DECIMAL,,,478.50,,,,,false,5,genie/puppy/processor_settlements.csv,processor_fee,2026.07.19.3
BISCUIT_RELIEF,PUPPY,SETTLE-0027,net_amount,DECIMAL,,,19271.50,,,,,false,6,genie/puppy/processor_settlements.csv,net_amount,2026.07.19.3
BISCUIT_RELIEF,PUPPY,SETTLE-0027,currency,STRING,BSC,,,,,,,false,7,genie/puppy/processor_settlements.csv,currency,2026.07.19.3
BISCUIT_RELIEF,PUPPY,SETTLE-0027,source_account_id,STRING,A-PROC-6104,,,,,,,false,8,genie/puppy/processor_settlements.csv,source_account_id,2026.07.19.3
BISCUIT_RELIEF,PUPPY,SETTLE-0027,destination_account_id,STRING,A-GBRF-6401,,,,,,,false,9,genie/puppy/processor_settlements.csv,destination_account_id,2026.07.19.3
BISCUIT_RELIEF,PUPPY,SETTLE-0027,donation_ids,STRING,DON-00085;DON-00086;DON-00089,,,,,,,false,10,genie/puppy/processor_settlements.csv,donation_ids,2026.07.19.3
BISCUIT_RELIEF,PUPPY,SETTLE-0027,source_system_id,STRING,PAYMENT_PROCESSOR,,,,,,,false,11,genie/puppy/processor_settlements.csv,source_system_id,2026.07.19.3
BISCUIT_RELIEF,PUPPY,SETTLE-0028,settlement_id,STRING,SETTLE-0028,,,,,,,false,1,genie/puppy/processor_settlements.csv,settlement_id,2026.07.19.3
BISCUIT_RELIEF,PUPPY,SETTLE-0028,processor_merchant_id,STRING,MER-6104,,,,,,,false,2,genie/puppy/processor_settlements.csv,processor_merchant_id,2026.07.19.3
BISCUIT_RELIEF,PUPPY,SETTLE-0028,settled_at,TIMESTAMP,,,,,,2025-04-08T10:00:00Z,,false,3,genie/puppy/processor_settlements.csv,settled_at,2026.07.19.3
BISCUIT_RELIEF,PUPPY,SETTLE-0028,gross_amount,DECIMAL,,,19750.00,,,,,false,4,genie/puppy/processor_settlements.csv,gross_amount,2026.07.19.3
BISCUIT_RELIEF,PUPPY,SETTLE-0028,processor_fee,DECIMAL,,,478.50,,,,,false,5,genie/puppy/processor_settlements.csv,processor_fee,2026.07.19.3
BISCUIT_RELIEF,PUPPY,SETTLE-0028,net_amount,DECIMAL,,,19271.50,,,,,false,6,genie/puppy/processor_settlements.csv,net_amount,2026.07.19.3
BISCUIT_RELIEF,PUPPY,SETTLE-0028,currency,STRING,BSC,,,,,,,false,7,genie/puppy/processor_settlements.csv,currency,2026.07.19.3
BISCUIT_RELIEF,PUPPY,SETTLE-0028,source_account_id,STRING,A-PROC-6104,,,,,,,false,8,genie/puppy/processor_settlements.csv,source_account_id,2026.07.19.3
BISCUIT_RELIEF,PUPPY,SETTLE-0028,destination_account_id,STRING,A-GBRF-6401,,,,,,,false,9,genie/puppy/processor_settlements.csv,destination_account_id,2026.07.19.3
BISCUIT_RELIEF,PUPPY,SETTLE-0028,donation_ids,STRING,DON-00090;DON-00091;DON-00092,,,,,,,false,10,genie/puppy/processor_settlements.csv,donation_ids,2026.07.19.3
BISCUIT_RELIEF,PUPPY,SETTLE-0028,source_system_id,STRING,PAYMENT_PROCESSOR,,,,,,,false,11,genie/puppy/processor_settlements.csv,source_system_id,2026.07.19.3
BISCUIT_RELIEF,PUPPY,SETTLE-0029,settlement_id,STRING,SETTLE-0029,,,,,,,false,1,genie/puppy/processor_settlements.csv,settlement_id,2026.07.19.3
BISCUIT_RELIEF,PUPPY,SETTLE-0029,processor_merchant_id,STRING,MER-6104,,,,,,,false,2,genie/puppy/processor_settlements.csv,processor_merchant_id,2026.07.19.3
BISCUIT_RELIEF,PUPPY,SETTLE-0029,settled_at,TIMESTAMP,,,,,,2025-04-11T10:00:00Z,,false,3,genie/puppy/processor_settlements.csv,settled_at,2026.07.19.3
BISCUIT_RELIEF,PUPPY,SETTLE-0029,gross_amount,DECIMAL,,,8700.00,,,,,false,4,genie/puppy/processor_settlements.csv,gross_amount,2026.07.19.3
BISCUIT_RELIEF,PUPPY,SETTLE-0029,processor_fee,DECIMAL,,,213.30,,,,,false,5,genie/puppy/processor_settlements.csv,processor_fee,2026.07.19.3
BISCUIT_RELIEF,PUPPY,SETTLE-0029,net_amount,DECIMAL,,,8486.70,,,,,false,6,genie/puppy/processor_settlements.csv,net_amount,2026.07.19.3
BISCUIT_RELIEF,PUPPY,SETTLE-0029,currency,STRING,BSC,,,,,,,false,7,genie/puppy/processor_settlements.csv,currency,2026.07.19.3
BISCUIT_RELIEF,PUPPY,SETTLE-0029,source_account_id,STRING,A-PROC-6104,,,,,,,false,8,genie/puppy/processor_settlements.csv,source_account_id,2026.07.19.3
BISCUIT_RELIEF,PUPPY,SETTLE-0029,destination_account_id,STRING,A-GBRF-6401,,,,,,,false,9,genie/puppy/processor_settlements.csv,destination_account_id,2026.07.19.3
BISCUIT_RELIEF,PUPPY,SETTLE-0029,donation_ids,STRING,DON-00093;DON-00094;DON-00095,,,,,,,false,10,genie/puppy/processor_settlements.csv,donation_ids,2026.07.19.3
BISCUIT_RELIEF,PUPPY,SETTLE-0029,source_system_id,STRING,PAYMENT_PROCESSOR,,,,,,,false,11,genie/puppy/processor_settlements.csv,source_system_id,2026.07.19.3
BISCUIT_RELIEF,PUPPY,SETTLE-0030,settlement_id,STRING,SETTLE-0030,,,,,,,false,1,genie/puppy/processor_settlements.csv,settlement_id,2026.07.19.3
BISCUIT_RELIEF,PUPPY,SETTLE-0030,processor_merchant_id,STRING,MER-6104,,,,,,,false,2,genie/puppy/processor_settlements.csv,processor_merchant_id,2026.07.19.3
BISCUIT_RELIEF,PUPPY,SETTLE-0030,settled_at,TIMESTAMP,,,,,,2025-04-14T10:00:00Z,,false,3,genie/puppy/processor_settlements.csv,settled_at,2026.07.19.3
BISCUIT_RELIEF,PUPPY,SETTLE-0030,gross_amount,DECIMAL,,,14550.00,,,,,false,4,genie/puppy/processor_settlements.csv,gross_amount,2026.07.19.3
BISCUIT_RELIEF,PUPPY,SETTLE-0030,processor_fee,DECIMAL,,,353.70,,,,,false,5,genie/puppy/processor_settlements.csv,processor_fee,2026.07.19.3
BISCUIT_RELIEF,PUPPY,SETTLE-0030,net_amount,DECIMAL,,,14196.30,,,,,false,6,genie/puppy/processor_settlements.csv,net_amount,2026.07.19.3
BISCUIT_RELIEF,PUPPY,SETTLE-0030,currency,STRING,BSC,,,,,,,false,7,genie/puppy/processor_settlements.csv,currency,2026.07.19.3
BISCUIT_RELIEF,PUPPY,SETTLE-0030,source_account_id,STRING,A-PROC-6104,,,,,,,false,8,genie/puppy/processor_settlements.csv,source_account_id,2026.07.19.3
BISCUIT_RELIEF,PUPPY,SETTLE-0030,destination_account_id,STRING,A-GBRF-6401,,,,,,,false,9,genie/puppy/processor_settlements.csv,destination_account_id,2026.07.19.3
BISCUIT_RELIEF,PUPPY,SETTLE-0030,donation_ids,STRING,DON-00096;DON-00097;DON-00098,,,,,,,false,10,genie/puppy/processor_settlements.csv,donation_ids,2026.07.19.3
BISCUIT_RELIEF,PUPPY,SETTLE-0030,source_system_id,STRING,PAYMENT_PROCESSOR,,,,,,,false,11,genie/puppy/processor_settlements.csv,source_system_id,2026.07.19.3
BISCUIT_RELIEF,PUPPY,SETTLE-0031,settlement_id,STRING,SETTLE-0031,,,,,,,false,1,genie/puppy/processor_settlements.csv,settlement_id,2026.07.19.3
BISCUIT_RELIEF,PUPPY,SETTLE-0031,processor_merchant_id,STRING,MER-6104,,,,,,,false,2,genie/puppy/processor_settlements.csv,processor_merchant_id,2026.07.19.3
BISCUIT_RELIEF,PUPPY,SETTLE-0031,settled_at,TIMESTAMP,,,,,,2025-04-17T10:00:00Z,,false,3,genie/puppy/processor_settlements.csv,settled_at,2026.07.19.3
BISCUIT_RELIEF,PUPPY,SETTLE-0031,gross_amount,DECIMAL,,,20400.00,,,,,false,4,genie/puppy/processor_settlements.csv,gross_amount,2026.07.19.3
BISCUIT_RELIEF,PUPPY,SETTLE-0031,processor_fee,DECIMAL,,,494.10,,,,,false,5,genie/puppy/processor_settlements.csv,processor_fee,2026.07.19.3
BISCUIT_RELIEF,PUPPY,SETTLE-0031,net_amount,DECIMAL,,,19905.90,,,,,false,6,genie/puppy/processor_settlements.csv,net_amount,2026.07.19.3
BISCUIT_RELIEF,PUPPY,SETTLE-0031,currency,STRING,BSC,,,,,,,false,7,genie/puppy/processor_settlements.csv,currency,2026.07.19.3
BISCUIT_RELIEF,PUPPY,SETTLE-0031,source_account_id,STRING,A-PROC-6104,,,,,,,false,8,genie/puppy/processor_settlements.csv,source_account_id,2026.07.19.3
BISCUIT_RELIEF,PUPPY,SETTLE-0031,destination_account_id,STRING,A-GBRF-6401,,,,,,,false,9,genie/puppy/processor_settlements.csv,destination_account_id,2026.07.19.3
BISCUIT_RELIEF,PUPPY,SETTLE-0031,donation_ids,STRING,DON-00099;DON-00100;DON-00101,,,,,,,false,10,genie/puppy/processor_settlements.csv,donation_ids,2026.07.19.3
BISCUIT_RELIEF,PUPPY,SETTLE-0031,source_system_id,STRING,PAYMENT_PROCESSOR,,,,,,,false,11,genie/puppy/processor_settlements.csv,source_system_id,2026.07.19.3
BISCUIT_RELIEF,PUPPY,SETTLE-0032,settlement_id,STRING,SETTLE-0032,,,,,,,false,1,genie/puppy/processor_settlements.csv,settlement_id,2026.07.19.3
BISCUIT_RELIEF,PUPPY,SETTLE-0032,processor_merchant_id,STRING,MER-6104,,,,,,,false,2,genie/puppy/processor_settlements.csv,processor_merchant_id,2026.07.19.3
BISCUIT_RELIEF,PUPPY,SETTLE-0032,settled_at,TIMESTAMP,,,,,,2025-04-20T10:00:00Z,,false,3,genie/puppy/processor_settlements.csv,settled_at,2026.07.19.3
BISCUIT_RELIEF,PUPPY,SETTLE-0032,gross_amount,DECIMAL,,,26250.00,,,,,false,4,genie/puppy/processor_settlements.csv,gross_amount,2026.07.19.3
BISCUIT_RELIEF,PUPPY,SETTLE-0032,processor_fee,DECIMAL,,,634.50,,,,,false,5,genie/puppy/processor_settlements.csv,processor_fee,2026.07.19.3
BISCUIT_RELIEF,PUPPY,SETTLE-0032,net_amount,DECIMAL,,,25615.50,,,,,false,6,genie/puppy/processor_settlements.csv,net_amount,2026.07.19.3
BISCUIT_RELIEF,PUPPY,SETTLE-0032,currency,STRING,BSC,,,,,,,false,7,genie/puppy/processor_settlements.csv,currency,2026.07.19.3
BISCUIT_RELIEF,PUPPY,SETTLE-0032,source_account_id,STRING,A-PROC-6104,,,,,,,false,8,genie/puppy/processor_settlements.csv,source_account_id,2026.07.19.3
BISCUIT_RELIEF,PUPPY,SETTLE-0032,destination_account_id,STRING,A-GBRF-6401,,,,,,,false,9,genie/puppy/processor_settlements.csv,destination_account_id,2026.07.19.3
BISCUIT_RELIEF,PUPPY,SETTLE-0032,donation_ids,STRING,DON-00102;DON-00103;DON-00104,,,,,,,false,10,genie/puppy/processor_settlements.csv,donation_ids,2026.07.19.3
BISCUIT_RELIEF,PUPPY,SETTLE-0032,source_system_id,STRING,PAYMENT_PROCESSOR,,,,,,,false,11,genie/puppy/processor_settlements.csv,source_system_id,2026.07.19.3
BISCUIT_RELIEF,PUPPY,SETTLE-0033,settlement_id,STRING,SETTLE-0033,,,,,,,false,1,genie/puppy/processor_settlements.csv,settlement_id,2026.07.19.3
BISCUIT_RELIEF,PUPPY,SETTLE-0033,processor_merchant_id,STRING,MER-6104,,,,,,,false,2,genie/puppy/processor_settlements.csv,processor_merchant_id,2026.07.19.3
BISCUIT_RELIEF,PUPPY,SETTLE-0033,settled_at,TIMESTAMP,,,,,,2025-04-23T10:00:00Z,,false,3,genie/puppy/processor_settlements.csv,settled_at,2026.07.19.3
BISCUIT_RELIEF,PUPPY,SETTLE-0033,gross_amount,DECIMAL,,,6750.00,,,,,false,4,genie/puppy/processor_settlements.csv,gross_amount,2026.07.19.3
BISCUIT_RELIEF,PUPPY,SETTLE-0033,processor_fee,DECIMAL,,,166.50,,,,,false,5,genie/puppy/processor_settlements.csv,processor_fee,2026.07.19.3
BISCUIT_RELIEF,PUPPY,SETTLE-0033,net_amount,DECIMAL,,,6583.50,,,,,false,6,genie/puppy/processor_settlements.csv,net_amount,2026.07.19.3
BISCUIT_RELIEF,PUPPY,SETTLE-0033,currency,STRING,BSC,,,,,,,false,7,genie/puppy/processor_settlements.csv,currency,2026.07.19.3
BISCUIT_RELIEF,PUPPY,SETTLE-0033,source_account_id,STRING,A-PROC-6104,,,,,,,false,8,genie/puppy/processor_settlements.csv,source_account_id,2026.07.19.3
BISCUIT_RELIEF,PUPPY,SETTLE-0033,destination_account_id,STRING,A-GBRF-6401,,,,,,,false,9,genie/puppy/processor_settlements.csv,destination_account_id,2026.07.19.3
BISCUIT_RELIEF,PUPPY,SETTLE-0033,donation_ids,STRING,DON-00105;DON-00106;DON-00107,,,,,,,false,10,genie/puppy/processor_settlements.csv,donation_ids,2026.07.19.3
BISCUIT_RELIEF,PUPPY,SETTLE-0033,source_system_id,STRING,PAYMENT_PROCESSOR,,,,,,,false,11,genie/puppy/processor_settlements.csv,source_system_id,2026.07.19.3
BISCUIT_RELIEF,PUPPY,SETTLE-0034,settlement_id,STRING,SETTLE-0034,,,,,,,false,1,genie/puppy/processor_settlements.csv,settlement_id,2026.07.19.3
BISCUIT_RELIEF,PUPPY,SETTLE-0034,processor_merchant_id,STRING,MER-6104,,,,,,,false,2,genie/puppy/processor_settlements.csv,processor_merchant_id,2026.07.19.3
BISCUIT_RELIEF,PUPPY,SETTLE-0034,settled_at,TIMESTAMP,,,,,,2025-04-26T10:00:00Z,,false,3,genie/puppy/processor_settlements.csv,settled_at,2026.07.19.3
BISCUIT_RELIEF,PUPPY,SETTLE-0034,gross_amount,DECIMAL,,,12600.00,,,,,false,4,genie/puppy/processor_settlements.csv,gross_amount,2026.07.19.3
BISCUIT_RELIEF,PUPPY,SETTLE-0034,processor_fee,DECIMAL,,,306.90,,,,,false,5,genie/puppy/processor_settlements.csv,processor_fee,2026.07.19.3
BISCUIT_RELIEF,PUPPY,SETTLE-0034,net_amount,DECIMAL,,,12293.10,,,,,false,6,genie/puppy/processor_settlements.csv,net_amount,2026.07.19.3
BISCUIT_RELIEF,PUPPY,SETTLE-0034,currency,STRING,BSC,,,,,,,false,7,genie/puppy/processor_settlements.csv,currency,2026.07.19.3
BISCUIT_RELIEF,PUPPY,SETTLE-0034,source_account_id,STRING,A-PROC-6104,,,,,,,false,8,genie/puppy/processor_settlements.csv,source_account_id,2026.07.19.3
BISCUIT_RELIEF,PUPPY,SETTLE-0034,destination_account_id,STRING,A-GBRF-6401,,,,,,,false,9,genie/puppy/processor_settlements.csv,destination_account_id,2026.07.19.3
BISCUIT_RELIEF,PUPPY,SETTLE-0034,donation_ids,STRING,DON-00108;DON-00109;DON-00110,,,,,,,false,10,genie/puppy/processor_settlements.csv,donation_ids,2026.07.19.3
BISCUIT_RELIEF,PUPPY,SETTLE-0034,source_system_id,STRING,PAYMENT_PROCESSOR,,,,,,,false,11,genie/puppy/processor_settlements.csv,source_system_id,2026.07.19.3
BISCUIT_RELIEF,PUPPY,SETTLE-0035,settlement_id,STRING,SETTLE-0035,,,,,,,false,1,genie/puppy/processor_settlements.csv,settlement_id,2026.07.19.3
BISCUIT_RELIEF,PUPPY,SETTLE-0035,processor_merchant_id,STRING,MER-6104,,,,,,,false,2,genie/puppy/processor_settlements.csv,processor_merchant_id,2026.07.19.3
BISCUIT_RELIEF,PUPPY,SETTLE-0035,settled_at,TIMESTAMP,,,,,,2025-04-29T10:00:00Z,,false,3,genie/puppy/processor_settlements.csv,settled_at,2026.07.19.3
BISCUIT_RELIEF,PUPPY,SETTLE-0035,gross_amount,DECIMAL,,,38450.00,,,,,false,4,genie/puppy/processor_settlements.csv,gross_amount,2026.07.19.3
BISCUIT_RELIEF,PUPPY,SETTLE-0035,processor_fee,DECIMAL,,,927.30,,,,,false,5,genie/puppy/processor_settlements.csv,processor_fee,2026.07.19.3
BISCUIT_RELIEF,PUPPY,SETTLE-0035,net_amount,DECIMAL,,,37522.70,,,,,false,6,genie/puppy/processor_settlements.csv,net_amount,2026.07.19.3
BISCUIT_RELIEF,PUPPY,SETTLE-0035,currency,STRING,BSC,,,,,,,false,7,genie/puppy/processor_settlements.csv,currency,2026.07.19.3
BISCUIT_RELIEF,PUPPY,SETTLE-0035,source_account_id,STRING,A-PROC-6104,,,,,,,false,8,genie/puppy/processor_settlements.csv,source_account_id,2026.07.19.3
BISCUIT_RELIEF,PUPPY,SETTLE-0035,destination_account_id,STRING,A-GBRF-6401,,,,,,,false,9,genie/puppy/processor_settlements.csv,destination_account_id,2026.07.19.3
BISCUIT_RELIEF,PUPPY,SETTLE-0035,donation_ids,STRING,DON-00111;DON-00112;DON-00113,,,,,,,false,10,genie/puppy/processor_settlements.csv,donation_ids,2026.07.19.3
BISCUIT_RELIEF,PUPPY,SETTLE-0035,source_system_id,STRING,PAYMENT_PROCESSOR,,,,,,,false,11,genie/puppy/processor_settlements.csv,source_system_id,2026.07.19.3
BISCUIT_RELIEF,PUPPY,SETTLE-0036,settlement_id,STRING,SETTLE-0036,,,,,,,false,1,genie/puppy/processor_settlements.csv,settlement_id,2026.07.19.3
BISCUIT_RELIEF,PUPPY,SETTLE-0036,processor_merchant_id,STRING,MER-6104,,,,,,,false,2,genie/puppy/processor_settlements.csv,processor_merchant_id,2026.07.19.3
BISCUIT_RELIEF,PUPPY,SETTLE-0036,settled_at,TIMESTAMP,,,,,,2025-05-02T10:00:00Z,,false,3,genie/puppy/processor_settlements.csv,settled_at,2026.07.19.3
BISCUIT_RELIEF,PUPPY,SETTLE-0036,gross_amount,DECIMAL,,,24300.00,,,,,false,4,genie/puppy/processor_settlements.csv,gross_amount,2026.07.19.3
BISCUIT_RELIEF,PUPPY,SETTLE-0036,processor_fee,DECIMAL,,,587.70,,,,,false,5,genie/puppy/processor_settlements.csv,processor_fee,2026.07.19.3
BISCUIT_RELIEF,PUPPY,SETTLE-0036,net_amount,DECIMAL,,,23712.30,,,,,false,6,genie/puppy/processor_settlements.csv,net_amount,2026.07.19.3
BISCUIT_RELIEF,PUPPY,SETTLE-0036,currency,STRING,BSC,,,,,,,false,7,genie/puppy/processor_settlements.csv,currency,2026.07.19.3
BISCUIT_RELIEF,PUPPY,SETTLE-0036,source_account_id,STRING,A-PROC-6104,,,,,,,false,8,genie/puppy/processor_settlements.csv,source_account_id,2026.07.19.3
BISCUIT_RELIEF,PUPPY,SETTLE-0036,destination_account_id,STRING,A-GBRF-6401,,,,,,,false,9,genie/puppy/processor_settlements.csv,destination_account_id,2026.07.19.3
BISCUIT_RELIEF,PUPPY,SETTLE-0036,donation_ids,STRING,DON-00114;DON-00115;DON-00116,,,,,,,false,10,genie/puppy/processor_settlements.csv,donation_ids,2026.07.19.3
BISCUIT_RELIEF,PUPPY,SETTLE-0036,source_system_id,STRING,PAYMENT_PROCESSOR,,,,,,,false,11,genie/puppy/processor_settlements.csv,source_system_id,2026.07.19.3
BISCUIT_RELIEF,PUPPY,SETTLE-0037,settlement_id,STRING,SETTLE-0037,,,,,,,false,1,genie/puppy/processor_settlements.csv,settlement_id,2026.07.19.3
BISCUIT_RELIEF,PUPPY,SETTLE-0037,processor_merchant_id,STRING,MER-6104,,,,,,,false,2,genie/puppy/processor_settlements.csv,processor_merchant_id,2026.07.19.3
BISCUIT_RELIEF,PUPPY,SETTLE-0037,settled_at,TIMESTAMP,,,,,,2025-05-05T10:00:00Z,,false,3,genie/puppy/processor_settlements.csv,settled_at,2026.07.19.3
BISCUIT_RELIEF,PUPPY,SETTLE-0037,gross_amount,DECIMAL,,,13250.00,,,,,false,4,genie/puppy/processor_settlements.csv,gross_amount,2026.07.19.3
BISCUIT_RELIEF,PUPPY,SETTLE-0037,processor_fee,DECIMAL,,,322.50,,,,,false,5,genie/puppy/processor_settlements.csv,processor_fee,2026.07.19.3
BISCUIT_RELIEF,PUPPY,SETTLE-0037,net_amount,DECIMAL,,,12927.50,,,,,false,6,genie/puppy/processor_settlements.csv,net_amount,2026.07.19.3
BISCUIT_RELIEF,PUPPY,SETTLE-0037,currency,STRING,BSC,,,,,,,false,7,genie/puppy/processor_settlements.csv,currency,2026.07.19.3
BISCUIT_RELIEF,PUPPY,SETTLE-0037,source_account_id,STRING,A-PROC-6104,,,,,,,false,8,genie/puppy/processor_settlements.csv,source_account_id,2026.07.19.3
BISCUIT_RELIEF,PUPPY,SETTLE-0037,destination_account_id,STRING,A-GBRF-6401,,,,,,,false,9,genie/puppy/processor_settlements.csv,destination_account_id,2026.07.19.3
BISCUIT_RELIEF,PUPPY,SETTLE-0037,donation_ids,STRING,DON-00117;DON-00118;DON-00119,,,,,,,false,10,genie/puppy/processor_settlements.csv,donation_ids,2026.07.19.3
BISCUIT_RELIEF,PUPPY,SETTLE-0037,source_system_id,STRING,PAYMENT_PROCESSOR,,,,,,,false,11,genie/puppy/processor_settlements.csv,source_system_id,2026.07.19.3
BISCUIT_RELIEF,PUPPY,SETTLE-0038,settlement_id,STRING,SETTLE-0038,,,,,,,false,1,genie/puppy/processor_settlements.csv,settlement_id,2026.07.19.3
BISCUIT_RELIEF,PUPPY,SETTLE-0038,processor_merchant_id,STRING,MER-6104,,,,,,,false,2,genie/puppy/processor_settlements.csv,processor_merchant_id,2026.07.19.3
BISCUIT_RELIEF,PUPPY,SETTLE-0038,settled_at,TIMESTAMP,,,,,,2025-05-08T10:00:00Z,,false,3,genie/puppy/processor_settlements.csv,settled_at,2026.07.19.3
BISCUIT_RELIEF,PUPPY,SETTLE-0038,gross_amount,DECIMAL,,,12150.00,,,,,false,4,genie/puppy/processor_settlements.csv,gross_amount,2026.07.19.3
BISCUIT_RELIEF,PUPPY,SETTLE-0038,processor_fee,DECIMAL,,,296.10,,,,,false,5,genie/puppy/processor_settlements.csv,processor_fee,2026.07.19.3
BISCUIT_RELIEF,PUPPY,SETTLE-0038,net_amount,DECIMAL,,,11853.90,,,,,false,6,genie/puppy/processor_settlements.csv,net_amount,2026.07.19.3
BISCUIT_RELIEF,PUPPY,SETTLE-0038,currency,STRING,BSC,,,,,,,false,7,genie/puppy/processor_settlements.csv,currency,2026.07.19.3
BISCUIT_RELIEF,PUPPY,SETTLE-0038,source_account_id,STRING,A-PROC-6104,,,,,,,false,8,genie/puppy/processor_settlements.csv,source_account_id,2026.07.19.3
BISCUIT_RELIEF,PUPPY,SETTLE-0038,destination_account_id,STRING,A-GBRF-6401,,,,,,,false,9,genie/puppy/processor_settlements.csv,destination_account_id,2026.07.19.3
BISCUIT_RELIEF,PUPPY,SETTLE-0038,donation_ids,STRING,DON-00120;DON-00122;DON-00123,,,,,,,false,10,genie/puppy/processor_settlements.csv,donation_ids,2026.07.19.3
BISCUIT_RELIEF,PUPPY,SETTLE-0038,source_system_id,STRING,PAYMENT_PROCESSOR,,,,,,,false,11,genie/puppy/processor_settlements.csv,source_system_id,2026.07.19.3
BISCUIT_RELIEF,PUPPY,SETTLE-0039,settlement_id,STRING,SETTLE-0039,,,,,,,false,1,genie/puppy/processor_settlements.csv,settlement_id,2026.07.19.3
BISCUIT_RELIEF,PUPPY,SETTLE-0039,processor_merchant_id,STRING,MER-6104,,,,,,,false,2,genie/puppy/processor_settlements.csv,processor_merchant_id,2026.07.19.3
BISCUIT_RELIEF,PUPPY,SETTLE-0039,settled_at,TIMESTAMP,,,,,,2025-05-11T10:00:00Z,,false,3,genie/puppy/processor_settlements.csv,settled_at,2026.07.19.3
BISCUIT_RELIEF,PUPPY,SETTLE-0039,gross_amount,DECIMAL,,,18750.00,,,,,false,4,genie/puppy/processor_settlements.csv,gross_amount,2026.07.19.3
BISCUIT_RELIEF,PUPPY,SETTLE-0039,processor_fee,DECIMAL,,,454.50,,,,,false,5,genie/puppy/processor_settlements.csv,processor_fee,2026.07.19.3
BISCUIT_RELIEF,PUPPY,SETTLE-0039,net_amount,DECIMAL,,,18295.50,,,,,false,6,genie/puppy/processor_settlements.csv,net_amount,2026.07.19.3
BISCUIT_RELIEF,PUPPY,SETTLE-0039,currency,STRING,BSC,,,,,,,false,7,genie/puppy/processor_settlements.csv,currency,2026.07.19.3
BISCUIT_RELIEF,PUPPY,SETTLE-0039,source_account_id,STRING,A-PROC-6104,,,,,,,false,8,genie/puppy/processor_settlements.csv,source_account_id,2026.07.19.3
BISCUIT_RELIEF,PUPPY,SETTLE-0039,destination_account_id,STRING,A-GBRF-6401,,,,,,,false,9,genie/puppy/processor_settlements.csv,destination_account_id,2026.07.19.3
BISCUIT_RELIEF,PUPPY,SETTLE-0039,donation_ids,STRING,DON-00124;DON-00125;DON-00126,,,,,,,false,10,genie/puppy/processor_settlements.csv,donation_ids,2026.07.19.3
BISCUIT_RELIEF,PUPPY,SETTLE-0039,source_system_id,STRING,PAYMENT_PROCESSOR,,,,,,,false,11,genie/puppy/processor_settlements.csv,source_system_id,2026.07.19.3
BISCUIT_RELIEF,PUPPY,SETTLE-0040,settlement_id,STRING,SETTLE-0040,,,,,,,false,1,genie/puppy/processor_settlements.csv,settlement_id,2026.07.19.3
BISCUIT_RELIEF,PUPPY,SETTLE-0040,processor_merchant_id,STRING,MER-6104,,,,,,,false,2,genie/puppy/processor_settlements.csv,processor_merchant_id,2026.07.19.3
BISCUIT_RELIEF,PUPPY,SETTLE-0040,settled_at,TIMESTAMP,,,,,,2025-05-14T10:00:00Z,,false,3,genie/puppy/processor_settlements.csv,settled_at,2026.07.19.3
BISCUIT_RELIEF,PUPPY,SETTLE-0040,gross_amount,DECIMAL,,,24600.00,,,,,false,4,genie/puppy/processor_settlements.csv,gross_amount,2026.07.19.3
BISCUIT_RELIEF,PUPPY,SETTLE-0040,processor_fee,DECIMAL,,,594.90,,,,,false,5,genie/puppy/processor_settlements.csv,processor_fee,2026.07.19.3
BISCUIT_RELIEF,PUPPY,SETTLE-0040,net_amount,DECIMAL,,,24005.10,,,,,false,6,genie/puppy/processor_settlements.csv,net_amount,2026.07.19.3
BISCUIT_RELIEF,PUPPY,SETTLE-0040,currency,STRING,BSC,,,,,,,false,7,genie/puppy/processor_settlements.csv,currency,2026.07.19.3
BISCUIT_RELIEF,PUPPY,SETTLE-0040,source_account_id,STRING,A-PROC-6104,,,,,,,false,8,genie/puppy/processor_settlements.csv,source_account_id,2026.07.19.3
BISCUIT_RELIEF,PUPPY,SETTLE-0040,destination_account_id,STRING,A-GBRF-6401,,,,,,,false,9,genie/puppy/processor_settlements.csv,destination_account_id,2026.07.19.3
BISCUIT_RELIEF,PUPPY,SETTLE-0040,donation_ids,STRING,DON-00127;DON-00128;DON-00129,,,,,,,false,10,genie/puppy/processor_settlements.csv,donation_ids,2026.07.19.3
BISCUIT_RELIEF,PUPPY,SETTLE-0040,source_system_id,STRING,PAYMENT_PROCESSOR,,,,,,,false,11,genie/puppy/processor_settlements.csv,source_system_id,2026.07.19.3
BISCUIT_RELIEF,PUPPY,VINV-0001,vendor_invoice_id,STRING,VINV-0001,,,,,,,false,1,genie/puppy/vendor_invoices.csv,vendor_invoice_id,2026.07.19.3
BISCUIT_RELIEF,PUPPY,VINV-0001,vendor_organization_record_id,STRING,OR-GILDED-03,,,,,,,false,2,genie/puppy/vendor_invoices.csv,vendor_organization_record_id,2026.07.19.3
BISCUIT_RELIEF,PUPPY,VINV-0001,invoice_number,STRING,GLM-2025-100,,,,,,,false,3,genie/puppy/vendor_invoices.csv,invoice_number,2026.07.19.3
BISCUIT_RELIEF,PUPPY,VINV-0001,invoice_date,DATE,,,,,2025-02-01,,,false,4,genie/puppy/vendor_invoices.csv,invoice_date,2026.07.19.3
BISCUIT_RELIEF,PUPPY,VINV-0001,invoice_type,STRING,ADVERTISING_AND_OUTREACH,,,,,,,false,5,genie/puppy/vendor_invoices.csv,invoice_type,2026.07.19.3
BISCUIT_RELIEF,PUPPY,VINV-0001,description,STRING,"Emergency campaign promotion, reach optimization and donor acquisition.",,,,,,,false,6,genie/puppy/vendor_invoices.csv,description,2026.07.19.3
BISCUIT_RELIEF,PUPPY,VINV-0001,amount,DECIMAL,,,9500.00,,,,,false,7,genie/puppy/vendor_invoices.csv,amount,2026.07.19.3
BISCUIT_RELIEF,PUPPY,VINV-0001,beneficiary_account_id,STRING,A-GILDED-4512,,,,,,,false,8,genie/puppy/vendor_invoices.csv,beneficiary_account_id,2026.07.19.3
BISCUIT_RELIEF,PUPPY,VINV-0001,campaign_id,STRING,CAMP-001,,,,,,,false,9,genie/puppy/vendor_invoices.csv,campaign_id,2026.07.19.3
BISCUIT_RELIEF,PUPPY,VINV-0001,payment_transaction_id,STRING,TX-AD-001,,,,,,,false,10,genie/puppy/vendor_invoices.csv,payment_transaction_id,2026.07.19.3
BISCUIT_RELIEF,PUPPY,VINV-0001,approved_by_record_id,STRING,PR-ARLO-02,,,,,,,false,11,genie/puppy/vendor_invoices.csv,approved_by_record_id,2026.07.19.3
BISCUIT_RELIEF,PUPPY,VINV-0001,source_system_id,STRING,INVOICE_REPOSITORY,,,,,,,false,12,genie/puppy/vendor_invoices.csv,source_system_id,2026.07.19.3
BISCUIT_RELIEF,PUPPY,VINV-0002,vendor_invoice_id,STRING,VINV-0002,,,,,,,false,1,genie/puppy/vendor_invoices.csv,vendor_invoice_id,2026.07.19.3
BISCUIT_RELIEF,PUPPY,VINV-0002,vendor_organization_record_id,STRING,OR-GILDED-03,,,,,,,false,2,genie/puppy/vendor_invoices.csv,vendor_organization_record_id,2026.07.19.3
BISCUIT_RELIEF,PUPPY,VINV-0002,invoice_number,STRING,GLM-2025-101,,,,,,,false,3,genie/puppy/vendor_invoices.csv,invoice_number,2026.07.19.3
BISCUIT_RELIEF,PUPPY,VINV-0002,invoice_date,DATE,,,,,2025-02-10,,,false,4,genie/puppy/vendor_invoices.csv,invoice_date,2026.07.19.3
BISCUIT_RELIEF,PUPPY,VINV-0002,invoice_type,STRING,ADVERTISING_AND_OUTREACH,,,,,,,false,5,genie/puppy/vendor_invoices.csv,invoice_type,2026.07.19.3
BISCUIT_RELIEF,PUPPY,VINV-0002,description,STRING,"Emergency campaign promotion, reach optimization and donor acquisition.",,,,,,,false,6,genie/puppy/vendor_invoices.csv,description,2026.07.19.3
BISCUIT_RELIEF,PUPPY,VINV-0002,amount,DECIMAL,,,11400.00,,,,,false,7,genie/puppy/vendor_invoices.csv,amount,2026.07.19.3
BISCUIT_RELIEF,PUPPY,VINV-0002,beneficiary_account_id,STRING,A-GILDED-4512,,,,,,,false,8,genie/puppy/vendor_invoices.csv,beneficiary_account_id,2026.07.19.3
BISCUIT_RELIEF,PUPPY,VINV-0002,campaign_id,STRING,CAMP-002,,,,,,,false,9,genie/puppy/vendor_invoices.csv,campaign_id,2026.07.19.3
BISCUIT_RELIEF,PUPPY,VINV-0002,payment_transaction_id,STRING,TX-AD-002,,,,,,,false,10,genie/puppy/vendor_invoices.csv,payment_transaction_id,2026.07.19.3
BISCUIT_RELIEF,PUPPY,VINV-0002,approved_by_record_id,STRING,PR-ARLO-02,,,,,,,false,11,genie/puppy/vendor_invoices.csv,approved_by_record_id,2026.07.19.3
BISCUIT_RELIEF,PUPPY,VINV-0002,source_system_id,STRING,INVOICE_REPOSITORY,,,,,,,false,12,genie/puppy/vendor_invoices.csv,source_system_id,2026.07.19.3
BISCUIT_RELIEF,PUPPY,VINV-0003,vendor_invoice_id,STRING,VINV-0003,,,,,,,false,1,genie/puppy/vendor_invoices.csv,vendor_invoice_id,2026.07.19.3
BISCUIT_RELIEF,PUPPY,VINV-0003,vendor_organization_record_id,STRING,OR-GILDED-03,,,,,,,false,2,genie/puppy/vendor_invoices.csv,vendor_organization_record_id,2026.07.19.3
BISCUIT_RELIEF,PUPPY,VINV-0003,invoice_number,STRING,GLM-2025-102,,,,,,,false,3,genie/puppy/vendor_invoices.csv,invoice_number,2026.07.19.3
BISCUIT_RELIEF,PUPPY,VINV-0003,invoice_date,DATE,,,,,2025-02-19,,,false,4,genie/puppy/vendor_invoices.csv,invoice_date,2026.07.19.3
BISCUIT_RELIEF,PUPPY,VINV-0003,invoice_type,STRING,ADVERTISING_AND_OUTREACH,,,,,,,false,5,genie/puppy/vendor_invoices.csv,invoice_type,2026.07.19.3
BISCUIT_RELIEF,PUPPY,VINV-0003,description,STRING,"Emergency campaign promotion, reach optimization and donor acquisition.",,,,,,,false,6,genie/puppy/vendor_invoices.csv,description,2026.07.19.3
BISCUIT_RELIEF,PUPPY,VINV-0003,amount,DECIMAL,,,13300.00,,,,,false,7,genie/puppy/vendor_invoices.csv,amount,2026.07.19.3
BISCUIT_RELIEF,PUPPY,VINV-0003,beneficiary_account_id,STRING,A-GILDED-4512,,,,,,,false,8,genie/puppy/vendor_invoices.csv,beneficiary_account_id,2026.07.19.3
BISCUIT_RELIEF,PUPPY,VINV-0003,campaign_id,STRING,CAMP-003,,,,,,,false,9,genie/puppy/vendor_invoices.csv,campaign_id,2026.07.19.3
BISCUIT_RELIEF,PUPPY,VINV-0003,payment_transaction_id,STRING,TX-AD-003,,,,,,,false,10,genie/puppy/vendor_invoices.csv,payment_transaction_id,2026.07.19.3
BISCUIT_RELIEF,PUPPY,VINV-0003,approved_by_record_id,STRING,PR-ARLO-02,,,,,,,false,11,genie/puppy/vendor_invoices.csv,approved_by_record_id,2026.07.19.3
BISCUIT_RELIEF,PUPPY,VINV-0003,source_system_id,STRING,INVOICE_REPOSITORY,,,,,,,false,12,genie/puppy/vendor_invoices.csv,source_system_id,2026.07.19.3
BISCUIT_RELIEF,PUPPY,VINV-0004,vendor_invoice_id,STRING,VINV-0004,,,,,,,false,1,genie/puppy/vendor_invoices.csv,vendor_invoice_id,2026.07.19.3
BISCUIT_RELIEF,PUPPY,VINV-0004,vendor_organization_record_id,STRING,OR-GILDED-03,,,,,,,false,2,genie/puppy/vendor_invoices.csv,vendor_organization_record_id,2026.07.19.3
BISCUIT_RELIEF,PUPPY,VINV-0004,invoice_number,STRING,GLM-2025-103,,,,,,,false,3,genie/puppy/vendor_invoices.csv,invoice_number,2026.07.19.3
BISCUIT_RELIEF,PUPPY,VINV-0004,invoice_date,DATE,,,,,2025-02-28,,,false,4,genie/puppy/vendor_invoices.csv,invoice_date,2026.07.19.3
BISCUIT_RELIEF,PUPPY,VINV-0004,invoice_type,STRING,ADVERTISING_AND_OUTREACH,,,,,,,false,5,genie/puppy/vendor_invoices.csv,invoice_type,2026.07.19.3
BISCUIT_RELIEF,PUPPY,VINV-0004,description,STRING,"Emergency campaign promotion, reach optimization and donor acquisition.",,,,,,,false,6,genie/puppy/vendor_invoices.csv,description,2026.07.19.3
BISCUIT_RELIEF,PUPPY,VINV-0004,amount,DECIMAL,,,15200.00,,,,,false,7,genie/puppy/vendor_invoices.csv,amount,2026.07.19.3
BISCUIT_RELIEF,PUPPY,VINV-0004,beneficiary_account_id,STRING,A-GILDED-4512,,,,,,,false,8,genie/puppy/vendor_invoices.csv,beneficiary_account_id,2026.07.19.3
BISCUIT_RELIEF,PUPPY,VINV-0004,campaign_id,STRING,CAMP-004,,,,,,,false,9,genie/puppy/vendor_invoices.csv,campaign_id,2026.07.19.3
BISCUIT_RELIEF,PUPPY,VINV-0004,payment_transaction_id,STRING,TX-AD-004,,,,,,,false,10,genie/puppy/vendor_invoices.csv,payment_transaction_id,2026.07.19.3
BISCUIT_RELIEF,PUPPY,VINV-0004,approved_by_record_id,STRING,PR-ARLO-02,,,,,,,false,11,genie/puppy/vendor_invoices.csv,approved_by_record_id,2026.07.19.3
BISCUIT_RELIEF,PUPPY,VINV-0004,source_system_id,STRING,INVOICE_REPOSITORY,,,,,,,false,12,genie/puppy/vendor_invoices.csv,source_system_id,2026.07.19.3
BISCUIT_RELIEF,PUPPY,VINV-0005,vendor_invoice_id,STRING,VINV-0005,,,,,,,false,1,genie/puppy/vendor_invoices.csv,vendor_invoice_id,2026.07.19.3
BISCUIT_RELIEF,PUPPY,VINV-0005,vendor_organization_record_id,STRING,OR-GILDED-03,,,,,,,false,2,genie/puppy/vendor_invoices.csv,vendor_organization_record_id,2026.07.19.3
BISCUIT_RELIEF,PUPPY,VINV-0005,invoice_number,STRING,GLM-2025-104,,,,,,,false,3,genie/puppy/vendor_invoices.csv,invoice_number,2026.07.19.3
BISCUIT_RELIEF,PUPPY,VINV-0005,invoice_date,DATE,,,,,2025-03-09,,,false,4,genie/puppy/vendor_invoices.csv,invoice_date,2026.07.19.3
BISCUIT_RELIEF,PUPPY,VINV-0005,invoice_type,STRING,ADVERTISING_AND_OUTREACH,,,,,,,false,5,genie/puppy/vendor_invoices.csv,invoice_type,2026.07.19.3
BISCUIT_RELIEF,PUPPY,VINV-0005,description,STRING,"Emergency campaign promotion, reach optimization and donor acquisition.",,,,,,,false,6,genie/puppy/vendor_invoices.csv,description,2026.07.19.3
BISCUIT_RELIEF,PUPPY,VINV-0005,amount,DECIMAL,,,17100.00,,,,,false,7,genie/puppy/vendor_invoices.csv,amount,2026.07.19.3
BISCUIT_RELIEF,PUPPY,VINV-0005,beneficiary_account_id,STRING,A-GILDED-4512,,,,,,,false,8,genie/puppy/vendor_invoices.csv,beneficiary_account_id,2026.07.19.3
BISCUIT_RELIEF,PUPPY,VINV-0005,campaign_id,STRING,CAMP-005,,,,,,,false,9,genie/puppy/vendor_invoices.csv,campaign_id,2026.07.19.3
BISCUIT_RELIEF,PUPPY,VINV-0005,payment_transaction_id,STRING,TX-AD-005,,,,,,,false,10,genie/puppy/vendor_invoices.csv,payment_transaction_id,2026.07.19.3
BISCUIT_RELIEF,PUPPY,VINV-0005,approved_by_record_id,STRING,PR-ARLO-02,,,,,,,false,11,genie/puppy/vendor_invoices.csv,approved_by_record_id,2026.07.19.3
BISCUIT_RELIEF,PUPPY,VINV-0005,source_system_id,STRING,INVOICE_REPOSITORY,,,,,,,false,12,genie/puppy/vendor_invoices.csv,source_system_id,2026.07.19.3
BISCUIT_RELIEF,PUPPY,VINV-0006,vendor_invoice_id,STRING,VINV-0006,,,,,,,false,1,genie/puppy/vendor_invoices.csv,vendor_invoice_id,2026.07.19.3
BISCUIT_RELIEF,PUPPY,VINV-0006,vendor_organization_record_id,STRING,OR-GILDED-03,,,,,,,false,2,genie/puppy/vendor_invoices.csv,vendor_organization_record_id,2026.07.19.3
BISCUIT_RELIEF,PUPPY,VINV-0006,invoice_number,STRING,GLM-2025-105,,,,,,,false,3,genie/puppy/vendor_invoices.csv,invoice_number,2026.07.19.3
BISCUIT_RELIEF,PUPPY,VINV-0006,invoice_date,DATE,,,,,2025-03-18,,,false,4,genie/puppy/vendor_invoices.csv,invoice_date,2026.07.19.3
BISCUIT_RELIEF,PUPPY,VINV-0006,invoice_type,STRING,ADVERTISING_AND_OUTREACH,,,,,,,false,5,genie/puppy/vendor_invoices.csv,invoice_type,2026.07.19.3
BISCUIT_RELIEF,PUPPY,VINV-0006,description,STRING,"Emergency campaign promotion, reach optimization and donor acquisition.",,,,,,,false,6,genie/puppy/vendor_invoices.csv,description,2026.07.19.3
BISCUIT_RELIEF,PUPPY,VINV-0006,amount,DECIMAL,,,19000.00,,,,,false,7,genie/puppy/vendor_invoices.csv,amount,2026.07.19.3
BISCUIT_RELIEF,PUPPY,VINV-0006,beneficiary_account_id,STRING,A-GILDED-4512,,,,,,,false,8,genie/puppy/vendor_invoices.csv,beneficiary_account_id,2026.07.19.3
BISCUIT_RELIEF,PUPPY,VINV-0006,campaign_id,STRING,CAMP-006,,,,,,,false,9,genie/puppy/vendor_invoices.csv,campaign_id,2026.07.19.3
BISCUIT_RELIEF,PUPPY,VINV-0006,payment_transaction_id,STRING,TX-AD-006,,,,,,,false,10,genie/puppy/vendor_invoices.csv,payment_transaction_id,2026.07.19.3
BISCUIT_RELIEF,PUPPY,VINV-0006,approved_by_record_id,STRING,PR-ARLO-02,,,,,,,false,11,genie/puppy/vendor_invoices.csv,approved_by_record_id,2026.07.19.3
BISCUIT_RELIEF,PUPPY,VINV-0006,source_system_id,STRING,INVOICE_REPOSITORY,,,,,,,false,12,genie/puppy/vendor_invoices.csv,source_system_id,2026.07.19.3
BISCUIT_RELIEF,PUPPY,VINV-0007,vendor_invoice_id,STRING,VINV-0007,,,,,,,false,1,genie/puppy/vendor_invoices.csv,vendor_invoice_id,2026.07.19.3
BISCUIT_RELIEF,PUPPY,VINV-0007,vendor_organization_record_id,STRING,OR-GILDED-03,,,,,,,false,2,genie/puppy/vendor_invoices.csv,vendor_organization_record_id,2026.07.19.3
BISCUIT_RELIEF,PUPPY,VINV-0007,invoice_number,STRING,GLM-2025-106,,,,,,,false,3,genie/puppy/vendor_invoices.csv,invoice_number,2026.07.19.3
BISCUIT_RELIEF,PUPPY,VINV-0007,invoice_date,DATE,,,,,2025-03-27,,,false,4,genie/puppy/vendor_invoices.csv,invoice_date,2026.07.19.3
BISCUIT_RELIEF,PUPPY,VINV-0007,invoice_type,STRING,ADVERTISING_AND_OUTREACH,,,,,,,false,5,genie/puppy/vendor_invoices.csv,invoice_type,2026.07.19.3
BISCUIT_RELIEF,PUPPY,VINV-0007,description,STRING,"Emergency campaign promotion, reach optimization and donor acquisition.",,,,,,,false,6,genie/puppy/vendor_invoices.csv,description,2026.07.19.3
BISCUIT_RELIEF,PUPPY,VINV-0007,amount,DECIMAL,,,20900.00,,,,,false,7,genie/puppy/vendor_invoices.csv,amount,2026.07.19.3
BISCUIT_RELIEF,PUPPY,VINV-0007,beneficiary_account_id,STRING,A-GILDED-4512,,,,,,,false,8,genie/puppy/vendor_invoices.csv,beneficiary_account_id,2026.07.19.3
BISCUIT_RELIEF,PUPPY,VINV-0007,campaign_id,STRING,CAMP-007,,,,,,,false,9,genie/puppy/vendor_invoices.csv,campaign_id,2026.07.19.3
BISCUIT_RELIEF,PUPPY,VINV-0007,payment_transaction_id,STRING,TX-AD-007,,,,,,,false,10,genie/puppy/vendor_invoices.csv,payment_transaction_id,2026.07.19.3
BISCUIT_RELIEF,PUPPY,VINV-0007,approved_by_record_id,STRING,PR-ARLO-02,,,,,,,false,11,genie/puppy/vendor_invoices.csv,approved_by_record_id,2026.07.19.3
BISCUIT_RELIEF,PUPPY,VINV-0007,source_system_id,STRING,INVOICE_REPOSITORY,,,,,,,false,12,genie/puppy/vendor_invoices.csv,source_system_id,2026.07.19.3
BISCUIT_RELIEF,PUPPY,VINV-0008,vendor_invoice_id,STRING,VINV-0008,,,,,,,false,1,genie/puppy/vendor_invoices.csv,vendor_invoice_id,2026.07.19.3
BISCUIT_RELIEF,PUPPY,VINV-0008,vendor_organization_record_id,STRING,OR-GILDED-03,,,,,,,false,2,genie/puppy/vendor_invoices.csv,vendor_organization_record_id,2026.07.19.3
BISCUIT_RELIEF,PUPPY,VINV-0008,invoice_number,STRING,GLM-2025-107,,,,,,,false,3,genie/puppy/vendor_invoices.csv,invoice_number,2026.07.19.3
BISCUIT_RELIEF,PUPPY,VINV-0008,invoice_date,DATE,,,,,2025-04-05,,,false,4,genie/puppy/vendor_invoices.csv,invoice_date,2026.07.19.3
BISCUIT_RELIEF,PUPPY,VINV-0008,invoice_type,STRING,ADVERTISING_AND_OUTREACH,,,,,,,false,5,genie/puppy/vendor_invoices.csv,invoice_type,2026.07.19.3
BISCUIT_RELIEF,PUPPY,VINV-0008,description,STRING,"Emergency campaign promotion, reach optimization and donor acquisition.",,,,,,,false,6,genie/puppy/vendor_invoices.csv,description,2026.07.19.3
BISCUIT_RELIEF,PUPPY,VINV-0008,amount,DECIMAL,,,9500.00,,,,,false,7,genie/puppy/vendor_invoices.csv,amount,2026.07.19.3
BISCUIT_RELIEF,PUPPY,VINV-0008,beneficiary_account_id,STRING,A-GILDED-4512,,,,,,,false,8,genie/puppy/vendor_invoices.csv,beneficiary_account_id,2026.07.19.3
BISCUIT_RELIEF,PUPPY,VINV-0008,campaign_id,STRING,CAMP-008,,,,,,,false,9,genie/puppy/vendor_invoices.csv,campaign_id,2026.07.19.3
BISCUIT_RELIEF,PUPPY,VINV-0008,payment_transaction_id,STRING,TX-AD-008,,,,,,,false,10,genie/puppy/vendor_invoices.csv,payment_transaction_id,2026.07.19.3
BISCUIT_RELIEF,PUPPY,VINV-0008,approved_by_record_id,STRING,PR-ARLO-02,,,,,,,false,11,genie/puppy/vendor_invoices.csv,approved_by_record_id,2026.07.19.3
BISCUIT_RELIEF,PUPPY,VINV-0008,source_system_id,STRING,INVOICE_REPOSITORY,,,,,,,false,12,genie/puppy/vendor_invoices.csv,source_system_id,2026.07.19.3
BISCUIT_RELIEF,PUPPY,VINV-0009,vendor_invoice_id,STRING,VINV-0009,,,,,,,false,1,genie/puppy/vendor_invoices.csv,vendor_invoice_id,2026.07.19.3
BISCUIT_RELIEF,PUPPY,VINV-0009,vendor_organization_record_id,STRING,OR-GILDED-03,,,,,,,false,2,genie/puppy/vendor_invoices.csv,vendor_organization_record_id,2026.07.19.3
BISCUIT_RELIEF,PUPPY,VINV-0009,invoice_number,STRING,GLM-2025-108,,,,,,,false,3,genie/puppy/vendor_invoices.csv,invoice_number,2026.07.19.3
BISCUIT_RELIEF,PUPPY,VINV-0009,invoice_date,DATE,,,,,2025-04-14,,,false,4,genie/puppy/vendor_invoices.csv,invoice_date,2026.07.19.3
BISCUIT_RELIEF,PUPPY,VINV-0009,invoice_type,STRING,ADVERTISING_AND_OUTREACH,,,,,,,false,5,genie/puppy/vendor_invoices.csv,invoice_type,2026.07.19.3
BISCUIT_RELIEF,PUPPY,VINV-0009,description,STRING,"Emergency campaign promotion, reach optimization and donor acquisition.",,,,,,,false,6,genie/puppy/vendor_invoices.csv,description,2026.07.19.3
BISCUIT_RELIEF,PUPPY,VINV-0009,amount,DECIMAL,,,11400.00,,,,,false,7,genie/puppy/vendor_invoices.csv,amount,2026.07.19.3
BISCUIT_RELIEF,PUPPY,VINV-0009,beneficiary_account_id,STRING,A-GILDED-4512,,,,,,,false,8,genie/puppy/vendor_invoices.csv,beneficiary_account_id,2026.07.19.3
BISCUIT_RELIEF,PUPPY,VINV-0009,campaign_id,STRING,CAMP-009,,,,,,,false,9,genie/puppy/vendor_invoices.csv,campaign_id,2026.07.19.3
BISCUIT_RELIEF,PUPPY,VINV-0009,payment_transaction_id,STRING,TX-AD-009,,,,,,,false,10,genie/puppy/vendor_invoices.csv,payment_transaction_id,2026.07.19.3
BISCUIT_RELIEF,PUPPY,VINV-0009,approved_by_record_id,STRING,PR-ARLO-02,,,,,,,false,11,genie/puppy/vendor_invoices.csv,approved_by_record_id,2026.07.19.3
BISCUIT_RELIEF,PUPPY,VINV-0009,source_system_id,STRING,INVOICE_REPOSITORY,,,,,,,false,12,genie/puppy/vendor_invoices.csv,source_system_id,2026.07.19.3
BISCUIT_RELIEF,PUPPY,VINV-0010,vendor_invoice_id,STRING,VINV-0010,,,,,,,false,1,genie/puppy/vendor_invoices.csv,vendor_invoice_id,2026.07.19.3
BISCUIT_RELIEF,PUPPY,VINV-0010,vendor_organization_record_id,STRING,OR-GILDED-03,,,,,,,false,2,genie/puppy/vendor_invoices.csv,vendor_organization_record_id,2026.07.19.3
BISCUIT_RELIEF,PUPPY,VINV-0010,invoice_number,STRING,GLM-2025-109,,,,,,,false,3,genie/puppy/vendor_invoices.csv,invoice_number,2026.07.19.3
BISCUIT_RELIEF,PUPPY,VINV-0010,invoice_date,DATE,,,,,2025-04-23,,,false,4,genie/puppy/vendor_invoices.csv,invoice_date,2026.07.19.3
BISCUIT_RELIEF,PUPPY,VINV-0010,invoice_type,STRING,ADVERTISING_AND_OUTREACH,,,,,,,false,5,genie/puppy/vendor_invoices.csv,invoice_type,2026.07.19.3
BISCUIT_RELIEF,PUPPY,VINV-0010,description,STRING,"Emergency campaign promotion, reach optimization and donor acquisition.",,,,,,,false,6,genie/puppy/vendor_invoices.csv,description,2026.07.19.3
BISCUIT_RELIEF,PUPPY,VINV-0010,amount,DECIMAL,,,13300.00,,,,,false,7,genie/puppy/vendor_invoices.csv,amount,2026.07.19.3
BISCUIT_RELIEF,PUPPY,VINV-0010,beneficiary_account_id,STRING,A-GILDED-4512,,,,,,,false,8,genie/puppy/vendor_invoices.csv,beneficiary_account_id,2026.07.19.3
BISCUIT_RELIEF,PUPPY,VINV-0010,campaign_id,STRING,CAMP-010,,,,,,,false,9,genie/puppy/vendor_invoices.csv,campaign_id,2026.07.19.3
BISCUIT_RELIEF,PUPPY,VINV-0010,payment_transaction_id,STRING,TX-AD-010,,,,,,,false,10,genie/puppy/vendor_invoices.csv,payment_transaction_id,2026.07.19.3
BISCUIT_RELIEF,PUPPY,VINV-0010,approved_by_record_id,STRING,PR-ARLO-02,,,,,,,false,11,genie/puppy/vendor_invoices.csv,approved_by_record_id,2026.07.19.3
BISCUIT_RELIEF,PUPPY,VINV-0010,source_system_id,STRING,INVOICE_REPOSITORY,,,,,,,false,12,genie/puppy/vendor_invoices.csv,source_system_id,2026.07.19.3
BISCUIT_RELIEF,PUPPY,VINV-0011,vendor_invoice_id,STRING,VINV-0011,,,,,,,false,1,genie/puppy/vendor_invoices.csv,vendor_invoice_id,2026.07.19.3
BISCUIT_RELIEF,PUPPY,VINV-0011,vendor_organization_record_id,STRING,OR-GILDED-03,,,,,,,false,2,genie/puppy/vendor_invoices.csv,vendor_organization_record_id,2026.07.19.3
BISCUIT_RELIEF,PUPPY,VINV-0011,invoice_number,STRING,GLM-2025-110,,,,,,,false,3,genie/puppy/vendor_invoices.csv,invoice_number,2026.07.19.3
BISCUIT_RELIEF,PUPPY,VINV-0011,invoice_date,DATE,,,,,2025-05-02,,,false,4,genie/puppy/vendor_invoices.csv,invoice_date,2026.07.19.3
BISCUIT_RELIEF,PUPPY,VINV-0011,invoice_type,STRING,ADVERTISING_AND_OUTREACH,,,,,,,false,5,genie/puppy/vendor_invoices.csv,invoice_type,2026.07.19.3
BISCUIT_RELIEF,PUPPY,VINV-0011,description,STRING,"Emergency campaign promotion, reach optimization and donor acquisition.",,,,,,,false,6,genie/puppy/vendor_invoices.csv,description,2026.07.19.3
BISCUIT_RELIEF,PUPPY,VINV-0011,amount,DECIMAL,,,15200.00,,,,,false,7,genie/puppy/vendor_invoices.csv,amount,2026.07.19.3
BISCUIT_RELIEF,PUPPY,VINV-0011,beneficiary_account_id,STRING,A-GILDED-4512,,,,,,,false,8,genie/puppy/vendor_invoices.csv,beneficiary_account_id,2026.07.19.3
BISCUIT_RELIEF,PUPPY,VINV-0011,campaign_id,STRING,CAMP-011,,,,,,,false,9,genie/puppy/vendor_invoices.csv,campaign_id,2026.07.19.3
BISCUIT_RELIEF,PUPPY,VINV-0011,payment_transaction_id,STRING,TX-AD-011,,,,,,,false,10,genie/puppy/vendor_invoices.csv,payment_transaction_id,2026.07.19.3
BISCUIT_RELIEF,PUPPY,VINV-0011,approved_by_record_id,STRING,PR-ARLO-02,,,,,,,false,11,genie/puppy/vendor_invoices.csv,approved_by_record_id,2026.07.19.3
BISCUIT_RELIEF,PUPPY,VINV-0011,source_system_id,STRING,INVOICE_REPOSITORY,,,,,,,false,12,genie/puppy/vendor_invoices.csv,source_system_id,2026.07.19.3
BISCUIT_RELIEF,PUPPY,VINV-0012,vendor_invoice_id,STRING,VINV-0012,,,,,,,false,1,genie/puppy/vendor_invoices.csv,vendor_invoice_id,2026.07.19.3
BISCUIT_RELIEF,PUPPY,VINV-0012,vendor_organization_record_id,STRING,OR-GILDED-03,,,,,,,false,2,genie/puppy/vendor_invoices.csv,vendor_organization_record_id,2026.07.19.3
BISCUIT_RELIEF,PUPPY,VINV-0012,invoice_number,STRING,GLM-2025-111,,,,,,,false,3,genie/puppy/vendor_invoices.csv,invoice_number,2026.07.19.3
BISCUIT_RELIEF,PUPPY,VINV-0012,invoice_date,DATE,,,,,2025-05-11,,,false,4,genie/puppy/vendor_invoices.csv,invoice_date,2026.07.19.3
BISCUIT_RELIEF,PUPPY,VINV-0012,invoice_type,STRING,ADVERTISING_AND_OUTREACH,,,,,,,false,5,genie/puppy/vendor_invoices.csv,invoice_type,2026.07.19.3
BISCUIT_RELIEF,PUPPY,VINV-0012,description,STRING,"Emergency campaign promotion, reach optimization and donor acquisition.",,,,,,,false,6,genie/puppy/vendor_invoices.csv,description,2026.07.19.3
BISCUIT_RELIEF,PUPPY,VINV-0012,amount,DECIMAL,,,17100.00,,,,,false,7,genie/puppy/vendor_invoices.csv,amount,2026.07.19.3
BISCUIT_RELIEF,PUPPY,VINV-0012,beneficiary_account_id,STRING,A-GILDED-4512,,,,,,,false,8,genie/puppy/vendor_invoices.csv,beneficiary_account_id,2026.07.19.3
BISCUIT_RELIEF,PUPPY,VINV-0012,campaign_id,STRING,CAMP-012,,,,,,,false,9,genie/puppy/vendor_invoices.csv,campaign_id,2026.07.19.3
BISCUIT_RELIEF,PUPPY,VINV-0012,payment_transaction_id,STRING,TX-AD-012,,,,,,,false,10,genie/puppy/vendor_invoices.csv,payment_transaction_id,2026.07.19.3
BISCUIT_RELIEF,PUPPY,VINV-0012,approved_by_record_id,STRING,PR-ARLO-02,,,,,,,false,11,genie/puppy/vendor_invoices.csv,approved_by_record_id,2026.07.19.3
BISCUIT_RELIEF,PUPPY,VINV-0012,source_system_id,STRING,INVOICE_REPOSITORY,,,,,,,false,12,genie/puppy/vendor_invoices.csv,source_system_id,2026.07.19.3
BISCUIT_RELIEF,PUPPY,VINV-0036,vendor_invoice_id,STRING,VINV-0036,,,,,,,false,1,genie/puppy/vendor_invoices.csv,vendor_invoice_id,2026.07.19.3
BISCUIT_RELIEF,PUPPY,VINV-0036,vendor_organization_record_id,STRING,OR-REDROOF-03,,,,,,,false,2,genie/puppy/vendor_invoices.csv,vendor_organization_record_id,2026.07.19.3
BISCUIT_RELIEF,PUPPY,VINV-0036,invoice_number,STRING,RRL-2025-200,,,,,,,false,3,genie/puppy/vendor_invoices.csv,invoice_number,2026.07.19.3
BISCUIT_RELIEF,PUPPY,VINV-0036,invoice_date,DATE,,,,,2025-02-04,,,false,4,genie/puppy/vendor_invoices.csv,invoice_date,2026.07.19.3
BISCUIT_RELIEF,PUPPY,VINV-0036,invoice_type,STRING,WAREHOUSE_AND_LOGISTICS,,,,,,,false,5,genie/puppy/vendor_invoices.csv,invoice_type,2026.07.19.3
BISCUIT_RELIEF,PUPPY,VINV-0036,description,STRING,"Emergency storage, packing and last-mile relief delivery.",,,,,,,false,6,genie/puppy/vendor_invoices.csv,description,2026.07.19.3
BISCUIT_RELIEF,PUPPY,VINV-0036,amount,DECIMAL,,,12000.00,,,,,false,7,genie/puppy/vendor_invoices.csv,amount,2026.07.19.3
BISCUIT_RELIEF,PUPPY,VINV-0036,beneficiary_account_id,STRING,A-REDROOF-7730,,,,,,,false,8,genie/puppy/vendor_invoices.csv,beneficiary_account_id,2026.07.19.3
BISCUIT_RELIEF,PUPPY,VINV-0036,campaign_id,STRING,CAMP-001,,,,,,,false,9,genie/puppy/vendor_invoices.csv,campaign_id,2026.07.19.3
BISCUIT_RELIEF,PUPPY,VINV-0036,payment_transaction_id,STRING,TX-LOG-001,,,,,,,false,10,genie/puppy/vendor_invoices.csv,payment_transaction_id,2026.07.19.3
BISCUIT_RELIEF,PUPPY,VINV-0036,approved_by_record_id,STRING,PR-FELIX-01,,,,,,,false,11,genie/puppy/vendor_invoices.csv,approved_by_record_id,2026.07.19.3
BISCUIT_RELIEF,PUPPY,VINV-0036,source_system_id,STRING,INVOICE_REPOSITORY,,,,,,,false,12,genie/puppy/vendor_invoices.csv,source_system_id,2026.07.19.3
BISCUIT_RELIEF,PUPPY,VINV-0037,vendor_invoice_id,STRING,VINV-0037,,,,,,,false,1,genie/puppy/vendor_invoices.csv,vendor_invoice_id,2026.07.19.3
BISCUIT_RELIEF,PUPPY,VINV-0037,vendor_organization_record_id,STRING,OR-REDROOF-03,,,,,,,false,2,genie/puppy/vendor_invoices.csv,vendor_organization_record_id,2026.07.19.3
BISCUIT_RELIEF,PUPPY,VINV-0037,invoice_number,STRING,RRL-2025-201,,,,,,,false,3,genie/puppy/vendor_invoices.csv,invoice_number,2026.07.19.3
BISCUIT_RELIEF,PUPPY,VINV-0037,invoice_date,DATE,,,,,2025-02-14,,,false,4,genie/puppy/vendor_invoices.csv,invoice_date,2026.07.19.3
BISCUIT_RELIEF,PUPPY,VINV-0037,invoice_type,STRING,WAREHOUSE_AND_LOGISTICS,,,,,,,false,5,genie/puppy/vendor_invoices.csv,invoice_type,2026.07.19.3
BISCUIT_RELIEF,PUPPY,VINV-0037,description,STRING,"Emergency storage, packing and last-mile relief delivery.",,,,,,,false,6,genie/puppy/vendor_invoices.csv,description,2026.07.19.3
BISCUIT_RELIEF,PUPPY,VINV-0037,amount,DECIMAL,,,14100.00,,,,,false,7,genie/puppy/vendor_invoices.csv,amount,2026.07.19.3
BISCUIT_RELIEF,PUPPY,VINV-0037,beneficiary_account_id,STRING,A-REDROOF-7730,,,,,,,false,8,genie/puppy/vendor_invoices.csv,beneficiary_account_id,2026.07.19.3
BISCUIT_RELIEF,PUPPY,VINV-0037,campaign_id,STRING,CAMP-002,,,,,,,false,9,genie/puppy/vendor_invoices.csv,campaign_id,2026.07.19.3
BISCUIT_RELIEF,PUPPY,VINV-0037,payment_transaction_id,STRING,TX-LOG-002,,,,,,,false,10,genie/puppy/vendor_invoices.csv,payment_transaction_id,2026.07.19.3
BISCUIT_RELIEF,PUPPY,VINV-0037,approved_by_record_id,STRING,PR-FELIX-01,,,,,,,false,11,genie/puppy/vendor_invoices.csv,approved_by_record_id,2026.07.19.3
BISCUIT_RELIEF,PUPPY,VINV-0037,source_system_id,STRING,INVOICE_REPOSITORY,,,,,,,false,12,genie/puppy/vendor_invoices.csv,source_system_id,2026.07.19.3
BISCUIT_RELIEF,PUPPY,VINV-0038,vendor_invoice_id,STRING,VINV-0038,,,,,,,false,1,genie/puppy/vendor_invoices.csv,vendor_invoice_id,2026.07.19.3
BISCUIT_RELIEF,PUPPY,VINV-0038,vendor_organization_record_id,STRING,OR-REDROOF-03,,,,,,,false,2,genie/puppy/vendor_invoices.csv,vendor_organization_record_id,2026.07.19.3
BISCUIT_RELIEF,PUPPY,VINV-0038,invoice_number,STRING,RRL-2025-202,,,,,,,false,3,genie/puppy/vendor_invoices.csv,invoice_number,2026.07.19.3
BISCUIT_RELIEF,PUPPY,VINV-0038,invoice_date,DATE,,,,,2025-02-24,,,false,4,genie/puppy/vendor_invoices.csv,invoice_date,2026.07.19.3
BISCUIT_RELIEF,PUPPY,VINV-0038,invoice_type,STRING,WAREHOUSE_AND_LOGISTICS,,,,,,,false,5,genie/puppy/vendor_invoices.csv,invoice_type,2026.07.19.3
BISCUIT_RELIEF,PUPPY,VINV-0038,description,STRING,"Emergency storage, packing and last-mile relief delivery.",,,,,,,false,6,genie/puppy/vendor_invoices.csv,description,2026.07.19.3
BISCUIT_RELIEF,PUPPY,VINV-0038,amount,DECIMAL,,,16200.00,,,,,false,7,genie/puppy/vendor_invoices.csv,amount,2026.07.19.3
BISCUIT_RELIEF,PUPPY,VINV-0038,beneficiary_account_id,STRING,A-REDROOF-7730,,,,,,,false,8,genie/puppy/vendor_invoices.csv,beneficiary_account_id,2026.07.19.3
BISCUIT_RELIEF,PUPPY,VINV-0038,campaign_id,STRING,CAMP-003,,,,,,,false,9,genie/puppy/vendor_invoices.csv,campaign_id,2026.07.19.3
BISCUIT_RELIEF,PUPPY,VINV-0038,payment_transaction_id,STRING,TX-LOG-003,,,,,,,false,10,genie/puppy/vendor_invoices.csv,payment_transaction_id,2026.07.19.3
BISCUIT_RELIEF,PUPPY,VINV-0038,approved_by_record_id,STRING,PR-FELIX-01,,,,,,,false,11,genie/puppy/vendor_invoices.csv,approved_by_record_id,2026.07.19.3
BISCUIT_RELIEF,PUPPY,VINV-0038,source_system_id,STRING,INVOICE_REPOSITORY,,,,,,,false,12,genie/puppy/vendor_invoices.csv,source_system_id,2026.07.19.3
BISCUIT_RELIEF,PUPPY,VINV-0039,vendor_invoice_id,STRING,VINV-0039,,,,,,,false,1,genie/puppy/vendor_invoices.csv,vendor_invoice_id,2026.07.19.3
BISCUIT_RELIEF,PUPPY,VINV-0039,vendor_organization_record_id,STRING,OR-REDROOF-03,,,,,,,false,2,genie/puppy/vendor_invoices.csv,vendor_organization_record_id,2026.07.19.3
BISCUIT_RELIEF,PUPPY,VINV-0039,invoice_number,STRING,RRL-2025-203,,,,,,,false,3,genie/puppy/vendor_invoices.csv,invoice_number,2026.07.19.3
BISCUIT_RELIEF,PUPPY,VINV-0039,invoice_date,DATE,,,,,2025-03-06,,,false,4,genie/puppy/vendor_invoices.csv,invoice_date,2026.07.19.3
BISCUIT_RELIEF,PUPPY,VINV-0039,invoice_type,STRING,WAREHOUSE_AND_LOGISTICS,,,,,,,false,5,genie/puppy/vendor_invoices.csv,invoice_type,2026.07.19.3
BISCUIT_RELIEF,PUPPY,VINV-0039,description,STRING,"Emergency storage, packing and last-mile relief delivery.",,,,,,,false,6,genie/puppy/vendor_invoices.csv,description,2026.07.19.3
BISCUIT_RELIEF,PUPPY,VINV-0039,amount,DECIMAL,,,18300.00,,,,,false,7,genie/puppy/vendor_invoices.csv,amount,2026.07.19.3
BISCUIT_RELIEF,PUPPY,VINV-0039,beneficiary_account_id,STRING,A-REDROOF-7730,,,,,,,false,8,genie/puppy/vendor_invoices.csv,beneficiary_account_id,2026.07.19.3
BISCUIT_RELIEF,PUPPY,VINV-0039,campaign_id,STRING,CAMP-004,,,,,,,false,9,genie/puppy/vendor_invoices.csv,campaign_id,2026.07.19.3
BISCUIT_RELIEF,PUPPY,VINV-0039,payment_transaction_id,STRING,TX-LOG-004,,,,,,,false,10,genie/puppy/vendor_invoices.csv,payment_transaction_id,2026.07.19.3
BISCUIT_RELIEF,PUPPY,VINV-0039,approved_by_record_id,STRING,PR-FELIX-01,,,,,,,false,11,genie/puppy/vendor_invoices.csv,approved_by_record_id,2026.07.19.3
BISCUIT_RELIEF,PUPPY,VINV-0039,source_system_id,STRING,INVOICE_REPOSITORY,,,,,,,false,12,genie/puppy/vendor_invoices.csv,source_system_id,2026.07.19.3
BISCUIT_RELIEF,PUPPY,VINV-0040,vendor_invoice_id,STRING,VINV-0040,,,,,,,false,1,genie/puppy/vendor_invoices.csv,vendor_invoice_id,2026.07.19.3
BISCUIT_RELIEF,PUPPY,VINV-0040,vendor_organization_record_id,STRING,OR-REDROOF-03,,,,,,,false,2,genie/puppy/vendor_invoices.csv,vendor_organization_record_id,2026.07.19.3
BISCUIT_RELIEF,PUPPY,VINV-0040,invoice_number,STRING,RRL-2025-204,,,,,,,false,3,genie/puppy/vendor_invoices.csv,invoice_number,2026.07.19.3
BISCUIT_RELIEF,PUPPY,VINV-0040,invoice_date,DATE,,,,,2025-03-16,,,false,4,genie/puppy/vendor_invoices.csv,invoice_date,2026.07.19.3
BISCUIT_RELIEF,PUPPY,VINV-0040,invoice_type,STRING,WAREHOUSE_AND_LOGISTICS,,,,,,,false,5,genie/puppy/vendor_invoices.csv,invoice_type,2026.07.19.3
BISCUIT_RELIEF,PUPPY,VINV-0040,description,STRING,"Emergency storage, packing and last-mile relief delivery.",,,,,,,false,6,genie/puppy/vendor_invoices.csv,description,2026.07.19.3
BISCUIT_RELIEF,PUPPY,VINV-0040,amount,DECIMAL,,,20400.00,,,,,false,7,genie/puppy/vendor_invoices.csv,amount,2026.07.19.3
BISCUIT_RELIEF,PUPPY,VINV-0040,beneficiary_account_id,STRING,A-REDROOF-7730,,,,,,,false,8,genie/puppy/vendor_invoices.csv,beneficiary_account_id,2026.07.19.3
BISCUIT_RELIEF,PUPPY,VINV-0040,campaign_id,STRING,CAMP-005,,,,,,,false,9,genie/puppy/vendor_invoices.csv,campaign_id,2026.07.19.3
BISCUIT_RELIEF,PUPPY,VINV-0040,payment_transaction_id,STRING,TX-LOG-005,,,,,,,false,10,genie/puppy/vendor_invoices.csv,payment_transaction_id,2026.07.19.3
BISCUIT_RELIEF,PUPPY,VINV-0040,approved_by_record_id,STRING,PR-FELIX-01,,,,,,,false,11,genie/puppy/vendor_invoices.csv,approved_by_record_id,2026.07.19.3
BISCUIT_RELIEF,PUPPY,VINV-0040,source_system_id,STRING,INVOICE_REPOSITORY,,,,,,,false,12,genie/puppy/vendor_invoices.csv,source_system_id,2026.07.19.3
BISCUIT_RELIEF,PUPPY,VINV-0041,vendor_invoice_id,STRING,VINV-0041,,,,,,,false,1,genie/puppy/vendor_invoices.csv,vendor_invoice_id,2026.07.19.3
BISCUIT_RELIEF,PUPPY,VINV-0041,vendor_organization_record_id,STRING,OR-REDROOF-03,,,,,,,false,2,genie/puppy/vendor_invoices.csv,vendor_organization_record_id,2026.07.19.3
BISCUIT_RELIEF,PUPPY,VINV-0041,invoice_number,STRING,RRL-2025-205,,,,,,,false,3,genie/puppy/vendor_invoices.csv,invoice_number,2026.07.19.3
BISCUIT_RELIEF,PUPPY,VINV-0041,invoice_date,DATE,,,,,2025-03-26,,,false,4,genie/puppy/vendor_invoices.csv,invoice_date,2026.07.19.3
BISCUIT_RELIEF,PUPPY,VINV-0041,invoice_type,STRING,WAREHOUSE_AND_LOGISTICS,,,,,,,false,5,genie/puppy/vendor_invoices.csv,invoice_type,2026.07.19.3
BISCUIT_RELIEF,PUPPY,VINV-0041,description,STRING,"Emergency storage, packing and last-mile relief delivery.",,,,,,,false,6,genie/puppy/vendor_invoices.csv,description,2026.07.19.3
BISCUIT_RELIEF,PUPPY,VINV-0041,amount,DECIMAL,,,22500.00,,,,,false,7,genie/puppy/vendor_invoices.csv,amount,2026.07.19.3
BISCUIT_RELIEF,PUPPY,VINV-0041,beneficiary_account_id,STRING,A-REDROOF-7730,,,,,,,false,8,genie/puppy/vendor_invoices.csv,beneficiary_account_id,2026.07.19.3
BISCUIT_RELIEF,PUPPY,VINV-0041,campaign_id,STRING,CAMP-006,,,,,,,false,9,genie/puppy/vendor_invoices.csv,campaign_id,2026.07.19.3
BISCUIT_RELIEF,PUPPY,VINV-0041,payment_transaction_id,STRING,TX-LOG-006,,,,,,,false,10,genie/puppy/vendor_invoices.csv,payment_transaction_id,2026.07.19.3
BISCUIT_RELIEF,PUPPY,VINV-0041,approved_by_record_id,STRING,PR-FELIX-01,,,,,,,false,11,genie/puppy/vendor_invoices.csv,approved_by_record_id,2026.07.19.3
BISCUIT_RELIEF,PUPPY,VINV-0041,source_system_id,STRING,INVOICE_REPOSITORY,,,,,,,false,12,genie/puppy/vendor_invoices.csv,source_system_id,2026.07.19.3
BISCUIT_RELIEF,PUPPY,VINV-0042,vendor_invoice_id,STRING,VINV-0042,,,,,,,false,1,genie/puppy/vendor_invoices.csv,vendor_invoice_id,2026.07.19.3
BISCUIT_RELIEF,PUPPY,VINV-0042,vendor_organization_record_id,STRING,OR-REDROOF-03,,,,,,,false,2,genie/puppy/vendor_invoices.csv,vendor_organization_record_id,2026.07.19.3
BISCUIT_RELIEF,PUPPY,VINV-0042,invoice_number,STRING,RRL-2025-206,,,,,,,false,3,genie/puppy/vendor_invoices.csv,invoice_number,2026.07.19.3
BISCUIT_RELIEF,PUPPY,VINV-0042,invoice_date,DATE,,,,,2025-04-05,,,false,4,genie/puppy/vendor_invoices.csv,invoice_date,2026.07.19.3
BISCUIT_RELIEF,PUPPY,VINV-0042,invoice_type,STRING,WAREHOUSE_AND_LOGISTICS,,,,,,,false,5,genie/puppy/vendor_invoices.csv,invoice_type,2026.07.19.3
BISCUIT_RELIEF,PUPPY,VINV-0042,description,STRING,"Emergency storage, packing and last-mile relief delivery.",,,,,,,false,6,genie/puppy/vendor_invoices.csv,description,2026.07.19.3
BISCUIT_RELIEF,PUPPY,VINV-0042,amount,DECIMAL,,,12000.00,,,,,false,7,genie/puppy/vendor_invoices.csv,amount,2026.07.19.3
BISCUIT_RELIEF,PUPPY,VINV-0042,beneficiary_account_id,STRING,A-REDROOF-7730,,,,,,,false,8,genie/puppy/vendor_invoices.csv,beneficiary_account_id,2026.07.19.3
BISCUIT_RELIEF,PUPPY,VINV-0042,campaign_id,STRING,CAMP-007,,,,,,,false,9,genie/puppy/vendor_invoices.csv,campaign_id,2026.07.19.3
BISCUIT_RELIEF,PUPPY,VINV-0042,payment_transaction_id,STRING,TX-LOG-007,,,,,,,false,10,genie/puppy/vendor_invoices.csv,payment_transaction_id,2026.07.19.3
BISCUIT_RELIEF,PUPPY,VINV-0042,approved_by_record_id,STRING,PR-FELIX-01,,,,,,,false,11,genie/puppy/vendor_invoices.csv,approved_by_record_id,2026.07.19.3
BISCUIT_RELIEF,PUPPY,VINV-0042,source_system_id,STRING,INVOICE_REPOSITORY,,,,,,,false,12,genie/puppy/vendor_invoices.csv,source_system_id,2026.07.19.3
BISCUIT_RELIEF,PUPPY,VINV-0043,vendor_invoice_id,STRING,VINV-0043,,,,,,,false,1,genie/puppy/vendor_invoices.csv,vendor_invoice_id,2026.07.19.3
BISCUIT_RELIEF,PUPPY,VINV-0043,vendor_organization_record_id,STRING,OR-REDROOF-03,,,,,,,false,2,genie/puppy/vendor_invoices.csv,vendor_organization_record_id,2026.07.19.3
BISCUIT_RELIEF,PUPPY,VINV-0043,invoice_number,STRING,RRL-2025-207,,,,,,,false,3,genie/puppy/vendor_invoices.csv,invoice_number,2026.07.19.3
BISCUIT_RELIEF,PUPPY,VINV-0043,invoice_date,DATE,,,,,2025-04-15,,,false,4,genie/puppy/vendor_invoices.csv,invoice_date,2026.07.19.3
BISCUIT_RELIEF,PUPPY,VINV-0043,invoice_type,STRING,WAREHOUSE_AND_LOGISTICS,,,,,,,false,5,genie/puppy/vendor_invoices.csv,invoice_type,2026.07.19.3
BISCUIT_RELIEF,PUPPY,VINV-0043,description,STRING,"Emergency storage, packing and last-mile relief delivery.",,,,,,,false,6,genie/puppy/vendor_invoices.csv,description,2026.07.19.3
BISCUIT_RELIEF,PUPPY,VINV-0043,amount,DECIMAL,,,14100.00,,,,,false,7,genie/puppy/vendor_invoices.csv,amount,2026.07.19.3
BISCUIT_RELIEF,PUPPY,VINV-0043,beneficiary_account_id,STRING,A-REDROOF-7730,,,,,,,false,8,genie/puppy/vendor_invoices.csv,beneficiary_account_id,2026.07.19.3
BISCUIT_RELIEF,PUPPY,VINV-0043,campaign_id,STRING,CAMP-008,,,,,,,false,9,genie/puppy/vendor_invoices.csv,campaign_id,2026.07.19.3
BISCUIT_RELIEF,PUPPY,VINV-0043,payment_transaction_id,STRING,TX-LOG-008,,,,,,,false,10,genie/puppy/vendor_invoices.csv,payment_transaction_id,2026.07.19.3
BISCUIT_RELIEF,PUPPY,VINV-0043,approved_by_record_id,STRING,PR-FELIX-01,,,,,,,false,11,genie/puppy/vendor_invoices.csv,approved_by_record_id,2026.07.19.3
BISCUIT_RELIEF,PUPPY,VINV-0043,source_system_id,STRING,INVOICE_REPOSITORY,,,,,,,false,12,genie/puppy/vendor_invoices.csv,source_system_id,2026.07.19.3
BISCUIT_RELIEF,PUPPY,VINV-0044,vendor_invoice_id,STRING,VINV-0044,,,,,,,false,1,genie/puppy/vendor_invoices.csv,vendor_invoice_id,2026.07.19.3
BISCUIT_RELIEF,PUPPY,VINV-0044,vendor_organization_record_id,STRING,OR-REDROOF-03,,,,,,,false,2,genie/puppy/vendor_invoices.csv,vendor_organization_record_id,2026.07.19.3
BISCUIT_RELIEF,PUPPY,VINV-0044,invoice_number,STRING,RRL-2025-208,,,,,,,false,3,genie/puppy/vendor_invoices.csv,invoice_number,2026.07.19.3
BISCUIT_RELIEF,PUPPY,VINV-0044,invoice_date,DATE,,,,,2025-04-25,,,false,4,genie/puppy/vendor_invoices.csv,invoice_date,2026.07.19.3
BISCUIT_RELIEF,PUPPY,VINV-0044,invoice_type,STRING,WAREHOUSE_AND_LOGISTICS,,,,,,,false,5,genie/puppy/vendor_invoices.csv,invoice_type,2026.07.19.3
BISCUIT_RELIEF,PUPPY,VINV-0044,description,STRING,"Emergency storage, packing and last-mile relief delivery.",,,,,,,false,6,genie/puppy/vendor_invoices.csv,description,2026.07.19.3
BISCUIT_RELIEF,PUPPY,VINV-0044,amount,DECIMAL,,,16200.00,,,,,false,7,genie/puppy/vendor_invoices.csv,amount,2026.07.19.3
BISCUIT_RELIEF,PUPPY,VINV-0044,beneficiary_account_id,STRING,A-REDROOF-7730,,,,,,,false,8,genie/puppy/vendor_invoices.csv,beneficiary_account_id,2026.07.19.3
BISCUIT_RELIEF,PUPPY,VINV-0044,campaign_id,STRING,CAMP-009,,,,,,,false,9,genie/puppy/vendor_invoices.csv,campaign_id,2026.07.19.3
BISCUIT_RELIEF,PUPPY,VINV-0044,payment_transaction_id,STRING,TX-LOG-009,,,,,,,false,10,genie/puppy/vendor_invoices.csv,payment_transaction_id,2026.07.19.3
BISCUIT_RELIEF,PUPPY,VINV-0044,approved_by_record_id,STRING,PR-FELIX-01,,,,,,,false,11,genie/puppy/vendor_invoices.csv,approved_by_record_id,2026.07.19.3
BISCUIT_RELIEF,PUPPY,VINV-0044,source_system_id,STRING,INVOICE_REPOSITORY,,,,,,,false,12,genie/puppy/vendor_invoices.csv,source_system_id,2026.07.19.3
BISCUIT_RELIEF,PUPPY,VINV-0045,vendor_invoice_id,STRING,VINV-0045,,,,,,,false,1,genie/puppy/vendor_invoices.csv,vendor_invoice_id,2026.07.19.3
BISCUIT_RELIEF,PUPPY,VINV-0045,vendor_organization_record_id,STRING,OR-REDROOF-03,,,,,,,false,2,genie/puppy/vendor_invoices.csv,vendor_organization_record_id,2026.07.19.3
BISCUIT_RELIEF,PUPPY,VINV-0045,invoice_number,STRING,RRL-2025-209,,,,,,,false,3,genie/puppy/vendor_invoices.csv,invoice_number,2026.07.19.3
BISCUIT_RELIEF,PUPPY,VINV-0045,invoice_date,DATE,,,,,2025-05-05,,,false,4,genie/puppy/vendor_invoices.csv,invoice_date,2026.07.19.3
BISCUIT_RELIEF,PUPPY,VINV-0045,invoice_type,STRING,WAREHOUSE_AND_LOGISTICS,,,,,,,false,5,genie/puppy/vendor_invoices.csv,invoice_type,2026.07.19.3
BISCUIT_RELIEF,PUPPY,VINV-0045,description,STRING,"Emergency storage, packing and last-mile relief delivery.",,,,,,,false,6,genie/puppy/vendor_invoices.csv,description,2026.07.19.3
BISCUIT_RELIEF,PUPPY,VINV-0045,amount,DECIMAL,,,18300.00,,,,,false,7,genie/puppy/vendor_invoices.csv,amount,2026.07.19.3
BISCUIT_RELIEF,PUPPY,VINV-0045,beneficiary_account_id,STRING,A-REDROOF-7730,,,,,,,false,8,genie/puppy/vendor_invoices.csv,beneficiary_account_id,2026.07.19.3
BISCUIT_RELIEF,PUPPY,VINV-0045,campaign_id,STRING,CAMP-010,,,,,,,false,9,genie/puppy/vendor_invoices.csv,campaign_id,2026.07.19.3
BISCUIT_RELIEF,PUPPY,VINV-0045,payment_transaction_id,STRING,TX-LOG-010,,,,,,,false,10,genie/puppy/vendor_invoices.csv,payment_transaction_id,2026.07.19.3
BISCUIT_RELIEF,PUPPY,VINV-0045,approved_by_record_id,STRING,PR-FELIX-01,,,,,,,false,11,genie/puppy/vendor_invoices.csv,approved_by_record_id,2026.07.19.3
BISCUIT_RELIEF,PUPPY,VINV-0045,source_system_id,STRING,INVOICE_REPOSITORY,,,,,,,false,12,genie/puppy/vendor_invoices.csv,source_system_id,2026.07.19.3
BISCUIT_RELIEF,PUPPY,MEM-0001,network_event_id,STRING,MEM-0001,,,,,,,false,1,genie/puppy/volunteer_network.csv,network_event_id,2026.07.19.3
BISCUIT_RELIEF,PUPPY,MEM-0001,event_type,STRING,MEMBERSHIP,,,,,,,false,2,genie/puppy/volunteer_network.csv,event_type,2026.07.19.3
BISCUIT_RELIEF,PUPPY,MEM-0001,occurred_at,DATE,,,,,2024-10-01,,,false,3,genie/puppy/volunteer_network.csv,occurred_at,2026.07.19.3
BISCUIT_RELIEF,PUPPY,MEM-0001,person_record_id,STRING,PR-HOPE-01,,,,,,,false,4,genie/puppy/volunteer_network.csv,person_record_id,2026.07.19.3
BISCUIT_RELIEF,PUPPY,MEM-0001,target_record_id,STRING,OR-GBRF-01,,,,,,,false,5,genie/puppy/volunteer_network.csv,target_record_id,2026.07.19.3
BISCUIT_RELIEF,PUPPY,MEM-0001,volunteer_code,STRING,BISCUIT-BRIGADE,,,,,,,false,6,genie/puppy/volunteer_network.csv,volunteer_code,2026.07.19.3
BISCUIT_RELIEF,PUPPY,MEM-0001,benefit_received,DECIMAL,,,0.00,,,,,false,7,genie/puppy/volunteer_network.csv,benefit_received,2026.07.19.3
BISCUIT_RELIEF,PUPPY,MEM-0002,network_event_id,STRING,MEM-0002,,,,,,,false,1,genie/puppy/volunteer_network.csv,network_event_id,2026.07.19.3
BISCUIT_RELIEF,PUPPY,MEM-0002,event_type,STRING,MEMBERSHIP,,,,,,,false,2,genie/puppy/volunteer_network.csv,event_type,2026.07.19.3
BISCUIT_RELIEF,PUPPY,MEM-0002,occurred_at,DATE,,,,,2024-10-06,,,false,3,genie/puppy/volunteer_network.csv,occurred_at,2026.07.19.3
BISCUIT_RELIEF,PUPPY,MEM-0002,person_record_id,STRING,PR-VIOLET-01,,,,,,,false,4,genie/puppy/volunteer_network.csv,person_record_id,2026.07.19.3
BISCUIT_RELIEF,PUPPY,MEM-0002,target_record_id,STRING,OR-COMMUNITY-01,,,,,,,false,5,genie/puppy/volunteer_network.csv,target_record_id,2026.07.19.3
BISCUIT_RELIEF,PUPPY,MEM-0002,volunteer_code,STRING,BISCUIT-BRIGADE,,,,,,,false,6,genie/puppy/volunteer_network.csv,volunteer_code,2026.07.19.3
BISCUIT_RELIEF,PUPPY,MEM-0002,benefit_received,DECIMAL,,,0.00,,,,,false,7,genie/puppy/volunteer_network.csv,benefit_received,2026.07.19.3
BISCUIT_RELIEF,PUPPY,MEM-0006,network_event_id,STRING,MEM-0006,,,,,,,false,1,genie/puppy/volunteer_network.csv,network_event_id,2026.07.19.3
BISCUIT_RELIEF,PUPPY,MEM-0006,event_type,STRING,MEMBERSHIP,,,,,,,false,2,genie/puppy/volunteer_network.csv,event_type,2026.07.19.3
BISCUIT_RELIEF,PUPPY,MEM-0006,occurred_at,DATE,,,,,2024-10-26,,,false,3,genie/puppy/volunteer_network.csv,occurred_at,2026.07.19.3
BISCUIT_RELIEF,PUPPY,MEM-0006,person_record_id,STRING,PR-LEO-01,,,,,,,false,4,genie/puppy/volunteer_network.csv,person_record_id,2026.07.19.3
BISCUIT_RELIEF,PUPPY,MEM-0006,target_record_id,STRING,OR-COMMUNITY-01,,,,,,,false,5,genie/puppy/volunteer_network.csv,target_record_id,2026.07.19.3
BISCUIT_RELIEF,PUPPY,MEM-0006,volunteer_code,STRING,BISCUIT-BRIGADE,,,,,,,false,6,genie/puppy/volunteer_network.csv,volunteer_code,2026.07.19.3
BISCUIT_RELIEF,PUPPY,MEM-0006,benefit_received,DECIMAL,,,0.00,,,,,false,7,genie/puppy/volunteer_network.csv,benefit_received,2026.07.19.3
BISCUIT_RELIEF,PUPPY,MEM-0007,network_event_id,STRING,MEM-0007,,,,,,,false,1,genie/puppy/volunteer_network.csv,network_event_id,2026.07.19.3
BISCUIT_RELIEF,PUPPY,MEM-0007,event_type,STRING,MEMBERSHIP,,,,,,,false,2,genie/puppy/volunteer_network.csv,event_type,2026.07.19.3
BISCUIT_RELIEF,PUPPY,MEM-0007,occurred_at,DATE,,,,,2024-10-31,,,false,3,genie/puppy/volunteer_network.csv,occurred_at,2026.07.19.3
BISCUIT_RELIEF,PUPPY,MEM-0007,person_record_id,STRING,PR-RUBY-01,,,,,,,false,4,genie/puppy/volunteer_network.csv,person_record_id,2026.07.19.3
BISCUIT_RELIEF,PUPPY,MEM-0007,target_record_id,STRING,OR-GBRF-01,,,,,,,false,5,genie/puppy/volunteer_network.csv,target_record_id,2026.07.19.3
BISCUIT_RELIEF,PUPPY,MEM-0007,volunteer_code,STRING,BISCUIT-BRIGADE,,,,,,,false,6,genie/puppy/volunteer_network.csv,volunteer_code,2026.07.19.3
BISCUIT_RELIEF,PUPPY,MEM-0007,benefit_received,DECIMAL,,,0.00,,,,,false,7,genie/puppy/volunteer_network.csv,benefit_received,2026.07.19.3
BISCUIT_RELIEF,PUPPY,MEM-0008,network_event_id,STRING,MEM-0008,,,,,,,false,1,genie/puppy/volunteer_network.csv,network_event_id,2026.07.19.3
BISCUIT_RELIEF,PUPPY,MEM-0008,event_type,STRING,MEMBERSHIP,,,,,,,false,2,genie/puppy/volunteer_network.csv,event_type,2026.07.19.3
BISCUIT_RELIEF,PUPPY,MEM-0008,occurred_at,DATE,,,,,2024-11-05,,,false,3,genie/puppy/volunteer_network.csv,occurred_at,2026.07.19.3
BISCUIT_RELIEF,PUPPY,MEM-0008,person_record_id,STRING,PR-GIDEON-01,,,,,,,false,4,genie/puppy/volunteer_network.csv,person_record_id,2026.07.19.3
BISCUIT_RELIEF,PUPPY,MEM-0008,target_record_id,STRING,OR-COMMUNITY-01,,,,,,,false,5,genie/puppy/volunteer_network.csv,target_record_id,2026.07.19.3
BISCUIT_RELIEF,PUPPY,MEM-0008,volunteer_code,STRING,BISCUIT-BRIGADE,,,,,,,false,6,genie/puppy/volunteer_network.csv,volunteer_code,2026.07.19.3
BISCUIT_RELIEF,PUPPY,MEM-0008,benefit_received,DECIMAL,,,0.00,,,,,false,7,genie/puppy/volunteer_network.csv,benefit_received,2026.07.19.3
BISCUIT_RELIEF,PUPPY,MEM-0014,network_event_id,STRING,MEM-0014,,,,,,,false,1,genie/puppy/volunteer_network.csv,network_event_id,2026.07.19.3
BISCUIT_RELIEF,PUPPY,MEM-0014,event_type,STRING,MEMBERSHIP,,,,,,,false,2,genie/puppy/volunteer_network.csv,event_type,2026.07.19.3
BISCUIT_RELIEF,PUPPY,MEM-0014,occurred_at,DATE,,,,,2024-12-05,,,false,3,genie/puppy/volunteer_network.csv,occurred_at,2026.07.19.3
BISCUIT_RELIEF,PUPPY,MEM-0014,person_record_id,STRING,PR-HOPE-01,,,,,,,false,4,genie/puppy/volunteer_network.csv,person_record_id,2026.07.19.3
BISCUIT_RELIEF,PUPPY,MEM-0014,target_record_id,STRING,OR-COMMUNITY-01,,,,,,,false,5,genie/puppy/volunteer_network.csv,target_record_id,2026.07.19.3
BISCUIT_RELIEF,PUPPY,MEM-0014,volunteer_code,STRING,BISCUIT-BRIGADE,,,,,,,false,6,genie/puppy/volunteer_network.csv,volunteer_code,2026.07.19.3
BISCUIT_RELIEF,PUPPY,MEM-0014,benefit_received,DECIMAL,,,0.00,,,,,false,7,genie/puppy/volunteer_network.csv,benefit_received,2026.07.19.3
BISCUIT_RELIEF,PUPPY,MEM-0015,network_event_id,STRING,MEM-0015,,,,,,,false,1,genie/puppy/volunteer_network.csv,network_event_id,2026.07.19.3
BISCUIT_RELIEF,PUPPY,MEM-0015,event_type,STRING,MEMBERSHIP,,,,,,,false,2,genie/puppy/volunteer_network.csv,event_type,2026.07.19.3
BISCUIT_RELIEF,PUPPY,MEM-0015,occurred_at,DATE,,,,,2024-12-10,,,false,3,genie/puppy/volunteer_network.csv,occurred_at,2026.07.19.3
BISCUIT_RELIEF,PUPPY,MEM-0015,person_record_id,STRING,PR-VIOLET-01,,,,,,,false,4,genie/puppy/volunteer_network.csv,person_record_id,2026.07.19.3
BISCUIT_RELIEF,PUPPY,MEM-0015,target_record_id,STRING,OR-COMMUNITY-01,,,,,,,false,5,genie/puppy/volunteer_network.csv,target_record_id,2026.07.19.3
BISCUIT_RELIEF,PUPPY,MEM-0015,volunteer_code,STRING,BISCUIT-BRIGADE,,,,,,,false,6,genie/puppy/volunteer_network.csv,volunteer_code,2026.07.19.3
BISCUIT_RELIEF,PUPPY,MEM-0015,benefit_received,DECIMAL,,,0.00,,,,,false,7,genie/puppy/volunteer_network.csv,benefit_received,2026.07.19.3
BISCUIT_RELIEF,PUPPY,MEM-0019,network_event_id,STRING,MEM-0019,,,,,,,false,1,genie/puppy/volunteer_network.csv,network_event_id,2026.07.19.3
BISCUIT_RELIEF,PUPPY,MEM-0019,event_type,STRING,MEMBERSHIP,,,,,,,false,2,genie/puppy/volunteer_network.csv,event_type,2026.07.19.3
BISCUIT_RELIEF,PUPPY,MEM-0019,occurred_at,DATE,,,,,2024-12-30,,,false,3,genie/puppy/volunteer_network.csv,occurred_at,2026.07.19.3
BISCUIT_RELIEF,PUPPY,MEM-0019,person_record_id,STRING,PR-LEO-01,,,,,,,false,4,genie/puppy/volunteer_network.csv,person_record_id,2026.07.19.3
BISCUIT_RELIEF,PUPPY,MEM-0019,target_record_id,STRING,OR-GBRF-01,,,,,,,false,5,genie/puppy/volunteer_network.csv,target_record_id,2026.07.19.3
BISCUIT_RELIEF,PUPPY,MEM-0019,volunteer_code,STRING,BISCUIT-BRIGADE,,,,,,,false,6,genie/puppy/volunteer_network.csv,volunteer_code,2026.07.19.3
BISCUIT_RELIEF,PUPPY,MEM-0019,benefit_received,DECIMAL,,,0.00,,,,,false,7,genie/puppy/volunteer_network.csv,benefit_received,2026.07.19.3
BISCUIT_RELIEF,PUPPY,MEM-0020,network_event_id,STRING,MEM-0020,,,,,,,false,1,genie/puppy/volunteer_network.csv,network_event_id,2026.07.19.3
BISCUIT_RELIEF,PUPPY,MEM-0020,event_type,STRING,MEMBERSHIP,,,,,,,false,2,genie/puppy/volunteer_network.csv,event_type,2026.07.19.3
BISCUIT_RELIEF,PUPPY,MEM-0020,occurred_at,DATE,,,,,2025-01-04,,,false,3,genie/puppy/volunteer_network.csv,occurred_at,2026.07.19.3
BISCUIT_RELIEF,PUPPY,MEM-0020,person_record_id,STRING,PR-RUBY-01,,,,,,,false,4,genie/puppy/volunteer_network.csv,person_record_id,2026.07.19.3
BISCUIT_RELIEF,PUPPY,MEM-0020,target_record_id,STRING,OR-COMMUNITY-01,,,,,,,false,5,genie/puppy/volunteer_network.csv,target_record_id,2026.07.19.3
BISCUIT_RELIEF,PUPPY,MEM-0020,volunteer_code,STRING,BISCUIT-BRIGADE,,,,,,,false,6,genie/puppy/volunteer_network.csv,volunteer_code,2026.07.19.3
BISCUIT_RELIEF,PUPPY,MEM-0020,benefit_received,DECIMAL,,,0.00,,,,,false,7,genie/puppy/volunteer_network.csv,benefit_received,2026.07.19.3
BISCUIT_RELIEF,PUPPY,MEM-0021,network_event_id,STRING,MEM-0021,,,,,,,false,1,genie/puppy/volunteer_network.csv,network_event_id,2026.07.19.3
BISCUIT_RELIEF,PUPPY,MEM-0021,event_type,STRING,MEMBERSHIP,,,,,,,false,2,genie/puppy/volunteer_network.csv,event_type,2026.07.19.3
BISCUIT_RELIEF,PUPPY,MEM-0021,occurred_at,DATE,,,,,2025-01-09,,,false,3,genie/puppy/volunteer_network.csv,occurred_at,2026.07.19.3
BISCUIT_RELIEF,PUPPY,MEM-0021,person_record_id,STRING,PR-GIDEON-01,,,,,,,false,4,genie/puppy/volunteer_network.csv,person_record_id,2026.07.19.3
BISCUIT_RELIEF,PUPPY,MEM-0021,target_record_id,STRING,OR-COMMUNITY-01,,,,,,,false,5,genie/puppy/volunteer_network.csv,target_record_id,2026.07.19.3
BISCUIT_RELIEF,PUPPY,MEM-0021,volunteer_code,STRING,BISCUIT-BRIGADE,,,,,,,false,6,genie/puppy/volunteer_network.csv,volunteer_code,2026.07.19.3
BISCUIT_RELIEF,PUPPY,MEM-0021,benefit_received,DECIMAL,,,0.00,,,,,false,7,genie/puppy/volunteer_network.csv,benefit_received,2026.07.19.3
BISCUIT_RELIEF,PUPPY,MEM-0027,network_event_id,STRING,MEM-0027,,,,,,,false,1,genie/puppy/volunteer_network.csv,network_event_id,2026.07.19.3
BISCUIT_RELIEF,PUPPY,MEM-0027,event_type,STRING,MEMBERSHIP,,,,,,,false,2,genie/puppy/volunteer_network.csv,event_type,2026.07.19.3
BISCUIT_RELIEF,PUPPY,MEM-0027,occurred_at,DATE,,,,,2025-02-08,,,false,3,genie/puppy/volunteer_network.csv,occurred_at,2026.07.19.3
BISCUIT_RELIEF,PUPPY,MEM-0027,person_record_id,STRING,PR-HOPE-01,,,,,,,false,4,genie/puppy/volunteer_network.csv,person_record_id,2026.07.19.3
BISCUIT_RELIEF,PUPPY,MEM-0027,target_record_id,STRING,OR-COMMUNITY-01,,,,,,,false,5,genie/puppy/volunteer_network.csv,target_record_id,2026.07.19.3
BISCUIT_RELIEF,PUPPY,MEM-0027,volunteer_code,STRING,BISCUIT-BRIGADE,,,,,,,false,6,genie/puppy/volunteer_network.csv,volunteer_code,2026.07.19.3
BISCUIT_RELIEF,PUPPY,MEM-0027,benefit_received,DECIMAL,,,0.00,,,,,false,7,genie/puppy/volunteer_network.csv,benefit_received,2026.07.19.3
BISCUIT_RELIEF,PUPPY,MEM-0028,network_event_id,STRING,MEM-0028,,,,,,,false,1,genie/puppy/volunteer_network.csv,network_event_id,2026.07.19.3
BISCUIT_RELIEF,PUPPY,MEM-0028,event_type,STRING,MEMBERSHIP,,,,,,,false,2,genie/puppy/volunteer_network.csv,event_type,2026.07.19.3
BISCUIT_RELIEF,PUPPY,MEM-0028,occurred_at,DATE,,,,,2025-02-13,,,false,3,genie/puppy/volunteer_network.csv,occurred_at,2026.07.19.3
BISCUIT_RELIEF,PUPPY,MEM-0028,person_record_id,STRING,PR-VIOLET-01,,,,,,,false,4,genie/puppy/volunteer_network.csv,person_record_id,2026.07.19.3
BISCUIT_RELIEF,PUPPY,MEM-0028,target_record_id,STRING,OR-GBRF-01,,,,,,,false,5,genie/puppy/volunteer_network.csv,target_record_id,2026.07.19.3
BISCUIT_RELIEF,PUPPY,MEM-0028,volunteer_code,STRING,BISCUIT-BRIGADE,,,,,,,false,6,genie/puppy/volunteer_network.csv,volunteer_code,2026.07.19.3
BISCUIT_RELIEF,PUPPY,MEM-0028,benefit_received,DECIMAL,,,0.00,,,,,false,7,genie/puppy/volunteer_network.csv,benefit_received,2026.07.19.3
BISCUIT_RELIEF,PUPPY,MEM-0032,network_event_id,STRING,MEM-0032,,,,,,,false,1,genie/puppy/volunteer_network.csv,network_event_id,2026.07.19.3
BISCUIT_RELIEF,PUPPY,MEM-0032,event_type,STRING,MEMBERSHIP,,,,,,,false,2,genie/puppy/volunteer_network.csv,event_type,2026.07.19.3
BISCUIT_RELIEF,PUPPY,MEM-0032,occurred_at,DATE,,,,,2025-03-05,,,false,3,genie/puppy/volunteer_network.csv,occurred_at,2026.07.19.3
BISCUIT_RELIEF,PUPPY,MEM-0032,person_record_id,STRING,PR-LEO-01,,,,,,,false,4,genie/puppy/volunteer_network.csv,person_record_id,2026.07.19.3
BISCUIT_RELIEF,PUPPY,MEM-0032,target_record_id,STRING,OR-COMMUNITY-01,,,,,,,false,5,genie/puppy/volunteer_network.csv,target_record_id,2026.07.19.3
BISCUIT_RELIEF,PUPPY,MEM-0032,volunteer_code,STRING,BISCUIT-BRIGADE,,,,,,,false,6,genie/puppy/volunteer_network.csv,volunteer_code,2026.07.19.3
BISCUIT_RELIEF,PUPPY,MEM-0032,benefit_received,DECIMAL,,,0.00,,,,,false,7,genie/puppy/volunteer_network.csv,benefit_received,2026.07.19.3
BISCUIT_RELIEF,PUPPY,MEM-0033,network_event_id,STRING,MEM-0033,,,,,,,false,1,genie/puppy/volunteer_network.csv,network_event_id,2026.07.19.3
BISCUIT_RELIEF,PUPPY,MEM-0033,event_type,STRING,MEMBERSHIP,,,,,,,false,2,genie/puppy/volunteer_network.csv,event_type,2026.07.19.3
BISCUIT_RELIEF,PUPPY,MEM-0033,occurred_at,DATE,,,,,2025-03-10,,,false,3,genie/puppy/volunteer_network.csv,occurred_at,2026.07.19.3
BISCUIT_RELIEF,PUPPY,MEM-0033,person_record_id,STRING,PR-RUBY-01,,,,,,,false,4,genie/puppy/volunteer_network.csv,person_record_id,2026.07.19.3
BISCUIT_RELIEF,PUPPY,MEM-0033,target_record_id,STRING,OR-COMMUNITY-01,,,,,,,false,5,genie/puppy/volunteer_network.csv,target_record_id,2026.07.19.3
BISCUIT_RELIEF,PUPPY,MEM-0033,volunteer_code,STRING,BISCUIT-BRIGADE,,,,,,,false,6,genie/puppy/volunteer_network.csv,volunteer_code,2026.07.19.3
BISCUIT_RELIEF,PUPPY,MEM-0033,benefit_received,DECIMAL,,,0.00,,,,,false,7,genie/puppy/volunteer_network.csv,benefit_received,2026.07.19.3
BISCUIT_RELIEF,PUPPY,MEM-0034,network_event_id,STRING,MEM-0034,,,,,,,false,1,genie/puppy/volunteer_network.csv,network_event_id,2026.07.19.3
BISCUIT_RELIEF,PUPPY,MEM-0034,event_type,STRING,MEMBERSHIP,,,,,,,false,2,genie/puppy/volunteer_network.csv,event_type,2026.07.19.3
BISCUIT_RELIEF,PUPPY,MEM-0034,occurred_at,DATE,,,,,2025-03-15,,,false,3,genie/puppy/volunteer_network.csv,occurred_at,2026.07.19.3
BISCUIT_RELIEF,PUPPY,MEM-0034,person_record_id,STRING,PR-GIDEON-01,,,,,,,false,4,genie/puppy/volunteer_network.csv,person_record_id,2026.07.19.3
BISCUIT_RELIEF,PUPPY,MEM-0034,target_record_id,STRING,OR-GBRF-01,,,,,,,false,5,genie/puppy/volunteer_network.csv,target_record_id,2026.07.19.3
BISCUIT_RELIEF,PUPPY,MEM-0034,volunteer_code,STRING,BISCUIT-BRIGADE,,,,,,,false,6,genie/puppy/volunteer_network.csv,volunteer_code,2026.07.19.3
BISCUIT_RELIEF,PUPPY,MEM-0034,benefit_received,DECIMAL,,,0.00,,,,,false,7,genie/puppy/volunteer_network.csv,benefit_received,2026.07.19.3
BISCUIT_RELIEF,PUPPY,MEM-0040,network_event_id,STRING,MEM-0040,,,,,,,false,1,genie/puppy/volunteer_network.csv,network_event_id,2026.07.19.3
BISCUIT_RELIEF,PUPPY,MEM-0040,event_type,STRING,MEMBERSHIP,,,,,,,false,2,genie/puppy/volunteer_network.csv,event_type,2026.07.19.3
BISCUIT_RELIEF,PUPPY,MEM-0040,occurred_at,DATE,,,,,2025-04-14,,,false,3,genie/puppy/volunteer_network.csv,occurred_at,2026.07.19.3
BISCUIT_RELIEF,PUPPY,MEM-0040,person_record_id,STRING,PR-HOPE-01,,,,,,,false,4,genie/puppy/volunteer_network.csv,person_record_id,2026.07.19.3
BISCUIT_RELIEF,PUPPY,MEM-0040,target_record_id,STRING,OR-GBRF-01,,,,,,,false,5,genie/puppy/volunteer_network.csv,target_record_id,2026.07.19.3
BISCUIT_RELIEF,PUPPY,MEM-0040,volunteer_code,STRING,BISCUIT-BRIGADE,,,,,,,false,6,genie/puppy/volunteer_network.csv,volunteer_code,2026.07.19.3
BISCUIT_RELIEF,PUPPY,MEM-0040,benefit_received,DECIMAL,,,0.00,,,,,false,7,genie/puppy/volunteer_network.csv,benefit_received,2026.07.19.3
BISCUIT_RELIEF,PUPPY,REPOST-0001,network_event_id,STRING,REPOST-0001,,,,,,,false,1,genie/puppy/volunteer_network.csv,network_event_id,2026.07.19.3
BISCUIT_RELIEF,PUPPY,REPOST-0001,event_type,STRING,REPOST,,,,,,,false,2,genie/puppy/volunteer_network.csv,event_type,2026.07.19.3
BISCUIT_RELIEF,PUPPY,REPOST-0001,occurred_at,TIMESTAMP,,,,,,2025-01-18T00:00:00Z,,false,3,genie/puppy/volunteer_network.csv,occurred_at,2026.07.19.3
BISCUIT_RELIEF,PUPPY,REPOST-0001,person_record_id,STRING,PR-HOPE-02,,,,,,,false,4,genie/puppy/volunteer_network.csv,person_record_id,2026.07.19.3
BISCUIT_RELIEF,PUPPY,REPOST-0001,target_record_id,STRING,POST-0001,,,,,,,false,5,genie/puppy/volunteer_network.csv,target_record_id,2026.07.19.3
BISCUIT_RELIEF,PUPPY,REPOST-0001,volunteer_code,STRING,BISCUIT-BRIGADE,,,,,,,false,6,genie/puppy/volunteer_network.csv,volunteer_code,2026.07.19.3
BISCUIT_RELIEF,PUPPY,REPOST-0001,benefit_received,DECIMAL,,,0.00,,,,,false,7,genie/puppy/volunteer_network.csv,benefit_received,2026.07.19.3
BISCUIT_RELIEF,PUPPY,REPOST-0002,network_event_id,STRING,REPOST-0002,,,,,,,false,1,genie/puppy/volunteer_network.csv,network_event_id,2026.07.19.3
BISCUIT_RELIEF,PUPPY,REPOST-0002,event_type,STRING,REPOST,,,,,,,false,2,genie/puppy/volunteer_network.csv,event_type,2026.07.19.3
BISCUIT_RELIEF,PUPPY,REPOST-0002,occurred_at,TIMESTAMP,,,,,,2025-01-18T18:00:00Z,,false,3,genie/puppy/volunteer_network.csv,occurred_at,2026.07.19.3
BISCUIT_RELIEF,PUPPY,REPOST-0002,person_record_id,STRING,PR-VIOLET-01,,,,,,,false,4,genie/puppy/volunteer_network.csv,person_record_id,2026.07.19.3
BISCUIT_RELIEF,PUPPY,REPOST-0002,target_record_id,STRING,POST-0002,,,,,,,false,5,genie/puppy/volunteer_network.csv,target_record_id,2026.07.19.3
BISCUIT_RELIEF,PUPPY,REPOST-0002,volunteer_code,STRING,BISCUIT-BRIGADE,,,,,,,false,6,genie/puppy/volunteer_network.csv,volunteer_code,2026.07.19.3
BISCUIT_RELIEF,PUPPY,REPOST-0002,benefit_received,DECIMAL,,,0.00,,,,,false,7,genie/puppy/volunteer_network.csv,benefit_received,2026.07.19.3
BISCUIT_RELIEF,PUPPY,REPOST-0006,network_event_id,STRING,REPOST-0006,,,,,,,false,1,genie/puppy/volunteer_network.csv,network_event_id,2026.07.19.3
BISCUIT_RELIEF,PUPPY,REPOST-0006,event_type,STRING,REPOST,,,,,,,false,2,genie/puppy/volunteer_network.csv,event_type,2026.07.19.3
BISCUIT_RELIEF,PUPPY,REPOST-0006,occurred_at,TIMESTAMP,,,,,,2025-01-21T18:00:00Z,,false,3,genie/puppy/volunteer_network.csv,occurred_at,2026.07.19.3
BISCUIT_RELIEF,PUPPY,REPOST-0006,person_record_id,STRING,PR-LEO-01,,,,,,,false,4,genie/puppy/volunteer_network.csv,person_record_id,2026.07.19.3
BISCUIT_RELIEF,PUPPY,REPOST-0006,target_record_id,STRING,POST-0006,,,,,,,false,5,genie/puppy/volunteer_network.csv,target_record_id,2026.07.19.3
BISCUIT_RELIEF,PUPPY,REPOST-0006,volunteer_code,STRING,BISCUIT-BRIGADE,,,,,,,false,6,genie/puppy/volunteer_network.csv,volunteer_code,2026.07.19.3
BISCUIT_RELIEF,PUPPY,REPOST-0006,benefit_received,DECIMAL,,,0.00,,,,,false,7,genie/puppy/volunteer_network.csv,benefit_received,2026.07.19.3
BISCUIT_RELIEF,PUPPY,REPOST-0007,network_event_id,STRING,REPOST-0007,,,,,,,false,1,genie/puppy/volunteer_network.csv,network_event_id,2026.07.19.3
BISCUIT_RELIEF,PUPPY,REPOST-0007,event_type,STRING,REPOST,,,,,,,false,2,genie/puppy/volunteer_network.csv,event_type,2026.07.19.3
BISCUIT_RELIEF,PUPPY,REPOST-0007,occurred_at,TIMESTAMP,,,,,,2025-01-22T12:00:00Z,,false,3,genie/puppy/volunteer_network.csv,occurred_at,2026.07.19.3
BISCUIT_RELIEF,PUPPY,REPOST-0007,person_record_id,STRING,PR-RUBY-01,,,,,,,false,4,genie/puppy/volunteer_network.csv,person_record_id,2026.07.19.3
BISCUIT_RELIEF,PUPPY,REPOST-0007,target_record_id,STRING,POST-0007,,,,,,,false,5,genie/puppy/volunteer_network.csv,target_record_id,2026.07.19.3
BISCUIT_RELIEF,PUPPY,REPOST-0007,volunteer_code,STRING,BISCUIT-BRIGADE,,,,,,,false,6,genie/puppy/volunteer_network.csv,volunteer_code,2026.07.19.3
BISCUIT_RELIEF,PUPPY,REPOST-0007,benefit_received,DECIMAL,,,0.00,,,,,false,7,genie/puppy/volunteer_network.csv,benefit_received,2026.07.19.3
BISCUIT_RELIEF,PUPPY,REPOST-0008,network_event_id,STRING,REPOST-0008,,,,,,,false,1,genie/puppy/volunteer_network.csv,network_event_id,2026.07.19.3
BISCUIT_RELIEF,PUPPY,REPOST-0008,event_type,STRING,REPOST,,,,,,,false,2,genie/puppy/volunteer_network.csv,event_type,2026.07.19.3
BISCUIT_RELIEF,PUPPY,REPOST-0008,occurred_at,TIMESTAMP,,,,,,2025-01-23T06:00:00Z,,false,3,genie/puppy/volunteer_network.csv,occurred_at,2026.07.19.3
BISCUIT_RELIEF,PUPPY,REPOST-0008,person_record_id,STRING,PR-GIDEON-01,,,,,,,false,4,genie/puppy/volunteer_network.csv,person_record_id,2026.07.19.3
BISCUIT_RELIEF,PUPPY,REPOST-0008,target_record_id,STRING,POST-0008,,,,,,,false,5,genie/puppy/volunteer_network.csv,target_record_id,2026.07.19.3
BISCUIT_RELIEF,PUPPY,REPOST-0008,volunteer_code,STRING,BISCUIT-BRIGADE,,,,,,,false,6,genie/puppy/volunteer_network.csv,volunteer_code,2026.07.19.3
BISCUIT_RELIEF,PUPPY,REPOST-0008,benefit_received,DECIMAL,,,0.00,,,,,false,7,genie/puppy/volunteer_network.csv,benefit_received,2026.07.19.3
BISCUIT_RELIEF,PUPPY,REPOST-0014,network_event_id,STRING,REPOST-0014,,,,,,,false,1,genie/puppy/volunteer_network.csv,network_event_id,2026.07.19.3
BISCUIT_RELIEF,PUPPY,REPOST-0014,event_type,STRING,REPOST,,,,,,,false,2,genie/puppy/volunteer_network.csv,event_type,2026.07.19.3
BISCUIT_RELIEF,PUPPY,REPOST-0014,occurred_at,TIMESTAMP,,,,,,2025-01-27T18:00:00Z,,false,3,genie/puppy/volunteer_network.csv,occurred_at,2026.07.19.3
BISCUIT_RELIEF,PUPPY,REPOST-0014,person_record_id,STRING,PR-HOPE-02,,,,,,,false,4,genie/puppy/volunteer_network.csv,person_record_id,2026.07.19.3
BISCUIT_RELIEF,PUPPY,REPOST-0014,target_record_id,STRING,POST-0014,,,,,,,false,5,genie/puppy/volunteer_network.csv,target_record_id,2026.07.19.3
BISCUIT_RELIEF,PUPPY,REPOST-0014,volunteer_code,STRING,BISCUIT-BRIGADE,,,,,,,false,6,genie/puppy/volunteer_network.csv,volunteer_code,2026.07.19.3
BISCUIT_RELIEF,PUPPY,REPOST-0014,benefit_received,DECIMAL,,,0.00,,,,,false,7,genie/puppy/volunteer_network.csv,benefit_received,2026.07.19.3
BISCUIT_RELIEF,PUPPY,REPOST-0015,network_event_id,STRING,REPOST-0015,,,,,,,false,1,genie/puppy/volunteer_network.csv,network_event_id,2026.07.19.3
BISCUIT_RELIEF,PUPPY,REPOST-0015,event_type,STRING,REPOST,,,,,,,false,2,genie/puppy/volunteer_network.csv,event_type,2026.07.19.3
BISCUIT_RELIEF,PUPPY,REPOST-0015,occurred_at,TIMESTAMP,,,,,,2025-01-28T12:00:00Z,,false,3,genie/puppy/volunteer_network.csv,occurred_at,2026.07.19.3
BISCUIT_RELIEF,PUPPY,REPOST-0015,person_record_id,STRING,PR-VIOLET-01,,,,,,,false,4,genie/puppy/volunteer_network.csv,person_record_id,2026.07.19.3
BISCUIT_RELIEF,PUPPY,REPOST-0015,target_record_id,STRING,POST-0015,,,,,,,false,5,genie/puppy/volunteer_network.csv,target_record_id,2026.07.19.3
BISCUIT_RELIEF,PUPPY,REPOST-0015,volunteer_code,STRING,BISCUIT-BRIGADE,,,,,,,false,6,genie/puppy/volunteer_network.csv,volunteer_code,2026.07.19.3
BISCUIT_RELIEF,PUPPY,REPOST-0015,benefit_received,DECIMAL,,,0.00,,,,,false,7,genie/puppy/volunteer_network.csv,benefit_received,2026.07.19.3
BISCUIT_RELIEF,PUPPY,REPOST-0019,network_event_id,STRING,REPOST-0019,,,,,,,false,1,genie/puppy/volunteer_network.csv,network_event_id,2026.07.19.3
BISCUIT_RELIEF,PUPPY,REPOST-0019,event_type,STRING,REPOST,,,,,,,false,2,genie/puppy/volunteer_network.csv,event_type,2026.07.19.3
BISCUIT_RELIEF,PUPPY,REPOST-0019,occurred_at,TIMESTAMP,,,,,,2025-01-31T12:00:00Z,,false,3,genie/puppy/volunteer_network.csv,occurred_at,2026.07.19.3
BISCUIT_RELIEF,PUPPY,REPOST-0019,person_record_id,STRING,PR-LEO-01,,,,,,,false,4,genie/puppy/volunteer_network.csv,person_record_id,2026.07.19.3
BISCUIT_RELIEF,PUPPY,REPOST-0019,target_record_id,STRING,POST-0019,,,,,,,false,5,genie/puppy/volunteer_network.csv,target_record_id,2026.07.19.3
BISCUIT_RELIEF,PUPPY,REPOST-0019,volunteer_code,STRING,BISCUIT-BRIGADE,,,,,,,false,6,genie/puppy/volunteer_network.csv,volunteer_code,2026.07.19.3
BISCUIT_RELIEF,PUPPY,REPOST-0019,benefit_received,DECIMAL,,,0.00,,,,,false,7,genie/puppy/volunteer_network.csv,benefit_received,2026.07.19.3
BISCUIT_RELIEF,PUPPY,REPOST-0020,network_event_id,STRING,REPOST-0020,,,,,,,false,1,genie/puppy/volunteer_network.csv,network_event_id,2026.07.19.3
BISCUIT_RELIEF,PUPPY,REPOST-0020,event_type,STRING,REPOST,,,,,,,false,2,genie/puppy/volunteer_network.csv,event_type,2026.07.19.3
BISCUIT_RELIEF,PUPPY,REPOST-0020,occurred_at,TIMESTAMP,,,,,,2025-02-01T06:00:00Z,,false,3,genie/puppy/volunteer_network.csv,occurred_at,2026.07.19.3
BISCUIT_RELIEF,PUPPY,REPOST-0020,person_record_id,STRING,PR-RUBY-01,,,,,,,false,4,genie/puppy/volunteer_network.csv,person_record_id,2026.07.19.3
BISCUIT_RELIEF,PUPPY,REPOST-0020,target_record_id,STRING,POST-0020,,,,,,,false,5,genie/puppy/volunteer_network.csv,target_record_id,2026.07.19.3
BISCUIT_RELIEF,PUPPY,REPOST-0020,volunteer_code,STRING,BISCUIT-BRIGADE,,,,,,,false,6,genie/puppy/volunteer_network.csv,volunteer_code,2026.07.19.3
BISCUIT_RELIEF,PUPPY,REPOST-0020,benefit_received,DECIMAL,,,0.00,,,,,false,7,genie/puppy/volunteer_network.csv,benefit_received,2026.07.19.3
BISCUIT_RELIEF,PUPPY,REPOST-0021,network_event_id,STRING,REPOST-0021,,,,,,,false,1,genie/puppy/volunteer_network.csv,network_event_id,2026.07.19.3
BISCUIT_RELIEF,PUPPY,REPOST-0021,event_type,STRING,REPOST,,,,,,,false,2,genie/puppy/volunteer_network.csv,event_type,2026.07.19.3
BISCUIT_RELIEF,PUPPY,REPOST-0021,occurred_at,TIMESTAMP,,,,,,2025-02-02T00:00:00Z,,false,3,genie/puppy/volunteer_network.csv,occurred_at,2026.07.19.3
BISCUIT_RELIEF,PUPPY,REPOST-0021,person_record_id,STRING,PR-GIDEON-01,,,,,,,false,4,genie/puppy/volunteer_network.csv,person_record_id,2026.07.19.3
BISCUIT_RELIEF,PUPPY,REPOST-0021,target_record_id,STRING,POST-0021,,,,,,,false,5,genie/puppy/volunteer_network.csv,target_record_id,2026.07.19.3
BISCUIT_RELIEF,PUPPY,REPOST-0021,volunteer_code,STRING,BISCUIT-BRIGADE,,,,,,,false,6,genie/puppy/volunteer_network.csv,volunteer_code,2026.07.19.3
BISCUIT_RELIEF,PUPPY,REPOST-0021,benefit_received,DECIMAL,,,0.00,,,,,false,7,genie/puppy/volunteer_network.csv,benefit_received,2026.07.19.3
BISCUIT_RELIEF,PUPPY,REPOST-0027,network_event_id,STRING,REPOST-0027,,,,,,,false,1,genie/puppy/volunteer_network.csv,network_event_id,2026.07.19.3
BISCUIT_RELIEF,PUPPY,REPOST-0027,event_type,STRING,REPOST,,,,,,,false,2,genie/puppy/volunteer_network.csv,event_type,2026.07.19.3
BISCUIT_RELIEF,PUPPY,REPOST-0027,occurred_at,TIMESTAMP,,,,,,2025-02-06T12:00:00Z,,false,3,genie/puppy/volunteer_network.csv,occurred_at,2026.07.19.3
BISCUIT_RELIEF,PUPPY,REPOST-0027,person_record_id,STRING,PR-HOPE-02,,,,,,,false,4,genie/puppy/volunteer_network.csv,person_record_id,2026.07.19.3
BISCUIT_RELIEF,PUPPY,REPOST-0027,target_record_id,STRING,POST-0027,,,,,,,false,5,genie/puppy/volunteer_network.csv,target_record_id,2026.07.19.3
BISCUIT_RELIEF,PUPPY,REPOST-0027,volunteer_code,STRING,BISCUIT-BRIGADE,,,,,,,false,6,genie/puppy/volunteer_network.csv,volunteer_code,2026.07.19.3
BISCUIT_RELIEF,PUPPY,REPOST-0027,benefit_received,DECIMAL,,,0.00,,,,,false,7,genie/puppy/volunteer_network.csv,benefit_received,2026.07.19.3
BISCUIT_RELIEF,PUPPY,REPOST-0028,network_event_id,STRING,REPOST-0028,,,,,,,false,1,genie/puppy/volunteer_network.csv,network_event_id,2026.07.19.3
BISCUIT_RELIEF,PUPPY,REPOST-0028,event_type,STRING,REPOST,,,,,,,false,2,genie/puppy/volunteer_network.csv,event_type,2026.07.19.3
BISCUIT_RELIEF,PUPPY,REPOST-0028,occurred_at,TIMESTAMP,,,,,,2025-02-07T06:00:00Z,,false,3,genie/puppy/volunteer_network.csv,occurred_at,2026.07.19.3
BISCUIT_RELIEF,PUPPY,REPOST-0028,person_record_id,STRING,PR-VIOLET-01,,,,,,,false,4,genie/puppy/volunteer_network.csv,person_record_id,2026.07.19.3
BISCUIT_RELIEF,PUPPY,REPOST-0028,target_record_id,STRING,POST-0028,,,,,,,false,5,genie/puppy/volunteer_network.csv,target_record_id,2026.07.19.3
BISCUIT_RELIEF,PUPPY,REPOST-0028,volunteer_code,STRING,BISCUIT-BRIGADE,,,,,,,false,6,genie/puppy/volunteer_network.csv,volunteer_code,2026.07.19.3
BISCUIT_RELIEF,PUPPY,REPOST-0028,benefit_received,DECIMAL,,,0.00,,,,,false,7,genie/puppy/volunteer_network.csv,benefit_received,2026.07.19.3
BISCUIT_RELIEF,PUPPY,REPOST-0032,network_event_id,STRING,REPOST-0032,,,,,,,false,1,genie/puppy/volunteer_network.csv,network_event_id,2026.07.19.3
BISCUIT_RELIEF,PUPPY,REPOST-0032,event_type,STRING,REPOST,,,,,,,false,2,genie/puppy/volunteer_network.csv,event_type,2026.07.19.3
BISCUIT_RELIEF,PUPPY,REPOST-0032,occurred_at,TIMESTAMP,,,,,,2025-02-10T06:00:00Z,,false,3,genie/puppy/volunteer_network.csv,occurred_at,2026.07.19.3
BISCUIT_RELIEF,PUPPY,REPOST-0032,person_record_id,STRING,PR-LEO-01,,,,,,,false,4,genie/puppy/volunteer_network.csv,person_record_id,2026.07.19.3
BISCUIT_RELIEF,PUPPY,REPOST-0032,target_record_id,STRING,POST-0032,,,,,,,false,5,genie/puppy/volunteer_network.csv,target_record_id,2026.07.19.3
BISCUIT_RELIEF,PUPPY,REPOST-0032,volunteer_code,STRING,BISCUIT-BRIGADE,,,,,,,false,6,genie/puppy/volunteer_network.csv,volunteer_code,2026.07.19.3
BISCUIT_RELIEF,PUPPY,REPOST-0032,benefit_received,DECIMAL,,,0.00,,,,,false,7,genie/puppy/volunteer_network.csv,benefit_received,2026.07.19.3
BISCUIT_RELIEF,PUPPY,REPOST-0033,network_event_id,STRING,REPOST-0033,,,,,,,false,1,genie/puppy/volunteer_network.csv,network_event_id,2026.07.19.3
BISCUIT_RELIEF,PUPPY,REPOST-0033,event_type,STRING,REPOST,,,,,,,false,2,genie/puppy/volunteer_network.csv,event_type,2026.07.19.3
BISCUIT_RELIEF,PUPPY,REPOST-0033,occurred_at,TIMESTAMP,,,,,,2025-02-11T00:00:00Z,,false,3,genie/puppy/volunteer_network.csv,occurred_at,2026.07.19.3
BISCUIT_RELIEF,PUPPY,REPOST-0033,person_record_id,STRING,PR-RUBY-01,,,,,,,false,4,genie/puppy/volunteer_network.csv,person_record_id,2026.07.19.3
BISCUIT_RELIEF,PUPPY,REPOST-0033,target_record_id,STRING,POST-0033,,,,,,,false,5,genie/puppy/volunteer_network.csv,target_record_id,2026.07.19.3
BISCUIT_RELIEF,PUPPY,REPOST-0033,volunteer_code,STRING,BISCUIT-BRIGADE,,,,,,,false,6,genie/puppy/volunteer_network.csv,volunteer_code,2026.07.19.3
BISCUIT_RELIEF,PUPPY,REPOST-0033,benefit_received,DECIMAL,,,0.00,,,,,false,7,genie/puppy/volunteer_network.csv,benefit_received,2026.07.19.3
BISCUIT_RELIEF,PUPPY,REPOST-0034,network_event_id,STRING,REPOST-0034,,,,,,,false,1,genie/puppy/volunteer_network.csv,network_event_id,2026.07.19.3
BISCUIT_RELIEF,PUPPY,REPOST-0034,event_type,STRING,REPOST,,,,,,,false,2,genie/puppy/volunteer_network.csv,event_type,2026.07.19.3
BISCUIT_RELIEF,PUPPY,REPOST-0034,occurred_at,TIMESTAMP,,,,,,2025-02-11T18:00:00Z,,false,3,genie/puppy/volunteer_network.csv,occurred_at,2026.07.19.3
BISCUIT_RELIEF,PUPPY,REPOST-0034,person_record_id,STRING,PR-GIDEON-01,,,,,,,false,4,genie/puppy/volunteer_network.csv,person_record_id,2026.07.19.3
BISCUIT_RELIEF,PUPPY,REPOST-0034,target_record_id,STRING,POST-0034,,,,,,,false,5,genie/puppy/volunteer_network.csv,target_record_id,2026.07.19.3
BISCUIT_RELIEF,PUPPY,REPOST-0034,volunteer_code,STRING,BISCUIT-BRIGADE,,,,,,,false,6,genie/puppy/volunteer_network.csv,volunteer_code,2026.07.19.3
BISCUIT_RELIEF,PUPPY,REPOST-0034,benefit_received,DECIMAL,,,0.00,,,,,false,7,genie/puppy/volunteer_network.csv,benefit_received,2026.07.19.3
BISCUIT_RELIEF,PUPPY,REPOST-0040,network_event_id,STRING,REPOST-0040,,,,,,,false,1,genie/puppy/volunteer_network.csv,network_event_id,2026.07.19.3
BISCUIT_RELIEF,PUPPY,REPOST-0040,event_type,STRING,REPOST,,,,,,,false,2,genie/puppy/volunteer_network.csv,event_type,2026.07.19.3
BISCUIT_RELIEF,PUPPY,REPOST-0040,occurred_at,TIMESTAMP,,,,,,2025-02-16T06:00:00Z,,false,3,genie/puppy/volunteer_network.csv,occurred_at,2026.07.19.3
BISCUIT_RELIEF,PUPPY,REPOST-0040,person_record_id,STRING,PR-HOPE-02,,,,,,,false,4,genie/puppy/volunteer_network.csv,person_record_id,2026.07.19.3
BISCUIT_RELIEF,PUPPY,REPOST-0040,target_record_id,STRING,POST-0040,,,,,,,false,5,genie/puppy/volunteer_network.csv,target_record_id,2026.07.19.3
BISCUIT_RELIEF,PUPPY,REPOST-0040,volunteer_code,STRING,BISCUIT-BRIGADE,,,,,,,false,6,genie/puppy/volunteer_network.csv,volunteer_code,2026.07.19.3
BISCUIT_RELIEF,PUPPY,REPOST-0040,benefit_received,DECIMAL,,,0.00,,,,,false,7,genie/puppy/volunteer_network.csv,benefit_received,2026.07.19.3
BISCUIT_RELIEF,PUPPY,REPOST-0041,network_event_id,STRING,REPOST-0041,,,,,,,false,1,genie/puppy/volunteer_network.csv,network_event_id,2026.07.19.3
BISCUIT_RELIEF,PUPPY,REPOST-0041,event_type,STRING,REPOST,,,,,,,false,2,genie/puppy/volunteer_network.csv,event_type,2026.07.19.3
BISCUIT_RELIEF,PUPPY,REPOST-0041,occurred_at,TIMESTAMP,,,,,,2025-02-17T00:00:00Z,,false,3,genie/puppy/volunteer_network.csv,occurred_at,2026.07.19.3
BISCUIT_RELIEF,PUPPY,REPOST-0041,person_record_id,STRING,PR-VIOLET-01,,,,,,,false,4,genie/puppy/volunteer_network.csv,person_record_id,2026.07.19.3
BISCUIT_RELIEF,PUPPY,REPOST-0041,target_record_id,STRING,POST-0041,,,,,,,false,5,genie/puppy/volunteer_network.csv,target_record_id,2026.07.19.3
BISCUIT_RELIEF,PUPPY,REPOST-0041,volunteer_code,STRING,BISCUIT-BRIGADE,,,,,,,false,6,genie/puppy/volunteer_network.csv,volunteer_code,2026.07.19.3
BISCUIT_RELIEF,PUPPY,REPOST-0041,benefit_received,DECIMAL,,,0.00,,,,,false,7,genie/puppy/volunteer_network.csv,benefit_received,2026.07.19.3
BISCUIT_RELIEF,PUPPY,REPOST-0045,network_event_id,STRING,REPOST-0045,,,,,,,false,1,genie/puppy/volunteer_network.csv,network_event_id,2026.07.19.3
BISCUIT_RELIEF,PUPPY,REPOST-0045,event_type,STRING,REPOST,,,,,,,false,2,genie/puppy/volunteer_network.csv,event_type,2026.07.19.3
BISCUIT_RELIEF,PUPPY,REPOST-0045,occurred_at,TIMESTAMP,,,,,,2025-02-20T00:00:00Z,,false,3,genie/puppy/volunteer_network.csv,occurred_at,2026.07.19.3
BISCUIT_RELIEF,PUPPY,REPOST-0045,person_record_id,STRING,PR-LEO-01,,,,,,,false,4,genie/puppy/volunteer_network.csv,person_record_id,2026.07.19.3
BISCUIT_RELIEF,PUPPY,REPOST-0045,target_record_id,STRING,POST-0045,,,,,,,false,5,genie/puppy/volunteer_network.csv,target_record_id,2026.07.19.3
BISCUIT_RELIEF,PUPPY,REPOST-0045,volunteer_code,STRING,BISCUIT-BRIGADE,,,,,,,false,6,genie/puppy/volunteer_network.csv,volunteer_code,2026.07.19.3
BISCUIT_RELIEF,PUPPY,REPOST-0045,benefit_received,DECIMAL,,,0.00,,,,,false,7,genie/puppy/volunteer_network.csv,benefit_received,2026.07.19.3
BISCUIT_RELIEF,PUPPY,REPOST-0046,network_event_id,STRING,REPOST-0046,,,,,,,false,1,genie/puppy/volunteer_network.csv,network_event_id,2026.07.19.3
BISCUIT_RELIEF,PUPPY,REPOST-0046,event_type,STRING,REPOST,,,,,,,false,2,genie/puppy/volunteer_network.csv,event_type,2026.07.19.3
BISCUIT_RELIEF,PUPPY,REPOST-0046,occurred_at,TIMESTAMP,,,,,,2025-02-20T18:00:00Z,,false,3,genie/puppy/volunteer_network.csv,occurred_at,2026.07.19.3
BISCUIT_RELIEF,PUPPY,REPOST-0046,person_record_id,STRING,PR-RUBY-01,,,,,,,false,4,genie/puppy/volunteer_network.csv,person_record_id,2026.07.19.3
BISCUIT_RELIEF,PUPPY,REPOST-0046,target_record_id,STRING,POST-0046,,,,,,,false,5,genie/puppy/volunteer_network.csv,target_record_id,2026.07.19.3
BISCUIT_RELIEF,PUPPY,REPOST-0046,volunteer_code,STRING,BISCUIT-BRIGADE,,,,,,,false,6,genie/puppy/volunteer_network.csv,volunteer_code,2026.07.19.3
BISCUIT_RELIEF,PUPPY,REPOST-0046,benefit_received,DECIMAL,,,0.00,,,,,false,7,genie/puppy/volunteer_network.csv,benefit_received,2026.07.19.3
BISCUIT_RELIEF,PUPPY,REPOST-0047,network_event_id,STRING,REPOST-0047,,,,,,,false,1,genie/puppy/volunteer_network.csv,network_event_id,2026.07.19.3
BISCUIT_RELIEF,PUPPY,REPOST-0047,event_type,STRING,REPOST,,,,,,,false,2,genie/puppy/volunteer_network.csv,event_type,2026.07.19.3
BISCUIT_RELIEF,PUPPY,REPOST-0047,occurred_at,TIMESTAMP,,,,,,2025-02-21T12:00:00Z,,false,3,genie/puppy/volunteer_network.csv,occurred_at,2026.07.19.3
BISCUIT_RELIEF,PUPPY,REPOST-0047,person_record_id,STRING,PR-GIDEON-01,,,,,,,false,4,genie/puppy/volunteer_network.csv,person_record_id,2026.07.19.3
BISCUIT_RELIEF,PUPPY,REPOST-0047,target_record_id,STRING,POST-0047,,,,,,,false,5,genie/puppy/volunteer_network.csv,target_record_id,2026.07.19.3
BISCUIT_RELIEF,PUPPY,REPOST-0047,volunteer_code,STRING,BISCUIT-BRIGADE,,,,,,,false,6,genie/puppy/volunteer_network.csv,volunteer_code,2026.07.19.3
BISCUIT_RELIEF,PUPPY,REPOST-0047,benefit_received,DECIMAL,,,0.00,,,,,false,7,genie/puppy/volunteer_network.csv,benefit_received,2026.07.19.3
BISCUIT_RELIEF,PUPPY,REPOST-0053,network_event_id,STRING,REPOST-0053,,,,,,,false,1,genie/puppy/volunteer_network.csv,network_event_id,2026.07.19.3
BISCUIT_RELIEF,PUPPY,REPOST-0053,event_type,STRING,REPOST,,,,,,,false,2,genie/puppy/volunteer_network.csv,event_type,2026.07.19.3
BISCUIT_RELIEF,PUPPY,REPOST-0053,occurred_at,TIMESTAMP,,,,,,2025-02-26T00:00:00Z,,false,3,genie/puppy/volunteer_network.csv,occurred_at,2026.07.19.3
BISCUIT_RELIEF,PUPPY,REPOST-0053,person_record_id,STRING,PR-HOPE-02,,,,,,,false,4,genie/puppy/volunteer_network.csv,person_record_id,2026.07.19.3
BISCUIT_RELIEF,PUPPY,REPOST-0053,target_record_id,STRING,POST-0003,,,,,,,false,5,genie/puppy/volunteer_network.csv,target_record_id,2026.07.19.3
BISCUIT_RELIEF,PUPPY,REPOST-0053,volunteer_code,STRING,BISCUIT-BRIGADE,,,,,,,false,6,genie/puppy/volunteer_network.csv,volunteer_code,2026.07.19.3
BISCUIT_RELIEF,PUPPY,REPOST-0053,benefit_received,DECIMAL,,,0.00,,,,,false,7,genie/puppy/volunteer_network.csv,benefit_received,2026.07.19.3
BISCUIT_RELIEF,PUPPY,REPOST-0054,network_event_id,STRING,REPOST-0054,,,,,,,false,1,genie/puppy/volunteer_network.csv,network_event_id,2026.07.19.3
BISCUIT_RELIEF,PUPPY,REPOST-0054,event_type,STRING,REPOST,,,,,,,false,2,genie/puppy/volunteer_network.csv,event_type,2026.07.19.3
BISCUIT_RELIEF,PUPPY,REPOST-0054,occurred_at,TIMESTAMP,,,,,,2025-02-26T18:00:00Z,,false,3,genie/puppy/volunteer_network.csv,occurred_at,2026.07.19.3
BISCUIT_RELIEF,PUPPY,REPOST-0054,person_record_id,STRING,PR-VIOLET-01,,,,,,,false,4,genie/puppy/volunteer_network.csv,person_record_id,2026.07.19.3
BISCUIT_RELIEF,PUPPY,REPOST-0054,target_record_id,STRING,POST-0004,,,,,,,false,5,genie/puppy/volunteer_network.csv,target_record_id,2026.07.19.3
BISCUIT_RELIEF,PUPPY,REPOST-0054,volunteer_code,STRING,BISCUIT-BRIGADE,,,,,,,false,6,genie/puppy/volunteer_network.csv,volunteer_code,2026.07.19.3
BISCUIT_RELIEF,PUPPY,REPOST-0054,benefit_received,DECIMAL,,,0.00,,,,,false,7,genie/puppy/volunteer_network.csv,benefit_received,2026.07.19.3
BISCUIT_RELIEF,PUPPY,REPOST-0058,network_event_id,STRING,REPOST-0058,,,,,,,false,1,genie/puppy/volunteer_network.csv,network_event_id,2026.07.19.3
BISCUIT_RELIEF,PUPPY,REPOST-0058,event_type,STRING,REPOST,,,,,,,false,2,genie/puppy/volunteer_network.csv,event_type,2026.07.19.3
BISCUIT_RELIEF,PUPPY,REPOST-0058,occurred_at,TIMESTAMP,,,,,,2025-03-01T18:00:00Z,,false,3,genie/puppy/volunteer_network.csv,occurred_at,2026.07.19.3
BISCUIT_RELIEF,PUPPY,REPOST-0058,person_record_id,STRING,PR-LEO-01,,,,,,,false,4,genie/puppy/volunteer_network.csv,person_record_id,2026.07.19.3
BISCUIT_RELIEF,PUPPY,REPOST-0058,target_record_id,STRING,POST-0008,,,,,,,false,5,genie/puppy/volunteer_network.csv,target_record_id,2026.07.19.3
BISCUIT_RELIEF,PUPPY,REPOST-0058,volunteer_code,STRING,BISCUIT-BRIGADE,,,,,,,false,6,genie/puppy/volunteer_network.csv,volunteer_code,2026.07.19.3
BISCUIT_RELIEF,PUPPY,REPOST-0058,benefit_received,DECIMAL,,,0.00,,,,,false,7,genie/puppy/volunteer_network.csv,benefit_received,2026.07.19.3
BISCUIT_RELIEF,PUPPY,REPOST-0059,network_event_id,STRING,REPOST-0059,,,,,,,false,1,genie/puppy/volunteer_network.csv,network_event_id,2026.07.19.3
BISCUIT_RELIEF,PUPPY,REPOST-0059,event_type,STRING,REPOST,,,,,,,false,2,genie/puppy/volunteer_network.csv,event_type,2026.07.19.3
BISCUIT_RELIEF,PUPPY,REPOST-0059,occurred_at,TIMESTAMP,,,,,,2025-03-02T12:00:00Z,,false,3,genie/puppy/volunteer_network.csv,occurred_at,2026.07.19.3
BISCUIT_RELIEF,PUPPY,REPOST-0059,person_record_id,STRING,PR-RUBY-01,,,,,,,false,4,genie/puppy/volunteer_network.csv,person_record_id,2026.07.19.3
BISCUIT_RELIEF,PUPPY,REPOST-0059,target_record_id,STRING,POST-0009,,,,,,,false,5,genie/puppy/volunteer_network.csv,target_record_id,2026.07.19.3
BISCUIT_RELIEF,PUPPY,REPOST-0059,volunteer_code,STRING,BISCUIT-BRIGADE,,,,,,,false,6,genie/puppy/volunteer_network.csv,volunteer_code,2026.07.19.3
BISCUIT_RELIEF,PUPPY,REPOST-0059,benefit_received,DECIMAL,,,0.00,,,,,false,7,genie/puppy/volunteer_network.csv,benefit_received,2026.07.19.3
BISCUIT_RELIEF,PUPPY,REPOST-0060,network_event_id,STRING,REPOST-0060,,,,,,,false,1,genie/puppy/volunteer_network.csv,network_event_id,2026.07.19.3
BISCUIT_RELIEF,PUPPY,REPOST-0060,event_type,STRING,REPOST,,,,,,,false,2,genie/puppy/volunteer_network.csv,event_type,2026.07.19.3
BISCUIT_RELIEF,PUPPY,REPOST-0060,occurred_at,TIMESTAMP,,,,,,2025-03-03T06:00:00Z,,false,3,genie/puppy/volunteer_network.csv,occurred_at,2026.07.19.3
BISCUIT_RELIEF,PUPPY,REPOST-0060,person_record_id,STRING,PR-GIDEON-01,,,,,,,false,4,genie/puppy/volunteer_network.csv,person_record_id,2026.07.19.3
BISCUIT_RELIEF,PUPPY,REPOST-0060,target_record_id,STRING,POST-0010,,,,,,,false,5,genie/puppy/volunteer_network.csv,target_record_id,2026.07.19.3
BISCUIT_RELIEF,PUPPY,REPOST-0060,volunteer_code,STRING,BISCUIT-BRIGADE,,,,,,,false,6,genie/puppy/volunteer_network.csv,volunteer_code,2026.07.19.3
BISCUIT_RELIEF,PUPPY,REPOST-0060,benefit_received,DECIMAL,,,0.00,,,,,false,7,genie/puppy/volunteer_network.csv,benefit_received,2026.07.19.3
BISCUIT_RELIEF,PUPPY,REPOST-0066,network_event_id,STRING,REPOST-0066,,,,,,,false,1,genie/puppy/volunteer_network.csv,network_event_id,2026.07.19.3
BISCUIT_RELIEF,PUPPY,REPOST-0066,event_type,STRING,REPOST,,,,,,,false,2,genie/puppy/volunteer_network.csv,event_type,2026.07.19.3
BISCUIT_RELIEF,PUPPY,REPOST-0066,occurred_at,TIMESTAMP,,,,,,2025-03-07T18:00:00Z,,false,3,genie/puppy/volunteer_network.csv,occurred_at,2026.07.19.3
BISCUIT_RELIEF,PUPPY,REPOST-0066,person_record_id,STRING,PR-HOPE-02,,,,,,,false,4,genie/puppy/volunteer_network.csv,person_record_id,2026.07.19.3
BISCUIT_RELIEF,PUPPY,REPOST-0066,target_record_id,STRING,POST-0016,,,,,,,false,5,genie/puppy/volunteer_network.csv,target_record_id,2026.07.19.3
BISCUIT_RELIEF,PUPPY,REPOST-0066,volunteer_code,STRING,BISCUIT-BRIGADE,,,,,,,false,6,genie/puppy/volunteer_network.csv,volunteer_code,2026.07.19.3
BISCUIT_RELIEF,PUPPY,REPOST-0066,benefit_received,DECIMAL,,,0.00,,,,,false,7,genie/puppy/volunteer_network.csv,benefit_received,2026.07.19.3
BISCUIT_RELIEF,PUPPY,REPOST-0067,network_event_id,STRING,REPOST-0067,,,,,,,false,1,genie/puppy/volunteer_network.csv,network_event_id,2026.07.19.3
BISCUIT_RELIEF,PUPPY,REPOST-0067,event_type,STRING,REPOST,,,,,,,false,2,genie/puppy/volunteer_network.csv,event_type,2026.07.19.3
BISCUIT_RELIEF,PUPPY,REPOST-0067,occurred_at,TIMESTAMP,,,,,,2025-03-08T12:00:00Z,,false,3,genie/puppy/volunteer_network.csv,occurred_at,2026.07.19.3
BISCUIT_RELIEF,PUPPY,REPOST-0067,person_record_id,STRING,PR-VIOLET-01,,,,,,,false,4,genie/puppy/volunteer_network.csv,person_record_id,2026.07.19.3
BISCUIT_RELIEF,PUPPY,REPOST-0067,target_record_id,STRING,POST-0017,,,,,,,false,5,genie/puppy/volunteer_network.csv,target_record_id,2026.07.19.3
BISCUIT_RELIEF,PUPPY,REPOST-0067,volunteer_code,STRING,BISCUIT-BRIGADE,,,,,,,false,6,genie/puppy/volunteer_network.csv,volunteer_code,2026.07.19.3
BISCUIT_RELIEF,PUPPY,REPOST-0067,benefit_received,DECIMAL,,,0.00,,,,,false,7,genie/puppy/volunteer_network.csv,benefit_received,2026.07.19.3
