case_id,record_id,record_type,record_subtype,display_label,source_system_id,source_dataset,source_record_key,occurred_at,valid_from,valid_to,status,summary,attributes_json,provenance_ref,content_role,source_payload_hash,snapshot_version
BISCUIT_RELIEF,A-PROC-6104,ACCOUNT,PROCESSOR_CLEARING,••••6104,AUTHORING,authoring/relief_accounts.csv,A-PROC-6104,,,,OPEN,••••6104,"{""account_id"":""A-PROC-6104"",""account_number_synthetic"":""FAKE-A-PROC-6104"",""account_type"":""PROCESSOR_CLEARING"",""content_role"":""BACKGROUND"",""holder_id"":""O-PROCESSOR"",""holder_type"":""ORGANIZATION"",""masked_account"":""••••6104"",""opening_balance"":""50000.00"",""status"":""OPEN""}",authoring/relief_accounts.csv#A-PROC-6104,BACKGROUND,12fbaf72b7a9d03258f2136e2ca27d685a701a284f14297f3db23a9300dab16b,2026.07.19.3
BISCUIT_RELIEF,A-GBRF-6401,ACCOUNT,CHARITY_OPERATING,••••6401,AUTHORING,authoring/relief_accounts.csv,A-GBRF-6401,,,,OPEN,••••6401,"{""account_id"":""A-GBRF-6401"",""account_number_synthetic"":""FAKE-A-GBRF-6401"",""account_type"":""CHARITY_OPERATING"",""content_role"":""CORE_EVIDENCE"",""holder_id"":""O-GBRF"",""holder_type"":""ORGANIZATION"",""masked_account"":""••••6401"",""opening_balance"":""20000.00"",""status"":""OPEN""}",authoring/relief_accounts.csv#A-GBRF-6401,CORE_EVIDENCE,cb032fff5ef81cda4e52b5850172377951bba3c2a722da8d71a6b655089c0484,2026.07.19.3
BISCUIT_RELIEF,A-GILDED-4512,ACCOUNT,SHELL_VENDOR,••••4512,AUTHORING,authoring/relief_accounts.csv,A-GILDED-4512,,,,OPEN,••••4512,"{""account_id"":""A-GILDED-4512"",""account_number_synthetic"":""FAKE-A-GILDED-4512"",""account_type"":""SHELL_VENDOR"",""content_role"":""CORE_EVIDENCE"",""holder_id"":""O-GILDED"",""holder_type"":""ORGANIZATION"",""masked_account"":""••••4512"",""opening_balance"":""5000.00"",""status"":""OPEN""}",authoring/relief_accounts.csv#A-GILDED-4512,CORE_EVIDENCE,b74c5dbadd0c31a56eda8335c85c6a05376e4479fe7fbcf26e83da8ce879ff6b,2026.07.19.3
BISCUIT_RELIEF,A-REDROOF-7730,ACCOUNT,SHELL_VENDOR,••••7730,AUTHORING,authoring/relief_accounts.csv,A-REDROOF-7730,,,,OPEN,••••7730,"{""account_id"":""A-REDROOF-7730"",""account_number_synthetic"":""FAKE-A-REDROOF-7730"",""account_type"":""SHELL_VENDOR"",""content_role"":""CORE_EVIDENCE"",""holder_id"":""O-REDROOF"",""holder_type"":""ORGANIZATION"",""masked_account"":""••••7730"",""opening_balance"":""7500.00"",""status"":""OPEN""}",authoring/relief_accounts.csv#A-REDROOF-7730,CORE_EVIDENCE,4091d4e0c5c32f28905bc3d9169536a0f1cc88b1d7912df9cc14343333c137fd,2026.07.19.3
BISCUIT_RELIEF,A-ARLO-9088,ACCOUNT,PERSONAL,••••9088,AUTHORING,authoring/relief_accounts.csv,A-ARLO-9088,,,,OPEN,••••9088,"{""account_id"":""A-ARLO-9088"",""account_number_synthetic"":""FAKE-A-ARLO-9088"",""account_type"":""PERSONAL"",""content_role"":""CORE_EVIDENCE"",""holder_id"":""P-ARLO"",""holder_type"":""PERSON"",""masked_account"":""••••9088"",""opening_balance"":""15000.00"",""status"":""OPEN""}",authoring/relief_accounts.csv#A-ARLO-9088,CORE_EVIDENCE,441448fec025265ddc741ff12fabd4ac29efc4e847dd175bd3a20056ecc94c37,2026.07.19.3
BISCUIT_RELIEF,A-PAWBRIDGE-3001,ACCOUNT,BENEFICIARY,••••3001,AUTHORING,authoring/relief_accounts.csv,A-PAWBRIDGE-3001,,,,OPEN,••••3001,"{""account_id"":""A-PAWBRIDGE-3001"",""account_number_synthetic"":""FAKE-A-PAWBRIDGE-3001"",""account_type"":""BENEFICIARY"",""content_role"":""EXCULPATORY_EVIDENCE"",""holder_id"":""O-PAWBRIDGE"",""holder_type"":""ORGANIZATION"",""masked_account"":""••••3001"",""opening_balance"":""25000.00"",""status"":""OPEN""}",authoring/relief_accounts.csv#A-PAWBRIDGE-3001,EXCULPATORY_EVIDENCE,1b56ae178f3df45bd2d75879ae695044f9bd2f05d6800f60dcf072cdac755b23,2026.07.19.3
BISCUIT_RELIEF,A-HARBOR-3002,ACCOUNT,BENEFICIARY,••••3002,AUTHORING,authoring/relief_accounts.csv,A-HARBOR-3002,,,,OPEN,••••3002,"{""account_id"":""A-HARBOR-3002"",""account_number_synthetic"":""FAKE-A-HARBOR-3002"",""account_type"":""BENEFICIARY"",""content_role"":""EXCULPATORY_EVIDENCE"",""holder_id"":""O-HARBOR"",""holder_type"":""ORGANIZATION"",""masked_account"":""••••3002"",""opening_balance"":""18000.00"",""status"":""OPEN""}",authoring/relief_accounts.csv#A-HARBOR-3002,EXCULPATORY_EVIDENCE,af373967e9e52fa3a5a7ab9c0e9acb2ea1b04c9248b9d54187a453c7fb928a66,2026.07.19.3
BISCUIT_RELIEF,A-WARM-3003,ACCOUNT,BENEFICIARY,••••3003,AUTHORING,authoring/relief_accounts.csv,A-WARM-3003,,,,OPEN,••••3003,"{""account_id"":""A-WARM-3003"",""account_number_synthetic"":""FAKE-A-WARM-3003"",""account_type"":""BENEFICIARY"",""content_role"":""EXCULPATORY_EVIDENCE"",""holder_id"":""O-WARM"",""holder_type"":""ORGANIZATION"",""masked_account"":""••••3003"",""opening_balance"":""22000.00"",""status"":""OPEN""}",authoring/relief_accounts.csv#A-WARM-3003,EXCULPATORY_EVIDENCE,1bd490676e8210b9f6242918d4084e3b775c15084973ccf613bd9e18e895c62c,2026.07.19.3
BISCUIT_RELIEF,A-HOPE-2031,ACCOUNT,DONOR_BANK,••••2031,AUTHORING,authoring/relief_accounts.csv,A-HOPE-2031,,,,OPEN,••••2031,"{""account_id"":""A-HOPE-2031"",""account_number_synthetic"":""FAKE-A-HOPE-2031"",""account_type"":""DONOR_BANK"",""content_role"":""BACKGROUND"",""holder_id"":""P-HOPE"",""holder_type"":""PERSON"",""masked_account"":""••••2031"",""opening_balance"":""335000.00"",""status"":""OPEN""}",authoring/relief_accounts.csv#A-HOPE-2031,BACKGROUND,f39a573b21b704c6bf89e2d3078fce89f07805592cb03e0d3e46575769befcc0,2026.07.19.3
BISCUIT_RELIEF,A-LEO-2062,ACCOUNT,DONOR_BANK,••••2062,AUTHORING,authoring/relief_accounts.csv,A-LEO-2062,,,,OPEN,••••2062,"{""account_id"":""A-LEO-2062"",""account_number_synthetic"":""FAKE-A-LEO-2062"",""account_type"":""DONOR_BANK"",""content_role"":""BACKGROUND"",""holder_id"":""P-LEO"",""holder_type"":""PERSON"",""masked_account"":""••••2062"",""opening_balance"":""370000.00"",""status"":""OPEN""}",authoring/relief_accounts.csv#A-LEO-2062,BACKGROUND,b84c5eaf42d013897ab33fa5b734a011f4b6e07b22fef343d600ea84101f95c5,2026.07.19.3
BISCUIT_RELIEF,A-RUBY-2093,ACCOUNT,DONOR_BANK,••••2093,AUTHORING,authoring/relief_accounts.csv,A-RUBY-2093,,,,OPEN,••••2093,"{""account_id"":""A-RUBY-2093"",""account_number_synthetic"":""FAKE-A-RUBY-2093"",""account_type"":""DONOR_BANK"",""content_role"":""BACKGROUND"",""holder_id"":""P-RUBY"",""holder_type"":""PERSON"",""masked_account"":""••••2093"",""opening_balance"":""405000.00"",""status"":""OPEN""}",authoring/relief_accounts.csv#A-RUBY-2093,BACKGROUND,a64af961861f0759da0a41c9d4b203681c3f23249f15e68e9130af1bb2d62816,2026.07.19.3
BISCUIT_RELIEF,A-GIDEON-2124,ACCOUNT,DONOR_BANK,••••2124,AUTHORING,authoring/relief_accounts.csv,A-GIDEON-2124,,,,OPEN,••••2124,"{""account_id"":""A-GIDEON-2124"",""account_number_synthetic"":""FAKE-A-GIDEON-2124"",""account_type"":""DONOR_BANK"",""content_role"":""BACKGROUND"",""holder_id"":""P-GIDEON"",""holder_type"":""PERSON"",""masked_account"":""••••2124"",""opening_balance"":""440000.00"",""status"":""OPEN""}",authoring/relief_accounts.csv#A-GIDEON-2124,BACKGROUND,cfb47839a6c5c0ea67ae852228a7f2a5dc985f814d0f3a444c554e0dd03402f4,2026.07.19.3
BISCUIT_RELIEF,ADDR-LANTERN-17,ADDRESS,,17 Lantern Quay,AUTHORING,authoring/relief_addresses.csv,ADDR-LANTERN-17,,,,,17 Lantern Quay,"{""address_id"":""ADDR-LANTERN-17"",""city"":""Noir City"",""content_role"":""BACKGROUND"",""country"":""Fictional Republic"",""normalized_address"":""17 LANTERN QUAY|NOIR CITY|NC"",""postal_code"":""10000"",""region"":""NC"",""street"":""17 Lantern Quay""}",authoring/relief_addresses.csv#ADDR-LANTERN-17,BACKGROUND,e6557b066ad5ee02025cf9117a3078dbc1706f507181dac9efe43d8a28402f4e,2026.07.19.3
BISCUIT_RELIEF,ADDR-UMBRELLA-8,ADDRESS,,8 Umbrella Yard,AUTHORING,authoring/relief_addresses.csv,ADDR-UMBRELLA-8,,,,,8 Umbrella Yard,"{""address_id"":""ADDR-UMBRELLA-8"",""city"":""Noir City"",""content_role"":""BACKGROUND"",""country"":""Fictional Republic"",""normalized_address"":""8 UMBRELLA YARD|NOIR CITY|NC"",""postal_code"":""10001"",""region"":""NC"",""street"":""8 Umbrella Yard""}",authoring/relief_addresses.csv#ADDR-UMBRELLA-8,BACKGROUND,18609cf7e4709b6263e6a837e6078333f83c89e9c5d2410d1b2ed939a45a3f1a,2026.07.19.3
BISCUIT_RELIEF,ADDR-BRIDGE-72,ADDRESS,,72 Bridge Street,AUTHORING,authoring/relief_addresses.csv,ADDR-BRIDGE-72,,,,,72 Bridge Street,"{""address_id"":""ADDR-BRIDGE-72"",""city"":""Noir City"",""content_role"":""BACKGROUND"",""country"":""Fictional Republic"",""normalized_address"":""72 BRIDGE STREET|NOIR CITY|NC"",""postal_code"":""10002"",""region"":""NC"",""street"":""72 Bridge Street""}",authoring/relief_addresses.csv#ADDR-BRIDGE-72,BACKGROUND,ae8a4a7e7cf1dbab73cb739b6d18bd1fc2bff9cc03af0c6eac42ad37163dcf0a,2026.07.19.3
BISCUIT_RELIEF,ADDR-HARBOR-6,ADDRESS,,6 Harbor Square,AUTHORING,authoring/relief_addresses.csv,ADDR-HARBOR-6,,,,,6 Harbor Square,"{""address_id"":""ADDR-HARBOR-6"",""city"":""Noir City"",""content_role"":""BACKGROUND"",""country"":""Fictional Republic"",""normalized_address"":""6 HARBOR SQUARE|NOIR CITY|NC"",""postal_code"":""10003"",""region"":""NC"",""street"":""6 Harbor Square""}",authoring/relief_addresses.csv#ADDR-HARBOR-6,BACKGROUND,d5773f350491542531c0e3da734210d6db856c445336837b84b49db7df046010,2026.07.19.3
BISCUIT_RELIEF,ADDR-HEARTH-41,ADDRESS,,41 Hearth Avenue,AUTHORING,authoring/relief_addresses.csv,ADDR-HEARTH-41,,,,,41 Hearth Avenue,"{""address_id"":""ADDR-HEARTH-41"",""city"":""Noir City"",""content_role"":""BACKGROUND"",""country"":""Fictional Republic"",""normalized_address"":""41 HEARTH AVENUE|NOIR CITY|NC"",""postal_code"":""10004"",""region"":""NC"",""street"":""41 Hearth Avenue""}",authoring/relief_addresses.csv#ADDR-HEARTH-41,BACKGROUND,da5762de826f1408478a599d8298f734fa4247a5b1005c4677f900e50926802e,2026.07.19.3
BISCUIT_RELIEF,ADDR-PLAZA-100,ADDRESS,,100 Lantern Plaza,AUTHORING,authoring/relief_addresses.csv,ADDR-PLAZA-100,,,,,100 Lantern Plaza,"{""address_id"":""ADDR-PLAZA-100"",""city"":""Noir City"",""content_role"":""BACKGROUND"",""country"":""Fictional Republic"",""normalized_address"":""100 LANTERN PLAZA|NOIR CITY|NC"",""postal_code"":""10005"",""region"":""NC"",""street"":""100 Lantern Plaza""}",authoring/relief_addresses.csv#ADDR-PLAZA-100,BACKGROUND,39b32e018bd966245a72481fa539d76e9834765523ec0fbe5c7266872437951a,2026.07.19.3
BISCUIT_RELIEF,ADDR-CIVIC-10,ADDRESS,,10 Civic Crescent,AUTHORING,authoring/relief_addresses.csv,ADDR-CIVIC-10,,,,,10 Civic Crescent,"{""address_id"":""ADDR-CIVIC-10"",""city"":""Noir City"",""content_role"":""BACKGROUND"",""country"":""Fictional Republic"",""normalized_address"":""10 CIVIC CRESCENT|NOIR CITY|NC"",""postal_code"":""10009"",""region"":""NC"",""street"":""10 Civic Crescent""}",authoring/relief_addresses.csv#ADDR-CIVIC-10,BACKGROUND,5a16628c4c7f771ae1981d1bddc0e1f2770982688587d4e6526fc21420aea440,2026.07.19.3
BISCUIT_RELIEF,ADDR-VELVET-9,ADDRESS,,9 Velvet Crescent,AUTHORING,authoring/relief_addresses.csv,ADDR-VELVET-9,,,,,9 Velvet Crescent,"{""address_id"":""ADDR-VELVET-9"",""city"":""Noir City"",""content_role"":""BACKGROUND"",""country"":""Fictional Republic"",""normalized_address"":""9 VELVET CRESCENT|NOIR CITY|NC"",""postal_code"":""10010"",""region"":""NC"",""street"":""9 Velvet Crescent""}",authoring/relief_addresses.csv#ADDR-VELVET-9,BACKGROUND,104879801af1d3cb5507e79d884323cb85ed32c71f882b4d653d23c86c0d92e8,2026.07.19.3
BISCUIT_RELIEF,ADDR-CAMPAIGN-44,ADDRESS,,44 Campaign Lane,AUTHORING,authoring/relief_addresses.csv,ADDR-CAMPAIGN-44,,,,,44 Campaign Lane,"{""address_id"":""ADDR-CAMPAIGN-44"",""city"":""Noir City"",""content_role"":""BACKGROUND"",""country"":""Fictional Republic"",""normalized_address"":""44 CAMPAIGN LANE|NOIR CITY|NC"",""postal_code"":""10011"",""region"":""NC"",""street"":""44 Campaign Lane""}",authoring/relief_addresses.csv#ADDR-CAMPAIGN-44,BACKGROUND,adb14e4a2a48417b8dbeaf8e918ebb64b9d605c265463c1f1844a1badf69c98a,2026.07.19.3
BISCUIT_RELIEF,ADDR-LEDGER-61,ADDRESS,,61 Ledger Row,AUTHORING,authoring/relief_addresses.csv,ADDR-LEDGER-61,,,,,61 Ledger Row,"{""address_id"":""ADDR-LEDGER-61"",""city"":""Noir City"",""content_role"":""BACKGROUND"",""country"":""Fictional Republic"",""normalized_address"":""61 LEDGER ROW|NOIR CITY|NC"",""postal_code"":""10012"",""region"":""NC"",""street"":""61 Ledger Row""}",authoring/relief_addresses.csv#ADDR-LEDGER-61,BACKGROUND,872fd004ab34a7641d69fe8982c2bee9e008f80061e0de684657e7592a4c1958,2026.07.19.3
BISCUIT_RELIEF,ADDR-VOLUNTEER-31,ADDRESS,,31 Volunteer Walk,AUTHORING,authoring/relief_addresses.csv,ADDR-VOLUNTEER-31,,,,,31 Volunteer Walk,"{""address_id"":""ADDR-VOLUNTEER-31"",""city"":""Noir City"",""content_role"":""BACKGROUND"",""country"":""Fictional Republic"",""normalized_address"":""31 VOLUNTEER WALK|NOIR CITY|NC"",""postal_code"":""10013"",""region"":""NC"",""street"":""31 Volunteer Walk""}",authoring/relief_addresses.csv#ADDR-VOLUNTEER-31,BACKGROUND,d631caffced082b25f24ec8a1dd9b68d9a1bcfa6b681e0c5620252ef504a8e23,2026.07.19.3
BISCUIT_RELIEF,AD-0001,ADVERTISEMENT,,AD-0001,AD_PLATFORM,authoring/relief_advertisements.csv,AD-0001,2025-01-15T00:00:00Z,,,,AD-0001,"{""ad_account_id"":""AD-GBRF-77"",""advertisement_id"":""AD-0001"",""campaign_id"":""CAMP-001"",""claim_theme"":""URGENCY"",""clicks"":""120"",""content_role"":""CORE_EVIDENCE"",""created_by_record_id"":""PR-MINA-02"",""image_hash"":""img-storm-04"",""impressions"":""8000"",""published_at"":""2025-01-15T00:00:00Z"",""source_system_id"":""AD_PLATFORM"",""spend_amount"":""400.00""}",authoring/relief_advertisements.csv#AD-0001,CORE_EVIDENCE,5f732ca5ece16125d1f71c4e1b6ba642af0f1bdb25ce85d30062c3fb60667b60,2026.07.19.3
BISCUIT_RELIEF,AD-0002,ADVERTISEMENT,,AD-0002,AD_PLATFORM,authoring/relief_advertisements.csv,AD-0002,2025-01-19T00:00:00Z,,,,AD-0002,"{""ad_account_id"":""AD-GBRF-77"",""advertisement_id"":""AD-0002"",""campaign_id"":""CAMP-002"",""claim_theme"":""MATCHING_FUNDS"",""clicks"":""205"",""content_role"":""CORE_EVIDENCE"",""created_by_record_id"":""PR-MINA-02"",""image_hash"":""img-boxes-11"",""impressions"":""14500"",""published_at"":""2025-01-19T00:00:00Z"",""source_system_id"":""AD_PLATFORM"",""spend_amount"":""775.00""}",authoring/relief_advertisements.csv#AD-0002,CORE_EVIDENCE,33ccaff7a6e6694c18ab244e471008dfde9da2acb8eec14b3729dd4097080e80,2026.07.19.3
BISCUIT_RELIEF,AD-0003,ADVERTISEMENT,,AD-0003,AD_PLATFORM,authoring/relief_advertisements.csv,AD-0003,2025-01-23T00:00:00Z,,,,AD-0003,"{""ad_account_id"":""AD-GBRF-77"",""advertisement_id"":""AD-0003"",""campaign_id"":""CAMP-003"",""claim_theme"":""IMMEDIATE_DELIVERY"",""clicks"":""290"",""content_role"":""CORE_EVIDENCE"",""created_by_record_id"":""PR-MINA-02"",""image_hash"":""img-volunteer-08"",""impressions"":""21000"",""published_at"":""2025-01-23T00:00:00Z"",""source_system_id"":""AD_PLATFORM"",""spend_amount"":""1150.00""}",authoring/relief_advertisements.csv#AD-0003,CORE_EVIDENCE,20879f15fb8d8df65609d0b18ddeb901279c814bffdff013db255ebe965921e4,2026.07.19.3
BISCUIT_RELIEF,AD-0004,ADVERTISEMENT,,AD-0004,AD_PLATFORM,authoring/relief_advertisements.csv,AD-0004,2025-01-27T00:00:00Z,,,,AD-0004,"{""ad_account_id"":""AD-GBRF-77"",""advertisement_id"":""AD-0004"",""campaign_id"":""CAMP-004"",""claim_theme"":""HIGH_IMPACT"",""clicks"":""375"",""content_role"":""CORE_EVIDENCE"",""created_by_record_id"":""PR-MINA-02"",""image_hash"":""img-shelter-05"",""impressions"":""27500"",""published_at"":""2025-01-27T00:00:00Z"",""source_system_id"":""AD_PLATFORM"",""spend_amount"":""1525.00""}",authoring/relief_advertisements.csv#AD-0004,CORE_EVIDENCE,31b05edf16d6d9d2b8d923ba6e3cda5a3479df63b1869fafb0ae5cf86b835d7c,2026.07.19.3
BISCUIT_RELIEF,AD-0005,ADVERTISEMENT,,AD-0005,AD_PLATFORM,authoring/relief_advertisements.csv,AD-0005,2025-01-31T00:00:00Z,,,,AD-0005,"{""ad_account_id"":""AD-GBRF-77"",""advertisement_id"":""AD-0005"",""campaign_id"":""CAMP-005"",""claim_theme"":""URGENCY"",""clicks"":""460"",""content_role"":""CORE_EVIDENCE"",""created_by_record_id"":""PR-MINA-02"",""image_hash"":""img-pantry-03"",""impressions"":""34000"",""published_at"":""2025-01-31T00:00:00Z"",""source_system_id"":""AD_PLATFORM"",""spend_amount"":""1900.00""}",authoring/relief_advertisements.csv#AD-0005,CORE_EVIDENCE,ea005bcf28e25a680113bc269ea94dba283bb5b98c35c96a8b9c740fe7add4bb,2026.07.19.3
BISCUIT_RELIEF,AD-0006,ADVERTISEMENT,,AD-0006,AD_PLATFORM,authoring/relief_advertisements.csv,AD-0006,2025-02-04T00:00:00Z,,,,AD-0006,"{""ad_account_id"":""AD-GBRF-77"",""advertisement_id"":""AD-0006"",""campaign_id"":""CAMP-006"",""claim_theme"":""MATCHING_FUNDS"",""clicks"":""545"",""content_role"":""CORE_EVIDENCE"",""created_by_record_id"":""PR-MINA-02"",""image_hash"":""img-storm-04"",""impressions"":""40500"",""published_at"":""2025-02-04T00:00:00Z"",""source_system_id"":""AD_PLATFORM"",""spend_amount"":""2275.00""}",authoring/relief_advertisements.csv#AD-0006,CORE_EVIDENCE,e885d29760446db1cdc19fa35ed89c383cdd09f83a81879419ba9b7e71dd05e1,2026.07.19.3
BISCUIT_RELIEF,AD-0007,ADVERTISEMENT,,AD-0007,AD_PLATFORM,authoring/relief_advertisements.csv,AD-0007,2025-02-08T00:00:00Z,,,,AD-0007,"{""ad_account_id"":""AD-GBRF-77"",""advertisement_id"":""AD-0007"",""campaign_id"":""CAMP-007"",""claim_theme"":""IMMEDIATE_DELIVERY"",""clicks"":""630"",""content_role"":""CORE_EVIDENCE"",""created_by_record_id"":""PR-MINA-02"",""image_hash"":""img-boxes-11"",""impressions"":""47000"",""published_at"":""2025-02-08T00:00:00Z"",""source_system_id"":""AD_PLATFORM"",""spend_amount"":""2650.00""}",authoring/relief_advertisements.csv#AD-0007,CORE_EVIDENCE,ceabafaea36d54f625a65b2bea1d7a19b2de248f7580e3e8eae11c61375081d5,2026.07.19.3
BISCUIT_RELIEF,AD-0008,ADVERTISEMENT,,AD-0008,AD_PLATFORM,authoring/relief_advertisements.csv,AD-0008,2025-02-12T00:00:00Z,,,,AD-0008,"{""ad_account_id"":""AD-GBRF-77"",""advertisement_id"":""AD-0008"",""campaign_id"":""CAMP-008"",""claim_theme"":""HIGH_IMPACT"",""clicks"":""715"",""content_role"":""CORE_EVIDENCE"",""created_by_record_id"":""PR-MINA-02"",""image_hash"":""img-volunteer-08"",""impressions"":""53500"",""published_at"":""2025-02-12T00:00:00Z"",""source_system_id"":""AD_PLATFORM"",""spend_amount"":""3025.00""}",authoring/relief_advertisements.csv#AD-0008,CORE_EVIDENCE,134bc231e865a09b86c2a23c065a5409418d89560b292f9dfffbbbfb4f2cf665,2026.07.19.3
BISCUIT_RELIEF,AD-0009,ADVERTISEMENT,,AD-0009,AD_PLATFORM,authoring/relief_advertisements.csv,AD-0009,2025-02-16T00:00:00Z,,,,AD-0009,"{""ad_account_id"":""AD-GBRF-77"",""advertisement_id"":""AD-0009"",""campaign_id"":""CAMP-009"",""claim_theme"":""URGENCY"",""clicks"":""800"",""content_role"":""CORE_EVIDENCE"",""created_by_record_id"":""PR-MINA-02"",""image_hash"":""img-shelter-05"",""impressions"":""60000"",""published_at"":""2025-02-16T00:00:00Z"",""source_system_id"":""AD_PLATFORM"",""spend_amount"":""3400.00""}",authoring/relief_advertisements.csv#AD-0009,CORE_EVIDENCE,0d804a667510e0fa1af1abca3a607bf3e0540eb1d0ef80aa1ccfea0c8064c58b,2026.07.19.3
BISCUIT_RELIEF,AD-0010,ADVERTISEMENT,,AD-0010,AD_PLATFORM,authoring/relief_advertisements.csv,AD-0010,2025-02-20T00:00:00Z,,,,AD-0010,"{""ad_account_id"":""AD-GBRF-77"",""advertisement_id"":""AD-0010"",""campaign_id"":""CAMP-010"",""claim_theme"":""MATCHING_FUNDS"",""clicks"":""885"",""content_role"":""CORE_EVIDENCE"",""created_by_record_id"":""PR-MINA-02"",""image_hash"":""img-pantry-03"",""impressions"":""66500"",""published_at"":""2025-02-20T00:00:00Z"",""source_system_id"":""AD_PLATFORM"",""spend_amount"":""3775.00""}",authoring/relief_advertisements.csv#AD-0010,CORE_EVIDENCE,e12c4f61c6228475a37447017efa1ab47dcbe76b08ff2e41bc359d8f640631ff,2026.07.19.3
BISCUIT_RELIEF,AD-0011,ADVERTISEMENT,,AD-0011,AD_PLATFORM,authoring/relief_advertisements.csv,AD-0011,2025-02-24T00:00:00Z,,,,AD-0011,"{""ad_account_id"":""AD-GBRF-77"",""advertisement_id"":""AD-0011"",""campaign_id"":""CAMP-011"",""claim_theme"":""IMMEDIATE_DELIVERY"",""clicks"":""970"",""content_role"":""CORE_EVIDENCE"",""created_by_record_id"":""PR-MINA-02"",""image_hash"":""img-storm-04"",""impressions"":""73000"",""published_at"":""2025-02-24T00:00:00Z"",""source_system_id"":""AD_PLATFORM"",""spend_amount"":""400.00""}",authoring/relief_advertisements.csv#AD-0011,CORE_EVIDENCE,dae457557c71aee3f57e64f8c6e1250dfce297ec0e7efb4392ddfcb6f615ef58,2026.07.19.3
BISCUIT_RELIEF,AD-0012,ADVERTISEMENT,,AD-0012,AD_PLATFORM,authoring/relief_advertisements.csv,AD-0012,2025-02-28T00:00:00Z,,,,AD-0012,"{""ad_account_id"":""AD-GBRF-77"",""advertisement_id"":""AD-0012"",""campaign_id"":""CAMP-012"",""claim_theme"":""HIGH_IMPACT"",""clicks"":""120"",""content_role"":""CORE_EVIDENCE"",""created_by_record_id"":""PR-MINA-02"",""image_hash"":""img-boxes-11"",""impressions"":""79500"",""published_at"":""2025-02-28T00:00:00Z"",""source_system_id"":""AD_PLATFORM"",""spend_amount"":""775.00""}",authoring/relief_advertisements.csv#AD-0012,CORE_EVIDENCE,5cf2dbda67e93d504b3ce905837ed59368dbfdf21342d4362cc13c9a9bb4e8a2,2026.07.19.3
BISCUIT_RELIEF,BEN-001,BENEFICIARY_PROGRAM,,Emergency Food Bowls,BENEFICIARY_LEDGER,authoring/relief_beneficiary_programs.csv,BEN-001,,,,,Emergency Food Bowls,"{""beneficiary_organization_record_id"":""OR-PAWBRIDGE-02"",""beneficiary_program_id"":""BEN-001"",""content_role"":""EXCULPATORY_EVIDENCE"",""program_name"":""Emergency Food Bowls"",""requested_families"":""80"",""service_area"":""Bridge District"",""source_system_id"":""BENEFICIARY_LEDGER"",""verified_capacity"":""60""}",authoring/relief_beneficiary_programs.csv#BEN-001,EXCULPATORY_EVIDENCE,f425c79c024df617e6fbd933de3c55d4de3a52375bc654461676a84173c08e95,2026.07.19.3
BISCUIT_RELIEF,BEN-002,BENEFICIARY_PROGRAM,,Temporary Kennel Beds,BENEFICIARY_LEDGER,authoring/relief_beneficiary_programs.csv,BEN-002,,,,,Temporary Kennel Beds,"{""beneficiary_organization_record_id"":""OR-HARBOR-02"",""beneficiary_program_id"":""BEN-002"",""content_role"":""EXCULPATORY_EVIDENCE"",""program_name"":""Temporary Kennel Beds"",""requested_families"":""105"",""service_area"":""Harbor Ward"",""source_system_id"":""BENEFICIARY_LEDGER"",""verified_capacity"":""80""}",authoring/relief_beneficiary_programs.csv#BEN-002,EXCULPATORY_EVIDENCE,810e1a4a9cc65c7a060d5e3ca9d383827acf7867083f76fa91965a0df6248671,2026.07.19.3
BISCUIT_RELIEF,BEN-003,BENEFICIARY_PROGRAM,,Medication and Hygiene Kits,BENEFICIARY_LEDGER,authoring/relief_beneficiary_programs.csv,BEN-003,,,,,Medication and Hygiene Kits,"{""beneficiary_organization_record_id"":""OR-WARM-02"",""beneficiary_program_id"":""BEN-003"",""content_role"":""EXCULPATORY_EVIDENCE"",""program_name"":""Medication and Hygiene Kits"",""requested_families"":""130"",""service_area"":""Hearth Quarter"",""source_system_id"":""BENEFICIARY_LEDGER"",""verified_capacity"":""100""}",authoring/relief_beneficiary_programs.csv#BEN-003,EXCULPATORY_EVIDENCE,a7a7888eec5d6cc9d90d6ce284296881e39dda9b59ba1cd8c105b2d56a8d1c8c,2026.07.19.3
BISCUIT_RELIEF,BEN-004,BENEFICIARY_PROGRAM,,Family Transport Vouchers,BENEFICIARY_LEDGER,authoring/relief_beneficiary_programs.csv,BEN-004,,,,,Family Transport Vouchers,"{""beneficiary_organization_record_id"":""OR-PAWBRIDGE-02"",""beneficiary_program_id"":""BEN-004"",""content_role"":""EXCULPATORY_EVIDENCE"",""program_name"":""Family Transport Vouchers"",""requested_families"":""155"",""service_area"":""Bridge District"",""source_system_id"":""BENEFICIARY_LEDGER"",""verified_capacity"":""120""}",authoring/relief_beneficiary_programs.csv#BEN-004,EXCULPATORY_EVIDENCE,36fcc5dccb0d2c7c63e7592d3994d5fabd1e6b99eef5602f9462af69e47b6017,2026.07.19.3
BISCUIT_RELIEF,BEN-005,BENEFICIARY_PROGRAM,,Roof Patch Materials,BENEFICIARY_LEDGER,authoring/relief_beneficiary_programs.csv,BEN-005,,,,,Roof Patch Materials,"{""beneficiary_organization_record_id"":""OR-HARBOR-02"",""beneficiary_program_id"":""BEN-005"",""content_role"":""EXCULPATORY_EVIDENCE"",""program_name"":""Roof Patch Materials"",""requested_families"":""180"",""service_area"":""Harbor Ward"",""source_system_id"":""BENEFICIARY_LEDGER"",""verified_capacity"":""140""}",authoring/relief_beneficiary_programs.csv#BEN-005,EXCULPATORY_EVIDENCE,34d190684be08b51771b069a2e34078f06af93a7448a605f1e2925de071ca02d,2026.07.19.3
BISCUIT_RELIEF,BEN-006,BENEFICIARY_PROGRAM,,Community Pantry Restock,BENEFICIARY_LEDGER,authoring/relief_beneficiary_programs.csv,BEN-006,,,,,Community Pantry Restock,"{""beneficiary_organization_record_id"":""OR-WARM-02"",""beneficiary_program_id"":""BEN-006"",""content_role"":""EXCULPATORY_EVIDENCE"",""program_name"":""Community Pantry Restock"",""requested_families"":""205"",""service_area"":""Hearth Quarter"",""source_system_id"":""BENEFICIARY_LEDGER"",""verified_capacity"":""160""}",authoring/relief_beneficiary_programs.csv#BEN-006,EXCULPATORY_EVIDENCE,901b44fe631ec5dc2156898fe16c825b41d9d6e34596dbc276081aefb8d0b504,2026.07.19.3
BISCUIT_RELIEF,BEN-007,BENEFICIARY_PROGRAM,,Emergency Food Bowls,BENEFICIARY_LEDGER,authoring/relief_beneficiary_programs.csv,BEN-007,,,,,Emergency Food Bowls,"{""beneficiary_organization_record_id"":""OR-PAWBRIDGE-02"",""beneficiary_program_id"":""BEN-007"",""content_role"":""EXCULPATORY_EVIDENCE"",""program_name"":""Emergency Food Bowls"",""requested_families"":""230"",""service_area"":""Bridge District"",""source_system_id"":""BENEFICIARY_LEDGER"",""verified_capacity"":""180""}",authoring/relief_beneficiary_programs.csv#BEN-007,EXCULPATORY_EVIDENCE,5d412099c9f4589fee7c004cc838ad9031e2bcf5cb9679ca009412b14c6e86da,2026.07.19.3
BISCUIT_RELIEF,BEN-008,BENEFICIARY_PROGRAM,,Temporary Kennel Beds,BENEFICIARY_LEDGER,authoring/relief_beneficiary_programs.csv,BEN-008,,,,,Temporary Kennel Beds,"{""beneficiary_organization_record_id"":""OR-HARBOR-02"",""beneficiary_program_id"":""BEN-008"",""content_role"":""EXCULPATORY_EVIDENCE"",""program_name"":""Temporary Kennel Beds"",""requested_families"":""255"",""service_area"":""Harbor Ward"",""source_system_id"":""BENEFICIARY_LEDGER"",""verified_capacity"":""60""}",authoring/relief_beneficiary_programs.csv#BEN-008,EXCULPATORY_EVIDENCE,3b96b573e5c6c5570d1ca3a49cbed21456f36eeaac131eaf50a06d339e3a35b3,2026.07.19.3
BISCUIT_RELIEF,BEN-009,BENEFICIARY_PROGRAM,,Medication and Hygiene Kits,BENEFICIARY_LEDGER,authoring/relief_beneficiary_programs.csv,BEN-009,,,,,Medication and Hygiene Kits,"{""beneficiary_organization_record_id"":""OR-WARM-02"",""beneficiary_program_id"":""BEN-009"",""content_role"":""EXCULPATORY_EVIDENCE"",""program_name"":""Medication and Hygiene Kits"",""requested_families"":""80"",""service_area"":""Hearth Quarter"",""source_system_id"":""BENEFICIARY_LEDGER"",""verified_capacity"":""80""}",authoring/relief_beneficiary_programs.csv#BEN-009,EXCULPATORY_EVIDENCE,cdf1887693dc92d110551abc40ddc872c4112d9b168ae588421f1faf4696cb25,2026.07.19.3
BISCUIT_RELIEF,BEN-010,BENEFICIARY_PROGRAM,,Family Transport Vouchers,BENEFICIARY_LEDGER,authoring/relief_beneficiary_programs.csv,BEN-010,,,,,Family Transport Vouchers,"{""beneficiary_organization_record_id"":""OR-PAWBRIDGE-02"",""beneficiary_program_id"":""BEN-010"",""content_role"":""EXCULPATORY_EVIDENCE"",""program_name"":""Family Transport Vouchers"",""requested_families"":""105"",""service_area"":""Bridge District"",""source_system_id"":""BENEFICIARY_LEDGER"",""verified_capacity"":""100""}",authoring/relief_beneficiary_programs.csv#BEN-010,EXCULPATORY_EVIDENCE,cdf5ed050dba70ef7b89731bad2dcead78a05f416e678980e00f216ff91ccd93,2026.07.19.3
BISCUIT_RELIEF,BEN-011,BENEFICIARY_PROGRAM,,Roof Patch Materials,BENEFICIARY_LEDGER,authoring/relief_beneficiary_programs.csv,BEN-011,,,,,Roof Patch Materials,"{""beneficiary_organization_record_id"":""OR-HARBOR-02"",""beneficiary_program_id"":""BEN-011"",""content_role"":""EXCULPATORY_EVIDENCE"",""program_name"":""Roof Patch Materials"",""requested_families"":""130"",""service_area"":""Harbor Ward"",""source_system_id"":""BENEFICIARY_LEDGER"",""verified_capacity"":""120""}",authoring/relief_beneficiary_programs.csv#BEN-011,EXCULPATORY_EVIDENCE,fde28cdb3c1e62e79ad50648361067c7402a16f46e83e88e086d770471c6fb51,2026.07.19.3
BISCUIT_RELIEF,BEN-012,BENEFICIARY_PROGRAM,,Community Pantry Restock,BENEFICIARY_LEDGER,authoring/relief_beneficiary_programs.csv,BEN-012,,,,,Community Pantry Restock,"{""beneficiary_organization_record_id"":""OR-WARM-02"",""beneficiary_program_id"":""BEN-012"",""content_role"":""EXCULPATORY_EVIDENCE"",""program_name"":""Community Pantry Restock"",""requested_families"":""155"",""service_area"":""Hearth Quarter"",""source_system_id"":""BENEFICIARY_LEDGER"",""verified_capacity"":""140""}",authoring/relief_beneficiary_programs.csv#BEN-012,EXCULPATORY_EVIDENCE,5f3e862561b1cc98d90632464ce70544799a29791302e2d0b9874389d4908b69,2026.07.19.3
BISCUIT_RELIEF,POST-0001,CAMPAIGN_POST,FAMILIES_HELPED,POST-0001,SOCIAL_ARCHIVE,authoring/relief_campaign_posts.csv,POST-0001,2025-01-12T00:00:00Z,,,,POST-0001,"{""ad_account_id"":""AD-GBRF-77"",""author_person_record_id"":""PR-MINA-02"",""campaign_id"":""CAMP-001"",""campaign_post_id"":""POST-0001"",""campaign_template_id"":""tmpl-relief-v4"",""claim_type"":""FAMILIES_HELPED"",""claim_value"":""250"",""content_role"":""CORE_EVIDENCE"",""image_hash"":""img-storm-04"",""platform"":""BARKBOOK"",""published_at"":""2025-01-12T00:00:00Z"",""safe_text"":""Campaign update reports expanding aid deliveries."",""source_system_id"":""SOCIAL_ARCHIVE""}",authoring/relief_campaign_posts.csv#POST-0001,CORE_EVIDENCE,a11426a62d9ffc8fedb61683b259cc24a0389d6057204b54e6eaff05ab907fb5,2026.07.19.3
BISCUIT_RELIEF,POST-0002,CAMPAIGN_POST,BOXES_DELIVERED,POST-0002,SOCIAL_ARCHIVE,authoring/relief_campaign_posts.csv,POST-0002,2025-01-15T01:00:00Z,,,,POST-0002,"{""ad_account_id"":""AD-GBRF-77"",""author_person_record_id"":""PR-MINA-02"",""campaign_id"":""CAMP-002"",""campaign_post_id"":""POST-0002"",""campaign_template_id"":""tmpl-relief-v4"",""claim_type"":""BOXES_DELIVERED"",""claim_value"":""375"",""content_role"":""CORE_EVIDENCE"",""image_hash"":""img-boxes-11"",""platform"":""PAWSTAGRAM"",""published_at"":""2025-01-15T01:00:00Z"",""safe_text"":""Campaign update reports expanding aid deliveries."",""source_system_id"":""SOCIAL_ARCHIVE""}",authoring/relief_campaign_posts.csv#POST-0002,CORE_EVIDENCE,389243f3910038bcd087b1f63e3b11a2b4af292f8c4f3d1e1a8994298f7aa326,2026.07.19.3
BISCUIT_RELIEF,POST-0003,CAMPAIGN_POST,EMERGENCY_DEADLINE,POST-0003,SOCIAL_ARCHIVE,authoring/relief_campaign_posts.csv,POST-0003,2025-01-18T02:00:00Z,,,,POST-0003,"{""ad_account_id"":""AD-GBRF-77"",""author_person_record_id"":""PR-MINA-02"",""campaign_id"":""CAMP-003"",""campaign_post_id"":""POST-0003"",""campaign_template_id"":""tmpl-relief-v4"",""claim_type"":""EMERGENCY_DEADLINE"",""claim_value"":"""",""content_role"":""CORE_EVIDENCE"",""image_hash"":""img-volunteer-08"",""platform"":""EMAIL_UPDATE"",""published_at"":""2025-01-18T02:00:00Z"",""safe_text"":""Urgent relief appeal claims immediate supplies."",""source_system_id"":""SOCIAL_ARCHIVE""}",authoring/relief_campaign_posts.csv#POST-0003,CORE_EVIDENCE,b6e734055f2181d2296e4b8ddb96536e0afba6670db21464a63ade97d496848b,2026.07.19.3
BISCUIT_RELIEF,POST-0004,CAMPAIGN_POST,MATCHING_DONATION,POST-0004,SOCIAL_ARCHIVE,authoring/relief_campaign_posts.csv,POST-0004,2025-01-21T03:00:00Z,,,,POST-0004,"{""ad_account_id"":""AD-GBRF-77"",""author_person_record_id"":""PR-MINA-02"",""campaign_id"":""CAMP-004"",""campaign_post_id"":""POST-0004"",""campaign_template_id"":""tmpl-relief-v4"",""claim_type"":""MATCHING_DONATION"",""claim_value"":"""",""content_role"":""CORE_EVIDENCE"",""image_hash"":""img-shelter-05"",""platform"":""CAMPAIGN_PAGE"",""published_at"":""2025-01-21T03:00:00Z"",""safe_text"":""Campaign update reports expanding aid deliveries."",""source_system_id"":""SOCIAL_ARCHIVE""}",authoring/relief_campaign_posts.csv#POST-0004,CORE_EVIDENCE,3a0a15911872dbd35b49fee0d3365b02c3e71696bd836039e6b8b0c747ba2a0b,2026.07.19.3
BISCUIT_RELIEF,POST-0005,CAMPAIGN_POST,VOLUNTEER_STORY,POST-0005,SOCIAL_ARCHIVE,authoring/relief_campaign_posts.csv,POST-0005,2025-01-24T04:00:00Z,,,,POST-0005,"{""ad_account_id"":""AD-GBRF-77"",""author_person_record_id"":""PR-MINA-02"",""campaign_id"":""CAMP-005"",""campaign_post_id"":""POST-0005"",""campaign_template_id"":""tmpl-relief-v4"",""claim_type"":""VOLUNTEER_STORY"",""claim_value"":"""",""content_role"":""CORE_EVIDENCE"",""image_hash"":""img-pantry-03"",""platform"":""BARKBOOK"",""published_at"":""2025-01-24T04:00:00Z"",""safe_text"":""Campaign update reports expanding aid deliveries."",""source_system_id"":""SOCIAL_ARCHIVE""}",authoring/relief_campaign_posts.csv#POST-0005,CORE_EVIDENCE,04114a0c9f6af5e24ea1b23d92afb59c809306dbd15dfdde5bb1304ad3924837,2026.07.19.3
BISCUIT_RELIEF,POST-0006,CAMPAIGN_POST,FAMILIES_HELPED,POST-0006,SOCIAL_ARCHIVE,authoring/relief_campaign_posts.csv,POST-0006,2025-01-27T05:00:00Z,,,,POST-0006,"{""ad_account_id"":""AD-GBRF-77"",""author_person_record_id"":""PR-MINA-02"",""campaign_id"":""CAMP-006"",""campaign_post_id"":""POST-0006"",""campaign_template_id"":""tmpl-relief-v4"",""claim_type"":""FAMILIES_HELPED"",""claim_value"":""875"",""content_role"":""CORE_EVIDENCE"",""image_hash"":""img-storm-04"",""platform"":""PAWSTAGRAM"",""published_at"":""2025-01-27T05:00:00Z"",""safe_text"":""Campaign update reports expanding aid deliveries."",""source_system_id"":""SOCIAL_ARCHIVE""}",authoring/relief_campaign_posts.csv#POST-0006,CORE_EVIDENCE,aaa74f9653950d6e0a54174f888ecd6b18bf8163f70bfa42176170853920ba87,2026.07.19.3
BISCUIT_RELIEF,POST-0007,CAMPAIGN_POST,BOXES_DELIVERED,POST-0007,SOCIAL_ARCHIVE,authoring/relief_campaign_posts.csv,POST-0007,2025-01-30T06:00:00Z,,,,POST-0007,"{""ad_account_id"":""AD-GBRF-77"",""author_person_record_id"":""PR-MINA-02"",""campaign_id"":""CAMP-007"",""campaign_post_id"":""POST-0007"",""campaign_template_id"":""tmpl-relief-v4"",""claim_type"":""BOXES_DELIVERED"",""claim_value"":""1000"",""content_role"":""CORE_EVIDENCE"",""image_hash"":""img-boxes-11"",""platform"":""EMAIL_UPDATE"",""published_at"":""2025-01-30T06:00:00Z"",""safe_text"":""Campaign update reports expanding aid deliveries."",""source_system_id"":""SOCIAL_ARCHIVE""}",authoring/relief_campaign_posts.csv#POST-0007,CORE_EVIDENCE,6d123977f9105a57ea1ba034b893b061a179a267d434e3c33c3f661e70c447aa,2026.07.19.3
BISCUIT_RELIEF,POST-0008,CAMPAIGN_POST,EMERGENCY_DEADLINE,POST-0008,SOCIAL_ARCHIVE,authoring/relief_campaign_posts.csv,POST-0008,2025-02-02T07:00:00Z,,,,POST-0008,"{""ad_account_id"":""AD-GBRF-77"",""author_person_record_id"":""PR-MINA-02"",""campaign_id"":""CAMP-008"",""campaign_post_id"":""POST-0008"",""campaign_template_id"":""tmpl-relief-v4"",""claim_type"":""EMERGENCY_DEADLINE"",""claim_value"":"""",""content_role"":""CORE_EVIDENCE"",""image_hash"":""img-volunteer-08"",""platform"":""CAMPAIGN_PAGE"",""published_at"":""2025-02-02T07:00:00Z"",""safe_text"":""Urgent relief appeal claims immediate supplies."",""source_system_id"":""SOCIAL_ARCHIVE""}",authoring/relief_campaign_posts.csv#POST-0008,CORE_EVIDENCE,54da8bc16cbe0cbd8065a40ffaae99895752cbd0ec322d792a81b29a00febe46,2026.07.19.3
BISCUIT_RELIEF,POST-0009,CAMPAIGN_POST,MATCHING_DONATION,POST-0009,SOCIAL_ARCHIVE,authoring/relief_campaign_posts.csv,POST-0009,2025-02-05T08:00:00Z,,,,POST-0009,"{""ad_account_id"":""AD-GBRF-77"",""author_person_record_id"":""PR-MINA-02"",""campaign_id"":""CAMP-009"",""campaign_post_id"":""POST-0009"",""campaign_template_id"":""tmpl-relief-v4"",""claim_type"":""MATCHING_DONATION"",""claim_value"":"""",""content_role"":""CORE_EVIDENCE"",""image_hash"":""img-shelter-05"",""platform"":""BARKBOOK"",""published_at"":""2025-02-05T08:00:00Z"",""safe_text"":""Campaign update reports expanding aid deliveries."",""source_system_id"":""SOCIAL_ARCHIVE""}",authoring/relief_campaign_posts.csv#POST-0009,CORE_EVIDENCE,b11ca8ca738643e3d320fa3cbbfe9aeea2a47314701b97ccf19a2d4c4dd7c2a4,2026.07.19.3
BISCUIT_RELIEF,POST-0010,CAMPAIGN_POST,VOLUNTEER_STORY,POST-0010,SOCIAL_ARCHIVE,authoring/relief_campaign_posts.csv,POST-0010,2025-02-08T09:00:00Z,,,,POST-0010,"{""ad_account_id"":""AD-GBRF-77"",""author_person_record_id"":""PR-MINA-02"",""campaign_id"":""CAMP-010"",""campaign_post_id"":""POST-0010"",""campaign_template_id"":""tmpl-relief-v4"",""claim_type"":""VOLUNTEER_STORY"",""claim_value"":"""",""content_role"":""CORE_EVIDENCE"",""image_hash"":""img-pantry-03"",""platform"":""PAWSTAGRAM"",""published_at"":""2025-02-08T09:00:00Z"",""safe_text"":""Campaign update reports expanding aid deliveries."",""source_system_id"":""SOCIAL_ARCHIVE""}",authoring/relief_campaign_posts.csv#POST-0010,CORE_EVIDENCE,66c76c648254141f168052692a5fcd7637fcd41bc6b830622d77250a0fd27579,2026.07.19.3
BISCUIT_RELIEF,POST-0011,CAMPAIGN_POST,FAMILIES_HELPED,POST-0011,SOCIAL_ARCHIVE,authoring/relief_campaign_posts.csv,POST-0011,2025-02-11T00:00:00Z,,,,POST-0011,"{""ad_account_id"":""AD-GBRF-77"",""author_person_record_id"":""PR-MINA-02"",""campaign_id"":""CAMP-011"",""campaign_post_id"":""POST-0011"",""campaign_template_id"":""tmpl-relief-v4"",""claim_type"":""FAMILIES_HELPED"",""claim_value"":""1500"",""content_role"":""CORE_EVIDENCE"",""image_hash"":""img-storm-04"",""platform"":""EMAIL_UPDATE"",""published_at"":""2025-02-11T00:00:00Z"",""safe_text"":""Campaign update reports expanding aid deliveries."",""source_system_id"":""SOCIAL_ARCHIVE""}",authoring/relief_campaign_posts.csv#POST-0011,CORE_EVIDENCE,95c934b4e568860223f65e7996fb81acb8efe66f7907e0c72c69f6cca223e450,2026.07.19.3
BISCUIT_RELIEF,POST-0012,CAMPAIGN_POST,BOXES_DELIVERED,POST-0012,SOCIAL_ARCHIVE,authoring/relief_campaign_posts.csv,POST-0012,2025-02-14T01:00:00Z,,,,POST-0012,"{""ad_account_id"":""AD-GBRF-77"",""author_person_record_id"":""PR-MINA-02"",""campaign_id"":""CAMP-012"",""campaign_post_id"":""POST-0012"",""campaign_template_id"":""tmpl-relief-v4"",""claim_type"":""BOXES_DELIVERED"",""claim_value"":""1625"",""content_role"":""CORE_EVIDENCE"",""image_hash"":""img-boxes-11"",""platform"":""CAMPAIGN_PAGE"",""published_at"":""2025-02-14T01:00:00Z"",""safe_text"":""Campaign update reports expanding aid deliveries."",""source_system_id"":""SOCIAL_ARCHIVE""}",authoring/relief_campaign_posts.csv#POST-0012,CORE_EVIDENCE,ed25c05314125f648478b9800b9ff77f02b60f31e757f71971d32e18ba6d8d64,2026.07.19.3
BISCUIT_RELIEF,POST-0046,CAMPAIGN_POST,FAMILIES_HELPED,POST-0046,SOCIAL_ARCHIVE,authoring/relief_campaign_posts.csv,POST-0046,2025-05-27T05:00:00Z,,,,POST-0046,"{""ad_account_id"":""AD-GBRF-77"",""author_person_record_id"":""PR-MINA-02"",""campaign_id"":""CAMP-001"",""campaign_post_id"":""POST-0046"",""campaign_template_id"":""tmpl-relief-v4"",""claim_type"":""FAMILIES_HELPED"",""claim_value"":""1375"",""content_role"":""CORE_EVIDENCE"",""image_hash"":""img-storm-04"",""platform"":""PAWSTAGRAM"",""published_at"":""2025-05-27T05:00:00Z"",""safe_text"":""Campaign update reports expanding aid deliveries."",""source_system_id"":""SOCIAL_ARCHIVE""}",authoring/relief_campaign_posts.csv#POST-0046,CORE_EVIDENCE,2536d9f43619a647dd0c50139fa17da5b44516142e9ec9b12b54fd6e56d8379f,2026.07.19.3
BISCUIT_RELIEF,POST-0047,CAMPAIGN_POST,BOXES_DELIVERED,POST-0047,SOCIAL_ARCHIVE,authoring/relief_campaign_posts.csv,POST-0047,2025-05-30T06:00:00Z,,,,POST-0047,"{""ad_account_id"":""AD-GBRF-77"",""author_person_record_id"":""PR-MINA-02"",""campaign_id"":""CAMP-002"",""campaign_post_id"":""POST-0047"",""campaign_template_id"":""tmpl-relief-v4"",""claim_type"":""BOXES_DELIVERED"",""claim_value"":""1500"",""content_role"":""CORE_EVIDENCE"",""image_hash"":""img-boxes-11"",""platform"":""EMAIL_UPDATE"",""published_at"":""2025-05-30T06:00:00Z"",""safe_text"":""Campaign update reports expanding aid deliveries."",""source_system_id"":""SOCIAL_ARCHIVE""}",authoring/relief_campaign_posts.csv#POST-0047,CORE_EVIDENCE,34cd576d3f01c5cf0b86b9875a6d36b5efc9af1aff5cfe78bc4b68a7b4e11749,2026.07.19.3
BISCUIT_RELIEF,POST-0048,CAMPAIGN_POST,EMERGENCY_DEADLINE,POST-0048,SOCIAL_ARCHIVE,authoring/relief_campaign_posts.csv,POST-0048,2025-06-02T07:00:00Z,,,,POST-0048,"{""ad_account_id"":""AD-GBRF-77"",""author_person_record_id"":""PR-MINA-02"",""campaign_id"":""CAMP-003"",""campaign_post_id"":""POST-0048"",""campaign_template_id"":""tmpl-relief-v4"",""claim_type"":""EMERGENCY_DEADLINE"",""claim_value"":"""",""content_role"":""CORE_EVIDENCE"",""image_hash"":""img-volunteer-08"",""platform"":""CAMPAIGN_PAGE"",""published_at"":""2025-06-02T07:00:00Z"",""safe_text"":""Urgent relief appeal claims immediate supplies."",""source_system_id"":""SOCIAL_ARCHIVE""}",authoring/relief_campaign_posts.csv#POST-0048,CORE_EVIDENCE,c2b2c638667299f8dfb0046bff968539993b55b51964f5cedf77be9b62f0e473,2026.07.19.3
BISCUIT_RELIEF,POST-0049,CAMPAIGN_POST,MATCHING_DONATION,POST-0049,SOCIAL_ARCHIVE,authoring/relief_campaign_posts.csv,POST-0049,2025-06-05T08:00:00Z,,,,POST-0049,"{""ad_account_id"":""AD-GBRF-77"",""author_person_record_id"":""PR-MINA-02"",""campaign_id"":""CAMP-004"",""campaign_post_id"":""POST-0049"",""campaign_template_id"":""tmpl-relief-v4"",""claim_type"":""MATCHING_DONATION"",""claim_value"":"""",""content_role"":""CORE_EVIDENCE"",""image_hash"":""img-shelter-05"",""platform"":""BARKBOOK"",""published_at"":""2025-06-05T08:00:00Z"",""safe_text"":""Campaign update reports expanding aid deliveries."",""source_system_id"":""SOCIAL_ARCHIVE""}",authoring/relief_campaign_posts.csv#POST-0049,CORE_EVIDENCE,b0a2c209a443bd1ada9e4a05e15481495aa1f7165f54913e05cc00322b0e59bb,2026.07.19.3
BISCUIT_RELIEF,POST-0050,CAMPAIGN_POST,VOLUNTEER_STORY,POST-0050,SOCIAL_ARCHIVE,authoring/relief_campaign_posts.csv,POST-0050,2025-06-08T09:00:00Z,,,,POST-0050,"{""ad_account_id"":""AD-GBRF-77"",""author_person_record_id"":""PR-MINA-02"",""campaign_id"":""CAMP-005"",""campaign_post_id"":""POST-0050"",""campaign_template_id"":""tmpl-relief-v4"",""claim_type"":""VOLUNTEER_STORY"",""claim_value"":"""",""content_role"":""CORE_EVIDENCE"",""image_hash"":""img-pantry-03"",""platform"":""PAWSTAGRAM"",""published_at"":""2025-06-08T09:00:00Z"",""safe_text"":""Campaign update reports expanding aid deliveries."",""source_system_id"":""SOCIAL_ARCHIVE""}",authoring/relief_campaign_posts.csv#POST-0050,CORE_EVIDENCE,f20ea4274cc4f788684d2bedbad7196a8d8d863f8a5e795f749de246a9fee71c,2026.07.19.3
BISCUIT_RELIEF,CAMP-001,CAMPAIGN,,Gale Nine Emergency Bowls,CAMPAIGN_PLATFORM,authoring/relief_campaigns.csv,CAMP-001,2025-01-10,,,CLOSED,Gale Nine Emergency Bowls,"{""ad_account_id"":""AD-GBRF-77"",""campaign_id"":""CAMP-001"",""campaign_name"":""Gale Nine Emergency Bowls"",""campaign_template_id"":""tmpl-relief-v4"",""campaign_truth_category"":""FRAUDULENT_OR_MISREPRESENTED"",""claimed_aid_value"":""120000.00"",""claimed_families_helped"":""450"",""close_date"":""2025-03-11"",""content_role"":""CORE_EVIDENCE"",""launch_date"":""2025-01-10"",""operator_organization_record_id"":""OR-GBRF-02"",""processor_merchant_id"":""MER-6104"",""source_system_id"":""CAMPAIGN_PLATFORM"",""status"":""CLOSED""}",authoring/relief_campaigns.csv#CAMP-001,CORE_EVIDENCE,b51d0aafa78deba9746c10343b46661cf84730b6f80d778d6f3599a1abfef99e,2026.07.19.3
BISCUIT_RELIEF,CAMP-002,CAMPAIGN,,Harbor Rain Recovery,CAMPAIGN_PLATFORM,authoring/relief_campaigns.csv,CAMP-002,2025-01-18,,,ACTIVE,Harbor Rain Recovery,"{""ad_account_id"":""AD-GBRF-77"",""campaign_id"":""CAMP-002"",""campaign_name"":""Harbor Rain Recovery"",""campaign_template_id"":""tmpl-relief-v4"",""campaign_truth_category"":""FRAUDULENT_OR_MISREPRESENTED"",""claimed_aid_value"":""162000.00"",""claimed_families_helped"":""630"",""close_date"":""2025-04-03"",""content_role"":""CORE_EVIDENCE"",""launch_date"":""2025-01-18"",""operator_organization_record_id"":""OR-GBRF-02"",""processor_merchant_id"":""MER-6104"",""source_system_id"":""CAMPAIGN_PLATFORM"",""status"":""ACTIVE""}",authoring/relief_campaigns.csv#CAMP-002,CORE_EVIDENCE,d5f8b8e43d34217a9a3773c7a1aa3537ddaba95d752ff627b3cc4d16bb670acf,2026.07.19.3
BISCUIT_RELIEF,CAMP-003,CAMPAIGN,,Warm Beds After the Storm,CAMPAIGN_PLATFORM,authoring/relief_campaigns.csv,CAMP-003,2025-01-26,,,ACTIVE,Warm Beds After the Storm,"{""ad_account_id"":""AD-GBRF-77"",""campaign_id"":""CAMP-003"",""campaign_name"":""Warm Beds After the Storm"",""campaign_template_id"":""tmpl-relief-v4"",""campaign_truth_category"":""FRAUDULENT_OR_MISREPRESENTED"",""claimed_aid_value"":""204000.00"",""claimed_families_helped"":""810"",""close_date"":""2025-04-26"",""content_role"":""CORE_EVIDENCE"",""launch_date"":""2025-01-26"",""operator_organization_record_id"":""OR-GBRF-02"",""processor_merchant_id"":""MER-6104"",""source_system_id"":""CAMPAIGN_PLATFORM"",""status"":""ACTIVE""}",authoring/relief_campaigns.csv#CAMP-003,CORE_EVIDENCE,708e121e3233d24fb0b2c81bcc01b8a82469a194ccba3260e87589f1d6023006,2026.07.19.3
BISCUIT_RELIEF,CAMP-004,CAMPAIGN,,Bridge District Biscuit Drive,CAMPAIGN_PLATFORM,authoring/relief_campaigns.csv,CAMP-004,2025-02-03,,,ACTIVE,Bridge District Biscuit Drive,"{""ad_account_id"":""AD-GBRF-77"",""campaign_id"":""CAMP-004"",""campaign_name"":""Bridge District Biscuit Drive"",""campaign_template_id"":""tmpl-relief-v4"",""campaign_truth_category"":""FRAUDULENT_OR_MISREPRESENTED"",""claimed_aid_value"":""246000.00"",""claimed_families_helped"":""990"",""close_date"":""2025-05-19"",""content_role"":""CORE_EVIDENCE"",""launch_date"":""2025-02-03"",""operator_organization_record_id"":""OR-GBRF-02"",""processor_merchant_id"":""MER-6104"",""source_system_id"":""CAMPAIGN_PLATFORM"",""status"":""ACTIVE""}",authoring/relief_campaigns.csv#CAMP-004,CORE_EVIDENCE,a29d894c56e1815f1b2867155f25165f7eea2036c1853742153b37750979b538,2026.07.19.3
BISCUIT_RELIEF,CAMP-005,CAMPAIGN,,Lantern Quay Family Relief,CAMPAIGN_PLATFORM,authoring/relief_campaigns.csv,CAMP-005,2025-02-11,,,ACTIVE,Lantern Quay Family Relief,"{""ad_account_id"":""AD-GBRF-77"",""campaign_id"":""CAMP-005"",""campaign_name"":""Lantern Quay Family Relief"",""campaign_template_id"":""tmpl-relief-v4"",""campaign_truth_category"":""FRAUDULENT_OR_MISREPRESENTED"",""claimed_aid_value"":""288000.00"",""claimed_families_helped"":""1170"",""close_date"":""2025-04-12"",""content_role"":""CORE_EVIDENCE"",""launch_date"":""2025-02-11"",""operator_organization_record_id"":""OR-GBRF-02"",""processor_merchant_id"":""MER-6104"",""source_system_id"":""CAMPAIGN_PLATFORM"",""status"":""ACTIVE""}",authoring/relief_campaigns.csv#CAMP-005,CORE_EVIDENCE,c75b2679eaec62768a891fc87254dbf8a982e4e1bdc7d88a29263611821fa0fe,2026.07.19.3
BISCUIT_RELIEF,CAMP-006,CAMPAIGN,,Winter Kennel Recovery,CAMPAIGN_PLATFORM,authoring/relief_campaigns.csv,CAMP-006,2025-02-19,,,CLOSED,Winter Kennel Recovery,"{""ad_account_id"":""AD-GBRF-77"",""campaign_id"":""CAMP-006"",""campaign_name"":""Winter Kennel Recovery"",""campaign_template_id"":""tmpl-relief-v4"",""campaign_truth_category"":""FRAUDULENT_OR_MISREPRESENTED"",""claimed_aid_value"":""330000.00"",""claimed_families_helped"":""1350"",""close_date"":""2025-05-05"",""content_role"":""CORE_EVIDENCE"",""launch_date"":""2025-02-19"",""operator_organization_record_id"":""OR-GBRF-02"",""processor_merchant_id"":""MER-6104"",""source_system_id"":""CAMPAIGN_PLATFORM"",""status"":""CLOSED""}",authoring/relief_campaigns.csv#CAMP-006,CORE_EVIDENCE,13a576c4684d48f900e1521e9ff922aaf29ccb60fd8c751942d2e67041826dbb,2026.07.19.3
BISCUIT_RELIEF,CAMP-007,CAMPAIGN,,Rapid Roof Repair Appeal,CAMPAIGN_PLATFORM,authoring/relief_campaigns.csv,CAMP-007,2025-02-27,,,ACTIVE,Rapid Roof Repair Appeal,"{""ad_account_id"":""AD-GBRF-77"",""campaign_id"":""CAMP-007"",""campaign_name"":""Rapid Roof Repair Appeal"",""campaign_template_id"":""tmpl-relief-v4"",""campaign_truth_category"":""FRAUDULENT_OR_MISREPRESENTED"",""claimed_aid_value"":""372000.00"",""claimed_families_helped"":""1530"",""close_date"":""2025-05-28"",""content_role"":""CORE_EVIDENCE"",""launch_date"":""2025-02-27"",""operator_organization_record_id"":""OR-GBRF-02"",""processor_merchant_id"":""MER-6104"",""source_system_id"":""CAMPAIGN_PLATFORM"",""status"":""ACTIVE""}",authoring/relief_campaigns.csv#CAMP-007,CORE_EVIDENCE,b198db486844d6d5b87124f8e7e2f018c844038b74ea4d47bc03f5ed2fa28509,2026.07.19.3
BISCUIT_RELIEF,CAMP-008,CAMPAIGN,,Community Pantry Refill,CAMPAIGN_PLATFORM,authoring/relief_campaigns.csv,CAMP-008,2025-03-07,,,ACTIVE,Community Pantry Refill,"{""ad_account_id"":""AD-GBRF-77"",""campaign_id"":""CAMP-008"",""campaign_name"":""Community Pantry Refill"",""campaign_template_id"":""tmpl-relief-v4"",""campaign_truth_category"":""FRAUDULENT_OR_MISREPRESENTED"",""claimed_aid_value"":""414000.00"",""claimed_families_helped"":""1710"",""close_date"":""2025-06-20"",""content_role"":""CORE_EVIDENCE"",""launch_date"":""2025-03-07"",""operator_organization_record_id"":""OR-GBRF-02"",""processor_merchant_id"":""MER-6104"",""source_system_id"":""CAMPAIGN_PLATFORM"",""status"":""ACTIVE""}",authoring/relief_campaigns.csv#CAMP-008,CORE_EVIDENCE,fdb7531f42d53b55b5a7be32a68916bbc056a14df7beb3c276580bb763a4ed11,2026.07.19.3
BISCUIT_RELIEF,CAMP-009,CAMPAIGN,,Emergency Medicine Crates,CAMPAIGN_PLATFORM,authoring/relief_campaigns.csv,CAMP-009,2025-03-15,,,ACTIVE,Emergency Medicine Crates,"{""ad_account_id"":""AD-GBRF-77"",""campaign_id"":""CAMP-009"",""campaign_name"":""Emergency Medicine Crates"",""campaign_template_id"":""tmpl-relief-v4"",""campaign_truth_category"":""FRAUDULENT_OR_MISREPRESENTED"",""claimed_aid_value"":""135000.00"",""claimed_families_helped"":""1890"",""close_date"":""2025-05-14"",""content_role"":""CORE_EVIDENCE"",""launch_date"":""2025-03-15"",""operator_organization_record_id"":""OR-GBRF-02"",""processor_merchant_id"":""MER-6104"",""source_system_id"":""CAMPAIGN_PLATFORM"",""status"":""ACTIVE""}",authoring/relief_campaigns.csv#CAMP-009,CORE_EVIDENCE,eedd00ae7f19dfbfa7f73af1ac908f57b66b35c654c269fa239da64ca919cdb1,2026.07.19.3
BISCUIT_RELIEF,CAMP-010,CAMPAIGN,,Volunteer Transport Fund,CAMPAIGN_PLATFORM,authoring/relief_campaigns.csv,CAMP-010,2025-03-23,,,ACTIVE,Volunteer Transport Fund,"{""ad_account_id"":""AD-GBRF-77"",""campaign_id"":""CAMP-010"",""campaign_name"":""Volunteer Transport Fund"",""campaign_template_id"":""tmpl-relief-v4"",""campaign_truth_category"":""FRAUDULENT_OR_MISREPRESENTED"",""claimed_aid_value"":""177000.00"",""claimed_families_helped"":""450"",""close_date"":""2025-06-06"",""content_role"":""CORE_EVIDENCE"",""launch_date"":""2025-03-23"",""operator_organization_record_id"":""OR-GBRF-02"",""processor_merchant_id"":""MER-6104"",""source_system_id"":""CAMPAIGN_PLATFORM"",""status"":""ACTIVE""}",authoring/relief_campaigns.csv#CAMP-010,CORE_EVIDENCE,bfaf5d57374d93eaf0155ab73db9d88e4be0914585b55f1dd866ce25c3f5707e,2026.07.19.3
BISCUIT_RELIEF,CAMP-011,CAMPAIGN,,Temporary Shelter Kits,CAMPAIGN_PLATFORM,authoring/relief_campaigns.csv,CAMP-011,2025-03-31,,,CLOSED,Temporary Shelter Kits,"{""ad_account_id"":""AD-GBRF-77"",""campaign_id"":""CAMP-011"",""campaign_name"":""Temporary Shelter Kits"",""campaign_template_id"":""tmpl-relief-v4"",""campaign_truth_category"":""FRAUDULENT_OR_MISREPRESENTED"",""claimed_aid_value"":""219000.00"",""claimed_families_helped"":""630"",""close_date"":""2025-06-29"",""content_role"":""CORE_EVIDENCE"",""launch_date"":""2025-03-31"",""operator_organization_record_id"":""OR-GBRF-02"",""processor_merchant_id"":""MER-6104"",""source_system_id"":""CAMPAIGN_PLATFORM"",""status"":""CLOSED""}",authoring/relief_campaigns.csv#CAMP-011,CORE_EVIDENCE,1a640082723339c9345be5113a5d5c2f269f4d8670914a5c30d0d3dc4516a46c,2026.07.19.3
BISCUIT_RELIEF,CAMP-012,CAMPAIGN,,School Meal Recovery,CAMPAIGN_PLATFORM,authoring/relief_campaigns.csv,CAMP-012,2025-04-08,,,ACTIVE,School Meal Recovery,"{""ad_account_id"":""AD-GBRF-77"",""campaign_id"":""CAMP-012"",""campaign_name"":""School Meal Recovery"",""campaign_template_id"":""tmpl-relief-v4"",""campaign_truth_category"":""FRAUDULENT_OR_MISREPRESENTED"",""claimed_aid_value"":""261000.00"",""claimed_families_helped"":""810"",""close_date"":""2025-07-22"",""content_role"":""CORE_EVIDENCE"",""launch_date"":""2025-04-08"",""operator_organization_record_id"":""OR-GBRF-02"",""processor_merchant_id"":""MER-6104"",""source_system_id"":""CAMPAIGN_PLATFORM"",""status"":""ACTIVE""}",authoring/relief_campaigns.csv#CAMP-012,CORE_EVIDENCE,14eeff145786a5ac768c91e458508002bf367c02bdec632f70a7d0ffe4e6a6f0,2026.07.19.3
BISCUIT_RELIEF,COM-001,COMMUNICATION,EMAIL,Payout allocation,EMAIL,authoring/relief_communications.csv,COM-001,2025-02-09T10:00:00Z,,,,Keep beneficiary transfers small enough to preserve the campaign image. Route the larger invoices through Gilded and Red Roof.,"{""attachment_document_ids"":"""",""communication_id"":""COM-001"",""communication_type"":""EMAIL"",""content_role"":""CORE_EVIDENCE"",""recipient_record_ids"":""PR-FELIX-03"",""safe_body"":""Keep beneficiary transfers small enough to preserve the campaign image. Route the larger invoices through Gilded and Red Roof."",""sender_record_id"":""PR-ARLO-03"",""sent_at"":""2025-02-09T10:00:00Z"",""source_system_id"":""EMAIL"",""subject"":""Payout allocation"",""thread_id"":""THREAD-001""}",authoring/relief_communications.csv#COM-001,CORE_EVIDENCE,b89f51e5312f9cc8cdf4980d81ee39726e9882013cc2bb070dc06ace56d26f23,2026.07.19.3
BISCUIT_RELIEF,COM-002,COMMUNICATION,EMAIL,Settlement batch,EMAIL,authoring/relief_communications.csv,COM-002,2025-02-17T11:00:00Z,,,,The processor settlement is in account 6401. I can release the media and logistics invoices before the beneficiary requests.,"{""attachment_document_ids"":"""",""communication_id"":""COM-002"",""communication_type"":""EMAIL"",""content_role"":""CORE_EVIDENCE"",""recipient_record_ids"":""PR-ARLO-03"",""safe_body"":""The processor settlement is in account 6401. I can release the media and logistics invoices before the beneficiary requests."",""sender_record_id"":""PR-FELIX-03"",""sent_at"":""2025-02-17T11:00:00Z"",""source_system_id"":""EMAIL"",""subject"":""Settlement batch"",""thread_id"":""THREAD-001""}",authoring/relief_communications.csv#COM-002,CORE_EVIDENCE,bacd46c2d050daa98f426496b866fd9720698e401d08bf65cb894e2dd560c92d,2026.07.19.3
BISCUIT_RELIEF,COM-003,COMMUNICATION,EMAIL,Families-helped count,EMAIL,authoring/relief_communications.csv,COM-003,2025-02-25T12:00:00Z,,,,"The current page claims 1,800 families. Verified distribution logs support fewer than 240.","{""attachment_document_ids"":"""",""communication_id"":""COM-003"",""communication_type"":""EMAIL"",""content_role"":""CORE_EVIDENCE"",""recipient_record_ids"":""PR-ARLO-03"",""safe_body"":""The current page claims 1,800 families. Verified distribution logs support fewer than 240."",""sender_record_id"":""PR-MINA-03"",""sent_at"":""2025-02-25T12:00:00Z"",""source_system_id"":""EMAIL"",""subject"":""Families-helped count"",""thread_id"":""THREAD-002""}",authoring/relief_communications.csv#COM-003,CORE_EVIDENCE,0e715308fdd762747157d5cc4de2118411356a3eb862f27d12120f7e6cece74c,2026.07.19.3
BISCUIT_RELIEF,COM-004,COMMUNICATION,EMAIL,Re: Families-helped count,EMAIL,authoring/relief_communications.csv,COM-004,2025-03-05T13:00:00Z,,,,Keep the larger number. The appeal needs momentum before the storm leaves the news cycle.,"{""attachment_document_ids"":"""",""communication_id"":""COM-004"",""communication_type"":""EMAIL"",""content_role"":""CORE_EVIDENCE"",""recipient_record_ids"":""PR-MINA-03"",""safe_body"":""Keep the larger number. The appeal needs momentum before the storm leaves the news cycle."",""sender_record_id"":""PR-ARLO-03"",""sent_at"":""2025-03-05T13:00:00Z"",""source_system_id"":""EMAIL"",""subject"":""Re: Families-helped count"",""thread_id"":""THREAD-002""}",authoring/relief_communications.csv#COM-004,CORE_EVIDENCE,2acda64cac52a90e30fc8b3884503110f6f7daee4066c77d94bd978f80c849db,2026.07.19.3
BISCUIT_RELIEF,COM-005,COMMUNICATION,EMAIL,Warehouse photographs,EMAIL,authoring/relief_communications.csv,COM-005,2025-03-13T09:00:00Z,,,,Please do not describe the stacked empty cartons as delivered relief. The boxes have not left the warehouse.,"{""attachment_document_ids"":"""",""communication_id"":""COM-005"",""communication_type"":""EMAIL"",""content_role"":""EXCULPATORY_EVIDENCE"",""recipient_record_ids"":""PR-MINA-03"",""safe_body"":""Please do not describe the stacked empty cartons as delivered relief. The boxes have not left the warehouse."",""sender_record_id"":""PR-VIOLET-02"",""sent_at"":""2025-03-13T09:00:00Z"",""source_system_id"":""EMAIL"",""subject"":""Warehouse photographs"",""thread_id"":""THREAD-003""}",authoring/relief_communications.csv#COM-005,EXCULPATORY_EVIDENCE,e31b6c211a4cd390f9cef78ff160b59a580dfc4ca0e1767f22bb7a3b12fd8ad0,2026.07.19.3
BISCUIT_RELIEF,COM-006,COMMUNICATION,EMAIL,Re: Warehouse photographs,EMAIL,authoring/relief_communications.csv,COM-006,2025-03-21T10:00:00Z,,,,Thanks. Campaign editorial will handle the captions.,"{""attachment_document_ids"":"""",""communication_id"":""COM-006"",""communication_type"":""EMAIL"",""content_role"":""SUPPORTING_EVIDENCE"",""recipient_record_ids"":""PR-VIOLET-02"",""safe_body"":""Thanks. Campaign editorial will handle the captions."",""sender_record_id"":""PR-MINA-03"",""sent_at"":""2025-03-21T10:00:00Z"",""source_system_id"":""EMAIL"",""subject"":""Re: Warehouse photographs"",""thread_id"":""THREAD-003""}",authoring/relief_communications.csv#COM-006,SUPPORTING_EVIDENCE,dc15811c07a3c1e42fbbddb52afd822141b5fdf54ec847351b13ed8d14eccad1,2026.07.19.3
BISCUIT_RELIEF,COM-007,COMMUNICATION,EMAIL,My reposts,EMAIL,authoring/relief_communications.csv,COM-007,2025-03-29T11:00:00Z,,,,I shared the appeal because I believed the supplies were already moving. I also donated my own savings.,"{""attachment_document_ids"":"""",""communication_id"":""COM-007"",""communication_type"":""EMAIL"",""content_role"":""EXCULPATORY_EVIDENCE"",""recipient_record_ids"":""PR-VIOLET-02"",""safe_body"":""I shared the appeal because I believed the supplies were already moving. I also donated my own savings."",""sender_record_id"":""PR-HOPE-01"",""sent_at"":""2025-03-29T11:00:00Z"",""source_system_id"":""EMAIL"",""subject"":""My reposts"",""thread_id"":""THREAD-004""}",authoring/relief_communications.csv#COM-007,EXCULPATORY_EVIDENCE,660bef0632c00edd02603810a076614a84ba35b963d293c454021408ae12d58d,2026.07.19.3
BISCUIT_RELIEF,COM-008,COMMUNICATION,EMAIL,Outstanding grant,EMAIL,authoring/relief_communications.csv,COM-008,2025-04-06T12:00:00Z,,,,"Pawbridge requested 78,000 BSC. We received 12,500 and still have families waiting.","{""attachment_document_ids"":"""",""communication_id"":""COM-008"",""communication_type"":""EMAIL"",""content_role"":""CORE_EVIDENCE"",""recipient_record_ids"":""PR-FELIX-03"",""safe_body"":""Pawbridge requested 78,000 BSC. We received 12,500 and still have families waiting."",""sender_record_id"":""PR-BENNY-02"",""sent_at"":""2025-04-06T12:00:00Z"",""source_system_id"":""EMAIL"",""subject"":""Outstanding grant"",""thread_id"":""THREAD-004""}",authoring/relief_communications.csv#COM-008,CORE_EVIDENCE,c72b1a6cc66441d3ea203150fccb42e329c354a0bc00aeb47e1228dddd22677c,2026.07.19.3
BISCUIT_RELIEF,COM-009,COMMUNICATION,EMAIL,Re: Outstanding grant,EMAIL,authoring/relief_communications.csv,COM-009,2025-04-14T13:00:00Z,,,,Additional funds are under administrative review. Please continue using the campaign logo.,"{""attachment_document_ids"":"""",""communication_id"":""COM-009"",""communication_type"":""EMAIL"",""content_role"":""CORE_EVIDENCE"",""recipient_record_ids"":""PR-BENNY-02"",""safe_body"":""Additional funds are under administrative review. Please continue using the campaign logo."",""sender_record_id"":""PR-FELIX-03"",""sent_at"":""2025-04-14T13:00:00Z"",""source_system_id"":""EMAIL"",""subject"":""Re: Outstanding grant"",""thread_id"":""THREAD-005""}",authoring/relief_communications.csv#COM-009,CORE_EVIDENCE,28c1734d459f329bc36d72c86afd84aa0ad79556d96671763f810db780cf59ec,2026.07.19.3
BISCUIT_RELIEF,COM-010,COMMUNICATION,EMAIL,Merchant review,EMAIL,authoring/relief_communications.csv,COM-010,2025-04-22T09:00:00Z,,,,Please provide beneficiary contracts and evidence supporting the advertised distribution totals.,"{""attachment_document_ids"":"""",""communication_id"":""COM-010"",""communication_type"":""EMAIL"",""content_role"":""SUPPORTING_EVIDENCE"",""recipient_record_ids"":""PR-ARLO-03"",""safe_body"":""Please provide beneficiary contracts and evidence supporting the advertised distribution totals."",""sender_record_id"":""PR-PRIYA-02"",""sent_at"":""2025-04-22T09:00:00Z"",""source_system_id"":""EMAIL"",""subject"":""Merchant review"",""thread_id"":""THREAD-005""}",authoring/relief_communications.csv#COM-010,SUPPORTING_EVIDENCE,96f153d9284de74715bad32a692482902e290cd8d9ba23f8dbae52a4e0c05c47,2026.07.19.3
BISCUIT_RELIEF,COM-011,COMMUNICATION,EMAIL,Re: Merchant review,EMAIL,authoring/relief_communications.csv,COM-011,2025-04-30T10:00:00Z,,,,The emergency nature of the campaign makes ordinary documentation difficult. Delays would harm beneficiaries.,"{""attachment_document_ids"":"""",""communication_id"":""COM-011"",""communication_type"":""EMAIL"",""content_role"":""CORE_EVIDENCE"",""recipient_record_ids"":""PR-PRIYA-02"",""safe_body"":""The emergency nature of the campaign makes ordinary documentation difficult. Delays would harm beneficiaries."",""sender_record_id"":""PR-ARLO-03"",""sent_at"":""2025-04-30T10:00:00Z"",""source_system_id"":""EMAIL"",""subject"":""Re: Merchant review"",""thread_id"":""THREAD-006""}",authoring/relief_communications.csv#COM-011,CORE_EVIDENCE,7c9cc33f70c2bb24a40cbff456fc53eeeb744bfd3d057c6bc21dc6c7d634f0d4,2026.07.19.3
BISCUIT_RELIEF,COM-012,COMMUNICATION,EMAIL,Clear Carton delivery,EMAIL,authoring/relief_communications.csv,COM-012,2025-05-08T11:00:00Z,,,,Our invoice covers 42 verified cartons only. We did not perform the larger deliveries shown in the campaign posts.,"{""attachment_document_ids"":"""",""communication_id"":""COM-012"",""communication_type"":""EMAIL"",""content_role"":""EXCULPATORY_EVIDENCE"",""recipient_record_ids"":""PR-VIOLET-02"",""safe_body"":""Our invoice covers 42 verified cartons only. We did not perform the larger deliveries shown in the campaign posts."",""sender_record_id"":""PR-COLIN-02"",""sent_at"":""2025-05-08T11:00:00Z"",""source_system_id"":""EMAIL"",""subject"":""Clear Carton delivery"",""thread_id"":""THREAD-006""}",authoring/relief_communications.csv#COM-012,EXCULPATORY_EVIDENCE,dc2b65e00f2596a5767f69c26aa9d715da8ed38e16f2ef426c02b600cb8b1708,2026.07.19.3
BISCUIT_RELIEF,COM-013,COMMUNICATION,EMAIL,Donation totals,EMAIL,authoring/relief_communications.csv,COM-013,2025-05-16T12:00:00Z,,,,Campaign pages report millions distributed. Can your organization confirm what it actually received?,"{""attachment_document_ids"":"""",""communication_id"":""COM-013"",""communication_type"":""EMAIL"",""content_role"":""SUPPORTING_EVIDENCE"",""recipient_record_ids"":""PR-BENNY-02"",""safe_body"":""Campaign pages report millions distributed. Can your organization confirm what it actually received?"",""sender_record_id"":""PR-ADA-02"",""sent_at"":""2025-05-16T12:00:00Z"",""source_system_id"":""EMAIL"",""subject"":""Donation totals"",""thread_id"":""THREAD-007""}",authoring/relief_communications.csv#COM-013,SUPPORTING_EVIDENCE,86f69884df370ca7bb9867227242df15225285e4ab5a92a5c9e12d96ef121bdd,2026.07.19.3
BISCUIT_RELIEF,COM-014,COMMUNICATION,EMAIL,Re: Donation totals,EMAIL,authoring/relief_communications.csv,COM-014,2025-05-24T13:00:00Z,,,,We can confirm only the transfers in our beneficiary ledger and a small number of verified boxes.,"{""attachment_document_ids"":"""",""communication_id"":""COM-014"",""communication_type"":""EMAIL"",""content_role"":""CORE_EVIDENCE"",""recipient_record_ids"":""PR-ADA-02"",""safe_body"":""We can confirm only the transfers in our beneficiary ledger and a small number of verified boxes."",""sender_record_id"":""PR-BENNY-02"",""sent_at"":""2025-05-24T13:00:00Z"",""source_system_id"":""EMAIL"",""subject"":""Re: Donation totals"",""thread_id"":""THREAD-007""}",authoring/relief_communications.csv#COM-014,CORE_EVIDENCE,ea6fe07526848622e2f3f754b2a27a0a653c25a64b9d197b167927baee040337,2026.07.19.3
BISCUIT_RELIEF,COM-015,COMMUNICATION,EMAIL,Invoice descriptions,EMAIL,authoring/relief_communications.csv,COM-015,2025-06-01T09:00:00Z,,,,Use broad language such as outreach and emergency logistics. Do not list individual deliveries.,"{""attachment_document_ids"":"""",""communication_id"":""COM-015"",""communication_type"":""EMAIL"",""content_role"":""CORE_EVIDENCE"",""recipient_record_ids"":""PR-MINA-03"",""safe_body"":""Use broad language such as outreach and emergency logistics. Do not list individual deliveries."",""sender_record_id"":""PR-FELIX-03"",""sent_at"":""2025-06-01T09:00:00Z"",""source_system_id"":""EMAIL"",""subject"":""Invoice descriptions"",""thread_id"":""THREAD-008""}",authoring/relief_communications.csv#COM-015,CORE_EVIDENCE,87afcd235059cd20db101b8a49bd77f6d725e534d6ce098b2389f6486347a58d,2026.07.19.3
BISCUIT_RELIEF,COM-016,COMMUNICATION,EMAIL,Re: Invoice descriptions,EMAIL,authoring/relief_communications.csv,COM-016,2025-06-09T10:00:00Z,,,,Understood. The same image set and relief template will be used for the next appeal.,"{""attachment_document_ids"":"""",""communication_id"":""COM-016"",""communication_type"":""EMAIL"",""content_role"":""CORE_EVIDENCE"",""recipient_record_ids"":""PR-FELIX-03"",""safe_body"":""Understood. The same image set and relief template will be used for the next appeal."",""sender_record_id"":""PR-MINA-03"",""sent_at"":""2025-06-09T10:00:00Z"",""source_system_id"":""EMAIL"",""subject"":""Re: Invoice descriptions"",""thread_id"":""THREAD-008""}",authoring/relief_communications.csv#COM-016,CORE_EVIDENCE,d8326c97f42c9899804f307b422e989bd4fa4949fdce5af41474f477538e2863,2026.07.19.3
BISCUIT_RELIEF,COM-017,COMMUNICATION,EMAIL,Volunteer access,EMAIL,authoring/relief_communications.csv,COM-017,2025-06-17T11:00:00Z,,,,The co-working Wi-Fi and campaign tablet are shared by volunteers. That log does not identify who changed the page.,"{""attachment_document_ids"":"""",""communication_id"":""COM-017"",""communication_type"":""EMAIL"",""content_role"":""EXCULPATORY_EVIDENCE"",""recipient_record_ids"":""PR-HOPE-01"",""safe_body"":""The co-working Wi-Fi and campaign tablet are shared by volunteers. That log does not identify who changed the page."",""sender_record_id"":""PR-VIOLET-02"",""sent_at"":""2025-06-17T11:00:00Z"",""source_system_id"":""EMAIL"",""subject"":""Volunteer access"",""thread_id"":""THREAD-009""}",authoring/relief_communications.csv#COM-017,EXCULPATORY_EVIDENCE,862f02c756bab77fa9efe8167e433213e862794fde29acadc983533b96294cc9,2026.07.19.3
BISCUIT_RELIEF,COM-018,COMMUNICATION,EMAIL,Complaint,EMAIL,authoring/relief_communications.csv,COM-018,2025-06-25T12:00:00Z,,,,I never received a fee or commission. I want to know where my donation and my friends donations went.,"{""attachment_document_ids"":"""",""communication_id"":""COM-018"",""communication_type"":""EMAIL"",""content_role"":""EXCULPATORY_EVIDENCE"",""recipient_record_ids"":""PR-ADA-02"",""safe_body"":""I never received a fee or commission. I want to know where my donation and my friends donations went."",""sender_record_id"":""PR-HOPE-01"",""sent_at"":""2025-06-25T12:00:00Z"",""source_system_id"":""EMAIL"",""subject"":""Complaint"",""thread_id"":""THREAD-009""}",authoring/relief_communications.csv#COM-018,EXCULPATORY_EVIDENCE,e4553cc23f8d62fbf64445f3fd745d0a9f4c533802b3351346fe0f43a976a293,2026.07.19.3
BISCUIT_RELIEF,COM-019,COMMUNICATION,EMAIL,Refund request,EMAIL,authoring/relief_communications.csv,COM-019,2025-04-18T10:00:00Z,,,,Volunteers are assigned to packing and verification; they do not approve payments.,"{""attachment_document_ids"":"""",""communication_id"":""COM-019"",""communication_type"":""EMAIL"",""content_role"":""BACKGROUND"",""recipient_record_ids"":""PR-MINA-03"",""safe_body"":""Volunteers are assigned to packing and verification; they do not approve payments."",""sender_record_id"":""PR-PRIYA-02"",""sent_at"":""2025-04-18T10:00:00Z"",""source_system_id"":""EMAIL"",""subject"":""Refund request"",""thread_id"":""THREAD-007""}",authoring/relief_communications.csv#COM-019,BACKGROUND,3ba70eb200aa654d1a8d3ec26ba17169ffe60b896bad816cfe8b9109801fd65b,2026.07.19.3
BISCUIT_RELIEF,COM-020,COMMUNICATION,INTERNAL_NOTE,Warehouse inventory,EMAIL,authoring/relief_communications.csv,COM-020,2025-04-22T11:00:00Z,,,,A donation receipt confirms payment but not ultimate beneficiary use.,"{""attachment_document_ids"":"""",""communication_id"":""COM-020"",""communication_type"":""INTERNAL_NOTE"",""content_role"":""BACKGROUND"",""recipient_record_ids"":""PR-HOPE-01"",""safe_body"":""A donation receipt confirms payment but not ultimate beneficiary use."",""sender_record_id"":""PR-COLIN-02"",""sent_at"":""2025-04-22T11:00:00Z"",""source_system_id"":""EMAIL"",""subject"":""Warehouse inventory"",""thread_id"":""THREAD-007""}",authoring/relief_communications.csv#COM-020,BACKGROUND,acd24b124a8f314e29c78177be0385f0bd8558f215dbd74701f8294374dd4b44,2026.07.19.3
BISCUIT_RELIEF,COM-021,COMMUNICATION,EMAIL,Community event,EMAIL,authoring/relief_communications.csv,COM-021,2025-04-26T12:00:00Z,,,,The processor asked for source documentation and merchant-purpose clarification.,"{""attachment_document_ids"":""DOC-022"",""communication_id"":""COM-021"",""communication_type"":""EMAIL"",""content_role"":""BACKGROUND"",""recipient_record_ids"":""PR-ARLO-03"",""safe_body"":""The processor asked for source documentation and merchant-purpose clarification."",""sender_record_id"":""PR-ADA-02"",""sent_at"":""2025-04-26T12:00:00Z"",""source_system_id"":""EMAIL"",""subject"":""Community event"",""thread_id"":""THREAD-007""}",authoring/relief_communications.csv#COM-021,BACKGROUND,037b99f39172dc320db55021fbfbb6476eb9b458fa2856f1e42981e667c5cc30,2026.07.19.3
BISCUIT_RELIEF,COM-022,COMMUNICATION,EMAIL,Beneficiary request,EMAIL,authoring/relief_communications.csv,COM-022,2025-04-30T13:00:00Z,,,,An old address remained in the platform export after a move.,"{""attachment_document_ids"":"""",""communication_id"":""COM-022"",""communication_type"":""EMAIL"",""content_role"":""BACKGROUND"",""recipient_record_ids"":""PR-VIOLET-02"",""safe_body"":""An old address remained in the platform export after a move."",""sender_record_id"":""PR-MINA-03"",""sent_at"":""2025-04-30T13:00:00Z"",""source_system_id"":""EMAIL"",""subject"":""Beneficiary request"",""thread_id"":""THREAD-008""}",authoring/relief_communications.csv#COM-022,BACKGROUND,335cca0c5f654d4543bbc2ac7e47ca641735453ea8f8f8f077bd08937ee35971,2026.07.19.3
BISCUIT_RELIEF,COM-023,COMMUNICATION,EMAIL,Repost network,EMAIL,authoring/relief_communications.csv,COM-023,2025-05-04T14:00:00Z,,,,The advertisement used the standard relief template and a previously approved image.,"{""attachment_document_ids"":"""",""communication_id"":""COM-023"",""communication_type"":""EMAIL"",""content_role"":""BACKGROUND"",""recipient_record_ids"":""PR-PRIYA-02"",""safe_body"":""The advertisement used the standard relief template and a previously approved image."",""sender_record_id"":""PR-FELIX-03"",""sent_at"":""2025-05-04T14:00:00Z"",""source_system_id"":""EMAIL"",""subject"":""Repost network"",""thread_id"":""THREAD-008""}",authoring/relief_communications.csv#COM-023,BACKGROUND,55d015d0e43537bda526a432706aac62debe44161e9b3410f469747411997da3,2026.07.19.3
BISCUIT_RELIEF,COM-024,COMMUNICATION,EMAIL,Campaign update,EMAIL,authoring/relief_communications.csv,COM-024,2025-05-08T15:00:00Z,,,,The campaign page reports more activity than the attached beneficiary ledger.,"{""attachment_document_ids"":"""",""communication_id"":""COM-024"",""communication_type"":""EMAIL"",""content_role"":""BACKGROUND"",""recipient_record_ids"":""PR-FELIX-03"",""safe_body"":""The campaign page reports more activity than the attached beneficiary ledger."",""sender_record_id"":""PR-VIOLET-02"",""sent_at"":""2025-05-08T15:00:00Z"",""source_system_id"":""EMAIL"",""subject"":""Campaign update"",""thread_id"":""THREAD-008""}",authoring/relief_communications.csv#COM-024,BACKGROUND,0f7d16c22f5dc200487a01aaeaa75f4445497564533484d8a926032ac69a0143,2026.07.19.3
BISCUIT_RELIEF,COM-025,COMMUNICATION,INTERNAL_NOTE,Ad performance,EMAIL,authoring/relief_communications.csv,COM-025,2025-05-12T16:00:00Z,,,,"The repost network includes unpaid volunteers, donors and community organizations.","{""attachment_document_ids"":"""",""communication_id"":""COM-025"",""communication_type"":""INTERNAL_NOTE"",""content_role"":""BACKGROUND"",""recipient_record_ids"":""PR-BENNY-02"",""safe_body"":""The repost network includes unpaid volunteers, donors and community organizations."",""sender_record_id"":""PR-HOPE-01"",""sent_at"":""2025-05-12T16:00:00Z"",""source_system_id"":""EMAIL"",""subject"":""Ad performance"",""thread_id"":""THREAD-009""}",authoring/relief_communications.csv#COM-025,BACKGROUND,8a6953fd0c731f1a651d6559c6e0567d7481dda47ea69e856bafacf6f3603f42,2026.07.19.3
BISCUIT_RELIEF,COM-026,COMMUNICATION,EMAIL,Address correction,EMAIL,authoring/relief_communications.csv,COM-026,2025-05-16T17:00:00Z,,,,The beneficiary requested additional funds and supplied current capacity figures.,"{""attachment_document_ids"":"""",""communication_id"":""COM-026"",""communication_type"":""EMAIL"",""content_role"":""BACKGROUND"",""recipient_record_ids"":""PR-MINA-03"",""safe_body"":""The beneficiary requested additional funds and supplied current capacity figures."",""sender_record_id"":""PR-BENNY-02"",""sent_at"":""2025-05-16T17:00:00Z"",""source_system_id"":""EMAIL"",""subject"":""Address correction"",""thread_id"":""THREAD-009""}",authoring/relief_communications.csv#COM-026,BACKGROUND,fea52782887e24c70db99903ad0804a07d4afac3ffe0ee23e51ea04a9e97adff,2026.07.19.3
BISCUIT_RELIEF,COM-027,COMMUNICATION,EMAIL,Processor question,EMAIL,authoring/relief_communications.csv,COM-027,2025-05-20T09:00:00Z,,,,The community event was legitimate and independently documented.,"{""attachment_document_ids"":"""",""communication_id"":""COM-027"",""communication_type"":""EMAIL"",""content_role"":""BACKGROUND"",""recipient_record_ids"":""PR-HOPE-01"",""safe_body"":""The community event was legitimate and independently documented."",""sender_record_id"":""PR-PRIYA-02"",""sent_at"":""2025-05-20T09:00:00Z"",""source_system_id"":""EMAIL"",""subject"":""Processor question"",""thread_id"":""THREAD-009""}",authoring/relief_communications.csv#COM-027,BACKGROUND,9bf755039a65815e65d4a5f9ce3cd3c24dfb4ba293b50f9f6c3f3631a391fb4d,2026.07.19.3
BISCUIT_RELIEF,COM-028,COMMUNICATION,EMAIL,Donation receipt,EMAIL,authoring/relief_communications.csv,COM-028,2025-05-24T10:00:00Z,,,,"The warehouse log shows cartons received, packed, dispatched and still in storage.","{""attachment_document_ids"":""DOC-029"",""communication_id"":""COM-028"",""communication_type"":""EMAIL"",""content_role"":""BACKGROUND"",""recipient_record_ids"":""PR-ARLO-03"",""safe_body"":""The warehouse log shows cartons received, packed, dispatched and still in storage."",""sender_record_id"":""PR-COLIN-02"",""sent_at"":""2025-05-24T10:00:00Z"",""source_system_id"":""EMAIL"",""subject"":""Donation receipt"",""thread_id"":""THREAD-010""}",authoring/relief_communications.csv#COM-028,BACKGROUND,b0577cec36cfbd171dee165897b41a2a91b18c2a208cb66ec42e408190bc83d4,2026.07.19.3
BISCUIT_RELIEF,COM-029,COMMUNICATION,EMAIL,Volunteer schedule,EMAIL,authoring/relief_communications.csv,COM-029,2025-05-28T11:00:00Z,,,,A donor requested a refund after learning the beneficiary had not received the advertised support.,"{""attachment_document_ids"":"""",""communication_id"":""COM-029"",""communication_type"":""EMAIL"",""content_role"":""BACKGROUND"",""recipient_record_ids"":""PR-VIOLET-02"",""safe_body"":""A donor requested a refund after learning the beneficiary had not received the advertised support."",""sender_record_id"":""PR-ADA-02"",""sent_at"":""2025-05-28T11:00:00Z"",""source_system_id"":""EMAIL"",""subject"":""Volunteer schedule"",""thread_id"":""THREAD-010""}",authoring/relief_communications.csv#COM-029,BACKGROUND,8ba4edf2dcf1092450431f28db45a821d40cead6207c563a4bc20ca10969b412,2026.07.19.3
BISCUIT_RELIEF,COM-030,COMMUNICATION,INTERNAL_NOTE,Invoice clarification,EMAIL,authoring/relief_communications.csv,COM-030,2025-06-01T12:00:00Z,,,,The invoice description does not identify individual deliveries or beneficiaries.,"{""attachment_document_ids"":"""",""communication_id"":""COM-030"",""communication_type"":""INTERNAL_NOTE"",""content_role"":""BACKGROUND"",""recipient_record_ids"":""PR-PRIYA-02"",""safe_body"":""The invoice description does not identify individual deliveries or beneficiaries."",""sender_record_id"":""PR-MINA-03"",""sent_at"":""2025-06-01T12:00:00Z"",""source_system_id"":""EMAIL"",""subject"":""Invoice clarification"",""thread_id"":""THREAD-010""}",authoring/relief_communications.csv#COM-030,BACKGROUND,3a3e0dedf34cf7573ad21d6371f4b2ab5fdcde595ba69d47be0d80ebbbcc4831,2026.07.19.3
BISCUIT_RELIEF,COM-031,COMMUNICATION,EMAIL,Refund request,EMAIL,authoring/relief_communications.csv,COM-031,2025-06-05T13:00:00Z,,,,Volunteers are assigned to packing and verification; they do not approve payments.,"{""attachment_document_ids"":"""",""communication_id"":""COM-031"",""communication_type"":""EMAIL"",""content_role"":""BACKGROUND"",""recipient_record_ids"":""PR-ADA-02"",""safe_body"":""Volunteers are assigned to packing and verification; they do not approve payments."",""sender_record_id"":""PR-FELIX-03"",""sent_at"":""2025-06-05T13:00:00Z"",""source_system_id"":""EMAIL"",""subject"":""Refund request"",""thread_id"":""THREAD-011""}",authoring/relief_communications.csv#COM-031,BACKGROUND,7a8cda34dc0052f57ffa0b445e1158825ccbb1676f3a6a61cfb040b26d30ada7,2026.07.19.3
BISCUIT_RELIEF,COM-032,COMMUNICATION,EMAIL,Warehouse inventory,EMAIL,authoring/relief_communications.csv,COM-032,2025-06-09T14:00:00Z,,,,A donation receipt confirms payment but not ultimate beneficiary use.,"{""attachment_document_ids"":"""",""communication_id"":""COM-032"",""communication_type"":""EMAIL"",""content_role"":""BACKGROUND"",""recipient_record_ids"":""PR-BENNY-02"",""safe_body"":""A donation receipt confirms payment but not ultimate beneficiary use."",""sender_record_id"":""PR-VIOLET-02"",""sent_at"":""2025-06-09T14:00:00Z"",""source_system_id"":""EMAIL"",""subject"":""Warehouse inventory"",""thread_id"":""THREAD-011""}",authoring/relief_communications.csv#COM-032,BACKGROUND,6d3e91a8c2b819a411dcedfc25fc4b9c14e2f62f4a1ac2f8277c511f2a981fd4,2026.07.19.3
BISCUIT_RELIEF,COM-033,COMMUNICATION,EMAIL,Community event,EMAIL,authoring/relief_communications.csv,COM-033,2025-06-13T15:00:00Z,,,,The processor asked for source documentation and merchant-purpose clarification.,"{""attachment_document_ids"":"""",""communication_id"":""COM-033"",""communication_type"":""EMAIL"",""content_role"":""BACKGROUND"",""recipient_record_ids"":""PR-MINA-03"",""safe_body"":""The processor asked for source documentation and merchant-purpose clarification."",""sender_record_id"":""PR-HOPE-01"",""sent_at"":""2025-06-13T15:00:00Z"",""source_system_id"":""EMAIL"",""subject"":""Community event"",""thread_id"":""THREAD-011""}",authoring/relief_communications.csv#COM-033,BACKGROUND,89df8dbd910cb94c163b0f15f6ed69e12f67fbaff56273cee33d0b4378c9e855,2026.07.19.3
BISCUIT_RELIEF,COM-034,COMMUNICATION,EMAIL,Beneficiary request,EMAIL,authoring/relief_communications.csv,COM-034,2025-06-17T16:00:00Z,,,,An old address remained in the platform export after a move.,"{""attachment_document_ids"":"""",""communication_id"":""COM-034"",""communication_type"":""EMAIL"",""content_role"":""BACKGROUND"",""recipient_record_ids"":""PR-HOPE-01"",""safe_body"":""An old address remained in the platform export after a move."",""sender_record_id"":""PR-BENNY-02"",""sent_at"":""2025-06-17T16:00:00Z"",""source_system_id"":""EMAIL"",""subject"":""Beneficiary request"",""thread_id"":""THREAD-012""}",authoring/relief_communications.csv#COM-034,BACKGROUND,b4c63dd047dceac25d01dd402e7ec2fb7c563030c68e5dafb9b974eb175d1d3d,2026.07.19.3
BISCUIT_RELIEF,COM-035,COMMUNICATION,INTERNAL_NOTE,Repost network,EMAIL,authoring/relief_communications.csv,COM-035,2025-06-21T17:00:00Z,,,,The advertisement used the standard relief template and a previously approved image.,"{""attachment_document_ids"":""DOC-036"",""communication_id"":""COM-035"",""communication_type"":""INTERNAL_NOTE"",""content_role"":""BACKGROUND"",""recipient_record_ids"":""PR-ARLO-03"",""safe_body"":""The advertisement used the standard relief template and a previously approved image."",""sender_record_id"":""PR-PRIYA-02"",""sent_at"":""2025-06-21T17:00:00Z"",""source_system_id"":""EMAIL"",""subject"":""Repost network"",""thread_id"":""THREAD-012""}",authoring/relief_communications.csv#COM-035,BACKGROUND,6f69e79e4a0d714de1d13ce0e74a7cf3bcb3c9092760b4a5babbfa37e1b6db6e,2026.07.19.3
BISCUIT_RELIEF,COM-036,COMMUNICATION,EMAIL,Campaign update,EMAIL,authoring/relief_communications.csv,COM-036,2025-06-25T09:00:00Z,,,,The campaign page reports more activity than the attached beneficiary ledger.,"{""attachment_document_ids"":"""",""communication_id"":""COM-036"",""communication_type"":""EMAIL"",""content_role"":""BACKGROUND"",""recipient_record_ids"":""PR-VIOLET-02"",""safe_body"":""The campaign page reports more activity than the attached beneficiary ledger."",""sender_record_id"":""PR-COLIN-02"",""sent_at"":""2025-06-25T09:00:00Z"",""source_system_id"":""EMAIL"",""subject"":""Campaign update"",""thread_id"":""THREAD-012""}",authoring/relief_communications.csv#COM-036,BACKGROUND,bc4cb96306fb702e1b7c44dcd9518d89bcaa5b98885419921ab2662b0078cb42,2026.07.19.3
BISCUIT_RELIEF,COM-037,COMMUNICATION,EMAIL,Ad performance,EMAIL,authoring/relief_communications.csv,COM-037,2025-06-29T10:00:00Z,,,,"The repost network includes unpaid volunteers, donors and community organizations.","{""attachment_document_ids"":"""",""communication_id"":""COM-037"",""communication_type"":""EMAIL"",""content_role"":""BACKGROUND"",""recipient_record_ids"":""PR-PRIYA-02"",""safe_body"":""The repost network includes unpaid volunteers, donors and community organizations."",""sender_record_id"":""PR-ADA-02"",""sent_at"":""2025-06-29T10:00:00Z"",""source_system_id"":""EMAIL"",""subject"":""Ad performance"",""thread_id"":""THREAD-013""}",authoring/relief_communications.csv#COM-037,BACKGROUND,75c625860c7566e010056078aa854ba3f72ae4f97691a9616468d5a87aacc6ff,2026.07.19.3
BISCUIT_RELIEF,COM-038,COMMUNICATION,EMAIL,Address correction,EMAIL,authoring/relief_communications.csv,COM-038,2025-07-03T11:00:00Z,,,,The beneficiary requested additional funds and supplied current capacity figures.,"{""attachment_document_ids"":"""",""communication_id"":""COM-038"",""communication_type"":""EMAIL"",""content_role"":""BACKGROUND"",""recipient_record_ids"":""PR-FELIX-03"",""safe_body"":""The beneficiary requested additional funds and supplied current capacity figures."",""sender_record_id"":""PR-MINA-03"",""sent_at"":""2025-07-03T11:00:00Z"",""source_system_id"":""EMAIL"",""subject"":""Address correction"",""thread_id"":""THREAD-013""}",authoring/relief_communications.csv#COM-038,BACKGROUND,24afbe6674aae86573883cd62c132e45824d218473e215eb14fe9ea69ca7dd6f,2026.07.19.3
BISCUIT_RELIEF,COM-039,COMMUNICATION,EMAIL,Processor question,EMAIL,authoring/relief_communications.csv,COM-039,2025-07-07T12:00:00Z,,,,The community event was legitimate and independently documented.,"{""attachment_document_ids"":"""",""communication_id"":""COM-039"",""communication_type"":""EMAIL"",""content_role"":""BACKGROUND"",""recipient_record_ids"":""PR-BENNY-02"",""safe_body"":""The community event was legitimate and independently documented."",""sender_record_id"":""PR-FELIX-03"",""sent_at"":""2025-07-07T12:00:00Z"",""source_system_id"":""EMAIL"",""subject"":""Processor question"",""thread_id"":""THREAD-013""}",authoring/relief_communications.csv#COM-039,BACKGROUND,0ddbce86fcc34ca90fe3ec12fcfaa92ded3cb60c6e2ec6cbce3f7fcc4a473217,2026.07.19.3
BISCUIT_RELIEF,COM-040,COMMUNICATION,INTERNAL_NOTE,Donation receipt,EMAIL,authoring/relief_communications.csv,COM-040,2025-07-11T13:00:00Z,,,,"The warehouse log shows cartons received, packed, dispatched and still in storage.","{""attachment_document_ids"":"""",""communication_id"":""COM-040"",""communication_type"":""INTERNAL_NOTE"",""content_role"":""BACKGROUND"",""recipient_record_ids"":""PR-MINA-03"",""safe_body"":""The warehouse log shows cartons received, packed, dispatched and still in storage."",""sender_record_id"":""PR-VIOLET-02"",""sent_at"":""2025-07-11T13:00:00Z"",""source_system_id"":""EMAIL"",""subject"":""Donation receipt"",""thread_id"":""THREAD-014""}",authoring/relief_communications.csv#COM-040,BACKGROUND,fafc5bc6ed8d4466393de888ed4460105ea682bf2185d43445998cf98782b34e,2026.07.19.3
BISCUIT_RELIEF,COM-041,COMMUNICATION,EMAIL,Volunteer schedule,EMAIL,authoring/relief_communications.csv,COM-041,2025-07-15T14:00:00Z,,,,A donor requested a refund after learning the beneficiary had not received the advertised support.,"{""attachment_document_ids"":"""",""communication_id"":""COM-041"",""communication_type"":""EMAIL"",""content_role"":""BACKGROUND"",""recipient_record_ids"":""PR-ADA-02"",""safe_body"":""A donor requested a refund after learning the beneficiary had not received the advertised support."",""sender_record_id"":""PR-HOPE-01"",""sent_at"":""2025-07-15T14:00:00Z"",""source_system_id"":""EMAIL"",""subject"":""Volunteer schedule"",""thread_id"":""THREAD-014""}",authoring/relief_communications.csv#COM-041,BACKGROUND,8d46430a880c73448abb865f36e4d4ca4b5d0995a108e81bfafd15f4ff78dec8,2026.07.19.3
BISCUIT_RELIEF,COM-042,COMMUNICATION,EMAIL,Invoice clarification,EMAIL,authoring/relief_communications.csv,COM-042,2025-07-19T15:00:00Z,,,,The invoice description does not identify individual deliveries or beneficiaries.,"{""attachment_document_ids"":""DOC-043"",""communication_id"":""COM-042"",""communication_type"":""EMAIL"",""content_role"":""BACKGROUND"",""recipient_record_ids"":""PR-ARLO-03"",""safe_body"":""The invoice description does not identify individual deliveries or beneficiaries."",""sender_record_id"":""PR-BENNY-02"",""sent_at"":""2025-07-19T15:00:00Z"",""source_system_id"":""EMAIL"",""subject"":""Invoice clarification"",""thread_id"":""THREAD-014""}",authoring/relief_communications.csv#COM-042,BACKGROUND,74b9284c3d1ad26f9a08747a82ce6d43b3ba899d1d91775217b7d649f51b3373,2026.07.19.3
BISCUIT_RELIEF,COM-043,COMMUNICATION,EMAIL,Refund request,EMAIL,authoring/relief_communications.csv,COM-043,2025-07-23T16:00:00Z,,,,Volunteers are assigned to packing and verification; they do not approve payments.,"{""attachment_document_ids"":"""",""communication_id"":""COM-043"",""communication_type"":""EMAIL"",""content_role"":""BACKGROUND"",""recipient_record_ids"":""PR-VIOLET-02"",""safe_body"":""Volunteers are assigned to packing and verification; they do not approve payments."",""sender_record_id"":""PR-PRIYA-02"",""sent_at"":""2025-07-23T16:00:00Z"",""source_system_id"":""EMAIL"",""subject"":""Refund request"",""thread_id"":""THREAD-015""}",authoring/relief_communications.csv#COM-043,BACKGROUND,66401ac25875b0ec6e636ccfc8ce3168ef463c08d5284e9b8d4844eb81a62d2a,2026.07.19.3
BISCUIT_RELIEF,COM-044,COMMUNICATION,EMAIL,Warehouse inventory,EMAIL,authoring/relief_communications.csv,COM-044,2025-07-27T17:00:00Z,,,,A donation receipt confirms payment but not ultimate beneficiary use.,"{""attachment_document_ids"":"""",""communication_id"":""COM-044"",""communication_type"":""EMAIL"",""content_role"":""BACKGROUND"",""recipient_record_ids"":""PR-PRIYA-02"",""safe_body"":""A donation receipt confirms payment but not ultimate beneficiary use."",""sender_record_id"":""PR-COLIN-02"",""sent_at"":""2025-07-27T17:00:00Z"",""source_system_id"":""EMAIL"",""subject"":""Warehouse inventory"",""thread_id"":""THREAD-015""}",authoring/relief_communications.csv#COM-044,BACKGROUND,65c4e8578ea8cb6939955710a6e84d57a147b935fa5c8ab4e72a0b4a3b16dec5,2026.07.19.3
BISCUIT_RELIEF,COM-045,COMMUNICATION,INTERNAL_NOTE,Community event,EMAIL,authoring/relief_communications.csv,COM-045,2025-07-31T09:00:00Z,,,,The processor asked for source documentation and merchant-purpose clarification.,"{""attachment_document_ids"":"""",""communication_id"":""COM-045"",""communication_type"":""INTERNAL_NOTE"",""content_role"":""BACKGROUND"",""recipient_record_ids"":""PR-FELIX-03"",""safe_body"":""The processor asked for source documentation and merchant-purpose clarification."",""sender_record_id"":""PR-ADA-02"",""sent_at"":""2025-07-31T09:00:00Z"",""source_system_id"":""EMAIL"",""subject"":""Community event"",""thread_id"":""THREAD-015""}",authoring/relief_communications.csv#COM-045,BACKGROUND,d7b72dbffd392c4c317b7ffda7f6809b3c453ace788df863705345137f466817,2026.07.19.3
BISCUIT_RELIEF,COM-046,COMMUNICATION,EMAIL,Beneficiary request,EMAIL,authoring/relief_communications.csv,COM-046,2025-08-04T10:00:00Z,,,,An old address remained in the platform export after a move.,"{""attachment_document_ids"":"""",""communication_id"":""COM-046"",""communication_type"":""EMAIL"",""content_role"":""BACKGROUND"",""recipient_record_ids"":""PR-BENNY-02"",""safe_body"":""An old address remained in the platform export after a move."",""sender_record_id"":""PR-MINA-03"",""sent_at"":""2025-08-04T10:00:00Z"",""source_system_id"":""EMAIL"",""subject"":""Beneficiary request"",""thread_id"":""THREAD-016""}",authoring/relief_communications.csv#COM-046,BACKGROUND,5a4663eb3dd66a0ae48956021d48fd85630f0a4c0b870dd6f50c09c0d982beed,2026.07.19.3
BISCUIT_RELIEF,COM-047,COMMUNICATION,EMAIL,Repost network,EMAIL,authoring/relief_communications.csv,COM-047,2025-08-08T11:00:00Z,,,,The advertisement used the standard relief template and a previously approved image.,"{""attachment_document_ids"":"""",""communication_id"":""COM-047"",""communication_type"":""EMAIL"",""content_role"":""BACKGROUND"",""recipient_record_ids"":""PR-MINA-03"",""safe_body"":""The advertisement used the standard relief template and a previously approved image."",""sender_record_id"":""PR-FELIX-03"",""sent_at"":""2025-08-08T11:00:00Z"",""source_system_id"":""EMAIL"",""subject"":""Repost network"",""thread_id"":""THREAD-016""}",authoring/relief_communications.csv#COM-047,BACKGROUND,8a72f61714069481357303f80a04e1f4a29bae771affbe3952bcae7217c08029,2026.07.19.3
BISCUIT_RELIEF,COM-048,COMMUNICATION,EMAIL,Campaign update,EMAIL,authoring/relief_communications.csv,COM-048,2025-08-12T12:00:00Z,,,,The campaign page reports more activity than the attached beneficiary ledger.,"{""attachment_document_ids"":"""",""communication_id"":""COM-048"",""communication_type"":""EMAIL"",""content_role"":""BACKGROUND"",""recipient_record_ids"":""PR-HOPE-01"",""safe_body"":""The campaign page reports more activity than the attached beneficiary ledger."",""sender_record_id"":""PR-VIOLET-02"",""sent_at"":""2025-08-12T12:00:00Z"",""source_system_id"":""EMAIL"",""subject"":""Campaign update"",""thread_id"":""THREAD-016""}",authoring/relief_communications.csv#COM-048,BACKGROUND,d58561a18332ff9b26e2f17b0380f68de3ddec8d036ed0e4be2f6d490bf3aa7b,2026.07.19.3
BISCUIT_RELIEF,COM-049,COMMUNICATION,EMAIL,Ad performance,EMAIL,authoring/relief_communications.csv,COM-049,2025-08-16T13:00:00Z,,,,"The repost network includes unpaid volunteers, donors and community organizations.","{""attachment_document_ids"":""DOC-050"",""communication_id"":""COM-049"",""communication_type"":""EMAIL"",""content_role"":""BACKGROUND"",""recipient_record_ids"":""PR-ARLO-03"",""safe_body"":""The repost network includes unpaid volunteers, donors and community organizations."",""sender_record_id"":""PR-HOPE-01"",""sent_at"":""2025-08-16T13:00:00Z"",""source_system_id"":""EMAIL"",""subject"":""Ad performance"",""thread_id"":""THREAD-017""}",authoring/relief_communications.csv#COM-049,BACKGROUND,b2f636c6ad318a49c47fe97e08b7a468311bb24c7dc06f4098ea0c9f15cd1f9b,2026.07.19.3
BISCUIT_RELIEF,COM-050,COMMUNICATION,INTERNAL_NOTE,Address correction,EMAIL,authoring/relief_communications.csv,COM-050,2025-08-20T14:00:00Z,,,,The beneficiary requested additional funds and supplied current capacity figures.,"{""attachment_document_ids"":"""",""communication_id"":""COM-050"",""communication_type"":""INTERNAL_NOTE"",""content_role"":""BACKGROUND"",""recipient_record_ids"":""PR-VIOLET-02"",""safe_body"":""The beneficiary requested additional funds and supplied current capacity figures."",""sender_record_id"":""PR-BENNY-02"",""sent_at"":""2025-08-20T14:00:00Z"",""source_system_id"":""EMAIL"",""subject"":""Address correction"",""thread_id"":""THREAD-017""}",authoring/relief_communications.csv#COM-050,BACKGROUND,7236f24f5b34cafc7170d5481489bcae4f2378824a87d6df9c55d91f1d330903,2026.07.19.3
BISCUIT_RELIEF,COM-051,COMMUNICATION,EMAIL,Processor question,EMAIL,authoring/relief_communications.csv,COM-051,2025-08-24T15:00:00Z,,,,The community event was legitimate and independently documented.,"{""attachment_document_ids"":"""",""communication_id"":""COM-051"",""communication_type"":""EMAIL"",""content_role"":""BACKGROUND"",""recipient_record_ids"":""PR-ADA-02"",""safe_body"":""The community event was legitimate and independently documented."",""sender_record_id"":""PR-PRIYA-02"",""sent_at"":""2025-08-24T15:00:00Z"",""source_system_id"":""EMAIL"",""subject"":""Processor question"",""thread_id"":""THREAD-017""}",authoring/relief_communications.csv#COM-051,BACKGROUND,06f1b6989456335644e9257e072e633f2cdee5d938b9907de2e12e7b2ca54027,2026.07.19.3
BISCUIT_RELIEF,COM-052,COMMUNICATION,EMAIL,Donation receipt,EMAIL,authoring/relief_communications.csv,COM-052,2025-08-28T16:00:00Z,,,,"The warehouse log shows cartons received, packed, dispatched and still in storage.","{""attachment_document_ids"":"""",""communication_id"":""COM-052"",""communication_type"":""EMAIL"",""content_role"":""BACKGROUND"",""recipient_record_ids"":""PR-FELIX-03"",""safe_body"":""The warehouse log shows cartons received, packed, dispatched and still in storage."",""sender_record_id"":""PR-COLIN-02"",""sent_at"":""2025-08-28T16:00:00Z"",""source_system_id"":""EMAIL"",""subject"":""Donation receipt"",""thread_id"":""THREAD-018""}",authoring/relief_communications.csv#COM-052,BACKGROUND,7251214caff3c5e3a630dc5a54a6c1f2fbaf55ccfe758a75c65c765d3705d87a,2026.07.19.3
BISCUIT_RELIEF,COM-053,COMMUNICATION,EMAIL,Volunteer schedule,EMAIL,authoring/relief_communications.csv,COM-053,2025-09-01T17:00:00Z,,,,A donor requested a refund after learning the beneficiary had not received the advertised support.,"{""attachment_document_ids"":"""",""communication_id"":""COM-053"",""communication_type"":""EMAIL"",""content_role"":""BACKGROUND"",""recipient_record_ids"":""PR-BENNY-02"",""safe_body"":""A donor requested a refund after learning the beneficiary had not received the advertised support."",""sender_record_id"":""PR-ADA-02"",""sent_at"":""2025-09-01T17:00:00Z"",""source_system_id"":""EMAIL"",""subject"":""Volunteer schedule"",""thread_id"":""THREAD-018""}",authoring/relief_communications.csv#COM-053,BACKGROUND,b771ce3ffa7ccb6663897baba6233432c474beaf036e6b9616552cb352529ae0,2026.07.19.3
BISCUIT_RELIEF,COM-054,COMMUNICATION,EMAIL,Invoice clarification,EMAIL,authoring/relief_communications.csv,COM-054,2025-09-05T09:00:00Z,,,,The invoice description does not identify individual deliveries or beneficiaries.,"{""attachment_document_ids"":"""",""communication_id"":""COM-054"",""communication_type"":""EMAIL"",""content_role"":""BACKGROUND"",""recipient_record_ids"":""PR-ADA-02"",""safe_body"":""The invoice description does not identify individual deliveries or beneficiaries."",""sender_record_id"":""PR-MINA-03"",""sent_at"":""2025-09-05T09:00:00Z"",""source_system_id"":""EMAIL"",""subject"":""Invoice clarification"",""thread_id"":""THREAD-018""}",authoring/relief_communications.csv#COM-054,BACKGROUND,7c2291e0ac8b144a900d5af41c70b8d1182c546e84d538ae5c499b8dce249bff,2026.07.19.3
BISCUIT_RELIEF,COM-055,COMMUNICATION,INTERNAL_NOTE,Refund request,EMAIL,authoring/relief_communications.csv,COM-055,2025-09-09T10:00:00Z,,,,Volunteers are assigned to packing and verification; they do not approve payments.,"{""attachment_document_ids"":"""",""communication_id"":""COM-055"",""communication_type"":""INTERNAL_NOTE"",""content_role"":""BACKGROUND"",""recipient_record_ids"":""PR-HOPE-01"",""safe_body"":""Volunteers are assigned to packing and verification; they do not approve payments."",""sender_record_id"":""PR-FELIX-03"",""sent_at"":""2025-09-09T10:00:00Z"",""source_system_id"":""EMAIL"",""subject"":""Refund request"",""thread_id"":""THREAD-019""}",authoring/relief_communications.csv#COM-055,BACKGROUND,06a89d49d2d338c9436a38e580578e0b6d30a56809bc163e927c3d36a2a5f4c1,2026.07.19.3
BISCUIT_RELIEF,COM-056,COMMUNICATION,EMAIL,Warehouse inventory,EMAIL,authoring/relief_communications.csv,COM-056,2025-09-13T11:00:00Z,,,,A donation receipt confirms payment but not ultimate beneficiary use.,"{""attachment_document_ids"":""DOC-057"",""communication_id"":""COM-056"",""communication_type"":""EMAIL"",""content_role"":""BACKGROUND"",""recipient_record_ids"":""PR-ARLO-03"",""safe_body"":""A donation receipt confirms payment but not ultimate beneficiary use."",""sender_record_id"":""PR-VIOLET-02"",""sent_at"":""2025-09-13T11:00:00Z"",""source_system_id"":""EMAIL"",""subject"":""Warehouse inventory"",""thread_id"":""THREAD-019""}",authoring/relief_communications.csv#COM-056,BACKGROUND,057ecf09c7051873dcf818960a4e334cf5bdd977f3e9b0c91b04ae56f1cc741c,2026.07.19.3
BISCUIT_RELIEF,COM-057,COMMUNICATION,EMAIL,Community event,EMAIL,authoring/relief_communications.csv,COM-057,2025-09-17T12:00:00Z,,,,The processor asked for source documentation and merchant-purpose clarification.,"{""attachment_document_ids"":"""",""communication_id"":""COM-057"",""communication_type"":""EMAIL"",""content_role"":""BACKGROUND"",""recipient_record_ids"":""PR-VIOLET-02"",""safe_body"":""The processor asked for source documentation and merchant-purpose clarification."",""sender_record_id"":""PR-HOPE-01"",""sent_at"":""2025-09-17T12:00:00Z"",""source_system_id"":""EMAIL"",""subject"":""Community event"",""thread_id"":""THREAD-019""}",authoring/relief_communications.csv#COM-057,BACKGROUND,e4d70f5f5c7b2b02c8f4458553d6e50a21c1123de29a14e137dc3f63882140c6,2026.07.19.3
BISCUIT_RELIEF,COM-058,COMMUNICATION,EMAIL,Beneficiary request,EMAIL,authoring/relief_communications.csv,COM-058,2025-09-21T13:00:00Z,,,,An old address remained in the platform export after a move.,"{""attachment_document_ids"":"""",""communication_id"":""COM-058"",""communication_type"":""EMAIL"",""content_role"":""BACKGROUND"",""recipient_record_ids"":""PR-PRIYA-02"",""safe_body"":""An old address remained in the platform export after a move."",""sender_record_id"":""PR-BENNY-02"",""sent_at"":""2025-09-21T13:00:00Z"",""source_system_id"":""EMAIL"",""subject"":""Beneficiary request"",""thread_id"":""THREAD-020""}",authoring/relief_communications.csv#COM-058,BACKGROUND,8939024ca1f27c99aff1df339799cae73d5b401a7df16a273ca1856f118f725b,2026.07.19.3
BISCUIT_RELIEF,COM-059,COMMUNICATION,EMAIL,Repost network,EMAIL,authoring/relief_communications.csv,COM-059,2025-09-25T14:00:00Z,,,,The advertisement used the standard relief template and a previously approved image.,"{""attachment_document_ids"":"""",""communication_id"":""COM-059"",""communication_type"":""EMAIL"",""content_role"":""BACKGROUND"",""recipient_record_ids"":""PR-FELIX-03"",""safe_body"":""The advertisement used the standard relief template and a previously approved image."",""sender_record_id"":""PR-PRIYA-02"",""sent_at"":""2025-09-25T14:00:00Z"",""source_system_id"":""EMAIL"",""subject"":""Repost network"",""thread_id"":""THREAD-020""}",authoring/relief_communications.csv#COM-059,BACKGROUND,3650d644a24cb1f7eb1fcc68e65611fb9cd101ae44e5489fb970dc527cfa8666,2026.07.19.3
BISCUIT_RELIEF,COM-060,COMMUNICATION,INTERNAL_NOTE,Campaign update,EMAIL,authoring/relief_communications.csv,COM-060,2025-09-29T15:00:00Z,,,,The campaign page reports more activity than the attached beneficiary ledger.,"{""attachment_document_ids"":"""",""communication_id"":""COM-060"",""communication_type"":""INTERNAL_NOTE"",""content_role"":""BACKGROUND"",""recipient_record_ids"":""PR-BENNY-02"",""safe_body"":""The campaign page reports more activity than the attached beneficiary ledger."",""sender_record_id"":""PR-COLIN-02"",""sent_at"":""2025-09-29T15:00:00Z"",""source_system_id"":""EMAIL"",""subject"":""Campaign update"",""thread_id"":""THREAD-020""}",authoring/relief_communications.csv#COM-060,BACKGROUND,28e66aa657c226d326f84aeb51fe996a6be670a7bffec3a9e9efa76be979cf73,2026.07.19.3
BISCUIT_RELIEF,COM-061,COMMUNICATION,EMAIL,Ad performance,EMAIL,authoring/relief_communications.csv,COM-061,2025-10-03T16:00:00Z,,,,"The repost network includes unpaid volunteers, donors and community organizations.","{""attachment_document_ids"":"""",""communication_id"":""COM-061"",""communication_type"":""EMAIL"",""content_role"":""BACKGROUND"",""recipient_record_ids"":""PR-MINA-03"",""safe_body"":""The repost network includes unpaid volunteers, donors and community organizations."",""sender_record_id"":""PR-ADA-02"",""sent_at"":""2025-10-03T16:00:00Z"",""source_system_id"":""EMAIL"",""subject"":""Ad performance"",""thread_id"":""THREAD-021""}",authoring/relief_communications.csv#COM-061,BACKGROUND,591ff1fdf55375d836137277064314c6391b10322a85e3ec9e4fa86b3a40437e,2026.07.19.3
BISCUIT_RELIEF,COM-062,COMMUNICATION,EMAIL,Address correction,EMAIL,authoring/relief_communications.csv,COM-062,2025-10-07T17:00:00Z,,,,The beneficiary requested additional funds and supplied current capacity figures.,"{""attachment_document_ids"":"""",""communication_id"":""COM-062"",""communication_type"":""EMAIL"",""content_role"":""BACKGROUND"",""recipient_record_ids"":""PR-HOPE-01"",""safe_body"":""The beneficiary requested additional funds and supplied current capacity figures."",""sender_record_id"":""PR-MINA-03"",""sent_at"":""2025-10-07T17:00:00Z"",""source_system_id"":""EMAIL"",""subject"":""Address correction"",""thread_id"":""THREAD-021""}",authoring/relief_communications.csv#COM-062,BACKGROUND,91170431fa9b70d3bfe4b26c9eb9a92b6a9eca7a1473a158681dc6493c62c223,2026.07.19.3
BISCUIT_RELIEF,COM-063,COMMUNICATION,EMAIL,Processor question,EMAIL,authoring/relief_communications.csv,COM-063,2025-10-11T09:00:00Z,,,,The community event was legitimate and independently documented.,"{""attachment_document_ids"":""DOC-064"",""communication_id"":""COM-063"",""communication_type"":""EMAIL"",""content_role"":""BACKGROUND"",""recipient_record_ids"":""PR-ARLO-03"",""safe_body"":""The community event was legitimate and independently documented."",""sender_record_id"":""PR-FELIX-03"",""sent_at"":""2025-10-11T09:00:00Z"",""source_system_id"":""EMAIL"",""subject"":""Processor question"",""thread_id"":""THREAD-021""}",authoring/relief_communications.csv#COM-063,BACKGROUND,518d5f416fa5565a9c50e666c0dc6aa03aa95c4b8be70705df8013136525abfd,2026.07.19.3
BISCUIT_RELIEF,COM-064,COMMUNICATION,EMAIL,Donation receipt,EMAIL,authoring/relief_communications.csv,COM-064,2025-10-15T10:00:00Z,,,,"The warehouse log shows cartons received, packed, dispatched and still in storage.","{""attachment_document_ids"":"""",""communication_id"":""COM-064"",""communication_type"":""EMAIL"",""content_role"":""BACKGROUND"",""recipient_record_ids"":""PR-ADA-02"",""safe_body"":""The warehouse log shows cartons received, packed, dispatched and still in storage."",""sender_record_id"":""PR-VIOLET-02"",""sent_at"":""2025-10-15T10:00:00Z"",""source_system_id"":""EMAIL"",""subject"":""Donation receipt"",""thread_id"":""THREAD-022""}",authoring/relief_communications.csv#COM-064,BACKGROUND,9a310d818dfb076837ea02b2ac2bfdcc7fa254dc8a43b201fda696f8ec378436,2026.07.19.3
BISCUIT_RELIEF,COM-065,COMMUNICATION,INTERNAL_NOTE,Volunteer schedule,EMAIL,authoring/relief_communications.csv,COM-065,2025-10-19T11:00:00Z,,,,A donor requested a refund after learning the beneficiary had not received the advertised support.,"{""attachment_document_ids"":"""",""communication_id"":""COM-065"",""communication_type"":""INTERNAL_NOTE"",""content_role"":""BACKGROUND"",""recipient_record_ids"":""PR-PRIYA-02"",""safe_body"":""A donor requested a refund after learning the beneficiary had not received the advertised support."",""sender_record_id"":""PR-HOPE-01"",""sent_at"":""2025-10-19T11:00:00Z"",""source_system_id"":""EMAIL"",""subject"":""Volunteer schedule"",""thread_id"":""THREAD-022""}",authoring/relief_communications.csv#COM-065,BACKGROUND,725042bf862f9dc2afb8db2a2df505fab81bf5d4e285bd37f6ae35544921f3ac,2026.07.19.3
BISCUIT_RELIEF,COM-066,COMMUNICATION,EMAIL,Invoice clarification,EMAIL,authoring/relief_communications.csv,COM-066,2025-10-23T12:00:00Z,,,,The invoice description does not identify individual deliveries or beneficiaries.,"{""attachment_document_ids"":"""",""communication_id"":""COM-066"",""communication_type"":""EMAIL"",""content_role"":""BACKGROUND"",""recipient_record_ids"":""PR-FELIX-03"",""safe_body"":""The invoice description does not identify individual deliveries or beneficiaries."",""sender_record_id"":""PR-BENNY-02"",""sent_at"":""2025-10-23T12:00:00Z"",""source_system_id"":""EMAIL"",""subject"":""Invoice clarification"",""thread_id"":""THREAD-022""}",authoring/relief_communications.csv#COM-066,BACKGROUND,27746c51571b88c603df40c5c05643575b23688c1776a919e71199bd8497c8fc,2026.07.19.3
BISCUIT_RELIEF,COM-067,COMMUNICATION,EMAIL,Refund request,EMAIL,authoring/relief_communications.csv,COM-067,2025-10-27T13:00:00Z,,,,Volunteers are assigned to packing and verification; they do not approve payments.,"{""attachment_document_ids"":"""",""communication_id"":""COM-067"",""communication_type"":""EMAIL"",""content_role"":""BACKGROUND"",""recipient_record_ids"":""PR-BENNY-02"",""safe_body"":""Volunteers are assigned to packing and verification; they do not approve payments."",""sender_record_id"":""PR-PRIYA-02"",""sent_at"":""2025-10-27T13:00:00Z"",""source_system_id"":""EMAIL"",""subject"":""Refund request"",""thread_id"":""THREAD-023""}",authoring/relief_communications.csv#COM-067,BACKGROUND,433c3f8d6e5712057204f2e5142222f9b8ed1fd3cab0c6b6cd5a0a4a9dfefc9b,2026.07.19.3
BISCUIT_RELIEF,COM-068,COMMUNICATION,EMAIL,Warehouse inventory,EMAIL,authoring/relief_communications.csv,COM-068,2025-10-31T14:00:00Z,,,,A donation receipt confirms payment but not ultimate beneficiary use.,"{""attachment_document_ids"":"""",""communication_id"":""COM-068"",""communication_type"":""EMAIL"",""content_role"":""BACKGROUND"",""recipient_record_ids"":""PR-MINA-03"",""safe_body"":""A donation receipt confirms payment but not ultimate beneficiary use."",""sender_record_id"":""PR-COLIN-02"",""sent_at"":""2025-10-31T14:00:00Z"",""source_system_id"":""EMAIL"",""subject"":""Warehouse inventory"",""thread_id"":""THREAD-023""}",authoring/relief_communications.csv#COM-068,BACKGROUND,562892da274744fbf6eb3e53c4ece12c9af9107b02a5c20a06c651f392f3f5ae,2026.07.19.3
BISCUIT_RELIEF,COM-069,COMMUNICATION,EMAIL,Community event,EMAIL,authoring/relief_communications.csv,COM-069,2025-11-04T15:00:00Z,,,,The processor asked for source documentation and merchant-purpose clarification.,"{""attachment_document_ids"":"""",""communication_id"":""COM-069"",""communication_type"":""EMAIL"",""content_role"":""BACKGROUND"",""recipient_record_ids"":""PR-HOPE-01"",""safe_body"":""The processor asked for source documentation and merchant-purpose clarification."",""sender_record_id"":""PR-ADA-02"",""sent_at"":""2025-11-04T15:00:00Z"",""source_system_id"":""EMAIL"",""subject"":""Community event"",""thread_id"":""THREAD-023""}",authoring/relief_communications.csv#COM-069,BACKGROUND,2ccdb56670a9ca6e67f0180e20c49b1ba92351e0b878473e3f773f0b6b2ad7d3,2026.07.19.3
BISCUIT_RELIEF,COM-070,COMMUNICATION,INTERNAL_NOTE,Beneficiary request,EMAIL,authoring/relief_communications.csv,COM-070,2025-11-08T16:00:00Z,,,,An old address remained in the platform export after a move.,"{""attachment_document_ids"":""DOC-071"",""communication_id"":""COM-070"",""communication_type"":""INTERNAL_NOTE"",""content_role"":""BACKGROUND"",""recipient_record_ids"":""PR-ARLO-03"",""safe_body"":""An old address remained in the platform export after a move."",""sender_record_id"":""PR-MINA-03"",""sent_at"":""2025-11-08T16:00:00Z"",""source_system_id"":""EMAIL"",""subject"":""Beneficiary request"",""thread_id"":""THREAD-024""}",authoring/relief_communications.csv#COM-070,BACKGROUND,d918f0d3f166aabe1ec7135e7f218bab9336b0d665ddfa464a721bb55df953cd,2026.07.19.3
BISCUIT_RELIEF,CMP-001,COMPLAINT,BENEFICIARY_UNDERFUNDED,The advertised beneficiary could not confirm receiving the amount claimed by the campaign.,COMPLAINT_PORTAL,authoring/relief_complaints.csv,CMP-001,2025-05-01T00:00:00Z,,,ACKNOWLEDGED,The advertised beneficiary could not confirm receiving the amount claimed by the campaign.,"{""complainant_record_id"":""PR-HOPE-01"",""complaint_id"":""CMP-001"",""complaint_type"":""BENEFICIARY_UNDERFUNDED"",""content_role"":""CORE_EVIDENCE"",""related_beneficiary_program_id"":""BEN-001"",""related_campaign_id"":""CAMP-001"",""related_donation_id"":""DON-00001"",""source_system_id"":""COMPLAINT_PORTAL"",""status"":""ACKNOWLEDGED"",""submitted_at"":""2025-05-01T00:00:00Z"",""summary"":""The advertised beneficiary could not confirm receiving the amount claimed by the campaign.""}",authoring/relief_complaints.csv#CMP-001,CORE_EVIDENCE,9e51dc0ceb32df6119d690e8200fa29178a5852c313227b1915ce4d4e6b8671d,2026.07.19.3
BISCUIT_RELIEF,CMP-002,COMPLAINT,DONATION_USE_UNCLEAR,The donor receipt confirms collection but not ultimate beneficiary use.,COMPLAINT_PORTAL,authoring/relief_complaints.csv,CMP-002,2025-05-10T00:00:00Z,,,OPEN,The donor receipt confirms collection but not ultimate beneficiary use.,"{""complainant_record_id"":""PR-LEO-01"",""complaint_id"":""CMP-002"",""complaint_type"":""DONATION_USE_UNCLEAR"",""content_role"":""CORE_EVIDENCE"",""related_beneficiary_program_id"":""BEN-002"",""related_campaign_id"":""CAMP-002"",""related_donation_id"":""DON-00002"",""source_system_id"":""COMPLAINT_PORTAL"",""status"":""OPEN"",""submitted_at"":""2025-05-10T00:00:00Z"",""summary"":""The donor receipt confirms collection but not ultimate beneficiary use.""}",authoring/relief_complaints.csv#CMP-002,CORE_EVIDENCE,c7b4340054d3700f5b2d9c9c56305f04a611b3865c36f5dadc21f2cafbac2ff9,2026.07.19.3
BISCUIT_RELIEF,CMP-003,COMPLAINT,ADVERTISED_DELIVERY_NOT_FOUND,Campaign posts show deliveries absent from warehouse and beneficiary records.,COMPLAINT_PORTAL,authoring/relief_complaints.csv,CMP-003,2025-05-19T00:00:00Z,,,OPEN,Campaign posts show deliveries absent from warehouse and beneficiary records.,"{""complainant_record_id"":""PR-RUBY-01"",""complaint_id"":""CMP-003"",""complaint_type"":""ADVERTISED_DELIVERY_NOT_FOUND"",""content_role"":""CORE_EVIDENCE"",""related_beneficiary_program_id"":""BEN-003"",""related_campaign_id"":""CAMP-003"",""related_donation_id"":""DON-00003"",""source_system_id"":""COMPLAINT_PORTAL"",""status"":""OPEN"",""submitted_at"":""2025-05-19T00:00:00Z"",""summary"":""Campaign posts show deliveries absent from warehouse and beneficiary records.""}",authoring/relief_complaints.csv#CMP-003,CORE_EVIDENCE,b1fca2bc02205c383f9507033c508f2772bb46387d12dd39b8a2c33915da8bd2,2026.07.19.3
BISCUIT_RELIEF,CMP-004,COMPLAINT,REFUND_REQUEST,The donor requested return of funds after inconsistent updates.,COMPLAINT_PORTAL,authoring/relief_complaints.csv,CMP-004,2025-05-28T00:00:00Z,,,ACKNOWLEDGED,The donor requested return of funds after inconsistent updates.,"{""complainant_record_id"":""PR-GIDEON-01"",""complaint_id"":""CMP-004"",""complaint_type"":""REFUND_REQUEST"",""content_role"":""CORE_EVIDENCE"",""related_beneficiary_program_id"":""BEN-004"",""related_campaign_id"":""CAMP-004"",""related_donation_id"":""DON-00004"",""source_system_id"":""COMPLAINT_PORTAL"",""status"":""ACKNOWLEDGED"",""submitted_at"":""2025-05-28T00:00:00Z"",""summary"":""The donor requested return of funds after inconsistent updates.""}",authoring/relief_complaints.csv#CMP-004,CORE_EVIDENCE,96ca112a2aae705a4c6ceb64a678c9af708ee33de25f990441802fe83315522a,2026.07.19.3
BISCUIT_RELIEF,CMP-012,COMPLAINT,DONATION_USE_UNCLEAR,The donor receipt confirms collection but not ultimate beneficiary use.,COMPLAINT_PORTAL,authoring/relief_complaints.csv,CMP-012,2025-08-08T00:00:00Z,,,OPEN,The donor receipt confirms collection but not ultimate beneficiary use.,"{""complainant_record_id"":""PR-BENNY-01"",""complaint_id"":""CMP-012"",""complaint_type"":""DONATION_USE_UNCLEAR"",""content_role"":""CORE_EVIDENCE"",""related_beneficiary_program_id"":""BEN-012"",""related_campaign_id"":""CAMP-012"",""related_donation_id"":""DON-00012"",""source_system_id"":""COMPLAINT_PORTAL"",""status"":""OPEN"",""submitted_at"":""2025-08-08T00:00:00Z"",""summary"":""The donor receipt confirms collection but not ultimate beneficiary use.""}",authoring/relief_complaints.csv#CMP-012,CORE_EVIDENCE,292b93bad73eb6b64a9ef1218656ee524b80bc51310fa4e6fd9e6aee1c79cd83,2026.07.19.3
BISCUIT_RELIEF,DEV-CAMPAIGN-17,DEVICE,,shared campaign workstation,AUTHORING,authoring/relief_devices.csv,DEV-CAMPAIGN-17,,,,,shared campaign workstation,"{""content_role"":""CORE_EVIDENCE"",""description"":""shared campaign workstation"",""device_fingerprint"":""dev-campaign-17"",""device_id"":""DEV-CAMPAIGN-17""}",authoring/relief_devices.csv#DEV-CAMPAIGN-17,CORE_EVIDENCE,1468416426f94d72956e4093ba35fa290ed3453cb1469c8a98a3aade3dff801b,2026.07.19.3
BISCUIT_RELIEF,DEV-FINANCE-22,DEVICE,,finance workstation,AUTHORING,authoring/relief_devices.csv,DEV-FINANCE-22,,,,,finance workstation,"{""content_role"":""CORE_EVIDENCE"",""description"":""finance workstation"",""device_fingerprint"":""dev-finance-22"",""device_id"":""DEV-FINANCE-22""}",authoring/relief_devices.csv#DEV-FINANCE-22,CORE_EVIDENCE,fc2e58d746f6609f935fe8a017916b4f64be121567b61125e117265f6d6ec9d4,2026.07.19.3
BISCUIT_RELIEF,DEV-VOLUNTEER-04,DEVICE,,volunteer sign-in tablet,AUTHORING,authoring/relief_devices.csv,DEV-VOLUNTEER-04,,,,,volunteer sign-in tablet,"{""content_role"":""EXCULPATORY_EVIDENCE"",""description"":""volunteer sign-in tablet"",""device_fingerprint"":""dev-volunteer-04"",""device_id"":""DEV-VOLUNTEER-04""}",authoring/relief_devices.csv#DEV-VOLUNTEER-04,EXCULPATORY_EVIDENCE,5bba00151c1ce4e608f09abc4b1260d7cc9c24f3b45a847d1b05a8ef604b5ca8,2026.07.19.3
BISCUIT_RELIEF,DEV-ARLO-P1,DEVICE,,Arlo personal laptop,AUTHORING,authoring/relief_devices.csv,DEV-ARLO-P1,,,,,Arlo personal laptop,"{""content_role"":""BACKGROUND"",""description"":""Arlo personal laptop"",""device_fingerprint"":""dev-arlo-p1"",""device_id"":""DEV-ARLO-P1""}",authoring/relief_devices.csv#DEV-ARLO-P1,BACKGROUND,d02ba2c69b7556e09c16189b2805fb9cffd14b6bed0bcfc6e268fb56b4668608,2026.07.19.3
BISCUIT_RELIEF,DEV-HOPE-PHONE,DEVICE,,Hope personal phone,AUTHORING,authoring/relief_devices.csv,DEV-HOPE-PHONE,,,,,Hope personal phone,"{""content_role"":""EXCULPATORY_EVIDENCE"",""description"":""Hope personal phone"",""device_fingerprint"":""dev-hope-phone"",""device_id"":""DEV-HOPE-PHONE""}",authoring/relief_devices.csv#DEV-HOPE-PHONE,EXCULPATORY_EVIDENCE,6f4a04ba5634813057ed20aa0c3c92fa35df71cfa79f3169c951946b9c3cf14e,2026.07.19.3
BISCUIT_RELIEF,DEV-VIOLET-TAB,DEVICE,,Violet warehouse tablet,AUTHORING,authoring/relief_devices.csv,DEV-VIOLET-TAB,,,,,Violet warehouse tablet,"{""content_role"":""EXCULPATORY_EVIDENCE"",""description"":""Violet warehouse tablet"",""device_fingerprint"":""dev-violet-tab"",""device_id"":""DEV-VIOLET-TAB""}",authoring/relief_devices.csv#DEV-VIOLET-TAB,EXCULPATORY_EVIDENCE,92460619a1c619cce2d2756b37fb6b0c711d8e498d28420178710e43ba45c197,2026.07.19.3
BISCUIT_RELIEF,DEV-PROCESSOR-01,DEVICE,,processor compliance terminal,AUTHORING,authoring/relief_devices.csv,DEV-PROCESSOR-01,,,,,processor compliance terminal,"{""content_role"":""BACKGROUND"",""description"":""processor compliance terminal"",""device_fingerprint"":""dev-processor-01"",""device_id"":""DEV-PROCESSOR-01""}",authoring/relief_devices.csv#DEV-PROCESSOR-01,BACKGROUND,12c1e93a3f8c293929ff07560d8003b110643edf2bd89a29267568da8e975697,2026.07.19.3
BISCUIT_RELIEF,DIST-0001,DISTRIBUTION,,DIST-0001,WAREHOUSE_LOG,authoring/relief_distributions.csv,DIST-0001,2025-02-10T00:00:00Z,,,,DIST-0001,"{""aid_type"":""FOOD_BOX"",""beneficiary_program_id"":""BEN-001"",""content_role"":""EXCULPATORY_EVIDENCE"",""distributed_at"":""2025-02-10T00:00:00Z"",""distribution_id"":""DIST-0001"",""estimated_value"":""600.00"",""funding_transaction_id"":""TX-AID-001"",""source_system_id"":""WAREHOUSE_LOG"",""units_distributed"":""8"",""verified_by_record_id"":""PR-INGRID-01"",""warehouse_record_id"":""WH-0001""}",authoring/relief_distributions.csv#DIST-0001,EXCULPATORY_EVIDENCE,0ca6eee0f2a02e14e990fb4efdd115c5cc510dd224bd174a8ab5610ee48a4ff9,2026.07.19.3
BISCUIT_RELIEF,DIST-0002,DISTRIBUTION,,DIST-0002,WAREHOUSE_LOG,authoring/relief_distributions.csv,DIST-0002,2025-02-13T00:00:00Z,,,,DIST-0002,"{""aid_type"":""BED_KIT"",""beneficiary_program_id"":""BEN-002"",""content_role"":""EXCULPATORY_EVIDENCE"",""distributed_at"":""2025-02-13T00:00:00Z"",""distribution_id"":""DIST-0002"",""estimated_value"":""1045.00"",""funding_transaction_id"":""TX-AID-002"",""source_system_id"":""WAREHOUSE_LOG"",""units_distributed"":""11"",""verified_by_record_id"":""PR-VIOLET-03"",""warehouse_record_id"":""WH-0002""}",authoring/relief_distributions.csv#DIST-0002,EXCULPATORY_EVIDENCE,27289d3d0f258d20408dd4b27d8d9026a406ade58bb49d693a9aee7e28c4054a,2026.07.19.3
BISCUIT_RELIEF,DIST-0003,DISTRIBUTION,,DIST-0003,WAREHOUSE_LOG,authoring/relief_distributions.csv,DIST-0003,2025-02-16T00:00:00Z,,,,DIST-0003,"{""aid_type"":""HYGIENE_KIT"",""beneficiary_program_id"":""BEN-003"",""content_role"":""EXCULPATORY_EVIDENCE"",""distributed_at"":""2025-02-16T00:00:00Z"",""distribution_id"":""DIST-0003"",""estimated_value"":""1610.00"",""funding_transaction_id"":""TX-AID-003"",""source_system_id"":""WAREHOUSE_LOG"",""units_distributed"":""14"",""verified_by_record_id"":""PR-VIOLET-03"",""warehouse_record_id"":""WH-0003""}",authoring/relief_distributions.csv#DIST-0003,EXCULPATORY_EVIDENCE,18fc7f0cfbd4a4b8f88d48fbd3ad6114e57f5ad85c8a98e355dcd312138aa78f,2026.07.19.3
BISCUIT_RELIEF,DIST-0004,DISTRIBUTION,,DIST-0004,WAREHOUSE_LOG,authoring/relief_distributions.csv,DIST-0004,2025-02-19T00:00:00Z,,,,DIST-0004,"{""aid_type"":""MEDICINE_CRATE"",""beneficiary_program_id"":""BEN-004"",""content_role"":""EXCULPATORY_EVIDENCE"",""distributed_at"":""2025-02-19T00:00:00Z"",""distribution_id"":""DIST-0004"",""estimated_value"":""2295.00"",""funding_transaction_id"":""TX-AID-004"",""source_system_id"":""WAREHOUSE_LOG"",""units_distributed"":""17"",""verified_by_record_id"":""PR-VIOLET-03"",""warehouse_record_id"":""WH-0004""}",authoring/relief_distributions.csv#DIST-0004,EXCULPATORY_EVIDENCE,5457c746974e9641f15f2d3f74d95818a60cc680a3ba6725ed0b2c57f40d9554,2026.07.19.3
BISCUIT_RELIEF,DIST-0005,DISTRIBUTION,,DIST-0005,WAREHOUSE_LOG,authoring/relief_distributions.csv,DIST-0005,2025-02-22T00:00:00Z,,,,DIST-0005,"{""aid_type"":""TRANSPORT_VOUCHER"",""beneficiary_program_id"":""BEN-005"",""content_role"":""EXCULPATORY_EVIDENCE"",""distributed_at"":""2025-02-22T00:00:00Z"",""distribution_id"":""DIST-0005"",""estimated_value"":""3100.00"",""funding_transaction_id"":""TX-AID-005"",""source_system_id"":""WAREHOUSE_LOG"",""units_distributed"":""20"",""verified_by_record_id"":""PR-INGRID-01"",""warehouse_record_id"":""WH-0005""}",authoring/relief_distributions.csv#DIST-0005,EXCULPATORY_EVIDENCE,9fbc5ccec17f258aa4cb895f7efee2384d07703411519598d6ead55470831469,2026.07.19.3
BISCUIT_RELIEF,DIST-0006,DISTRIBUTION,,DIST-0006,WAREHOUSE_LOG,authoring/relief_distributions.csv,DIST-0006,2025-02-25T00:00:00Z,,,,DIST-0006,"{""aid_type"":""FOOD_BOX"",""beneficiary_program_id"":""BEN-006"",""content_role"":""EXCULPATORY_EVIDENCE"",""distributed_at"":""2025-02-25T00:00:00Z"",""distribution_id"":""DIST-0006"",""estimated_value"":""1725.00"",""funding_transaction_id"":""TX-AID-006"",""source_system_id"":""WAREHOUSE_LOG"",""units_distributed"":""23"",""verified_by_record_id"":""PR-VIOLET-03"",""warehouse_record_id"":""WH-0006""}",authoring/relief_distributions.csv#DIST-0006,EXCULPATORY_EVIDENCE,bba7d2c88be9ee8d31bd0761e73ba1050265e982a37f18f748a5febd765028de,2026.07.19.3
BISCUIT_RELIEF,DIST-0007,DISTRIBUTION,,DIST-0007,WAREHOUSE_LOG,authoring/relief_distributions.csv,DIST-0007,2025-02-28T00:00:00Z,,,,DIST-0007,"{""aid_type"":""BED_KIT"",""beneficiary_program_id"":""BEN-007"",""content_role"":""EXCULPATORY_EVIDENCE"",""distributed_at"":""2025-02-28T00:00:00Z"",""distribution_id"":""DIST-0007"",""estimated_value"":""2470.00"",""funding_transaction_id"":""TX-AID-007"",""source_system_id"":""WAREHOUSE_LOG"",""units_distributed"":""26"",""verified_by_record_id"":""PR-VIOLET-03"",""warehouse_record_id"":""WH-0007""}",authoring/relief_distributions.csv#DIST-0007,EXCULPATORY_EVIDENCE,de7573de225ad15cef8212e2698c3acf5d9532692016d03828a0eff61f9fecb4,2026.07.19.3
BISCUIT_RELIEF,DIST-0008,DISTRIBUTION,,DIST-0008,WAREHOUSE_LOG,authoring/relief_distributions.csv,DIST-0008,2025-03-03T00:00:00Z,,,,DIST-0008,"{""aid_type"":""HYGIENE_KIT"",""beneficiary_program_id"":""BEN-008"",""content_role"":""EXCULPATORY_EVIDENCE"",""distributed_at"":""2025-03-03T00:00:00Z"",""distribution_id"":""DIST-0008"",""estimated_value"":""3335.00"",""funding_transaction_id"":""TX-AID-008"",""source_system_id"":""WAREHOUSE_LOG"",""units_distributed"":""29"",""verified_by_record_id"":""PR-VIOLET-03"",""warehouse_record_id"":""WH-0008""}",authoring/relief_distributions.csv#DIST-0008,EXCULPATORY_EVIDENCE,07f56d03cf9aaf9bb53f775305d784e562ebe916d75052d72935f0dc5b7a14b0,2026.07.19.3
BISCUIT_RELIEF,DIST-0009,DISTRIBUTION,,DIST-0009,WAREHOUSE_LOG,authoring/relief_distributions.csv,DIST-0009,2025-03-06T00:00:00Z,,,,DIST-0009,"{""aid_type"":""MEDICINE_CRATE"",""beneficiary_program_id"":""BEN-009"",""content_role"":""EXCULPATORY_EVIDENCE"",""distributed_at"":""2025-03-06T00:00:00Z"",""distribution_id"":""DIST-0009"",""estimated_value"":""4320.00"",""funding_transaction_id"":""TX-AID-009"",""source_system_id"":""WAREHOUSE_LOG"",""units_distributed"":""32"",""verified_by_record_id"":""PR-INGRID-01"",""warehouse_record_id"":""WH-0009""}",authoring/relief_distributions.csv#DIST-0009,EXCULPATORY_EVIDENCE,497a43a8091024d2551c8d4d706ce16d289903b733284c0e3e3f209fce26c072,2026.07.19.3
BISCUIT_RELIEF,DIST-0010,DISTRIBUTION,,DIST-0010,WAREHOUSE_LOG,authoring/relief_distributions.csv,DIST-0010,2025-03-09T00:00:00Z,,,,DIST-0010,"{""aid_type"":""TRANSPORT_VOUCHER"",""beneficiary_program_id"":""BEN-010"",""content_role"":""EXCULPATORY_EVIDENCE"",""distributed_at"":""2025-03-09T00:00:00Z"",""distribution_id"":""DIST-0010"",""estimated_value"":""5425.00"",""funding_transaction_id"":""TX-AID-010"",""source_system_id"":""WAREHOUSE_LOG"",""units_distributed"":""35"",""verified_by_record_id"":""PR-VIOLET-03"",""warehouse_record_id"":""WH-0010""}",authoring/relief_distributions.csv#DIST-0010,EXCULPATORY_EVIDENCE,3977c1d68b811bc80f7a787adea6cf47eba3de6a58fe6b34b19af8725727eb0f,2026.07.19.3
BISCUIT_RELIEF,DIST-0011,DISTRIBUTION,,DIST-0011,WAREHOUSE_LOG,authoring/relief_distributions.csv,DIST-0011,2025-03-12T00:00:00Z,,,,DIST-0011,"{""aid_type"":""FOOD_BOX"",""beneficiary_program_id"":""BEN-011"",""content_role"":""EXCULPATORY_EVIDENCE"",""distributed_at"":""2025-03-12T00:00:00Z"",""distribution_id"":""DIST-0011"",""estimated_value"":""2850.00"",""funding_transaction_id"":""TX-AID-011"",""source_system_id"":""WAREHOUSE_LOG"",""units_distributed"":""38"",""verified_by_record_id"":""PR-VIOLET-03"",""warehouse_record_id"":""WH-0011""}",authoring/relief_distributions.csv#DIST-0011,EXCULPATORY_EVIDENCE,3aa882b9f62baa8dba0a5d0b92c6211914b16237bcce8e309847e59061a965ff,2026.07.19.3
BISCUIT_RELIEF,DIST-0012,DISTRIBUTION,,DIST-0012,WAREHOUSE_LOG,authoring/relief_distributions.csv,DIST-0012,2025-03-15T00:00:00Z,,,,DIST-0012,"{""aid_type"":""BED_KIT"",""beneficiary_program_id"":""BEN-012"",""content_role"":""EXCULPATORY_EVIDENCE"",""distributed_at"":""2025-03-15T00:00:00Z"",""distribution_id"":""DIST-0012"",""estimated_value"":""3895.00"",""funding_transaction_id"":""TX-AID-012"",""source_system_id"":""WAREHOUSE_LOG"",""units_distributed"":""41"",""verified_by_record_id"":""PR-VIOLET-03"",""warehouse_record_id"":""WH-0012""}",authoring/relief_distributions.csv#DIST-0012,EXCULPATORY_EVIDENCE,aaecc46b66695028bf0c4cdccd6ade3109e04599649157c329ce34099a83c28a,2026.07.19.3
BISCUIT_RELIEF,DIST-0037,DISTRIBUTION,,DIST-0037,WAREHOUSE_LOG,authoring/relief_distributions.csv,DIST-0037,2025-05-29T00:00:00Z,,,,DIST-0037,"{""aid_type"":""BED_KIT"",""beneficiary_program_id"":""BEN-001"",""content_role"":""EXCULPATORY_EVIDENCE"",""distributed_at"":""2025-05-29T00:00:00Z"",""distribution_id"":""DIST-0037"",""estimated_value"":""760.00"",""funding_transaction_id"":""TX-AID-037"",""source_system_id"":""WAREHOUSE_LOG"",""units_distributed"":""8"",""verified_by_record_id"":""PR-INGRID-01"",""warehouse_record_id"":""WH-0037""}",authoring/relief_distributions.csv#DIST-0037,EXCULPATORY_EVIDENCE,3280fe7ca859730faac9721180d0936f5551ff3914bfcd127335744058e1537b,2026.07.19.3
BISCUIT_RELIEF,DIST-0038,DISTRIBUTION,,DIST-0038,WAREHOUSE_LOG,authoring/relief_distributions.csv,DIST-0038,2025-06-01T00:00:00Z,,,,DIST-0038,"{""aid_type"":""HYGIENE_KIT"",""beneficiary_program_id"":""BEN-002"",""content_role"":""EXCULPATORY_EVIDENCE"",""distributed_at"":""2025-06-01T00:00:00Z"",""distribution_id"":""DIST-0038"",""estimated_value"":""1265.00"",""funding_transaction_id"":""TX-AID-038"",""source_system_id"":""WAREHOUSE_LOG"",""units_distributed"":""11"",""verified_by_record_id"":""PR-VIOLET-03"",""warehouse_record_id"":""WH-0038""}",authoring/relief_distributions.csv#DIST-0038,EXCULPATORY_EVIDENCE,54a519774544750828478f10ceb4cc869bef1262a785a41445a8561941f85102,2026.07.19.3
BISCUIT_RELIEF,DIST-0039,DISTRIBUTION,,DIST-0039,WAREHOUSE_LOG,authoring/relief_distributions.csv,DIST-0039,2025-06-04T00:00:00Z,,,,DIST-0039,"{""aid_type"":""MEDICINE_CRATE"",""beneficiary_program_id"":""BEN-003"",""content_role"":""EXCULPATORY_EVIDENCE"",""distributed_at"":""2025-06-04T00:00:00Z"",""distribution_id"":""DIST-0039"",""estimated_value"":""1890.00"",""funding_transaction_id"":""TX-AID-039"",""source_system_id"":""WAREHOUSE_LOG"",""units_distributed"":""14"",""verified_by_record_id"":""PR-VIOLET-03"",""warehouse_record_id"":""WH-0039""}",authoring/relief_distributions.csv#DIST-0039,EXCULPATORY_EVIDENCE,9db53714ecb91e267f55fe4ca0ad61057c18e5ae9805735182d04c4ed27a88bb,2026.07.19.3
BISCUIT_RELIEF,DIST-0040,DISTRIBUTION,,DIST-0040,WAREHOUSE_LOG,authoring/relief_distributions.csv,DIST-0040,2025-06-07T00:00:00Z,,,,DIST-0040,"{""aid_type"":""TRANSPORT_VOUCHER"",""beneficiary_program_id"":""BEN-004"",""content_role"":""EXCULPATORY_EVIDENCE"",""distributed_at"":""2025-06-07T00:00:00Z"",""distribution_id"":""DIST-0040"",""estimated_value"":""2635.00"",""funding_transaction_id"":""TX-AID-040"",""source_system_id"":""WAREHOUSE_LOG"",""units_distributed"":""17"",""verified_by_record_id"":""PR-VIOLET-03"",""warehouse_record_id"":""WH-0040""}",authoring/relief_distributions.csv#DIST-0040,EXCULPATORY_EVIDENCE,2b78c9ee783f3780554a08219d9bce509c382557ae1140ff2a0457a17a2ba005,2026.07.19.3
BISCUIT_RELIEF,DIST-0041,DISTRIBUTION,,DIST-0041,WAREHOUSE_LOG,authoring/relief_distributions.csv,DIST-0041,2025-06-10T00:00:00Z,,,,DIST-0041,"{""aid_type"":""FOOD_BOX"",""beneficiary_program_id"":""BEN-005"",""content_role"":""EXCULPATORY_EVIDENCE"",""distributed_at"":""2025-06-10T00:00:00Z"",""distribution_id"":""DIST-0041"",""estimated_value"":""1500.00"",""funding_transaction_id"":""TX-AID-041"",""source_system_id"":""WAREHOUSE_LOG"",""units_distributed"":""20"",""verified_by_record_id"":""PR-INGRID-01"",""warehouse_record_id"":""WH-0041""}",authoring/relief_distributions.csv#DIST-0041,EXCULPATORY_EVIDENCE,f9b666b01ceec4ef6622f7f5c66f403e96785274297ca4316738c15a9a9e7aa7,2026.07.19.3
BISCUIT_RELIEF,DIST-0042,DISTRIBUTION,,DIST-0042,WAREHOUSE_LOG,authoring/relief_distributions.csv,DIST-0042,2025-06-13T00:00:00Z,,,,DIST-0042,"{""aid_type"":""BED_KIT"",""beneficiary_program_id"":""BEN-006"",""content_role"":""EXCULPATORY_EVIDENCE"",""distributed_at"":""2025-06-13T00:00:00Z"",""distribution_id"":""DIST-0042"",""estimated_value"":""2185.00"",""funding_transaction_id"":""TX-AID-042"",""source_system_id"":""WAREHOUSE_LOG"",""units_distributed"":""23"",""verified_by_record_id"":""PR-VIOLET-03"",""warehouse_record_id"":""WH-0042""}",authoring/relief_distributions.csv#DIST-0042,EXCULPATORY_EVIDENCE,58431ae04aaa35b1d1c94d11a7acfced3a237794950ad2f7dd1f907886b3f653,2026.07.19.3
BISCUIT_RELIEF,DIST-0043,DISTRIBUTION,,DIST-0043,WAREHOUSE_LOG,authoring/relief_distributions.csv,DIST-0043,2025-06-16T00:00:00Z,,,,DIST-0043,"{""aid_type"":""HYGIENE_KIT"",""beneficiary_program_id"":""BEN-007"",""content_role"":""EXCULPATORY_EVIDENCE"",""distributed_at"":""2025-06-16T00:00:00Z"",""distribution_id"":""DIST-0043"",""estimated_value"":""2990.00"",""funding_transaction_id"":""TX-AID-043"",""source_system_id"":""WAREHOUSE_LOG"",""units_distributed"":""26"",""verified_by_record_id"":""PR-VIOLET-03"",""warehouse_record_id"":""WH-0043""}",authoring/relief_distributions.csv#DIST-0043,EXCULPATORY_EVIDENCE,2049ad2fef055fd8103bc17ceda56116324cf7573320f77b4788f8b6f5321125,2026.07.19.3
BISCUIT_RELIEF,DIST-0044,DISTRIBUTION,,DIST-0044,WAREHOUSE_LOG,authoring/relief_distributions.csv,DIST-0044,2025-06-19T00:00:00Z,,,,DIST-0044,"{""aid_type"":""MEDICINE_CRATE"",""beneficiary_program_id"":""BEN-008"",""content_role"":""EXCULPATORY_EVIDENCE"",""distributed_at"":""2025-06-19T00:00:00Z"",""distribution_id"":""DIST-0044"",""estimated_value"":""3915.00"",""funding_transaction_id"":""TX-AID-044"",""source_system_id"":""WAREHOUSE_LOG"",""units_distributed"":""29"",""verified_by_record_id"":""PR-VIOLET-03"",""warehouse_record_id"":""WH-0044""}",authoring/relief_distributions.csv#DIST-0044,EXCULPATORY_EVIDENCE,2ae0e7df81e9c47510b62cdaacdbf87a8fc3a191d58c1ea9cdc6b134ef95caee,2026.07.19.3
BISCUIT_RELIEF,DIST-0045,DISTRIBUTION,,DIST-0045,WAREHOUSE_LOG,authoring/relief_distributions.csv,DIST-0045,2025-06-22T00:00:00Z,,,,DIST-0045,"{""aid_type"":""TRANSPORT_VOUCHER"",""beneficiary_program_id"":""BEN-009"",""content_role"":""EXCULPATORY_EVIDENCE"",""distributed_at"":""2025-06-22T00:00:00Z"",""distribution_id"":""DIST-0045"",""estimated_value"":""4960.00"",""funding_transaction_id"":""TX-AID-045"",""source_system_id"":""WAREHOUSE_LOG"",""units_distributed"":""32"",""verified_by_record_id"":""PR-INGRID-01"",""warehouse_record_id"":""WH-0045""}",authoring/relief_distributions.csv#DIST-0045,EXCULPATORY_EVIDENCE,d6f6033859e184224a08300401463b03d7e3c557cf922398f64917fae2256bdc,2026.07.19.3
BISCUIT_RELIEF,DOC-001,DOCUMENT,CHARITY_REGISTRATION,Charity Registration,DOCUMENT_REPOSITORY,authoring/relief_documents.csv,DOC-001,2024-12-08,,,,Charity Registration,"{""content_role"":""SUPPORTING_EVIDENCE"",""document_hash"":""d95eea885eed080b774cd339ad2f5532f95eeed3f0d66b0a9d7f36d635f7d938"",""document_id"":""DOC-001"",""document_type"":""CHARITY_REGISTRATION"",""issued_at"":""2024-12-08"",""issuer_record_id"":""OR-GBRF-01"",""related_beneficiary_program_id"":"""",""related_campaign_id"":""CAMP-001"",""related_transaction_id"":"""",""signer_record_id"":""PR-ARLO-02"",""source_system_id"":""DOCUMENT_REPOSITORY"",""template_id"":"""",""title"":""Charity Registration""}",authoring/relief_documents.csv#DOC-001,SUPPORTING_EVIDENCE,3f15dbbd440f33feafc790d45a2d6fd16f5f17470da712131a26814b38e8455f,2026.07.19.3
BISCUIT_RELIEF,DOC-002,DOCUMENT,CHARITY_REGISTRATION,Charity Registration,DOCUMENT_REPOSITORY,authoring/relief_documents.csv,DOC-002,2024-12-15,,,,Charity Registration,"{""content_role"":""SUPPORTING_EVIDENCE"",""document_hash"":""cb426170ce52c1654198b3e45736693ee242c692882cc860d57651cba31859b7"",""document_id"":""DOC-002"",""document_type"":""CHARITY_REGISTRATION"",""issued_at"":""2024-12-15"",""issuer_record_id"":""OR-GBRF-01"",""related_beneficiary_program_id"":"""",""related_campaign_id"":""CAMP-002"",""related_transaction_id"":"""",""signer_record_id"":""PR-ARLO-02"",""source_system_id"":""DOCUMENT_REPOSITORY"",""template_id"":"""",""title"":""Charity Registration""}",authoring/relief_documents.csv#DOC-002,SUPPORTING_EVIDENCE,434f9b1bb481bf6d4f5444a46d211cb8ad70c4302c20ee3bcb8ba22a395a1785,2026.07.19.3
BISCUIT_RELIEF,DOC-003,DOCUMENT,CHARITY_REGISTRATION,Charity Registration,DOCUMENT_REPOSITORY,authoring/relief_documents.csv,DOC-003,2024-12-22,,,,Charity Registration,"{""content_role"":""SUPPORTING_EVIDENCE"",""document_hash"":""34cfffabb06dbeffde9a8f75d5b24ec37672e42e6381b274bc7e16f091ad04bb"",""document_id"":""DOC-003"",""document_type"":""CHARITY_REGISTRATION"",""issued_at"":""2024-12-22"",""issuer_record_id"":""OR-GBRF-01"",""related_beneficiary_program_id"":"""",""related_campaign_id"":""CAMP-003"",""related_transaction_id"":"""",""signer_record_id"":""PR-ARLO-02"",""source_system_id"":""DOCUMENT_REPOSITORY"",""template_id"":"""",""title"":""Charity Registration""}",authoring/relief_documents.csv#DOC-003,SUPPORTING_EVIDENCE,c9b8eec4031a4ee29f71e0e9a1d868a4a0f800f3f911494350fa91586c7dd32c,2026.07.19.3
BISCUIT_RELIEF,DOC-004,DOCUMENT,CHARITY_REGISTRATION,Charity Registration,DOCUMENT_REPOSITORY,authoring/relief_documents.csv,DOC-004,2024-12-29,,,,Charity Registration,"{""content_role"":""SUPPORTING_EVIDENCE"",""document_hash"":""41b28af9cf73c35be7c6c674f301c701bc4cc4bdf8201bba4c16294385d2f1fd"",""document_id"":""DOC-004"",""document_type"":""CHARITY_REGISTRATION"",""issued_at"":""2024-12-29"",""issuer_record_id"":""OR-GBRF-01"",""related_beneficiary_program_id"":"""",""related_campaign_id"":""CAMP-004"",""related_transaction_id"":"""",""signer_record_id"":""PR-ARLO-02"",""source_system_id"":""DOCUMENT_REPOSITORY"",""template_id"":"""",""title"":""Charity Registration""}",authoring/relief_documents.csv#DOC-004,SUPPORTING_EVIDENCE,d04aa256e0ad2d4c253b23dbffa15d32294b4269d292da8214c656b8c900ff03,2026.07.19.3
BISCUIT_RELIEF,DOC-005,DOCUMENT,CHARITY_REGISTRATION,Charity Registration,DOCUMENT_REPOSITORY,authoring/relief_documents.csv,DOC-005,2025-01-05,,,,Charity Registration,"{""content_role"":""SUPPORTING_EVIDENCE"",""document_hash"":""b8b75747624cf985c748fb5aaccae7086fdd5a6ebe4797f211e4cc3e03ed3ac9"",""document_id"":""DOC-005"",""document_type"":""CHARITY_REGISTRATION"",""issued_at"":""2025-01-05"",""issuer_record_id"":""OR-GBRF-01"",""related_beneficiary_program_id"":"""",""related_campaign_id"":""CAMP-005"",""related_transaction_id"":"""",""signer_record_id"":""PR-ARLO-02"",""source_system_id"":""DOCUMENT_REPOSITORY"",""template_id"":"""",""title"":""Charity Registration""}",authoring/relief_documents.csv#DOC-005,SUPPORTING_EVIDENCE,d9f240358dfcb35699b1e2db2087c1ef17b34df0a74a011f150ed84fc4bdc3e0,2026.07.19.3
BISCUIT_RELIEF,DOC-006,DOCUMENT,CHARITY_REGISTRATION,Charity Registration,DOCUMENT_REPOSITORY,authoring/relief_documents.csv,DOC-006,2025-01-12,,,,Charity Registration,"{""content_role"":""SUPPORTING_EVIDENCE"",""document_hash"":""1f77c5582a9671eaff65001e5995d0d871de8f85befb6eeff6fb672bf42aa315"",""document_id"":""DOC-006"",""document_type"":""CHARITY_REGISTRATION"",""issued_at"":""2025-01-12"",""issuer_record_id"":""OR-GBRF-01"",""related_beneficiary_program_id"":"""",""related_campaign_id"":""CAMP-006"",""related_transaction_id"":"""",""signer_record_id"":""PR-ARLO-02"",""source_system_id"":""DOCUMENT_REPOSITORY"",""template_id"":"""",""title"":""Charity Registration""}",authoring/relief_documents.csv#DOC-006,SUPPORTING_EVIDENCE,aba35bd4db6da2c152490474d01a78a6df30d8fa5cb9ccc04e6a890cd1d8a468,2026.07.19.3
BISCUIT_RELIEF,DOC-007,DOCUMENT,CHARITY_REGISTRATION,Charity Registration,DOCUMENT_REPOSITORY,authoring/relief_documents.csv,DOC-007,2025-01-19,,,,Charity Registration,"{""content_role"":""SUPPORTING_EVIDENCE"",""document_hash"":""2a8c2f311bd99df9b650a97ffb147a20f81695105662f41c01dbc341d1b0467f"",""document_id"":""DOC-007"",""document_type"":""CHARITY_REGISTRATION"",""issued_at"":""2025-01-19"",""issuer_record_id"":""OR-GBRF-01"",""related_beneficiary_program_id"":"""",""related_campaign_id"":""CAMP-007"",""related_transaction_id"":"""",""signer_record_id"":""PR-ARLO-02"",""source_system_id"":""DOCUMENT_REPOSITORY"",""template_id"":"""",""title"":""Charity Registration""}",authoring/relief_documents.csv#DOC-007,SUPPORTING_EVIDENCE,d8aa003413fe18a0d42d1dd230e07455bc9b30b8e2515a51da98adc39d668ac7,2026.07.19.3
BISCUIT_RELIEF,DOC-008,DOCUMENT,CHARITY_REGISTRATION,Charity Registration,DOCUMENT_REPOSITORY,authoring/relief_documents.csv,DOC-008,2025-01-26,,,,Charity Registration,"{""content_role"":""SUPPORTING_EVIDENCE"",""document_hash"":""b913731fe94a5e9a63e1386897b2f3019c826e7d5d60e2722516ff30f01e6cb4"",""document_id"":""DOC-008"",""document_type"":""CHARITY_REGISTRATION"",""issued_at"":""2025-01-26"",""issuer_record_id"":""OR-GBRF-01"",""related_beneficiary_program_id"":"""",""related_campaign_id"":""CAMP-008"",""related_transaction_id"":"""",""signer_record_id"":""PR-ARLO-02"",""source_system_id"":""DOCUMENT_REPOSITORY"",""template_id"":"""",""title"":""Charity Registration""}",authoring/relief_documents.csv#DOC-008,SUPPORTING_EVIDENCE,d7fd15743b18df29e8da9dd060b80106ea66e1526485384499f5194d53263d25,2026.07.19.3
BISCUIT_RELIEF,DOC-009,DOCUMENT,CAMPAIGN_PAGE_EXPORT,Campaign Page Export,DOCUMENT_REPOSITORY,authoring/relief_documents.csv,DOC-009,2025-02-02,,,,Campaign Page Export,"{""content_role"":""SUPPORTING_EVIDENCE"",""document_hash"":""b3088862513908d0e3dcaad1f43ea4d5a5b50fda550e978a76bdd66f0acd9250"",""document_id"":""DOC-009"",""document_type"":""CAMPAIGN_PAGE_EXPORT"",""issued_at"":""2025-02-02"",""issuer_record_id"":""OR-GBRF-01"",""related_beneficiary_program_id"":"""",""related_campaign_id"":""CAMP-009"",""related_transaction_id"":"""",""signer_record_id"":""PR-ARLO-02"",""source_system_id"":""DOCUMENT_REPOSITORY"",""template_id"":""tmpl-relief-v4"",""title"":""Campaign Page Export""}",authoring/relief_documents.csv#DOC-009,SUPPORTING_EVIDENCE,c19b08001c9705a2c2b7dc46afcc53793d97f0b51b25adebb2defd3f4ebacb77,2026.07.19.3
BISCUIT_RELIEF,DOC-010,DOCUMENT,CAMPAIGN_PAGE_EXPORT,Campaign Page Export,DOCUMENT_REPOSITORY,authoring/relief_documents.csv,DOC-010,2025-02-09,,,,Campaign Page Export,"{""content_role"":""SUPPORTING_EVIDENCE"",""document_hash"":""38fde82052fdfb399093a8a834ccad262554e1d28cd863755c116c783bd83df3"",""document_id"":""DOC-010"",""document_type"":""CAMPAIGN_PAGE_EXPORT"",""issued_at"":""2025-02-09"",""issuer_record_id"":""OR-GBRF-01"",""related_beneficiary_program_id"":"""",""related_campaign_id"":""CAMP-010"",""related_transaction_id"":"""",""signer_record_id"":""PR-ARLO-02"",""source_system_id"":""DOCUMENT_REPOSITORY"",""template_id"":""tmpl-relief-v4"",""title"":""Campaign Page Export""}",authoring/relief_documents.csv#DOC-010,SUPPORTING_EVIDENCE,7edfe1346d20b2b387f40b4ae08efa8d5bfde58fb1f3e18a531b604879a1fcc1,2026.07.19.3
BISCUIT_RELIEF,DOC-011,DOCUMENT,CAMPAIGN_PAGE_EXPORT,Campaign Page Export,DOCUMENT_REPOSITORY,authoring/relief_documents.csv,DOC-011,2025-02-16,,,,Campaign Page Export,"{""content_role"":""SUPPORTING_EVIDENCE"",""document_hash"":""9d18d0e45223e4e1815bdcc3aca54a0251f50cf080fdfc666bdf18a743321894"",""document_id"":""DOC-011"",""document_type"":""CAMPAIGN_PAGE_EXPORT"",""issued_at"":""2025-02-16"",""issuer_record_id"":""OR-GBRF-01"",""related_beneficiary_program_id"":"""",""related_campaign_id"":""CAMP-011"",""related_transaction_id"":"""",""signer_record_id"":""PR-ARLO-02"",""source_system_id"":""DOCUMENT_REPOSITORY"",""template_id"":""tmpl-relief-v4"",""title"":""Campaign Page Export""}",authoring/relief_documents.csv#DOC-011,SUPPORTING_EVIDENCE,9dd35f922154481e07b74c9110b548cd3023367b692e9495a3093b88560432a4,2026.07.19.3
BISCUIT_RELIEF,DOC-012,DOCUMENT,CAMPAIGN_PAGE_EXPORT,Campaign Page Export,DOCUMENT_REPOSITORY,authoring/relief_documents.csv,DOC-012,2025-02-23,,,,Campaign Page Export,"{""content_role"":""SUPPORTING_EVIDENCE"",""document_hash"":""bb437fd961f1032c13cc85780e341321748efe7c92878e9f632c9079641fbd94"",""document_id"":""DOC-012"",""document_type"":""CAMPAIGN_PAGE_EXPORT"",""issued_at"":""2025-02-23"",""issuer_record_id"":""OR-GBRF-01"",""related_beneficiary_program_id"":"""",""related_campaign_id"":""CAMP-012"",""related_transaction_id"":"""",""signer_record_id"":""PR-ARLO-02"",""source_system_id"":""DOCUMENT_REPOSITORY"",""template_id"":""tmpl-relief-v4"",""title"":""Campaign Page Export""}",authoring/relief_documents.csv#DOC-012,SUPPORTING_EVIDENCE,afa429973481f7a1a6438d8dba5618ffedb0f50035f43b79cee7cb85e6bfe649,2026.07.19.3
BISCUIT_RELIEF,DOC-013,DOCUMENT,CAMPAIGN_PAGE_EXPORT,Campaign Page Export,DOCUMENT_REPOSITORY,authoring/relief_documents.csv,DOC-013,2025-03-02,,,,Campaign Page Export,"{""content_role"":""SUPPORTING_EVIDENCE"",""document_hash"":""58c3b6bc7b5a5d357ade0ecad00dac0b7cd58ba2cc3595d0798d4d346f9b4a90"",""document_id"":""DOC-013"",""document_type"":""CAMPAIGN_PAGE_EXPORT"",""issued_at"":""2025-03-02"",""issuer_record_id"":""OR-GBRF-01"",""related_beneficiary_program_id"":"""",""related_campaign_id"":""CAMP-013"",""related_transaction_id"":"""",""signer_record_id"":""PR-ARLO-02"",""source_system_id"":""DOCUMENT_REPOSITORY"",""template_id"":""tmpl-relief-v4"",""title"":""Campaign Page Export""}",authoring/relief_documents.csv#DOC-013,SUPPORTING_EVIDENCE,9571049962e5439d635306490f9ad63e83f8dab7576f441a72f0573b32a5d026,2026.07.19.3
BISCUIT_RELIEF,DOC-014,DOCUMENT,CAMPAIGN_PAGE_EXPORT,Campaign Page Export,DOCUMENT_REPOSITORY,authoring/relief_documents.csv,DOC-014,2025-03-09,,,,Campaign Page Export,"{""content_role"":""SUPPORTING_EVIDENCE"",""document_hash"":""868793f6bba13f25d001e54c4d96c13737cf6f8f40ba8abfcdab53797c0632ac"",""document_id"":""DOC-014"",""document_type"":""CAMPAIGN_PAGE_EXPORT"",""issued_at"":""2025-03-09"",""issuer_record_id"":""OR-GBRF-01"",""related_beneficiary_program_id"":"""",""related_campaign_id"":""CAMP-014"",""related_transaction_id"":"""",""signer_record_id"":""PR-ARLO-02"",""source_system_id"":""DOCUMENT_REPOSITORY"",""template_id"":""tmpl-relief-v4"",""title"":""Campaign Page Export""}",authoring/relief_documents.csv#DOC-014,SUPPORTING_EVIDENCE,6cc34b019d1d5b1b28ff0bcb04032fcdc6e3fe0ec7cf9869ad57358d8c368d90,2026.07.19.3
BISCUIT_RELIEF,DOC-015,DOCUMENT,CAMPAIGN_PAGE_EXPORT,Campaign Page Export,DOCUMENT_REPOSITORY,authoring/relief_documents.csv,DOC-015,2025-03-16,,,,Campaign Page Export,"{""content_role"":""SUPPORTING_EVIDENCE"",""document_hash"":""81795e835871783b4fb0b14d71ccd9c6b99d859b1ff1e8d5b5c6dfffed9b453f"",""document_id"":""DOC-015"",""document_type"":""CAMPAIGN_PAGE_EXPORT"",""issued_at"":""2025-03-16"",""issuer_record_id"":""OR-GBRF-01"",""related_beneficiary_program_id"":"""",""related_campaign_id"":""CAMP-015"",""related_transaction_id"":"""",""signer_record_id"":""PR-ARLO-02"",""source_system_id"":""DOCUMENT_REPOSITORY"",""template_id"":""tmpl-relief-v4"",""title"":""Campaign Page Export""}",authoring/relief_documents.csv#DOC-015,SUPPORTING_EVIDENCE,66ce6b65732b8cbc7bb019dda9d6252c1804bc2db80767541901780779c508bd,2026.07.19.3
BISCUIT_RELIEF,DOC-016,DOCUMENT,CAMPAIGN_PAGE_EXPORT,Campaign Page Export,DOCUMENT_REPOSITORY,authoring/relief_documents.csv,DOC-016,2025-03-23,,,,Campaign Page Export,"{""content_role"":""SUPPORTING_EVIDENCE"",""document_hash"":""d6928ba27aa215f531ee2738f10bf123ed03c168b558bff419d32c9cb4dca5d2"",""document_id"":""DOC-016"",""document_type"":""CAMPAIGN_PAGE_EXPORT"",""issued_at"":""2025-03-23"",""issuer_record_id"":""OR-GBRF-01"",""related_beneficiary_program_id"":"""",""related_campaign_id"":""CAMP-016"",""related_transaction_id"":"""",""signer_record_id"":""PR-ARLO-02"",""source_system_id"":""DOCUMENT_REPOSITORY"",""template_id"":""tmpl-relief-v4"",""title"":""Campaign Page Export""}",authoring/relief_documents.csv#DOC-016,SUPPORTING_EVIDENCE,0b5cb0f6f0183e73568c2cde3d74f73bdbad791274ecbffece7b06de3cce035a,2026.07.19.3
BISCUIT_RELIEF,DOC-017,DOCUMENT,CAMPAIGN_PAGE_EXPORT,Campaign Page Export,DOCUMENT_REPOSITORY,authoring/relief_documents.csv,DOC-017,2025-03-30,,,,Campaign Page Export,"{""content_role"":""SUPPORTING_EVIDENCE"",""document_hash"":""f06a77014f594d61f1e44075bcaba5e75a6095f7d5fca6f3c3e2623f0d7cea55"",""document_id"":""DOC-017"",""document_type"":""CAMPAIGN_PAGE_EXPORT"",""issued_at"":""2025-03-30"",""issuer_record_id"":""OR-GBRF-01"",""related_beneficiary_program_id"":"""",""related_campaign_id"":""CAMP-017"",""related_transaction_id"":"""",""signer_record_id"":""PR-ARLO-02"",""source_system_id"":""DOCUMENT_REPOSITORY"",""template_id"":""tmpl-relief-v4"",""title"":""Campaign Page Export""}",authoring/relief_documents.csv#DOC-017,SUPPORTING_EVIDENCE,6eb330d8b0971c9579637974d8bdd6cfd242b9ef5d06feb3c9da9a4839f45a6c,2026.07.19.3
BISCUIT_RELIEF,DOC-018,DOCUMENT,CAMPAIGN_PAGE_EXPORT,Campaign Page Export,DOCUMENT_REPOSITORY,authoring/relief_documents.csv,DOC-018,2025-04-06,,,,Campaign Page Export,"{""content_role"":""SUPPORTING_EVIDENCE"",""document_hash"":""599f69b1cf45b5d4ed33364f9d107ac11dd0f868ba36b8160918ece90d67e5a6"",""document_id"":""DOC-018"",""document_type"":""CAMPAIGN_PAGE_EXPORT"",""issued_at"":""2025-04-06"",""issuer_record_id"":""OR-GBRF-01"",""related_beneficiary_program_id"":"""",""related_campaign_id"":""CAMP-018"",""related_transaction_id"":"""",""signer_record_id"":""PR-ARLO-02"",""source_system_id"":""DOCUMENT_REPOSITORY"",""template_id"":""tmpl-relief-v4"",""title"":""Campaign Page Export""}",authoring/relief_documents.csv#DOC-018,SUPPORTING_EVIDENCE,7f3c365b52a977d77882329a44b29224b4865231c2c46a3033a833765a2118c8,2026.07.19.3
BISCUIT_RELIEF,DOC-019,DOCUMENT,CAMPAIGN_PAGE_EXPORT,Campaign Page Export,DOCUMENT_REPOSITORY,authoring/relief_documents.csv,DOC-019,2025-04-13,,,,Campaign Page Export,"{""content_role"":""SUPPORTING_EVIDENCE"",""document_hash"":""4f57b9380a94744141aeeb4f7a02bb9a9998ab10d5074ca5539628f0e72d0e45"",""document_id"":""DOC-019"",""document_type"":""CAMPAIGN_PAGE_EXPORT"",""issued_at"":""2025-04-13"",""issuer_record_id"":""OR-GBRF-01"",""related_beneficiary_program_id"":"""",""related_campaign_id"":""CAMP-019"",""related_transaction_id"":"""",""signer_record_id"":""PR-ARLO-02"",""source_system_id"":""DOCUMENT_REPOSITORY"",""template_id"":""tmpl-relief-v4"",""title"":""Campaign Page Export""}",authoring/relief_documents.csv#DOC-019,SUPPORTING_EVIDENCE,17ecaf69c1ae06fe5fb6a914b86109f8e4e586a12ea505e0f911c452334aa605,2026.07.19.3
BISCUIT_RELIEF,DOC-020,DOCUMENT,CAMPAIGN_PAGE_EXPORT,Campaign Page Export,DOCUMENT_REPOSITORY,authoring/relief_documents.csv,DOC-020,2025-04-20,,,,Campaign Page Export,"{""content_role"":""SUPPORTING_EVIDENCE"",""document_hash"":""e494bc340f85a8b7f2a3efd141fc14074c5e51a9ebf69d902b600ea35867b41c"",""document_id"":""DOC-020"",""document_type"":""CAMPAIGN_PAGE_EXPORT"",""issued_at"":""2025-04-20"",""issuer_record_id"":""OR-GBRF-01"",""related_beneficiary_program_id"":"""",""related_campaign_id"":""CAMP-020"",""related_transaction_id"":"""",""signer_record_id"":""PR-ARLO-02"",""source_system_id"":""DOCUMENT_REPOSITORY"",""template_id"":""tmpl-relief-v4"",""title"":""Campaign Page Export""}",authoring/relief_documents.csv#DOC-020,SUPPORTING_EVIDENCE,4d4c2c51a1776cd1d16c2a69e3c1caf6d390900d83409d5bf760f4fa23aa5902,2026.07.19.3
BISCUIT_RELIEF,DOC-021,DOCUMENT,PROCESSOR_STATEMENT,Processor Statement,DOCUMENT_REPOSITORY,authoring/relief_documents.csv,DOC-021,2025-04-27,,,,Processor Statement,"{""content_role"":""CORE_EVIDENCE"",""document_hash"":""65cb1c38ae7c476b228ddc3449c7a4ee5cf16e0f0145aa3159a3c63f7b2cb27d"",""document_id"":""DOC-021"",""document_type"":""PROCESSOR_STATEMENT"",""issued_at"":""2025-04-27"",""issuer_record_id"":""OR-PROCESSOR-01"",""related_beneficiary_program_id"":"""",""related_campaign_id"":""CAMP-021"",""related_transaction_id"":""TX-SET-0021"",""signer_record_id"":""PR-PRIYA-01"",""source_system_id"":""DOCUMENT_REPOSITORY"",""template_id"":"""",""title"":""Processor Statement""}",authoring/relief_documents.csv#DOC-021,CORE_EVIDENCE,94273d01a5f9ca4dc2a2bcce37aff7d31b8b9ed96b30b79a3694e5612687310c,2026.07.19.3
BISCUIT_RELIEF,DOC-022,DOCUMENT,PROCESSOR_STATEMENT,Processor Statement,DOCUMENT_REPOSITORY,authoring/relief_documents.csv,DOC-022,2025-05-04,,,,Processor Statement,"{""content_role"":""CORE_EVIDENCE"",""document_hash"":""5f50ae2eabf9b6dfcf3a85a76347228c54c9ee1c27c1387088280ed6200094d8"",""document_id"":""DOC-022"",""document_type"":""PROCESSOR_STATEMENT"",""issued_at"":""2025-05-04"",""issuer_record_id"":""OR-PROCESSOR-01"",""related_beneficiary_program_id"":"""",""related_campaign_id"":""CAMP-022"",""related_transaction_id"":""TX-SET-0022"",""signer_record_id"":""PR-PRIYA-01"",""source_system_id"":""DOCUMENT_REPOSITORY"",""template_id"":"""",""title"":""Processor Statement""}",authoring/relief_documents.csv#DOC-022,CORE_EVIDENCE,71093617b59bfeff8a80fd7f838ca0b6c02906183f7b1a0d7955c83c0383143d,2026.07.19.3
BISCUIT_RELIEF,DOC-023,DOCUMENT,PROCESSOR_STATEMENT,Processor Statement,DOCUMENT_REPOSITORY,authoring/relief_documents.csv,DOC-023,2025-05-11,,,,Processor Statement,"{""content_role"":""CORE_EVIDENCE"",""document_hash"":""37ffa18c879e4b6dc3ed0d2cfaab9a9bc932c5ccae27bb27b8d27ee8d8723244"",""document_id"":""DOC-023"",""document_type"":""PROCESSOR_STATEMENT"",""issued_at"":""2025-05-11"",""issuer_record_id"":""OR-PROCESSOR-01"",""related_beneficiary_program_id"":"""",""related_campaign_id"":""CAMP-023"",""related_transaction_id"":""TX-SET-0023"",""signer_record_id"":""PR-PRIYA-01"",""source_system_id"":""DOCUMENT_REPOSITORY"",""template_id"":"""",""title"":""Processor Statement""}",authoring/relief_documents.csv#DOC-023,CORE_EVIDENCE,25949f3717c31e16bfd4aa5a9fbee6d1b1f988c366f8fda115b7d94bbcc46b78,2026.07.19.3
BISCUIT_RELIEF,DOC-024,DOCUMENT,PROCESSOR_STATEMENT,Processor Statement,DOCUMENT_REPOSITORY,authoring/relief_documents.csv,DOC-024,2025-05-18,,,,Processor Statement,"{""content_role"":""CORE_EVIDENCE"",""document_hash"":""a983b91068e3b865a13ca144deb149a36903c7d29c029501ce0843b093f6eab5"",""document_id"":""DOC-024"",""document_type"":""PROCESSOR_STATEMENT"",""issued_at"":""2025-05-18"",""issuer_record_id"":""OR-PROCESSOR-01"",""related_beneficiary_program_id"":"""",""related_campaign_id"":""CAMP-024"",""related_transaction_id"":""TX-SET-0024"",""signer_record_id"":""PR-PRIYA-01"",""source_system_id"":""DOCUMENT_REPOSITORY"",""template_id"":"""",""title"":""Processor Statement""}",authoring/relief_documents.csv#DOC-024,CORE_EVIDENCE,672663f097ea4b1d4e63f193c102cd1c032f9cc8fab64071321ca7d560404649,2026.07.19.3
BISCUIT_RELIEF,DOC-025,DOCUMENT,PROCESSOR_STATEMENT,Processor Statement,DOCUMENT_REPOSITORY,authoring/relief_documents.csv,DOC-025,2025-05-25,,,,Processor Statement,"{""content_role"":""CORE_EVIDENCE"",""document_hash"":""cee1f5ca211559e4fb57ba1355d789cee4c9fb49beb8a0460f609ff39ac8ede4"",""document_id"":""DOC-025"",""document_type"":""PROCESSOR_STATEMENT"",""issued_at"":""2025-05-25"",""issuer_record_id"":""OR-PROCESSOR-01"",""related_beneficiary_program_id"":"""",""related_campaign_id"":""CAMP-025"",""related_transaction_id"":""TX-SET-0025"",""signer_record_id"":""PR-PRIYA-01"",""source_system_id"":""DOCUMENT_REPOSITORY"",""template_id"":"""",""title"":""Processor Statement""}",authoring/relief_documents.csv#DOC-025,CORE_EVIDENCE,52eae9fab8146cb142c84ffdb439a2c548e30bb3c0f2713e4d12fac56dedbed2,2026.07.19.3
BISCUIT_RELIEF,DOC-026,DOCUMENT,PROCESSOR_STATEMENT,Processor Statement,DOCUMENT_REPOSITORY,authoring/relief_documents.csv,DOC-026,2025-06-01,,,,Processor Statement,"{""content_role"":""CORE_EVIDENCE"",""document_hash"":""e9c9a69884a0afded71140b92fc5e5f94fc394bc1176b108a4c54d36384ba21f"",""document_id"":""DOC-026"",""document_type"":""PROCESSOR_STATEMENT"",""issued_at"":""2025-06-01"",""issuer_record_id"":""OR-PROCESSOR-01"",""related_beneficiary_program_id"":"""",""related_campaign_id"":""CAMP-026"",""related_transaction_id"":""TX-SET-0026"",""signer_record_id"":""PR-PRIYA-01"",""source_system_id"":""DOCUMENT_REPOSITORY"",""template_id"":"""",""title"":""Processor Statement""}",authoring/relief_documents.csv#DOC-026,CORE_EVIDENCE,26e07d87ec02a81ce60bfa806d795f7f8ad536f9bb546dae8c806b9bbef96806,2026.07.19.3
BISCUIT_RELIEF,DOC-027,DOCUMENT,PROCESSOR_STATEMENT,Processor Statement,DOCUMENT_REPOSITORY,authoring/relief_documents.csv,DOC-027,2025-06-08,,,,Processor Statement,"{""content_role"":""CORE_EVIDENCE"",""document_hash"":""26dcca8085b4245a56a17d456f69b452af7daf572743b69641e23f397d11db78"",""document_id"":""DOC-027"",""document_type"":""PROCESSOR_STATEMENT"",""issued_at"":""2025-06-08"",""issuer_record_id"":""OR-PROCESSOR-01"",""related_beneficiary_program_id"":"""",""related_campaign_id"":""CAMP-027"",""related_transaction_id"":""TX-SET-0027"",""signer_record_id"":""PR-PRIYA-01"",""source_system_id"":""DOCUMENT_REPOSITORY"",""template_id"":"""",""title"":""Processor Statement""}",authoring/relief_documents.csv#DOC-027,CORE_EVIDENCE,dddcf2d7ce1b72f04245a92f2fc95b548423188f30ed36d07ad8038fb69a050a,2026.07.19.3
BISCUIT_RELIEF,DOC-028,DOCUMENT,PROCESSOR_STATEMENT,Processor Statement,DOCUMENT_REPOSITORY,authoring/relief_documents.csv,DOC-028,2025-06-15,,,,Processor Statement,"{""content_role"":""CORE_EVIDENCE"",""document_hash"":""24de306d4b5030556768c6ce1a98d1fa7ad46de3c139f9ae6bed8a0299bce5ef"",""document_id"":""DOC-028"",""document_type"":""PROCESSOR_STATEMENT"",""issued_at"":""2025-06-15"",""issuer_record_id"":""OR-PROCESSOR-01"",""related_beneficiary_program_id"":"""",""related_campaign_id"":""CAMP-028"",""related_transaction_id"":""TX-SET-0028"",""signer_record_id"":""PR-PRIYA-01"",""source_system_id"":""DOCUMENT_REPOSITORY"",""template_id"":"""",""title"":""Processor Statement""}",authoring/relief_documents.csv#DOC-028,CORE_EVIDENCE,4de47aaa8f8143af88d818ef5895d9f87938aff3fcf0e95efeba010fab8f4f2d,2026.07.19.3
BISCUIT_RELIEF,DOC-029,DOCUMENT,PROCESSOR_STATEMENT,Processor Statement,DOCUMENT_REPOSITORY,authoring/relief_documents.csv,DOC-029,2025-06-22,,,,Processor Statement,"{""content_role"":""CORE_EVIDENCE"",""document_hash"":""10197138b01b6114e276ad39d602c60ac05e0f712a88f265e2bf8a4f83d85be3"",""document_id"":""DOC-029"",""document_type"":""PROCESSOR_STATEMENT"",""issued_at"":""2025-06-22"",""issuer_record_id"":""OR-PROCESSOR-01"",""related_beneficiary_program_id"":"""",""related_campaign_id"":""CAMP-029"",""related_transaction_id"":""TX-SET-0029"",""signer_record_id"":""PR-PRIYA-01"",""source_system_id"":""DOCUMENT_REPOSITORY"",""template_id"":"""",""title"":""Processor Statement""}",authoring/relief_documents.csv#DOC-029,CORE_EVIDENCE,046909821a56ed9680d564ec5673b93622f8338eb85ff76752471d098d39895f,2026.07.19.3
BISCUIT_RELIEF,DOC-030,DOCUMENT,PROCESSOR_STATEMENT,Processor Statement,DOCUMENT_REPOSITORY,authoring/relief_documents.csv,DOC-030,2025-06-29,,,,Processor Statement,"{""content_role"":""CORE_EVIDENCE"",""document_hash"":""7951c5a506d8bc576814ffad4598ad6d03db175e39168204eec6878d7820051b"",""document_id"":""DOC-030"",""document_type"":""PROCESSOR_STATEMENT"",""issued_at"":""2025-06-29"",""issuer_record_id"":""OR-PROCESSOR-01"",""related_beneficiary_program_id"":"""",""related_campaign_id"":""CAMP-030"",""related_transaction_id"":""TX-SET-0030"",""signer_record_id"":""PR-PRIYA-01"",""source_system_id"":""DOCUMENT_REPOSITORY"",""template_id"":"""",""title"":""Processor Statement""}",authoring/relief_documents.csv#DOC-030,CORE_EVIDENCE,112825c4e70627664dfb8575889249dfd65f3b395b884bb79d7f2426300789df,2026.07.19.3
BISCUIT_RELIEF,DOC-031,DOCUMENT,PROCESSOR_STATEMENT,Processor Statement,DOCUMENT_REPOSITORY,authoring/relief_documents.csv,DOC-031,2025-07-06,,,,Processor Statement,"{""content_role"":""CORE_EVIDENCE"",""document_hash"":""7a69255d790c33b53b1ce18944db9ed13f25a139915d3a59e1adcb2dc659afa5"",""document_id"":""DOC-031"",""document_type"":""PROCESSOR_STATEMENT"",""issued_at"":""2025-07-06"",""issuer_record_id"":""OR-PROCESSOR-01"",""related_beneficiary_program_id"":"""",""related_campaign_id"":""CAMP-031"",""related_transaction_id"":""TX-SET-0031"",""signer_record_id"":""PR-PRIYA-01"",""source_system_id"":""DOCUMENT_REPOSITORY"",""template_id"":"""",""title"":""Processor Statement""}",authoring/relief_documents.csv#DOC-031,CORE_EVIDENCE,472131cda5fa2be8c691091808bc7cd01c48d59862e55fffc311f833c9a1e4e5,2026.07.19.3
BISCUIT_RELIEF,DOC-032,DOCUMENT,PROCESSOR_STATEMENT,Processor Statement,DOCUMENT_REPOSITORY,authoring/relief_documents.csv,DOC-032,2025-07-13,,,,Processor Statement,"{""content_role"":""CORE_EVIDENCE"",""document_hash"":""ed08fc36e26a76174e2574cf13d9434a908c5cd3c984da0a1901b78a208f3575"",""document_id"":""DOC-032"",""document_type"":""PROCESSOR_STATEMENT"",""issued_at"":""2025-07-13"",""issuer_record_id"":""OR-PROCESSOR-01"",""related_beneficiary_program_id"":"""",""related_campaign_id"":""CAMP-032"",""related_transaction_id"":""TX-SET-0032"",""signer_record_id"":""PR-PRIYA-01"",""source_system_id"":""DOCUMENT_REPOSITORY"",""template_id"":"""",""title"":""Processor Statement""}",authoring/relief_documents.csv#DOC-032,CORE_EVIDENCE,c0b816c518a0e5e4e1fab813fc81caaa633163413b11997bf99a3704ff1315e8,2026.07.19.3
BISCUIT_RELIEF,DOC-033,DOCUMENT,BENEFICIARY_LEDGER_EXPORT,Beneficiary Ledger Export,DOCUMENT_REPOSITORY,authoring/relief_documents.csv,DOC-033,2025-07-20,,,,Beneficiary Ledger Export,"{""content_role"":""CORE_EVIDENCE"",""document_hash"":""c62f4cff866518d677f383e11ed15396079488708067170ee03d102f6467a23c"",""document_id"":""DOC-033"",""document_type"":""BENEFICIARY_LEDGER_EXPORT"",""issued_at"":""2025-07-20"",""issuer_record_id"":""OR-PAWBRIDGE-02"",""related_beneficiary_program_id"":""BEN-033"",""related_campaign_id"":""CAMP-033"",""related_transaction_id"":"""",""signer_record_id"":""PR-BENNY-01"",""source_system_id"":""DOCUMENT_REPOSITORY"",""template_id"":""tmpl-beneficiary-ledger-v2"",""title"":""Beneficiary Ledger Export""}",authoring/relief_documents.csv#DOC-033,CORE_EVIDENCE,3754c20fcd6b4987ca5bdcd3017f0ada550f653b429d2e4f8ad5dd8dfcd7546b,2026.07.19.3
BISCUIT_RELIEF,DOC-034,DOCUMENT,BENEFICIARY_LEDGER_EXPORT,Beneficiary Ledger Export,DOCUMENT_REPOSITORY,authoring/relief_documents.csv,DOC-034,2025-07-27,,,,Beneficiary Ledger Export,"{""content_role"":""CORE_EVIDENCE"",""document_hash"":""aa385c3afaabef9b52e102e6603aa99257f71a22aa83b16c901f9510944ae6cc"",""document_id"":""DOC-034"",""document_type"":""BENEFICIARY_LEDGER_EXPORT"",""issued_at"":""2025-07-27"",""issuer_record_id"":""OR-HARBOR-02"",""related_beneficiary_program_id"":""BEN-034"",""related_campaign_id"":""CAMP-034"",""related_transaction_id"":"""",""signer_record_id"":""PR-INGRID-01"",""source_system_id"":""DOCUMENT_REPOSITORY"",""template_id"":""tmpl-beneficiary-ledger-v2"",""title"":""Beneficiary Ledger Export""}",authoring/relief_documents.csv#DOC-034,CORE_EVIDENCE,5aab4e3b371b90b481d3d14d5f89455d568ae1cadc40dcd8bfcc671523dbdb31,2026.07.19.3
BISCUIT_RELIEF,DOC-035,DOCUMENT,BENEFICIARY_LEDGER_EXPORT,Beneficiary Ledger Export,DOCUMENT_REPOSITORY,authoring/relief_documents.csv,DOC-035,2025-08-03,,,,Beneficiary Ledger Export,"{""content_role"":""CORE_EVIDENCE"",""document_hash"":""1bf3411aaef9cf17272be6ec6653e441a45238e7d9d78a0ba1aa07b929d6075d"",""document_id"":""DOC-035"",""document_type"":""BENEFICIARY_LEDGER_EXPORT"",""issued_at"":""2025-08-03"",""issuer_record_id"":""OR-WARM-02"",""related_beneficiary_program_id"":""BEN-035"",""related_campaign_id"":""CAMP-035"",""related_transaction_id"":"""",""signer_record_id"":""PR-INGRID-01"",""source_system_id"":""DOCUMENT_REPOSITORY"",""template_id"":""tmpl-beneficiary-ledger-v2"",""title"":""Beneficiary Ledger Export""}",authoring/relief_documents.csv#DOC-035,CORE_EVIDENCE,340d8e205e7518038c04f671dfcd51124681187a4f4e4e02c54a4d6a82b50891,2026.07.19.3
BISCUIT_RELIEF,DOM-GBRF,DOMAIN,,greatbiscuitrelief.example,AUTHORING,authoring/relief_domains.csv,DOM-GBRF,2024-07-01,,,,greatbiscuitrelief.example,"{""content_role"":""BACKGROUND"",""domain_id"":""DOM-GBRF"",""domain_name"":""greatbiscuitrelief.example"",""domain_role"":""PRIMARY"",""organization_id"":""O-GBRF"",""registered_at"":""2024-07-01"",""registrar"":""Fictional Registrar""}",authoring/relief_domains.csv#DOM-GBRF,BACKGROUND,99affb16ce59c26d2a7a9a436c19728ef5d832212697910067b8b7fca1aac053,2026.07.19.3
BISCUIT_RELIEF,DOM-EMBER,DOMAIN,,emberlight.example,AUTHORING,authoring/relief_domains.csv,DOM-EMBER,2024-07-10,,,,emberlight.example,"{""content_role"":""BACKGROUND"",""domain_id"":""DOM-EMBER"",""domain_name"":""emberlight.example"",""domain_role"":""PRIMARY"",""organization_id"":""O-EMBER"",""registered_at"":""2024-07-10"",""registrar"":""Fictional Registrar""}",authoring/relief_domains.csv#DOM-EMBER,BACKGROUND,5bb57747bfc84bc63fd0571b5ddf1392c7d14811078d5a83f1ae81a492781629,2026.07.19.3
BISCUIT_RELIEF,DOM-GILDED,DOMAIN,,gildedleash.example,AUTHORING,authoring/relief_domains.csv,DOM-GILDED,2024-07-19,,,,gildedleash.example,"{""content_role"":""BACKGROUND"",""domain_id"":""DOM-GILDED"",""domain_name"":""gildedleash.example"",""domain_role"":""PRIMARY"",""organization_id"":""O-GILDED"",""registered_at"":""2024-07-19"",""registrar"":""Fictional Registrar""}",authoring/relief_domains.csv#DOM-GILDED,BACKGROUND,49424e01f630f42ea7cf696d7c4560437c11ad8b290f71703f60530e28f812b9,2026.07.19.3
BISCUIT_RELIEF,DOM-REDROOF,DOMAIN,,redrooflogistics.example,AUTHORING,authoring/relief_domains.csv,DOM-REDROOF,2024-07-28,,,,redrooflogistics.example,"{""content_role"":""BACKGROUND"",""domain_id"":""DOM-REDROOF"",""domain_name"":""redrooflogistics.example"",""domain_role"":""PRIMARY"",""organization_id"":""O-REDROOF"",""registered_at"":""2024-07-28"",""registrar"":""Fictional Registrar""}",authoring/relief_domains.csv#DOM-REDROOF,BACKGROUND,bdcb5ccad555877d2bd336938d8c885108fefb38ada51c400e88c29f4d760864,2026.07.19.3
BISCUIT_RELIEF,DOM-PAWBRIDGE,DOMAIN,,pawbridge.example,AUTHORING,authoring/relief_domains.csv,DOM-PAWBRIDGE,2024-08-06,,,,pawbridge.example,"{""content_role"":""BACKGROUND"",""domain_id"":""DOM-PAWBRIDGE"",""domain_name"":""pawbridge.example"",""domain_role"":""PRIMARY"",""organization_id"":""O-PAWBRIDGE"",""registered_at"":""2024-08-06"",""registrar"":""Fictional Registrar""}",authoring/relief_domains.csv#DOM-PAWBRIDGE,BACKGROUND,bbe31b9a973ad00aeada6fbfe4082ceb5792ef7c52a423fa19b429f277d8b272,2026.07.19.3
BISCUIT_RELIEF,DOM-HARBOR,DOMAIN,,harborbowl.example,AUTHORING,authoring/relief_domains.csv,DOM-HARBOR,2024-08-15,,,,harborbowl.example,"{""content_role"":""BACKGROUND"",""domain_id"":""DOM-HARBOR"",""domain_name"":""harborbowl.example"",""domain_role"":""PRIMARY"",""organization_id"":""O-HARBOR"",""registered_at"":""2024-08-15"",""registrar"":""Fictional Registrar""}",authoring/relief_domains.csv#DOM-HARBOR,BACKGROUND,49a77d26b7480f1a2ff7f8fd6f8fff83adb9b1413c6f0f24d17d8868146d69b2,2026.07.19.3
BISCUIT_RELIEF,DOM-WARM,DOMAIN,,warmkennel.example,AUTHORING,authoring/relief_domains.csv,DOM-WARM,2024-08-24,,,,warmkennel.example,"{""content_role"":""BACKGROUND"",""domain_id"":""DOM-WARM"",""domain_name"":""warmkennel.example"",""domain_role"":""PRIMARY"",""organization_id"":""O-WARM"",""registered_at"":""2024-08-24"",""registrar"":""Fictional Registrar""}",authoring/relief_domains.csv#DOM-WARM,BACKGROUND,f64a53dbeeefa034a67a74470905014ac15131762e28c47b7970f052287dbd9c,2026.07.19.3
BISCUIT_RELIEF,DOM-PROCESSOR,DOMAIN,,northstardonations.example,AUTHORING,authoring/relief_domains.csv,DOM-PROCESSOR,2024-09-02,,,,northstardonations.example,"{""content_role"":""BACKGROUND"",""domain_id"":""DOM-PROCESSOR"",""domain_name"":""northstardonations.example"",""domain_role"":""PRIMARY"",""organization_id"":""O-PROCESSOR"",""registered_at"":""2024-09-02"",""registrar"":""Fictional Registrar""}",authoring/relief_domains.csv#DOM-PROCESSOR,BACKGROUND,8d0f7a1f9bc51b5306c86e2f312dbf1cb8ba68679f5d3f308177d8280fb8d4a3,2026.07.19.3
BISCUIT_RELIEF,PAGE-001,DONATION_PAGE,,greatbiscuitrelief.example,CAMPAIGN_PLATFORM,authoring/relief_donation_pages.csv,PAGE-001,2025-01-10,,,,greatbiscuitrelief.example,"{""campaign_id"":""CAMP-001"",""contact_mailbox"":""updates@greatbiscuitrelief.example"",""content_role"":""CORE_EVIDENCE"",""created_at"":""2025-01-10"",""domain_name"":""greatbiscuitrelief.example"",""donation_page_id"":""PAGE-001"",""page_template_id"":""tmpl-relief-v4"",""page_url"":""https://greatbiscuitrelief.example/campaign/001"",""payout_account_id"":""A-GBRF-6401"",""processor_merchant_id"":""MER-6104"",""source_system_id"":""CAMPAIGN_PLATFORM""}",authoring/relief_donation_pages.csv#PAGE-001,CORE_EVIDENCE,8ad915a3a8258ceb375874a40347208ce5223e56025de1cca33ec56eba9abe4b,2026.07.19.3
BISCUIT_RELIEF,PAGE-002,DONATION_PAGE,,great-biscuit-relief.example,CAMPAIGN_PLATFORM,authoring/relief_donation_pages.csv,PAGE-002,2025-01-18,,,,great-biscuit-relief.example,"{""campaign_id"":""CAMP-002"",""contact_mailbox"":""updates@greatbiscuitrelief.example"",""content_role"":""CORE_EVIDENCE"",""created_at"":""2025-01-18"",""domain_name"":""great-biscuit-relief.example"",""donation_page_id"":""PAGE-002"",""page_template_id"":""tmpl-relief-v4"",""page_url"":""https://great-biscuit-relief.example/campaign/002"",""payout_account_id"":""A-GBRF-6401"",""processor_merchant_id"":""MER-6104"",""source_system_id"":""CAMPAIGN_PLATFORM""}",authoring/relief_donation_pages.csv#PAGE-002,CORE_EVIDENCE,b4cb95dd4a89e06b8dd010169902694fb2a65c0c40ae6b4c384dd8e31e7c4aa6,2026.07.19.3
BISCUIT_RELIEF,PAGE-003,DONATION_PAGE,,biscuitrelieffund.example,CAMPAIGN_PLATFORM,authoring/relief_donation_pages.csv,PAGE-003,2025-01-26,,,,biscuitrelieffund.example,"{""campaign_id"":""CAMP-003"",""contact_mailbox"":""updates@greatbiscuitrelief.example"",""content_role"":""CORE_EVIDENCE"",""created_at"":""2025-01-26"",""domain_name"":""biscuitrelieffund.example"",""donation_page_id"":""PAGE-003"",""page_template_id"":""tmpl-relief-v4"",""page_url"":""https://biscuitrelieffund.example/campaign/003"",""payout_account_id"":""A-GBRF-6401"",""processor_merchant_id"":""MER-6104"",""source_system_id"":""CAMPAIGN_PLATFORM""}",authoring/relief_donation_pages.csv#PAGE-003,CORE_EVIDENCE,b416dd7c65d1094b0e9260e68bd6f78425d8d04c43592be67df0a1806b6f6539,2026.07.19.3
BISCUIT_RELIEF,PAGE-004,DONATION_PAGE,,greatbiscuitrelief.example,CAMPAIGN_PLATFORM,authoring/relief_donation_pages.csv,PAGE-004,2025-02-03,,,,greatbiscuitrelief.example,"{""campaign_id"":""CAMP-004"",""contact_mailbox"":""updates@greatbiscuitrelief.example"",""content_role"":""CORE_EVIDENCE"",""created_at"":""2025-02-03"",""domain_name"":""greatbiscuitrelief.example"",""donation_page_id"":""PAGE-004"",""page_template_id"":""tmpl-relief-v4"",""page_url"":""https://greatbiscuitrelief.example/campaign/004"",""payout_account_id"":""A-GBRF-6401"",""processor_merchant_id"":""MER-6104"",""source_system_id"":""CAMPAIGN_PLATFORM""}",authoring/relief_donation_pages.csv#PAGE-004,CORE_EVIDENCE,c6f5a75d8444b4de5cbc6f9b5cbd363aec9b02ad52cb0ca223e18801bcd80431,2026.07.19.3
BISCUIT_RELIEF,PAGE-005,DONATION_PAGE,,great-biscuit-relief.example,CAMPAIGN_PLATFORM,authoring/relief_donation_pages.csv,PAGE-005,2025-02-11,,,,great-biscuit-relief.example,"{""campaign_id"":""CAMP-005"",""contact_mailbox"":""updates@greatbiscuitrelief.example"",""content_role"":""CORE_EVIDENCE"",""created_at"":""2025-02-11"",""domain_name"":""great-biscuit-relief.example"",""donation_page_id"":""PAGE-005"",""page_template_id"":""tmpl-relief-v4"",""page_url"":""https://great-biscuit-relief.example/campaign/005"",""payout_account_id"":""A-GBRF-6401"",""processor_merchant_id"":""MER-6104"",""source_system_id"":""CAMPAIGN_PLATFORM""}",authoring/relief_donation_pages.csv#PAGE-005,CORE_EVIDENCE,58acee48c4eac37fc8ccefaec95a9a5fc20544e2f4247bb193608363b9fe94ab,2026.07.19.3
BISCUIT_RELIEF,PAGE-006,DONATION_PAGE,,biscuitrelieffund.example,CAMPAIGN_PLATFORM,authoring/relief_donation_pages.csv,PAGE-006,2025-02-19,,,,biscuitrelieffund.example,"{""campaign_id"":""CAMP-006"",""contact_mailbox"":""updates@greatbiscuitrelief.example"",""content_role"":""CORE_EVIDENCE"",""created_at"":""2025-02-19"",""domain_name"":""biscuitrelieffund.example"",""donation_page_id"":""PAGE-006"",""page_template_id"":""tmpl-relief-v4"",""page_url"":""https://biscuitrelieffund.example/campaign/006"",""payout_account_id"":""A-GBRF-6401"",""processor_merchant_id"":""MER-6104"",""source_system_id"":""CAMPAIGN_PLATFORM""}",authoring/relief_donation_pages.csv#PAGE-006,CORE_EVIDENCE,170a1994f196085ff65a4aeadd6800c9647b3d015ba42a63c54b5aa4a37e7bc9,2026.07.19.3
BISCUIT_RELIEF,PAGE-007,DONATION_PAGE,,greatbiscuitrelief.example,CAMPAIGN_PLATFORM,authoring/relief_donation_pages.csv,PAGE-007,2025-02-27,,,,greatbiscuitrelief.example,"{""campaign_id"":""CAMP-007"",""contact_mailbox"":""updates@greatbiscuitrelief.example"",""content_role"":""CORE_EVIDENCE"",""created_at"":""2025-02-27"",""domain_name"":""greatbiscuitrelief.example"",""donation_page_id"":""PAGE-007"",""page_template_id"":""tmpl-relief-v4"",""page_url"":""https://greatbiscuitrelief.example/campaign/007"",""payout_account_id"":""A-GBRF-6401"",""processor_merchant_id"":""MER-6104"",""source_system_id"":""CAMPAIGN_PLATFORM""}",authoring/relief_donation_pages.csv#PAGE-007,CORE_EVIDENCE,0979d1ddfafecd6bce166d69284bd2ba349b09baa00b06b150055359b79a2d52,2026.07.19.3
BISCUIT_RELIEF,PAGE-008,DONATION_PAGE,,great-biscuit-relief.example,CAMPAIGN_PLATFORM,authoring/relief_donation_pages.csv,PAGE-008,2025-03-07,,,,great-biscuit-relief.example,"{""campaign_id"":""CAMP-008"",""contact_mailbox"":""updates@greatbiscuitrelief.example"",""content_role"":""CORE_EVIDENCE"",""created_at"":""2025-03-07"",""domain_name"":""great-biscuit-relief.example"",""donation_page_id"":""PAGE-008"",""page_template_id"":""tmpl-relief-v4"",""page_url"":""https://great-biscuit-relief.example/campaign/008"",""payout_account_id"":""A-GBRF-6401"",""processor_merchant_id"":""MER-6104"",""source_system_id"":""CAMPAIGN_PLATFORM""}",authoring/relief_donation_pages.csv#PAGE-008,CORE_EVIDENCE,82dfb42fa50fd1d903974f2f2025db1461ab3bc0a1fbd1dd547af314c6fa3411,2026.07.19.3
BISCUIT_RELIEF,PAGE-009,DONATION_PAGE,,biscuitrelieffund.example,CAMPAIGN_PLATFORM,authoring/relief_donation_pages.csv,PAGE-009,2025-03-15,,,,biscuitrelieffund.example,"{""campaign_id"":""CAMP-009"",""contact_mailbox"":""updates@greatbiscuitrelief.example"",""content_role"":""CORE_EVIDENCE"",""created_at"":""2025-03-15"",""domain_name"":""biscuitrelieffund.example"",""donation_page_id"":""PAGE-009"",""page_template_id"":""tmpl-relief-v4"",""page_url"":""https://biscuitrelieffund.example/campaign/009"",""payout_account_id"":""A-GBRF-6401"",""processor_merchant_id"":""MER-6104"",""source_system_id"":""CAMPAIGN_PLATFORM""}",authoring/relief_donation_pages.csv#PAGE-009,CORE_EVIDENCE,421492a48c3c7f53142a4ab1370d3fec21a722c7877d6a404878442330df69bd,2026.07.19.3
BISCUIT_RELIEF,PAGE-010,DONATION_PAGE,,greatbiscuitrelief.example,CAMPAIGN_PLATFORM,authoring/relief_donation_pages.csv,PAGE-010,2025-03-23,,,,greatbiscuitrelief.example,"{""campaign_id"":""CAMP-010"",""contact_mailbox"":""updates@greatbiscuitrelief.example"",""content_role"":""CORE_EVIDENCE"",""created_at"":""2025-03-23"",""domain_name"":""greatbiscuitrelief.example"",""donation_page_id"":""PAGE-010"",""page_template_id"":""tmpl-relief-v4"",""page_url"":""https://greatbiscuitrelief.example/campaign/010"",""payout_account_id"":""A-GBRF-6401"",""processor_merchant_id"":""MER-6104"",""source_system_id"":""CAMPAIGN_PLATFORM""}",authoring/relief_donation_pages.csv#PAGE-010,CORE_EVIDENCE,ceeaf7a5ced8c02df7c46709b70609051ced4cb4b6c3c7809772447c9d3c149b,2026.07.19.3
BISCUIT_RELIEF,PAGE-011,DONATION_PAGE,,great-biscuit-relief.example,CAMPAIGN_PLATFORM,authoring/relief_donation_pages.csv,PAGE-011,2025-03-31,,,,great-biscuit-relief.example,"{""campaign_id"":""CAMP-011"",""contact_mailbox"":""updates@greatbiscuitrelief.example"",""content_role"":""CORE_EVIDENCE"",""created_at"":""2025-03-31"",""domain_name"":""great-biscuit-relief.example"",""donation_page_id"":""PAGE-011"",""page_template_id"":""tmpl-relief-v4"",""page_url"":""https://great-biscuit-relief.example/campaign/011"",""payout_account_id"":""A-GBRF-6401"",""processor_merchant_id"":""MER-6104"",""source_system_id"":""CAMPAIGN_PLATFORM""}",authoring/relief_donation_pages.csv#PAGE-011,CORE_EVIDENCE,104cb0c477872c57cf2813c23a34314451b27512a43bc54687fb8cb224ba11d1,2026.07.19.3
BISCUIT_RELIEF,PAGE-012,DONATION_PAGE,,biscuitrelieffund.example,CAMPAIGN_PLATFORM,authoring/relief_donation_pages.csv,PAGE-012,2025-04-08,,,,biscuitrelieffund.example,"{""campaign_id"":""CAMP-012"",""contact_mailbox"":""updates@greatbiscuitrelief.example"",""content_role"":""CORE_EVIDENCE"",""created_at"":""2025-04-08"",""domain_name"":""biscuitrelieffund.example"",""donation_page_id"":""PAGE-012"",""page_template_id"":""tmpl-relief-v4"",""page_url"":""https://biscuitrelieffund.example/campaign/012"",""payout_account_id"":""A-GBRF-6401"",""processor_merchant_id"":""MER-6104"",""source_system_id"":""CAMPAIGN_PLATFORM""}",authoring/relief_donation_pages.csv#PAGE-012,CORE_EVIDENCE,997b34ccb39fd07662fc78721a5103b1987185a571953c4909950c5bf32508e5,2026.07.19.3
BISCUIT_RELIEF,DON-00001,DONATION,,DON-00001,PAYMENT_PROCESSOR,authoring/relief_donations.csv,DON-00001,2025-01-15T10:00:00Z,,,,DON-00001,"{""amount"":""21500.00"",""campaign_id"":""CAMP-001"",""content_role"":""CORE_EVIDENCE"",""currency"":""BSC"",""donated_at"":""2025-01-15T10:00:00Z"",""donation_id"":""DON-00001"",""donation_page_id"":""PAGE-001"",""donor_message"":""Please use this for emergency food and shelter."",""donor_record_id"":""PR-HOPE-03"",""processor_clearing_account_id"":""A-PROC-6104"",""processor_merchant_id"":""MER-6104"",""source_account_id"":""A-HOPE-2031"",""source_system_id"":""PAYMENT_PROCESSOR""}",authoring/relief_donations.csv#DON-00001,CORE_EVIDENCE,e73f2b84b446db5e61c0a1f0c2919fa76a906408e6b263cc1dee0a227ea718b7,2026.07.19.3
BISCUIT_RELIEF,DON-00002,DONATION,,DON-00002,PAYMENT_PROCESSOR,authoring/relief_donations.csv,DON-00002,2025-01-16T00:00:00Z,,,,DON-00002,"{""amount"":""2150.00"",""campaign_id"":""CAMP-002"",""content_role"":""CORE_EVIDENCE"",""currency"":""BSC"",""donated_at"":""2025-01-16T00:00:00Z"",""donation_id"":""DON-00002"",""donation_page_id"":""PAGE-002"",""donor_message"":"""",""donor_record_id"":""PR-LEO-01"",""processor_clearing_account_id"":""A-PROC-6104"",""processor_merchant_id"":""MER-6104"",""source_account_id"":""A-LEO-2062"",""source_system_id"":""PAYMENT_PROCESSOR""}",authoring/relief_donations.csv#DON-00002,CORE_EVIDENCE,235eb7a9abcbfa0bc04f6fb0bc8017b4318d83199957f0157eb09400a3f3ac66,2026.07.19.3
BISCUIT_RELIEF,DON-00003,DONATION,,DON-00003,PAYMENT_PROCESSOR,authoring/relief_donations.csv,DON-00003,2025-01-16T14:00:00Z,,,,DON-00003,"{""amount"":""2800.00"",""campaign_id"":""CAMP-003"",""content_role"":""CORE_EVIDENCE"",""currency"":""BSC"",""donated_at"":""2025-01-16T14:00:00Z"",""donation_id"":""DON-00003"",""donation_page_id"":""PAGE-003"",""donor_message"":"""",""donor_record_id"":""PR-RUBY-01"",""processor_clearing_account_id"":""A-PROC-6104"",""processor_merchant_id"":""MER-6104"",""source_account_id"":""A-RUBY-2093"",""source_system_id"":""PAYMENT_PROCESSOR""}",authoring/relief_donations.csv#DON-00003,CORE_EVIDENCE,2c950abd1bc78248422b8ac58077ee6fc4ca8d692548a06998180b0fcb9cab73,2026.07.19.3
BISCUIT_RELIEF,DON-00004,DONATION,,DON-00004,PAYMENT_PROCESSOR,authoring/relief_donations.csv,DON-00004,2025-01-17T04:00:00Z,,,,DON-00004,"{""amount"":""3450.00"",""campaign_id"":""CAMP-004"",""content_role"":""CORE_EVIDENCE"",""currency"":""BSC"",""donated_at"":""2025-01-17T04:00:00Z"",""donation_id"":""DON-00004"",""donation_page_id"":""PAGE-004"",""donor_message"":"""",""donor_record_id"":""PR-GIDEON-01"",""processor_clearing_account_id"":""A-PROC-6104"",""processor_merchant_id"":""MER-6104"",""source_account_id"":""A-GIDEON-2124"",""source_system_id"":""PAYMENT_PROCESSOR""}",authoring/relief_donations.csv#DON-00004,CORE_EVIDENCE,40dda5d4cee974bf9413954902b3a991312978904b6b22c12eca3fbd115f0723,2026.07.19.3
BISCUIT_RELIEF,DON-00012,DONATION,,DON-00012,PAYMENT_PROCESSOR,authoring/relief_donations.csv,DON-00012,2025-01-21T20:00:00Z,,,,DON-00012,"{""amount"":""8650.00"",""campaign_id"":""CAMP-012"",""content_role"":""CORE_EVIDENCE"",""currency"":""BSC"",""donated_at"":""2025-01-21T20:00:00Z"",""donation_id"":""DON-00012"",""donation_page_id"":""PAGE-012"",""donor_message"":"""",""donor_record_id"":""PR-HOPE-03"",""processor_clearing_account_id"":""A-PROC-6104"",""processor_merchant_id"":""MER-6104"",""source_account_id"":""A-HOPE-2031"",""source_system_id"":""PAYMENT_PROCESSOR""}",authoring/relief_donations.csv#DON-00012,CORE_EVIDENCE,fca8149bfce39877b7e727d6692c11f7cf4838e904643b173769fbcb4e2050f1,2026.07.19.3
BISCUIT_RELIEF,DON-00013,DONATION,,DON-00013,PAYMENT_PROCESSOR,authoring/relief_donations.csv,DON-00013,2025-01-22T10:00:00Z,,,,DON-00013,"{""amount"":""9300.00"",""campaign_id"":""CAMP-001"",""content_role"":""CORE_EVIDENCE"",""currency"":""BSC"",""donated_at"":""2025-01-22T10:00:00Z"",""donation_id"":""DON-00013"",""donation_page_id"":""PAGE-001"",""donor_message"":""Please use this for emergency food and shelter."",""donor_record_id"":""PR-LEO-01"",""processor_clearing_account_id"":""A-PROC-6104"",""processor_merchant_id"":""MER-6104"",""source_account_id"":""A-LEO-2062"",""source_system_id"":""PAYMENT_PROCESSOR""}",authoring/relief_donations.csv#DON-00013,CORE_EVIDENCE,ca0008ab66073bd3185d56a1b76554d0dd4ee152a5d8460f5da4546084615007,2026.07.19.3
BISCUIT_RELIEF,DON-00014,DONATION,,DON-00014,PAYMENT_PROCESSOR,authoring/relief_donations.csv,DON-00014,2025-01-23T00:00:00Z,,,,DON-00014,"{""amount"":""1500.00"",""campaign_id"":""CAMP-002"",""content_role"":""CORE_EVIDENCE"",""currency"":""BSC"",""donated_at"":""2025-01-23T00:00:00Z"",""donation_id"":""DON-00014"",""donation_page_id"":""PAGE-002"",""donor_message"":"""",""donor_record_id"":""PR-RUBY-01"",""processor_clearing_account_id"":""A-PROC-6104"",""processor_merchant_id"":""MER-6104"",""source_account_id"":""A-RUBY-2093"",""source_system_id"":""PAYMENT_PROCESSOR""}",authoring/relief_donations.csv#DON-00014,CORE_EVIDENCE,9b8a51ce8c5bbe4a9427f3ea513cee2c63b17182dc0d8579d279de45d86746c4,2026.07.19.3
BISCUIT_RELIEF,DON-00015,DONATION,,DON-00015,PAYMENT_PROCESSOR,authoring/relief_donations.csv,DON-00015,2025-01-23T14:00:00Z,,,,DON-00015,"{""amount"":""2150.00"",""campaign_id"":""CAMP-003"",""content_role"":""CORE_EVIDENCE"",""currency"":""BSC"",""donated_at"":""2025-01-23T14:00:00Z"",""donation_id"":""DON-00015"",""donation_page_id"":""PAGE-003"",""donor_message"":"""",""donor_record_id"":""PR-GIDEON-01"",""processor_clearing_account_id"":""A-PROC-6104"",""processor_merchant_id"":""MER-6104"",""source_account_id"":""A-GIDEON-2124"",""source_system_id"":""PAYMENT_PROCESSOR""}",authoring/relief_donations.csv#DON-00015,CORE_EVIDENCE,9c703f52fb35973772476f4da8e7c94a26e6e7416d4f7721a1341cc9617d389d,2026.07.19.3
BISCUIT_RELIEF,DON-00023,DONATION,,DON-00023,PAYMENT_PROCESSOR,authoring/relief_donations.csv,DON-00023,2025-01-28T06:00:00Z,,,,DON-00023,"{""amount"":""7350.00"",""campaign_id"":""CAMP-011"",""content_role"":""CORE_EVIDENCE"",""currency"":""BSC"",""donated_at"":""2025-01-28T06:00:00Z"",""donation_id"":""DON-00023"",""donation_page_id"":""PAGE-011"",""donor_message"":"""",""donor_record_id"":""PR-HOPE-03"",""processor_clearing_account_id"":""A-PROC-6104"",""processor_merchant_id"":""MER-6104"",""source_account_id"":""A-HOPE-2031"",""source_system_id"":""PAYMENT_PROCESSOR""}",authoring/relief_donations.csv#DON-00023,CORE_EVIDENCE,c06e9eb65a55709e539227cccae595663d03900f58642e9309c4e3bd20c47f04,2026.07.19.3
BISCUIT_RELIEF,DON-00024,DONATION,,DON-00024,PAYMENT_PROCESSOR,authoring/relief_donations.csv,DON-00024,2025-01-28T20:00:00Z,,,,DON-00024,"{""amount"":""8000.00"",""campaign_id"":""CAMP-012"",""content_role"":""CORE_EVIDENCE"",""currency"":""BSC"",""donated_at"":""2025-01-28T20:00:00Z"",""donation_id"":""DON-00024"",""donation_page_id"":""PAGE-012"",""donor_message"":"""",""donor_record_id"":""PR-LEO-01"",""processor_clearing_account_id"":""A-PROC-6104"",""processor_merchant_id"":""MER-6104"",""source_account_id"":""A-LEO-2062"",""source_system_id"":""PAYMENT_PROCESSOR""}",authoring/relief_donations.csv#DON-00024,CORE_EVIDENCE,f6c76e116d7c6092d198bf572fd7b006ed998a1adb44fff81aa44e198a84be0a,2026.07.19.3
BISCUIT_RELIEF,DON-00025,DONATION,,DON-00025,PAYMENT_PROCESSOR,authoring/relief_donations.csv,DON-00025,2025-01-29T10:00:00Z,,,,DON-00025,"{""amount"":""8650.00"",""campaign_id"":""CAMP-001"",""content_role"":""CORE_EVIDENCE"",""currency"":""BSC"",""donated_at"":""2025-01-29T10:00:00Z"",""donation_id"":""DON-00025"",""donation_page_id"":""PAGE-001"",""donor_message"":""Please use this for emergency food and shelter."",""donor_record_id"":""PR-RUBY-01"",""processor_clearing_account_id"":""A-PROC-6104"",""processor_merchant_id"":""MER-6104"",""source_account_id"":""A-RUBY-2093"",""source_system_id"":""PAYMENT_PROCESSOR""}",authoring/relief_donations.csv#DON-00025,CORE_EVIDENCE,a97682ff010f788d2a7a4217c2e56342217b55908c95e262cd91749376b0d30f,2026.07.19.3
BISCUIT_RELIEF,DON-00026,DONATION,,DON-00026,PAYMENT_PROCESSOR,authoring/relief_donations.csv,DON-00026,2025-01-30T00:00:00Z,,,,DON-00026,"{""amount"":""9300.00"",""campaign_id"":""CAMP-002"",""content_role"":""CORE_EVIDENCE"",""currency"":""BSC"",""donated_at"":""2025-01-30T00:00:00Z"",""donation_id"":""DON-00026"",""donation_page_id"":""PAGE-002"",""donor_message"":"""",""donor_record_id"":""PR-GIDEON-01"",""processor_clearing_account_id"":""A-PROC-6104"",""processor_merchant_id"":""MER-6104"",""source_account_id"":""A-GIDEON-2124"",""source_system_id"":""PAYMENT_PROCESSOR""}",authoring/relief_donations.csv#DON-00026,CORE_EVIDENCE,773cf49eff7aeb5d67b15317a4abd024f0417e039607df3a6588ef3ba447ecc8,2026.07.19.3
BISCUIT_RELIEF,DON-00034,DONATION,,DON-00034,PAYMENT_PROCESSOR,authoring/relief_donations.csv,DON-00034,2025-02-03T16:00:00Z,,,,DON-00034,"{""amount"":""6050.00"",""campaign_id"":""CAMP-010"",""content_role"":""CORE_EVIDENCE"",""currency"":""BSC"",""donated_at"":""2025-02-03T16:00:00Z"",""donation_id"":""DON-00034"",""donation_page_id"":""PAGE-010"",""donor_message"":"""",""donor_record_id"":""PR-HOPE-03"",""processor_clearing_account_id"":""A-PROC-6104"",""processor_merchant_id"":""MER-6104"",""source_account_id"":""A-HOPE-2031"",""source_system_id"":""PAYMENT_PROCESSOR""}",authoring/relief_donations.csv#DON-00034,CORE_EVIDENCE,b78e1c9d3ed6563e67f8cafc71f97ac912b65a6c10eca278dacdbbc29b2bd630,2026.07.19.3
BISCUIT_RELIEF,DON-00035,DONATION,,DON-00035,PAYMENT_PROCESSOR,authoring/relief_donations.csv,DON-00035,2025-02-04T06:00:00Z,,,,DON-00035,"{""amount"":""6700.00"",""campaign_id"":""CAMP-011"",""content_role"":""CORE_EVIDENCE"",""currency"":""BSC"",""donated_at"":""2025-02-04T06:00:00Z"",""donation_id"":""DON-00035"",""donation_page_id"":""PAGE-011"",""donor_message"":"""",""donor_record_id"":""PR-LEO-01"",""processor_clearing_account_id"":""A-PROC-6104"",""processor_merchant_id"":""MER-6104"",""source_account_id"":""A-LEO-2062"",""source_system_id"":""PAYMENT_PROCESSOR""}",authoring/relief_donations.csv#DON-00035,CORE_EVIDENCE,23db663198d9843cca7964318bd1992a02e59ea9ac3d738052685d9ceac9a45c,2026.07.19.3
BISCUIT_RELIEF,DON-00036,DONATION,,DON-00036,PAYMENT_PROCESSOR,authoring/relief_donations.csv,DON-00036,2025-02-04T20:00:00Z,,,,DON-00036,"{""amount"":""7350.00"",""campaign_id"":""CAMP-012"",""content_role"":""CORE_EVIDENCE"",""currency"":""BSC"",""donated_at"":""2025-02-04T20:00:00Z"",""donation_id"":""DON-00036"",""donation_page_id"":""PAGE-012"",""donor_message"":"""",""donor_record_id"":""PR-RUBY-01"",""processor_clearing_account_id"":""A-PROC-6104"",""processor_merchant_id"":""MER-6104"",""source_account_id"":""A-RUBY-2093"",""source_system_id"":""PAYMENT_PROCESSOR""}",authoring/relief_donations.csv#DON-00036,CORE_EVIDENCE,9598508e7b87df3146050bd4a505cc5ef076c3bd74b62f28aa19044b24646c5f,2026.07.19.3
BISCUIT_RELIEF,DON-00037,DONATION,,DON-00037,PAYMENT_PROCESSOR,authoring/relief_donations.csv,DON-00037,2025-02-05T10:00:00Z,,,,DON-00037,"{""amount"":""8000.00"",""campaign_id"":""CAMP-001"",""content_role"":""CORE_EVIDENCE"",""currency"":""BSC"",""donated_at"":""2025-02-05T10:00:00Z"",""donation_id"":""DON-00037"",""donation_page_id"":""PAGE-001"",""donor_message"":""Please use this for emergency food and shelter."",""donor_record_id"":""PR-GIDEON-01"",""processor_clearing_account_id"":""A-PROC-6104"",""processor_merchant_id"":""MER-6104"",""source_account_id"":""A-GIDEON-2124"",""source_system_id"":""PAYMENT_PROCESSOR""}",authoring/relief_donations.csv#DON-00037,CORE_EVIDENCE,a7d1effbae9f259e0396f7b2974ba435897fa8ea678fbeb611025252790d009d,2026.07.19.3
BISCUIT_RELIEF,DON-00045,DONATION,,DON-00045,PAYMENT_PROCESSOR,authoring/relief_donations.csv,DON-00045,2025-02-10T02:00:00Z,,,,DON-00045,"{""amount"":""4750.00"",""campaign_id"":""CAMP-009"",""content_role"":""CORE_EVIDENCE"",""currency"":""BSC"",""donated_at"":""2025-02-10T02:00:00Z"",""donation_id"":""DON-00045"",""donation_page_id"":""PAGE-009"",""donor_message"":""Please use this for emergency food and shelter."",""donor_record_id"":""PR-HOPE-03"",""processor_clearing_account_id"":""A-PROC-6104"",""processor_merchant_id"":""MER-6104"",""source_account_id"":""A-HOPE-2031"",""source_system_id"":""PAYMENT_PROCESSOR""}",authoring/relief_donations.csv#DON-00045,CORE_EVIDENCE,0501af1c3c59a72cb5e4ea568d7703060d67352ed803d5bfb462461f2dc45cff,2026.07.19.3
BISCUIT_RELIEF,DON-00046,DONATION,,DON-00046,PAYMENT_PROCESSOR,authoring/relief_donations.csv,DON-00046,2025-02-10T16:00:00Z,,,,DON-00046,"{""amount"":""5400.00"",""campaign_id"":""CAMP-001"",""content_role"":""CORE_EVIDENCE"",""currency"":""BSC"",""donated_at"":""2025-02-10T16:00:00Z"",""donation_id"":""DON-00046"",""donation_page_id"":""PAGE-001"",""donor_message"":"""",""donor_record_id"":""PR-LEO-01"",""processor_clearing_account_id"":""A-PROC-6104"",""processor_merchant_id"":""MER-6104"",""source_account_id"":""A-LEO-2062"",""source_system_id"":""PAYMENT_PROCESSOR""}",authoring/relief_donations.csv#DON-00046,CORE_EVIDENCE,afd9e764b6a407a4a43b3358e0e6bc2ea66026781663e3095b3bee85efe80b4d,2026.07.19.3
BISCUIT_RELIEF,DON-00047,DONATION,,DON-00047,PAYMENT_PROCESSOR,authoring/relief_donations.csv,DON-00047,2025-02-11T06:00:00Z,,,,DON-00047,"{""amount"":""6050.00"",""campaign_id"":""CAMP-002"",""content_role"":""CORE_EVIDENCE"",""currency"":""BSC"",""donated_at"":""2025-02-11T06:00:00Z"",""donation_id"":""DON-00047"",""donation_page_id"":""PAGE-002"",""donor_message"":"""",""donor_record_id"":""PR-RUBY-01"",""processor_clearing_account_id"":""A-PROC-6104"",""processor_merchant_id"":""MER-6104"",""source_account_id"":""A-RUBY-2093"",""source_system_id"":""PAYMENT_PROCESSOR""}",authoring/relief_donations.csv#DON-00047,CORE_EVIDENCE,6e0212ac5210596d6c513e89129f999211020b5031f77326df907696204699b6,2026.07.19.3
BISCUIT_RELIEF,DON-00048,DONATION,,DON-00048,PAYMENT_PROCESSOR,authoring/relief_donations.csv,DON-00048,2025-02-11T20:00:00Z,,,,DON-00048,"{""amount"":""6700.00"",""campaign_id"":""CAMP-003"",""content_role"":""CORE_EVIDENCE"",""currency"":""BSC"",""donated_at"":""2025-02-11T20:00:00Z"",""donation_id"":""DON-00048"",""donation_page_id"":""PAGE-003"",""donor_message"":"""",""donor_record_id"":""PR-GIDEON-01"",""processor_clearing_account_id"":""A-PROC-6104"",""processor_merchant_id"":""MER-6104"",""source_account_id"":""A-GIDEON-2124"",""source_system_id"":""PAYMENT_PROCESSOR""}",authoring/relief_donations.csv#DON-00048,CORE_EVIDENCE,e0b8cba5e96d0310c6fd634ada04baf18835f14358b0f57665e45ff7120bd01d,2026.07.19.3
BISCUIT_RELIEF,DON-00056,DONATION,,DON-00056,PAYMENT_PROCESSOR,authoring/relief_donations.csv,DON-00056,2025-02-16T12:00:00Z,,,,DON-00056,"{""amount"":""3450.00"",""campaign_id"":""CAMP-011"",""content_role"":""CORE_EVIDENCE"",""currency"":""BSC"",""donated_at"":""2025-02-16T12:00:00Z"",""donation_id"":""DON-00056"",""donation_page_id"":""PAGE-011"",""donor_message"":"""",""donor_record_id"":""PR-HOPE-03"",""processor_clearing_account_id"":""A-PROC-6104"",""processor_merchant_id"":""MER-6104"",""source_account_id"":""A-HOPE-2031"",""source_system_id"":""PAYMENT_PROCESSOR""}",authoring/relief_donations.csv#DON-00056,CORE_EVIDENCE,7c829fe59b76dc35cac340f7bc86352e47969fee0b0db31c6c7c63156bd6d094,2026.07.19.3
BISCUIT_RELIEF,DON-00057,DONATION,,DON-00057,PAYMENT_PROCESSOR,authoring/relief_donations.csv,DON-00057,2025-02-17T02:00:00Z,,,,DON-00057,"{""amount"":""4100.00"",""campaign_id"":""CAMP-012"",""content_role"":""CORE_EVIDENCE"",""currency"":""BSC"",""donated_at"":""2025-02-17T02:00:00Z"",""donation_id"":""DON-00057"",""donation_page_id"":""PAGE-012"",""donor_message"":""Please use this for emergency food and shelter."",""donor_record_id"":""PR-LEO-01"",""processor_clearing_account_id"":""A-PROC-6104"",""processor_merchant_id"":""MER-6104"",""source_account_id"":""A-LEO-2062"",""source_system_id"":""PAYMENT_PROCESSOR""}",authoring/relief_donations.csv#DON-00057,CORE_EVIDENCE,1253490896a96134ce3ea6bf22da34c13ca40f061ca0ce35e8cf15192dbee6e2,2026.07.19.3
BISCUIT_RELIEF,DON-00058,DONATION,,DON-00058,PAYMENT_PROCESSOR,authoring/relief_donations.csv,DON-00058,2025-02-17T16:00:00Z,,,,DON-00058,"{""amount"":""4750.00"",""campaign_id"":""CAMP-010"",""content_role"":""CORE_EVIDENCE"",""currency"":""BSC"",""donated_at"":""2025-02-17T16:00:00Z"",""donation_id"":""DON-00058"",""donation_page_id"":""PAGE-010"",""donor_message"":"""",""donor_record_id"":""PR-RUBY-01"",""processor_clearing_account_id"":""A-PROC-6104"",""processor_merchant_id"":""MER-6104"",""source_account_id"":""A-RUBY-2093"",""source_system_id"":""PAYMENT_PROCESSOR""}",authoring/relief_donations.csv#DON-00058,CORE_EVIDENCE,a126e76eb9b9c68140b37e7184d4d2c7b8505fa647b101aed89c3df8008a4b1d,2026.07.19.3
BISCUIT_RELIEF,DON-00059,DONATION,,DON-00059,PAYMENT_PROCESSOR,authoring/relief_donations.csv,DON-00059,2025-02-18T06:00:00Z,,,,DON-00059,"{""amount"":""5400.00"",""campaign_id"":""CAMP-011"",""content_role"":""CORE_EVIDENCE"",""currency"":""BSC"",""donated_at"":""2025-02-18T06:00:00Z"",""donation_id"":""DON-00059"",""donation_page_id"":""PAGE-011"",""donor_message"":"""",""donor_record_id"":""PR-GIDEON-01"",""processor_clearing_account_id"":""A-PROC-6104"",""processor_merchant_id"":""MER-6104"",""source_account_id"":""A-GIDEON-2124"",""source_system_id"":""PAYMENT_PROCESSOR""}",authoring/relief_donations.csv#DON-00059,CORE_EVIDENCE,0c96cf8e6faf0397266e708dd9ed033d3fc2e293be0486d0619c51704e47cadd,2026.07.19.3
BISCUIT_RELIEF,DON-00067,DONATION,,DON-00067,PAYMENT_PROCESSOR,authoring/relief_donations.csv,DON-00067,2025-02-22T22:00:00Z,,,,DON-00067,"{""amount"":""2250.00"",""campaign_id"":""CAMP-007"",""content_role"":""CORE_EVIDENCE"",""currency"":""BSC"",""donated_at"":""2025-02-22T22:00:00Z"",""donation_id"":""DON-00067"",""donation_page_id"":""PAGE-007"",""donor_message"":"""",""donor_record_id"":""PR-HOPE-03"",""processor_clearing_account_id"":""A-PROC-6104"",""processor_merchant_id"":""MER-6104"",""source_account_id"":""A-HOPE-2031"",""source_system_id"":""PAYMENT_PROCESSOR""}",authoring/relief_donations.csv#DON-00067,CORE_EVIDENCE,a0ca1ae9d8dc922533dfed5c33db74f3d98afc1d1c4523a392f81344271f7975,2026.07.19.3
BISCUIT_RELIEF,DON-00068,DONATION,,DON-00068,PAYMENT_PROCESSOR,authoring/relief_donations.csv,DON-00068,2025-02-23T12:00:00Z,,,,DON-00068,"{""amount"":""2900.00"",""campaign_id"":""CAMP-008"",""content_role"":""CORE_EVIDENCE"",""currency"":""BSC"",""donated_at"":""2025-02-23T12:00:00Z"",""donation_id"":""DON-00068"",""donation_page_id"":""PAGE-008"",""donor_message"":"""",""donor_record_id"":""PR-LEO-01"",""processor_clearing_account_id"":""A-PROC-6104"",""processor_merchant_id"":""MER-6104"",""source_account_id"":""A-LEO-2062"",""source_system_id"":""PAYMENT_PROCESSOR""}",authoring/relief_donations.csv#DON-00068,CORE_EVIDENCE,6972a159515b8f31bf589f4b6d624a3392122a76216bab38704ac3b8ccbc8f92,2026.07.19.3
BISCUIT_RELIEF,DON-00069,DONATION,,DON-00069,PAYMENT_PROCESSOR,authoring/relief_donations.csv,DON-00069,2025-02-24T02:00:00Z,,,,DON-00069,"{""amount"":""3550.00"",""campaign_id"":""CAMP-009"",""content_role"":""CORE_EVIDENCE"",""currency"":""BSC"",""donated_at"":""2025-02-24T02:00:00Z"",""donation_id"":""DON-00069"",""donation_page_id"":""PAGE-009"",""donor_message"":""Please use this for emergency food and shelter."",""donor_record_id"":""PR-RUBY-01"",""processor_clearing_account_id"":""A-PROC-6104"",""processor_merchant_id"":""MER-6104"",""source_account_id"":""A-RUBY-2093"",""source_system_id"":""PAYMENT_PROCESSOR""}",authoring/relief_donations.csv#DON-00069,CORE_EVIDENCE,1f4fcf494bb0394d042e5e867e93c070404be2bd90fa2abc53a61f3e59293837,2026.07.19.3
BISCUIT_RELIEF,DON-00070,DONATION,,DON-00070,PAYMENT_PROCESSOR,authoring/relief_donations.csv,DON-00070,2025-02-24T16:00:00Z,,,,DON-00070,"{""amount"":""4200.00"",""campaign_id"":""CAMP-010"",""content_role"":""CORE_EVIDENCE"",""currency"":""BSC"",""donated_at"":""2025-02-24T16:00:00Z"",""donation_id"":""DON-00070"",""donation_page_id"":""PAGE-010"",""donor_message"":"""",""donor_record_id"":""PR-GIDEON-01"",""processor_clearing_account_id"":""A-PROC-6104"",""processor_merchant_id"":""MER-6104"",""source_account_id"":""A-GIDEON-2124"",""source_system_id"":""PAYMENT_PROCESSOR""}",authoring/relief_donations.csv#DON-00070,CORE_EVIDENCE,bbf85989f88c7998c7931db21c2f15abb1507393a32af19277e09730a290c9d5,2026.07.19.3
BISCUIT_RELIEF,DON-00078,DONATION,,DON-00078,PAYMENT_PROCESSOR,authoring/relief_donations.csv,DON-00078,2025-03-01T08:00:00Z,,,,DON-00078,"{""amount"":""9400.00"",""campaign_id"":""CAMP-006"",""content_role"":""CORE_EVIDENCE"",""currency"":""BSC"",""donated_at"":""2025-03-01T08:00:00Z"",""donation_id"":""DON-00078"",""donation_page_id"":""PAGE-006"",""donor_message"":"""",""donor_record_id"":""PR-HOPE-03"",""processor_clearing_account_id"":""A-PROC-6104"",""processor_merchant_id"":""MER-6104"",""source_account_id"":""A-HOPE-2031"",""source_system_id"":""PAYMENT_PROCESSOR""}",authoring/relief_donations.csv#DON-00078,CORE_EVIDENCE,c54ea093bf741cf4bfa2e6b7f91d1f225f215723360650fdae15204a4583aecf,2026.07.19.3
BISCUIT_RELIEF,DON-00079,DONATION,,DON-00079,PAYMENT_PROCESSOR,authoring/relief_donations.csv,DON-00079,2025-03-01T22:00:00Z,,,,DON-00079,"{""amount"":""1600.00"",""campaign_id"":""CAMP-007"",""content_role"":""CORE_EVIDENCE"",""currency"":""BSC"",""donated_at"":""2025-03-01T22:00:00Z"",""donation_id"":""DON-00079"",""donation_page_id"":""PAGE-007"",""donor_message"":"""",""donor_record_id"":""PR-LEO-01"",""processor_clearing_account_id"":""A-PROC-6104"",""processor_merchant_id"":""MER-6104"",""source_account_id"":""A-LEO-2062"",""source_system_id"":""PAYMENT_PROCESSOR""}",authoring/relief_donations.csv#DON-00079,CORE_EVIDENCE,e7b4dcef72110e5f528efb56c0fb645f7840402148ecf00a070ec9e945e053a4,2026.07.19.3
BISCUIT_RELIEF,DON-00080,DONATION,,DON-00080,PAYMENT_PROCESSOR,authoring/relief_donations.csv,DON-00080,2025-03-02T12:00:00Z,,,,DON-00080,"{""amount"":""2250.00"",""campaign_id"":""CAMP-008"",""content_role"":""CORE_EVIDENCE"",""currency"":""BSC"",""donated_at"":""2025-03-02T12:00:00Z"",""donation_id"":""DON-00080"",""donation_page_id"":""PAGE-008"",""donor_message"":"""",""donor_record_id"":""PR-RUBY-01"",""processor_clearing_account_id"":""A-PROC-6104"",""processor_merchant_id"":""MER-6104"",""source_account_id"":""A-RUBY-2093"",""source_system_id"":""PAYMENT_PROCESSOR""}",authoring/relief_donations.csv#DON-00080,CORE_EVIDENCE,704c00cce3fd41834dda945a5a1a91c785fca9ad7a7dd0feb8851b12835d2ccb,2026.07.19.3
BISCUIT_RELIEF,DON-00081,DONATION,,DON-00081,PAYMENT_PROCESSOR,authoring/relief_donations.csv,DON-00081,2025-03-03T02:00:00Z,,,,DON-00081,"{""amount"":""2900.00"",""campaign_id"":""CAMP-009"",""content_role"":""CORE_EVIDENCE"",""currency"":""BSC"",""donated_at"":""2025-03-03T02:00:00Z"",""donation_id"":""DON-00081"",""donation_page_id"":""PAGE-009"",""donor_message"":""Please use this for emergency food and shelter."",""donor_record_id"":""PR-GIDEON-01"",""processor_clearing_account_id"":""A-PROC-6104"",""processor_merchant_id"":""MER-6104"",""source_account_id"":""A-GIDEON-2124"",""source_system_id"":""PAYMENT_PROCESSOR""}",authoring/relief_donations.csv#DON-00081,CORE_EVIDENCE,c4b037b0162c52f72c993d2d8b7938974c6356f8f8c62d178e90f4244d68e9d1,2026.07.19.3
BISCUIT_RELIEF,DON-00089,DONATION,,DON-00089,PAYMENT_PROCESSOR,authoring/relief_donations.csv,DON-00089,2025-03-07T18:00:00Z,,,,DON-00089,"{""amount"":""8100.00"",""campaign_id"":""CAMP-005"",""content_role"":""CORE_EVIDENCE"",""currency"":""BSC"",""donated_at"":""2025-03-07T18:00:00Z"",""donation_id"":""DON-00089"",""donation_page_id"":""PAGE-005"",""donor_message"":""Please use this for emergency food and shelter."",""donor_record_id"":""PR-HOPE-03"",""processor_clearing_account_id"":""A-PROC-6104"",""processor_merchant_id"":""MER-6104"",""source_account_id"":""A-HOPE-2031"",""source_system_id"":""PAYMENT_PROCESSOR""}",authoring/relief_donations.csv#DON-00089,CORE_EVIDENCE,809d7f7ca684ca2fc7855dac4c7083bcf88985d445a93df8161343addc2b50f8,2026.07.19.3
BISCUIT_RELIEF,DON-00090,DONATION,,DON-00090,PAYMENT_PROCESSOR,authoring/relief_donations.csv,DON-00090,2025-03-08T08:00:00Z,,,,DON-00090,"{""amount"":""8750.00"",""campaign_id"":""CAMP-006"",""content_role"":""CORE_EVIDENCE"",""currency"":""BSC"",""donated_at"":""2025-03-08T08:00:00Z"",""donation_id"":""DON-00090"",""donation_page_id"":""PAGE-006"",""donor_message"":"""",""donor_record_id"":""PR-LEO-01"",""processor_clearing_account_id"":""A-PROC-6104"",""processor_merchant_id"":""MER-6104"",""source_account_id"":""A-LEO-2062"",""source_system_id"":""PAYMENT_PROCESSOR""}",authoring/relief_donations.csv#DON-00090,CORE_EVIDENCE,1566f0fb1a80ee01d8b265ead1dee151ffe09f5fb4b011c6eb4b62ef13475563,2026.07.19.3
BISCUIT_RELIEF,DON-00091,DONATION,,DON-00091,PAYMENT_PROCESSOR,authoring/relief_donations.csv,DON-00091,2025-03-08T22:00:00Z,,,,DON-00091,"{""amount"":""9400.00"",""campaign_id"":""CAMP-001"",""content_role"":""CORE_EVIDENCE"",""currency"":""BSC"",""donated_at"":""2025-03-08T22:00:00Z"",""donation_id"":""DON-00091"",""donation_page_id"":""PAGE-001"",""donor_message"":"""",""donor_record_id"":""PR-RUBY-01"",""processor_clearing_account_id"":""A-PROC-6104"",""processor_merchant_id"":""MER-6104"",""source_account_id"":""A-RUBY-2093"",""source_system_id"":""PAYMENT_PROCESSOR""}",authoring/relief_donations.csv#DON-00091,CORE_EVIDENCE,b4d4e3c5c8a8a7fd055e34a8dc591827c8ff52c20444cda0429e7dcb51730be6,2026.07.19.3
BISCUIT_RELIEF,DON-00092,DONATION,,DON-00092,PAYMENT_PROCESSOR,authoring/relief_donations.csv,DON-00092,2025-03-09T12:00:00Z,,,,DON-00092,"{""amount"":""1600.00"",""campaign_id"":""CAMP-002"",""content_role"":""CORE_EVIDENCE"",""currency"":""BSC"",""donated_at"":""2025-03-09T12:00:00Z"",""donation_id"":""DON-00092"",""donation_page_id"":""PAGE-002"",""donor_message"":"""",""donor_record_id"":""PR-GIDEON-01"",""processor_clearing_account_id"":""A-PROC-6104"",""processor_merchant_id"":""MER-6104"",""source_account_id"":""A-GIDEON-2124"",""source_system_id"":""PAYMENT_PROCESSOR""}",authoring/relief_donations.csv#DON-00092,CORE_EVIDENCE,78acbc6088fd14f9a087cdfee744d4d071d7b2818a85cd42318e0133785d7d7c,2026.07.19.3
BISCUIT_RELIEF,DON-00100,DONATION,,DON-00100,PAYMENT_PROCESSOR,authoring/relief_donations.csv,DON-00100,2025-03-14T04:00:00Z,,,,DON-00100,"{""amount"":""6800.00"",""campaign_id"":""CAMP-010"",""content_role"":""CORE_EVIDENCE"",""currency"":""BSC"",""donated_at"":""2025-03-14T04:00:00Z"",""donation_id"":""DON-00100"",""donation_page_id"":""PAGE-010"",""donor_message"":"""",""donor_record_id"":""PR-HOPE-03"",""processor_clearing_account_id"":""A-PROC-6104"",""processor_merchant_id"":""MER-6104"",""source_account_id"":""A-HOPE-2031"",""source_system_id"":""PAYMENT_PROCESSOR""}",authoring/relief_donations.csv#DON-00100,CORE_EVIDENCE,1ce0b1308b89689ee96c2349737a4138d29ad8c358caddebbfba5dd48ba922e6,2026.07.19.3
BISCUIT_RELIEF,DON-00101,DONATION,,DON-00101,PAYMENT_PROCESSOR,authoring/relief_donations.csv,DON-00101,2025-03-14T18:00:00Z,,,,DON-00101,"{""amount"":""7450.00"",""campaign_id"":""CAMP-011"",""content_role"":""CORE_EVIDENCE"",""currency"":""BSC"",""donated_at"":""2025-03-14T18:00:00Z"",""donation_id"":""DON-00101"",""donation_page_id"":""PAGE-011"",""donor_message"":""Please use this for emergency food and shelter."",""donor_record_id"":""PR-LEO-01"",""processor_clearing_account_id"":""A-PROC-6104"",""processor_merchant_id"":""MER-6104"",""source_account_id"":""A-LEO-2062"",""source_system_id"":""PAYMENT_PROCESSOR""}",authoring/relief_donations.csv#DON-00101,CORE_EVIDENCE,262d88aec93b4f8c040d13c5e98ea1c029a21b1e84739752da0a99a79aed7bde,2026.07.19.3
BISCUIT_RELIEF,DON-00102,DONATION,,DON-00102,PAYMENT_PROCESSOR,authoring/relief_donations.csv,DON-00102,2025-03-15T08:00:00Z,,,,DON-00102,"{""amount"":""8100.00"",""campaign_id"":""CAMP-012"",""content_role"":""CORE_EVIDENCE"",""currency"":""BSC"",""donated_at"":""2025-03-15T08:00:00Z"",""donation_id"":""DON-00102"",""donation_page_id"":""PAGE-012"",""donor_message"":"""",""donor_record_id"":""PR-RUBY-01"",""processor_clearing_account_id"":""A-PROC-6104"",""processor_merchant_id"":""MER-6104"",""source_account_id"":""A-RUBY-2093"",""source_system_id"":""PAYMENT_PROCESSOR""}",authoring/relief_donations.csv#DON-00102,CORE_EVIDENCE,43aa9bee6779089df8a288f136751d0a87a2b179f559309a0314d11440f1a440,2026.07.19.3
BISCUIT_RELIEF,DON-00103,DONATION,,DON-00103,PAYMENT_PROCESSOR,authoring/relief_donations.csv,DON-00103,2025-03-15T22:00:00Z,,,,DON-00103,"{""amount"":""8750.00"",""campaign_id"":""CAMP-007"",""content_role"":""CORE_EVIDENCE"",""currency"":""BSC"",""donated_at"":""2025-03-15T22:00:00Z"",""donation_id"":""DON-00103"",""donation_page_id"":""PAGE-007"",""donor_message"":"""",""donor_record_id"":""PR-GIDEON-01"",""processor_clearing_account_id"":""A-PROC-6104"",""processor_merchant_id"":""MER-6104"",""source_account_id"":""A-GIDEON-2124"",""source_system_id"":""PAYMENT_PROCESSOR""}",authoring/relief_donations.csv#DON-00103,CORE_EVIDENCE,0168296b88dd2bfb932d10bd54db2809568585286294af70a06ad022d87f10e5,2026.07.19.3
BISCUIT_RELIEF,DON-00111,DONATION,,DON-00111,PAYMENT_PROCESSOR,authoring/relief_donations.csv,DON-00111,2025-03-20T14:00:00Z,,,,DON-00111,"{""amount"":""5500.00"",""campaign_id"":""CAMP-003"",""content_role"":""CORE_EVIDENCE"",""currency"":""BSC"",""donated_at"":""2025-03-20T14:00:00Z"",""donation_id"":""DON-00111"",""donation_page_id"":""PAGE-003"",""donor_message"":"""",""donor_record_id"":""PR-HOPE-03"",""processor_clearing_account_id"":""A-PROC-6104"",""processor_merchant_id"":""MER-6104"",""source_account_id"":""A-HOPE-2031"",""source_system_id"":""PAYMENT_PROCESSOR""}",authoring/relief_donations.csv#DON-00111,CORE_EVIDENCE,9251a1f2f7e774d7bdc1a2b73a5163ae013b7879256e2f09cfed715dad3db9f4,2026.07.19.3
BISCUIT_RELIEF,DON-00112,DONATION,,DON-00112,PAYMENT_PROCESSOR,authoring/relief_donations.csv,DON-00112,2025-03-21T04:00:00Z,,,,DON-00112,"{""amount"":""26150.00"",""campaign_id"":""CAMP-004"",""content_role"":""CORE_EVIDENCE"",""currency"":""BSC"",""donated_at"":""2025-03-21T04:00:00Z"",""donation_id"":""DON-00112"",""donation_page_id"":""PAGE-004"",""donor_message"":"""",""donor_record_id"":""PR-LEO-01"",""processor_clearing_account_id"":""A-PROC-6104"",""processor_merchant_id"":""MER-6104"",""source_account_id"":""A-LEO-2062"",""source_system_id"":""PAYMENT_PROCESSOR""}",authoring/relief_donations.csv#DON-00112,CORE_EVIDENCE,81efa389657113a61048a5cc42633ef77f1a5a3cebab8e370a8db3f36ae3c287,2026.07.19.3
BISCUIT_RELIEF,DON-00113,DONATION,,DON-00113,PAYMENT_PROCESSOR,authoring/relief_donations.csv,DON-00113,2025-03-21T18:00:00Z,,,,DON-00113,"{""amount"":""6800.00"",""campaign_id"":""CAMP-005"",""content_role"":""CORE_EVIDENCE"",""currency"":""BSC"",""donated_at"":""2025-03-21T18:00:00Z"",""donation_id"":""DON-00113"",""donation_page_id"":""PAGE-005"",""donor_message"":""Please use this for emergency food and shelter."",""donor_record_id"":""PR-RUBY-01"",""processor_clearing_account_id"":""A-PROC-6104"",""processor_merchant_id"":""MER-6104"",""source_account_id"":""A-RUBY-2093"",""source_system_id"":""PAYMENT_PROCESSOR""}",authoring/relief_donations.csv#DON-00113,CORE_EVIDENCE,a9c4a18be65b9af410a6e9f2d6c05d3cdb8d0957c59edf759cdb5193ab3190f4,2026.07.19.3
BISCUIT_RELIEF,DON-00114,DONATION,,DON-00114,PAYMENT_PROCESSOR,authoring/relief_donations.csv,DON-00114,2025-03-22T08:00:00Z,,,,DON-00114,"{""amount"":""7450.00"",""campaign_id"":""CAMP-006"",""content_role"":""CORE_EVIDENCE"",""currency"":""BSC"",""donated_at"":""2025-03-22T08:00:00Z"",""donation_id"":""DON-00114"",""donation_page_id"":""PAGE-006"",""donor_message"":"""",""donor_record_id"":""PR-GIDEON-01"",""processor_clearing_account_id"":""A-PROC-6104"",""processor_merchant_id"":""MER-6104"",""source_account_id"":""A-GIDEON-2124"",""source_system_id"":""PAYMENT_PROCESSOR""}",authoring/relief_donations.csv#DON-00114,CORE_EVIDENCE,509dc8117247aa5bcba34d35d5df8efeab7d8245d8528fc088c68590dc2b93be,2026.07.19.3
BISCUIT_RELIEF,DON-00122,DONATION,,DON-00122,PAYMENT_PROCESSOR,authoring/relief_donations.csv,DON-00122,2025-03-27T00:00:00Z,,,,DON-00122,"{""amount"":""4300.00"",""campaign_id"":""CAMP-002"",""content_role"":""CORE_EVIDENCE"",""currency"":""BSC"",""donated_at"":""2025-03-27T00:00:00Z"",""donation_id"":""DON-00122"",""donation_page_id"":""PAGE-002"",""donor_message"":"""",""donor_record_id"":""PR-HOPE-03"",""processor_clearing_account_id"":""A-PROC-6104"",""processor_merchant_id"":""MER-6104"",""source_account_id"":""A-HOPE-2031"",""source_system_id"":""PAYMENT_PROCESSOR""}",authoring/relief_donations.csv#DON-00122,CORE_EVIDENCE,de2cc63a641608477835034184ac8ac91530188d7b3b3d6489ea746ac81c47e5,2026.07.19.3
BISCUIT_RELIEF,DON-00123,DONATION,,DON-00123,PAYMENT_PROCESSOR,authoring/relief_donations.csv,DON-00123,2025-03-27T14:00:00Z,,,,DON-00123,"{""amount"":""4950.00"",""campaign_id"":""CAMP-003"",""content_role"":""CORE_EVIDENCE"",""currency"":""BSC"",""donated_at"":""2025-03-27T14:00:00Z"",""donation_id"":""DON-00123"",""donation_page_id"":""PAGE-003"",""donor_message"":"""",""donor_record_id"":""PR-LEO-01"",""processor_clearing_account_id"":""A-PROC-6104"",""processor_merchant_id"":""MER-6104"",""source_account_id"":""A-LEO-2062"",""source_system_id"":""PAYMENT_PROCESSOR""}",authoring/relief_donations.csv#DON-00123,CORE_EVIDENCE,837d769d49e94daaf65af5da470edcc24d0ea9de6bc6a5b884e10e874657d783,2026.07.19.3
BISCUIT_RELIEF,DON-00124,DONATION,,DON-00124,PAYMENT_PROCESSOR,authoring/relief_donations.csv,DON-00124,2025-03-28T04:00:00Z,,,,DON-00124,"{""amount"":""5600.00"",""campaign_id"":""CAMP-004"",""content_role"":""CORE_EVIDENCE"",""currency"":""BSC"",""donated_at"":""2025-03-28T04:00:00Z"",""donation_id"":""DON-00124"",""donation_page_id"":""PAGE-004"",""donor_message"":"""",""donor_record_id"":""PR-RUBY-01"",""processor_clearing_account_id"":""A-PROC-6104"",""processor_merchant_id"":""MER-6104"",""source_account_id"":""A-RUBY-2093"",""source_system_id"":""PAYMENT_PROCESSOR""}",authoring/relief_donations.csv#DON-00124,CORE_EVIDENCE,76525cecfc2e3124baf268987ce32e1b799f3587fc9eebb120eb52f25e583d94,2026.07.19.3
BISCUIT_RELIEF,DON-00125,DONATION,,DON-00125,PAYMENT_PROCESSOR,authoring/relief_donations.csv,DON-00125,2025-03-28T18:00:00Z,,,,DON-00125,"{""amount"":""6250.00"",""campaign_id"":""CAMP-005"",""content_role"":""CORE_EVIDENCE"",""currency"":""BSC"",""donated_at"":""2025-03-28T18:00:00Z"",""donation_id"":""DON-00125"",""donation_page_id"":""PAGE-005"",""donor_message"":""Please use this for emergency food and shelter."",""donor_record_id"":""PR-GIDEON-01"",""processor_clearing_account_id"":""A-PROC-6104"",""processor_merchant_id"":""MER-6104"",""source_account_id"":""A-GIDEON-2124"",""source_system_id"":""PAYMENT_PROCESSOR""}",authoring/relief_donations.csv#DON-00125,CORE_EVIDENCE,cf69b96afaf2b11329bf7493ed50396aff00cb3a338c9567b7f98321f1efb032,2026.07.19.3
BISCUIT_RELIEF,DON-00133,DONATION,,DON-00133,PAYMENT_PROCESSOR,authoring/relief_donations.csv,DON-00133,2025-04-02T10:00:00Z,,,,DON-00133,"{""amount"":""3000.00"",""campaign_id"":""CAMP-001"",""content_role"":""CORE_EVIDENCE"",""currency"":""BSC"",""donated_at"":""2025-04-02T10:00:00Z"",""donation_id"":""DON-00133"",""donation_page_id"":""PAGE-001"",""donor_message"":""Please use this for emergency food and shelter."",""donor_record_id"":""PR-HOPE-03"",""processor_clearing_account_id"":""A-PROC-6104"",""processor_merchant_id"":""MER-6104"",""source_account_id"":""A-HOPE-2031"",""source_system_id"":""PAYMENT_PROCESSOR""}",authoring/relief_donations.csv#DON-00133,CORE_EVIDENCE,75f0bd7fcd3fc60ebc267f901e1bd43dc167a1b683d7d1383a90e3f0538ee471,2026.07.19.3
BISCUIT_RELIEF,DON-00134,DONATION,,DON-00134,PAYMENT_PROCESSOR,authoring/relief_donations.csv,DON-00134,2025-04-03T00:00:00Z,,,,DON-00134,"{""amount"":""3650.00"",""campaign_id"":""CAMP-002"",""content_role"":""CORE_EVIDENCE"",""currency"":""BSC"",""donated_at"":""2025-04-03T00:00:00Z"",""donation_id"":""DON-00134"",""donation_page_id"":""PAGE-002"",""donor_message"":"""",""donor_record_id"":""PR-LEO-01"",""processor_clearing_account_id"":""A-PROC-6104"",""processor_merchant_id"":""MER-6104"",""source_account_id"":""A-LEO-2062"",""source_system_id"":""PAYMENT_PROCESSOR""}",authoring/relief_donations.csv#DON-00134,CORE_EVIDENCE,fae57c5bda5520e74c7d6a071212f0cd1c2e28b52175b521e87bcc6fc4b64e42,2026.07.19.3
BISCUIT_RELIEF,DON-00135,DONATION,,DON-00135,PAYMENT_PROCESSOR,authoring/relief_donations.csv,DON-00135,2025-04-03T14:00:00Z,,,,DON-00135,"{""amount"":""4300.00"",""campaign_id"":""CAMP-003"",""content_role"":""CORE_EVIDENCE"",""currency"":""BSC"",""donated_at"":""2025-04-03T14:00:00Z"",""donation_id"":""DON-00135"",""donation_page_id"":""PAGE-003"",""donor_message"":"""",""donor_record_id"":""PR-RUBY-01"",""processor_clearing_account_id"":""A-PROC-6104"",""processor_merchant_id"":""MER-6104"",""source_account_id"":""A-RUBY-2093"",""source_system_id"":""PAYMENT_PROCESSOR""}",authoring/relief_donations.csv#DON-00135,CORE_EVIDENCE,0ba2aaf794676cc95d207e664ebcbf33b244758f9d05e6290bfa55023f99e582,2026.07.19.3
BISCUIT_RELIEF,DON-00136,DONATION,,DON-00136,PAYMENT_PROCESSOR,authoring/relief_donations.csv,DON-00136,2025-04-04T04:00:00Z,,,,DON-00136,"{""amount"":""4950.00"",""campaign_id"":""CAMP-001"",""content_role"":""CORE_EVIDENCE"",""currency"":""BSC"",""donated_at"":""2025-04-04T04:00:00Z"",""donation_id"":""DON-00136"",""donation_page_id"":""PAGE-001"",""donor_message"":"""",""donor_record_id"":""PR-GIDEON-01"",""processor_clearing_account_id"":""A-PROC-6104"",""processor_merchant_id"":""MER-6104"",""source_account_id"":""A-GIDEON-2124"",""source_system_id"":""PAYMENT_PROCESSOR""}",authoring/relief_donations.csv#DON-00136,CORE_EVIDENCE,7f83b5342a71974eb6e4891a273f675ce1eb1675aa0e0921d75edd9f7bf66598,2026.07.19.3
BISCUIT_RELIEF,DON-00144,DONATION,,DON-00144,PAYMENT_PROCESSOR,authoring/relief_donations.csv,DON-00144,2025-04-08T20:00:00Z,,,,DON-00144,"{""amount"":""1700.00"",""campaign_id"":""CAMP-009"",""content_role"":""CORE_EVIDENCE"",""currency"":""BSC"",""donated_at"":""2025-04-08T20:00:00Z"",""donation_id"":""DON-00144"",""donation_page_id"":""PAGE-009"",""donor_message"":"""",""donor_record_id"":""PR-HOPE-03"",""processor_clearing_account_id"":""A-PROC-6104"",""processor_merchant_id"":""MER-6104"",""source_account_id"":""A-HOPE-2031"",""source_system_id"":""PAYMENT_PROCESSOR""}",authoring/relief_donations.csv#DON-00144,CORE_EVIDENCE,a926ae7916ca52f7da421fc3bf9f5813d720e95903f5580b3f825c17e2f9ce0b,2026.07.19.3
BISCUIT_RELIEF,DON-00145,DONATION,,DON-00145,PAYMENT_PROCESSOR,authoring/relief_donations.csv,DON-00145,2025-04-09T10:00:00Z,,,,DON-00145,"{""amount"":""2350.00"",""campaign_id"":""CAMP-010"",""content_role"":""CORE_EVIDENCE"",""currency"":""BSC"",""donated_at"":""2025-04-09T10:00:00Z"",""donation_id"":""DON-00145"",""donation_page_id"":""PAGE-010"",""donor_message"":""Please use this for emergency food and shelter."",""donor_record_id"":""PR-LEO-01"",""processor_clearing_account_id"":""A-PROC-6104"",""processor_merchant_id"":""MER-6104"",""source_account_id"":""A-LEO-2062"",""source_system_id"":""PAYMENT_PROCESSOR""}",authoring/relief_donations.csv#DON-00145,CORE_EVIDENCE,da55dbdadb3b87c7a426a09e423e69d58444050b973344cfa0af8c6c3f2313b6,2026.07.19.3
BISCUIT_RELIEF,DON-00146,DONATION,,DON-00146,PAYMENT_PROCESSOR,authoring/relief_donations.csv,DON-00146,2025-04-10T00:00:00Z,,,,DON-00146,"{""amount"":""3000.00"",""campaign_id"":""CAMP-011"",""content_role"":""CORE_EVIDENCE"",""currency"":""BSC"",""donated_at"":""2025-04-10T00:00:00Z"",""donation_id"":""DON-00146"",""donation_page_id"":""PAGE-011"",""donor_message"":"""",""donor_record_id"":""PR-RUBY-01"",""processor_clearing_account_id"":""A-PROC-6104"",""processor_merchant_id"":""MER-6104"",""source_account_id"":""A-RUBY-2093"",""source_system_id"":""PAYMENT_PROCESSOR""}",authoring/relief_donations.csv#DON-00146,CORE_EVIDENCE,539693a995de880cbcbc9603c47539354269af83c79b69586f7d5352dbaa62de,2026.07.19.3
BISCUIT_RELIEF,DON-00147,DONATION,,DON-00147,PAYMENT_PROCESSOR,authoring/relief_donations.csv,DON-00147,2025-04-10T14:00:00Z,,,,DON-00147,"{""amount"":""3650.00"",""campaign_id"":""CAMP-012"",""content_role"":""CORE_EVIDENCE"",""currency"":""BSC"",""donated_at"":""2025-04-10T14:00:00Z"",""donation_id"":""DON-00147"",""donation_page_id"":""PAGE-012"",""donor_message"":"""",""donor_record_id"":""PR-GIDEON-01"",""processor_clearing_account_id"":""A-PROC-6104"",""processor_merchant_id"":""MER-6104"",""source_account_id"":""A-GIDEON-2124"",""source_system_id"":""PAYMENT_PROCESSOR""}",authoring/relief_donations.csv#DON-00147,CORE_EVIDENCE,59433c5a4545c95549d10014327f124037525742e6b57cb15d7da1efe743d48c,2026.07.19.3
BISCUIT_RELIEF,GR-001,GRANT_REQUEST,,GR-001,BENEFICIARY_LEDGER,authoring/relief_grant_requests.csv,GR-001,2025-02-02,,,PARTIALLY_PAID,GR-001,"{""approved_amount"":""3750.00"",""beneficiary_program_id"":""BEN-001"",""campaign_id"":""CAMP-001"",""content_role"":""CORE_EVIDENCE"",""grant_request_id"":""GR-001"",""paid_amount"":""937.50"",""requested_amount"":""15000.00"",""requested_at"":""2025-02-02"",""source_system_id"":""BENEFICIARY_LEDGER"",""status"":""PARTIALLY_PAID""}",authoring/relief_grant_requests.csv#GR-001,CORE_EVIDENCE,8d1ba2ac29f97b600c274d9dd161ee5d9852aaa7b5de1752334b30801dc0f2dc,2026.07.19.3
BISCUIT_RELIEF,GR-002,GRANT_REQUEST,,GR-002,BENEFICIARY_LEDGER,authoring/relief_grant_requests.csv,GR-002,2025-02-09,,,PARTIALLY_PAID,GR-002,"{""approved_amount"":""5375.00"",""beneficiary_program_id"":""BEN-002"",""campaign_id"":""CAMP-002"",""content_role"":""CORE_EVIDENCE"",""grant_request_id"":""GR-002"",""paid_amount"":""3493.75"",""requested_amount"":""21500.00"",""requested_at"":""2025-02-09"",""source_system_id"":""BENEFICIARY_LEDGER"",""status"":""PARTIALLY_PAID""}",authoring/relief_grant_requests.csv#GR-002,CORE_EVIDENCE,9f467113a8fbd25b461e926becadbaeae0e255cb2c937a4a8e37e08953441eb0,2026.07.19.3
BISCUIT_RELIEF,GR-003,GRANT_REQUEST,,GR-003,BENEFICIARY_LEDGER,authoring/relief_grant_requests.csv,GR-003,2025-02-16,,,PARTIALLY_PAID,GR-003,"{""approved_amount"":""7000.00"",""beneficiary_program_id"":""BEN-003"",""campaign_id"":""CAMP-003"",""content_role"":""CORE_EVIDENCE"",""grant_request_id"":""GR-003"",""paid_amount"":""4550.00"",""requested_amount"":""28000.00"",""requested_at"":""2025-02-16"",""source_system_id"":""BENEFICIARY_LEDGER"",""status"":""PARTIALLY_PAID""}",authoring/relief_grant_requests.csv#GR-003,CORE_EVIDENCE,c12c10915be0ae4a4f27201fe703109cb1bf9daaca6936826f91e5e810f7ba62,2026.07.19.3
BISCUIT_RELIEF,GR-004,GRANT_REQUEST,,GR-004,BENEFICIARY_LEDGER,authoring/relief_grant_requests.csv,GR-004,2025-02-23,,,PARTIALLY_PAID,GR-004,"{""approved_amount"":""8625.00"",""beneficiary_program_id"":""BEN-004"",""campaign_id"":""CAMP-004"",""content_role"":""CORE_EVIDENCE"",""grant_request_id"":""GR-004"",""paid_amount"":""5606.25"",""requested_amount"":""34500.00"",""requested_at"":""2025-02-23"",""source_system_id"":""BENEFICIARY_LEDGER"",""status"":""PARTIALLY_PAID""}",authoring/relief_grant_requests.csv#GR-004,CORE_EVIDENCE,438aa76cf3be4f79201358a615cf64094a6bc671e6646469cb0f2c1db3c1b209,2026.07.19.3
BISCUIT_RELIEF,GR-005,GRANT_REQUEST,,GR-005,BENEFICIARY_LEDGER,authoring/relief_grant_requests.csv,GR-005,2025-03-02,,,PARTIALLY_PAID,GR-005,"{""approved_amount"":""10250.00"",""beneficiary_program_id"":""BEN-005"",""campaign_id"":""CAMP-005"",""content_role"":""CORE_EVIDENCE"",""grant_request_id"":""GR-005"",""paid_amount"":""2562.50"",""requested_amount"":""41000.00"",""requested_at"":""2025-03-02"",""source_system_id"":""BENEFICIARY_LEDGER"",""status"":""PARTIALLY_PAID""}",authoring/relief_grant_requests.csv#GR-005,CORE_EVIDENCE,1edc175c2f17742413138acd862a22a6f80715f77ae380f3240b4d724d418c72,2026.07.19.3
BISCUIT_RELIEF,GR-006,GRANT_REQUEST,,GR-006,BENEFICIARY_LEDGER,authoring/relief_grant_requests.csv,GR-006,2025-03-09,,,PARTIALLY_PAID,GR-006,"{""approved_amount"":""11875.00"",""beneficiary_program_id"":""BEN-006"",""campaign_id"":""CAMP-006"",""content_role"":""CORE_EVIDENCE"",""grant_request_id"":""GR-006"",""paid_amount"":""7718.75"",""requested_amount"":""47500.00"",""requested_at"":""2025-03-09"",""source_system_id"":""BENEFICIARY_LEDGER"",""status"":""PARTIALLY_PAID""}",authoring/relief_grant_requests.csv#GR-006,CORE_EVIDENCE,06efbe3cc05114798f3ce91c7cd739d060778dbb26d0e57341e29cee02869c35,2026.07.19.3
BISCUIT_RELIEF,GR-007,GRANT_REQUEST,,GR-007,BENEFICIARY_LEDGER,authoring/relief_grant_requests.csv,GR-007,2025-03-16,,,PARTIALLY_PAID,GR-007,"{""approved_amount"":""13500.00"",""beneficiary_program_id"":""BEN-007"",""campaign_id"":""CAMP-007"",""content_role"":""CORE_EVIDENCE"",""grant_request_id"":""GR-007"",""paid_amount"":""8775.00"",""requested_amount"":""54000.00"",""requested_at"":""2025-03-16"",""source_system_id"":""BENEFICIARY_LEDGER"",""status"":""PARTIALLY_PAID""}",authoring/relief_grant_requests.csv#GR-007,CORE_EVIDENCE,5169b4a2ccde6a7013b68463229406b6e0612b6f6e6587c5cf37f08c56a4bf70,2026.07.19.3
BISCUIT_RELIEF,GR-008,GRANT_REQUEST,,GR-008,BENEFICIARY_LEDGER,authoring/relief_grant_requests.csv,GR-008,2025-03-23,,,PARTIALLY_PAID,GR-008,"{""approved_amount"":""15125.00"",""beneficiary_program_id"":""BEN-008"",""campaign_id"":""CAMP-008"",""content_role"":""CORE_EVIDENCE"",""grant_request_id"":""GR-008"",""paid_amount"":""9831.25"",""requested_amount"":""60500.00"",""requested_at"":""2025-03-23"",""source_system_id"":""BENEFICIARY_LEDGER"",""status"":""PARTIALLY_PAID""}",authoring/relief_grant_requests.csv#GR-008,CORE_EVIDENCE,04566c87e0e58a06a14b8685021d5fd1004f79039407585fe0088841a6d40942,2026.07.19.3
BISCUIT_RELIEF,GR-009,GRANT_REQUEST,,GR-009,BENEFICIARY_LEDGER,authoring/relief_grant_requests.csv,GR-009,2025-03-30,,,PARTIALLY_PAID,GR-009,"{""approved_amount"":""16750.00"",""beneficiary_program_id"":""BEN-009"",""campaign_id"":""CAMP-009"",""content_role"":""CORE_EVIDENCE"",""grant_request_id"":""GR-009"",""paid_amount"":""4187.50"",""requested_amount"":""67000.00"",""requested_at"":""2025-03-30"",""source_system_id"":""BENEFICIARY_LEDGER"",""status"":""PARTIALLY_PAID""}",authoring/relief_grant_requests.csv#GR-009,CORE_EVIDENCE,6fa49981749fd7be4fa3dbdfb550a3819adb968f1af1443eb36ef174ba114b3a,2026.07.19.3
BISCUIT_RELIEF,GR-010,GRANT_REQUEST,,GR-010,BENEFICIARY_LEDGER,authoring/relief_grant_requests.csv,GR-010,2025-04-06,,,PARTIALLY_PAID,GR-010,"{""approved_amount"":""3750.00"",""beneficiary_program_id"":""BEN-010"",""campaign_id"":""CAMP-010"",""content_role"":""CORE_EVIDENCE"",""grant_request_id"":""GR-010"",""paid_amount"":""2437.50"",""requested_amount"":""15000.00"",""requested_at"":""2025-04-06"",""source_system_id"":""BENEFICIARY_LEDGER"",""status"":""PARTIALLY_PAID""}",authoring/relief_grant_requests.csv#GR-010,CORE_EVIDENCE,70f2d6184689c816b0ece82d1dda0500165cd472c26ddcb01e2e907a0439335d,2026.07.19.3
BISCUIT_RELIEF,GR-011,GRANT_REQUEST,,GR-011,BENEFICIARY_LEDGER,authoring/relief_grant_requests.csv,GR-011,2025-04-13,,,PARTIALLY_PAID,GR-011,"{""approved_amount"":""5375.00"",""beneficiary_program_id"":""BEN-011"",""campaign_id"":""CAMP-011"",""content_role"":""CORE_EVIDENCE"",""grant_request_id"":""GR-011"",""paid_amount"":""3493.75"",""requested_amount"":""21500.00"",""requested_at"":""2025-04-13"",""source_system_id"":""BENEFICIARY_LEDGER"",""status"":""PARTIALLY_PAID""}",authoring/relief_grant_requests.csv#GR-011,CORE_EVIDENCE,79f6c145835a1a492c64a65a3ee06e8289522b4a7f8baedc532b61d8cc3dfa4f,2026.07.19.3
BISCUIT_RELIEF,GR-012,GRANT_REQUEST,,GR-012,BENEFICIARY_LEDGER,authoring/relief_grant_requests.csv,GR-012,2025-04-20,,,PARTIALLY_PAID,GR-012,"{""approved_amount"":""7000.00"",""beneficiary_program_id"":""BEN-012"",""campaign_id"":""CAMP-012"",""content_role"":""CORE_EVIDENCE"",""grant_request_id"":""GR-012"",""paid_amount"":""4550.00"",""requested_amount"":""28000.00"",""requested_at"":""2025-04-20"",""source_system_id"":""BENEFICIARY_LEDGER"",""status"":""PARTIALLY_PAID""}",authoring/relief_grant_requests.csv#GR-012,CORE_EVIDENCE,d5bf41b78bf3f9f10fef9b43f34678c6eb8861538b0d4e986b7cefdb7f5da08f,2026.07.19.3
BISCUIT_RELIEF,LOGIN-0001,LOGIN_EVENT,,LOGIN-0001,DEVICE_LOG,authoring/relief_login_events.csv,LOGIN-0001,2025-01-05T08:15:00Z,,,FAILED_THEN_SUCCESS,LOGIN-0001,"{""authentication_result"":""FAILED_THEN_SUCCESS"",""content_role"":""BACKGROUND"",""device_id"":""DEV-CAMPAIGN-17"",""ip_address"":""203.0.113.20"",""login_at"":""2025-01-05T08:15:00Z"",""login_event_id"":""LOGIN-0001"",""person_record_id"":""PR-ARLO-03"",""source_system_id"":""DEVICE_LOG""}",authoring/relief_login_events.csv#LOGIN-0001,BACKGROUND,8d4c4e5183cafe788a49ce353ca784bdb53be2fc33ae81db8f1870002f4e8cb2,2026.07.19.3
BISCUIT_RELIEF,LOGIN-0002,LOGIN_EVENT,,LOGIN-0002,DEVICE_LOG,authoring/relief_login_events.csv,LOGIN-0002,2025-01-09T08:32:00Z,,,SUCCESS,LOGIN-0002,"{""authentication_result"":""SUCCESS"",""content_role"":""AMBIGUOUS_EVIDENCE"",""device_id"":""DEV-CAMPAIGN-17"",""ip_address"":""198.51.100.88"",""login_at"":""2025-01-09T08:32:00Z"",""login_event_id"":""LOGIN-0002"",""person_record_id"":""PR-MINA-03"",""source_system_id"":""DEVICE_LOG""}",authoring/relief_login_events.csv#LOGIN-0002,AMBIGUOUS_EVIDENCE,94c986750826e13faa1537598c9f597f779db76b7613e2529934808926089e1b,2026.07.19.3
BISCUIT_RELIEF,LOGIN-0003,LOGIN_EVENT,,LOGIN-0003,DEVICE_LOG,authoring/relief_login_events.csv,LOGIN-0003,2025-01-13T08:49:00Z,,,SUCCESS,LOGIN-0003,"{""authentication_result"":""SUCCESS"",""content_role"":""BACKGROUND"",""device_id"":""DEV-FINANCE-22"",""ip_address"":""203.0.113.22"",""login_at"":""2025-01-13T08:49:00Z"",""login_event_id"":""LOGIN-0003"",""person_record_id"":""PR-FELIX-03"",""source_system_id"":""DEVICE_LOG""}",authoring/relief_login_events.csv#LOGIN-0003,BACKGROUND,bf035ac3e65787667219533ae8c370b662b7f33ed5ea967004790f8e04ada5d5,2026.07.19.3
BISCUIT_RELIEF,LOGIN-0004,LOGIN_EVENT,,LOGIN-0004,DEVICE_LOG,authoring/relief_login_events.csv,LOGIN-0004,2025-01-17T09:06:00Z,,,SUCCESS,LOGIN-0004,"{""authentication_result"":""SUCCESS"",""content_role"":""BACKGROUND"",""device_id"":""DEV-ARLO-P1"",""ip_address"":""203.0.113.23"",""login_at"":""2025-01-17T09:06:00Z"",""login_event_id"":""LOGIN-0004"",""person_record_id"":""PR-ARLO-03"",""source_system_id"":""DEVICE_LOG""}",authoring/relief_login_events.csv#LOGIN-0004,BACKGROUND,d807b2d80a539d2b0d239fb3771f3725a9cf19badb1d784fb0510b51cff01298,2026.07.19.3
BISCUIT_RELIEF,LOGIN-0005,LOGIN_EVENT,,LOGIN-0005,DEVICE_LOG,authoring/relief_login_events.csv,LOGIN-0005,2025-01-21T09:23:00Z,,,SUCCESS,LOGIN-0005,"{""authentication_result"":""SUCCESS"",""content_role"":""AMBIGUOUS_EVIDENCE"",""device_id"":""DEV-VOLUNTEER-04"",""ip_address"":""198.51.100.88"",""login_at"":""2025-01-21T09:23:00Z"",""login_event_id"":""LOGIN-0005"",""person_record_id"":""PR-VIOLET-02"",""source_system_id"":""DEVICE_LOG""}",authoring/relief_login_events.csv#LOGIN-0005,AMBIGUOUS_EVIDENCE,397e3a5a5980de07049e26d15cb5a9e1d0d637395a95076292e87a3a83e392a9,2026.07.19.3
BISCUIT_RELIEF,LOGIN-0006,LOGIN_EVENT,,LOGIN-0006,DEVICE_LOG,authoring/relief_login_events.csv,LOGIN-0006,2025-01-25T09:40:00Z,,,SUCCESS,LOGIN-0006,"{""authentication_result"":""SUCCESS"",""content_role"":""AMBIGUOUS_EVIDENCE"",""device_id"":""DEV-HOPE-PHONE"",""ip_address"":""198.51.100.88"",""login_at"":""2025-01-25T09:40:00Z"",""login_event_id"":""LOGIN-0006"",""person_record_id"":""PR-HOPE-01"",""source_system_id"":""DEVICE_LOG""}",authoring/relief_login_events.csv#LOGIN-0006,AMBIGUOUS_EVIDENCE,1cd35a2b67d76296925977fc63ca8b24cd963f0c1ef6075da764eef41836bee8,2026.07.19.3
BISCUIT_RELIEF,LOGIN-0007,LOGIN_EVENT,,LOGIN-0007,DEVICE_LOG,authoring/relief_login_events.csv,LOGIN-0007,2025-01-29T09:57:00Z,,,SUCCESS,LOGIN-0007,"{""authentication_result"":""SUCCESS"",""content_role"":""BACKGROUND"",""device_id"":""DEV-VIOLET-TAB"",""ip_address"":""203.0.113.26"",""login_at"":""2025-01-29T09:57:00Z"",""login_event_id"":""LOGIN-0007"",""person_record_id"":""PR-VIOLET-02"",""source_system_id"":""DEVICE_LOG""}",authoring/relief_login_events.csv#LOGIN-0007,BACKGROUND,ff2f26a3ffd4581bb63426bbfff1928a6d30562745858cdfbb48c85f63449776,2026.07.19.3
BISCUIT_RELIEF,LOGIN-0008,LOGIN_EVENT,,LOGIN-0008,DEVICE_LOG,authoring/relief_login_events.csv,LOGIN-0008,2025-02-02T10:14:00Z,,,SUCCESS,LOGIN-0008,"{""authentication_result"":""SUCCESS"",""content_role"":""BACKGROUND"",""device_id"":""DEV-PROCESSOR-01"",""ip_address"":""203.0.113.27"",""login_at"":""2025-02-02T10:14:00Z"",""login_event_id"":""LOGIN-0008"",""person_record_id"":""PR-PRIYA-02"",""source_system_id"":""DEVICE_LOG""}",authoring/relief_login_events.csv#LOGIN-0008,BACKGROUND,f82be36ae003a57c92a0a9d994acfe4ad9c24f1d823038608816a16ab0da50ce,2026.07.19.3
BISCUIT_RELIEF,LOGIN-0009,LOGIN_EVENT,,LOGIN-0009,DEVICE_LOG,authoring/relief_login_events.csv,LOGIN-0009,2025-02-06T10:31:00Z,,,SUCCESS,LOGIN-0009,"{""authentication_result"":""SUCCESS"",""content_role"":""AMBIGUOUS_EVIDENCE"",""device_id"":""DEV-CAMPAIGN-17"",""ip_address"":""198.51.100.88"",""login_at"":""2025-02-06T10:31:00Z"",""login_event_id"":""LOGIN-0009"",""person_record_id"":""PR-ARLO-03"",""source_system_id"":""DEVICE_LOG""}",authoring/relief_login_events.csv#LOGIN-0009,AMBIGUOUS_EVIDENCE,46a12279f46801f617bfe737dd9fd64a0fe9250d80aca8352547488cc256077b,2026.07.19.3
BISCUIT_RELIEF,LOGIN-0010,LOGIN_EVENT,,LOGIN-0010,DEVICE_LOG,authoring/relief_login_events.csv,LOGIN-0010,2025-02-10T10:48:00Z,,,SUCCESS,LOGIN-0010,"{""authentication_result"":""SUCCESS"",""content_role"":""BACKGROUND"",""device_id"":""DEV-CAMPAIGN-17"",""ip_address"":""203.0.113.29"",""login_at"":""2025-02-10T10:48:00Z"",""login_event_id"":""LOGIN-0010"",""person_record_id"":""PR-MINA-03"",""source_system_id"":""DEVICE_LOG""}",authoring/relief_login_events.csv#LOGIN-0010,BACKGROUND,81d5c811ae611bb9bfdcbe424f8328af56b189eed8eacfa9dbe7436a9a2c360f,2026.07.19.3
BISCUIT_RELIEF,LOGIN-0011,LOGIN_EVENT,,LOGIN-0011,DEVICE_LOG,authoring/relief_login_events.csv,LOGIN-0011,2025-02-14T11:05:00Z,,,SUCCESS,LOGIN-0011,"{""authentication_result"":""SUCCESS"",""content_role"":""BACKGROUND"",""device_id"":""DEV-FINANCE-22"",""ip_address"":""203.0.113.30"",""login_at"":""2025-02-14T11:05:00Z"",""login_event_id"":""LOGIN-0011"",""person_record_id"":""PR-FELIX-03"",""source_system_id"":""DEVICE_LOG""}",authoring/relief_login_events.csv#LOGIN-0011,BACKGROUND,bdc0397afd68bc0acbd213066565413b5322ba6fb25e52eda1243bb39e5bd42f,2026.07.19.3
BISCUIT_RELIEF,LOGIN-0012,LOGIN_EVENT,,LOGIN-0012,DEVICE_LOG,authoring/relief_login_events.csv,LOGIN-0012,2025-02-18T11:22:00Z,,,SUCCESS,LOGIN-0012,"{""authentication_result"":""SUCCESS"",""content_role"":""AMBIGUOUS_EVIDENCE"",""device_id"":""DEV-ARLO-P1"",""ip_address"":""198.51.100.88"",""login_at"":""2025-02-18T11:22:00Z"",""login_event_id"":""LOGIN-0012"",""person_record_id"":""PR-ARLO-03"",""source_system_id"":""DEVICE_LOG""}",authoring/relief_login_events.csv#LOGIN-0012,AMBIGUOUS_EVIDENCE,b897081d7bf736d4de6c1515f53d3b20ccb1bee73509844498d9363e58d78b59,2026.07.19.3
BISCUIT_RELIEF,LOGIN-0013,LOGIN_EVENT,,LOGIN-0013,DEVICE_LOG,authoring/relief_login_events.csv,LOGIN-0013,2025-02-22T11:39:00Z,,,SUCCESS,LOGIN-0013,"{""authentication_result"":""SUCCESS"",""content_role"":""BACKGROUND"",""device_id"":""DEV-VOLUNTEER-04"",""ip_address"":""203.0.113.32"",""login_at"":""2025-02-22T11:39:00Z"",""login_event_id"":""LOGIN-0013"",""person_record_id"":""PR-VIOLET-02"",""source_system_id"":""DEVICE_LOG""}",authoring/relief_login_events.csv#LOGIN-0013,BACKGROUND,eb12f1e5b15e9e5ef5342c02af6de0682b628c622d95c23dc86432e66d44f8b3,2026.07.19.3
BISCUIT_RELIEF,LOGIN-0014,LOGIN_EVENT,,LOGIN-0014,DEVICE_LOG,authoring/relief_login_events.csv,LOGIN-0014,2025-02-26T11:56:00Z,,,SUCCESS,LOGIN-0014,"{""authentication_result"":""SUCCESS"",""content_role"":""AMBIGUOUS_EVIDENCE"",""device_id"":""DEV-HOPE-PHONE"",""ip_address"":""198.51.100.88"",""login_at"":""2025-02-26T11:56:00Z"",""login_event_id"":""LOGIN-0014"",""person_record_id"":""PR-HOPE-01"",""source_system_id"":""DEVICE_LOG""}",authoring/relief_login_events.csv#LOGIN-0014,AMBIGUOUS_EVIDENCE,02d82de2c8c7d68761816e430b4f6e012812f17188948c33021f933207f7b155,2026.07.19.3
BISCUIT_RELIEF,LOGIN-0015,LOGIN_EVENT,,LOGIN-0015,DEVICE_LOG,authoring/relief_login_events.csv,LOGIN-0015,2025-03-02T12:13:00Z,,,SUCCESS,LOGIN-0015,"{""authentication_result"":""SUCCESS"",""content_role"":""AMBIGUOUS_EVIDENCE"",""device_id"":""DEV-VIOLET-TAB"",""ip_address"":""198.51.100.88"",""login_at"":""2025-03-02T12:13:00Z"",""login_event_id"":""LOGIN-0015"",""person_record_id"":""PR-VIOLET-02"",""source_system_id"":""DEVICE_LOG""}",authoring/relief_login_events.csv#LOGIN-0015,AMBIGUOUS_EVIDENCE,f3879f7454439fa17978fadbf521eb334c426066fa90d20329fab8e1513ede94,2026.07.19.3
BISCUIT_RELIEF,LOGIN-0016,LOGIN_EVENT,,LOGIN-0016,DEVICE_LOG,authoring/relief_login_events.csv,LOGIN-0016,2025-03-06T08:30:00Z,,,SUCCESS,LOGIN-0016,"{""authentication_result"":""SUCCESS"",""content_role"":""BACKGROUND"",""device_id"":""DEV-PROCESSOR-01"",""ip_address"":""203.0.113.35"",""login_at"":""2025-03-06T08:30:00Z"",""login_event_id"":""LOGIN-0016"",""person_record_id"":""PR-PRIYA-02"",""source_system_id"":""DEVICE_LOG""}",authoring/relief_login_events.csv#LOGIN-0016,BACKGROUND,4a61a9cf6c86fff19485987d3ac14ac7c08c31e7c8bc49fb4bdc5a6610c972b1,2026.07.19.3
BISCUIT_RELIEF,LOGIN-0017,LOGIN_EVENT,,LOGIN-0017,DEVICE_LOG,authoring/relief_login_events.csv,LOGIN-0017,2025-03-10T08:47:00Z,,,SUCCESS,LOGIN-0017,"{""authentication_result"":""SUCCESS"",""content_role"":""AMBIGUOUS_EVIDENCE"",""device_id"":""DEV-CAMPAIGN-17"",""ip_address"":""198.51.100.88"",""login_at"":""2025-03-10T08:47:00Z"",""login_event_id"":""LOGIN-0017"",""person_record_id"":""PR-ARLO-03"",""source_system_id"":""DEVICE_LOG""}",authoring/relief_login_events.csv#LOGIN-0017,AMBIGUOUS_EVIDENCE,e5ca7b5fc1a24060fe7d6b91391c575678a4d642fd97c78391f2e73b4aedffd3,2026.07.19.3
BISCUIT_RELIEF,LOGIN-0018,LOGIN_EVENT,,LOGIN-0018,DEVICE_LOG,authoring/relief_login_events.csv,LOGIN-0018,2025-03-14T09:04:00Z,,,FAILED_THEN_SUCCESS,LOGIN-0018,"{""authentication_result"":""FAILED_THEN_SUCCESS"",""content_role"":""AMBIGUOUS_EVIDENCE"",""device_id"":""DEV-CAMPAIGN-17"",""ip_address"":""198.51.100.88"",""login_at"":""2025-03-14T09:04:00Z"",""login_event_id"":""LOGIN-0018"",""person_record_id"":""PR-MINA-03"",""source_system_id"":""DEVICE_LOG""}",authoring/relief_login_events.csv#LOGIN-0018,AMBIGUOUS_EVIDENCE,5935894cfa958ea1ebad3c0cd4db4f6f016e4db27c73b4d0d5221fdb58d8f86e,2026.07.19.3
BISCUIT_RELIEF,LOGIN-0019,LOGIN_EVENT,,LOGIN-0019,DEVICE_LOG,authoring/relief_login_events.csv,LOGIN-0019,2025-03-18T09:21:00Z,,,SUCCESS,LOGIN-0019,"{""authentication_result"":""SUCCESS"",""content_role"":""BACKGROUND"",""device_id"":""DEV-FINANCE-22"",""ip_address"":""203.0.113.38"",""login_at"":""2025-03-18T09:21:00Z"",""login_event_id"":""LOGIN-0019"",""person_record_id"":""PR-FELIX-03"",""source_system_id"":""DEVICE_LOG""}",authoring/relief_login_events.csv#LOGIN-0019,BACKGROUND,b1e69518998d705b657b0ed5c41b6a2030909f15a484b952d76745629194c311,2026.07.19.3
BISCUIT_RELIEF,LOGIN-0020,LOGIN_EVENT,,LOGIN-0020,DEVICE_LOG,authoring/relief_login_events.csv,LOGIN-0020,2025-03-22T09:38:00Z,,,SUCCESS,LOGIN-0020,"{""authentication_result"":""SUCCESS"",""content_role"":""AMBIGUOUS_EVIDENCE"",""device_id"":""DEV-ARLO-P1"",""ip_address"":""198.51.100.88"",""login_at"":""2025-03-22T09:38:00Z"",""login_event_id"":""LOGIN-0020"",""person_record_id"":""PR-ARLO-03"",""source_system_id"":""DEVICE_LOG""}",authoring/relief_login_events.csv#LOGIN-0020,AMBIGUOUS_EVIDENCE,2b7cf48be7d5007813cb02fe33e390a0ec3834522a2e530b18e3db68c3d04a35,2026.07.19.3
BISCUIT_RELIEF,LOGIN-0021,LOGIN_EVENT,,LOGIN-0021,DEVICE_LOG,authoring/relief_login_events.csv,LOGIN-0021,2025-03-26T09:55:00Z,,,SUCCESS,LOGIN-0021,"{""authentication_result"":""SUCCESS"",""content_role"":""AMBIGUOUS_EVIDENCE"",""device_id"":""DEV-VOLUNTEER-04"",""ip_address"":""198.51.100.88"",""login_at"":""2025-03-26T09:55:00Z"",""login_event_id"":""LOGIN-0021"",""person_record_id"":""PR-VIOLET-02"",""source_system_id"":""DEVICE_LOG""}",authoring/relief_login_events.csv#LOGIN-0021,AMBIGUOUS_EVIDENCE,3178c646e8fce1fb5643e51be5cfd9bbd634c178f86918a6b18264a5391b84f2,2026.07.19.3
BISCUIT_RELIEF,LOGIN-0022,LOGIN_EVENT,,LOGIN-0022,DEVICE_LOG,authoring/relief_login_events.csv,LOGIN-0022,2025-03-30T10:12:00Z,,,SUCCESS,LOGIN-0022,"{""authentication_result"":""SUCCESS"",""content_role"":""BACKGROUND"",""device_id"":""DEV-HOPE-PHONE"",""ip_address"":""203.0.113.41"",""login_at"":""2025-03-30T10:12:00Z"",""login_event_id"":""LOGIN-0022"",""person_record_id"":""PR-HOPE-01"",""source_system_id"":""DEVICE_LOG""}",authoring/relief_login_events.csv#LOGIN-0022,BACKGROUND,33307b0adf8725b3ca628b29dd67dc915dc3abccfe30bee88f820682b21523a8,2026.07.19.3
BISCUIT_RELIEF,LOGIN-0023,LOGIN_EVENT,,LOGIN-0023,DEVICE_LOG,authoring/relief_login_events.csv,LOGIN-0023,2025-04-03T10:29:00Z,,,SUCCESS,LOGIN-0023,"{""authentication_result"":""SUCCESS"",""content_role"":""AMBIGUOUS_EVIDENCE"",""device_id"":""DEV-VIOLET-TAB"",""ip_address"":""198.51.100.88"",""login_at"":""2025-04-03T10:29:00Z"",""login_event_id"":""LOGIN-0023"",""person_record_id"":""PR-VIOLET-02"",""source_system_id"":""DEVICE_LOG""}",authoring/relief_login_events.csv#LOGIN-0023,AMBIGUOUS_EVIDENCE,f53c877fa2a583e439644bcfff70f5808062260c7fe19d185d950be916aef942,2026.07.19.3
BISCUIT_RELIEF,LOGIN-0024,LOGIN_EVENT,,LOGIN-0024,DEVICE_LOG,authoring/relief_login_events.csv,LOGIN-0024,2025-04-07T10:46:00Z,,,SUCCESS,LOGIN-0024,"{""authentication_result"":""SUCCESS"",""content_role"":""BACKGROUND"",""device_id"":""DEV-PROCESSOR-01"",""ip_address"":""203.0.113.43"",""login_at"":""2025-04-07T10:46:00Z"",""login_event_id"":""LOGIN-0024"",""person_record_id"":""PR-PRIYA-02"",""source_system_id"":""DEVICE_LOG""}",authoring/relief_login_events.csv#LOGIN-0024,BACKGROUND,de753de65ba78b87b6f8c8268fef95d57178e5d5217e219b71487fbfd86aa480,2026.07.19.3
BISCUIT_RELIEF,LOGIN-0025,LOGIN_EVENT,,LOGIN-0025,DEVICE_LOG,authoring/relief_login_events.csv,LOGIN-0025,2025-04-11T11:03:00Z,,,SUCCESS,LOGIN-0025,"{""authentication_result"":""SUCCESS"",""content_role"":""BACKGROUND"",""device_id"":""DEV-CAMPAIGN-17"",""ip_address"":""203.0.113.44"",""login_at"":""2025-04-11T11:03:00Z"",""login_event_id"":""LOGIN-0025"",""person_record_id"":""PR-ARLO-03"",""source_system_id"":""DEVICE_LOG""}",authoring/relief_login_events.csv#LOGIN-0025,BACKGROUND,6e1baea6a76d02fea0b4e766efdf2194aaf934b543b9b91ad11eaa76ddbf940c,2026.07.19.3
BISCUIT_RELIEF,LOGIN-0026,LOGIN_EVENT,,LOGIN-0026,DEVICE_LOG,authoring/relief_login_events.csv,LOGIN-0026,2025-04-15T11:20:00Z,,,SUCCESS,LOGIN-0026,"{""authentication_result"":""SUCCESS"",""content_role"":""AMBIGUOUS_EVIDENCE"",""device_id"":""DEV-CAMPAIGN-17"",""ip_address"":""198.51.100.88"",""login_at"":""2025-04-15T11:20:00Z"",""login_event_id"":""LOGIN-0026"",""person_record_id"":""PR-MINA-03"",""source_system_id"":""DEVICE_LOG""}",authoring/relief_login_events.csv#LOGIN-0026,AMBIGUOUS_EVIDENCE,a2df1bceacb9dd894180d06b77fb078fcfaa846b0061214b626f0c99db45e0ec,2026.07.19.3
BISCUIT_RELIEF,LOGIN-0027,LOGIN_EVENT,,LOGIN-0027,DEVICE_LOG,authoring/relief_login_events.csv,LOGIN-0027,2025-04-19T11:37:00Z,,,SUCCESS,LOGIN-0027,"{""authentication_result"":""SUCCESS"",""content_role"":""BACKGROUND"",""device_id"":""DEV-FINANCE-22"",""ip_address"":""203.0.113.46"",""login_at"":""2025-04-19T11:37:00Z"",""login_event_id"":""LOGIN-0027"",""person_record_id"":""PR-FELIX-03"",""source_system_id"":""DEVICE_LOG""}",authoring/relief_login_events.csv#LOGIN-0027,BACKGROUND,17fb321d404d67e220537a44fc65712a1825c07dbff187e2a93d6b6545d85de1,2026.07.19.3
BISCUIT_RELIEF,LOGIN-0028,LOGIN_EVENT,,LOGIN-0028,DEVICE_LOG,authoring/relief_login_events.csv,LOGIN-0028,2025-04-23T11:54:00Z,,,SUCCESS,LOGIN-0028,"{""authentication_result"":""SUCCESS"",""content_role"":""BACKGROUND"",""device_id"":""DEV-ARLO-P1"",""ip_address"":""203.0.113.47"",""login_at"":""2025-04-23T11:54:00Z"",""login_event_id"":""LOGIN-0028"",""person_record_id"":""PR-ARLO-03"",""source_system_id"":""DEVICE_LOG""}",authoring/relief_login_events.csv#LOGIN-0028,BACKGROUND,a32ae414b9cd13d61602a1f44939b7e75a7371600a0d74d68b150b6d1ebb80b5,2026.07.19.3
BISCUIT_RELIEF,LOGIN-0029,LOGIN_EVENT,,LOGIN-0029,DEVICE_LOG,authoring/relief_login_events.csv,LOGIN-0029,2025-04-27T12:11:00Z,,,SUCCESS,LOGIN-0029,"{""authentication_result"":""SUCCESS"",""content_role"":""AMBIGUOUS_EVIDENCE"",""device_id"":""DEV-VOLUNTEER-04"",""ip_address"":""198.51.100.88"",""login_at"":""2025-04-27T12:11:00Z"",""login_event_id"":""LOGIN-0029"",""person_record_id"":""PR-VIOLET-02"",""source_system_id"":""DEVICE_LOG""}",authoring/relief_login_events.csv#LOGIN-0029,AMBIGUOUS_EVIDENCE,e1ef69c5e7198a60fbb085255435e63d556165c55b27a3d259bfea898ee42307,2026.07.19.3
BISCUIT_RELIEF,LOGIN-0030,LOGIN_EVENT,,LOGIN-0030,DEVICE_LOG,authoring/relief_login_events.csv,LOGIN-0030,2025-05-01T08:28:00Z,,,SUCCESS,LOGIN-0030,"{""authentication_result"":""SUCCESS"",""content_role"":""AMBIGUOUS_EVIDENCE"",""device_id"":""DEV-HOPE-PHONE"",""ip_address"":""198.51.100.88"",""login_at"":""2025-05-01T08:28:00Z"",""login_event_id"":""LOGIN-0030"",""person_record_id"":""PR-HOPE-01"",""source_system_id"":""DEVICE_LOG""}",authoring/relief_login_events.csv#LOGIN-0030,AMBIGUOUS_EVIDENCE,9ddf85aacfcf9c83eb9b78b1533b31096d7320e5eb95af631110f01148175b0e,2026.07.19.3
BISCUIT_RELIEF,LOGIN-0031,LOGIN_EVENT,,LOGIN-0031,DEVICE_LOG,authoring/relief_login_events.csv,LOGIN-0031,2025-05-05T08:45:00Z,,,SUCCESS,LOGIN-0031,"{""authentication_result"":""SUCCESS"",""content_role"":""BACKGROUND"",""device_id"":""DEV-VIOLET-TAB"",""ip_address"":""203.0.113.50"",""login_at"":""2025-05-05T08:45:00Z"",""login_event_id"":""LOGIN-0031"",""person_record_id"":""PR-VIOLET-02"",""source_system_id"":""DEVICE_LOG""}",authoring/relief_login_events.csv#LOGIN-0031,BACKGROUND,9e175626724457ccc67fba54600f054c006220457c556714b29d1245f3595072,2026.07.19.3
BISCUIT_RELIEF,LOGIN-0032,LOGIN_EVENT,,LOGIN-0032,DEVICE_LOG,authoring/relief_login_events.csv,LOGIN-0032,2025-05-09T09:02:00Z,,,SUCCESS,LOGIN-0032,"{""authentication_result"":""SUCCESS"",""content_role"":""BACKGROUND"",""device_id"":""DEV-PROCESSOR-01"",""ip_address"":""203.0.113.51"",""login_at"":""2025-05-09T09:02:00Z"",""login_event_id"":""LOGIN-0032"",""person_record_id"":""PR-PRIYA-02"",""source_system_id"":""DEVICE_LOG""}",authoring/relief_login_events.csv#LOGIN-0032,BACKGROUND,b905393339a3a75662d0f906ae6d7c49014d8f8f88f9bb571dcc1835dab921ad,2026.07.19.3
BISCUIT_RELIEF,LOGIN-0033,LOGIN_EVENT,,LOGIN-0033,DEVICE_LOG,authoring/relief_login_events.csv,LOGIN-0033,2025-05-13T09:19:00Z,,,SUCCESS,LOGIN-0033,"{""authentication_result"":""SUCCESS"",""content_role"":""AMBIGUOUS_EVIDENCE"",""device_id"":""DEV-CAMPAIGN-17"",""ip_address"":""198.51.100.88"",""login_at"":""2025-05-13T09:19:00Z"",""login_event_id"":""LOGIN-0033"",""person_record_id"":""PR-ARLO-03"",""source_system_id"":""DEVICE_LOG""}",authoring/relief_login_events.csv#LOGIN-0033,AMBIGUOUS_EVIDENCE,860f9af3f3f2569ebbc2c0c362e86893dfb087af2f741a10cf93fccd516dda9f,2026.07.19.3
BISCUIT_RELIEF,LOGIN-0034,LOGIN_EVENT,,LOGIN-0034,DEVICE_LOG,authoring/relief_login_events.csv,LOGIN-0034,2025-05-17T09:36:00Z,,,SUCCESS,LOGIN-0034,"{""authentication_result"":""SUCCESS"",""content_role"":""BACKGROUND"",""device_id"":""DEV-CAMPAIGN-17"",""ip_address"":""203.0.113.53"",""login_at"":""2025-05-17T09:36:00Z"",""login_event_id"":""LOGIN-0034"",""person_record_id"":""PR-MINA-03"",""source_system_id"":""DEVICE_LOG""}",authoring/relief_login_events.csv#LOGIN-0034,BACKGROUND,2b670cdc1f5a1a8714d986ae147e86624c05039ea0836f3ecb44fb0ebd801b03,2026.07.19.3
BISCUIT_RELIEF,LOGIN-0035,LOGIN_EVENT,,LOGIN-0035,DEVICE_LOG,authoring/relief_login_events.csv,LOGIN-0035,2025-05-21T09:53:00Z,,,FAILED_THEN_SUCCESS,LOGIN-0035,"{""authentication_result"":""FAILED_THEN_SUCCESS"",""content_role"":""BACKGROUND"",""device_id"":""DEV-FINANCE-22"",""ip_address"":""203.0.113.54"",""login_at"":""2025-05-21T09:53:00Z"",""login_event_id"":""LOGIN-0035"",""person_record_id"":""PR-FELIX-03"",""source_system_id"":""DEVICE_LOG""}",authoring/relief_login_events.csv#LOGIN-0035,BACKGROUND,02530f990c112ceeeff2ce3e4a0b449a874a8c021c3818d439eeb9f8b4795515,2026.07.19.3
BISCUIT_RELIEF,LOGIN-0036,LOGIN_EVENT,,LOGIN-0036,DEVICE_LOG,authoring/relief_login_events.csv,LOGIN-0036,2025-05-25T10:10:00Z,,,SUCCESS,LOGIN-0036,"{""authentication_result"":""SUCCESS"",""content_role"":""AMBIGUOUS_EVIDENCE"",""device_id"":""DEV-ARLO-P1"",""ip_address"":""198.51.100.88"",""login_at"":""2025-05-25T10:10:00Z"",""login_event_id"":""LOGIN-0036"",""person_record_id"":""PR-ARLO-03"",""source_system_id"":""DEVICE_LOG""}",authoring/relief_login_events.csv#LOGIN-0036,AMBIGUOUS_EVIDENCE,ae48d23f3bc49703a2bb13bf660fe88bac0362a361652ec8d9455d9c63965581,2026.07.19.3
BISCUIT_RELIEF,LOGIN-0037,LOGIN_EVENT,,LOGIN-0037,DEVICE_LOG,authoring/relief_login_events.csv,LOGIN-0037,2025-05-29T10:27:00Z,,,SUCCESS,LOGIN-0037,"{""authentication_result"":""SUCCESS"",""content_role"":""BACKGROUND"",""device_id"":""DEV-VOLUNTEER-04"",""ip_address"":""203.0.113.56"",""login_at"":""2025-05-29T10:27:00Z"",""login_event_id"":""LOGIN-0037"",""person_record_id"":""PR-VIOLET-02"",""source_system_id"":""DEVICE_LOG""}",authoring/relief_login_events.csv#LOGIN-0037,BACKGROUND,f91b20b44a31a13fced9fb57b00d87c7751b4f359fa515d22a4027671d5268de,2026.07.19.3
BISCUIT_RELIEF,LOGIN-0038,LOGIN_EVENT,,LOGIN-0038,DEVICE_LOG,authoring/relief_login_events.csv,LOGIN-0038,2025-06-02T10:44:00Z,,,SUCCESS,LOGIN-0038,"{""authentication_result"":""SUCCESS"",""content_role"":""AMBIGUOUS_EVIDENCE"",""device_id"":""DEV-HOPE-PHONE"",""ip_address"":""198.51.100.88"",""login_at"":""2025-06-02T10:44:00Z"",""login_event_id"":""LOGIN-0038"",""person_record_id"":""PR-HOPE-01"",""source_system_id"":""DEVICE_LOG""}",authoring/relief_login_events.csv#LOGIN-0038,AMBIGUOUS_EVIDENCE,27c7d4f41e90269993410704bc48fd8c323b4a86f944afd0042a1f5626a7bc9a,2026.07.19.3
BISCUIT_RELIEF,LOGIN-0039,LOGIN_EVENT,,LOGIN-0039,DEVICE_LOG,authoring/relief_login_events.csv,LOGIN-0039,2025-06-06T11:01:00Z,,,SUCCESS,LOGIN-0039,"{""authentication_result"":""SUCCESS"",""content_role"":""AMBIGUOUS_EVIDENCE"",""device_id"":""DEV-VIOLET-TAB"",""ip_address"":""198.51.100.88"",""login_at"":""2025-06-06T11:01:00Z"",""login_event_id"":""LOGIN-0039"",""person_record_id"":""PR-VIOLET-02"",""source_system_id"":""DEVICE_LOG""}",authoring/relief_login_events.csv#LOGIN-0039,AMBIGUOUS_EVIDENCE,e90cba153c394b21f7dbbef0a7dbe040065facb082f08cfa78f09a411a8d7672,2026.07.19.3
BISCUIT_RELIEF,LOGIN-0040,LOGIN_EVENT,,LOGIN-0040,DEVICE_LOG,authoring/relief_login_events.csv,LOGIN-0040,2025-06-10T11:18:00Z,,,SUCCESS,LOGIN-0040,"{""authentication_result"":""SUCCESS"",""content_role"":""BACKGROUND"",""device_id"":""DEV-PROCESSOR-01"",""ip_address"":""203.0.113.59"",""login_at"":""2025-06-10T11:18:00Z"",""login_event_id"":""LOGIN-0040"",""person_record_id"":""PR-PRIYA-02"",""source_system_id"":""DEVICE_LOG""}",authoring/relief_login_events.csv#LOGIN-0040,BACKGROUND,fdd53b4d444ded56260e69a0919ecbda384ee1e4e131477eb8fdb3a852a45aba,2026.07.19.3
BISCUIT_RELIEF,LOGIN-0041,LOGIN_EVENT,,LOGIN-0041,DEVICE_LOG,authoring/relief_login_events.csv,LOGIN-0041,2025-06-14T11:35:00Z,,,SUCCESS,LOGIN-0041,"{""authentication_result"":""SUCCESS"",""content_role"":""AMBIGUOUS_EVIDENCE"",""device_id"":""DEV-CAMPAIGN-17"",""ip_address"":""198.51.100.88"",""login_at"":""2025-06-14T11:35:00Z"",""login_event_id"":""LOGIN-0041"",""person_record_id"":""PR-ARLO-03"",""source_system_id"":""DEVICE_LOG""}",authoring/relief_login_events.csv#LOGIN-0041,AMBIGUOUS_EVIDENCE,9a77f13a5cf925b0da812dbf0d5ec583a4bf4a3e86669c580677451bb707da70,2026.07.19.3
BISCUIT_RELIEF,LOGIN-0042,LOGIN_EVENT,,LOGIN-0042,DEVICE_LOG,authoring/relief_login_events.csv,LOGIN-0042,2025-06-18T11:52:00Z,,,SUCCESS,LOGIN-0042,"{""authentication_result"":""SUCCESS"",""content_role"":""AMBIGUOUS_EVIDENCE"",""device_id"":""DEV-CAMPAIGN-17"",""ip_address"":""198.51.100.88"",""login_at"":""2025-06-18T11:52:00Z"",""login_event_id"":""LOGIN-0042"",""person_record_id"":""PR-MINA-03"",""source_system_id"":""DEVICE_LOG""}",authoring/relief_login_events.csv#LOGIN-0042,AMBIGUOUS_EVIDENCE,d474e5fb3bdd9c24d0c42be6c50e204b6f87dec54529e32cdd9d4c98f89288db,2026.07.19.3
BISCUIT_RELIEF,LOGIN-0043,LOGIN_EVENT,,LOGIN-0043,DEVICE_LOG,authoring/relief_login_events.csv,LOGIN-0043,2025-06-22T12:09:00Z,,,SUCCESS,LOGIN-0043,"{""authentication_result"":""SUCCESS"",""content_role"":""BACKGROUND"",""device_id"":""DEV-FINANCE-22"",""ip_address"":""203.0.113.62"",""login_at"":""2025-06-22T12:09:00Z"",""login_event_id"":""LOGIN-0043"",""person_record_id"":""PR-FELIX-03"",""source_system_id"":""DEVICE_LOG""}",authoring/relief_login_events.csv#LOGIN-0043,BACKGROUND,5fc09b3c43f8338c5d189ba16aa106d7a7f99d9b5f8aae8e089617311869b5aa,2026.07.19.3
BISCUIT_RELIEF,LOGIN-0044,LOGIN_EVENT,,LOGIN-0044,DEVICE_LOG,authoring/relief_login_events.csv,LOGIN-0044,2025-06-26T08:26:00Z,,,SUCCESS,LOGIN-0044,"{""authentication_result"":""SUCCESS"",""content_role"":""AMBIGUOUS_EVIDENCE"",""device_id"":""DEV-ARLO-P1"",""ip_address"":""198.51.100.88"",""login_at"":""2025-06-26T08:26:00Z"",""login_event_id"":""LOGIN-0044"",""person_record_id"":""PR-ARLO-03"",""source_system_id"":""DEVICE_LOG""}",authoring/relief_login_events.csv#LOGIN-0044,AMBIGUOUS_EVIDENCE,72a0a7b8591c68223bd0597b41a407288dd1857815b1c2dcb5cdb1b3f48a5138,2026.07.19.3
BISCUIT_RELIEF,LOGIN-0045,LOGIN_EVENT,,LOGIN-0045,DEVICE_LOG,authoring/relief_login_events.csv,LOGIN-0045,2025-06-30T08:43:00Z,,,SUCCESS,LOGIN-0045,"{""authentication_result"":""SUCCESS"",""content_role"":""AMBIGUOUS_EVIDENCE"",""device_id"":""DEV-VOLUNTEER-04"",""ip_address"":""198.51.100.88"",""login_at"":""2025-06-30T08:43:00Z"",""login_event_id"":""LOGIN-0045"",""person_record_id"":""PR-VIOLET-02"",""source_system_id"":""DEVICE_LOG""}",authoring/relief_login_events.csv#LOGIN-0045,AMBIGUOUS_EVIDENCE,e3794e6b8ffca9a4719c1f2350354f71fb621ebea6a724a08a11b8080fe2588e,2026.07.19.3
BISCUIT_RELIEF,OR-GBRF-01,ORGANIZATION_RECORD,,Great Biscuit Relief Fund,CHARITY_REGISTRY,authoring/relief_organization_records.csv,OR-GBRF-01,2023-09-18,,,,Great Biscuit Relief Fund,"{""address_normalized"":""17 LANTERN QUAY"",""address_original"":""17 Lantern Quay"",""content_role"":""CORE_EVIDENCE"",""display_name"":""Great Biscuit Relief Fund"",""domain_normalized"":""greatbiscuitrelief.example"",""domain_original"":""greatbiscuitrelief.example"",""organization_id"":""O-GBRF"",""organization_record_id"":""OR-GBRF-01"",""phone_normalized"":""15550347"",""phone_original"":""+1-555-0347"",""recorded_at"":""2023-09-18"",""registration_id"":""REG-3B7F02D7"",""source_record_key"":""CHARITY_REGISTRY-O-GBRF-1"",""source_system_id"":""CHARITY_REGISTRY""}",authoring/relief_organization_records.csv#OR-GBRF-01,CORE_EVIDENCE,a820c90e21fbb891fdd56b768e5bf9171dc871e8f0904cdfff0a6ee0af793cc5,2026.07.19.3
BISCUIT_RELIEF,OR-GBRF-02,ORGANIZATION_RECORD,,Great Biscuit Relief,CAMPAIGN_PLATFORM,authoring/relief_organization_records.csv,OR-GBRF-02,2023-10-19,,,,Great Biscuit Relief,"{""address_normalized"":""17 LANTERN QUAY"",""address_original"":""17 Lantern Quay"",""content_role"":""CORE_EVIDENCE"",""display_name"":""Great Biscuit Relief"",""domain_normalized"":""greatbiscuitrelief.example"",""domain_original"":""greatbiscuitrelief.example"",""organization_id"":""O-GBRF"",""organization_record_id"":""OR-GBRF-02"",""phone_normalized"":""15550347"",""phone_original"":""+1-555-0347"",""recorded_at"":""2023-10-19"",""registration_id"":""REG-AFF59A04"",""source_record_key"":""CAMPAIGN_PLATFORM-O-GBRF-2"",""source_system_id"":""CAMPAIGN_PLATFORM""}",authoring/relief_organization_records.csv#OR-GBRF-02,CORE_EVIDENCE,29ab78023d3ac924f862ab1a299eb34a69bff4dbedd86cba4e1dee708431a824,2026.07.19.3
BISCUIT_RELIEF,OR-GBRF-03,ORGANIZATION_RECORD,,GBRF Campaigns,PAYMENT_PROCESSOR,authoring/relief_organization_records.csv,OR-GBRF-03,2023-11-19,,,,GBRF Campaigns,"{""address_normalized"":""17 LANTERN QUAY"",""address_original"":""17 Lantern Quay"",""content_role"":""CORE_EVIDENCE"",""display_name"":""GBRF Campaigns"",""domain_normalized"":""greatbiscuitrelief.example"",""domain_original"":""greatbiscuitrelief.example"",""organization_id"":""O-GBRF"",""organization_record_id"":""OR-GBRF-03"",""phone_normalized"":""15550347"",""phone_original"":""+1-555-0347"",""recorded_at"":""2023-11-19"",""registration_id"":""REG-025264FB"",""source_record_key"":""PAYMENT_PROCESSOR-O-GBRF-3"",""source_system_id"":""PAYMENT_PROCESSOR""}",authoring/relief_organization_records.csv#OR-GBRF-03,CORE_EVIDENCE,c18967f9be9c6d4cc76d9b0da823ac6a6e27e249a1a6af9a22f8ff2b21e636c1,2026.07.19.3
BISCUIT_RELIEF,OR-GBRF-04,ORGANIZATION_RECORD,,The Great Biscuit Fund,DOCUMENT_REPOSITORY,authoring/relief_organization_records.csv,OR-GBRF-04,2023-12-20,,,,The Great Biscuit Fund,"{""address_normalized"":""17 LANTERN QUAY"",""address_original"":""17 Lantern Quay"",""content_role"":""CORE_EVIDENCE"",""display_name"":""The Great Biscuit Fund"",""domain_normalized"":""greatbiscuitrelief.example"",""domain_original"":""greatbiscuitrelief.example"",""organization_id"":""O-GBRF"",""organization_record_id"":""OR-GBRF-04"",""phone_normalized"":""15550347"",""phone_original"":""+1-555-0347"",""recorded_at"":""2023-12-20"",""registration_id"":""REG-CA1E52C2"",""source_record_key"":""DOCUMENT_REPOSITORY-O-GBRF-4"",""source_system_id"":""DOCUMENT_REPOSITORY""}",authoring/relief_organization_records.csv#OR-GBRF-04,CORE_EVIDENCE,e20e254d0c64e1659f2609376ecb5eced15af6ed634cf48f9ec143bd283c72ed,2026.07.19.3
BISCUIT_RELIEF,OR-EMBER-01,ORGANIZATION_RECORD,,Emberlight Campaign Studio,CHARITY_REGISTRY,authoring/relief_organization_records.csv,OR-EMBER-01,2023-09-18,,,,Emberlight Campaign Studio,"{""address_normalized"":""8 UMBRELLA YARD"",""address_original"":""8 Umbrella Yard"",""content_role"":""CORE_EVIDENCE"",""display_name"":""Emberlight Campaign Studio"",""domain_normalized"":""emberlight.example"",""domain_original"":""emberlight.example"",""organization_id"":""O-EMBER"",""organization_record_id"":""OR-EMBER-01"",""phone_normalized"":""15550348"",""phone_original"":""+1-555-0348"",""recorded_at"":""2023-09-18"",""registration_id"":""REG-913144DC"",""source_record_key"":""CHARITY_REGISTRY-O-EMBER-1"",""source_system_id"":""CHARITY_REGISTRY""}",authoring/relief_organization_records.csv#OR-EMBER-01,CORE_EVIDENCE,ed46bfbb82f811bf0f320bcf769f7314550b9c2b5d811d931691e252f063e212,2026.07.19.3
BISCUIT_RELIEF,OR-EMBER-02,ORGANIZATION_RECORD,,Emberlight Campaigns,AD_PLATFORM,authoring/relief_organization_records.csv,OR-EMBER-02,2023-10-19,,,,Emberlight Campaigns,"{""address_normalized"":""8 UMBRELLA YARD"",""address_original"":""8 Umbrella Yard"",""content_role"":""CORE_EVIDENCE"",""display_name"":""Emberlight Campaigns"",""domain_normalized"":""emberlight.example"",""domain_original"":""emberlight.example"",""organization_id"":""O-EMBER"",""organization_record_id"":""OR-EMBER-02"",""phone_normalized"":""15550348"",""phone_original"":""+1-555-0348"",""recorded_at"":""2023-10-19"",""registration_id"":""REG-BBE2E2AA"",""source_record_key"":""AD_PLATFORM-O-EMBER-2"",""source_system_id"":""AD_PLATFORM""}",authoring/relief_organization_records.csv#OR-EMBER-02,CORE_EVIDENCE,d775e64b18c55bb6ab239f1586c49edc018faf0face38d1523d3a6f7ff240e64,2026.07.19.3
BISCUIT_RELIEF,OR-EMBER-03,ORGANIZATION_RECORD,,Ember Light Campaign Studio,INVOICE_REPOSITORY,authoring/relief_organization_records.csv,OR-EMBER-03,2023-11-19,,,,Ember Light Campaign Studio,"{""address_normalized"":""8 UMBRELLA YARD"",""address_original"":""8 Umbrella Yard"",""content_role"":""CORE_EVIDENCE"",""display_name"":""Ember Light Campaign Studio"",""domain_normalized"":""emberlight.example"",""domain_original"":""emberlight.example"",""organization_id"":""O-EMBER"",""organization_record_id"":""OR-EMBER-03"",""phone_normalized"":""15550348"",""phone_original"":""+1-555-0348"",""recorded_at"":""2023-11-19"",""registration_id"":""REG-744DA7E1"",""source_record_key"":""INVOICE_REPOSITORY-O-EMBER-3"",""source_system_id"":""INVOICE_REPOSITORY""}",authoring/relief_organization_records.csv#OR-EMBER-03,CORE_EVIDENCE,92ab4e67528fbf9b1e50bff096aa8fab6bb24c306ce1c8acd76ff0c781df579d,2026.07.19.3
BISCUIT_RELIEF,OR-GILDED-01,ORGANIZATION_RECORD,,Gilded Leash Media LLC,CHARITY_REGISTRY,authoring/relief_organization_records.csv,OR-GILDED-01,2023-09-18,,,,Gilded Leash Media LLC,"{""address_normalized"":""17 LANTERN QUAY"",""address_original"":""17 Lantern Quay"",""content_role"":""CORE_EVIDENCE"",""display_name"":""Gilded Leash Media LLC"",""domain_normalized"":""gildedleash.example"",""domain_original"":""gildedleash.example"",""organization_id"":""O-GILDED"",""organization_record_id"":""OR-GILDED-01"",""phone_normalized"":""15550349"",""phone_original"":""+1-555-0349"",""recorded_at"":""2023-09-18"",""registration_id"":""REG-BA048736"",""source_record_key"":""CHARITY_REGISTRY-O-GILDED-1"",""source_system_id"":""CHARITY_REGISTRY""}",authoring/relief_organization_records.csv#OR-GILDED-01,CORE_EVIDENCE,c3e2265c560ad0ab18420fdca1a1c0b1fd612508e285c15f09f18e311a4dc3ff,2026.07.19.3
BISCUIT_RELIEF,OR-GILDED-02,ORGANIZATION_RECORD,,Gilded Leash Media,BANK_KYC,authoring/relief_organization_records.csv,OR-GILDED-02,2023-10-19,,,,Gilded Leash Media,"{""address_normalized"":""17 LANTERN QUAY"",""address_original"":""17 Lantern Quay"",""content_role"":""CORE_EVIDENCE"",""display_name"":""Gilded Leash Media"",""domain_normalized"":""gildedleash.example"",""domain_original"":""gildedleash.example"",""organization_id"":""O-GILDED"",""organization_record_id"":""OR-GILDED-02"",""phone_normalized"":""15550349"",""phone_original"":""+1-555-0349"",""recorded_at"":""2023-10-19"",""registration_id"":""REG-4BDFFD8F"",""source_record_key"":""BANK_KYC-O-GILDED-2"",""source_system_id"":""BANK_KYC""}",authoring/relief_organization_records.csv#OR-GILDED-02,CORE_EVIDENCE,93d8d974fbecacfecd74bde800e4cedcedbfd6c3ff055d86ef87fd35c753e0c7,2026.07.19.3
BISCUIT_RELIEF,OR-GILDED-03,ORGANIZATION_RECORD,,G.L. Media,INVOICE_REPOSITORY,authoring/relief_organization_records.csv,OR-GILDED-03,2023-11-19,,,,G.L. Media,"{""address_normalized"":""17 LANTERN QUAY"",""address_original"":""17 Lantern Quay"",""content_role"":""CORE_EVIDENCE"",""display_name"":""G.L. Media"",""domain_normalized"":""gildedleash.example"",""domain_original"":""gildedleash.example"",""organization_id"":""O-GILDED"",""organization_record_id"":""OR-GILDED-03"",""phone_normalized"":""15550349"",""phone_original"":""+1-555-0349"",""recorded_at"":""2023-11-19"",""registration_id"":""REG-DE9A24D7"",""source_record_key"":""INVOICE_REPOSITORY-O-GILDED-3"",""source_system_id"":""INVOICE_REPOSITORY""}",authoring/relief_organization_records.csv#OR-GILDED-03,CORE_EVIDENCE,18066d393c2fb50eb683b792f1baf64ddbcc3b530b65d14dd084599077cf78f8,2026.07.19.3
BISCUIT_RELIEF,OR-REDROOF-01,ORGANIZATION_RECORD,,Red Roof Logistics LLC,CHARITY_REGISTRY,authoring/relief_organization_records.csv,OR-REDROOF-01,2023-09-18,,,,Red Roof Logistics LLC,"{""address_normalized"":""17 LANTERN QUAY"",""address_original"":""17 Lantern Quay"",""content_role"":""CORE_EVIDENCE"",""display_name"":""Red Roof Logistics LLC"",""domain_normalized"":""redrooflogistics.example"",""domain_original"":""redrooflogistics.example"",""organization_id"":""O-REDROOF"",""organization_record_id"":""OR-REDROOF-01"",""phone_normalized"":""15550350"",""phone_original"":""+1-555-0350"",""recorded_at"":""2023-09-18"",""registration_id"":""REG-72C0D23F"",""source_record_key"":""CHARITY_REGISTRY-O-REDROOF-1"",""source_system_id"":""CHARITY_REGISTRY""}",authoring/relief_organization_records.csv#OR-REDROOF-01,CORE_EVIDENCE,44403f9f649536f86226536017e72af53d409a339071ccf6d9abfa9bf7e1da96,2026.07.19.3
BISCUIT_RELIEF,OR-REDROOF-02,ORGANIZATION_RECORD,,RedRoof Logistics,BANK_KYC,authoring/relief_organization_records.csv,OR-REDROOF-02,2023-10-19,,,,RedRoof Logistics,"{""address_normalized"":""17 LANTERN QUAY"",""address_original"":""17 Lantern Quay"",""content_role"":""CORE_EVIDENCE"",""display_name"":""RedRoof Logistics"",""domain_normalized"":""redrooflogistics.example"",""domain_original"":""redrooflogistics.example"",""organization_id"":""O-REDROOF"",""organization_record_id"":""OR-REDROOF-02"",""phone_normalized"":""15550350"",""phone_original"":""+1-555-0350"",""recorded_at"":""2023-10-19"",""registration_id"":""REG-57499A37"",""source_record_key"":""BANK_KYC-O-REDROOF-2"",""source_system_id"":""BANK_KYC""}",authoring/relief_organization_records.csv#OR-REDROOF-02,CORE_EVIDENCE,ca5f839c4ff294ce21405f52127445070dc7bf5577f261448e64c8d56a9b3b59,2026.07.19.3
BISCUIT_RELIEF,OR-REDROOF-03,ORGANIZATION_RECORD,,R.R. Logistics,INVOICE_REPOSITORY,authoring/relief_organization_records.csv,OR-REDROOF-03,2023-11-19,,,,R.R. Logistics,"{""address_normalized"":""17 LANTERN QUAY"",""address_original"":""17 Lantern Quay"",""content_role"":""CORE_EVIDENCE"",""display_name"":""R.R. Logistics"",""domain_normalized"":""redrooflogistics.example"",""domain_original"":""redrooflogistics.example"",""organization_id"":""O-REDROOF"",""organization_record_id"":""OR-REDROOF-03"",""phone_normalized"":""15550350"",""phone_original"":""+1-555-0350"",""recorded_at"":""2023-11-19"",""registration_id"":""REG-DED11905"",""source_record_key"":""INVOICE_REPOSITORY-O-REDROOF-3"",""source_system_id"":""INVOICE_REPOSITORY""}",authoring/relief_organization_records.csv#OR-REDROOF-03,CORE_EVIDENCE,7476cb7f0ca8996266dec7da3f5e7a9ea8ae4df1514522933aa925fc191b1389,2026.07.19.3
BISCUIT_RELIEF,OR-PAWBRIDGE-01,ORGANIZATION_RECORD,,Pawbridge Relief Alliance,CHARITY_REGISTRY,authoring/relief_organization_records.csv,OR-PAWBRIDGE-01,2023-09-18,,,,Pawbridge Relief Alliance,"{""address_normalized"":""72 BRIDGE STREET"",""address_original"":""72 Bridge Street"",""content_role"":""EXCULPATORY_EVIDENCE"",""display_name"":""Pawbridge Relief Alliance"",""domain_normalized"":""pawbridge.example"",""domain_original"":""pawbridge.example"",""organization_id"":""O-PAWBRIDGE"",""organization_record_id"":""OR-PAWBRIDGE-01"",""phone_normalized"":""15550351"",""phone_original"":""+1-555-0351"",""recorded_at"":""2023-09-18"",""registration_id"":""REG-F202C103"",""source_record_key"":""CHARITY_REGISTRY-O-PAWBRIDGE-1"",""source_system_id"":""CHARITY_REGISTRY""}",authoring/relief_organization_records.csv#OR-PAWBRIDGE-01,EXCULPATORY_EVIDENCE,9313058d55ec24eea1bbd9003fb19ae0cc708d635a31204538207b913443331d,2026.07.19.3
BISCUIT_RELIEF,OR-PAWBRIDGE-02,ORGANIZATION_RECORD,,Pawbridge Relief,BENEFICIARY_LEDGER,authoring/relief_organization_records.csv,OR-PAWBRIDGE-02,2023-10-19,,,,Pawbridge Relief,"{""address_normalized"":""72 BRIDGE STREET"",""address_original"":""72 Bridge Street"",""content_role"":""EXCULPATORY_EVIDENCE"",""display_name"":""Pawbridge Relief"",""domain_normalized"":""pawbridge.example"",""domain_original"":""pawbridge.example"",""organization_id"":""O-PAWBRIDGE"",""organization_record_id"":""OR-PAWBRIDGE-02"",""phone_normalized"":""15550351"",""phone_original"":""+1-555-0351"",""recorded_at"":""2023-10-19"",""registration_id"":""REG-F84F8E74"",""source_record_key"":""BENEFICIARY_LEDGER-O-PAWBRIDGE-2"",""source_system_id"":""BENEFICIARY_LEDGER""}",authoring/relief_organization_records.csv#OR-PAWBRIDGE-02,EXCULPATORY_EVIDENCE,86fe312655be62870549ca1fac98b83d80e0d9c838f652d5206450944b67d7c6,2026.07.19.3
BISCUIT_RELIEF,OR-HARBOR-01,ORGANIZATION_RECORD,,Harbor Bowl Community Pantry,CHARITY_REGISTRY,authoring/relief_organization_records.csv,OR-HARBOR-01,2023-09-18,,,,Harbor Bowl Community Pantry,"{""address_normalized"":""6 HARBOR SQUARE"",""address_original"":""6 Harbor Square"",""content_role"":""EXCULPATORY_EVIDENCE"",""display_name"":""Harbor Bowl Community Pantry"",""domain_normalized"":""harborbowl.example"",""domain_original"":""harborbowl.example"",""organization_id"":""O-HARBOR"",""organization_record_id"":""OR-HARBOR-01"",""phone_normalized"":""15550352"",""phone_original"":""+1-555-0352"",""recorded_at"":""2023-09-18"",""registration_id"":""REG-981E275E"",""source_record_key"":""CHARITY_REGISTRY-O-HARBOR-1"",""source_system_id"":""CHARITY_REGISTRY""}",authoring/relief_organization_records.csv#OR-HARBOR-01,EXCULPATORY_EVIDENCE,59fd00ffb033fa4ff3e461c6537739f25e95928c7184ec01a7cfc503b807fc59,2026.07.19.3
BISCUIT_RELIEF,OR-HARBOR-02,ORGANIZATION_RECORD,,Harbor Bowl Pantry,BENEFICIARY_LEDGER,authoring/relief_organization_records.csv,OR-HARBOR-02,2023-10-19,,,,Harbor Bowl Pantry,"{""address_normalized"":""6 HARBOR SQUARE"",""address_original"":""6 Harbor Square"",""content_role"":""EXCULPATORY_EVIDENCE"",""display_name"":""Harbor Bowl Pantry"",""domain_normalized"":""harborbowl.example"",""domain_original"":""harborbowl.example"",""organization_id"":""O-HARBOR"",""organization_record_id"":""OR-HARBOR-02"",""phone_normalized"":""15550352"",""phone_original"":""+1-555-0352"",""recorded_at"":""2023-10-19"",""registration_id"":""REG-49299EEA"",""source_record_key"":""BENEFICIARY_LEDGER-O-HARBOR-2"",""source_system_id"":""BENEFICIARY_LEDGER""}",authoring/relief_organization_records.csv#OR-HARBOR-02,EXCULPATORY_EVIDENCE,7ce77242851ebddcc25a325395ef36b56c408f6b88e359c3bbf775ce80593787,2026.07.19.3
BISCUIT_RELIEF,OR-WARM-01,ORGANIZATION_RECORD,,Warm Kennel Mutual Aid,CHARITY_REGISTRY,authoring/relief_organization_records.csv,OR-WARM-01,2023-09-18,,,,Warm Kennel Mutual Aid,"{""address_normalized"":""41 HEARTH AVENUE"",""address_original"":""41 Hearth Avenue"",""content_role"":""EXCULPATORY_EVIDENCE"",""display_name"":""Warm Kennel Mutual Aid"",""domain_normalized"":""warmkennel.example"",""domain_original"":""warmkennel.example"",""organization_id"":""O-WARM"",""organization_record_id"":""OR-WARM-01"",""phone_normalized"":""15550353"",""phone_original"":""+1-555-0353"",""recorded_at"":""2023-09-18"",""registration_id"":""REG-C1D44577"",""source_record_key"":""CHARITY_REGISTRY-O-WARM-1"",""source_system_id"":""CHARITY_REGISTRY""}",authoring/relief_organization_records.csv#OR-WARM-01,EXCULPATORY_EVIDENCE,77e9fb8005335d54bf6f7a97cd297c5e7e73054fb4f7ed4c7b07c61a9e25ce2e,2026.07.19.3
BISCUIT_RELIEF,OR-WARM-02,ORGANIZATION_RECORD,,Warm Kennel Aid,BENEFICIARY_LEDGER,authoring/relief_organization_records.csv,OR-WARM-02,2023-10-19,,,,Warm Kennel Aid,"{""address_normalized"":""41 HEARTH AVENUE"",""address_original"":""41 Hearth Avenue"",""content_role"":""EXCULPATORY_EVIDENCE"",""display_name"":""Warm Kennel Aid"",""domain_normalized"":""warmkennel.example"",""domain_original"":""warmkennel.example"",""organization_id"":""O-WARM"",""organization_record_id"":""OR-WARM-02"",""phone_normalized"":""15550353"",""phone_original"":""+1-555-0353"",""recorded_at"":""2023-10-19"",""registration_id"":""REG-0BC3E931"",""source_record_key"":""BENEFICIARY_LEDGER-O-WARM-2"",""source_system_id"":""BENEFICIARY_LEDGER""}",authoring/relief_organization_records.csv#OR-WARM-02,EXCULPATORY_EVIDENCE,2a3df23ed59c3d084223278d0e05be4d10cbc4799ea188e1d2340867e34861fd,2026.07.19.3
BISCUIT_RELIEF,OR-PROCESSOR-01,ORGANIZATION_RECORD,,Northstar Donation Services,DOCUMENT_REPOSITORY,authoring/relief_organization_records.csv,OR-PROCESSOR-01,2023-09-18,,,,Northstar Donation Services,"{""address_normalized"":""98 CIVIC ROW"",""address_original"":""98 Civic Row"",""content_role"":""EXCULPATORY_EVIDENCE"",""display_name"":""Northstar Donation Services"",""domain_normalized"":""northstardonationservices.example"",""domain_original"":""northstardonationservices.example"",""organization_id"":""O-PROCESSOR"",""organization_record_id"":""OR-PROCESSOR-01"",""phone_normalized"":""15550368"",""phone_original"":""+1-555-0368"",""recorded_at"":""2023-09-18"",""registration_id"":""REG-DFDC3769"",""source_record_key"":""DOCUMENT_REPOSITORY-O-PROCESSOR-1"",""source_system_id"":""DOCUMENT_REPOSITORY""}",authoring/relief_organization_records.csv#OR-PROCESSOR-01,EXCULPATORY_EVIDENCE,26c267c804317e2101aa5f9e5cf404d41f00c67f10c0665df4f0eb9ebd418344,2026.07.19.3
BISCUIT_RELIEF,OR-PROCESSOR-02,ORGANIZATION_RECORD,,Northstar Donation Services Record,BANK_KYC,authoring/relief_organization_records.csv,OR-PROCESSOR-02,2023-10-19,,,,Northstar Donation Services Record,"{""address_normalized"":""98 CIVIC ROW"",""address_original"":""98 Civic Row"",""content_role"":""EXCULPATORY_EVIDENCE"",""display_name"":""Northstar Donation Services Record"",""domain_normalized"":""northstardonationservices.example"",""domain_original"":""northstardonationservices.example"",""organization_id"":""O-PROCESSOR"",""organization_record_id"":""OR-PROCESSOR-02"",""phone_normalized"":""15550368"",""phone_original"":""+1-555-0368"",""recorded_at"":""2023-10-19"",""registration_id"":""REG-93F9106D"",""source_record_key"":""BANK_KYC-O-PROCESSOR-2"",""source_system_id"":""BANK_KYC""}",authoring/relief_organization_records.csv#OR-PROCESSOR-02,EXCULPATORY_EVIDENCE,4e11036e9ea3d0b94e7e8e8a94d5445f7a428fc30ffe0d7ea60ba18a3512dce0,2026.07.19.3
BISCUIT_RELIEF,OR-BANK-01,ORGANIZATION_RECORD,,Lantern Community Bank,DOCUMENT_REPOSITORY,authoring/relief_organization_records.csv,OR-BANK-01,2023-09-18,,,,Lantern Community Bank,"{""address_normalized"":""99 CIVIC ROW"",""address_original"":""99 Civic Row"",""content_role"":""BACKGROUND"",""display_name"":""Lantern Community Bank"",""domain_normalized"":""lanterncommunitybank.example"",""domain_original"":""lanterncommunitybank.example"",""organization_id"":""O-BANK"",""organization_record_id"":""OR-BANK-01"",""phone_normalized"":""15550369"",""phone_original"":""+1-555-0369"",""recorded_at"":""2023-09-18"",""registration_id"":""REG-5A785116"",""source_record_key"":""DOCUMENT_REPOSITORY-O-BANK-1"",""source_system_id"":""DOCUMENT_REPOSITORY""}",authoring/relief_organization_records.csv#OR-BANK-01,BACKGROUND,eb2f202d851b17fbf9d687735a8d7d80ab7c0904567da1c386eb0050a570031e,2026.07.19.3
BISCUIT_RELIEF,OR-CIVIC-01,ORGANIZATION_RECORD,,Civic Relief Coordination Office,DOCUMENT_REPOSITORY,authoring/relief_organization_records.csv,OR-CIVIC-01,2023-09-18,,,,Civic Relief Coordination Office,"{""address_normalized"":""100 CIVIC ROW"",""address_original"":""100 Civic Row"",""content_role"":""BACKGROUND"",""display_name"":""Civic Relief Coordination Office"",""domain_normalized"":""civicreliefcoordinationoffice.example"",""domain_original"":""civicreliefcoordinationoffice.example"",""organization_id"":""O-CIVIC"",""organization_record_id"":""OR-CIVIC-01"",""phone_normalized"":""15550370"",""phone_original"":""+1-555-0370"",""recorded_at"":""2023-09-18"",""registration_id"":""REG-883DADE9"",""source_record_key"":""DOCUMENT_REPOSITORY-O-CIVIC-1"",""source_system_id"":""DOCUMENT_REPOSITORY""}",authoring/relief_organization_records.csv#OR-CIVIC-01,BACKGROUND,9131ebabd6ce93858faba8b4182e1d088ddad2ded521810667c9d4810d38815c,2026.07.19.3
BISCUIT_RELIEF,O-GBRF,ORGANIZATION,fraudulent fundraising front,Great Biscuit Relief Fund,AUTHORING,authoring/relief_organizations.csv,O-GBRF,,,,,Great Biscuit Relief Fund,"{""canonical_name"":""Great Biscuit Relief Fund"",""organization_id"":""O-GBRF"",""organization_role"":""fraudulent fundraising front""}",authoring/relief_organizations.csv#O-GBRF,BACKGROUND,35f399f00afaa9ca6b1941ae3e4a38a88140d2090a02884f60c2d8e517e89080,2026.07.19.3
BISCUIT_RELIEF,O-EMBER,ORGANIZATION,campaign operator controlled by Mina,Emberlight Campaign Studio,AUTHORING,authoring/relief_organizations.csv,O-EMBER,,,,,Emberlight Campaign Studio,"{""canonical_name"":""Emberlight Campaign Studio"",""organization_id"":""O-EMBER"",""organization_role"":""campaign operator controlled by Mina""}",authoring/relief_organizations.csv#O-EMBER,BACKGROUND,75d342087b24c970047139e4ee788f06e6673d773e7c9dd69c3461c3fb135e0e,2026.07.19.3
BISCUIT_RELIEF,O-GILDED,ORGANIZATION,shell advertising vendor,Gilded Leash Media LLC,AUTHORING,authoring/relief_organizations.csv,O-GILDED,,,,,Gilded Leash Media LLC,"{""canonical_name"":""Gilded Leash Media LLC"",""organization_id"":""O-GILDED"",""organization_role"":""shell advertising vendor""}",authoring/relief_organizations.csv#O-GILDED,BACKGROUND,888e739a529a65fca11fac4a1f36f45ee3e6a20efceabbdd83c0537749c1c7d0,2026.07.19.3
BISCUIT_RELIEF,O-REDROOF,ORGANIZATION,shell logistics vendor,Red Roof Logistics LLC,AUTHORING,authoring/relief_organizations.csv,O-REDROOF,,,,,Red Roof Logistics LLC,"{""canonical_name"":""Red Roof Logistics LLC"",""organization_id"":""O-REDROOF"",""organization_role"":""shell logistics vendor""}",authoring/relief_organizations.csv#O-REDROOF,BACKGROUND,6cadb08b44028bfab39bb49c8d73109d74246e92b36d38325d36a5434542eb87,2026.07.19.3
BISCUIT_RELIEF,O-PAWBRIDGE,ORGANIZATION,legitimate beneficiary,Pawbridge Relief Alliance,AUTHORING,authoring/relief_organizations.csv,O-PAWBRIDGE,,,,,Pawbridge Relief Alliance,"{""canonical_name"":""Pawbridge Relief Alliance"",""organization_id"":""O-PAWBRIDGE"",""organization_role"":""legitimate beneficiary""}",authoring/relief_organizations.csv#O-PAWBRIDGE,BACKGROUND,40027cbf784422539845eb899d6cecae852d3e331604eae1d5cda21d44e7ad1f,2026.07.19.3
BISCUIT_RELIEF,O-HARBOR,ORGANIZATION,legitimate beneficiary,Harbor Bowl Community Pantry,AUTHORING,authoring/relief_organizations.csv,O-HARBOR,,,,,Harbor Bowl Community Pantry,"{""canonical_name"":""Harbor Bowl Community Pantry"",""organization_id"":""O-HARBOR"",""organization_role"":""legitimate beneficiary""}",authoring/relief_organizations.csv#O-HARBOR,BACKGROUND,bd0377c665618bf502e85e4b982b7dedc0c31c03c3392a61e9fcf54196df6c0f,2026.07.19.3
BISCUIT_RELIEF,O-WARM,ORGANIZATION,legitimate beneficiary,Warm Kennel Mutual Aid,AUTHORING,authoring/relief_organizations.csv,O-WARM,,,,,Warm Kennel Mutual Aid,"{""canonical_name"":""Warm Kennel Mutual Aid"",""organization_id"":""O-WARM"",""organization_role"":""legitimate beneficiary""}",authoring/relief_organizations.csv#O-WARM,BACKGROUND,7eef5e88f786cb9c49533347971b3609d74b167c444ed4641325400d462ea8c5,2026.07.19.3
BISCUIT_RELIEF,O-PROCESSOR,ORGANIZATION,legitimate payment processor,Northstar Donation Services,AUTHORING,authoring/relief_organizations.csv,O-PROCESSOR,,,,,Northstar Donation Services,"{""canonical_name"":""Northstar Donation Services"",""organization_id"":""O-PROCESSOR"",""organization_role"":""legitimate payment processor""}",authoring/relief_organizations.csv#O-PROCESSOR,BACKGROUND,4befd3f684860a190ce911e6dd9df81a46e07223c57099874d69fb96cabb5b53,2026.07.19.3
BISCUIT_RELIEF,O-BANK,ORGANIZATION,bank,Lantern Community Bank,AUTHORING,authoring/relief_organizations.csv,O-BANK,,,,,Lantern Community Bank,"{""canonical_name"":""Lantern Community Bank"",""organization_id"":""O-BANK"",""organization_role"":""bank""}",authoring/relief_organizations.csv#O-BANK,BACKGROUND,449d04d83e69ffa4856d35e7f03d49254c79715c3bd4d5a3805c36212ee2179d,2026.07.19.3
BISCUIT_RELIEF,O-CIVIC,ORGANIZATION,neutral coordinating office,Civic Relief Coordination Office,AUTHORING,authoring/relief_organizations.csv,O-CIVIC,,,,,Civic Relief Coordination Office,"{""canonical_name"":""Civic Relief Coordination Office"",""organization_id"":""O-CIVIC"",""organization_role"":""neutral coordinating office""}",authoring/relief_organizations.csv#O-CIVIC,BACKGROUND,c5cee41175c2254f7e562839800b52dd2ee546436f7a5bda6c18f5ace74176cf,2026.07.19.3
BISCUIT_RELIEF,P-ARLO,PERSON,,Arlo Airedale,AUTHORING,authoring/relief_people.csv,P-ARLO,,,,,Arlo Airedale,"{""canonical_name"":""Arlo Airedale"",""culpability"":""intentional"",""harm_status"":""non-victim"",""person_id"":""P-ARLO"",""truth_role"":""principal/controller""}",authoring/relief_people.csv#P-ARLO,BACKGROUND,f3c6b5ed054fa41e0c3f0db2bfc70526180e318082893d09ab7012e7f6ec1bbd,2026.07.19.3
BISCUIT_RELIEF,P-MINA,PERSON,,Mina Maltese,AUTHORING,authoring/relief_people.csv,P-MINA,,,,,Mina Maltese,"{""canonical_name"":""Mina Maltese"",""culpability"":""knowing"",""harm_status"":""non-victim"",""person_id"":""P-MINA"",""truth_role"":""campaign/content operator""}",authoring/relief_people.csv#P-MINA,BACKGROUND,1fb3ba0073a77d531cd1234b3dc719c20a8979c3e7bf9fdfbea197f2dea0087d,2026.07.19.3
BISCUIT_RELIEF,P-FELIX,PERSON,,Felix Foxhound,AUTHORING,authoring/relief_people.csv,P-FELIX,,,,,Felix Foxhound,"{""canonical_name"":""Felix Foxhound"",""culpability"":""knowing"",""harm_status"":""non-victim"",""person_id"":""P-FELIX"",""truth_role"":""financial operator""}",authoring/relief_people.csv#P-FELIX,BACKGROUND,74fcaa2d9a6c79d704a8424f1ede1d212a80c2934bf3f2d7315503a81ef02967,2026.07.19.3
BISCUIT_RELIEF,P-VIOLET,PERSON,,Violet Vizsla,AUTHORING,authoring/relief_people.csv,P-VIOLET,,,,,Violet Vizsla,"{""canonical_name"":""Violet Vizsla"",""culpability"":""none"",""harm_status"":""non-victim"",""person_id"":""P-VIOLET"",""truth_role"":""volunteer coordinator""}",authoring/relief_people.csv#P-VIOLET,BACKGROUND,37dd389f3d802d1a2785938862b5d85c21a1d0768aa562992de17f4563087071,2026.07.19.3
BISCUIT_RELIEF,P-HOPE,PERSON,,Hope Hound,AUTHORING,authoring/relief_people.csv,P-HOPE,,,,,Hope Hound,"{""canonical_name"":""Hope Hound"",""culpability"":""unwitting"",""harm_status"":""victim"",""person_id"":""P-HOPE"",""truth_role"":""high-degree volunteer and donor""}",authoring/relief_people.csv#P-HOPE,BACKGROUND,699815ca376ca3e827beb68f386cba9958cae5065b9e85db56e6b4347d69b244,2026.07.19.3
BISCUIT_RELIEF,P-BENNY,PERSON,,Benny Beagle,AUTHORING,authoring/relief_people.csv,P-BENNY,,,,,Benny Beagle,"{""canonical_name"":""Benny Beagle"",""culpability"":""none"",""harm_status"":""victim"",""person_id"":""P-BENNY"",""truth_role"":""beneficiary director""}",authoring/relief_people.csv#P-BENNY,BACKGROUND,8a9e19c46bbe2397cdd61b6d32469ae0a67e68184e5806f8eed9ca0feac2d198,2026.07.19.3
BISCUIT_RELIEF,P-PRIYA,PERSON,,Priya Poodle,AUTHORING,authoring/relief_people.csv,P-PRIYA,,,,,Priya Poodle,"{""canonical_name"":""Priya Poodle"",""culpability"":""none"",""harm_status"":""non-victim"",""person_id"":""P-PRIYA"",""truth_role"":""processor compliance analyst""}",authoring/relief_people.csv#P-PRIYA,BACKGROUND,4883ebb78f106a875340e4a0053d109784abb6d40bdb4ca2ae315bed0e49e843,2026.07.19.3
BISCUIT_RELIEF,P-COLIN,PERSON,,Colin Collie,AUTHORING,authoring/relief_people.csv,P-COLIN,,,,,Colin Collie,"{""canonical_name"":""Colin Collie"",""culpability"":""none"",""harm_status"":""non-victim"",""person_id"":""P-COLIN"",""truth_role"":""legitimate logistics vendor""}",authoring/relief_people.csv#P-COLIN,BACKGROUND,73835d6d7dcc2036e40542ee4465fac83e58ed68614b86ec094bf8db41e917d2,2026.07.19.3
BISCUIT_RELIEF,P-ADA,PERSON,,Ada Akita,AUTHORING,authoring/relief_people.csv,P-ADA,,,,,Ada Akita,"{""canonical_name"":""Ada Akita"",""culpability"":""none"",""harm_status"":""non-victim"",""person_id"":""P-ADA"",""truth_role"":""journalist and complainant""}",authoring/relief_people.csv#P-ADA,BACKGROUND,14a470a54ba16e9e9b6140a82e2a1b1dbadc2341870ba7272a616d731a455850,2026.07.19.3
BISCUIT_RELIEF,P-LEO,PERSON,,Leo Labrador,AUTHORING,authoring/relief_people.csv,P-LEO,,,,,Leo Labrador,"{""canonical_name"":""Leo Labrador"",""culpability"":""none"",""harm_status"":""victim"",""person_id"":""P-LEO"",""truth_role"":""donor""}",authoring/relief_people.csv#P-LEO,BACKGROUND,4b426f7ad18ea89414193f573acde7757b10a337feec6b3ea675f519f533108b,2026.07.19.3
BISCUIT_RELIEF,P-RUBY,PERSON,,Ruby Retriever,AUTHORING,authoring/relief_people.csv,P-RUBY,,,,,Ruby Retriever,"{""canonical_name"":""Ruby Retriever"",""culpability"":""none"",""harm_status"":""victim"",""person_id"":""P-RUBY"",""truth_role"":""donor""}",authoring/relief_people.csv#P-RUBY,BACKGROUND,a69c9debf2ae0f1a8482a680a81089057326fd8f3dab60a6da3fcc19890f2f2e,2026.07.19.3
BISCUIT_RELIEF,P-GIDEON,PERSON,,Gideon Greyhound,AUTHORING,authoring/relief_people.csv,P-GIDEON,,,,,Gideon Greyhound,"{""canonical_name"":""Gideon Greyhound"",""culpability"":""none"",""harm_status"":""victim"",""person_id"":""P-GIDEON"",""truth_role"":""donor""}",authoring/relief_people.csv#P-GIDEON,BACKGROUND,5bce1850a4c8fb0ad46c5c979723001c13f2fe0ec3fcec27a33a9a28f3664739,2026.07.19.3
BISCUIT_RELIEF,PR-ARLO-01,PERSON_RECORD,,Arlo Airedale,CHARITY_REGISTRY,authoring/relief_person_records.csv,PR-ARLO-01,2024-03-08,,,,Arlo Airedale,"{""address_normalized"":""17 LANTERN QUAY"",""address_original"":""17 Lantern Quay"",""content_role"":""CORE_EVIDENCE"",""display_name"":""Arlo Airedale"",""email_normalized"":""arlo.airedale@greatbiscuitrelief.example"",""email_original"":""arlo.airedale@greatbiscuitrelief.example"",""partial_identifier"":""PID-842565"",""person_id"":""P-ARLO"",""person_record_id"":""PR-ARLO-01"",""phone_normalized"":""15550301"",""phone_original"":""+1-555-0301"",""recorded_at"":""2024-03-08"",""source_record_key"":""CHARITY_REGISTRY-P-ARLO-1"",""source_system_id"":""CHARITY_REGISTRY""}",authoring/relief_person_records.csv#PR-ARLO-01,CORE_EVIDENCE,9f489b55ee7cc5b8f15a860ee8a718eafad4d170691a2276b860d9857a0efcd5,2026.07.19.3
BISCUIT_RELIEF,PR-ARLO-02,PERSON_RECORD,,Arlo J. Airedale,BANK_KYC,authoring/relief_person_records.csv,PR-ARLO-02,2024-03-31,,,,Arlo J. Airedale,"{""address_normalized"":""9 VELVET CRESCENT"",""address_original"":""9 Velvet Crescent"",""content_role"":""CORE_EVIDENCE"",""display_name"":""Arlo J. Airedale"",""email_normalized"":""arlo.private@houndmail.example"",""email_original"":""arlo.private@houndmail.example"",""partial_identifier"":""PID-66B7F5"",""person_id"":""P-ARLO"",""person_record_id"":""PR-ARLO-02"",""phone_normalized"":""15550391"",""phone_original"":""+1-555-0391"",""recorded_at"":""2024-03-31"",""source_record_key"":""BANK_KYC-P-ARLO-2"",""source_system_id"":""BANK_KYC""}",authoring/relief_person_records.csv#PR-ARLO-02,CORE_EVIDENCE,cccfaa24b7be90ec678d6da0b49d0246ef9bd37d854e3b2be41d9a106907674c,2026.07.19.3
BISCUIT_RELIEF,PR-ARLO-03,PERSON_RECORD,,arlo.gives,EMAIL,authoring/relief_person_records.csv,PR-ARLO-03,2024-04-23,,,,arlo.gives,"{""address_normalized"":""17 LANTERN QUAY"",""address_original"":""17 Lantern Quay"",""content_role"":""CORE_EVIDENCE"",""display_name"":""arlo.gives"",""email_normalized"":""arlo.gives@greatbiscuitrelief.example"",""email_original"":""arlo.gives@greatbiscuitrelief.example"",""partial_identifier"":""PID-31CE81"",""person_id"":""P-ARLO"",""person_record_id"":""PR-ARLO-03"",""phone_normalized"":""15550301"",""phone_original"":""+1-555-0301"",""recorded_at"":""2024-04-23"",""source_record_key"":""EMAIL-P-ARLO-3"",""source_system_id"":""EMAIL""}",authoring/relief_person_records.csv#PR-ARLO-03,CORE_EVIDENCE,948b2a09eab3e725d718d016191aeb5613d019cd4d649f76c99dc93d61f3470e,2026.07.19.3
BISCUIT_RELIEF,PR-ARLO-04,PERSON_RECORD,,A. Airedale,DOCUMENT_REPOSITORY,authoring/relief_person_records.csv,PR-ARLO-04,2024-05-16,,,,A. Airedale,"{""address_normalized"":""17 LANTERN QUAY"",""address_original"":""17 Lantern Quay"",""content_role"":""CORE_EVIDENCE"",""display_name"":""A. Airedale"",""email_normalized"":""arlo.airedale@greatbiscuitrelief.example"",""email_original"":""arlo.airedale@greatbiscuitrelief.example"",""partial_identifier"":""PID-A1C95C"",""person_id"":""P-ARLO"",""person_record_id"":""PR-ARLO-04"",""phone_normalized"":""15550301"",""phone_original"":""+1-555-0301"",""recorded_at"":""2024-05-16"",""source_record_key"":""DOCUMENT_REPOSITORY-P-ARLO-4"",""source_system_id"":""DOCUMENT_REPOSITORY""}",authoring/relief_person_records.csv#PR-ARLO-04,CORE_EVIDENCE,25ab87a8510a39496f7e5226a1d067486392c3c0e7e5dc6e73c8c631fb73cd48,2026.07.19.3
BISCUIT_RELIEF,PR-MINA-01,PERSON_RECORD,,Mina Maltese,CHARITY_REGISTRY,authoring/relief_person_records.csv,PR-MINA-01,2024-03-08,,,,Mina Maltese,"{""address_normalized"":""44 CAMPAIGN LANE"",""address_original"":""44 Campaign Lane"",""content_role"":""CORE_EVIDENCE"",""display_name"":""Mina Maltese"",""email_normalized"":""mina.maltese@greatbiscuitrelief.example"",""email_original"":""mina.maltese@greatbiscuitrelief.example"",""partial_identifier"":""PID-FB1304"",""person_id"":""P-MINA"",""person_record_id"":""PR-MINA-01"",""phone_normalized"":""15550302"",""phone_original"":""+1-555-0302"",""recorded_at"":""2024-03-08"",""source_record_key"":""CHARITY_REGISTRY-P-MINA-1"",""source_system_id"":""CHARITY_REGISTRY""}",authoring/relief_person_records.csv#PR-MINA-01,CORE_EVIDENCE,732e7fa9a9d7ee4a4842a760a27d69eb7f8722151347f6609a8ec990c413b5f8,2026.07.19.3
BISCUIT_RELIEF,PR-MINA-02,PERSON_RECORD,,M. Maltese,AD_PLATFORM,authoring/relief_person_records.csv,PR-MINA-02,2024-03-31,,,,M. Maltese,"{""address_normalized"":""8 UMBRELLA YARD"",""address_original"":""8 Umbrella Yard"",""content_role"":""CORE_EVIDENCE"",""display_name"":""M. Maltese"",""email_normalized"":""mina@emberlight.example"",""email_original"":""mina@emberlight.example"",""partial_identifier"":""PID-B327AE"",""person_id"":""P-MINA"",""person_record_id"":""PR-MINA-02"",""phone_normalized"":""15550302"",""phone_original"":""+1-555-0302"",""recorded_at"":""2024-03-31"",""source_record_key"":""AD_PLATFORM-P-MINA-2"",""source_system_id"":""AD_PLATFORM""}",authoring/relief_person_records.csv#PR-MINA-02,CORE_EVIDENCE,378987ae284e2796239b4ec0c4791ce10aa4289ecb436ca1af99c061629b2f75,2026.07.19.3
BISCUIT_RELIEF,PR-MINA-03,PERSON_RECORD,,mina.campaigns,EMAIL,authoring/relief_person_records.csv,PR-MINA-03,2024-04-23,,,,mina.campaigns,"{""address_normalized"":""17 LANTERN QUAY"",""address_original"":""17 Lantern Quay"",""content_role"":""CORE_EVIDENCE"",""display_name"":""mina.campaigns"",""email_normalized"":""mina.campaigns@greatbiscuitrelief.example"",""email_original"":""mina.campaigns@greatbiscuitrelief.example"",""partial_identifier"":""PID-BA00E6"",""person_id"":""P-MINA"",""person_record_id"":""PR-MINA-03"",""phone_normalized"":""15550302"",""phone_original"":""+1-555-0302"",""recorded_at"":""2024-04-23"",""source_record_key"":""EMAIL-P-MINA-3"",""source_system_id"":""EMAIL""}",authoring/relief_person_records.csv#PR-MINA-03,CORE_EVIDENCE,08c161a43134cc8a6bcf033ba141f5397150278728ce4a0ef16556884fb55e59,2026.07.19.3
BISCUIT_RELIEF,PR-FELIX-01,PERSON_RECORD,,Felix Foxhound,BANK_KYC,authoring/relief_person_records.csv,PR-FELIX-01,2024-03-08,,,,Felix Foxhound,"{""address_normalized"":""61 LEDGER ROW"",""address_original"":""61 Ledger Row"",""content_role"":""CORE_EVIDENCE"",""display_name"":""Felix Foxhound"",""email_normalized"":""felix.foxhound@greatbiscuitrelief.example"",""email_original"":""felix.foxhound@greatbiscuitrelief.example"",""partial_identifier"":""PID-4E5709"",""person_id"":""P-FELIX"",""person_record_id"":""PR-FELIX-01"",""phone_normalized"":""15550303"",""phone_original"":""+1-555-0303"",""recorded_at"":""2024-03-08"",""source_record_key"":""BANK_KYC-P-FELIX-1"",""source_system_id"":""BANK_KYC""}",authoring/relief_person_records.csv#PR-FELIX-01,CORE_EVIDENCE,d60df5abfaa3f95dfcb5bd1b3e138cc933f785e643a4b552aaeccec186f767b9,2026.07.19.3
BISCUIT_RELIEF,PR-FELIX-02,PERSON_RECORD,,F. Foxhound,INVOICE_REPOSITORY,authoring/relief_person_records.csv,PR-FELIX-02,2024-03-31,,,,F. Foxhound,"{""address_normalized"":""17 LANTERN QUAY"",""address_original"":""17 Lantern Quay"",""content_role"":""CORE_EVIDENCE"",""display_name"":""F. Foxhound"",""email_normalized"":""felix@gildedleash.example"",""email_original"":""felix@gildedleash.example"",""partial_identifier"":""PID-0063A7"",""person_id"":""P-FELIX"",""person_record_id"":""PR-FELIX-02"",""phone_normalized"":""15550303"",""phone_original"":""+1-555-0303"",""recorded_at"":""2024-03-31"",""source_record_key"":""INVOICE_REPOSITORY-P-FELIX-2"",""source_system_id"":""INVOICE_REPOSITORY""}",authoring/relief_person_records.csv#PR-FELIX-02,CORE_EVIDENCE,a4e81022a8ab4faaabe5c02e02b8ac8d7e773a062b1c2f3ccecd4b3a9bf8bc99,2026.07.19.3
BISCUIT_RELIEF,PR-FELIX-03,PERSON_RECORD,,felix.finance,EMAIL,authoring/relief_person_records.csv,PR-FELIX-03,2024-04-23,,,,felix.finance,"{""address_normalized"":""17 LANTERN QUAY"",""address_original"":""17 Lantern Quay"",""content_role"":""CORE_EVIDENCE"",""display_name"":""felix.finance"",""email_normalized"":""felix.finance@greatbiscuitrelief.example"",""email_original"":""felix.finance@greatbiscuitrelief.example"",""partial_identifier"":""PID-5B5A51"",""person_id"":""P-FELIX"",""person_record_id"":""PR-FELIX-03"",""phone_normalized"":""15550303"",""phone_original"":""+1-555-0303"",""recorded_at"":""2024-04-23"",""source_record_key"":""EMAIL-P-FELIX-3"",""source_system_id"":""EMAIL""}",authoring/relief_person_records.csv#PR-FELIX-03,CORE_EVIDENCE,9f8799112c75c202a1d563208fb4ac226ec9cbacc532fb7354853f4ef69fe1f4,2026.07.19.3
BISCUIT_RELIEF,PR-VIOLET-01,PERSON_RECORD,,Violet Vizsla,VOLUNTEER_PORTAL,authoring/relief_person_records.csv,PR-VIOLET-01,2024-03-08,,,,Violet Vizsla,"{""address_normalized"":""31 VOLUNTEER WALK"",""address_original"":""31 Volunteer Walk"",""content_role"":""EXCULPATORY_EVIDENCE"",""display_name"":""Violet Vizsla"",""email_normalized"":""violet.vizsla@communitybowl.example"",""email_original"":""violet.vizsla@communitybowl.example"",""partial_identifier"":""PID-27F07D"",""person_id"":""P-VIOLET"",""person_record_id"":""PR-VIOLET-01"",""phone_normalized"":""15550304"",""phone_original"":""+1-555-0304"",""recorded_at"":""2024-03-08"",""source_record_key"":""VOLUNTEER_PORTAL-P-VIOLET-1"",""source_system_id"":""VOLUNTEER_PORTAL""}",authoring/relief_person_records.csv#PR-VIOLET-01,EXCULPATORY_EVIDENCE,3b21a822151b8b8392d79414461ed03993e847906787626dd4aebbb7db78c559,2026.07.19.3
BISCUIT_RELIEF,PR-VIOLET-02,PERSON_RECORD,,V. Vizsla,EMAIL,authoring/relief_person_records.csv,PR-VIOLET-02,2024-03-31,,,,V. Vizsla,"{""address_normalized"":""31 VOLUNTEER WALK"",""address_original"":""31 Volunteer Walk"",""content_role"":""EXCULPATORY_EVIDENCE"",""display_name"":""V. Vizsla"",""email_normalized"":""violet@greatbiscuitrelief.example"",""email_original"":""violet@greatbiscuitrelief.example"",""partial_identifier"":""PID-6F09C8"",""person_id"":""P-VIOLET"",""person_record_id"":""PR-VIOLET-02"",""phone_normalized"":""15550304"",""phone_original"":""+1-555-0304"",""recorded_at"":""2024-03-31"",""source_record_key"":""EMAIL-P-VIOLET-2"",""source_system_id"":""EMAIL""}",authoring/relief_person_records.csv#PR-VIOLET-02,EXCULPATORY_EVIDENCE,aec338967727d78ecd15d413bb76efb51705cd217449f84d435015798463542f,2026.07.19.3
BISCUIT_RELIEF,PR-VIOLET-03,PERSON_RECORD,,Violet V.,WAREHOUSE_LOG,authoring/relief_person_records.csv,PR-VIOLET-03,2024-04-23,,,,Violet V.,"{""address_normalized"":""52 WAREHOUSE WAY"",""address_original"":""52 Warehouse Way"",""content_role"":""EXCULPATORY_EVIDENCE"",""display_name"":""Violet V."",""email_normalized"":""violet.vizsla@communitybowl.example"",""email_original"":""violet.vizsla@communitybowl.example"",""partial_identifier"":""PID-3B97E7"",""person_id"":""P-VIOLET"",""person_record_id"":""PR-VIOLET-03"",""phone_normalized"":""15550304"",""phone_original"":""+1-555-0304"",""recorded_at"":""2024-04-23"",""source_record_key"":""WAREHOUSE_LOG-P-VIOLET-3"",""source_system_id"":""WAREHOUSE_LOG""}",authoring/relief_person_records.csv#PR-VIOLET-03,EXCULPATORY_EVIDENCE,6ef8ad7ef7807f4ff6a6d325a4a8e10572c65e37f56f400fd78989f2977d3aed,2026.07.19.3
BISCUIT_RELIEF,PR-HOPE-01,PERSON_RECORD,,Hope Hound,VOLUNTEER_PORTAL,authoring/relief_person_records.csv,PR-HOPE-01,2024-03-08,,,,Hope Hound,"{""address_normalized"":""8 BEACON CRESCENT"",""address_original"":""8 Beacon Crescent"",""content_role"":""EXCULPATORY_EVIDENCE"",""display_name"":""Hope Hound"",""email_normalized"":""hope.hound@houndmail.example"",""email_original"":""hope.hound@houndmail.example"",""partial_identifier"":""PID-E1E763"",""person_id"":""P-HOPE"",""person_record_id"":""PR-HOPE-01"",""phone_normalized"":""15550310"",""phone_original"":""+1-555-0310"",""recorded_at"":""2024-03-08"",""source_record_key"":""VOLUNTEER_PORTAL-P-HOPE-1"",""source_system_id"":""VOLUNTEER_PORTAL""}",authoring/relief_person_records.csv#PR-HOPE-01,EXCULPATORY_EVIDENCE,ac8313fb36db34f70c1bb5f1812a65daa3f7fdbeb8818947c1e5c56e357f0e95,2026.07.19.3
BISCUIT_RELIEF,PR-HOPE-02,PERSON_RECORD,,H. Hound,SOCIAL_ARCHIVE,authoring/relief_person_records.csv,PR-HOPE-02,2024-03-31,,,,H. Hound,"{""address_normalized"":""8 BEACON CRESCENT"",""address_original"":""8 Beacon Crescent"",""content_role"":""EXCULPATORY_EVIDENCE"",""display_name"":""H. Hound"",""email_normalized"":""hope.hound@houndmail.example"",""email_original"":""hope.hound@houndmail.example"",""partial_identifier"":""PID-AFB423"",""person_id"":""P-HOPE"",""person_record_id"":""PR-HOPE-02"",""phone_normalized"":""15550310"",""phone_original"":""+1-555-0310"",""recorded_at"":""2024-03-31"",""source_record_key"":""SOCIAL_ARCHIVE-P-HOPE-2"",""source_system_id"":""SOCIAL_ARCHIVE""}",authoring/relief_person_records.csv#PR-HOPE-02,EXCULPATORY_EVIDENCE,c5b2e6d565409c7a08e5ff97334a7b72a46b74131557dc770e911a80a6fc6708,2026.07.19.3
BISCUIT_RELIEF,PR-HOPE-03,PERSON_RECORD,,Hope H.,CAMPAIGN_PLATFORM,authoring/relief_person_records.csv,PR-HOPE-03,2024-04-23,,,,Hope H.,"{""address_normalized"":""8 BEACON CRESCENT"",""address_original"":""8 Beacon Crescent"",""content_role"":""EXCULPATORY_EVIDENCE"",""display_name"":""Hope H."",""email_normalized"":""hope.hound@houndmail.example"",""email_original"":""hope.hound@houndmail.example"",""partial_identifier"":""PID-F7DF39"",""person_id"":""P-HOPE"",""person_record_id"":""PR-HOPE-03"",""phone_normalized"":""15550310"",""phone_original"":""+1-555-0310"",""recorded_at"":""2024-04-23"",""source_record_key"":""CAMPAIGN_PLATFORM-P-HOPE-3"",""source_system_id"":""CAMPAIGN_PLATFORM""}",authoring/relief_person_records.csv#PR-HOPE-03,EXCULPATORY_EVIDENCE,1b2076c19e9b3d0f2759b87a16f8d69d8391a06672fcb7bf43b24efef6380ace,2026.07.19.3
BISCUIT_RELIEF,PR-BENNY-01,PERSON_RECORD,,Benny Beagle,BENEFICIARY_LEDGER,authoring/relief_person_records.csv,PR-BENNY-01,2024-03-08,,,,Benny Beagle,"{""address_normalized"":""72 BRIDGE STREET"",""address_original"":""72 Bridge Street"",""content_role"":""EXCULPATORY_EVIDENCE"",""display_name"":""Benny Beagle"",""email_normalized"":""benny@pawbridge.example"",""email_original"":""benny@pawbridge.example"",""partial_identifier"":""PID-46A788"",""person_id"":""P-BENNY"",""person_record_id"":""PR-BENNY-01"",""phone_normalized"":""15550311"",""phone_original"":""+1-555-0311"",""recorded_at"":""2024-03-08"",""source_record_key"":""BENEFICIARY_LEDGER-P-BENNY-1"",""source_system_id"":""BENEFICIARY_LEDGER""}",authoring/relief_person_records.csv#PR-BENNY-01,EXCULPATORY_EVIDENCE,dab20a345362179ea57cf776a2ecfa53f91b474e78a244ecb139328c71b69a05,2026.07.19.3
BISCUIT_RELIEF,PR-BENNY-02,PERSON_RECORD,,B. Beagle,EMAIL,authoring/relief_person_records.csv,PR-BENNY-02,2024-03-31,,,,B. Beagle,"{""address_normalized"":""72 BRIDGE STREET"",""address_original"":""72 Bridge Street"",""content_role"":""EXCULPATORY_EVIDENCE"",""display_name"":""B. Beagle"",""email_normalized"":""benny@pawbridge.example"",""email_original"":""benny@pawbridge.example"",""partial_identifier"":""PID-482285"",""person_id"":""P-BENNY"",""person_record_id"":""PR-BENNY-02"",""phone_normalized"":""15550311"",""phone_original"":""+1-555-0311"",""recorded_at"":""2024-03-31"",""source_record_key"":""EMAIL-P-BENNY-2"",""source_system_id"":""EMAIL""}",authoring/relief_person_records.csv#PR-BENNY-02,EXCULPATORY_EVIDENCE,1df1be32eab9ce586d750b1044d4ff7ee8a5483b52633df891acc350dc1b3894,2026.07.19.3
BISCUIT_RELIEF,PR-PRIYA-01,PERSON_RECORD,,Priya Poodle,PAYMENT_PROCESSOR,authoring/relief_person_records.csv,PR-PRIYA-01,2024-03-08,,,,Priya Poodle,"{""address_normalized"":""100 LANTERN PLAZA"",""address_original"":""100 Lantern Plaza"",""content_role"":""EXCULPATORY_EVIDENCE"",""display_name"":""Priya Poodle"",""email_normalized"":""priya@northstardonations.example"",""email_original"":""priya@northstardonations.example"",""partial_identifier"":""PID-57830F"",""person_id"":""P-PRIYA"",""person_record_id"":""PR-PRIYA-01"",""phone_normalized"":""15550312"",""phone_original"":""+1-555-0312"",""recorded_at"":""2024-03-08"",""source_record_key"":""PAYMENT_PROCESSOR-P-PRIYA-1"",""source_system_id"":""PAYMENT_PROCESSOR""}",authoring/relief_person_records.csv#PR-PRIYA-01,EXCULPATORY_EVIDENCE,1bd4087cc3bc7f65f0757a81925095330037867e00b06070a9f050cc90bedba3,2026.07.19.3
BISCUIT_RELIEF,PR-PRIYA-02,PERSON_RECORD,,P. Poodle,EMAIL,authoring/relief_person_records.csv,PR-PRIYA-02,2024-03-31,,,,P. Poodle,"{""address_normalized"":""100 LANTERN PLAZA"",""address_original"":""100 Lantern Plaza"",""content_role"":""EXCULPATORY_EVIDENCE"",""display_name"":""P. Poodle"",""email_normalized"":""priya@northstardonations.example"",""email_original"":""priya@northstardonations.example"",""partial_identifier"":""PID-F17C35"",""person_id"":""P-PRIYA"",""person_record_id"":""PR-PRIYA-02"",""phone_normalized"":""15550312"",""phone_original"":""+1-555-0312"",""recorded_at"":""2024-03-31"",""source_record_key"":""EMAIL-P-PRIYA-2"",""source_system_id"":""EMAIL""}",authoring/relief_person_records.csv#PR-PRIYA-02,EXCULPATORY_EVIDENCE,7e630c0c09dd77e2bf95d10a2791939ba3eda6aced19293383d1ff536af758d4,2026.07.19.3
BISCUIT_RELIEF,PR-COLIN-01,PERSON_RECORD,,Colin Collie,INVOICE_REPOSITORY,authoring/relief_person_records.csv,PR-COLIN-01,2024-03-08,,,,Colin Collie,"{""address_normalized"":""28 FREIGHT COURT"",""address_original"":""28 Freight Court"",""content_role"":""EXCULPATORY_EVIDENCE"",""display_name"":""Colin Collie"",""email_normalized"":""colin@clearcarton.example"",""email_original"":""colin@clearcarton.example"",""partial_identifier"":""PID-F8745A"",""person_id"":""P-COLIN"",""person_record_id"":""PR-COLIN-01"",""phone_normalized"":""15550313"",""phone_original"":""+1-555-0313"",""recorded_at"":""2024-03-08"",""source_record_key"":""INVOICE_REPOSITORY-P-COLIN-1"",""source_system_id"":""INVOICE_REPOSITORY""}",authoring/relief_person_records.csv#PR-COLIN-01,EXCULPATORY_EVIDENCE,6dc1ea2062997881950778f68782f5c7766786930fb58bc06dfd45138b18b6f1,2026.07.19.3
BISCUIT_RELIEF,PR-COLIN-02,PERSON_RECORD,,C. Collie,EMAIL,authoring/relief_person_records.csv,PR-COLIN-02,2024-03-31,,,,C. Collie,"{""address_normalized"":""28 FREIGHT COURT"",""address_original"":""28 Freight Court"",""content_role"":""EXCULPATORY_EVIDENCE"",""display_name"":""C. Collie"",""email_normalized"":""colin@clearcarton.example"",""email_original"":""colin@clearcarton.example"",""partial_identifier"":""PID-887CF8"",""person_id"":""P-COLIN"",""person_record_id"":""PR-COLIN-02"",""phone_normalized"":""15550313"",""phone_original"":""+1-555-0313"",""recorded_at"":""2024-03-31"",""source_record_key"":""EMAIL-P-COLIN-2"",""source_system_id"":""EMAIL""}",authoring/relief_person_records.csv#PR-COLIN-02,EXCULPATORY_EVIDENCE,86a60c844e103e97e8ef2fd4b73d6abccf7382940492329dd5b07efa6ad1f013,2026.07.19.3
BISCUIT_RELIEF,PR-ADA-01,PERSON_RECORD,,Ada Akita,COMPLAINT_PORTAL,authoring/relief_person_records.csv,PR-ADA-01,2024-03-08,,,,Ada Akita,"{""address_normalized"":""19 PRESS ROW"",""address_original"":""19 Press Row"",""content_role"":""BACKGROUND"",""display_name"":""Ada Akita"",""email_normalized"":""ada.akita@citypress.example"",""email_original"":""ada.akita@citypress.example"",""partial_identifier"":""PID-33A3B6"",""person_id"":""P-ADA"",""person_record_id"":""PR-ADA-01"",""phone_normalized"":""15550314"",""phone_original"":""+1-555-0314"",""recorded_at"":""2024-03-08"",""source_record_key"":""COMPLAINT_PORTAL-P-ADA-1"",""source_system_id"":""COMPLAINT_PORTAL""}",authoring/relief_person_records.csv#PR-ADA-01,BACKGROUND,01e9c662147609617bce98e2f51e2d5df6f1b8720308ef6613c570f6ffc0905f,2026.07.19.3
BISCUIT_RELIEF,PR-ADA-02,PERSON_RECORD,,A. Akita,EMAIL,authoring/relief_person_records.csv,PR-ADA-02,2024-03-31,,,,A. Akita,"{""address_normalized"":""19 PRESS ROW"",""address_original"":""19 Press Row"",""content_role"":""BACKGROUND"",""display_name"":""A. Akita"",""email_normalized"":""ada.akita@citypress.example"",""email_original"":""ada.akita@citypress.example"",""partial_identifier"":""PID-9931E7"",""person_id"":""P-ADA"",""person_record_id"":""PR-ADA-02"",""phone_normalized"":""15550314"",""phone_original"":""+1-555-0314"",""recorded_at"":""2024-03-31"",""source_record_key"":""EMAIL-P-ADA-2"",""source_system_id"":""EMAIL""}",authoring/relief_person_records.csv#PR-ADA-02,BACKGROUND,28545ce5c6fd0d0413f49edb8b26e745b0e503fe1d14d2020e01fd3fc970b7d6,2026.07.19.3
BISCUIT_RELIEF,PR-LEO-01,PERSON_RECORD,,Leo Labrador,CAMPAIGN_PLATFORM,authoring/relief_person_records.csv,PR-LEO-01,2024-03-08,,,,Leo Labrador,"{""address_normalized"":""80 MEADOW LOOP"",""address_original"":""80 Meadow Loop"",""content_role"":""BACKGROUND"",""display_name"":""Leo Labrador"",""email_normalized"":""leo.labrador@houndmail.example"",""email_original"":""leo.labrador@houndmail.example"",""partial_identifier"":""PID-4A5815"",""person_id"":""P-LEO"",""person_record_id"":""PR-LEO-01"",""phone_normalized"":""15550330"",""phone_original"":""+1-555-0330"",""recorded_at"":""2024-03-08"",""source_record_key"":""CAMPAIGN_PLATFORM-P-LEO-1"",""source_system_id"":""CAMPAIGN_PLATFORM""}",authoring/relief_person_records.csv#PR-LEO-01,BACKGROUND,96c1b4464eabda29eba03025901ca3270dcf7b69450764c1d81d8fc8c3886c79,2026.07.19.3
BISCUIT_RELIEF,PR-LEO-02,PERSON_RECORD,,Leo J. Labrador,BANK_KYC,authoring/relief_person_records.csv,PR-LEO-02,2024-03-31,,,,Leo J. Labrador,"{""address_normalized"":""80 MEADOW LOOP"",""address_original"":""80 Meadow Loop"",""content_role"":""BACKGROUND"",""display_name"":""Leo J. Labrador"",""email_normalized"":""leo@houndmail.example"",""email_original"":""leo@houndmail.example"",""partial_identifier"":""PID-8CE66A"",""person_id"":""P-LEO"",""person_record_id"":""PR-LEO-02"",""phone_normalized"":""15550330"",""phone_original"":""+1-555-0330"",""recorded_at"":""2024-03-31"",""source_record_key"":""BANK_KYC-P-LEO-2"",""source_system_id"":""BANK_KYC""}",authoring/relief_person_records.csv#PR-LEO-02,BACKGROUND,49c8c049de7f127e51874e0abf00bb9a55f75eeebbe7e8769249e4b40140654c,2026.07.19.3
BISCUIT_RELIEF,PR-RUBY-01,PERSON_RECORD,,Ruby Retriever,CAMPAIGN_PLATFORM,authoring/relief_person_records.csv,PR-RUBY-01,2024-03-08,,,,Ruby Retriever,"{""address_normalized"":""81 MEADOW LOOP"",""address_original"":""81 Meadow Loop"",""content_role"":""BACKGROUND"",""display_name"":""Ruby Retriever"",""email_normalized"":""ruby.retriever@houndmail.example"",""email_original"":""ruby.retriever@houndmail.example"",""partial_identifier"":""PID-99465F"",""person_id"":""P-RUBY"",""person_record_id"":""PR-RUBY-01"",""phone_normalized"":""15550331"",""phone_original"":""+1-555-0331"",""recorded_at"":""2024-03-08"",""source_record_key"":""CAMPAIGN_PLATFORM-P-RUBY-1"",""source_system_id"":""CAMPAIGN_PLATFORM""}",authoring/relief_person_records.csv#PR-RUBY-01,BACKGROUND,cedd80ac310548140490f238c160c8f32f6985e63bd03336d41748bbcbd904df,2026.07.19.3
BISCUIT_RELIEF,PR-RUBY-02,PERSON_RECORD,,Ruby J. Retriever,BANK_KYC,authoring/relief_person_records.csv,PR-RUBY-02,2024-03-31,,,,Ruby J. Retriever,"{""address_normalized"":""81 MEADOW LOOP"",""address_original"":""81 Meadow Loop"",""content_role"":""BACKGROUND"",""display_name"":""Ruby J. Retriever"",""email_normalized"":""ruby@houndmail.example"",""email_original"":""ruby@houndmail.example"",""partial_identifier"":""PID-A3F02E"",""person_id"":""P-RUBY"",""person_record_id"":""PR-RUBY-02"",""phone_normalized"":""15550331"",""phone_original"":""+1-555-0331"",""recorded_at"":""2024-03-31"",""source_record_key"":""BANK_KYC-P-RUBY-2"",""source_system_id"":""BANK_KYC""}",authoring/relief_person_records.csv#PR-RUBY-02,BACKGROUND,f061c38ef58be5c9734d8c33f3d3983f24aaac06c6ad5c210fd0175a8dea8c48,2026.07.19.3
BISCUIT_RELIEF,PR-GIDEON-01,PERSON_RECORD,,Gideon Greyhound,CAMPAIGN_PLATFORM,authoring/relief_person_records.csv,PR-GIDEON-01,2024-03-08,,,,Gideon Greyhound,"{""address_normalized"":""82 MEADOW LOOP"",""address_original"":""82 Meadow Loop"",""content_role"":""BACKGROUND"",""display_name"":""Gideon Greyhound"",""email_normalized"":""gideon.greyhound@houndmail.example"",""email_original"":""gideon.greyhound@houndmail.example"",""partial_identifier"":""PID-BE68CF"",""person_id"":""P-GIDEON"",""person_record_id"":""PR-GIDEON-01"",""phone_normalized"":""15550332"",""phone_original"":""+1-555-0332"",""recorded_at"":""2024-03-08"",""source_record_key"":""CAMPAIGN_PLATFORM-P-GIDEON-1"",""source_system_id"":""CAMPAIGN_PLATFORM""}",authoring/relief_person_records.csv#PR-GIDEON-01,BACKGROUND,24ee8c8c3bbc57d291ecb2f05452902ee7241d63277c2ce93d6486aac76aa50b,2026.07.19.3
BISCUIT_RELIEF,PR-GIDEON-02,PERSON_RECORD,,Gideon J. Greyhound,BANK_KYC,authoring/relief_person_records.csv,PR-GIDEON-02,2024-03-31,,,,Gideon J. Greyhound,"{""address_normalized"":""82 MEADOW LOOP"",""address_original"":""82 Meadow Loop"",""content_role"":""BACKGROUND"",""display_name"":""Gideon J. Greyhound"",""email_normalized"":""gideon@houndmail.example"",""email_original"":""gideon@houndmail.example"",""partial_identifier"":""PID-44F91F"",""person_id"":""P-GIDEON"",""person_record_id"":""PR-GIDEON-02"",""phone_normalized"":""15550332"",""phone_original"":""+1-555-0332"",""recorded_at"":""2024-03-31"",""source_record_key"":""BANK_KYC-P-GIDEON-2"",""source_system_id"":""BANK_KYC""}",authoring/relief_person_records.csv#PR-GIDEON-02,BACKGROUND,a772d31349fe5b5a71f939e9e76c284ff123b2e7a772d50b93e5c0d9d2241a52,2026.07.19.3
BISCUIT_RELIEF,SETTLE-0001,PROCESSOR_SETTLEMENT,,SETTLE-0001,PAYMENT_PROCESSOR,authoring/relief_processor_settlements.csv,SETTLE-0001,2025-01-17T10:00:00Z,,,,SETTLE-0001,"{""content_role"":""CORE_EVIDENCE"",""currency"":""BSC"",""destination_account_id"":""A-GBRF-6401"",""donation_ids"":""DON-00001;DON-00002;DON-00003"",""gross_amount"":""26450.00"",""net_amount"":""25810.70"",""processor_fee"":""639.30"",""processor_merchant_id"":""MER-6104"",""settled_at"":""2025-01-17T10:00:00Z"",""settlement_id"":""SETTLE-0001"",""source_account_id"":""A-PROC-6104"",""source_system_id"":""PAYMENT_PROCESSOR""}",authoring/relief_processor_settlements.csv#SETTLE-0001,CORE_EVIDENCE,0293807d19e9f2bad0dfaf0a1b5087f8667eafb9bbd9e05f55d5c607169ef2be,2026.07.19.3
BISCUIT_RELIEF,SETTLE-0002,PROCESSOR_SETTLEMENT,,SETTLE-0002,PAYMENT_PROCESSOR,authoring/relief_processor_settlements.csv,SETTLE-0002,2025-01-20T10:00:00Z,,,,SETTLE-0002,"{""content_role"":""CORE_EVIDENCE"",""currency"":""BSC"",""destination_account_id"":""A-GBRF-6401"",""donation_ids"":""DON-00004;DON-00005;DON-00006"",""gross_amount"":""12300.00"",""net_amount"":""12000.30"",""processor_fee"":""299.70"",""processor_merchant_id"":""MER-6104"",""settled_at"":""2025-01-20T10:00:00Z"",""settlement_id"":""SETTLE-0002"",""source_account_id"":""A-PROC-6104"",""source_system_id"":""PAYMENT_PROCESSOR""}",authoring/relief_processor_settlements.csv#SETTLE-0002,CORE_EVIDENCE,f438f7ec9f884d4124823d297570aa2074f3681f80d83b095f92647ce0e90bf2,2026.07.19.3
BISCUIT_RELIEF,SETTLE-0003,PROCESSOR_SETTLEMENT,,SETTLE-0003,PAYMENT_PROCESSOR,authoring/relief_processor_settlements.csv,SETTLE-0003,2025-01-23T10:00:00Z,,,,SETTLE-0003,"{""content_role"":""CORE_EVIDENCE"",""currency"":""BSC"",""destination_account_id"":""A-GBRF-6401"",""donation_ids"":""DON-00007;DON-00008;DON-00009"",""gross_amount"":""18150.00"",""net_amount"":""17709.90"",""processor_fee"":""440.10"",""processor_merchant_id"":""MER-6104"",""settled_at"":""2025-01-23T10:00:00Z"",""settlement_id"":""SETTLE-0003"",""source_account_id"":""A-PROC-6104"",""source_system_id"":""PAYMENT_PROCESSOR""}",authoring/relief_processor_settlements.csv#SETTLE-0003,CORE_EVIDENCE,614d65d0dd7871f30a8e275e696fc3f5ed12787fb72c78292d62de094d6a8eb5,2026.07.19.3
BISCUIT_RELIEF,SETTLE-0004,PROCESSOR_SETTLEMENT,,SETTLE-0004,PAYMENT_PROCESSOR,authoring/relief_processor_settlements.csv,SETTLE-0004,2025-01-26T10:00:00Z,,,,SETTLE-0004,"{""content_role"":""CORE_EVIDENCE"",""currency"":""BSC"",""destination_account_id"":""A-GBRF-6401"",""donation_ids"":""DON-00010;DON-00011;DON-00012"",""gross_amount"":""24000.00"",""net_amount"":""23419.50"",""processor_fee"":""580.50"",""processor_merchant_id"":""MER-6104"",""settled_at"":""2025-01-26T10:00:00Z"",""settlement_id"":""SETTLE-0004"",""source_account_id"":""A-PROC-6104"",""source_system_id"":""PAYMENT_PROCESSOR""}",authoring/relief_processor_settlements.csv#SETTLE-0004,CORE_EVIDENCE,84a75dee7bc5ad1ebb25e84cfdd97bc82d14b872501acaa895324580d858338d,2026.07.19.3
BISCUIT_RELIEF,SETTLE-0005,PROCESSOR_SETTLEMENT,,SETTLE-0005,PAYMENT_PROCESSOR,authoring/relief_processor_settlements.csv,SETTLE-0005,2025-01-29T10:00:00Z,,,,SETTLE-0005,"{""content_role"":""CORE_EVIDENCE"",""currency"":""BSC"",""destination_account_id"":""A-GBRF-6401"",""donation_ids"":""DON-00013;DON-00014;DON-00015"",""gross_amount"":""12950.00"",""net_amount"":""12634.70"",""processor_fee"":""315.30"",""processor_merchant_id"":""MER-6104"",""settled_at"":""2025-01-29T10:00:00Z"",""settlement_id"":""SETTLE-0005"",""source_account_id"":""A-PROC-6104"",""source_system_id"":""PAYMENT_PROCESSOR""}",authoring/relief_processor_settlements.csv#SETTLE-0005,CORE_EVIDENCE,8cc13de335eadb89ec591f36fe72bff16a287a7b1ee2b978039854d723d52dc8,2026.07.19.3
BISCUIT_RELIEF,SETTLE-0006,PROCESSOR_SETTLEMENT,,SETTLE-0006,PAYMENT_PROCESSOR,authoring/relief_processor_settlements.csv,SETTLE-0006,2025-02-01T10:00:00Z,,,,SETTLE-0006,"{""content_role"":""CORE_EVIDENCE"",""currency"":""BSC"",""destination_account_id"":""A-GBRF-6401"",""donation_ids"":""DON-00016;DON-00017;DON-00018"",""gross_amount"":""10350.00"",""net_amount"":""10097.10"",""processor_fee"":""252.90"",""processor_merchant_id"":""MER-6104"",""settled_at"":""2025-02-01T10:00:00Z"",""settlement_id"":""SETTLE-0006"",""source_account_id"":""A-PROC-6104"",""source_system_id"":""PAYMENT_PROCESSOR""}",authoring/relief_processor_settlements.csv#SETTLE-0006,CORE_EVIDENCE,9bedb6bb43fad2ae0bb3f0639778b540a9bdd6248c58a495f4f5387dee113886,2026.07.19.3
BISCUIT_RELIEF,SETTLE-0007,PROCESSOR_SETTLEMENT,,SETTLE-0007,PAYMENT_PROCESSOR,authoring/relief_processor_settlements.csv,SETTLE-0007,2025-02-04T10:00:00Z,,,,SETTLE-0007,"{""content_role"":""CORE_EVIDENCE"",""currency"":""BSC"",""destination_account_id"":""A-GBRF-6401"",""donation_ids"":""DON-00019;DON-00020;DON-00021"",""gross_amount"":""16200.00"",""net_amount"":""15806.70"",""processor_fee"":""393.30"",""processor_merchant_id"":""MER-6104"",""settled_at"":""2025-02-04T10:00:00Z"",""settlement_id"":""SETTLE-0007"",""source_account_id"":""A-PROC-6104"",""source_system_id"":""PAYMENT_PROCESSOR""}",authoring/relief_processor_settlements.csv#SETTLE-0007,CORE_EVIDENCE,1347a78b4a13b82beb5b81a211f69fb6b3ecaa69fd5d2798603ccfe109ba1881,2026.07.19.3
BISCUIT_RELIEF,SETTLE-0008,PROCESSOR_SETTLEMENT,,SETTLE-0008,PAYMENT_PROCESSOR,authoring/relief_processor_settlements.csv,SETTLE-0008,2025-02-07T10:00:00Z,,,,SETTLE-0008,"{""content_role"":""CORE_EVIDENCE"",""currency"":""BSC"",""destination_account_id"":""A-GBRF-6401"",""donation_ids"":""DON-00022;DON-00023;DON-00024"",""gross_amount"":""22050.00"",""net_amount"":""21516.30"",""processor_fee"":""533.70"",""processor_merchant_id"":""MER-6104"",""settled_at"":""2025-02-07T10:00:00Z"",""settlement_id"":""SETTLE-0008"",""source_account_id"":""A-PROC-6104"",""source_system_id"":""PAYMENT_PROCESSOR""}",authoring/relief_processor_settlements.csv#SETTLE-0008,CORE_EVIDENCE,eff069e1640c73167efabda360d2f0167ba700bec8b3654315b6293270efd637,2026.07.19.3
BISCUIT_RELIEF,SETTLE-0009,PROCESSOR_SETTLEMENT,,SETTLE-0009,PAYMENT_PROCESSOR,authoring/relief_processor_settlements.csv,SETTLE-0009,2025-02-10T10:00:00Z,,,,SETTLE-0009,"{""content_role"":""CORE_EVIDENCE"",""currency"":""BSC"",""destination_account_id"":""A-GBRF-6401"",""donation_ids"":""DON-00025;DON-00026;DON-00027"",""gross_amount"":""19450.00"",""net_amount"":""18978.70"",""processor_fee"":""471.30"",""processor_merchant_id"":""MER-6104"",""settled_at"":""2025-02-10T10:00:00Z"",""settlement_id"":""SETTLE-0009"",""source_account_id"":""A-PROC-6104"",""source_system_id"":""PAYMENT_PROCESSOR""}",authoring/relief_processor_settlements.csv#SETTLE-0009,CORE_EVIDENCE,1e1872f2d2b9c2abbd2d774393acf0955d481b2dfe7d865acc394d84e5428358,2026.07.19.3
BISCUIT_RELIEF,SETTLE-0010,PROCESSOR_SETTLEMENT,,SETTLE-0010,PAYMENT_PROCESSOR,authoring/relief_processor_settlements.csv,SETTLE-0010,2025-02-13T10:00:00Z,,,,SETTLE-0010,"{""content_role"":""CORE_EVIDENCE"",""currency"":""BSC"",""destination_account_id"":""A-GBRF-6401"",""donation_ids"":""DON-00028;DON-00029;DON-00030"",""gross_amount"":""8400.00"",""net_amount"":""8193.90"",""processor_fee"":""206.10"",""processor_merchant_id"":""MER-6104"",""settled_at"":""2025-02-13T10:00:00Z"",""settlement_id"":""SETTLE-0010"",""source_account_id"":""A-PROC-6104"",""source_system_id"":""PAYMENT_PROCESSOR""}",authoring/relief_processor_settlements.csv#SETTLE-0010,CORE_EVIDENCE,d6130a7285a8d6a84edf2b2d9466ea6cb6838a24460894c16e0b6e4112a54f95,2026.07.19.3
BISCUIT_RELIEF,SETTLE-0011,PROCESSOR_SETTLEMENT,,SETTLE-0011,PAYMENT_PROCESSOR,authoring/relief_processor_settlements.csv,SETTLE-0011,2025-02-16T10:00:00Z,,,,SETTLE-0011,"{""content_role"":""CORE_EVIDENCE"",""currency"":""BSC"",""destination_account_id"":""A-GBRF-6401"",""donation_ids"":""DON-00031;DON-00034;DON-00035"",""gross_amount"":""16850.00"",""net_amount"":""16441.10"",""processor_fee"":""408.90"",""processor_merchant_id"":""MER-6104"",""settled_at"":""2025-02-16T10:00:00Z"",""settlement_id"":""SETTLE-0011"",""source_account_id"":""A-PROC-6104"",""source_system_id"":""PAYMENT_PROCESSOR""}",authoring/relief_processor_settlements.csv#SETTLE-0011,CORE_EVIDENCE,04a5e689ff76e5b0eea17158fdf3da64cb7765ea1e10ccd2c2cab74177916991,2026.07.19.3
BISCUIT_RELIEF,SETTLE-0012,PROCESSOR_SETTLEMENT,,SETTLE-0012,PAYMENT_PROCESSOR,authoring/relief_processor_settlements.csv,SETTLE-0012,2025-02-19T10:00:00Z,,,,SETTLE-0012,"{""content_role"":""CORE_EVIDENCE"",""currency"":""BSC"",""destination_account_id"":""A-GBRF-6401"",""donation_ids"":""DON-00036;DON-00037;DON-00038"",""gross_amount"":""44000.00"",""net_amount"":""42939.50"",""processor_fee"":""1060.50"",""processor_merchant_id"":""MER-6104"",""settled_at"":""2025-02-19T10:00:00Z"",""settlement_id"":""SETTLE-0012"",""source_account_id"":""A-PROC-6104"",""source_system_id"":""PAYMENT_PROCESSOR""}",authoring/relief_processor_settlements.csv#SETTLE-0012,CORE_EVIDENCE,f335c80ba026243105eaa10852577dbeaebc4bdb2ae4bdb1fd8564a228a40574,2026.07.19.3
BISCUIT_RELIEF,SETTLE-0013,PROCESSOR_SETTLEMENT,,SETTLE-0013,PAYMENT_PROCESSOR,authoring/relief_processor_settlements.csv,SETTLE-0013,2025-02-22T10:00:00Z,,,,SETTLE-0013,"{""content_role"":""CORE_EVIDENCE"",""currency"":""BSC"",""destination_account_id"":""A-GBRF-6401"",""donation_ids"":""DON-00039;DON-00040;DON-00041"",""gross_amount"":""12950.00"",""net_amount"":""12634.70"",""processor_fee"":""315.30"",""processor_merchant_id"":""MER-6104"",""settled_at"":""2025-02-22T10:00:00Z"",""settlement_id"":""SETTLE-0013"",""source_account_id"":""A-PROC-6104"",""source_system_id"":""PAYMENT_PROCESSOR""}",authoring/relief_processor_settlements.csv#SETTLE-0013,CORE_EVIDENCE,0273aafdea98897ddff54119e9eccc2613fdd0b01799a6339c0844a8fd24ab72,2026.07.19.3
BISCUIT_RELIEF,SETTLE-0014,PROCESSOR_SETTLEMENT,,SETTLE-0014,PAYMENT_PROCESSOR,authoring/relief_processor_settlements.csv,SETTLE-0014,2025-02-25T10:00:00Z,,,,SETTLE-0014,"{""content_role"":""CORE_EVIDENCE"",""currency"":""BSC"",""destination_account_id"":""A-GBRF-6401"",""donation_ids"":""DON-00042;DON-00045;DON-00046"",""gross_amount"":""12950.00"",""net_amount"":""12634.70"",""processor_fee"":""315.30"",""processor_merchant_id"":""MER-6104"",""settled_at"":""2025-02-25T10:00:00Z"",""settlement_id"":""SETTLE-0014"",""source_account_id"":""A-PROC-6104"",""source_system_id"":""PAYMENT_PROCESSOR""}",authoring/relief_processor_settlements.csv#SETTLE-0014,CORE_EVIDENCE,78b64f6054eab796bd409863407e97120c26690975ba40ebe90a52c0327246d1,2026.07.19.3
BISCUIT_RELIEF,SETTLE-0015,PROCESSOR_SETTLEMENT,,SETTLE-0015,PAYMENT_PROCESSOR,authoring/relief_processor_settlements.csv,SETTLE-0015,2025-02-28T10:00:00Z,,,,SETTLE-0015,"{""content_role"":""CORE_EVIDENCE"",""currency"":""BSC"",""destination_account_id"":""A-GBRF-6401"",""donation_ids"":""DON-00047;DON-00048;DON-00049"",""gross_amount"":""20100.00"",""net_amount"":""19613.10"",""processor_fee"":""486.90"",""processor_merchant_id"":""MER-6104"",""settled_at"":""2025-02-28T10:00:00Z"",""settlement_id"":""SETTLE-0015"",""source_account_id"":""A-PROC-6104"",""source_system_id"":""PAYMENT_PROCESSOR""}",authoring/relief_processor_settlements.csv#SETTLE-0015,CORE_EVIDENCE,2bf2b4bc2ecd69516e13f7d0ffd67dbae8744b2b173a9590f71514500e2a1d72,2026.07.19.3
BISCUIT_RELIEF,SETTLE-0016,PROCESSOR_SETTLEMENT,,SETTLE-0016,PAYMENT_PROCESSOR,authoring/relief_processor_settlements.csv,SETTLE-0016,2025-03-03T10:00:00Z,,,,SETTLE-0016,"{""content_role"":""CORE_EVIDENCE"",""currency"":""BSC"",""destination_account_id"":""A-GBRF-6401"",""donation_ids"":""DON-00050;DON-00051;DON-00052"",""gross_amount"":""25950.00"",""net_amount"":""25322.70"",""processor_fee"":""627.30"",""processor_merchant_id"":""MER-6104"",""settled_at"":""2025-03-03T10:00:00Z"",""settlement_id"":""SETTLE-0016"",""source_account_id"":""A-PROC-6104"",""source_system_id"":""PAYMENT_PROCESSOR""}",authoring/relief_processor_settlements.csv#SETTLE-0016,CORE_EVIDENCE,e915485171d0b1f7ff27570bb11a313165ef5e284abe57a14133b988e6272097,2026.07.19.3
BISCUIT_RELIEF,SETTLE-0017,PROCESSOR_SETTLEMENT,,SETTLE-0017,PAYMENT_PROCESSOR,authoring/relief_processor_settlements.csv,SETTLE-0017,2025-03-06T10:00:00Z,,,,SETTLE-0017,"{""content_role"":""CORE_EVIDENCE"",""currency"":""BSC"",""destination_account_id"":""A-GBRF-6401"",""donation_ids"":""DON-00053;DON-00054;DON-00055"",""gross_amount"":""6450.00"",""net_amount"":""6290.70"",""processor_fee"":""159.30"",""processor_merchant_id"":""MER-6104"",""settled_at"":""2025-03-06T10:00:00Z"",""settlement_id"":""SETTLE-0017"",""source_account_id"":""A-PROC-6104"",""source_system_id"":""PAYMENT_PROCESSOR""}",authoring/relief_processor_settlements.csv#SETTLE-0017,CORE_EVIDENCE,cc9136ca523d590c50dae476c5c42dc234b233e4c17897513d3e8518b301d472,2026.07.19.3
BISCUIT_RELIEF,SETTLE-0018,PROCESSOR_SETTLEMENT,,SETTLE-0018,PAYMENT_PROCESSOR,authoring/relief_processor_settlements.csv,SETTLE-0018,2025-03-09T10:00:00Z,,,,SETTLE-0018,"{""content_role"":""CORE_EVIDENCE"",""currency"":""BSC"",""destination_account_id"":""A-GBRF-6401"",""donation_ids"":""DON-00056;DON-00057;DON-00058"",""gross_amount"":""12300.00"",""net_amount"":""12000.30"",""processor_fee"":""299.70"",""processor_merchant_id"":""MER-6104"",""settled_at"":""2025-03-09T10:00:00Z"",""settlement_id"":""SETTLE-0018"",""source_account_id"":""A-PROC-6104"",""source_system_id"":""PAYMENT_PROCESSOR""}",authoring/relief_processor_settlements.csv#SETTLE-0018,CORE_EVIDENCE,755c77279e9296082fc5947c50902125c3b7cf410cb5f131b27677d8c9ac3b55,2026.07.19.3
BISCUIT_RELIEF,SETTLE-0019,PROCESSOR_SETTLEMENT,,SETTLE-0019,PAYMENT_PROCESSOR,authoring/relief_processor_settlements.csv,SETTLE-0019,2025-03-12T10:00:00Z,,,,SETTLE-0019,"{""content_role"":""CORE_EVIDENCE"",""currency"":""BSC"",""destination_account_id"":""A-GBRF-6401"",""donation_ids"":""DON-00059;DON-00060;DON-00061"",""gross_amount"":""18250.00"",""net_amount"":""17807.50"",""processor_fee"":""442.50"",""processor_merchant_id"":""MER-6104"",""settled_at"":""2025-03-12T10:00:00Z"",""settlement_id"":""SETTLE-0019"",""source_account_id"":""A-PROC-6104"",""source_system_id"":""PAYMENT_PROCESSOR""}",authoring/relief_processor_settlements.csv#SETTLE-0019,CORE_EVIDENCE,a6684814283c534e989aeb2f8c14f46b696514b9c328c64e9325e257d3adc01a,2026.07.19.3
BISCUIT_RELIEF,SETTLE-0020,PROCESSOR_SETTLEMENT,,SETTLE-0020,PAYMENT_PROCESSOR,authoring/relief_processor_settlements.csv,SETTLE-0020,2025-03-15T10:00:00Z,,,,SETTLE-0020,"{""content_role"":""CORE_EVIDENCE"",""currency"":""BSC"",""destination_account_id"":""A-GBRF-6401"",""donation_ids"":""DON-00062;DON-00063;DON-00064"",""gross_amount"":""24300.00"",""net_amount"":""23712.30"",""processor_fee"":""587.70"",""processor_merchant_id"":""MER-6104"",""settled_at"":""2025-03-15T10:00:00Z"",""settlement_id"":""SETTLE-0020"",""source_account_id"":""A-PROC-6104"",""source_system_id"":""PAYMENT_PROCESSOR""}",authoring/relief_processor_settlements.csv#SETTLE-0020,CORE_EVIDENCE,2b2e48b6fdfb58b7c6b72fb7f206a0b9615e5a8d01055c8311d6fb9f89b06cc2,2026.07.19.3
BISCUIT_RELIEF,SETTLE-0021,PROCESSOR_SETTLEMENT,,SETTLE-0021,PAYMENT_PROCESSOR,authoring/relief_processor_settlements.csv,SETTLE-0021,2025-03-18T10:00:00Z,,,,SETTLE-0021,"{""content_role"":""CORE_EVIDENCE"",""currency"":""BSC"",""destination_account_id"":""A-GBRF-6401"",""donation_ids"":""DON-00065;DON-00066;DON-00067"",""gross_amount"":""13250.00"",""net_amount"":""12927.50"",""processor_fee"":""322.50"",""processor_merchant_id"":""MER-6104"",""settled_at"":""2025-03-18T10:00:00Z"",""settlement_id"":""SETTLE-0021"",""source_account_id"":""A-PROC-6104"",""source_system_id"":""PAYMENT_PROCESSOR""}",authoring/relief_processor_settlements.csv#SETTLE-0021,CORE_EVIDENCE,d750021826a1a615773bade9c36ee48cae17a81f04bd4d79cd86474b45bea3d0,2026.07.19.3
BISCUIT_RELIEF,SETTLE-0022,PROCESSOR_SETTLEMENT,,SETTLE-0022,PAYMENT_PROCESSOR,authoring/relief_processor_settlements.csv,SETTLE-0022,2025-03-21T10:00:00Z,,,,SETTLE-0022,"{""content_role"":""CORE_EVIDENCE"",""currency"":""BSC"",""destination_account_id"":""A-GBRF-6401"",""donation_ids"":""DON-00068;DON-00069;DON-00070"",""gross_amount"":""10650.00"",""net_amount"":""10389.90"",""processor_fee"":""260.10"",""processor_merchant_id"":""MER-6104"",""settled_at"":""2025-03-21T10:00:00Z"",""settlement_id"":""SETTLE-0022"",""source_account_id"":""A-PROC-6104"",""source_system_id"":""PAYMENT_PROCESSOR""}",authoring/relief_processor_settlements.csv#SETTLE-0022,CORE_EVIDENCE,b351d6f315a858e09e2bc355edaaad5f8c26f978e31f0ae038a512466ec7c35c,2026.07.19.3
BISCUIT_RELIEF,SETTLE-0023,PROCESSOR_SETTLEMENT,,SETTLE-0023,PAYMENT_PROCESSOR,authoring/relief_processor_settlements.csv,SETTLE-0023,2025-03-24T10:00:00Z,,,,SETTLE-0023,"{""content_role"":""CORE_EVIDENCE"",""currency"":""BSC"",""destination_account_id"":""A-GBRF-6401"",""donation_ids"":""DON-00071;DON-00072;DON-00073"",""gross_amount"":""16500.00"",""net_amount"":""16099.50"",""processor_fee"":""400.50"",""processor_merchant_id"":""MER-6104"",""settled_at"":""2025-03-24T10:00:00Z"",""settlement_id"":""SETTLE-0023"",""source_account_id"":""A-PROC-6104"",""source_system_id"":""PAYMENT_PROCESSOR""}",authoring/relief_processor_settlements.csv#SETTLE-0023,CORE_EVIDENCE,c4b0cd4e50b0d2ab6af03a28b25dc5771a23dd14081d2422e56e886e52dfe22e,2026.07.19.3
BISCUIT_RELIEF,SETTLE-0024,PROCESSOR_SETTLEMENT,,SETTLE-0024,PAYMENT_PROCESSOR,authoring/relief_processor_settlements.csv,SETTLE-0024,2025-03-27T10:00:00Z,,,,SETTLE-0024,"{""content_role"":""CORE_EVIDENCE"",""currency"":""BSC"",""destination_account_id"":""A-GBRF-6401"",""donation_ids"":""DON-00074;DON-00075;DON-00078"",""gross_amount"":""43650.00"",""net_amount"":""42597.90"",""processor_fee"":""1052.10"",""processor_merchant_id"":""MER-6104"",""settled_at"":""2025-03-27T10:00:00Z"",""settlement_id"":""SETTLE-0024"",""source_account_id"":""A-PROC-6104"",""source_system_id"":""PAYMENT_PROCESSOR""}",authoring/relief_processor_settlements.csv#SETTLE-0024,CORE_EVIDENCE,3a59e6aa606d91b4b4028a4be8d66c20d8fba10c7ef6c932d2cfd442de369a03,2026.07.19.3
BISCUIT_RELIEF,SETTLE-0025,PROCESSOR_SETTLEMENT,,SETTLE-0025,PAYMENT_PROCESSOR,authoring/relief_processor_settlements.csv,SETTLE-0025,2025-03-30T10:00:00Z,,,,SETTLE-0025,"{""content_role"":""CORE_EVIDENCE"",""currency"":""BSC"",""destination_account_id"":""A-GBRF-6401"",""donation_ids"":""DON-00079;DON-00080;DON-00081"",""gross_amount"":""6750.00"",""net_amount"":""6583.50"",""processor_fee"":""166.50"",""processor_merchant_id"":""MER-6104"",""settled_at"":""2025-03-30T10:00:00Z"",""settlement_id"":""SETTLE-0025"",""source_account_id"":""A-PROC-6104"",""source_system_id"":""PAYMENT_PROCESSOR""}",authoring/relief_processor_settlements.csv#SETTLE-0025,CORE_EVIDENCE,82694e75aef7d45d1432b1df8d3d17a98b12b8b14b743b9e149e9f00b53d296a,2026.07.19.3
BISCUIT_RELIEF,SETTLE-0026,PROCESSOR_SETTLEMENT,,SETTLE-0026,PAYMENT_PROCESSOR,authoring/relief_processor_settlements.csv,SETTLE-0026,2025-04-02T10:00:00Z,,,,SETTLE-0026,"{""content_role"":""CORE_EVIDENCE"",""currency"":""BSC"",""destination_account_id"":""A-GBRF-6401"",""donation_ids"":""DON-00082;DON-00083;DON-00084"",""gross_amount"":""12600.00"",""net_amount"":""12293.10"",""processor_fee"":""306.90"",""processor_merchant_id"":""MER-6104"",""settled_at"":""2025-04-02T10:00:00Z"",""settlement_id"":""SETTLE-0026"",""source_account_id"":""A-PROC-6104"",""source_system_id"":""PAYMENT_PROCESSOR""}",authoring/relief_processor_settlements.csv#SETTLE-0026,CORE_EVIDENCE,2b90d585c4d01e36769fa533b3a064796b0684d16fc897d8aa764e2993073707,2026.07.19.3
BISCUIT_RELIEF,SETTLE-0027,PROCESSOR_SETTLEMENT,,SETTLE-0027,PAYMENT_PROCESSOR,authoring/relief_processor_settlements.csv,SETTLE-0027,2025-04-05T10:00:00Z,,,,SETTLE-0027,"{""content_role"":""CORE_EVIDENCE"",""currency"":""BSC"",""destination_account_id"":""A-GBRF-6401"",""donation_ids"":""DON-00085;DON-00086;DON-00089"",""gross_amount"":""19750.00"",""net_amount"":""19271.50"",""processor_fee"":""478.50"",""processor_merchant_id"":""MER-6104"",""settled_at"":""2025-04-05T10:00:00Z"",""settlement_id"":""SETTLE-0027"",""source_account_id"":""A-PROC-6104"",""source_system_id"":""PAYMENT_PROCESSOR""}",authoring/relief_processor_settlements.csv#SETTLE-0027,CORE_EVIDENCE,d7b4b216c4839f7ee0f2c6dc049d4b2ca5ae127b0692a1adc69008dbadcbe4ce,2026.07.19.3
BISCUIT_RELIEF,SETTLE-0028,PROCESSOR_SETTLEMENT,,SETTLE-0028,PAYMENT_PROCESSOR,authoring/relief_processor_settlements.csv,SETTLE-0028,2025-04-08T10:00:00Z,,,,SETTLE-0028,"{""content_role"":""CORE_EVIDENCE"",""currency"":""BSC"",""destination_account_id"":""A-GBRF-6401"",""donation_ids"":""DON-00090;DON-00091;DON-00092"",""gross_amount"":""19750.00"",""net_amount"":""19271.50"",""processor_fee"":""478.50"",""processor_merchant_id"":""MER-6104"",""settled_at"":""2025-04-08T10:00:00Z"",""settlement_id"":""SETTLE-0028"",""source_account_id"":""A-PROC-6104"",""source_system_id"":""PAYMENT_PROCESSOR""}",authoring/relief_processor_settlements.csv#SETTLE-0028,CORE_EVIDENCE,ea3b2f438c7ba6cf3786abfa22bbd051f2d13c49c60e8e502d94758009764cfd,2026.07.19.3
BISCUIT_RELIEF,SETTLE-0029,PROCESSOR_SETTLEMENT,,SETTLE-0029,PAYMENT_PROCESSOR,authoring/relief_processor_settlements.csv,SETTLE-0029,2025-04-11T10:00:00Z,,,,SETTLE-0029,"{""content_role"":""CORE_EVIDENCE"",""currency"":""BSC"",""destination_account_id"":""A-GBRF-6401"",""donation_ids"":""DON-00093;DON-00094;DON-00095"",""gross_amount"":""8700.00"",""net_amount"":""8486.70"",""processor_fee"":""213.30"",""processor_merchant_id"":""MER-6104"",""settled_at"":""2025-04-11T10:00:00Z"",""settlement_id"":""SETTLE-0029"",""source_account_id"":""A-PROC-6104"",""source_system_id"":""PAYMENT_PROCESSOR""}",authoring/relief_processor_settlements.csv#SETTLE-0029,CORE_EVIDENCE,7cbfca0be8dadbf23120c941297496bb6f072c68b17c37ed26dfef761f923f9c,2026.07.19.3
BISCUIT_RELIEF,SETTLE-0030,PROCESSOR_SETTLEMENT,,SETTLE-0030,PAYMENT_PROCESSOR,authoring/relief_processor_settlements.csv,SETTLE-0030,2025-04-14T10:00:00Z,,,,SETTLE-0030,"{""content_role"":""CORE_EVIDENCE"",""currency"":""BSC"",""destination_account_id"":""A-GBRF-6401"",""donation_ids"":""DON-00096;DON-00097;DON-00098"",""gross_amount"":""14550.00"",""net_amount"":""14196.30"",""processor_fee"":""353.70"",""processor_merchant_id"":""MER-6104"",""settled_at"":""2025-04-14T10:00:00Z"",""settlement_id"":""SETTLE-0030"",""source_account_id"":""A-PROC-6104"",""source_system_id"":""PAYMENT_PROCESSOR""}",authoring/relief_processor_settlements.csv#SETTLE-0030,CORE_EVIDENCE,36d814798e9e23f8bd23a74b97a97bdee7cec852d6491182f882edae687e7229,2026.07.19.3
BISCUIT_RELIEF,SETTLE-0031,PROCESSOR_SETTLEMENT,,SETTLE-0031,PAYMENT_PROCESSOR,authoring/relief_processor_settlements.csv,SETTLE-0031,2025-04-17T10:00:00Z,,,,SETTLE-0031,"{""content_role"":""CORE_EVIDENCE"",""currency"":""BSC"",""destination_account_id"":""A-GBRF-6401"",""donation_ids"":""DON-00099;DON-00100;DON-00101"",""gross_amount"":""20400.00"",""net_amount"":""19905.90"",""processor_fee"":""494.10"",""processor_merchant_id"":""MER-6104"",""settled_at"":""2025-04-17T10:00:00Z"",""settlement_id"":""SETTLE-0031"",""source_account_id"":""A-PROC-6104"",""source_system_id"":""PAYMENT_PROCESSOR""}",authoring/relief_processor_settlements.csv#SETTLE-0031,CORE_EVIDENCE,36e5623e971a3cd889e3f7ef12da044a32deb6d8b5a42e29dd70de0994264906,2026.07.19.3
BISCUIT_RELIEF,SETTLE-0032,PROCESSOR_SETTLEMENT,,SETTLE-0032,PAYMENT_PROCESSOR,authoring/relief_processor_settlements.csv,SETTLE-0032,2025-04-20T10:00:00Z,,,,SETTLE-0032,"{""content_role"":""CORE_EVIDENCE"",""currency"":""BSC"",""destination_account_id"":""A-GBRF-6401"",""donation_ids"":""DON-00102;DON-00103;DON-00104"",""gross_amount"":""26250.00"",""net_amount"":""25615.50"",""processor_fee"":""634.50"",""processor_merchant_id"":""MER-6104"",""settled_at"":""2025-04-20T10:00:00Z"",""settlement_id"":""SETTLE-0032"",""source_account_id"":""A-PROC-6104"",""source_system_id"":""PAYMENT_PROCESSOR""}",authoring/relief_processor_settlements.csv#SETTLE-0032,CORE_EVIDENCE,d01d201e813161a063100a56bef8e955881b99d16ca8a6d6498c2efbe8c51ec4,2026.07.19.3
BISCUIT_RELIEF,SETTLE-0033,PROCESSOR_SETTLEMENT,,SETTLE-0033,PAYMENT_PROCESSOR,authoring/relief_processor_settlements.csv,SETTLE-0033,2025-04-23T10:00:00Z,,,,SETTLE-0033,"{""content_role"":""CORE_EVIDENCE"",""currency"":""BSC"",""destination_account_id"":""A-GBRF-6401"",""donation_ids"":""DON-00105;DON-00106;DON-00107"",""gross_amount"":""6750.00"",""net_amount"":""6583.50"",""processor_fee"":""166.50"",""processor_merchant_id"":""MER-6104"",""settled_at"":""2025-04-23T10:00:00Z"",""settlement_id"":""SETTLE-0033"",""source_account_id"":""A-PROC-6104"",""source_system_id"":""PAYMENT_PROCESSOR""}",authoring/relief_processor_settlements.csv#SETTLE-0033,CORE_EVIDENCE,41fcb606934e342ace86713e7c26fe0144cc7bb9ed23c90c88d1f9c71abc4b47,2026.07.19.3
BISCUIT_RELIEF,SETTLE-0034,PROCESSOR_SETTLEMENT,,SETTLE-0034,PAYMENT_PROCESSOR,authoring/relief_processor_settlements.csv,SETTLE-0034,2025-04-26T10:00:00Z,,,,SETTLE-0034,"{""content_role"":""CORE_EVIDENCE"",""currency"":""BSC"",""destination_account_id"":""A-GBRF-6401"",""donation_ids"":""DON-00108;DON-00109;DON-00110"",""gross_amount"":""12600.00"",""net_amount"":""12293.10"",""processor_fee"":""306.90"",""processor_merchant_id"":""MER-6104"",""settled_at"":""2025-04-26T10:00:00Z"",""settlement_id"":""SETTLE-0034"",""source_account_id"":""A-PROC-6104"",""source_system_id"":""PAYMENT_PROCESSOR""}",authoring/relief_processor_settlements.csv#SETTLE-0034,CORE_EVIDENCE,9a7b504411ed342cfced14080cd4f16c8cbe90dc701c00c1c8f6efdeff5c46d2,2026.07.19.3
BISCUIT_RELIEF,SETTLE-0035,PROCESSOR_SETTLEMENT,,SETTLE-0035,PAYMENT_PROCESSOR,authoring/relief_processor_settlements.csv,SETTLE-0035,2025-04-29T10:00:00Z,,,,SETTLE-0035,"{""content_role"":""CORE_EVIDENCE"",""currency"":""BSC"",""destination_account_id"":""A-GBRF-6401"",""donation_ids"":""DON-00111;DON-00112;DON-00113"",""gross_amount"":""38450.00"",""net_amount"":""37522.70"",""processor_fee"":""927.30"",""processor_merchant_id"":""MER-6104"",""settled_at"":""2025-04-29T10:00:00Z"",""settlement_id"":""SETTLE-0035"",""source_account_id"":""A-PROC-6104"",""source_system_id"":""PAYMENT_PROCESSOR""}",authoring/relief_processor_settlements.csv#SETTLE-0035,CORE_EVIDENCE,d1bbaee61b07108a7492b382f597f95eb80c0d1bf8977d92e3a2a6a23e593cf4,2026.07.19.3
BISCUIT_RELIEF,SETTLE-0036,PROCESSOR_SETTLEMENT,,SETTLE-0036,PAYMENT_PROCESSOR,authoring/relief_processor_settlements.csv,SETTLE-0036,2025-05-02T10:00:00Z,,,,SETTLE-0036,"{""content_role"":""CORE_EVIDENCE"",""currency"":""BSC"",""destination_account_id"":""A-GBRF-6401"",""donation_ids"":""DON-00114;DON-00115;DON-00116"",""gross_amount"":""24300.00"",""net_amount"":""23712.30"",""processor_fee"":""587.70"",""processor_merchant_id"":""MER-6104"",""settled_at"":""2025-05-02T10:00:00Z"",""settlement_id"":""SETTLE-0036"",""source_account_id"":""A-PROC-6104"",""source_system_id"":""PAYMENT_PROCESSOR""}",authoring/relief_processor_settlements.csv#SETTLE-0036,CORE_EVIDENCE,110a9902eac040e45ce17462dc61b039c713b82fe7c95639f4313303a311924f,2026.07.19.3
BISCUIT_RELIEF,SETTLE-0037,PROCESSOR_SETTLEMENT,,SETTLE-0037,PAYMENT_PROCESSOR,authoring/relief_processor_settlements.csv,SETTLE-0037,2025-05-05T10:00:00Z,,,,SETTLE-0037,"{""content_role"":""CORE_EVIDENCE"",""currency"":""BSC"",""destination_account_id"":""A-GBRF-6401"",""donation_ids"":""DON-00117;DON-00118;DON-00119"",""gross_amount"":""13250.00"",""net_amount"":""12927.50"",""processor_fee"":""322.50"",""processor_merchant_id"":""MER-6104"",""settled_at"":""2025-05-05T10:00:00Z"",""settlement_id"":""SETTLE-0037"",""source_account_id"":""A-PROC-6104"",""source_system_id"":""PAYMENT_PROCESSOR""}",authoring/relief_processor_settlements.csv#SETTLE-0037,CORE_EVIDENCE,1412f95aacf1801a1f5cb2d152563ac04b97fedec3142f34efd5ebd3ff878323,2026.07.19.3
BISCUIT_RELIEF,SETTLE-0038,PROCESSOR_SETTLEMENT,,SETTLE-0038,PAYMENT_PROCESSOR,authoring/relief_processor_settlements.csv,SETTLE-0038,2025-05-08T10:00:00Z,,,,SETTLE-0038,"{""content_role"":""CORE_EVIDENCE"",""currency"":""BSC"",""destination_account_id"":""A-GBRF-6401"",""donation_ids"":""DON-00120;DON-00122;DON-00123"",""gross_amount"":""12150.00"",""net_amount"":""11853.90"",""processor_fee"":""296.10"",""processor_merchant_id"":""MER-6104"",""settled_at"":""2025-05-08T10:00:00Z"",""settlement_id"":""SETTLE-0038"",""source_account_id"":""A-PROC-6104"",""source_system_id"":""PAYMENT_PROCESSOR""}",authoring/relief_processor_settlements.csv#SETTLE-0038,CORE_EVIDENCE,d1cc2880b4c9c9c04f787699c6e7dc31fe636c07c57bb1c94bef09d072261de9,2026.07.19.3
BISCUIT_RELIEF,SETTLE-0039,PROCESSOR_SETTLEMENT,,SETTLE-0039,PAYMENT_PROCESSOR,authoring/relief_processor_settlements.csv,SETTLE-0039,2025-05-11T10:00:00Z,,,,SETTLE-0039,"{""content_role"":""CORE_EVIDENCE"",""currency"":""BSC"",""destination_account_id"":""A-GBRF-6401"",""donation_ids"":""DON-00124;DON-00125;DON-00126"",""gross_amount"":""18750.00"",""net_amount"":""18295.50"",""processor_fee"":""454.50"",""processor_merchant_id"":""MER-6104"",""settled_at"":""2025-05-11T10:00:00Z"",""settlement_id"":""SETTLE-0039"",""source_account_id"":""A-PROC-6104"",""source_system_id"":""PAYMENT_PROCESSOR""}",authoring/relief_processor_settlements.csv#SETTLE-0039,CORE_EVIDENCE,d7d779897d3c1d2c1a974592eb9e2e17d635f8735e6bc8427056d6e8862e48e6,2026.07.19.3
BISCUIT_RELIEF,SETTLE-0040,PROCESSOR_SETTLEMENT,,SETTLE-0040,PAYMENT_PROCESSOR,authoring/relief_processor_settlements.csv,SETTLE-0040,2025-05-14T10:00:00Z,,,,SETTLE-0040,"{""content_role"":""CORE_EVIDENCE"",""currency"":""BSC"",""destination_account_id"":""A-GBRF-6401"",""donation_ids"":""DON-00127;DON-00128;DON-00129"",""gross_amount"":""24600.00"",""net_amount"":""24005.10"",""processor_fee"":""594.90"",""processor_merchant_id"":""MER-6104"",""settled_at"":""2025-05-14T10:00:00Z"",""settlement_id"":""SETTLE-0040"",""source_account_id"":""A-PROC-6104"",""source_system_id"":""PAYMENT_PROCESSOR""}",authoring/relief_processor_settlements.csv#SETTLE-0040,CORE_EVIDENCE,dccaf30e89577255623dd6e9a13a74ccb331f28bd20c74395abbcadfc3b91e2d,2026.07.19.3
BISCUIT_RELIEF,REPOST-0001,REPOST,,REPOST-0001,SOCIAL_ARCHIVE,authoring/relief_reposts.csv,REPOST-0001,,,,,REPOST-0001,"{""benefit_received"":""0.00"",""campaign_post_id"":""POST-0001"",""content_role"":""AMBIGUOUS_EVIDENCE"",""person_record_id"":""PR-HOPE-02"",""platform"":""BARKBOOK"",""repost_id"":""REPOST-0001"",""reposted_at"":""2025-01-18T00:00:00Z"",""source_system_id"":""SOCIAL_ARCHIVE"",""volunteer_code"":""BISCUIT-BRIGADE""}",authoring/relief_reposts.csv#REPOST-0001,AMBIGUOUS_EVIDENCE,3a869583880d8b0fb56de54c0f9149cd7aaed63ce3bcde1a287227e31cefc340,2026.07.19.3
BISCUIT_RELIEF,REPOST-0002,REPOST,,REPOST-0002,SOCIAL_ARCHIVE,authoring/relief_reposts.csv,REPOST-0002,,,,,REPOST-0002,"{""benefit_received"":""0.00"",""campaign_post_id"":""POST-0002"",""content_role"":""AMBIGUOUS_EVIDENCE"",""person_record_id"":""PR-VIOLET-01"",""platform"":""PAWSTAGRAM"",""repost_id"":""REPOST-0002"",""reposted_at"":""2025-01-18T18:00:00Z"",""source_system_id"":""SOCIAL_ARCHIVE"",""volunteer_code"":""BISCUIT-BRIGADE""}",authoring/relief_reposts.csv#REPOST-0002,AMBIGUOUS_EVIDENCE,61021a43efe1f2e287b2472c76a2ee93eef13bf66935aa4db4c965d8b1674b9f,2026.07.19.3
BISCUIT_RELIEF,REPOST-0006,REPOST,,REPOST-0006,SOCIAL_ARCHIVE,authoring/relief_reposts.csv,REPOST-0006,,,,,REPOST-0006,"{""benefit_received"":""0.00"",""campaign_post_id"":""POST-0006"",""content_role"":""BACKGROUND"",""person_record_id"":""PR-LEO-01"",""platform"":""COMMUNITY_NEWSLETTER"",""repost_id"":""REPOST-0006"",""reposted_at"":""2025-01-21T18:00:00Z"",""source_system_id"":""SOCIAL_ARCHIVE"",""volunteer_code"":""BISCUIT-BRIGADE""}",authoring/relief_reposts.csv#REPOST-0006,BACKGROUND,8f81055209401abb87fd1323f2d05e018fb21b4d273e7a996ff4ce3fe7eb5f07,2026.07.19.3
BISCUIT_RELIEF,REPOST-0007,REPOST,,REPOST-0007,SOCIAL_ARCHIVE,authoring/relief_reposts.csv,REPOST-0007,,,,,REPOST-0007,"{""benefit_received"":""0.00"",""campaign_post_id"":""POST-0007"",""content_role"":""BACKGROUND"",""person_record_id"":""PR-RUBY-01"",""platform"":""BARKBOOK"",""repost_id"":""REPOST-0007"",""reposted_at"":""2025-01-22T12:00:00Z"",""source_system_id"":""SOCIAL_ARCHIVE"",""volunteer_code"":""BISCUIT-BRIGADE""}",authoring/relief_reposts.csv#REPOST-0007,BACKGROUND,18d2f9bfa818d30ad12858372bf59420754a35a7097b809eebdf2b4bcc849995,2026.07.19.3
BISCUIT_RELIEF,REPOST-0008,REPOST,,REPOST-0008,SOCIAL_ARCHIVE,authoring/relief_reposts.csv,REPOST-0008,,,,,REPOST-0008,"{""benefit_received"":""0.00"",""campaign_post_id"":""POST-0008"",""content_role"":""BACKGROUND"",""person_record_id"":""PR-GIDEON-01"",""platform"":""PAWSTAGRAM"",""repost_id"":""REPOST-0008"",""reposted_at"":""2025-01-23T06:00:00Z"",""source_system_id"":""SOCIAL_ARCHIVE"",""volunteer_code"":""BISCUIT-BRIGADE""}",authoring/relief_reposts.csv#REPOST-0008,BACKGROUND,8519e4c69e30b9dd9e89820de44f0496d358e343734c8469267db7edbc69671f,2026.07.19.3
BISCUIT_RELIEF,REPOST-0014,REPOST,,REPOST-0014,SOCIAL_ARCHIVE,authoring/relief_reposts.csv,REPOST-0014,,,,,REPOST-0014,"{""benefit_received"":""0.00"",""campaign_post_id"":""POST-0014"",""content_role"":""AMBIGUOUS_EVIDENCE"",""person_record_id"":""PR-HOPE-02"",""platform"":""PAWSTAGRAM"",""repost_id"":""REPOST-0014"",""reposted_at"":""2025-01-27T18:00:00Z"",""source_system_id"":""SOCIAL_ARCHIVE"",""volunteer_code"":""BISCUIT-BRIGADE""}",authoring/relief_reposts.csv#REPOST-0014,AMBIGUOUS_EVIDENCE,d4d294b9ffdf80bc92feac63736c0df2e71f4d0357a0bbf30d9d3343054568f6,2026.07.19.3
BISCUIT_RELIEF,REPOST-0015,REPOST,,REPOST-0015,SOCIAL_ARCHIVE,authoring/relief_reposts.csv,REPOST-0015,,,,,REPOST-0015,"{""benefit_received"":""0.00"",""campaign_post_id"":""POST-0015"",""content_role"":""AMBIGUOUS_EVIDENCE"",""person_record_id"":""PR-VIOLET-01"",""platform"":""COMMUNITY_NEWSLETTER"",""repost_id"":""REPOST-0015"",""reposted_at"":""2025-01-28T12:00:00Z"",""source_system_id"":""SOCIAL_ARCHIVE"",""volunteer_code"":""BISCUIT-BRIGADE""}",authoring/relief_reposts.csv#REPOST-0015,AMBIGUOUS_EVIDENCE,d21d5aa639be7cb302b56881e41dc7614df8ab3b5289b45641734b10fc7875c8,2026.07.19.3
BISCUIT_RELIEF,REPOST-0019,REPOST,,REPOST-0019,SOCIAL_ARCHIVE,authoring/relief_reposts.csv,REPOST-0019,,,,,REPOST-0019,"{""benefit_received"":""0.00"",""campaign_post_id"":""POST-0019"",""content_role"":""BACKGROUND"",""person_record_id"":""PR-LEO-01"",""platform"":""BARKBOOK"",""repost_id"":""REPOST-0019"",""reposted_at"":""2025-01-31T12:00:00Z"",""source_system_id"":""SOCIAL_ARCHIVE"",""volunteer_code"":""BISCUIT-BRIGADE""}",authoring/relief_reposts.csv#REPOST-0019,BACKGROUND,b7bfdd0fb6e977fe4f02831bfe7366911330cbd3ecadb91c21012e9b775f947d,2026.07.19.3
BISCUIT_RELIEF,REPOST-0020,REPOST,,REPOST-0020,SOCIAL_ARCHIVE,authoring/relief_reposts.csv,REPOST-0020,,,,,REPOST-0020,"{""benefit_received"":""0.00"",""campaign_post_id"":""POST-0020"",""content_role"":""BACKGROUND"",""person_record_id"":""PR-RUBY-01"",""platform"":""PAWSTAGRAM"",""repost_id"":""REPOST-0020"",""reposted_at"":""2025-02-01T06:00:00Z"",""source_system_id"":""SOCIAL_ARCHIVE"",""volunteer_code"":""BISCUIT-BRIGADE""}",authoring/relief_reposts.csv#REPOST-0020,BACKGROUND,4ee028b1eb96737ee6338617afa4e5b925eb7b32745d6629de36537dddff7ce3,2026.07.19.3
BISCUIT_RELIEF,REPOST-0021,REPOST,,REPOST-0021,SOCIAL_ARCHIVE,authoring/relief_reposts.csv,REPOST-0021,,,,,REPOST-0021,"{""benefit_received"":""0.00"",""campaign_post_id"":""POST-0021"",""content_role"":""BACKGROUND"",""person_record_id"":""PR-GIDEON-01"",""platform"":""COMMUNITY_NEWSLETTER"",""repost_id"":""REPOST-0021"",""reposted_at"":""2025-02-02T00:00:00Z"",""source_system_id"":""SOCIAL_ARCHIVE"",""volunteer_code"":""BISCUIT-BRIGADE""}",authoring/relief_reposts.csv#REPOST-0021,BACKGROUND,98b5eb3e5989dcdf2f8e872ff42ce47e3343abddd5c96e6559874531bb400eac,2026.07.19.3
BISCUIT_RELIEF,REPOST-0027,REPOST,,REPOST-0027,SOCIAL_ARCHIVE,authoring/relief_reposts.csv,REPOST-0027,,,,,REPOST-0027,"{""benefit_received"":""0.00"",""campaign_post_id"":""POST-0027"",""content_role"":""AMBIGUOUS_EVIDENCE"",""person_record_id"":""PR-HOPE-02"",""platform"":""COMMUNITY_NEWSLETTER"",""repost_id"":""REPOST-0027"",""reposted_at"":""2025-02-06T12:00:00Z"",""source_system_id"":""SOCIAL_ARCHIVE"",""volunteer_code"":""BISCUIT-BRIGADE""}",authoring/relief_reposts.csv#REPOST-0027,AMBIGUOUS_EVIDENCE,4aac154c2e638763052cd8d2b759a410e0e1ca7c2cd27aa333978dc9264c0eae,2026.07.19.3
BISCUIT_RELIEF,REPOST-0028,REPOST,,REPOST-0028,SOCIAL_ARCHIVE,authoring/relief_reposts.csv,REPOST-0028,,,,,REPOST-0028,"{""benefit_received"":""0.00"",""campaign_post_id"":""POST-0028"",""content_role"":""AMBIGUOUS_EVIDENCE"",""person_record_id"":""PR-VIOLET-01"",""platform"":""BARKBOOK"",""repost_id"":""REPOST-0028"",""reposted_at"":""2025-02-07T06:00:00Z"",""source_system_id"":""SOCIAL_ARCHIVE"",""volunteer_code"":""BISCUIT-BRIGADE""}",authoring/relief_reposts.csv#REPOST-0028,AMBIGUOUS_EVIDENCE,889736c12b92ea1c0746cda678306f63a9e6dda0f1cc92cdd56cdf611c4ddd41,2026.07.19.3
BISCUIT_RELIEF,REPOST-0032,REPOST,,REPOST-0032,SOCIAL_ARCHIVE,authoring/relief_reposts.csv,REPOST-0032,,,,,REPOST-0032,"{""benefit_received"":""0.00"",""campaign_post_id"":""POST-0032"",""content_role"":""BACKGROUND"",""person_record_id"":""PR-LEO-01"",""platform"":""PAWSTAGRAM"",""repost_id"":""REPOST-0032"",""reposted_at"":""2025-02-10T06:00:00Z"",""source_system_id"":""SOCIAL_ARCHIVE"",""volunteer_code"":""BISCUIT-BRIGADE""}",authoring/relief_reposts.csv#REPOST-0032,BACKGROUND,0e0ebca6d98702520a9f0a450dfd8f989a3db0aa8ee6bcb734ab6ecf828faec0,2026.07.19.3
BISCUIT_RELIEF,REPOST-0033,REPOST,,REPOST-0033,SOCIAL_ARCHIVE,authoring/relief_reposts.csv,REPOST-0033,,,,,REPOST-0033,"{""benefit_received"":""0.00"",""campaign_post_id"":""POST-0033"",""content_role"":""BACKGROUND"",""person_record_id"":""PR-RUBY-01"",""platform"":""COMMUNITY_NEWSLETTER"",""repost_id"":""REPOST-0033"",""reposted_at"":""2025-02-11T00:00:00Z"",""source_system_id"":""SOCIAL_ARCHIVE"",""volunteer_code"":""BISCUIT-BRIGADE""}",authoring/relief_reposts.csv#REPOST-0033,BACKGROUND,53e84a2372737d5dcec3867321fdd870fe685b1b74f564e642a4864e78101451,2026.07.19.3
BISCUIT_RELIEF,REPOST-0034,REPOST,,REPOST-0034,SOCIAL_ARCHIVE,authoring/relief_reposts.csv,REPOST-0034,,,,,REPOST-0034,"{""benefit_received"":""0.00"",""campaign_post_id"":""POST-0034"",""content_role"":""BACKGROUND"",""person_record_id"":""PR-GIDEON-01"",""platform"":""BARKBOOK"",""repost_id"":""REPOST-0034"",""reposted_at"":""2025-02-11T18:00:00Z"",""source_system_id"":""SOCIAL_ARCHIVE"",""volunteer_code"":""BISCUIT-BRIGADE""}",authoring/relief_reposts.csv#REPOST-0034,BACKGROUND,ecdacd5524ecc1c7791b45a0fb76c3f82b80e4cb072ad5695316f61c551cc416,2026.07.19.3
BISCUIT_RELIEF,REPOST-0040,REPOST,,REPOST-0040,SOCIAL_ARCHIVE,authoring/relief_reposts.csv,REPOST-0040,,,,,REPOST-0040,"{""benefit_received"":""0.00"",""campaign_post_id"":""POST-0040"",""content_role"":""AMBIGUOUS_EVIDENCE"",""person_record_id"":""PR-HOPE-02"",""platform"":""BARKBOOK"",""repost_id"":""REPOST-0040"",""reposted_at"":""2025-02-16T06:00:00Z"",""source_system_id"":""SOCIAL_ARCHIVE"",""volunteer_code"":""BISCUIT-BRIGADE""}",authoring/relief_reposts.csv#REPOST-0040,AMBIGUOUS_EVIDENCE,e78a68489dc55e37544555995c76aca9c229406d484f935fe38837d58476e103,2026.07.19.3
BISCUIT_RELIEF,REPOST-0041,REPOST,,REPOST-0041,SOCIAL_ARCHIVE,authoring/relief_reposts.csv,REPOST-0041,,,,,REPOST-0041,"{""benefit_received"":""0.00"",""campaign_post_id"":""POST-0041"",""content_role"":""AMBIGUOUS_EVIDENCE"",""person_record_id"":""PR-VIOLET-01"",""platform"":""PAWSTAGRAM"",""repost_id"":""REPOST-0041"",""reposted_at"":""2025-02-17T00:00:00Z"",""source_system_id"":""SOCIAL_ARCHIVE"",""volunteer_code"":""BISCUIT-BRIGADE""}",authoring/relief_reposts.csv#REPOST-0041,AMBIGUOUS_EVIDENCE,68c7282cb4c627ef3f909799375eb5ccabca6b246931f0ff0979e236f5735caf,2026.07.19.3
BISCUIT_RELIEF,REPOST-0045,REPOST,,REPOST-0045,SOCIAL_ARCHIVE,authoring/relief_reposts.csv,REPOST-0045,,,,,REPOST-0045,"{""benefit_received"":""0.00"",""campaign_post_id"":""POST-0045"",""content_role"":""BACKGROUND"",""person_record_id"":""PR-LEO-01"",""platform"":""COMMUNITY_NEWSLETTER"",""repost_id"":""REPOST-0045"",""reposted_at"":""2025-02-20T00:00:00Z"",""source_system_id"":""SOCIAL_ARCHIVE"",""volunteer_code"":""BISCUIT-BRIGADE""}",authoring/relief_reposts.csv#REPOST-0045,BACKGROUND,4ccc852abb81f9483a2d03f0f108f866ff40439422b42d3e7b902c25304ddfab,2026.07.19.3
BISCUIT_RELIEF,REPOST-0046,REPOST,,REPOST-0046,SOCIAL_ARCHIVE,authoring/relief_reposts.csv,REPOST-0046,,,,,REPOST-0046,"{""benefit_received"":""0.00"",""campaign_post_id"":""POST-0046"",""content_role"":""BACKGROUND"",""person_record_id"":""PR-RUBY-01"",""platform"":""BARKBOOK"",""repost_id"":""REPOST-0046"",""reposted_at"":""2025-02-20T18:00:00Z"",""source_system_id"":""SOCIAL_ARCHIVE"",""volunteer_code"":""BISCUIT-BRIGADE""}",authoring/relief_reposts.csv#REPOST-0046,BACKGROUND,a5cce037b234c99ad738c852ac402fb05563b8206485a927663300a7d666dee8,2026.07.19.3
BISCUIT_RELIEF,REPOST-0047,REPOST,,REPOST-0047,SOCIAL_ARCHIVE,authoring/relief_reposts.csv,REPOST-0047,,,,,REPOST-0047,"{""benefit_received"":""0.00"",""campaign_post_id"":""POST-0047"",""content_role"":""BACKGROUND"",""person_record_id"":""PR-GIDEON-01"",""platform"":""PAWSTAGRAM"",""repost_id"":""REPOST-0047"",""reposted_at"":""2025-02-21T12:00:00Z"",""source_system_id"":""SOCIAL_ARCHIVE"",""volunteer_code"":""BISCUIT-BRIGADE""}",authoring/relief_reposts.csv#REPOST-0047,BACKGROUND,5d12bf1c25d7ece79c8eb1367d6d0d94eb72c9458b9a6d878e9ecca52a6ff921,2026.07.19.3
BISCUIT_RELIEF,REPOST-0053,REPOST,,REPOST-0053,SOCIAL_ARCHIVE,authoring/relief_reposts.csv,REPOST-0053,,,,,REPOST-0053,"{""benefit_received"":""0.00"",""campaign_post_id"":""POST-0003"",""content_role"":""AMBIGUOUS_EVIDENCE"",""person_record_id"":""PR-HOPE-02"",""platform"":""PAWSTAGRAM"",""repost_id"":""REPOST-0053"",""reposted_at"":""2025-02-26T00:00:00Z"",""source_system_id"":""SOCIAL_ARCHIVE"",""volunteer_code"":""BISCUIT-BRIGADE""}",authoring/relief_reposts.csv#REPOST-0053,AMBIGUOUS_EVIDENCE,02ce0ec64c2debc7b67d6c7011162c7dd24cdc5ecd89e0802fe0c793a8daaa23,2026.07.19.3
BISCUIT_RELIEF,REPOST-0054,REPOST,,REPOST-0054,SOCIAL_ARCHIVE,authoring/relief_reposts.csv,REPOST-0054,,,,,REPOST-0054,"{""benefit_received"":""0.00"",""campaign_post_id"":""POST-0004"",""content_role"":""AMBIGUOUS_EVIDENCE"",""person_record_id"":""PR-VIOLET-01"",""platform"":""COMMUNITY_NEWSLETTER"",""repost_id"":""REPOST-0054"",""reposted_at"":""2025-02-26T18:00:00Z"",""source_system_id"":""SOCIAL_ARCHIVE"",""volunteer_code"":""BISCUIT-BRIGADE""}",authoring/relief_reposts.csv#REPOST-0054,AMBIGUOUS_EVIDENCE,2e79364af0576b72d50ab3ccc246b47dcfb9dc3dbfbd8f3a076dab1923fba384,2026.07.19.3
BISCUIT_RELIEF,REPOST-0058,REPOST,,REPOST-0058,SOCIAL_ARCHIVE,authoring/relief_reposts.csv,REPOST-0058,,,,,REPOST-0058,"{""benefit_received"":""0.00"",""campaign_post_id"":""POST-0008"",""content_role"":""BACKGROUND"",""person_record_id"":""PR-LEO-01"",""platform"":""BARKBOOK"",""repost_id"":""REPOST-0058"",""reposted_at"":""2025-03-01T18:00:00Z"",""source_system_id"":""SOCIAL_ARCHIVE"",""volunteer_code"":""BISCUIT-BRIGADE""}",authoring/relief_reposts.csv#REPOST-0058,BACKGROUND,da247f639c21744e22a39fa075f8fb894ba2287c0f6ab4201aeb9c57b61caf07,2026.07.19.3
BISCUIT_RELIEF,REPOST-0059,REPOST,,REPOST-0059,SOCIAL_ARCHIVE,authoring/relief_reposts.csv,REPOST-0059,,,,,REPOST-0059,"{""benefit_received"":""0.00"",""campaign_post_id"":""POST-0009"",""content_role"":""BACKGROUND"",""person_record_id"":""PR-RUBY-01"",""platform"":""PAWSTAGRAM"",""repost_id"":""REPOST-0059"",""reposted_at"":""2025-03-02T12:00:00Z"",""source_system_id"":""SOCIAL_ARCHIVE"",""volunteer_code"":""BISCUIT-BRIGADE""}",authoring/relief_reposts.csv#REPOST-0059,BACKGROUND,47c4ff30f6fe1c5f8c4263a8752c758cd7f3a60a5f2c7708bee6e2a515715a66,2026.07.19.3
BISCUIT_RELIEF,REPOST-0060,REPOST,,REPOST-0060,SOCIAL_ARCHIVE,authoring/relief_reposts.csv,REPOST-0060,,,,,REPOST-0060,"{""benefit_received"":""0.00"",""campaign_post_id"":""POST-0010"",""content_role"":""BACKGROUND"",""person_record_id"":""PR-GIDEON-01"",""platform"":""COMMUNITY_NEWSLETTER"",""repost_id"":""REPOST-0060"",""reposted_at"":""2025-03-03T06:00:00Z"",""source_system_id"":""SOCIAL_ARCHIVE"",""volunteer_code"":""BISCUIT-BRIGADE""}",authoring/relief_reposts.csv#REPOST-0060,BACKGROUND,3ed3413acc33bd25551498c4154c56d4cd3fb835f3b2f8cfd9a81e6a7e229f15,2026.07.19.3
BISCUIT_RELIEF,REPOST-0066,REPOST,,REPOST-0066,SOCIAL_ARCHIVE,authoring/relief_reposts.csv,REPOST-0066,,,,,REPOST-0066,"{""benefit_received"":""0.00"",""campaign_post_id"":""POST-0016"",""content_role"":""AMBIGUOUS_EVIDENCE"",""person_record_id"":""PR-HOPE-02"",""platform"":""COMMUNITY_NEWSLETTER"",""repost_id"":""REPOST-0066"",""reposted_at"":""2025-03-07T18:00:00Z"",""source_system_id"":""SOCIAL_ARCHIVE"",""volunteer_code"":""BISCUIT-BRIGADE""}",authoring/relief_reposts.csv#REPOST-0066,AMBIGUOUS_EVIDENCE,e84ed1b4b27f30ae669981742ef42e0f85ad5e60892ee3fcb76575e0784e3266,2026.07.19.3
BISCUIT_RELIEF,REPOST-0067,REPOST,,REPOST-0067,SOCIAL_ARCHIVE,authoring/relief_reposts.csv,REPOST-0067,,,,,REPOST-0067,"{""benefit_received"":""0.00"",""campaign_post_id"":""POST-0017"",""content_role"":""AMBIGUOUS_EVIDENCE"",""person_record_id"":""PR-VIOLET-01"",""platform"":""BARKBOOK"",""repost_id"":""REPOST-0067"",""reposted_at"":""2025-03-08T12:00:00Z"",""source_system_id"":""SOCIAL_ARCHIVE"",""volunteer_code"":""BISCUIT-BRIGADE""}",authoring/relief_reposts.csv#REPOST-0067,AMBIGUOUS_EVIDENCE,d7e147f5611f582f15c9ad7d98766267bcb846374d40ef0ba806c2f493306d00,2026.07.19.3
BISCUIT_RELIEF,TX-SET-0001,TRANSACTION,PROCESSOR_SETTLEMENT,SETTLE-0001,BANK_LEDGER,authoring/relief_transactions.csv,TX-SET-0001,2025-01-17T10:00:00Z,,,,SETTLE-0001,"{""amount"":""25810.70"",""approved_by_record_id"":""PR-PRIYA-01"",""content_role"":""CORE_EVIDENCE"",""currency"":""BSC"",""destination_account_id"":""A-GBRF-6401"",""entered_by_record_id"":""PR-PRIYA-01"",""is_reversal"":""false"",""occurred_at"":""2025-01-17T10:00:00Z"",""reference"":""SETTLE-0001"",""related_object_id"":""SETTLE-0001"",""reversed_transaction_id"":"""",""settlement_batch_id"":""SETTLE-0001"",""source_account_id"":""A-PROC-6104"",""source_system_id"":""BANK_LEDGER"",""transaction_id"":""TX-SET-0001"",""transaction_type"":""PROCESSOR_SETTLEMENT""}",authoring/relief_transactions.csv#TX-SET-0001,CORE_EVIDENCE,3ae8291adc75063310feb8f36248fbea063300c297596a83fa168168748ec4ff,2026.07.19.3
BISCUIT_RELIEF,TX-SET-0002,TRANSACTION,PROCESSOR_SETTLEMENT,SETTLE-0002,BANK_LEDGER,authoring/relief_transactions.csv,TX-SET-0002,2025-01-20T10:00:00Z,,,,SETTLE-0002,"{""amount"":""12000.30"",""approved_by_record_id"":""PR-PRIYA-01"",""content_role"":""CORE_EVIDENCE"",""currency"":""BSC"",""destination_account_id"":""A-GBRF-6401"",""entered_by_record_id"":""PR-PRIYA-01"",""is_reversal"":""false"",""occurred_at"":""2025-01-20T10:00:00Z"",""reference"":""SETTLE-0002"",""related_object_id"":""SETTLE-0002"",""reversed_transaction_id"":"""",""settlement_batch_id"":""SETTLE-0002"",""source_account_id"":""A-PROC-6104"",""source_system_id"":""BANK_LEDGER"",""transaction_id"":""TX-SET-0002"",""transaction_type"":""PROCESSOR_SETTLEMENT""}",authoring/relief_transactions.csv#TX-SET-0002,CORE_EVIDENCE,5512b9df9c6c0b00a973d6ef373c6d90b176607059d9e43fc57da5a9bd9e52fb,2026.07.19.3
BISCUIT_RELIEF,TX-SET-0003,TRANSACTION,PROCESSOR_SETTLEMENT,SETTLE-0003,BANK_LEDGER,authoring/relief_transactions.csv,TX-SET-0003,2025-01-23T10:00:00Z,,,,SETTLE-0003,"{""amount"":""17709.90"",""approved_by_record_id"":""PR-PRIYA-01"",""content_role"":""CORE_EVIDENCE"",""currency"":""BSC"",""destination_account_id"":""A-GBRF-6401"",""entered_by_record_id"":""PR-PRIYA-01"",""is_reversal"":""false"",""occurred_at"":""2025-01-23T10:00:00Z"",""reference"":""SETTLE-0003"",""related_object_id"":""SETTLE-0003"",""reversed_transaction_id"":"""",""settlement_batch_id"":""SETTLE-0003"",""source_account_id"":""A-PROC-6104"",""source_system_id"":""BANK_LEDGER"",""transaction_id"":""TX-SET-0003"",""transaction_type"":""PROCESSOR_SETTLEMENT""}",authoring/relief_transactions.csv#TX-SET-0003,CORE_EVIDENCE,d1449a05c13d455f95779263a4bb35640c8974effcbfb45415e3f8bd6a3c0f7f,2026.07.19.3
BISCUIT_RELIEF,TX-SET-0004,TRANSACTION,PROCESSOR_SETTLEMENT,SETTLE-0004,BANK_LEDGER,authoring/relief_transactions.csv,TX-SET-0004,2025-01-26T10:00:00Z,,,,SETTLE-0004,"{""amount"":""23419.50"",""approved_by_record_id"":""PR-PRIYA-01"",""content_role"":""CORE_EVIDENCE"",""currency"":""BSC"",""destination_account_id"":""A-GBRF-6401"",""entered_by_record_id"":""PR-PRIYA-01"",""is_reversal"":""false"",""occurred_at"":""2025-01-26T10:00:00Z"",""reference"":""SETTLE-0004"",""related_object_id"":""SETTLE-0004"",""reversed_transaction_id"":"""",""settlement_batch_id"":""SETTLE-0004"",""source_account_id"":""A-PROC-6104"",""source_system_id"":""BANK_LEDGER"",""transaction_id"":""TX-SET-0004"",""transaction_type"":""PROCESSOR_SETTLEMENT""}",authoring/relief_transactions.csv#TX-SET-0004,CORE_EVIDENCE,3e3f9054ceca6ee99bcf898154dfa4bfcc3d25f318d45dad3d8795a3e4ea12ba,2026.07.19.3
BISCUIT_RELIEF,TX-SET-0005,TRANSACTION,PROCESSOR_SETTLEMENT,SETTLE-0005,BANK_LEDGER,authoring/relief_transactions.csv,TX-SET-0005,2025-01-29T10:00:00Z,,,,SETTLE-0005,"{""amount"":""12634.70"",""approved_by_record_id"":""PR-PRIYA-01"",""content_role"":""CORE_EVIDENCE"",""currency"":""BSC"",""destination_account_id"":""A-GBRF-6401"",""entered_by_record_id"":""PR-PRIYA-01"",""is_reversal"":""false"",""occurred_at"":""2025-01-29T10:00:00Z"",""reference"":""SETTLE-0005"",""related_object_id"":""SETTLE-0005"",""reversed_transaction_id"":"""",""settlement_batch_id"":""SETTLE-0005"",""source_account_id"":""A-PROC-6104"",""source_system_id"":""BANK_LEDGER"",""transaction_id"":""TX-SET-0005"",""transaction_type"":""PROCESSOR_SETTLEMENT""}",authoring/relief_transactions.csv#TX-SET-0005,CORE_EVIDENCE,93223a825aebd2aaf17360ea4c7f4cf56c199de2e718a2d3deb54f415a5b75a1,2026.07.19.3
BISCUIT_RELIEF,TX-SET-0006,TRANSACTION,PROCESSOR_SETTLEMENT,SETTLE-0006,BANK_LEDGER,authoring/relief_transactions.csv,TX-SET-0006,2025-02-01T10:00:00Z,,,,SETTLE-0006,"{""amount"":""10097.10"",""approved_by_record_id"":""PR-PRIYA-01"",""content_role"":""CORE_EVIDENCE"",""currency"":""BSC"",""destination_account_id"":""A-GBRF-6401"",""entered_by_record_id"":""PR-PRIYA-01"",""is_reversal"":""false"",""occurred_at"":""2025-02-01T10:00:00Z"",""reference"":""SETTLE-0006"",""related_object_id"":""SETTLE-0006"",""reversed_transaction_id"":"""",""settlement_batch_id"":""SETTLE-0006"",""source_account_id"":""A-PROC-6104"",""source_system_id"":""BANK_LEDGER"",""transaction_id"":""TX-SET-0006"",""transaction_type"":""PROCESSOR_SETTLEMENT""}",authoring/relief_transactions.csv#TX-SET-0006,CORE_EVIDENCE,b64d20af3a5d2c950f3a6ab23d086f84a062117f188734aa2da528d9b2443e18,2026.07.19.3
BISCUIT_RELIEF,TX-SET-0007,TRANSACTION,PROCESSOR_SETTLEMENT,SETTLE-0007,BANK_LEDGER,authoring/relief_transactions.csv,TX-SET-0007,2025-02-04T10:00:00Z,,,,SETTLE-0007,"{""amount"":""15806.70"",""approved_by_record_id"":""PR-PRIYA-01"",""content_role"":""CORE_EVIDENCE"",""currency"":""BSC"",""destination_account_id"":""A-GBRF-6401"",""entered_by_record_id"":""PR-PRIYA-01"",""is_reversal"":""false"",""occurred_at"":""2025-02-04T10:00:00Z"",""reference"":""SETTLE-0007"",""related_object_id"":""SETTLE-0007"",""reversed_transaction_id"":"""",""settlement_batch_id"":""SETTLE-0007"",""source_account_id"":""A-PROC-6104"",""source_system_id"":""BANK_LEDGER"",""transaction_id"":""TX-SET-0007"",""transaction_type"":""PROCESSOR_SETTLEMENT""}",authoring/relief_transactions.csv#TX-SET-0007,CORE_EVIDENCE,560e8c4cb07ad05853c5b0811091637723d024878a453f8285ebfd10e2674ef8,2026.07.19.3
BISCUIT_RELIEF,TX-SET-0008,TRANSACTION,PROCESSOR_SETTLEMENT,SETTLE-0008,BANK_LEDGER,authoring/relief_transactions.csv,TX-SET-0008,2025-02-07T10:00:00Z,,,,SETTLE-0008,"{""amount"":""21516.30"",""approved_by_record_id"":""PR-PRIYA-01"",""content_role"":""CORE_EVIDENCE"",""currency"":""BSC"",""destination_account_id"":""A-GBRF-6401"",""entered_by_record_id"":""PR-PRIYA-01"",""is_reversal"":""false"",""occurred_at"":""2025-02-07T10:00:00Z"",""reference"":""SETTLE-0008"",""related_object_id"":""SETTLE-0008"",""reversed_transaction_id"":"""",""settlement_batch_id"":""SETTLE-0008"",""source_account_id"":""A-PROC-6104"",""source_system_id"":""BANK_LEDGER"",""transaction_id"":""TX-SET-0008"",""transaction_type"":""PROCESSOR_SETTLEMENT""}",authoring/relief_transactions.csv#TX-SET-0008,CORE_EVIDENCE,a5ea617cc54db76a88035e47a7f4c3c4050df0d249ef4a801d8c6f7e17769ac7,2026.07.19.3
BISCUIT_RELIEF,TX-SET-0009,TRANSACTION,PROCESSOR_SETTLEMENT,SETTLE-0009,BANK_LEDGER,authoring/relief_transactions.csv,TX-SET-0009,2025-02-10T10:00:00Z,,,,SETTLE-0009,"{""amount"":""18978.70"",""approved_by_record_id"":""PR-PRIYA-01"",""content_role"":""CORE_EVIDENCE"",""currency"":""BSC"",""destination_account_id"":""A-GBRF-6401"",""entered_by_record_id"":""PR-PRIYA-01"",""is_reversal"":""false"",""occurred_at"":""2025-02-10T10:00:00Z"",""reference"":""SETTLE-0009"",""related_object_id"":""SETTLE-0009"",""reversed_transaction_id"":"""",""settlement_batch_id"":""SETTLE-0009"",""source_account_id"":""A-PROC-6104"",""source_system_id"":""BANK_LEDGER"",""transaction_id"":""TX-SET-0009"",""transaction_type"":""PROCESSOR_SETTLEMENT""}",authoring/relief_transactions.csv#TX-SET-0009,CORE_EVIDENCE,12f83c446eb9811859d71ea08276e0e5c66a60f228ea18910665569e0864e4a4,2026.07.19.3
BISCUIT_RELIEF,TX-SET-0010,TRANSACTION,PROCESSOR_SETTLEMENT,SETTLE-0010,BANK_LEDGER,authoring/relief_transactions.csv,TX-SET-0010,2025-02-13T10:00:00Z,,,,SETTLE-0010,"{""amount"":""8193.90"",""approved_by_record_id"":""PR-PRIYA-01"",""content_role"":""CORE_EVIDENCE"",""currency"":""BSC"",""destination_account_id"":""A-GBRF-6401"",""entered_by_record_id"":""PR-PRIYA-01"",""is_reversal"":""false"",""occurred_at"":""2025-02-13T10:00:00Z"",""reference"":""SETTLE-0010"",""related_object_id"":""SETTLE-0010"",""reversed_transaction_id"":"""",""settlement_batch_id"":""SETTLE-0010"",""source_account_id"":""A-PROC-6104"",""source_system_id"":""BANK_LEDGER"",""transaction_id"":""TX-SET-0010"",""transaction_type"":""PROCESSOR_SETTLEMENT""}",authoring/relief_transactions.csv#TX-SET-0010,CORE_EVIDENCE,2f4e187d41ee610688da97746e2522292c398c0764ba0478e3273d5b1d4e27d3,2026.07.19.3
BISCUIT_RELIEF,TX-SET-0011,TRANSACTION,PROCESSOR_SETTLEMENT,SETTLE-0011,BANK_LEDGER,authoring/relief_transactions.csv,TX-SET-0011,2025-02-16T10:00:00Z,,,,SETTLE-0011,"{""amount"":""16441.10"",""approved_by_record_id"":""PR-PRIYA-01"",""content_role"":""CORE_EVIDENCE"",""currency"":""BSC"",""destination_account_id"":""A-GBRF-6401"",""entered_by_record_id"":""PR-PRIYA-01"",""is_reversal"":""false"",""occurred_at"":""2025-02-16T10:00:00Z"",""reference"":""SETTLE-0011"",""related_object_id"":""SETTLE-0011"",""reversed_transaction_id"":"""",""settlement_batch_id"":""SETTLE-0011"",""source_account_id"":""A-PROC-6104"",""source_system_id"":""BANK_LEDGER"",""transaction_id"":""TX-SET-0011"",""transaction_type"":""PROCESSOR_SETTLEMENT""}",authoring/relief_transactions.csv#TX-SET-0011,CORE_EVIDENCE,0c607f55b20e11d97f603fdf75682a01a67e8fc947e3ae68c47f0362e6ca877b,2026.07.19.3
BISCUIT_RELIEF,TX-SET-0012,TRANSACTION,PROCESSOR_SETTLEMENT,SETTLE-0012,BANK_LEDGER,authoring/relief_transactions.csv,TX-SET-0012,2025-02-19T10:00:00Z,,,,SETTLE-0012,"{""amount"":""42939.50"",""approved_by_record_id"":""PR-PRIYA-01"",""content_role"":""CORE_EVIDENCE"",""currency"":""BSC"",""destination_account_id"":""A-GBRF-6401"",""entered_by_record_id"":""PR-PRIYA-01"",""is_reversal"":""false"",""occurred_at"":""2025-02-19T10:00:00Z"",""reference"":""SETTLE-0012"",""related_object_id"":""SETTLE-0012"",""reversed_transaction_id"":"""",""settlement_batch_id"":""SETTLE-0012"",""source_account_id"":""A-PROC-6104"",""source_system_id"":""BANK_LEDGER"",""transaction_id"":""TX-SET-0012"",""transaction_type"":""PROCESSOR_SETTLEMENT""}",authoring/relief_transactions.csv#TX-SET-0012,CORE_EVIDENCE,97ed3dd8a6df3a4946fa757adf01410c613fef4a91774e29b00c92cd39d423ea,2026.07.19.3
BISCUIT_RELIEF,TX-SET-0013,TRANSACTION,PROCESSOR_SETTLEMENT,SETTLE-0013,BANK_LEDGER,authoring/relief_transactions.csv,TX-SET-0013,2025-02-22T10:00:00Z,,,,SETTLE-0013,"{""amount"":""12634.70"",""approved_by_record_id"":""PR-PRIYA-01"",""content_role"":""CORE_EVIDENCE"",""currency"":""BSC"",""destination_account_id"":""A-GBRF-6401"",""entered_by_record_id"":""PR-PRIYA-01"",""is_reversal"":""false"",""occurred_at"":""2025-02-22T10:00:00Z"",""reference"":""SETTLE-0013"",""related_object_id"":""SETTLE-0013"",""reversed_transaction_id"":"""",""settlement_batch_id"":""SETTLE-0013"",""source_account_id"":""A-PROC-6104"",""source_system_id"":""BANK_LEDGER"",""transaction_id"":""TX-SET-0013"",""transaction_type"":""PROCESSOR_SETTLEMENT""}",authoring/relief_transactions.csv#TX-SET-0013,CORE_EVIDENCE,9938402412ff6443a7c95324a8369e2bfa4f5fcdd64bea61ea300cc095386a41,2026.07.19.3
BISCUIT_RELIEF,TX-SET-0014,TRANSACTION,PROCESSOR_SETTLEMENT,SETTLE-0014,BANK_LEDGER,authoring/relief_transactions.csv,TX-SET-0014,2025-02-25T10:00:00Z,,,,SETTLE-0014,"{""amount"":""12634.70"",""approved_by_record_id"":""PR-PRIYA-01"",""content_role"":""CORE_EVIDENCE"",""currency"":""BSC"",""destination_account_id"":""A-GBRF-6401"",""entered_by_record_id"":""PR-PRIYA-01"",""is_reversal"":""false"",""occurred_at"":""2025-02-25T10:00:00Z"",""reference"":""SETTLE-0014"",""related_object_id"":""SETTLE-0014"",""reversed_transaction_id"":"""",""settlement_batch_id"":""SETTLE-0014"",""source_account_id"":""A-PROC-6104"",""source_system_id"":""BANK_LEDGER"",""transaction_id"":""TX-SET-0014"",""transaction_type"":""PROCESSOR_SETTLEMENT""}",authoring/relief_transactions.csv#TX-SET-0014,CORE_EVIDENCE,33c7f8092109ba187769805e8e554948e0c865cff61de188620acfdddfeab192,2026.07.19.3
BISCUIT_RELIEF,TX-SET-0015,TRANSACTION,PROCESSOR_SETTLEMENT,SETTLE-0015,BANK_LEDGER,authoring/relief_transactions.csv,TX-SET-0015,2025-02-28T10:00:00Z,,,,SETTLE-0015,"{""amount"":""19613.10"",""approved_by_record_id"":""PR-PRIYA-01"",""content_role"":""CORE_EVIDENCE"",""currency"":""BSC"",""destination_account_id"":""A-GBRF-6401"",""entered_by_record_id"":""PR-PRIYA-01"",""is_reversal"":""false"",""occurred_at"":""2025-02-28T10:00:00Z"",""reference"":""SETTLE-0015"",""related_object_id"":""SETTLE-0015"",""reversed_transaction_id"":"""",""settlement_batch_id"":""SETTLE-0015"",""source_account_id"":""A-PROC-6104"",""source_system_id"":""BANK_LEDGER"",""transaction_id"":""TX-SET-0015"",""transaction_type"":""PROCESSOR_SETTLEMENT""}",authoring/relief_transactions.csv#TX-SET-0015,CORE_EVIDENCE,5a09696e308a34004373e079b13ed3f5d29ac280eed4a5bbb474d0e6b52c6c77,2026.07.19.3
BISCUIT_RELIEF,TX-SET-0016,TRANSACTION,PROCESSOR_SETTLEMENT,SETTLE-0016,BANK_LEDGER,authoring/relief_transactions.csv,TX-SET-0016,2025-03-03T10:00:00Z,,,,SETTLE-0016,"{""amount"":""25322.70"",""approved_by_record_id"":""PR-PRIYA-01"",""content_role"":""CORE_EVIDENCE"",""currency"":""BSC"",""destination_account_id"":""A-GBRF-6401"",""entered_by_record_id"":""PR-PRIYA-01"",""is_reversal"":""false"",""occurred_at"":""2025-03-03T10:00:00Z"",""reference"":""SETTLE-0016"",""related_object_id"":""SETTLE-0016"",""reversed_transaction_id"":"""",""settlement_batch_id"":""SETTLE-0016"",""source_account_id"":""A-PROC-6104"",""source_system_id"":""BANK_LEDGER"",""transaction_id"":""TX-SET-0016"",""transaction_type"":""PROCESSOR_SETTLEMENT""}",authoring/relief_transactions.csv#TX-SET-0016,CORE_EVIDENCE,b965180c510bc83bf6bf2b15036929fbdafc41bb4598557ae283a6ed769a2c23,2026.07.19.3
BISCUIT_RELIEF,TX-SET-0017,TRANSACTION,PROCESSOR_SETTLEMENT,SETTLE-0017,BANK_LEDGER,authoring/relief_transactions.csv,TX-SET-0017,2025-03-06T10:00:00Z,,,,SETTLE-0017,"{""amount"":""6290.70"",""approved_by_record_id"":""PR-PRIYA-01"",""content_role"":""CORE_EVIDENCE"",""currency"":""BSC"",""destination_account_id"":""A-GBRF-6401"",""entered_by_record_id"":""PR-PRIYA-01"",""is_reversal"":""false"",""occurred_at"":""2025-03-06T10:00:00Z"",""reference"":""SETTLE-0017"",""related_object_id"":""SETTLE-0017"",""reversed_transaction_id"":"""",""settlement_batch_id"":""SETTLE-0017"",""source_account_id"":""A-PROC-6104"",""source_system_id"":""BANK_LEDGER"",""transaction_id"":""TX-SET-0017"",""transaction_type"":""PROCESSOR_SETTLEMENT""}",authoring/relief_transactions.csv#TX-SET-0017,CORE_EVIDENCE,49f5b0432bf534298e2cb14a1575c3855855b4a889b3c0816f435f5f521bc00f,2026.07.19.3
BISCUIT_RELIEF,TX-SET-0018,TRANSACTION,PROCESSOR_SETTLEMENT,SETTLE-0018,BANK_LEDGER,authoring/relief_transactions.csv,TX-SET-0018,2025-03-09T10:00:00Z,,,,SETTLE-0018,"{""amount"":""12000.30"",""approved_by_record_id"":""PR-PRIYA-01"",""content_role"":""CORE_EVIDENCE"",""currency"":""BSC"",""destination_account_id"":""A-GBRF-6401"",""entered_by_record_id"":""PR-PRIYA-01"",""is_reversal"":""false"",""occurred_at"":""2025-03-09T10:00:00Z"",""reference"":""SETTLE-0018"",""related_object_id"":""SETTLE-0018"",""reversed_transaction_id"":"""",""settlement_batch_id"":""SETTLE-0018"",""source_account_id"":""A-PROC-6104"",""source_system_id"":""BANK_LEDGER"",""transaction_id"":""TX-SET-0018"",""transaction_type"":""PROCESSOR_SETTLEMENT""}",authoring/relief_transactions.csv#TX-SET-0018,CORE_EVIDENCE,a1b36684e1a957ef3a173a155ff97159847454da8e56ccc67fbeeacccae9a2d4,2026.07.19.3
BISCUIT_RELIEF,TX-SET-0019,TRANSACTION,PROCESSOR_SETTLEMENT,SETTLE-0019,BANK_LEDGER,authoring/relief_transactions.csv,TX-SET-0019,2025-03-12T10:00:00Z,,,,SETTLE-0019,"{""amount"":""17807.50"",""approved_by_record_id"":""PR-PRIYA-01"",""content_role"":""CORE_EVIDENCE"",""currency"":""BSC"",""destination_account_id"":""A-GBRF-6401"",""entered_by_record_id"":""PR-PRIYA-01"",""is_reversal"":""false"",""occurred_at"":""2025-03-12T10:00:00Z"",""reference"":""SETTLE-0019"",""related_object_id"":""SETTLE-0019"",""reversed_transaction_id"":"""",""settlement_batch_id"":""SETTLE-0019"",""source_account_id"":""A-PROC-6104"",""source_system_id"":""BANK_LEDGER"",""transaction_id"":""TX-SET-0019"",""transaction_type"":""PROCESSOR_SETTLEMENT""}",authoring/relief_transactions.csv#TX-SET-0019,CORE_EVIDENCE,e6d5b5a1c883f6b69f8bb0aa09fc1a171f0e4d1070a767f9a030384db7f37cfa,2026.07.19.3
BISCUIT_RELIEF,TX-SET-0020,TRANSACTION,PROCESSOR_SETTLEMENT,SETTLE-0020,BANK_LEDGER,authoring/relief_transactions.csv,TX-SET-0020,2025-03-15T10:00:00Z,,,,SETTLE-0020,"{""amount"":""23712.30"",""approved_by_record_id"":""PR-PRIYA-01"",""content_role"":""CORE_EVIDENCE"",""currency"":""BSC"",""destination_account_id"":""A-GBRF-6401"",""entered_by_record_id"":""PR-PRIYA-01"",""is_reversal"":""false"",""occurred_at"":""2025-03-15T10:00:00Z"",""reference"":""SETTLE-0020"",""related_object_id"":""SETTLE-0020"",""reversed_transaction_id"":"""",""settlement_batch_id"":""SETTLE-0020"",""source_account_id"":""A-PROC-6104"",""source_system_id"":""BANK_LEDGER"",""transaction_id"":""TX-SET-0020"",""transaction_type"":""PROCESSOR_SETTLEMENT""}",authoring/relief_transactions.csv#TX-SET-0020,CORE_EVIDENCE,fef6af20853e1e512d799ec1430dac37722bdda1b8c78c02c171de15a83b1f1f,2026.07.19.3
BISCUIT_RELIEF,TX-SET-0021,TRANSACTION,PROCESSOR_SETTLEMENT,SETTLE-0021,BANK_LEDGER,authoring/relief_transactions.csv,TX-SET-0021,2025-03-18T10:00:00Z,,,,SETTLE-0021,"{""amount"":""12927.50"",""approved_by_record_id"":""PR-PRIYA-01"",""content_role"":""CORE_EVIDENCE"",""currency"":""BSC"",""destination_account_id"":""A-GBRF-6401"",""entered_by_record_id"":""PR-PRIYA-01"",""is_reversal"":""false"",""occurred_at"":""2025-03-18T10:00:00Z"",""reference"":""SETTLE-0021"",""related_object_id"":""SETTLE-0021"",""reversed_transaction_id"":"""",""settlement_batch_id"":""SETTLE-0021"",""source_account_id"":""A-PROC-6104"",""source_system_id"":""BANK_LEDGER"",""transaction_id"":""TX-SET-0021"",""transaction_type"":""PROCESSOR_SETTLEMENT""}",authoring/relief_transactions.csv#TX-SET-0021,CORE_EVIDENCE,d7e7ee69b285edc844e58048232999fd36999ae836ae4e60873945c7f76d9018,2026.07.19.3
BISCUIT_RELIEF,TX-SET-0022,TRANSACTION,PROCESSOR_SETTLEMENT,SETTLE-0022,BANK_LEDGER,authoring/relief_transactions.csv,TX-SET-0022,2025-03-21T10:00:00Z,,,,SETTLE-0022,"{""amount"":""10389.90"",""approved_by_record_id"":""PR-PRIYA-01"",""content_role"":""CORE_EVIDENCE"",""currency"":""BSC"",""destination_account_id"":""A-GBRF-6401"",""entered_by_record_id"":""PR-PRIYA-01"",""is_reversal"":""false"",""occurred_at"":""2025-03-21T10:00:00Z"",""reference"":""SETTLE-0022"",""related_object_id"":""SETTLE-0022"",""reversed_transaction_id"":"""",""settlement_batch_id"":""SETTLE-0022"",""source_account_id"":""A-PROC-6104"",""source_system_id"":""BANK_LEDGER"",""transaction_id"":""TX-SET-0022"",""transaction_type"":""PROCESSOR_SETTLEMENT""}",authoring/relief_transactions.csv#TX-SET-0022,CORE_EVIDENCE,66ca3a9d28104a3b085e938a922ddd148ed203526a2d7523f8ac39e150235672,2026.07.19.3
BISCUIT_RELIEF,TX-SET-0023,TRANSACTION,PROCESSOR_SETTLEMENT,SETTLE-0023,BANK_LEDGER,authoring/relief_transactions.csv,TX-SET-0023,2025-03-24T10:00:00Z,,,,SETTLE-0023,"{""amount"":""16099.50"",""approved_by_record_id"":""PR-PRIYA-01"",""content_role"":""CORE_EVIDENCE"",""currency"":""BSC"",""destination_account_id"":""A-GBRF-6401"",""entered_by_record_id"":""PR-PRIYA-01"",""is_reversal"":""false"",""occurred_at"":""2025-03-24T10:00:00Z"",""reference"":""SETTLE-0023"",""related_object_id"":""SETTLE-0023"",""reversed_transaction_id"":"""",""settlement_batch_id"":""SETTLE-0023"",""source_account_id"":""A-PROC-6104"",""source_system_id"":""BANK_LEDGER"",""transaction_id"":""TX-SET-0023"",""transaction_type"":""PROCESSOR_SETTLEMENT""}",authoring/relief_transactions.csv#TX-SET-0023,CORE_EVIDENCE,506fffe984841d6c8de0422b1160b5ce84fec68e491c658ead3a46743115966b,2026.07.19.3
BISCUIT_RELIEF,TX-SET-0024,TRANSACTION,PROCESSOR_SETTLEMENT,SETTLE-0024,BANK_LEDGER,authoring/relief_transactions.csv,TX-SET-0024,2025-03-27T10:00:00Z,,,,SETTLE-0024,"{""amount"":""42597.90"",""approved_by_record_id"":""PR-PRIYA-01"",""content_role"":""CORE_EVIDENCE"",""currency"":""BSC"",""destination_account_id"":""A-GBRF-6401"",""entered_by_record_id"":""PR-PRIYA-01"",""is_reversal"":""false"",""occurred_at"":""2025-03-27T10:00:00Z"",""reference"":""SETTLE-0024"",""related_object_id"":""SETTLE-0024"",""reversed_transaction_id"":"""",""settlement_batch_id"":""SETTLE-0024"",""source_account_id"":""A-PROC-6104"",""source_system_id"":""BANK_LEDGER"",""transaction_id"":""TX-SET-0024"",""transaction_type"":""PROCESSOR_SETTLEMENT""}",authoring/relief_transactions.csv#TX-SET-0024,CORE_EVIDENCE,4a4e713df3dc1529f5c3769979d92d749342f092978a82900fd196a977a15136,2026.07.19.3
BISCUIT_RELIEF,TX-SET-0025,TRANSACTION,PROCESSOR_SETTLEMENT,SETTLE-0025,BANK_LEDGER,authoring/relief_transactions.csv,TX-SET-0025,2025-03-30T10:00:00Z,,,,SETTLE-0025,"{""amount"":""6583.50"",""approved_by_record_id"":""PR-PRIYA-01"",""content_role"":""CORE_EVIDENCE"",""currency"":""BSC"",""destination_account_id"":""A-GBRF-6401"",""entered_by_record_id"":""PR-PRIYA-01"",""is_reversal"":""false"",""occurred_at"":""2025-03-30T10:00:00Z"",""reference"":""SETTLE-0025"",""related_object_id"":""SETTLE-0025"",""reversed_transaction_id"":"""",""settlement_batch_id"":""SETTLE-0025"",""source_account_id"":""A-PROC-6104"",""source_system_id"":""BANK_LEDGER"",""transaction_id"":""TX-SET-0025"",""transaction_type"":""PROCESSOR_SETTLEMENT""}",authoring/relief_transactions.csv#TX-SET-0025,CORE_EVIDENCE,71f4fd85d0d48179cbeb3fa16873a8702c8139aab35befb22e11a9e8ebc4c191,2026.07.19.3
BISCUIT_RELIEF,TX-SET-0026,TRANSACTION,PROCESSOR_SETTLEMENT,SETTLE-0026,BANK_LEDGER,authoring/relief_transactions.csv,TX-SET-0026,2025-04-02T10:00:00Z,,,,SETTLE-0026,"{""amount"":""12293.10"",""approved_by_record_id"":""PR-PRIYA-01"",""content_role"":""CORE_EVIDENCE"",""currency"":""BSC"",""destination_account_id"":""A-GBRF-6401"",""entered_by_record_id"":""PR-PRIYA-01"",""is_reversal"":""false"",""occurred_at"":""2025-04-02T10:00:00Z"",""reference"":""SETTLE-0026"",""related_object_id"":""SETTLE-0026"",""reversed_transaction_id"":"""",""settlement_batch_id"":""SETTLE-0026"",""source_account_id"":""A-PROC-6104"",""source_system_id"":""BANK_LEDGER"",""transaction_id"":""TX-SET-0026"",""transaction_type"":""PROCESSOR_SETTLEMENT""}",authoring/relief_transactions.csv#TX-SET-0026,CORE_EVIDENCE,cccf1bfe1e85aee5ad9b8616050669ad27ebd00deecf57af74612007455f909a,2026.07.19.3
BISCUIT_RELIEF,TX-SET-0027,TRANSACTION,PROCESSOR_SETTLEMENT,SETTLE-0027,BANK_LEDGER,authoring/relief_transactions.csv,TX-SET-0027,2025-04-05T10:00:00Z,,,,SETTLE-0027,"{""amount"":""19271.50"",""approved_by_record_id"":""PR-PRIYA-01"",""content_role"":""CORE_EVIDENCE"",""currency"":""BSC"",""destination_account_id"":""A-GBRF-6401"",""entered_by_record_id"":""PR-PRIYA-01"",""is_reversal"":""false"",""occurred_at"":""2025-04-05T10:00:00Z"",""reference"":""SETTLE-0027"",""related_object_id"":""SETTLE-0027"",""reversed_transaction_id"":"""",""settlement_batch_id"":""SETTLE-0027"",""source_account_id"":""A-PROC-6104"",""source_system_id"":""BANK_LEDGER"",""transaction_id"":""TX-SET-0027"",""transaction_type"":""PROCESSOR_SETTLEMENT""}",authoring/relief_transactions.csv#TX-SET-0027,CORE_EVIDENCE,119d25a10b425d5c57b0bda8053b69ead67fab2058fdbf113083a50840e0d91a,2026.07.19.3
BISCUIT_RELIEF,TX-SET-0028,TRANSACTION,PROCESSOR_SETTLEMENT,SETTLE-0028,BANK_LEDGER,authoring/relief_transactions.csv,TX-SET-0028,2025-04-08T10:00:00Z,,,,SETTLE-0028,"{""amount"":""19271.50"",""approved_by_record_id"":""PR-PRIYA-01"",""content_role"":""CORE_EVIDENCE"",""currency"":""BSC"",""destination_account_id"":""A-GBRF-6401"",""entered_by_record_id"":""PR-PRIYA-01"",""is_reversal"":""false"",""occurred_at"":""2025-04-08T10:00:00Z"",""reference"":""SETTLE-0028"",""related_object_id"":""SETTLE-0028"",""reversed_transaction_id"":"""",""settlement_batch_id"":""SETTLE-0028"",""source_account_id"":""A-PROC-6104"",""source_system_id"":""BANK_LEDGER"",""transaction_id"":""TX-SET-0028"",""transaction_type"":""PROCESSOR_SETTLEMENT""}",authoring/relief_transactions.csv#TX-SET-0028,CORE_EVIDENCE,ae80899695c3dba071e35497f7536f1f717ed8069824a8a8f9c3c98d6000a123,2026.07.19.3
BISCUIT_RELIEF,TX-SET-0029,TRANSACTION,PROCESSOR_SETTLEMENT,SETTLE-0029,BANK_LEDGER,authoring/relief_transactions.csv,TX-SET-0029,2025-04-11T10:00:00Z,,,,SETTLE-0029,"{""amount"":""8486.70"",""approved_by_record_id"":""PR-PRIYA-01"",""content_role"":""CORE_EVIDENCE"",""currency"":""BSC"",""destination_account_id"":""A-GBRF-6401"",""entered_by_record_id"":""PR-PRIYA-01"",""is_reversal"":""false"",""occurred_at"":""2025-04-11T10:00:00Z"",""reference"":""SETTLE-0029"",""related_object_id"":""SETTLE-0029"",""reversed_transaction_id"":"""",""settlement_batch_id"":""SETTLE-0029"",""source_account_id"":""A-PROC-6104"",""source_system_id"":""BANK_LEDGER"",""transaction_id"":""TX-SET-0029"",""transaction_type"":""PROCESSOR_SETTLEMENT""}",authoring/relief_transactions.csv#TX-SET-0029,CORE_EVIDENCE,45265a47268042c15e049b21a2e4ffb80bf018e53f69955455abdcd98cf69200,2026.07.19.3
BISCUIT_RELIEF,TX-SET-0030,TRANSACTION,PROCESSOR_SETTLEMENT,SETTLE-0030,BANK_LEDGER,authoring/relief_transactions.csv,TX-SET-0030,2025-04-14T10:00:00Z,,,,SETTLE-0030,"{""amount"":""14196.30"",""approved_by_record_id"":""PR-PRIYA-01"",""content_role"":""CORE_EVIDENCE"",""currency"":""BSC"",""destination_account_id"":""A-GBRF-6401"",""entered_by_record_id"":""PR-PRIYA-01"",""is_reversal"":""false"",""occurred_at"":""2025-04-14T10:00:00Z"",""reference"":""SETTLE-0030"",""related_object_id"":""SETTLE-0030"",""reversed_transaction_id"":"""",""settlement_batch_id"":""SETTLE-0030"",""source_account_id"":""A-PROC-6104"",""source_system_id"":""BANK_LEDGER"",""transaction_id"":""TX-SET-0030"",""transaction_type"":""PROCESSOR_SETTLEMENT""}",authoring/relief_transactions.csv#TX-SET-0030,CORE_EVIDENCE,103dac31f9ccb99497fc6921cfbc36eb3e9d7ca350e87b50287ea1a55d40662c,2026.07.19.3
BISCUIT_RELIEF,TX-SET-0031,TRANSACTION,PROCESSOR_SETTLEMENT,SETTLE-0031,BANK_LEDGER,authoring/relief_transactions.csv,TX-SET-0031,2025-04-17T10:00:00Z,,,,SETTLE-0031,"{""amount"":""19905.90"",""approved_by_record_id"":""PR-PRIYA-01"",""content_role"":""CORE_EVIDENCE"",""currency"":""BSC"",""destination_account_id"":""A-GBRF-6401"",""entered_by_record_id"":""PR-PRIYA-01"",""is_reversal"":""false"",""occurred_at"":""2025-04-17T10:00:00Z"",""reference"":""SETTLE-0031"",""related_object_id"":""SETTLE-0031"",""reversed_transaction_id"":"""",""settlement_batch_id"":""SETTLE-0031"",""source_account_id"":""A-PROC-6104"",""source_system_id"":""BANK_LEDGER"",""transaction_id"":""TX-SET-0031"",""transaction_type"":""PROCESSOR_SETTLEMENT""}",authoring/relief_transactions.csv#TX-SET-0031,CORE_EVIDENCE,fd195e80f0a443e3141b02ff32d44c22afeb467840b601f8245b73d12673202f,2026.07.19.3
BISCUIT_RELIEF,TX-SET-0032,TRANSACTION,PROCESSOR_SETTLEMENT,SETTLE-0032,BANK_LEDGER,authoring/relief_transactions.csv,TX-SET-0032,2025-04-20T10:00:00Z,,,,SETTLE-0032,"{""amount"":""25615.50"",""approved_by_record_id"":""PR-PRIYA-01"",""content_role"":""CORE_EVIDENCE"",""currency"":""BSC"",""destination_account_id"":""A-GBRF-6401"",""entered_by_record_id"":""PR-PRIYA-01"",""is_reversal"":""false"",""occurred_at"":""2025-04-20T10:00:00Z"",""reference"":""SETTLE-0032"",""related_object_id"":""SETTLE-0032"",""reversed_transaction_id"":"""",""settlement_batch_id"":""SETTLE-0032"",""source_account_id"":""A-PROC-6104"",""source_system_id"":""BANK_LEDGER"",""transaction_id"":""TX-SET-0032"",""transaction_type"":""PROCESSOR_SETTLEMENT""}",authoring/relief_transactions.csv#TX-SET-0032,CORE_EVIDENCE,c0c297d0a1292bb6103b7cbd1e4681cc62b2d67d5686bc1dfe216562a04ae468,2026.07.19.3
BISCUIT_RELIEF,TX-SET-0033,TRANSACTION,PROCESSOR_SETTLEMENT,SETTLE-0033,BANK_LEDGER,authoring/relief_transactions.csv,TX-SET-0033,2025-04-23T10:00:00Z,,,,SETTLE-0033,"{""amount"":""6583.50"",""approved_by_record_id"":""PR-PRIYA-01"",""content_role"":""CORE_EVIDENCE"",""currency"":""BSC"",""destination_account_id"":""A-GBRF-6401"",""entered_by_record_id"":""PR-PRIYA-01"",""is_reversal"":""false"",""occurred_at"":""2025-04-23T10:00:00Z"",""reference"":""SETTLE-0033"",""related_object_id"":""SETTLE-0033"",""reversed_transaction_id"":"""",""settlement_batch_id"":""SETTLE-0033"",""source_account_id"":""A-PROC-6104"",""source_system_id"":""BANK_LEDGER"",""transaction_id"":""TX-SET-0033"",""transaction_type"":""PROCESSOR_SETTLEMENT""}",authoring/relief_transactions.csv#TX-SET-0033,CORE_EVIDENCE,b20173d3616c6046bb1b6c6dd8c43bc631bca9f6c126242b689cf72d1208b623,2026.07.19.3
BISCUIT_RELIEF,TX-SET-0034,TRANSACTION,PROCESSOR_SETTLEMENT,SETTLE-0034,BANK_LEDGER,authoring/relief_transactions.csv,TX-SET-0034,2025-04-26T10:00:00Z,,,,SETTLE-0034,"{""amount"":""12293.10"",""approved_by_record_id"":""PR-PRIYA-01"",""content_role"":""CORE_EVIDENCE"",""currency"":""BSC"",""destination_account_id"":""A-GBRF-6401"",""entered_by_record_id"":""PR-PRIYA-01"",""is_reversal"":""false"",""occurred_at"":""2025-04-26T10:00:00Z"",""reference"":""SETTLE-0034"",""related_object_id"":""SETTLE-0034"",""reversed_transaction_id"":"""",""settlement_batch_id"":""SETTLE-0034"",""source_account_id"":""A-PROC-6104"",""source_system_id"":""BANK_LEDGER"",""transaction_id"":""TX-SET-0034"",""transaction_type"":""PROCESSOR_SETTLEMENT""}",authoring/relief_transactions.csv#TX-SET-0034,CORE_EVIDENCE,322190033a7ead1f96f3fd2a564a3ba9694bbdf0e72a8009120e6f99ef0503d8,2026.07.19.3
BISCUIT_RELIEF,TX-SET-0035,TRANSACTION,PROCESSOR_SETTLEMENT,SETTLE-0035,BANK_LEDGER,authoring/relief_transactions.csv,TX-SET-0035,2025-04-29T10:00:00Z,,,,SETTLE-0035,"{""amount"":""37522.70"",""approved_by_record_id"":""PR-PRIYA-01"",""content_role"":""CORE_EVIDENCE"",""currency"":""BSC"",""destination_account_id"":""A-GBRF-6401"",""entered_by_record_id"":""PR-PRIYA-01"",""is_reversal"":""false"",""occurred_at"":""2025-04-29T10:00:00Z"",""reference"":""SETTLE-0035"",""related_object_id"":""SETTLE-0035"",""reversed_transaction_id"":"""",""settlement_batch_id"":""SETTLE-0035"",""source_account_id"":""A-PROC-6104"",""source_system_id"":""BANK_LEDGER"",""transaction_id"":""TX-SET-0035"",""transaction_type"":""PROCESSOR_SETTLEMENT""}",authoring/relief_transactions.csv#TX-SET-0035,CORE_EVIDENCE,668d3ca4b5e8b95df306bea37c1b9bd61482b7d6ef21cfba65516106e12ff927,2026.07.19.3
BISCUIT_RELIEF,TX-SET-0036,TRANSACTION,PROCESSOR_SETTLEMENT,SETTLE-0036,BANK_LEDGER,authoring/relief_transactions.csv,TX-SET-0036,2025-05-02T10:00:00Z,,,,SETTLE-0036,"{""amount"":""23712.30"",""approved_by_record_id"":""PR-PRIYA-01"",""content_role"":""CORE_EVIDENCE"",""currency"":""BSC"",""destination_account_id"":""A-GBRF-6401"",""entered_by_record_id"":""PR-PRIYA-01"",""is_reversal"":""false"",""occurred_at"":""2025-05-02T10:00:00Z"",""reference"":""SETTLE-0036"",""related_object_id"":""SETTLE-0036"",""reversed_transaction_id"":"""",""settlement_batch_id"":""SETTLE-0036"",""source_account_id"":""A-PROC-6104"",""source_system_id"":""BANK_LEDGER"",""transaction_id"":""TX-SET-0036"",""transaction_type"":""PROCESSOR_SETTLEMENT""}",authoring/relief_transactions.csv#TX-SET-0036,CORE_EVIDENCE,5fe6eb648abac34748b5568022440e4e5c90f3ed9a346aec56c2a01350daddfb,2026.07.19.3
BISCUIT_RELIEF,TX-SET-0037,TRANSACTION,PROCESSOR_SETTLEMENT,SETTLE-0037,BANK_LEDGER,authoring/relief_transactions.csv,TX-SET-0037,2025-05-05T10:00:00Z,,,,SETTLE-0037,"{""amount"":""12927.50"",""approved_by_record_id"":""PR-PRIYA-01"",""content_role"":""CORE_EVIDENCE"",""currency"":""BSC"",""destination_account_id"":""A-GBRF-6401"",""entered_by_record_id"":""PR-PRIYA-01"",""is_reversal"":""false"",""occurred_at"":""2025-05-05T10:00:00Z"",""reference"":""SETTLE-0037"",""related_object_id"":""SETTLE-0037"",""reversed_transaction_id"":"""",""settlement_batch_id"":""SETTLE-0037"",""source_account_id"":""A-PROC-6104"",""source_system_id"":""BANK_LEDGER"",""transaction_id"":""TX-SET-0037"",""transaction_type"":""PROCESSOR_SETTLEMENT""}",authoring/relief_transactions.csv#TX-SET-0037,CORE_EVIDENCE,c1381bfb38faf7d9416c43e582cd5faf874591de2530ff0b9cb3e3125d783794,2026.07.19.3
BISCUIT_RELIEF,TX-SET-0038,TRANSACTION,PROCESSOR_SETTLEMENT,SETTLE-0038,BANK_LEDGER,authoring/relief_transactions.csv,TX-SET-0038,2025-05-08T10:00:00Z,,,,SETTLE-0038,"{""amount"":""11853.90"",""approved_by_record_id"":""PR-PRIYA-01"",""content_role"":""CORE_EVIDENCE"",""currency"":""BSC"",""destination_account_id"":""A-GBRF-6401"",""entered_by_record_id"":""PR-PRIYA-01"",""is_reversal"":""false"",""occurred_at"":""2025-05-08T10:00:00Z"",""reference"":""SETTLE-0038"",""related_object_id"":""SETTLE-0038"",""reversed_transaction_id"":"""",""settlement_batch_id"":""SETTLE-0038"",""source_account_id"":""A-PROC-6104"",""source_system_id"":""BANK_LEDGER"",""transaction_id"":""TX-SET-0038"",""transaction_type"":""PROCESSOR_SETTLEMENT""}",authoring/relief_transactions.csv#TX-SET-0038,CORE_EVIDENCE,9ba00a83e3545ef44eb29c938e1677d4463c6e9fb0c742c278ba838c834e9b17,2026.07.19.3
BISCUIT_RELIEF,TX-SET-0039,TRANSACTION,PROCESSOR_SETTLEMENT,SETTLE-0039,BANK_LEDGER,authoring/relief_transactions.csv,TX-SET-0039,2025-05-11T10:00:00Z,,,,SETTLE-0039,"{""amount"":""18295.50"",""approved_by_record_id"":""PR-PRIYA-01"",""content_role"":""CORE_EVIDENCE"",""currency"":""BSC"",""destination_account_id"":""A-GBRF-6401"",""entered_by_record_id"":""PR-PRIYA-01"",""is_reversal"":""false"",""occurred_at"":""2025-05-11T10:00:00Z"",""reference"":""SETTLE-0039"",""related_object_id"":""SETTLE-0039"",""reversed_transaction_id"":"""",""settlement_batch_id"":""SETTLE-0039"",""source_account_id"":""A-PROC-6104"",""source_system_id"":""BANK_LEDGER"",""transaction_id"":""TX-SET-0039"",""transaction_type"":""PROCESSOR_SETTLEMENT""}",authoring/relief_transactions.csv#TX-SET-0039,CORE_EVIDENCE,8b85523377a4626a79873f959638c73807f29afb5b3b93f99b0a62574b89dbdd,2026.07.19.3
BISCUIT_RELIEF,TX-SET-0040,TRANSACTION,PROCESSOR_SETTLEMENT,SETTLE-0040,BANK_LEDGER,authoring/relief_transactions.csv,TX-SET-0040,2025-05-14T10:00:00Z,,,,SETTLE-0040,"{""amount"":""24005.10"",""approved_by_record_id"":""PR-PRIYA-01"",""content_role"":""CORE_EVIDENCE"",""currency"":""BSC"",""destination_account_id"":""A-GBRF-6401"",""entered_by_record_id"":""PR-PRIYA-01"",""is_reversal"":""false"",""occurred_at"":""2025-05-14T10:00:00Z"",""reference"":""SETTLE-0040"",""related_object_id"":""SETTLE-0040"",""reversed_transaction_id"":"""",""settlement_batch_id"":""SETTLE-0040"",""source_account_id"":""A-PROC-6104"",""source_system_id"":""BANK_LEDGER"",""transaction_id"":""TX-SET-0040"",""transaction_type"":""PROCESSOR_SETTLEMENT""}",authoring/relief_transactions.csv#TX-SET-0040,CORE_EVIDENCE,9702cd928a089ff604a695f2800302b137be5f278085a9accb83a95b3acfec0e,2026.07.19.3
BISCUIT_RELIEF,TX-AID-001,TRANSACTION,BENEFICIARY_GRANT,GRANT-001,BANK_LEDGER,authoring/relief_transactions.csv,TX-AID-001,2025-02-01T11:00:00Z,,,,GRANT-001,"{""amount"":""4500.00"",""approved_by_record_id"":""PR-ARLO-02"",""content_role"":""EXCULPATORY_EVIDENCE"",""currency"":""BSC"",""destination_account_id"":""A-PAWBRIDGE-3001"",""entered_by_record_id"":""PR-FELIX-01"",""is_reversal"":""false"",""occurred_at"":""2025-02-01T11:00:00Z"",""reference"":""GRANT-001"",""related_object_id"":""GR-001"",""reversed_transaction_id"":"""",""settlement_batch_id"":""AID-BATCH-001"",""source_account_id"":""A-GBRF-6401"",""source_system_id"":""BANK_LEDGER"",""transaction_id"":""TX-AID-001"",""transaction_type"":""BENEFICIARY_GRANT""}",authoring/relief_transactions.csv#TX-AID-001,EXCULPATORY_EVIDENCE,b7d3de61bbaed2e051d85e491cf3a8f820a34ca87587338831652fa0ad1e0c70,2026.07.19.3
BISCUIT_RELIEF,TX-AID-002,TRANSACTION,BENEFICIARY_GRANT,GRANT-002,BANK_LEDGER,authoring/relief_transactions.csv,TX-AID-002,2025-02-09T11:00:00Z,,,,GRANT-002,"{""amount"":""5200.00"",""approved_by_record_id"":""PR-ARLO-02"",""content_role"":""EXCULPATORY_EVIDENCE"",""currency"":""BSC"",""destination_account_id"":""A-HARBOR-3002"",""entered_by_record_id"":""PR-FELIX-01"",""is_reversal"":""false"",""occurred_at"":""2025-02-09T11:00:00Z"",""reference"":""GRANT-002"",""related_object_id"":""GR-002"",""reversed_transaction_id"":"""",""settlement_batch_id"":""AID-BATCH-001"",""source_account_id"":""A-GBRF-6401"",""source_system_id"":""BANK_LEDGER"",""transaction_id"":""TX-AID-002"",""transaction_type"":""BENEFICIARY_GRANT""}",authoring/relief_transactions.csv#TX-AID-002,EXCULPATORY_EVIDENCE,1345d43c9a31b4079e5e5bc976b9677240dc90d69a18fb946ad34f7b70b2f594,2026.07.19.3
BISCUIT_RELIEF,TX-AID-003,TRANSACTION,BENEFICIARY_GRANT,GRANT-003,BANK_LEDGER,authoring/relief_transactions.csv,TX-AID-003,2025-02-17T11:00:00Z,,,,GRANT-003,"{""amount"":""5900.00"",""approved_by_record_id"":""PR-ARLO-02"",""content_role"":""EXCULPATORY_EVIDENCE"",""currency"":""BSC"",""destination_account_id"":""A-WARM-3003"",""entered_by_record_id"":""PR-FELIX-01"",""is_reversal"":""false"",""occurred_at"":""2025-02-17T11:00:00Z"",""reference"":""GRANT-003"",""related_object_id"":""GR-003"",""reversed_transaction_id"":"""",""settlement_batch_id"":""AID-BATCH-001"",""source_account_id"":""A-GBRF-6401"",""source_system_id"":""BANK_LEDGER"",""transaction_id"":""TX-AID-003"",""transaction_type"":""BENEFICIARY_GRANT""}",authoring/relief_transactions.csv#TX-AID-003,EXCULPATORY_EVIDENCE,de8f97edcb6eee8ee9fdd145fd212b7aa182ecd4fda6fe224c8e3af0e82875bf,2026.07.19.3
BISCUIT_RELIEF,TX-AID-004,TRANSACTION,BENEFICIARY_GRANT,GRANT-004,BANK_LEDGER,authoring/relief_transactions.csv,TX-AID-004,2025-02-25T11:00:00Z,,,,GRANT-004,"{""amount"":""6600.00"",""approved_by_record_id"":""PR-ARLO-02"",""content_role"":""EXCULPATORY_EVIDENCE"",""currency"":""BSC"",""destination_account_id"":""A-PAWBRIDGE-3001"",""entered_by_record_id"":""PR-FELIX-01"",""is_reversal"":""false"",""occurred_at"":""2025-02-25T11:00:00Z"",""reference"":""GRANT-004"",""related_object_id"":""GR-004"",""reversed_transaction_id"":"""",""settlement_batch_id"":""AID-BATCH-002"",""source_account_id"":""A-GBRF-6401"",""source_system_id"":""BANK_LEDGER"",""transaction_id"":""TX-AID-004"",""transaction_type"":""BENEFICIARY_GRANT""}",authoring/relief_transactions.csv#TX-AID-004,EXCULPATORY_EVIDENCE,061077dba8baefcb5ec27985eb95654ca9a073216d39967e6fdad025a8658e9a,2026.07.19.3
BISCUIT_RELIEF,TX-AID-005,TRANSACTION,BENEFICIARY_GRANT,GRANT-005,BANK_LEDGER,authoring/relief_transactions.csv,TX-AID-005,2025-03-05T11:00:00Z,,,,GRANT-005,"{""amount"":""7300.00"",""approved_by_record_id"":""PR-ARLO-02"",""content_role"":""EXCULPATORY_EVIDENCE"",""currency"":""BSC"",""destination_account_id"":""A-HARBOR-3002"",""entered_by_record_id"":""PR-FELIX-01"",""is_reversal"":""false"",""occurred_at"":""2025-03-05T11:00:00Z"",""reference"":""GRANT-005"",""related_object_id"":""GR-005"",""reversed_transaction_id"":"""",""settlement_batch_id"":""AID-BATCH-002"",""source_account_id"":""A-GBRF-6401"",""source_system_id"":""BANK_LEDGER"",""transaction_id"":""TX-AID-005"",""transaction_type"":""BENEFICIARY_GRANT""}",authoring/relief_transactions.csv#TX-AID-005,EXCULPATORY_EVIDENCE,9a21901930cb3b9d71c26c24fb03fd346b176fbc3b5dd981f0e8aef8d3e399bf,2026.07.19.3
BISCUIT_RELIEF,TX-AID-006,TRANSACTION,BENEFICIARY_GRANT,GRANT-006,BANK_LEDGER,authoring/relief_transactions.csv,TX-AID-006,2025-03-13T11:00:00Z,,,,GRANT-006,"{""amount"":""8000.00"",""approved_by_record_id"":""PR-ARLO-02"",""content_role"":""EXCULPATORY_EVIDENCE"",""currency"":""BSC"",""destination_account_id"":""A-WARM-3003"",""entered_by_record_id"":""PR-FELIX-01"",""is_reversal"":""false"",""occurred_at"":""2025-03-13T11:00:00Z"",""reference"":""GRANT-006"",""related_object_id"":""GR-006"",""reversed_transaction_id"":"""",""settlement_batch_id"":""AID-BATCH-002"",""source_account_id"":""A-GBRF-6401"",""source_system_id"":""BANK_LEDGER"",""transaction_id"":""TX-AID-006"",""transaction_type"":""BENEFICIARY_GRANT""}",authoring/relief_transactions.csv#TX-AID-006,EXCULPATORY_EVIDENCE,5c7959646ac17ced0265d298e7979fbd4749e9294db4501aa3c52a5866dd90a3,2026.07.19.3
BISCUIT_RELIEF,TX-AID-007,TRANSACTION,BENEFICIARY_GRANT,GRANT-007,BANK_LEDGER,authoring/relief_transactions.csv,TX-AID-007,2025-03-21T11:00:00Z,,,,GRANT-007,"{""amount"":""4500.00"",""approved_by_record_id"":""PR-ARLO-02"",""content_role"":""EXCULPATORY_EVIDENCE"",""currency"":""BSC"",""destination_account_id"":""A-PAWBRIDGE-3001"",""entered_by_record_id"":""PR-FELIX-01"",""is_reversal"":""false"",""occurred_at"":""2025-03-21T11:00:00Z"",""reference"":""GRANT-007"",""related_object_id"":""GR-007"",""reversed_transaction_id"":"""",""settlement_batch_id"":""AID-BATCH-003"",""source_account_id"":""A-GBRF-6401"",""source_system_id"":""BANK_LEDGER"",""transaction_id"":""TX-AID-007"",""transaction_type"":""BENEFICIARY_GRANT""}",authoring/relief_transactions.csv#TX-AID-007,EXCULPATORY_EVIDENCE,d13df0fd0ca2ab38d1dbbd5f0d70f04df39620ee4d8fc4ba1ed3c7fda10c3663,2026.07.19.3
BISCUIT_RELIEF,TX-AID-008,TRANSACTION,BENEFICIARY_GRANT,GRANT-008,BANK_LEDGER,authoring/relief_transactions.csv,TX-AID-008,2025-03-29T11:00:00Z,,,,GRANT-008,"{""amount"":""5200.00"",""approved_by_record_id"":""PR-ARLO-02"",""content_role"":""EXCULPATORY_EVIDENCE"",""currency"":""BSC"",""destination_account_id"":""A-HARBOR-3002"",""entered_by_record_id"":""PR-FELIX-01"",""is_reversal"":""false"",""occurred_at"":""2025-03-29T11:00:00Z"",""reference"":""GRANT-008"",""related_object_id"":""GR-008"",""reversed_transaction_id"":"""",""settlement_batch_id"":""AID-BATCH-003"",""source_account_id"":""A-GBRF-6401"",""source_system_id"":""BANK_LEDGER"",""transaction_id"":""TX-AID-008"",""transaction_type"":""BENEFICIARY_GRANT""}",authoring/relief_transactions.csv#TX-AID-008,EXCULPATORY_EVIDENCE,185b1a3a26e7b8eaefbe1d6d3aabf425134f190c1d4de9789e3d98fc9d900072,2026.07.19.3
BISCUIT_RELIEF,TX-AID-009,TRANSACTION,BENEFICIARY_GRANT,GRANT-009,BANK_LEDGER,authoring/relief_transactions.csv,TX-AID-009,2025-04-06T11:00:00Z,,,,GRANT-009,"{""amount"":""5900.00"",""approved_by_record_id"":""PR-ARLO-02"",""content_role"":""EXCULPATORY_EVIDENCE"",""currency"":""BSC"",""destination_account_id"":""A-WARM-3003"",""entered_by_record_id"":""PR-FELIX-01"",""is_reversal"":""false"",""occurred_at"":""2025-04-06T11:00:00Z"",""reference"":""GRANT-009"",""related_object_id"":""GR-009"",""reversed_transaction_id"":"""",""settlement_batch_id"":""AID-BATCH-003"",""source_account_id"":""A-GBRF-6401"",""source_system_id"":""BANK_LEDGER"",""transaction_id"":""TX-AID-009"",""transaction_type"":""BENEFICIARY_GRANT""}",authoring/relief_transactions.csv#TX-AID-009,EXCULPATORY_EVIDENCE,923fffb18c28134d19228676685a913434301c3ef29d11c4da02e12fab881a78,2026.07.19.3
BISCUIT_RELIEF,TX-AID-010,TRANSACTION,BENEFICIARY_GRANT,GRANT-010,BANK_LEDGER,authoring/relief_transactions.csv,TX-AID-010,2025-04-14T11:00:00Z,,,,GRANT-010,"{""amount"":""6600.00"",""approved_by_record_id"":""PR-ARLO-02"",""content_role"":""EXCULPATORY_EVIDENCE"",""currency"":""BSC"",""destination_account_id"":""A-PAWBRIDGE-3001"",""entered_by_record_id"":""PR-FELIX-01"",""is_reversal"":""false"",""occurred_at"":""2025-04-14T11:00:00Z"",""reference"":""GRANT-010"",""related_object_id"":""GR-010"",""reversed_transaction_id"":"""",""settlement_batch_id"":""AID-BATCH-004"",""source_account_id"":""A-GBRF-6401"",""source_system_id"":""BANK_LEDGER"",""transaction_id"":""TX-AID-010"",""transaction_type"":""BENEFICIARY_GRANT""}",authoring/relief_transactions.csv#TX-AID-010,EXCULPATORY_EVIDENCE,45623920b9c6b260db71fcaedd92cfc0930d4568b0706d3c117d9429dca3a3e8,2026.07.19.3
BISCUIT_RELIEF,TX-AID-011,TRANSACTION,BENEFICIARY_GRANT,GRANT-011,BANK_LEDGER,authoring/relief_transactions.csv,TX-AID-011,2025-04-22T11:00:00Z,,,,GRANT-011,"{""amount"":""7300.00"",""approved_by_record_id"":""PR-ARLO-02"",""content_role"":""EXCULPATORY_EVIDENCE"",""currency"":""BSC"",""destination_account_id"":""A-HARBOR-3002"",""entered_by_record_id"":""PR-FELIX-01"",""is_reversal"":""false"",""occurred_at"":""2025-04-22T11:00:00Z"",""reference"":""GRANT-011"",""related_object_id"":""GR-011"",""reversed_transaction_id"":"""",""settlement_batch_id"":""AID-BATCH-004"",""source_account_id"":""A-GBRF-6401"",""source_system_id"":""BANK_LEDGER"",""transaction_id"":""TX-AID-011"",""transaction_type"":""BENEFICIARY_GRANT""}",authoring/relief_transactions.csv#TX-AID-011,EXCULPATORY_EVIDENCE,ddaaf26b9f3a6bbfc9fd4633b10380ce82983e450ea7fa56eb901e94d69a7327,2026.07.19.3
BISCUIT_RELIEF,TX-AID-012,TRANSACTION,BENEFICIARY_GRANT,GRANT-012,BANK_LEDGER,authoring/relief_transactions.csv,TX-AID-012,2025-04-30T11:00:00Z,,,,GRANT-012,"{""amount"":""8000.00"",""approved_by_record_id"":""PR-ARLO-02"",""content_role"":""EXCULPATORY_EVIDENCE"",""currency"":""BSC"",""destination_account_id"":""A-WARM-3003"",""entered_by_record_id"":""PR-FELIX-01"",""is_reversal"":""false"",""occurred_at"":""2025-04-30T11:00:00Z"",""reference"":""GRANT-012"",""related_object_id"":""GR-012"",""reversed_transaction_id"":"""",""settlement_batch_id"":""AID-BATCH-004"",""source_account_id"":""A-GBRF-6401"",""source_system_id"":""BANK_LEDGER"",""transaction_id"":""TX-AID-012"",""transaction_type"":""BENEFICIARY_GRANT""}",authoring/relief_transactions.csv#TX-AID-012,EXCULPATORY_EVIDENCE,f92844ed5f9065f04258aaeee7fd22f852aa2b8b36f5b881734b160bd43d4ea2,2026.07.19.3
BISCUIT_RELIEF,TX-AID-013,TRANSACTION,BENEFICIARY_GRANT,GRANT-013,BANK_LEDGER,authoring/relief_transactions.csv,TX-AID-013,2025-05-08T11:00:00Z,,,,GRANT-013,"{""amount"":""4500.00"",""approved_by_record_id"":""PR-ARLO-02"",""content_role"":""EXCULPATORY_EVIDENCE"",""currency"":""BSC"",""destination_account_id"":""A-PAWBRIDGE-3001"",""entered_by_record_id"":""PR-FELIX-01"",""is_reversal"":""false"",""occurred_at"":""2025-05-08T11:00:00Z"",""reference"":""GRANT-013"",""related_object_id"":""GR-013"",""reversed_transaction_id"":"""",""settlement_batch_id"":""AID-BATCH-005"",""source_account_id"":""A-GBRF-6401"",""source_system_id"":""BANK_LEDGER"",""transaction_id"":""TX-AID-013"",""transaction_type"":""BENEFICIARY_GRANT""}",authoring/relief_transactions.csv#TX-AID-013,EXCULPATORY_EVIDENCE,5bff97e6075000587e7f25e02ab50a92c9a15d3bd63013e5c3a860297d702ab4,2026.07.19.3
BISCUIT_RELIEF,TX-AID-014,TRANSACTION,BENEFICIARY_GRANT,GRANT-014,BANK_LEDGER,authoring/relief_transactions.csv,TX-AID-014,2025-05-16T11:00:00Z,,,,GRANT-014,"{""amount"":""5200.00"",""approved_by_record_id"":""PR-ARLO-02"",""content_role"":""EXCULPATORY_EVIDENCE"",""currency"":""BSC"",""destination_account_id"":""A-HARBOR-3002"",""entered_by_record_id"":""PR-FELIX-01"",""is_reversal"":""false"",""occurred_at"":""2025-05-16T11:00:00Z"",""reference"":""GRANT-014"",""related_object_id"":""GR-014"",""reversed_transaction_id"":"""",""settlement_batch_id"":""AID-BATCH-005"",""source_account_id"":""A-GBRF-6401"",""source_system_id"":""BANK_LEDGER"",""transaction_id"":""TX-AID-014"",""transaction_type"":""BENEFICIARY_GRANT""}",authoring/relief_transactions.csv#TX-AID-014,EXCULPATORY_EVIDENCE,a43f498908faf31d971b69b5108782a199383ed1a580dfd0deb33bbab73ed3e4,2026.07.19.3
BISCUIT_RELIEF,TX-AID-015,TRANSACTION,BENEFICIARY_GRANT,GRANT-015,BANK_LEDGER,authoring/relief_transactions.csv,TX-AID-015,2025-05-24T11:00:00Z,,,,GRANT-015,"{""amount"":""5900.00"",""approved_by_record_id"":""PR-ARLO-02"",""content_role"":""EXCULPATORY_EVIDENCE"",""currency"":""BSC"",""destination_account_id"":""A-WARM-3003"",""entered_by_record_id"":""PR-FELIX-01"",""is_reversal"":""false"",""occurred_at"":""2025-05-24T11:00:00Z"",""reference"":""GRANT-015"",""related_object_id"":""GR-015"",""reversed_transaction_id"":"""",""settlement_batch_id"":""AID-BATCH-005"",""source_account_id"":""A-GBRF-6401"",""source_system_id"":""BANK_LEDGER"",""transaction_id"":""TX-AID-015"",""transaction_type"":""BENEFICIARY_GRANT""}",authoring/relief_transactions.csv#TX-AID-015,EXCULPATORY_EVIDENCE,7a1b59885c1d526fdde665b6d2a4d19005e3e9868d1aff804058c28700ec0e1f,2026.07.19.3
BISCUIT_RELIEF,TX-AID-016,TRANSACTION,BENEFICIARY_GRANT,GRANT-016,BANK_LEDGER,authoring/relief_transactions.csv,TX-AID-016,2025-06-01T11:00:00Z,,,,GRANT-016,"{""amount"":""6600.00"",""approved_by_record_id"":""PR-ARLO-02"",""content_role"":""EXCULPATORY_EVIDENCE"",""currency"":""BSC"",""destination_account_id"":""A-PAWBRIDGE-3001"",""entered_by_record_id"":""PR-FELIX-01"",""is_reversal"":""false"",""occurred_at"":""2025-06-01T11:00:00Z"",""reference"":""GRANT-016"",""related_object_id"":""GR-016"",""reversed_transaction_id"":"""",""settlement_batch_id"":""AID-BATCH-006"",""source_account_id"":""A-GBRF-6401"",""source_system_id"":""BANK_LEDGER"",""transaction_id"":""TX-AID-016"",""transaction_type"":""BENEFICIARY_GRANT""}",authoring/relief_transactions.csv#TX-AID-016,EXCULPATORY_EVIDENCE,43039bd1595e44b0814f4febf7fe07e3b13445f918b59307bfe8ca78b219978f,2026.07.19.3
BISCUIT_RELIEF,TX-AD-001,TRANSACTION,ADVERTISING_VENDOR_PAYMENT,AD-INVOICE-001,BANK_LEDGER,authoring/relief_transactions.csv,TX-AD-001,2025-02-03T11:00:00Z,,,,AD-INVOICE-001,"{""amount"":""9500.00"",""approved_by_record_id"":""PR-ARLO-02"",""content_role"":""CORE_EVIDENCE"",""currency"":""BSC"",""destination_account_id"":""A-GILDED-4512"",""entered_by_record_id"":""PR-FELIX-01"",""is_reversal"":""false"",""occurred_at"":""2025-02-03T11:00:00Z"",""reference"":""AD-INVOICE-001"",""related_object_id"":""VINV-AD-001"",""reversed_transaction_id"":"""",""settlement_batch_id"":""OUT-BATCH-001"",""source_account_id"":""A-GBRF-6401"",""source_system_id"":""BANK_LEDGER"",""transaction_id"":""TX-AD-001"",""transaction_type"":""ADVERTISING_VENDOR_PAYMENT""}",authoring/relief_transactions.csv#TX-AD-001,CORE_EVIDENCE,a370e5dee47206d43a0455f576f2cf22d7e2ef2ba4e896cb238521f257c57542,2026.07.19.3
BISCUIT_RELIEF,TX-AD-002,TRANSACTION,ADVERTISING_VENDOR_PAYMENT,AD-INVOICE-002,BANK_LEDGER,authoring/relief_transactions.csv,TX-AD-002,2025-02-12T11:00:00Z,,,,AD-INVOICE-002,"{""amount"":""11400.00"",""approved_by_record_id"":""PR-ARLO-02"",""content_role"":""CORE_EVIDENCE"",""currency"":""BSC"",""destination_account_id"":""A-GILDED-4512"",""entered_by_record_id"":""PR-FELIX-01"",""is_reversal"":""false"",""occurred_at"":""2025-02-12T11:00:00Z"",""reference"":""AD-INVOICE-002"",""related_object_id"":""VINV-AD-002"",""reversed_transaction_id"":"""",""settlement_batch_id"":""OUT-BATCH-001"",""source_account_id"":""A-GBRF-6401"",""source_system_id"":""BANK_LEDGER"",""transaction_id"":""TX-AD-002"",""transaction_type"":""ADVERTISING_VENDOR_PAYMENT""}",authoring/relief_transactions.csv#TX-AD-002,CORE_EVIDENCE,3e1820a4a9d0f65720d3f5d5cc77fd69c55596dece7cf0ef9024923aff3d2485,2026.07.19.3
BISCUIT_RELIEF,TX-AD-003,TRANSACTION,ADVERTISING_VENDOR_PAYMENT,AD-INVOICE-003,BANK_LEDGER,authoring/relief_transactions.csv,TX-AD-003,2025-02-21T11:00:00Z,,,,AD-INVOICE-003,"{""amount"":""13300.00"",""approved_by_record_id"":""PR-ARLO-02"",""content_role"":""CORE_EVIDENCE"",""currency"":""BSC"",""destination_account_id"":""A-GILDED-4512"",""entered_by_record_id"":""PR-FELIX-01"",""is_reversal"":""false"",""occurred_at"":""2025-02-21T11:00:00Z"",""reference"":""AD-INVOICE-003"",""related_object_id"":""VINV-AD-003"",""reversed_transaction_id"":"""",""settlement_batch_id"":""OUT-BATCH-001"",""source_account_id"":""A-GBRF-6401"",""source_system_id"":""BANK_LEDGER"",""transaction_id"":""TX-AD-003"",""transaction_type"":""ADVERTISING_VENDOR_PAYMENT""}",authoring/relief_transactions.csv#TX-AD-003,CORE_EVIDENCE,2b0dc59e764929db4fcef2cfcff7f6ca94dac08ed9ba6c929eeced0d270b4ade,2026.07.19.3
BISCUIT_RELIEF,TX-AD-004,TRANSACTION,ADVERTISING_VENDOR_PAYMENT,AD-INVOICE-004,BANK_LEDGER,authoring/relief_transactions.csv,TX-AD-004,2025-03-02T11:00:00Z,,,,AD-INVOICE-004,"{""amount"":""15200.00"",""approved_by_record_id"":""PR-ARLO-02"",""content_role"":""CORE_EVIDENCE"",""currency"":""BSC"",""destination_account_id"":""A-GILDED-4512"",""entered_by_record_id"":""PR-FELIX-01"",""is_reversal"":""false"",""occurred_at"":""2025-03-02T11:00:00Z"",""reference"":""AD-INVOICE-004"",""related_object_id"":""VINV-AD-004"",""reversed_transaction_id"":"""",""settlement_batch_id"":""OUT-BATCH-001"",""source_account_id"":""A-GBRF-6401"",""source_system_id"":""BANK_LEDGER"",""transaction_id"":""TX-AD-004"",""transaction_type"":""ADVERTISING_VENDOR_PAYMENT""}",authoring/relief_transactions.csv#TX-AD-004,CORE_EVIDENCE,8fc44de253c27a9a640585dd1ad6f090bcb25fc1be7967350983aab7fd138c7e,2026.07.19.3
BISCUIT_RELIEF,TX-AD-005,TRANSACTION,ADVERTISING_VENDOR_PAYMENT,AD-INVOICE-005,BANK_LEDGER,authoring/relief_transactions.csv,TX-AD-005,2025-03-11T11:00:00Z,,,,AD-INVOICE-005,"{""amount"":""17100.00"",""approved_by_record_id"":""PR-ARLO-02"",""content_role"":""CORE_EVIDENCE"",""currency"":""BSC"",""destination_account_id"":""A-GILDED-4512"",""entered_by_record_id"":""PR-FELIX-01"",""is_reversal"":""false"",""occurred_at"":""2025-03-11T11:00:00Z"",""reference"":""AD-INVOICE-005"",""related_object_id"":""VINV-AD-005"",""reversed_transaction_id"":"""",""settlement_batch_id"":""OUT-BATCH-002"",""source_account_id"":""A-GBRF-6401"",""source_system_id"":""BANK_LEDGER"",""transaction_id"":""TX-AD-005"",""transaction_type"":""ADVERTISING_VENDOR_PAYMENT""}",authoring/relief_transactions.csv#TX-AD-005,CORE_EVIDENCE,79eb82a42dc52bd530fc59bc05c12aa2370e010fce61be3a6319656c9976d103,2026.07.19.3
BISCUIT_RELIEF,TX-AD-006,TRANSACTION,ADVERTISING_VENDOR_PAYMENT,AD-INVOICE-006,BANK_LEDGER,authoring/relief_transactions.csv,TX-AD-006,2025-03-20T11:00:00Z,,,,AD-INVOICE-006,"{""amount"":""19000.00"",""approved_by_record_id"":""PR-ARLO-02"",""content_role"":""CORE_EVIDENCE"",""currency"":""BSC"",""destination_account_id"":""A-GILDED-4512"",""entered_by_record_id"":""PR-FELIX-01"",""is_reversal"":""false"",""occurred_at"":""2025-03-20T11:00:00Z"",""reference"":""AD-INVOICE-006"",""related_object_id"":""VINV-AD-006"",""reversed_transaction_id"":"""",""settlement_batch_id"":""OUT-BATCH-002"",""source_account_id"":""A-GBRF-6401"",""source_system_id"":""BANK_LEDGER"",""transaction_id"":""TX-AD-006"",""transaction_type"":""ADVERTISING_VENDOR_PAYMENT""}",authoring/relief_transactions.csv#TX-AD-006,CORE_EVIDENCE,bc37430acb259427a7d2215d5a52bb78da41c342cbb26b91d74df062fc140db2,2026.07.19.3
BISCUIT_RELIEF,TX-AD-007,TRANSACTION,ADVERTISING_VENDOR_PAYMENT,AD-INVOICE-007,BANK_LEDGER,authoring/relief_transactions.csv,TX-AD-007,2025-03-29T11:00:00Z,,,,AD-INVOICE-007,"{""amount"":""20900.00"",""approved_by_record_id"":""PR-ARLO-02"",""content_role"":""CORE_EVIDENCE"",""currency"":""BSC"",""destination_account_id"":""A-GILDED-4512"",""entered_by_record_id"":""PR-FELIX-01"",""is_reversal"":""false"",""occurred_at"":""2025-03-29T11:00:00Z"",""reference"":""AD-INVOICE-007"",""related_object_id"":""VINV-AD-007"",""reversed_transaction_id"":"""",""settlement_batch_id"":""OUT-BATCH-002"",""source_account_id"":""A-GBRF-6401"",""source_system_id"":""BANK_LEDGER"",""transaction_id"":""TX-AD-007"",""transaction_type"":""ADVERTISING_VENDOR_PAYMENT""}",authoring/relief_transactions.csv#TX-AD-007,CORE_EVIDENCE,650260935efbe10a695461fb22fa75302b61b0deaa97852405955be37b8213d5,2026.07.19.3
BISCUIT_RELIEF,TX-AD-008,TRANSACTION,ADVERTISING_VENDOR_PAYMENT,AD-INVOICE-008,BANK_LEDGER,authoring/relief_transactions.csv,TX-AD-008,2025-04-07T11:00:00Z,,,,AD-INVOICE-008,"{""amount"":""9500.00"",""approved_by_record_id"":""PR-ARLO-02"",""content_role"":""CORE_EVIDENCE"",""currency"":""BSC"",""destination_account_id"":""A-GILDED-4512"",""entered_by_record_id"":""PR-FELIX-01"",""is_reversal"":""false"",""occurred_at"":""2025-04-07T11:00:00Z"",""reference"":""AD-INVOICE-008"",""related_object_id"":""VINV-AD-008"",""reversed_transaction_id"":"""",""settlement_batch_id"":""OUT-BATCH-002"",""source_account_id"":""A-GBRF-6401"",""source_system_id"":""BANK_LEDGER"",""transaction_id"":""TX-AD-008"",""transaction_type"":""ADVERTISING_VENDOR_PAYMENT""}",authoring/relief_transactions.csv#TX-AD-008,CORE_EVIDENCE,12db1e44eb3054b98a034a04f56476cf1033052074f171310eb04941482ba966,2026.07.19.3
BISCUIT_RELIEF,TX-AD-009,TRANSACTION,ADVERTISING_VENDOR_PAYMENT,AD-INVOICE-009,BANK_LEDGER,authoring/relief_transactions.csv,TX-AD-009,2025-04-16T11:00:00Z,,,,AD-INVOICE-009,"{""amount"":""11400.00"",""approved_by_record_id"":""PR-ARLO-02"",""content_role"":""CORE_EVIDENCE"",""currency"":""BSC"",""destination_account_id"":""A-GILDED-4512"",""entered_by_record_id"":""PR-FELIX-01"",""is_reversal"":""false"",""occurred_at"":""2025-04-16T11:00:00Z"",""reference"":""AD-INVOICE-009"",""related_object_id"":""VINV-AD-009"",""reversed_transaction_id"":"""",""settlement_batch_id"":""OUT-BATCH-003"",""source_account_id"":""A-GBRF-6401"",""source_system_id"":""BANK_LEDGER"",""transaction_id"":""TX-AD-009"",""transaction_type"":""ADVERTISING_VENDOR_PAYMENT""}",authoring/relief_transactions.csv#TX-AD-009,CORE_EVIDENCE,5b9ae7900c960f2fee9112e541e5592f01e6e911bf202e4fb4b0b41ee476ee1e,2026.07.19.3
BISCUIT_RELIEF,TX-AD-010,TRANSACTION,ADVERTISING_VENDOR_PAYMENT,AD-INVOICE-010,BANK_LEDGER,authoring/relief_transactions.csv,TX-AD-010,2025-04-25T11:00:00Z,,,,AD-INVOICE-010,"{""amount"":""13300.00"",""approved_by_record_id"":""PR-ARLO-02"",""content_role"":""CORE_EVIDENCE"",""currency"":""BSC"",""destination_account_id"":""A-GILDED-4512"",""entered_by_record_id"":""PR-FELIX-01"",""is_reversal"":""false"",""occurred_at"":""2025-04-25T11:00:00Z"",""reference"":""AD-INVOICE-010"",""related_object_id"":""VINV-AD-010"",""reversed_transaction_id"":"""",""settlement_batch_id"":""OUT-BATCH-003"",""source_account_id"":""A-GBRF-6401"",""source_system_id"":""BANK_LEDGER"",""transaction_id"":""TX-AD-010"",""transaction_type"":""ADVERTISING_VENDOR_PAYMENT""}",authoring/relief_transactions.csv#TX-AD-010,CORE_EVIDENCE,50f1a8d1c1819088a281e2fae2d123029fa864cfc89045b77b93047d4f835b89,2026.07.19.3
BISCUIT_RELIEF,TX-AD-011,TRANSACTION,ADVERTISING_VENDOR_PAYMENT,AD-INVOICE-011,BANK_LEDGER,authoring/relief_transactions.csv,TX-AD-011,2025-05-04T11:00:00Z,,,,AD-INVOICE-011,"{""amount"":""15200.00"",""approved_by_record_id"":""PR-ARLO-02"",""content_role"":""CORE_EVIDENCE"",""currency"":""BSC"",""destination_account_id"":""A-GILDED-4512"",""entered_by_record_id"":""PR-FELIX-01"",""is_reversal"":""false"",""occurred_at"":""2025-05-04T11:00:00Z"",""reference"":""AD-INVOICE-011"",""related_object_id"":""VINV-AD-011"",""reversed_transaction_id"":"""",""settlement_batch_id"":""OUT-BATCH-003"",""source_account_id"":""A-GBRF-6401"",""source_system_id"":""BANK_LEDGER"",""transaction_id"":""TX-AD-011"",""transaction_type"":""ADVERTISING_VENDOR_PAYMENT""}",authoring/relief_transactions.csv#TX-AD-011,CORE_EVIDENCE,d04572a0529af330e0dadf55272ac0df56e36e92f94c69347f11cadeceec6dbb,2026.07.19.3
BISCUIT_RELIEF,TX-AD-012,TRANSACTION,ADVERTISING_VENDOR_PAYMENT,AD-INVOICE-012,BANK_LEDGER,authoring/relief_transactions.csv,TX-AD-012,2025-05-13T11:00:00Z,,,,AD-INVOICE-012,"{""amount"":""17100.00"",""approved_by_record_id"":""PR-ARLO-02"",""content_role"":""CORE_EVIDENCE"",""currency"":""BSC"",""destination_account_id"":""A-GILDED-4512"",""entered_by_record_id"":""PR-FELIX-01"",""is_reversal"":""false"",""occurred_at"":""2025-05-13T11:00:00Z"",""reference"":""AD-INVOICE-012"",""related_object_id"":""VINV-AD-012"",""reversed_transaction_id"":"""",""settlement_batch_id"":""OUT-BATCH-003"",""source_account_id"":""A-GBRF-6401"",""source_system_id"":""BANK_LEDGER"",""transaction_id"":""TX-AD-012"",""transaction_type"":""ADVERTISING_VENDOR_PAYMENT""}",authoring/relief_transactions.csv#TX-AD-012,CORE_EVIDENCE,041c03615c5a7c3e19416bf66cf5e23e2dcf901c22833ddec7301d2ba57e4b36,2026.07.19.3
BISCUIT_RELIEF,TX-LOG-001,TRANSACTION,LOGISTICS_VENDOR_PAYMENT,LOG-INVOICE-001,BANK_LEDGER,authoring/relief_transactions.csv,TX-LOG-001,2025-02-05T11:00:00Z,,,,LOG-INVOICE-001,"{""amount"":""12000.00"",""approved_by_record_id"":""PR-ARLO-02"",""content_role"":""CORE_EVIDENCE"",""currency"":""BSC"",""destination_account_id"":""A-REDROOF-7730"",""entered_by_record_id"":""PR-FELIX-01"",""is_reversal"":""false"",""occurred_at"":""2025-02-05T11:00:00Z"",""reference"":""LOG-INVOICE-001"",""related_object_id"":""VINV-LOG-001"",""reversed_transaction_id"":"""",""settlement_batch_id"":""OUT-BATCH-001"",""source_account_id"":""A-GBRF-6401"",""source_system_id"":""BANK_LEDGER"",""transaction_id"":""TX-LOG-001"",""transaction_type"":""LOGISTICS_VENDOR_PAYMENT""}",authoring/relief_transactions.csv#TX-LOG-001,CORE_EVIDENCE,51985c3d55dcf497b910748b0781aa5a157c958fc450e50a62b7a53820064b75,2026.07.19.3
BISCUIT_RELIEF,TX-LOG-002,TRANSACTION,LOGISTICS_VENDOR_PAYMENT,LOG-INVOICE-002,BANK_LEDGER,authoring/relief_transactions.csv,TX-LOG-002,2025-02-15T11:00:00Z,,,,LOG-INVOICE-002,"{""amount"":""14100.00"",""approved_by_record_id"":""PR-ARLO-02"",""content_role"":""CORE_EVIDENCE"",""currency"":""BSC"",""destination_account_id"":""A-REDROOF-7730"",""entered_by_record_id"":""PR-FELIX-01"",""is_reversal"":""false"",""occurred_at"":""2025-02-15T11:00:00Z"",""reference"":""LOG-INVOICE-002"",""related_object_id"":""VINV-LOG-002"",""reversed_transaction_id"":"""",""settlement_batch_id"":""OUT-BATCH-001"",""source_account_id"":""A-GBRF-6401"",""source_system_id"":""BANK_LEDGER"",""transaction_id"":""TX-LOG-002"",""transaction_type"":""LOGISTICS_VENDOR_PAYMENT""}",authoring/relief_transactions.csv#TX-LOG-002,CORE_EVIDENCE,0e773394f37c260cbc1ee03d3d5608915e7fd951b203ec09bd1a6040c967fe13,2026.07.19.3
BISCUIT_RELIEF,TX-LOG-003,TRANSACTION,LOGISTICS_VENDOR_PAYMENT,LOG-INVOICE-003,BANK_LEDGER,authoring/relief_transactions.csv,TX-LOG-003,2025-02-25T11:00:00Z,,,,LOG-INVOICE-003,"{""amount"":""16200.00"",""approved_by_record_id"":""PR-ARLO-02"",""content_role"":""CORE_EVIDENCE"",""currency"":""BSC"",""destination_account_id"":""A-REDROOF-7730"",""entered_by_record_id"":""PR-FELIX-01"",""is_reversal"":""false"",""occurred_at"":""2025-02-25T11:00:00Z"",""reference"":""LOG-INVOICE-003"",""related_object_id"":""VINV-LOG-003"",""reversed_transaction_id"":"""",""settlement_batch_id"":""OUT-BATCH-001"",""source_account_id"":""A-GBRF-6401"",""source_system_id"":""BANK_LEDGER"",""transaction_id"":""TX-LOG-003"",""transaction_type"":""LOGISTICS_VENDOR_PAYMENT""}",authoring/relief_transactions.csv#TX-LOG-003,CORE_EVIDENCE,b2221c2e331be73194036a02501e61d9a32e3b71871a47b863577faa5d7626d1,2026.07.19.3
BISCUIT_RELIEF,TX-LOG-004,TRANSACTION,LOGISTICS_VENDOR_PAYMENT,LOG-INVOICE-004,BANK_LEDGER,authoring/relief_transactions.csv,TX-LOG-004,2025-03-07T11:00:00Z,,,,LOG-INVOICE-004,"{""amount"":""18300.00"",""approved_by_record_id"":""PR-ARLO-02"",""content_role"":""CORE_EVIDENCE"",""currency"":""BSC"",""destination_account_id"":""A-REDROOF-7730"",""entered_by_record_id"":""PR-FELIX-01"",""is_reversal"":""false"",""occurred_at"":""2025-03-07T11:00:00Z"",""reference"":""LOG-INVOICE-004"",""related_object_id"":""VINV-LOG-004"",""reversed_transaction_id"":"""",""settlement_batch_id"":""OUT-BATCH-001"",""source_account_id"":""A-GBRF-6401"",""source_system_id"":""BANK_LEDGER"",""transaction_id"":""TX-LOG-004"",""transaction_type"":""LOGISTICS_VENDOR_PAYMENT""}",authoring/relief_transactions.csv#TX-LOG-004,CORE_EVIDENCE,d5333b1a3cc42d5cd35c571e562a8843d685c9a03efd1a255cd35644e6293fb2,2026.07.19.3
BISCUIT_RELIEF,TX-LOG-005,TRANSACTION,LOGISTICS_VENDOR_PAYMENT,LOG-INVOICE-005,BANK_LEDGER,authoring/relief_transactions.csv,TX-LOG-005,2025-03-17T11:00:00Z,,,,LOG-INVOICE-005,"{""amount"":""20400.00"",""approved_by_record_id"":""PR-ARLO-02"",""content_role"":""CORE_EVIDENCE"",""currency"":""BSC"",""destination_account_id"":""A-REDROOF-7730"",""entered_by_record_id"":""PR-FELIX-01"",""is_reversal"":""false"",""occurred_at"":""2025-03-17T11:00:00Z"",""reference"":""LOG-INVOICE-005"",""related_object_id"":""VINV-LOG-005"",""reversed_transaction_id"":"""",""settlement_batch_id"":""OUT-BATCH-002"",""source_account_id"":""A-GBRF-6401"",""source_system_id"":""BANK_LEDGER"",""transaction_id"":""TX-LOG-005"",""transaction_type"":""LOGISTICS_VENDOR_PAYMENT""}",authoring/relief_transactions.csv#TX-LOG-005,CORE_EVIDENCE,aa8ada8895a62eee3b856fe3b0833451affca7af3de422436ea0f18090170534,2026.07.19.3
BISCUIT_RELIEF,TX-LOG-006,TRANSACTION,LOGISTICS_VENDOR_PAYMENT,LOG-INVOICE-006,BANK_LEDGER,authoring/relief_transactions.csv,TX-LOG-006,2025-03-27T11:00:00Z,,,,LOG-INVOICE-006,"{""amount"":""22500.00"",""approved_by_record_id"":""PR-ARLO-02"",""content_role"":""CORE_EVIDENCE"",""currency"":""BSC"",""destination_account_id"":""A-REDROOF-7730"",""entered_by_record_id"":""PR-FELIX-01"",""is_reversal"":""false"",""occurred_at"":""2025-03-27T11:00:00Z"",""reference"":""LOG-INVOICE-006"",""related_object_id"":""VINV-LOG-006"",""reversed_transaction_id"":"""",""settlement_batch_id"":""OUT-BATCH-002"",""source_account_id"":""A-GBRF-6401"",""source_system_id"":""BANK_LEDGER"",""transaction_id"":""TX-LOG-006"",""transaction_type"":""LOGISTICS_VENDOR_PAYMENT""}",authoring/relief_transactions.csv#TX-LOG-006,CORE_EVIDENCE,591ef5c7d8338c9f37a18d0996fd170bb1eccc3cec2f85427addecc2d8024ff3,2026.07.19.3
BISCUIT_RELIEF,TX-LOG-007,TRANSACTION,LOGISTICS_VENDOR_PAYMENT,LOG-INVOICE-007,BANK_LEDGER,authoring/relief_transactions.csv,TX-LOG-007,2025-04-06T11:00:00Z,,,,LOG-INVOICE-007,"{""amount"":""12000.00"",""approved_by_record_id"":""PR-ARLO-02"",""content_role"":""CORE_EVIDENCE"",""currency"":""BSC"",""destination_account_id"":""A-REDROOF-7730"",""entered_by_record_id"":""PR-FELIX-01"",""is_reversal"":""false"",""occurred_at"":""2025-04-06T11:00:00Z"",""reference"":""LOG-INVOICE-007"",""related_object_id"":""VINV-LOG-007"",""reversed_transaction_id"":"""",""settlement_batch_id"":""OUT-BATCH-002"",""source_account_id"":""A-GBRF-6401"",""source_system_id"":""BANK_LEDGER"",""transaction_id"":""TX-LOG-007"",""transaction_type"":""LOGISTICS_VENDOR_PAYMENT""}",authoring/relief_transactions.csv#TX-LOG-007,CORE_EVIDENCE,55d6ac791f67516f2f302614b3a7f3aecfefca5424cdee55d807d71c4bf49a20,2026.07.19.3
BISCUIT_RELIEF,TX-LOG-008,TRANSACTION,LOGISTICS_VENDOR_PAYMENT,LOG-INVOICE-008,BANK_LEDGER,authoring/relief_transactions.csv,TX-LOG-008,2025-04-16T11:00:00Z,,,,LOG-INVOICE-008,"{""amount"":""14100.00"",""approved_by_record_id"":""PR-ARLO-02"",""content_role"":""CORE_EVIDENCE"",""currency"":""BSC"",""destination_account_id"":""A-REDROOF-7730"",""entered_by_record_id"":""PR-FELIX-01"",""is_reversal"":""false"",""occurred_at"":""2025-04-16T11:00:00Z"",""reference"":""LOG-INVOICE-008"",""related_object_id"":""VINV-LOG-008"",""reversed_transaction_id"":"""",""settlement_batch_id"":""OUT-BATCH-002"",""source_account_id"":""A-GBRF-6401"",""source_system_id"":""BANK_LEDGER"",""transaction_id"":""TX-LOG-008"",""transaction_type"":""LOGISTICS_VENDOR_PAYMENT""}",authoring/relief_transactions.csv#TX-LOG-008,CORE_EVIDENCE,69a317f85a4639545103b826bc3b16e29f739afaa924c920ac48ee6ecc2a6a5c,2026.07.19.3
BISCUIT_RELIEF,TX-LOG-009,TRANSACTION,LOGISTICS_VENDOR_PAYMENT,LOG-INVOICE-009,BANK_LEDGER,authoring/relief_transactions.csv,TX-LOG-009,2025-04-26T11:00:00Z,,,,LOG-INVOICE-009,"{""amount"":""16200.00"",""approved_by_record_id"":""PR-ARLO-02"",""content_role"":""CORE_EVIDENCE"",""currency"":""BSC"",""destination_account_id"":""A-REDROOF-7730"",""entered_by_record_id"":""PR-FELIX-01"",""is_reversal"":""false"",""occurred_at"":""2025-04-26T11:00:00Z"",""reference"":""LOG-INVOICE-009"",""related_object_id"":""VINV-LOG-009"",""reversed_transaction_id"":"""",""settlement_batch_id"":""OUT-BATCH-003"",""source_account_id"":""A-GBRF-6401"",""source_system_id"":""BANK_LEDGER"",""transaction_id"":""TX-LOG-009"",""transaction_type"":""LOGISTICS_VENDOR_PAYMENT""}",authoring/relief_transactions.csv#TX-LOG-009,CORE_EVIDENCE,cbafca0bfd8eb024f9b98c4c6a85434362379bd797948babb6e37464af9e0f5c,2026.07.19.3
BISCUIT_RELIEF,TX-LOG-010,TRANSACTION,LOGISTICS_VENDOR_PAYMENT,LOG-INVOICE-010,BANK_LEDGER,authoring/relief_transactions.csv,TX-LOG-010,2025-05-06T11:00:00Z,,,,LOG-INVOICE-010,"{""amount"":""18300.00"",""approved_by_record_id"":""PR-ARLO-02"",""content_role"":""CORE_EVIDENCE"",""currency"":""BSC"",""destination_account_id"":""A-REDROOF-7730"",""entered_by_record_id"":""PR-FELIX-01"",""is_reversal"":""false"",""occurred_at"":""2025-05-06T11:00:00Z"",""reference"":""LOG-INVOICE-010"",""related_object_id"":""VINV-LOG-010"",""reversed_transaction_id"":"""",""settlement_batch_id"":""OUT-BATCH-003"",""source_account_id"":""A-GBRF-6401"",""source_system_id"":""BANK_LEDGER"",""transaction_id"":""TX-LOG-010"",""transaction_type"":""LOGISTICS_VENDOR_PAYMENT""}",authoring/relief_transactions.csv#TX-LOG-010,CORE_EVIDENCE,dc9a7946102133756c72e85a66800482456a66e194f21930373c7382390a19a6,2026.07.19.3
BISCUIT_RELIEF,TX-DIV-001,TRANSACTION,PERSONAL_OR_MANAGEMENT_TRANSFER,MANAGEMENT-001,BANK_LEDGER,authoring/relief_transactions.csv,TX-DIV-001,2025-02-06T11:00:00Z,,,,MANAGEMENT-001,"{""amount"":""5500.00"",""approved_by_record_id"":""PR-ARLO-02"",""content_role"":""CORE_EVIDENCE"",""currency"":""BSC"",""destination_account_id"":""A-ARLO-9088"",""entered_by_record_id"":""PR-FELIX-01"",""is_reversal"":""false"",""occurred_at"":""2025-02-06T11:00:00Z"",""reference"":""MANAGEMENT-001"",""related_object_id"":"""",""reversed_transaction_id"":"""",""settlement_batch_id"":""OUT-BATCH-001"",""source_account_id"":""A-GBRF-6401"",""source_system_id"":""BANK_LEDGER"",""transaction_id"":""TX-DIV-001"",""transaction_type"":""PERSONAL_OR_MANAGEMENT_TRANSFER""}",authoring/relief_transactions.csv#TX-DIV-001,CORE_EVIDENCE,83a2f211e545d5259838bab409e040818fa3352176fb4ff4e13c22872b2c71f5,2026.07.19.3
BISCUIT_RELIEF,TX-DIV-002,TRANSACTION,PERSONAL_OR_MANAGEMENT_TRANSFER,MANAGEMENT-002,BANK_LEDGER,authoring/relief_transactions.csv,TX-DIV-002,2025-02-19T11:00:00Z,,,,MANAGEMENT-002,"{""amount"":""7100.00"",""approved_by_record_id"":""PR-ARLO-02"",""content_role"":""CORE_EVIDENCE"",""currency"":""BSC"",""destination_account_id"":""A-MINA-4820"",""entered_by_record_id"":""PR-FELIX-01"",""is_reversal"":""false"",""occurred_at"":""2025-02-19T11:00:00Z"",""reference"":""MANAGEMENT-002"",""related_object_id"":"""",""reversed_transaction_id"":"""",""settlement_batch_id"":""OUT-BATCH-001"",""source_account_id"":""A-GBRF-6401"",""source_system_id"":""BANK_LEDGER"",""transaction_id"":""TX-DIV-002"",""transaction_type"":""PERSONAL_OR_MANAGEMENT_TRANSFER""}",authoring/relief_transactions.csv#TX-DIV-002,CORE_EVIDENCE,07594243f5510bc7af0b191bbb2538ebb79c9967dd2855d3d82ce00c2807388a,2026.07.19.3
BISCUIT_RELIEF,TX-DIV-003,TRANSACTION,PERSONAL_OR_MANAGEMENT_TRANSFER,MANAGEMENT-003,BANK_LEDGER,authoring/relief_transactions.csv,TX-DIV-003,2025-03-04T11:00:00Z,,,,MANAGEMENT-003,"{""amount"":""8700.00"",""approved_by_record_id"":""PR-ARLO-02"",""content_role"":""CORE_EVIDENCE"",""currency"":""BSC"",""destination_account_id"":""A-FELIX-6619"",""entered_by_record_id"":""PR-FELIX-01"",""is_reversal"":""false"",""occurred_at"":""2025-03-04T11:00:00Z"",""reference"":""MANAGEMENT-003"",""related_object_id"":"""",""reversed_transaction_id"":"""",""settlement_batch_id"":""OUT-BATCH-001"",""source_account_id"":""A-GBRF-6401"",""source_system_id"":""BANK_LEDGER"",""transaction_id"":""TX-DIV-003"",""transaction_type"":""PERSONAL_OR_MANAGEMENT_TRANSFER""}",authoring/relief_transactions.csv#TX-DIV-003,CORE_EVIDENCE,b2fd6b10de68af9791b649c01bfd2367a19dd6fdc61f63f399312d018b0c240d,2026.07.19.3
BISCUIT_RELIEF,TX-DIV-004,TRANSACTION,PERSONAL_OR_MANAGEMENT_TRANSFER,MANAGEMENT-004,BANK_LEDGER,authoring/relief_transactions.csv,TX-DIV-004,2025-03-17T11:00:00Z,,,,MANAGEMENT-004,"{""amount"":""10300.00"",""approved_by_record_id"":""PR-ARLO-02"",""content_role"":""CORE_EVIDENCE"",""currency"":""BSC"",""destination_account_id"":""A-ARLO-9088"",""entered_by_record_id"":""PR-FELIX-01"",""is_reversal"":""false"",""occurred_at"":""2025-03-17T11:00:00Z"",""reference"":""MANAGEMENT-004"",""related_object_id"":"""",""reversed_transaction_id"":"""",""settlement_batch_id"":""OUT-BATCH-001"",""source_account_id"":""A-GBRF-6401"",""source_system_id"":""BANK_LEDGER"",""transaction_id"":""TX-DIV-004"",""transaction_type"":""PERSONAL_OR_MANAGEMENT_TRANSFER""}",authoring/relief_transactions.csv#TX-DIV-004,CORE_EVIDENCE,68b03956ef33c008bb3caadb4e90d239a830bfc7741e636ab024aba82ad556fb,2026.07.19.3
BISCUIT_RELIEF,TX-DIV-005,TRANSACTION,PERSONAL_OR_MANAGEMENT_TRANSFER,MANAGEMENT-005,BANK_LEDGER,authoring/relief_transactions.csv,TX-DIV-005,2025-03-30T11:00:00Z,,,,MANAGEMENT-005,"{""amount"":""11900.00"",""approved_by_record_id"":""PR-ARLO-02"",""content_role"":""CORE_EVIDENCE"",""currency"":""BSC"",""destination_account_id"":""A-MINA-4820"",""entered_by_record_id"":""PR-FELIX-01"",""is_reversal"":""false"",""occurred_at"":""2025-03-30T11:00:00Z"",""reference"":""MANAGEMENT-005"",""related_object_id"":"""",""reversed_transaction_id"":"""",""settlement_batch_id"":""OUT-BATCH-002"",""source_account_id"":""A-GBRF-6401"",""source_system_id"":""BANK_LEDGER"",""transaction_id"":""TX-DIV-005"",""transaction_type"":""PERSONAL_OR_MANAGEMENT_TRANSFER""}",authoring/relief_transactions.csv#TX-DIV-005,CORE_EVIDENCE,7e619d0fbb04a560a4e9eea993b8d0ccbf46d82227a1876e26c84f385793bb30,2026.07.19.3
BISCUIT_RELIEF,TX-DIV-006,TRANSACTION,PERSONAL_OR_MANAGEMENT_TRANSFER,MANAGEMENT-006,BANK_LEDGER,authoring/relief_transactions.csv,TX-DIV-006,2025-04-12T11:00:00Z,,,,MANAGEMENT-006,"{""amount"":""5500.00"",""approved_by_record_id"":""PR-ARLO-02"",""content_role"":""CORE_EVIDENCE"",""currency"":""BSC"",""destination_account_id"":""A-FELIX-6619"",""entered_by_record_id"":""PR-FELIX-01"",""is_reversal"":""false"",""occurred_at"":""2025-04-12T11:00:00Z"",""reference"":""MANAGEMENT-006"",""related_object_id"":"""",""reversed_transaction_id"":"""",""settlement_batch_id"":""OUT-BATCH-002"",""source_account_id"":""A-GBRF-6401"",""source_system_id"":""BANK_LEDGER"",""transaction_id"":""TX-DIV-006"",""transaction_type"":""PERSONAL_OR_MANAGEMENT_TRANSFER""}",authoring/relief_transactions.csv#TX-DIV-006,CORE_EVIDENCE,0dbc65b0a9f35bed4489d5958ee446b2323ac9009bc234ad7d108b9672062f2e,2026.07.19.3
BISCUIT_RELIEF,TX-DIV-007,TRANSACTION,PERSONAL_OR_MANAGEMENT_TRANSFER,MANAGEMENT-007,BANK_LEDGER,authoring/relief_transactions.csv,TX-DIV-007,2025-04-25T11:00:00Z,,,,MANAGEMENT-007,"{""amount"":""7100.00"",""approved_by_record_id"":""PR-ARLO-02"",""content_role"":""CORE_EVIDENCE"",""currency"":""BSC"",""destination_account_id"":""A-ARLO-9088"",""entered_by_record_id"":""PR-FELIX-01"",""is_reversal"":""false"",""occurred_at"":""2025-04-25T11:00:00Z"",""reference"":""MANAGEMENT-007"",""related_object_id"":"""",""reversed_transaction_id"":"""",""settlement_batch_id"":""OUT-BATCH-002"",""source_account_id"":""A-GBRF-6401"",""source_system_id"":""BANK_LEDGER"",""transaction_id"":""TX-DIV-007"",""transaction_type"":""PERSONAL_OR_MANAGEMENT_TRANSFER""}",authoring/relief_transactions.csv#TX-DIV-007,CORE_EVIDENCE,dc04a7ffd674a1e7e333c848c6cc9bb686f42d069be2e1593a9b87d008af108c,2026.07.19.3
BISCUIT_RELIEF,VINV-0001,VENDOR_INVOICE,ADVERTISING_AND_OUTREACH,"Emergency campaign promotion, reach optimization and donor acquisition.",INVOICE_REPOSITORY,authoring/relief_vendor_invoices.csv,VINV-0001,2025-02-01,,,,"Emergency campaign promotion, reach optimization and donor acquisition.","{""amount"":""9500.00"",""approved_by_record_id"":""PR-ARLO-02"",""beneficiary_account_id"":""A-GILDED-4512"",""campaign_id"":""CAMP-001"",""content_role"":""CORE_EVIDENCE"",""description"":""Emergency campaign promotion, reach optimization and donor acquisition."",""invoice_date"":""2025-02-01"",""invoice_number"":""GLM-2025-100"",""invoice_type"":""ADVERTISING_AND_OUTREACH"",""payment_transaction_id"":""TX-AD-001"",""source_system_id"":""INVOICE_REPOSITORY"",""vendor_invoice_id"":""VINV-0001"",""vendor_organization_record_id"":""OR-GILDED-03""}",authoring/relief_vendor_invoices.csv#VINV-0001,CORE_EVIDENCE,b8754f43f7adae793451de45f1d33aa9f1ba16919343112fec1b69fcc968284e,2026.07.19.3
BISCUIT_RELIEF,VINV-0002,VENDOR_INVOICE,ADVERTISING_AND_OUTREACH,"Emergency campaign promotion, reach optimization and donor acquisition.",INVOICE_REPOSITORY,authoring/relief_vendor_invoices.csv,VINV-0002,2025-02-10,,,,"Emergency campaign promotion, reach optimization and donor acquisition.","{""amount"":""11400.00"",""approved_by_record_id"":""PR-ARLO-02"",""beneficiary_account_id"":""A-GILDED-4512"",""campaign_id"":""CAMP-002"",""content_role"":""CORE_EVIDENCE"",""description"":""Emergency campaign promotion, reach optimization and donor acquisition."",""invoice_date"":""2025-02-10"",""invoice_number"":""GLM-2025-101"",""invoice_type"":""ADVERTISING_AND_OUTREACH"",""payment_transaction_id"":""TX-AD-002"",""source_system_id"":""INVOICE_REPOSITORY"",""vendor_invoice_id"":""VINV-0002"",""vendor_organization_record_id"":""OR-GILDED-03""}",authoring/relief_vendor_invoices.csv#VINV-0002,CORE_EVIDENCE,d0cf31849d36f0ac84edb6b99fca9a55a0485f81fa53c047e83417730c1980e1,2026.07.19.3
BISCUIT_RELIEF,VINV-0003,VENDOR_INVOICE,ADVERTISING_AND_OUTREACH,"Emergency campaign promotion, reach optimization and donor acquisition.",INVOICE_REPOSITORY,authoring/relief_vendor_invoices.csv,VINV-0003,2025-02-19,,,,"Emergency campaign promotion, reach optimization and donor acquisition.","{""amount"":""13300.00"",""approved_by_record_id"":""PR-ARLO-02"",""beneficiary_account_id"":""A-GILDED-4512"",""campaign_id"":""CAMP-003"",""content_role"":""CORE_EVIDENCE"",""description"":""Emergency campaign promotion, reach optimization and donor acquisition."",""invoice_date"":""2025-02-19"",""invoice_number"":""GLM-2025-102"",""invoice_type"":""ADVERTISING_AND_OUTREACH"",""payment_transaction_id"":""TX-AD-003"",""source_system_id"":""INVOICE_REPOSITORY"",""vendor_invoice_id"":""VINV-0003"",""vendor_organization_record_id"":""OR-GILDED-03""}",authoring/relief_vendor_invoices.csv#VINV-0003,CORE_EVIDENCE,b432c561fde0f2952a3291b7826ee63ba409a101d964902403c65bb3dd7edf9d,2026.07.19.3
BISCUIT_RELIEF,VINV-0004,VENDOR_INVOICE,ADVERTISING_AND_OUTREACH,"Emergency campaign promotion, reach optimization and donor acquisition.",INVOICE_REPOSITORY,authoring/relief_vendor_invoices.csv,VINV-0004,2025-02-28,,,,"Emergency campaign promotion, reach optimization and donor acquisition.","{""amount"":""15200.00"",""approved_by_record_id"":""PR-ARLO-02"",""beneficiary_account_id"":""A-GILDED-4512"",""campaign_id"":""CAMP-004"",""content_role"":""CORE_EVIDENCE"",""description"":""Emergency campaign promotion, reach optimization and donor acquisition."",""invoice_date"":""2025-02-28"",""invoice_number"":""GLM-2025-103"",""invoice_type"":""ADVERTISING_AND_OUTREACH"",""payment_transaction_id"":""TX-AD-004"",""source_system_id"":""INVOICE_REPOSITORY"",""vendor_invoice_id"":""VINV-0004"",""vendor_organization_record_id"":""OR-GILDED-03""}",authoring/relief_vendor_invoices.csv#VINV-0004,CORE_EVIDENCE,918484e6a105d60f186a48feec03ab57dd7451438e268cbe3fe954ee64b10d57,2026.07.19.3
BISCUIT_RELIEF,VINV-0005,VENDOR_INVOICE,ADVERTISING_AND_OUTREACH,"Emergency campaign promotion, reach optimization and donor acquisition.",INVOICE_REPOSITORY,authoring/relief_vendor_invoices.csv,VINV-0005,2025-03-09,,,,"Emergency campaign promotion, reach optimization and donor acquisition.","{""amount"":""17100.00"",""approved_by_record_id"":""PR-ARLO-02"",""beneficiary_account_id"":""A-GILDED-4512"",""campaign_id"":""CAMP-005"",""content_role"":""CORE_EVIDENCE"",""description"":""Emergency campaign promotion, reach optimization and donor acquisition."",""invoice_date"":""2025-03-09"",""invoice_number"":""GLM-2025-104"",""invoice_type"":""ADVERTISING_AND_OUTREACH"",""payment_transaction_id"":""TX-AD-005"",""source_system_id"":""INVOICE_REPOSITORY"",""vendor_invoice_id"":""VINV-0005"",""vendor_organization_record_id"":""OR-GILDED-03""}",authoring/relief_vendor_invoices.csv#VINV-0005,CORE_EVIDENCE,8b79dc9b99fae83b54dc6501e7a4e4fcb3697ea7da3d79acbf3a021899c8dfc8,2026.07.19.3
BISCUIT_RELIEF,VINV-0006,VENDOR_INVOICE,ADVERTISING_AND_OUTREACH,"Emergency campaign promotion, reach optimization and donor acquisition.",INVOICE_REPOSITORY,authoring/relief_vendor_invoices.csv,VINV-0006,2025-03-18,,,,"Emergency campaign promotion, reach optimization and donor acquisition.","{""amount"":""19000.00"",""approved_by_record_id"":""PR-ARLO-02"",""beneficiary_account_id"":""A-GILDED-4512"",""campaign_id"":""CAMP-006"",""content_role"":""CORE_EVIDENCE"",""description"":""Emergency campaign promotion, reach optimization and donor acquisition."",""invoice_date"":""2025-03-18"",""invoice_number"":""GLM-2025-105"",""invoice_type"":""ADVERTISING_AND_OUTREACH"",""payment_transaction_id"":""TX-AD-006"",""source_system_id"":""INVOICE_REPOSITORY"",""vendor_invoice_id"":""VINV-0006"",""vendor_organization_record_id"":""OR-GILDED-03""}",authoring/relief_vendor_invoices.csv#VINV-0006,CORE_EVIDENCE,75a4072f9b20ca40aee18ec9cab405ac48fa6b03c5b9deab1f08b4a96f643849,2026.07.19.3
BISCUIT_RELIEF,VINV-0007,VENDOR_INVOICE,ADVERTISING_AND_OUTREACH,"Emergency campaign promotion, reach optimization and donor acquisition.",INVOICE_REPOSITORY,authoring/relief_vendor_invoices.csv,VINV-0007,2025-03-27,,,,"Emergency campaign promotion, reach optimization and donor acquisition.","{""amount"":""20900.00"",""approved_by_record_id"":""PR-ARLO-02"",""beneficiary_account_id"":""A-GILDED-4512"",""campaign_id"":""CAMP-007"",""content_role"":""CORE_EVIDENCE"",""description"":""Emergency campaign promotion, reach optimization and donor acquisition."",""invoice_date"":""2025-03-27"",""invoice_number"":""GLM-2025-106"",""invoice_type"":""ADVERTISING_AND_OUTREACH"",""payment_transaction_id"":""TX-AD-007"",""source_system_id"":""INVOICE_REPOSITORY"",""vendor_invoice_id"":""VINV-0007"",""vendor_organization_record_id"":""OR-GILDED-03""}",authoring/relief_vendor_invoices.csv#VINV-0007,CORE_EVIDENCE,90a3ca563d608b82c16b5fb7ea4222ade9d0409e7011c24a78398da988ba582c,2026.07.19.3
BISCUIT_RELIEF,VINV-0008,VENDOR_INVOICE,ADVERTISING_AND_OUTREACH,"Emergency campaign promotion, reach optimization and donor acquisition.",INVOICE_REPOSITORY,authoring/relief_vendor_invoices.csv,VINV-0008,2025-04-05,,,,"Emergency campaign promotion, reach optimization and donor acquisition.","{""amount"":""9500.00"",""approved_by_record_id"":""PR-ARLO-02"",""beneficiary_account_id"":""A-GILDED-4512"",""campaign_id"":""CAMP-008"",""content_role"":""CORE_EVIDENCE"",""description"":""Emergency campaign promotion, reach optimization and donor acquisition."",""invoice_date"":""2025-04-05"",""invoice_number"":""GLM-2025-107"",""invoice_type"":""ADVERTISING_AND_OUTREACH"",""payment_transaction_id"":""TX-AD-008"",""source_system_id"":""INVOICE_REPOSITORY"",""vendor_invoice_id"":""VINV-0008"",""vendor_organization_record_id"":""OR-GILDED-03""}",authoring/relief_vendor_invoices.csv#VINV-0008,CORE_EVIDENCE,122a7c186a585813e62ad4b606cce7094e1514070c13399833c4f1c2a109f669,2026.07.19.3
BISCUIT_RELIEF,VINV-0009,VENDOR_INVOICE,ADVERTISING_AND_OUTREACH,"Emergency campaign promotion, reach optimization and donor acquisition.",INVOICE_REPOSITORY,authoring/relief_vendor_invoices.csv,VINV-0009,2025-04-14,,,,"Emergency campaign promotion, reach optimization and donor acquisition.","{""amount"":""11400.00"",""approved_by_record_id"":""PR-ARLO-02"",""beneficiary_account_id"":""A-GILDED-4512"",""campaign_id"":""CAMP-009"",""content_role"":""CORE_EVIDENCE"",""description"":""Emergency campaign promotion, reach optimization and donor acquisition."",""invoice_date"":""2025-04-14"",""invoice_number"":""GLM-2025-108"",""invoice_type"":""ADVERTISING_AND_OUTREACH"",""payment_transaction_id"":""TX-AD-009"",""source_system_id"":""INVOICE_REPOSITORY"",""vendor_invoice_id"":""VINV-0009"",""vendor_organization_record_id"":""OR-GILDED-03""}",authoring/relief_vendor_invoices.csv#VINV-0009,CORE_EVIDENCE,db19b14b293d12bacaff76718ae167619f7d21d4f1ac9249b8f479725d7c899c,2026.07.19.3
BISCUIT_RELIEF,VINV-0010,VENDOR_INVOICE,ADVERTISING_AND_OUTREACH,"Emergency campaign promotion, reach optimization and donor acquisition.",INVOICE_REPOSITORY,authoring/relief_vendor_invoices.csv,VINV-0010,2025-04-23,,,,"Emergency campaign promotion, reach optimization and donor acquisition.","{""amount"":""13300.00"",""approved_by_record_id"":""PR-ARLO-02"",""beneficiary_account_id"":""A-GILDED-4512"",""campaign_id"":""CAMP-010"",""content_role"":""CORE_EVIDENCE"",""description"":""Emergency campaign promotion, reach optimization and donor acquisition."",""invoice_date"":""2025-04-23"",""invoice_number"":""GLM-2025-109"",""invoice_type"":""ADVERTISING_AND_OUTREACH"",""payment_transaction_id"":""TX-AD-010"",""source_system_id"":""INVOICE_REPOSITORY"",""vendor_invoice_id"":""VINV-0010"",""vendor_organization_record_id"":""OR-GILDED-03""}",authoring/relief_vendor_invoices.csv#VINV-0010,CORE_EVIDENCE,ce5e744a66c832dc1e91074d57debac4da714380b6dd5b8d3222079692a6597c,2026.07.19.3
BISCUIT_RELIEF,VINV-0011,VENDOR_INVOICE,ADVERTISING_AND_OUTREACH,"Emergency campaign promotion, reach optimization and donor acquisition.",INVOICE_REPOSITORY,authoring/relief_vendor_invoices.csv,VINV-0011,2025-05-02,,,,"Emergency campaign promotion, reach optimization and donor acquisition.","{""amount"":""15200.00"",""approved_by_record_id"":""PR-ARLO-02"",""beneficiary_account_id"":""A-GILDED-4512"",""campaign_id"":""CAMP-011"",""content_role"":""CORE_EVIDENCE"",""description"":""Emergency campaign promotion, reach optimization and donor acquisition."",""invoice_date"":""2025-05-02"",""invoice_number"":""GLM-2025-110"",""invoice_type"":""ADVERTISING_AND_OUTREACH"",""payment_transaction_id"":""TX-AD-011"",""source_system_id"":""INVOICE_REPOSITORY"",""vendor_invoice_id"":""VINV-0011"",""vendor_organization_record_id"":""OR-GILDED-03""}",authoring/relief_vendor_invoices.csv#VINV-0011,CORE_EVIDENCE,4319585fdf226f0a62ce91cb79fd39641127158fe2f6cfa1fcdfcb4ef2d955fb,2026.07.19.3
BISCUIT_RELIEF,VINV-0012,VENDOR_INVOICE,ADVERTISING_AND_OUTREACH,"Emergency campaign promotion, reach optimization and donor acquisition.",INVOICE_REPOSITORY,authoring/relief_vendor_invoices.csv,VINV-0012,2025-05-11,,,,"Emergency campaign promotion, reach optimization and donor acquisition.","{""amount"":""17100.00"",""approved_by_record_id"":""PR-ARLO-02"",""beneficiary_account_id"":""A-GILDED-4512"",""campaign_id"":""CAMP-012"",""content_role"":""CORE_EVIDENCE"",""description"":""Emergency campaign promotion, reach optimization and donor acquisition."",""invoice_date"":""2025-05-11"",""invoice_number"":""GLM-2025-111"",""invoice_type"":""ADVERTISING_AND_OUTREACH"",""payment_transaction_id"":""TX-AD-012"",""source_system_id"":""INVOICE_REPOSITORY"",""vendor_invoice_id"":""VINV-0012"",""vendor_organization_record_id"":""OR-GILDED-03""}",authoring/relief_vendor_invoices.csv#VINV-0012,CORE_EVIDENCE,af0c429bfb073b281030ba988ba3064c4b8ea98c3af49c65496ba1e2d2212a0b,2026.07.19.3
BISCUIT_RELIEF,VINV-0036,VENDOR_INVOICE,WAREHOUSE_AND_LOGISTICS,"Emergency storage, packing and last-mile relief delivery.",INVOICE_REPOSITORY,authoring/relief_vendor_invoices.csv,VINV-0036,2025-02-04,,,,"Emergency storage, packing and last-mile relief delivery.","{""amount"":""12000.00"",""approved_by_record_id"":""PR-FELIX-01"",""beneficiary_account_id"":""A-REDROOF-7730"",""campaign_id"":""CAMP-001"",""content_role"":""CORE_EVIDENCE"",""description"":""Emergency storage, packing and last-mile relief delivery."",""invoice_date"":""2025-02-04"",""invoice_number"":""RRL-2025-200"",""invoice_type"":""WAREHOUSE_AND_LOGISTICS"",""payment_transaction_id"":""TX-LOG-001"",""source_system_id"":""INVOICE_REPOSITORY"",""vendor_invoice_id"":""VINV-0036"",""vendor_organization_record_id"":""OR-REDROOF-03""}",authoring/relief_vendor_invoices.csv#VINV-0036,CORE_EVIDENCE,bb968561b3a1f6fe05729169349b395fe7dcef9d61c57bf60767aee6678e6ae7,2026.07.19.3
BISCUIT_RELIEF,VINV-0037,VENDOR_INVOICE,WAREHOUSE_AND_LOGISTICS,"Emergency storage, packing and last-mile relief delivery.",INVOICE_REPOSITORY,authoring/relief_vendor_invoices.csv,VINV-0037,2025-02-14,,,,"Emergency storage, packing and last-mile relief delivery.","{""amount"":""14100.00"",""approved_by_record_id"":""PR-FELIX-01"",""beneficiary_account_id"":""A-REDROOF-7730"",""campaign_id"":""CAMP-002"",""content_role"":""CORE_EVIDENCE"",""description"":""Emergency storage, packing and last-mile relief delivery."",""invoice_date"":""2025-02-14"",""invoice_number"":""RRL-2025-201"",""invoice_type"":""WAREHOUSE_AND_LOGISTICS"",""payment_transaction_id"":""TX-LOG-002"",""source_system_id"":""INVOICE_REPOSITORY"",""vendor_invoice_id"":""VINV-0037"",""vendor_organization_record_id"":""OR-REDROOF-03""}",authoring/relief_vendor_invoices.csv#VINV-0037,CORE_EVIDENCE,30d6a3dd9814534dd38acbc933240468cd4a8fa85acfe0edb692eadcfec9cabe,2026.07.19.3
BISCUIT_RELIEF,VINV-0038,VENDOR_INVOICE,WAREHOUSE_AND_LOGISTICS,"Emergency storage, packing and last-mile relief delivery.",INVOICE_REPOSITORY,authoring/relief_vendor_invoices.csv,VINV-0038,2025-02-24,,,,"Emergency storage, packing and last-mile relief delivery.","{""amount"":""16200.00"",""approved_by_record_id"":""PR-FELIX-01"",""beneficiary_account_id"":""A-REDROOF-7730"",""campaign_id"":""CAMP-003"",""content_role"":""CORE_EVIDENCE"",""description"":""Emergency storage, packing and last-mile relief delivery."",""invoice_date"":""2025-02-24"",""invoice_number"":""RRL-2025-202"",""invoice_type"":""WAREHOUSE_AND_LOGISTICS"",""payment_transaction_id"":""TX-LOG-003"",""source_system_id"":""INVOICE_REPOSITORY"",""vendor_invoice_id"":""VINV-0038"",""vendor_organization_record_id"":""OR-REDROOF-03""}",authoring/relief_vendor_invoices.csv#VINV-0038,CORE_EVIDENCE,65b6d2db40bff1a4c12424ac5c4e6b6caaf5b5655658e7ba116841971bd3413f,2026.07.19.3
BISCUIT_RELIEF,VINV-0039,VENDOR_INVOICE,WAREHOUSE_AND_LOGISTICS,"Emergency storage, packing and last-mile relief delivery.",INVOICE_REPOSITORY,authoring/relief_vendor_invoices.csv,VINV-0039,2025-03-06,,,,"Emergency storage, packing and last-mile relief delivery.","{""amount"":""18300.00"",""approved_by_record_id"":""PR-FELIX-01"",""beneficiary_account_id"":""A-REDROOF-7730"",""campaign_id"":""CAMP-004"",""content_role"":""CORE_EVIDENCE"",""description"":""Emergency storage, packing and last-mile relief delivery."",""invoice_date"":""2025-03-06"",""invoice_number"":""RRL-2025-203"",""invoice_type"":""WAREHOUSE_AND_LOGISTICS"",""payment_transaction_id"":""TX-LOG-004"",""source_system_id"":""INVOICE_REPOSITORY"",""vendor_invoice_id"":""VINV-0039"",""vendor_organization_record_id"":""OR-REDROOF-03""}",authoring/relief_vendor_invoices.csv#VINV-0039,CORE_EVIDENCE,5f29c8b1490f7ad8e23b185a39d4aada9da3a7a4bf5b53fff25c0c3390cd06d9,2026.07.19.3
BISCUIT_RELIEF,VINV-0040,VENDOR_INVOICE,WAREHOUSE_AND_LOGISTICS,"Emergency storage, packing and last-mile relief delivery.",INVOICE_REPOSITORY,authoring/relief_vendor_invoices.csv,VINV-0040,2025-03-16,,,,"Emergency storage, packing and last-mile relief delivery.","{""amount"":""20400.00"",""approved_by_record_id"":""PR-FELIX-01"",""beneficiary_account_id"":""A-REDROOF-7730"",""campaign_id"":""CAMP-005"",""content_role"":""CORE_EVIDENCE"",""description"":""Emergency storage, packing and last-mile relief delivery."",""invoice_date"":""2025-03-16"",""invoice_number"":""RRL-2025-204"",""invoice_type"":""WAREHOUSE_AND_LOGISTICS"",""payment_transaction_id"":""TX-LOG-005"",""source_system_id"":""INVOICE_REPOSITORY"",""vendor_invoice_id"":""VINV-0040"",""vendor_organization_record_id"":""OR-REDROOF-03""}",authoring/relief_vendor_invoices.csv#VINV-0040,CORE_EVIDENCE,b29d58329cbf4ab37b5875e242b796ec36ae7a1cbcd598ea097ae8c16dc84e23,2026.07.19.3
BISCUIT_RELIEF,VINV-0041,VENDOR_INVOICE,WAREHOUSE_AND_LOGISTICS,"Emergency storage, packing and last-mile relief delivery.",INVOICE_REPOSITORY,authoring/relief_vendor_invoices.csv,VINV-0041,2025-03-26,,,,"Emergency storage, packing and last-mile relief delivery.","{""amount"":""22500.00"",""approved_by_record_id"":""PR-FELIX-01"",""beneficiary_account_id"":""A-REDROOF-7730"",""campaign_id"":""CAMP-006"",""content_role"":""CORE_EVIDENCE"",""description"":""Emergency storage, packing and last-mile relief delivery."",""invoice_date"":""2025-03-26"",""invoice_number"":""RRL-2025-205"",""invoice_type"":""WAREHOUSE_AND_LOGISTICS"",""payment_transaction_id"":""TX-LOG-006"",""source_system_id"":""INVOICE_REPOSITORY"",""vendor_invoice_id"":""VINV-0041"",""vendor_organization_record_id"":""OR-REDROOF-03""}",authoring/relief_vendor_invoices.csv#VINV-0041,CORE_EVIDENCE,9d59f8a14d1183a4f915eea67406462b5d7f6df533711ddc6289b78ac2858cb2,2026.07.19.3
BISCUIT_RELIEF,VINV-0042,VENDOR_INVOICE,WAREHOUSE_AND_LOGISTICS,"Emergency storage, packing and last-mile relief delivery.",INVOICE_REPOSITORY,authoring/relief_vendor_invoices.csv,VINV-0042,2025-04-05,,,,"Emergency storage, packing and last-mile relief delivery.","{""amount"":""12000.00"",""approved_by_record_id"":""PR-FELIX-01"",""beneficiary_account_id"":""A-REDROOF-7730"",""campaign_id"":""CAMP-007"",""content_role"":""CORE_EVIDENCE"",""description"":""Emergency storage, packing and last-mile relief delivery."",""invoice_date"":""2025-04-05"",""invoice_number"":""RRL-2025-206"",""invoice_type"":""WAREHOUSE_AND_LOGISTICS"",""payment_transaction_id"":""TX-LOG-007"",""source_system_id"":""INVOICE_REPOSITORY"",""vendor_invoice_id"":""VINV-0042"",""vendor_organization_record_id"":""OR-REDROOF-03""}",authoring/relief_vendor_invoices.csv#VINV-0042,CORE_EVIDENCE,4278cb382b970be92104c290131d5bfc30cf7868a9075f822174cc93e065bf28,2026.07.19.3
BISCUIT_RELIEF,VINV-0043,VENDOR_INVOICE,WAREHOUSE_AND_LOGISTICS,"Emergency storage, packing and last-mile relief delivery.",INVOICE_REPOSITORY,authoring/relief_vendor_invoices.csv,VINV-0043,2025-04-15,,,,"Emergency storage, packing and last-mile relief delivery.","{""amount"":""14100.00"",""approved_by_record_id"":""PR-FELIX-01"",""beneficiary_account_id"":""A-REDROOF-7730"",""campaign_id"":""CAMP-008"",""content_role"":""CORE_EVIDENCE"",""description"":""Emergency storage, packing and last-mile relief delivery."",""invoice_date"":""2025-04-15"",""invoice_number"":""RRL-2025-207"",""invoice_type"":""WAREHOUSE_AND_LOGISTICS"",""payment_transaction_id"":""TX-LOG-008"",""source_system_id"":""INVOICE_REPOSITORY"",""vendor_invoice_id"":""VINV-0043"",""vendor_organization_record_id"":""OR-REDROOF-03""}",authoring/relief_vendor_invoices.csv#VINV-0043,CORE_EVIDENCE,dfe4d5c2409619afd5e40522f22b4dda967a7607dcc3be85e342d5b96009504f,2026.07.19.3
BISCUIT_RELIEF,VINV-0044,VENDOR_INVOICE,WAREHOUSE_AND_LOGISTICS,"Emergency storage, packing and last-mile relief delivery.",INVOICE_REPOSITORY,authoring/relief_vendor_invoices.csv,VINV-0044,2025-04-25,,,,"Emergency storage, packing and last-mile relief delivery.","{""amount"":""16200.00"",""approved_by_record_id"":""PR-FELIX-01"",""beneficiary_account_id"":""A-REDROOF-7730"",""campaign_id"":""CAMP-009"",""content_role"":""CORE_EVIDENCE"",""description"":""Emergency storage, packing and last-mile relief delivery."",""invoice_date"":""2025-04-25"",""invoice_number"":""RRL-2025-208"",""invoice_type"":""WAREHOUSE_AND_LOGISTICS"",""payment_transaction_id"":""TX-LOG-009"",""source_system_id"":""INVOICE_REPOSITORY"",""vendor_invoice_id"":""VINV-0044"",""vendor_organization_record_id"":""OR-REDROOF-03""}",authoring/relief_vendor_invoices.csv#VINV-0044,CORE_EVIDENCE,9dfd99479350f503a0ad3870206955dd670b460b8c66c18c7944886ba41099bc,2026.07.19.3
BISCUIT_RELIEF,VINV-0045,VENDOR_INVOICE,WAREHOUSE_AND_LOGISTICS,"Emergency storage, packing and last-mile relief delivery.",INVOICE_REPOSITORY,authoring/relief_vendor_invoices.csv,VINV-0045,2025-05-05,,,,"Emergency storage, packing and last-mile relief delivery.","{""amount"":""18300.00"",""approved_by_record_id"":""PR-FELIX-01"",""beneficiary_account_id"":""A-REDROOF-7730"",""campaign_id"":""CAMP-010"",""content_role"":""CORE_EVIDENCE"",""description"":""Emergency storage, packing and last-mile relief delivery."",""invoice_date"":""2025-05-05"",""invoice_number"":""RRL-2025-209"",""invoice_type"":""WAREHOUSE_AND_LOGISTICS"",""payment_transaction_id"":""TX-LOG-010"",""source_system_id"":""INVOICE_REPOSITORY"",""vendor_invoice_id"":""VINV-0045"",""vendor_organization_record_id"":""OR-REDROOF-03""}",authoring/relief_vendor_invoices.csv#VINV-0045,CORE_EVIDENCE,4f8e809eff75065509d9517a2d412fb68f78953d0314b7242936d48e63fa4e96,2026.07.19.3
BISCUIT_RELIEF,MEM-0001,VOLUNTEER_MEMBERSHIP,VOLUNTEER,MEM-0001,VOLUNTEER_PORTAL,authoring/relief_volunteer_memberships.csv,MEM-0001,2024-10-01,,,,MEM-0001,"{""benefits_received"":""0.00"",""content_role"":""EXCULPATORY_EVIDENCE"",""joined_at"":""2024-10-01"",""membership_id"":""MEM-0001"",""membership_type"":""VOLUNTEER"",""organization_record_id"":""OR-GBRF-01"",""person_record_id"":""PR-HOPE-01"",""source_system_id"":""VOLUNTEER_PORTAL"",""volunteer_code"":""BISCUIT-BRIGADE""}",authoring/relief_volunteer_memberships.csv#MEM-0001,EXCULPATORY_EVIDENCE,f36c4cfdc4984b7395836b5557a1c7e5d1ab1bfec0d476f922ad2c994d7253f2,2026.07.19.3
BISCUIT_RELIEF,MEM-0002,VOLUNTEER_MEMBERSHIP,DONOR_VOLUNTEER,MEM-0002,VOLUNTEER_PORTAL,authoring/relief_volunteer_memberships.csv,MEM-0002,2024-10-06,,,,MEM-0002,"{""benefits_received"":""0.00"",""content_role"":""EXCULPATORY_EVIDENCE"",""joined_at"":""2024-10-06"",""membership_id"":""MEM-0002"",""membership_type"":""DONOR_VOLUNTEER"",""organization_record_id"":""OR-COMMUNITY-01"",""person_record_id"":""PR-VIOLET-01"",""source_system_id"":""VOLUNTEER_PORTAL"",""volunteer_code"":""BISCUIT-BRIGADE""}",authoring/relief_volunteer_memberships.csv#MEM-0002,EXCULPATORY_EVIDENCE,3cea7ed54fa453e451341a2d636211fee5fa50c234c5249ec61c7219a0d987cc,2026.07.19.3
BISCUIT_RELIEF,MEM-0006,VOLUNTEER_MEMBERSHIP,DONOR_VOLUNTEER,MEM-0006,VOLUNTEER_PORTAL,authoring/relief_volunteer_memberships.csv,MEM-0006,2024-10-26,,,,MEM-0006,"{""benefits_received"":""0.00"",""content_role"":""BACKGROUND"",""joined_at"":""2024-10-26"",""membership_id"":""MEM-0006"",""membership_type"":""DONOR_VOLUNTEER"",""organization_record_id"":""OR-COMMUNITY-01"",""person_record_id"":""PR-LEO-01"",""source_system_id"":""VOLUNTEER_PORTAL"",""volunteer_code"":""BISCUIT-BRIGADE""}",authoring/relief_volunteer_memberships.csv#MEM-0006,BACKGROUND,cf7ea95e3e84caea837ee568edf64d190cb0628fc75877edf3395b913ac86015,2026.07.19.3
BISCUIT_RELIEF,MEM-0007,VOLUNTEER_MEMBERSHIP,WAREHOUSE_HELPER,MEM-0007,VOLUNTEER_PORTAL,authoring/relief_volunteer_memberships.csv,MEM-0007,2024-10-31,,,,MEM-0007,"{""benefits_received"":""0.00"",""content_role"":""BACKGROUND"",""joined_at"":""2024-10-31"",""membership_id"":""MEM-0007"",""membership_type"":""WAREHOUSE_HELPER"",""organization_record_id"":""OR-GBRF-01"",""person_record_id"":""PR-RUBY-01"",""source_system_id"":""VOLUNTEER_PORTAL"",""volunteer_code"":""BISCUIT-BRIGADE""}",authoring/relief_volunteer_memberships.csv#MEM-0007,BACKGROUND,fd7bac6a5345cfac0d72907ecc5ae928964461c1828dd09daf1e582380eb6226,2026.07.19.3
BISCUIT_RELIEF,MEM-0008,VOLUNTEER_MEMBERSHIP,REPOSTER,MEM-0008,VOLUNTEER_PORTAL,authoring/relief_volunteer_memberships.csv,MEM-0008,2024-11-05,,,,MEM-0008,"{""benefits_received"":""0.00"",""content_role"":""BACKGROUND"",""joined_at"":""2024-11-05"",""membership_id"":""MEM-0008"",""membership_type"":""REPOSTER"",""organization_record_id"":""OR-COMMUNITY-01"",""person_record_id"":""PR-GIDEON-01"",""source_system_id"":""VOLUNTEER_PORTAL"",""volunteer_code"":""BISCUIT-BRIGADE""}",authoring/relief_volunteer_memberships.csv#MEM-0008,BACKGROUND,9dde4769fb050ed21a42f61fd6575f05ac74c41360b2cbf65d29603447a05be5,2026.07.19.3
BISCUIT_RELIEF,MEM-0014,VOLUNTEER_MEMBERSHIP,DONOR_VOLUNTEER,MEM-0014,VOLUNTEER_PORTAL,authoring/relief_volunteer_memberships.csv,MEM-0014,2024-12-05,,,,MEM-0014,"{""benefits_received"":""0.00"",""content_role"":""EXCULPATORY_EVIDENCE"",""joined_at"":""2024-12-05"",""membership_id"":""MEM-0014"",""membership_type"":""DONOR_VOLUNTEER"",""organization_record_id"":""OR-COMMUNITY-01"",""person_record_id"":""PR-HOPE-01"",""source_system_id"":""VOLUNTEER_PORTAL"",""volunteer_code"":""BISCUIT-BRIGADE""}",authoring/relief_volunteer_memberships.csv#MEM-0014,EXCULPATORY_EVIDENCE,a17c38c12640adbefd2ca2f45aef089ef08e3de3479d035a6d80a1b98b86713c,2026.07.19.3
BISCUIT_RELIEF,MEM-0015,VOLUNTEER_MEMBERSHIP,WAREHOUSE_HELPER,MEM-0015,VOLUNTEER_PORTAL,authoring/relief_volunteer_memberships.csv,MEM-0015,2024-12-10,,,,MEM-0015,"{""benefits_received"":""0.00"",""content_role"":""EXCULPATORY_EVIDENCE"",""joined_at"":""2024-12-10"",""membership_id"":""MEM-0015"",""membership_type"":""WAREHOUSE_HELPER"",""organization_record_id"":""OR-COMMUNITY-01"",""person_record_id"":""PR-VIOLET-01"",""source_system_id"":""VOLUNTEER_PORTAL"",""volunteer_code"":""BISCUIT-BRIGADE""}",authoring/relief_volunteer_memberships.csv#MEM-0015,EXCULPATORY_EVIDENCE,df1206ea7fef1aa611fda713b3ef35936ddfb16ff082868fb06a3d0ff1eb9914,2026.07.19.3
BISCUIT_RELIEF,MEM-0019,VOLUNTEER_MEMBERSHIP,WAREHOUSE_HELPER,MEM-0019,VOLUNTEER_PORTAL,authoring/relief_volunteer_memberships.csv,MEM-0019,2024-12-30,,,,MEM-0019,"{""benefits_received"":""0.00"",""content_role"":""BACKGROUND"",""joined_at"":""2024-12-30"",""membership_id"":""MEM-0019"",""membership_type"":""WAREHOUSE_HELPER"",""organization_record_id"":""OR-GBRF-01"",""person_record_id"":""PR-LEO-01"",""source_system_id"":""VOLUNTEER_PORTAL"",""volunteer_code"":""BISCUIT-BRIGADE""}",authoring/relief_volunteer_memberships.csv#MEM-0019,BACKGROUND,2f42f67553681f04782ad3552fa1ab72774455b219cd4580f7660263186fa7ff,2026.07.19.3
BISCUIT_RELIEF,MEM-0020,VOLUNTEER_MEMBERSHIP,REPOSTER,MEM-0020,VOLUNTEER_PORTAL,authoring/relief_volunteer_memberships.csv,MEM-0020,2025-01-04,,,,MEM-0020,"{""benefits_received"":""0.00"",""content_role"":""BACKGROUND"",""joined_at"":""2025-01-04"",""membership_id"":""MEM-0020"",""membership_type"":""REPOSTER"",""organization_record_id"":""OR-COMMUNITY-01"",""person_record_id"":""PR-RUBY-01"",""source_system_id"":""VOLUNTEER_PORTAL"",""volunteer_code"":""BISCUIT-BRIGADE""}",authoring/relief_volunteer_memberships.csv#MEM-0020,BACKGROUND,be9a4fce82106fdb531b69e42b9d892632ac97634f428365e60e9c6f38ef4988,2026.07.19.3
BISCUIT_RELIEF,MEM-0021,VOLUNTEER_MEMBERSHIP,VOLUNTEER,MEM-0021,VOLUNTEER_PORTAL,authoring/relief_volunteer_memberships.csv,MEM-0021,2025-01-09,,,,MEM-0021,"{""benefits_received"":""0.00"",""content_role"":""BACKGROUND"",""joined_at"":""2025-01-09"",""membership_id"":""MEM-0021"",""membership_type"":""VOLUNTEER"",""organization_record_id"":""OR-COMMUNITY-01"",""person_record_id"":""PR-GIDEON-01"",""source_system_id"":""VOLUNTEER_PORTAL"",""volunteer_code"":""BISCUIT-BRIGADE""}",authoring/relief_volunteer_memberships.csv#MEM-0021,BACKGROUND,fe67df934cb5b8e62f3d2b453b112317a737abe8a67bea0d28945f91c399bb8c,2026.07.19.3
BISCUIT_RELIEF,MEM-0027,VOLUNTEER_MEMBERSHIP,WAREHOUSE_HELPER,MEM-0027,VOLUNTEER_PORTAL,authoring/relief_volunteer_memberships.csv,MEM-0027,2025-02-08,,,,MEM-0027,"{""benefits_received"":""0.00"",""content_role"":""EXCULPATORY_EVIDENCE"",""joined_at"":""2025-02-08"",""membership_id"":""MEM-0027"",""membership_type"":""WAREHOUSE_HELPER"",""organization_record_id"":""OR-COMMUNITY-01"",""person_record_id"":""PR-HOPE-01"",""source_system_id"":""VOLUNTEER_PORTAL"",""volunteer_code"":""BISCUIT-BRIGADE""}",authoring/relief_volunteer_memberships.csv#MEM-0027,EXCULPATORY_EVIDENCE,c612a6737c59a6fff973b415ec3f8a88ba530562cd42747b5baa9a804b16e7d8,2026.07.19.3
BISCUIT_RELIEF,MEM-0028,VOLUNTEER_MEMBERSHIP,REPOSTER,MEM-0028,VOLUNTEER_PORTAL,authoring/relief_volunteer_memberships.csv,MEM-0028,2025-02-13,,,,MEM-0028,"{""benefits_received"":""0.00"",""content_role"":""EXCULPATORY_EVIDENCE"",""joined_at"":""2025-02-13"",""membership_id"":""MEM-0028"",""membership_type"":""REPOSTER"",""organization_record_id"":""OR-GBRF-01"",""person_record_id"":""PR-VIOLET-01"",""source_system_id"":""VOLUNTEER_PORTAL"",""volunteer_code"":""BISCUIT-BRIGADE""}",authoring/relief_volunteer_memberships.csv#MEM-0028,EXCULPATORY_EVIDENCE,bb0a252db75e6b875cd18c3257a017217598b8f5300d08bf03a0ee5273b78ec5,2026.07.19.3
BISCUIT_RELIEF,MEM-0032,VOLUNTEER_MEMBERSHIP,REPOSTER,MEM-0032,VOLUNTEER_PORTAL,authoring/relief_volunteer_memberships.csv,MEM-0032,2025-03-05,,,,MEM-0032,"{""benefits_received"":""0.00"",""content_role"":""BACKGROUND"",""joined_at"":""2025-03-05"",""membership_id"":""MEM-0032"",""membership_type"":""REPOSTER"",""organization_record_id"":""OR-COMMUNITY-01"",""person_record_id"":""PR-LEO-01"",""source_system_id"":""VOLUNTEER_PORTAL"",""volunteer_code"":""BISCUIT-BRIGADE""}",authoring/relief_volunteer_memberships.csv#MEM-0032,BACKGROUND,1c73bba59387f5b94eacae9b7e7a3f16f478c6fc409eb65214a93a0b11f77bcd,2026.07.19.3
BISCUIT_RELIEF,MEM-0033,VOLUNTEER_MEMBERSHIP,VOLUNTEER,MEM-0033,VOLUNTEER_PORTAL,authoring/relief_volunteer_memberships.csv,MEM-0033,2025-03-10,,,,MEM-0033,"{""benefits_received"":""0.00"",""content_role"":""BACKGROUND"",""joined_at"":""2025-03-10"",""membership_id"":""MEM-0033"",""membership_type"":""VOLUNTEER"",""organization_record_id"":""OR-COMMUNITY-01"",""person_record_id"":""PR-RUBY-01"",""source_system_id"":""VOLUNTEER_PORTAL"",""volunteer_code"":""BISCUIT-BRIGADE""}",authoring/relief_volunteer_memberships.csv#MEM-0033,BACKGROUND,1ce85c420258ddf91fb8cd7c50580899b98920d6dacc3e27ed1ea89ac593121d,2026.07.19.3
BISCUIT_RELIEF,MEM-0034,VOLUNTEER_MEMBERSHIP,DONOR_VOLUNTEER,MEM-0034,VOLUNTEER_PORTAL,authoring/relief_volunteer_memberships.csv,MEM-0034,2025-03-15,,,,MEM-0034,"{""benefits_received"":""0.00"",""content_role"":""BACKGROUND"",""joined_at"":""2025-03-15"",""membership_id"":""MEM-0034"",""membership_type"":""DONOR_VOLUNTEER"",""organization_record_id"":""OR-GBRF-01"",""person_record_id"":""PR-GIDEON-01"",""source_system_id"":""VOLUNTEER_PORTAL"",""volunteer_code"":""BISCUIT-BRIGADE""}",authoring/relief_volunteer_memberships.csv#MEM-0034,BACKGROUND,0de1baa36cc924cd94422a2aa9bc458c0fe5561579cd0d9f3f91a54dcf49fe39,2026.07.19.3
BISCUIT_RELIEF,MEM-0040,VOLUNTEER_MEMBERSHIP,REPOSTER,MEM-0040,VOLUNTEER_PORTAL,authoring/relief_volunteer_memberships.csv,MEM-0040,2025-04-14,,,,MEM-0040,"{""benefits_received"":""0.00"",""content_role"":""EXCULPATORY_EVIDENCE"",""joined_at"":""2025-04-14"",""membership_id"":""MEM-0040"",""membership_type"":""REPOSTER"",""organization_record_id"":""OR-GBRF-01"",""person_record_id"":""PR-HOPE-01"",""source_system_id"":""VOLUNTEER_PORTAL"",""volunteer_code"":""BISCUIT-BRIGADE""}",authoring/relief_volunteer_memberships.csv#MEM-0040,EXCULPATORY_EVIDENCE,c647ff2b4527ba490a6df1bd3d967f1bac058e4c0e096c1db724f2f61b96c2db,2026.07.19.3
