case_id,profile_code,record_id,attribute_name,attribute_type,string_value,integer_value,decimal_value,boolean_value,date_value,timestamp_value,json_value,is_masked,ordinal,source_dataset,source_column,snapshot_version
CEO_BARKED_TWICE,PUPPY,COM-001,communication_id,STRING,COM-001,,,,,,,false,1,genie/puppy/communications.csv,communication_id,2026.07.19.2
CEO_BARKED_TWICE,PUPPY,COM-001,communication_type,STRING,EMAIL,,,,,,,false,2,genie/puppy/communications.csv,communication_type,2026.07.19.2
CEO_BARKED_TWICE,PUPPY,COM-001,sent_at,TIMESTAMP,,,,,,2026-02-08T15:00:00Z,,false,3,genie/puppy/communications.csv,sent_at,2026.07.19.2
CEO_BARKED_TWICE,PUPPY,COM-001,sender_record_id,STRING,PR-BEA-02,,,,,,,false,4,genie/puppy/communications.csv,sender_record_id,2026.07.19.2
CEO_BARKED_TWICE,PUPPY,COM-001,recipient_record_ids,STRING,PR-PENNY-02,,,,,,,false,5,genie/puppy/communications.csv,recipient_record_ids,2026.07.19.2
CEO_BARKED_TWICE,PUPPY,COM-001,sender_domain,STRING,silvercollar.example,,,,,,,false,6,genie/puppy/communications.csv,sender_domain,2026.07.19.2
CEO_BARKED_TWICE,PUPPY,COM-001,subject,STRING,Travel coverage,,,,,,,false,7,genie/puppy/communications.csv,subject,2026.07.19.2
CEO_BARKED_TWICE,PUPPY,COM-001,safe_body,STRING,I will be in transit tomorrow. Normal payment controls remain in force; call Conrad for any exception.,,,,,,,false,8,genie/puppy/communications.csv,safe_body,2026.07.19.2
CEO_BARKED_TWICE,PUPPY,COM-001,thread_id,STRING,THREAD-001,,,,,,,false,9,genie/puppy/communications.csv,thread_id,2026.07.19.2
CEO_BARKED_TWICE,PUPPY,COM-001,attachment_document_ids,NULL,,,,,,,null,false,10,genie/puppy/communications.csv,attachment_document_ids,2026.07.19.2
CEO_BARKED_TWICE,PUPPY,COM-002,communication_id,STRING,COM-002,,,,,,,false,1,genie/puppy/communications.csv,communication_id,2026.07.19.2
CEO_BARKED_TWICE,PUPPY,COM-002,communication_type,STRING,EMAIL,,,,,,,false,2,genie/puppy/communications.csv,communication_type,2026.07.19.2
CEO_BARKED_TWICE,PUPPY,COM-002,sent_at,TIMESTAMP,,,,,,2026-02-08T22:00:00Z,,false,3,genie/puppy/communications.csv,sent_at,2026.07.19.2
CEO_BARKED_TWICE,PUPPY,COM-002,sender_record_id,STRING,PR-ROWAN-03,,,,,,,false,4,genie/puppy/communications.csv,sender_record_id,2026.07.19.2
CEO_BARKED_TWICE,PUPPY,COM-002,recipient_record_ids,STRING,PR-PENNY-02,,,,,,,false,5,genie/puppy/communications.csv,recipient_record_ids,2026.07.19.2
CEO_BARKED_TWICE,PUPPY,COM-002,sender_domain,STRING,silvercoilar.example,,,,,,,false,6,genie/puppy/communications.csv,sender_domain,2026.07.19.2
CEO_BARKED_TWICE,PUPPY,COM-002,subject,STRING,Confidential acquisition payment,,,,,,,false,7,genie/puppy/communications.csv,subject,2026.07.19.2
CEO_BARKED_TWICE,PUPPY,COM-002,safe_body,STRING,I need this handled before the board call. Do not contact the supplier yet; the transaction is confidential.,,,,,,,false,8,genie/puppy/communications.csv,safe_body,2026.07.19.2
CEO_BARKED_TWICE,PUPPY,COM-002,thread_id,STRING,THREAD-001,,,,,,,false,9,genie/puppy/communications.csv,thread_id,2026.07.19.2
CEO_BARKED_TWICE,PUPPY,COM-002,attachment_document_ids,NULL,,,,,,,null,false,10,genie/puppy/communications.csv,attachment_document_ids,2026.07.19.2
CEO_BARKED_TWICE,PUPPY,COM-003,communication_id,STRING,COM-003,,,,,,,false,1,genie/puppy/communications.csv,communication_id,2026.07.19.2
CEO_BARKED_TWICE,PUPPY,COM-003,communication_type,STRING,EMAIL,,,,,,,false,2,genie/puppy/communications.csv,communication_type,2026.07.19.2
CEO_BARKED_TWICE,PUPPY,COM-003,sent_at,TIMESTAMP,,,,,,2026-02-09T05:00:00Z,,false,3,genie/puppy/communications.csv,sent_at,2026.07.19.2
CEO_BARKED_TWICE,PUPPY,COM-003,sender_record_id,STRING,PR-IVY-01,,,,,,,false,4,genie/puppy/communications.csv,sender_record_id,2026.07.19.2
CEO_BARKED_TWICE,PUPPY,COM-003,recipient_record_ids,STRING,PR-PENNY-02,,,,,,,false,5,genie/puppy/communications.csv,recipient_record_ids,2026.07.19.2
CEO_BARKED_TWICE,PUPPY,COM-003,sender_domain,STRING,copperpavv.example,,,,,,,false,6,genie/puppy/communications.csv,sender_domain,2026.07.19.2
CEO_BARKED_TWICE,PUPPY,COM-003,subject,STRING,Updated Copper Paw remittance details,,,,,,,false,7,genie/puppy/communications.csv,subject,2026.07.19.2
CEO_BARKED_TWICE,PUPPY,COM-003,safe_body,STRING,Our bank has changed. Please use the attached account ending 8842 for invoice CPI-1048.,,,,,,,false,8,genie/puppy/communications.csv,safe_body,2026.07.19.2
CEO_BARKED_TWICE,PUPPY,COM-003,thread_id,STRING,THREAD-002,,,,,,,false,9,genie/puppy/communications.csv,thread_id,2026.07.19.2
CEO_BARKED_TWICE,PUPPY,COM-003,attachment_document_ids,STRING,DOC-011,,,,,,,false,10,genie/puppy/communications.csv,attachment_document_ids,2026.07.19.2
CEO_BARKED_TWICE,PUPPY,COM-004,communication_id,STRING,COM-004,,,,,,,false,1,genie/puppy/communications.csv,communication_id,2026.07.19.2
CEO_BARKED_TWICE,PUPPY,COM-004,communication_type,STRING,EMAIL,,,,,,,false,2,genie/puppy/communications.csv,communication_type,2026.07.19.2
CEO_BARKED_TWICE,PUPPY,COM-004,sent_at,TIMESTAMP,,,,,,2026-02-09T12:00:00Z,,false,3,genie/puppy/communications.csv,sent_at,2026.07.19.2
CEO_BARKED_TWICE,PUPPY,COM-004,sender_record_id,STRING,PR-PENNY-02,,,,,,,false,4,genie/puppy/communications.csv,sender_record_id,2026.07.19.2
CEO_BARKED_TWICE,PUPPY,COM-004,recipient_record_ids,STRING,PR-VICTOR-02,,,,,,,false,5,genie/puppy/communications.csv,recipient_record_ids,2026.07.19.2
CEO_BARKED_TWICE,PUPPY,COM-004,sender_domain,STRING,silvercollar.example,,,,,,,false,6,genie/puppy/communications.csv,sender_domain,2026.07.19.2
CEO_BARKED_TWICE,PUPPY,COM-004,subject,STRING,Please confirm bank change,,,,,,,false,7,genie/puppy/communications.csv,subject,2026.07.19.2
CEO_BARKED_TWICE,PUPPY,COM-004,safe_body,STRING,Can you confirm the new account ending 8842 before I update the vendor master?,,,,,,,false,8,genie/puppy/communications.csv,safe_body,2026.07.19.2
CEO_BARKED_TWICE,PUPPY,COM-004,thread_id,STRING,THREAD-002,,,,,,,false,9,genie/puppy/communications.csv,thread_id,2026.07.19.2
CEO_BARKED_TWICE,PUPPY,COM-004,attachment_document_ids,NULL,,,,,,,null,false,10,genie/puppy/communications.csv,attachment_document_ids,2026.07.19.2
CEO_BARKED_TWICE,PUPPY,COM-005,communication_id,STRING,COM-005,,,,,,,false,1,genie/puppy/communications.csv,communication_id,2026.07.19.2
CEO_BARKED_TWICE,PUPPY,COM-005,communication_type,STRING,EMAIL,,,,,,,false,2,genie/puppy/communications.csv,communication_type,2026.07.19.2
CEO_BARKED_TWICE,PUPPY,COM-005,sent_at,TIMESTAMP,,,,,,2026-02-09T19:00:00Z,,false,3,genie/puppy/communications.csv,sent_at,2026.07.19.2
CEO_BARKED_TWICE,PUPPY,COM-005,sender_record_id,STRING,PR-IVY-01,,,,,,,false,4,genie/puppy/communications.csv,sender_record_id,2026.07.19.2
CEO_BARKED_TWICE,PUPPY,COM-005,recipient_record_ids,STRING,PR-PENNY-02,,,,,,,false,5,genie/puppy/communications.csv,recipient_record_ids,2026.07.19.2
CEO_BARKED_TWICE,PUPPY,COM-005,sender_domain,STRING,copperpavv.example,,,,,,,false,6,genie/puppy/communications.csv,sender_domain,2026.07.19.2
CEO_BARKED_TWICE,PUPPY,COM-005,subject,STRING,Re: Please confirm bank change,,,,,,,false,7,genie/puppy/communications.csv,subject,2026.07.19.2
CEO_BARKED_TWICE,PUPPY,COM-005,safe_body,STRING,Confirmed. Victor is away from his desk; this mailbox is monitored by finance. Please avoid delay fees.,,,,,,,false,8,genie/puppy/communications.csv,safe_body,2026.07.19.2
CEO_BARKED_TWICE,PUPPY,COM-005,thread_id,STRING,THREAD-003,,,,,,,false,9,genie/puppy/communications.csv,thread_id,2026.07.19.2
CEO_BARKED_TWICE,PUPPY,COM-005,attachment_document_ids,NULL,,,,,,,null,false,10,genie/puppy/communications.csv,attachment_document_ids,2026.07.19.2
CEO_BARKED_TWICE,PUPPY,COM-006,communication_id,STRING,COM-006,,,,,,,false,1,genie/puppy/communications.csv,communication_id,2026.07.19.2
CEO_BARKED_TWICE,PUPPY,COM-006,communication_type,STRING,EMAIL,,,,,,,false,2,genie/puppy/communications.csv,communication_type,2026.07.19.2
CEO_BARKED_TWICE,PUPPY,COM-006,sent_at,TIMESTAMP,,,,,,2026-02-10T02:00:00Z,,false,3,genie/puppy/communications.csv,sent_at,2026.07.19.2
CEO_BARKED_TWICE,PUPPY,COM-006,sender_record_id,STRING,PR-PENNY-02,,,,,,,false,4,genie/puppy/communications.csv,sender_record_id,2026.07.19.2
CEO_BARKED_TWICE,PUPPY,COM-006,recipient_record_ids,STRING,PR-CONRAD-02,,,,,,,false,5,genie/puppy/communications.csv,recipient_record_ids,2026.07.19.2
CEO_BARKED_TWICE,PUPPY,COM-006,sender_domain,STRING,silvercollar.example,,,,,,,false,6,genie/puppy/communications.csv,sender_domain,2026.07.19.2
CEO_BARKED_TWICE,PUPPY,COM-006,subject,STRING,Exception approval requested,,,,,,,false,7,genie/puppy/communications.csv,subject,2026.07.19.2
CEO_BARKED_TWICE,PUPPY,COM-006,safe_body,STRING,The CEO says this is confidential and Copper Paw confirms the new account. Can I release CPI-1048 today?,,,,,,,false,8,genie/puppy/communications.csv,safe_body,2026.07.19.2
CEO_BARKED_TWICE,PUPPY,COM-006,thread_id,STRING,THREAD-003,,,,,,,false,9,genie/puppy/communications.csv,thread_id,2026.07.19.2
CEO_BARKED_TWICE,PUPPY,COM-006,attachment_document_ids,STRING,DOC-011,,,,,,,false,10,genie/puppy/communications.csv,attachment_document_ids,2026.07.19.2
CEO_BARKED_TWICE,PUPPY,COM-007,communication_id,STRING,COM-007,,,,,,,false,1,genie/puppy/communications.csv,communication_id,2026.07.19.2
CEO_BARKED_TWICE,PUPPY,COM-007,communication_type,STRING,EMAIL,,,,,,,false,2,genie/puppy/communications.csv,communication_type,2026.07.19.2
CEO_BARKED_TWICE,PUPPY,COM-007,sent_at,TIMESTAMP,,,,,,2026-02-10T09:00:00Z,,false,3,genie/puppy/communications.csv,sent_at,2026.07.19.2
CEO_BARKED_TWICE,PUPPY,COM-007,sender_record_id,STRING,PR-CONRAD-02,,,,,,,false,4,genie/puppy/communications.csv,sender_record_id,2026.07.19.2
CEO_BARKED_TWICE,PUPPY,COM-007,recipient_record_ids,STRING,PR-PENNY-02,,,,,,,false,5,genie/puppy/communications.csv,recipient_record_ids,2026.07.19.2
CEO_BARKED_TWICE,PUPPY,COM-007,sender_domain,STRING,silvercollar.example,,,,,,,false,6,genie/puppy/communications.csv,sender_domain,2026.07.19.2
CEO_BARKED_TWICE,PUPPY,COM-007,subject,STRING,Re: Exception approval requested,,,,,,,false,7,genie/puppy/communications.csv,subject,2026.07.19.2
CEO_BARKED_TWICE,PUPPY,COM-007,safe_body,STRING,Approved as a one-time exception. Record the email chain and complete callback later.,,,,,,,false,8,genie/puppy/communications.csv,safe_body,2026.07.19.2
CEO_BARKED_TWICE,PUPPY,COM-007,thread_id,STRING,THREAD-004,,,,,,,false,9,genie/puppy/communications.csv,thread_id,2026.07.19.2
CEO_BARKED_TWICE,PUPPY,COM-007,attachment_document_ids,NULL,,,,,,,null,false,10,genie/puppy/communications.csv,attachment_document_ids,2026.07.19.2
CEO_BARKED_TWICE,PUPPY,COM-008,communication_id,STRING,COM-008,,,,,,,false,1,genie/puppy/communications.csv,communication_id,2026.07.19.2
CEO_BARKED_TWICE,PUPPY,COM-008,communication_type,STRING,EMAIL,,,,,,,false,2,genie/puppy/communications.csv,communication_type,2026.07.19.2
CEO_BARKED_TWICE,PUPPY,COM-008,sent_at,TIMESTAMP,,,,,,2026-02-10T16:00:00Z,,false,3,genie/puppy/communications.csv,sent_at,2026.07.19.2
CEO_BARKED_TWICE,PUPPY,COM-008,sender_record_id,STRING,PR-MABEL-01,,,,,,,false,4,genie/puppy/communications.csv,sender_record_id,2026.07.19.2
CEO_BARKED_TWICE,PUPPY,COM-008,recipient_record_ids,STRING,PR-PENNY-02,,,,,,,false,5,genie/puppy/communications.csv,recipient_record_ids,2026.07.19.2
CEO_BARKED_TWICE,PUPPY,COM-008,sender_domain,STRING,lanternbank.example,,,,,,,false,6,genie/puppy/communications.csv,sender_domain,2026.07.19.2
CEO_BARKED_TWICE,PUPPY,COM-008,subject,STRING,New beneficiary warning,,,,,,,false,7,genie/puppy/communications.csv,subject,2026.07.19.2
CEO_BARKED_TWICE,PUPPY,COM-008,safe_body,STRING,Payment instruction points to a newly added beneficiary that does not match prior Copper Paw history.,,,,,,,false,8,genie/puppy/communications.csv,safe_body,2026.07.19.2
CEO_BARKED_TWICE,PUPPY,COM-008,thread_id,STRING,THREAD-004,,,,,,,false,9,genie/puppy/communications.csv,thread_id,2026.07.19.2
CEO_BARKED_TWICE,PUPPY,COM-008,attachment_document_ids,NULL,,,,,,,null,false,10,genie/puppy/communications.csv,attachment_document_ids,2026.07.19.2
CEO_BARKED_TWICE,PUPPY,COM-009,communication_id,STRING,COM-009,,,,,,,false,1,genie/puppy/communications.csv,communication_id,2026.07.19.2
CEO_BARKED_TWICE,PUPPY,COM-009,communication_type,STRING,EMAIL,,,,,,,false,2,genie/puppy/communications.csv,communication_type,2026.07.19.2
CEO_BARKED_TWICE,PUPPY,COM-009,sent_at,TIMESTAMP,,,,,,2026-02-10T23:00:00Z,,false,3,genie/puppy/communications.csv,sent_at,2026.07.19.2
CEO_BARKED_TWICE,PUPPY,COM-009,sender_record_id,STRING,PR-ROWAN-03,,,,,,,false,4,genie/puppy/communications.csv,sender_record_id,2026.07.19.2
CEO_BARKED_TWICE,PUPPY,COM-009,recipient_record_ids,STRING,PR-PENNY-02,,,,,,,false,5,genie/puppy/communications.csv,recipient_record_ids,2026.07.19.2
CEO_BARKED_TWICE,PUPPY,COM-009,sender_domain,STRING,silvercoilar.example,,,,,,,false,6,genie/puppy/communications.csv,sender_domain,2026.07.19.2
CEO_BARKED_TWICE,PUPPY,COM-009,subject,STRING,Release confirmation needed,,,,,,,false,7,genie/puppy/communications.csv,subject,2026.07.19.2
CEO_BARKED_TWICE,PUPPY,COM-009,safe_body,STRING,The board call starts in twenty minutes. Confirm the transfer has left.,,,,,,,false,8,genie/puppy/communications.csv,safe_body,2026.07.19.2
CEO_BARKED_TWICE,PUPPY,COM-009,thread_id,STRING,THREAD-005,,,,,,,false,9,genie/puppy/communications.csv,thread_id,2026.07.19.2
CEO_BARKED_TWICE,PUPPY,COM-009,attachment_document_ids,NULL,,,,,,,null,false,10,genie/puppy/communications.csv,attachment_document_ids,2026.07.19.2
CEO_BARKED_TWICE,PUPPY,COM-010,communication_id,STRING,COM-010,,,,,,,false,1,genie/puppy/communications.csv,communication_id,2026.07.19.2
CEO_BARKED_TWICE,PUPPY,COM-010,communication_type,STRING,EMAIL,,,,,,,false,2,genie/puppy/communications.csv,communication_type,2026.07.19.2
CEO_BARKED_TWICE,PUPPY,COM-010,sent_at,TIMESTAMP,,,,,,2026-02-11T06:00:00Z,,false,3,genie/puppy/communications.csv,sent_at,2026.07.19.2
CEO_BARKED_TWICE,PUPPY,COM-010,sender_record_id,STRING,PR-VICTOR-02,,,,,,,false,4,genie/puppy/communications.csv,sender_record_id,2026.07.19.2
CEO_BARKED_TWICE,PUPPY,COM-010,recipient_record_ids,STRING,PR-PENNY-02,,,,,,,false,5,genie/puppy/communications.csv,recipient_record_ids,2026.07.19.2
CEO_BARKED_TWICE,PUPPY,COM-010,sender_domain,STRING,copperpaw.example,,,,,,,false,6,genie/puppy/communications.csv,sender_domain,2026.07.19.2
CEO_BARKED_TWICE,PUPPY,COM-010,subject,STRING,No bank change,,,,,,,false,7,genie/puppy/communications.csv,subject,2026.07.19.2
CEO_BARKED_TWICE,PUPPY,COM-010,safe_body,STRING,Copper Paw has not changed its bank account. Our verified account still ends 2207.,,,,,,,false,8,genie/puppy/communications.csv,safe_body,2026.07.19.2
CEO_BARKED_TWICE,PUPPY,COM-010,thread_id,STRING,THREAD-005,,,,,,,false,9,genie/puppy/communications.csv,thread_id,2026.07.19.2
CEO_BARKED_TWICE,PUPPY,COM-010,attachment_document_ids,NULL,,,,,,,null,false,10,genie/puppy/communications.csv,attachment_document_ids,2026.07.19.2
CEO_BARKED_TWICE,PUPPY,COM-011,communication_id,STRING,COM-011,,,,,,,false,1,genie/puppy/communications.csv,communication_id,2026.07.19.2
CEO_BARKED_TWICE,PUPPY,COM-011,communication_type,STRING,EMAIL,,,,,,,false,2,genie/puppy/communications.csv,communication_type,2026.07.19.2
CEO_BARKED_TWICE,PUPPY,COM-011,sent_at,TIMESTAMP,,,,,,2026-02-11T13:00:00Z,,false,3,genie/puppy/communications.csv,sent_at,2026.07.19.2
CEO_BARKED_TWICE,PUPPY,COM-011,sender_record_id,STRING,PR-PENNY-02,,,,,,,false,4,genie/puppy/communications.csv,sender_record_id,2026.07.19.2
CEO_BARKED_TWICE,PUPPY,COM-011,recipient_record_ids,STRING,PR-THEO-01,,,,,,,false,5,genie/puppy/communications.csv,recipient_record_ids,2026.07.19.2
CEO_BARKED_TWICE,PUPPY,COM-011,sender_domain,STRING,silvercollar.example,,,,,,,false,6,genie/puppy/communications.csv,sender_domain,2026.07.19.2
CEO_BARKED_TWICE,PUPPY,COM-011,subject,STRING,Missing vendor replies,,,,,,,false,7,genie/puppy/communications.csv,subject,2026.07.19.2
CEO_BARKED_TWICE,PUPPY,COM-011,safe_body,STRING,I cannot find Victor’s earlier response. Several messages are marked read before I open them.,,,,,,,false,8,genie/puppy/communications.csv,safe_body,2026.07.19.2
CEO_BARKED_TWICE,PUPPY,COM-011,thread_id,STRING,THREAD-006,,,,,,,false,9,genie/puppy/communications.csv,thread_id,2026.07.19.2
CEO_BARKED_TWICE,PUPPY,COM-011,attachment_document_ids,NULL,,,,,,,null,false,10,genie/puppy/communications.csv,attachment_document_ids,2026.07.19.2
CEO_BARKED_TWICE,PUPPY,COM-012,communication_id,STRING,COM-012,,,,,,,false,1,genie/puppy/communications.csv,communication_id,2026.07.19.2
CEO_BARKED_TWICE,PUPPY,COM-012,communication_type,STRING,EMAIL,,,,,,,false,2,genie/puppy/communications.csv,communication_type,2026.07.19.2
CEO_BARKED_TWICE,PUPPY,COM-012,sent_at,TIMESTAMP,,,,,,2026-02-11T20:00:00Z,,false,3,genie/puppy/communications.csv,sent_at,2026.07.19.2
CEO_BARKED_TWICE,PUPPY,COM-012,sender_record_id,STRING,PR-THEO-01,,,,,,,false,4,genie/puppy/communications.csv,sender_record_id,2026.07.19.2
CEO_BARKED_TWICE,PUPPY,COM-012,recipient_record_ids,STRING,PR-PENNY-02,,,,,,,false,5,genie/puppy/communications.csv,recipient_record_ids,2026.07.19.2
CEO_BARKED_TWICE,PUPPY,COM-012,sender_domain,STRING,silvercollar.example,,,,,,,false,6,genie/puppy/communications.csv,sender_domain,2026.07.19.2
CEO_BARKED_TWICE,PUPPY,COM-012,subject,STRING,Mailbox forwarding rule found,,,,,,,false,7,genie/puppy/communications.csv,subject,2026.07.19.2
CEO_BARKED_TWICE,PUPPY,COM-012,safe_body,STRING,A rule created from external IP 203.0.113.77 forwards vendor and CEO replies to an unknown mailbox.,,,,,,,false,8,genie/puppy/communications.csv,safe_body,2026.07.19.2
CEO_BARKED_TWICE,PUPPY,COM-012,thread_id,STRING,THREAD-006,,,,,,,false,9,genie/puppy/communications.csv,thread_id,2026.07.19.2
CEO_BARKED_TWICE,PUPPY,COM-012,attachment_document_ids,NULL,,,,,,,null,false,10,genie/puppy/communications.csv,attachment_document_ids,2026.07.19.2
CEO_BARKED_TWICE,PUPPY,COM-013,communication_id,STRING,COM-013,,,,,,,false,1,genie/puppy/communications.csv,communication_id,2026.07.19.2
CEO_BARKED_TWICE,PUPPY,COM-013,communication_type,STRING,EMAIL,,,,,,,false,2,genie/puppy/communications.csv,communication_type,2026.07.19.2
CEO_BARKED_TWICE,PUPPY,COM-013,sent_at,TIMESTAMP,,,,,,2026-02-12T03:00:00Z,,false,3,genie/puppy/communications.csv,sent_at,2026.07.19.2
CEO_BARKED_TWICE,PUPPY,COM-013,sender_record_id,STRING,PR-BEA-02,,,,,,,false,4,genie/puppy/communications.csv,sender_record_id,2026.07.19.2
CEO_BARKED_TWICE,PUPPY,COM-013,recipient_record_ids,STRING,PR-CONRAD-02,,,,,,,false,5,genie/puppy/communications.csv,recipient_record_ids,2026.07.19.2
CEO_BARKED_TWICE,PUPPY,COM-013,sender_domain,STRING,silvercollar.example,,,,,,,false,6,genie/puppy/communications.csv,sender_domain,2026.07.19.2
CEO_BARKED_TWICE,PUPPY,COM-013,subject,STRING,I did not authorize this,,,,,,,false,7,genie/puppy/communications.csv,subject,2026.07.19.2
CEO_BARKED_TWICE,PUPPY,COM-013,safe_body,STRING,I sent no confidential payment request and would never suspend callback controls.,,,,,,,false,8,genie/puppy/communications.csv,safe_body,2026.07.19.2
CEO_BARKED_TWICE,PUPPY,COM-013,thread_id,STRING,THREAD-007,,,,,,,false,9,genie/puppy/communications.csv,thread_id,2026.07.19.2
CEO_BARKED_TWICE,PUPPY,COM-013,attachment_document_ids,NULL,,,,,,,null,false,10,genie/puppy/communications.csv,attachment_document_ids,2026.07.19.2
CEO_BARKED_TWICE,PUPPY,COM-014,communication_id,STRING,COM-014,,,,,,,false,1,genie/puppy/communications.csv,communication_id,2026.07.19.2
CEO_BARKED_TWICE,PUPPY,COM-014,communication_type,STRING,EMAIL,,,,,,,false,2,genie/puppy/communications.csv,communication_type,2026.07.19.2
CEO_BARKED_TWICE,PUPPY,COM-014,sent_at,TIMESTAMP,,,,,,2026-02-12T10:00:00Z,,false,3,genie/puppy/communications.csv,sent_at,2026.07.19.2
CEO_BARKED_TWICE,PUPPY,COM-014,sender_record_id,STRING,PR-IVY-01,,,,,,,false,4,genie/puppy/communications.csv,sender_record_id,2026.07.19.2
CEO_BARKED_TWICE,PUPPY,COM-014,recipient_record_ids,STRING,PR-PENNY-02,,,,,,,false,5,genie/puppy/communications.csv,recipient_record_ids,2026.07.19.2
CEO_BARKED_TWICE,PUPPY,COM-014,sender_domain,STRING,copperpavv.example,,,,,,,false,6,genie/puppy/communications.csv,sender_domain,2026.07.19.2
CEO_BARKED_TWICE,PUPPY,COM-014,subject,STRING,Second invoice — revised details,,,,,,,false,7,genie/puppy/communications.csv,subject,2026.07.19.2
CEO_BARKED_TWICE,PUPPY,COM-014,safe_body,STRING,Please use account 8842 again for CPI-1059. The earlier payment reached us.,,,,,,,false,8,genie/puppy/communications.csv,safe_body,2026.07.19.2
CEO_BARKED_TWICE,PUPPY,COM-014,thread_id,STRING,THREAD-007,,,,,,,false,9,genie/puppy/communications.csv,thread_id,2026.07.19.2
CEO_BARKED_TWICE,PUPPY,COM-014,attachment_document_ids,STRING,DOC-012,,,,,,,false,10,genie/puppy/communications.csv,attachment_document_ids,2026.07.19.2
CEO_BARKED_TWICE,PUPPY,COM-015,communication_id,STRING,COM-015,,,,,,,false,1,genie/puppy/communications.csv,communication_id,2026.07.19.2
CEO_BARKED_TWICE,PUPPY,COM-015,communication_type,STRING,EMAIL,,,,,,,false,2,genie/puppy/communications.csv,communication_type,2026.07.19.2
CEO_BARKED_TWICE,PUPPY,COM-015,sent_at,TIMESTAMP,,,,,,2026-02-12T17:00:00Z,,false,3,genie/puppy/communications.csv,sent_at,2026.07.19.2
CEO_BARKED_TWICE,PUPPY,COM-015,sender_record_id,STRING,PR-CONRAD-02,,,,,,,false,4,genie/puppy/communications.csv,sender_record_id,2026.07.19.2
CEO_BARKED_TWICE,PUPPY,COM-015,recipient_record_ids,STRING,PR-MABEL-01,,,,,,,false,5,genie/puppy/communications.csv,recipient_record_ids,2026.07.19.2
CEO_BARKED_TWICE,PUPPY,COM-015,sender_domain,STRING,silvercollar.example,,,,,,,false,6,genie/puppy/communications.csv,sender_domain,2026.07.19.2
CEO_BARKED_TWICE,PUPPY,COM-015,subject,STRING,Hold second transfer,,,,,,,false,7,genie/puppy/communications.csv,subject,2026.07.19.2
CEO_BARKED_TWICE,PUPPY,COM-015,safe_body,STRING,Freeze CPI-1059 and trace the first beneficiary. The CEO message was impersonation.,,,,,,,false,8,genie/puppy/communications.csv,safe_body,2026.07.19.2
CEO_BARKED_TWICE,PUPPY,COM-015,thread_id,STRING,THREAD-008,,,,,,,false,9,genie/puppy/communications.csv,thread_id,2026.07.19.2
CEO_BARKED_TWICE,PUPPY,COM-015,attachment_document_ids,STRING,DOC-012,,,,,,,false,10,genie/puppy/communications.csv,attachment_document_ids,2026.07.19.2
CEO_BARKED_TWICE,PUPPY,COM-016,communication_id,STRING,COM-016,,,,,,,false,1,genie/puppy/communications.csv,communication_id,2026.07.19.2
CEO_BARKED_TWICE,PUPPY,COM-016,communication_type,STRING,EMAIL,,,,,,,false,2,genie/puppy/communications.csv,communication_type,2026.07.19.2
CEO_BARKED_TWICE,PUPPY,COM-016,sent_at,TIMESTAMP,,,,,,2026-02-13T00:00:00Z,,false,3,genie/puppy/communications.csv,sent_at,2026.07.19.2
CEO_BARKED_TWICE,PUPPY,COM-016,sender_record_id,STRING,PR-GRANT-03,,,,,,,false,4,genie/puppy/communications.csv,sender_record_id,2026.07.19.2
CEO_BARKED_TWICE,PUPPY,COM-016,recipient_record_ids,STRING,PR-ROWAN-03,,,,,,,false,5,genie/puppy/communications.csv,recipient_record_ids,2026.07.19.2
CEO_BARKED_TWICE,PUPPY,COM-016,sender_domain,STRING,nightjar-consult.example,,,,,,,false,6,genie/puppy/communications.csv,sender_domain,2026.07.19.2
CEO_BARKED_TWICE,PUPPY,COM-016,subject,STRING,First transfer received,,,,,,,false,7,genie/puppy/communications.csv,subject,2026.07.19.2
CEO_BARKED_TWICE,PUPPY,COM-016,safe_body,STRING,"The 420,000 has cleared. I can split it across the three destinations and remittance account.",,,,,,,false,8,genie/puppy/communications.csv,safe_body,2026.07.19.2
CEO_BARKED_TWICE,PUPPY,COM-016,thread_id,STRING,THREAD-008,,,,,,,false,9,genie/puppy/communications.csv,thread_id,2026.07.19.2
CEO_BARKED_TWICE,PUPPY,COM-016,attachment_document_ids,NULL,,,,,,,null,false,10,genie/puppy/communications.csv,attachment_document_ids,2026.07.19.2
CEO_BARKED_TWICE,PUPPY,COM-017,communication_id,STRING,COM-017,,,,,,,false,1,genie/puppy/communications.csv,communication_id,2026.07.19.2
CEO_BARKED_TWICE,PUPPY,COM-017,communication_type,STRING,EMAIL,,,,,,,false,2,genie/puppy/communications.csv,communication_type,2026.07.19.2
CEO_BARKED_TWICE,PUPPY,COM-017,sent_at,TIMESTAMP,,,,,,2026-02-13T07:00:00Z,,false,3,genie/puppy/communications.csv,sent_at,2026.07.19.2
CEO_BARKED_TWICE,PUPPY,COM-017,sender_record_id,STRING,PR-ROWAN-03,,,,,,,false,4,genie/puppy/communications.csv,sender_record_id,2026.07.19.2
CEO_BARKED_TWICE,PUPPY,COM-017,recipient_record_ids,STRING,PR-GRANT-03,,,,,,,false,5,genie/puppy/communications.csv,recipient_record_ids,2026.07.19.2
CEO_BARKED_TWICE,PUPPY,COM-017,sender_domain,STRING,nightjar-consult.example,,,,,,,false,6,genie/puppy/communications.csv,sender_domain,2026.07.19.2
CEO_BARKED_TWICE,PUPPY,COM-017,subject,STRING,Split immediately,,,,,,,false,7,genie/puppy/communications.csv,subject,2026.07.19.2
CEO_BARKED_TWICE,PUPPY,COM-017,safe_body,STRING,"Move 140 to your account, 95 to mine, 70 to Ivy, and the rest through Harbor Hound.",,,,,,,false,8,genie/puppy/communications.csv,safe_body,2026.07.19.2
CEO_BARKED_TWICE,PUPPY,COM-017,thread_id,STRING,THREAD-009,,,,,,,false,9,genie/puppy/communications.csv,thread_id,2026.07.19.2
CEO_BARKED_TWICE,PUPPY,COM-017,attachment_document_ids,NULL,,,,,,,null,false,10,genie/puppy/communications.csv,attachment_document_ids,2026.07.19.2
CEO_BARKED_TWICE,PUPPY,COM-018,communication_id,STRING,COM-018,,,,,,,false,1,genie/puppy/communications.csv,communication_id,2026.07.19.2
CEO_BARKED_TWICE,PUPPY,COM-018,communication_type,STRING,EMAIL,,,,,,,false,2,genie/puppy/communications.csv,communication_type,2026.07.19.2
CEO_BARKED_TWICE,PUPPY,COM-018,sent_at,TIMESTAMP,,,,,,2026-02-13T14:00:00Z,,false,3,genie/puppy/communications.csv,sent_at,2026.07.19.2
CEO_BARKED_TWICE,PUPPY,COM-018,sender_record_id,STRING,PR-IVY-01,,,,,,,false,4,genie/puppy/communications.csv,sender_record_id,2026.07.19.2
CEO_BARKED_TWICE,PUPPY,COM-018,recipient_record_ids,STRING,PR-ROWAN-03,,,,,,,false,5,genie/puppy/communications.csv,recipient_record_ids,2026.07.19.2
CEO_BARKED_TWICE,PUPPY,COM-018,sender_domain,STRING,nightjar-consult.example,,,,,,,false,6,genie/puppy/communications.csv,sender_domain,2026.07.19.2
CEO_BARKED_TWICE,PUPPY,COM-018,subject,STRING,Mailbox still live,,,,,,,false,7,genie/puppy/communications.csv,subject,2026.07.19.2
CEO_BARKED_TWICE,PUPPY,COM-018,safe_body,STRING,The forwarding rule remains active. A third invoice can be attempted before security resets the session.,,,,,,,false,8,genie/puppy/communications.csv,safe_body,2026.07.19.2
CEO_BARKED_TWICE,PUPPY,COM-018,thread_id,STRING,THREAD-009,,,,,,,false,9,genie/puppy/communications.csv,thread_id,2026.07.19.2
CEO_BARKED_TWICE,PUPPY,COM-018,attachment_document_ids,NULL,,,,,,,null,false,10,genie/puppy/communications.csv,attachment_document_ids,2026.07.19.2
CEO_BARKED_TWICE,PUPPY,COM-019,communication_id,STRING,COM-019,,,,,,,false,1,genie/puppy/communications.csv,communication_id,2026.07.19.2
CEO_BARKED_TWICE,PUPPY,COM-019,communication_type,STRING,EMAIL,,,,,,,false,2,genie/puppy/communications.csv,communication_type,2026.07.19.2
CEO_BARKED_TWICE,PUPPY,COM-019,sent_at,TIMESTAMP,,,,,,2026-02-13T21:00:00Z,,false,3,genie/puppy/communications.csv,sent_at,2026.07.19.2
CEO_BARKED_TWICE,PUPPY,COM-019,sender_record_id,STRING,PR-PENNY-02,,,,,,,false,4,genie/puppy/communications.csv,sender_record_id,2026.07.19.2
CEO_BARKED_TWICE,PUPPY,COM-019,recipient_record_ids,STRING,PR-BEA-02,,,,,,,false,5,genie/puppy/communications.csv,recipient_record_ids,2026.07.19.2
CEO_BARKED_TWICE,PUPPY,COM-019,sender_domain,STRING,silvercollar.example,,,,,,,false,6,genie/puppy/communications.csv,sender_domain,2026.07.19.2
CEO_BARKED_TWICE,PUPPY,COM-019,subject,STRING,Incident statement,,,,,,,false,7,genie/puppy/communications.csv,subject,2026.07.19.2
CEO_BARKED_TWICE,PUPPY,COM-019,safe_body,STRING,I relied on messages that appeared to be from you and the vendor. I did not create the forwarding rule.,,,,,,,false,8,genie/puppy/communications.csv,safe_body,2026.07.19.2
CEO_BARKED_TWICE,PUPPY,COM-019,thread_id,STRING,THREAD-010,,,,,,,false,9,genie/puppy/communications.csv,thread_id,2026.07.19.2
CEO_BARKED_TWICE,PUPPY,COM-019,attachment_document_ids,NULL,,,,,,,null,false,10,genie/puppy/communications.csv,attachment_document_ids,2026.07.19.2
CEO_BARKED_TWICE,PUPPY,COM-020,communication_id,STRING,COM-020,,,,,,,false,1,genie/puppy/communications.csv,communication_id,2026.07.19.2
CEO_BARKED_TWICE,PUPPY,COM-020,communication_type,STRING,EMAIL,,,,,,,false,2,genie/puppy/communications.csv,communication_type,2026.07.19.2
CEO_BARKED_TWICE,PUPPY,COM-020,sent_at,TIMESTAMP,,,,,,2026-02-14T04:00:00Z,,false,3,genie/puppy/communications.csv,sent_at,2026.07.19.2
CEO_BARKED_TWICE,PUPPY,COM-020,sender_record_id,STRING,PR-CONRAD-02,,,,,,,false,4,genie/puppy/communications.csv,sender_record_id,2026.07.19.2
CEO_BARKED_TWICE,PUPPY,COM-020,recipient_record_ids,STRING,PR-RHEA-01,,,,,,,false,5,genie/puppy/communications.csv,recipient_record_ids,2026.07.19.2
CEO_BARKED_TWICE,PUPPY,COM-020,sender_domain,STRING,silvercollar.example,,,,,,,false,6,genie/puppy/communications.csv,sender_domain,2026.07.19.2
CEO_BARKED_TWICE,PUPPY,COM-020,subject,STRING,Approval context,,,,,,,false,7,genie/puppy/communications.csv,subject,2026.07.19.2
CEO_BARKED_TWICE,PUPPY,COM-020,safe_body,STRING,I approved an exception based on the impersonated CEO request and intercepted vendor reply; I received no personal benefit.,,,,,,,false,8,genie/puppy/communications.csv,safe_body,2026.07.19.2
CEO_BARKED_TWICE,PUPPY,COM-020,thread_id,STRING,THREAD-010,,,,,,,false,9,genie/puppy/communications.csv,thread_id,2026.07.19.2
CEO_BARKED_TWICE,PUPPY,COM-020,attachment_document_ids,NULL,,,,,,,null,false,10,genie/puppy/communications.csv,attachment_document_ids,2026.07.19.2
CEO_BARKED_TWICE,PUPPY,COM-021,communication_id,STRING,COM-021,,,,,,,false,1,genie/puppy/communications.csv,communication_id,2026.07.19.2
CEO_BARKED_TWICE,PUPPY,COM-021,communication_type,STRING,EMAIL,,,,,,,false,2,genie/puppy/communications.csv,communication_type,2026.07.19.2
CEO_BARKED_TWICE,PUPPY,COM-021,sent_at,TIMESTAMP,,,,,,2026-02-14T11:00:00Z,,false,3,genie/puppy/communications.csv,sent_at,2026.07.19.2
CEO_BARKED_TWICE,PUPPY,COM-021,sender_record_id,STRING,PR-OWEN-02,,,,,,,false,4,genie/puppy/communications.csv,sender_record_id,2026.07.19.2
CEO_BARKED_TWICE,PUPPY,COM-021,recipient_record_ids,STRING,PR-RHEA-01,,,,,,,false,5,genie/puppy/communications.csv,recipient_record_ids,2026.07.19.2
CEO_BARKED_TWICE,PUPPY,COM-021,sender_domain,STRING,copperpaw.example,,,,,,,false,6,genie/puppy/communications.csv,sender_domain,2026.07.19.2
CEO_BARKED_TWICE,PUPPY,COM-021,subject,STRING,Vendor statement,,,,,,,false,7,genie/puppy/communications.csv,subject,2026.07.19.2
CEO_BARKED_TWICE,PUPPY,COM-021,safe_body,STRING,Copper Paw never requested account 8842 and our staff used only copperpaw.example.,,,,,,,false,8,genie/puppy/communications.csv,safe_body,2026.07.19.2
CEO_BARKED_TWICE,PUPPY,COM-021,thread_id,STRING,THREAD-011,,,,,,,false,9,genie/puppy/communications.csv,thread_id,2026.07.19.2
CEO_BARKED_TWICE,PUPPY,COM-021,attachment_document_ids,NULL,,,,,,,null,false,10,genie/puppy/communications.csv,attachment_document_ids,2026.07.19.2
CEO_BARKED_TWICE,PUPPY,COM-022,communication_id,STRING,COM-022,,,,,,,false,1,genie/puppy/communications.csv,communication_id,2026.07.19.2
CEO_BARKED_TWICE,PUPPY,COM-022,communication_type,STRING,EMAIL,,,,,,,false,2,genie/puppy/communications.csv,communication_type,2026.07.19.2
CEO_BARKED_TWICE,PUPPY,COM-022,sent_at,TIMESTAMP,,,,,,2026-02-14T18:00:00Z,,false,3,genie/puppy/communications.csv,sent_at,2026.07.19.2
CEO_BARKED_TWICE,PUPPY,COM-022,sender_record_id,STRING,PR-MABEL-01,,,,,,,false,4,genie/puppy/communications.csv,sender_record_id,2026.07.19.2
CEO_BARKED_TWICE,PUPPY,COM-022,recipient_record_ids,STRING,PR-RHEA-01,,,,,,,false,5,genie/puppy/communications.csv,recipient_record_ids,2026.07.19.2
CEO_BARKED_TWICE,PUPPY,COM-022,sender_domain,STRING,lanternbank.example,,,,,,,false,6,genie/puppy/communications.csv,sender_domain,2026.07.19.2
CEO_BARKED_TWICE,PUPPY,COM-022,subject,STRING,Recovery update,,,,,,,false,7,genie/puppy/communications.csv,subject,2026.07.19.2
CEO_BARKED_TWICE,PUPPY,COM-022,safe_body,STRING,"125,000 was frozen at Harbor Hound. Remaining funds had already been dispersed.",,,,,,,false,8,genie/puppy/communications.csv,safe_body,2026.07.19.2
CEO_BARKED_TWICE,PUPPY,COM-022,thread_id,STRING,THREAD-011,,,,,,,false,9,genie/puppy/communications.csv,thread_id,2026.07.19.2
CEO_BARKED_TWICE,PUPPY,COM-022,attachment_document_ids,NULL,,,,,,,null,false,10,genie/puppy/communications.csv,attachment_document_ids,2026.07.19.2
CEO_BARKED_TWICE,PUPPY,COM-023,communication_id,STRING,COM-023,,,,,,,false,1,genie/puppy/communications.csv,communication_id,2026.07.19.2
CEO_BARKED_TWICE,PUPPY,COM-023,communication_type,STRING,EMAIL,,,,,,,false,2,genie/puppy/communications.csv,communication_type,2026.07.19.2
CEO_BARKED_TWICE,PUPPY,COM-023,sent_at,TIMESTAMP,,,,,,2026-02-15T01:00:00Z,,false,3,genie/puppy/communications.csv,sent_at,2026.07.19.2
CEO_BARKED_TWICE,PUPPY,COM-023,sender_record_id,STRING,PR-THEO-01,,,,,,,false,4,genie/puppy/communications.csv,sender_record_id,2026.07.19.2
CEO_BARKED_TWICE,PUPPY,COM-023,recipient_record_ids,STRING,PR-RHEA-01,,,,,,,false,5,genie/puppy/communications.csv,recipient_record_ids,2026.07.19.2
CEO_BARKED_TWICE,PUPPY,COM-023,sender_domain,STRING,silvercollar.example,,,,,,,false,6,genie/puppy/communications.csv,sender_domain,2026.07.19.2
CEO_BARKED_TWICE,PUPPY,COM-023,subject,STRING,Authentication findings,,,,,,,false,7,genie/puppy/communications.csv,subject,2026.07.19.2
CEO_BARKED_TWICE,PUPPY,COM-023,safe_body,STRING,The mailbox rule and external sessions share device dev-9f2a and IP 203.0.113.77.,,,,,,,false,8,genie/puppy/communications.csv,safe_body,2026.07.19.2
CEO_BARKED_TWICE,PUPPY,COM-023,thread_id,STRING,THREAD-012,,,,,,,false,9,genie/puppy/communications.csv,thread_id,2026.07.19.2
CEO_BARKED_TWICE,PUPPY,COM-023,attachment_document_ids,NULL,,,,,,,null,false,10,genie/puppy/communications.csv,attachment_document_ids,2026.07.19.2
CEO_BARKED_TWICE,PUPPY,COM-024,communication_id,STRING,COM-024,,,,,,,false,1,genie/puppy/communications.csv,communication_id,2026.07.19.2
CEO_BARKED_TWICE,PUPPY,COM-024,communication_type,STRING,EMAIL,,,,,,,false,2,genie/puppy/communications.csv,communication_type,2026.07.19.2
CEO_BARKED_TWICE,PUPPY,COM-024,sent_at,TIMESTAMP,,,,,,2026-02-15T08:00:00Z,,false,3,genie/puppy/communications.csv,sent_at,2026.07.19.2
CEO_BARKED_TWICE,PUPPY,COM-024,sender_record_id,STRING,PR-RHEA-01,,,,,,,false,4,genie/puppy/communications.csv,sender_record_id,2026.07.19.2
CEO_BARKED_TWICE,PUPPY,COM-024,recipient_record_ids,STRING,PR-CONRAD-02,,,,,,,false,5,genie/puppy/communications.csv,recipient_record_ids,2026.07.19.2
CEO_BARKED_TWICE,PUPPY,COM-024,sender_domain,STRING,retrieveledger.example,,,,,,,false,6,genie/puppy/communications.csv,sender_domain,2026.07.19.2
CEO_BARKED_TWICE,PUPPY,COM-024,subject,STRING,Control observation,,,,,,,false,7,genie/puppy/communications.csv,subject,2026.07.19.2
CEO_BARKED_TWICE,PUPPY,COM-024,safe_body,STRING,"The exception process failed because callback verification was deferred, not because the normal policy was absent.",,,,,,,false,8,genie/puppy/communications.csv,safe_body,2026.07.19.2
CEO_BARKED_TWICE,PUPPY,COM-024,thread_id,STRING,THREAD-012,,,,,,,false,9,genie/puppy/communications.csv,thread_id,2026.07.19.2
CEO_BARKED_TWICE,PUPPY,COM-024,attachment_document_ids,NULL,,,,,,,null,false,10,genie/puppy/communications.csv,attachment_document_ids,2026.07.19.2
CEO_BARKED_TWICE,PUPPY,COM-025,communication_id,STRING,COM-025,,,,,,,false,1,genie/puppy/communications.csv,communication_id,2026.07.19.2
CEO_BARKED_TWICE,PUPPY,COM-025,communication_type,STRING,EMAIL,,,,,,,false,2,genie/puppy/communications.csv,communication_type,2026.07.19.2
CEO_BARKED_TWICE,PUPPY,COM-025,sent_at,TIMESTAMP,,,,,,2026-02-15T15:00:00Z,,false,3,genie/puppy/communications.csv,sent_at,2026.07.19.2
CEO_BARKED_TWICE,PUPPY,COM-025,sender_record_id,STRING,PR-IDA-01,,,,,,,false,4,genie/puppy/communications.csv,sender_record_id,2026.07.19.2
CEO_BARKED_TWICE,PUPPY,COM-025,recipient_record_ids,STRING,PR-RHEA-01,,,,,,,false,5,genie/puppy/communications.csv,recipient_record_ids,2026.07.19.2
CEO_BARKED_TWICE,PUPPY,COM-025,sender_domain,STRING,silvercollar.example,,,,,,,false,6,genie/puppy/communications.csv,sender_domain,2026.07.19.2
CEO_BARKED_TWICE,PUPPY,COM-025,subject,STRING,Purchase order validation,,,,,,,false,7,genie/puppy/communications.csv,subject,2026.07.19.2
CEO_BARKED_TWICE,PUPPY,COM-025,safe_body,STRING,"PO-26005 is genuine, but it authorizes Copper Paw at the verified account, not the substituted beneficiary.",,,,,,,false,8,genie/puppy/communications.csv,safe_body,2026.07.19.2
CEO_BARKED_TWICE,PUPPY,COM-025,thread_id,STRING,THREAD-013,,,,,,,false,9,genie/puppy/communications.csv,thread_id,2026.07.19.2
CEO_BARKED_TWICE,PUPPY,COM-025,attachment_document_ids,NULL,,,,,,,null,false,10,genie/puppy/communications.csv,attachment_document_ids,2026.07.19.2
CEO_BARKED_TWICE,PUPPY,COM-026,communication_id,STRING,COM-026,,,,,,,false,1,genie/puppy/communications.csv,communication_id,2026.07.19.2
CEO_BARKED_TWICE,PUPPY,COM-026,communication_type,STRING,EMAIL,,,,,,,false,2,genie/puppy/communications.csv,communication_type,2026.07.19.2
CEO_BARKED_TWICE,PUPPY,COM-026,sent_at,TIMESTAMP,,,,,,2026-02-15T22:00:00Z,,false,3,genie/puppy/communications.csv,sent_at,2026.07.19.2
CEO_BARKED_TWICE,PUPPY,COM-026,sender_record_id,STRING,PR-IVY-01,,,,,,,false,4,genie/puppy/communications.csv,sender_record_id,2026.07.19.2
CEO_BARKED_TWICE,PUPPY,COM-026,recipient_record_ids,STRING,PR-ROWAN-03,,,,,,,false,5,genie/puppy/communications.csv,recipient_record_ids,2026.07.19.2
CEO_BARKED_TWICE,PUPPY,COM-026,sender_domain,STRING,nightjar-consult.example,,,,,,,false,6,genie/puppy/communications.csv,sender_domain,2026.07.19.2
CEO_BARKED_TWICE,PUPPY,COM-026,subject,STRING,Lookalike domains renewed,,,,,,,false,7,genie/puppy/communications.csv,subject,2026.07.19.2
CEO_BARKED_TWICE,PUPPY,COM-026,safe_body,STRING,Both silvercoilar.example and copperpavv.example use registrar account REGACC-441 and the same recovery mailbox.,,,,,,,false,8,genie/puppy/communications.csv,safe_body,2026.07.19.2
CEO_BARKED_TWICE,PUPPY,COM-026,thread_id,STRING,THREAD-013,,,,,,,false,9,genie/puppy/communications.csv,thread_id,2026.07.19.2
CEO_BARKED_TWICE,PUPPY,COM-026,attachment_document_ids,NULL,,,,,,,null,false,10,genie/puppy/communications.csv,attachment_document_ids,2026.07.19.2
CEO_BARKED_TWICE,PUPPY,COM-027,communication_id,STRING,COM-027,,,,,,,false,1,genie/puppy/communications.csv,communication_id,2026.07.19.2
CEO_BARKED_TWICE,PUPPY,COM-027,communication_type,STRING,EMAIL,,,,,,,false,2,genie/puppy/communications.csv,communication_type,2026.07.19.2
CEO_BARKED_TWICE,PUPPY,COM-027,sent_at,TIMESTAMP,,,,,,2026-02-16T05:00:00Z,,false,3,genie/puppy/communications.csv,sent_at,2026.07.19.2
CEO_BARKED_TWICE,PUPPY,COM-027,sender_record_id,STRING,PR-ROWAN-03,,,,,,,false,4,genie/puppy/communications.csv,sender_record_id,2026.07.19.2
CEO_BARKED_TWICE,PUPPY,COM-027,recipient_record_ids,STRING,PR-IVY-01,,,,,,,false,5,genie/puppy/communications.csv,recipient_record_ids,2026.07.19.2
CEO_BARKED_TWICE,PUPPY,COM-027,sender_domain,STRING,nightjar-consult.example,,,,,,,false,6,genie/puppy/communications.csv,sender_domain,2026.07.19.2
CEO_BARKED_TWICE,PUPPY,COM-027,subject,STRING,Use Bea’s travel window,,,,,,,false,7,genie/puppy/communications.csv,subject,2026.07.19.2
CEO_BARKED_TWICE,PUPPY,COM-027,safe_body,STRING,Send the request after her flight departs and before the finance call.,,,,,,,false,8,genie/puppy/communications.csv,safe_body,2026.07.19.2
CEO_BARKED_TWICE,PUPPY,COM-027,thread_id,STRING,THREAD-014,,,,,,,false,9,genie/puppy/communications.csv,thread_id,2026.07.19.2
CEO_BARKED_TWICE,PUPPY,COM-027,attachment_document_ids,NULL,,,,,,,null,false,10,genie/puppy/communications.csv,attachment_document_ids,2026.07.19.2
CEO_BARKED_TWICE,PUPPY,COM-028,communication_id,STRING,COM-028,,,,,,,false,1,genie/puppy/communications.csv,communication_id,2026.07.19.2
CEO_BARKED_TWICE,PUPPY,COM-028,communication_type,STRING,EMAIL,,,,,,,false,2,genie/puppy/communications.csv,communication_type,2026.07.19.2
CEO_BARKED_TWICE,PUPPY,COM-028,sent_at,TIMESTAMP,,,,,,2026-02-16T12:00:00Z,,false,3,genie/puppy/communications.csv,sent_at,2026.07.19.2
CEO_BARKED_TWICE,PUPPY,COM-028,sender_record_id,STRING,PR-GRANT-03,,,,,,,false,4,genie/puppy/communications.csv,sender_record_id,2026.07.19.2
CEO_BARKED_TWICE,PUPPY,COM-028,recipient_record_ids,STRING,PR-IVY-01,,,,,,,false,5,genie/puppy/communications.csv,recipient_record_ids,2026.07.19.2
CEO_BARKED_TWICE,PUPPY,COM-028,sender_domain,STRING,nightjar-consult.example,,,,,,,false,6,genie/puppy/communications.csv,sender_domain,2026.07.19.2
CEO_BARKED_TWICE,PUPPY,COM-028,subject,STRING,Remittance route,,,,,,,false,7,genie/puppy/communications.csv,subject,2026.07.19.2
CEO_BARKED_TWICE,PUPPY,COM-028,safe_body,STRING,Harbor Hound accepts the same-day split if Nightjar is listed as consulting services.,,,,,,,false,8,genie/puppy/communications.csv,safe_body,2026.07.19.2
CEO_BARKED_TWICE,PUPPY,COM-028,thread_id,STRING,THREAD-014,,,,,,,false,9,genie/puppy/communications.csv,thread_id,2026.07.19.2
CEO_BARKED_TWICE,PUPPY,COM-028,attachment_document_ids,NULL,,,,,,,null,false,10,genie/puppy/communications.csv,attachment_document_ids,2026.07.19.2
CEO_BARKED_TWICE,PUPPY,COM-029,communication_id,STRING,COM-029,,,,,,,false,1,genie/puppy/communications.csv,communication_id,2026.07.19.2
CEO_BARKED_TWICE,PUPPY,COM-029,communication_type,STRING,EMAIL,,,,,,,false,2,genie/puppy/communications.csv,communication_type,2026.07.19.2
CEO_BARKED_TWICE,PUPPY,COM-029,sent_at,TIMESTAMP,,,,,,2026-02-16T19:00:00Z,,false,3,genie/puppy/communications.csv,sent_at,2026.07.19.2
CEO_BARKED_TWICE,PUPPY,COM-029,sender_record_id,STRING,PR-PENNY-02,,,,,,,false,4,genie/puppy/communications.csv,sender_record_id,2026.07.19.2
CEO_BARKED_TWICE,PUPPY,COM-029,recipient_record_ids,STRING,PR-MABEL-01,,,,,,,false,5,genie/puppy/communications.csv,recipient_record_ids,2026.07.19.2
CEO_BARKED_TWICE,PUPPY,COM-029,sender_domain,STRING,silvercollar.example,,,,,,,false,6,genie/puppy/communications.csv,sender_domain,2026.07.19.2
CEO_BARKED_TWICE,PUPPY,COM-029,subject,STRING,Third payment stopped,,,,,,,false,7,genie/puppy/communications.csv,subject,2026.07.19.2
CEO_BARKED_TWICE,PUPPY,COM-029,safe_body,STRING,"Callback with Copper Paw failed and the 155,000 transfer was cancelled before release.",,,,,,,false,8,genie/puppy/communications.csv,safe_body,2026.07.19.2
CEO_BARKED_TWICE,PUPPY,COM-029,thread_id,STRING,THREAD-015,,,,,,,false,9,genie/puppy/communications.csv,thread_id,2026.07.19.2
CEO_BARKED_TWICE,PUPPY,COM-029,attachment_document_ids,NULL,,,,,,,null,false,10,genie/puppy/communications.csv,attachment_document_ids,2026.07.19.2
CEO_BARKED_TWICE,PUPPY,COM-030,communication_id,STRING,COM-030,,,,,,,false,1,genie/puppy/communications.csv,communication_id,2026.07.19.2
CEO_BARKED_TWICE,PUPPY,COM-030,communication_type,STRING,EMAIL,,,,,,,false,2,genie/puppy/communications.csv,communication_type,2026.07.19.2
CEO_BARKED_TWICE,PUPPY,COM-030,sent_at,TIMESTAMP,,,,,,2026-02-17T02:00:00Z,,false,3,genie/puppy/communications.csv,sent_at,2026.07.19.2
CEO_BARKED_TWICE,PUPPY,COM-030,sender_record_id,STRING,PR-BEA-02,,,,,,,false,4,genie/puppy/communications.csv,sender_record_id,2026.07.19.2
CEO_BARKED_TWICE,PUPPY,COM-030,recipient_record_ids,STRING,PR-PENNY-02,,,,,,,false,5,genie/puppy/communications.csv,recipient_record_ids,2026.07.19.2
CEO_BARKED_TWICE,PUPPY,COM-030,sender_domain,STRING,silvercollar.example,,,,,,,false,6,genie/puppy/communications.csv,sender_domain,2026.07.19.2
CEO_BARKED_TWICE,PUPPY,COM-030,subject,STRING,Thank you for reporting,,,,,,,false,7,genie/puppy/communications.csv,subject,2026.07.19.2
CEO_BARKED_TWICE,PUPPY,COM-030,safe_body,STRING,You were deceived through a compromised mailbox. Preserve the messages and work with the response team.,,,,,,,false,8,genie/puppy/communications.csv,safe_body,2026.07.19.2
CEO_BARKED_TWICE,PUPPY,COM-030,thread_id,STRING,THREAD-015,,,,,,,false,9,genie/puppy/communications.csv,thread_id,2026.07.19.2
CEO_BARKED_TWICE,PUPPY,COM-030,attachment_document_ids,NULL,,,,,,,null,false,10,genie/puppy/communications.csv,attachment_document_ids,2026.07.19.2
CEO_BARKED_TWICE,PUPPY,COM-031,communication_id,STRING,COM-031,,,,,,,false,1,genie/puppy/communications.csv,communication_id,2026.07.19.2
CEO_BARKED_TWICE,PUPPY,COM-031,communication_type,STRING,CHAT,,,,,,,false,2,genie/puppy/communications.csv,communication_type,2026.07.19.2
CEO_BARKED_TWICE,PUPPY,COM-031,sent_at,TIMESTAMP,,,,,,2026-02-19T14:00:00Z,,false,3,genie/puppy/communications.csv,sent_at,2026.07.19.2
CEO_BARKED_TWICE,PUPPY,COM-031,sender_record_id,STRING,PR-PENNY-02,,,,,,,false,4,genie/puppy/communications.csv,sender_record_id,2026.07.19.2
CEO_BARKED_TWICE,PUPPY,COM-031,recipient_record_ids,STRING,PR-BEA-02,,,,,,,false,5,genie/puppy/communications.csv,recipient_record_ids,2026.07.19.2
CEO_BARKED_TWICE,PUPPY,COM-031,sender_domain,STRING,silvercollar.example,,,,,,,false,6,genie/puppy/communications.csv,sender_domain,2026.07.19.2
CEO_BARKED_TWICE,PUPPY,COM-031,subject,STRING,Payment confirmation,,,,,,,false,7,genie/puppy/communications.csv,subject,2026.07.19.2
CEO_BARKED_TWICE,PUPPY,COM-031,safe_body,STRING,The payment was processed to the existing approved beneficiary.,,,,,,,false,8,genie/puppy/communications.csv,safe_body,2026.07.19.2
CEO_BARKED_TWICE,PUPPY,COM-031,thread_id,STRING,THREAD-010,,,,,,,false,9,genie/puppy/communications.csv,thread_id,2026.07.19.2
CEO_BARKED_TWICE,PUPPY,COM-031,attachment_document_ids,STRING,DOC-031,,,,,,,false,10,genie/puppy/communications.csv,attachment_document_ids,2026.07.19.2
CEO_BARKED_TWICE,PUPPY,COM-032,communication_id,STRING,COM-032,,,,,,,false,1,genie/puppy/communications.csv,communication_id,2026.07.19.2
CEO_BARKED_TWICE,PUPPY,COM-032,communication_type,STRING,EMAIL,,,,,,,false,2,genie/puppy/communications.csv,communication_type,2026.07.19.2
CEO_BARKED_TWICE,PUPPY,COM-032,sent_at,TIMESTAMP,,,,,,2026-02-19T23:00:00Z,,false,3,genie/puppy/communications.csv,sent_at,2026.07.19.2
CEO_BARKED_TWICE,PUPPY,COM-032,sender_record_id,STRING,PR-CONRAD-02,,,,,,,false,4,genie/puppy/communications.csv,sender_record_id,2026.07.19.2
CEO_BARKED_TWICE,PUPPY,COM-032,recipient_record_ids,STRING,PR-VICTOR-02,,,,,,,false,5,genie/puppy/communications.csv,recipient_record_ids,2026.07.19.2
CEO_BARKED_TWICE,PUPPY,COM-032,sender_domain,STRING,silvercollar.example,,,,,,,false,6,genie/puppy/communications.csv,sender_domain,2026.07.19.2
CEO_BARKED_TWICE,PUPPY,COM-032,subject,STRING,Delivery schedule,,,,,,,false,7,genie/puppy/communications.csv,subject,2026.07.19.2
CEO_BARKED_TWICE,PUPPY,COM-032,safe_body,STRING,This mailbox is shared for routine invoice queries only.,,,,,,,false,8,genie/puppy/communications.csv,safe_body,2026.07.19.2
CEO_BARKED_TWICE,PUPPY,COM-032,thread_id,STRING,THREAD-010,,,,,,,false,9,genie/puppy/communications.csv,thread_id,2026.07.19.2
CEO_BARKED_TWICE,PUPPY,COM-032,attachment_document_ids,NULL,,,,,,,null,false,10,genie/puppy/communications.csv,attachment_document_ids,2026.07.19.2
CEO_BARKED_TWICE,PUPPY,COM-033,communication_id,STRING,COM-033,,,,,,,false,1,genie/puppy/communications.csv,communication_id,2026.07.19.2
CEO_BARKED_TWICE,PUPPY,COM-033,communication_type,STRING,EMAIL,,,,,,,false,2,genie/puppy/communications.csv,communication_type,2026.07.19.2
CEO_BARKED_TWICE,PUPPY,COM-033,sent_at,TIMESTAMP,,,,,,2026-02-20T08:00:00Z,,false,3,genie/puppy/communications.csv,sent_at,2026.07.19.2
CEO_BARKED_TWICE,PUPPY,COM-033,sender_record_id,STRING,PR-BEA-02,,,,,,,false,4,genie/puppy/communications.csv,sender_record_id,2026.07.19.2
CEO_BARKED_TWICE,PUPPY,COM-033,recipient_record_ids,STRING,PR-SOPHIE-02,,,,,,,false,5,genie/puppy/communications.csv,recipient_record_ids,2026.07.19.2
CEO_BARKED_TWICE,PUPPY,COM-033,sender_domain,STRING,silvercollar.example,,,,,,,false,6,genie/puppy/communications.csv,sender_domain,2026.07.19.2
CEO_BARKED_TWICE,PUPPY,COM-033,subject,STRING,Purchase order query,,,,,,,false,7,genie/puppy/communications.csv,subject,2026.07.19.2
CEO_BARKED_TWICE,PUPPY,COM-033,safe_body,STRING,Quarterly close requires all exceptions to be documented.,,,,,,,false,8,genie/puppy/communications.csv,safe_body,2026.07.19.2
CEO_BARKED_TWICE,PUPPY,COM-033,thread_id,STRING,THREAD-011,,,,,,,false,9,genie/puppy/communications.csv,thread_id,2026.07.19.2
CEO_BARKED_TWICE,PUPPY,COM-033,attachment_document_ids,NULL,,,,,,,null,false,10,genie/puppy/communications.csv,attachment_document_ids,2026.07.19.2
CEO_BARKED_TWICE,PUPPY,COM-034,communication_id,STRING,COM-034,,,,,,,false,1,genie/puppy/communications.csv,communication_id,2026.07.19.2
CEO_BARKED_TWICE,PUPPY,COM-034,communication_type,STRING,EMAIL,,,,,,,false,2,genie/puppy/communications.csv,communication_type,2026.07.19.2
CEO_BARKED_TWICE,PUPPY,COM-034,sent_at,TIMESTAMP,,,,,,2026-02-20T17:00:00Z,,false,3,genie/puppy/communications.csv,sent_at,2026.07.19.2
CEO_BARKED_TWICE,PUPPY,COM-034,sender_record_id,STRING,PR-IDA-01,,,,,,,false,4,genie/puppy/communications.csv,sender_record_id,2026.07.19.2
CEO_BARKED_TWICE,PUPPY,COM-034,recipient_record_ids,STRING,PR-CONRAD-02,,,,,,,false,5,genie/puppy/communications.csv,recipient_record_ids,2026.07.19.2
CEO_BARKED_TWICE,PUPPY,COM-034,sender_domain,STRING,silvercollar.example,,,,,,,false,6,genie/puppy/communications.csv,sender_domain,2026.07.19.2
CEO_BARKED_TWICE,PUPPY,COM-034,subject,STRING,Travel notice,,,,,,,false,7,genie/puppy/communications.csv,subject,2026.07.19.2
CEO_BARKED_TWICE,PUPPY,COM-034,safe_body,STRING,The service contract renews next month under existing terms.,,,,,,,false,8,genie/puppy/communications.csv,safe_body,2026.07.19.2
CEO_BARKED_TWICE,PUPPY,COM-034,thread_id,STRING,THREAD-011,,,,,,,false,9,genie/puppy/communications.csv,thread_id,2026.07.19.2
CEO_BARKED_TWICE,PUPPY,COM-034,attachment_document_ids,NULL,,,,,,,null,false,10,genie/puppy/communications.csv,attachment_document_ids,2026.07.19.2
CEO_BARKED_TWICE,PUPPY,COM-035,communication_id,STRING,COM-035,,,,,,,false,1,genie/puppy/communications.csv,communication_id,2026.07.19.2
CEO_BARKED_TWICE,PUPPY,COM-035,communication_type,STRING,EMAIL,,,,,,,false,2,genie/puppy/communications.csv,communication_type,2026.07.19.2
CEO_BARKED_TWICE,PUPPY,COM-035,sent_at,TIMESTAMP,,,,,,2026-02-21T02:00:00Z,,false,3,genie/puppy/communications.csv,sent_at,2026.07.19.2
CEO_BARKED_TWICE,PUPPY,COM-035,sender_record_id,STRING,PR-THEO-01,,,,,,,false,4,genie/puppy/communications.csv,sender_record_id,2026.07.19.2
CEO_BARKED_TWICE,PUPPY,COM-035,recipient_record_ids,STRING,PR-RHEA-01,,,,,,,false,5,genie/puppy/communications.csv,recipient_record_ids,2026.07.19.2
CEO_BARKED_TWICE,PUPPY,COM-035,sender_domain,STRING,silvercollar.example,,,,,,,false,6,genie/puppy/communications.csv,sender_domain,2026.07.19.2
CEO_BARKED_TWICE,PUPPY,COM-035,subject,STRING,Freight exception,,,,,,,false,7,genie/puppy/communications.csv,subject,2026.07.19.2
CEO_BARKED_TWICE,PUPPY,COM-035,safe_body,STRING,No account change is requested; use the verified vendor master.,,,,,,,false,8,genie/puppy/communications.csv,safe_body,2026.07.19.2
CEO_BARKED_TWICE,PUPPY,COM-035,thread_id,STRING,THREAD-011,,,,,,,false,9,genie/puppy/communications.csv,thread_id,2026.07.19.2
CEO_BARKED_TWICE,PUPPY,COM-035,attachment_document_ids,NULL,,,,,,,null,false,10,genie/puppy/communications.csv,attachment_document_ids,2026.07.19.2
CEO_BARKED_TWICE,PUPPY,COM-036,communication_id,STRING,COM-036,,,,,,,false,1,genie/puppy/communications.csv,communication_id,2026.07.19.2
CEO_BARKED_TWICE,PUPPY,COM-036,communication_type,STRING,EMAIL,,,,,,,false,2,genie/puppy/communications.csv,communication_type,2026.07.19.2
CEO_BARKED_TWICE,PUPPY,COM-036,sent_at,TIMESTAMP,,,,,,2026-02-21T11:00:00Z,,false,3,genie/puppy/communications.csv,sent_at,2026.07.19.2
CEO_BARKED_TWICE,PUPPY,COM-036,sender_record_id,STRING,PR-VICTOR-02,,,,,,,false,4,genie/puppy/communications.csv,sender_record_id,2026.07.19.2
CEO_BARKED_TWICE,PUPPY,COM-036,recipient_record_ids,STRING,PR-LUCY-02,,,,,,,false,5,genie/puppy/communications.csv,recipient_record_ids,2026.07.19.2
CEO_BARKED_TWICE,PUPPY,COM-036,sender_domain,STRING,copperpaw.example,,,,,,,false,6,genie/puppy/communications.csv,sender_domain,2026.07.19.2
CEO_BARKED_TWICE,PUPPY,COM-036,subject,STRING,Vendor onboarding,,,,,,,false,7,genie/puppy/communications.csv,subject,2026.07.19.2
CEO_BARKED_TWICE,PUPPY,COM-036,safe_body,STRING,Security observed a login from the normal corporate network.,,,,,,,false,8,genie/puppy/communications.csv,safe_body,2026.07.19.2
CEO_BARKED_TWICE,PUPPY,COM-036,thread_id,STRING,THREAD-012,,,,,,,false,9,genie/puppy/communications.csv,thread_id,2026.07.19.2
CEO_BARKED_TWICE,PUPPY,COM-036,attachment_document_ids,NULL,,,,,,,null,false,10,genie/puppy/communications.csv,attachment_document_ids,2026.07.19.2
CEO_BARKED_TWICE,PUPPY,COM-037,communication_id,STRING,COM-037,,,,,,,false,1,genie/puppy/communications.csv,communication_id,2026.07.19.2
CEO_BARKED_TWICE,PUPPY,COM-037,communication_type,STRING,CHAT,,,,,,,false,2,genie/puppy/communications.csv,communication_type,2026.07.19.2
CEO_BARKED_TWICE,PUPPY,COM-037,sent_at,TIMESTAMP,,,,,,2026-02-21T20:00:00Z,,false,3,genie/puppy/communications.csv,sent_at,2026.07.19.2
CEO_BARKED_TWICE,PUPPY,COM-037,sender_record_id,STRING,PR-OWEN-02,,,,,,,false,4,genie/puppy/communications.csv,sender_record_id,2026.07.19.2
CEO_BARKED_TWICE,PUPPY,COM-037,recipient_record_ids,STRING,PR-PENNY-02,,,,,,,false,5,genie/puppy/communications.csv,recipient_record_ids,2026.07.19.2
CEO_BARKED_TWICE,PUPPY,COM-037,sender_domain,STRING,copperpaw.example,,,,,,,false,6,genie/puppy/communications.csv,sender_domain,2026.07.19.2
CEO_BARKED_TWICE,PUPPY,COM-037,subject,STRING,Invoice status,,,,,,,false,7,genie/puppy/communications.csv,subject,2026.07.19.2
CEO_BARKED_TWICE,PUPPY,COM-037,safe_body,STRING,Please confirm the invoice reference and purchase order before close.,,,,,,,false,8,genie/puppy/communications.csv,safe_body,2026.07.19.2
CEO_BARKED_TWICE,PUPPY,COM-037,thread_id,STRING,THREAD-012,,,,,,,false,9,genie/puppy/communications.csv,thread_id,2026.07.19.2
CEO_BARKED_TWICE,PUPPY,COM-037,attachment_document_ids,NULL,,,,,,,null,false,10,genie/puppy/communications.csv,attachment_document_ids,2026.07.19.2
CEO_BARKED_TWICE,PUPPY,COM-038,communication_id,STRING,COM-038,,,,,,,false,1,genie/puppy/communications.csv,communication_id,2026.07.19.2
CEO_BARKED_TWICE,PUPPY,COM-038,communication_type,STRING,EMAIL,,,,,,,false,2,genie/puppy/communications.csv,communication_type,2026.07.19.2
CEO_BARKED_TWICE,PUPPY,COM-038,sent_at,TIMESTAMP,,,,,,2026-02-22T05:00:00Z,,false,3,genie/puppy/communications.csv,sent_at,2026.07.19.2
CEO_BARKED_TWICE,PUPPY,COM-038,sender_record_id,STRING,PR-LUCY-02,,,,,,,false,4,genie/puppy/communications.csv,sender_record_id,2026.07.19.2
CEO_BARKED_TWICE,PUPPY,COM-038,recipient_record_ids,STRING,PR-IDA-01,,,,,,,false,5,genie/puppy/communications.csv,recipient_record_ids,2026.07.19.2
CEO_BARKED_TWICE,PUPPY,COM-038,sender_domain,STRING,silvercollar.example,,,,,,,false,6,genie/puppy/communications.csv,sender_domain,2026.07.19.2
CEO_BARKED_TWICE,PUPPY,COM-038,subject,STRING,Security alert,,,,,,,false,7,genie/puppy/communications.csv,subject,2026.07.19.2
CEO_BARKED_TWICE,PUPPY,COM-038,safe_body,STRING,Vendor onboarding is pending a verified callback.,,,,,,,false,8,genie/puppy/communications.csv,safe_body,2026.07.19.2
CEO_BARKED_TWICE,PUPPY,COM-038,thread_id,STRING,THREAD-012,,,,,,,false,9,genie/puppy/communications.csv,thread_id,2026.07.19.2
CEO_BARKED_TWICE,PUPPY,COM-038,attachment_document_ids,NULL,,,,,,,null,false,10,genie/puppy/communications.csv,attachment_document_ids,2026.07.19.2
CEO_BARKED_TWICE,PUPPY,COM-039,communication_id,STRING,COM-039,,,,,,,false,1,genie/puppy/communications.csv,communication_id,2026.07.19.2
CEO_BARKED_TWICE,PUPPY,COM-039,communication_type,STRING,EMAIL,,,,,,,false,2,genie/puppy/communications.csv,communication_type,2026.07.19.2
CEO_BARKED_TWICE,PUPPY,COM-039,sent_at,TIMESTAMP,,,,,,2026-02-22T14:00:00Z,,false,3,genie/puppy/communications.csv,sent_at,2026.07.19.2
CEO_BARKED_TWICE,PUPPY,COM-039,sender_record_id,STRING,PR-SOPHIE-02,,,,,,,false,4,genie/puppy/communications.csv,sender_record_id,2026.07.19.2
CEO_BARKED_TWICE,PUPPY,COM-039,recipient_record_ids,STRING,PR-OWEN-02,,,,,,,false,5,genie/puppy/communications.csv,recipient_record_ids,2026.07.19.2
CEO_BARKED_TWICE,PUPPY,COM-039,sender_domain,STRING,silvercollar.example,,,,,,,false,6,genie/puppy/communications.csv,sender_domain,2026.07.19.2
CEO_BARKED_TWICE,PUPPY,COM-039,subject,STRING,Bank details review,,,,,,,false,7,genie/puppy/communications.csv,subject,2026.07.19.2
CEO_BARKED_TWICE,PUPPY,COM-039,safe_body,STRING,"Freight delay requires a revised delivery date, not new bank details.",,,,,,,false,8,genie/puppy/communications.csv,safe_body,2026.07.19.2
CEO_BARKED_TWICE,PUPPY,COM-039,thread_id,STRING,THREAD-013,,,,,,,false,9,genie/puppy/communications.csv,thread_id,2026.07.19.2
CEO_BARKED_TWICE,PUPPY,COM-039,attachment_document_ids,NULL,,,,,,,null,false,10,genie/puppy/communications.csv,attachment_document_ids,2026.07.19.2
CEO_BARKED_TWICE,PUPPY,COM-040,communication_id,STRING,COM-040,,,,,,,false,1,genie/puppy/communications.csv,communication_id,2026.07.19.2
CEO_BARKED_TWICE,PUPPY,COM-040,communication_type,STRING,EMAIL,,,,,,,false,2,genie/puppy/communications.csv,communication_type,2026.07.19.2
CEO_BARKED_TWICE,PUPPY,COM-040,sent_at,TIMESTAMP,,,,,,2026-02-22T23:00:00Z,,false,3,genie/puppy/communications.csv,sent_at,2026.07.19.2
CEO_BARKED_TWICE,PUPPY,COM-040,sender_record_id,STRING,PR-JUNE-01,,,,,,,false,4,genie/puppy/communications.csv,sender_record_id,2026.07.19.2
CEO_BARKED_TWICE,PUPPY,COM-040,recipient_record_ids,STRING,PR-RHEA-01,,,,,,,false,5,genie/puppy/communications.csv,recipient_record_ids,2026.07.19.2
CEO_BARKED_TWICE,PUPPY,COM-040,sender_domain,STRING,silvercollar.example,,,,,,,false,6,genie/puppy/communications.csv,sender_domain,2026.07.19.2
CEO_BARKED_TWICE,PUPPY,COM-040,subject,STRING,Contract renewal,,,,,,,false,7,genie/puppy/communications.csv,subject,2026.07.19.2
CEO_BARKED_TWICE,PUPPY,COM-040,safe_body,STRING,The executive travel calendar has been updated for the finance team.,,,,,,,false,8,genie/puppy/communications.csv,safe_body,2026.07.19.2
CEO_BARKED_TWICE,PUPPY,COM-040,thread_id,STRING,THREAD-013,,,,,,,false,9,genie/puppy/communications.csv,thread_id,2026.07.19.2
CEO_BARKED_TWICE,PUPPY,COM-040,attachment_document_ids,NULL,,,,,,,null,false,10,genie/puppy/communications.csv,attachment_document_ids,2026.07.19.2
CEO_BARKED_TWICE,PUPPY,COM-041,communication_id,STRING,COM-041,,,,,,,false,1,genie/puppy/communications.csv,communication_id,2026.07.19.2
CEO_BARKED_TWICE,PUPPY,COM-041,communication_type,STRING,EMAIL,,,,,,,false,2,genie/puppy/communications.csv,communication_type,2026.07.19.2
CEO_BARKED_TWICE,PUPPY,COM-041,sent_at,TIMESTAMP,,,,,,2026-02-23T08:00:00Z,,false,3,genie/puppy/communications.csv,sent_at,2026.07.19.2
CEO_BARKED_TWICE,PUPPY,COM-041,sender_record_id,STRING,PR-PENNY-02,,,,,,,false,4,genie/puppy/communications.csv,sender_record_id,2026.07.19.2
CEO_BARKED_TWICE,PUPPY,COM-041,recipient_record_ids,STRING,PR-BEA-02,,,,,,,false,5,genie/puppy/communications.csv,recipient_record_ids,2026.07.19.2
CEO_BARKED_TWICE,PUPPY,COM-041,sender_domain,STRING,silvercollar.example,,,,,,,false,6,genie/puppy/communications.csv,sender_domain,2026.07.19.2
CEO_BARKED_TWICE,PUPPY,COM-041,subject,STRING,Quarterly close,,,,,,,false,7,genie/puppy/communications.csv,subject,2026.07.19.2
CEO_BARKED_TWICE,PUPPY,COM-041,safe_body,STRING,The purchase order quantity differs from the delivery note.,,,,,,,false,8,genie/puppy/communications.csv,safe_body,2026.07.19.2
CEO_BARKED_TWICE,PUPPY,COM-041,thread_id,STRING,THREAD-013,,,,,,,false,9,genie/puppy/communications.csv,thread_id,2026.07.19.2
CEO_BARKED_TWICE,PUPPY,COM-041,attachment_document_ids,STRING,DOC-041,,,,,,,false,10,genie/puppy/communications.csv,attachment_document_ids,2026.07.19.2
CEO_BARKED_TWICE,PUPPY,COM-042,communication_id,STRING,COM-042,,,,,,,false,1,genie/puppy/communications.csv,communication_id,2026.07.19.2
CEO_BARKED_TWICE,PUPPY,COM-042,communication_type,STRING,EMAIL,,,,,,,false,2,genie/puppy/communications.csv,communication_type,2026.07.19.2
CEO_BARKED_TWICE,PUPPY,COM-042,sent_at,TIMESTAMP,,,,,,2026-02-23T17:00:00Z,,false,3,genie/puppy/communications.csv,sent_at,2026.07.19.2
CEO_BARKED_TWICE,PUPPY,COM-042,sender_record_id,STRING,PR-CONRAD-02,,,,,,,false,4,genie/puppy/communications.csv,sender_record_id,2026.07.19.2
CEO_BARKED_TWICE,PUPPY,COM-042,recipient_record_ids,STRING,PR-VICTOR-02,,,,,,,false,5,genie/puppy/communications.csv,recipient_record_ids,2026.07.19.2
CEO_BARKED_TWICE,PUPPY,COM-042,sender_domain,STRING,silvercollar.example,,,,,,,false,6,genie/puppy/communications.csv,sender_domain,2026.07.19.2
CEO_BARKED_TWICE,PUPPY,COM-042,subject,STRING,Shared mailbox,,,,,,,false,7,genie/puppy/communications.csv,subject,2026.07.19.2
CEO_BARKED_TWICE,PUPPY,COM-042,safe_body,STRING,The shipment is scheduled for the next warehouse window.,,,,,,,false,8,genie/puppy/communications.csv,safe_body,2026.07.19.2
CEO_BARKED_TWICE,PUPPY,COM-042,thread_id,STRING,THREAD-014,,,,,,,false,9,genie/puppy/communications.csv,thread_id,2026.07.19.2
CEO_BARKED_TWICE,PUPPY,COM-042,attachment_document_ids,NULL,,,,,,,null,false,10,genie/puppy/communications.csv,attachment_document_ids,2026.07.19.2
CEO_BARKED_TWICE,PUPPY,COM-043,communication_id,STRING,COM-043,,,,,,,false,1,genie/puppy/communications.csv,communication_id,2026.07.19.2
CEO_BARKED_TWICE,PUPPY,COM-043,communication_type,STRING,CHAT,,,,,,,false,2,genie/puppy/communications.csv,communication_type,2026.07.19.2
CEO_BARKED_TWICE,PUPPY,COM-043,sent_at,TIMESTAMP,,,,,,2026-02-24T02:00:00Z,,false,3,genie/puppy/communications.csv,sent_at,2026.07.19.2
CEO_BARKED_TWICE,PUPPY,COM-043,sender_record_id,STRING,PR-BEA-02,,,,,,,false,4,genie/puppy/communications.csv,sender_record_id,2026.07.19.2
CEO_BARKED_TWICE,PUPPY,COM-043,recipient_record_ids,STRING,PR-SOPHIE-02,,,,,,,false,5,genie/puppy/communications.csv,recipient_record_ids,2026.07.19.2
CEO_BARKED_TWICE,PUPPY,COM-043,sender_domain,STRING,silvercollar.example,,,,,,,false,6,genie/puppy/communications.csv,sender_domain,2026.07.19.2
CEO_BARKED_TWICE,PUPPY,COM-043,subject,STRING,Payment confirmation,,,,,,,false,7,genie/puppy/communications.csv,subject,2026.07.19.2
CEO_BARKED_TWICE,PUPPY,COM-043,safe_body,STRING,The payment was processed to the existing approved beneficiary.,,,,,,,false,8,genie/puppy/communications.csv,safe_body,2026.07.19.2
CEO_BARKED_TWICE,PUPPY,COM-043,thread_id,STRING,THREAD-014,,,,,,,false,9,genie/puppy/communications.csv,thread_id,2026.07.19.2
CEO_BARKED_TWICE,PUPPY,COM-043,attachment_document_ids,NULL,,,,,,,null,false,10,genie/puppy/communications.csv,attachment_document_ids,2026.07.19.2
CEO_BARKED_TWICE,PUPPY,COM-044,communication_id,STRING,COM-044,,,,,,,false,1,genie/puppy/communications.csv,communication_id,2026.07.19.2
CEO_BARKED_TWICE,PUPPY,COM-044,communication_type,STRING,EMAIL,,,,,,,false,2,genie/puppy/communications.csv,communication_type,2026.07.19.2
CEO_BARKED_TWICE,PUPPY,COM-044,sent_at,TIMESTAMP,,,,,,2026-02-24T11:00:00Z,,false,3,genie/puppy/communications.csv,sent_at,2026.07.19.2
CEO_BARKED_TWICE,PUPPY,COM-044,sender_record_id,STRING,PR-IDA-01,,,,,,,false,4,genie/puppy/communications.csv,sender_record_id,2026.07.19.2
CEO_BARKED_TWICE,PUPPY,COM-044,recipient_record_ids,STRING,PR-CONRAD-02,,,,,,,false,5,genie/puppy/communications.csv,recipient_record_ids,2026.07.19.2
CEO_BARKED_TWICE,PUPPY,COM-044,sender_domain,STRING,silvercollar.example,,,,,,,false,6,genie/puppy/communications.csv,sender_domain,2026.07.19.2
CEO_BARKED_TWICE,PUPPY,COM-044,subject,STRING,Delivery schedule,,,,,,,false,7,genie/puppy/communications.csv,subject,2026.07.19.2
CEO_BARKED_TWICE,PUPPY,COM-044,safe_body,STRING,This mailbox is shared for routine invoice queries only.,,,,,,,false,8,genie/puppy/communications.csv,safe_body,2026.07.19.2
CEO_BARKED_TWICE,PUPPY,COM-044,thread_id,STRING,THREAD-014,,,,,,,false,9,genie/puppy/communications.csv,thread_id,2026.07.19.2
CEO_BARKED_TWICE,PUPPY,COM-044,attachment_document_ids,NULL,,,,,,,null,false,10,genie/puppy/communications.csv,attachment_document_ids,2026.07.19.2
CEO_BARKED_TWICE,PUPPY,COM-045,communication_id,STRING,COM-045,,,,,,,false,1,genie/puppy/communications.csv,communication_id,2026.07.19.2
CEO_BARKED_TWICE,PUPPY,COM-045,communication_type,STRING,EMAIL,,,,,,,false,2,genie/puppy/communications.csv,communication_type,2026.07.19.2
CEO_BARKED_TWICE,PUPPY,COM-045,sent_at,TIMESTAMP,,,,,,2026-02-24T20:00:00Z,,false,3,genie/puppy/communications.csv,sent_at,2026.07.19.2
CEO_BARKED_TWICE,PUPPY,COM-045,sender_record_id,STRING,PR-THEO-01,,,,,,,false,4,genie/puppy/communications.csv,sender_record_id,2026.07.19.2
CEO_BARKED_TWICE,PUPPY,COM-045,recipient_record_ids,STRING,PR-RHEA-01,,,,,,,false,5,genie/puppy/communications.csv,recipient_record_ids,2026.07.19.2
CEO_BARKED_TWICE,PUPPY,COM-045,sender_domain,STRING,silvercollar.example,,,,,,,false,6,genie/puppy/communications.csv,sender_domain,2026.07.19.2
CEO_BARKED_TWICE,PUPPY,COM-045,subject,STRING,Purchase order query,,,,,,,false,7,genie/puppy/communications.csv,subject,2026.07.19.2
CEO_BARKED_TWICE,PUPPY,COM-045,safe_body,STRING,Quarterly close requires all exceptions to be documented.,,,,,,,false,8,genie/puppy/communications.csv,safe_body,2026.07.19.2
CEO_BARKED_TWICE,PUPPY,COM-045,thread_id,STRING,THREAD-015,,,,,,,false,9,genie/puppy/communications.csv,thread_id,2026.07.19.2
CEO_BARKED_TWICE,PUPPY,COM-045,attachment_document_ids,NULL,,,,,,,null,false,10,genie/puppy/communications.csv,attachment_document_ids,2026.07.19.2
CEO_BARKED_TWICE,PUPPY,COM-046,communication_id,STRING,COM-046,,,,,,,false,1,genie/puppy/communications.csv,communication_id,2026.07.19.2
CEO_BARKED_TWICE,PUPPY,COM-046,communication_type,STRING,EMAIL,,,,,,,false,2,genie/puppy/communications.csv,communication_type,2026.07.19.2
CEO_BARKED_TWICE,PUPPY,COM-046,sent_at,TIMESTAMP,,,,,,2026-02-25T05:00:00Z,,false,3,genie/puppy/communications.csv,sent_at,2026.07.19.2
CEO_BARKED_TWICE,PUPPY,COM-046,sender_record_id,STRING,PR-VICTOR-02,,,,,,,false,4,genie/puppy/communications.csv,sender_record_id,2026.07.19.2
CEO_BARKED_TWICE,PUPPY,COM-046,recipient_record_ids,STRING,PR-LUCY-02,,,,,,,false,5,genie/puppy/communications.csv,recipient_record_ids,2026.07.19.2
CEO_BARKED_TWICE,PUPPY,COM-046,sender_domain,STRING,copperpaw.example,,,,,,,false,6,genie/puppy/communications.csv,sender_domain,2026.07.19.2
CEO_BARKED_TWICE,PUPPY,COM-046,subject,STRING,Travel notice,,,,,,,false,7,genie/puppy/communications.csv,subject,2026.07.19.2
CEO_BARKED_TWICE,PUPPY,COM-046,safe_body,STRING,The service contract renews next month under existing terms.,,,,,,,false,8,genie/puppy/communications.csv,safe_body,2026.07.19.2
CEO_BARKED_TWICE,PUPPY,COM-046,thread_id,STRING,THREAD-015,,,,,,,false,9,genie/puppy/communications.csv,thread_id,2026.07.19.2
CEO_BARKED_TWICE,PUPPY,COM-046,attachment_document_ids,NULL,,,,,,,null,false,10,genie/puppy/communications.csv,attachment_document_ids,2026.07.19.2
CEO_BARKED_TWICE,PUPPY,COM-047,communication_id,STRING,COM-047,,,,,,,false,1,genie/puppy/communications.csv,communication_id,2026.07.19.2
CEO_BARKED_TWICE,PUPPY,COM-047,communication_type,STRING,EMAIL,,,,,,,false,2,genie/puppy/communications.csv,communication_type,2026.07.19.2
CEO_BARKED_TWICE,PUPPY,COM-047,sent_at,TIMESTAMP,,,,,,2026-02-25T14:00:00Z,,false,3,genie/puppy/communications.csv,sent_at,2026.07.19.2
CEO_BARKED_TWICE,PUPPY,COM-047,sender_record_id,STRING,PR-OWEN-02,,,,,,,false,4,genie/puppy/communications.csv,sender_record_id,2026.07.19.2
CEO_BARKED_TWICE,PUPPY,COM-047,recipient_record_ids,STRING,PR-PENNY-02,,,,,,,false,5,genie/puppy/communications.csv,recipient_record_ids,2026.07.19.2
CEO_BARKED_TWICE,PUPPY,COM-047,sender_domain,STRING,copperpaw.example,,,,,,,false,6,genie/puppy/communications.csv,sender_domain,2026.07.19.2
CEO_BARKED_TWICE,PUPPY,COM-047,subject,STRING,Freight exception,,,,,,,false,7,genie/puppy/communications.csv,subject,2026.07.19.2
CEO_BARKED_TWICE,PUPPY,COM-047,safe_body,STRING,No account change is requested; use the verified vendor master.,,,,,,,false,8,genie/puppy/communications.csv,safe_body,2026.07.19.2
CEO_BARKED_TWICE,PUPPY,COM-047,thread_id,STRING,THREAD-015,,,,,,,false,9,genie/puppy/communications.csv,thread_id,2026.07.19.2
CEO_BARKED_TWICE,PUPPY,COM-047,attachment_document_ids,NULL,,,,,,,null,false,10,genie/puppy/communications.csv,attachment_document_ids,2026.07.19.2
CEO_BARKED_TWICE,PUPPY,COM-048,communication_id,STRING,COM-048,,,,,,,false,1,genie/puppy/communications.csv,communication_id,2026.07.19.2
CEO_BARKED_TWICE,PUPPY,COM-048,communication_type,STRING,EMAIL,,,,,,,false,2,genie/puppy/communications.csv,communication_type,2026.07.19.2
CEO_BARKED_TWICE,PUPPY,COM-048,sent_at,TIMESTAMP,,,,,,2026-02-25T23:00:00Z,,false,3,genie/puppy/communications.csv,sent_at,2026.07.19.2
CEO_BARKED_TWICE,PUPPY,COM-048,sender_record_id,STRING,PR-LUCY-02,,,,,,,false,4,genie/puppy/communications.csv,sender_record_id,2026.07.19.2
CEO_BARKED_TWICE,PUPPY,COM-048,recipient_record_ids,STRING,PR-IDA-01,,,,,,,false,5,genie/puppy/communications.csv,recipient_record_ids,2026.07.19.2
CEO_BARKED_TWICE,PUPPY,COM-048,sender_domain,STRING,silvercollar.example,,,,,,,false,6,genie/puppy/communications.csv,sender_domain,2026.07.19.2
CEO_BARKED_TWICE,PUPPY,COM-048,subject,STRING,Vendor onboarding,,,,,,,false,7,genie/puppy/communications.csv,subject,2026.07.19.2
CEO_BARKED_TWICE,PUPPY,COM-048,safe_body,STRING,Security observed a login from the normal corporate network.,,,,,,,false,8,genie/puppy/communications.csv,safe_body,2026.07.19.2
CEO_BARKED_TWICE,PUPPY,COM-048,thread_id,STRING,THREAD-016,,,,,,,false,9,genie/puppy/communications.csv,thread_id,2026.07.19.2
CEO_BARKED_TWICE,PUPPY,COM-048,attachment_document_ids,NULL,,,,,,,null,false,10,genie/puppy/communications.csv,attachment_document_ids,2026.07.19.2
CEO_BARKED_TWICE,PUPPY,COM-049,communication_id,STRING,COM-049,,,,,,,false,1,genie/puppy/communications.csv,communication_id,2026.07.19.2
CEO_BARKED_TWICE,PUPPY,COM-049,communication_type,STRING,CHAT,,,,,,,false,2,genie/puppy/communications.csv,communication_type,2026.07.19.2
CEO_BARKED_TWICE,PUPPY,COM-049,sent_at,TIMESTAMP,,,,,,2026-02-26T08:00:00Z,,false,3,genie/puppy/communications.csv,sent_at,2026.07.19.2
CEO_BARKED_TWICE,PUPPY,COM-049,sender_record_id,STRING,PR-SOPHIE-02,,,,,,,false,4,genie/puppy/communications.csv,sender_record_id,2026.07.19.2
CEO_BARKED_TWICE,PUPPY,COM-049,recipient_record_ids,STRING,PR-OWEN-02,,,,,,,false,5,genie/puppy/communications.csv,recipient_record_ids,2026.07.19.2
CEO_BARKED_TWICE,PUPPY,COM-049,sender_domain,STRING,silvercollar.example,,,,,,,false,6,genie/puppy/communications.csv,sender_domain,2026.07.19.2
CEO_BARKED_TWICE,PUPPY,COM-049,subject,STRING,Invoice status,,,,,,,false,7,genie/puppy/communications.csv,subject,2026.07.19.2
CEO_BARKED_TWICE,PUPPY,COM-049,safe_body,STRING,Please confirm the invoice reference and purchase order before close.,,,,,,,false,8,genie/puppy/communications.csv,safe_body,2026.07.19.2
CEO_BARKED_TWICE,PUPPY,COM-049,thread_id,STRING,THREAD-016,,,,,,,false,9,genie/puppy/communications.csv,thread_id,2026.07.19.2
CEO_BARKED_TWICE,PUPPY,COM-049,attachment_document_ids,NULL,,,,,,,null,false,10,genie/puppy/communications.csv,attachment_document_ids,2026.07.19.2
CEO_BARKED_TWICE,PUPPY,COM-050,communication_id,STRING,COM-050,,,,,,,false,1,genie/puppy/communications.csv,communication_id,2026.07.19.2
CEO_BARKED_TWICE,PUPPY,COM-050,communication_type,STRING,EMAIL,,,,,,,false,2,genie/puppy/communications.csv,communication_type,2026.07.19.2
CEO_BARKED_TWICE,PUPPY,COM-050,sent_at,TIMESTAMP,,,,,,2026-02-26T17:00:00Z,,false,3,genie/puppy/communications.csv,sent_at,2026.07.19.2
CEO_BARKED_TWICE,PUPPY,COM-050,sender_record_id,STRING,PR-JUNE-01,,,,,,,false,4,genie/puppy/communications.csv,sender_record_id,2026.07.19.2
CEO_BARKED_TWICE,PUPPY,COM-050,recipient_record_ids,STRING,PR-RHEA-01,,,,,,,false,5,genie/puppy/communications.csv,recipient_record_ids,2026.07.19.2
CEO_BARKED_TWICE,PUPPY,COM-050,sender_domain,STRING,silvercollar.example,,,,,,,false,6,genie/puppy/communications.csv,sender_domain,2026.07.19.2
CEO_BARKED_TWICE,PUPPY,COM-050,subject,STRING,Security alert,,,,,,,false,7,genie/puppy/communications.csv,subject,2026.07.19.2
CEO_BARKED_TWICE,PUPPY,COM-050,safe_body,STRING,Vendor onboarding is pending a verified callback.,,,,,,,false,8,genie/puppy/communications.csv,safe_body,2026.07.19.2
CEO_BARKED_TWICE,PUPPY,COM-050,thread_id,STRING,THREAD-016,,,,,,,false,9,genie/puppy/communications.csv,thread_id,2026.07.19.2
CEO_BARKED_TWICE,PUPPY,COM-050,attachment_document_ids,NULL,,,,,,,null,false,10,genie/puppy/communications.csv,attachment_document_ids,2026.07.19.2
CEO_BARKED_TWICE,PUPPY,COM-051,communication_id,STRING,COM-051,,,,,,,false,1,genie/puppy/communications.csv,communication_id,2026.07.19.2
CEO_BARKED_TWICE,PUPPY,COM-051,communication_type,STRING,EMAIL,,,,,,,false,2,genie/puppy/communications.csv,communication_type,2026.07.19.2
CEO_BARKED_TWICE,PUPPY,COM-051,sent_at,TIMESTAMP,,,,,,2026-02-27T02:00:00Z,,false,3,genie/puppy/communications.csv,sent_at,2026.07.19.2
CEO_BARKED_TWICE,PUPPY,COM-051,sender_record_id,STRING,PR-PENNY-02,,,,,,,false,4,genie/puppy/communications.csv,sender_record_id,2026.07.19.2
CEO_BARKED_TWICE,PUPPY,COM-051,recipient_record_ids,STRING,PR-BEA-02,,,,,,,false,5,genie/puppy/communications.csv,recipient_record_ids,2026.07.19.2
CEO_BARKED_TWICE,PUPPY,COM-051,sender_domain,STRING,silvercollar.example,,,,,,,false,6,genie/puppy/communications.csv,sender_domain,2026.07.19.2
CEO_BARKED_TWICE,PUPPY,COM-051,subject,STRING,Bank details review,,,,,,,false,7,genie/puppy/communications.csv,subject,2026.07.19.2
CEO_BARKED_TWICE,PUPPY,COM-051,safe_body,STRING,"Freight delay requires a revised delivery date, not new bank details.",,,,,,,false,8,genie/puppy/communications.csv,safe_body,2026.07.19.2
CEO_BARKED_TWICE,PUPPY,COM-051,thread_id,STRING,THREAD-017,,,,,,,false,9,genie/puppy/communications.csv,thread_id,2026.07.19.2
CEO_BARKED_TWICE,PUPPY,COM-051,attachment_document_ids,STRING,DOC-051,,,,,,,false,10,genie/puppy/communications.csv,attachment_document_ids,2026.07.19.2
CEO_BARKED_TWICE,PUPPY,COM-052,communication_id,STRING,COM-052,,,,,,,false,1,genie/puppy/communications.csv,communication_id,2026.07.19.2
CEO_BARKED_TWICE,PUPPY,COM-052,communication_type,STRING,EMAIL,,,,,,,false,2,genie/puppy/communications.csv,communication_type,2026.07.19.2
CEO_BARKED_TWICE,PUPPY,COM-052,sent_at,TIMESTAMP,,,,,,2026-02-27T11:00:00Z,,false,3,genie/puppy/communications.csv,sent_at,2026.07.19.2
CEO_BARKED_TWICE,PUPPY,COM-052,sender_record_id,STRING,PR-CONRAD-02,,,,,,,false,4,genie/puppy/communications.csv,sender_record_id,2026.07.19.2
CEO_BARKED_TWICE,PUPPY,COM-052,recipient_record_ids,STRING,PR-VICTOR-02,,,,,,,false,5,genie/puppy/communications.csv,recipient_record_ids,2026.07.19.2
CEO_BARKED_TWICE,PUPPY,COM-052,sender_domain,STRING,silvercollar.example,,,,,,,false,6,genie/puppy/communications.csv,sender_domain,2026.07.19.2
CEO_BARKED_TWICE,PUPPY,COM-052,subject,STRING,Contract renewal,,,,,,,false,7,genie/puppy/communications.csv,subject,2026.07.19.2
CEO_BARKED_TWICE,PUPPY,COM-052,safe_body,STRING,The executive travel calendar has been updated for the finance team.,,,,,,,false,8,genie/puppy/communications.csv,safe_body,2026.07.19.2
CEO_BARKED_TWICE,PUPPY,COM-052,thread_id,STRING,THREAD-017,,,,,,,false,9,genie/puppy/communications.csv,thread_id,2026.07.19.2
CEO_BARKED_TWICE,PUPPY,COM-052,attachment_document_ids,NULL,,,,,,,null,false,10,genie/puppy/communications.csv,attachment_document_ids,2026.07.19.2
CEO_BARKED_TWICE,PUPPY,COM-053,communication_id,STRING,COM-053,,,,,,,false,1,genie/puppy/communications.csv,communication_id,2026.07.19.2
CEO_BARKED_TWICE,PUPPY,COM-053,communication_type,STRING,EMAIL,,,,,,,false,2,genie/puppy/communications.csv,communication_type,2026.07.19.2
CEO_BARKED_TWICE,PUPPY,COM-053,sent_at,TIMESTAMP,,,,,,2026-02-27T20:00:00Z,,false,3,genie/puppy/communications.csv,sent_at,2026.07.19.2
CEO_BARKED_TWICE,PUPPY,COM-053,sender_record_id,STRING,PR-BEA-02,,,,,,,false,4,genie/puppy/communications.csv,sender_record_id,2026.07.19.2
CEO_BARKED_TWICE,PUPPY,COM-053,recipient_record_ids,STRING,PR-SOPHIE-02,,,,,,,false,5,genie/puppy/communications.csv,recipient_record_ids,2026.07.19.2
CEO_BARKED_TWICE,PUPPY,COM-053,sender_domain,STRING,silvercollar.example,,,,,,,false,6,genie/puppy/communications.csv,sender_domain,2026.07.19.2
CEO_BARKED_TWICE,PUPPY,COM-053,subject,STRING,Quarterly close,,,,,,,false,7,genie/puppy/communications.csv,subject,2026.07.19.2
CEO_BARKED_TWICE,PUPPY,COM-053,safe_body,STRING,The purchase order quantity differs from the delivery note.,,,,,,,false,8,genie/puppy/communications.csv,safe_body,2026.07.19.2
CEO_BARKED_TWICE,PUPPY,COM-053,thread_id,STRING,THREAD-017,,,,,,,false,9,genie/puppy/communications.csv,thread_id,2026.07.19.2
CEO_BARKED_TWICE,PUPPY,COM-053,attachment_document_ids,NULL,,,,,,,null,false,10,genie/puppy/communications.csv,attachment_document_ids,2026.07.19.2
CEO_BARKED_TWICE,PUPPY,COM-054,communication_id,STRING,COM-054,,,,,,,false,1,genie/puppy/communications.csv,communication_id,2026.07.19.2
CEO_BARKED_TWICE,PUPPY,COM-054,communication_type,STRING,EMAIL,,,,,,,false,2,genie/puppy/communications.csv,communication_type,2026.07.19.2
CEO_BARKED_TWICE,PUPPY,COM-054,sent_at,TIMESTAMP,,,,,,2026-02-28T05:00:00Z,,false,3,genie/puppy/communications.csv,sent_at,2026.07.19.2
CEO_BARKED_TWICE,PUPPY,COM-054,sender_record_id,STRING,PR-IDA-01,,,,,,,false,4,genie/puppy/communications.csv,sender_record_id,2026.07.19.2
CEO_BARKED_TWICE,PUPPY,COM-054,recipient_record_ids,STRING,PR-CONRAD-02,,,,,,,false,5,genie/puppy/communications.csv,recipient_record_ids,2026.07.19.2
CEO_BARKED_TWICE,PUPPY,COM-054,sender_domain,STRING,silvercollar.example,,,,,,,false,6,genie/puppy/communications.csv,sender_domain,2026.07.19.2
CEO_BARKED_TWICE,PUPPY,COM-054,subject,STRING,Shared mailbox,,,,,,,false,7,genie/puppy/communications.csv,subject,2026.07.19.2
CEO_BARKED_TWICE,PUPPY,COM-054,safe_body,STRING,The shipment is scheduled for the next warehouse window.,,,,,,,false,8,genie/puppy/communications.csv,safe_body,2026.07.19.2
CEO_BARKED_TWICE,PUPPY,COM-054,thread_id,STRING,THREAD-018,,,,,,,false,9,genie/puppy/communications.csv,thread_id,2026.07.19.2
CEO_BARKED_TWICE,PUPPY,COM-054,attachment_document_ids,NULL,,,,,,,null,false,10,genie/puppy/communications.csv,attachment_document_ids,2026.07.19.2
CEO_BARKED_TWICE,PUPPY,COM-055,communication_id,STRING,COM-055,,,,,,,false,1,genie/puppy/communications.csv,communication_id,2026.07.19.2
CEO_BARKED_TWICE,PUPPY,COM-055,communication_type,STRING,CHAT,,,,,,,false,2,genie/puppy/communications.csv,communication_type,2026.07.19.2
CEO_BARKED_TWICE,PUPPY,COM-055,sent_at,TIMESTAMP,,,,,,2026-02-28T14:00:00Z,,false,3,genie/puppy/communications.csv,sent_at,2026.07.19.2
CEO_BARKED_TWICE,PUPPY,COM-055,sender_record_id,STRING,PR-THEO-01,,,,,,,false,4,genie/puppy/communications.csv,sender_record_id,2026.07.19.2
CEO_BARKED_TWICE,PUPPY,COM-055,recipient_record_ids,STRING,PR-RHEA-01,,,,,,,false,5,genie/puppy/communications.csv,recipient_record_ids,2026.07.19.2
CEO_BARKED_TWICE,PUPPY,COM-055,sender_domain,STRING,silvercollar.example,,,,,,,false,6,genie/puppy/communications.csv,sender_domain,2026.07.19.2
CEO_BARKED_TWICE,PUPPY,COM-055,subject,STRING,Payment confirmation,,,,,,,false,7,genie/puppy/communications.csv,subject,2026.07.19.2
CEO_BARKED_TWICE,PUPPY,COM-055,safe_body,STRING,The payment was processed to the existing approved beneficiary.,,,,,,,false,8,genie/puppy/communications.csv,safe_body,2026.07.19.2
CEO_BARKED_TWICE,PUPPY,COM-055,thread_id,STRING,THREAD-018,,,,,,,false,9,genie/puppy/communications.csv,thread_id,2026.07.19.2
CEO_BARKED_TWICE,PUPPY,COM-055,attachment_document_ids,NULL,,,,,,,null,false,10,genie/puppy/communications.csv,attachment_document_ids,2026.07.19.2
CEO_BARKED_TWICE,PUPPY,COM-056,communication_id,STRING,COM-056,,,,,,,false,1,genie/puppy/communications.csv,communication_id,2026.07.19.2
CEO_BARKED_TWICE,PUPPY,COM-056,communication_type,STRING,EMAIL,,,,,,,false,2,genie/puppy/communications.csv,communication_type,2026.07.19.2
CEO_BARKED_TWICE,PUPPY,COM-056,sent_at,TIMESTAMP,,,,,,2026-02-28T23:00:00Z,,false,3,genie/puppy/communications.csv,sent_at,2026.07.19.2
CEO_BARKED_TWICE,PUPPY,COM-056,sender_record_id,STRING,PR-VICTOR-02,,,,,,,false,4,genie/puppy/communications.csv,sender_record_id,2026.07.19.2
CEO_BARKED_TWICE,PUPPY,COM-056,recipient_record_ids,STRING,PR-LUCY-02,,,,,,,false,5,genie/puppy/communications.csv,recipient_record_ids,2026.07.19.2
CEO_BARKED_TWICE,PUPPY,COM-056,sender_domain,STRING,copperpaw.example,,,,,,,false,6,genie/puppy/communications.csv,sender_domain,2026.07.19.2
CEO_BARKED_TWICE,PUPPY,COM-056,subject,STRING,Delivery schedule,,,,,,,false,7,genie/puppy/communications.csv,subject,2026.07.19.2
CEO_BARKED_TWICE,PUPPY,COM-056,safe_body,STRING,This mailbox is shared for routine invoice queries only.,,,,,,,false,8,genie/puppy/communications.csv,safe_body,2026.07.19.2
CEO_BARKED_TWICE,PUPPY,COM-056,thread_id,STRING,THREAD-018,,,,,,,false,9,genie/puppy/communications.csv,thread_id,2026.07.19.2
CEO_BARKED_TWICE,PUPPY,COM-056,attachment_document_ids,NULL,,,,,,,null,false,10,genie/puppy/communications.csv,attachment_document_ids,2026.07.19.2
CEO_BARKED_TWICE,PUPPY,COM-057,communication_id,STRING,COM-057,,,,,,,false,1,genie/puppy/communications.csv,communication_id,2026.07.19.2
CEO_BARKED_TWICE,PUPPY,COM-057,communication_type,STRING,EMAIL,,,,,,,false,2,genie/puppy/communications.csv,communication_type,2026.07.19.2
CEO_BARKED_TWICE,PUPPY,COM-057,sent_at,TIMESTAMP,,,,,,2026-03-01T08:00:00Z,,false,3,genie/puppy/communications.csv,sent_at,2026.07.19.2
CEO_BARKED_TWICE,PUPPY,COM-057,sender_record_id,STRING,PR-OWEN-02,,,,,,,false,4,genie/puppy/communications.csv,sender_record_id,2026.07.19.2
CEO_BARKED_TWICE,PUPPY,COM-057,recipient_record_ids,STRING,PR-PENNY-02,,,,,,,false,5,genie/puppy/communications.csv,recipient_record_ids,2026.07.19.2
CEO_BARKED_TWICE,PUPPY,COM-057,sender_domain,STRING,copperpaw.example,,,,,,,false,6,genie/puppy/communications.csv,sender_domain,2026.07.19.2
CEO_BARKED_TWICE,PUPPY,COM-057,subject,STRING,Purchase order query,,,,,,,false,7,genie/puppy/communications.csv,subject,2026.07.19.2
CEO_BARKED_TWICE,PUPPY,COM-057,safe_body,STRING,Quarterly close requires all exceptions to be documented.,,,,,,,false,8,genie/puppy/communications.csv,safe_body,2026.07.19.2
CEO_BARKED_TWICE,PUPPY,COM-057,thread_id,STRING,THREAD-019,,,,,,,false,9,genie/puppy/communications.csv,thread_id,2026.07.19.2
CEO_BARKED_TWICE,PUPPY,COM-057,attachment_document_ids,NULL,,,,,,,null,false,10,genie/puppy/communications.csv,attachment_document_ids,2026.07.19.2
CEO_BARKED_TWICE,PUPPY,COM-058,communication_id,STRING,COM-058,,,,,,,false,1,genie/puppy/communications.csv,communication_id,2026.07.19.2
CEO_BARKED_TWICE,PUPPY,COM-058,communication_type,STRING,EMAIL,,,,,,,false,2,genie/puppy/communications.csv,communication_type,2026.07.19.2
CEO_BARKED_TWICE,PUPPY,COM-058,sent_at,TIMESTAMP,,,,,,2026-03-01T17:00:00Z,,false,3,genie/puppy/communications.csv,sent_at,2026.07.19.2
CEO_BARKED_TWICE,PUPPY,COM-058,sender_record_id,STRING,PR-LUCY-02,,,,,,,false,4,genie/puppy/communications.csv,sender_record_id,2026.07.19.2
CEO_BARKED_TWICE,PUPPY,COM-058,recipient_record_ids,STRING,PR-IDA-01,,,,,,,false,5,genie/puppy/communications.csv,recipient_record_ids,2026.07.19.2
CEO_BARKED_TWICE,PUPPY,COM-058,sender_domain,STRING,silvercollar.example,,,,,,,false,6,genie/puppy/communications.csv,sender_domain,2026.07.19.2
CEO_BARKED_TWICE,PUPPY,COM-058,subject,STRING,Travel notice,,,,,,,false,7,genie/puppy/communications.csv,subject,2026.07.19.2
CEO_BARKED_TWICE,PUPPY,COM-058,safe_body,STRING,The service contract renews next month under existing terms.,,,,,,,false,8,genie/puppy/communications.csv,safe_body,2026.07.19.2
CEO_BARKED_TWICE,PUPPY,COM-058,thread_id,STRING,THREAD-019,,,,,,,false,9,genie/puppy/communications.csv,thread_id,2026.07.19.2
CEO_BARKED_TWICE,PUPPY,COM-058,attachment_document_ids,NULL,,,,,,,null,false,10,genie/puppy/communications.csv,attachment_document_ids,2026.07.19.2
CEO_BARKED_TWICE,PUPPY,COM-059,communication_id,STRING,COM-059,,,,,,,false,1,genie/puppy/communications.csv,communication_id,2026.07.19.2
CEO_BARKED_TWICE,PUPPY,COM-059,communication_type,STRING,EMAIL,,,,,,,false,2,genie/puppy/communications.csv,communication_type,2026.07.19.2
CEO_BARKED_TWICE,PUPPY,COM-059,sent_at,TIMESTAMP,,,,,,2026-03-02T02:00:00Z,,false,3,genie/puppy/communications.csv,sent_at,2026.07.19.2
CEO_BARKED_TWICE,PUPPY,COM-059,sender_record_id,STRING,PR-SOPHIE-02,,,,,,,false,4,genie/puppy/communications.csv,sender_record_id,2026.07.19.2
CEO_BARKED_TWICE,PUPPY,COM-059,recipient_record_ids,STRING,PR-OWEN-02,,,,,,,false,5,genie/puppy/communications.csv,recipient_record_ids,2026.07.19.2
CEO_BARKED_TWICE,PUPPY,COM-059,sender_domain,STRING,silvercollar.example,,,,,,,false,6,genie/puppy/communications.csv,sender_domain,2026.07.19.2
CEO_BARKED_TWICE,PUPPY,COM-059,subject,STRING,Freight exception,,,,,,,false,7,genie/puppy/communications.csv,subject,2026.07.19.2
CEO_BARKED_TWICE,PUPPY,COM-059,safe_body,STRING,No account change is requested; use the verified vendor master.,,,,,,,false,8,genie/puppy/communications.csv,safe_body,2026.07.19.2
CEO_BARKED_TWICE,PUPPY,COM-059,thread_id,STRING,THREAD-019,,,,,,,false,9,genie/puppy/communications.csv,thread_id,2026.07.19.2
CEO_BARKED_TWICE,PUPPY,COM-059,attachment_document_ids,NULL,,,,,,,null,false,10,genie/puppy/communications.csv,attachment_document_ids,2026.07.19.2
CEO_BARKED_TWICE,PUPPY,COM-060,communication_id,STRING,COM-060,,,,,,,false,1,genie/puppy/communications.csv,communication_id,2026.07.19.2
CEO_BARKED_TWICE,PUPPY,COM-060,communication_type,STRING,EMAIL,,,,,,,false,2,genie/puppy/communications.csv,communication_type,2026.07.19.2
CEO_BARKED_TWICE,PUPPY,COM-060,sent_at,TIMESTAMP,,,,,,2026-03-02T11:00:00Z,,false,3,genie/puppy/communications.csv,sent_at,2026.07.19.2
CEO_BARKED_TWICE,PUPPY,COM-060,sender_record_id,STRING,PR-JUNE-01,,,,,,,false,4,genie/puppy/communications.csv,sender_record_id,2026.07.19.2
CEO_BARKED_TWICE,PUPPY,COM-060,recipient_record_ids,STRING,PR-RHEA-01,,,,,,,false,5,genie/puppy/communications.csv,recipient_record_ids,2026.07.19.2
CEO_BARKED_TWICE,PUPPY,COM-060,sender_domain,STRING,silvercollar.example,,,,,,,false,6,genie/puppy/communications.csv,sender_domain,2026.07.19.2
CEO_BARKED_TWICE,PUPPY,COM-060,subject,STRING,Vendor onboarding,,,,,,,false,7,genie/puppy/communications.csv,subject,2026.07.19.2
CEO_BARKED_TWICE,PUPPY,COM-060,safe_body,STRING,Security observed a login from the normal corporate network.,,,,,,,false,8,genie/puppy/communications.csv,safe_body,2026.07.19.2
CEO_BARKED_TWICE,PUPPY,COM-060,thread_id,STRING,THREAD-020,,,,,,,false,9,genie/puppy/communications.csv,thread_id,2026.07.19.2
CEO_BARKED_TWICE,PUPPY,COM-060,attachment_document_ids,NULL,,,,,,,null,false,10,genie/puppy/communications.csv,attachment_document_ids,2026.07.19.2
CEO_BARKED_TWICE,PUPPY,COM-061,communication_id,STRING,COM-061,,,,,,,false,1,genie/puppy/communications.csv,communication_id,2026.07.19.2
CEO_BARKED_TWICE,PUPPY,COM-061,communication_type,STRING,CHAT,,,,,,,false,2,genie/puppy/communications.csv,communication_type,2026.07.19.2
CEO_BARKED_TWICE,PUPPY,COM-061,sent_at,TIMESTAMP,,,,,,2026-03-02T20:00:00Z,,false,3,genie/puppy/communications.csv,sent_at,2026.07.19.2
CEO_BARKED_TWICE,PUPPY,COM-061,sender_record_id,STRING,PR-PENNY-02,,,,,,,false,4,genie/puppy/communications.csv,sender_record_id,2026.07.19.2
CEO_BARKED_TWICE,PUPPY,COM-061,recipient_record_ids,STRING,PR-BEA-02,,,,,,,false,5,genie/puppy/communications.csv,recipient_record_ids,2026.07.19.2
CEO_BARKED_TWICE,PUPPY,COM-061,sender_domain,STRING,silvercollar.example,,,,,,,false,6,genie/puppy/communications.csv,sender_domain,2026.07.19.2
CEO_BARKED_TWICE,PUPPY,COM-061,subject,STRING,Invoice status,,,,,,,false,7,genie/puppy/communications.csv,subject,2026.07.19.2
CEO_BARKED_TWICE,PUPPY,COM-061,safe_body,STRING,Please confirm the invoice reference and purchase order before close.,,,,,,,false,8,genie/puppy/communications.csv,safe_body,2026.07.19.2
CEO_BARKED_TWICE,PUPPY,COM-061,thread_id,STRING,THREAD-020,,,,,,,false,9,genie/puppy/communications.csv,thread_id,2026.07.19.2
CEO_BARKED_TWICE,PUPPY,COM-061,attachment_document_ids,STRING,DOC-061,,,,,,,false,10,genie/puppy/communications.csv,attachment_document_ids,2026.07.19.2
CEO_BARKED_TWICE,PUPPY,COM-062,communication_id,STRING,COM-062,,,,,,,false,1,genie/puppy/communications.csv,communication_id,2026.07.19.2
CEO_BARKED_TWICE,PUPPY,COM-062,communication_type,STRING,EMAIL,,,,,,,false,2,genie/puppy/communications.csv,communication_type,2026.07.19.2
CEO_BARKED_TWICE,PUPPY,COM-062,sent_at,TIMESTAMP,,,,,,2026-03-03T05:00:00Z,,false,3,genie/puppy/communications.csv,sent_at,2026.07.19.2
CEO_BARKED_TWICE,PUPPY,COM-062,sender_record_id,STRING,PR-CONRAD-02,,,,,,,false,4,genie/puppy/communications.csv,sender_record_id,2026.07.19.2
CEO_BARKED_TWICE,PUPPY,COM-062,recipient_record_ids,STRING,PR-VICTOR-02,,,,,,,false,5,genie/puppy/communications.csv,recipient_record_ids,2026.07.19.2
CEO_BARKED_TWICE,PUPPY,COM-062,sender_domain,STRING,silvercollar.example,,,,,,,false,6,genie/puppy/communications.csv,sender_domain,2026.07.19.2
CEO_BARKED_TWICE,PUPPY,COM-062,subject,STRING,Security alert,,,,,,,false,7,genie/puppy/communications.csv,subject,2026.07.19.2
CEO_BARKED_TWICE,PUPPY,COM-062,safe_body,STRING,Vendor onboarding is pending a verified callback.,,,,,,,false,8,genie/puppy/communications.csv,safe_body,2026.07.19.2
CEO_BARKED_TWICE,PUPPY,COM-062,thread_id,STRING,THREAD-020,,,,,,,false,9,genie/puppy/communications.csv,thread_id,2026.07.19.2
CEO_BARKED_TWICE,PUPPY,COM-062,attachment_document_ids,NULL,,,,,,,null,false,10,genie/puppy/communications.csv,attachment_document_ids,2026.07.19.2
CEO_BARKED_TWICE,PUPPY,COM-063,communication_id,STRING,COM-063,,,,,,,false,1,genie/puppy/communications.csv,communication_id,2026.07.19.2
CEO_BARKED_TWICE,PUPPY,COM-063,communication_type,STRING,EMAIL,,,,,,,false,2,genie/puppy/communications.csv,communication_type,2026.07.19.2
CEO_BARKED_TWICE,PUPPY,COM-063,sent_at,TIMESTAMP,,,,,,2026-03-03T14:00:00Z,,false,3,genie/puppy/communications.csv,sent_at,2026.07.19.2
CEO_BARKED_TWICE,PUPPY,COM-063,sender_record_id,STRING,PR-BEA-02,,,,,,,false,4,genie/puppy/communications.csv,sender_record_id,2026.07.19.2
CEO_BARKED_TWICE,PUPPY,COM-063,recipient_record_ids,STRING,PR-SOPHIE-02,,,,,,,false,5,genie/puppy/communications.csv,recipient_record_ids,2026.07.19.2
CEO_BARKED_TWICE,PUPPY,COM-063,sender_domain,STRING,silvercollar.example,,,,,,,false,6,genie/puppy/communications.csv,sender_domain,2026.07.19.2
CEO_BARKED_TWICE,PUPPY,COM-063,subject,STRING,Bank details review,,,,,,,false,7,genie/puppy/communications.csv,subject,2026.07.19.2
CEO_BARKED_TWICE,PUPPY,COM-063,safe_body,STRING,"Freight delay requires a revised delivery date, not new bank details.",,,,,,,false,8,genie/puppy/communications.csv,safe_body,2026.07.19.2
CEO_BARKED_TWICE,PUPPY,COM-063,thread_id,STRING,THREAD-021,,,,,,,false,9,genie/puppy/communications.csv,thread_id,2026.07.19.2
CEO_BARKED_TWICE,PUPPY,COM-063,attachment_document_ids,NULL,,,,,,,null,false,10,genie/puppy/communications.csv,attachment_document_ids,2026.07.19.2
CEO_BARKED_TWICE,PUPPY,COM-064,communication_id,STRING,COM-064,,,,,,,false,1,genie/puppy/communications.csv,communication_id,2026.07.19.2
CEO_BARKED_TWICE,PUPPY,COM-064,communication_type,STRING,EMAIL,,,,,,,false,2,genie/puppy/communications.csv,communication_type,2026.07.19.2
CEO_BARKED_TWICE,PUPPY,COM-064,sent_at,TIMESTAMP,,,,,,2026-03-03T23:00:00Z,,false,3,genie/puppy/communications.csv,sent_at,2026.07.19.2
CEO_BARKED_TWICE,PUPPY,COM-064,sender_record_id,STRING,PR-IDA-01,,,,,,,false,4,genie/puppy/communications.csv,sender_record_id,2026.07.19.2
CEO_BARKED_TWICE,PUPPY,COM-064,recipient_record_ids,STRING,PR-CONRAD-02,,,,,,,false,5,genie/puppy/communications.csv,recipient_record_ids,2026.07.19.2
CEO_BARKED_TWICE,PUPPY,COM-064,sender_domain,STRING,silvercollar.example,,,,,,,false,6,genie/puppy/communications.csv,sender_domain,2026.07.19.2
CEO_BARKED_TWICE,PUPPY,COM-064,subject,STRING,Contract renewal,,,,,,,false,7,genie/puppy/communications.csv,subject,2026.07.19.2
CEO_BARKED_TWICE,PUPPY,COM-064,safe_body,STRING,The executive travel calendar has been updated for the finance team.,,,,,,,false,8,genie/puppy/communications.csv,safe_body,2026.07.19.2
CEO_BARKED_TWICE,PUPPY,COM-064,thread_id,STRING,THREAD-021,,,,,,,false,9,genie/puppy/communications.csv,thread_id,2026.07.19.2
CEO_BARKED_TWICE,PUPPY,COM-064,attachment_document_ids,NULL,,,,,,,null,false,10,genie/puppy/communications.csv,attachment_document_ids,2026.07.19.2
CEO_BARKED_TWICE,PUPPY,COM-065,communication_id,STRING,COM-065,,,,,,,false,1,genie/puppy/communications.csv,communication_id,2026.07.19.2
CEO_BARKED_TWICE,PUPPY,COM-065,communication_type,STRING,EMAIL,,,,,,,false,2,genie/puppy/communications.csv,communication_type,2026.07.19.2
CEO_BARKED_TWICE,PUPPY,COM-065,sent_at,TIMESTAMP,,,,,,2026-03-04T08:00:00Z,,false,3,genie/puppy/communications.csv,sent_at,2026.07.19.2
CEO_BARKED_TWICE,PUPPY,COM-065,sender_record_id,STRING,PR-THEO-01,,,,,,,false,4,genie/puppy/communications.csv,sender_record_id,2026.07.19.2
CEO_BARKED_TWICE,PUPPY,COM-065,recipient_record_ids,STRING,PR-RHEA-01,,,,,,,false,5,genie/puppy/communications.csv,recipient_record_ids,2026.07.19.2
CEO_BARKED_TWICE,PUPPY,COM-065,sender_domain,STRING,silvercollar.example,,,,,,,false,6,genie/puppy/communications.csv,sender_domain,2026.07.19.2
CEO_BARKED_TWICE,PUPPY,COM-065,subject,STRING,Quarterly close,,,,,,,false,7,genie/puppy/communications.csv,subject,2026.07.19.2
CEO_BARKED_TWICE,PUPPY,COM-065,safe_body,STRING,The purchase order quantity differs from the delivery note.,,,,,,,false,8,genie/puppy/communications.csv,safe_body,2026.07.19.2
CEO_BARKED_TWICE,PUPPY,COM-065,thread_id,STRING,THREAD-021,,,,,,,false,9,genie/puppy/communications.csv,thread_id,2026.07.19.2
CEO_BARKED_TWICE,PUPPY,COM-065,attachment_document_ids,NULL,,,,,,,null,false,10,genie/puppy/communications.csv,attachment_document_ids,2026.07.19.2
CEO_BARKED_TWICE,PUPPY,COM-066,communication_id,STRING,COM-066,,,,,,,false,1,genie/puppy/communications.csv,communication_id,2026.07.19.2
CEO_BARKED_TWICE,PUPPY,COM-066,communication_type,STRING,EMAIL,,,,,,,false,2,genie/puppy/communications.csv,communication_type,2026.07.19.2
CEO_BARKED_TWICE,PUPPY,COM-066,sent_at,TIMESTAMP,,,,,,2026-03-04T17:00:00Z,,false,3,genie/puppy/communications.csv,sent_at,2026.07.19.2
CEO_BARKED_TWICE,PUPPY,COM-066,sender_record_id,STRING,PR-VICTOR-02,,,,,,,false,4,genie/puppy/communications.csv,sender_record_id,2026.07.19.2
CEO_BARKED_TWICE,PUPPY,COM-066,recipient_record_ids,STRING,PR-LUCY-02,,,,,,,false,5,genie/puppy/communications.csv,recipient_record_ids,2026.07.19.2
CEO_BARKED_TWICE,PUPPY,COM-066,sender_domain,STRING,copperpaw.example,,,,,,,false,6,genie/puppy/communications.csv,sender_domain,2026.07.19.2
CEO_BARKED_TWICE,PUPPY,COM-066,subject,STRING,Shared mailbox,,,,,,,false,7,genie/puppy/communications.csv,subject,2026.07.19.2
CEO_BARKED_TWICE,PUPPY,COM-066,safe_body,STRING,The shipment is scheduled for the next warehouse window.,,,,,,,false,8,genie/puppy/communications.csv,safe_body,2026.07.19.2
CEO_BARKED_TWICE,PUPPY,COM-066,thread_id,STRING,THREAD-022,,,,,,,false,9,genie/puppy/communications.csv,thread_id,2026.07.19.2
CEO_BARKED_TWICE,PUPPY,COM-066,attachment_document_ids,NULL,,,,,,,null,false,10,genie/puppy/communications.csv,attachment_document_ids,2026.07.19.2
CEO_BARKED_TWICE,PUPPY,COM-067,communication_id,STRING,COM-067,,,,,,,false,1,genie/puppy/communications.csv,communication_id,2026.07.19.2
CEO_BARKED_TWICE,PUPPY,COM-067,communication_type,STRING,CHAT,,,,,,,false,2,genie/puppy/communications.csv,communication_type,2026.07.19.2
CEO_BARKED_TWICE,PUPPY,COM-067,sent_at,TIMESTAMP,,,,,,2026-03-05T02:00:00Z,,false,3,genie/puppy/communications.csv,sent_at,2026.07.19.2
CEO_BARKED_TWICE,PUPPY,COM-067,sender_record_id,STRING,PR-OWEN-02,,,,,,,false,4,genie/puppy/communications.csv,sender_record_id,2026.07.19.2
CEO_BARKED_TWICE,PUPPY,COM-067,recipient_record_ids,STRING,PR-PENNY-02,,,,,,,false,5,genie/puppy/communications.csv,recipient_record_ids,2026.07.19.2
CEO_BARKED_TWICE,PUPPY,COM-067,sender_domain,STRING,copperpaw.example,,,,,,,false,6,genie/puppy/communications.csv,sender_domain,2026.07.19.2
CEO_BARKED_TWICE,PUPPY,COM-067,subject,STRING,Payment confirmation,,,,,,,false,7,genie/puppy/communications.csv,subject,2026.07.19.2
CEO_BARKED_TWICE,PUPPY,COM-067,safe_body,STRING,The payment was processed to the existing approved beneficiary.,,,,,,,false,8,genie/puppy/communications.csv,safe_body,2026.07.19.2
CEO_BARKED_TWICE,PUPPY,COM-067,thread_id,STRING,THREAD-022,,,,,,,false,9,genie/puppy/communications.csv,thread_id,2026.07.19.2
CEO_BARKED_TWICE,PUPPY,COM-067,attachment_document_ids,NULL,,,,,,,null,false,10,genie/puppy/communications.csv,attachment_document_ids,2026.07.19.2
CEO_BARKED_TWICE,PUPPY,COM-068,communication_id,STRING,COM-068,,,,,,,false,1,genie/puppy/communications.csv,communication_id,2026.07.19.2
CEO_BARKED_TWICE,PUPPY,COM-068,communication_type,STRING,EMAIL,,,,,,,false,2,genie/puppy/communications.csv,communication_type,2026.07.19.2
CEO_BARKED_TWICE,PUPPY,COM-068,sent_at,TIMESTAMP,,,,,,2026-03-05T11:00:00Z,,false,3,genie/puppy/communications.csv,sent_at,2026.07.19.2
CEO_BARKED_TWICE,PUPPY,COM-068,sender_record_id,STRING,PR-LUCY-02,,,,,,,false,4,genie/puppy/communications.csv,sender_record_id,2026.07.19.2
CEO_BARKED_TWICE,PUPPY,COM-068,recipient_record_ids,STRING,PR-IDA-01,,,,,,,false,5,genie/puppy/communications.csv,recipient_record_ids,2026.07.19.2
CEO_BARKED_TWICE,PUPPY,COM-068,sender_domain,STRING,silvercollar.example,,,,,,,false,6,genie/puppy/communications.csv,sender_domain,2026.07.19.2
CEO_BARKED_TWICE,PUPPY,COM-068,subject,STRING,Delivery schedule,,,,,,,false,7,genie/puppy/communications.csv,subject,2026.07.19.2
CEO_BARKED_TWICE,PUPPY,COM-068,safe_body,STRING,This mailbox is shared for routine invoice queries only.,,,,,,,false,8,genie/puppy/communications.csv,safe_body,2026.07.19.2
CEO_BARKED_TWICE,PUPPY,COM-068,thread_id,STRING,THREAD-022,,,,,,,false,9,genie/puppy/communications.csv,thread_id,2026.07.19.2
CEO_BARKED_TWICE,PUPPY,COM-068,attachment_document_ids,NULL,,,,,,,null,false,10,genie/puppy/communications.csv,attachment_document_ids,2026.07.19.2
CEO_BARKED_TWICE,PUPPY,COM-069,communication_id,STRING,COM-069,,,,,,,false,1,genie/puppy/communications.csv,communication_id,2026.07.19.2
CEO_BARKED_TWICE,PUPPY,COM-069,communication_type,STRING,EMAIL,,,,,,,false,2,genie/puppy/communications.csv,communication_type,2026.07.19.2
CEO_BARKED_TWICE,PUPPY,COM-069,sent_at,TIMESTAMP,,,,,,2026-03-05T20:00:00Z,,false,3,genie/puppy/communications.csv,sent_at,2026.07.19.2
CEO_BARKED_TWICE,PUPPY,COM-069,sender_record_id,STRING,PR-SOPHIE-02,,,,,,,false,4,genie/puppy/communications.csv,sender_record_id,2026.07.19.2
CEO_BARKED_TWICE,PUPPY,COM-069,recipient_record_ids,STRING,PR-OWEN-02,,,,,,,false,5,genie/puppy/communications.csv,recipient_record_ids,2026.07.19.2
CEO_BARKED_TWICE,PUPPY,COM-069,sender_domain,STRING,silvercollar.example,,,,,,,false,6,genie/puppy/communications.csv,sender_domain,2026.07.19.2
CEO_BARKED_TWICE,PUPPY,COM-069,subject,STRING,Purchase order query,,,,,,,false,7,genie/puppy/communications.csv,subject,2026.07.19.2
CEO_BARKED_TWICE,PUPPY,COM-069,safe_body,STRING,Quarterly close requires all exceptions to be documented.,,,,,,,false,8,genie/puppy/communications.csv,safe_body,2026.07.19.2
CEO_BARKED_TWICE,PUPPY,COM-069,thread_id,STRING,THREAD-023,,,,,,,false,9,genie/puppy/communications.csv,thread_id,2026.07.19.2
CEO_BARKED_TWICE,PUPPY,COM-069,attachment_document_ids,NULL,,,,,,,null,false,10,genie/puppy/communications.csv,attachment_document_ids,2026.07.19.2
CEO_BARKED_TWICE,PUPPY,COM-070,communication_id,STRING,COM-070,,,,,,,false,1,genie/puppy/communications.csv,communication_id,2026.07.19.2
CEO_BARKED_TWICE,PUPPY,COM-070,communication_type,STRING,EMAIL,,,,,,,false,2,genie/puppy/communications.csv,communication_type,2026.07.19.2
CEO_BARKED_TWICE,PUPPY,COM-070,sent_at,TIMESTAMP,,,,,,2026-03-06T05:00:00Z,,false,3,genie/puppy/communications.csv,sent_at,2026.07.19.2
CEO_BARKED_TWICE,PUPPY,COM-070,sender_record_id,STRING,PR-JUNE-01,,,,,,,false,4,genie/puppy/communications.csv,sender_record_id,2026.07.19.2
CEO_BARKED_TWICE,PUPPY,COM-070,recipient_record_ids,STRING,PR-RHEA-01,,,,,,,false,5,genie/puppy/communications.csv,recipient_record_ids,2026.07.19.2
CEO_BARKED_TWICE,PUPPY,COM-070,sender_domain,STRING,silvercollar.example,,,,,,,false,6,genie/puppy/communications.csv,sender_domain,2026.07.19.2
CEO_BARKED_TWICE,PUPPY,COM-070,subject,STRING,Travel notice,,,,,,,false,7,genie/puppy/communications.csv,subject,2026.07.19.2
CEO_BARKED_TWICE,PUPPY,COM-070,safe_body,STRING,The service contract renews next month under existing terms.,,,,,,,false,8,genie/puppy/communications.csv,safe_body,2026.07.19.2
CEO_BARKED_TWICE,PUPPY,COM-070,thread_id,STRING,THREAD-023,,,,,,,false,9,genie/puppy/communications.csv,thread_id,2026.07.19.2
CEO_BARKED_TWICE,PUPPY,COM-070,attachment_document_ids,NULL,,,,,,,null,false,10,genie/puppy/communications.csv,attachment_document_ids,2026.07.19.2
CEO_BARKED_TWICE,PUPPY,COM-071,communication_id,STRING,COM-071,,,,,,,false,1,genie/puppy/communications.csv,communication_id,2026.07.19.2
CEO_BARKED_TWICE,PUPPY,COM-071,communication_type,STRING,EMAIL,,,,,,,false,2,genie/puppy/communications.csv,communication_type,2026.07.19.2
CEO_BARKED_TWICE,PUPPY,COM-071,sent_at,TIMESTAMP,,,,,,2026-03-06T14:00:00Z,,false,3,genie/puppy/communications.csv,sent_at,2026.07.19.2
CEO_BARKED_TWICE,PUPPY,COM-071,sender_record_id,STRING,PR-PENNY-02,,,,,,,false,4,genie/puppy/communications.csv,sender_record_id,2026.07.19.2
CEO_BARKED_TWICE,PUPPY,COM-071,recipient_record_ids,STRING,PR-BEA-02,,,,,,,false,5,genie/puppy/communications.csv,recipient_record_ids,2026.07.19.2
CEO_BARKED_TWICE,PUPPY,COM-071,sender_domain,STRING,silvercollar.example,,,,,,,false,6,genie/puppy/communications.csv,sender_domain,2026.07.19.2
CEO_BARKED_TWICE,PUPPY,COM-071,subject,STRING,Freight exception,,,,,,,false,7,genie/puppy/communications.csv,subject,2026.07.19.2
CEO_BARKED_TWICE,PUPPY,COM-071,safe_body,STRING,No account change is requested; use the verified vendor master.,,,,,,,false,8,genie/puppy/communications.csv,safe_body,2026.07.19.2
CEO_BARKED_TWICE,PUPPY,COM-071,thread_id,STRING,THREAD-023,,,,,,,false,9,genie/puppy/communications.csv,thread_id,2026.07.19.2
CEO_BARKED_TWICE,PUPPY,COM-071,attachment_document_ids,STRING,DOC-071,,,,,,,false,10,genie/puppy/communications.csv,attachment_document_ids,2026.07.19.2
CEO_BARKED_TWICE,PUPPY,COM-072,communication_id,STRING,COM-072,,,,,,,false,1,genie/puppy/communications.csv,communication_id,2026.07.19.2
CEO_BARKED_TWICE,PUPPY,COM-072,communication_type,STRING,EMAIL,,,,,,,false,2,genie/puppy/communications.csv,communication_type,2026.07.19.2
CEO_BARKED_TWICE,PUPPY,COM-072,sent_at,TIMESTAMP,,,,,,2026-03-06T23:00:00Z,,false,3,genie/puppy/communications.csv,sent_at,2026.07.19.2
CEO_BARKED_TWICE,PUPPY,COM-072,sender_record_id,STRING,PR-CONRAD-02,,,,,,,false,4,genie/puppy/communications.csv,sender_record_id,2026.07.19.2
CEO_BARKED_TWICE,PUPPY,COM-072,recipient_record_ids,STRING,PR-VICTOR-02,,,,,,,false,5,genie/puppy/communications.csv,recipient_record_ids,2026.07.19.2
CEO_BARKED_TWICE,PUPPY,COM-072,sender_domain,STRING,silvercollar.example,,,,,,,false,6,genie/puppy/communications.csv,sender_domain,2026.07.19.2
CEO_BARKED_TWICE,PUPPY,COM-072,subject,STRING,Vendor onboarding,,,,,,,false,7,genie/puppy/communications.csv,subject,2026.07.19.2
CEO_BARKED_TWICE,PUPPY,COM-072,safe_body,STRING,Security observed a login from the normal corporate network.,,,,,,,false,8,genie/puppy/communications.csv,safe_body,2026.07.19.2
CEO_BARKED_TWICE,PUPPY,COM-072,thread_id,STRING,THREAD-024,,,,,,,false,9,genie/puppy/communications.csv,thread_id,2026.07.19.2
CEO_BARKED_TWICE,PUPPY,COM-072,attachment_document_ids,NULL,,,,,,,null,false,10,genie/puppy/communications.csv,attachment_document_ids,2026.07.19.2
CEO_BARKED_TWICE,PUPPY,COM-073,communication_id,STRING,COM-073,,,,,,,false,1,genie/puppy/communications.csv,communication_id,2026.07.19.2
CEO_BARKED_TWICE,PUPPY,COM-073,communication_type,STRING,CHAT,,,,,,,false,2,genie/puppy/communications.csv,communication_type,2026.07.19.2
CEO_BARKED_TWICE,PUPPY,COM-073,sent_at,TIMESTAMP,,,,,,2026-03-07T08:00:00Z,,false,3,genie/puppy/communications.csv,sent_at,2026.07.19.2
CEO_BARKED_TWICE,PUPPY,COM-073,sender_record_id,STRING,PR-BEA-02,,,,,,,false,4,genie/puppy/communications.csv,sender_record_id,2026.07.19.2
CEO_BARKED_TWICE,PUPPY,COM-073,recipient_record_ids,STRING,PR-SOPHIE-02,,,,,,,false,5,genie/puppy/communications.csv,recipient_record_ids,2026.07.19.2
CEO_BARKED_TWICE,PUPPY,COM-073,sender_domain,STRING,silvercollar.example,,,,,,,false,6,genie/puppy/communications.csv,sender_domain,2026.07.19.2
CEO_BARKED_TWICE,PUPPY,COM-073,subject,STRING,Invoice status,,,,,,,false,7,genie/puppy/communications.csv,subject,2026.07.19.2
CEO_BARKED_TWICE,PUPPY,COM-073,safe_body,STRING,Please confirm the invoice reference and purchase order before close.,,,,,,,false,8,genie/puppy/communications.csv,safe_body,2026.07.19.2
CEO_BARKED_TWICE,PUPPY,COM-073,thread_id,STRING,THREAD-024,,,,,,,false,9,genie/puppy/communications.csv,thread_id,2026.07.19.2
CEO_BARKED_TWICE,PUPPY,COM-073,attachment_document_ids,NULL,,,,,,,null,false,10,genie/puppy/communications.csv,attachment_document_ids,2026.07.19.2
CEO_BARKED_TWICE,PUPPY,COM-074,communication_id,STRING,COM-074,,,,,,,false,1,genie/puppy/communications.csv,communication_id,2026.07.19.2
CEO_BARKED_TWICE,PUPPY,COM-074,communication_type,STRING,EMAIL,,,,,,,false,2,genie/puppy/communications.csv,communication_type,2026.07.19.2
CEO_BARKED_TWICE,PUPPY,COM-074,sent_at,TIMESTAMP,,,,,,2026-03-07T17:00:00Z,,false,3,genie/puppy/communications.csv,sent_at,2026.07.19.2
CEO_BARKED_TWICE,PUPPY,COM-074,sender_record_id,STRING,PR-IDA-01,,,,,,,false,4,genie/puppy/communications.csv,sender_record_id,2026.07.19.2
CEO_BARKED_TWICE,PUPPY,COM-074,recipient_record_ids,STRING,PR-CONRAD-02,,,,,,,false,5,genie/puppy/communications.csv,recipient_record_ids,2026.07.19.2
CEO_BARKED_TWICE,PUPPY,COM-074,sender_domain,STRING,silvercollar.example,,,,,,,false,6,genie/puppy/communications.csv,sender_domain,2026.07.19.2
CEO_BARKED_TWICE,PUPPY,COM-074,subject,STRING,Security alert,,,,,,,false,7,genie/puppy/communications.csv,subject,2026.07.19.2
CEO_BARKED_TWICE,PUPPY,COM-074,safe_body,STRING,Vendor onboarding is pending a verified callback.,,,,,,,false,8,genie/puppy/communications.csv,safe_body,2026.07.19.2
CEO_BARKED_TWICE,PUPPY,COM-074,thread_id,STRING,THREAD-024,,,,,,,false,9,genie/puppy/communications.csv,thread_id,2026.07.19.2
CEO_BARKED_TWICE,PUPPY,COM-074,attachment_document_ids,NULL,,,,,,,null,false,10,genie/puppy/communications.csv,attachment_document_ids,2026.07.19.2
CEO_BARKED_TWICE,PUPPY,COM-075,communication_id,STRING,COM-075,,,,,,,false,1,genie/puppy/communications.csv,communication_id,2026.07.19.2
CEO_BARKED_TWICE,PUPPY,COM-075,communication_type,STRING,EMAIL,,,,,,,false,2,genie/puppy/communications.csv,communication_type,2026.07.19.2
CEO_BARKED_TWICE,PUPPY,COM-075,sent_at,TIMESTAMP,,,,,,2026-03-08T02:00:00Z,,false,3,genie/puppy/communications.csv,sent_at,2026.07.19.2
CEO_BARKED_TWICE,PUPPY,COM-075,sender_record_id,STRING,PR-THEO-01,,,,,,,false,4,genie/puppy/communications.csv,sender_record_id,2026.07.19.2
CEO_BARKED_TWICE,PUPPY,COM-075,recipient_record_ids,STRING,PR-RHEA-01,,,,,,,false,5,genie/puppy/communications.csv,recipient_record_ids,2026.07.19.2
CEO_BARKED_TWICE,PUPPY,COM-075,sender_domain,STRING,silvercollar.example,,,,,,,false,6,genie/puppy/communications.csv,sender_domain,2026.07.19.2
CEO_BARKED_TWICE,PUPPY,COM-075,subject,STRING,Bank details review,,,,,,,false,7,genie/puppy/communications.csv,subject,2026.07.19.2
CEO_BARKED_TWICE,PUPPY,COM-075,safe_body,STRING,"Freight delay requires a revised delivery date, not new bank details.",,,,,,,false,8,genie/puppy/communications.csv,safe_body,2026.07.19.2
CEO_BARKED_TWICE,PUPPY,COM-075,thread_id,STRING,THREAD-025,,,,,,,false,9,genie/puppy/communications.csv,thread_id,2026.07.19.2
CEO_BARKED_TWICE,PUPPY,COM-075,attachment_document_ids,NULL,,,,,,,null,false,10,genie/puppy/communications.csv,attachment_document_ids,2026.07.19.2
CEO_BARKED_TWICE,PUPPY,DOC-001,document_id,STRING,DOC-001,,,,,,,false,1,genie/puppy/documents.csv,document_id,2026.07.19.2
CEO_BARKED_TWICE,PUPPY,DOC-001,document_type,STRING,PAYMENT_CONTROL_POLICY,,,,,,,false,2,genie/puppy/documents.csv,document_type,2026.07.19.2
CEO_BARKED_TWICE,PUPPY,DOC-001,title,STRING,Vendor Bank Change and Callback Policy,,,,,,,false,3,genie/puppy/documents.csv,title,2026.07.19.2
CEO_BARKED_TWICE,PUPPY,DOC-001,issued_at,DATE,,,,,2025-01-15,,,false,4,genie/puppy/documents.csv,issued_at,2026.07.19.2
CEO_BARKED_TWICE,PUPPY,DOC-001,issuer_record_id,STRING,OR-SCC-01,,,,,,,false,5,genie/puppy/documents.csv,issuer_record_id,2026.07.19.2
CEO_BARKED_TWICE,PUPPY,DOC-001,signer_record_id,STRING,PR-CONRAD-01,,,,,,,false,6,genie/puppy/documents.csv,signer_record_id,2026.07.19.2
CEO_BARKED_TWICE,PUPPY,DOC-001,related_record_ids,NULL,,,,,,,null,false,7,genie/puppy/documents.csv,related_record_ids,2026.07.19.2
CEO_BARKED_TWICE,PUPPY,DOC-001,related_invoice_id,NULL,,,,,,,null,false,8,genie/puppy/documents.csv,related_invoice_id,2026.07.19.2
CEO_BARKED_TWICE,PUPPY,DOC-001,document_hash,STRING,POLICY-HASH-001,,,,,,,false,9,genie/puppy/documents.csv,document_hash,2026.07.19.2
CEO_BARKED_TWICE,PUPPY,DOC-001,template_id,NULL,,,,,,,null,false,10,genie/puppy/documents.csv,template_id,2026.07.19.2
CEO_BARKED_TWICE,PUPPY,DOC-001,extracted_support_phone,NULL,,,,,,,null,false,11,genie/puppy/documents.csv,extracted_support_phone,2026.07.19.2
CEO_BARKED_TWICE,PUPPY,DOC-001,extracted_beneficiary_account,NULL,,,,,,,null,false,12,genie/puppy/documents.csv,extracted_beneficiary_account,2026.07.19.2
CEO_BARKED_TWICE,PUPPY,DOC-001,extracted_invoice_number,NULL,,,,,,,null,false,13,genie/puppy/documents.csv,extracted_invoice_number,2026.07.19.2
CEO_BARKED_TWICE,PUPPY,DOC-002,document_id,STRING,DOC-002,,,,,,,false,1,genie/puppy/documents.csv,document_id,2026.07.19.2
CEO_BARKED_TWICE,PUPPY,DOC-002,document_type,STRING,EXECUTIVE_TRAVEL_NOTICE,,,,,,,false,2,genie/puppy/documents.csv,document_type,2026.07.19.2
CEO_BARKED_TWICE,PUPPY,DOC-002,title,STRING,CEO Travel Itinerary,,,,,,,false,3,genie/puppy/documents.csv,title,2026.07.19.2
CEO_BARKED_TWICE,PUPPY,DOC-002,issued_at,DATE,,,,,2026-02-08,,,false,4,genie/puppy/documents.csv,issued_at,2026.07.19.2
CEO_BARKED_TWICE,PUPPY,DOC-002,issuer_record_id,STRING,OR-SCC-01,,,,,,,false,5,genie/puppy/documents.csv,issuer_record_id,2026.07.19.2
CEO_BARKED_TWICE,PUPPY,DOC-002,signer_record_id,STRING,PR-BEA-01,,,,,,,false,6,genie/puppy/documents.csv,signer_record_id,2026.07.19.2
CEO_BARKED_TWICE,PUPPY,DOC-002,related_record_ids,NULL,,,,,,,null,false,7,genie/puppy/documents.csv,related_record_ids,2026.07.19.2
CEO_BARKED_TWICE,PUPPY,DOC-002,related_invoice_id,NULL,,,,,,,null,false,8,genie/puppy/documents.csv,related_invoice_id,2026.07.19.2
CEO_BARKED_TWICE,PUPPY,DOC-002,document_hash,STRING,TRAVEL-HASH-001,,,,,,,false,9,genie/puppy/documents.csv,document_hash,2026.07.19.2
CEO_BARKED_TWICE,PUPPY,DOC-002,template_id,NULL,,,,,,,null,false,10,genie/puppy/documents.csv,template_id,2026.07.19.2
CEO_BARKED_TWICE,PUPPY,DOC-002,extracted_support_phone,NULL,,,,,,,null,false,11,genie/puppy/documents.csv,extracted_support_phone,2026.07.19.2
CEO_BARKED_TWICE,PUPPY,DOC-002,extracted_beneficiary_account,NULL,,,,,,,null,false,12,genie/puppy/documents.csv,extracted_beneficiary_account,2026.07.19.2
CEO_BARKED_TWICE,PUPPY,DOC-002,extracted_invoice_number,NULL,,,,,,,null,false,13,genie/puppy/documents.csv,extracted_invoice_number,2026.07.19.2
CEO_BARKED_TWICE,PUPPY,DOC-003,document_id,STRING,DOC-003,,,,,,,false,1,genie/puppy/documents.csv,document_id,2026.07.19.2
CEO_BARKED_TWICE,PUPPY,DOC-003,document_type,STRING,DOMAIN_REGISTRATION_EXPORT,,,,,,,false,2,genie/puppy/documents.csv,document_type,2026.07.19.2
CEO_BARKED_TWICE,PUPPY,DOC-003,title,STRING,Lookalike Domain Registration Export,,,,,,,false,3,genie/puppy/documents.csv,title,2026.07.19.2
CEO_BARKED_TWICE,PUPPY,DOC-003,issued_at,DATE,,,,,2026-02-11,,,false,4,genie/puppy/documents.csv,issued_at,2026.07.19.2
CEO_BARKED_TWICE,PUPPY,DOC-003,issuer_record_id,STRING,OR-REGISTRY-01,,,,,,,false,5,genie/puppy/documents.csv,issuer_record_id,2026.07.19.2
CEO_BARKED_TWICE,PUPPY,DOC-003,signer_record_id,STRING,PR-THEO-01,,,,,,,false,6,genie/puppy/documents.csv,signer_record_id,2026.07.19.2
CEO_BARKED_TWICE,PUPPY,DOC-003,related_record_ids,STRING,DOM-SCC-TYPO;DOM-COPPER-TYPO,,,,,,,false,7,genie/puppy/documents.csv,related_record_ids,2026.07.19.2
CEO_BARKED_TWICE,PUPPY,DOC-003,related_invoice_id,NULL,,,,,,,null,false,8,genie/puppy/documents.csv,related_invoice_id,2026.07.19.2
CEO_BARKED_TWICE,PUPPY,DOC-003,document_hash,STRING,REG-HASH-001,,,,,,,false,9,genie/puppy/documents.csv,document_hash,2026.07.19.2
CEO_BARKED_TWICE,PUPPY,DOC-003,template_id,NULL,,,,,,,null,false,10,genie/puppy/documents.csv,template_id,2026.07.19.2
CEO_BARKED_TWICE,PUPPY,DOC-003,extracted_support_phone,NULL,,,,,,,null,false,11,genie/puppy/documents.csv,extracted_support_phone,2026.07.19.2
CEO_BARKED_TWICE,PUPPY,DOC-003,extracted_beneficiary_account,NULL,,,,,,,null,false,12,genie/puppy/documents.csv,extracted_beneficiary_account,2026.07.19.2
CEO_BARKED_TWICE,PUPPY,DOC-003,extracted_invoice_number,NULL,,,,,,,null,false,13,genie/puppy/documents.csv,extracted_invoice_number,2026.07.19.2
CEO_BARKED_TWICE,PUPPY,DOC-004,document_id,STRING,DOC-004,,,,,,,false,1,genie/puppy/documents.csv,document_id,2026.07.19.2
CEO_BARKED_TWICE,PUPPY,DOC-004,document_type,STRING,MAILBOX_RULE_EXPORT,,,,,,,false,2,genie/puppy/documents.csv,document_type,2026.07.19.2
CEO_BARKED_TWICE,PUPPY,DOC-004,title,STRING,Penny Mailbox Rule Export,,,,,,,false,3,genie/puppy/documents.csv,title,2026.07.19.2
CEO_BARKED_TWICE,PUPPY,DOC-004,issued_at,DATE,,,,,2026-02-11,,,false,4,genie/puppy/documents.csv,issued_at,2026.07.19.2
CEO_BARKED_TWICE,PUPPY,DOC-004,issuer_record_id,STRING,OR-CLOUDMAIL-01,,,,,,,false,5,genie/puppy/documents.csv,issuer_record_id,2026.07.19.2
CEO_BARKED_TWICE,PUPPY,DOC-004,signer_record_id,STRING,PR-THEO-01,,,,,,,false,6,genie/puppy/documents.csv,signer_record_id,2026.07.19.2
CEO_BARKED_TWICE,PUPPY,DOC-004,related_record_ids,STRING,MR-001;MR-002,,,,,,,false,7,genie/puppy/documents.csv,related_record_ids,2026.07.19.2
CEO_BARKED_TWICE,PUPPY,DOC-004,related_invoice_id,NULL,,,,,,,null,false,8,genie/puppy/documents.csv,related_invoice_id,2026.07.19.2
CEO_BARKED_TWICE,PUPPY,DOC-004,document_hash,STRING,MAIL-HASH-001,,,,,,,false,9,genie/puppy/documents.csv,document_hash,2026.07.19.2
CEO_BARKED_TWICE,PUPPY,DOC-004,template_id,NULL,,,,,,,null,false,10,genie/puppy/documents.csv,template_id,2026.07.19.2
CEO_BARKED_TWICE,PUPPY,DOC-004,extracted_support_phone,NULL,,,,,,,null,false,11,genie/puppy/documents.csv,extracted_support_phone,2026.07.19.2
CEO_BARKED_TWICE,PUPPY,DOC-004,extracted_beneficiary_account,NULL,,,,,,,null,false,12,genie/puppy/documents.csv,extracted_beneficiary_account,2026.07.19.2
CEO_BARKED_TWICE,PUPPY,DOC-004,extracted_invoice_number,NULL,,,,,,,null,false,13,genie/puppy/documents.csv,extracted_invoice_number,2026.07.19.2
CEO_BARKED_TWICE,PUPPY,DOC-005,document_id,STRING,DOC-005,,,,,,,false,1,genie/puppy/documents.csv,document_id,2026.07.19.2
CEO_BARKED_TWICE,PUPPY,DOC-005,document_type,STRING,BANK_PAYMENT_ADVICE,,,,,,,false,2,genie/puppy/documents.csv,document_type,2026.07.19.2
CEO_BARKED_TWICE,PUPPY,DOC-005,title,STRING,Payment Advice CPI-1048,,,,,,,false,3,genie/puppy/documents.csv,title,2026.07.19.2
CEO_BARKED_TWICE,PUPPY,DOC-005,issued_at,DATE,,,,,2026-02-10,,,false,4,genie/puppy/documents.csv,issued_at,2026.07.19.2
CEO_BARKED_TWICE,PUPPY,DOC-005,issuer_record_id,STRING,OR-LANTERNBANK-01,,,,,,,false,5,genie/puppy/documents.csv,issuer_record_id,2026.07.19.2
CEO_BARKED_TWICE,PUPPY,DOC-005,signer_record_id,STRING,PR-MABEL-01,,,,,,,false,6,genie/puppy/documents.csv,signer_record_id,2026.07.19.2
CEO_BARKED_TWICE,PUPPY,DOC-005,related_record_ids,STRING,TX-FRAUD-001,,,,,,,false,7,genie/puppy/documents.csv,related_record_ids,2026.07.19.2
CEO_BARKED_TWICE,PUPPY,DOC-005,related_invoice_id,STRING,INV-COPPER-1048-F,,,,,,,false,8,genie/puppy/documents.csv,related_invoice_id,2026.07.19.2
CEO_BARKED_TWICE,PUPPY,DOC-005,document_hash,STRING,BANK-HASH-1048,,,,,,,false,9,genie/puppy/documents.csv,document_hash,2026.07.19.2
CEO_BARKED_TWICE,PUPPY,DOC-005,template_id,NULL,,,,,,,null,false,10,genie/puppy/documents.csv,template_id,2026.07.19.2
CEO_BARKED_TWICE,PUPPY,DOC-005,extracted_support_phone,NULL,,,,,,,null,false,11,genie/puppy/documents.csv,extracted_support_phone,2026.07.19.2
CEO_BARKED_TWICE,PUPPY,DOC-005,extracted_beneficiary_account,NULL,,,,,,,null,false,12,genie/puppy/documents.csv,extracted_beneficiary_account,2026.07.19.2
CEO_BARKED_TWICE,PUPPY,DOC-005,extracted_invoice_number,NULL,,,,,,,null,false,13,genie/puppy/documents.csv,extracted_invoice_number,2026.07.19.2
CEO_BARKED_TWICE,PUPPY,DOC-006,document_id,STRING,DOC-006,,,,,,,false,1,genie/puppy/documents.csv,document_id,2026.07.19.2
CEO_BARKED_TWICE,PUPPY,DOC-006,document_type,STRING,BANK_KYC,,,,,,,false,2,genie/puppy/documents.csv,document_type,2026.07.19.2
CEO_BARKED_TWICE,PUPPY,DOC-006,title,STRING,Beneficiary KYC Nightjar 8842,,,,,,,false,3,genie/puppy/documents.csv,title,2026.07.19.2
CEO_BARKED_TWICE,PUPPY,DOC-006,issued_at,DATE,,,,,2026-02-11,,,false,4,genie/puppy/documents.csv,issued_at,2026.07.19.2
CEO_BARKED_TWICE,PUPPY,DOC-006,issuer_record_id,STRING,OR-PAYMENTS-01,,,,,,,false,5,genie/puppy/documents.csv,issuer_record_id,2026.07.19.2
CEO_BARKED_TWICE,PUPPY,DOC-006,signer_record_id,STRING,PR-MABEL-01,,,,,,,false,6,genie/puppy/documents.csv,signer_record_id,2026.07.19.2
CEO_BARKED_TWICE,PUPPY,DOC-006,related_record_ids,STRING,A-NIGHTJAR-8842,,,,,,,false,7,genie/puppy/documents.csv,related_record_ids,2026.07.19.2
CEO_BARKED_TWICE,PUPPY,DOC-006,related_invoice_id,NULL,,,,,,,null,false,8,genie/puppy/documents.csv,related_invoice_id,2026.07.19.2
CEO_BARKED_TWICE,PUPPY,DOC-006,document_hash,STRING,KYC-HASH-8842,,,,,,,false,9,genie/puppy/documents.csv,document_hash,2026.07.19.2
CEO_BARKED_TWICE,PUPPY,DOC-006,template_id,NULL,,,,,,,null,false,10,genie/puppy/documents.csv,template_id,2026.07.19.2
CEO_BARKED_TWICE,PUPPY,DOC-006,extracted_support_phone,NULL,,,,,,,null,false,11,genie/puppy/documents.csv,extracted_support_phone,2026.07.19.2
CEO_BARKED_TWICE,PUPPY,DOC-006,extracted_beneficiary_account,NULL,,,,,,,null,false,12,genie/puppy/documents.csv,extracted_beneficiary_account,2026.07.19.2
CEO_BARKED_TWICE,PUPPY,DOC-006,extracted_invoice_number,NULL,,,,,,,null,false,13,genie/puppy/documents.csv,extracted_invoice_number,2026.07.19.2
CEO_BARKED_TWICE,PUPPY,DOC-007,document_id,STRING,DOC-007,,,,,,,false,1,genie/puppy/documents.csv,document_id,2026.07.19.2
CEO_BARKED_TWICE,PUPPY,DOC-007,document_type,STRING,BANK_KYC,,,,,,,false,2,genie/puppy/documents.csv,document_type,2026.07.19.2
CEO_BARKED_TWICE,PUPPY,DOC-007,title,STRING,Account KYC Grant 7726,,,,,,,false,3,genie/puppy/documents.csv,title,2026.07.19.2
CEO_BARKED_TWICE,PUPPY,DOC-007,issued_at,DATE,,,,,2026-02-11,,,false,4,genie/puppy/documents.csv,issued_at,2026.07.19.2
CEO_BARKED_TWICE,PUPPY,DOC-007,issuer_record_id,STRING,OR-LANTERNBANK-01,,,,,,,false,5,genie/puppy/documents.csv,issuer_record_id,2026.07.19.2
CEO_BARKED_TWICE,PUPPY,DOC-007,signer_record_id,STRING,PR-MABEL-01,,,,,,,false,6,genie/puppy/documents.csv,signer_record_id,2026.07.19.2
CEO_BARKED_TWICE,PUPPY,DOC-007,related_record_ids,STRING,A-GRANT-7726,,,,,,,false,7,genie/puppy/documents.csv,related_record_ids,2026.07.19.2
CEO_BARKED_TWICE,PUPPY,DOC-007,related_invoice_id,NULL,,,,,,,null,false,8,genie/puppy/documents.csv,related_invoice_id,2026.07.19.2
CEO_BARKED_TWICE,PUPPY,DOC-007,document_hash,STRING,KYC-HASH-7726,,,,,,,false,9,genie/puppy/documents.csv,document_hash,2026.07.19.2
CEO_BARKED_TWICE,PUPPY,DOC-007,template_id,NULL,,,,,,,null,false,10,genie/puppy/documents.csv,template_id,2026.07.19.2
CEO_BARKED_TWICE,PUPPY,DOC-007,extracted_support_phone,NULL,,,,,,,null,false,11,genie/puppy/documents.csv,extracted_support_phone,2026.07.19.2
CEO_BARKED_TWICE,PUPPY,DOC-007,extracted_beneficiary_account,NULL,,,,,,,null,false,12,genie/puppy/documents.csv,extracted_beneficiary_account,2026.07.19.2
CEO_BARKED_TWICE,PUPPY,DOC-007,extracted_invoice_number,NULL,,,,,,,null,false,13,genie/puppy/documents.csv,extracted_invoice_number,2026.07.19.2
CEO_BARKED_TWICE,PUPPY,DOC-008,document_id,STRING,DOC-008,,,,,,,false,1,genie/puppy/documents.csv,document_id,2026.07.19.2
CEO_BARKED_TWICE,PUPPY,DOC-008,document_type,STRING,INCIDENT_STATEMENT,,,,,,,false,2,genie/puppy/documents.csv,document_type,2026.07.19.2
CEO_BARKED_TWICE,PUPPY,DOC-008,title,STRING,Bea Barkley Incident Statement,,,,,,,false,3,genie/puppy/documents.csv,title,2026.07.19.2
CEO_BARKED_TWICE,PUPPY,DOC-008,issued_at,DATE,,,,,2026-02-12,,,false,4,genie/puppy/documents.csv,issued_at,2026.07.19.2
CEO_BARKED_TWICE,PUPPY,DOC-008,issuer_record_id,STRING,OR-SCC-01,,,,,,,false,5,genie/puppy/documents.csv,issuer_record_id,2026.07.19.2
CEO_BARKED_TWICE,PUPPY,DOC-008,signer_record_id,STRING,PR-BEA-01,,,,,,,false,6,genie/puppy/documents.csv,signer_record_id,2026.07.19.2
CEO_BARKED_TWICE,PUPPY,DOC-008,related_record_ids,STRING,INC-001,,,,,,,false,7,genie/puppy/documents.csv,related_record_ids,2026.07.19.2
CEO_BARKED_TWICE,PUPPY,DOC-008,related_invoice_id,NULL,,,,,,,null,false,8,genie/puppy/documents.csv,related_invoice_id,2026.07.19.2
CEO_BARKED_TWICE,PUPPY,DOC-008,document_hash,STRING,STATEMENT-HASH-BEA,,,,,,,false,9,genie/puppy/documents.csv,document_hash,2026.07.19.2
CEO_BARKED_TWICE,PUPPY,DOC-008,template_id,NULL,,,,,,,null,false,10,genie/puppy/documents.csv,template_id,2026.07.19.2
CEO_BARKED_TWICE,PUPPY,DOC-008,extracted_support_phone,NULL,,,,,,,null,false,11,genie/puppy/documents.csv,extracted_support_phone,2026.07.19.2
CEO_BARKED_TWICE,PUPPY,DOC-008,extracted_beneficiary_account,NULL,,,,,,,null,false,12,genie/puppy/documents.csv,extracted_beneficiary_account,2026.07.19.2
CEO_BARKED_TWICE,PUPPY,DOC-008,extracted_invoice_number,NULL,,,,,,,null,false,13,genie/puppy/documents.csv,extracted_invoice_number,2026.07.19.2
CEO_BARKED_TWICE,PUPPY,DOC-009,document_id,STRING,DOC-009,,,,,,,false,1,genie/puppy/documents.csv,document_id,2026.07.19.2
CEO_BARKED_TWICE,PUPPY,DOC-009,document_type,STRING,INCIDENT_STATEMENT,,,,,,,false,2,genie/puppy/documents.csv,document_type,2026.07.19.2
CEO_BARKED_TWICE,PUPPY,DOC-009,title,STRING,Penny Pug Incident Statement,,,,,,,false,3,genie/puppy/documents.csv,title,2026.07.19.2
CEO_BARKED_TWICE,PUPPY,DOC-009,issued_at,DATE,,,,,2026-02-12,,,false,4,genie/puppy/documents.csv,issued_at,2026.07.19.2
CEO_BARKED_TWICE,PUPPY,DOC-009,issuer_record_id,STRING,OR-SCC-01,,,,,,,false,5,genie/puppy/documents.csv,issuer_record_id,2026.07.19.2
CEO_BARKED_TWICE,PUPPY,DOC-009,signer_record_id,STRING,PR-PENNY-01,,,,,,,false,6,genie/puppy/documents.csv,signer_record_id,2026.07.19.2
CEO_BARKED_TWICE,PUPPY,DOC-009,related_record_ids,STRING,INC-002,,,,,,,false,7,genie/puppy/documents.csv,related_record_ids,2026.07.19.2
CEO_BARKED_TWICE,PUPPY,DOC-009,related_invoice_id,NULL,,,,,,,null,false,8,genie/puppy/documents.csv,related_invoice_id,2026.07.19.2
CEO_BARKED_TWICE,PUPPY,DOC-009,document_hash,STRING,STATEMENT-HASH-PENNY,,,,,,,false,9,genie/puppy/documents.csv,document_hash,2026.07.19.2
CEO_BARKED_TWICE,PUPPY,DOC-009,template_id,NULL,,,,,,,null,false,10,genie/puppy/documents.csv,template_id,2026.07.19.2
CEO_BARKED_TWICE,PUPPY,DOC-009,extracted_support_phone,NULL,,,,,,,null,false,11,genie/puppy/documents.csv,extracted_support_phone,2026.07.19.2
CEO_BARKED_TWICE,PUPPY,DOC-009,extracted_beneficiary_account,NULL,,,,,,,null,false,12,genie/puppy/documents.csv,extracted_beneficiary_account,2026.07.19.2
CEO_BARKED_TWICE,PUPPY,DOC-009,extracted_invoice_number,NULL,,,,,,,null,false,13,genie/puppy/documents.csv,extracted_invoice_number,2026.07.19.2
CEO_BARKED_TWICE,PUPPY,DOC-010,document_id,STRING,DOC-010,,,,,,,false,1,genie/puppy/documents.csv,document_id,2026.07.19.2
CEO_BARKED_TWICE,PUPPY,DOC-010,document_type,STRING,INCIDENT_STATEMENT,,,,,,,false,2,genie/puppy/documents.csv,document_type,2026.07.19.2
CEO_BARKED_TWICE,PUPPY,DOC-010,title,STRING,Copper Paw Vendor Statement,,,,,,,false,3,genie/puppy/documents.csv,title,2026.07.19.2
CEO_BARKED_TWICE,PUPPY,DOC-010,issued_at,DATE,,,,,2026-02-12,,,false,4,genie/puppy/documents.csv,issued_at,2026.07.19.2
CEO_BARKED_TWICE,PUPPY,DOC-010,issuer_record_id,STRING,OR-COPPER-01,,,,,,,false,5,genie/puppy/documents.csv,issuer_record_id,2026.07.19.2
CEO_BARKED_TWICE,PUPPY,DOC-010,signer_record_id,STRING,PR-OWEN-01,,,,,,,false,6,genie/puppy/documents.csv,signer_record_id,2026.07.19.2
CEO_BARKED_TWICE,PUPPY,DOC-010,related_record_ids,STRING,INC-003,,,,,,,false,7,genie/puppy/documents.csv,related_record_ids,2026.07.19.2
CEO_BARKED_TWICE,PUPPY,DOC-010,related_invoice_id,NULL,,,,,,,null,false,8,genie/puppy/documents.csv,related_invoice_id,2026.07.19.2
CEO_BARKED_TWICE,PUPPY,DOC-010,document_hash,STRING,STATEMENT-HASH-COPPER,,,,,,,false,9,genie/puppy/documents.csv,document_hash,2026.07.19.2
CEO_BARKED_TWICE,PUPPY,DOC-010,template_id,NULL,,,,,,,null,false,10,genie/puppy/documents.csv,template_id,2026.07.19.2
CEO_BARKED_TWICE,PUPPY,DOC-010,extracted_support_phone,NULL,,,,,,,null,false,11,genie/puppy/documents.csv,extracted_support_phone,2026.07.19.2
CEO_BARKED_TWICE,PUPPY,DOC-010,extracted_beneficiary_account,NULL,,,,,,,null,false,12,genie/puppy/documents.csv,extracted_beneficiary_account,2026.07.19.2
CEO_BARKED_TWICE,PUPPY,DOC-010,extracted_invoice_number,NULL,,,,,,,null,false,13,genie/puppy/documents.csv,extracted_invoice_number,2026.07.19.2
CEO_BARKED_TWICE,PUPPY,DOC-011,document_id,STRING,DOC-011,,,,,,,false,1,genie/puppy/documents.csv,document_id,2026.07.19.2
CEO_BARKED_TWICE,PUPPY,DOC-011,document_type,STRING,INVOICE_ATTACHMENT,,,,,,,false,2,genie/puppy/documents.csv,document_type,2026.07.19.2
CEO_BARKED_TWICE,PUPPY,DOC-011,title,STRING,Forged invoice CPI-1048,,,,,,,false,3,genie/puppy/documents.csv,title,2026.07.19.2
CEO_BARKED_TWICE,PUPPY,DOC-011,issued_at,DATE,,,,,2026-02-10,,,false,4,genie/puppy/documents.csv,issued_at,2026.07.19.2
CEO_BARKED_TWICE,PUPPY,DOC-011,issuer_record_id,STRING,OR-NIGHTJAR-01,,,,,,,false,5,genie/puppy/documents.csv,issuer_record_id,2026.07.19.2
CEO_BARKED_TWICE,PUPPY,DOC-011,signer_record_id,STRING,PR-IVY-01,,,,,,,false,6,genie/puppy/documents.csv,signer_record_id,2026.07.19.2
CEO_BARKED_TWICE,PUPPY,DOC-011,related_record_ids,STRING,INV-COPPER-1048-F,,,,,,,false,7,genie/puppy/documents.csv,related_record_ids,2026.07.19.2
CEO_BARKED_TWICE,PUPPY,DOC-011,related_invoice_id,STRING,INV-COPPER-1048-F,,,,,,,false,8,genie/puppy/documents.csv,related_invoice_id,2026.07.19.2
CEO_BARKED_TWICE,PUPPY,DOC-011,document_hash,STRING,HASH-COPPER-1048-F,,,,,,,false,9,genie/puppy/documents.csv,document_hash,2026.07.19.2
CEO_BARKED_TWICE,PUPPY,DOC-011,template_id,STRING,tmpl-copper-forged-v1,,,,,,,false,10,genie/puppy/documents.csv,template_id,2026.07.19.2
CEO_BARKED_TWICE,PUPPY,DOC-011,extracted_support_phone,STRING,+1-555-0501,,,,,,,false,11,genie/puppy/documents.csv,extracted_support_phone,2026.07.19.2
CEO_BARKED_TWICE,PUPPY,DOC-011,extracted_beneficiary_account,STRING,••••8842,,,,,,,true,12,genie/puppy/documents.csv,extracted_beneficiary_account,2026.07.19.2
CEO_BARKED_TWICE,PUPPY,DOC-011,extracted_invoice_number,STRING,CPI-1048,,,,,,,false,13,genie/puppy/documents.csv,extracted_invoice_number,2026.07.19.2
CEO_BARKED_TWICE,PUPPY,DOC-012,document_id,STRING,DOC-012,,,,,,,false,1,genie/puppy/documents.csv,document_id,2026.07.19.2
CEO_BARKED_TWICE,PUPPY,DOC-012,document_type,STRING,INVOICE_ATTACHMENT,,,,,,,false,2,genie/puppy/documents.csv,document_type,2026.07.19.2
CEO_BARKED_TWICE,PUPPY,DOC-012,title,STRING,Forged invoice CPI-1059,,,,,,,false,3,genie/puppy/documents.csv,title,2026.07.19.2
CEO_BARKED_TWICE,PUPPY,DOC-012,issued_at,DATE,,,,,2026-02-18,,,false,4,genie/puppy/documents.csv,issued_at,2026.07.19.2
CEO_BARKED_TWICE,PUPPY,DOC-012,issuer_record_id,STRING,OR-NIGHTJAR-01,,,,,,,false,5,genie/puppy/documents.csv,issuer_record_id,2026.07.19.2
CEO_BARKED_TWICE,PUPPY,DOC-012,signer_record_id,STRING,PR-IVY-01,,,,,,,false,6,genie/puppy/documents.csv,signer_record_id,2026.07.19.2
CEO_BARKED_TWICE,PUPPY,DOC-012,related_record_ids,STRING,INV-COPPER-1059-F,,,,,,,false,7,genie/puppy/documents.csv,related_record_ids,2026.07.19.2
CEO_BARKED_TWICE,PUPPY,DOC-012,related_invoice_id,STRING,INV-COPPER-1059-F,,,,,,,false,8,genie/puppy/documents.csv,related_invoice_id,2026.07.19.2
CEO_BARKED_TWICE,PUPPY,DOC-012,document_hash,STRING,HASH-COPPER-1059-F,,,,,,,false,9,genie/puppy/documents.csv,document_hash,2026.07.19.2
CEO_BARKED_TWICE,PUPPY,DOC-012,template_id,STRING,tmpl-copper-forged-v1,,,,,,,false,10,genie/puppy/documents.csv,template_id,2026.07.19.2
CEO_BARKED_TWICE,PUPPY,DOC-012,extracted_support_phone,STRING,+1-555-0501,,,,,,,false,11,genie/puppy/documents.csv,extracted_support_phone,2026.07.19.2
CEO_BARKED_TWICE,PUPPY,DOC-012,extracted_beneficiary_account,STRING,••••8842,,,,,,,true,12,genie/puppy/documents.csv,extracted_beneficiary_account,2026.07.19.2
CEO_BARKED_TWICE,PUPPY,DOC-012,extracted_invoice_number,STRING,CPI-1059,,,,,,,false,13,genie/puppy/documents.csv,extracted_invoice_number,2026.07.19.2
CEO_BARKED_TWICE,PUPPY,DOC-013,document_id,STRING,DOC-013,,,,,,,false,1,genie/puppy/documents.csv,document_id,2026.07.19.2
CEO_BARKED_TWICE,PUPPY,DOC-013,document_type,STRING,INVOICE_ATTACHMENT,,,,,,,false,2,genie/puppy/documents.csv,document_type,2026.07.19.2
CEO_BARKED_TWICE,PUPPY,DOC-013,title,STRING,Genuine invoice CPI-1048,,,,,,,false,3,genie/puppy/documents.csv,title,2026.07.19.2
CEO_BARKED_TWICE,PUPPY,DOC-013,issued_at,DATE,,,,,2026-02-10,,,false,4,genie/puppy/documents.csv,issued_at,2026.07.19.2
CEO_BARKED_TWICE,PUPPY,DOC-013,issuer_record_id,STRING,OR-COPPER-01,,,,,,,false,5,genie/puppy/documents.csv,issuer_record_id,2026.07.19.2
CEO_BARKED_TWICE,PUPPY,DOC-013,signer_record_id,STRING,PR-VICTOR-01,,,,,,,false,6,genie/puppy/documents.csv,signer_record_id,2026.07.19.2
CEO_BARKED_TWICE,PUPPY,DOC-013,related_record_ids,STRING,INV-COPPER-1048-G,,,,,,,false,7,genie/puppy/documents.csv,related_record_ids,2026.07.19.2
CEO_BARKED_TWICE,PUPPY,DOC-013,related_invoice_id,STRING,INV-COPPER-1048-G,,,,,,,false,8,genie/puppy/documents.csv,related_invoice_id,2026.07.19.2
CEO_BARKED_TWICE,PUPPY,DOC-013,document_hash,STRING,HASH-COPPER-1048-G,,,,,,,false,9,genie/puppy/documents.csv,document_hash,2026.07.19.2
CEO_BARKED_TWICE,PUPPY,DOC-013,template_id,STRING,tmpl-copper-genuine-v4,,,,,,,false,10,genie/puppy/documents.csv,template_id,2026.07.19.2
CEO_BARKED_TWICE,PUPPY,DOC-013,extracted_support_phone,STRING,+1-555-0501,,,,,,,false,11,genie/puppy/documents.csv,extracted_support_phone,2026.07.19.2
CEO_BARKED_TWICE,PUPPY,DOC-013,extracted_beneficiary_account,STRING,••••2207,,,,,,,true,12,genie/puppy/documents.csv,extracted_beneficiary_account,2026.07.19.2
CEO_BARKED_TWICE,PUPPY,DOC-013,extracted_invoice_number,STRING,CPI-1048,,,,,,,false,13,genie/puppy/documents.csv,extracted_invoice_number,2026.07.19.2
CEO_BARKED_TWICE,PUPPY,DOC-014,document_id,STRING,DOC-014,,,,,,,false,1,genie/puppy/documents.csv,document_id,2026.07.19.2
CEO_BARKED_TWICE,PUPPY,DOC-014,document_type,STRING,INVOICE_ATTACHMENT,,,,,,,false,2,genie/puppy/documents.csv,document_type,2026.07.19.2
CEO_BARKED_TWICE,PUPPY,DOC-014,title,STRING,Genuine invoice CPI-1059,,,,,,,false,3,genie/puppy/documents.csv,title,2026.07.19.2
CEO_BARKED_TWICE,PUPPY,DOC-014,issued_at,DATE,,,,,2026-02-18,,,false,4,genie/puppy/documents.csv,issued_at,2026.07.19.2
CEO_BARKED_TWICE,PUPPY,DOC-014,issuer_record_id,STRING,OR-COPPER-01,,,,,,,false,5,genie/puppy/documents.csv,issuer_record_id,2026.07.19.2
CEO_BARKED_TWICE,PUPPY,DOC-014,signer_record_id,STRING,PR-VICTOR-01,,,,,,,false,6,genie/puppy/documents.csv,signer_record_id,2026.07.19.2
CEO_BARKED_TWICE,PUPPY,DOC-014,related_record_ids,STRING,INV-COPPER-1059-G,,,,,,,false,7,genie/puppy/documents.csv,related_record_ids,2026.07.19.2
CEO_BARKED_TWICE,PUPPY,DOC-014,related_invoice_id,STRING,INV-COPPER-1059-G,,,,,,,false,8,genie/puppy/documents.csv,related_invoice_id,2026.07.19.2
CEO_BARKED_TWICE,PUPPY,DOC-014,document_hash,STRING,HASH-COPPER-1059-G,,,,,,,false,9,genie/puppy/documents.csv,document_hash,2026.07.19.2
CEO_BARKED_TWICE,PUPPY,DOC-014,template_id,STRING,tmpl-copper-genuine-v4,,,,,,,false,10,genie/puppy/documents.csv,template_id,2026.07.19.2
CEO_BARKED_TWICE,PUPPY,DOC-014,extracted_support_phone,STRING,+1-555-0501,,,,,,,false,11,genie/puppy/documents.csv,extracted_support_phone,2026.07.19.2
CEO_BARKED_TWICE,PUPPY,DOC-014,extracted_beneficiary_account,STRING,••••2207,,,,,,,true,12,genie/puppy/documents.csv,extracted_beneficiary_account,2026.07.19.2
CEO_BARKED_TWICE,PUPPY,DOC-014,extracted_invoice_number,STRING,CPI-1059,,,,,,,false,13,genie/puppy/documents.csv,extracted_invoice_number,2026.07.19.2
CEO_BARKED_TWICE,PUPPY,DOC-015,document_id,STRING,DOC-015,,,,,,,false,1,genie/puppy/documents.csv,document_id,2026.07.19.2
CEO_BARKED_TWICE,PUPPY,DOC-015,document_type,STRING,RECOVERY_NOTICE,,,,,,,false,2,genie/puppy/documents.csv,document_type,2026.07.19.2
CEO_BARKED_TWICE,PUPPY,DOC-015,title,STRING,Partial Recovery Notice,,,,,,,false,3,genie/puppy/documents.csv,title,2026.07.19.2
CEO_BARKED_TWICE,PUPPY,DOC-015,issued_at,DATE,,,,,2026-02-12,,,false,4,genie/puppy/documents.csv,issued_at,2026.07.19.2
CEO_BARKED_TWICE,PUPPY,DOC-015,issuer_record_id,STRING,OR-LANTERNBANK-01,,,,,,,false,5,genie/puppy/documents.csv,issuer_record_id,2026.07.19.2
CEO_BARKED_TWICE,PUPPY,DOC-015,signer_record_id,STRING,PR-MABEL-01,,,,,,,false,6,genie/puppy/documents.csv,signer_record_id,2026.07.19.2
CEO_BARKED_TWICE,PUPPY,DOC-015,related_record_ids,STRING,TX-RECOVERY-001,,,,,,,false,7,genie/puppy/documents.csv,related_record_ids,2026.07.19.2
CEO_BARKED_TWICE,PUPPY,DOC-015,related_invoice_id,NULL,,,,,,,null,false,8,genie/puppy/documents.csv,related_invoice_id,2026.07.19.2
CEO_BARKED_TWICE,PUPPY,DOC-015,document_hash,STRING,RECOVERY-HASH-001,,,,,,,false,9,genie/puppy/documents.csv,document_hash,2026.07.19.2
CEO_BARKED_TWICE,PUPPY,DOC-015,template_id,NULL,,,,,,,null,false,10,genie/puppy/documents.csv,template_id,2026.07.19.2
CEO_BARKED_TWICE,PUPPY,DOC-015,extracted_support_phone,NULL,,,,,,,null,false,11,genie/puppy/documents.csv,extracted_support_phone,2026.07.19.2
CEO_BARKED_TWICE,PUPPY,DOC-015,extracted_beneficiary_account,NULL,,,,,,,null,false,12,genie/puppy/documents.csv,extracted_beneficiary_account,2026.07.19.2
CEO_BARKED_TWICE,PUPPY,DOC-015,extracted_invoice_number,NULL,,,,,,,null,false,13,genie/puppy/documents.csv,extracted_invoice_number,2026.07.19.2
CEO_BARKED_TWICE,PUPPY,DOC-016,document_id,STRING,DOC-016,,,,,,,false,1,genie/puppy/documents.csv,document_id,2026.07.19.2
CEO_BARKED_TWICE,PUPPY,DOC-016,document_type,STRING,LOGIN_EXPORT,,,,,,,false,2,genie/puppy/documents.csv,document_type,2026.07.19.2
CEO_BARKED_TWICE,PUPPY,DOC-016,title,STRING,Login Export 016,,,,,,,false,3,genie/puppy/documents.csv,title,2026.07.19.2
CEO_BARKED_TWICE,PUPPY,DOC-016,issued_at,DATE,,,,,2025-09-29,,,false,4,genie/puppy/documents.csv,issued_at,2026.07.19.2
CEO_BARKED_TWICE,PUPPY,DOC-016,issuer_record_id,STRING,OR-AUDIT-01,,,,,,,false,5,genie/puppy/documents.csv,issuer_record_id,2026.07.19.2
CEO_BARKED_TWICE,PUPPY,DOC-016,signer_record_id,STRING,PR-IDA-01,,,,,,,false,6,genie/puppy/documents.csv,signer_record_id,2026.07.19.2
CEO_BARKED_TWICE,PUPPY,DOC-016,related_record_ids,STRING,PO-26016,,,,,,,false,7,genie/puppy/documents.csv,related_record_ids,2026.07.19.2
CEO_BARKED_TWICE,PUPPY,DOC-016,related_invoice_id,NULL,,,,,,,null,false,8,genie/puppy/documents.csv,related_invoice_id,2026.07.19.2
CEO_BARKED_TWICE,PUPPY,DOC-016,document_hash,STRING,88f09127bd689bb65073fd0d30398291b61521f11aaa877d19ff2641811d7cdf,,,,,,,false,9,genie/puppy/documents.csv,document_hash,2026.07.19.2
CEO_BARKED_TWICE,PUPPY,DOC-016,template_id,STRING,tmpl-login_export-v4,,,,,,,false,10,genie/puppy/documents.csv,template_id,2026.07.19.2
CEO_BARKED_TWICE,PUPPY,DOC-016,extracted_support_phone,NULL,,,,,,,null,false,11,genie/puppy/documents.csv,extracted_support_phone,2026.07.19.2
CEO_BARKED_TWICE,PUPPY,DOC-016,extracted_beneficiary_account,NULL,,,,,,,null,false,12,genie/puppy/documents.csv,extracted_beneficiary_account,2026.07.19.2
CEO_BARKED_TWICE,PUPPY,DOC-016,extracted_invoice_number,NULL,,,,,,,null,false,13,genie/puppy/documents.csv,extracted_invoice_number,2026.07.19.2
CEO_BARKED_TWICE,PUPPY,DOC-017,document_id,STRING,DOC-017,,,,,,,false,1,genie/puppy/documents.csv,document_id,2026.07.19.2
CEO_BARKED_TWICE,PUPPY,DOC-017,document_type,STRING,AUDIT_WORKPAPER,,,,,,,false,2,genie/puppy/documents.csv,document_type,2026.07.19.2
CEO_BARKED_TWICE,PUPPY,DOC-017,title,STRING,Audit Workpaper 017,,,,,,,false,3,genie/puppy/documents.csv,title,2026.07.19.2
CEO_BARKED_TWICE,PUPPY,DOC-017,issued_at,DATE,,,,,2025-10-05,,,false,4,genie/puppy/documents.csv,issued_at,2026.07.19.2
CEO_BARKED_TWICE,PUPPY,DOC-017,issuer_record_id,STRING,OR-IRON-01,,,,,,,false,5,genie/puppy/documents.csv,issuer_record_id,2026.07.19.2
CEO_BARKED_TWICE,PUPPY,DOC-017,signer_record_id,STRING,PR-RHEA-01,,,,,,,false,6,genie/puppy/documents.csv,signer_record_id,2026.07.19.2
CEO_BARKED_TWICE,PUPPY,DOC-017,related_record_ids,STRING,PO-26017,,,,,,,false,7,genie/puppy/documents.csv,related_record_ids,2026.07.19.2
CEO_BARKED_TWICE,PUPPY,DOC-017,related_invoice_id,NULL,,,,,,,null,false,8,genie/puppy/documents.csv,related_invoice_id,2026.07.19.2
CEO_BARKED_TWICE,PUPPY,DOC-017,document_hash,STRING,8e7a91601f03f191bbaaa32b72dd9f588d44018f14f8359909c0a5fe7ea67a87,,,,,,,false,9,genie/puppy/documents.csv,document_hash,2026.07.19.2
CEO_BARKED_TWICE,PUPPY,DOC-017,template_id,STRING,tmpl-audit_workpaper-v1,,,,,,,false,10,genie/puppy/documents.csv,template_id,2026.07.19.2
CEO_BARKED_TWICE,PUPPY,DOC-017,extracted_support_phone,NULL,,,,,,,null,false,11,genie/puppy/documents.csv,extracted_support_phone,2026.07.19.2
CEO_BARKED_TWICE,PUPPY,DOC-017,extracted_beneficiary_account,NULL,,,,,,,null,false,12,genie/puppy/documents.csv,extracted_beneficiary_account,2026.07.19.2
CEO_BARKED_TWICE,PUPPY,DOC-017,extracted_invoice_number,NULL,,,,,,,null,false,13,genie/puppy/documents.csv,extracted_invoice_number,2026.07.19.2
CEO_BARKED_TWICE,PUPPY,DOC-018,document_id,STRING,DOC-018,,,,,,,false,1,genie/puppy/documents.csv,document_id,2026.07.19.2
CEO_BARKED_TWICE,PUPPY,DOC-018,document_type,STRING,CONTRACT,,,,,,,false,2,genie/puppy/documents.csv,document_type,2026.07.19.2
CEO_BARKED_TWICE,PUPPY,DOC-018,title,STRING,Contract 018,,,,,,,false,3,genie/puppy/documents.csv,title,2026.07.19.2
CEO_BARKED_TWICE,PUPPY,DOC-018,issued_at,DATE,,,,,2025-10-11,,,false,4,genie/puppy/documents.csv,issued_at,2026.07.19.2
CEO_BARKED_TWICE,PUPPY,DOC-018,issuer_record_id,STRING,OR-WIRE-01,,,,,,,false,5,genie/puppy/documents.csv,issuer_record_id,2026.07.19.2
CEO_BARKED_TWICE,PUPPY,DOC-018,signer_record_id,STRING,PR-MABEL-01,,,,,,,false,6,genie/puppy/documents.csv,signer_record_id,2026.07.19.2
CEO_BARKED_TWICE,PUPPY,DOC-018,related_record_ids,STRING,PO-26018,,,,,,,false,7,genie/puppy/documents.csv,related_record_ids,2026.07.19.2
CEO_BARKED_TWICE,PUPPY,DOC-018,related_invoice_id,NULL,,,,,,,null,false,8,genie/puppy/documents.csv,related_invoice_id,2026.07.19.2
CEO_BARKED_TWICE,PUPPY,DOC-018,document_hash,STRING,a5c27f42dc68627c874eb3b95844bcb96522502b7d1d02fac65ff41c348ab850,,,,,,,false,9,genie/puppy/documents.csv,document_hash,2026.07.19.2
CEO_BARKED_TWICE,PUPPY,DOC-018,template_id,STRING,tmpl-contract-v2,,,,,,,false,10,genie/puppy/documents.csv,template_id,2026.07.19.2
CEO_BARKED_TWICE,PUPPY,DOC-018,extracted_support_phone,NULL,,,,,,,null,false,11,genie/puppy/documents.csv,extracted_support_phone,2026.07.19.2
CEO_BARKED_TWICE,PUPPY,DOC-018,extracted_beneficiary_account,NULL,,,,,,,null,false,12,genie/puppy/documents.csv,extracted_beneficiary_account,2026.07.19.2
CEO_BARKED_TWICE,PUPPY,DOC-018,extracted_invoice_number,NULL,,,,,,,null,false,13,genie/puppy/documents.csv,extracted_invoice_number,2026.07.19.2
CEO_BARKED_TWICE,PUPPY,DOC-019,document_id,STRING,DOC-019,,,,,,,false,1,genie/puppy/documents.csv,document_id,2026.07.19.2
CEO_BARKED_TWICE,PUPPY,DOC-019,document_type,STRING,CREDIT_NOTE,,,,,,,false,2,genie/puppy/documents.csv,document_type,2026.07.19.2
CEO_BARKED_TWICE,PUPPY,DOC-019,title,STRING,Credit Note 019,,,,,,,false,3,genie/puppy/documents.csv,title,2026.07.19.2
CEO_BARKED_TWICE,PUPPY,DOC-019,issued_at,DATE,,,,,2025-10-17,,,false,4,genie/puppy/documents.csv,issued_at,2026.07.19.2
CEO_BARKED_TWICE,PUPPY,DOC-019,issuer_record_id,STRING,OR-SCC-01,,,,,,,false,5,genie/puppy/documents.csv,issuer_record_id,2026.07.19.2
CEO_BARKED_TWICE,PUPPY,DOC-019,signer_record_id,STRING,PR-VICTOR-01,,,,,,,false,6,genie/puppy/documents.csv,signer_record_id,2026.07.19.2
CEO_BARKED_TWICE,PUPPY,DOC-019,related_record_ids,STRING,PO-26019,,,,,,,false,7,genie/puppy/documents.csv,related_record_ids,2026.07.19.2
CEO_BARKED_TWICE,PUPPY,DOC-019,related_invoice_id,STRING,INV-0013,,,,,,,false,8,genie/puppy/documents.csv,related_invoice_id,2026.07.19.2
CEO_BARKED_TWICE,PUPPY,DOC-019,document_hash,STRING,813590f41b92ed6e3e2d44cace1f6de008a0bb1395cd40dcd220770507fbe374,,,,,,,false,9,genie/puppy/documents.csv,document_hash,2026.07.19.2
CEO_BARKED_TWICE,PUPPY,DOC-019,template_id,STRING,tmpl-credit_note-v3,,,,,,,false,10,genie/puppy/documents.csv,template_id,2026.07.19.2
CEO_BARKED_TWICE,PUPPY,DOC-019,extracted_support_phone,NULL,,,,,,,null,false,11,genie/puppy/documents.csv,extracted_support_phone,2026.07.19.2
CEO_BARKED_TWICE,PUPPY,DOC-019,extracted_beneficiary_account,NULL,,,,,,,null,false,12,genie/puppy/documents.csv,extracted_beneficiary_account,2026.07.19.2
CEO_BARKED_TWICE,PUPPY,DOC-019,extracted_invoice_number,NULL,,,,,,,null,false,13,genie/puppy/documents.csv,extracted_invoice_number,2026.07.19.2
CEO_BARKED_TWICE,PUPPY,DOC-020,document_id,STRING,DOC-020,,,,,,,false,1,genie/puppy/documents.csv,document_id,2026.07.19.2
CEO_BARKED_TWICE,PUPPY,DOC-020,document_type,STRING,REGISTRY_FILING,,,,,,,false,2,genie/puppy/documents.csv,document_type,2026.07.19.2
CEO_BARKED_TWICE,PUPPY,DOC-020,title,STRING,Registry Filing 020,,,,,,,false,3,genie/puppy/documents.csv,title,2026.07.19.2
CEO_BARKED_TWICE,PUPPY,DOC-020,issued_at,DATE,,,,,2025-10-23,,,false,4,genie/puppy/documents.csv,issued_at,2026.07.19.2
CEO_BARKED_TWICE,PUPPY,DOC-020,issuer_record_id,STRING,OR-COPPER-01,,,,,,,false,5,genie/puppy/documents.csv,issuer_record_id,2026.07.19.2
CEO_BARKED_TWICE,PUPPY,DOC-020,signer_record_id,STRING,PR-JUNE-01,,,,,,,false,6,genie/puppy/documents.csv,signer_record_id,2026.07.19.2
CEO_BARKED_TWICE,PUPPY,DOC-020,related_record_ids,STRING,PO-26020,,,,,,,false,7,genie/puppy/documents.csv,related_record_ids,2026.07.19.2
CEO_BARKED_TWICE,PUPPY,DOC-020,related_invoice_id,NULL,,,,,,,null,false,8,genie/puppy/documents.csv,related_invoice_id,2026.07.19.2
CEO_BARKED_TWICE,PUPPY,DOC-020,document_hash,STRING,a9437c1b90304f8dd4f346f516972b0b298adf2d2e0c546ff3f7774bec18b3fd,,,,,,,false,9,genie/puppy/documents.csv,document_hash,2026.07.19.2
CEO_BARKED_TWICE,PUPPY,DOC-020,template_id,STRING,tmpl-registry_filing-v4,,,,,,,false,10,genie/puppy/documents.csv,template_id,2026.07.19.2
CEO_BARKED_TWICE,PUPPY,DOC-020,extracted_support_phone,NULL,,,,,,,null,false,11,genie/puppy/documents.csv,extracted_support_phone,2026.07.19.2
CEO_BARKED_TWICE,PUPPY,DOC-020,extracted_beneficiary_account,NULL,,,,,,,null,false,12,genie/puppy/documents.csv,extracted_beneficiary_account,2026.07.19.2
CEO_BARKED_TWICE,PUPPY,DOC-020,extracted_invoice_number,NULL,,,,,,,null,false,13,genie/puppy/documents.csv,extracted_invoice_number,2026.07.19.2
CEO_BARKED_TWICE,PUPPY,DOC-021,document_id,STRING,DOC-021,,,,,,,false,1,genie/puppy/documents.csv,document_id,2026.07.19.2
CEO_BARKED_TWICE,PUPPY,DOC-021,document_type,STRING,PURCHASE_ORDER,,,,,,,false,2,genie/puppy/documents.csv,document_type,2026.07.19.2
CEO_BARKED_TWICE,PUPPY,DOC-021,title,STRING,Purchase Order 021,,,,,,,false,3,genie/puppy/documents.csv,title,2026.07.19.2
CEO_BARKED_TWICE,PUPPY,DOC-021,issued_at,DATE,,,,,2025-10-29,,,false,4,genie/puppy/documents.csv,issued_at,2026.07.19.2
CEO_BARKED_TWICE,PUPPY,DOC-021,issuer_record_id,STRING,OR-LANTERNBANK-01,,,,,,,false,5,genie/puppy/documents.csv,issuer_record_id,2026.07.19.2
CEO_BARKED_TWICE,PUPPY,DOC-021,signer_record_id,STRING,PR-IDA-01,,,,,,,false,6,genie/puppy/documents.csv,signer_record_id,2026.07.19.2
CEO_BARKED_TWICE,PUPPY,DOC-021,related_record_ids,STRING,PO-26021,,,,,,,false,7,genie/puppy/documents.csv,related_record_ids,2026.07.19.2
CEO_BARKED_TWICE,PUPPY,DOC-021,related_invoice_id,NULL,,,,,,,null,false,8,genie/puppy/documents.csv,related_invoice_id,2026.07.19.2
CEO_BARKED_TWICE,PUPPY,DOC-021,document_hash,STRING,1d86bbe92b4ab5ac9d6fa8834dfa051121d89092d7cafdd04664bbd56bbeff6b,,,,,,,false,9,genie/puppy/documents.csv,document_hash,2026.07.19.2
CEO_BARKED_TWICE,PUPPY,DOC-021,template_id,STRING,tmpl-purchase_order-v1,,,,,,,false,10,genie/puppy/documents.csv,template_id,2026.07.19.2
CEO_BARKED_TWICE,PUPPY,DOC-021,extracted_support_phone,NULL,,,,,,,null,false,11,genie/puppy/documents.csv,extracted_support_phone,2026.07.19.2
CEO_BARKED_TWICE,PUPPY,DOC-021,extracted_beneficiary_account,NULL,,,,,,,null,false,12,genie/puppy/documents.csv,extracted_beneficiary_account,2026.07.19.2
CEO_BARKED_TWICE,PUPPY,DOC-021,extracted_invoice_number,NULL,,,,,,,null,false,13,genie/puppy/documents.csv,extracted_invoice_number,2026.07.19.2
CEO_BARKED_TWICE,PUPPY,DOC-022,document_id,STRING,DOC-022,,,,,,,false,1,genie/puppy/documents.csv,document_id,2026.07.19.2
CEO_BARKED_TWICE,PUPPY,DOC-022,document_type,STRING,DELIVERY_NOTE,,,,,,,false,2,genie/puppy/documents.csv,document_type,2026.07.19.2
CEO_BARKED_TWICE,PUPPY,DOC-022,title,STRING,Delivery Note 022,,,,,,,false,3,genie/puppy/documents.csv,title,2026.07.19.2
CEO_BARKED_TWICE,PUPPY,DOC-022,issued_at,DATE,,,,,2025-11-04,,,false,4,genie/puppy/documents.csv,issued_at,2026.07.19.2
CEO_BARKED_TWICE,PUPPY,DOC-022,issuer_record_id,STRING,OR-AUDIT-01,,,,,,,false,5,genie/puppy/documents.csv,issuer_record_id,2026.07.19.2
CEO_BARKED_TWICE,PUPPY,DOC-022,signer_record_id,STRING,PR-RHEA-01,,,,,,,false,6,genie/puppy/documents.csv,signer_record_id,2026.07.19.2
CEO_BARKED_TWICE,PUPPY,DOC-022,related_record_ids,STRING,PO-26022,,,,,,,false,7,genie/puppy/documents.csv,related_record_ids,2026.07.19.2
CEO_BARKED_TWICE,PUPPY,DOC-022,related_invoice_id,NULL,,,,,,,null,false,8,genie/puppy/documents.csv,related_invoice_id,2026.07.19.2
CEO_BARKED_TWICE,PUPPY,DOC-022,document_hash,STRING,56b1f969044c212a4541eb08cf9a9f0e426dea31cd308ae51f9a7679b96f03af,,,,,,,false,9,genie/puppy/documents.csv,document_hash,2026.07.19.2
CEO_BARKED_TWICE,PUPPY,DOC-022,template_id,STRING,tmpl-delivery_note-v2,,,,,,,false,10,genie/puppy/documents.csv,template_id,2026.07.19.2
CEO_BARKED_TWICE,PUPPY,DOC-022,extracted_support_phone,NULL,,,,,,,null,false,11,genie/puppy/documents.csv,extracted_support_phone,2026.07.19.2
CEO_BARKED_TWICE,PUPPY,DOC-022,extracted_beneficiary_account,NULL,,,,,,,null,false,12,genie/puppy/documents.csv,extracted_beneficiary_account,2026.07.19.2
CEO_BARKED_TWICE,PUPPY,DOC-022,extracted_invoice_number,NULL,,,,,,,null,false,13,genie/puppy/documents.csv,extracted_invoice_number,2026.07.19.2
CEO_BARKED_TWICE,PUPPY,DOC-023,document_id,STRING,DOC-023,,,,,,,false,1,genie/puppy/documents.csv,document_id,2026.07.19.2
CEO_BARKED_TWICE,PUPPY,DOC-023,document_type,STRING,BANK_CONFIRMATION,,,,,,,false,2,genie/puppy/documents.csv,document_type,2026.07.19.2
CEO_BARKED_TWICE,PUPPY,DOC-023,title,STRING,Bank Confirmation 023,,,,,,,false,3,genie/puppy/documents.csv,title,2026.07.19.2
CEO_BARKED_TWICE,PUPPY,DOC-023,issued_at,DATE,,,,,2025-11-10,,,false,4,genie/puppy/documents.csv,issued_at,2026.07.19.2
CEO_BARKED_TWICE,PUPPY,DOC-023,issuer_record_id,STRING,OR-IRON-01,,,,,,,false,5,genie/puppy/documents.csv,issuer_record_id,2026.07.19.2
CEO_BARKED_TWICE,PUPPY,DOC-023,signer_record_id,STRING,PR-MABEL-01,,,,,,,false,6,genie/puppy/documents.csv,signer_record_id,2026.07.19.2
CEO_BARKED_TWICE,PUPPY,DOC-023,related_record_ids,STRING,PO-26023,,,,,,,false,7,genie/puppy/documents.csv,related_record_ids,2026.07.19.2
CEO_BARKED_TWICE,PUPPY,DOC-023,related_invoice_id,STRING,INV-0017,,,,,,,false,8,genie/puppy/documents.csv,related_invoice_id,2026.07.19.2
CEO_BARKED_TWICE,PUPPY,DOC-023,document_hash,STRING,47c9a8bae9c0142696cdfb44c9e1d02008b50a19e74bb78dc7f748ddef3c207f,,,,,,,false,9,genie/puppy/documents.csv,document_hash,2026.07.19.2
CEO_BARKED_TWICE,PUPPY,DOC-023,template_id,STRING,tmpl-bank_confirmation-v3,,,,,,,false,10,genie/puppy/documents.csv,template_id,2026.07.19.2
CEO_BARKED_TWICE,PUPPY,DOC-023,extracted_support_phone,NULL,,,,,,,null,false,11,genie/puppy/documents.csv,extracted_support_phone,2026.07.19.2
CEO_BARKED_TWICE,PUPPY,DOC-023,extracted_beneficiary_account,NULL,,,,,,,null,false,12,genie/puppy/documents.csv,extracted_beneficiary_account,2026.07.19.2
CEO_BARKED_TWICE,PUPPY,DOC-023,extracted_invoice_number,NULL,,,,,,,null,false,13,genie/puppy/documents.csv,extracted_invoice_number,2026.07.19.2
CEO_BARKED_TWICE,PUPPY,DOC-024,document_id,STRING,DOC-024,,,,,,,false,1,genie/puppy/documents.csv,document_id,2026.07.19.2
CEO_BARKED_TWICE,PUPPY,DOC-024,document_type,STRING,VENDOR_FORM,,,,,,,false,2,genie/puppy/documents.csv,document_type,2026.07.19.2
CEO_BARKED_TWICE,PUPPY,DOC-024,title,STRING,Vendor Form 024,,,,,,,false,3,genie/puppy/documents.csv,title,2026.07.19.2
CEO_BARKED_TWICE,PUPPY,DOC-024,issued_at,DATE,,,,,2025-11-16,,,false,4,genie/puppy/documents.csv,issued_at,2026.07.19.2
CEO_BARKED_TWICE,PUPPY,DOC-024,issuer_record_id,STRING,OR-WIRE-01,,,,,,,false,5,genie/puppy/documents.csv,issuer_record_id,2026.07.19.2
CEO_BARKED_TWICE,PUPPY,DOC-024,signer_record_id,STRING,PR-VICTOR-01,,,,,,,false,6,genie/puppy/documents.csv,signer_record_id,2026.07.19.2
CEO_BARKED_TWICE,PUPPY,DOC-024,related_record_ids,STRING,PO-26024,,,,,,,false,7,genie/puppy/documents.csv,related_record_ids,2026.07.19.2
CEO_BARKED_TWICE,PUPPY,DOC-024,related_invoice_id,STRING,INV-0018,,,,,,,false,8,genie/puppy/documents.csv,related_invoice_id,2026.07.19.2
CEO_BARKED_TWICE,PUPPY,DOC-024,document_hash,STRING,af2b3eca33eef87cd0adfd59d253430d437aa9b0f5b7bfbd7e20f3bb48444e61,,,,,,,false,9,genie/puppy/documents.csv,document_hash,2026.07.19.2
CEO_BARKED_TWICE,PUPPY,DOC-024,template_id,STRING,tmpl-vendor_form-v4,,,,,,,false,10,genie/puppy/documents.csv,template_id,2026.07.19.2
CEO_BARKED_TWICE,PUPPY,DOC-024,extracted_support_phone,NULL,,,,,,,null,false,11,genie/puppy/documents.csv,extracted_support_phone,2026.07.19.2
CEO_BARKED_TWICE,PUPPY,DOC-024,extracted_beneficiary_account,NULL,,,,,,,null,false,12,genie/puppy/documents.csv,extracted_beneficiary_account,2026.07.19.2
CEO_BARKED_TWICE,PUPPY,DOC-024,extracted_invoice_number,NULL,,,,,,,null,false,13,genie/puppy/documents.csv,extracted_invoice_number,2026.07.19.2
CEO_BARKED_TWICE,PUPPY,DOC-025,document_id,STRING,DOC-025,,,,,,,false,1,genie/puppy/documents.csv,document_id,2026.07.19.2
CEO_BARKED_TWICE,PUPPY,DOC-025,document_type,STRING,EMAIL_EXPORT,,,,,,,false,2,genie/puppy/documents.csv,document_type,2026.07.19.2
CEO_BARKED_TWICE,PUPPY,DOC-025,title,STRING,Email Export 025,,,,,,,false,3,genie/puppy/documents.csv,title,2026.07.19.2
CEO_BARKED_TWICE,PUPPY,DOC-025,issued_at,DATE,,,,,2025-11-22,,,false,4,genie/puppy/documents.csv,issued_at,2026.07.19.2
CEO_BARKED_TWICE,PUPPY,DOC-025,issuer_record_id,STRING,OR-SCC-01,,,,,,,false,5,genie/puppy/documents.csv,issuer_record_id,2026.07.19.2
CEO_BARKED_TWICE,PUPPY,DOC-025,signer_record_id,STRING,PR-JUNE-01,,,,,,,false,6,genie/puppy/documents.csv,signer_record_id,2026.07.19.2
CEO_BARKED_TWICE,PUPPY,DOC-025,related_record_ids,STRING,PO-26025,,,,,,,false,7,genie/puppy/documents.csv,related_record_ids,2026.07.19.2
CEO_BARKED_TWICE,PUPPY,DOC-025,related_invoice_id,NULL,,,,,,,null,false,8,genie/puppy/documents.csv,related_invoice_id,2026.07.19.2
CEO_BARKED_TWICE,PUPPY,DOC-025,document_hash,STRING,356a81d86327f43b3ae035473962e500b7bcfc36cadff42b293265cb30983c69,,,,,,,false,9,genie/puppy/documents.csv,document_hash,2026.07.19.2
CEO_BARKED_TWICE,PUPPY,DOC-025,template_id,STRING,tmpl-email_export-v1,,,,,,,false,10,genie/puppy/documents.csv,template_id,2026.07.19.2
CEO_BARKED_TWICE,PUPPY,DOC-025,extracted_support_phone,NULL,,,,,,,null,false,11,genie/puppy/documents.csv,extracted_support_phone,2026.07.19.2
CEO_BARKED_TWICE,PUPPY,DOC-025,extracted_beneficiary_account,NULL,,,,,,,null,false,12,genie/puppy/documents.csv,extracted_beneficiary_account,2026.07.19.2
CEO_BARKED_TWICE,PUPPY,DOC-025,extracted_invoice_number,NULL,,,,,,,null,false,13,genie/puppy/documents.csv,extracted_invoice_number,2026.07.19.2
CEO_BARKED_TWICE,PUPPY,DOC-026,document_id,STRING,DOC-026,,,,,,,false,1,genie/puppy/documents.csv,document_id,2026.07.19.2
CEO_BARKED_TWICE,PUPPY,DOC-026,document_type,STRING,LOGIN_EXPORT,,,,,,,false,2,genie/puppy/documents.csv,document_type,2026.07.19.2
CEO_BARKED_TWICE,PUPPY,DOC-026,title,STRING,Login Export 026,,,,,,,false,3,genie/puppy/documents.csv,title,2026.07.19.2
CEO_BARKED_TWICE,PUPPY,DOC-026,issued_at,DATE,,,,,2025-11-28,,,false,4,genie/puppy/documents.csv,issued_at,2026.07.19.2
CEO_BARKED_TWICE,PUPPY,DOC-026,issuer_record_id,STRING,OR-COPPER-01,,,,,,,false,5,genie/puppy/documents.csv,issuer_record_id,2026.07.19.2
CEO_BARKED_TWICE,PUPPY,DOC-026,signer_record_id,STRING,PR-IDA-01,,,,,,,false,6,genie/puppy/documents.csv,signer_record_id,2026.07.19.2
CEO_BARKED_TWICE,PUPPY,DOC-026,related_record_ids,STRING,PO-26026,,,,,,,false,7,genie/puppy/documents.csv,related_record_ids,2026.07.19.2
CEO_BARKED_TWICE,PUPPY,DOC-026,related_invoice_id,NULL,,,,,,,null,false,8,genie/puppy/documents.csv,related_invoice_id,2026.07.19.2
CEO_BARKED_TWICE,PUPPY,DOC-026,document_hash,STRING,d8ac28f266f38399327a91add165d0a4c21ca2dcb532e710359b711be6a6ccbd,,,,,,,false,9,genie/puppy/documents.csv,document_hash,2026.07.19.2
CEO_BARKED_TWICE,PUPPY,DOC-026,template_id,STRING,tmpl-login_export-v2,,,,,,,false,10,genie/puppy/documents.csv,template_id,2026.07.19.2
CEO_BARKED_TWICE,PUPPY,DOC-026,extracted_support_phone,NULL,,,,,,,null,false,11,genie/puppy/documents.csv,extracted_support_phone,2026.07.19.2
CEO_BARKED_TWICE,PUPPY,DOC-026,extracted_beneficiary_account,NULL,,,,,,,null,false,12,genie/puppy/documents.csv,extracted_beneficiary_account,2026.07.19.2
CEO_BARKED_TWICE,PUPPY,DOC-026,extracted_invoice_number,NULL,,,,,,,null,false,13,genie/puppy/documents.csv,extracted_invoice_number,2026.07.19.2
CEO_BARKED_TWICE,PUPPY,DOC-027,document_id,STRING,DOC-027,,,,,,,false,1,genie/puppy/documents.csv,document_id,2026.07.19.2
CEO_BARKED_TWICE,PUPPY,DOC-027,document_type,STRING,AUDIT_WORKPAPER,,,,,,,false,2,genie/puppy/documents.csv,document_type,2026.07.19.2
CEO_BARKED_TWICE,PUPPY,DOC-027,title,STRING,Audit Workpaper 027,,,,,,,false,3,genie/puppy/documents.csv,title,2026.07.19.2
CEO_BARKED_TWICE,PUPPY,DOC-027,issued_at,DATE,,,,,2025-12-04,,,false,4,genie/puppy/documents.csv,issued_at,2026.07.19.2
CEO_BARKED_TWICE,PUPPY,DOC-027,issuer_record_id,STRING,OR-LANTERNBANK-01,,,,,,,false,5,genie/puppy/documents.csv,issuer_record_id,2026.07.19.2
CEO_BARKED_TWICE,PUPPY,DOC-027,signer_record_id,STRING,PR-RHEA-01,,,,,,,false,6,genie/puppy/documents.csv,signer_record_id,2026.07.19.2
CEO_BARKED_TWICE,PUPPY,DOC-027,related_record_ids,STRING,PO-26027,,,,,,,false,7,genie/puppy/documents.csv,related_record_ids,2026.07.19.2
CEO_BARKED_TWICE,PUPPY,DOC-027,related_invoice_id,NULL,,,,,,,null,false,8,genie/puppy/documents.csv,related_invoice_id,2026.07.19.2
CEO_BARKED_TWICE,PUPPY,DOC-027,document_hash,STRING,19299f628d7ccb3b444f77e1a22e91ba3090505efa6a8a27ebd1f9c7154e8e09,,,,,,,false,9,genie/puppy/documents.csv,document_hash,2026.07.19.2
CEO_BARKED_TWICE,PUPPY,DOC-027,template_id,STRING,tmpl-audit_workpaper-v3,,,,,,,false,10,genie/puppy/documents.csv,template_id,2026.07.19.2
CEO_BARKED_TWICE,PUPPY,DOC-027,extracted_support_phone,NULL,,,,,,,null,false,11,genie/puppy/documents.csv,extracted_support_phone,2026.07.19.2
CEO_BARKED_TWICE,PUPPY,DOC-027,extracted_beneficiary_account,NULL,,,,,,,null,false,12,genie/puppy/documents.csv,extracted_beneficiary_account,2026.07.19.2
CEO_BARKED_TWICE,PUPPY,DOC-027,extracted_invoice_number,NULL,,,,,,,null,false,13,genie/puppy/documents.csv,extracted_invoice_number,2026.07.19.2
CEO_BARKED_TWICE,PUPPY,DOC-028,document_id,STRING,DOC-028,,,,,,,false,1,genie/puppy/documents.csv,document_id,2026.07.19.2
CEO_BARKED_TWICE,PUPPY,DOC-028,document_type,STRING,CONTRACT,,,,,,,false,2,genie/puppy/documents.csv,document_type,2026.07.19.2
CEO_BARKED_TWICE,PUPPY,DOC-028,title,STRING,Contract 028,,,,,,,false,3,genie/puppy/documents.csv,title,2026.07.19.2
CEO_BARKED_TWICE,PUPPY,DOC-028,issued_at,DATE,,,,,2025-12-10,,,false,4,genie/puppy/documents.csv,issued_at,2026.07.19.2
CEO_BARKED_TWICE,PUPPY,DOC-028,issuer_record_id,STRING,OR-AUDIT-01,,,,,,,false,5,genie/puppy/documents.csv,issuer_record_id,2026.07.19.2
CEO_BARKED_TWICE,PUPPY,DOC-028,signer_record_id,STRING,PR-MABEL-01,,,,,,,false,6,genie/puppy/documents.csv,signer_record_id,2026.07.19.2
CEO_BARKED_TWICE,PUPPY,DOC-028,related_record_ids,STRING,PO-26028,,,,,,,false,7,genie/puppy/documents.csv,related_record_ids,2026.07.19.2
CEO_BARKED_TWICE,PUPPY,DOC-028,related_invoice_id,NULL,,,,,,,null,false,8,genie/puppy/documents.csv,related_invoice_id,2026.07.19.2
CEO_BARKED_TWICE,PUPPY,DOC-028,document_hash,STRING,6084729cc34ed98050b3ea297f7b7ae29bc929110f195422e0a6880f4934c848,,,,,,,false,9,genie/puppy/documents.csv,document_hash,2026.07.19.2
CEO_BARKED_TWICE,PUPPY,DOC-028,template_id,STRING,tmpl-contract-v4,,,,,,,false,10,genie/puppy/documents.csv,template_id,2026.07.19.2
CEO_BARKED_TWICE,PUPPY,DOC-028,extracted_support_phone,NULL,,,,,,,null,false,11,genie/puppy/documents.csv,extracted_support_phone,2026.07.19.2
CEO_BARKED_TWICE,PUPPY,DOC-028,extracted_beneficiary_account,NULL,,,,,,,null,false,12,genie/puppy/documents.csv,extracted_beneficiary_account,2026.07.19.2
CEO_BARKED_TWICE,PUPPY,DOC-028,extracted_invoice_number,NULL,,,,,,,null,false,13,genie/puppy/documents.csv,extracted_invoice_number,2026.07.19.2
CEO_BARKED_TWICE,PUPPY,DOC-029,document_id,STRING,DOC-029,,,,,,,false,1,genie/puppy/documents.csv,document_id,2026.07.19.2
CEO_BARKED_TWICE,PUPPY,DOC-029,document_type,STRING,CREDIT_NOTE,,,,,,,false,2,genie/puppy/documents.csv,document_type,2026.07.19.2
CEO_BARKED_TWICE,PUPPY,DOC-029,title,STRING,Credit Note 029,,,,,,,false,3,genie/puppy/documents.csv,title,2026.07.19.2
CEO_BARKED_TWICE,PUPPY,DOC-029,issued_at,DATE,,,,,2025-12-16,,,false,4,genie/puppy/documents.csv,issued_at,2026.07.19.2
CEO_BARKED_TWICE,PUPPY,DOC-029,issuer_record_id,STRING,OR-IRON-01,,,,,,,false,5,genie/puppy/documents.csv,issuer_record_id,2026.07.19.2
CEO_BARKED_TWICE,PUPPY,DOC-029,signer_record_id,STRING,PR-VICTOR-01,,,,,,,false,6,genie/puppy/documents.csv,signer_record_id,2026.07.19.2
CEO_BARKED_TWICE,PUPPY,DOC-029,related_record_ids,STRING,PO-26029,,,,,,,false,7,genie/puppy/documents.csv,related_record_ids,2026.07.19.2
CEO_BARKED_TWICE,PUPPY,DOC-029,related_invoice_id,STRING,INV-0023,,,,,,,false,8,genie/puppy/documents.csv,related_invoice_id,2026.07.19.2
CEO_BARKED_TWICE,PUPPY,DOC-029,document_hash,STRING,ac965a59def1a278a2b9a6196cffb18fbf4315cd5afafffb61285a4f4df0a2e0,,,,,,,false,9,genie/puppy/documents.csv,document_hash,2026.07.19.2
CEO_BARKED_TWICE,PUPPY,DOC-029,template_id,STRING,tmpl-credit_note-v1,,,,,,,false,10,genie/puppy/documents.csv,template_id,2026.07.19.2
CEO_BARKED_TWICE,PUPPY,DOC-029,extracted_support_phone,NULL,,,,,,,null,false,11,genie/puppy/documents.csv,extracted_support_phone,2026.07.19.2
CEO_BARKED_TWICE,PUPPY,DOC-029,extracted_beneficiary_account,NULL,,,,,,,null,false,12,genie/puppy/documents.csv,extracted_beneficiary_account,2026.07.19.2
CEO_BARKED_TWICE,PUPPY,DOC-029,extracted_invoice_number,NULL,,,,,,,null,false,13,genie/puppy/documents.csv,extracted_invoice_number,2026.07.19.2
CEO_BARKED_TWICE,PUPPY,DOC-030,document_id,STRING,DOC-030,,,,,,,false,1,genie/puppy/documents.csv,document_id,2026.07.19.2
CEO_BARKED_TWICE,PUPPY,DOC-030,document_type,STRING,REGISTRY_FILING,,,,,,,false,2,genie/puppy/documents.csv,document_type,2026.07.19.2
CEO_BARKED_TWICE,PUPPY,DOC-030,title,STRING,Registry Filing 030,,,,,,,false,3,genie/puppy/documents.csv,title,2026.07.19.2
CEO_BARKED_TWICE,PUPPY,DOC-030,issued_at,DATE,,,,,2025-12-22,,,false,4,genie/puppy/documents.csv,issued_at,2026.07.19.2
CEO_BARKED_TWICE,PUPPY,DOC-030,issuer_record_id,STRING,OR-WIRE-01,,,,,,,false,5,genie/puppy/documents.csv,issuer_record_id,2026.07.19.2
CEO_BARKED_TWICE,PUPPY,DOC-030,signer_record_id,STRING,PR-JUNE-01,,,,,,,false,6,genie/puppy/documents.csv,signer_record_id,2026.07.19.2
CEO_BARKED_TWICE,PUPPY,DOC-030,related_record_ids,STRING,PO-26030,,,,,,,false,7,genie/puppy/documents.csv,related_record_ids,2026.07.19.2
CEO_BARKED_TWICE,PUPPY,DOC-030,related_invoice_id,NULL,,,,,,,null,false,8,genie/puppy/documents.csv,related_invoice_id,2026.07.19.2
CEO_BARKED_TWICE,PUPPY,DOC-030,document_hash,STRING,f14dd10ec250167377985ea08f201d7e9052b6ae3343780aa288bf4c551c97e7,,,,,,,false,9,genie/puppy/documents.csv,document_hash,2026.07.19.2
CEO_BARKED_TWICE,PUPPY,DOC-030,template_id,STRING,tmpl-registry_filing-v2,,,,,,,false,10,genie/puppy/documents.csv,template_id,2026.07.19.2
CEO_BARKED_TWICE,PUPPY,DOC-030,extracted_support_phone,NULL,,,,,,,null,false,11,genie/puppy/documents.csv,extracted_support_phone,2026.07.19.2
CEO_BARKED_TWICE,PUPPY,DOC-030,extracted_beneficiary_account,NULL,,,,,,,null,false,12,genie/puppy/documents.csv,extracted_beneficiary_account,2026.07.19.2
CEO_BARKED_TWICE,PUPPY,DOC-030,extracted_invoice_number,NULL,,,,,,,null,false,13,genie/puppy/documents.csv,extracted_invoice_number,2026.07.19.2
CEO_BARKED_TWICE,PUPPY,DOC-031,document_id,STRING,DOC-031,,,,,,,false,1,genie/puppy/documents.csv,document_id,2026.07.19.2
CEO_BARKED_TWICE,PUPPY,DOC-031,document_type,STRING,PURCHASE_ORDER,,,,,,,false,2,genie/puppy/documents.csv,document_type,2026.07.19.2
CEO_BARKED_TWICE,PUPPY,DOC-031,title,STRING,Purchase Order 031,,,,,,,false,3,genie/puppy/documents.csv,title,2026.07.19.2
CEO_BARKED_TWICE,PUPPY,DOC-031,issued_at,DATE,,,,,2025-12-28,,,false,4,genie/puppy/documents.csv,issued_at,2026.07.19.2
CEO_BARKED_TWICE,PUPPY,DOC-031,issuer_record_id,STRING,OR-SCC-01,,,,,,,false,5,genie/puppy/documents.csv,issuer_record_id,2026.07.19.2
CEO_BARKED_TWICE,PUPPY,DOC-031,signer_record_id,STRING,PR-IDA-01,,,,,,,false,6,genie/puppy/documents.csv,signer_record_id,2026.07.19.2
CEO_BARKED_TWICE,PUPPY,DOC-031,related_record_ids,STRING,PO-26031,,,,,,,false,7,genie/puppy/documents.csv,related_record_ids,2026.07.19.2
CEO_BARKED_TWICE,PUPPY,DOC-031,related_invoice_id,NULL,,,,,,,null,false,8,genie/puppy/documents.csv,related_invoice_id,2026.07.19.2
CEO_BARKED_TWICE,PUPPY,DOC-031,document_hash,STRING,2fad36777b0eb747f24010d46736617e550bed59061a3c5e225b821a0aa7ed55,,,,,,,false,9,genie/puppy/documents.csv,document_hash,2026.07.19.2
CEO_BARKED_TWICE,PUPPY,DOC-031,template_id,STRING,tmpl-purchase_order-v3,,,,,,,false,10,genie/puppy/documents.csv,template_id,2026.07.19.2
CEO_BARKED_TWICE,PUPPY,DOC-031,extracted_support_phone,NULL,,,,,,,null,false,11,genie/puppy/documents.csv,extracted_support_phone,2026.07.19.2
CEO_BARKED_TWICE,PUPPY,DOC-031,extracted_beneficiary_account,NULL,,,,,,,null,false,12,genie/puppy/documents.csv,extracted_beneficiary_account,2026.07.19.2
CEO_BARKED_TWICE,PUPPY,DOC-031,extracted_invoice_number,NULL,,,,,,,null,false,13,genie/puppy/documents.csv,extracted_invoice_number,2026.07.19.2
CEO_BARKED_TWICE,PUPPY,DOC-032,document_id,STRING,DOC-032,,,,,,,false,1,genie/puppy/documents.csv,document_id,2026.07.19.2
CEO_BARKED_TWICE,PUPPY,DOC-032,document_type,STRING,DELIVERY_NOTE,,,,,,,false,2,genie/puppy/documents.csv,document_type,2026.07.19.2
CEO_BARKED_TWICE,PUPPY,DOC-032,title,STRING,Delivery Note 032,,,,,,,false,3,genie/puppy/documents.csv,title,2026.07.19.2
CEO_BARKED_TWICE,PUPPY,DOC-032,issued_at,DATE,,,,,2026-01-03,,,false,4,genie/puppy/documents.csv,issued_at,2026.07.19.2
CEO_BARKED_TWICE,PUPPY,DOC-032,issuer_record_id,STRING,OR-COPPER-01,,,,,,,false,5,genie/puppy/documents.csv,issuer_record_id,2026.07.19.2
CEO_BARKED_TWICE,PUPPY,DOC-032,signer_record_id,STRING,PR-RHEA-01,,,,,,,false,6,genie/puppy/documents.csv,signer_record_id,2026.07.19.2
CEO_BARKED_TWICE,PUPPY,DOC-032,related_record_ids,STRING,PO-26032,,,,,,,false,7,genie/puppy/documents.csv,related_record_ids,2026.07.19.2
CEO_BARKED_TWICE,PUPPY,DOC-032,related_invoice_id,NULL,,,,,,,null,false,8,genie/puppy/documents.csv,related_invoice_id,2026.07.19.2
CEO_BARKED_TWICE,PUPPY,DOC-032,document_hash,STRING,ec0a8e2383ea0f699c54bb10245a9966aa23aa23f0efd6eefcad72203f6cfb0c,,,,,,,false,9,genie/puppy/documents.csv,document_hash,2026.07.19.2
CEO_BARKED_TWICE,PUPPY,DOC-032,template_id,STRING,tmpl-delivery_note-v4,,,,,,,false,10,genie/puppy/documents.csv,template_id,2026.07.19.2
CEO_BARKED_TWICE,PUPPY,DOC-032,extracted_support_phone,NULL,,,,,,,null,false,11,genie/puppy/documents.csv,extracted_support_phone,2026.07.19.2
CEO_BARKED_TWICE,PUPPY,DOC-032,extracted_beneficiary_account,NULL,,,,,,,null,false,12,genie/puppy/documents.csv,extracted_beneficiary_account,2026.07.19.2
CEO_BARKED_TWICE,PUPPY,DOC-032,extracted_invoice_number,NULL,,,,,,,null,false,13,genie/puppy/documents.csv,extracted_invoice_number,2026.07.19.2
CEO_BARKED_TWICE,PUPPY,DOC-033,document_id,STRING,DOC-033,,,,,,,false,1,genie/puppy/documents.csv,document_id,2026.07.19.2
CEO_BARKED_TWICE,PUPPY,DOC-033,document_type,STRING,BANK_CONFIRMATION,,,,,,,false,2,genie/puppy/documents.csv,document_type,2026.07.19.2
CEO_BARKED_TWICE,PUPPY,DOC-033,title,STRING,Bank Confirmation 033,,,,,,,false,3,genie/puppy/documents.csv,title,2026.07.19.2
CEO_BARKED_TWICE,PUPPY,DOC-033,issued_at,DATE,,,,,2026-01-09,,,false,4,genie/puppy/documents.csv,issued_at,2026.07.19.2
CEO_BARKED_TWICE,PUPPY,DOC-033,issuer_record_id,STRING,OR-LANTERNBANK-01,,,,,,,false,5,genie/puppy/documents.csv,issuer_record_id,2026.07.19.2
CEO_BARKED_TWICE,PUPPY,DOC-033,signer_record_id,STRING,PR-MABEL-01,,,,,,,false,6,genie/puppy/documents.csv,signer_record_id,2026.07.19.2
CEO_BARKED_TWICE,PUPPY,DOC-033,related_record_ids,STRING,PO-26033,,,,,,,false,7,genie/puppy/documents.csv,related_record_ids,2026.07.19.2
CEO_BARKED_TWICE,PUPPY,DOC-033,related_invoice_id,STRING,INV-0027,,,,,,,false,8,genie/puppy/documents.csv,related_invoice_id,2026.07.19.2
CEO_BARKED_TWICE,PUPPY,DOC-033,document_hash,STRING,f0d5c93e48798cea016496171bd59349e6f3f191d0297050cd115db65338570a,,,,,,,false,9,genie/puppy/documents.csv,document_hash,2026.07.19.2
CEO_BARKED_TWICE,PUPPY,DOC-033,template_id,STRING,tmpl-bank_confirmation-v1,,,,,,,false,10,genie/puppy/documents.csv,template_id,2026.07.19.2
CEO_BARKED_TWICE,PUPPY,DOC-033,extracted_support_phone,NULL,,,,,,,null,false,11,genie/puppy/documents.csv,extracted_support_phone,2026.07.19.2
CEO_BARKED_TWICE,PUPPY,DOC-033,extracted_beneficiary_account,NULL,,,,,,,null,false,12,genie/puppy/documents.csv,extracted_beneficiary_account,2026.07.19.2
CEO_BARKED_TWICE,PUPPY,DOC-033,extracted_invoice_number,NULL,,,,,,,null,false,13,genie/puppy/documents.csv,extracted_invoice_number,2026.07.19.2
CEO_BARKED_TWICE,PUPPY,DOC-034,document_id,STRING,DOC-034,,,,,,,false,1,genie/puppy/documents.csv,document_id,2026.07.19.2
CEO_BARKED_TWICE,PUPPY,DOC-034,document_type,STRING,VENDOR_FORM,,,,,,,false,2,genie/puppy/documents.csv,document_type,2026.07.19.2
CEO_BARKED_TWICE,PUPPY,DOC-034,title,STRING,Vendor Form 034,,,,,,,false,3,genie/puppy/documents.csv,title,2026.07.19.2
CEO_BARKED_TWICE,PUPPY,DOC-034,issued_at,DATE,,,,,2026-01-15,,,false,4,genie/puppy/documents.csv,issued_at,2026.07.19.2
CEO_BARKED_TWICE,PUPPY,DOC-034,issuer_record_id,STRING,OR-AUDIT-01,,,,,,,false,5,genie/puppy/documents.csv,issuer_record_id,2026.07.19.2
CEO_BARKED_TWICE,PUPPY,DOC-034,signer_record_id,STRING,PR-VICTOR-01,,,,,,,false,6,genie/puppy/documents.csv,signer_record_id,2026.07.19.2
CEO_BARKED_TWICE,PUPPY,DOC-034,related_record_ids,STRING,PO-26034,,,,,,,false,7,genie/puppy/documents.csv,related_record_ids,2026.07.19.2
CEO_BARKED_TWICE,PUPPY,DOC-034,related_invoice_id,STRING,INV-0028,,,,,,,false,8,genie/puppy/documents.csv,related_invoice_id,2026.07.19.2
CEO_BARKED_TWICE,PUPPY,DOC-034,document_hash,STRING,c2c3b6a74975519f2ff3d94acd53cc5d670108eab4ea0d1e3f77bf13a5422bf7,,,,,,,false,9,genie/puppy/documents.csv,document_hash,2026.07.19.2
CEO_BARKED_TWICE,PUPPY,DOC-034,template_id,STRING,tmpl-vendor_form-v2,,,,,,,false,10,genie/puppy/documents.csv,template_id,2026.07.19.2
CEO_BARKED_TWICE,PUPPY,DOC-034,extracted_support_phone,NULL,,,,,,,null,false,11,genie/puppy/documents.csv,extracted_support_phone,2026.07.19.2
CEO_BARKED_TWICE,PUPPY,DOC-034,extracted_beneficiary_account,NULL,,,,,,,null,false,12,genie/puppy/documents.csv,extracted_beneficiary_account,2026.07.19.2
CEO_BARKED_TWICE,PUPPY,DOC-034,extracted_invoice_number,NULL,,,,,,,null,false,13,genie/puppy/documents.csv,extracted_invoice_number,2026.07.19.2
CEO_BARKED_TWICE,PUPPY,DOC-035,document_id,STRING,DOC-035,,,,,,,false,1,genie/puppy/documents.csv,document_id,2026.07.19.2
CEO_BARKED_TWICE,PUPPY,DOC-035,document_type,STRING,EMAIL_EXPORT,,,,,,,false,2,genie/puppy/documents.csv,document_type,2026.07.19.2
CEO_BARKED_TWICE,PUPPY,DOC-035,title,STRING,Email Export 035,,,,,,,false,3,genie/puppy/documents.csv,title,2026.07.19.2
CEO_BARKED_TWICE,PUPPY,DOC-035,issued_at,DATE,,,,,2026-01-21,,,false,4,genie/puppy/documents.csv,issued_at,2026.07.19.2
CEO_BARKED_TWICE,PUPPY,DOC-035,issuer_record_id,STRING,OR-IRON-01,,,,,,,false,5,genie/puppy/documents.csv,issuer_record_id,2026.07.19.2
CEO_BARKED_TWICE,PUPPY,DOC-035,signer_record_id,STRING,PR-JUNE-01,,,,,,,false,6,genie/puppy/documents.csv,signer_record_id,2026.07.19.2
CEO_BARKED_TWICE,PUPPY,DOC-035,related_record_ids,STRING,PO-26035,,,,,,,false,7,genie/puppy/documents.csv,related_record_ids,2026.07.19.2
CEO_BARKED_TWICE,PUPPY,DOC-035,related_invoice_id,NULL,,,,,,,null,false,8,genie/puppy/documents.csv,related_invoice_id,2026.07.19.2
CEO_BARKED_TWICE,PUPPY,DOC-035,document_hash,STRING,d998e71c881ac99bccbad21c0586d5c3ffef7e8410b93f61b1da5f7a4f7f4ee4,,,,,,,false,9,genie/puppy/documents.csv,document_hash,2026.07.19.2
CEO_BARKED_TWICE,PUPPY,DOC-035,template_id,STRING,tmpl-email_export-v3,,,,,,,false,10,genie/puppy/documents.csv,template_id,2026.07.19.2
CEO_BARKED_TWICE,PUPPY,DOC-035,extracted_support_phone,NULL,,,,,,,null,false,11,genie/puppy/documents.csv,extracted_support_phone,2026.07.19.2
CEO_BARKED_TWICE,PUPPY,DOC-035,extracted_beneficiary_account,NULL,,,,,,,null,false,12,genie/puppy/documents.csv,extracted_beneficiary_account,2026.07.19.2
CEO_BARKED_TWICE,PUPPY,DOC-035,extracted_invoice_number,NULL,,,,,,,null,false,13,genie/puppy/documents.csv,extracted_invoice_number,2026.07.19.2
CEO_BARKED_TWICE,PUPPY,DREG-001,domain_registration_id,STRING,DREG-001,,,,,,,false,1,genie/puppy/domain_registrations.csv,domain_registration_id,2026.07.19.2
CEO_BARKED_TWICE,PUPPY,DREG-001,domain_id,STRING,DOM-SCC,,,,,,,false,2,genie/puppy/domain_registrations.csv,domain_id,2026.07.19.2
CEO_BARKED_TWICE,PUPPY,DREG-001,registrar,STRING,PawNames Registrar,,,,,,,false,3,genie/puppy/domain_registrations.csv,registrar,2026.07.19.2
CEO_BARKED_TWICE,PUPPY,DREG-001,registrar_account_id,STRING,REGACC-601,,,,,,,false,4,genie/puppy/domain_registrations.csv,registrar_account_id,2026.07.19.2
CEO_BARKED_TWICE,PUPPY,DREG-001,registrant_name,STRING,Silver Collar Components Ltd,,,,,,,false,5,genie/puppy/domain_registrations.csv,registrant_name,2026.07.19.2
CEO_BARKED_TWICE,PUPPY,DREG-001,registrant_email,STRING,admin@silvercollar.example,,,,,,,false,6,genie/puppy/domain_registrations.csv,registrant_email,2026.07.19.2
CEO_BARKED_TWICE,PUPPY,DREG-001,recovery_email,STRING,it@silvercollar.example,,,,,,,false,7,genie/puppy/domain_registrations.csv,recovery_email,2026.07.19.2
CEO_BARKED_TWICE,PUPPY,DREG-001,hosting_ip,STRING,192.0.2.21,,,,,,,false,8,genie/puppy/domain_registrations.csv,hosting_ip,2026.07.19.2
CEO_BARKED_TWICE,PUPPY,DREG-001,tls_fingerprint,STRING,TLS-FP-A09CC1,,,,,,,false,9,genie/puppy/domain_registrations.csv,tls_fingerprint,2026.07.19.2
CEO_BARKED_TWICE,PUPPY,DREG-001,registered_at,DATE,,,,,2024-05-08,,,false,10,genie/puppy/domain_registrations.csv,registered_at,2026.07.19.2
CEO_BARKED_TWICE,PUPPY,DREG-002,domain_registration_id,STRING,DREG-002,,,,,,,false,1,genie/puppy/domain_registrations.csv,domain_registration_id,2026.07.19.2
CEO_BARKED_TWICE,PUPPY,DREG-002,domain_id,STRING,DOM-SCC-TYPO,,,,,,,false,2,genie/puppy/domain_registrations.csv,domain_id,2026.07.19.2
CEO_BARKED_TWICE,PUPPY,DREG-002,registrar,STRING,PawNames Registrar,,,,,,,false,3,genie/puppy/domain_registrations.csv,registrar,2026.07.19.2
CEO_BARKED_TWICE,PUPPY,DREG-002,registrar_account_id,STRING,REGACC-441,,,,,,,false,4,genie/puppy/domain_registrations.csv,registrar_account_id,2026.07.19.2
CEO_BARKED_TWICE,PUPPY,DREG-002,registrant_name,STRING,Privacy Protected,,,,,,,false,5,genie/puppy/domain_registrations.csv,registrant_name,2026.07.19.2
CEO_BARKED_TWICE,PUPPY,DREG-002,registrant_email,STRING,ops@nightjar-consult.example,,,,,,,false,6,genie/puppy/domain_registrations.csv,registrant_email,2026.07.19.2
CEO_BARKED_TWICE,PUPPY,DREG-002,recovery_email,STRING,ops@nightjar-consult.example,,,,,,,false,7,genie/puppy/domain_registrations.csv,recovery_email,2026.07.19.2
CEO_BARKED_TWICE,PUPPY,DREG-002,hosting_ip,STRING,192.0.2.144,,,,,,,false,8,genie/puppy/domain_registrations.csv,hosting_ip,2026.07.19.2
CEO_BARKED_TWICE,PUPPY,DREG-002,tls_fingerprint,STRING,TLS-FP-91AF44,,,,,,,false,9,genie/puppy/domain_registrations.csv,tls_fingerprint,2026.07.19.2
CEO_BARKED_TWICE,PUPPY,DREG-002,registered_at,DATE,,,,,2024-05-15,,,false,10,genie/puppy/domain_registrations.csv,registered_at,2026.07.19.2
CEO_BARKED_TWICE,PUPPY,DREG-003,domain_registration_id,STRING,DREG-003,,,,,,,false,1,genie/puppy/domain_registrations.csv,domain_registration_id,2026.07.19.2
CEO_BARKED_TWICE,PUPPY,DREG-003,domain_id,STRING,DOM-COPPER,,,,,,,false,2,genie/puppy/domain_registrations.csv,domain_id,2026.07.19.2
CEO_BARKED_TWICE,PUPPY,DREG-003,registrar,STRING,Noir Domains Cooperative,,,,,,,false,3,genie/puppy/domain_registrations.csv,registrar,2026.07.19.2
CEO_BARKED_TWICE,PUPPY,DREG-003,registrar_account_id,STRING,REGACC-603,,,,,,,false,4,genie/puppy/domain_registrations.csv,registrar_account_id,2026.07.19.2
CEO_BARKED_TWICE,PUPPY,DREG-003,registrant_name,STRING,Copper Paw Industrial Supply Ltd,,,,,,,false,5,genie/puppy/domain_registrations.csv,registrant_name,2026.07.19.2
CEO_BARKED_TWICE,PUPPY,DREG-003,registrant_email,STRING,admin@copperpaw.example,,,,,,,false,6,genie/puppy/domain_registrations.csv,registrant_email,2026.07.19.2
CEO_BARKED_TWICE,PUPPY,DREG-003,recovery_email,STRING,it@copperpaw.example,,,,,,,false,7,genie/puppy/domain_registrations.csv,recovery_email,2026.07.19.2
CEO_BARKED_TWICE,PUPPY,DREG-003,hosting_ip,STRING,192.0.2.23,,,,,,,false,8,genie/puppy/domain_registrations.csv,hosting_ip,2026.07.19.2
CEO_BARKED_TWICE,PUPPY,DREG-003,tls_fingerprint,STRING,TLS-FP-3639E6,,,,,,,false,9,genie/puppy/domain_registrations.csv,tls_fingerprint,2026.07.19.2
CEO_BARKED_TWICE,PUPPY,DREG-003,registered_at,DATE,,,,,2024-05-22,,,false,10,genie/puppy/domain_registrations.csv,registered_at,2026.07.19.2
CEO_BARKED_TWICE,PUPPY,DREG-004,domain_registration_id,STRING,DREG-004,,,,,,,false,1,genie/puppy/domain_registrations.csv,domain_registration_id,2026.07.19.2
CEO_BARKED_TWICE,PUPPY,DREG-004,domain_id,STRING,DOM-COPPER-TYPO,,,,,,,false,2,genie/puppy/domain_registrations.csv,domain_id,2026.07.19.2
CEO_BARKED_TWICE,PUPPY,DREG-004,registrar,STRING,PawNames Registrar,,,,,,,false,3,genie/puppy/domain_registrations.csv,registrar,2026.07.19.2
CEO_BARKED_TWICE,PUPPY,DREG-004,registrar_account_id,STRING,REGACC-441,,,,,,,false,4,genie/puppy/domain_registrations.csv,registrar_account_id,2026.07.19.2
CEO_BARKED_TWICE,PUPPY,DREG-004,registrant_name,STRING,Privacy Protected,,,,,,,false,5,genie/puppy/domain_registrations.csv,registrant_name,2026.07.19.2
CEO_BARKED_TWICE,PUPPY,DREG-004,registrant_email,STRING,ops@nightjar-consult.example,,,,,,,false,6,genie/puppy/domain_registrations.csv,registrant_email,2026.07.19.2
CEO_BARKED_TWICE,PUPPY,DREG-004,recovery_email,STRING,ops@nightjar-consult.example,,,,,,,false,7,genie/puppy/domain_registrations.csv,recovery_email,2026.07.19.2
CEO_BARKED_TWICE,PUPPY,DREG-004,hosting_ip,STRING,192.0.2.144,,,,,,,false,8,genie/puppy/domain_registrations.csv,hosting_ip,2026.07.19.2
CEO_BARKED_TWICE,PUPPY,DREG-004,tls_fingerprint,STRING,TLS-FP-91AF44,,,,,,,false,9,genie/puppy/domain_registrations.csv,tls_fingerprint,2026.07.19.2
CEO_BARKED_TWICE,PUPPY,DREG-004,registered_at,DATE,,,,,2024-05-29,,,false,10,genie/puppy/domain_registrations.csv,registered_at,2026.07.19.2
CEO_BARKED_TWICE,PUPPY,DREG-005,domain_registration_id,STRING,DREG-005,,,,,,,false,1,genie/puppy/domain_registrations.csv,domain_registration_id,2026.07.19.2
CEO_BARKED_TWICE,PUPPY,DREG-005,domain_id,STRING,DOM-NIGHTJAR,,,,,,,false,2,genie/puppy/domain_registrations.csv,domain_id,2026.07.19.2
CEO_BARKED_TWICE,PUPPY,DREG-005,registrar,STRING,PawNames Registrar,,,,,,,false,3,genie/puppy/domain_registrations.csv,registrar,2026.07.19.2
CEO_BARKED_TWICE,PUPPY,DREG-005,registrar_account_id,STRING,REGACC-441,,,,,,,false,4,genie/puppy/domain_registrations.csv,registrar_account_id,2026.07.19.2
CEO_BARKED_TWICE,PUPPY,DREG-005,registrant_name,STRING,Privacy Protected,,,,,,,false,5,genie/puppy/domain_registrations.csv,registrant_name,2026.07.19.2
CEO_BARKED_TWICE,PUPPY,DREG-005,registrant_email,STRING,ops@nightjar-consult.example,,,,,,,false,6,genie/puppy/domain_registrations.csv,registrant_email,2026.07.19.2
CEO_BARKED_TWICE,PUPPY,DREG-005,recovery_email,STRING,ops@nightjar-consult.example,,,,,,,false,7,genie/puppy/domain_registrations.csv,recovery_email,2026.07.19.2
CEO_BARKED_TWICE,PUPPY,DREG-005,hosting_ip,STRING,192.0.2.144,,,,,,,false,8,genie/puppy/domain_registrations.csv,hosting_ip,2026.07.19.2
CEO_BARKED_TWICE,PUPPY,DREG-005,tls_fingerprint,STRING,TLS-FP-91AF44,,,,,,,false,9,genie/puppy/domain_registrations.csv,tls_fingerprint,2026.07.19.2
CEO_BARKED_TWICE,PUPPY,DREG-005,registered_at,DATE,,,,,2024-06-05,,,false,10,genie/puppy/domain_registrations.csv,registered_at,2026.07.19.2
CEO_BARKED_TWICE,PUPPY,DREG-006,domain_registration_id,STRING,DREG-006,,,,,,,false,1,genie/puppy/domain_registrations.csv,domain_registration_id,2026.07.19.2
CEO_BARKED_TWICE,PUPPY,DREG-006,domain_id,STRING,DOM-HARBOR,,,,,,,false,2,genie/puppy/domain_registrations.csv,domain_id,2026.07.19.2
CEO_BARKED_TWICE,PUPPY,DREG-006,registrar,STRING,Noir Domains Cooperative,,,,,,,false,3,genie/puppy/domain_registrations.csv,registrar,2026.07.19.2
CEO_BARKED_TWICE,PUPPY,DREG-006,registrar_account_id,STRING,REGACC-606,,,,,,,false,4,genie/puppy/domain_registrations.csv,registrar_account_id,2026.07.19.2
CEO_BARKED_TWICE,PUPPY,DREG-006,registrant_name,STRING,Harbor Hound Remittance Ltd,,,,,,,false,5,genie/puppy/domain_registrations.csv,registrant_name,2026.07.19.2
CEO_BARKED_TWICE,PUPPY,DREG-006,registrant_email,STRING,admin@harborhound-remit.example,,,,,,,false,6,genie/puppy/domain_registrations.csv,registrant_email,2026.07.19.2
CEO_BARKED_TWICE,PUPPY,DREG-006,recovery_email,STRING,it@harborhound-remit.example,,,,,,,false,7,genie/puppy/domain_registrations.csv,recovery_email,2026.07.19.2
CEO_BARKED_TWICE,PUPPY,DREG-006,hosting_ip,STRING,192.0.2.26,,,,,,,false,8,genie/puppy/domain_registrations.csv,hosting_ip,2026.07.19.2
CEO_BARKED_TWICE,PUPPY,DREG-006,tls_fingerprint,STRING,TLS-FP-1FF8F2,,,,,,,false,9,genie/puppy/domain_registrations.csv,tls_fingerprint,2026.07.19.2
CEO_BARKED_TWICE,PUPPY,DREG-006,registered_at,DATE,,,,,2024-06-12,,,false,10,genie/puppy/domain_registrations.csv,registered_at,2026.07.19.2
CEO_BARKED_TWICE,PUPPY,DREG-007,domain_registration_id,STRING,DREG-007,,,,,,,false,1,genie/puppy/domain_registrations.csv,domain_registration_id,2026.07.19.2
CEO_BARKED_TWICE,PUPPY,DREG-007,domain_id,STRING,DOM-LANTERN,,,,,,,false,2,genie/puppy/domain_registrations.csv,domain_id,2026.07.19.2
CEO_BARKED_TWICE,PUPPY,DREG-007,registrar,STRING,PawNames Registrar,,,,,,,false,3,genie/puppy/domain_registrations.csv,registrar,2026.07.19.2
CEO_BARKED_TWICE,PUPPY,DREG-007,registrar_account_id,STRING,REGACC-607,,,,,,,false,4,genie/puppy/domain_registrations.csv,registrar_account_id,2026.07.19.2
CEO_BARKED_TWICE,PUPPY,DREG-007,registrant_name,STRING,Lantern Community Bank,,,,,,,false,5,genie/puppy/domain_registrations.csv,registrant_name,2026.07.19.2
CEO_BARKED_TWICE,PUPPY,DREG-007,registrant_email,STRING,admin@lanternbank.example,,,,,,,false,6,genie/puppy/domain_registrations.csv,registrant_email,2026.07.19.2
CEO_BARKED_TWICE,PUPPY,DREG-007,recovery_email,STRING,it@lanternbank.example,,,,,,,false,7,genie/puppy/domain_registrations.csv,recovery_email,2026.07.19.2
CEO_BARKED_TWICE,PUPPY,DREG-007,hosting_ip,STRING,192.0.2.27,,,,,,,false,8,genie/puppy/domain_registrations.csv,hosting_ip,2026.07.19.2
CEO_BARKED_TWICE,PUPPY,DREG-007,tls_fingerprint,STRING,TLS-FP-64A342,,,,,,,false,9,genie/puppy/domain_registrations.csv,tls_fingerprint,2026.07.19.2
CEO_BARKED_TWICE,PUPPY,DREG-007,registered_at,DATE,,,,,2024-06-19,,,false,10,genie/puppy/domain_registrations.csv,registered_at,2026.07.19.2
CEO_BARKED_TWICE,PUPPY,DREG-008,domain_registration_id,STRING,DREG-008,,,,,,,false,1,genie/puppy/domain_registrations.csv,domain_registration_id,2026.07.19.2
CEO_BARKED_TWICE,PUPPY,DREG-008,domain_id,STRING,DOM-COPPERBANK,,,,,,,false,2,genie/puppy/domain_registrations.csv,domain_id,2026.07.19.2
CEO_BARKED_TWICE,PUPPY,DREG-008,registrar,STRING,PawNames Registrar,,,,,,,false,3,genie/puppy/domain_registrations.csv,registrar,2026.07.19.2
CEO_BARKED_TWICE,PUPPY,DREG-008,registrar_account_id,STRING,REGACC-608,,,,,,,false,4,genie/puppy/domain_registrations.csv,registrar_account_id,2026.07.19.2
CEO_BARKED_TWICE,PUPPY,DREG-008,registrant_name,STRING,Privacy Protected,,,,,,,false,5,genie/puppy/domain_registrations.csv,registrant_name,2026.07.19.2
CEO_BARKED_TWICE,PUPPY,DREG-008,registrant_email,STRING,admin@copperbank.example,,,,,,,false,6,genie/puppy/domain_registrations.csv,registrant_email,2026.07.19.2
CEO_BARKED_TWICE,PUPPY,DREG-008,recovery_email,STRING,it@copperbank.example,,,,,,,false,7,genie/puppy/domain_registrations.csv,recovery_email,2026.07.19.2
CEO_BARKED_TWICE,PUPPY,DREG-008,hosting_ip,STRING,192.0.2.28,,,,,,,false,8,genie/puppy/domain_registrations.csv,hosting_ip,2026.07.19.2
CEO_BARKED_TWICE,PUPPY,DREG-008,tls_fingerprint,STRING,TLS-FP-E64996,,,,,,,false,9,genie/puppy/domain_registrations.csv,tls_fingerprint,2026.07.19.2
CEO_BARKED_TWICE,PUPPY,DREG-008,registered_at,DATE,,,,,2024-06-26,,,false,10,genie/puppy/domain_registrations.csv,registered_at,2026.07.19.2
CEO_BARKED_TWICE,PUPPY,DREG-009,domain_registration_id,STRING,DREG-009,,,,,,,false,1,genie/puppy/domain_registrations.csv,domain_registration_id,2026.07.19.2
CEO_BARKED_TWICE,PUPPY,DREG-009,domain_id,STRING,DOM-CLOUD,,,,,,,false,2,genie/puppy/domain_registrations.csv,domain_id,2026.07.19.2
CEO_BARKED_TWICE,PUPPY,DREG-009,registrar,STRING,Noir Domains Cooperative,,,,,,,false,3,genie/puppy/domain_registrations.csv,registrar,2026.07.19.2
CEO_BARKED_TWICE,PUPPY,DREG-009,registrar_account_id,STRING,REGACC-609,,,,,,,false,4,genie/puppy/domain_registrations.csv,registrar_account_id,2026.07.19.2
CEO_BARKED_TWICE,PUPPY,DREG-009,registrant_name,STRING,Cloud Kennel Mail Services,,,,,,,false,5,genie/puppy/domain_registrations.csv,registrant_name,2026.07.19.2
CEO_BARKED_TWICE,PUPPY,DREG-009,registrant_email,STRING,admin@cloudkennel.example,,,,,,,false,6,genie/puppy/domain_registrations.csv,registrant_email,2026.07.19.2
CEO_BARKED_TWICE,PUPPY,DREG-009,recovery_email,STRING,it@cloudkennel.example,,,,,,,false,7,genie/puppy/domain_registrations.csv,recovery_email,2026.07.19.2
CEO_BARKED_TWICE,PUPPY,DREG-009,hosting_ip,STRING,192.0.2.29,,,,,,,false,8,genie/puppy/domain_registrations.csv,hosting_ip,2026.07.19.2
CEO_BARKED_TWICE,PUPPY,DREG-009,tls_fingerprint,STRING,TLS-FP-7CA09F,,,,,,,false,9,genie/puppy/domain_registrations.csv,tls_fingerprint,2026.07.19.2
CEO_BARKED_TWICE,PUPPY,DREG-009,registered_at,DATE,,,,,2024-07-03,,,false,10,genie/puppy/domain_registrations.csv,registered_at,2026.07.19.2
CEO_BARKED_TWICE,PUPPY,DREG-010,domain_registration_id,STRING,DREG-010,,,,,,,false,1,genie/puppy/domain_registrations.csv,domain_registration_id,2026.07.19.2
CEO_BARKED_TWICE,PUPPY,DREG-010,domain_id,STRING,DOM-AUDIT,,,,,,,false,2,genie/puppy/domain_registrations.csv,domain_id,2026.07.19.2
CEO_BARKED_TWICE,PUPPY,DREG-010,registrar,STRING,PawNames Registrar,,,,,,,false,3,genie/puppy/domain_registrations.csv,registrar,2026.07.19.2
CEO_BARKED_TWICE,PUPPY,DREG-010,registrar_account_id,STRING,REGACC-610,,,,,,,false,4,genie/puppy/domain_registrations.csv,registrar_account_id,2026.07.19.2
CEO_BARKED_TWICE,PUPPY,DREG-010,registrant_name,STRING,Retrieve & Ledger LLP,,,,,,,false,5,genie/puppy/domain_registrations.csv,registrant_name,2026.07.19.2
CEO_BARKED_TWICE,PUPPY,DREG-010,registrant_email,STRING,admin@retrieveledger.example,,,,,,,false,6,genie/puppy/domain_registrations.csv,registrant_email,2026.07.19.2
CEO_BARKED_TWICE,PUPPY,DREG-010,recovery_email,STRING,it@retrieveledger.example,,,,,,,false,7,genie/puppy/domain_registrations.csv,recovery_email,2026.07.19.2
CEO_BARKED_TWICE,PUPPY,DREG-010,hosting_ip,STRING,192.0.2.30,,,,,,,false,8,genie/puppy/domain_registrations.csv,hosting_ip,2026.07.19.2
CEO_BARKED_TWICE,PUPPY,DREG-010,tls_fingerprint,STRING,TLS-FP-910DF4,,,,,,,false,9,genie/puppy/domain_registrations.csv,tls_fingerprint,2026.07.19.2
CEO_BARKED_TWICE,PUPPY,DREG-010,registered_at,DATE,,,,,2024-07-10,,,false,10,genie/puppy/domain_registrations.csv,registered_at,2026.07.19.2
CEO_BARKED_TWICE,PUPPY,EMP-001,employment_id,STRING,EMP-001,,,,,,,false,1,genie/puppy/employment.csv,employment_id,2026.07.19.2
CEO_BARKED_TWICE,PUPPY,EMP-001,person_record_id,STRING,PR-BEA-01,,,,,,,false,2,genie/puppy/employment.csv,person_record_id,2026.07.19.2
CEO_BARKED_TWICE,PUPPY,EMP-001,organization_record_id,STRING,OR-SCC-01,,,,,,,false,3,genie/puppy/employment.csv,organization_record_id,2026.07.19.2
CEO_BARKED_TWICE,PUPPY,EMP-001,job_title,STRING,Chief Executive Officer,,,,,,,false,4,genie/puppy/employment.csv,job_title,2026.07.19.2
CEO_BARKED_TWICE,PUPPY,EMP-001,start_date,DATE,,,,,2019-04-08,,,false,5,genie/puppy/employment.csv,start_date,2026.07.19.2
CEO_BARKED_TWICE,PUPPY,EMP-001,end_date,NULL,,,,,,,null,false,6,genie/puppy/employment.csv,end_date,2026.07.19.2
CEO_BARKED_TWICE,PUPPY,EMP-002,employment_id,STRING,EMP-002,,,,,,,false,1,genie/puppy/employment.csv,employment_id,2026.07.19.2
CEO_BARKED_TWICE,PUPPY,EMP-002,person_record_id,STRING,PR-PENNY-01,,,,,,,false,2,genie/puppy/employment.csv,person_record_id,2026.07.19.2
CEO_BARKED_TWICE,PUPPY,EMP-002,organization_record_id,STRING,OR-SCC-01,,,,,,,false,3,genie/puppy/employment.csv,organization_record_id,2026.07.19.2
CEO_BARKED_TWICE,PUPPY,EMP-002,job_title,STRING,Accounts Payable Specialist,,,,,,,false,4,genie/puppy/employment.csv,job_title,2026.07.19.2
CEO_BARKED_TWICE,PUPPY,EMP-002,start_date,DATE,,,,,2019-07-14,,,false,5,genie/puppy/employment.csv,start_date,2026.07.19.2
CEO_BARKED_TWICE,PUPPY,EMP-002,end_date,NULL,,,,,,,null,false,6,genie/puppy/employment.csv,end_date,2026.07.19.2
CEO_BARKED_TWICE,PUPPY,EMP-003,employment_id,STRING,EMP-003,,,,,,,false,1,genie/puppy/employment.csv,employment_id,2026.07.19.2
CEO_BARKED_TWICE,PUPPY,EMP-003,person_record_id,STRING,PR-CONRAD-01,,,,,,,false,2,genie/puppy/employment.csv,person_record_id,2026.07.19.2
CEO_BARKED_TWICE,PUPPY,EMP-003,organization_record_id,STRING,OR-SCC-01,,,,,,,false,3,genie/puppy/employment.csv,organization_record_id,2026.07.19.2
CEO_BARKED_TWICE,PUPPY,EMP-003,job_title,STRING,Chief Financial Officer,,,,,,,false,4,genie/puppy/employment.csv,job_title,2026.07.19.2
CEO_BARKED_TWICE,PUPPY,EMP-003,start_date,DATE,,,,,2019-10-19,,,false,5,genie/puppy/employment.csv,start_date,2026.07.19.2
CEO_BARKED_TWICE,PUPPY,EMP-003,end_date,NULL,,,,,,,null,false,6,genie/puppy/employment.csv,end_date,2026.07.19.2
CEO_BARKED_TWICE,PUPPY,EMP-004,employment_id,STRING,EMP-004,,,,,,,false,1,genie/puppy/employment.csv,employment_id,2026.07.19.2
CEO_BARKED_TWICE,PUPPY,EMP-004,person_record_id,STRING,PR-THEO-01,,,,,,,false,2,genie/puppy/employment.csv,person_record_id,2026.07.19.2
CEO_BARKED_TWICE,PUPPY,EMP-004,organization_record_id,STRING,OR-SCC-01,,,,,,,false,3,genie/puppy/employment.csv,organization_record_id,2026.07.19.2
CEO_BARKED_TWICE,PUPPY,EMP-004,job_title,STRING,Mail Security Administrator,,,,,,,false,4,genie/puppy/employment.csv,job_title,2026.07.19.2
CEO_BARKED_TWICE,PUPPY,EMP-004,start_date,DATE,,,,,2020-01-24,,,false,5,genie/puppy/employment.csv,start_date,2026.07.19.2
CEO_BARKED_TWICE,PUPPY,EMP-004,end_date,NULL,,,,,,,null,false,6,genie/puppy/employment.csv,end_date,2026.07.19.2
CEO_BARKED_TWICE,PUPPY,EMP-005,employment_id,STRING,EMP-005,,,,,,,false,1,genie/puppy/employment.csv,employment_id,2026.07.19.2
CEO_BARKED_TWICE,PUPPY,EMP-005,person_record_id,STRING,PR-IDA-01,,,,,,,false,2,genie/puppy/employment.csv,person_record_id,2026.07.19.2
CEO_BARKED_TWICE,PUPPY,EMP-005,organization_record_id,STRING,OR-SCC-01,,,,,,,false,3,genie/puppy/employment.csv,organization_record_id,2026.07.19.2
CEO_BARKED_TWICE,PUPPY,EMP-005,job_title,STRING,Procurement Manager,,,,,,,false,4,genie/puppy/employment.csv,job_title,2026.07.19.2
CEO_BARKED_TWICE,PUPPY,EMP-005,start_date,DATE,,,,,2020-04-30,,,false,5,genie/puppy/employment.csv,start_date,2026.07.19.2
CEO_BARKED_TWICE,PUPPY,EMP-005,end_date,NULL,,,,,,,null,false,6,genie/puppy/employment.csv,end_date,2026.07.19.2
CEO_BARKED_TWICE,PUPPY,EMP-006,employment_id,STRING,EMP-006,,,,,,,false,1,genie/puppy/employment.csv,employment_id,2026.07.19.2
CEO_BARKED_TWICE,PUPPY,EMP-006,person_record_id,STRING,PR-RHEA-01,,,,,,,false,2,genie/puppy/employment.csv,person_record_id,2026.07.19.2
CEO_BARKED_TWICE,PUPPY,EMP-006,organization_record_id,STRING,OR-AUDIT-01,,,,,,,false,3,genie/puppy/employment.csv,organization_record_id,2026.07.19.2
CEO_BARKED_TWICE,PUPPY,EMP-006,job_title,STRING,Engagement Partner,,,,,,,false,4,genie/puppy/employment.csv,job_title,2026.07.19.2
CEO_BARKED_TWICE,PUPPY,EMP-006,start_date,DATE,,,,,2020-08-05,,,false,5,genie/puppy/employment.csv,start_date,2026.07.19.2
CEO_BARKED_TWICE,PUPPY,EMP-006,end_date,NULL,,,,,,,null,false,6,genie/puppy/employment.csv,end_date,2026.07.19.2
CEO_BARKED_TWICE,PUPPY,EMP-007,employment_id,STRING,EMP-007,,,,,,,false,1,genie/puppy/employment.csv,employment_id,2026.07.19.2
CEO_BARKED_TWICE,PUPPY,EMP-007,person_record_id,STRING,PR-OWEN-01,,,,,,,false,2,genie/puppy/employment.csv,person_record_id,2026.07.19.2
CEO_BARKED_TWICE,PUPPY,EMP-007,organization_record_id,STRING,OR-COPPER-01,,,,,,,false,3,genie/puppy/employment.csv,organization_record_id,2026.07.19.2
CEO_BARKED_TWICE,PUPPY,EMP-007,job_title,STRING,Finance Director,,,,,,,false,4,genie/puppy/employment.csv,job_title,2026.07.19.2
CEO_BARKED_TWICE,PUPPY,EMP-007,start_date,DATE,,,,,2020-11-10,,,false,5,genie/puppy/employment.csv,start_date,2026.07.19.2
CEO_BARKED_TWICE,PUPPY,EMP-007,end_date,NULL,,,,,,,null,false,6,genie/puppy/employment.csv,end_date,2026.07.19.2
CEO_BARKED_TWICE,PUPPY,EMP-008,employment_id,STRING,EMP-008,,,,,,,false,1,genie/puppy/employment.csv,employment_id,2026.07.19.2
CEO_BARKED_TWICE,PUPPY,EMP-008,person_record_id,STRING,PR-VICTOR-01,,,,,,,false,2,genie/puppy/employment.csv,person_record_id,2026.07.19.2
CEO_BARKED_TWICE,PUPPY,EMP-008,organization_record_id,STRING,OR-COPPER-01,,,,,,,false,3,genie/puppy/employment.csv,organization_record_id,2026.07.19.2
CEO_BARKED_TWICE,PUPPY,EMP-008,job_title,STRING,Account Manager,,,,,,,false,4,genie/puppy/employment.csv,job_title,2026.07.19.2
CEO_BARKED_TWICE,PUPPY,EMP-008,start_date,DATE,,,,,2021-02-15,,,false,5,genie/puppy/employment.csv,start_date,2026.07.19.2
CEO_BARKED_TWICE,PUPPY,EMP-008,end_date,NULL,,,,,,,null,false,6,genie/puppy/employment.csv,end_date,2026.07.19.2
CEO_BARKED_TWICE,PUPPY,EMP-009,employment_id,STRING,EMP-009,,,,,,,false,1,genie/puppy/employment.csv,employment_id,2026.07.19.2
CEO_BARKED_TWICE,PUPPY,EMP-009,person_record_id,STRING,PR-MABEL-01,,,,,,,false,2,genie/puppy/employment.csv,person_record_id,2026.07.19.2
CEO_BARKED_TWICE,PUPPY,EMP-009,organization_record_id,STRING,OR-LANTERNBANK-01,,,,,,,false,3,genie/puppy/employment.csv,organization_record_id,2026.07.19.2
CEO_BARKED_TWICE,PUPPY,EMP-009,job_title,STRING,Fraud Analyst,,,,,,,false,4,genie/puppy/employment.csv,job_title,2026.07.19.2
CEO_BARKED_TWICE,PUPPY,EMP-009,start_date,DATE,,,,,2021-05-23,,,false,5,genie/puppy/employment.csv,start_date,2026.07.19.2
CEO_BARKED_TWICE,PUPPY,EMP-009,end_date,NULL,,,,,,,null,false,6,genie/puppy/employment.csv,end_date,2026.07.19.2
CEO_BARKED_TWICE,PUPPY,EMP-010,employment_id,STRING,EMP-010,,,,,,,false,1,genie/puppy/employment.csv,employment_id,2026.07.19.2
CEO_BARKED_TWICE,PUPPY,EMP-010,person_record_id,STRING,PR-ROWAN-01,,,,,,,false,2,genie/puppy/employment.csv,person_record_id,2026.07.19.2
CEO_BARKED_TWICE,PUPPY,EMP-010,organization_record_id,STRING,OR-NIGHTJAR-01,,,,,,,false,3,genie/puppy/employment.csv,organization_record_id,2026.07.19.2
CEO_BARKED_TWICE,PUPPY,EMP-010,job_title,STRING,Managing Member,,,,,,,false,4,genie/puppy/employment.csv,job_title,2026.07.19.2
CEO_BARKED_TWICE,PUPPY,EMP-010,start_date,DATE,,,,,2021-08-28,,,false,5,genie/puppy/employment.csv,start_date,2026.07.19.2
CEO_BARKED_TWICE,PUPPY,EMP-010,end_date,NULL,,,,,,,null,false,6,genie/puppy/employment.csv,end_date,2026.07.19.2
CEO_BARKED_TWICE,PUPPY,EMP-011,employment_id,STRING,EMP-011,,,,,,,false,1,genie/puppy/employment.csv,employment_id,2026.07.19.2
CEO_BARKED_TWICE,PUPPY,EMP-011,person_record_id,STRING,PR-IVY-01,,,,,,,false,2,genie/puppy/employment.csv,person_record_id,2026.07.19.2
CEO_BARKED_TWICE,PUPPY,EMP-011,organization_record_id,STRING,OR-NIGHTJAR-01,,,,,,,false,3,genie/puppy/employment.csv,organization_record_id,2026.07.19.2
CEO_BARKED_TWICE,PUPPY,EMP-011,job_title,STRING,Technical Consultant,,,,,,,false,4,genie/puppy/employment.csv,job_title,2026.07.19.2
CEO_BARKED_TWICE,PUPPY,EMP-011,start_date,DATE,,,,,2021-12-03,,,false,5,genie/puppy/employment.csv,start_date,2026.07.19.2
CEO_BARKED_TWICE,PUPPY,EMP-011,end_date,NULL,,,,,,,null,false,6,genie/puppy/employment.csv,end_date,2026.07.19.2
CEO_BARKED_TWICE,PUPPY,EMP-012,employment_id,STRING,EMP-012,,,,,,,false,1,genie/puppy/employment.csv,employment_id,2026.07.19.2
CEO_BARKED_TWICE,PUPPY,EMP-012,person_record_id,STRING,PR-GRANT-01,,,,,,,false,2,genie/puppy/employment.csv,person_record_id,2026.07.19.2
CEO_BARKED_TWICE,PUPPY,EMP-012,organization_record_id,STRING,OR-NIGHTJAR-01,,,,,,,false,3,genie/puppy/employment.csv,organization_record_id,2026.07.19.2
CEO_BARKED_TWICE,PUPPY,EMP-012,job_title,STRING,Operations Contractor,,,,,,,false,4,genie/puppy/employment.csv,job_title,2026.07.19.2
CEO_BARKED_TWICE,PUPPY,EMP-012,start_date,DATE,,,,,2022-03-10,,,false,5,genie/puppy/employment.csv,start_date,2026.07.19.2
CEO_BARKED_TWICE,PUPPY,EMP-012,end_date,NULL,,,,,,,null,false,6,genie/puppy/employment.csv,end_date,2026.07.19.2
CEO_BARKED_TWICE,PUPPY,PR-ROWAN-01,record_id,STRING,PR-ROWAN-01,,,,,,,false,1,genie/puppy/entities.csv,record_id,2026.07.19.2
CEO_BARKED_TWICE,PUPPY,PR-ROWAN-01,entity_type,STRING,PERSON_RECORD,,,,,,,false,2,genie/puppy/entities.csv,entity_type,2026.07.19.2
CEO_BARKED_TWICE,PUPPY,PR-ROWAN-01,display_name,STRING,Rowan Rook,,,,,,,false,3,genie/puppy/entities.csv,display_name,2026.07.19.2
CEO_BARKED_TWICE,PUPPY,PR-ROWAN-01,source_system,STRING,DOMAIN_REGISTRY,,,,,,,false,4,genie/puppy/entities.csv,source_system,2026.07.19.2
CEO_BARKED_TWICE,PUPPY,PR-ROWAN-01,email,STRING,rowan.rook@nightjar-consult.example,,,,,,,false,5,genie/puppy/entities.csv,email,2026.07.19.2
CEO_BARKED_TWICE,PUPPY,PR-ROWAN-01,phone,STRING,+1-555-0401,,,,,,,false,6,genie/puppy/entities.csv,phone,2026.07.19.2
CEO_BARKED_TWICE,PUPPY,PR-ROWAN-01,address,STRING,9 Nightjar Mews,,,,,,,false,7,genie/puppy/entities.csv,address,2026.07.19.2
CEO_BARKED_TWICE,PUPPY,PR-ROWAN-01,domain,STRING,nightjar-consult.example,,,,,,,false,8,genie/puppy/entities.csv,domain,2026.07.19.2
CEO_BARKED_TWICE,PUPPY,PR-ROWAN-01,recorded_at,DATE,,,,,2024-01-14,,,false,9,genie/puppy/entities.csv,recorded_at,2026.07.19.2
CEO_BARKED_TWICE,PUPPY,PR-ROWAN-02,record_id,STRING,PR-ROWAN-02,,,,,,,false,1,genie/puppy/entities.csv,record_id,2026.07.19.2
CEO_BARKED_TWICE,PUPPY,PR-ROWAN-02,entity_type,STRING,PERSON_RECORD,,,,,,,false,2,genie/puppy/entities.csv,entity_type,2026.07.19.2
CEO_BARKED_TWICE,PUPPY,PR-ROWAN-02,display_name,STRING,R. Rook,,,,,,,false,3,genie/puppy/entities.csv,display_name,2026.07.19.2
CEO_BARKED_TWICE,PUPPY,PR-ROWAN-02,source_system,STRING,BANK_KYC,,,,,,,false,4,genie/puppy/entities.csv,source_system,2026.07.19.2
CEO_BARKED_TWICE,PUPPY,PR-ROWAN-02,email,STRING,r.rook@private-mail.example,,,,,,,false,5,genie/puppy/entities.csv,email,2026.07.19.2
CEO_BARKED_TWICE,PUPPY,PR-ROWAN-02,phone,STRING,+1-555-0491,,,,,,,false,6,genie/puppy/entities.csv,phone,2026.07.19.2
CEO_BARKED_TWICE,PUPPY,PR-ROWAN-02,address,STRING,9 Nightjar Mews,,,,,,,false,7,genie/puppy/entities.csv,address,2026.07.19.2
CEO_BARKED_TWICE,PUPPY,PR-ROWAN-02,domain,STRING,private-mail.example,,,,,,,false,8,genie/puppy/entities.csv,domain,2026.07.19.2
CEO_BARKED_TWICE,PUPPY,PR-ROWAN-02,recorded_at,DATE,,,,,2024-01-27,,,false,9,genie/puppy/entities.csv,recorded_at,2026.07.19.2
CEO_BARKED_TWICE,PUPPY,PR-ROWAN-03,record_id,STRING,PR-ROWAN-03,,,,,,,false,1,genie/puppy/entities.csv,record_id,2026.07.19.2
CEO_BARKED_TWICE,PUPPY,PR-ROWAN-03,entity_type,STRING,PERSON_RECORD,,,,,,,false,2,genie/puppy/entities.csv,entity_type,2026.07.19.2
CEO_BARKED_TWICE,PUPPY,PR-ROWAN-03,display_name,STRING,rowan.r,,,,,,,false,3,genie/puppy/entities.csv,display_name,2026.07.19.2
CEO_BARKED_TWICE,PUPPY,PR-ROWAN-03,source_system,STRING,EMAIL,,,,,,,false,4,genie/puppy/entities.csv,source_system,2026.07.19.2
CEO_BARKED_TWICE,PUPPY,PR-ROWAN-03,email,STRING,rowan.r@silvercoilar.example,,,,,,,false,5,genie/puppy/entities.csv,email,2026.07.19.2
CEO_BARKED_TWICE,PUPPY,PR-ROWAN-03,phone,STRING,+1-555-0401,,,,,,,false,6,genie/puppy/entities.csv,phone,2026.07.19.2
CEO_BARKED_TWICE,PUPPY,PR-ROWAN-03,address,STRING,81 Market Yard,,,,,,,false,7,genie/puppy/entities.csv,address,2026.07.19.2
CEO_BARKED_TWICE,PUPPY,PR-ROWAN-03,domain,STRING,silvercoilar.example,,,,,,,false,8,genie/puppy/entities.csv,domain,2026.07.19.2
CEO_BARKED_TWICE,PUPPY,PR-ROWAN-03,recorded_at,DATE,,,,,2024-02-09,,,false,9,genie/puppy/entities.csv,recorded_at,2026.07.19.2
CEO_BARKED_TWICE,PUPPY,PR-IVY-01,record_id,STRING,PR-IVY-01,,,,,,,false,1,genie/puppy/entities.csv,record_id,2026.07.19.2
CEO_BARKED_TWICE,PUPPY,PR-IVY-01,entity_type,STRING,PERSON_RECORD,,,,,,,false,2,genie/puppy/entities.csv,entity_type,2026.07.19.2
CEO_BARKED_TWICE,PUPPY,PR-IVY-01,display_name,STRING,Ivy Ibizan,,,,,,,false,3,genie/puppy/entities.csv,display_name,2026.07.19.2
CEO_BARKED_TWICE,PUPPY,PR-IVY-01,source_system,STRING,DOMAIN_REGISTRY,,,,,,,false,4,genie/puppy/entities.csv,source_system,2026.07.19.2
CEO_BARKED_TWICE,PUPPY,PR-IVY-01,email,STRING,ivy.ibizan@nightjar-consult.example,,,,,,,false,5,genie/puppy/entities.csv,email,2026.07.19.2
CEO_BARKED_TWICE,PUPPY,PR-IVY-01,phone,STRING,+1-555-0402,,,,,,,false,6,genie/puppy/entities.csv,phone,2026.07.19.2
CEO_BARKED_TWICE,PUPPY,PR-IVY-01,address,STRING,17 Packet Lane,,,,,,,false,7,genie/puppy/entities.csv,address,2026.07.19.2
CEO_BARKED_TWICE,PUPPY,PR-IVY-01,domain,STRING,nightjar-consult.example,,,,,,,false,8,genie/puppy/entities.csv,domain,2026.07.19.2
CEO_BARKED_TWICE,PUPPY,PR-IVY-01,recorded_at,DATE,,,,,2024-02-22,,,false,9,genie/puppy/entities.csv,recorded_at,2026.07.19.2
CEO_BARKED_TWICE,PUPPY,PR-IVY-02,record_id,STRING,PR-IVY-02,,,,,,,false,1,genie/puppy/entities.csv,record_id,2026.07.19.2
CEO_BARKED_TWICE,PUPPY,PR-IVY-02,entity_type,STRING,PERSON_RECORD,,,,,,,false,2,genie/puppy/entities.csv,entity_type,2026.07.19.2
CEO_BARKED_TWICE,PUPPY,PR-IVY-02,display_name,STRING,i.ibizan,,,,,,,false,3,genie/puppy/entities.csv,display_name,2026.07.19.2
CEO_BARKED_TWICE,PUPPY,PR-IVY-02,source_system,STRING,MAIL_ADMIN,,,,,,,false,4,genie/puppy/entities.csv,source_system,2026.07.19.2
CEO_BARKED_TWICE,PUPPY,PR-IVY-02,email,STRING,ops@nightjar-consult.example,,,,,,,false,5,genie/puppy/entities.csv,email,2026.07.19.2
CEO_BARKED_TWICE,PUPPY,PR-IVY-02,phone,STRING,+1-555-0402,,,,,,,false,6,genie/puppy/entities.csv,phone,2026.07.19.2
CEO_BARKED_TWICE,PUPPY,PR-IVY-02,address,STRING,17 Packet Lane,,,,,,,false,7,genie/puppy/entities.csv,address,2026.07.19.2
CEO_BARKED_TWICE,PUPPY,PR-IVY-02,domain,STRING,nightjar-consult.example,,,,,,,false,8,genie/puppy/entities.csv,domain,2026.07.19.2
CEO_BARKED_TWICE,PUPPY,PR-IVY-02,recorded_at,DATE,,,,,2024-03-06,,,false,9,genie/puppy/entities.csv,recorded_at,2026.07.19.2
CEO_BARKED_TWICE,PUPPY,PR-IVY-03,record_id,STRING,PR-IVY-03,,,,,,,false,1,genie/puppy/entities.csv,record_id,2026.07.19.2
CEO_BARKED_TWICE,PUPPY,PR-IVY-03,entity_type,STRING,PERSON_RECORD,,,,,,,false,2,genie/puppy/entities.csv,entity_type,2026.07.19.2
CEO_BARKED_TWICE,PUPPY,PR-IVY-03,display_name,STRING,Ivy I. Ibizan,,,,,,,false,3,genie/puppy/entities.csv,display_name,2026.07.19.2
CEO_BARKED_TWICE,PUPPY,PR-IVY-03,source_system,STRING,BANK_KYC,,,,,,,false,4,genie/puppy/entities.csv,source_system,2026.07.19.2
CEO_BARKED_TWICE,PUPPY,PR-IVY-03,email,STRING,ivy@private-mail.example,,,,,,,false,5,genie/puppy/entities.csv,email,2026.07.19.2
CEO_BARKED_TWICE,PUPPY,PR-IVY-03,phone,STRING,+1-555-0492,,,,,,,false,6,genie/puppy/entities.csv,phone,2026.07.19.2
CEO_BARKED_TWICE,PUPPY,PR-IVY-03,address,STRING,17 Packet Lane,,,,,,,false,7,genie/puppy/entities.csv,address,2026.07.19.2
CEO_BARKED_TWICE,PUPPY,PR-IVY-03,domain,STRING,private-mail.example,,,,,,,false,8,genie/puppy/entities.csv,domain,2026.07.19.2
CEO_BARKED_TWICE,PUPPY,PR-IVY-03,recorded_at,DATE,,,,,2024-03-19,,,false,9,genie/puppy/entities.csv,recorded_at,2026.07.19.2
CEO_BARKED_TWICE,PUPPY,PR-GRANT-01,record_id,STRING,PR-GRANT-01,,,,,,,false,1,genie/puppy/entities.csv,record_id,2026.07.19.2
CEO_BARKED_TWICE,PUPPY,PR-GRANT-01,entity_type,STRING,PERSON_RECORD,,,,,,,false,2,genie/puppy/entities.csv,entity_type,2026.07.19.2
CEO_BARKED_TWICE,PUPPY,PR-GRANT-01,display_name,STRING,Grant Greyhound,,,,,,,false,3,genie/puppy/entities.csv,display_name,2026.07.19.2
CEO_BARKED_TWICE,PUPPY,PR-GRANT-01,source_system,STRING,BANK_KYC,,,,,,,false,4,genie/puppy/entities.csv,source_system,2026.07.19.2
CEO_BARKED_TWICE,PUPPY,PR-GRANT-01,email,STRING,grant.greyhound@houndmail.example,,,,,,,false,5,genie/puppy/entities.csv,email,2026.07.19.2
CEO_BARKED_TWICE,PUPPY,PR-GRANT-01,phone,STRING,+1-555-0403,,,,,,,false,6,genie/puppy/entities.csv,phone,2026.07.19.2
CEO_BARKED_TWICE,PUPPY,PR-GRANT-01,address,STRING,22 Sprint Street,,,,,,,false,7,genie/puppy/entities.csv,address,2026.07.19.2
CEO_BARKED_TWICE,PUPPY,PR-GRANT-01,domain,STRING,houndmail.example,,,,,,,false,8,genie/puppy/entities.csv,domain,2026.07.19.2
CEO_BARKED_TWICE,PUPPY,PR-GRANT-01,recorded_at,DATE,,,,,2024-04-01,,,false,9,genie/puppy/entities.csv,recorded_at,2026.07.19.2
CEO_BARKED_TWICE,PUPPY,PR-GRANT-02,record_id,STRING,PR-GRANT-02,,,,,,,false,1,genie/puppy/entities.csv,record_id,2026.07.19.2
CEO_BARKED_TWICE,PUPPY,PR-GRANT-02,entity_type,STRING,PERSON_RECORD,,,,,,,false,2,genie/puppy/entities.csv,entity_type,2026.07.19.2
CEO_BARKED_TWICE,PUPPY,PR-GRANT-02,display_name,STRING,G. Greyhound,,,,,,,false,3,genie/puppy/entities.csv,display_name,2026.07.19.2
CEO_BARKED_TWICE,PUPPY,PR-GRANT-02,source_system,STRING,CORP_REGISTRY,,,,,,,false,4,genie/puppy/entities.csv,source_system,2026.07.19.2
CEO_BARKED_TWICE,PUPPY,PR-GRANT-02,email,STRING,grant@nightjar-consult.example,,,,,,,false,5,genie/puppy/entities.csv,email,2026.07.19.2
CEO_BARKED_TWICE,PUPPY,PR-GRANT-02,phone,STRING,+1-555-0403,,,,,,,false,6,genie/puppy/entities.csv,phone,2026.07.19.2
CEO_BARKED_TWICE,PUPPY,PR-GRANT-02,address,STRING,81 Market Yard,,,,,,,false,7,genie/puppy/entities.csv,address,2026.07.19.2
CEO_BARKED_TWICE,PUPPY,PR-GRANT-02,domain,STRING,nightjar-consult.example,,,,,,,false,8,genie/puppy/entities.csv,domain,2026.07.19.2
CEO_BARKED_TWICE,PUPPY,PR-GRANT-02,recorded_at,DATE,,,,,2024-04-14,,,false,9,genie/puppy/entities.csv,recorded_at,2026.07.19.2
CEO_BARKED_TWICE,PUPPY,PR-GRANT-03,record_id,STRING,PR-GRANT-03,,,,,,,false,1,genie/puppy/entities.csv,record_id,2026.07.19.2
CEO_BARKED_TWICE,PUPPY,PR-GRANT-03,entity_type,STRING,PERSON_RECORD,,,,,,,false,2,genie/puppy/entities.csv,entity_type,2026.07.19.2
CEO_BARKED_TWICE,PUPPY,PR-GRANT-03,display_name,STRING,grant.g,,,,,,,false,3,genie/puppy/entities.csv,display_name,2026.07.19.2
CEO_BARKED_TWICE,PUPPY,PR-GRANT-03,source_system,STRING,EMAIL,,,,,,,false,4,genie/puppy/entities.csv,source_system,2026.07.19.2
CEO_BARKED_TWICE,PUPPY,PR-GRANT-03,email,STRING,grant.g@nightjar-consult.example,,,,,,,false,5,genie/puppy/entities.csv,email,2026.07.19.2
CEO_BARKED_TWICE,PUPPY,PR-GRANT-03,phone,STRING,+1-555-0403,,,,,,,false,6,genie/puppy/entities.csv,phone,2026.07.19.2
CEO_BARKED_TWICE,PUPPY,PR-GRANT-03,address,STRING,22 Sprint Street,,,,,,,false,7,genie/puppy/entities.csv,address,2026.07.19.2
CEO_BARKED_TWICE,PUPPY,PR-GRANT-03,domain,STRING,nightjar-consult.example,,,,,,,false,8,genie/puppy/entities.csv,domain,2026.07.19.2
CEO_BARKED_TWICE,PUPPY,PR-GRANT-03,recorded_at,DATE,,,,,2024-04-27,,,false,9,genie/puppy/entities.csv,recorded_at,2026.07.19.2
CEO_BARKED_TWICE,PUPPY,PR-BEA-01,record_id,STRING,PR-BEA-01,,,,,,,false,1,genie/puppy/entities.csv,record_id,2026.07.19.2
CEO_BARKED_TWICE,PUPPY,PR-BEA-01,entity_type,STRING,PERSON_RECORD,,,,,,,false,2,genie/puppy/entities.csv,entity_type,2026.07.19.2
CEO_BARKED_TWICE,PUPPY,PR-BEA-01,display_name,STRING,Beatrice Barkley,,,,,,,false,3,genie/puppy/entities.csv,display_name,2026.07.19.2
CEO_BARKED_TWICE,PUPPY,PR-BEA-01,source_system,STRING,HR,,,,,,,false,4,genie/puppy/entities.csv,source_system,2026.07.19.2
CEO_BARKED_TWICE,PUPPY,PR-BEA-01,email,STRING,bea.barkley@silvercollar.example,,,,,,,false,5,genie/puppy/entities.csv,email,2026.07.19.2
CEO_BARKED_TWICE,PUPPY,PR-BEA-01,phone,STRING,+1-555-0410,,,,,,,false,6,genie/puppy/entities.csv,phone,2026.07.19.2
CEO_BARKED_TWICE,PUPPY,PR-BEA-01,address,STRING,4 Executive Crescent,,,,,,,false,7,genie/puppy/entities.csv,address,2026.07.19.2
CEO_BARKED_TWICE,PUPPY,PR-BEA-01,domain,STRING,silvercollar.example,,,,,,,false,8,genie/puppy/entities.csv,domain,2026.07.19.2
CEO_BARKED_TWICE,PUPPY,PR-BEA-01,recorded_at,DATE,,,,,2024-05-10,,,false,9,genie/puppy/entities.csv,recorded_at,2026.07.19.2
CEO_BARKED_TWICE,PUPPY,PR-BEA-02,record_id,STRING,PR-BEA-02,,,,,,,false,1,genie/puppy/entities.csv,record_id,2026.07.19.2
CEO_BARKED_TWICE,PUPPY,PR-BEA-02,entity_type,STRING,PERSON_RECORD,,,,,,,false,2,genie/puppy/entities.csv,entity_type,2026.07.19.2
CEO_BARKED_TWICE,PUPPY,PR-BEA-02,display_name,STRING,Bea Barkley,,,,,,,false,3,genie/puppy/entities.csv,display_name,2026.07.19.2
CEO_BARKED_TWICE,PUPPY,PR-BEA-02,source_system,STRING,EMAIL,,,,,,,false,4,genie/puppy/entities.csv,source_system,2026.07.19.2
CEO_BARKED_TWICE,PUPPY,PR-BEA-02,email,STRING,bea.barkley@silvercollar.example,,,,,,,false,5,genie/puppy/entities.csv,email,2026.07.19.2
CEO_BARKED_TWICE,PUPPY,PR-BEA-02,phone,STRING,+1-555-0410,,,,,,,false,6,genie/puppy/entities.csv,phone,2026.07.19.2
CEO_BARKED_TWICE,PUPPY,PR-BEA-02,address,STRING,4 Executive Crescent,,,,,,,false,7,genie/puppy/entities.csv,address,2026.07.19.2
CEO_BARKED_TWICE,PUPPY,PR-BEA-02,domain,STRING,silvercollar.example,,,,,,,false,8,genie/puppy/entities.csv,domain,2026.07.19.2
CEO_BARKED_TWICE,PUPPY,PR-BEA-02,recorded_at,DATE,,,,,2024-05-23,,,false,9,genie/puppy/entities.csv,recorded_at,2026.07.19.2
CEO_BARKED_TWICE,PUPPY,PR-BEA-03,record_id,STRING,PR-BEA-03,,,,,,,false,1,genie/puppy/entities.csv,record_id,2026.07.19.2
CEO_BARKED_TWICE,PUPPY,PR-BEA-03,entity_type,STRING,PERSON_RECORD,,,,,,,false,2,genie/puppy/entities.csv,entity_type,2026.07.19.2
CEO_BARKED_TWICE,PUPPY,PR-BEA-03,display_name,STRING,Beatrice A. Barkley,,,,,,,false,3,genie/puppy/entities.csv,display_name,2026.07.19.2
CEO_BARKED_TWICE,PUPPY,PR-BEA-03,source_system,STRING,CORP_REGISTRY,,,,,,,false,4,genie/puppy/entities.csv,source_system,2026.07.19.2
CEO_BARKED_TWICE,PUPPY,PR-BEA-03,email,STRING,bea.barkley@silvercollar.example,,,,,,,false,5,genie/puppy/entities.csv,email,2026.07.19.2
CEO_BARKED_TWICE,PUPPY,PR-BEA-03,phone,STRING,+1-555-0410,,,,,,,false,6,genie/puppy/entities.csv,phone,2026.07.19.2
CEO_BARKED_TWICE,PUPPY,PR-BEA-03,address,STRING,14 Foundry Square,,,,,,,false,7,genie/puppy/entities.csv,address,2026.07.19.2
CEO_BARKED_TWICE,PUPPY,PR-BEA-03,domain,STRING,silvercollar.example,,,,,,,false,8,genie/puppy/entities.csv,domain,2026.07.19.2
CEO_BARKED_TWICE,PUPPY,PR-BEA-03,recorded_at,DATE,,,,,2024-06-05,,,false,9,genie/puppy/entities.csv,recorded_at,2026.07.19.2
CEO_BARKED_TWICE,PUPPY,PR-PENNY-01,record_id,STRING,PR-PENNY-01,,,,,,,false,1,genie/puppy/entities.csv,record_id,2026.07.19.2
CEO_BARKED_TWICE,PUPPY,PR-PENNY-01,entity_type,STRING,PERSON_RECORD,,,,,,,false,2,genie/puppy/entities.csv,entity_type,2026.07.19.2
CEO_BARKED_TWICE,PUPPY,PR-PENNY-01,display_name,STRING,Penny Pug,,,,,,,false,3,genie/puppy/entities.csv,display_name,2026.07.19.2
CEO_BARKED_TWICE,PUPPY,PR-PENNY-01,source_system,STRING,HR,,,,,,,false,4,genie/puppy/entities.csv,source_system,2026.07.19.2
CEO_BARKED_TWICE,PUPPY,PR-PENNY-01,email,STRING,penny.pug@silvercollar.example,,,,,,,false,5,genie/puppy/entities.csv,email,2026.07.19.2
CEO_BARKED_TWICE,PUPPY,PR-PENNY-01,phone,STRING,+1-555-0411,,,,,,,false,6,genie/puppy/entities.csv,phone,2026.07.19.2
CEO_BARKED_TWICE,PUPPY,PR-PENNY-01,address,STRING,5 Ledger Walk,,,,,,,false,7,genie/puppy/entities.csv,address,2026.07.19.2
CEO_BARKED_TWICE,PUPPY,PR-PENNY-01,domain,STRING,silvercollar.example,,,,,,,false,8,genie/puppy/entities.csv,domain,2026.07.19.2
CEO_BARKED_TWICE,PUPPY,PR-PENNY-01,recorded_at,DATE,,,,,2024-06-18,,,false,9,genie/puppy/entities.csv,recorded_at,2026.07.19.2
CEO_BARKED_TWICE,PUPPY,PR-PENNY-02,record_id,STRING,PR-PENNY-02,,,,,,,false,1,genie/puppy/entities.csv,record_id,2026.07.19.2
CEO_BARKED_TWICE,PUPPY,PR-PENNY-02,entity_type,STRING,PERSON_RECORD,,,,,,,false,2,genie/puppy/entities.csv,entity_type,2026.07.19.2
CEO_BARKED_TWICE,PUPPY,PR-PENNY-02,display_name,STRING,P. Pug,,,,,,,false,3,genie/puppy/entities.csv,display_name,2026.07.19.2
CEO_BARKED_TWICE,PUPPY,PR-PENNY-02,source_system,STRING,EMAIL,,,,,,,false,4,genie/puppy/entities.csv,source_system,2026.07.19.2
CEO_BARKED_TWICE,PUPPY,PR-PENNY-02,email,STRING,penny.pug@silvercollar.example,,,,,,,false,5,genie/puppy/entities.csv,email,2026.07.19.2
CEO_BARKED_TWICE,PUPPY,PR-PENNY-02,phone,STRING,+1-555-0411,,,,,,,false,6,genie/puppy/entities.csv,phone,2026.07.19.2
CEO_BARKED_TWICE,PUPPY,PR-PENNY-02,address,STRING,5 Ledger Walk,,,,,,,false,7,genie/puppy/entities.csv,address,2026.07.19.2
CEO_BARKED_TWICE,PUPPY,PR-PENNY-02,domain,STRING,silvercollar.example,,,,,,,false,8,genie/puppy/entities.csv,domain,2026.07.19.2
CEO_BARKED_TWICE,PUPPY,PR-PENNY-02,recorded_at,DATE,,,,,2024-07-01,,,false,9,genie/puppy/entities.csv,recorded_at,2026.07.19.2
CEO_BARKED_TWICE,PUPPY,PR-CONRAD-01,record_id,STRING,PR-CONRAD-01,,,,,,,false,1,genie/puppy/entities.csv,record_id,2026.07.19.2
CEO_BARKED_TWICE,PUPPY,PR-CONRAD-01,entity_type,STRING,PERSON_RECORD,,,,,,,false,2,genie/puppy/entities.csv,entity_type,2026.07.19.2
CEO_BARKED_TWICE,PUPPY,PR-CONRAD-01,display_name,STRING,Conrad Corgi,,,,,,,false,3,genie/puppy/entities.csv,display_name,2026.07.19.2
CEO_BARKED_TWICE,PUPPY,PR-CONRAD-01,source_system,STRING,HR,,,,,,,false,4,genie/puppy/entities.csv,source_system,2026.07.19.2
CEO_BARKED_TWICE,PUPPY,PR-CONRAD-01,email,STRING,conrad.corgi@silvercollar.example,,,,,,,false,5,genie/puppy/entities.csv,email,2026.07.19.2
CEO_BARKED_TWICE,PUPPY,PR-CONRAD-01,phone,STRING,+1-555-0412,,,,,,,false,6,genie/puppy/entities.csv,phone,2026.07.19.2
CEO_BARKED_TWICE,PUPPY,PR-CONRAD-01,address,STRING,6 Treasury Terrace,,,,,,,false,7,genie/puppy/entities.csv,address,2026.07.19.2
CEO_BARKED_TWICE,PUPPY,PR-CONRAD-01,domain,STRING,silvercollar.example,,,,,,,false,8,genie/puppy/entities.csv,domain,2026.07.19.2
CEO_BARKED_TWICE,PUPPY,PR-CONRAD-01,recorded_at,DATE,,,,,2024-07-14,,,false,9,genie/puppy/entities.csv,recorded_at,2026.07.19.2
CEO_BARKED_TWICE,PUPPY,PR-CONRAD-02,record_id,STRING,PR-CONRAD-02,,,,,,,false,1,genie/puppy/entities.csv,record_id,2026.07.19.2
CEO_BARKED_TWICE,PUPPY,PR-CONRAD-02,entity_type,STRING,PERSON_RECORD,,,,,,,false,2,genie/puppy/entities.csv,entity_type,2026.07.19.2
CEO_BARKED_TWICE,PUPPY,PR-CONRAD-02,display_name,STRING,C. Corgi,,,,,,,false,3,genie/puppy/entities.csv,display_name,2026.07.19.2
CEO_BARKED_TWICE,PUPPY,PR-CONRAD-02,source_system,STRING,EMAIL,,,,,,,false,4,genie/puppy/entities.csv,source_system,2026.07.19.2
CEO_BARKED_TWICE,PUPPY,PR-CONRAD-02,email,STRING,conrad.corgi@silvercollar.example,,,,,,,false,5,genie/puppy/entities.csv,email,2026.07.19.2
CEO_BARKED_TWICE,PUPPY,PR-CONRAD-02,phone,STRING,+1-555-0412,,,,,,,false,6,genie/puppy/entities.csv,phone,2026.07.19.2
CEO_BARKED_TWICE,PUPPY,PR-CONRAD-02,address,STRING,6 Treasury Terrace,,,,,,,false,7,genie/puppy/entities.csv,address,2026.07.19.2
CEO_BARKED_TWICE,PUPPY,PR-CONRAD-02,domain,STRING,silvercollar.example,,,,,,,false,8,genie/puppy/entities.csv,domain,2026.07.19.2
CEO_BARKED_TWICE,PUPPY,PR-CONRAD-02,recorded_at,DATE,,,,,2024-07-27,,,false,9,genie/puppy/entities.csv,recorded_at,2026.07.19.2
CEO_BARKED_TWICE,PUPPY,PR-OWEN-01,record_id,STRING,PR-OWEN-01,,,,,,,false,1,genie/puppy/entities.csv,record_id,2026.07.19.2
CEO_BARKED_TWICE,PUPPY,PR-OWEN-01,entity_type,STRING,PERSON_RECORD,,,,,,,false,2,genie/puppy/entities.csv,entity_type,2026.07.19.2
CEO_BARKED_TWICE,PUPPY,PR-OWEN-01,display_name,STRING,Owen Old English Sheepdog,,,,,,,false,3,genie/puppy/entities.csv,display_name,2026.07.19.2
CEO_BARKED_TWICE,PUPPY,PR-OWEN-01,source_system,STRING,VENDOR_MASTER,,,,,,,false,4,genie/puppy/entities.csv,source_system,2026.07.19.2
CEO_BARKED_TWICE,PUPPY,PR-OWEN-01,email,STRING,owen@copperpaw.example,,,,,,,false,5,genie/puppy/entities.csv,email,2026.07.19.2
CEO_BARKED_TWICE,PUPPY,PR-OWEN-01,phone,STRING,+1-555-0420,,,,,,,false,6,genie/puppy/entities.csv,phone,2026.07.19.2
CEO_BARKED_TWICE,PUPPY,PR-OWEN-01,address,STRING,25 Copper Quay,,,,,,,false,7,genie/puppy/entities.csv,address,2026.07.19.2
CEO_BARKED_TWICE,PUPPY,PR-OWEN-01,domain,STRING,copperpaw.example,,,,,,,false,8,genie/puppy/entities.csv,domain,2026.07.19.2
CEO_BARKED_TWICE,PUPPY,PR-OWEN-01,recorded_at,DATE,,,,,2024-08-09,,,false,9,genie/puppy/entities.csv,recorded_at,2026.07.19.2
CEO_BARKED_TWICE,PUPPY,PR-OWEN-02,record_id,STRING,PR-OWEN-02,,,,,,,false,1,genie/puppy/entities.csv,record_id,2026.07.19.2
CEO_BARKED_TWICE,PUPPY,PR-OWEN-02,entity_type,STRING,PERSON_RECORD,,,,,,,false,2,genie/puppy/entities.csv,entity_type,2026.07.19.2
CEO_BARKED_TWICE,PUPPY,PR-OWEN-02,display_name,STRING,O. Sheepdog,,,,,,,false,3,genie/puppy/entities.csv,display_name,2026.07.19.2
CEO_BARKED_TWICE,PUPPY,PR-OWEN-02,source_system,STRING,EMAIL,,,,,,,false,4,genie/puppy/entities.csv,source_system,2026.07.19.2
CEO_BARKED_TWICE,PUPPY,PR-OWEN-02,email,STRING,owen@copperpaw.example,,,,,,,false,5,genie/puppy/entities.csv,email,2026.07.19.2
CEO_BARKED_TWICE,PUPPY,PR-OWEN-02,phone,STRING,+1-555-0420,,,,,,,false,6,genie/puppy/entities.csv,phone,2026.07.19.2
CEO_BARKED_TWICE,PUPPY,PR-OWEN-02,address,STRING,25 Copper Quay,,,,,,,false,7,genie/puppy/entities.csv,address,2026.07.19.2
CEO_BARKED_TWICE,PUPPY,PR-OWEN-02,domain,STRING,copperpaw.example,,,,,,,false,8,genie/puppy/entities.csv,domain,2026.07.19.2
CEO_BARKED_TWICE,PUPPY,PR-OWEN-02,recorded_at,DATE,,,,,2024-08-22,,,false,9,genie/puppy/entities.csv,recorded_at,2026.07.19.2
CEO_BARKED_TWICE,PUPPY,PR-THEO-01,record_id,STRING,PR-THEO-01,,,,,,,false,1,genie/puppy/entities.csv,record_id,2026.07.19.2
CEO_BARKED_TWICE,PUPPY,PR-THEO-01,entity_type,STRING,PERSON_RECORD,,,,,,,false,2,genie/puppy/entities.csv,entity_type,2026.07.19.2
CEO_BARKED_TWICE,PUPPY,PR-THEO-01,display_name,STRING,Theo Terrier,,,,,,,false,3,genie/puppy/entities.csv,display_name,2026.07.19.2
CEO_BARKED_TWICE,PUPPY,PR-THEO-01,source_system,STRING,HR,,,,,,,false,4,genie/puppy/entities.csv,source_system,2026.07.19.2
CEO_BARKED_TWICE,PUPPY,PR-THEO-01,email,STRING,theo.terrier@silvercollar.example,,,,,,,false,5,genie/puppy/entities.csv,email,2026.07.19.2
CEO_BARKED_TWICE,PUPPY,PR-THEO-01,phone,STRING,+1-555-0413,,,,,,,false,6,genie/puppy/entities.csv,phone,2026.07.19.2
CEO_BARKED_TWICE,PUPPY,PR-THEO-01,address,STRING,7 Firewall Close,,,,,,,false,7,genie/puppy/entities.csv,address,2026.07.19.2
CEO_BARKED_TWICE,PUPPY,PR-THEO-01,domain,STRING,silvercollar.example,,,,,,,false,8,genie/puppy/entities.csv,domain,2026.07.19.2
CEO_BARKED_TWICE,PUPPY,PR-THEO-01,recorded_at,DATE,,,,,2024-09-04,,,false,9,genie/puppy/entities.csv,recorded_at,2026.07.19.2
CEO_BARKED_TWICE,PUPPY,PR-THEO-02,record_id,STRING,PR-THEO-02,,,,,,,false,1,genie/puppy/entities.csv,record_id,2026.07.19.2
CEO_BARKED_TWICE,PUPPY,PR-THEO-02,entity_type,STRING,PERSON_RECORD,,,,,,,false,2,genie/puppy/entities.csv,entity_type,2026.07.19.2
CEO_BARKED_TWICE,PUPPY,PR-THEO-02,display_name,STRING,T. Terrier,,,,,,,false,3,genie/puppy/entities.csv,display_name,2026.07.19.2
CEO_BARKED_TWICE,PUPPY,PR-THEO-02,source_system,STRING,MAIL_ADMIN,,,,,,,false,4,genie/puppy/entities.csv,source_system,2026.07.19.2
CEO_BARKED_TWICE,PUPPY,PR-THEO-02,email,STRING,theo.terrier@silvercollar.example,,,,,,,false,5,genie/puppy/entities.csv,email,2026.07.19.2
CEO_BARKED_TWICE,PUPPY,PR-THEO-02,phone,STRING,+1-555-0413,,,,,,,false,6,genie/puppy/entities.csv,phone,2026.07.19.2
CEO_BARKED_TWICE,PUPPY,PR-THEO-02,address,STRING,14 Foundry Square,,,,,,,false,7,genie/puppy/entities.csv,address,2026.07.19.2
CEO_BARKED_TWICE,PUPPY,PR-THEO-02,domain,STRING,silvercollar.example,,,,,,,false,8,genie/puppy/entities.csv,domain,2026.07.19.2
CEO_BARKED_TWICE,PUPPY,PR-THEO-02,recorded_at,DATE,,,,,2024-09-17,,,false,9,genie/puppy/entities.csv,recorded_at,2026.07.19.2
CEO_BARKED_TWICE,PUPPY,PR-VICTOR-01,record_id,STRING,PR-VICTOR-01,,,,,,,false,1,genie/puppy/entities.csv,record_id,2026.07.19.2
CEO_BARKED_TWICE,PUPPY,PR-VICTOR-01,entity_type,STRING,PERSON_RECORD,,,,,,,false,2,genie/puppy/entities.csv,entity_type,2026.07.19.2
CEO_BARKED_TWICE,PUPPY,PR-VICTOR-01,display_name,STRING,Victor Vizsla,,,,,,,false,3,genie/puppy/entities.csv,display_name,2026.07.19.2
CEO_BARKED_TWICE,PUPPY,PR-VICTOR-01,source_system,STRING,VENDOR_MASTER,,,,,,,false,4,genie/puppy/entities.csv,source_system,2026.07.19.2
CEO_BARKED_TWICE,PUPPY,PR-VICTOR-01,email,STRING,victor.vizsla@copperpaw.example,,,,,,,false,5,genie/puppy/entities.csv,email,2026.07.19.2
CEO_BARKED_TWICE,PUPPY,PR-VICTOR-01,phone,STRING,+1-555-0421,,,,,,,false,6,genie/puppy/entities.csv,phone,2026.07.19.2
CEO_BARKED_TWICE,PUPPY,PR-VICTOR-01,address,STRING,26 Copper Quay,,,,,,,false,7,genie/puppy/entities.csv,address,2026.07.19.2
CEO_BARKED_TWICE,PUPPY,PR-VICTOR-01,domain,STRING,copperpaw.example,,,,,,,false,8,genie/puppy/entities.csv,domain,2026.07.19.2
CEO_BARKED_TWICE,PUPPY,PR-VICTOR-01,recorded_at,DATE,,,,,2024-09-30,,,false,9,genie/puppy/entities.csv,recorded_at,2026.07.19.2
CEO_BARKED_TWICE,PUPPY,PR-VICTOR-02,record_id,STRING,PR-VICTOR-02,,,,,,,false,1,genie/puppy/entities.csv,record_id,2026.07.19.2
CEO_BARKED_TWICE,PUPPY,PR-VICTOR-02,entity_type,STRING,PERSON_RECORD,,,,,,,false,2,genie/puppy/entities.csv,entity_type,2026.07.19.2
CEO_BARKED_TWICE,PUPPY,PR-VICTOR-02,display_name,STRING,V. Vizsla,,,,,,,false,3,genie/puppy/entities.csv,display_name,2026.07.19.2
CEO_BARKED_TWICE,PUPPY,PR-VICTOR-02,source_system,STRING,EMAIL,,,,,,,false,4,genie/puppy/entities.csv,source_system,2026.07.19.2
CEO_BARKED_TWICE,PUPPY,PR-VICTOR-02,email,STRING,victor.vizsla@copperpaw.example,,,,,,,false,5,genie/puppy/entities.csv,email,2026.07.19.2
CEO_BARKED_TWICE,PUPPY,PR-VICTOR-02,phone,STRING,+1-555-0421,,,,,,,false,6,genie/puppy/entities.csv,phone,2026.07.19.2
CEO_BARKED_TWICE,PUPPY,PR-VICTOR-02,address,STRING,26 Copper Quay,,,,,,,false,7,genie/puppy/entities.csv,address,2026.07.19.2
CEO_BARKED_TWICE,PUPPY,PR-VICTOR-02,domain,STRING,copperpaw.example,,,,,,,false,8,genie/puppy/entities.csv,domain,2026.07.19.2
CEO_BARKED_TWICE,PUPPY,PR-VICTOR-02,recorded_at,DATE,,,,,2024-10-13,,,false,9,genie/puppy/entities.csv,recorded_at,2026.07.19.2
CEO_BARKED_TWICE,PUPPY,PR-MABEL-01,record_id,STRING,PR-MABEL-01,,,,,,,false,1,genie/puppy/entities.csv,record_id,2026.07.19.2
CEO_BARKED_TWICE,PUPPY,PR-MABEL-01,entity_type,STRING,PERSON_RECORD,,,,,,,false,2,genie/puppy/entities.csv,entity_type,2026.07.19.2
CEO_BARKED_TWICE,PUPPY,PR-MABEL-01,display_name,STRING,Mabel Mastiff,,,,,,,false,3,genie/puppy/entities.csv,display_name,2026.07.19.2
CEO_BARKED_TWICE,PUPPY,PR-MABEL-01,source_system,STRING,BANK_KYC,,,,,,,false,4,genie/puppy/entities.csv,source_system,2026.07.19.2
CEO_BARKED_TWICE,PUPPY,PR-MABEL-01,email,STRING,mabel.mastiff@lanternbank.example,,,,,,,false,5,genie/puppy/entities.csv,email,2026.07.19.2
CEO_BARKED_TWICE,PUPPY,PR-MABEL-01,phone,STRING,+1-555-0430,,,,,,,false,6,genie/puppy/entities.csv,phone,2026.07.19.2
CEO_BARKED_TWICE,PUPPY,PR-MABEL-01,address,STRING,100 Lantern Plaza,,,,,,,false,7,genie/puppy/entities.csv,address,2026.07.19.2
CEO_BARKED_TWICE,PUPPY,PR-MABEL-01,domain,STRING,lanternbank.example,,,,,,,false,8,genie/puppy/entities.csv,domain,2026.07.19.2
CEO_BARKED_TWICE,PUPPY,PR-MABEL-01,recorded_at,DATE,,,,,2024-10-26,,,false,9,genie/puppy/entities.csv,recorded_at,2026.07.19.2
CEO_BARKED_TWICE,PUPPY,PR-IDA-01,record_id,STRING,PR-IDA-01,,,,,,,false,1,genie/puppy/entities.csv,record_id,2026.07.19.2
CEO_BARKED_TWICE,PUPPY,PR-IDA-01,entity_type,STRING,PERSON_RECORD,,,,,,,false,2,genie/puppy/entities.csv,entity_type,2026.07.19.2
CEO_BARKED_TWICE,PUPPY,PR-IDA-01,display_name,STRING,Ida Irish Setter,,,,,,,false,3,genie/puppy/entities.csv,display_name,2026.07.19.2
CEO_BARKED_TWICE,PUPPY,PR-IDA-01,source_system,STRING,HR,,,,,,,false,4,genie/puppy/entities.csv,source_system,2026.07.19.2
CEO_BARKED_TWICE,PUPPY,PR-IDA-01,email,STRING,ida.setter@silvercollar.example,,,,,,,false,5,genie/puppy/entities.csv,email,2026.07.19.2
CEO_BARKED_TWICE,PUPPY,PR-IDA-01,phone,STRING,+1-555-0414,,,,,,,false,6,genie/puppy/entities.csv,phone,2026.07.19.2
CEO_BARKED_TWICE,PUPPY,PR-IDA-01,address,STRING,8 Procurement Place,,,,,,,false,7,genie/puppy/entities.csv,address,2026.07.19.2
CEO_BARKED_TWICE,PUPPY,PR-IDA-01,domain,STRING,silvercollar.example,,,,,,,false,8,genie/puppy/entities.csv,domain,2026.07.19.2
CEO_BARKED_TWICE,PUPPY,PR-IDA-01,recorded_at,DATE,,,,,2024-11-08,,,false,9,genie/puppy/entities.csv,recorded_at,2026.07.19.2
CEO_BARKED_TWICE,PUPPY,PR-RHEA-01,record_id,STRING,PR-RHEA-01,,,,,,,false,1,genie/puppy/entities.csv,record_id,2026.07.19.2
CEO_BARKED_TWICE,PUPPY,PR-RHEA-01,entity_type,STRING,PERSON_RECORD,,,,,,,false,2,genie/puppy/entities.csv,entity_type,2026.07.19.2
CEO_BARKED_TWICE,PUPPY,PR-RHEA-01,display_name,STRING,Rhea Retriever,,,,,,,false,3,genie/puppy/entities.csv,display_name,2026.07.19.2
CEO_BARKED_TWICE,PUPPY,PR-RHEA-01,source_system,STRING,AUDIT_FILE,,,,,,,false,4,genie/puppy/entities.csv,source_system,2026.07.19.2
CEO_BARKED_TWICE,PUPPY,PR-RHEA-01,email,STRING,rhea@retrieveledger.example,,,,,,,false,5,genie/puppy/entities.csv,email,2026.07.19.2
CEO_BARKED_TWICE,PUPPY,PR-RHEA-01,phone,STRING,+1-555-0431,,,,,,,false,6,genie/puppy/entities.csv,phone,2026.07.19.2
CEO_BARKED_TWICE,PUPPY,PR-RHEA-01,address,STRING,3 Audit Arcade,,,,,,,false,7,genie/puppy/entities.csv,address,2026.07.19.2
CEO_BARKED_TWICE,PUPPY,PR-RHEA-01,domain,STRING,retrieveledger.example,,,,,,,false,8,genie/puppy/entities.csv,domain,2026.07.19.2
CEO_BARKED_TWICE,PUPPY,PR-RHEA-01,recorded_at,DATE,,,,,2024-11-21,,,false,9,genie/puppy/entities.csv,recorded_at,2026.07.19.2
CEO_BARKED_TWICE,PUPPY,PR-BEA-04,record_id,STRING,PR-BEA-04,,,,,,,false,1,genie/puppy/entities.csv,record_id,2026.07.19.2
CEO_BARKED_TWICE,PUPPY,PR-BEA-04,entity_type,STRING,PERSON_RECORD,,,,,,,false,2,genie/puppy/entities.csv,entity_type,2026.07.19.2
CEO_BARKED_TWICE,PUPPY,PR-BEA-04,display_name,STRING,B. A. Barkley,,,,,,,false,3,genie/puppy/entities.csv,display_name,2026.07.19.2
CEO_BARKED_TWICE,PUPPY,PR-BEA-04,source_system,STRING,DOCUMENT_REPOSITORY,,,,,,,false,4,genie/puppy/entities.csv,source_system,2026.07.19.2
CEO_BARKED_TWICE,PUPPY,PR-BEA-04,email,STRING,bea.barkley@silvercollar.example,,,,,,,false,5,genie/puppy/entities.csv,email,2026.07.19.2
CEO_BARKED_TWICE,PUPPY,PR-BEA-04,phone,STRING,+1-555-0410,,,,,,,false,6,genie/puppy/entities.csv,phone,2026.07.19.2
CEO_BARKED_TWICE,PUPPY,PR-BEA-04,address,STRING,14 Foundry Square,,,,,,,false,7,genie/puppy/entities.csv,address,2026.07.19.2
CEO_BARKED_TWICE,PUPPY,PR-BEA-04,domain,STRING,silvercollar.example,,,,,,,false,8,genie/puppy/entities.csv,domain,2026.07.19.2
CEO_BARKED_TWICE,PUPPY,PR-BEA-04,recorded_at,DATE,,,,,2025-06-17,,,false,9,genie/puppy/entities.csv,recorded_at,2026.07.19.2
CEO_BARKED_TWICE,PUPPY,PR-PENNY-03,record_id,STRING,PR-PENNY-03,,,,,,,false,1,genie/puppy/entities.csv,record_id,2026.07.19.2
CEO_BARKED_TWICE,PUPPY,PR-PENNY-03,entity_type,STRING,PERSON_RECORD,,,,,,,false,2,genie/puppy/entities.csv,entity_type,2026.07.19.2
CEO_BARKED_TWICE,PUPPY,PR-PENNY-03,display_name,STRING,p.pug,,,,,,,false,3,genie/puppy/entities.csv,display_name,2026.07.19.2
CEO_BARKED_TWICE,PUPPY,PR-PENNY-03,source_system,STRING,MAIL_ADMIN,,,,,,,false,4,genie/puppy/entities.csv,source_system,2026.07.19.2
CEO_BARKED_TWICE,PUPPY,PR-PENNY-03,email,STRING,penny.pug@silvercollar.example,,,,,,,false,5,genie/puppy/entities.csv,email,2026.07.19.2
CEO_BARKED_TWICE,PUPPY,PR-PENNY-03,phone,STRING,+1-555-0411,,,,,,,false,6,genie/puppy/entities.csv,phone,2026.07.19.2
CEO_BARKED_TWICE,PUPPY,PR-PENNY-03,address,STRING,14 Foundry Square,,,,,,,false,7,genie/puppy/entities.csv,address,2026.07.19.2
CEO_BARKED_TWICE,PUPPY,PR-PENNY-03,domain,STRING,silvercollar.example,,,,,,,false,8,genie/puppy/entities.csv,domain,2026.07.19.2
CEO_BARKED_TWICE,PUPPY,PR-PENNY-03,recorded_at,DATE,,,,,2025-06-30,,,false,9,genie/puppy/entities.csv,recorded_at,2026.07.19.2
CEO_BARKED_TWICE,PUPPY,PR-CONRAD-03,record_id,STRING,PR-CONRAD-03,,,,,,,false,1,genie/puppy/entities.csv,record_id,2026.07.19.2
CEO_BARKED_TWICE,PUPPY,PR-CONRAD-03,entity_type,STRING,PERSON_RECORD,,,,,,,false,2,genie/puppy/entities.csv,entity_type,2026.07.19.2
CEO_BARKED_TWICE,PUPPY,PR-CONRAD-03,display_name,STRING,Conrad J. Corgi,,,,,,,false,3,genie/puppy/entities.csv,display_name,2026.07.19.2
CEO_BARKED_TWICE,PUPPY,PR-CONRAD-03,source_system,STRING,BANK_KYC,,,,,,,false,4,genie/puppy/entities.csv,source_system,2026.07.19.2
CEO_BARKED_TWICE,PUPPY,PR-CONRAD-03,email,STRING,conrad.corgi@silvercollar.example,,,,,,,false,5,genie/puppy/entities.csv,email,2026.07.19.2
CEO_BARKED_TWICE,PUPPY,PR-CONRAD-03,phone,STRING,+1-555-0412,,,,,,,false,6,genie/puppy/entities.csv,phone,2026.07.19.2
CEO_BARKED_TWICE,PUPPY,PR-CONRAD-03,address,STRING,6 Treasury Terrace,,,,,,,false,7,genie/puppy/entities.csv,address,2026.07.19.2
CEO_BARKED_TWICE,PUPPY,PR-CONRAD-03,domain,STRING,silvercollar.example,,,,,,,false,8,genie/puppy/entities.csv,domain,2026.07.19.2
CEO_BARKED_TWICE,PUPPY,PR-CONRAD-03,recorded_at,DATE,,,,,2025-07-13,,,false,9,genie/puppy/entities.csv,recorded_at,2026.07.19.2
CEO_BARKED_TWICE,PUPPY,OR-SCC-01,record_id,STRING,OR-SCC-01,,,,,,,false,1,genie/puppy/entities.csv,record_id,2026.07.19.2
CEO_BARKED_TWICE,PUPPY,OR-SCC-01,entity_type,STRING,ORGANIZATION_RECORD,,,,,,,false,2,genie/puppy/entities.csv,entity_type,2026.07.19.2
CEO_BARKED_TWICE,PUPPY,OR-SCC-01,display_name,STRING,Silver Collar Components Ltd,,,,,,,false,3,genie/puppy/entities.csv,display_name,2026.07.19.2
CEO_BARKED_TWICE,PUPPY,OR-SCC-01,source_system,STRING,CORP_REGISTRY,,,,,,,false,4,genie/puppy/entities.csv,source_system,2026.07.19.2
CEO_BARKED_TWICE,PUPPY,OR-SCC-01,email,NULL,,,,,,,null,false,5,genie/puppy/entities.csv,email,2026.07.19.2
CEO_BARKED_TWICE,PUPPY,OR-SCC-01,phone,STRING,+1-555-0500,,,,,,,false,6,genie/puppy/entities.csv,phone,2026.07.19.2
CEO_BARKED_TWICE,PUPPY,OR-SCC-01,address,STRING,14 Foundry Square,,,,,,,false,7,genie/puppy/entities.csv,address,2026.07.19.2
CEO_BARKED_TWICE,PUPPY,OR-SCC-01,domain,STRING,silvercollar.example,,,,,,,false,8,genie/puppy/entities.csv,domain,2026.07.19.2
CEO_BARKED_TWICE,PUPPY,OR-SCC-01,recorded_at,DATE,,,,,2023-06-20,,,false,9,genie/puppy/entities.csv,recorded_at,2026.07.19.2
CEO_BARKED_TWICE,PUPPY,OR-SCC-02,record_id,STRING,OR-SCC-02,,,,,,,false,1,genie/puppy/entities.csv,record_id,2026.07.19.2
CEO_BARKED_TWICE,PUPPY,OR-SCC-02,entity_type,STRING,ORGANIZATION_RECORD,,,,,,,false,2,genie/puppy/entities.csv,entity_type,2026.07.19.2
CEO_BARKED_TWICE,PUPPY,OR-SCC-02,display_name,STRING,Silver Collar Components,,,,,,,false,3,genie/puppy/entities.csv,display_name,2026.07.19.2
CEO_BARKED_TWICE,PUPPY,OR-SCC-02,source_system,STRING,VENDOR_MASTER,,,,,,,false,4,genie/puppy/entities.csv,source_system,2026.07.19.2
CEO_BARKED_TWICE,PUPPY,OR-SCC-02,email,NULL,,,,,,,null,false,5,genie/puppy/entities.csv,email,2026.07.19.2
CEO_BARKED_TWICE,PUPPY,OR-SCC-02,phone,STRING,+1-555-0500,,,,,,,false,6,genie/puppy/entities.csv,phone,2026.07.19.2
CEO_BARKED_TWICE,PUPPY,OR-SCC-02,address,STRING,14 Foundry Square,,,,,,,false,7,genie/puppy/entities.csv,address,2026.07.19.2
CEO_BARKED_TWICE,PUPPY,OR-SCC-02,domain,STRING,silvercollar.example,,,,,,,false,8,genie/puppy/entities.csv,domain,2026.07.19.2
CEO_BARKED_TWICE,PUPPY,OR-SCC-02,recorded_at,DATE,,,,,2023-07-09,,,false,9,genie/puppy/entities.csv,recorded_at,2026.07.19.2
CEO_BARKED_TWICE,PUPPY,OR-COPPER-01,record_id,STRING,OR-COPPER-01,,,,,,,false,1,genie/puppy/entities.csv,record_id,2026.07.19.2
CEO_BARKED_TWICE,PUPPY,OR-COPPER-01,entity_type,STRING,ORGANIZATION_RECORD,,,,,,,false,2,genie/puppy/entities.csv,entity_type,2026.07.19.2
CEO_BARKED_TWICE,PUPPY,OR-COPPER-01,display_name,STRING,Copper Paw Industrial Supply Ltd,,,,,,,false,3,genie/puppy/entities.csv,display_name,2026.07.19.2
CEO_BARKED_TWICE,PUPPY,OR-COPPER-01,source_system,STRING,CORP_REGISTRY,,,,,,,false,4,genie/puppy/entities.csv,source_system,2026.07.19.2
CEO_BARKED_TWICE,PUPPY,OR-COPPER-01,email,NULL,,,,,,,null,false,5,genie/puppy/entities.csv,email,2026.07.19.2
CEO_BARKED_TWICE,PUPPY,OR-COPPER-01,phone,STRING,+1-555-0501,,,,,,,false,6,genie/puppy/entities.csv,phone,2026.07.19.2
CEO_BARKED_TWICE,PUPPY,OR-COPPER-01,address,STRING,25 Copper Quay,,,,,,,false,7,genie/puppy/entities.csv,address,2026.07.19.2
CEO_BARKED_TWICE,PUPPY,OR-COPPER-01,domain,STRING,copperpaw.example,,,,,,,false,8,genie/puppy/entities.csv,domain,2026.07.19.2
CEO_BARKED_TWICE,PUPPY,OR-COPPER-01,recorded_at,DATE,,,,,2023-07-28,,,false,9,genie/puppy/entities.csv,recorded_at,2026.07.19.2
CEO_BARKED_TWICE,PUPPY,OR-COPPER-02,record_id,STRING,OR-COPPER-02,,,,,,,false,1,genie/puppy/entities.csv,record_id,2026.07.19.2
CEO_BARKED_TWICE,PUPPY,OR-COPPER-02,entity_type,STRING,ORGANIZATION_RECORD,,,,,,,false,2,genie/puppy/entities.csv,entity_type,2026.07.19.2
CEO_BARKED_TWICE,PUPPY,OR-COPPER-02,display_name,STRING,Copper Paw Industrial,,,,,,,false,3,genie/puppy/entities.csv,display_name,2026.07.19.2
CEO_BARKED_TWICE,PUPPY,OR-COPPER-02,source_system,STRING,VENDOR_MASTER,,,,,,,false,4,genie/puppy/entities.csv,source_system,2026.07.19.2
CEO_BARKED_TWICE,PUPPY,OR-COPPER-02,email,NULL,,,,,,,null,false,5,genie/puppy/entities.csv,email,2026.07.19.2
CEO_BARKED_TWICE,PUPPY,OR-COPPER-02,phone,STRING,+1-555-0501,,,,,,,false,6,genie/puppy/entities.csv,phone,2026.07.19.2
CEO_BARKED_TWICE,PUPPY,OR-COPPER-02,address,STRING,25 Copper Quay,,,,,,,false,7,genie/puppy/entities.csv,address,2026.07.19.2
CEO_BARKED_TWICE,PUPPY,OR-COPPER-02,domain,STRING,copperpaw.example,,,,,,,false,8,genie/puppy/entities.csv,domain,2026.07.19.2
CEO_BARKED_TWICE,PUPPY,OR-COPPER-02,recorded_at,DATE,,,,,2023-08-16,,,false,9,genie/puppy/entities.csv,recorded_at,2026.07.19.2
CEO_BARKED_TWICE,PUPPY,OR-COPPER-03,record_id,STRING,OR-COPPER-03,,,,,,,false,1,genie/puppy/entities.csv,record_id,2026.07.19.2
CEO_BARKED_TWICE,PUPPY,OR-COPPER-03,entity_type,STRING,ORGANIZATION_RECORD,,,,,,,false,2,genie/puppy/entities.csv,entity_type,2026.07.19.2
CEO_BARKED_TWICE,PUPPY,OR-COPPER-03,display_name,STRING,Copper Paw Ind. Supply,,,,,,,false,3,genie/puppy/entities.csv,display_name,2026.07.19.2
CEO_BARKED_TWICE,PUPPY,OR-COPPER-03,source_system,STRING,INVOICE_SYSTEM,,,,,,,false,4,genie/puppy/entities.csv,source_system,2026.07.19.2
CEO_BARKED_TWICE,PUPPY,OR-COPPER-03,email,NULL,,,,,,,null,false,5,genie/puppy/entities.csv,email,2026.07.19.2
CEO_BARKED_TWICE,PUPPY,OR-COPPER-03,phone,STRING,+1-555-0501,,,,,,,false,6,genie/puppy/entities.csv,phone,2026.07.19.2
CEO_BARKED_TWICE,PUPPY,OR-COPPER-03,address,STRING,25 Copper Quay,,,,,,,false,7,genie/puppy/entities.csv,address,2026.07.19.2
CEO_BARKED_TWICE,PUPPY,OR-COPPER-03,domain,STRING,copperpaw.example,,,,,,,false,8,genie/puppy/entities.csv,domain,2026.07.19.2
CEO_BARKED_TWICE,PUPPY,OR-COPPER-03,recorded_at,DATE,,,,,2023-09-04,,,false,9,genie/puppy/entities.csv,recorded_at,2026.07.19.2
CEO_BARKED_TWICE,PUPPY,OR-NIGHTJAR-01,record_id,STRING,OR-NIGHTJAR-01,,,,,,,false,1,genie/puppy/entities.csv,record_id,2026.07.19.2
CEO_BARKED_TWICE,PUPPY,OR-NIGHTJAR-01,entity_type,STRING,ORGANIZATION_RECORD,,,,,,,false,2,genie/puppy/entities.csv,entity_type,2026.07.19.2
CEO_BARKED_TWICE,PUPPY,OR-NIGHTJAR-01,display_name,STRING,Nightjar Consulting LLC,,,,,,,false,3,genie/puppy/entities.csv,display_name,2026.07.19.2
CEO_BARKED_TWICE,PUPPY,OR-NIGHTJAR-01,source_system,STRING,CORP_REGISTRY,,,,,,,false,4,genie/puppy/entities.csv,source_system,2026.07.19.2
CEO_BARKED_TWICE,PUPPY,OR-NIGHTJAR-01,email,NULL,,,,,,,null,false,5,genie/puppy/entities.csv,email,2026.07.19.2
CEO_BARKED_TWICE,PUPPY,OR-NIGHTJAR-01,phone,STRING,+1-555-0502,,,,,,,false,6,genie/puppy/entities.csv,phone,2026.07.19.2
CEO_BARKED_TWICE,PUPPY,OR-NIGHTJAR-01,address,STRING,81 Market Yard,,,,,,,false,7,genie/puppy/entities.csv,address,2026.07.19.2
CEO_BARKED_TWICE,PUPPY,OR-NIGHTJAR-01,domain,STRING,nightjar-consult.example,,,,,,,false,8,genie/puppy/entities.csv,domain,2026.07.19.2
CEO_BARKED_TWICE,PUPPY,OR-NIGHTJAR-01,recorded_at,DATE,,,,,2023-09-23,,,false,9,genie/puppy/entities.csv,recorded_at,2026.07.19.2
CEO_BARKED_TWICE,PUPPY,OR-NIGHTJAR-02,record_id,STRING,OR-NIGHTJAR-02,,,,,,,false,1,genie/puppy/entities.csv,record_id,2026.07.19.2
CEO_BARKED_TWICE,PUPPY,OR-NIGHTJAR-02,entity_type,STRING,ORGANIZATION_RECORD,,,,,,,false,2,genie/puppy/entities.csv,entity_type,2026.07.19.2
CEO_BARKED_TWICE,PUPPY,OR-NIGHTJAR-02,display_name,STRING,Nightjar Consulting,,,,,,,false,3,genie/puppy/entities.csv,display_name,2026.07.19.2
CEO_BARKED_TWICE,PUPPY,OR-NIGHTJAR-02,source_system,STRING,BANK_KYC,,,,,,,false,4,genie/puppy/entities.csv,source_system,2026.07.19.2
CEO_BARKED_TWICE,PUPPY,OR-NIGHTJAR-02,email,NULL,,,,,,,null,false,5,genie/puppy/entities.csv,email,2026.07.19.2
CEO_BARKED_TWICE,PUPPY,OR-NIGHTJAR-02,phone,STRING,+1-555-0502,,,,,,,false,6,genie/puppy/entities.csv,phone,2026.07.19.2
CEO_BARKED_TWICE,PUPPY,OR-NIGHTJAR-02,address,STRING,81 Market Yard,,,,,,,false,7,genie/puppy/entities.csv,address,2026.07.19.2
CEO_BARKED_TWICE,PUPPY,OR-NIGHTJAR-02,domain,STRING,nightjar-consult.example,,,,,,,false,8,genie/puppy/entities.csv,domain,2026.07.19.2
CEO_BARKED_TWICE,PUPPY,OR-NIGHTJAR-02,recorded_at,DATE,,,,,2023-10-12,,,false,9,genie/puppy/entities.csv,recorded_at,2026.07.19.2
CEO_BARKED_TWICE,PUPPY,OR-HARBOR-01,record_id,STRING,OR-HARBOR-01,,,,,,,false,1,genie/puppy/entities.csv,record_id,2026.07.19.2
CEO_BARKED_TWICE,PUPPY,OR-HARBOR-01,entity_type,STRING,ORGANIZATION_RECORD,,,,,,,false,2,genie/puppy/entities.csv,entity_type,2026.07.19.2
CEO_BARKED_TWICE,PUPPY,OR-HARBOR-01,display_name,STRING,Harbor Hound Remittance Ltd,,,,,,,false,3,genie/puppy/entities.csv,display_name,2026.07.19.2
CEO_BARKED_TWICE,PUPPY,OR-HARBOR-01,source_system,STRING,CORP_REGISTRY,,,,,,,false,4,genie/puppy/entities.csv,source_system,2026.07.19.2
CEO_BARKED_TWICE,PUPPY,OR-HARBOR-01,email,NULL,,,,,,,null,false,5,genie/puppy/entities.csv,email,2026.07.19.2
CEO_BARKED_TWICE,PUPPY,OR-HARBOR-01,phone,STRING,+1-555-0503,,,,,,,false,6,genie/puppy/entities.csv,phone,2026.07.19.2
CEO_BARKED_TWICE,PUPPY,OR-HARBOR-01,address,STRING,90 Dockside Row,,,,,,,false,7,genie/puppy/entities.csv,address,2026.07.19.2
CEO_BARKED_TWICE,PUPPY,OR-HARBOR-01,domain,STRING,harborhound-remit.example,,,,,,,false,8,genie/puppy/entities.csv,domain,2026.07.19.2
CEO_BARKED_TWICE,PUPPY,OR-HARBOR-01,recorded_at,DATE,,,,,2023-10-31,,,false,9,genie/puppy/entities.csv,recorded_at,2026.07.19.2
CEO_BARKED_TWICE,PUPPY,OR-HARBOR-02,record_id,STRING,OR-HARBOR-02,,,,,,,false,1,genie/puppy/entities.csv,record_id,2026.07.19.2
CEO_BARKED_TWICE,PUPPY,OR-HARBOR-02,entity_type,STRING,ORGANIZATION_RECORD,,,,,,,false,2,genie/puppy/entities.csv,entity_type,2026.07.19.2
CEO_BARKED_TWICE,PUPPY,OR-HARBOR-02,display_name,STRING,Harbor Hound Remit,,,,,,,false,3,genie/puppy/entities.csv,display_name,2026.07.19.2
CEO_BARKED_TWICE,PUPPY,OR-HARBOR-02,source_system,STRING,BANK_KYC,,,,,,,false,4,genie/puppy/entities.csv,source_system,2026.07.19.2
CEO_BARKED_TWICE,PUPPY,OR-HARBOR-02,email,NULL,,,,,,,null,false,5,genie/puppy/entities.csv,email,2026.07.19.2
CEO_BARKED_TWICE,PUPPY,OR-HARBOR-02,phone,STRING,+1-555-0503,,,,,,,false,6,genie/puppy/entities.csv,phone,2026.07.19.2
CEO_BARKED_TWICE,PUPPY,OR-HARBOR-02,address,STRING,90 Dockside Row,,,,,,,false,7,genie/puppy/entities.csv,address,2026.07.19.2
CEO_BARKED_TWICE,PUPPY,OR-HARBOR-02,domain,STRING,harborhound-remit.example,,,,,,,false,8,genie/puppy/entities.csv,domain,2026.07.19.2
CEO_BARKED_TWICE,PUPPY,OR-HARBOR-02,recorded_at,DATE,,,,,2023-11-19,,,false,9,genie/puppy/entities.csv,recorded_at,2026.07.19.2
CEO_BARKED_TWICE,PUPPY,OR-LANTERNBANK-01,record_id,STRING,OR-LANTERNBANK-01,,,,,,,false,1,genie/puppy/entities.csv,record_id,2026.07.19.2
CEO_BARKED_TWICE,PUPPY,OR-LANTERNBANK-01,entity_type,STRING,ORGANIZATION_RECORD,,,,,,,false,2,genie/puppy/entities.csv,entity_type,2026.07.19.2
CEO_BARKED_TWICE,PUPPY,OR-LANTERNBANK-01,display_name,STRING,Lantern Community Bank,,,,,,,false,3,genie/puppy/entities.csv,display_name,2026.07.19.2
CEO_BARKED_TWICE,PUPPY,OR-LANTERNBANK-01,source_system,STRING,CORP_REGISTRY,,,,,,,false,4,genie/puppy/entities.csv,source_system,2026.07.19.2
CEO_BARKED_TWICE,PUPPY,OR-LANTERNBANK-01,email,NULL,,,,,,,null,false,5,genie/puppy/entities.csv,email,2026.07.19.2
CEO_BARKED_TWICE,PUPPY,OR-LANTERNBANK-01,phone,STRING,+1-555-0504,,,,,,,false,6,genie/puppy/entities.csv,phone,2026.07.19.2
CEO_BARKED_TWICE,PUPPY,OR-LANTERNBANK-01,address,STRING,100 Lantern Plaza,,,,,,,false,7,genie/puppy/entities.csv,address,2026.07.19.2
CEO_BARKED_TWICE,PUPPY,OR-LANTERNBANK-01,domain,STRING,lanternbank.example,,,,,,,false,8,genie/puppy/entities.csv,domain,2026.07.19.2
CEO_BARKED_TWICE,PUPPY,OR-LANTERNBANK-01,recorded_at,DATE,,,,,2023-12-08,,,false,9,genie/puppy/entities.csv,recorded_at,2026.07.19.2
CEO_BARKED_TWICE,PUPPY,OR-COPPERBANK-01,record_id,STRING,OR-COPPERBANK-01,,,,,,,false,1,genie/puppy/entities.csv,record_id,2026.07.19.2
CEO_BARKED_TWICE,PUPPY,OR-COPPERBANK-01,entity_type,STRING,ORGANIZATION_RECORD,,,,,,,false,2,genie/puppy/entities.csv,entity_type,2026.07.19.2
CEO_BARKED_TWICE,PUPPY,OR-COPPERBANK-01,display_name,STRING,Copper Paw Commercial Bank,,,,,,,false,3,genie/puppy/entities.csv,display_name,2026.07.19.2
CEO_BARKED_TWICE,PUPPY,OR-COPPERBANK-01,source_system,STRING,CORP_REGISTRY,,,,,,,false,4,genie/puppy/entities.csv,source_system,2026.07.19.2
CEO_BARKED_TWICE,PUPPY,OR-COPPERBANK-01,email,NULL,,,,,,,null,false,5,genie/puppy/entities.csv,email,2026.07.19.2
CEO_BARKED_TWICE,PUPPY,OR-COPPERBANK-01,phone,STRING,+1-555-0505,,,,,,,false,6,genie/puppy/entities.csv,phone,2026.07.19.2
CEO_BARKED_TWICE,PUPPY,OR-COPPERBANK-01,address,STRING,101 Lantern Plaza,,,,,,,false,7,genie/puppy/entities.csv,address,2026.07.19.2
CEO_BARKED_TWICE,PUPPY,OR-COPPERBANK-01,domain,STRING,copperbank.example,,,,,,,false,8,genie/puppy/entities.csv,domain,2026.07.19.2
CEO_BARKED_TWICE,PUPPY,OR-COPPERBANK-01,recorded_at,DATE,,,,,2023-12-27,,,false,9,genie/puppy/entities.csv,recorded_at,2026.07.19.2
CEO_BARKED_TWICE,PUPPY,OR-CLOUDMAIL-01,record_id,STRING,OR-CLOUDMAIL-01,,,,,,,false,1,genie/puppy/entities.csv,record_id,2026.07.19.2
CEO_BARKED_TWICE,PUPPY,OR-CLOUDMAIL-01,entity_type,STRING,ORGANIZATION_RECORD,,,,,,,false,2,genie/puppy/entities.csv,entity_type,2026.07.19.2
CEO_BARKED_TWICE,PUPPY,OR-CLOUDMAIL-01,display_name,STRING,Cloud Kennel Mail Services,,,,,,,false,3,genie/puppy/entities.csv,display_name,2026.07.19.2
CEO_BARKED_TWICE,PUPPY,OR-CLOUDMAIL-01,source_system,STRING,CORP_REGISTRY,,,,,,,false,4,genie/puppy/entities.csv,source_system,2026.07.19.2
CEO_BARKED_TWICE,PUPPY,OR-CLOUDMAIL-01,email,NULL,,,,,,,null,false,5,genie/puppy/entities.csv,email,2026.07.19.2
CEO_BARKED_TWICE,PUPPY,OR-CLOUDMAIL-01,phone,STRING,+1-555-0506,,,,,,,false,6,genie/puppy/entities.csv,phone,2026.07.19.2
CEO_BARKED_TWICE,PUPPY,OR-CLOUDMAIL-01,address,STRING,2 Nimbus Court,,,,,,,false,7,genie/puppy/entities.csv,address,2026.07.19.2
CEO_BARKED_TWICE,PUPPY,OR-CLOUDMAIL-01,domain,STRING,cloudkennel.example,,,,,,,false,8,genie/puppy/entities.csv,domain,2026.07.19.2
CEO_BARKED_TWICE,PUPPY,OR-CLOUDMAIL-01,recorded_at,DATE,,,,,2024-01-15,,,false,9,genie/puppy/entities.csv,recorded_at,2026.07.19.2
CEO_BARKED_TWICE,PUPPY,OR-REGISTRY-01,record_id,STRING,OR-REGISTRY-01,,,,,,,false,1,genie/puppy/entities.csv,record_id,2026.07.19.2
CEO_BARKED_TWICE,PUPPY,OR-REGISTRY-01,entity_type,STRING,ORGANIZATION_RECORD,,,,,,,false,2,genie/puppy/entities.csv,entity_type,2026.07.19.2
CEO_BARKED_TWICE,PUPPY,OR-REGISTRY-01,display_name,STRING,Noir City Corporate Registry,,,,,,,false,3,genie/puppy/entities.csv,display_name,2026.07.19.2
CEO_BARKED_TWICE,PUPPY,OR-REGISTRY-01,source_system,STRING,CORP_REGISTRY,,,,,,,false,4,genie/puppy/entities.csv,source_system,2026.07.19.2
CEO_BARKED_TWICE,PUPPY,OR-REGISTRY-01,email,NULL,,,,,,,null,false,5,genie/puppy/entities.csv,email,2026.07.19.2
CEO_BARKED_TWICE,PUPPY,OR-REGISTRY-01,phone,STRING,+1-555-0507,,,,,,,false,6,genie/puppy/entities.csv,phone,2026.07.19.2
CEO_BARKED_TWICE,PUPPY,OR-REGISTRY-01,address,STRING,1 Civic Hall,,,,,,,false,7,genie/puppy/entities.csv,address,2026.07.19.2
CEO_BARKED_TWICE,PUPPY,OR-REGISTRY-01,domain,STRING,registry.example,,,,,,,false,8,genie/puppy/entities.csv,domain,2026.07.19.2
CEO_BARKED_TWICE,PUPPY,OR-REGISTRY-01,recorded_at,DATE,,,,,2024-02-03,,,false,9,genie/puppy/entities.csv,recorded_at,2026.07.19.2
CEO_BARKED_TWICE,PUPPY,OR-AUDIT-01,record_id,STRING,OR-AUDIT-01,,,,,,,false,1,genie/puppy/entities.csv,record_id,2026.07.19.2
CEO_BARKED_TWICE,PUPPY,OR-AUDIT-01,entity_type,STRING,ORGANIZATION_RECORD,,,,,,,false,2,genie/puppy/entities.csv,entity_type,2026.07.19.2
CEO_BARKED_TWICE,PUPPY,OR-AUDIT-01,display_name,STRING,Retrieve & Ledger LLP,,,,,,,false,3,genie/puppy/entities.csv,display_name,2026.07.19.2
CEO_BARKED_TWICE,PUPPY,OR-AUDIT-01,source_system,STRING,CORP_REGISTRY,,,,,,,false,4,genie/puppy/entities.csv,source_system,2026.07.19.2
CEO_BARKED_TWICE,PUPPY,OR-AUDIT-01,email,NULL,,,,,,,null,false,5,genie/puppy/entities.csv,email,2026.07.19.2
CEO_BARKED_TWICE,PUPPY,OR-AUDIT-01,phone,STRING,+1-555-0508,,,,,,,false,6,genie/puppy/entities.csv,phone,2026.07.19.2
CEO_BARKED_TWICE,PUPPY,OR-AUDIT-01,address,STRING,3 Audit Arcade,,,,,,,false,7,genie/puppy/entities.csv,address,2026.07.19.2
CEO_BARKED_TWICE,PUPPY,OR-AUDIT-01,domain,STRING,retrieveledger.example,,,,,,,false,8,genie/puppy/entities.csv,domain,2026.07.19.2
CEO_BARKED_TWICE,PUPPY,OR-AUDIT-01,recorded_at,DATE,,,,,2024-02-22,,,false,9,genie/puppy/entities.csv,recorded_at,2026.07.19.2
CEO_BARKED_TWICE,PUPPY,OR-SCC-03,record_id,STRING,OR-SCC-03,,,,,,,false,1,genie/puppy/entities.csv,record_id,2026.07.19.2
CEO_BARKED_TWICE,PUPPY,OR-SCC-03,entity_type,STRING,ORGANIZATION_RECORD,,,,,,,false,2,genie/puppy/entities.csv,entity_type,2026.07.19.2
CEO_BARKED_TWICE,PUPPY,OR-SCC-03,display_name,STRING,Silver Collar Components Limited,,,,,,,false,3,genie/puppy/entities.csv,display_name,2026.07.19.2
CEO_BARKED_TWICE,PUPPY,OR-SCC-03,source_system,STRING,BANK_KYC,,,,,,,false,4,genie/puppy/entities.csv,source_system,2026.07.19.2
CEO_BARKED_TWICE,PUPPY,OR-SCC-03,email,NULL,,,,,,,null,false,5,genie/puppy/entities.csv,email,2026.07.19.2
CEO_BARKED_TWICE,PUPPY,OR-SCC-03,phone,STRING,+1-555-0500,,,,,,,false,6,genie/puppy/entities.csv,phone,2026.07.19.2
CEO_BARKED_TWICE,PUPPY,OR-SCC-03,address,STRING,14 Foundry Square,,,,,,,false,7,genie/puppy/entities.csv,address,2026.07.19.2
CEO_BARKED_TWICE,PUPPY,OR-SCC-03,domain,STRING,silvercollar.example,,,,,,,false,8,genie/puppy/entities.csv,domain,2026.07.19.2
CEO_BARKED_TWICE,PUPPY,OR-SCC-03,recorded_at,DATE,,,,,2024-10-07,,,false,9,genie/puppy/entities.csv,recorded_at,2026.07.19.2
CEO_BARKED_TWICE,PUPPY,OR-NIGHTJAR-03,record_id,STRING,OR-NIGHTJAR-03,,,,,,,false,1,genie/puppy/entities.csv,record_id,2026.07.19.2
CEO_BARKED_TWICE,PUPPY,OR-NIGHTJAR-03,entity_type,STRING,ORGANIZATION_RECORD,,,,,,,false,2,genie/puppy/entities.csv,entity_type,2026.07.19.2
CEO_BARKED_TWICE,PUPPY,OR-NIGHTJAR-03,display_name,STRING,Nightjar Consult,,,,,,,false,3,genie/puppy/entities.csv,display_name,2026.07.19.2
CEO_BARKED_TWICE,PUPPY,OR-NIGHTJAR-03,source_system,STRING,DOMAIN_REGISTRY,,,,,,,false,4,genie/puppy/entities.csv,source_system,2026.07.19.2
CEO_BARKED_TWICE,PUPPY,OR-NIGHTJAR-03,email,NULL,,,,,,,null,false,5,genie/puppy/entities.csv,email,2026.07.19.2
CEO_BARKED_TWICE,PUPPY,OR-NIGHTJAR-03,phone,STRING,+1-555-0502,,,,,,,false,6,genie/puppy/entities.csv,phone,2026.07.19.2
CEO_BARKED_TWICE,PUPPY,OR-NIGHTJAR-03,address,STRING,81 Market Yard,,,,,,,false,7,genie/puppy/entities.csv,address,2026.07.19.2
CEO_BARKED_TWICE,PUPPY,OR-NIGHTJAR-03,domain,STRING,nightjar-consult.example,,,,,,,false,8,genie/puppy/entities.csv,domain,2026.07.19.2
CEO_BARKED_TWICE,PUPPY,OR-NIGHTJAR-03,recorded_at,DATE,,,,,2024-10-26,,,false,9,genie/puppy/entities.csv,recorded_at,2026.07.19.2
CEO_BARKED_TWICE,PUPPY,OR-HARBOR-03,record_id,STRING,OR-HARBOR-03,,,,,,,false,1,genie/puppy/entities.csv,record_id,2026.07.19.2
CEO_BARKED_TWICE,PUPPY,OR-HARBOR-03,entity_type,STRING,ORGANIZATION_RECORD,,,,,,,false,2,genie/puppy/entities.csv,entity_type,2026.07.19.2
CEO_BARKED_TWICE,PUPPY,OR-HARBOR-03,display_name,STRING,Harbor Hound Remittance,,,,,,,false,3,genie/puppy/entities.csv,display_name,2026.07.19.2
CEO_BARKED_TWICE,PUPPY,OR-HARBOR-03,source_system,STRING,DOMAIN_REGISTRY,,,,,,,false,4,genie/puppy/entities.csv,source_system,2026.07.19.2
CEO_BARKED_TWICE,PUPPY,OR-HARBOR-03,email,NULL,,,,,,,null,false,5,genie/puppy/entities.csv,email,2026.07.19.2
CEO_BARKED_TWICE,PUPPY,OR-HARBOR-03,phone,STRING,+1-555-0503,,,,,,,false,6,genie/puppy/entities.csv,phone,2026.07.19.2
CEO_BARKED_TWICE,PUPPY,OR-HARBOR-03,address,STRING,90 Dockside Row,,,,,,,false,7,genie/puppy/entities.csv,address,2026.07.19.2
CEO_BARKED_TWICE,PUPPY,OR-HARBOR-03,domain,STRING,harborhound-remit.example,,,,,,,false,8,genie/puppy/entities.csv,domain,2026.07.19.2
CEO_BARKED_TWICE,PUPPY,OR-HARBOR-03,recorded_at,DATE,,,,,2024-11-14,,,false,9,genie/puppy/entities.csv,recorded_at,2026.07.19.2
CEO_BARKED_TWICE,PUPPY,A-SCC-1001,record_id,STRING,A-SCC-1001,,,,,,,false,1,genie/puppy/entities.csv,record_id,2026.07.19.2
CEO_BARKED_TWICE,PUPPY,A-SCC-1001,entity_type,STRING,BANK_ACCOUNT,,,,,,,false,2,genie/puppy/entities.csv,entity_type,2026.07.19.2
CEO_BARKED_TWICE,PUPPY,A-SCC-1001,display_name,STRING,••••1001,,,,,,,true,3,genie/puppy/entities.csv,display_name,2026.07.19.2
CEO_BARKED_TWICE,PUPPY,A-SCC-1001,source_system,STRING,BANK_LEDGER,,,,,,,false,4,genie/puppy/entities.csv,source_system,2026.07.19.2
CEO_BARKED_TWICE,PUPPY,A-SCC-1001,email,NULL,,,,,,,null,false,5,genie/puppy/entities.csv,email,2026.07.19.2
CEO_BARKED_TWICE,PUPPY,A-SCC-1001,phone,NULL,,,,,,,null,false,6,genie/puppy/entities.csv,phone,2026.07.19.2
CEO_BARKED_TWICE,PUPPY,A-SCC-1001,address,NULL,,,,,,,null,false,7,genie/puppy/entities.csv,address,2026.07.19.2
CEO_BARKED_TWICE,PUPPY,A-SCC-1001,domain,NULL,,,,,,,null,false,8,genie/puppy/entities.csv,domain,2026.07.19.2
CEO_BARKED_TWICE,PUPPY,A-SCC-1001,recorded_at,NULL,,,,,,,null,false,9,genie/puppy/entities.csv,recorded_at,2026.07.19.2
CEO_BARKED_TWICE,PUPPY,A-COPPER-2207,record_id,STRING,A-COPPER-2207,,,,,,,false,1,genie/puppy/entities.csv,record_id,2026.07.19.2
CEO_BARKED_TWICE,PUPPY,A-COPPER-2207,entity_type,STRING,BANK_ACCOUNT,,,,,,,false,2,genie/puppy/entities.csv,entity_type,2026.07.19.2
CEO_BARKED_TWICE,PUPPY,A-COPPER-2207,display_name,STRING,••••2207,,,,,,,true,3,genie/puppy/entities.csv,display_name,2026.07.19.2
CEO_BARKED_TWICE,PUPPY,A-COPPER-2207,source_system,STRING,BANK_LEDGER,,,,,,,false,4,genie/puppy/entities.csv,source_system,2026.07.19.2
CEO_BARKED_TWICE,PUPPY,A-COPPER-2207,email,NULL,,,,,,,null,false,5,genie/puppy/entities.csv,email,2026.07.19.2
CEO_BARKED_TWICE,PUPPY,A-COPPER-2207,phone,NULL,,,,,,,null,false,6,genie/puppy/entities.csv,phone,2026.07.19.2
CEO_BARKED_TWICE,PUPPY,A-COPPER-2207,address,NULL,,,,,,,null,false,7,genie/puppy/entities.csv,address,2026.07.19.2
CEO_BARKED_TWICE,PUPPY,A-COPPER-2207,domain,NULL,,,,,,,null,false,8,genie/puppy/entities.csv,domain,2026.07.19.2
CEO_BARKED_TWICE,PUPPY,A-COPPER-2207,recorded_at,NULL,,,,,,,null,false,9,genie/puppy/entities.csv,recorded_at,2026.07.19.2
CEO_BARKED_TWICE,PUPPY,A-NIGHTJAR-8842,record_id,STRING,A-NIGHTJAR-8842,,,,,,,false,1,genie/puppy/entities.csv,record_id,2026.07.19.2
CEO_BARKED_TWICE,PUPPY,A-NIGHTJAR-8842,entity_type,STRING,BANK_ACCOUNT,,,,,,,false,2,genie/puppy/entities.csv,entity_type,2026.07.19.2
CEO_BARKED_TWICE,PUPPY,A-NIGHTJAR-8842,display_name,STRING,••••8842,,,,,,,true,3,genie/puppy/entities.csv,display_name,2026.07.19.2
CEO_BARKED_TWICE,PUPPY,A-NIGHTJAR-8842,source_system,STRING,BANK_LEDGER,,,,,,,false,4,genie/puppy/entities.csv,source_system,2026.07.19.2
CEO_BARKED_TWICE,PUPPY,A-NIGHTJAR-8842,email,NULL,,,,,,,null,false,5,genie/puppy/entities.csv,email,2026.07.19.2
CEO_BARKED_TWICE,PUPPY,A-NIGHTJAR-8842,phone,NULL,,,,,,,null,false,6,genie/puppy/entities.csv,phone,2026.07.19.2
CEO_BARKED_TWICE,PUPPY,A-NIGHTJAR-8842,address,NULL,,,,,,,null,false,7,genie/puppy/entities.csv,address,2026.07.19.2
CEO_BARKED_TWICE,PUPPY,A-NIGHTJAR-8842,domain,NULL,,,,,,,null,false,8,genie/puppy/entities.csv,domain,2026.07.19.2
CEO_BARKED_TWICE,PUPPY,A-NIGHTJAR-8842,recorded_at,NULL,,,,,,,null,false,9,genie/puppy/entities.csv,recorded_at,2026.07.19.2
CEO_BARKED_TWICE,PUPPY,A-GRANT-7726,record_id,STRING,A-GRANT-7726,,,,,,,false,1,genie/puppy/entities.csv,record_id,2026.07.19.2
CEO_BARKED_TWICE,PUPPY,A-GRANT-7726,entity_type,STRING,BANK_ACCOUNT,,,,,,,false,2,genie/puppy/entities.csv,entity_type,2026.07.19.2
CEO_BARKED_TWICE,PUPPY,A-GRANT-7726,display_name,STRING,••••7726,,,,,,,true,3,genie/puppy/entities.csv,display_name,2026.07.19.2
CEO_BARKED_TWICE,PUPPY,A-GRANT-7726,source_system,STRING,BANK_LEDGER,,,,,,,false,4,genie/puppy/entities.csv,source_system,2026.07.19.2
CEO_BARKED_TWICE,PUPPY,A-GRANT-7726,email,NULL,,,,,,,null,false,5,genie/puppy/entities.csv,email,2026.07.19.2
CEO_BARKED_TWICE,PUPPY,A-GRANT-7726,phone,NULL,,,,,,,null,false,6,genie/puppy/entities.csv,phone,2026.07.19.2
CEO_BARKED_TWICE,PUPPY,A-GRANT-7726,address,NULL,,,,,,,null,false,7,genie/puppy/entities.csv,address,2026.07.19.2
CEO_BARKED_TWICE,PUPPY,A-GRANT-7726,domain,NULL,,,,,,,null,false,8,genie/puppy/entities.csv,domain,2026.07.19.2
CEO_BARKED_TWICE,PUPPY,A-GRANT-7726,recorded_at,NULL,,,,,,,null,false,9,genie/puppy/entities.csv,recorded_at,2026.07.19.2
CEO_BARKED_TWICE,PUPPY,A-ROWAN-3351,record_id,STRING,A-ROWAN-3351,,,,,,,false,1,genie/puppy/entities.csv,record_id,2026.07.19.2
CEO_BARKED_TWICE,PUPPY,A-ROWAN-3351,entity_type,STRING,BANK_ACCOUNT,,,,,,,false,2,genie/puppy/entities.csv,entity_type,2026.07.19.2
CEO_BARKED_TWICE,PUPPY,A-ROWAN-3351,display_name,STRING,••••3351,,,,,,,true,3,genie/puppy/entities.csv,display_name,2026.07.19.2
CEO_BARKED_TWICE,PUPPY,A-ROWAN-3351,source_system,STRING,BANK_LEDGER,,,,,,,false,4,genie/puppy/entities.csv,source_system,2026.07.19.2
CEO_BARKED_TWICE,PUPPY,A-ROWAN-3351,email,NULL,,,,,,,null,false,5,genie/puppy/entities.csv,email,2026.07.19.2
CEO_BARKED_TWICE,PUPPY,A-ROWAN-3351,phone,NULL,,,,,,,null,false,6,genie/puppy/entities.csv,phone,2026.07.19.2
CEO_BARKED_TWICE,PUPPY,A-ROWAN-3351,address,NULL,,,,,,,null,false,7,genie/puppy/entities.csv,address,2026.07.19.2
CEO_BARKED_TWICE,PUPPY,A-ROWAN-3351,domain,NULL,,,,,,,null,false,8,genie/puppy/entities.csv,domain,2026.07.19.2
CEO_BARKED_TWICE,PUPPY,A-ROWAN-3351,recorded_at,NULL,,,,,,,null,false,9,genie/puppy/entities.csv,recorded_at,2026.07.19.2
CEO_BARKED_TWICE,PUPPY,A-IVY-9918,record_id,STRING,A-IVY-9918,,,,,,,false,1,genie/puppy/entities.csv,record_id,2026.07.19.2
CEO_BARKED_TWICE,PUPPY,A-IVY-9918,entity_type,STRING,BANK_ACCOUNT,,,,,,,false,2,genie/puppy/entities.csv,entity_type,2026.07.19.2
CEO_BARKED_TWICE,PUPPY,A-IVY-9918,display_name,STRING,••••9918,,,,,,,true,3,genie/puppy/entities.csv,display_name,2026.07.19.2
CEO_BARKED_TWICE,PUPPY,A-IVY-9918,source_system,STRING,BANK_LEDGER,,,,,,,false,4,genie/puppy/entities.csv,source_system,2026.07.19.2
CEO_BARKED_TWICE,PUPPY,A-IVY-9918,email,NULL,,,,,,,null,false,5,genie/puppy/entities.csv,email,2026.07.19.2
CEO_BARKED_TWICE,PUPPY,A-IVY-9918,phone,NULL,,,,,,,null,false,6,genie/puppy/entities.csv,phone,2026.07.19.2
CEO_BARKED_TWICE,PUPPY,A-IVY-9918,address,NULL,,,,,,,null,false,7,genie/puppy/entities.csv,address,2026.07.19.2
CEO_BARKED_TWICE,PUPPY,A-IVY-9918,domain,NULL,,,,,,,null,false,8,genie/puppy/entities.csv,domain,2026.07.19.2
CEO_BARKED_TWICE,PUPPY,A-IVY-9918,recorded_at,NULL,,,,,,,null,false,9,genie/puppy/entities.csv,recorded_at,2026.07.19.2
CEO_BARKED_TWICE,PUPPY,A-HARBOR-6104,record_id,STRING,A-HARBOR-6104,,,,,,,false,1,genie/puppy/entities.csv,record_id,2026.07.19.2
CEO_BARKED_TWICE,PUPPY,A-HARBOR-6104,entity_type,STRING,BANK_ACCOUNT,,,,,,,false,2,genie/puppy/entities.csv,entity_type,2026.07.19.2
CEO_BARKED_TWICE,PUPPY,A-HARBOR-6104,display_name,STRING,••••6104,,,,,,,true,3,genie/puppy/entities.csv,display_name,2026.07.19.2
CEO_BARKED_TWICE,PUPPY,A-HARBOR-6104,source_system,STRING,BANK_LEDGER,,,,,,,false,4,genie/puppy/entities.csv,source_system,2026.07.19.2
CEO_BARKED_TWICE,PUPPY,A-HARBOR-6104,email,NULL,,,,,,,null,false,5,genie/puppy/entities.csv,email,2026.07.19.2
CEO_BARKED_TWICE,PUPPY,A-HARBOR-6104,phone,NULL,,,,,,,null,false,6,genie/puppy/entities.csv,phone,2026.07.19.2
CEO_BARKED_TWICE,PUPPY,A-HARBOR-6104,address,NULL,,,,,,,null,false,7,genie/puppy/entities.csv,address,2026.07.19.2
CEO_BARKED_TWICE,PUPPY,A-HARBOR-6104,domain,NULL,,,,,,,null,false,8,genie/puppy/entities.csv,domain,2026.07.19.2
CEO_BARKED_TWICE,PUPPY,A-HARBOR-6104,recorded_at,NULL,,,,,,,null,false,9,genie/puppy/entities.csv,recorded_at,2026.07.19.2
CEO_BARKED_TWICE,PUPPY,A-AUDIT-3287,record_id,STRING,A-AUDIT-3287,,,,,,,false,1,genie/puppy/entities.csv,record_id,2026.07.19.2
CEO_BARKED_TWICE,PUPPY,A-AUDIT-3287,entity_type,STRING,BANK_ACCOUNT,,,,,,,false,2,genie/puppy/entities.csv,entity_type,2026.07.19.2
CEO_BARKED_TWICE,PUPPY,A-AUDIT-3287,display_name,STRING,••••3287,,,,,,,true,3,genie/puppy/entities.csv,display_name,2026.07.19.2
CEO_BARKED_TWICE,PUPPY,A-AUDIT-3287,source_system,STRING,BANK_LEDGER,,,,,,,false,4,genie/puppy/entities.csv,source_system,2026.07.19.2
CEO_BARKED_TWICE,PUPPY,A-AUDIT-3287,email,NULL,,,,,,,null,false,5,genie/puppy/entities.csv,email,2026.07.19.2
CEO_BARKED_TWICE,PUPPY,A-AUDIT-3287,phone,NULL,,,,,,,null,false,6,genie/puppy/entities.csv,phone,2026.07.19.2
CEO_BARKED_TWICE,PUPPY,A-AUDIT-3287,address,NULL,,,,,,,null,false,7,genie/puppy/entities.csv,address,2026.07.19.2
CEO_BARKED_TWICE,PUPPY,A-AUDIT-3287,domain,NULL,,,,,,,null,false,8,genie/puppy/entities.csv,domain,2026.07.19.2
CEO_BARKED_TWICE,PUPPY,A-AUDIT-3287,recorded_at,NULL,,,,,,,null,false,9,genie/puppy/entities.csv,recorded_at,2026.07.19.2
CEO_BARKED_TWICE,PUPPY,A-CLOUDMAIL-3328,record_id,STRING,A-CLOUDMAIL-3328,,,,,,,false,1,genie/puppy/entities.csv,record_id,2026.07.19.2
CEO_BARKED_TWICE,PUPPY,A-CLOUDMAIL-3328,entity_type,STRING,BANK_ACCOUNT,,,,,,,false,2,genie/puppy/entities.csv,entity_type,2026.07.19.2
CEO_BARKED_TWICE,PUPPY,A-CLOUDMAIL-3328,display_name,STRING,••••3328,,,,,,,true,3,genie/puppy/entities.csv,display_name,2026.07.19.2
CEO_BARKED_TWICE,PUPPY,A-CLOUDMAIL-3328,source_system,STRING,BANK_LEDGER,,,,,,,false,4,genie/puppy/entities.csv,source_system,2026.07.19.2
CEO_BARKED_TWICE,PUPPY,A-CLOUDMAIL-3328,email,NULL,,,,,,,null,false,5,genie/puppy/entities.csv,email,2026.07.19.2
CEO_BARKED_TWICE,PUPPY,A-CLOUDMAIL-3328,phone,NULL,,,,,,,null,false,6,genie/puppy/entities.csv,phone,2026.07.19.2
CEO_BARKED_TWICE,PUPPY,A-CLOUDMAIL-3328,address,NULL,,,,,,,null,false,7,genie/puppy/entities.csv,address,2026.07.19.2
CEO_BARKED_TWICE,PUPPY,A-CLOUDMAIL-3328,domain,NULL,,,,,,,null,false,8,genie/puppy/entities.csv,domain,2026.07.19.2
CEO_BARKED_TWICE,PUPPY,A-CLOUDMAIL-3328,recorded_at,NULL,,,,,,,null,false,9,genie/puppy/entities.csv,recorded_at,2026.07.19.2
CEO_BARKED_TWICE,PUPPY,A-BANK-HOLD-9000,record_id,STRING,A-BANK-HOLD-9000,,,,,,,false,1,genie/puppy/entities.csv,record_id,2026.07.19.2
CEO_BARKED_TWICE,PUPPY,A-BANK-HOLD-9000,entity_type,STRING,BANK_ACCOUNT,,,,,,,false,2,genie/puppy/entities.csv,entity_type,2026.07.19.2
CEO_BARKED_TWICE,PUPPY,A-BANK-HOLD-9000,display_name,STRING,••••9000,,,,,,,true,3,genie/puppy/entities.csv,display_name,2026.07.19.2
CEO_BARKED_TWICE,PUPPY,A-BANK-HOLD-9000,source_system,STRING,BANK_LEDGER,,,,,,,false,4,genie/puppy/entities.csv,source_system,2026.07.19.2
CEO_BARKED_TWICE,PUPPY,A-BANK-HOLD-9000,email,NULL,,,,,,,null,false,5,genie/puppy/entities.csv,email,2026.07.19.2
CEO_BARKED_TWICE,PUPPY,A-BANK-HOLD-9000,phone,NULL,,,,,,,null,false,6,genie/puppy/entities.csv,phone,2026.07.19.2
CEO_BARKED_TWICE,PUPPY,A-BANK-HOLD-9000,address,NULL,,,,,,,null,false,7,genie/puppy/entities.csv,address,2026.07.19.2
CEO_BARKED_TWICE,PUPPY,A-BANK-HOLD-9000,domain,NULL,,,,,,,null,false,8,genie/puppy/entities.csv,domain,2026.07.19.2
CEO_BARKED_TWICE,PUPPY,A-BANK-HOLD-9000,recorded_at,NULL,,,,,,,null,false,9,genie/puppy/entities.csv,recorded_at,2026.07.19.2
CEO_BARKED_TWICE,PUPPY,DOM-SCC,record_id,STRING,DOM-SCC,,,,,,,false,1,genie/puppy/entities.csv,record_id,2026.07.19.2
CEO_BARKED_TWICE,PUPPY,DOM-SCC,entity_type,STRING,DOMAIN,,,,,,,false,2,genie/puppy/entities.csv,entity_type,2026.07.19.2
CEO_BARKED_TWICE,PUPPY,DOM-SCC,display_name,STRING,silvercollar.example,,,,,,,false,3,genie/puppy/entities.csv,display_name,2026.07.19.2
CEO_BARKED_TWICE,PUPPY,DOM-SCC,source_system,STRING,DOMAIN_REGISTRY,,,,,,,false,4,genie/puppy/entities.csv,source_system,2026.07.19.2
CEO_BARKED_TWICE,PUPPY,DOM-SCC,email,NULL,,,,,,,null,false,5,genie/puppy/entities.csv,email,2026.07.19.2
CEO_BARKED_TWICE,PUPPY,DOM-SCC,phone,NULL,,,,,,,null,false,6,genie/puppy/entities.csv,phone,2026.07.19.2
CEO_BARKED_TWICE,PUPPY,DOM-SCC,address,NULL,,,,,,,null,false,7,genie/puppy/entities.csv,address,2026.07.19.2
CEO_BARKED_TWICE,PUPPY,DOM-SCC,domain,STRING,silvercollar.example,,,,,,,false,8,genie/puppy/entities.csv,domain,2026.07.19.2
CEO_BARKED_TWICE,PUPPY,DOM-SCC,recorded_at,DATE,,,,,2024-04-12,,,false,9,genie/puppy/entities.csv,recorded_at,2026.07.19.2
CEO_BARKED_TWICE,PUPPY,DOM-SCC-TYPO,record_id,STRING,DOM-SCC-TYPO,,,,,,,false,1,genie/puppy/entities.csv,record_id,2026.07.19.2
CEO_BARKED_TWICE,PUPPY,DOM-SCC-TYPO,entity_type,STRING,DOMAIN,,,,,,,false,2,genie/puppy/entities.csv,entity_type,2026.07.19.2
CEO_BARKED_TWICE,PUPPY,DOM-SCC-TYPO,display_name,STRING,silvercoilar.example,,,,,,,false,3,genie/puppy/entities.csv,display_name,2026.07.19.2
CEO_BARKED_TWICE,PUPPY,DOM-SCC-TYPO,source_system,STRING,DOMAIN_REGISTRY,,,,,,,false,4,genie/puppy/entities.csv,source_system,2026.07.19.2
CEO_BARKED_TWICE,PUPPY,DOM-SCC-TYPO,email,NULL,,,,,,,null,false,5,genie/puppy/entities.csv,email,2026.07.19.2
CEO_BARKED_TWICE,PUPPY,DOM-SCC-TYPO,phone,NULL,,,,,,,null,false,6,genie/puppy/entities.csv,phone,2026.07.19.2
CEO_BARKED_TWICE,PUPPY,DOM-SCC-TYPO,address,NULL,,,,,,,null,false,7,genie/puppy/entities.csv,address,2026.07.19.2
CEO_BARKED_TWICE,PUPPY,DOM-SCC-TYPO,domain,STRING,silvercoilar.example,,,,,,,false,8,genie/puppy/entities.csv,domain,2026.07.19.2
CEO_BARKED_TWICE,PUPPY,DOM-SCC-TYPO,recorded_at,DATE,,,,,2024-04-23,,,false,9,genie/puppy/entities.csv,recorded_at,2026.07.19.2
CEO_BARKED_TWICE,PUPPY,DOM-COPPER,record_id,STRING,DOM-COPPER,,,,,,,false,1,genie/puppy/entities.csv,record_id,2026.07.19.2
CEO_BARKED_TWICE,PUPPY,DOM-COPPER,entity_type,STRING,DOMAIN,,,,,,,false,2,genie/puppy/entities.csv,entity_type,2026.07.19.2
CEO_BARKED_TWICE,PUPPY,DOM-COPPER,display_name,STRING,copperpaw.example,,,,,,,false,3,genie/puppy/entities.csv,display_name,2026.07.19.2
CEO_BARKED_TWICE,PUPPY,DOM-COPPER,source_system,STRING,DOMAIN_REGISTRY,,,,,,,false,4,genie/puppy/entities.csv,source_system,2026.07.19.2
CEO_BARKED_TWICE,PUPPY,DOM-COPPER,email,NULL,,,,,,,null,false,5,genie/puppy/entities.csv,email,2026.07.19.2
CEO_BARKED_TWICE,PUPPY,DOM-COPPER,phone,NULL,,,,,,,null,false,6,genie/puppy/entities.csv,phone,2026.07.19.2
CEO_BARKED_TWICE,PUPPY,DOM-COPPER,address,NULL,,,,,,,null,false,7,genie/puppy/entities.csv,address,2026.07.19.2
CEO_BARKED_TWICE,PUPPY,DOM-COPPER,domain,STRING,copperpaw.example,,,,,,,false,8,genie/puppy/entities.csv,domain,2026.07.19.2
CEO_BARKED_TWICE,PUPPY,DOM-COPPER,recorded_at,DATE,,,,,2024-05-04,,,false,9,genie/puppy/entities.csv,recorded_at,2026.07.19.2
CEO_BARKED_TWICE,PUPPY,DOM-COPPER-TYPO,record_id,STRING,DOM-COPPER-TYPO,,,,,,,false,1,genie/puppy/entities.csv,record_id,2026.07.19.2
CEO_BARKED_TWICE,PUPPY,DOM-COPPER-TYPO,entity_type,STRING,DOMAIN,,,,,,,false,2,genie/puppy/entities.csv,entity_type,2026.07.19.2
CEO_BARKED_TWICE,PUPPY,DOM-COPPER-TYPO,display_name,STRING,copperpavv.example,,,,,,,false,3,genie/puppy/entities.csv,display_name,2026.07.19.2
CEO_BARKED_TWICE,PUPPY,DOM-COPPER-TYPO,source_system,STRING,DOMAIN_REGISTRY,,,,,,,false,4,genie/puppy/entities.csv,source_system,2026.07.19.2
CEO_BARKED_TWICE,PUPPY,DOM-COPPER-TYPO,email,NULL,,,,,,,null,false,5,genie/puppy/entities.csv,email,2026.07.19.2
CEO_BARKED_TWICE,PUPPY,DOM-COPPER-TYPO,phone,NULL,,,,,,,null,false,6,genie/puppy/entities.csv,phone,2026.07.19.2
CEO_BARKED_TWICE,PUPPY,DOM-COPPER-TYPO,address,NULL,,,,,,,null,false,7,genie/puppy/entities.csv,address,2026.07.19.2
CEO_BARKED_TWICE,PUPPY,DOM-COPPER-TYPO,domain,STRING,copperpavv.example,,,,,,,false,8,genie/puppy/entities.csv,domain,2026.07.19.2
CEO_BARKED_TWICE,PUPPY,DOM-COPPER-TYPO,recorded_at,DATE,,,,,2024-05-15,,,false,9,genie/puppy/entities.csv,recorded_at,2026.07.19.2
CEO_BARKED_TWICE,PUPPY,DOM-NIGHTJAR,record_id,STRING,DOM-NIGHTJAR,,,,,,,false,1,genie/puppy/entities.csv,record_id,2026.07.19.2
CEO_BARKED_TWICE,PUPPY,DOM-NIGHTJAR,entity_type,STRING,DOMAIN,,,,,,,false,2,genie/puppy/entities.csv,entity_type,2026.07.19.2
CEO_BARKED_TWICE,PUPPY,DOM-NIGHTJAR,display_name,STRING,nightjar-consult.example,,,,,,,false,3,genie/puppy/entities.csv,display_name,2026.07.19.2
CEO_BARKED_TWICE,PUPPY,DOM-NIGHTJAR,source_system,STRING,DOMAIN_REGISTRY,,,,,,,false,4,genie/puppy/entities.csv,source_system,2026.07.19.2
CEO_BARKED_TWICE,PUPPY,DOM-NIGHTJAR,email,NULL,,,,,,,null,false,5,genie/puppy/entities.csv,email,2026.07.19.2
CEO_BARKED_TWICE,PUPPY,DOM-NIGHTJAR,phone,NULL,,,,,,,null,false,6,genie/puppy/entities.csv,phone,2026.07.19.2
CEO_BARKED_TWICE,PUPPY,DOM-NIGHTJAR,address,NULL,,,,,,,null,false,7,genie/puppy/entities.csv,address,2026.07.19.2
CEO_BARKED_TWICE,PUPPY,DOM-NIGHTJAR,domain,STRING,nightjar-consult.example,,,,,,,false,8,genie/puppy/entities.csv,domain,2026.07.19.2
CEO_BARKED_TWICE,PUPPY,DOM-NIGHTJAR,recorded_at,DATE,,,,,2024-05-26,,,false,9,genie/puppy/entities.csv,recorded_at,2026.07.19.2
CEO_BARKED_TWICE,PUPPY,DOM-HARBOR,record_id,STRING,DOM-HARBOR,,,,,,,false,1,genie/puppy/entities.csv,record_id,2026.07.19.2
CEO_BARKED_TWICE,PUPPY,DOM-HARBOR,entity_type,STRING,DOMAIN,,,,,,,false,2,genie/puppy/entities.csv,entity_type,2026.07.19.2
CEO_BARKED_TWICE,PUPPY,DOM-HARBOR,display_name,STRING,harborhound-remit.example,,,,,,,false,3,genie/puppy/entities.csv,display_name,2026.07.19.2
CEO_BARKED_TWICE,PUPPY,DOM-HARBOR,source_system,STRING,DOMAIN_REGISTRY,,,,,,,false,4,genie/puppy/entities.csv,source_system,2026.07.19.2
CEO_BARKED_TWICE,PUPPY,DOM-HARBOR,email,NULL,,,,,,,null,false,5,genie/puppy/entities.csv,email,2026.07.19.2
CEO_BARKED_TWICE,PUPPY,DOM-HARBOR,phone,NULL,,,,,,,null,false,6,genie/puppy/entities.csv,phone,2026.07.19.2
CEO_BARKED_TWICE,PUPPY,DOM-HARBOR,address,NULL,,,,,,,null,false,7,genie/puppy/entities.csv,address,2026.07.19.2
CEO_BARKED_TWICE,PUPPY,DOM-HARBOR,domain,STRING,harborhound-remit.example,,,,,,,false,8,genie/puppy/entities.csv,domain,2026.07.19.2
CEO_BARKED_TWICE,PUPPY,DOM-HARBOR,recorded_at,DATE,,,,,2024-06-06,,,false,9,genie/puppy/entities.csv,recorded_at,2026.07.19.2
CEO_BARKED_TWICE,PUPPY,DOM-LANTERN,record_id,STRING,DOM-LANTERN,,,,,,,false,1,genie/puppy/entities.csv,record_id,2026.07.19.2
CEO_BARKED_TWICE,PUPPY,DOM-LANTERN,entity_type,STRING,DOMAIN,,,,,,,false,2,genie/puppy/entities.csv,entity_type,2026.07.19.2
CEO_BARKED_TWICE,PUPPY,DOM-LANTERN,display_name,STRING,lanternbank.example,,,,,,,false,3,genie/puppy/entities.csv,display_name,2026.07.19.2
CEO_BARKED_TWICE,PUPPY,DOM-LANTERN,source_system,STRING,DOMAIN_REGISTRY,,,,,,,false,4,genie/puppy/entities.csv,source_system,2026.07.19.2
CEO_BARKED_TWICE,PUPPY,DOM-LANTERN,email,NULL,,,,,,,null,false,5,genie/puppy/entities.csv,email,2026.07.19.2
CEO_BARKED_TWICE,PUPPY,DOM-LANTERN,phone,NULL,,,,,,,null,false,6,genie/puppy/entities.csv,phone,2026.07.19.2
CEO_BARKED_TWICE,PUPPY,DOM-LANTERN,address,NULL,,,,,,,null,false,7,genie/puppy/entities.csv,address,2026.07.19.2
CEO_BARKED_TWICE,PUPPY,DOM-LANTERN,domain,STRING,lanternbank.example,,,,,,,false,8,genie/puppy/entities.csv,domain,2026.07.19.2
CEO_BARKED_TWICE,PUPPY,DOM-LANTERN,recorded_at,DATE,,,,,2024-06-17,,,false,9,genie/puppy/entities.csv,recorded_at,2026.07.19.2
CEO_BARKED_TWICE,PUPPY,DOM-COPPERBANK,record_id,STRING,DOM-COPPERBANK,,,,,,,false,1,genie/puppy/entities.csv,record_id,2026.07.19.2
CEO_BARKED_TWICE,PUPPY,DOM-COPPERBANK,entity_type,STRING,DOMAIN,,,,,,,false,2,genie/puppy/entities.csv,entity_type,2026.07.19.2
CEO_BARKED_TWICE,PUPPY,DOM-COPPERBANK,display_name,STRING,copperbank.example,,,,,,,false,3,genie/puppy/entities.csv,display_name,2026.07.19.2
CEO_BARKED_TWICE,PUPPY,DOM-COPPERBANK,source_system,STRING,DOMAIN_REGISTRY,,,,,,,false,4,genie/puppy/entities.csv,source_system,2026.07.19.2
CEO_BARKED_TWICE,PUPPY,DOM-COPPERBANK,email,NULL,,,,,,,null,false,5,genie/puppy/entities.csv,email,2026.07.19.2
CEO_BARKED_TWICE,PUPPY,DOM-COPPERBANK,phone,NULL,,,,,,,null,false,6,genie/puppy/entities.csv,phone,2026.07.19.2
CEO_BARKED_TWICE,PUPPY,DOM-COPPERBANK,address,NULL,,,,,,,null,false,7,genie/puppy/entities.csv,address,2026.07.19.2
CEO_BARKED_TWICE,PUPPY,DOM-COPPERBANK,domain,STRING,copperbank.example,,,,,,,false,8,genie/puppy/entities.csv,domain,2026.07.19.2
CEO_BARKED_TWICE,PUPPY,DOM-COPPERBANK,recorded_at,DATE,,,,,2024-06-28,,,false,9,genie/puppy/entities.csv,recorded_at,2026.07.19.2
CEO_BARKED_TWICE,PUPPY,DOM-CLOUD,record_id,STRING,DOM-CLOUD,,,,,,,false,1,genie/puppy/entities.csv,record_id,2026.07.19.2
CEO_BARKED_TWICE,PUPPY,DOM-CLOUD,entity_type,STRING,DOMAIN,,,,,,,false,2,genie/puppy/entities.csv,entity_type,2026.07.19.2
CEO_BARKED_TWICE,PUPPY,DOM-CLOUD,display_name,STRING,cloudkennel.example,,,,,,,false,3,genie/puppy/entities.csv,display_name,2026.07.19.2
CEO_BARKED_TWICE,PUPPY,DOM-CLOUD,source_system,STRING,DOMAIN_REGISTRY,,,,,,,false,4,genie/puppy/entities.csv,source_system,2026.07.19.2
CEO_BARKED_TWICE,PUPPY,DOM-CLOUD,email,NULL,,,,,,,null,false,5,genie/puppy/entities.csv,email,2026.07.19.2
CEO_BARKED_TWICE,PUPPY,DOM-CLOUD,phone,NULL,,,,,,,null,false,6,genie/puppy/entities.csv,phone,2026.07.19.2
CEO_BARKED_TWICE,PUPPY,DOM-CLOUD,address,NULL,,,,,,,null,false,7,genie/puppy/entities.csv,address,2026.07.19.2
CEO_BARKED_TWICE,PUPPY,DOM-CLOUD,domain,STRING,cloudkennel.example,,,,,,,false,8,genie/puppy/entities.csv,domain,2026.07.19.2
CEO_BARKED_TWICE,PUPPY,DOM-CLOUD,recorded_at,DATE,,,,,2024-07-09,,,false,9,genie/puppy/entities.csv,recorded_at,2026.07.19.2
CEO_BARKED_TWICE,PUPPY,DOM-AUDIT,record_id,STRING,DOM-AUDIT,,,,,,,false,1,genie/puppy/entities.csv,record_id,2026.07.19.2
CEO_BARKED_TWICE,PUPPY,DOM-AUDIT,entity_type,STRING,DOMAIN,,,,,,,false,2,genie/puppy/entities.csv,entity_type,2026.07.19.2
CEO_BARKED_TWICE,PUPPY,DOM-AUDIT,display_name,STRING,retrieveledger.example,,,,,,,false,3,genie/puppy/entities.csv,display_name,2026.07.19.2
CEO_BARKED_TWICE,PUPPY,DOM-AUDIT,source_system,STRING,DOMAIN_REGISTRY,,,,,,,false,4,genie/puppy/entities.csv,source_system,2026.07.19.2
CEO_BARKED_TWICE,PUPPY,DOM-AUDIT,email,NULL,,,,,,,null,false,5,genie/puppy/entities.csv,email,2026.07.19.2
CEO_BARKED_TWICE,PUPPY,DOM-AUDIT,phone,NULL,,,,,,,null,false,6,genie/puppy/entities.csv,phone,2026.07.19.2
CEO_BARKED_TWICE,PUPPY,DOM-AUDIT,address,NULL,,,,,,,null,false,7,genie/puppy/entities.csv,address,2026.07.19.2
CEO_BARKED_TWICE,PUPPY,DOM-AUDIT,domain,STRING,retrieveledger.example,,,,,,,false,8,genie/puppy/entities.csv,domain,2026.07.19.2
CEO_BARKED_TWICE,PUPPY,DOM-AUDIT,recorded_at,DATE,,,,,2024-07-20,,,false,9,genie/puppy/entities.csv,recorded_at,2026.07.19.2
CEO_BARKED_TWICE,PUPPY,TX-FRAUD-001,transaction_id,STRING,TX-FRAUD-001,,,,,,,false,1,genie/puppy/financial_events.csv,transaction_id,2026.07.19.2
CEO_BARKED_TWICE,PUPPY,TX-FRAUD-001,occurred_at,TIMESTAMP,,,,,,2026-02-10T14:00:00Z,,false,2,genie/puppy/financial_events.csv,occurred_at,2026.07.19.2
CEO_BARKED_TWICE,PUPPY,TX-FRAUD-001,transaction_type,STRING,WIRE_PAYMENT,,,,,,,false,3,genie/puppy/financial_events.csv,transaction_type,2026.07.19.2
CEO_BARKED_TWICE,PUPPY,TX-FRAUD-001,source_account_id,STRING,A-SCC-1001,,,,,,,false,4,genie/puppy/financial_events.csv,source_account_id,2026.07.19.2
CEO_BARKED_TWICE,PUPPY,TX-FRAUD-001,destination_account_id,STRING,A-NIGHTJAR-8842,,,,,,,false,5,genie/puppy/financial_events.csv,destination_account_id,2026.07.19.2
CEO_BARKED_TWICE,PUPPY,TX-FRAUD-001,amount,DECIMAL,,,420000.00,,,,,false,6,genie/puppy/financial_events.csv,amount,2026.07.19.2
CEO_BARKED_TWICE,PUPPY,TX-FRAUD-001,currency,STRING,BSC,,,,,,,false,7,genie/puppy/financial_events.csv,currency,2026.07.19.2
CEO_BARKED_TWICE,PUPPY,TX-FRAUD-001,reference,STRING,CPI-1048,,,,,,,false,8,genie/puppy/financial_events.csv,reference,2026.07.19.2
CEO_BARKED_TWICE,PUPPY,TX-FRAUD-001,invoice_id,STRING,INV-COPPER-1048-F,,,,,,,false,9,genie/puppy/financial_events.csv,invoice_id,2026.07.19.2
CEO_BARKED_TWICE,PUPPY,TX-FRAUD-001,purchase_order_id,STRING,PO-26005,,,,,,,false,10,genie/puppy/financial_events.csv,purchase_order_id,2026.07.19.2
CEO_BARKED_TWICE,PUPPY,TX-FRAUD-001,status,STRING,SETTLED,,,,,,,false,11,genie/puppy/financial_events.csv,status,2026.07.19.2
CEO_BARKED_TWICE,PUPPY,TX-FRAUD-001,reversed_transaction_id,NULL,,,,,,,null,false,12,genie/puppy/financial_events.csv,reversed_transaction_id,2026.07.19.2
CEO_BARKED_TWICE,PUPPY,TX-FRAUD-002,transaction_id,STRING,TX-FRAUD-002,,,,,,,false,1,genie/puppy/financial_events.csv,transaction_id,2026.07.19.2
CEO_BARKED_TWICE,PUPPY,TX-FRAUD-002,occurred_at,TIMESTAMP,,,,,,2026-02-10T17:00:00Z,,false,2,genie/puppy/financial_events.csv,occurred_at,2026.07.19.2
CEO_BARKED_TWICE,PUPPY,TX-FRAUD-002,transaction_type,STRING,MULE_TRANSFER,,,,,,,false,3,genie/puppy/financial_events.csv,transaction_type,2026.07.19.2
CEO_BARKED_TWICE,PUPPY,TX-FRAUD-002,source_account_id,STRING,A-NIGHTJAR-8842,,,,,,,false,4,genie/puppy/financial_events.csv,source_account_id,2026.07.19.2
CEO_BARKED_TWICE,PUPPY,TX-FRAUD-002,destination_account_id,STRING,A-GRANT-7726,,,,,,,false,5,genie/puppy/financial_events.csv,destination_account_id,2026.07.19.2
CEO_BARKED_TWICE,PUPPY,TX-FRAUD-002,amount,DECIMAL,,,130000.00,,,,,false,6,genie/puppy/financial_events.csv,amount,2026.07.19.2
CEO_BARKED_TWICE,PUPPY,TX-FRAUD-002,currency,STRING,BSC,,,,,,,false,7,genie/puppy/financial_events.csv,currency,2026.07.19.2
CEO_BARKED_TWICE,PUPPY,TX-FRAUD-002,reference,STRING,SPLIT-GRANT,,,,,,,false,8,genie/puppy/financial_events.csv,reference,2026.07.19.2
CEO_BARKED_TWICE,PUPPY,TX-FRAUD-002,invoice_id,STRING,INV-COPPER-1048-F,,,,,,,false,9,genie/puppy/financial_events.csv,invoice_id,2026.07.19.2
CEO_BARKED_TWICE,PUPPY,TX-FRAUD-002,purchase_order_id,STRING,PO-26005,,,,,,,false,10,genie/puppy/financial_events.csv,purchase_order_id,2026.07.19.2
CEO_BARKED_TWICE,PUPPY,TX-FRAUD-002,status,STRING,SETTLED,,,,,,,false,11,genie/puppy/financial_events.csv,status,2026.07.19.2
CEO_BARKED_TWICE,PUPPY,TX-FRAUD-002,reversed_transaction_id,NULL,,,,,,,null,false,12,genie/puppy/financial_events.csv,reversed_transaction_id,2026.07.19.2
CEO_BARKED_TWICE,PUPPY,TX-FRAUD-003,transaction_id,STRING,TX-FRAUD-003,,,,,,,false,1,genie/puppy/financial_events.csv,transaction_id,2026.07.19.2
CEO_BARKED_TWICE,PUPPY,TX-FRAUD-003,occurred_at,TIMESTAMP,,,,,,2026-02-10T18:00:00Z,,false,2,genie/puppy/financial_events.csv,occurred_at,2026.07.19.2
CEO_BARKED_TWICE,PUPPY,TX-FRAUD-003,transaction_type,STRING,PERSONAL_TRANSFER,,,,,,,false,3,genie/puppy/financial_events.csv,transaction_type,2026.07.19.2
CEO_BARKED_TWICE,PUPPY,TX-FRAUD-003,source_account_id,STRING,A-NIGHTJAR-8842,,,,,,,false,4,genie/puppy/financial_events.csv,source_account_id,2026.07.19.2
CEO_BARKED_TWICE,PUPPY,TX-FRAUD-003,destination_account_id,STRING,A-ROWAN-3351,,,,,,,false,5,genie/puppy/financial_events.csv,destination_account_id,2026.07.19.2
CEO_BARKED_TWICE,PUPPY,TX-FRAUD-003,amount,DECIMAL,,,90000.00,,,,,false,6,genie/puppy/financial_events.csv,amount,2026.07.19.2
CEO_BARKED_TWICE,PUPPY,TX-FRAUD-003,currency,STRING,BSC,,,,,,,false,7,genie/puppy/financial_events.csv,currency,2026.07.19.2
CEO_BARKED_TWICE,PUPPY,TX-FRAUD-003,reference,STRING,SPLIT-ROWAN,,,,,,,false,8,genie/puppy/financial_events.csv,reference,2026.07.19.2
CEO_BARKED_TWICE,PUPPY,TX-FRAUD-003,invoice_id,STRING,INV-COPPER-1048-F,,,,,,,false,9,genie/puppy/financial_events.csv,invoice_id,2026.07.19.2
CEO_BARKED_TWICE,PUPPY,TX-FRAUD-003,purchase_order_id,STRING,PO-26005,,,,,,,false,10,genie/puppy/financial_events.csv,purchase_order_id,2026.07.19.2
CEO_BARKED_TWICE,PUPPY,TX-FRAUD-003,status,STRING,SETTLED,,,,,,,false,11,genie/puppy/financial_events.csv,status,2026.07.19.2
CEO_BARKED_TWICE,PUPPY,TX-FRAUD-003,reversed_transaction_id,NULL,,,,,,,null,false,12,genie/puppy/financial_events.csv,reversed_transaction_id,2026.07.19.2
CEO_BARKED_TWICE,PUPPY,TX-FRAUD-004,transaction_id,STRING,TX-FRAUD-004,,,,,,,false,1,genie/puppy/financial_events.csv,transaction_id,2026.07.19.2
CEO_BARKED_TWICE,PUPPY,TX-FRAUD-004,occurred_at,TIMESTAMP,,,,,,2026-02-10T19:00:00Z,,false,2,genie/puppy/financial_events.csv,occurred_at,2026.07.19.2
CEO_BARKED_TWICE,PUPPY,TX-FRAUD-004,transaction_type,STRING,PERSONAL_TRANSFER,,,,,,,false,3,genie/puppy/financial_events.csv,transaction_type,2026.07.19.2
CEO_BARKED_TWICE,PUPPY,TX-FRAUD-004,source_account_id,STRING,A-NIGHTJAR-8842,,,,,,,false,4,genie/puppy/financial_events.csv,source_account_id,2026.07.19.2
CEO_BARKED_TWICE,PUPPY,TX-FRAUD-004,destination_account_id,STRING,A-IVY-9918,,,,,,,false,5,genie/puppy/financial_events.csv,destination_account_id,2026.07.19.2
CEO_BARKED_TWICE,PUPPY,TX-FRAUD-004,amount,DECIMAL,,,65000.00,,,,,false,6,genie/puppy/financial_events.csv,amount,2026.07.19.2
CEO_BARKED_TWICE,PUPPY,TX-FRAUD-004,currency,STRING,BSC,,,,,,,false,7,genie/puppy/financial_events.csv,currency,2026.07.19.2
CEO_BARKED_TWICE,PUPPY,TX-FRAUD-004,reference,STRING,SPLIT-IVY,,,,,,,false,8,genie/puppy/financial_events.csv,reference,2026.07.19.2
CEO_BARKED_TWICE,PUPPY,TX-FRAUD-004,invoice_id,STRING,INV-COPPER-1048-F,,,,,,,false,9,genie/puppy/financial_events.csv,invoice_id,2026.07.19.2
CEO_BARKED_TWICE,PUPPY,TX-FRAUD-004,purchase_order_id,STRING,PO-26005,,,,,,,false,10,genie/puppy/financial_events.csv,purchase_order_id,2026.07.19.2
CEO_BARKED_TWICE,PUPPY,TX-FRAUD-004,status,STRING,SETTLED,,,,,,,false,11,genie/puppy/financial_events.csv,status,2026.07.19.2
CEO_BARKED_TWICE,PUPPY,TX-FRAUD-004,reversed_transaction_id,NULL,,,,,,,null,false,12,genie/puppy/financial_events.csv,reversed_transaction_id,2026.07.19.2
CEO_BARKED_TWICE,PUPPY,TX-FRAUD-005,transaction_id,STRING,TX-FRAUD-005,,,,,,,false,1,genie/puppy/financial_events.csv,transaction_id,2026.07.19.2
CEO_BARKED_TWICE,PUPPY,TX-FRAUD-005,occurred_at,TIMESTAMP,,,,,,2026-02-10T20:00:00Z,,false,2,genie/puppy/financial_events.csv,occurred_at,2026.07.19.2
CEO_BARKED_TWICE,PUPPY,TX-FRAUD-005,transaction_type,STRING,REMITTANCE_TRANSFER,,,,,,,false,3,genie/puppy/financial_events.csv,transaction_type,2026.07.19.2
CEO_BARKED_TWICE,PUPPY,TX-FRAUD-005,source_account_id,STRING,A-NIGHTJAR-8842,,,,,,,false,4,genie/puppy/financial_events.csv,source_account_id,2026.07.19.2
CEO_BARKED_TWICE,PUPPY,TX-FRAUD-005,destination_account_id,STRING,A-HARBOR-6104,,,,,,,false,5,genie/puppy/financial_events.csv,destination_account_id,2026.07.19.2
CEO_BARKED_TWICE,PUPPY,TX-FRAUD-005,amount,DECIMAL,,,135000.00,,,,,false,6,genie/puppy/financial_events.csv,amount,2026.07.19.2
CEO_BARKED_TWICE,PUPPY,TX-FRAUD-005,currency,STRING,BSC,,,,,,,false,7,genie/puppy/financial_events.csv,currency,2026.07.19.2
CEO_BARKED_TWICE,PUPPY,TX-FRAUD-005,reference,STRING,SPLIT-HARBOR,,,,,,,false,8,genie/puppy/financial_events.csv,reference,2026.07.19.2
CEO_BARKED_TWICE,PUPPY,TX-FRAUD-005,invoice_id,STRING,INV-COPPER-1048-F,,,,,,,false,9,genie/puppy/financial_events.csv,invoice_id,2026.07.19.2
CEO_BARKED_TWICE,PUPPY,TX-FRAUD-005,purchase_order_id,STRING,PO-26005,,,,,,,false,10,genie/puppy/financial_events.csv,purchase_order_id,2026.07.19.2
CEO_BARKED_TWICE,PUPPY,TX-FRAUD-005,status,STRING,SETTLED,,,,,,,false,11,genie/puppy/financial_events.csv,status,2026.07.19.2
CEO_BARKED_TWICE,PUPPY,TX-FRAUD-005,reversed_transaction_id,NULL,,,,,,,null,false,12,genie/puppy/financial_events.csv,reversed_transaction_id,2026.07.19.2
CEO_BARKED_TWICE,PUPPY,TX-RECOVERY-001,transaction_id,STRING,TX-RECOVERY-001,,,,,,,false,1,genie/puppy/financial_events.csv,transaction_id,2026.07.19.2
CEO_BARKED_TWICE,PUPPY,TX-RECOVERY-001,occurred_at,TIMESTAMP,,,,,,2026-02-12T14:00:00Z,,false,2,genie/puppy/financial_events.csv,occurred_at,2026.07.19.2
CEO_BARKED_TWICE,PUPPY,TX-RECOVERY-001,transaction_type,STRING,FRAUD_HOLD,,,,,,,false,3,genie/puppy/financial_events.csv,transaction_type,2026.07.19.2
CEO_BARKED_TWICE,PUPPY,TX-RECOVERY-001,source_account_id,STRING,A-HARBOR-6104,,,,,,,false,4,genie/puppy/financial_events.csv,source_account_id,2026.07.19.2
CEO_BARKED_TWICE,PUPPY,TX-RECOVERY-001,destination_account_id,STRING,A-BANK-HOLD-9000,,,,,,,false,5,genie/puppy/financial_events.csv,destination_account_id,2026.07.19.2
CEO_BARKED_TWICE,PUPPY,TX-RECOVERY-001,amount,DECIMAL,,,125000.00,,,,,false,6,genie/puppy/financial_events.csv,amount,2026.07.19.2
CEO_BARKED_TWICE,PUPPY,TX-RECOVERY-001,currency,STRING,BSC,,,,,,,false,7,genie/puppy/financial_events.csv,currency,2026.07.19.2
CEO_BARKED_TWICE,PUPPY,TX-RECOVERY-001,reference,STRING,RECOVERY-HOLD,,,,,,,false,8,genie/puppy/financial_events.csv,reference,2026.07.19.2
CEO_BARKED_TWICE,PUPPY,TX-RECOVERY-001,invoice_id,STRING,INV-COPPER-1048-F,,,,,,,false,9,genie/puppy/financial_events.csv,invoice_id,2026.07.19.2
CEO_BARKED_TWICE,PUPPY,TX-RECOVERY-001,purchase_order_id,STRING,PO-26005,,,,,,,false,10,genie/puppy/financial_events.csv,purchase_order_id,2026.07.19.2
CEO_BARKED_TWICE,PUPPY,TX-RECOVERY-001,status,STRING,SETTLED,,,,,,,false,11,genie/puppy/financial_events.csv,status,2026.07.19.2
CEO_BARKED_TWICE,PUPPY,TX-RECOVERY-001,reversed_transaction_id,NULL,,,,,,,null,false,12,genie/puppy/financial_events.csv,reversed_transaction_id,2026.07.19.2
CEO_BARKED_TWICE,PUPPY,TX-HOLD-002,transaction_id,STRING,TX-HOLD-002,,,,,,,false,1,genie/puppy/financial_events.csv,transaction_id,2026.07.19.2
CEO_BARKED_TWICE,PUPPY,TX-HOLD-002,occurred_at,TIMESTAMP,,,,,,2026-02-18T16:00:00Z,,false,2,genie/puppy/financial_events.csv,occurred_at,2026.07.19.2
CEO_BARKED_TWICE,PUPPY,TX-HOLD-002,transaction_type,STRING,PAYMENT_HOLD,,,,,,,false,3,genie/puppy/financial_events.csv,transaction_type,2026.07.19.2
CEO_BARKED_TWICE,PUPPY,TX-HOLD-002,source_account_id,STRING,A-SCC-1001,,,,,,,false,4,genie/puppy/financial_events.csv,source_account_id,2026.07.19.2
CEO_BARKED_TWICE,PUPPY,TX-HOLD-002,destination_account_id,STRING,A-BANK-HOLD-9000,,,,,,,false,5,genie/puppy/financial_events.csv,destination_account_id,2026.07.19.2
CEO_BARKED_TWICE,PUPPY,TX-HOLD-002,amount,DECIMAL,,,680000.00,,,,,false,6,genie/puppy/financial_events.csv,amount,2026.07.19.2
CEO_BARKED_TWICE,PUPPY,TX-HOLD-002,currency,STRING,BSC,,,,,,,false,7,genie/puppy/financial_events.csv,currency,2026.07.19.2
CEO_BARKED_TWICE,PUPPY,TX-HOLD-002,reference,STRING,CPI-1059,,,,,,,false,8,genie/puppy/financial_events.csv,reference,2026.07.19.2
CEO_BARKED_TWICE,PUPPY,TX-HOLD-002,invoice_id,STRING,INV-COPPER-1059-F,,,,,,,false,9,genie/puppy/financial_events.csv,invoice_id,2026.07.19.2
CEO_BARKED_TWICE,PUPPY,TX-HOLD-002,purchase_order_id,STRING,PO-26013,,,,,,,false,10,genie/puppy/financial_events.csv,purchase_order_id,2026.07.19.2
CEO_BARKED_TWICE,PUPPY,TX-HOLD-002,status,STRING,HELD,,,,,,,false,11,genie/puppy/financial_events.csv,status,2026.07.19.2
CEO_BARKED_TWICE,PUPPY,TX-HOLD-002,reversed_transaction_id,NULL,,,,,,,null,false,12,genie/puppy/financial_events.csv,reversed_transaction_id,2026.07.19.2
CEO_BARKED_TWICE,PUPPY,TX-RETURN-002,transaction_id,STRING,TX-RETURN-002,,,,,,,false,1,genie/puppy/financial_events.csv,transaction_id,2026.07.19.2
CEO_BARKED_TWICE,PUPPY,TX-RETURN-002,occurred_at,TIMESTAMP,,,,,,2026-02-19T10:00:00Z,,false,2,genie/puppy/financial_events.csv,occurred_at,2026.07.19.2
CEO_BARKED_TWICE,PUPPY,TX-RETURN-002,transaction_type,STRING,PAYMENT_RETURN,,,,,,,false,3,genie/puppy/financial_events.csv,transaction_type,2026.07.19.2
CEO_BARKED_TWICE,PUPPY,TX-RETURN-002,source_account_id,STRING,A-BANK-HOLD-9000,,,,,,,false,4,genie/puppy/financial_events.csv,source_account_id,2026.07.19.2
CEO_BARKED_TWICE,PUPPY,TX-RETURN-002,destination_account_id,STRING,A-SCC-1001,,,,,,,false,5,genie/puppy/financial_events.csv,destination_account_id,2026.07.19.2
CEO_BARKED_TWICE,PUPPY,TX-RETURN-002,amount,DECIMAL,,,680000.00,,,,,false,6,genie/puppy/financial_events.csv,amount,2026.07.19.2
CEO_BARKED_TWICE,PUPPY,TX-RETURN-002,currency,STRING,BSC,,,,,,,false,7,genie/puppy/financial_events.csv,currency,2026.07.19.2
CEO_BARKED_TWICE,PUPPY,TX-RETURN-002,reference,STRING,RETURN-CPI-1059,,,,,,,false,8,genie/puppy/financial_events.csv,reference,2026.07.19.2
CEO_BARKED_TWICE,PUPPY,TX-RETURN-002,invoice_id,STRING,INV-COPPER-1059-F,,,,,,,false,9,genie/puppy/financial_events.csv,invoice_id,2026.07.19.2
CEO_BARKED_TWICE,PUPPY,TX-RETURN-002,purchase_order_id,STRING,PO-26013,,,,,,,false,10,genie/puppy/financial_events.csv,purchase_order_id,2026.07.19.2
CEO_BARKED_TWICE,PUPPY,TX-RETURN-002,status,STRING,RETURNED,,,,,,,false,11,genie/puppy/financial_events.csv,status,2026.07.19.2
CEO_BARKED_TWICE,PUPPY,TX-RETURN-002,reversed_transaction_id,STRING,TX-HOLD-002,,,,,,,false,12,genie/puppy/financial_events.csv,reversed_transaction_id,2026.07.19.2
CEO_BARKED_TWICE,PUPPY,TX-HOLD-003,transaction_id,STRING,TX-HOLD-003,,,,,,,false,1,genie/puppy/financial_events.csv,transaction_id,2026.07.19.2
CEO_BARKED_TWICE,PUPPY,TX-HOLD-003,occurred_at,TIMESTAMP,,,,,,2026-02-25T13:00:00Z,,false,2,genie/puppy/financial_events.csv,occurred_at,2026.07.19.2
CEO_BARKED_TWICE,PUPPY,TX-HOLD-003,transaction_type,STRING,PAYMENT_HOLD,,,,,,,false,3,genie/puppy/financial_events.csv,transaction_type,2026.07.19.2
CEO_BARKED_TWICE,PUPPY,TX-HOLD-003,source_account_id,STRING,A-SCC-1001,,,,,,,false,4,genie/puppy/financial_events.csv,source_account_id,2026.07.19.2
CEO_BARKED_TWICE,PUPPY,TX-HOLD-003,destination_account_id,STRING,A-BANK-HOLD-9000,,,,,,,false,5,genie/puppy/financial_events.csv,destination_account_id,2026.07.19.2
CEO_BARKED_TWICE,PUPPY,TX-HOLD-003,amount,DECIMAL,,,155000.00,,,,,false,6,genie/puppy/financial_events.csv,amount,2026.07.19.2
CEO_BARKED_TWICE,PUPPY,TX-HOLD-003,currency,STRING,BSC,,,,,,,false,7,genie/puppy/financial_events.csv,currency,2026.07.19.2
CEO_BARKED_TWICE,PUPPY,TX-HOLD-003,reference,STRING,CPI-1062,,,,,,,false,8,genie/puppy/financial_events.csv,reference,2026.07.19.2
CEO_BARKED_TWICE,PUPPY,TX-HOLD-003,invoice_id,STRING,INV-COPPER-1062-F,,,,,,,false,9,genie/puppy/financial_events.csv,invoice_id,2026.07.19.2
CEO_BARKED_TWICE,PUPPY,TX-HOLD-003,purchase_order_id,STRING,PO-26021,,,,,,,false,10,genie/puppy/financial_events.csv,purchase_order_id,2026.07.19.2
CEO_BARKED_TWICE,PUPPY,TX-HOLD-003,status,STRING,HELD,,,,,,,false,11,genie/puppy/financial_events.csv,status,2026.07.19.2
CEO_BARKED_TWICE,PUPPY,TX-HOLD-003,reversed_transaction_id,NULL,,,,,,,null,false,12,genie/puppy/financial_events.csv,reversed_transaction_id,2026.07.19.2
CEO_BARKED_TWICE,PUPPY,TX-RETURN-003,transaction_id,STRING,TX-RETURN-003,,,,,,,false,1,genie/puppy/financial_events.csv,transaction_id,2026.07.19.2
CEO_BARKED_TWICE,PUPPY,TX-RETURN-003,occurred_at,TIMESTAMP,,,,,,2026-02-25T15:00:00Z,,false,2,genie/puppy/financial_events.csv,occurred_at,2026.07.19.2
CEO_BARKED_TWICE,PUPPY,TX-RETURN-003,transaction_type,STRING,PAYMENT_RETURN,,,,,,,false,3,genie/puppy/financial_events.csv,transaction_type,2026.07.19.2
CEO_BARKED_TWICE,PUPPY,TX-RETURN-003,source_account_id,STRING,A-BANK-HOLD-9000,,,,,,,false,4,genie/puppy/financial_events.csv,source_account_id,2026.07.19.2
CEO_BARKED_TWICE,PUPPY,TX-RETURN-003,destination_account_id,STRING,A-SCC-1001,,,,,,,false,5,genie/puppy/financial_events.csv,destination_account_id,2026.07.19.2
CEO_BARKED_TWICE,PUPPY,TX-RETURN-003,amount,DECIMAL,,,155000.00,,,,,false,6,genie/puppy/financial_events.csv,amount,2026.07.19.2
CEO_BARKED_TWICE,PUPPY,TX-RETURN-003,currency,STRING,BSC,,,,,,,false,7,genie/puppy/financial_events.csv,currency,2026.07.19.2
CEO_BARKED_TWICE,PUPPY,TX-RETURN-003,reference,STRING,RETURN-CPI-1062,,,,,,,false,8,genie/puppy/financial_events.csv,reference,2026.07.19.2
CEO_BARKED_TWICE,PUPPY,TX-RETURN-003,invoice_id,STRING,INV-COPPER-1062-F,,,,,,,false,9,genie/puppy/financial_events.csv,invoice_id,2026.07.19.2
CEO_BARKED_TWICE,PUPPY,TX-RETURN-003,purchase_order_id,STRING,PO-26021,,,,,,,false,10,genie/puppy/financial_events.csv,purchase_order_id,2026.07.19.2
CEO_BARKED_TWICE,PUPPY,TX-RETURN-003,status,STRING,RETURNED,,,,,,,false,11,genie/puppy/financial_events.csv,status,2026.07.19.2
CEO_BARKED_TWICE,PUPPY,TX-RETURN-003,reversed_transaction_id,STRING,TX-HOLD-003,,,,,,,false,12,genie/puppy/financial_events.csv,reversed_transaction_id,2026.07.19.2
CEO_BARKED_TWICE,PUPPY,TX-L1-001,transaction_id,STRING,TX-L1-001,,,,,,,false,1,genie/puppy/financial_events.csv,transaction_id,2026.07.19.2
CEO_BARKED_TWICE,PUPPY,TX-L1-001,occurred_at,TIMESTAMP,,,,,,2025-08-01T00:00:00Z,,false,2,genie/puppy/financial_events.csv,occurred_at,2026.07.19.2
CEO_BARKED_TWICE,PUPPY,TX-L1-001,transaction_type,STRING,VENDOR_PAYMENT,,,,,,,false,3,genie/puppy/financial_events.csv,transaction_type,2026.07.19.2
CEO_BARKED_TWICE,PUPPY,TX-L1-001,source_account_id,STRING,A-SCC-1001,,,,,,,false,4,genie/puppy/financial_events.csv,source_account_id,2026.07.19.2
CEO_BARKED_TWICE,PUPPY,TX-L1-001,destination_account_id,STRING,A-NIGHTJAR-8842,,,,,,,false,5,genie/puppy/financial_events.csv,destination_account_id,2026.07.19.2
CEO_BARKED_TWICE,PUPPY,TX-L1-001,amount,DECIMAL,,,50000.00,,,,,false,6,genie/puppy/financial_events.csv,amount,2026.07.19.2
CEO_BARKED_TWICE,PUPPY,TX-L1-001,currency,STRING,BSC,,,,,,,false,7,genie/puppy/financial_events.csv,currency,2026.07.19.2
CEO_BARKED_TWICE,PUPPY,TX-L1-001,reference,STRING,CPI-1048,,,,,,,false,8,genie/puppy/financial_events.csv,reference,2026.07.19.2
CEO_BARKED_TWICE,PUPPY,TX-L1-001,invoice_id,STRING,INV-COPPER-1048-F,,,,,,,false,9,genie/puppy/financial_events.csv,invoice_id,2026.07.19.2
CEO_BARKED_TWICE,PUPPY,TX-L1-001,purchase_order_id,STRING,PO-26005,,,,,,,false,10,genie/puppy/financial_events.csv,purchase_order_id,2026.07.19.2
CEO_BARKED_TWICE,PUPPY,TX-L1-001,status,STRING,SETTLED,,,,,,,false,11,genie/puppy/financial_events.csv,status,2026.07.19.2
CEO_BARKED_TWICE,PUPPY,TX-L1-001,reversed_transaction_id,NULL,,,,,,,null,false,12,genie/puppy/financial_events.csv,reversed_transaction_id,2026.07.19.2
CEO_BARKED_TWICE,PUPPY,TX-L1-002,transaction_id,STRING,TX-L1-002,,,,,,,false,1,genie/puppy/financial_events.csv,transaction_id,2026.07.19.2
CEO_BARKED_TWICE,PUPPY,TX-L1-002,occurred_at,TIMESTAMP,,,,,,2025-08-05T00:00:00Z,,false,2,genie/puppy/financial_events.csv,occurred_at,2026.07.19.2
CEO_BARKED_TWICE,PUPPY,TX-L1-002,transaction_type,STRING,VENDOR_PAYMENT,,,,,,,false,3,genie/puppy/financial_events.csv,transaction_type,2026.07.19.2
CEO_BARKED_TWICE,PUPPY,TX-L1-002,source_account_id,STRING,A-SCC-1001,,,,,,,false,4,genie/puppy/financial_events.csv,source_account_id,2026.07.19.2
CEO_BARKED_TWICE,PUPPY,TX-L1-002,destination_account_id,STRING,A-NIGHTJAR-8842,,,,,,,false,5,genie/puppy/financial_events.csv,destination_account_id,2026.07.19.2
CEO_BARKED_TWICE,PUPPY,TX-L1-002,amount,DECIMAL,,,59000.00,,,,,false,6,genie/puppy/financial_events.csv,amount,2026.07.19.2
CEO_BARKED_TWICE,PUPPY,TX-L1-002,currency,STRING,BSC,,,,,,,false,7,genie/puppy/financial_events.csv,currency,2026.07.19.2
CEO_BARKED_TWICE,PUPPY,TX-L1-002,reference,STRING,CPI-1059,,,,,,,false,8,genie/puppy/financial_events.csv,reference,2026.07.19.2
CEO_BARKED_TWICE,PUPPY,TX-L1-002,invoice_id,STRING,INV-COPPER-1059-F,,,,,,,false,9,genie/puppy/financial_events.csv,invoice_id,2026.07.19.2
CEO_BARKED_TWICE,PUPPY,TX-L1-002,purchase_order_id,STRING,PO-26013,,,,,,,false,10,genie/puppy/financial_events.csv,purchase_order_id,2026.07.19.2
CEO_BARKED_TWICE,PUPPY,TX-L1-002,status,STRING,SETTLED,,,,,,,false,11,genie/puppy/financial_events.csv,status,2026.07.19.2
CEO_BARKED_TWICE,PUPPY,TX-L1-002,reversed_transaction_id,NULL,,,,,,,null,false,12,genie/puppy/financial_events.csv,reversed_transaction_id,2026.07.19.2
CEO_BARKED_TWICE,PUPPY,TX-L1-003,transaction_id,STRING,TX-L1-003,,,,,,,false,1,genie/puppy/financial_events.csv,transaction_id,2026.07.19.2
CEO_BARKED_TWICE,PUPPY,TX-L1-003,occurred_at,TIMESTAMP,,,,,,2025-08-09T00:00:00Z,,false,2,genie/puppy/financial_events.csv,occurred_at,2026.07.19.2
CEO_BARKED_TWICE,PUPPY,TX-L1-003,transaction_type,STRING,VENDOR_PAYMENT,,,,,,,false,3,genie/puppy/financial_events.csv,transaction_type,2026.07.19.2
CEO_BARKED_TWICE,PUPPY,TX-L1-003,source_account_id,STRING,A-SCC-1001,,,,,,,false,4,genie/puppy/financial_events.csv,source_account_id,2026.07.19.2
CEO_BARKED_TWICE,PUPPY,TX-L1-003,destination_account_id,STRING,A-COPPER-2207,,,,,,,false,5,genie/puppy/financial_events.csv,destination_account_id,2026.07.19.2
CEO_BARKED_TWICE,PUPPY,TX-L1-003,amount,DECIMAL,,,68000.00,,,,,false,6,genie/puppy/financial_events.csv,amount,2026.07.19.2
CEO_BARKED_TWICE,PUPPY,TX-L1-003,currency,STRING,BSC,,,,,,,false,7,genie/puppy/financial_events.csv,currency,2026.07.19.2
CEO_BARKED_TWICE,PUPPY,TX-L1-003,reference,STRING,COPPER-2025-1000,,,,,,,false,8,genie/puppy/financial_events.csv,reference,2026.07.19.2
CEO_BARKED_TWICE,PUPPY,TX-L1-003,invoice_id,STRING,INV-0001,,,,,,,false,9,genie/puppy/financial_events.csv,invoice_id,2026.07.19.2
CEO_BARKED_TWICE,PUPPY,TX-L1-003,purchase_order_id,STRING,PO-26001,,,,,,,false,10,genie/puppy/financial_events.csv,purchase_order_id,2026.07.19.2
CEO_BARKED_TWICE,PUPPY,TX-L1-003,status,STRING,SETTLED,,,,,,,false,11,genie/puppy/financial_events.csv,status,2026.07.19.2
CEO_BARKED_TWICE,PUPPY,TX-L1-003,reversed_transaction_id,NULL,,,,,,,null,false,12,genie/puppy/financial_events.csv,reversed_transaction_id,2026.07.19.2
CEO_BARKED_TWICE,PUPPY,TX-L1-004,transaction_id,STRING,TX-L1-004,,,,,,,false,1,genie/puppy/financial_events.csv,transaction_id,2026.07.19.2
CEO_BARKED_TWICE,PUPPY,TX-L1-004,occurred_at,TIMESTAMP,,,,,,2025-08-13T00:00:00Z,,false,2,genie/puppy/financial_events.csv,occurred_at,2026.07.19.2
CEO_BARKED_TWICE,PUPPY,TX-L1-004,transaction_type,STRING,VENDOR_PAYMENT,,,,,,,false,3,genie/puppy/financial_events.csv,transaction_type,2026.07.19.2
CEO_BARKED_TWICE,PUPPY,TX-L1-004,source_account_id,STRING,A-SCC-1001,,,,,,,false,4,genie/puppy/financial_events.csv,source_account_id,2026.07.19.2
CEO_BARKED_TWICE,PUPPY,TX-L1-004,destination_account_id,STRING,A-IRON-3041,,,,,,,false,5,genie/puppy/financial_events.csv,destination_account_id,2026.07.19.2
CEO_BARKED_TWICE,PUPPY,TX-L1-004,amount,DECIMAL,,,77000.00,,,,,false,6,genie/puppy/financial_events.csv,amount,2026.07.19.2
CEO_BARKED_TWICE,PUPPY,TX-L1-004,currency,STRING,BSC,,,,,,,false,7,genie/puppy/financial_events.csv,currency,2026.07.19.2
CEO_BARKED_TWICE,PUPPY,TX-L1-004,reference,STRING,IRON-2025-1001,,,,,,,false,8,genie/puppy/financial_events.csv,reference,2026.07.19.2
CEO_BARKED_TWICE,PUPPY,TX-L1-004,invoice_id,STRING,INV-0002,,,,,,,false,9,genie/puppy/financial_events.csv,invoice_id,2026.07.19.2
CEO_BARKED_TWICE,PUPPY,TX-L1-004,purchase_order_id,STRING,PO-26002,,,,,,,false,10,genie/puppy/financial_events.csv,purchase_order_id,2026.07.19.2
CEO_BARKED_TWICE,PUPPY,TX-L1-004,status,STRING,SETTLED,,,,,,,false,11,genie/puppy/financial_events.csv,status,2026.07.19.2
CEO_BARKED_TWICE,PUPPY,TX-L1-004,reversed_transaction_id,NULL,,,,,,,null,false,12,genie/puppy/financial_events.csv,reversed_transaction_id,2026.07.19.2
CEO_BARKED_TWICE,PUPPY,TX-L1-005,transaction_id,STRING,TX-L1-005,,,,,,,false,1,genie/puppy/financial_events.csv,transaction_id,2026.07.19.2
CEO_BARKED_TWICE,PUPPY,TX-L1-005,occurred_at,TIMESTAMP,,,,,,2025-08-17T00:00:00Z,,false,2,genie/puppy/financial_events.csv,occurred_at,2026.07.19.2
CEO_BARKED_TWICE,PUPPY,TX-L1-005,transaction_type,STRING,VENDOR_PAYMENT,,,,,,,false,3,genie/puppy/financial_events.csv,transaction_type,2026.07.19.2
CEO_BARKED_TWICE,PUPPY,TX-L1-005,source_account_id,STRING,A-SCC-1001,,,,,,,false,4,genie/puppy/financial_events.csv,source_account_id,2026.07.19.2
CEO_BARKED_TWICE,PUPPY,TX-L1-005,destination_account_id,STRING,A-WIRE-3082,,,,,,,false,5,genie/puppy/financial_events.csv,destination_account_id,2026.07.19.2
CEO_BARKED_TWICE,PUPPY,TX-L1-005,amount,DECIMAL,,,86000.00,,,,,false,6,genie/puppy/financial_events.csv,amount,2026.07.19.2
CEO_BARKED_TWICE,PUPPY,TX-L1-005,currency,STRING,BSC,,,,,,,false,7,genie/puppy/financial_events.csv,currency,2026.07.19.2
CEO_BARKED_TWICE,PUPPY,TX-L1-005,reference,STRING,WIRE-2025-1002,,,,,,,false,8,genie/puppy/financial_events.csv,reference,2026.07.19.2
CEO_BARKED_TWICE,PUPPY,TX-L1-005,invoice_id,STRING,INV-0003,,,,,,,false,9,genie/puppy/financial_events.csv,invoice_id,2026.07.19.2
CEO_BARKED_TWICE,PUPPY,TX-L1-005,purchase_order_id,STRING,PO-26003,,,,,,,false,10,genie/puppy/financial_events.csv,purchase_order_id,2026.07.19.2
CEO_BARKED_TWICE,PUPPY,TX-L1-005,status,STRING,SETTLED,,,,,,,false,11,genie/puppy/financial_events.csv,status,2026.07.19.2
CEO_BARKED_TWICE,PUPPY,TX-L1-005,reversed_transaction_id,NULL,,,,,,,null,false,12,genie/puppy/financial_events.csv,reversed_transaction_id,2026.07.19.2
CEO_BARKED_TWICE,PUPPY,TX-L1-006,transaction_id,STRING,TX-L1-006,,,,,,,false,1,genie/puppy/financial_events.csv,transaction_id,2026.07.19.2
CEO_BARKED_TWICE,PUPPY,TX-L1-006,occurred_at,TIMESTAMP,,,,,,2025-08-21T00:00:00Z,,false,2,genie/puppy/financial_events.csv,occurred_at,2026.07.19.2
CEO_BARKED_TWICE,PUPPY,TX-L1-006,transaction_type,STRING,VENDOR_PAYMENT,,,,,,,false,3,genie/puppy/financial_events.csv,transaction_type,2026.07.19.2
CEO_BARKED_TWICE,PUPPY,TX-L1-006,source_account_id,STRING,A-SCC-1001,,,,,,,false,4,genie/puppy/financial_events.csv,source_account_id,2026.07.19.2
CEO_BARKED_TWICE,PUPPY,TX-L1-006,destination_account_id,STRING,A-TAIL-3123,,,,,,,false,5,genie/puppy/financial_events.csv,destination_account_id,2026.07.19.2
CEO_BARKED_TWICE,PUPPY,TX-L1-006,amount,DECIMAL,,,95000.00,,,,,false,6,genie/puppy/financial_events.csv,amount,2026.07.19.2
CEO_BARKED_TWICE,PUPPY,TX-L1-006,currency,STRING,BSC,,,,,,,false,7,genie/puppy/financial_events.csv,currency,2026.07.19.2
CEO_BARKED_TWICE,PUPPY,TX-L1-006,reference,STRING,TAIL-2025-1003,,,,,,,false,8,genie/puppy/financial_events.csv,reference,2026.07.19.2
CEO_BARKED_TWICE,PUPPY,TX-L1-006,invoice_id,STRING,INV-0004,,,,,,,false,9,genie/puppy/financial_events.csv,invoice_id,2026.07.19.2
CEO_BARKED_TWICE,PUPPY,TX-L1-006,purchase_order_id,STRING,PO-26004,,,,,,,false,10,genie/puppy/financial_events.csv,purchase_order_id,2026.07.19.2
CEO_BARKED_TWICE,PUPPY,TX-L1-006,status,STRING,SETTLED,,,,,,,false,11,genie/puppy/financial_events.csv,status,2026.07.19.2
CEO_BARKED_TWICE,PUPPY,TX-L1-006,reversed_transaction_id,NULL,,,,,,,null,false,12,genie/puppy/financial_events.csv,reversed_transaction_id,2026.07.19.2
CEO_BARKED_TWICE,PUPPY,TX-L1-007,transaction_id,STRING,TX-L1-007,,,,,,,false,1,genie/puppy/financial_events.csv,transaction_id,2026.07.19.2
CEO_BARKED_TWICE,PUPPY,TX-L1-007,occurred_at,TIMESTAMP,,,,,,2025-08-25T00:00:00Z,,false,2,genie/puppy/financial_events.csv,occurred_at,2026.07.19.2
CEO_BARKED_TWICE,PUPPY,TX-L1-007,transaction_type,STRING,VENDOR_PAYMENT,,,,,,,false,3,genie/puppy/financial_events.csv,transaction_type,2026.07.19.2
CEO_BARKED_TWICE,PUPPY,TX-L1-007,source_account_id,STRING,A-SCC-1001,,,,,,,false,4,genie/puppy/financial_events.csv,source_account_id,2026.07.19.2
CEO_BARKED_TWICE,PUPPY,TX-L1-007,destination_account_id,STRING,A-BLUEBOWL-3164,,,,,,,false,5,genie/puppy/financial_events.csv,destination_account_id,2026.07.19.2
CEO_BARKED_TWICE,PUPPY,TX-L1-007,amount,DECIMAL,,,104000.00,,,,,false,6,genie/puppy/financial_events.csv,amount,2026.07.19.2
CEO_BARKED_TWICE,PUPPY,TX-L1-007,currency,STRING,BSC,,,,,,,false,7,genie/puppy/financial_events.csv,currency,2026.07.19.2
CEO_BARKED_TWICE,PUPPY,TX-L1-007,reference,STRING,BLUEBOWL-2025-1004,,,,,,,false,8,genie/puppy/financial_events.csv,reference,2026.07.19.2
CEO_BARKED_TWICE,PUPPY,TX-L1-007,invoice_id,STRING,INV-0005,,,,,,,false,9,genie/puppy/financial_events.csv,invoice_id,2026.07.19.2
CEO_BARKED_TWICE,PUPPY,TX-L1-007,purchase_order_id,STRING,PO-26005,,,,,,,false,10,genie/puppy/financial_events.csv,purchase_order_id,2026.07.19.2
CEO_BARKED_TWICE,PUPPY,TX-L1-007,status,STRING,SETTLED,,,,,,,false,11,genie/puppy/financial_events.csv,status,2026.07.19.2
CEO_BARKED_TWICE,PUPPY,TX-L1-007,reversed_transaction_id,NULL,,,,,,,null,false,12,genie/puppy/financial_events.csv,reversed_transaction_id,2026.07.19.2
CEO_BARKED_TWICE,PUPPY,TX-L1-008,transaction_id,STRING,TX-L1-008,,,,,,,false,1,genie/puppy/financial_events.csv,transaction_id,2026.07.19.2
CEO_BARKED_TWICE,PUPPY,TX-L1-008,occurred_at,TIMESTAMP,,,,,,2025-08-29T00:00:00Z,,false,2,genie/puppy/financial_events.csv,occurred_at,2026.07.19.2
CEO_BARKED_TWICE,PUPPY,TX-L1-008,transaction_type,STRING,VENDOR_PAYMENT,,,,,,,false,3,genie/puppy/financial_events.csv,transaction_type,2026.07.19.2
CEO_BARKED_TWICE,PUPPY,TX-L1-008,source_account_id,STRING,A-SCC-1001,,,,,,,false,4,genie/puppy/financial_events.csv,source_account_id,2026.07.19.2
CEO_BARKED_TWICE,PUPPY,TX-L1-008,destination_account_id,STRING,A-HOUNDOFF-3205,,,,,,,false,5,genie/puppy/financial_events.csv,destination_account_id,2026.07.19.2
CEO_BARKED_TWICE,PUPPY,TX-L1-008,amount,DECIMAL,,,50000.00,,,,,false,6,genie/puppy/financial_events.csv,amount,2026.07.19.2
CEO_BARKED_TWICE,PUPPY,TX-L1-008,currency,STRING,BSC,,,,,,,false,7,genie/puppy/financial_events.csv,currency,2026.07.19.2
CEO_BARKED_TWICE,PUPPY,TX-L1-008,reference,STRING,HOUNDOFF-2025-1005,,,,,,,false,8,genie/puppy/financial_events.csv,reference,2026.07.19.2
CEO_BARKED_TWICE,PUPPY,TX-L1-008,invoice_id,STRING,INV-0006,,,,,,,false,9,genie/puppy/financial_events.csv,invoice_id,2026.07.19.2
CEO_BARKED_TWICE,PUPPY,TX-L1-008,purchase_order_id,STRING,PO-26006,,,,,,,false,10,genie/puppy/financial_events.csv,purchase_order_id,2026.07.19.2
CEO_BARKED_TWICE,PUPPY,TX-L1-008,status,STRING,SETTLED,,,,,,,false,11,genie/puppy/financial_events.csv,status,2026.07.19.2
CEO_BARKED_TWICE,PUPPY,TX-L1-008,reversed_transaction_id,NULL,,,,,,,null,false,12,genie/puppy/financial_events.csv,reversed_transaction_id,2026.07.19.2
CEO_BARKED_TWICE,PUPPY,TX-L1-009,transaction_id,STRING,TX-L1-009,,,,,,,false,1,genie/puppy/financial_events.csv,transaction_id,2026.07.19.2
CEO_BARKED_TWICE,PUPPY,TX-L1-009,occurred_at,TIMESTAMP,,,,,,2025-09-02T00:00:00Z,,false,2,genie/puppy/financial_events.csv,occurred_at,2026.07.19.2
CEO_BARKED_TWICE,PUPPY,TX-L1-009,transaction_type,STRING,VENDOR_PAYMENT,,,,,,,false,3,genie/puppy/financial_events.csv,transaction_type,2026.07.19.2
CEO_BARKED_TWICE,PUPPY,TX-L1-009,source_account_id,STRING,A-SCC-1001,,,,,,,false,4,genie/puppy/financial_events.csv,source_account_id,2026.07.19.2
CEO_BARKED_TWICE,PUPPY,TX-L1-009,destination_account_id,STRING,A-RETRIEVER-3246,,,,,,,false,5,genie/puppy/financial_events.csv,destination_account_id,2026.07.19.2
CEO_BARKED_TWICE,PUPPY,TX-L1-009,amount,DECIMAL,,,59000.00,,,,,false,6,genie/puppy/financial_events.csv,amount,2026.07.19.2
CEO_BARKED_TWICE,PUPPY,TX-L1-009,currency,STRING,BSC,,,,,,,false,7,genie/puppy/financial_events.csv,currency,2026.07.19.2
CEO_BARKED_TWICE,PUPPY,TX-L1-009,reference,STRING,RETRIEVER-2025-1006,,,,,,,false,8,genie/puppy/financial_events.csv,reference,2026.07.19.2
CEO_BARKED_TWICE,PUPPY,TX-L1-009,invoice_id,STRING,INV-0007,,,,,,,false,9,genie/puppy/financial_events.csv,invoice_id,2026.07.19.2
CEO_BARKED_TWICE,PUPPY,TX-L1-009,purchase_order_id,STRING,PO-26007,,,,,,,false,10,genie/puppy/financial_events.csv,purchase_order_id,2026.07.19.2
CEO_BARKED_TWICE,PUPPY,TX-L1-009,status,STRING,SETTLED,,,,,,,false,11,genie/puppy/financial_events.csv,status,2026.07.19.2
CEO_BARKED_TWICE,PUPPY,TX-L1-009,reversed_transaction_id,NULL,,,,,,,null,false,12,genie/puppy/financial_events.csv,reversed_transaction_id,2026.07.19.2
CEO_BARKED_TWICE,PUPPY,TX-L1-010,transaction_id,STRING,TX-L1-010,,,,,,,false,1,genie/puppy/financial_events.csv,transaction_id,2026.07.19.2
CEO_BARKED_TWICE,PUPPY,TX-L1-010,occurred_at,TIMESTAMP,,,,,,2025-09-06T00:00:00Z,,false,2,genie/puppy/financial_events.csv,occurred_at,2026.07.19.2
CEO_BARKED_TWICE,PUPPY,TX-L1-010,transaction_type,STRING,VENDOR_PAYMENT,,,,,,,false,3,genie/puppy/financial_events.csv,transaction_type,2026.07.19.2
CEO_BARKED_TWICE,PUPPY,TX-L1-010,source_account_id,STRING,A-SCC-1001,,,,,,,false,4,genie/puppy/financial_events.csv,source_account_id,2026.07.19.2
CEO_BARKED_TWICE,PUPPY,TX-L1-010,destination_account_id,STRING,A-COPPER-2207,,,,,,,false,5,genie/puppy/financial_events.csv,destination_account_id,2026.07.19.2
CEO_BARKED_TWICE,PUPPY,TX-L1-010,amount,DECIMAL,,,68000.00,,,,,false,6,genie/puppy/financial_events.csv,amount,2026.07.19.2
CEO_BARKED_TWICE,PUPPY,TX-L1-010,currency,STRING,BSC,,,,,,,false,7,genie/puppy/financial_events.csv,currency,2026.07.19.2
CEO_BARKED_TWICE,PUPPY,TX-L1-010,reference,STRING,COPPER-2025-1007,,,,,,,false,8,genie/puppy/financial_events.csv,reference,2026.07.19.2
CEO_BARKED_TWICE,PUPPY,TX-L1-010,invoice_id,STRING,INV-0008,,,,,,,false,9,genie/puppy/financial_events.csv,invoice_id,2026.07.19.2
CEO_BARKED_TWICE,PUPPY,TX-L1-010,purchase_order_id,STRING,PO-26008,,,,,,,false,10,genie/puppy/financial_events.csv,purchase_order_id,2026.07.19.2
CEO_BARKED_TWICE,PUPPY,TX-L1-010,status,STRING,SETTLED,,,,,,,false,11,genie/puppy/financial_events.csv,status,2026.07.19.2
CEO_BARKED_TWICE,PUPPY,TX-L1-010,reversed_transaction_id,NULL,,,,,,,null,false,12,genie/puppy/financial_events.csv,reversed_transaction_id,2026.07.19.2
CEO_BARKED_TWICE,PUPPY,TX-L1-011,transaction_id,STRING,TX-L1-011,,,,,,,false,1,genie/puppy/financial_events.csv,transaction_id,2026.07.19.2
CEO_BARKED_TWICE,PUPPY,TX-L1-011,occurred_at,TIMESTAMP,,,,,,2025-09-10T00:00:00Z,,false,2,genie/puppy/financial_events.csv,occurred_at,2026.07.19.2
CEO_BARKED_TWICE,PUPPY,TX-L1-011,transaction_type,STRING,VENDOR_PAYMENT,,,,,,,false,3,genie/puppy/financial_events.csv,transaction_type,2026.07.19.2
CEO_BARKED_TWICE,PUPPY,TX-L1-011,source_account_id,STRING,A-SCC-1001,,,,,,,false,4,genie/puppy/financial_events.csv,source_account_id,2026.07.19.2
CEO_BARKED_TWICE,PUPPY,TX-L1-011,destination_account_id,STRING,A-IRON-3041,,,,,,,false,5,genie/puppy/financial_events.csv,destination_account_id,2026.07.19.2
CEO_BARKED_TWICE,PUPPY,TX-L1-011,amount,DECIMAL,,,77000.00,,,,,false,6,genie/puppy/financial_events.csv,amount,2026.07.19.2
CEO_BARKED_TWICE,PUPPY,TX-L1-011,currency,STRING,BSC,,,,,,,false,7,genie/puppy/financial_events.csv,currency,2026.07.19.2
CEO_BARKED_TWICE,PUPPY,TX-L1-011,reference,STRING,IRON-2025-1008,,,,,,,false,8,genie/puppy/financial_events.csv,reference,2026.07.19.2
CEO_BARKED_TWICE,PUPPY,TX-L1-011,invoice_id,STRING,INV-0009,,,,,,,false,9,genie/puppy/financial_events.csv,invoice_id,2026.07.19.2
CEO_BARKED_TWICE,PUPPY,TX-L1-011,purchase_order_id,STRING,PO-26009,,,,,,,false,10,genie/puppy/financial_events.csv,purchase_order_id,2026.07.19.2
CEO_BARKED_TWICE,PUPPY,TX-L1-011,status,STRING,SETTLED,,,,,,,false,11,genie/puppy/financial_events.csv,status,2026.07.19.2
CEO_BARKED_TWICE,PUPPY,TX-L1-011,reversed_transaction_id,NULL,,,,,,,null,false,12,genie/puppy/financial_events.csv,reversed_transaction_id,2026.07.19.2
CEO_BARKED_TWICE,PUPPY,TX-L1-012,transaction_id,STRING,TX-L1-012,,,,,,,false,1,genie/puppy/financial_events.csv,transaction_id,2026.07.19.2
CEO_BARKED_TWICE,PUPPY,TX-L1-012,occurred_at,TIMESTAMP,,,,,,2025-09-14T00:00:00Z,,false,2,genie/puppy/financial_events.csv,occurred_at,2026.07.19.2
CEO_BARKED_TWICE,PUPPY,TX-L1-012,transaction_type,STRING,VENDOR_PAYMENT,,,,,,,false,3,genie/puppy/financial_events.csv,transaction_type,2026.07.19.2
CEO_BARKED_TWICE,PUPPY,TX-L1-012,source_account_id,STRING,A-SCC-1001,,,,,,,false,4,genie/puppy/financial_events.csv,source_account_id,2026.07.19.2
CEO_BARKED_TWICE,PUPPY,TX-L1-012,destination_account_id,STRING,A-WIRE-3082,,,,,,,false,5,genie/puppy/financial_events.csv,destination_account_id,2026.07.19.2
CEO_BARKED_TWICE,PUPPY,TX-L1-012,amount,DECIMAL,,,83300.00,,,,,false,6,genie/puppy/financial_events.csv,amount,2026.07.19.2
CEO_BARKED_TWICE,PUPPY,TX-L1-012,currency,STRING,BSC,,,,,,,false,7,genie/puppy/financial_events.csv,currency,2026.07.19.2
CEO_BARKED_TWICE,PUPPY,TX-L1-012,reference,STRING,WIRE-2025-1009,,,,,,,false,8,genie/puppy/financial_events.csv,reference,2026.07.19.2
CEO_BARKED_TWICE,PUPPY,TX-L1-012,invoice_id,STRING,INV-0010,,,,,,,false,9,genie/puppy/financial_events.csv,invoice_id,2026.07.19.2
CEO_BARKED_TWICE,PUPPY,TX-L1-012,purchase_order_id,STRING,PO-26010,,,,,,,false,10,genie/puppy/financial_events.csv,purchase_order_id,2026.07.19.2
CEO_BARKED_TWICE,PUPPY,TX-L1-012,status,STRING,SETTLED,,,,,,,false,11,genie/puppy/financial_events.csv,status,2026.07.19.2
CEO_BARKED_TWICE,PUPPY,TX-L1-012,reversed_transaction_id,NULL,,,,,,,null,false,12,genie/puppy/financial_events.csv,reversed_transaction_id,2026.07.19.2
CEO_BARKED_TWICE,PUPPY,TX-L1-013,transaction_id,STRING,TX-L1-013,,,,,,,false,1,genie/puppy/financial_events.csv,transaction_id,2026.07.19.2
CEO_BARKED_TWICE,PUPPY,TX-L1-013,occurred_at,TIMESTAMP,,,,,,2025-09-18T00:00:00Z,,false,2,genie/puppy/financial_events.csv,occurred_at,2026.07.19.2
CEO_BARKED_TWICE,PUPPY,TX-L1-013,transaction_type,STRING,VENDOR_PAYMENT,,,,,,,false,3,genie/puppy/financial_events.csv,transaction_type,2026.07.19.2
CEO_BARKED_TWICE,PUPPY,TX-L1-013,source_account_id,STRING,A-SCC-1001,,,,,,,false,4,genie/puppy/financial_events.csv,source_account_id,2026.07.19.2
CEO_BARKED_TWICE,PUPPY,TX-L1-013,destination_account_id,STRING,A-TAIL-3123,,,,,,,false,5,genie/puppy/financial_events.csv,destination_account_id,2026.07.19.2
CEO_BARKED_TWICE,PUPPY,TX-L1-013,amount,DECIMAL,,,91020.00,,,,,false,6,genie/puppy/financial_events.csv,amount,2026.07.19.2
CEO_BARKED_TWICE,PUPPY,TX-L1-013,currency,STRING,BSC,,,,,,,false,7,genie/puppy/financial_events.csv,currency,2026.07.19.2
CEO_BARKED_TWICE,PUPPY,TX-L1-013,reference,STRING,TAIL-2025-1010,,,,,,,false,8,genie/puppy/financial_events.csv,reference,2026.07.19.2
CEO_BARKED_TWICE,PUPPY,TX-L1-013,invoice_id,STRING,INV-0011,,,,,,,false,9,genie/puppy/financial_events.csv,invoice_id,2026.07.19.2
CEO_BARKED_TWICE,PUPPY,TX-L1-013,purchase_order_id,STRING,PO-26011,,,,,,,false,10,genie/puppy/financial_events.csv,purchase_order_id,2026.07.19.2
CEO_BARKED_TWICE,PUPPY,TX-L1-013,status,STRING,SETTLED,,,,,,,false,11,genie/puppy/financial_events.csv,status,2026.07.19.2
CEO_BARKED_TWICE,PUPPY,TX-L1-013,reversed_transaction_id,NULL,,,,,,,null,false,12,genie/puppy/financial_events.csv,reversed_transaction_id,2026.07.19.2
CEO_BARKED_TWICE,PUPPY,TX-L1-014,transaction_id,STRING,TX-L1-014,,,,,,,false,1,genie/puppy/financial_events.csv,transaction_id,2026.07.19.2
CEO_BARKED_TWICE,PUPPY,TX-L1-014,occurred_at,TIMESTAMP,,,,,,2025-09-22T00:00:00Z,,false,2,genie/puppy/financial_events.csv,occurred_at,2026.07.19.2
CEO_BARKED_TWICE,PUPPY,TX-L1-014,transaction_type,STRING,VENDOR_PAYMENT,,,,,,,false,3,genie/puppy/financial_events.csv,transaction_type,2026.07.19.2
CEO_BARKED_TWICE,PUPPY,TX-L1-014,source_account_id,STRING,A-SCC-1001,,,,,,,false,4,genie/puppy/financial_events.csv,source_account_id,2026.07.19.2
CEO_BARKED_TWICE,PUPPY,TX-L1-014,destination_account_id,STRING,A-BLUEBOWL-3164,,,,,,,false,5,genie/puppy/financial_events.csv,destination_account_id,2026.07.19.2
CEO_BARKED_TWICE,PUPPY,TX-L1-014,amount,DECIMAL,,,104000.00,,,,,false,6,genie/puppy/financial_events.csv,amount,2026.07.19.2
CEO_BARKED_TWICE,PUPPY,TX-L1-014,currency,STRING,BSC,,,,,,,false,7,genie/puppy/financial_events.csv,currency,2026.07.19.2
CEO_BARKED_TWICE,PUPPY,TX-L1-014,reference,STRING,BLUEBOWL-2025-1011,,,,,,,false,8,genie/puppy/financial_events.csv,reference,2026.07.19.2
CEO_BARKED_TWICE,PUPPY,TX-L1-014,invoice_id,STRING,INV-0012,,,,,,,false,9,genie/puppy/financial_events.csv,invoice_id,2026.07.19.2
CEO_BARKED_TWICE,PUPPY,TX-L1-014,purchase_order_id,STRING,PO-26012,,,,,,,false,10,genie/puppy/financial_events.csv,purchase_order_id,2026.07.19.2
CEO_BARKED_TWICE,PUPPY,TX-L1-014,status,STRING,SETTLED,,,,,,,false,11,genie/puppy/financial_events.csv,status,2026.07.19.2
CEO_BARKED_TWICE,PUPPY,TX-L1-014,reversed_transaction_id,NULL,,,,,,,null,false,12,genie/puppy/financial_events.csv,reversed_transaction_id,2026.07.19.2
CEO_BARKED_TWICE,PUPPY,TX-L1-015,transaction_id,STRING,TX-L1-015,,,,,,,false,1,genie/puppy/financial_events.csv,transaction_id,2026.07.19.2
CEO_BARKED_TWICE,PUPPY,TX-L1-015,occurred_at,TIMESTAMP,,,,,,2025-09-26T00:00:00Z,,false,2,genie/puppy/financial_events.csv,occurred_at,2026.07.19.2
CEO_BARKED_TWICE,PUPPY,TX-L1-015,transaction_type,STRING,VENDOR_PAYMENT,,,,,,,false,3,genie/puppy/financial_events.csv,transaction_type,2026.07.19.2
CEO_BARKED_TWICE,PUPPY,TX-L1-015,source_account_id,STRING,A-SCC-1001,,,,,,,false,4,genie/puppy/financial_events.csv,source_account_id,2026.07.19.2
CEO_BARKED_TWICE,PUPPY,TX-L1-015,destination_account_id,STRING,A-HOUNDOFF-3205,,,,,,,false,5,genie/puppy/financial_events.csv,destination_account_id,2026.07.19.2
CEO_BARKED_TWICE,PUPPY,TX-L1-015,amount,DECIMAL,,,50000.00,,,,,false,6,genie/puppy/financial_events.csv,amount,2026.07.19.2
CEO_BARKED_TWICE,PUPPY,TX-L1-015,currency,STRING,BSC,,,,,,,false,7,genie/puppy/financial_events.csv,currency,2026.07.19.2
CEO_BARKED_TWICE,PUPPY,TX-L1-015,reference,STRING,HOUNDOFF-2025-1012,,,,,,,false,8,genie/puppy/financial_events.csv,reference,2026.07.19.2
CEO_BARKED_TWICE,PUPPY,TX-L1-015,invoice_id,STRING,INV-0013,,,,,,,false,9,genie/puppy/financial_events.csv,invoice_id,2026.07.19.2
CEO_BARKED_TWICE,PUPPY,TX-L1-015,purchase_order_id,STRING,PO-26013,,,,,,,false,10,genie/puppy/financial_events.csv,purchase_order_id,2026.07.19.2
CEO_BARKED_TWICE,PUPPY,TX-L1-015,status,STRING,SETTLED,,,,,,,false,11,genie/puppy/financial_events.csv,status,2026.07.19.2
CEO_BARKED_TWICE,PUPPY,TX-L1-015,reversed_transaction_id,NULL,,,,,,,null,false,12,genie/puppy/financial_events.csv,reversed_transaction_id,2026.07.19.2
CEO_BARKED_TWICE,PUPPY,TX-L1-016,transaction_id,STRING,TX-L1-016,,,,,,,false,1,genie/puppy/financial_events.csv,transaction_id,2026.07.19.2
CEO_BARKED_TWICE,PUPPY,TX-L1-016,occurred_at,TIMESTAMP,,,,,,2025-09-30T00:00:00Z,,false,2,genie/puppy/financial_events.csv,occurred_at,2026.07.19.2
CEO_BARKED_TWICE,PUPPY,TX-L1-016,transaction_type,STRING,VENDOR_PAYMENT,,,,,,,false,3,genie/puppy/financial_events.csv,transaction_type,2026.07.19.2
CEO_BARKED_TWICE,PUPPY,TX-L1-016,source_account_id,STRING,A-SCC-1001,,,,,,,false,4,genie/puppy/financial_events.csv,source_account_id,2026.07.19.2
CEO_BARKED_TWICE,PUPPY,TX-L1-016,destination_account_id,STRING,A-RETRIEVER-3246,,,,,,,false,5,genie/puppy/financial_events.csv,destination_account_id,2026.07.19.2
CEO_BARKED_TWICE,PUPPY,TX-L1-016,amount,DECIMAL,,,59000.00,,,,,false,6,genie/puppy/financial_events.csv,amount,2026.07.19.2
CEO_BARKED_TWICE,PUPPY,TX-L1-016,currency,STRING,BSC,,,,,,,false,7,genie/puppy/financial_events.csv,currency,2026.07.19.2
CEO_BARKED_TWICE,PUPPY,TX-L1-016,reference,STRING,RETRIEVER-2025-1013,,,,,,,false,8,genie/puppy/financial_events.csv,reference,2026.07.19.2
CEO_BARKED_TWICE,PUPPY,TX-L1-016,invoice_id,STRING,INV-0014,,,,,,,false,9,genie/puppy/financial_events.csv,invoice_id,2026.07.19.2
CEO_BARKED_TWICE,PUPPY,TX-L1-016,purchase_order_id,STRING,PO-26014,,,,,,,false,10,genie/puppy/financial_events.csv,purchase_order_id,2026.07.19.2
CEO_BARKED_TWICE,PUPPY,TX-L1-016,status,STRING,SETTLED,,,,,,,false,11,genie/puppy/financial_events.csv,status,2026.07.19.2
CEO_BARKED_TWICE,PUPPY,TX-L1-016,reversed_transaction_id,NULL,,,,,,,null,false,12,genie/puppy/financial_events.csv,reversed_transaction_id,2026.07.19.2
CEO_BARKED_TWICE,PUPPY,TX-L1-017,transaction_id,STRING,TX-L1-017,,,,,,,false,1,genie/puppy/financial_events.csv,transaction_id,2026.07.19.2
CEO_BARKED_TWICE,PUPPY,TX-L1-017,occurred_at,TIMESTAMP,,,,,,2025-10-04T00:00:00Z,,false,2,genie/puppy/financial_events.csv,occurred_at,2026.07.19.2
CEO_BARKED_TWICE,PUPPY,TX-L1-017,transaction_type,STRING,VENDOR_PAYMENT,,,,,,,false,3,genie/puppy/financial_events.csv,transaction_type,2026.07.19.2
CEO_BARKED_TWICE,PUPPY,TX-L1-017,source_account_id,STRING,A-SCC-1001,,,,,,,false,4,genie/puppy/financial_events.csv,source_account_id,2026.07.19.2
CEO_BARKED_TWICE,PUPPY,TX-L1-017,destination_account_id,STRING,A-COPPER-2207,,,,,,,false,5,genie/puppy/financial_events.csv,destination_account_id,2026.07.19.2
CEO_BARKED_TWICE,PUPPY,TX-L1-017,amount,DECIMAL,,,68000.00,,,,,false,6,genie/puppy/financial_events.csv,amount,2026.07.19.2
CEO_BARKED_TWICE,PUPPY,TX-L1-017,currency,STRING,BSC,,,,,,,false,7,genie/puppy/financial_events.csv,currency,2026.07.19.2
CEO_BARKED_TWICE,PUPPY,TX-L1-017,reference,STRING,COPPER-2025-1014,,,,,,,false,8,genie/puppy/financial_events.csv,reference,2026.07.19.2
CEO_BARKED_TWICE,PUPPY,TX-L1-017,invoice_id,STRING,INV-0015,,,,,,,false,9,genie/puppy/financial_events.csv,invoice_id,2026.07.19.2
CEO_BARKED_TWICE,PUPPY,TX-L1-017,purchase_order_id,STRING,PO-26015,,,,,,,false,10,genie/puppy/financial_events.csv,purchase_order_id,2026.07.19.2
CEO_BARKED_TWICE,PUPPY,TX-L1-017,status,STRING,SETTLED,,,,,,,false,11,genie/puppy/financial_events.csv,status,2026.07.19.2
CEO_BARKED_TWICE,PUPPY,TX-L1-017,reversed_transaction_id,NULL,,,,,,,null,false,12,genie/puppy/financial_events.csv,reversed_transaction_id,2026.07.19.2
CEO_BARKED_TWICE,PUPPY,TX-L1-018,transaction_id,STRING,TX-L1-018,,,,,,,false,1,genie/puppy/financial_events.csv,transaction_id,2026.07.19.2
CEO_BARKED_TWICE,PUPPY,TX-L1-018,occurred_at,TIMESTAMP,,,,,,2025-10-08T00:00:00Z,,false,2,genie/puppy/financial_events.csv,occurred_at,2026.07.19.2
CEO_BARKED_TWICE,PUPPY,TX-L1-018,transaction_type,STRING,VENDOR_PAYMENT,,,,,,,false,3,genie/puppy/financial_events.csv,transaction_type,2026.07.19.2
CEO_BARKED_TWICE,PUPPY,TX-L1-018,source_account_id,STRING,A-SCC-1001,,,,,,,false,4,genie/puppy/financial_events.csv,source_account_id,2026.07.19.2
CEO_BARKED_TWICE,PUPPY,TX-L1-018,destination_account_id,STRING,A-IRON-3041,,,,,,,false,5,genie/puppy/financial_events.csv,destination_account_id,2026.07.19.2
CEO_BARKED_TWICE,PUPPY,TX-L1-018,amount,DECIMAL,,,77000.00,,,,,false,6,genie/puppy/financial_events.csv,amount,2026.07.19.2
CEO_BARKED_TWICE,PUPPY,TX-L1-018,currency,STRING,BSC,,,,,,,false,7,genie/puppy/financial_events.csv,currency,2026.07.19.2
CEO_BARKED_TWICE,PUPPY,TX-L1-018,reference,STRING,IRON-2025-1015,,,,,,,false,8,genie/puppy/financial_events.csv,reference,2026.07.19.2
CEO_BARKED_TWICE,PUPPY,TX-L1-018,invoice_id,STRING,INV-0016,,,,,,,false,9,genie/puppy/financial_events.csv,invoice_id,2026.07.19.2
CEO_BARKED_TWICE,PUPPY,TX-L1-018,purchase_order_id,STRING,PO-26016,,,,,,,false,10,genie/puppy/financial_events.csv,purchase_order_id,2026.07.19.2
CEO_BARKED_TWICE,PUPPY,TX-L1-018,status,STRING,SETTLED,,,,,,,false,11,genie/puppy/financial_events.csv,status,2026.07.19.2
CEO_BARKED_TWICE,PUPPY,TX-L1-018,reversed_transaction_id,NULL,,,,,,,null,false,12,genie/puppy/financial_events.csv,reversed_transaction_id,2026.07.19.2
CEO_BARKED_TWICE,PUPPY,TX-L1-019,transaction_id,STRING,TX-L1-019,,,,,,,false,1,genie/puppy/financial_events.csv,transaction_id,2026.07.19.2
CEO_BARKED_TWICE,PUPPY,TX-L1-019,occurred_at,TIMESTAMP,,,,,,2025-10-12T00:00:00Z,,false,2,genie/puppy/financial_events.csv,occurred_at,2026.07.19.2
CEO_BARKED_TWICE,PUPPY,TX-L1-019,transaction_type,STRING,VENDOR_PAYMENT,,,,,,,false,3,genie/puppy/financial_events.csv,transaction_type,2026.07.19.2
CEO_BARKED_TWICE,PUPPY,TX-L1-019,source_account_id,STRING,A-SCC-1001,,,,,,,false,4,genie/puppy/financial_events.csv,source_account_id,2026.07.19.2
CEO_BARKED_TWICE,PUPPY,TX-L1-019,destination_account_id,STRING,A-WIRE-3082,,,,,,,false,5,genie/puppy/financial_events.csv,destination_account_id,2026.07.19.2
CEO_BARKED_TWICE,PUPPY,TX-L1-019,amount,DECIMAL,,,86000.00,,,,,false,6,genie/puppy/financial_events.csv,amount,2026.07.19.2
CEO_BARKED_TWICE,PUPPY,TX-L1-019,currency,STRING,BSC,,,,,,,false,7,genie/puppy/financial_events.csv,currency,2026.07.19.2
CEO_BARKED_TWICE,PUPPY,TX-L1-019,reference,STRING,WIRE-2025-1016,,,,,,,false,8,genie/puppy/financial_events.csv,reference,2026.07.19.2
CEO_BARKED_TWICE,PUPPY,TX-L1-019,invoice_id,STRING,INV-0017,,,,,,,false,9,genie/puppy/financial_events.csv,invoice_id,2026.07.19.2
CEO_BARKED_TWICE,PUPPY,TX-L1-019,purchase_order_id,STRING,PO-26017,,,,,,,false,10,genie/puppy/financial_events.csv,purchase_order_id,2026.07.19.2
CEO_BARKED_TWICE,PUPPY,TX-L1-019,status,STRING,SETTLED,,,,,,,false,11,genie/puppy/financial_events.csv,status,2026.07.19.2
CEO_BARKED_TWICE,PUPPY,TX-L1-019,reversed_transaction_id,NULL,,,,,,,null,false,12,genie/puppy/financial_events.csv,reversed_transaction_id,2026.07.19.2
CEO_BARKED_TWICE,PUPPY,TX-L1-020,transaction_id,STRING,TX-L1-020,,,,,,,false,1,genie/puppy/financial_events.csv,transaction_id,2026.07.19.2
CEO_BARKED_TWICE,PUPPY,TX-L1-020,occurred_at,TIMESTAMP,,,,,,2025-10-16T00:00:00Z,,false,2,genie/puppy/financial_events.csv,occurred_at,2026.07.19.2
CEO_BARKED_TWICE,PUPPY,TX-L1-020,transaction_type,STRING,VENDOR_PAYMENT,,,,,,,false,3,genie/puppy/financial_events.csv,transaction_type,2026.07.19.2
CEO_BARKED_TWICE,PUPPY,TX-L1-020,source_account_id,STRING,A-SCC-1001,,,,,,,false,4,genie/puppy/financial_events.csv,source_account_id,2026.07.19.2
CEO_BARKED_TWICE,PUPPY,TX-L1-020,destination_account_id,STRING,A-TAIL-3123,,,,,,,false,5,genie/puppy/financial_events.csv,destination_account_id,2026.07.19.2
CEO_BARKED_TWICE,PUPPY,TX-L1-020,amount,DECIMAL,,,95000.00,,,,,false,6,genie/puppy/financial_events.csv,amount,2026.07.19.2
CEO_BARKED_TWICE,PUPPY,TX-L1-020,currency,STRING,BSC,,,,,,,false,7,genie/puppy/financial_events.csv,currency,2026.07.19.2
CEO_BARKED_TWICE,PUPPY,TX-L1-020,reference,STRING,TAIL-2025-1017,,,,,,,false,8,genie/puppy/financial_events.csv,reference,2026.07.19.2
CEO_BARKED_TWICE,PUPPY,TX-L1-020,invoice_id,STRING,INV-0018,,,,,,,false,9,genie/puppy/financial_events.csv,invoice_id,2026.07.19.2
CEO_BARKED_TWICE,PUPPY,TX-L1-020,purchase_order_id,STRING,PO-26018,,,,,,,false,10,genie/puppy/financial_events.csv,purchase_order_id,2026.07.19.2
CEO_BARKED_TWICE,PUPPY,TX-L1-020,status,STRING,SETTLED,,,,,,,false,11,genie/puppy/financial_events.csv,status,2026.07.19.2
CEO_BARKED_TWICE,PUPPY,TX-L1-020,reversed_transaction_id,NULL,,,,,,,null,false,12,genie/puppy/financial_events.csv,reversed_transaction_id,2026.07.19.2
CEO_BARKED_TWICE,PUPPY,TX-L1-021,transaction_id,STRING,TX-L1-021,,,,,,,false,1,genie/puppy/financial_events.csv,transaction_id,2026.07.19.2
CEO_BARKED_TWICE,PUPPY,TX-L1-021,occurred_at,TIMESTAMP,,,,,,2025-10-20T00:00:00Z,,false,2,genie/puppy/financial_events.csv,occurred_at,2026.07.19.2
CEO_BARKED_TWICE,PUPPY,TX-L1-021,transaction_type,STRING,VENDOR_PAYMENT,,,,,,,false,3,genie/puppy/financial_events.csv,transaction_type,2026.07.19.2
CEO_BARKED_TWICE,PUPPY,TX-L1-021,source_account_id,STRING,A-SCC-1001,,,,,,,false,4,genie/puppy/financial_events.csv,source_account_id,2026.07.19.2
CEO_BARKED_TWICE,PUPPY,TX-L1-021,destination_account_id,STRING,A-BLUEBOWL-3164,,,,,,,false,5,genie/puppy/financial_events.csv,destination_account_id,2026.07.19.2
CEO_BARKED_TWICE,PUPPY,TX-L1-021,amount,DECIMAL,,,88360.00,,,,,false,6,genie/puppy/financial_events.csv,amount,2026.07.19.2
CEO_BARKED_TWICE,PUPPY,TX-L1-021,currency,STRING,BSC,,,,,,,false,7,genie/puppy/financial_events.csv,currency,2026.07.19.2
CEO_BARKED_TWICE,PUPPY,TX-L1-021,reference,STRING,BLUEBOWL-2025-1018,,,,,,,false,8,genie/puppy/financial_events.csv,reference,2026.07.19.2
CEO_BARKED_TWICE,PUPPY,TX-L1-021,invoice_id,STRING,INV-0019,,,,,,,false,9,genie/puppy/financial_events.csv,invoice_id,2026.07.19.2
CEO_BARKED_TWICE,PUPPY,TX-L1-021,purchase_order_id,STRING,PO-26019,,,,,,,false,10,genie/puppy/financial_events.csv,purchase_order_id,2026.07.19.2
CEO_BARKED_TWICE,PUPPY,TX-L1-021,status,STRING,SETTLED,,,,,,,false,11,genie/puppy/financial_events.csv,status,2026.07.19.2
CEO_BARKED_TWICE,PUPPY,TX-L1-021,reversed_transaction_id,NULL,,,,,,,null,false,12,genie/puppy/financial_events.csv,reversed_transaction_id,2026.07.19.2
CEO_BARKED_TWICE,PUPPY,TX-L1-022,transaction_id,STRING,TX-L1-022,,,,,,,false,1,genie/puppy/financial_events.csv,transaction_id,2026.07.19.2
CEO_BARKED_TWICE,PUPPY,TX-L1-022,occurred_at,TIMESTAMP,,,,,,2025-10-24T00:00:00Z,,false,2,genie/puppy/financial_events.csv,occurred_at,2026.07.19.2
CEO_BARKED_TWICE,PUPPY,TX-L1-022,transaction_type,STRING,VENDOR_PAYMENT,,,,,,,false,3,genie/puppy/financial_events.csv,transaction_type,2026.07.19.2
CEO_BARKED_TWICE,PUPPY,TX-L1-022,source_account_id,STRING,A-SCC-1001,,,,,,,false,4,genie/puppy/financial_events.csv,source_account_id,2026.07.19.2
CEO_BARKED_TWICE,PUPPY,TX-L1-022,destination_account_id,STRING,A-HOUNDOFF-3205,,,,,,,false,5,genie/puppy/financial_events.csv,destination_account_id,2026.07.19.2
CEO_BARKED_TWICE,PUPPY,TX-L1-022,amount,DECIMAL,,,50000.00,,,,,false,6,genie/puppy/financial_events.csv,amount,2026.07.19.2
CEO_BARKED_TWICE,PUPPY,TX-L1-022,currency,STRING,BSC,,,,,,,false,7,genie/puppy/financial_events.csv,currency,2026.07.19.2
CEO_BARKED_TWICE,PUPPY,TX-L1-022,reference,STRING,HOUNDOFF-2025-1019,,,,,,,false,8,genie/puppy/financial_events.csv,reference,2026.07.19.2
CEO_BARKED_TWICE,PUPPY,TX-L1-022,invoice_id,STRING,INV-0020,,,,,,,false,9,genie/puppy/financial_events.csv,invoice_id,2026.07.19.2
CEO_BARKED_TWICE,PUPPY,TX-L1-022,purchase_order_id,STRING,PO-26020,,,,,,,false,10,genie/puppy/financial_events.csv,purchase_order_id,2026.07.19.2
CEO_BARKED_TWICE,PUPPY,TX-L1-022,status,STRING,SETTLED,,,,,,,false,11,genie/puppy/financial_events.csv,status,2026.07.19.2
CEO_BARKED_TWICE,PUPPY,TX-L1-022,reversed_transaction_id,NULL,,,,,,,null,false,12,genie/puppy/financial_events.csv,reversed_transaction_id,2026.07.19.2
CEO_BARKED_TWICE,PUPPY,TX-L1-023,transaction_id,STRING,TX-L1-023,,,,,,,false,1,genie/puppy/financial_events.csv,transaction_id,2026.07.19.2
CEO_BARKED_TWICE,PUPPY,TX-L1-023,occurred_at,TIMESTAMP,,,,,,2025-10-28T00:00:00Z,,false,2,genie/puppy/financial_events.csv,occurred_at,2026.07.19.2
CEO_BARKED_TWICE,PUPPY,TX-L1-023,transaction_type,STRING,VENDOR_PAYMENT,,,,,,,false,3,genie/puppy/financial_events.csv,transaction_type,2026.07.19.2
CEO_BARKED_TWICE,PUPPY,TX-L1-023,source_account_id,STRING,A-SCC-1001,,,,,,,false,4,genie/puppy/financial_events.csv,source_account_id,2026.07.19.2
CEO_BARKED_TWICE,PUPPY,TX-L1-023,destination_account_id,STRING,A-RETRIEVER-3246,,,,,,,false,5,genie/puppy/financial_events.csv,destination_account_id,2026.07.19.2
CEO_BARKED_TWICE,PUPPY,TX-L1-023,amount,DECIMAL,,,59000.00,,,,,false,6,genie/puppy/financial_events.csv,amount,2026.07.19.2
CEO_BARKED_TWICE,PUPPY,TX-L1-023,currency,STRING,BSC,,,,,,,false,7,genie/puppy/financial_events.csv,currency,2026.07.19.2
CEO_BARKED_TWICE,PUPPY,TX-L1-023,reference,STRING,RETRIEVER-2025-1020,,,,,,,false,8,genie/puppy/financial_events.csv,reference,2026.07.19.2
CEO_BARKED_TWICE,PUPPY,TX-L1-023,invoice_id,STRING,INV-0021,,,,,,,false,9,genie/puppy/financial_events.csv,invoice_id,2026.07.19.2
CEO_BARKED_TWICE,PUPPY,TX-L1-023,purchase_order_id,STRING,PO-26021,,,,,,,false,10,genie/puppy/financial_events.csv,purchase_order_id,2026.07.19.2
CEO_BARKED_TWICE,PUPPY,TX-L1-023,status,STRING,SETTLED,,,,,,,false,11,genie/puppy/financial_events.csv,status,2026.07.19.2
CEO_BARKED_TWICE,PUPPY,TX-L1-023,reversed_transaction_id,NULL,,,,,,,null,false,12,genie/puppy/financial_events.csv,reversed_transaction_id,2026.07.19.2
CEO_BARKED_TWICE,PUPPY,TX-L1-024,transaction_id,STRING,TX-L1-024,,,,,,,false,1,genie/puppy/financial_events.csv,transaction_id,2026.07.19.2
CEO_BARKED_TWICE,PUPPY,TX-L1-024,occurred_at,TIMESTAMP,,,,,,2025-11-01T00:00:00Z,,false,2,genie/puppy/financial_events.csv,occurred_at,2026.07.19.2
CEO_BARKED_TWICE,PUPPY,TX-L1-024,transaction_type,STRING,VENDOR_PAYMENT,,,,,,,false,3,genie/puppy/financial_events.csv,transaction_type,2026.07.19.2
CEO_BARKED_TWICE,PUPPY,TX-L1-024,source_account_id,STRING,A-SCC-1001,,,,,,,false,4,genie/puppy/financial_events.csv,source_account_id,2026.07.19.2
CEO_BARKED_TWICE,PUPPY,TX-L1-024,destination_account_id,STRING,A-COPPER-2207,,,,,,,false,5,genie/puppy/financial_events.csv,destination_account_id,2026.07.19.2
CEO_BARKED_TWICE,PUPPY,TX-L1-024,amount,DECIMAL,,,68000.00,,,,,false,6,genie/puppy/financial_events.csv,amount,2026.07.19.2
CEO_BARKED_TWICE,PUPPY,TX-L1-024,currency,STRING,BSC,,,,,,,false,7,genie/puppy/financial_events.csv,currency,2026.07.19.2
CEO_BARKED_TWICE,PUPPY,TX-L1-024,reference,STRING,COPPER-2025-1021,,,,,,,false,8,genie/puppy/financial_events.csv,reference,2026.07.19.2
CEO_BARKED_TWICE,PUPPY,TX-L1-024,invoice_id,STRING,INV-0022,,,,,,,false,9,genie/puppy/financial_events.csv,invoice_id,2026.07.19.2
CEO_BARKED_TWICE,PUPPY,TX-L1-024,purchase_order_id,STRING,PO-26022,,,,,,,false,10,genie/puppy/financial_events.csv,purchase_order_id,2026.07.19.2
CEO_BARKED_TWICE,PUPPY,TX-L1-024,status,STRING,SETTLED,,,,,,,false,11,genie/puppy/financial_events.csv,status,2026.07.19.2
CEO_BARKED_TWICE,PUPPY,TX-L1-024,reversed_transaction_id,NULL,,,,,,,null,false,12,genie/puppy/financial_events.csv,reversed_transaction_id,2026.07.19.2
CEO_BARKED_TWICE,PUPPY,TX-L1-025,transaction_id,STRING,TX-L1-025,,,,,,,false,1,genie/puppy/financial_events.csv,transaction_id,2026.07.19.2
CEO_BARKED_TWICE,PUPPY,TX-L1-025,occurred_at,TIMESTAMP,,,,,,2025-11-05T00:00:00Z,,false,2,genie/puppy/financial_events.csv,occurred_at,2026.07.19.2
CEO_BARKED_TWICE,PUPPY,TX-L1-025,transaction_type,STRING,VENDOR_PAYMENT,,,,,,,false,3,genie/puppy/financial_events.csv,transaction_type,2026.07.19.2
CEO_BARKED_TWICE,PUPPY,TX-L1-025,source_account_id,STRING,A-SCC-1001,,,,,,,false,4,genie/puppy/financial_events.csv,source_account_id,2026.07.19.2
CEO_BARKED_TWICE,PUPPY,TX-L1-025,destination_account_id,STRING,A-IRON-3041,,,,,,,false,5,genie/puppy/financial_events.csv,destination_account_id,2026.07.19.2
CEO_BARKED_TWICE,PUPPY,TX-L1-025,amount,DECIMAL,,,77000.00,,,,,false,6,genie/puppy/financial_events.csv,amount,2026.07.19.2
CEO_BARKED_TWICE,PUPPY,TX-L1-025,currency,STRING,BSC,,,,,,,false,7,genie/puppy/financial_events.csv,currency,2026.07.19.2
CEO_BARKED_TWICE,PUPPY,TX-L1-025,reference,STRING,IRON-2025-1022,,,,,,,false,8,genie/puppy/financial_events.csv,reference,2026.07.19.2
CEO_BARKED_TWICE,PUPPY,TX-L1-025,invoice_id,STRING,INV-0023,,,,,,,false,9,genie/puppy/financial_events.csv,invoice_id,2026.07.19.2
CEO_BARKED_TWICE,PUPPY,TX-L1-025,purchase_order_id,STRING,PO-26023,,,,,,,false,10,genie/puppy/financial_events.csv,purchase_order_id,2026.07.19.2
CEO_BARKED_TWICE,PUPPY,TX-L1-025,status,STRING,SETTLED,,,,,,,false,11,genie/puppy/financial_events.csv,status,2026.07.19.2
CEO_BARKED_TWICE,PUPPY,TX-L1-025,reversed_transaction_id,NULL,,,,,,,null,false,12,genie/puppy/financial_events.csv,reversed_transaction_id,2026.07.19.2
CEO_BARKED_TWICE,PUPPY,TX-L1-026,transaction_id,STRING,TX-L1-026,,,,,,,false,1,genie/puppy/financial_events.csv,transaction_id,2026.07.19.2
CEO_BARKED_TWICE,PUPPY,TX-L1-026,occurred_at,TIMESTAMP,,,,,,2025-11-09T00:00:00Z,,false,2,genie/puppy/financial_events.csv,occurred_at,2026.07.19.2
CEO_BARKED_TWICE,PUPPY,TX-L1-026,transaction_type,STRING,VENDOR_PAYMENT,,,,,,,false,3,genie/puppy/financial_events.csv,transaction_type,2026.07.19.2
CEO_BARKED_TWICE,PUPPY,TX-L1-026,source_account_id,STRING,A-SCC-1001,,,,,,,false,4,genie/puppy/financial_events.csv,source_account_id,2026.07.19.2
CEO_BARKED_TWICE,PUPPY,TX-L1-026,destination_account_id,STRING,A-WIRE-3082,,,,,,,false,5,genie/puppy/financial_events.csv,destination_account_id,2026.07.19.2
CEO_BARKED_TWICE,PUPPY,TX-L1-026,amount,DECIMAL,,,86000.00,,,,,false,6,genie/puppy/financial_events.csv,amount,2026.07.19.2
CEO_BARKED_TWICE,PUPPY,TX-L1-026,currency,STRING,BSC,,,,,,,false,7,genie/puppy/financial_events.csv,currency,2026.07.19.2
CEO_BARKED_TWICE,PUPPY,TX-L1-026,reference,STRING,WIRE-2025-1023,,,,,,,false,8,genie/puppy/financial_events.csv,reference,2026.07.19.2
CEO_BARKED_TWICE,PUPPY,TX-L1-026,invoice_id,STRING,INV-0024,,,,,,,false,9,genie/puppy/financial_events.csv,invoice_id,2026.07.19.2
CEO_BARKED_TWICE,PUPPY,TX-L1-026,purchase_order_id,STRING,PO-26024,,,,,,,false,10,genie/puppy/financial_events.csv,purchase_order_id,2026.07.19.2
CEO_BARKED_TWICE,PUPPY,TX-L1-026,status,STRING,SETTLED,,,,,,,false,11,genie/puppy/financial_events.csv,status,2026.07.19.2
CEO_BARKED_TWICE,PUPPY,TX-L1-026,reversed_transaction_id,NULL,,,,,,,null,false,12,genie/puppy/financial_events.csv,reversed_transaction_id,2026.07.19.2
CEO_BARKED_TWICE,PUPPY,TX-L1-027,transaction_id,STRING,TX-L1-027,,,,,,,false,1,genie/puppy/financial_events.csv,transaction_id,2026.07.19.2
CEO_BARKED_TWICE,PUPPY,TX-L1-027,occurred_at,TIMESTAMP,,,,,,2025-11-13T00:00:00Z,,false,2,genie/puppy/financial_events.csv,occurred_at,2026.07.19.2
CEO_BARKED_TWICE,PUPPY,TX-L1-027,transaction_type,STRING,VENDOR_PAYMENT,,,,,,,false,3,genie/puppy/financial_events.csv,transaction_type,2026.07.19.2
CEO_BARKED_TWICE,PUPPY,TX-L1-027,source_account_id,STRING,A-SCC-1001,,,,,,,false,4,genie/puppy/financial_events.csv,source_account_id,2026.07.19.2
CEO_BARKED_TWICE,PUPPY,TX-L1-027,destination_account_id,STRING,A-TAIL-3123,,,,,,,false,5,genie/puppy/financial_events.csv,destination_account_id,2026.07.19.2
CEO_BARKED_TWICE,PUPPY,TX-L1-027,amount,DECIMAL,,,95000.00,,,,,false,6,genie/puppy/financial_events.csv,amount,2026.07.19.2
CEO_BARKED_TWICE,PUPPY,TX-L1-027,currency,STRING,BSC,,,,,,,false,7,genie/puppy/financial_events.csv,currency,2026.07.19.2
CEO_BARKED_TWICE,PUPPY,TX-L1-027,reference,STRING,TAIL-2025-1024,,,,,,,false,8,genie/puppy/financial_events.csv,reference,2026.07.19.2
CEO_BARKED_TWICE,PUPPY,TX-L1-027,invoice_id,STRING,INV-0025,,,,,,,false,9,genie/puppy/financial_events.csv,invoice_id,2026.07.19.2
CEO_BARKED_TWICE,PUPPY,TX-L1-027,purchase_order_id,STRING,PO-26025,,,,,,,false,10,genie/puppy/financial_events.csv,purchase_order_id,2026.07.19.2
CEO_BARKED_TWICE,PUPPY,TX-L1-027,status,STRING,SETTLED,,,,,,,false,11,genie/puppy/financial_events.csv,status,2026.07.19.2
CEO_BARKED_TWICE,PUPPY,TX-L1-027,reversed_transaction_id,NULL,,,,,,,null,false,12,genie/puppy/financial_events.csv,reversed_transaction_id,2026.07.19.2
CEO_BARKED_TWICE,PUPPY,TX-L1-028,transaction_id,STRING,TX-L1-028,,,,,,,false,1,genie/puppy/financial_events.csv,transaction_id,2026.07.19.2
CEO_BARKED_TWICE,PUPPY,TX-L1-028,occurred_at,TIMESTAMP,,,,,,2025-11-17T00:00:00Z,,false,2,genie/puppy/financial_events.csv,occurred_at,2026.07.19.2
CEO_BARKED_TWICE,PUPPY,TX-L1-028,transaction_type,STRING,VENDOR_PAYMENT,,,,,,,false,3,genie/puppy/financial_events.csv,transaction_type,2026.07.19.2
CEO_BARKED_TWICE,PUPPY,TX-L1-028,source_account_id,STRING,A-SCC-1001,,,,,,,false,4,genie/puppy/financial_events.csv,source_account_id,2026.07.19.2
CEO_BARKED_TWICE,PUPPY,TX-L1-028,destination_account_id,STRING,A-BLUEBOWL-3164,,,,,,,false,5,genie/puppy/financial_events.csv,destination_account_id,2026.07.19.2
CEO_BARKED_TWICE,PUPPY,TX-L1-028,amount,DECIMAL,,,104000.00,,,,,false,6,genie/puppy/financial_events.csv,amount,2026.07.19.2
CEO_BARKED_TWICE,PUPPY,TX-L1-028,currency,STRING,BSC,,,,,,,false,7,genie/puppy/financial_events.csv,currency,2026.07.19.2
CEO_BARKED_TWICE,PUPPY,TX-L1-028,reference,STRING,BLUEBOWL-2025-1025,,,,,,,false,8,genie/puppy/financial_events.csv,reference,2026.07.19.2
CEO_BARKED_TWICE,PUPPY,TX-L1-028,invoice_id,STRING,INV-0026,,,,,,,false,9,genie/puppy/financial_events.csv,invoice_id,2026.07.19.2
CEO_BARKED_TWICE,PUPPY,TX-L1-028,purchase_order_id,STRING,PO-26026,,,,,,,false,10,genie/puppy/financial_events.csv,purchase_order_id,2026.07.19.2
CEO_BARKED_TWICE,PUPPY,TX-L1-028,status,STRING,SETTLED,,,,,,,false,11,genie/puppy/financial_events.csv,status,2026.07.19.2
CEO_BARKED_TWICE,PUPPY,TX-L1-028,reversed_transaction_id,NULL,,,,,,,null,false,12,genie/puppy/financial_events.csv,reversed_transaction_id,2026.07.19.2
CEO_BARKED_TWICE,PUPPY,TX-L1-029,transaction_id,STRING,TX-L1-029,,,,,,,false,1,genie/puppy/financial_events.csv,transaction_id,2026.07.19.2
CEO_BARKED_TWICE,PUPPY,TX-L1-029,occurred_at,TIMESTAMP,,,,,,2025-11-21T00:00:00Z,,false,2,genie/puppy/financial_events.csv,occurred_at,2026.07.19.2
CEO_BARKED_TWICE,PUPPY,TX-L1-029,transaction_type,STRING,VENDOR_PAYMENT,,,,,,,false,3,genie/puppy/financial_events.csv,transaction_type,2026.07.19.2
CEO_BARKED_TWICE,PUPPY,TX-L1-029,source_account_id,STRING,A-SCC-1001,,,,,,,false,4,genie/puppy/financial_events.csv,source_account_id,2026.07.19.2
CEO_BARKED_TWICE,PUPPY,TX-L1-029,destination_account_id,STRING,A-HOUNDOFF-3205,,,,,,,false,5,genie/puppy/financial_events.csv,destination_account_id,2026.07.19.2
CEO_BARKED_TWICE,PUPPY,TX-L1-029,amount,DECIMAL,,,50000.00,,,,,false,6,genie/puppy/financial_events.csv,amount,2026.07.19.2
CEO_BARKED_TWICE,PUPPY,TX-L1-029,currency,STRING,BSC,,,,,,,false,7,genie/puppy/financial_events.csv,currency,2026.07.19.2
CEO_BARKED_TWICE,PUPPY,TX-L1-029,reference,STRING,HOUNDOFF-2025-1026,,,,,,,false,8,genie/puppy/financial_events.csv,reference,2026.07.19.2
CEO_BARKED_TWICE,PUPPY,TX-L1-029,invoice_id,STRING,INV-0027,,,,,,,false,9,genie/puppy/financial_events.csv,invoice_id,2026.07.19.2
CEO_BARKED_TWICE,PUPPY,TX-L1-029,purchase_order_id,STRING,PO-26027,,,,,,,false,10,genie/puppy/financial_events.csv,purchase_order_id,2026.07.19.2
CEO_BARKED_TWICE,PUPPY,TX-L1-029,status,STRING,SETTLED,,,,,,,false,11,genie/puppy/financial_events.csv,status,2026.07.19.2
CEO_BARKED_TWICE,PUPPY,TX-L1-029,reversed_transaction_id,NULL,,,,,,,null,false,12,genie/puppy/financial_events.csv,reversed_transaction_id,2026.07.19.2
CEO_BARKED_TWICE,PUPPY,TX-L1-030,transaction_id,STRING,TX-L1-030,,,,,,,false,1,genie/puppy/financial_events.csv,transaction_id,2026.07.19.2
CEO_BARKED_TWICE,PUPPY,TX-L1-030,occurred_at,TIMESTAMP,,,,,,2025-11-25T00:00:00Z,,false,2,genie/puppy/financial_events.csv,occurred_at,2026.07.19.2
CEO_BARKED_TWICE,PUPPY,TX-L1-030,transaction_type,STRING,VENDOR_PAYMENT,,,,,,,false,3,genie/puppy/financial_events.csv,transaction_type,2026.07.19.2
CEO_BARKED_TWICE,PUPPY,TX-L1-030,source_account_id,STRING,A-SCC-1001,,,,,,,false,4,genie/puppy/financial_events.csv,source_account_id,2026.07.19.2
CEO_BARKED_TWICE,PUPPY,TX-L1-030,destination_account_id,STRING,A-RETRIEVER-3246,,,,,,,false,5,genie/puppy/financial_events.csv,destination_account_id,2026.07.19.2
CEO_BARKED_TWICE,PUPPY,TX-L1-030,amount,DECIMAL,,,59000.00,,,,,false,6,genie/puppy/financial_events.csv,amount,2026.07.19.2
CEO_BARKED_TWICE,PUPPY,TX-L1-030,currency,STRING,BSC,,,,,,,false,7,genie/puppy/financial_events.csv,currency,2026.07.19.2
CEO_BARKED_TWICE,PUPPY,TX-L1-030,reference,STRING,RETRIEVER-2025-1027,,,,,,,false,8,genie/puppy/financial_events.csv,reference,2026.07.19.2
CEO_BARKED_TWICE,PUPPY,TX-L1-030,invoice_id,STRING,INV-0028,,,,,,,false,9,genie/puppy/financial_events.csv,invoice_id,2026.07.19.2
CEO_BARKED_TWICE,PUPPY,TX-L1-030,purchase_order_id,STRING,PO-26028,,,,,,,false,10,genie/puppy/financial_events.csv,purchase_order_id,2026.07.19.2
CEO_BARKED_TWICE,PUPPY,TX-L1-030,status,STRING,SETTLED,,,,,,,false,11,genie/puppy/financial_events.csv,status,2026.07.19.2
CEO_BARKED_TWICE,PUPPY,TX-L1-030,reversed_transaction_id,NULL,,,,,,,null,false,12,genie/puppy/financial_events.csv,reversed_transaction_id,2026.07.19.2
CEO_BARKED_TWICE,PUPPY,TX-L1-031,transaction_id,STRING,TX-L1-031,,,,,,,false,1,genie/puppy/financial_events.csv,transaction_id,2026.07.19.2
CEO_BARKED_TWICE,PUPPY,TX-L1-031,occurred_at,TIMESTAMP,,,,,,2025-11-29T00:00:00Z,,false,2,genie/puppy/financial_events.csv,occurred_at,2026.07.19.2
CEO_BARKED_TWICE,PUPPY,TX-L1-031,transaction_type,STRING,VENDOR_PAYMENT,,,,,,,false,3,genie/puppy/financial_events.csv,transaction_type,2026.07.19.2
CEO_BARKED_TWICE,PUPPY,TX-L1-031,source_account_id,STRING,A-SCC-1001,,,,,,,false,4,genie/puppy/financial_events.csv,source_account_id,2026.07.19.2
CEO_BARKED_TWICE,PUPPY,TX-L1-031,destination_account_id,STRING,A-COPPER-2207,,,,,,,false,5,genie/puppy/financial_events.csv,destination_account_id,2026.07.19.2
CEO_BARKED_TWICE,PUPPY,TX-L1-031,amount,DECIMAL,,,68000.00,,,,,false,6,genie/puppy/financial_events.csv,amount,2026.07.19.2
CEO_BARKED_TWICE,PUPPY,TX-L1-031,currency,STRING,BSC,,,,,,,false,7,genie/puppy/financial_events.csv,currency,2026.07.19.2
CEO_BARKED_TWICE,PUPPY,TX-L1-031,reference,STRING,COPPER-2025-1028,,,,,,,false,8,genie/puppy/financial_events.csv,reference,2026.07.19.2
CEO_BARKED_TWICE,PUPPY,TX-L1-031,invoice_id,STRING,INV-0029,,,,,,,false,9,genie/puppy/financial_events.csv,invoice_id,2026.07.19.2
CEO_BARKED_TWICE,PUPPY,TX-L1-031,purchase_order_id,STRING,PO-26029,,,,,,,false,10,genie/puppy/financial_events.csv,purchase_order_id,2026.07.19.2
CEO_BARKED_TWICE,PUPPY,TX-L1-031,status,STRING,SETTLED,,,,,,,false,11,genie/puppy/financial_events.csv,status,2026.07.19.2
CEO_BARKED_TWICE,PUPPY,TX-L1-031,reversed_transaction_id,NULL,,,,,,,null,false,12,genie/puppy/financial_events.csv,reversed_transaction_id,2026.07.19.2
CEO_BARKED_TWICE,PUPPY,TX-L1-032,transaction_id,STRING,TX-L1-032,,,,,,,false,1,genie/puppy/financial_events.csv,transaction_id,2026.07.19.2
CEO_BARKED_TWICE,PUPPY,TX-L1-032,occurred_at,TIMESTAMP,,,,,,2025-12-03T00:00:00Z,,false,2,genie/puppy/financial_events.csv,occurred_at,2026.07.19.2
CEO_BARKED_TWICE,PUPPY,TX-L1-032,transaction_type,STRING,VENDOR_PAYMENT,,,,,,,false,3,genie/puppy/financial_events.csv,transaction_type,2026.07.19.2
CEO_BARKED_TWICE,PUPPY,TX-L1-032,source_account_id,STRING,A-SCC-1001,,,,,,,false,4,genie/puppy/financial_events.csv,source_account_id,2026.07.19.2
CEO_BARKED_TWICE,PUPPY,TX-L1-032,destination_account_id,STRING,A-IRON-3041,,,,,,,false,5,genie/puppy/financial_events.csv,destination_account_id,2026.07.19.2
CEO_BARKED_TWICE,PUPPY,TX-L1-032,amount,DECIMAL,,,77000.00,,,,,false,6,genie/puppy/financial_events.csv,amount,2026.07.19.2
CEO_BARKED_TWICE,PUPPY,TX-L1-032,currency,STRING,BSC,,,,,,,false,7,genie/puppy/financial_events.csv,currency,2026.07.19.2
CEO_BARKED_TWICE,PUPPY,TX-L1-032,reference,STRING,IRON-2025-1029,,,,,,,false,8,genie/puppy/financial_events.csv,reference,2026.07.19.2
CEO_BARKED_TWICE,PUPPY,TX-L1-032,invoice_id,STRING,INV-0030,,,,,,,false,9,genie/puppy/financial_events.csv,invoice_id,2026.07.19.2
CEO_BARKED_TWICE,PUPPY,TX-L1-032,purchase_order_id,STRING,PO-26030,,,,,,,false,10,genie/puppy/financial_events.csv,purchase_order_id,2026.07.19.2
CEO_BARKED_TWICE,PUPPY,TX-L1-032,status,STRING,SETTLED,,,,,,,false,11,genie/puppy/financial_events.csv,status,2026.07.19.2
CEO_BARKED_TWICE,PUPPY,TX-L1-032,reversed_transaction_id,NULL,,,,,,,null,false,12,genie/puppy/financial_events.csv,reversed_transaction_id,2026.07.19.2
CEO_BARKED_TWICE,PUPPY,TX-L1-033,transaction_id,STRING,TX-L1-033,,,,,,,false,1,genie/puppy/financial_events.csv,transaction_id,2026.07.19.2
CEO_BARKED_TWICE,PUPPY,TX-L1-033,occurred_at,TIMESTAMP,,,,,,2025-12-07T00:00:00Z,,false,2,genie/puppy/financial_events.csv,occurred_at,2026.07.19.2
CEO_BARKED_TWICE,PUPPY,TX-L1-033,transaction_type,STRING,VENDOR_PAYMENT,,,,,,,false,3,genie/puppy/financial_events.csv,transaction_type,2026.07.19.2
CEO_BARKED_TWICE,PUPPY,TX-L1-033,source_account_id,STRING,A-SCC-1001,,,,,,,false,4,genie/puppy/financial_events.csv,source_account_id,2026.07.19.2
CEO_BARKED_TWICE,PUPPY,TX-L1-033,destination_account_id,STRING,A-WIRE-3082,,,,,,,false,5,genie/puppy/financial_events.csv,destination_account_id,2026.07.19.2
CEO_BARKED_TWICE,PUPPY,TX-L1-033,amount,DECIMAL,,,86000.00,,,,,false,6,genie/puppy/financial_events.csv,amount,2026.07.19.2
CEO_BARKED_TWICE,PUPPY,TX-L1-033,currency,STRING,BSC,,,,,,,false,7,genie/puppy/financial_events.csv,currency,2026.07.19.2
CEO_BARKED_TWICE,PUPPY,TX-L1-033,reference,STRING,WIRE-2025-1030,,,,,,,false,8,genie/puppy/financial_events.csv,reference,2026.07.19.2
CEO_BARKED_TWICE,PUPPY,TX-L1-033,invoice_id,STRING,INV-0031,,,,,,,false,9,genie/puppy/financial_events.csv,invoice_id,2026.07.19.2
CEO_BARKED_TWICE,PUPPY,TX-L1-033,purchase_order_id,STRING,PO-26031,,,,,,,false,10,genie/puppy/financial_events.csv,purchase_order_id,2026.07.19.2
CEO_BARKED_TWICE,PUPPY,TX-L1-033,status,STRING,SETTLED,,,,,,,false,11,genie/puppy/financial_events.csv,status,2026.07.19.2
CEO_BARKED_TWICE,PUPPY,TX-L1-033,reversed_transaction_id,NULL,,,,,,,null,false,12,genie/puppy/financial_events.csv,reversed_transaction_id,2026.07.19.2
CEO_BARKED_TWICE,PUPPY,TX-L1-034,transaction_id,STRING,TX-L1-034,,,,,,,false,1,genie/puppy/financial_events.csv,transaction_id,2026.07.19.2
CEO_BARKED_TWICE,PUPPY,TX-L1-034,occurred_at,TIMESTAMP,,,,,,2025-12-11T00:00:00Z,,false,2,genie/puppy/financial_events.csv,occurred_at,2026.07.19.2
CEO_BARKED_TWICE,PUPPY,TX-L1-034,transaction_type,STRING,VENDOR_PAYMENT,,,,,,,false,3,genie/puppy/financial_events.csv,transaction_type,2026.07.19.2
CEO_BARKED_TWICE,PUPPY,TX-L1-034,source_account_id,STRING,A-SCC-1001,,,,,,,false,4,genie/puppy/financial_events.csv,source_account_id,2026.07.19.2
CEO_BARKED_TWICE,PUPPY,TX-L1-034,destination_account_id,STRING,A-TAIL-3123,,,,,,,false,5,genie/puppy/financial_events.csv,destination_account_id,2026.07.19.2
CEO_BARKED_TWICE,PUPPY,TX-L1-034,amount,DECIMAL,,,95000.00,,,,,false,6,genie/puppy/financial_events.csv,amount,2026.07.19.2
CEO_BARKED_TWICE,PUPPY,TX-L1-034,currency,STRING,BSC,,,,,,,false,7,genie/puppy/financial_events.csv,currency,2026.07.19.2
CEO_BARKED_TWICE,PUPPY,TX-L1-034,reference,STRING,TAIL-2025-1031,,,,,,,false,8,genie/puppy/financial_events.csv,reference,2026.07.19.2
CEO_BARKED_TWICE,PUPPY,TX-L1-034,invoice_id,STRING,INV-0032,,,,,,,false,9,genie/puppy/financial_events.csv,invoice_id,2026.07.19.2
CEO_BARKED_TWICE,PUPPY,TX-L1-034,purchase_order_id,STRING,PO-26032,,,,,,,false,10,genie/puppy/financial_events.csv,purchase_order_id,2026.07.19.2
CEO_BARKED_TWICE,PUPPY,TX-L1-034,status,STRING,SETTLED,,,,,,,false,11,genie/puppy/financial_events.csv,status,2026.07.19.2
CEO_BARKED_TWICE,PUPPY,TX-L1-034,reversed_transaction_id,NULL,,,,,,,null,false,12,genie/puppy/financial_events.csv,reversed_transaction_id,2026.07.19.2
CEO_BARKED_TWICE,PUPPY,TX-L1-035,transaction_id,STRING,TX-L1-035,,,,,,,false,1,genie/puppy/financial_events.csv,transaction_id,2026.07.19.2
CEO_BARKED_TWICE,PUPPY,TX-L1-035,occurred_at,TIMESTAMP,,,,,,2025-12-15T00:00:00Z,,false,2,genie/puppy/financial_events.csv,occurred_at,2026.07.19.2
CEO_BARKED_TWICE,PUPPY,TX-L1-035,transaction_type,STRING,VENDOR_PAYMENT,,,,,,,false,3,genie/puppy/financial_events.csv,transaction_type,2026.07.19.2
CEO_BARKED_TWICE,PUPPY,TX-L1-035,source_account_id,STRING,A-SCC-1001,,,,,,,false,4,genie/puppy/financial_events.csv,source_account_id,2026.07.19.2
CEO_BARKED_TWICE,PUPPY,TX-L1-035,destination_account_id,STRING,A-BLUEBOWL-3164,,,,,,,false,5,genie/puppy/financial_events.csv,destination_account_id,2026.07.19.2
CEO_BARKED_TWICE,PUPPY,TX-L1-035,amount,DECIMAL,,,104000.00,,,,,false,6,genie/puppy/financial_events.csv,amount,2026.07.19.2
CEO_BARKED_TWICE,PUPPY,TX-L1-035,currency,STRING,BSC,,,,,,,false,7,genie/puppy/financial_events.csv,currency,2026.07.19.2
CEO_BARKED_TWICE,PUPPY,TX-L1-035,reference,STRING,BLUEBOWL-2025-1032,,,,,,,false,8,genie/puppy/financial_events.csv,reference,2026.07.19.2
CEO_BARKED_TWICE,PUPPY,TX-L1-035,invoice_id,STRING,INV-0033,,,,,,,false,9,genie/puppy/financial_events.csv,invoice_id,2026.07.19.2
CEO_BARKED_TWICE,PUPPY,TX-L1-035,purchase_order_id,STRING,PO-26033,,,,,,,false,10,genie/puppy/financial_events.csv,purchase_order_id,2026.07.19.2
CEO_BARKED_TWICE,PUPPY,TX-L1-035,status,STRING,SETTLED,,,,,,,false,11,genie/puppy/financial_events.csv,status,2026.07.19.2
CEO_BARKED_TWICE,PUPPY,TX-L1-035,reversed_transaction_id,NULL,,,,,,,null,false,12,genie/puppy/financial_events.csv,reversed_transaction_id,2026.07.19.2
CEO_BARKED_TWICE,PUPPY,TX-L1-036,transaction_id,STRING,TX-L1-036,,,,,,,false,1,genie/puppy/financial_events.csv,transaction_id,2026.07.19.2
CEO_BARKED_TWICE,PUPPY,TX-L1-036,occurred_at,TIMESTAMP,,,,,,2025-12-19T00:00:00Z,,false,2,genie/puppy/financial_events.csv,occurred_at,2026.07.19.2
CEO_BARKED_TWICE,PUPPY,TX-L1-036,transaction_type,STRING,VENDOR_PAYMENT,,,,,,,false,3,genie/puppy/financial_events.csv,transaction_type,2026.07.19.2
CEO_BARKED_TWICE,PUPPY,TX-L1-036,source_account_id,STRING,A-SCC-1001,,,,,,,false,4,genie/puppy/financial_events.csv,source_account_id,2026.07.19.2
CEO_BARKED_TWICE,PUPPY,TX-L1-036,destination_account_id,STRING,A-HOUNDOFF-3205,,,,,,,false,5,genie/puppy/financial_events.csv,destination_account_id,2026.07.19.2
CEO_BARKED_TWICE,PUPPY,TX-L1-036,amount,DECIMAL,,,50000.00,,,,,false,6,genie/puppy/financial_events.csv,amount,2026.07.19.2
CEO_BARKED_TWICE,PUPPY,TX-L1-036,currency,STRING,BSC,,,,,,,false,7,genie/puppy/financial_events.csv,currency,2026.07.19.2
CEO_BARKED_TWICE,PUPPY,TX-L1-036,reference,STRING,HOUNDOFF-2025-1033,,,,,,,false,8,genie/puppy/financial_events.csv,reference,2026.07.19.2
CEO_BARKED_TWICE,PUPPY,TX-L1-036,invoice_id,STRING,INV-0034,,,,,,,false,9,genie/puppy/financial_events.csv,invoice_id,2026.07.19.2
CEO_BARKED_TWICE,PUPPY,TX-L1-036,purchase_order_id,STRING,PO-26034,,,,,,,false,10,genie/puppy/financial_events.csv,purchase_order_id,2026.07.19.2
CEO_BARKED_TWICE,PUPPY,TX-L1-036,status,STRING,SETTLED,,,,,,,false,11,genie/puppy/financial_events.csv,status,2026.07.19.2
CEO_BARKED_TWICE,PUPPY,TX-L1-036,reversed_transaction_id,NULL,,,,,,,null,false,12,genie/puppy/financial_events.csv,reversed_transaction_id,2026.07.19.2
CEO_BARKED_TWICE,PUPPY,TX-L1-037,transaction_id,STRING,TX-L1-037,,,,,,,false,1,genie/puppy/financial_events.csv,transaction_id,2026.07.19.2
CEO_BARKED_TWICE,PUPPY,TX-L1-037,occurred_at,TIMESTAMP,,,,,,2025-12-23T00:00:00Z,,false,2,genie/puppy/financial_events.csv,occurred_at,2026.07.19.2
CEO_BARKED_TWICE,PUPPY,TX-L1-037,transaction_type,STRING,VENDOR_PAYMENT,,,,,,,false,3,genie/puppy/financial_events.csv,transaction_type,2026.07.19.2
CEO_BARKED_TWICE,PUPPY,TX-L1-037,source_account_id,STRING,A-SCC-1001,,,,,,,false,4,genie/puppy/financial_events.csv,source_account_id,2026.07.19.2
CEO_BARKED_TWICE,PUPPY,TX-L1-037,destination_account_id,STRING,A-RETRIEVER-3246,,,,,,,false,5,genie/puppy/financial_events.csv,destination_account_id,2026.07.19.2
CEO_BARKED_TWICE,PUPPY,TX-L1-037,amount,DECIMAL,,,59000.00,,,,,false,6,genie/puppy/financial_events.csv,amount,2026.07.19.2
CEO_BARKED_TWICE,PUPPY,TX-L1-037,currency,STRING,BSC,,,,,,,false,7,genie/puppy/financial_events.csv,currency,2026.07.19.2
CEO_BARKED_TWICE,PUPPY,TX-L1-037,reference,STRING,RETRIEVER-2025-1034,,,,,,,false,8,genie/puppy/financial_events.csv,reference,2026.07.19.2
CEO_BARKED_TWICE,PUPPY,TX-L1-037,invoice_id,STRING,INV-0035,,,,,,,false,9,genie/puppy/financial_events.csv,invoice_id,2026.07.19.2
CEO_BARKED_TWICE,PUPPY,TX-L1-037,purchase_order_id,STRING,PO-26035,,,,,,,false,10,genie/puppy/financial_events.csv,purchase_order_id,2026.07.19.2
CEO_BARKED_TWICE,PUPPY,TX-L1-037,status,STRING,SETTLED,,,,,,,false,11,genie/puppy/financial_events.csv,status,2026.07.19.2
CEO_BARKED_TWICE,PUPPY,TX-L1-037,reversed_transaction_id,NULL,,,,,,,null,false,12,genie/puppy/financial_events.csv,reversed_transaction_id,2026.07.19.2
CEO_BARKED_TWICE,PUPPY,TX-L1-038,transaction_id,STRING,TX-L1-038,,,,,,,false,1,genie/puppy/financial_events.csv,transaction_id,2026.07.19.2
CEO_BARKED_TWICE,PUPPY,TX-L1-038,occurred_at,TIMESTAMP,,,,,,2025-12-27T00:00:00Z,,false,2,genie/puppy/financial_events.csv,occurred_at,2026.07.19.2
CEO_BARKED_TWICE,PUPPY,TX-L1-038,transaction_type,STRING,VENDOR_PAYMENT,,,,,,,false,3,genie/puppy/financial_events.csv,transaction_type,2026.07.19.2
CEO_BARKED_TWICE,PUPPY,TX-L1-038,source_account_id,STRING,A-SCC-1001,,,,,,,false,4,genie/puppy/financial_events.csv,source_account_id,2026.07.19.2
CEO_BARKED_TWICE,PUPPY,TX-L1-038,destination_account_id,STRING,A-COPPER-2207,,,,,,,false,5,genie/puppy/financial_events.csv,destination_account_id,2026.07.19.2
CEO_BARKED_TWICE,PUPPY,TX-L1-038,amount,DECIMAL,,,68000.00,,,,,false,6,genie/puppy/financial_events.csv,amount,2026.07.19.2
CEO_BARKED_TWICE,PUPPY,TX-L1-038,currency,STRING,BSC,,,,,,,false,7,genie/puppy/financial_events.csv,currency,2026.07.19.2
CEO_BARKED_TWICE,PUPPY,TX-L1-038,reference,STRING,COPPER-2025-1035,,,,,,,false,8,genie/puppy/financial_events.csv,reference,2026.07.19.2
CEO_BARKED_TWICE,PUPPY,TX-L1-038,invoice_id,STRING,INV-0036,,,,,,,false,9,genie/puppy/financial_events.csv,invoice_id,2026.07.19.2
CEO_BARKED_TWICE,PUPPY,TX-L1-038,purchase_order_id,STRING,PO-26036,,,,,,,false,10,genie/puppy/financial_events.csv,purchase_order_id,2026.07.19.2
CEO_BARKED_TWICE,PUPPY,TX-L1-038,status,STRING,SETTLED,,,,,,,false,11,genie/puppy/financial_events.csv,status,2026.07.19.2
CEO_BARKED_TWICE,PUPPY,TX-L1-038,reversed_transaction_id,NULL,,,,,,,null,false,12,genie/puppy/financial_events.csv,reversed_transaction_id,2026.07.19.2
CEO_BARKED_TWICE,PUPPY,TX-L1-039,transaction_id,STRING,TX-L1-039,,,,,,,false,1,genie/puppy/financial_events.csv,transaction_id,2026.07.19.2
CEO_BARKED_TWICE,PUPPY,TX-L1-039,occurred_at,TIMESTAMP,,,,,,2025-12-31T00:00:00Z,,false,2,genie/puppy/financial_events.csv,occurred_at,2026.07.19.2
CEO_BARKED_TWICE,PUPPY,TX-L1-039,transaction_type,STRING,VENDOR_PAYMENT,,,,,,,false,3,genie/puppy/financial_events.csv,transaction_type,2026.07.19.2
CEO_BARKED_TWICE,PUPPY,TX-L1-039,source_account_id,STRING,A-SCC-1001,,,,,,,false,4,genie/puppy/financial_events.csv,source_account_id,2026.07.19.2
CEO_BARKED_TWICE,PUPPY,TX-L1-039,destination_account_id,STRING,A-IRON-3041,,,,,,,false,5,genie/puppy/financial_events.csv,destination_account_id,2026.07.19.2
CEO_BARKED_TWICE,PUPPY,TX-L1-039,amount,DECIMAL,,,77000.00,,,,,false,6,genie/puppy/financial_events.csv,amount,2026.07.19.2
CEO_BARKED_TWICE,PUPPY,TX-L1-039,currency,STRING,BSC,,,,,,,false,7,genie/puppy/financial_events.csv,currency,2026.07.19.2
CEO_BARKED_TWICE,PUPPY,TX-L1-039,reference,STRING,IRON-2025-1036,,,,,,,false,8,genie/puppy/financial_events.csv,reference,2026.07.19.2
CEO_BARKED_TWICE,PUPPY,TX-L1-039,invoice_id,STRING,INV-0037,,,,,,,false,9,genie/puppy/financial_events.csv,invoice_id,2026.07.19.2
CEO_BARKED_TWICE,PUPPY,TX-L1-039,purchase_order_id,STRING,PO-26037,,,,,,,false,10,genie/puppy/financial_events.csv,purchase_order_id,2026.07.19.2
CEO_BARKED_TWICE,PUPPY,TX-L1-039,status,STRING,SETTLED,,,,,,,false,11,genie/puppy/financial_events.csv,status,2026.07.19.2
CEO_BARKED_TWICE,PUPPY,TX-L1-039,reversed_transaction_id,NULL,,,,,,,null,false,12,genie/puppy/financial_events.csv,reversed_transaction_id,2026.07.19.2
CEO_BARKED_TWICE,PUPPY,TX-L1-040,transaction_id,STRING,TX-L1-040,,,,,,,false,1,genie/puppy/financial_events.csv,transaction_id,2026.07.19.2
CEO_BARKED_TWICE,PUPPY,TX-L1-040,occurred_at,TIMESTAMP,,,,,,2026-01-04T00:00:00Z,,false,2,genie/puppy/financial_events.csv,occurred_at,2026.07.19.2
CEO_BARKED_TWICE,PUPPY,TX-L1-040,transaction_type,STRING,VENDOR_PAYMENT,,,,,,,false,3,genie/puppy/financial_events.csv,transaction_type,2026.07.19.2
CEO_BARKED_TWICE,PUPPY,TX-L1-040,source_account_id,STRING,A-SCC-1001,,,,,,,false,4,genie/puppy/financial_events.csv,source_account_id,2026.07.19.2
CEO_BARKED_TWICE,PUPPY,TX-L1-040,destination_account_id,STRING,A-WIRE-3082,,,,,,,false,5,genie/puppy/financial_events.csv,destination_account_id,2026.07.19.2
CEO_BARKED_TWICE,PUPPY,TX-L1-040,amount,DECIMAL,,,86000.00,,,,,false,6,genie/puppy/financial_events.csv,amount,2026.07.19.2
CEO_BARKED_TWICE,PUPPY,TX-L1-040,currency,STRING,BSC,,,,,,,false,7,genie/puppy/financial_events.csv,currency,2026.07.19.2
CEO_BARKED_TWICE,PUPPY,TX-L1-040,reference,STRING,WIRE-2025-1037,,,,,,,false,8,genie/puppy/financial_events.csv,reference,2026.07.19.2
CEO_BARKED_TWICE,PUPPY,TX-L1-040,invoice_id,STRING,INV-0038,,,,,,,false,9,genie/puppy/financial_events.csv,invoice_id,2026.07.19.2
CEO_BARKED_TWICE,PUPPY,TX-L1-040,purchase_order_id,STRING,PO-26038,,,,,,,false,10,genie/puppy/financial_events.csv,purchase_order_id,2026.07.19.2
CEO_BARKED_TWICE,PUPPY,TX-L1-040,status,STRING,SETTLED,,,,,,,false,11,genie/puppy/financial_events.csv,status,2026.07.19.2
CEO_BARKED_TWICE,PUPPY,TX-L1-040,reversed_transaction_id,NULL,,,,,,,null,false,12,genie/puppy/financial_events.csv,reversed_transaction_id,2026.07.19.2
CEO_BARKED_TWICE,PUPPY,TX-L1-041,transaction_id,STRING,TX-L1-041,,,,,,,false,1,genie/puppy/financial_events.csv,transaction_id,2026.07.19.2
CEO_BARKED_TWICE,PUPPY,TX-L1-041,occurred_at,TIMESTAMP,,,,,,2026-01-08T00:00:00Z,,false,2,genie/puppy/financial_events.csv,occurred_at,2026.07.19.2
CEO_BARKED_TWICE,PUPPY,TX-L1-041,transaction_type,STRING,VENDOR_PAYMENT,,,,,,,false,3,genie/puppy/financial_events.csv,transaction_type,2026.07.19.2
CEO_BARKED_TWICE,PUPPY,TX-L1-041,source_account_id,STRING,A-SCC-1001,,,,,,,false,4,genie/puppy/financial_events.csv,source_account_id,2026.07.19.2
CEO_BARKED_TWICE,PUPPY,TX-L1-041,destination_account_id,STRING,A-TAIL-3123,,,,,,,false,5,genie/puppy/financial_events.csv,destination_account_id,2026.07.19.2
CEO_BARKED_TWICE,PUPPY,TX-L1-041,amount,DECIMAL,,,95000.00,,,,,false,6,genie/puppy/financial_events.csv,amount,2026.07.19.2
CEO_BARKED_TWICE,PUPPY,TX-L1-041,currency,STRING,BSC,,,,,,,false,7,genie/puppy/financial_events.csv,currency,2026.07.19.2
CEO_BARKED_TWICE,PUPPY,TX-L1-041,reference,STRING,TAIL-2025-1038,,,,,,,false,8,genie/puppy/financial_events.csv,reference,2026.07.19.2
CEO_BARKED_TWICE,PUPPY,TX-L1-041,invoice_id,STRING,INV-0039,,,,,,,false,9,genie/puppy/financial_events.csv,invoice_id,2026.07.19.2
CEO_BARKED_TWICE,PUPPY,TX-L1-041,purchase_order_id,STRING,PO-26039,,,,,,,false,10,genie/puppy/financial_events.csv,purchase_order_id,2026.07.19.2
CEO_BARKED_TWICE,PUPPY,TX-L1-041,status,STRING,SETTLED,,,,,,,false,11,genie/puppy/financial_events.csv,status,2026.07.19.2
CEO_BARKED_TWICE,PUPPY,TX-L1-041,reversed_transaction_id,NULL,,,,,,,null,false,12,genie/puppy/financial_events.csv,reversed_transaction_id,2026.07.19.2
CEO_BARKED_TWICE,PUPPY,TX-L1-042,transaction_id,STRING,TX-L1-042,,,,,,,false,1,genie/puppy/financial_events.csv,transaction_id,2026.07.19.2
CEO_BARKED_TWICE,PUPPY,TX-L1-042,occurred_at,TIMESTAMP,,,,,,2026-01-12T00:00:00Z,,false,2,genie/puppy/financial_events.csv,occurred_at,2026.07.19.2
CEO_BARKED_TWICE,PUPPY,TX-L1-042,transaction_type,STRING,VENDOR_PAYMENT,,,,,,,false,3,genie/puppy/financial_events.csv,transaction_type,2026.07.19.2
CEO_BARKED_TWICE,PUPPY,TX-L1-042,source_account_id,STRING,A-SCC-1001,,,,,,,false,4,genie/puppy/financial_events.csv,source_account_id,2026.07.19.2
CEO_BARKED_TWICE,PUPPY,TX-L1-042,destination_account_id,STRING,A-BLUEBOWL-3164,,,,,,,false,5,genie/puppy/financial_events.csv,destination_account_id,2026.07.19.2
CEO_BARKED_TWICE,PUPPY,TX-L1-042,amount,DECIMAL,,,104000.00,,,,,false,6,genie/puppy/financial_events.csv,amount,2026.07.19.2
CEO_BARKED_TWICE,PUPPY,TX-L1-042,currency,STRING,BSC,,,,,,,false,7,genie/puppy/financial_events.csv,currency,2026.07.19.2
CEO_BARKED_TWICE,PUPPY,TX-L1-042,reference,STRING,BLUEBOWL-2025-1039,,,,,,,false,8,genie/puppy/financial_events.csv,reference,2026.07.19.2
CEO_BARKED_TWICE,PUPPY,TX-L1-042,invoice_id,STRING,INV-0040,,,,,,,false,9,genie/puppy/financial_events.csv,invoice_id,2026.07.19.2
CEO_BARKED_TWICE,PUPPY,TX-L1-042,purchase_order_id,STRING,PO-26040,,,,,,,false,10,genie/puppy/financial_events.csv,purchase_order_id,2026.07.19.2
CEO_BARKED_TWICE,PUPPY,TX-L1-042,status,STRING,SETTLED,,,,,,,false,11,genie/puppy/financial_events.csv,status,2026.07.19.2
CEO_BARKED_TWICE,PUPPY,TX-L1-042,reversed_transaction_id,NULL,,,,,,,null,false,12,genie/puppy/financial_events.csv,reversed_transaction_id,2026.07.19.2
CEO_BARKED_TWICE,PUPPY,TX-L1-043,transaction_id,STRING,TX-L1-043,,,,,,,false,1,genie/puppy/financial_events.csv,transaction_id,2026.07.19.2
CEO_BARKED_TWICE,PUPPY,TX-L1-043,occurred_at,TIMESTAMP,,,,,,2026-01-16T00:00:00Z,,false,2,genie/puppy/financial_events.csv,occurred_at,2026.07.19.2
CEO_BARKED_TWICE,PUPPY,TX-L1-043,transaction_type,STRING,VENDOR_PAYMENT,,,,,,,false,3,genie/puppy/financial_events.csv,transaction_type,2026.07.19.2
CEO_BARKED_TWICE,PUPPY,TX-L1-043,source_account_id,STRING,A-SCC-1001,,,,,,,false,4,genie/puppy/financial_events.csv,source_account_id,2026.07.19.2
CEO_BARKED_TWICE,PUPPY,TX-L1-043,destination_account_id,STRING,A-HOUNDOFF-3205,,,,,,,false,5,genie/puppy/financial_events.csv,destination_account_id,2026.07.19.2
CEO_BARKED_TWICE,PUPPY,TX-L1-043,amount,DECIMAL,,,50000.00,,,,,false,6,genie/puppy/financial_events.csv,amount,2026.07.19.2
CEO_BARKED_TWICE,PUPPY,TX-L1-043,currency,STRING,BSC,,,,,,,false,7,genie/puppy/financial_events.csv,currency,2026.07.19.2
CEO_BARKED_TWICE,PUPPY,TX-L1-043,reference,STRING,HOUNDOFF-2025-1040,,,,,,,false,8,genie/puppy/financial_events.csv,reference,2026.07.19.2
CEO_BARKED_TWICE,PUPPY,TX-L1-043,invoice_id,STRING,INV-0041,,,,,,,false,9,genie/puppy/financial_events.csv,invoice_id,2026.07.19.2
CEO_BARKED_TWICE,PUPPY,TX-L1-043,purchase_order_id,STRING,PO-26041,,,,,,,false,10,genie/puppy/financial_events.csv,purchase_order_id,2026.07.19.2
CEO_BARKED_TWICE,PUPPY,TX-L1-043,status,STRING,SETTLED,,,,,,,false,11,genie/puppy/financial_events.csv,status,2026.07.19.2
CEO_BARKED_TWICE,PUPPY,TX-L1-043,reversed_transaction_id,NULL,,,,,,,null,false,12,genie/puppy/financial_events.csv,reversed_transaction_id,2026.07.19.2
CEO_BARKED_TWICE,PUPPY,TX-L1-044,transaction_id,STRING,TX-L1-044,,,,,,,false,1,genie/puppy/financial_events.csv,transaction_id,2026.07.19.2
CEO_BARKED_TWICE,PUPPY,TX-L1-044,occurred_at,TIMESTAMP,,,,,,2026-01-20T00:00:00Z,,false,2,genie/puppy/financial_events.csv,occurred_at,2026.07.19.2
CEO_BARKED_TWICE,PUPPY,TX-L1-044,transaction_type,STRING,VENDOR_PAYMENT,,,,,,,false,3,genie/puppy/financial_events.csv,transaction_type,2026.07.19.2
CEO_BARKED_TWICE,PUPPY,TX-L1-044,source_account_id,STRING,A-SCC-1001,,,,,,,false,4,genie/puppy/financial_events.csv,source_account_id,2026.07.19.2
CEO_BARKED_TWICE,PUPPY,TX-L1-044,destination_account_id,STRING,A-RETRIEVER-3246,,,,,,,false,5,genie/puppy/financial_events.csv,destination_account_id,2026.07.19.2
CEO_BARKED_TWICE,PUPPY,TX-L1-044,amount,DECIMAL,,,59000.00,,,,,false,6,genie/puppy/financial_events.csv,amount,2026.07.19.2
CEO_BARKED_TWICE,PUPPY,TX-L1-044,currency,STRING,BSC,,,,,,,false,7,genie/puppy/financial_events.csv,currency,2026.07.19.2
CEO_BARKED_TWICE,PUPPY,TX-L1-044,reference,STRING,RETRIEVER-2025-1041,,,,,,,false,8,genie/puppy/financial_events.csv,reference,2026.07.19.2
CEO_BARKED_TWICE,PUPPY,TX-L1-044,invoice_id,STRING,INV-0042,,,,,,,false,9,genie/puppy/financial_events.csv,invoice_id,2026.07.19.2
CEO_BARKED_TWICE,PUPPY,TX-L1-044,purchase_order_id,STRING,PO-26042,,,,,,,false,10,genie/puppy/financial_events.csv,purchase_order_id,2026.07.19.2
CEO_BARKED_TWICE,PUPPY,TX-L1-044,status,STRING,SETTLED,,,,,,,false,11,genie/puppy/financial_events.csv,status,2026.07.19.2
CEO_BARKED_TWICE,PUPPY,TX-L1-044,reversed_transaction_id,NULL,,,,,,,null,false,12,genie/puppy/financial_events.csv,reversed_transaction_id,2026.07.19.2
CEO_BARKED_TWICE,PUPPY,TX-L1-045,transaction_id,STRING,TX-L1-045,,,,,,,false,1,genie/puppy/financial_events.csv,transaction_id,2026.07.19.2
CEO_BARKED_TWICE,PUPPY,TX-L1-045,occurred_at,TIMESTAMP,,,,,,2026-01-24T00:00:00Z,,false,2,genie/puppy/financial_events.csv,occurred_at,2026.07.19.2
CEO_BARKED_TWICE,PUPPY,TX-L1-045,transaction_type,STRING,VENDOR_PAYMENT,,,,,,,false,3,genie/puppy/financial_events.csv,transaction_type,2026.07.19.2
CEO_BARKED_TWICE,PUPPY,TX-L1-045,source_account_id,STRING,A-SCC-1001,,,,,,,false,4,genie/puppy/financial_events.csv,source_account_id,2026.07.19.2
CEO_BARKED_TWICE,PUPPY,TX-L1-045,destination_account_id,STRING,A-NIGHTJAR-8842,,,,,,,false,5,genie/puppy/financial_events.csv,destination_account_id,2026.07.19.2
CEO_BARKED_TWICE,PUPPY,TX-L1-045,amount,DECIMAL,,,68000.00,,,,,false,6,genie/puppy/financial_events.csv,amount,2026.07.19.2
CEO_BARKED_TWICE,PUPPY,TX-L1-045,currency,STRING,BSC,,,,,,,false,7,genie/puppy/financial_events.csv,currency,2026.07.19.2
CEO_BARKED_TWICE,PUPPY,TX-L1-045,reference,STRING,CPI-1048,,,,,,,false,8,genie/puppy/financial_events.csv,reference,2026.07.19.2
CEO_BARKED_TWICE,PUPPY,TX-L1-045,invoice_id,STRING,INV-COPPER-1048-F,,,,,,,false,9,genie/puppy/financial_events.csv,invoice_id,2026.07.19.2
CEO_BARKED_TWICE,PUPPY,TX-L1-045,purchase_order_id,STRING,PO-26005,,,,,,,false,10,genie/puppy/financial_events.csv,purchase_order_id,2026.07.19.2
CEO_BARKED_TWICE,PUPPY,TX-L1-045,status,STRING,SETTLED,,,,,,,false,11,genie/puppy/financial_events.csv,status,2026.07.19.2
CEO_BARKED_TWICE,PUPPY,TX-L1-045,reversed_transaction_id,NULL,,,,,,,null,false,12,genie/puppy/financial_events.csv,reversed_transaction_id,2026.07.19.2
CEO_BARKED_TWICE,PUPPY,TX-L1-046,transaction_id,STRING,TX-L1-046,,,,,,,false,1,genie/puppy/financial_events.csv,transaction_id,2026.07.19.2
CEO_BARKED_TWICE,PUPPY,TX-L1-046,occurred_at,TIMESTAMP,,,,,,2026-01-28T00:00:00Z,,false,2,genie/puppy/financial_events.csv,occurred_at,2026.07.19.2
CEO_BARKED_TWICE,PUPPY,TX-L1-046,transaction_type,STRING,VENDOR_PAYMENT,,,,,,,false,3,genie/puppy/financial_events.csv,transaction_type,2026.07.19.2
CEO_BARKED_TWICE,PUPPY,TX-L1-046,source_account_id,STRING,A-SCC-1001,,,,,,,false,4,genie/puppy/financial_events.csv,source_account_id,2026.07.19.2
CEO_BARKED_TWICE,PUPPY,TX-L1-046,destination_account_id,STRING,A-NIGHTJAR-8842,,,,,,,false,5,genie/puppy/financial_events.csv,destination_account_id,2026.07.19.2
CEO_BARKED_TWICE,PUPPY,TX-L1-046,amount,DECIMAL,,,77000.00,,,,,false,6,genie/puppy/financial_events.csv,amount,2026.07.19.2
CEO_BARKED_TWICE,PUPPY,TX-L1-046,currency,STRING,BSC,,,,,,,false,7,genie/puppy/financial_events.csv,currency,2026.07.19.2
CEO_BARKED_TWICE,PUPPY,TX-L1-046,reference,STRING,CPI-1059,,,,,,,false,8,genie/puppy/financial_events.csv,reference,2026.07.19.2
CEO_BARKED_TWICE,PUPPY,TX-L1-046,invoice_id,STRING,INV-COPPER-1059-F,,,,,,,false,9,genie/puppy/financial_events.csv,invoice_id,2026.07.19.2
CEO_BARKED_TWICE,PUPPY,TX-L1-046,purchase_order_id,STRING,PO-26013,,,,,,,false,10,genie/puppy/financial_events.csv,purchase_order_id,2026.07.19.2
CEO_BARKED_TWICE,PUPPY,TX-L1-046,status,STRING,SETTLED,,,,,,,false,11,genie/puppy/financial_events.csv,status,2026.07.19.2
CEO_BARKED_TWICE,PUPPY,TX-L1-046,reversed_transaction_id,NULL,,,,,,,null,false,12,genie/puppy/financial_events.csv,reversed_transaction_id,2026.07.19.2
CEO_BARKED_TWICE,PUPPY,TX-L1-047,transaction_id,STRING,TX-L1-047,,,,,,,false,1,genie/puppy/financial_events.csv,transaction_id,2026.07.19.2
CEO_BARKED_TWICE,PUPPY,TX-L1-047,occurred_at,TIMESTAMP,,,,,,2026-02-01T00:00:00Z,,false,2,genie/puppy/financial_events.csv,occurred_at,2026.07.19.2
CEO_BARKED_TWICE,PUPPY,TX-L1-047,transaction_type,STRING,VENDOR_PAYMENT,,,,,,,false,3,genie/puppy/financial_events.csv,transaction_type,2026.07.19.2
CEO_BARKED_TWICE,PUPPY,TX-L1-047,source_account_id,STRING,A-SCC-1001,,,,,,,false,4,genie/puppy/financial_events.csv,source_account_id,2026.07.19.2
CEO_BARKED_TWICE,PUPPY,TX-L1-047,destination_account_id,STRING,A-COPPER-2207,,,,,,,false,5,genie/puppy/financial_events.csv,destination_account_id,2026.07.19.2
CEO_BARKED_TWICE,PUPPY,TX-L1-047,amount,DECIMAL,,,69700.00,,,,,false,6,genie/puppy/financial_events.csv,amount,2026.07.19.2
CEO_BARKED_TWICE,PUPPY,TX-L1-047,currency,STRING,BSC,,,,,,,false,7,genie/puppy/financial_events.csv,currency,2026.07.19.2
CEO_BARKED_TWICE,PUPPY,TX-L1-047,reference,STRING,COPPER-2025-1000,,,,,,,false,8,genie/puppy/financial_events.csv,reference,2026.07.19.2
CEO_BARKED_TWICE,PUPPY,TX-L1-047,invoice_id,STRING,INV-0001,,,,,,,false,9,genie/puppy/financial_events.csv,invoice_id,2026.07.19.2
CEO_BARKED_TWICE,PUPPY,TX-L1-047,purchase_order_id,STRING,PO-26001,,,,,,,false,10,genie/puppy/financial_events.csv,purchase_order_id,2026.07.19.2
CEO_BARKED_TWICE,PUPPY,TX-L1-047,status,STRING,SETTLED,,,,,,,false,11,genie/puppy/financial_events.csv,status,2026.07.19.2
CEO_BARKED_TWICE,PUPPY,TX-L1-047,reversed_transaction_id,NULL,,,,,,,null,false,12,genie/puppy/financial_events.csv,reversed_transaction_id,2026.07.19.2
CEO_BARKED_TWICE,PUPPY,TX-L1-048,transaction_id,STRING,TX-L1-048,,,,,,,false,1,genie/puppy/financial_events.csv,transaction_id,2026.07.19.2
CEO_BARKED_TWICE,PUPPY,TX-L1-048,occurred_at,TIMESTAMP,,,,,,2026-02-05T00:00:00Z,,false,2,genie/puppy/financial_events.csv,occurred_at,2026.07.19.2
CEO_BARKED_TWICE,PUPPY,TX-L1-048,transaction_type,STRING,VENDOR_PAYMENT,,,,,,,false,3,genie/puppy/financial_events.csv,transaction_type,2026.07.19.2
CEO_BARKED_TWICE,PUPPY,TX-L1-048,source_account_id,STRING,A-SCC-1001,,,,,,,false,4,genie/puppy/financial_events.csv,source_account_id,2026.07.19.2
CEO_BARKED_TWICE,PUPPY,TX-L1-048,destination_account_id,STRING,A-IRON-3041,,,,,,,false,5,genie/puppy/financial_events.csv,destination_account_id,2026.07.19.2
CEO_BARKED_TWICE,PUPPY,TX-L1-048,amount,DECIMAL,,,87720.00,,,,,false,6,genie/puppy/financial_events.csv,amount,2026.07.19.2
CEO_BARKED_TWICE,PUPPY,TX-L1-048,currency,STRING,BSC,,,,,,,false,7,genie/puppy/financial_events.csv,currency,2026.07.19.2
CEO_BARKED_TWICE,PUPPY,TX-L1-048,reference,STRING,IRON-2025-1001,,,,,,,false,8,genie/puppy/financial_events.csv,reference,2026.07.19.2
CEO_BARKED_TWICE,PUPPY,TX-L1-048,invoice_id,STRING,INV-0002,,,,,,,false,9,genie/puppy/financial_events.csv,invoice_id,2026.07.19.2
CEO_BARKED_TWICE,PUPPY,TX-L1-048,purchase_order_id,STRING,PO-26002,,,,,,,false,10,genie/puppy/financial_events.csv,purchase_order_id,2026.07.19.2
CEO_BARKED_TWICE,PUPPY,TX-L1-048,status,STRING,SETTLED,,,,,,,false,11,genie/puppy/financial_events.csv,status,2026.07.19.2
CEO_BARKED_TWICE,PUPPY,TX-L1-048,reversed_transaction_id,NULL,,,,,,,null,false,12,genie/puppy/financial_events.csv,reversed_transaction_id,2026.07.19.2
CEO_BARKED_TWICE,PUPPY,TX-L1-049,transaction_id,STRING,TX-L1-049,,,,,,,false,1,genie/puppy/financial_events.csv,transaction_id,2026.07.19.2
CEO_BARKED_TWICE,PUPPY,TX-L1-049,occurred_at,TIMESTAMP,,,,,,2026-02-09T00:00:00Z,,false,2,genie/puppy/financial_events.csv,occurred_at,2026.07.19.2
CEO_BARKED_TWICE,PUPPY,TX-L1-049,transaction_type,STRING,VENDOR_PAYMENT,,,,,,,false,3,genie/puppy/financial_events.csv,transaction_type,2026.07.19.2
CEO_BARKED_TWICE,PUPPY,TX-L1-049,source_account_id,STRING,A-SCC-1001,,,,,,,false,4,genie/puppy/financial_events.csv,source_account_id,2026.07.19.2
CEO_BARKED_TWICE,PUPPY,TX-L1-049,destination_account_id,STRING,A-WIRE-3082,,,,,,,false,5,genie/puppy/financial_events.csv,destination_account_id,2026.07.19.2
CEO_BARKED_TWICE,PUPPY,TX-L1-049,amount,DECIMAL,,,104000.00,,,,,false,6,genie/puppy/financial_events.csv,amount,2026.07.19.2
CEO_BARKED_TWICE,PUPPY,TX-L1-049,currency,STRING,BSC,,,,,,,false,7,genie/puppy/financial_events.csv,currency,2026.07.19.2
CEO_BARKED_TWICE,PUPPY,TX-L1-049,reference,STRING,WIRE-2025-1002,,,,,,,false,8,genie/puppy/financial_events.csv,reference,2026.07.19.2
CEO_BARKED_TWICE,PUPPY,TX-L1-049,invoice_id,STRING,INV-0003,,,,,,,false,9,genie/puppy/financial_events.csv,invoice_id,2026.07.19.2
CEO_BARKED_TWICE,PUPPY,TX-L1-049,purchase_order_id,STRING,PO-26003,,,,,,,false,10,genie/puppy/financial_events.csv,purchase_order_id,2026.07.19.2
CEO_BARKED_TWICE,PUPPY,TX-L1-049,status,STRING,SETTLED,,,,,,,false,11,genie/puppy/financial_events.csv,status,2026.07.19.2
CEO_BARKED_TWICE,PUPPY,TX-L1-049,reversed_transaction_id,NULL,,,,,,,null,false,12,genie/puppy/financial_events.csv,reversed_transaction_id,2026.07.19.2
CEO_BARKED_TWICE,PUPPY,TX-L1-050,transaction_id,STRING,TX-L1-050,,,,,,,false,1,genie/puppy/financial_events.csv,transaction_id,2026.07.19.2
CEO_BARKED_TWICE,PUPPY,TX-L1-050,occurred_at,TIMESTAMP,,,,,,2026-02-13T00:00:00Z,,false,2,genie/puppy/financial_events.csv,occurred_at,2026.07.19.2
CEO_BARKED_TWICE,PUPPY,TX-L1-050,transaction_type,STRING,VENDOR_PAYMENT,,,,,,,false,3,genie/puppy/financial_events.csv,transaction_type,2026.07.19.2
CEO_BARKED_TWICE,PUPPY,TX-L1-050,source_account_id,STRING,A-SCC-1001,,,,,,,false,4,genie/puppy/financial_events.csv,source_account_id,2026.07.19.2
CEO_BARKED_TWICE,PUPPY,TX-L1-050,destination_account_id,STRING,A-TAIL-3123,,,,,,,false,5,genie/puppy/financial_events.csv,destination_account_id,2026.07.19.2
CEO_BARKED_TWICE,PUPPY,TX-L1-050,amount,DECIMAL,,,50000.00,,,,,false,6,genie/puppy/financial_events.csv,amount,2026.07.19.2
CEO_BARKED_TWICE,PUPPY,TX-L1-050,currency,STRING,BSC,,,,,,,false,7,genie/puppy/financial_events.csv,currency,2026.07.19.2
CEO_BARKED_TWICE,PUPPY,TX-L1-050,reference,STRING,TAIL-2025-1003,,,,,,,false,8,genie/puppy/financial_events.csv,reference,2026.07.19.2
CEO_BARKED_TWICE,PUPPY,TX-L1-050,invoice_id,STRING,INV-0004,,,,,,,false,9,genie/puppy/financial_events.csv,invoice_id,2026.07.19.2
CEO_BARKED_TWICE,PUPPY,TX-L1-050,purchase_order_id,STRING,PO-26004,,,,,,,false,10,genie/puppy/financial_events.csv,purchase_order_id,2026.07.19.2
CEO_BARKED_TWICE,PUPPY,TX-L1-050,status,STRING,SETTLED,,,,,,,false,11,genie/puppy/financial_events.csv,status,2026.07.19.2
CEO_BARKED_TWICE,PUPPY,TX-L1-050,reversed_transaction_id,NULL,,,,,,,null,false,12,genie/puppy/financial_events.csv,reversed_transaction_id,2026.07.19.2
CEO_BARKED_TWICE,PUPPY,TX-L1-051,transaction_id,STRING,TX-L1-051,,,,,,,false,1,genie/puppy/financial_events.csv,transaction_id,2026.07.19.2
CEO_BARKED_TWICE,PUPPY,TX-L1-051,occurred_at,TIMESTAMP,,,,,,2026-02-17T00:00:00Z,,false,2,genie/puppy/financial_events.csv,occurred_at,2026.07.19.2
CEO_BARKED_TWICE,PUPPY,TX-L1-051,transaction_type,STRING,VENDOR_PAYMENT,,,,,,,false,3,genie/puppy/financial_events.csv,transaction_type,2026.07.19.2
CEO_BARKED_TWICE,PUPPY,TX-L1-051,source_account_id,STRING,A-SCC-1001,,,,,,,false,4,genie/puppy/financial_events.csv,source_account_id,2026.07.19.2
CEO_BARKED_TWICE,PUPPY,TX-L1-051,destination_account_id,STRING,A-BLUEBOWL-3164,,,,,,,false,5,genie/puppy/financial_events.csv,destination_account_id,2026.07.19.2
CEO_BARKED_TWICE,PUPPY,TX-L1-051,amount,DECIMAL,,,59000.00,,,,,false,6,genie/puppy/financial_events.csv,amount,2026.07.19.2
CEO_BARKED_TWICE,PUPPY,TX-L1-051,currency,STRING,BSC,,,,,,,false,7,genie/puppy/financial_events.csv,currency,2026.07.19.2
CEO_BARKED_TWICE,PUPPY,TX-L1-051,reference,STRING,BLUEBOWL-2025-1004,,,,,,,false,8,genie/puppy/financial_events.csv,reference,2026.07.19.2
CEO_BARKED_TWICE,PUPPY,TX-L1-051,invoice_id,STRING,INV-0005,,,,,,,false,9,genie/puppy/financial_events.csv,invoice_id,2026.07.19.2
CEO_BARKED_TWICE,PUPPY,TX-L1-051,purchase_order_id,STRING,PO-26005,,,,,,,false,10,genie/puppy/financial_events.csv,purchase_order_id,2026.07.19.2
CEO_BARKED_TWICE,PUPPY,TX-L1-051,status,STRING,SETTLED,,,,,,,false,11,genie/puppy/financial_events.csv,status,2026.07.19.2
CEO_BARKED_TWICE,PUPPY,TX-L1-051,reversed_transaction_id,NULL,,,,,,,null,false,12,genie/puppy/financial_events.csv,reversed_transaction_id,2026.07.19.2
CEO_BARKED_TWICE,PUPPY,TX-L1-052,transaction_id,STRING,TX-L1-052,,,,,,,false,1,genie/puppy/financial_events.csv,transaction_id,2026.07.19.2
CEO_BARKED_TWICE,PUPPY,TX-L1-052,occurred_at,TIMESTAMP,,,,,,2026-02-21T00:00:00Z,,false,2,genie/puppy/financial_events.csv,occurred_at,2026.07.19.2
CEO_BARKED_TWICE,PUPPY,TX-L1-052,transaction_type,STRING,VENDOR_PAYMENT,,,,,,,false,3,genie/puppy/financial_events.csv,transaction_type,2026.07.19.2
CEO_BARKED_TWICE,PUPPY,TX-L1-052,source_account_id,STRING,A-SCC-1001,,,,,,,false,4,genie/puppy/financial_events.csv,source_account_id,2026.07.19.2
CEO_BARKED_TWICE,PUPPY,TX-L1-052,destination_account_id,STRING,A-HOUNDOFF-3205,,,,,,,false,5,genie/puppy/financial_events.csv,destination_account_id,2026.07.19.2
CEO_BARKED_TWICE,PUPPY,TX-L1-052,amount,DECIMAL,,,68000.00,,,,,false,6,genie/puppy/financial_events.csv,amount,2026.07.19.2
CEO_BARKED_TWICE,PUPPY,TX-L1-052,currency,STRING,BSC,,,,,,,false,7,genie/puppy/financial_events.csv,currency,2026.07.19.2
CEO_BARKED_TWICE,PUPPY,TX-L1-052,reference,STRING,HOUNDOFF-2025-1005,,,,,,,false,8,genie/puppy/financial_events.csv,reference,2026.07.19.2
CEO_BARKED_TWICE,PUPPY,TX-L1-052,invoice_id,STRING,INV-0006,,,,,,,false,9,genie/puppy/financial_events.csv,invoice_id,2026.07.19.2
CEO_BARKED_TWICE,PUPPY,TX-L1-052,purchase_order_id,STRING,PO-26006,,,,,,,false,10,genie/puppy/financial_events.csv,purchase_order_id,2026.07.19.2
CEO_BARKED_TWICE,PUPPY,TX-L1-052,status,STRING,SETTLED,,,,,,,false,11,genie/puppy/financial_events.csv,status,2026.07.19.2
CEO_BARKED_TWICE,PUPPY,TX-L1-052,reversed_transaction_id,NULL,,,,,,,null,false,12,genie/puppy/financial_events.csv,reversed_transaction_id,2026.07.19.2
CEO_BARKED_TWICE,PUPPY,TX-L1-053,transaction_id,STRING,TX-L1-053,,,,,,,false,1,genie/puppy/financial_events.csv,transaction_id,2026.07.19.2
CEO_BARKED_TWICE,PUPPY,TX-L1-053,occurred_at,TIMESTAMP,,,,,,2026-02-25T00:00:00Z,,false,2,genie/puppy/financial_events.csv,occurred_at,2026.07.19.2
CEO_BARKED_TWICE,PUPPY,TX-L1-053,transaction_type,STRING,VENDOR_PAYMENT,,,,,,,false,3,genie/puppy/financial_events.csv,transaction_type,2026.07.19.2
CEO_BARKED_TWICE,PUPPY,TX-L1-053,source_account_id,STRING,A-SCC-1001,,,,,,,false,4,genie/puppy/financial_events.csv,source_account_id,2026.07.19.2
CEO_BARKED_TWICE,PUPPY,TX-L1-053,destination_account_id,STRING,A-RETRIEVER-3246,,,,,,,false,5,genie/puppy/financial_events.csv,destination_account_id,2026.07.19.2
CEO_BARKED_TWICE,PUPPY,TX-L1-053,amount,DECIMAL,,,77000.00,,,,,false,6,genie/puppy/financial_events.csv,amount,2026.07.19.2
CEO_BARKED_TWICE,PUPPY,TX-L1-053,currency,STRING,BSC,,,,,,,false,7,genie/puppy/financial_events.csv,currency,2026.07.19.2
CEO_BARKED_TWICE,PUPPY,TX-L1-053,reference,STRING,RETRIEVER-2025-1006,,,,,,,false,8,genie/puppy/financial_events.csv,reference,2026.07.19.2
CEO_BARKED_TWICE,PUPPY,TX-L1-053,invoice_id,STRING,INV-0007,,,,,,,false,9,genie/puppy/financial_events.csv,invoice_id,2026.07.19.2
CEO_BARKED_TWICE,PUPPY,TX-L1-053,purchase_order_id,STRING,PO-26007,,,,,,,false,10,genie/puppy/financial_events.csv,purchase_order_id,2026.07.19.2
CEO_BARKED_TWICE,PUPPY,TX-L1-053,status,STRING,SETTLED,,,,,,,false,11,genie/puppy/financial_events.csv,status,2026.07.19.2
CEO_BARKED_TWICE,PUPPY,TX-L1-053,reversed_transaction_id,NULL,,,,,,,null,false,12,genie/puppy/financial_events.csv,reversed_transaction_id,2026.07.19.2
CEO_BARKED_TWICE,PUPPY,TX-L1-054,transaction_id,STRING,TX-L1-054,,,,,,,false,1,genie/puppy/financial_events.csv,transaction_id,2026.07.19.2
CEO_BARKED_TWICE,PUPPY,TX-L1-054,occurred_at,TIMESTAMP,,,,,,2026-03-01T00:00:00Z,,false,2,genie/puppy/financial_events.csv,occurred_at,2026.07.19.2
CEO_BARKED_TWICE,PUPPY,TX-L1-054,transaction_type,STRING,VENDOR_PAYMENT,,,,,,,false,3,genie/puppy/financial_events.csv,transaction_type,2026.07.19.2
CEO_BARKED_TWICE,PUPPY,TX-L1-054,source_account_id,STRING,A-SCC-1001,,,,,,,false,4,genie/puppy/financial_events.csv,source_account_id,2026.07.19.2
CEO_BARKED_TWICE,PUPPY,TX-L1-054,destination_account_id,STRING,A-COPPER-2207,,,,,,,false,5,genie/puppy/financial_events.csv,destination_account_id,2026.07.19.2
CEO_BARKED_TWICE,PUPPY,TX-L1-054,amount,DECIMAL,,,86000.00,,,,,false,6,genie/puppy/financial_events.csv,amount,2026.07.19.2
CEO_BARKED_TWICE,PUPPY,TX-L1-054,currency,STRING,BSC,,,,,,,false,7,genie/puppy/financial_events.csv,currency,2026.07.19.2
CEO_BARKED_TWICE,PUPPY,TX-L1-054,reference,STRING,COPPER-2025-1007,,,,,,,false,8,genie/puppy/financial_events.csv,reference,2026.07.19.2
CEO_BARKED_TWICE,PUPPY,TX-L1-054,invoice_id,STRING,INV-0008,,,,,,,false,9,genie/puppy/financial_events.csv,invoice_id,2026.07.19.2
CEO_BARKED_TWICE,PUPPY,TX-L1-054,purchase_order_id,STRING,PO-26008,,,,,,,false,10,genie/puppy/financial_events.csv,purchase_order_id,2026.07.19.2
CEO_BARKED_TWICE,PUPPY,TX-L1-054,status,STRING,SETTLED,,,,,,,false,11,genie/puppy/financial_events.csv,status,2026.07.19.2
CEO_BARKED_TWICE,PUPPY,TX-L1-054,reversed_transaction_id,NULL,,,,,,,null,false,12,genie/puppy/financial_events.csv,reversed_transaction_id,2026.07.19.2
CEO_BARKED_TWICE,PUPPY,TX-L1-055,transaction_id,STRING,TX-L1-055,,,,,,,false,1,genie/puppy/financial_events.csv,transaction_id,2026.07.19.2
CEO_BARKED_TWICE,PUPPY,TX-L1-055,occurred_at,TIMESTAMP,,,,,,2026-03-05T00:00:00Z,,false,2,genie/puppy/financial_events.csv,occurred_at,2026.07.19.2
CEO_BARKED_TWICE,PUPPY,TX-L1-055,transaction_type,STRING,VENDOR_PAYMENT,,,,,,,false,3,genie/puppy/financial_events.csv,transaction_type,2026.07.19.2
CEO_BARKED_TWICE,PUPPY,TX-L1-055,source_account_id,STRING,A-SCC-1001,,,,,,,false,4,genie/puppy/financial_events.csv,source_account_id,2026.07.19.2
CEO_BARKED_TWICE,PUPPY,TX-L1-055,destination_account_id,STRING,A-IRON-3041,,,,,,,false,5,genie/puppy/financial_events.csv,destination_account_id,2026.07.19.2
CEO_BARKED_TWICE,PUPPY,TX-L1-055,amount,DECIMAL,,,95000.00,,,,,false,6,genie/puppy/financial_events.csv,amount,2026.07.19.2
CEO_BARKED_TWICE,PUPPY,TX-L1-055,currency,STRING,BSC,,,,,,,false,7,genie/puppy/financial_events.csv,currency,2026.07.19.2
CEO_BARKED_TWICE,PUPPY,TX-L1-055,reference,STRING,IRON-2025-1008,,,,,,,false,8,genie/puppy/financial_events.csv,reference,2026.07.19.2
CEO_BARKED_TWICE,PUPPY,TX-L1-055,invoice_id,STRING,INV-0009,,,,,,,false,9,genie/puppy/financial_events.csv,invoice_id,2026.07.19.2
CEO_BARKED_TWICE,PUPPY,TX-L1-055,purchase_order_id,STRING,PO-26009,,,,,,,false,10,genie/puppy/financial_events.csv,purchase_order_id,2026.07.19.2
CEO_BARKED_TWICE,PUPPY,TX-L1-055,status,STRING,SETTLED,,,,,,,false,11,genie/puppy/financial_events.csv,status,2026.07.19.2
CEO_BARKED_TWICE,PUPPY,TX-L1-055,reversed_transaction_id,NULL,,,,,,,null,false,12,genie/puppy/financial_events.csv,reversed_transaction_id,2026.07.19.2
CEO_BARKED_TWICE,PUPPY,TX-L1-056,transaction_id,STRING,TX-L1-056,,,,,,,false,1,genie/puppy/financial_events.csv,transaction_id,2026.07.19.2
CEO_BARKED_TWICE,PUPPY,TX-L1-056,occurred_at,TIMESTAMP,,,,,,2026-03-09T00:00:00Z,,false,2,genie/puppy/financial_events.csv,occurred_at,2026.07.19.2
CEO_BARKED_TWICE,PUPPY,TX-L1-056,transaction_type,STRING,VENDOR_PAYMENT,,,,,,,false,3,genie/puppy/financial_events.csv,transaction_type,2026.07.19.2
CEO_BARKED_TWICE,PUPPY,TX-L1-056,source_account_id,STRING,A-SCC-1001,,,,,,,false,4,genie/puppy/financial_events.csv,source_account_id,2026.07.19.2
CEO_BARKED_TWICE,PUPPY,TX-L1-056,destination_account_id,STRING,A-WIRE-3082,,,,,,,false,5,genie/puppy/financial_events.csv,destination_account_id,2026.07.19.2
CEO_BARKED_TWICE,PUPPY,TX-L1-056,amount,DECIMAL,,,83300.00,,,,,false,6,genie/puppy/financial_events.csv,amount,2026.07.19.2
CEO_BARKED_TWICE,PUPPY,TX-L1-056,currency,STRING,BSC,,,,,,,false,7,genie/puppy/financial_events.csv,currency,2026.07.19.2
CEO_BARKED_TWICE,PUPPY,TX-L1-056,reference,STRING,WIRE-2025-1009,,,,,,,false,8,genie/puppy/financial_events.csv,reference,2026.07.19.2
CEO_BARKED_TWICE,PUPPY,TX-L1-056,invoice_id,STRING,INV-0010,,,,,,,false,9,genie/puppy/financial_events.csv,invoice_id,2026.07.19.2
CEO_BARKED_TWICE,PUPPY,TX-L1-056,purchase_order_id,STRING,PO-26010,,,,,,,false,10,genie/puppy/financial_events.csv,purchase_order_id,2026.07.19.2
CEO_BARKED_TWICE,PUPPY,TX-L1-056,status,STRING,SETTLED,,,,,,,false,11,genie/puppy/financial_events.csv,status,2026.07.19.2
CEO_BARKED_TWICE,PUPPY,TX-L1-056,reversed_transaction_id,NULL,,,,,,,null,false,12,genie/puppy/financial_events.csv,reversed_transaction_id,2026.07.19.2
CEO_BARKED_TWICE,PUPPY,TX-L1-OPS-001,transaction_id,STRING,TX-L1-OPS-001,,,,,,,false,1,genie/puppy/financial_events.csv,transaction_id,2026.07.19.2
CEO_BARKED_TWICE,PUPPY,TX-L1-OPS-001,occurred_at,TIMESTAMP,,,,,,2025-08-02T00:00:00Z,,false,2,genie/puppy/financial_events.csv,occurred_at,2026.07.19.2
CEO_BARKED_TWICE,PUPPY,TX-L1-OPS-001,transaction_type,STRING,OPERATING_PAYMENT,,,,,,,false,3,genie/puppy/financial_events.csv,transaction_type,2026.07.19.2
CEO_BARKED_TWICE,PUPPY,TX-L1-OPS-001,source_account_id,STRING,A-SCC-1001,,,,,,,false,4,genie/puppy/financial_events.csv,source_account_id,2026.07.19.2
CEO_BARKED_TWICE,PUPPY,TX-L1-OPS-001,destination_account_id,STRING,A-IRON-3041,,,,,,,false,5,genie/puppy/financial_events.csv,destination_account_id,2026.07.19.2
CEO_BARKED_TWICE,PUPPY,TX-L1-OPS-001,amount,DECIMAL,,,3000.00,,,,,false,6,genie/puppy/financial_events.csv,amount,2026.07.19.2
CEO_BARKED_TWICE,PUPPY,TX-L1-OPS-001,currency,STRING,BSC,,,,,,,false,7,genie/puppy/financial_events.csv,currency,2026.07.19.2
CEO_BARKED_TWICE,PUPPY,TX-L1-OPS-001,reference,STRING,OPS-001,,,,,,,false,8,genie/puppy/financial_events.csv,reference,2026.07.19.2
CEO_BARKED_TWICE,PUPPY,TX-L1-OPS-001,invoice_id,NULL,,,,,,,null,false,9,genie/puppy/financial_events.csv,invoice_id,2026.07.19.2
CEO_BARKED_TWICE,PUPPY,TX-L1-OPS-001,purchase_order_id,NULL,,,,,,,null,false,10,genie/puppy/financial_events.csv,purchase_order_id,2026.07.19.2
CEO_BARKED_TWICE,PUPPY,TX-L1-OPS-001,status,STRING,SETTLED,,,,,,,false,11,genie/puppy/financial_events.csv,status,2026.07.19.2
CEO_BARKED_TWICE,PUPPY,TX-L1-OPS-001,reversed_transaction_id,NULL,,,,,,,null,false,12,genie/puppy/financial_events.csv,reversed_transaction_id,2026.07.19.2
CEO_BARKED_TWICE,PUPPY,TX-L1-OPS-002,transaction_id,STRING,TX-L1-OPS-002,,,,,,,false,1,genie/puppy/financial_events.csv,transaction_id,2026.07.19.2
CEO_BARKED_TWICE,PUPPY,TX-L1-OPS-002,occurred_at,TIMESTAMP,,,,,,2025-08-11T00:00:00Z,,false,2,genie/puppy/financial_events.csv,occurred_at,2026.07.19.2
CEO_BARKED_TWICE,PUPPY,TX-L1-OPS-002,transaction_type,STRING,OPERATING_PAYMENT,,,,,,,false,3,genie/puppy/financial_events.csv,transaction_type,2026.07.19.2
CEO_BARKED_TWICE,PUPPY,TX-L1-OPS-002,source_account_id,STRING,A-SCC-1001,,,,,,,false,4,genie/puppy/financial_events.csv,source_account_id,2026.07.19.2
CEO_BARKED_TWICE,PUPPY,TX-L1-OPS-002,destination_account_id,STRING,A-WIRE-3082,,,,,,,false,5,genie/puppy/financial_events.csv,destination_account_id,2026.07.19.2
CEO_BARKED_TWICE,PUPPY,TX-L1-OPS-002,amount,DECIMAL,,,3850.00,,,,,false,6,genie/puppy/financial_events.csv,amount,2026.07.19.2
CEO_BARKED_TWICE,PUPPY,TX-L1-OPS-002,currency,STRING,BSC,,,,,,,false,7,genie/puppy/financial_events.csv,currency,2026.07.19.2
CEO_BARKED_TWICE,PUPPY,TX-L1-OPS-002,reference,STRING,OPS-002,,,,,,,false,8,genie/puppy/financial_events.csv,reference,2026.07.19.2
CEO_BARKED_TWICE,PUPPY,TX-L1-OPS-002,invoice_id,NULL,,,,,,,null,false,9,genie/puppy/financial_events.csv,invoice_id,2026.07.19.2
CEO_BARKED_TWICE,PUPPY,TX-L1-OPS-002,purchase_order_id,NULL,,,,,,,null,false,10,genie/puppy/financial_events.csv,purchase_order_id,2026.07.19.2
CEO_BARKED_TWICE,PUPPY,TX-L1-OPS-002,status,STRING,SETTLED,,,,,,,false,11,genie/puppy/financial_events.csv,status,2026.07.19.2
CEO_BARKED_TWICE,PUPPY,TX-L1-OPS-002,reversed_transaction_id,NULL,,,,,,,null,false,12,genie/puppy/financial_events.csv,reversed_transaction_id,2026.07.19.2
CEO_BARKED_TWICE,PUPPY,TX-L1-OPS-003,transaction_id,STRING,TX-L1-OPS-003,,,,,,,false,1,genie/puppy/financial_events.csv,transaction_id,2026.07.19.2
CEO_BARKED_TWICE,PUPPY,TX-L1-OPS-003,occurred_at,TIMESTAMP,,,,,,2025-08-20T00:00:00Z,,false,2,genie/puppy/financial_events.csv,occurred_at,2026.07.19.2
CEO_BARKED_TWICE,PUPPY,TX-L1-OPS-003,transaction_type,STRING,OPERATING_PAYMENT,,,,,,,false,3,genie/puppy/financial_events.csv,transaction_type,2026.07.19.2
CEO_BARKED_TWICE,PUPPY,TX-L1-OPS-003,source_account_id,STRING,A-SCC-1001,,,,,,,false,4,genie/puppy/financial_events.csv,source_account_id,2026.07.19.2
CEO_BARKED_TWICE,PUPPY,TX-L1-OPS-003,destination_account_id,STRING,A-TAIL-3123,,,,,,,false,5,genie/puppy/financial_events.csv,destination_account_id,2026.07.19.2
CEO_BARKED_TWICE,PUPPY,TX-L1-OPS-003,amount,DECIMAL,,,4700.00,,,,,false,6,genie/puppy/financial_events.csv,amount,2026.07.19.2
CEO_BARKED_TWICE,PUPPY,TX-L1-OPS-003,currency,STRING,BSC,,,,,,,false,7,genie/puppy/financial_events.csv,currency,2026.07.19.2
CEO_BARKED_TWICE,PUPPY,TX-L1-OPS-003,reference,STRING,OPS-003,,,,,,,false,8,genie/puppy/financial_events.csv,reference,2026.07.19.2
CEO_BARKED_TWICE,PUPPY,TX-L1-OPS-003,invoice_id,NULL,,,,,,,null,false,9,genie/puppy/financial_events.csv,invoice_id,2026.07.19.2
CEO_BARKED_TWICE,PUPPY,TX-L1-OPS-003,purchase_order_id,NULL,,,,,,,null,false,10,genie/puppy/financial_events.csv,purchase_order_id,2026.07.19.2
CEO_BARKED_TWICE,PUPPY,TX-L1-OPS-003,status,STRING,SETTLED,,,,,,,false,11,genie/puppy/financial_events.csv,status,2026.07.19.2
CEO_BARKED_TWICE,PUPPY,TX-L1-OPS-003,reversed_transaction_id,NULL,,,,,,,null,false,12,genie/puppy/financial_events.csv,reversed_transaction_id,2026.07.19.2
CEO_BARKED_TWICE,PUPPY,TX-L1-OPS-004,transaction_id,STRING,TX-L1-OPS-004,,,,,,,false,1,genie/puppy/financial_events.csv,transaction_id,2026.07.19.2
CEO_BARKED_TWICE,PUPPY,TX-L1-OPS-004,occurred_at,TIMESTAMP,,,,,,2025-08-29T00:00:00Z,,false,2,genie/puppy/financial_events.csv,occurred_at,2026.07.19.2
CEO_BARKED_TWICE,PUPPY,TX-L1-OPS-004,transaction_type,STRING,OPERATING_PAYMENT,,,,,,,false,3,genie/puppy/financial_events.csv,transaction_type,2026.07.19.2
CEO_BARKED_TWICE,PUPPY,TX-L1-OPS-004,source_account_id,STRING,A-SCC-1001,,,,,,,false,4,genie/puppy/financial_events.csv,source_account_id,2026.07.19.2
CEO_BARKED_TWICE,PUPPY,TX-L1-OPS-004,destination_account_id,STRING,A-BLUEBOWL-3164,,,,,,,false,5,genie/puppy/financial_events.csv,destination_account_id,2026.07.19.2
CEO_BARKED_TWICE,PUPPY,TX-L1-OPS-004,amount,DECIMAL,,,5550.00,,,,,false,6,genie/puppy/financial_events.csv,amount,2026.07.19.2
CEO_BARKED_TWICE,PUPPY,TX-L1-OPS-004,currency,STRING,BSC,,,,,,,false,7,genie/puppy/financial_events.csv,currency,2026.07.19.2
CEO_BARKED_TWICE,PUPPY,TX-L1-OPS-004,reference,STRING,OPS-004,,,,,,,false,8,genie/puppy/financial_events.csv,reference,2026.07.19.2
CEO_BARKED_TWICE,PUPPY,TX-L1-OPS-004,invoice_id,NULL,,,,,,,null,false,9,genie/puppy/financial_events.csv,invoice_id,2026.07.19.2
CEO_BARKED_TWICE,PUPPY,TX-L1-OPS-004,purchase_order_id,NULL,,,,,,,null,false,10,genie/puppy/financial_events.csv,purchase_order_id,2026.07.19.2
CEO_BARKED_TWICE,PUPPY,TX-L1-OPS-004,status,STRING,SETTLED,,,,,,,false,11,genie/puppy/financial_events.csv,status,2026.07.19.2
CEO_BARKED_TWICE,PUPPY,TX-L1-OPS-004,reversed_transaction_id,NULL,,,,,,,null,false,12,genie/puppy/financial_events.csv,reversed_transaction_id,2026.07.19.2
CEO_BARKED_TWICE,PUPPY,TX-L1-OPS-005,transaction_id,STRING,TX-L1-OPS-005,,,,,,,false,1,genie/puppy/financial_events.csv,transaction_id,2026.07.19.2
CEO_BARKED_TWICE,PUPPY,TX-L1-OPS-005,occurred_at,TIMESTAMP,,,,,,2025-09-07T00:00:00Z,,false,2,genie/puppy/financial_events.csv,occurred_at,2026.07.19.2
CEO_BARKED_TWICE,PUPPY,TX-L1-OPS-005,transaction_type,STRING,OPERATING_PAYMENT,,,,,,,false,3,genie/puppy/financial_events.csv,transaction_type,2026.07.19.2
CEO_BARKED_TWICE,PUPPY,TX-L1-OPS-005,source_account_id,STRING,A-SCC-1001,,,,,,,false,4,genie/puppy/financial_events.csv,source_account_id,2026.07.19.2
CEO_BARKED_TWICE,PUPPY,TX-L1-OPS-005,destination_account_id,STRING,A-HOUNDOFF-3205,,,,,,,false,5,genie/puppy/financial_events.csv,destination_account_id,2026.07.19.2
CEO_BARKED_TWICE,PUPPY,TX-L1-OPS-005,amount,DECIMAL,,,6400.00,,,,,false,6,genie/puppy/financial_events.csv,amount,2026.07.19.2
CEO_BARKED_TWICE,PUPPY,TX-L1-OPS-005,currency,STRING,BSC,,,,,,,false,7,genie/puppy/financial_events.csv,currency,2026.07.19.2
CEO_BARKED_TWICE,PUPPY,TX-L1-OPS-005,reference,STRING,OPS-005,,,,,,,false,8,genie/puppy/financial_events.csv,reference,2026.07.19.2
CEO_BARKED_TWICE,PUPPY,TX-L1-OPS-005,invoice_id,NULL,,,,,,,null,false,9,genie/puppy/financial_events.csv,invoice_id,2026.07.19.2
CEO_BARKED_TWICE,PUPPY,TX-L1-OPS-005,purchase_order_id,NULL,,,,,,,null,false,10,genie/puppy/financial_events.csv,purchase_order_id,2026.07.19.2
CEO_BARKED_TWICE,PUPPY,TX-L1-OPS-005,status,STRING,SETTLED,,,,,,,false,11,genie/puppy/financial_events.csv,status,2026.07.19.2
CEO_BARKED_TWICE,PUPPY,TX-L1-OPS-005,reversed_transaction_id,NULL,,,,,,,null,false,12,genie/puppy/financial_events.csv,reversed_transaction_id,2026.07.19.2
CEO_BARKED_TWICE,PUPPY,TX-L1-OPS-006,transaction_id,STRING,TX-L1-OPS-006,,,,,,,false,1,genie/puppy/financial_events.csv,transaction_id,2026.07.19.2
CEO_BARKED_TWICE,PUPPY,TX-L1-OPS-006,occurred_at,TIMESTAMP,,,,,,2025-09-16T00:00:00Z,,false,2,genie/puppy/financial_events.csv,occurred_at,2026.07.19.2
CEO_BARKED_TWICE,PUPPY,TX-L1-OPS-006,transaction_type,STRING,OPERATING_PAYMENT,,,,,,,false,3,genie/puppy/financial_events.csv,transaction_type,2026.07.19.2
CEO_BARKED_TWICE,PUPPY,TX-L1-OPS-006,source_account_id,STRING,A-SCC-1001,,,,,,,false,4,genie/puppy/financial_events.csv,source_account_id,2026.07.19.2
CEO_BARKED_TWICE,PUPPY,TX-L1-OPS-006,destination_account_id,STRING,A-RETRIEVER-3246,,,,,,,false,5,genie/puppy/financial_events.csv,destination_account_id,2026.07.19.2
CEO_BARKED_TWICE,PUPPY,TX-L1-OPS-006,amount,DECIMAL,,,7250.00,,,,,false,6,genie/puppy/financial_events.csv,amount,2026.07.19.2
CEO_BARKED_TWICE,PUPPY,TX-L1-OPS-006,currency,STRING,BSC,,,,,,,false,7,genie/puppy/financial_events.csv,currency,2026.07.19.2
CEO_BARKED_TWICE,PUPPY,TX-L1-OPS-006,reference,STRING,OPS-006,,,,,,,false,8,genie/puppy/financial_events.csv,reference,2026.07.19.2
CEO_BARKED_TWICE,PUPPY,TX-L1-OPS-006,invoice_id,NULL,,,,,,,null,false,9,genie/puppy/financial_events.csv,invoice_id,2026.07.19.2
CEO_BARKED_TWICE,PUPPY,TX-L1-OPS-006,purchase_order_id,NULL,,,,,,,null,false,10,genie/puppy/financial_events.csv,purchase_order_id,2026.07.19.2
CEO_BARKED_TWICE,PUPPY,TX-L1-OPS-006,status,STRING,SETTLED,,,,,,,false,11,genie/puppy/financial_events.csv,status,2026.07.19.2
CEO_BARKED_TWICE,PUPPY,TX-L1-OPS-006,reversed_transaction_id,NULL,,,,,,,null,false,12,genie/puppy/financial_events.csv,reversed_transaction_id,2026.07.19.2
CEO_BARKED_TWICE,PUPPY,TX-L1-OPS-007,transaction_id,STRING,TX-L1-OPS-007,,,,,,,false,1,genie/puppy/financial_events.csv,transaction_id,2026.07.19.2
CEO_BARKED_TWICE,PUPPY,TX-L1-OPS-007,occurred_at,TIMESTAMP,,,,,,2025-09-25T00:00:00Z,,false,2,genie/puppy/financial_events.csv,occurred_at,2026.07.19.2
CEO_BARKED_TWICE,PUPPY,TX-L1-OPS-007,transaction_type,STRING,OPERATING_PAYMENT,,,,,,,false,3,genie/puppy/financial_events.csv,transaction_type,2026.07.19.2
CEO_BARKED_TWICE,PUPPY,TX-L1-OPS-007,source_account_id,STRING,A-SCC-1001,,,,,,,false,4,genie/puppy/financial_events.csv,source_account_id,2026.07.19.2
CEO_BARKED_TWICE,PUPPY,TX-L1-OPS-007,destination_account_id,STRING,A-AUDIT-3287,,,,,,,false,5,genie/puppy/financial_events.csv,destination_account_id,2026.07.19.2
CEO_BARKED_TWICE,PUPPY,TX-L1-OPS-007,amount,DECIMAL,,,3000.00,,,,,false,6,genie/puppy/financial_events.csv,amount,2026.07.19.2
CEO_BARKED_TWICE,PUPPY,TX-L1-OPS-007,currency,STRING,BSC,,,,,,,false,7,genie/puppy/financial_events.csv,currency,2026.07.19.2
CEO_BARKED_TWICE,PUPPY,TX-L1-OPS-007,reference,STRING,OPS-007,,,,,,,false,8,genie/puppy/financial_events.csv,reference,2026.07.19.2
CEO_BARKED_TWICE,PUPPY,TX-L1-OPS-007,invoice_id,NULL,,,,,,,null,false,9,genie/puppy/financial_events.csv,invoice_id,2026.07.19.2
CEO_BARKED_TWICE,PUPPY,TX-L1-OPS-007,purchase_order_id,NULL,,,,,,,null,false,10,genie/puppy/financial_events.csv,purchase_order_id,2026.07.19.2
CEO_BARKED_TWICE,PUPPY,TX-L1-OPS-007,status,STRING,SETTLED,,,,,,,false,11,genie/puppy/financial_events.csv,status,2026.07.19.2
CEO_BARKED_TWICE,PUPPY,TX-L1-OPS-007,reversed_transaction_id,NULL,,,,,,,null,false,12,genie/puppy/financial_events.csv,reversed_transaction_id,2026.07.19.2
CEO_BARKED_TWICE,PUPPY,TX-L1-OPS-008,transaction_id,STRING,TX-L1-OPS-008,,,,,,,false,1,genie/puppy/financial_events.csv,transaction_id,2026.07.19.2
CEO_BARKED_TWICE,PUPPY,TX-L1-OPS-008,occurred_at,TIMESTAMP,,,,,,2025-10-04T00:00:00Z,,false,2,genie/puppy/financial_events.csv,occurred_at,2026.07.19.2
CEO_BARKED_TWICE,PUPPY,TX-L1-OPS-008,transaction_type,STRING,OPERATING_PAYMENT,,,,,,,false,3,genie/puppy/financial_events.csv,transaction_type,2026.07.19.2
CEO_BARKED_TWICE,PUPPY,TX-L1-OPS-008,source_account_id,STRING,A-SCC-1001,,,,,,,false,4,genie/puppy/financial_events.csv,source_account_id,2026.07.19.2
CEO_BARKED_TWICE,PUPPY,TX-L1-OPS-008,destination_account_id,STRING,A-CLOUDMAIL-3328,,,,,,,false,5,genie/puppy/financial_events.csv,destination_account_id,2026.07.19.2
CEO_BARKED_TWICE,PUPPY,TX-L1-OPS-008,amount,DECIMAL,,,3850.00,,,,,false,6,genie/puppy/financial_events.csv,amount,2026.07.19.2
CEO_BARKED_TWICE,PUPPY,TX-L1-OPS-008,currency,STRING,BSC,,,,,,,false,7,genie/puppy/financial_events.csv,currency,2026.07.19.2
CEO_BARKED_TWICE,PUPPY,TX-L1-OPS-008,reference,STRING,OPS-008,,,,,,,false,8,genie/puppy/financial_events.csv,reference,2026.07.19.2
CEO_BARKED_TWICE,PUPPY,TX-L1-OPS-008,invoice_id,NULL,,,,,,,null,false,9,genie/puppy/financial_events.csv,invoice_id,2026.07.19.2
CEO_BARKED_TWICE,PUPPY,TX-L1-OPS-008,purchase_order_id,NULL,,,,,,,null,false,10,genie/puppy/financial_events.csv,purchase_order_id,2026.07.19.2
CEO_BARKED_TWICE,PUPPY,TX-L1-OPS-008,status,STRING,SETTLED,,,,,,,false,11,genie/puppy/financial_events.csv,status,2026.07.19.2
CEO_BARKED_TWICE,PUPPY,TX-L1-OPS-008,reversed_transaction_id,NULL,,,,,,,null,false,12,genie/puppy/financial_events.csv,reversed_transaction_id,2026.07.19.2
CEO_BARKED_TWICE,PUPPY,TX-L1-OPS-009,transaction_id,STRING,TX-L1-OPS-009,,,,,,,false,1,genie/puppy/financial_events.csv,transaction_id,2026.07.19.2
CEO_BARKED_TWICE,PUPPY,TX-L1-OPS-009,occurred_at,TIMESTAMP,,,,,,2025-10-13T00:00:00Z,,false,2,genie/puppy/financial_events.csv,occurred_at,2026.07.19.2
CEO_BARKED_TWICE,PUPPY,TX-L1-OPS-009,transaction_type,STRING,OPERATING_PAYMENT,,,,,,,false,3,genie/puppy/financial_events.csv,transaction_type,2026.07.19.2
CEO_BARKED_TWICE,PUPPY,TX-L1-OPS-009,source_account_id,STRING,A-SCC-1001,,,,,,,false,4,genie/puppy/financial_events.csv,source_account_id,2026.07.19.2
CEO_BARKED_TWICE,PUPPY,TX-L1-OPS-009,destination_account_id,STRING,A-PAYMENTS-3369,,,,,,,false,5,genie/puppy/financial_events.csv,destination_account_id,2026.07.19.2
CEO_BARKED_TWICE,PUPPY,TX-L1-OPS-009,amount,DECIMAL,,,4700.00,,,,,false,6,genie/puppy/financial_events.csv,amount,2026.07.19.2
CEO_BARKED_TWICE,PUPPY,TX-L1-OPS-009,currency,STRING,BSC,,,,,,,false,7,genie/puppy/financial_events.csv,currency,2026.07.19.2
CEO_BARKED_TWICE,PUPPY,TX-L1-OPS-009,reference,STRING,OPS-009,,,,,,,false,8,genie/puppy/financial_events.csv,reference,2026.07.19.2
CEO_BARKED_TWICE,PUPPY,TX-L1-OPS-009,invoice_id,NULL,,,,,,,null,false,9,genie/puppy/financial_events.csv,invoice_id,2026.07.19.2
CEO_BARKED_TWICE,PUPPY,TX-L1-OPS-009,purchase_order_id,NULL,,,,,,,null,false,10,genie/puppy/financial_events.csv,purchase_order_id,2026.07.19.2
CEO_BARKED_TWICE,PUPPY,TX-L1-OPS-009,status,STRING,SETTLED,,,,,,,false,11,genie/puppy/financial_events.csv,status,2026.07.19.2
CEO_BARKED_TWICE,PUPPY,TX-L1-OPS-009,reversed_transaction_id,NULL,,,,,,,null,false,12,genie/puppy/financial_events.csv,reversed_transaction_id,2026.07.19.2
CEO_BARKED_TWICE,PUPPY,TX-L1-OPS-010,transaction_id,STRING,TX-L1-OPS-010,,,,,,,false,1,genie/puppy/financial_events.csv,transaction_id,2026.07.19.2
CEO_BARKED_TWICE,PUPPY,TX-L1-OPS-010,occurred_at,TIMESTAMP,,,,,,2025-10-22T00:00:00Z,,false,2,genie/puppy/financial_events.csv,occurred_at,2026.07.19.2
CEO_BARKED_TWICE,PUPPY,TX-L1-OPS-010,transaction_type,STRING,OPERATING_PAYMENT,,,,,,,false,3,genie/puppy/financial_events.csv,transaction_type,2026.07.19.2
CEO_BARKED_TWICE,PUPPY,TX-L1-OPS-010,source_account_id,STRING,A-SCC-1001,,,,,,,false,4,genie/puppy/financial_events.csv,source_account_id,2026.07.19.2
CEO_BARKED_TWICE,PUPPY,TX-L1-OPS-010,destination_account_id,STRING,A-IRON-3041,,,,,,,false,5,genie/puppy/financial_events.csv,destination_account_id,2026.07.19.2
CEO_BARKED_TWICE,PUPPY,TX-L1-OPS-010,amount,DECIMAL,,,5550.00,,,,,false,6,genie/puppy/financial_events.csv,amount,2026.07.19.2
CEO_BARKED_TWICE,PUPPY,TX-L1-OPS-010,currency,STRING,BSC,,,,,,,false,7,genie/puppy/financial_events.csv,currency,2026.07.19.2
CEO_BARKED_TWICE,PUPPY,TX-L1-OPS-010,reference,STRING,OPS-010,,,,,,,false,8,genie/puppy/financial_events.csv,reference,2026.07.19.2
CEO_BARKED_TWICE,PUPPY,TX-L1-OPS-010,invoice_id,NULL,,,,,,,null,false,9,genie/puppy/financial_events.csv,invoice_id,2026.07.19.2
CEO_BARKED_TWICE,PUPPY,TX-L1-OPS-010,purchase_order_id,NULL,,,,,,,null,false,10,genie/puppy/financial_events.csv,purchase_order_id,2026.07.19.2
CEO_BARKED_TWICE,PUPPY,TX-L1-OPS-010,status,STRING,SETTLED,,,,,,,false,11,genie/puppy/financial_events.csv,status,2026.07.19.2
CEO_BARKED_TWICE,PUPPY,TX-L1-OPS-010,reversed_transaction_id,NULL,,,,,,,null,false,12,genie/puppy/financial_events.csv,reversed_transaction_id,2026.07.19.2
CEO_BARKED_TWICE,PUPPY,TX-L1-OPS-011,transaction_id,STRING,TX-L1-OPS-011,,,,,,,false,1,genie/puppy/financial_events.csv,transaction_id,2026.07.19.2
CEO_BARKED_TWICE,PUPPY,TX-L1-OPS-011,occurred_at,TIMESTAMP,,,,,,2025-10-31T00:00:00Z,,false,2,genie/puppy/financial_events.csv,occurred_at,2026.07.19.2
CEO_BARKED_TWICE,PUPPY,TX-L1-OPS-011,transaction_type,STRING,OPERATING_PAYMENT,,,,,,,false,3,genie/puppy/financial_events.csv,transaction_type,2026.07.19.2
CEO_BARKED_TWICE,PUPPY,TX-L1-OPS-011,source_account_id,STRING,A-SCC-1001,,,,,,,false,4,genie/puppy/financial_events.csv,source_account_id,2026.07.19.2
CEO_BARKED_TWICE,PUPPY,TX-L1-OPS-011,destination_account_id,STRING,A-WIRE-3082,,,,,,,false,5,genie/puppy/financial_events.csv,destination_account_id,2026.07.19.2
CEO_BARKED_TWICE,PUPPY,TX-L1-OPS-011,amount,DECIMAL,,,6400.00,,,,,false,6,genie/puppy/financial_events.csv,amount,2026.07.19.2
CEO_BARKED_TWICE,PUPPY,TX-L1-OPS-011,currency,STRING,BSC,,,,,,,false,7,genie/puppy/financial_events.csv,currency,2026.07.19.2
CEO_BARKED_TWICE,PUPPY,TX-L1-OPS-011,reference,STRING,OPS-011,,,,,,,false,8,genie/puppy/financial_events.csv,reference,2026.07.19.2
CEO_BARKED_TWICE,PUPPY,TX-L1-OPS-011,invoice_id,NULL,,,,,,,null,false,9,genie/puppy/financial_events.csv,invoice_id,2026.07.19.2
CEO_BARKED_TWICE,PUPPY,TX-L1-OPS-011,purchase_order_id,NULL,,,,,,,null,false,10,genie/puppy/financial_events.csv,purchase_order_id,2026.07.19.2
CEO_BARKED_TWICE,PUPPY,TX-L1-OPS-011,status,STRING,SETTLED,,,,,,,false,11,genie/puppy/financial_events.csv,status,2026.07.19.2
CEO_BARKED_TWICE,PUPPY,TX-L1-OPS-011,reversed_transaction_id,NULL,,,,,,,null,false,12,genie/puppy/financial_events.csv,reversed_transaction_id,2026.07.19.2
CEO_BARKED_TWICE,PUPPY,TX-L1-OPS-012,transaction_id,STRING,TX-L1-OPS-012,,,,,,,false,1,genie/puppy/financial_events.csv,transaction_id,2026.07.19.2
CEO_BARKED_TWICE,PUPPY,TX-L1-OPS-012,occurred_at,TIMESTAMP,,,,,,2025-11-09T00:00:00Z,,false,2,genie/puppy/financial_events.csv,occurred_at,2026.07.19.2
CEO_BARKED_TWICE,PUPPY,TX-L1-OPS-012,transaction_type,STRING,OPERATING_PAYMENT,,,,,,,false,3,genie/puppy/financial_events.csv,transaction_type,2026.07.19.2
CEO_BARKED_TWICE,PUPPY,TX-L1-OPS-012,source_account_id,STRING,A-SCC-1001,,,,,,,false,4,genie/puppy/financial_events.csv,source_account_id,2026.07.19.2
CEO_BARKED_TWICE,PUPPY,TX-L1-OPS-012,destination_account_id,STRING,A-TAIL-3123,,,,,,,false,5,genie/puppy/financial_events.csv,destination_account_id,2026.07.19.2
CEO_BARKED_TWICE,PUPPY,TX-L1-OPS-012,amount,DECIMAL,,,7250.00,,,,,false,6,genie/puppy/financial_events.csv,amount,2026.07.19.2
CEO_BARKED_TWICE,PUPPY,TX-L1-OPS-012,currency,STRING,BSC,,,,,,,false,7,genie/puppy/financial_events.csv,currency,2026.07.19.2
CEO_BARKED_TWICE,PUPPY,TX-L1-OPS-012,reference,STRING,OPS-012,,,,,,,false,8,genie/puppy/financial_events.csv,reference,2026.07.19.2
CEO_BARKED_TWICE,PUPPY,TX-L1-OPS-012,invoice_id,NULL,,,,,,,null,false,9,genie/puppy/financial_events.csv,invoice_id,2026.07.19.2
CEO_BARKED_TWICE,PUPPY,TX-L1-OPS-012,purchase_order_id,NULL,,,,,,,null,false,10,genie/puppy/financial_events.csv,purchase_order_id,2026.07.19.2
CEO_BARKED_TWICE,PUPPY,TX-L1-OPS-012,status,STRING,SETTLED,,,,,,,false,11,genie/puppy/financial_events.csv,status,2026.07.19.2
CEO_BARKED_TWICE,PUPPY,TX-L1-OPS-012,reversed_transaction_id,NULL,,,,,,,null,false,12,genie/puppy/financial_events.csv,reversed_transaction_id,2026.07.19.2
CEO_BARKED_TWICE,PUPPY,TX-L1-OPS-013,transaction_id,STRING,TX-L1-OPS-013,,,,,,,false,1,genie/puppy/financial_events.csv,transaction_id,2026.07.19.2
CEO_BARKED_TWICE,PUPPY,TX-L1-OPS-013,occurred_at,TIMESTAMP,,,,,,2025-11-18T00:00:00Z,,false,2,genie/puppy/financial_events.csv,occurred_at,2026.07.19.2
CEO_BARKED_TWICE,PUPPY,TX-L1-OPS-013,transaction_type,STRING,OPERATING_PAYMENT,,,,,,,false,3,genie/puppy/financial_events.csv,transaction_type,2026.07.19.2
CEO_BARKED_TWICE,PUPPY,TX-L1-OPS-013,source_account_id,STRING,A-SCC-1001,,,,,,,false,4,genie/puppy/financial_events.csv,source_account_id,2026.07.19.2
CEO_BARKED_TWICE,PUPPY,TX-L1-OPS-013,destination_account_id,STRING,A-BLUEBOWL-3164,,,,,,,false,5,genie/puppy/financial_events.csv,destination_account_id,2026.07.19.2
CEO_BARKED_TWICE,PUPPY,TX-L1-OPS-013,amount,DECIMAL,,,3000.00,,,,,false,6,genie/puppy/financial_events.csv,amount,2026.07.19.2
CEO_BARKED_TWICE,PUPPY,TX-L1-OPS-013,currency,STRING,BSC,,,,,,,false,7,genie/puppy/financial_events.csv,currency,2026.07.19.2
CEO_BARKED_TWICE,PUPPY,TX-L1-OPS-013,reference,STRING,OPS-013,,,,,,,false,8,genie/puppy/financial_events.csv,reference,2026.07.19.2
CEO_BARKED_TWICE,PUPPY,TX-L1-OPS-013,invoice_id,NULL,,,,,,,null,false,9,genie/puppy/financial_events.csv,invoice_id,2026.07.19.2
CEO_BARKED_TWICE,PUPPY,TX-L1-OPS-013,purchase_order_id,NULL,,,,,,,null,false,10,genie/puppy/financial_events.csv,purchase_order_id,2026.07.19.2
CEO_BARKED_TWICE,PUPPY,TX-L1-OPS-013,status,STRING,SETTLED,,,,,,,false,11,genie/puppy/financial_events.csv,status,2026.07.19.2
CEO_BARKED_TWICE,PUPPY,TX-L1-OPS-013,reversed_transaction_id,NULL,,,,,,,null,false,12,genie/puppy/financial_events.csv,reversed_transaction_id,2026.07.19.2
CEO_BARKED_TWICE,PUPPY,TX-L1-OPS-014,transaction_id,STRING,TX-L1-OPS-014,,,,,,,false,1,genie/puppy/financial_events.csv,transaction_id,2026.07.19.2
CEO_BARKED_TWICE,PUPPY,TX-L1-OPS-014,occurred_at,TIMESTAMP,,,,,,2025-11-27T00:00:00Z,,false,2,genie/puppy/financial_events.csv,occurred_at,2026.07.19.2
CEO_BARKED_TWICE,PUPPY,TX-L1-OPS-014,transaction_type,STRING,OPERATING_PAYMENT,,,,,,,false,3,genie/puppy/financial_events.csv,transaction_type,2026.07.19.2
CEO_BARKED_TWICE,PUPPY,TX-L1-OPS-014,source_account_id,STRING,A-SCC-1001,,,,,,,false,4,genie/puppy/financial_events.csv,source_account_id,2026.07.19.2
CEO_BARKED_TWICE,PUPPY,TX-L1-OPS-014,destination_account_id,STRING,A-HOUNDOFF-3205,,,,,,,false,5,genie/puppy/financial_events.csv,destination_account_id,2026.07.19.2
CEO_BARKED_TWICE,PUPPY,TX-L1-OPS-014,amount,DECIMAL,,,3850.00,,,,,false,6,genie/puppy/financial_events.csv,amount,2026.07.19.2
CEO_BARKED_TWICE,PUPPY,TX-L1-OPS-014,currency,STRING,BSC,,,,,,,false,7,genie/puppy/financial_events.csv,currency,2026.07.19.2
CEO_BARKED_TWICE,PUPPY,TX-L1-OPS-014,reference,STRING,OPS-014,,,,,,,false,8,genie/puppy/financial_events.csv,reference,2026.07.19.2
CEO_BARKED_TWICE,PUPPY,TX-L1-OPS-014,invoice_id,NULL,,,,,,,null,false,9,genie/puppy/financial_events.csv,invoice_id,2026.07.19.2
CEO_BARKED_TWICE,PUPPY,TX-L1-OPS-014,purchase_order_id,NULL,,,,,,,null,false,10,genie/puppy/financial_events.csv,purchase_order_id,2026.07.19.2
CEO_BARKED_TWICE,PUPPY,TX-L1-OPS-014,status,STRING,SETTLED,,,,,,,false,11,genie/puppy/financial_events.csv,status,2026.07.19.2
CEO_BARKED_TWICE,PUPPY,TX-L1-OPS-014,reversed_transaction_id,NULL,,,,,,,null,false,12,genie/puppy/financial_events.csv,reversed_transaction_id,2026.07.19.2
CEO_BARKED_TWICE,PUPPY,TX-L1-OPS-015,transaction_id,STRING,TX-L1-OPS-015,,,,,,,false,1,genie/puppy/financial_events.csv,transaction_id,2026.07.19.2
CEO_BARKED_TWICE,PUPPY,TX-L1-OPS-015,occurred_at,TIMESTAMP,,,,,,2025-12-06T00:00:00Z,,false,2,genie/puppy/financial_events.csv,occurred_at,2026.07.19.2
CEO_BARKED_TWICE,PUPPY,TX-L1-OPS-015,transaction_type,STRING,OPERATING_PAYMENT,,,,,,,false,3,genie/puppy/financial_events.csv,transaction_type,2026.07.19.2
CEO_BARKED_TWICE,PUPPY,TX-L1-OPS-015,source_account_id,STRING,A-SCC-1001,,,,,,,false,4,genie/puppy/financial_events.csv,source_account_id,2026.07.19.2
CEO_BARKED_TWICE,PUPPY,TX-L1-OPS-015,destination_account_id,STRING,A-RETRIEVER-3246,,,,,,,false,5,genie/puppy/financial_events.csv,destination_account_id,2026.07.19.2
CEO_BARKED_TWICE,PUPPY,TX-L1-OPS-015,amount,DECIMAL,,,4700.00,,,,,false,6,genie/puppy/financial_events.csv,amount,2026.07.19.2
CEO_BARKED_TWICE,PUPPY,TX-L1-OPS-015,currency,STRING,BSC,,,,,,,false,7,genie/puppy/financial_events.csv,currency,2026.07.19.2
CEO_BARKED_TWICE,PUPPY,TX-L1-OPS-015,reference,STRING,OPS-015,,,,,,,false,8,genie/puppy/financial_events.csv,reference,2026.07.19.2
CEO_BARKED_TWICE,PUPPY,TX-L1-OPS-015,invoice_id,NULL,,,,,,,null,false,9,genie/puppy/financial_events.csv,invoice_id,2026.07.19.2
CEO_BARKED_TWICE,PUPPY,TX-L1-OPS-015,purchase_order_id,NULL,,,,,,,null,false,10,genie/puppy/financial_events.csv,purchase_order_id,2026.07.19.2
CEO_BARKED_TWICE,PUPPY,TX-L1-OPS-015,status,STRING,SETTLED,,,,,,,false,11,genie/puppy/financial_events.csv,status,2026.07.19.2
CEO_BARKED_TWICE,PUPPY,TX-L1-OPS-015,reversed_transaction_id,NULL,,,,,,,null,false,12,genie/puppy/financial_events.csv,reversed_transaction_id,2026.07.19.2
CEO_BARKED_TWICE,PUPPY,TX-L1-OPS-016,transaction_id,STRING,TX-L1-OPS-016,,,,,,,false,1,genie/puppy/financial_events.csv,transaction_id,2026.07.19.2
CEO_BARKED_TWICE,PUPPY,TX-L1-OPS-016,occurred_at,TIMESTAMP,,,,,,2025-12-15T00:00:00Z,,false,2,genie/puppy/financial_events.csv,occurred_at,2026.07.19.2
CEO_BARKED_TWICE,PUPPY,TX-L1-OPS-016,transaction_type,STRING,OPERATING_PAYMENT,,,,,,,false,3,genie/puppy/financial_events.csv,transaction_type,2026.07.19.2
CEO_BARKED_TWICE,PUPPY,TX-L1-OPS-016,source_account_id,STRING,A-SCC-1001,,,,,,,false,4,genie/puppy/financial_events.csv,source_account_id,2026.07.19.2
CEO_BARKED_TWICE,PUPPY,TX-L1-OPS-016,destination_account_id,STRING,A-AUDIT-3287,,,,,,,false,5,genie/puppy/financial_events.csv,destination_account_id,2026.07.19.2
CEO_BARKED_TWICE,PUPPY,TX-L1-OPS-016,amount,DECIMAL,,,5550.00,,,,,false,6,genie/puppy/financial_events.csv,amount,2026.07.19.2
CEO_BARKED_TWICE,PUPPY,TX-L1-OPS-016,currency,STRING,BSC,,,,,,,false,7,genie/puppy/financial_events.csv,currency,2026.07.19.2
CEO_BARKED_TWICE,PUPPY,TX-L1-OPS-016,reference,STRING,OPS-016,,,,,,,false,8,genie/puppy/financial_events.csv,reference,2026.07.19.2
CEO_BARKED_TWICE,PUPPY,TX-L1-OPS-016,invoice_id,NULL,,,,,,,null,false,9,genie/puppy/financial_events.csv,invoice_id,2026.07.19.2
CEO_BARKED_TWICE,PUPPY,TX-L1-OPS-016,purchase_order_id,NULL,,,,,,,null,false,10,genie/puppy/financial_events.csv,purchase_order_id,2026.07.19.2
CEO_BARKED_TWICE,PUPPY,TX-L1-OPS-016,status,STRING,SETTLED,,,,,,,false,11,genie/puppy/financial_events.csv,status,2026.07.19.2
CEO_BARKED_TWICE,PUPPY,TX-L1-OPS-016,reversed_transaction_id,NULL,,,,,,,null,false,12,genie/puppy/financial_events.csv,reversed_transaction_id,2026.07.19.2
CEO_BARKED_TWICE,PUPPY,TX-L1-OPS-017,transaction_id,STRING,TX-L1-OPS-017,,,,,,,false,1,genie/puppy/financial_events.csv,transaction_id,2026.07.19.2
CEO_BARKED_TWICE,PUPPY,TX-L1-OPS-017,occurred_at,TIMESTAMP,,,,,,2025-12-24T00:00:00Z,,false,2,genie/puppy/financial_events.csv,occurred_at,2026.07.19.2
CEO_BARKED_TWICE,PUPPY,TX-L1-OPS-017,transaction_type,STRING,OPERATING_PAYMENT,,,,,,,false,3,genie/puppy/financial_events.csv,transaction_type,2026.07.19.2
CEO_BARKED_TWICE,PUPPY,TX-L1-OPS-017,source_account_id,STRING,A-SCC-1001,,,,,,,false,4,genie/puppy/financial_events.csv,source_account_id,2026.07.19.2
CEO_BARKED_TWICE,PUPPY,TX-L1-OPS-017,destination_account_id,STRING,A-CLOUDMAIL-3328,,,,,,,false,5,genie/puppy/financial_events.csv,destination_account_id,2026.07.19.2
CEO_BARKED_TWICE,PUPPY,TX-L1-OPS-017,amount,DECIMAL,,,6400.00,,,,,false,6,genie/puppy/financial_events.csv,amount,2026.07.19.2
CEO_BARKED_TWICE,PUPPY,TX-L1-OPS-017,currency,STRING,BSC,,,,,,,false,7,genie/puppy/financial_events.csv,currency,2026.07.19.2
CEO_BARKED_TWICE,PUPPY,TX-L1-OPS-017,reference,STRING,OPS-017,,,,,,,false,8,genie/puppy/financial_events.csv,reference,2026.07.19.2
CEO_BARKED_TWICE,PUPPY,TX-L1-OPS-017,invoice_id,NULL,,,,,,,null,false,9,genie/puppy/financial_events.csv,invoice_id,2026.07.19.2
CEO_BARKED_TWICE,PUPPY,TX-L1-OPS-017,purchase_order_id,NULL,,,,,,,null,false,10,genie/puppy/financial_events.csv,purchase_order_id,2026.07.19.2
CEO_BARKED_TWICE,PUPPY,TX-L1-OPS-017,status,STRING,SETTLED,,,,,,,false,11,genie/puppy/financial_events.csv,status,2026.07.19.2
CEO_BARKED_TWICE,PUPPY,TX-L1-OPS-017,reversed_transaction_id,NULL,,,,,,,null,false,12,genie/puppy/financial_events.csv,reversed_transaction_id,2026.07.19.2
CEO_BARKED_TWICE,PUPPY,TX-L1-OPS-018,transaction_id,STRING,TX-L1-OPS-018,,,,,,,false,1,genie/puppy/financial_events.csv,transaction_id,2026.07.19.2
CEO_BARKED_TWICE,PUPPY,TX-L1-OPS-018,occurred_at,TIMESTAMP,,,,,,2026-01-02T00:00:00Z,,false,2,genie/puppy/financial_events.csv,occurred_at,2026.07.19.2
CEO_BARKED_TWICE,PUPPY,TX-L1-OPS-018,transaction_type,STRING,OPERATING_PAYMENT,,,,,,,false,3,genie/puppy/financial_events.csv,transaction_type,2026.07.19.2
CEO_BARKED_TWICE,PUPPY,TX-L1-OPS-018,source_account_id,STRING,A-SCC-1001,,,,,,,false,4,genie/puppy/financial_events.csv,source_account_id,2026.07.19.2
CEO_BARKED_TWICE,PUPPY,TX-L1-OPS-018,destination_account_id,STRING,A-PAYMENTS-3369,,,,,,,false,5,genie/puppy/financial_events.csv,destination_account_id,2026.07.19.2
CEO_BARKED_TWICE,PUPPY,TX-L1-OPS-018,amount,DECIMAL,,,7250.00,,,,,false,6,genie/puppy/financial_events.csv,amount,2026.07.19.2
CEO_BARKED_TWICE,PUPPY,TX-L1-OPS-018,currency,STRING,BSC,,,,,,,false,7,genie/puppy/financial_events.csv,currency,2026.07.19.2
CEO_BARKED_TWICE,PUPPY,TX-L1-OPS-018,reference,STRING,OPS-018,,,,,,,false,8,genie/puppy/financial_events.csv,reference,2026.07.19.2
CEO_BARKED_TWICE,PUPPY,TX-L1-OPS-018,invoice_id,NULL,,,,,,,null,false,9,genie/puppy/financial_events.csv,invoice_id,2026.07.19.2
CEO_BARKED_TWICE,PUPPY,TX-L1-OPS-018,purchase_order_id,NULL,,,,,,,null,false,10,genie/puppy/financial_events.csv,purchase_order_id,2026.07.19.2
CEO_BARKED_TWICE,PUPPY,TX-L1-OPS-018,status,STRING,SETTLED,,,,,,,false,11,genie/puppy/financial_events.csv,status,2026.07.19.2
CEO_BARKED_TWICE,PUPPY,TX-L1-OPS-018,reversed_transaction_id,NULL,,,,,,,null,false,12,genie/puppy/financial_events.csv,reversed_transaction_id,2026.07.19.2
CEO_BARKED_TWICE,PUPPY,TX-L1-OPS-019,transaction_id,STRING,TX-L1-OPS-019,,,,,,,false,1,genie/puppy/financial_events.csv,transaction_id,2026.07.19.2
CEO_BARKED_TWICE,PUPPY,TX-L1-OPS-019,occurred_at,TIMESTAMP,,,,,,2026-01-11T00:00:00Z,,false,2,genie/puppy/financial_events.csv,occurred_at,2026.07.19.2
CEO_BARKED_TWICE,PUPPY,TX-L1-OPS-019,transaction_type,STRING,OPERATING_PAYMENT,,,,,,,false,3,genie/puppy/financial_events.csv,transaction_type,2026.07.19.2
CEO_BARKED_TWICE,PUPPY,TX-L1-OPS-019,source_account_id,STRING,A-SCC-1001,,,,,,,false,4,genie/puppy/financial_events.csv,source_account_id,2026.07.19.2
CEO_BARKED_TWICE,PUPPY,TX-L1-OPS-019,destination_account_id,STRING,A-IRON-3041,,,,,,,false,5,genie/puppy/financial_events.csv,destination_account_id,2026.07.19.2
CEO_BARKED_TWICE,PUPPY,TX-L1-OPS-019,amount,DECIMAL,,,3000.00,,,,,false,6,genie/puppy/financial_events.csv,amount,2026.07.19.2
CEO_BARKED_TWICE,PUPPY,TX-L1-OPS-019,currency,STRING,BSC,,,,,,,false,7,genie/puppy/financial_events.csv,currency,2026.07.19.2
CEO_BARKED_TWICE,PUPPY,TX-L1-OPS-019,reference,STRING,OPS-019,,,,,,,false,8,genie/puppy/financial_events.csv,reference,2026.07.19.2
CEO_BARKED_TWICE,PUPPY,TX-L1-OPS-019,invoice_id,NULL,,,,,,,null,false,9,genie/puppy/financial_events.csv,invoice_id,2026.07.19.2
CEO_BARKED_TWICE,PUPPY,TX-L1-OPS-019,purchase_order_id,NULL,,,,,,,null,false,10,genie/puppy/financial_events.csv,purchase_order_id,2026.07.19.2
CEO_BARKED_TWICE,PUPPY,TX-L1-OPS-019,status,STRING,SETTLED,,,,,,,false,11,genie/puppy/financial_events.csv,status,2026.07.19.2
CEO_BARKED_TWICE,PUPPY,TX-L1-OPS-019,reversed_transaction_id,NULL,,,,,,,null,false,12,genie/puppy/financial_events.csv,reversed_transaction_id,2026.07.19.2
CEO_BARKED_TWICE,PUPPY,TX-L1-OPS-020,transaction_id,STRING,TX-L1-OPS-020,,,,,,,false,1,genie/puppy/financial_events.csv,transaction_id,2026.07.19.2
CEO_BARKED_TWICE,PUPPY,TX-L1-OPS-020,occurred_at,TIMESTAMP,,,,,,2026-01-20T00:00:00Z,,false,2,genie/puppy/financial_events.csv,occurred_at,2026.07.19.2
CEO_BARKED_TWICE,PUPPY,TX-L1-OPS-020,transaction_type,STRING,OPERATING_PAYMENT,,,,,,,false,3,genie/puppy/financial_events.csv,transaction_type,2026.07.19.2
CEO_BARKED_TWICE,PUPPY,TX-L1-OPS-020,source_account_id,STRING,A-SCC-1001,,,,,,,false,4,genie/puppy/financial_events.csv,source_account_id,2026.07.19.2
CEO_BARKED_TWICE,PUPPY,TX-L1-OPS-020,destination_account_id,STRING,A-WIRE-3082,,,,,,,false,5,genie/puppy/financial_events.csv,destination_account_id,2026.07.19.2
CEO_BARKED_TWICE,PUPPY,TX-L1-OPS-020,amount,DECIMAL,,,3850.00,,,,,false,6,genie/puppy/financial_events.csv,amount,2026.07.19.2
CEO_BARKED_TWICE,PUPPY,TX-L1-OPS-020,currency,STRING,BSC,,,,,,,false,7,genie/puppy/financial_events.csv,currency,2026.07.19.2
CEO_BARKED_TWICE,PUPPY,TX-L1-OPS-020,reference,STRING,OPS-020,,,,,,,false,8,genie/puppy/financial_events.csv,reference,2026.07.19.2
CEO_BARKED_TWICE,PUPPY,TX-L1-OPS-020,invoice_id,NULL,,,,,,,null,false,9,genie/puppy/financial_events.csv,invoice_id,2026.07.19.2
CEO_BARKED_TWICE,PUPPY,TX-L1-OPS-020,purchase_order_id,NULL,,,,,,,null,false,10,genie/puppy/financial_events.csv,purchase_order_id,2026.07.19.2
CEO_BARKED_TWICE,PUPPY,TX-L1-OPS-020,status,STRING,SETTLED,,,,,,,false,11,genie/puppy/financial_events.csv,status,2026.07.19.2
CEO_BARKED_TWICE,PUPPY,TX-L1-OPS-020,reversed_transaction_id,NULL,,,,,,,null,false,12,genie/puppy/financial_events.csv,reversed_transaction_id,2026.07.19.2
CEO_BARKED_TWICE,PUPPY,TX-L1-OPS-021,transaction_id,STRING,TX-L1-OPS-021,,,,,,,false,1,genie/puppy/financial_events.csv,transaction_id,2026.07.19.2
CEO_BARKED_TWICE,PUPPY,TX-L1-OPS-021,occurred_at,TIMESTAMP,,,,,,2026-01-29T00:00:00Z,,false,2,genie/puppy/financial_events.csv,occurred_at,2026.07.19.2
CEO_BARKED_TWICE,PUPPY,TX-L1-OPS-021,transaction_type,STRING,OPERATING_PAYMENT,,,,,,,false,3,genie/puppy/financial_events.csv,transaction_type,2026.07.19.2
CEO_BARKED_TWICE,PUPPY,TX-L1-OPS-021,source_account_id,STRING,A-SCC-1001,,,,,,,false,4,genie/puppy/financial_events.csv,source_account_id,2026.07.19.2
CEO_BARKED_TWICE,PUPPY,TX-L1-OPS-021,destination_account_id,STRING,A-TAIL-3123,,,,,,,false,5,genie/puppy/financial_events.csv,destination_account_id,2026.07.19.2
CEO_BARKED_TWICE,PUPPY,TX-L1-OPS-021,amount,DECIMAL,,,4700.00,,,,,false,6,genie/puppy/financial_events.csv,amount,2026.07.19.2
CEO_BARKED_TWICE,PUPPY,TX-L1-OPS-021,currency,STRING,BSC,,,,,,,false,7,genie/puppy/financial_events.csv,currency,2026.07.19.2
CEO_BARKED_TWICE,PUPPY,TX-L1-OPS-021,reference,STRING,OPS-021,,,,,,,false,8,genie/puppy/financial_events.csv,reference,2026.07.19.2
CEO_BARKED_TWICE,PUPPY,TX-L1-OPS-021,invoice_id,NULL,,,,,,,null,false,9,genie/puppy/financial_events.csv,invoice_id,2026.07.19.2
CEO_BARKED_TWICE,PUPPY,TX-L1-OPS-021,purchase_order_id,NULL,,,,,,,null,false,10,genie/puppy/financial_events.csv,purchase_order_id,2026.07.19.2
CEO_BARKED_TWICE,PUPPY,TX-L1-OPS-021,status,STRING,SETTLED,,,,,,,false,11,genie/puppy/financial_events.csv,status,2026.07.19.2
CEO_BARKED_TWICE,PUPPY,TX-L1-OPS-021,reversed_transaction_id,NULL,,,,,,,null,false,12,genie/puppy/financial_events.csv,reversed_transaction_id,2026.07.19.2
CEO_BARKED_TWICE,PUPPY,TX-L1-OPS-022,transaction_id,STRING,TX-L1-OPS-022,,,,,,,false,1,genie/puppy/financial_events.csv,transaction_id,2026.07.19.2
CEO_BARKED_TWICE,PUPPY,TX-L1-OPS-022,occurred_at,TIMESTAMP,,,,,,2026-02-07T00:00:00Z,,false,2,genie/puppy/financial_events.csv,occurred_at,2026.07.19.2
CEO_BARKED_TWICE,PUPPY,TX-L1-OPS-022,transaction_type,STRING,OPERATING_PAYMENT,,,,,,,false,3,genie/puppy/financial_events.csv,transaction_type,2026.07.19.2
CEO_BARKED_TWICE,PUPPY,TX-L1-OPS-022,source_account_id,STRING,A-SCC-1001,,,,,,,false,4,genie/puppy/financial_events.csv,source_account_id,2026.07.19.2
CEO_BARKED_TWICE,PUPPY,TX-L1-OPS-022,destination_account_id,STRING,A-BLUEBOWL-3164,,,,,,,false,5,genie/puppy/financial_events.csv,destination_account_id,2026.07.19.2
CEO_BARKED_TWICE,PUPPY,TX-L1-OPS-022,amount,DECIMAL,,,5550.00,,,,,false,6,genie/puppy/financial_events.csv,amount,2026.07.19.2
CEO_BARKED_TWICE,PUPPY,TX-L1-OPS-022,currency,STRING,BSC,,,,,,,false,7,genie/puppy/financial_events.csv,currency,2026.07.19.2
CEO_BARKED_TWICE,PUPPY,TX-L1-OPS-022,reference,STRING,OPS-022,,,,,,,false,8,genie/puppy/financial_events.csv,reference,2026.07.19.2
CEO_BARKED_TWICE,PUPPY,TX-L1-OPS-022,invoice_id,NULL,,,,,,,null,false,9,genie/puppy/financial_events.csv,invoice_id,2026.07.19.2
CEO_BARKED_TWICE,PUPPY,TX-L1-OPS-022,purchase_order_id,NULL,,,,,,,null,false,10,genie/puppy/financial_events.csv,purchase_order_id,2026.07.19.2
CEO_BARKED_TWICE,PUPPY,TX-L1-OPS-022,status,STRING,SETTLED,,,,,,,false,11,genie/puppy/financial_events.csv,status,2026.07.19.2
CEO_BARKED_TWICE,PUPPY,TX-L1-OPS-022,reversed_transaction_id,NULL,,,,,,,null,false,12,genie/puppy/financial_events.csv,reversed_transaction_id,2026.07.19.2
CEO_BARKED_TWICE,PUPPY,TX-L1-OPS-023,transaction_id,STRING,TX-L1-OPS-023,,,,,,,false,1,genie/puppy/financial_events.csv,transaction_id,2026.07.19.2
CEO_BARKED_TWICE,PUPPY,TX-L1-OPS-023,occurred_at,TIMESTAMP,,,,,,2026-02-16T00:00:00Z,,false,2,genie/puppy/financial_events.csv,occurred_at,2026.07.19.2
CEO_BARKED_TWICE,PUPPY,TX-L1-OPS-023,transaction_type,STRING,OPERATING_PAYMENT,,,,,,,false,3,genie/puppy/financial_events.csv,transaction_type,2026.07.19.2
CEO_BARKED_TWICE,PUPPY,TX-L1-OPS-023,source_account_id,STRING,A-SCC-1001,,,,,,,false,4,genie/puppy/financial_events.csv,source_account_id,2026.07.19.2
CEO_BARKED_TWICE,PUPPY,TX-L1-OPS-023,destination_account_id,STRING,A-HOUNDOFF-3205,,,,,,,false,5,genie/puppy/financial_events.csv,destination_account_id,2026.07.19.2
CEO_BARKED_TWICE,PUPPY,TX-L1-OPS-023,amount,DECIMAL,,,6400.00,,,,,false,6,genie/puppy/financial_events.csv,amount,2026.07.19.2
CEO_BARKED_TWICE,PUPPY,TX-L1-OPS-023,currency,STRING,BSC,,,,,,,false,7,genie/puppy/financial_events.csv,currency,2026.07.19.2
CEO_BARKED_TWICE,PUPPY,TX-L1-OPS-023,reference,STRING,OPS-023,,,,,,,false,8,genie/puppy/financial_events.csv,reference,2026.07.19.2
CEO_BARKED_TWICE,PUPPY,TX-L1-OPS-023,invoice_id,NULL,,,,,,,null,false,9,genie/puppy/financial_events.csv,invoice_id,2026.07.19.2
CEO_BARKED_TWICE,PUPPY,TX-L1-OPS-023,purchase_order_id,NULL,,,,,,,null,false,10,genie/puppy/financial_events.csv,purchase_order_id,2026.07.19.2
CEO_BARKED_TWICE,PUPPY,TX-L1-OPS-023,status,STRING,SETTLED,,,,,,,false,11,genie/puppy/financial_events.csv,status,2026.07.19.2
CEO_BARKED_TWICE,PUPPY,TX-L1-OPS-023,reversed_transaction_id,NULL,,,,,,,null,false,12,genie/puppy/financial_events.csv,reversed_transaction_id,2026.07.19.2
CEO_BARKED_TWICE,PUPPY,TX-L1-OPS-024,transaction_id,STRING,TX-L1-OPS-024,,,,,,,false,1,genie/puppy/financial_events.csv,transaction_id,2026.07.19.2
CEO_BARKED_TWICE,PUPPY,TX-L1-OPS-024,occurred_at,TIMESTAMP,,,,,,2026-02-25T00:00:00Z,,false,2,genie/puppy/financial_events.csv,occurred_at,2026.07.19.2
CEO_BARKED_TWICE,PUPPY,TX-L1-OPS-024,transaction_type,STRING,OPERATING_PAYMENT,,,,,,,false,3,genie/puppy/financial_events.csv,transaction_type,2026.07.19.2
CEO_BARKED_TWICE,PUPPY,TX-L1-OPS-024,source_account_id,STRING,A-SCC-1001,,,,,,,false,4,genie/puppy/financial_events.csv,source_account_id,2026.07.19.2
CEO_BARKED_TWICE,PUPPY,TX-L1-OPS-024,destination_account_id,STRING,A-RETRIEVER-3246,,,,,,,false,5,genie/puppy/financial_events.csv,destination_account_id,2026.07.19.2
CEO_BARKED_TWICE,PUPPY,TX-L1-OPS-024,amount,DECIMAL,,,7250.00,,,,,false,6,genie/puppy/financial_events.csv,amount,2026.07.19.2
CEO_BARKED_TWICE,PUPPY,TX-L1-OPS-024,currency,STRING,BSC,,,,,,,false,7,genie/puppy/financial_events.csv,currency,2026.07.19.2
CEO_BARKED_TWICE,PUPPY,TX-L1-OPS-024,reference,STRING,OPS-024,,,,,,,false,8,genie/puppy/financial_events.csv,reference,2026.07.19.2
CEO_BARKED_TWICE,PUPPY,TX-L1-OPS-024,invoice_id,NULL,,,,,,,null,false,9,genie/puppy/financial_events.csv,invoice_id,2026.07.19.2
CEO_BARKED_TWICE,PUPPY,TX-L1-OPS-024,purchase_order_id,NULL,,,,,,,null,false,10,genie/puppy/financial_events.csv,purchase_order_id,2026.07.19.2
CEO_BARKED_TWICE,PUPPY,TX-L1-OPS-024,status,STRING,SETTLED,,,,,,,false,11,genie/puppy/financial_events.csv,status,2026.07.19.2
CEO_BARKED_TWICE,PUPPY,TX-L1-OPS-024,reversed_transaction_id,NULL,,,,,,,null,false,12,genie/puppy/financial_events.csv,reversed_transaction_id,2026.07.19.2
CEO_BARKED_TWICE,PUPPY,INC-001,incident_id,STRING,INC-001,,,,,,,false,1,genie/puppy/incidents.csv,incident_id,2026.07.19.2
CEO_BARKED_TWICE,PUPPY,INC-001,incident_type,STRING,CEO_IMPERSONATION,,,,,,,false,2,genie/puppy/incidents.csv,incident_type,2026.07.19.2
CEO_BARKED_TWICE,PUPPY,INC-001,opened_at,TIMESTAMP,,,,,,2026-02-10T16:30:00Z,,false,3,genie/puppy/incidents.csv,opened_at,2026.07.19.2
CEO_BARKED_TWICE,PUPPY,INC-001,reported_by_record_id,STRING,PR-PENNY-01,,,,,,,false,4,genie/puppy/incidents.csv,reported_by_record_id,2026.07.19.2
CEO_BARKED_TWICE,PUPPY,INC-001,summary,STRING,Urgent confidential payment request originated from lookalike domain silvercoilar.example.,,,,,,,false,5,genie/puppy/incidents.csv,summary,2026.07.19.2
CEO_BARKED_TWICE,PUPPY,INC-001,severity,STRING,HIGH,,,,,,,false,6,genie/puppy/incidents.csv,severity,2026.07.19.2
CEO_BARKED_TWICE,PUPPY,INC-001,status,STRING,CONFIRMED,,,,,,,false,7,genie/puppy/incidents.csv,status,2026.07.19.2
CEO_BARKED_TWICE,PUPPY,INC-001,related_record_ids,STRING,COM-002;DOM-SCC-TYPO;INV-COPPER-1048-F,,,,,,,false,8,genie/puppy/incidents.csv,related_record_ids,2026.07.19.2
CEO_BARKED_TWICE,PUPPY,INC-002,incident_id,STRING,INC-002,,,,,,,false,1,genie/puppy/incidents.csv,incident_id,2026.07.19.2
CEO_BARKED_TWICE,PUPPY,INC-002,incident_type,STRING,MAILBOX_COMPROMISE,,,,,,,false,2,genie/puppy/incidents.csv,incident_type,2026.07.19.2
CEO_BARKED_TWICE,PUPPY,INC-002,opened_at,TIMESTAMP,,,,,,2026-02-11T09:10:00Z,,false,3,genie/puppy/incidents.csv,opened_at,2026.07.19.2
CEO_BARKED_TWICE,PUPPY,INC-002,reported_by_record_id,STRING,PR-THEO-01,,,,,,,false,4,genie/puppy/incidents.csv,reported_by_record_id,2026.07.19.2
CEO_BARKED_TWICE,PUPPY,INC-002,summary,STRING,Penny Pug mailbox contained malicious forwarding and deletion rules created from external infrastructure.,,,,,,,false,5,genie/puppy/incidents.csv,summary,2026.07.19.2
CEO_BARKED_TWICE,PUPPY,INC-002,severity,STRING,CRITICAL,,,,,,,false,6,genie/puppy/incidents.csv,severity,2026.07.19.2
CEO_BARKED_TWICE,PUPPY,INC-002,status,STRING,CONFIRMED,,,,,,,false,7,genie/puppy/incidents.csv,status,2026.07.19.2
CEO_BARKED_TWICE,PUPPY,INC-002,related_record_ids,STRING,MR-001;MR-002;LOGIN-0010;LOGIN-0014,,,,,,,false,8,genie/puppy/incidents.csv,related_record_ids,2026.07.19.2
CEO_BARKED_TWICE,PUPPY,INC-003,incident_id,STRING,INC-003,,,,,,,false,1,genie/puppy/incidents.csv,incident_id,2026.07.19.2
CEO_BARKED_TWICE,PUPPY,INC-003,incident_type,STRING,PAYMENT_DIVERSION,,,,,,,false,2,genie/puppy/incidents.csv,incident_type,2026.07.19.2
CEO_BARKED_TWICE,PUPPY,INC-003,opened_at,TIMESTAMP,,,,,,2026-02-11T10:00:00Z,,false,3,genie/puppy/incidents.csv,opened_at,2026.07.19.2
CEO_BARKED_TWICE,PUPPY,INC-003,reported_by_record_id,STRING,PR-MABEL-01,,,,,,,false,4,genie/puppy/incidents.csv,reported_by_record_id,2026.07.19.2
CEO_BARKED_TWICE,PUPPY,INC-003,summary,STRING,Payment for legitimate Copper Paw invoice was redirected from verified account 2207 to account 8842.,,,,,,,false,5,genie/puppy/incidents.csv,summary,2026.07.19.2
CEO_BARKED_TWICE,PUPPY,INC-003,severity,STRING,CRITICAL,,,,,,,false,6,genie/puppy/incidents.csv,severity,2026.07.19.2
CEO_BARKED_TWICE,PUPPY,INC-003,status,STRING,CONFIRMED,,,,,,,false,7,genie/puppy/incidents.csv,status,2026.07.19.2
CEO_BARKED_TWICE,PUPPY,INC-003,related_record_ids,STRING,TX-FRAUD-001;A-COPPER-2207;A-NIGHTJAR-8842,,,,,,,false,8,genie/puppy/incidents.csv,related_record_ids,2026.07.19.2
CEO_BARKED_TWICE,PUPPY,INC-004,incident_id,STRING,INC-004,,,,,,,false,1,genie/puppy/incidents.csv,incident_id,2026.07.19.2
CEO_BARKED_TWICE,PUPPY,INC-004,incident_type,STRING,FUNDS_DISPERSAL,,,,,,,false,2,genie/puppy/incidents.csv,incident_type,2026.07.19.2
CEO_BARKED_TWICE,PUPPY,INC-004,opened_at,TIMESTAMP,,,,,,2026-02-11T12:00:00Z,,false,3,genie/puppy/incidents.csv,opened_at,2026.07.19.2
CEO_BARKED_TWICE,PUPPY,INC-004,reported_by_record_id,STRING,PR-MABEL-01,,,,,,,false,4,genie/puppy/incidents.csv,reported_by_record_id,2026.07.19.2
CEO_BARKED_TWICE,PUPPY,INC-004,summary,STRING,"Funds from 8842 were split to accounts controlled by Grant, Rowan, Ivy, and Harbor Hound.",,,,,,,false,5,genie/puppy/incidents.csv,summary,2026.07.19.2
CEO_BARKED_TWICE,PUPPY,INC-004,severity,STRING,CRITICAL,,,,,,,false,6,genie/puppy/incidents.csv,severity,2026.07.19.2
CEO_BARKED_TWICE,PUPPY,INC-004,status,STRING,CONFIRMED,,,,,,,false,7,genie/puppy/incidents.csv,status,2026.07.19.2
CEO_BARKED_TWICE,PUPPY,INC-004,related_record_ids,STRING,TX-FRAUD-002;TX-FRAUD-003;TX-FRAUD-004;TX-FRAUD-005,,,,,,,false,8,genie/puppy/incidents.csv,related_record_ids,2026.07.19.2
CEO_BARKED_TWICE,PUPPY,INC-005,incident_id,STRING,INC-005,,,,,,,false,1,genie/puppy/incidents.csv,incident_id,2026.07.19.2
CEO_BARKED_TWICE,PUPPY,INC-005,incident_type,STRING,PARTIAL_RECOVERY,,,,,,,false,2,genie/puppy/incidents.csv,incident_type,2026.07.19.2
CEO_BARKED_TWICE,PUPPY,INC-005,opened_at,TIMESTAMP,,,,,,2026-02-12T12:00:00Z,,false,3,genie/puppy/incidents.csv,opened_at,2026.07.19.2
CEO_BARKED_TWICE,PUPPY,INC-005,reported_by_record_id,STRING,PR-MABEL-01,,,,,,,false,4,genie/puppy/incidents.csv,reported_by_record_id,2026.07.19.2
CEO_BARKED_TWICE,PUPPY,INC-005,summary,STRING,"125,000 BSC was frozen at Harbor Hound and moved to recovery escrow.",,,,,,,false,5,genie/puppy/incidents.csv,summary,2026.07.19.2
CEO_BARKED_TWICE,PUPPY,INC-005,severity,STRING,MEDIUM,,,,,,,false,6,genie/puppy/incidents.csv,severity,2026.07.19.2
CEO_BARKED_TWICE,PUPPY,INC-005,status,STRING,PARTIALLY_RECOVERED,,,,,,,false,7,genie/puppy/incidents.csv,status,2026.07.19.2
CEO_BARKED_TWICE,PUPPY,INC-005,related_record_ids,STRING,TX-RECOVERY-001;A-HARBOR-6104;A-BANK-HOLD-9000,,,,,,,false,8,genie/puppy/incidents.csv,related_record_ids,2026.07.19.2
CEO_BARKED_TWICE,PUPPY,INC-006,incident_id,STRING,INC-006,,,,,,,false,1,genie/puppy/incidents.csv,incident_id,2026.07.19.2
CEO_BARKED_TWICE,PUPPY,INC-006,incident_type,STRING,DUPLICATE_INVOICE,,,,,,,false,2,genie/puppy/incidents.csv,incident_type,2026.07.19.2
CEO_BARKED_TWICE,PUPPY,INC-006,opened_at,TIMESTAMP,,,,,,2025-11-25T00:00:00Z,,false,3,genie/puppy/incidents.csv,opened_at,2026.07.19.2
CEO_BARKED_TWICE,PUPPY,INC-006,reported_by_record_id,STRING,PR-RHEA-01,,,,,,,false,4,genie/puppy/incidents.csv,reported_by_record_id,2026.07.19.2
CEO_BARKED_TWICE,PUPPY,INC-006,summary,STRING,An invoice number was reused by an unrelated vendor and resolved through PO context.,,,,,,,false,5,genie/puppy/incidents.csv,summary,2026.07.19.2
CEO_BARKED_TWICE,PUPPY,INC-006,severity,STRING,HIGH,,,,,,,false,6,genie/puppy/incidents.csv,severity,2026.07.19.2
CEO_BARKED_TWICE,PUPPY,INC-006,status,STRING,CLOSED,,,,,,,false,7,genie/puppy/incidents.csv,status,2026.07.19.2
CEO_BARKED_TWICE,PUPPY,INC-006,related_record_ids,STRING,COM-006;DOC-006,,,,,,,false,8,genie/puppy/incidents.csv,related_record_ids,2026.07.19.2
CEO_BARKED_TWICE,PUPPY,INC-007,incident_id,STRING,INC-007,,,,,,,false,1,genie/puppy/incidents.csv,incident_id,2026.07.19.2
CEO_BARKED_TWICE,PUPPY,INC-007,incident_type,STRING,FALSE_POSITIVE,,,,,,,false,2,genie/puppy/incidents.csv,incident_type,2026.07.19.2
CEO_BARKED_TWICE,PUPPY,INC-007,opened_at,TIMESTAMP,,,,,,2025-12-12T00:00:00Z,,false,3,genie/puppy/incidents.csv,opened_at,2026.07.19.2
CEO_BARKED_TWICE,PUPPY,INC-007,reported_by_record_id,STRING,PR-MABEL-01,,,,,,,false,4,genie/puppy/incidents.csv,reported_by_record_id,2026.07.19.2
CEO_BARKED_TWICE,PUPPY,INC-007,summary,STRING,A similar name or shared address produced an unrelated alert.,,,,,,,false,5,genie/puppy/incidents.csv,summary,2026.07.19.2
CEO_BARKED_TWICE,PUPPY,INC-007,severity,STRING,LOW,,,,,,,false,6,genie/puppy/incidents.csv,severity,2026.07.19.2
CEO_BARKED_TWICE,PUPPY,INC-007,status,STRING,CLOSED,,,,,,,false,7,genie/puppy/incidents.csv,status,2026.07.19.2
CEO_BARKED_TWICE,PUPPY,INC-007,related_record_ids,STRING,COM-007;DOC-007,,,,,,,false,8,genie/puppy/incidents.csv,related_record_ids,2026.07.19.2
CEO_BARKED_TWICE,PUPPY,INC-008,incident_id,STRING,INC-008,,,,,,,false,1,genie/puppy/incidents.csv,incident_id,2026.07.19.2
CEO_BARKED_TWICE,PUPPY,INC-008,incident_type,STRING,CONTROL_BREACH,,,,,,,false,2,genie/puppy/incidents.csv,incident_type,2026.07.19.2
CEO_BARKED_TWICE,PUPPY,INC-008,opened_at,TIMESTAMP,,,,,,2025-12-29T00:00:00Z,,false,3,genie/puppy/incidents.csv,opened_at,2026.07.19.2
CEO_BARKED_TWICE,PUPPY,INC-008,reported_by_record_id,STRING,PR-SOPHIE-01,,,,,,,false,4,genie/puppy/incidents.csv,reported_by_record_id,2026.07.19.2
CEO_BARKED_TWICE,PUPPY,INC-008,summary,STRING,An exception bypassed a configured verification control.,,,,,,,false,5,genie/puppy/incidents.csv,summary,2026.07.19.2
CEO_BARKED_TWICE,PUPPY,INC-008,severity,STRING,MEDIUM,,,,,,,false,6,genie/puppy/incidents.csv,severity,2026.07.19.2
CEO_BARKED_TWICE,PUPPY,INC-008,status,STRING,CLOSED,,,,,,,false,7,genie/puppy/incidents.csv,status,2026.07.19.2
CEO_BARKED_TWICE,PUPPY,INC-008,related_record_ids,STRING,COM-008;DOC-008,,,,,,,false,8,genie/puppy/incidents.csv,related_record_ids,2026.07.19.2
CEO_BARKED_TWICE,PUPPY,INC-009,incident_id,STRING,INC-009,,,,,,,false,1,genie/puppy/incidents.csv,incident_id,2026.07.19.2
CEO_BARKED_TWICE,PUPPY,INC-009,incident_type,STRING,VENDOR_MASTER_EXCEPTION,,,,,,,false,2,genie/puppy/incidents.csv,incident_type,2026.07.19.2
CEO_BARKED_TWICE,PUPPY,INC-009,opened_at,TIMESTAMP,,,,,,2026-01-15T00:00:00Z,,false,3,genie/puppy/incidents.csv,opened_at,2026.07.19.2
CEO_BARKED_TWICE,PUPPY,INC-009,reported_by_record_id,STRING,PR-THEO-01,,,,,,,false,4,genie/puppy/incidents.csv,reported_by_record_id,2026.07.19.2
CEO_BARKED_TWICE,PUPPY,INC-009,summary,STRING,A legitimate vendor change was approved after callback verification.,,,,,,,false,5,genie/puppy/incidents.csv,summary,2026.07.19.2
CEO_BARKED_TWICE,PUPPY,INC-009,severity,STRING,HIGH,,,,,,,false,6,genie/puppy/incidents.csv,severity,2026.07.19.2
CEO_BARKED_TWICE,PUPPY,INC-009,status,STRING,OPEN,,,,,,,false,7,genie/puppy/incidents.csv,status,2026.07.19.2
CEO_BARKED_TWICE,PUPPY,INC-009,related_record_ids,STRING,COM-009;DOC-009,,,,,,,false,8,genie/puppy/incidents.csv,related_record_ids,2026.07.19.2
CEO_BARKED_TWICE,PUPPY,INC-010,incident_id,STRING,INC-010,,,,,,,false,1,genie/puppy/incidents.csv,incident_id,2026.07.19.2
CEO_BARKED_TWICE,PUPPY,INC-010,incident_type,STRING,UNUSUAL_LOGIN,,,,,,,false,2,genie/puppy/incidents.csv,incident_type,2026.07.19.2
CEO_BARKED_TWICE,PUPPY,INC-010,opened_at,TIMESTAMP,,,,,,2026-02-01T00:00:00Z,,false,3,genie/puppy/incidents.csv,opened_at,2026.07.19.2
CEO_BARKED_TWICE,PUPPY,INC-010,reported_by_record_id,STRING,PR-RHEA-01,,,,,,,false,4,genie/puppy/incidents.csv,reported_by_record_id,2026.07.19.2
CEO_BARKED_TWICE,PUPPY,INC-010,summary,STRING,A login outside normal hours was reviewed and linked to approved travel.,,,,,,,false,5,genie/puppy/incidents.csv,summary,2026.07.19.2
CEO_BARKED_TWICE,PUPPY,INC-010,severity,STRING,LOW,,,,,,,false,6,genie/puppy/incidents.csv,severity,2026.07.19.2
CEO_BARKED_TWICE,PUPPY,INC-010,status,STRING,CLOSED,,,,,,,false,7,genie/puppy/incidents.csv,status,2026.07.19.2
CEO_BARKED_TWICE,PUPPY,INC-010,related_record_ids,STRING,COM-010;DOC-010,,,,,,,false,8,genie/puppy/incidents.csv,related_record_ids,2026.07.19.2
CEO_BARKED_TWICE,PUPPY,IL-INV-COPPER-1048-G-01,invoice_line_id,STRING,IL-INV-COPPER-1048-G-01,,,,,,,false,1,genie/puppy/invoice_lines.csv,invoice_line_id,2026.07.19.2
CEO_BARKED_TWICE,PUPPY,IL-INV-COPPER-1048-G-01,invoice_id,STRING,INV-COPPER-1048-G,,,,,,,false,2,genie/puppy/invoice_lines.csv,invoice_id,2026.07.19.2
CEO_BARKED_TWICE,PUPPY,IL-INV-COPPER-1048-G-01,line_number,INTEGER,,1,,,,,,false,3,genie/puppy/invoice_lines.csv,line_number,2026.07.19.2
CEO_BARKED_TWICE,PUPPY,IL-INV-COPPER-1048-G-01,description,STRING,Primary goods,,,,,,,false,4,genie/puppy/invoice_lines.csv,description,2026.07.19.2
CEO_BARKED_TWICE,PUPPY,IL-INV-COPPER-1048-G-01,quantity,INTEGER,,12,,,,,,false,5,genie/puppy/invoice_lines.csv,quantity,2026.07.19.2
CEO_BARKED_TWICE,PUPPY,IL-INV-COPPER-1048-G-01,unit_price,DECIMAL,,,12950.00,,,,,false,6,genie/puppy/invoice_lines.csv,unit_price,2026.07.19.2
CEO_BARKED_TWICE,PUPPY,IL-INV-COPPER-1048-G-01,line_amount,DECIMAL,,,155400.00,,,,,false,7,genie/puppy/invoice_lines.csv,line_amount,2026.07.19.2
CEO_BARKED_TWICE,PUPPY,IL-INV-COPPER-1048-G-01,purchase_order_id,STRING,PO-26005,,,,,,,false,8,genie/puppy/invoice_lines.csv,purchase_order_id,2026.07.19.2
CEO_BARKED_TWICE,PUPPY,IL-INV-COPPER-1048-G-02,invoice_line_id,STRING,IL-INV-COPPER-1048-G-02,,,,,,,false,1,genie/puppy/invoice_lines.csv,invoice_line_id,2026.07.19.2
CEO_BARKED_TWICE,PUPPY,IL-INV-COPPER-1048-G-02,invoice_id,STRING,INV-COPPER-1048-G,,,,,,,false,2,genie/puppy/invoice_lines.csv,invoice_id,2026.07.19.2
CEO_BARKED_TWICE,PUPPY,IL-INV-COPPER-1048-G-02,line_number,INTEGER,,2,,,,,,false,3,genie/puppy/invoice_lines.csv,line_number,2026.07.19.2
CEO_BARKED_TWICE,PUPPY,IL-INV-COPPER-1048-G-02,description,STRING,Freight and handling,,,,,,,false,4,genie/puppy/invoice_lines.csv,description,2026.07.19.2
CEO_BARKED_TWICE,PUPPY,IL-INV-COPPER-1048-G-02,quantity,INTEGER,,8,,,,,,false,5,genie/puppy/invoice_lines.csv,quantity,2026.07.19.2
CEO_BARKED_TWICE,PUPPY,IL-INV-COPPER-1048-G-02,unit_price,DECIMAL,,,15225.00,,,,,false,6,genie/puppy/invoice_lines.csv,unit_price,2026.07.19.2
CEO_BARKED_TWICE,PUPPY,IL-INV-COPPER-1048-G-02,line_amount,DECIMAL,,,121800.00,,,,,false,7,genie/puppy/invoice_lines.csv,line_amount,2026.07.19.2
CEO_BARKED_TWICE,PUPPY,IL-INV-COPPER-1048-G-02,purchase_order_id,STRING,PO-26005,,,,,,,false,8,genie/puppy/invoice_lines.csv,purchase_order_id,2026.07.19.2
CEO_BARKED_TWICE,PUPPY,IL-INV-COPPER-1048-G-03,invoice_line_id,STRING,IL-INV-COPPER-1048-G-03,,,,,,,false,1,genie/puppy/invoice_lines.csv,invoice_line_id,2026.07.19.2
CEO_BARKED_TWICE,PUPPY,IL-INV-COPPER-1048-G-03,invoice_id,STRING,INV-COPPER-1048-G,,,,,,,false,2,genie/puppy/invoice_lines.csv,invoice_id,2026.07.19.2
CEO_BARKED_TWICE,PUPPY,IL-INV-COPPER-1048-G-03,line_number,INTEGER,,3,,,,,,false,3,genie/puppy/invoice_lines.csv,line_number,2026.07.19.2
CEO_BARKED_TWICE,PUPPY,IL-INV-COPPER-1048-G-03,description,STRING,Calibration/service,,,,,,,false,4,genie/puppy/invoice_lines.csv,description,2026.07.19.2
CEO_BARKED_TWICE,PUPPY,IL-INV-COPPER-1048-G-03,quantity,INTEGER,,4,,,,,,false,5,genie/puppy/invoice_lines.csv,quantity,2026.07.19.2
CEO_BARKED_TWICE,PUPPY,IL-INV-COPPER-1048-G-03,unit_price,DECIMAL,,,22050.00,,,,,false,6,genie/puppy/invoice_lines.csv,unit_price,2026.07.19.2
CEO_BARKED_TWICE,PUPPY,IL-INV-COPPER-1048-G-03,line_amount,DECIMAL,,,88200.00,,,,,false,7,genie/puppy/invoice_lines.csv,line_amount,2026.07.19.2
CEO_BARKED_TWICE,PUPPY,IL-INV-COPPER-1048-G-03,purchase_order_id,STRING,PO-26005,,,,,,,false,8,genie/puppy/invoice_lines.csv,purchase_order_id,2026.07.19.2
CEO_BARKED_TWICE,PUPPY,IL-INV-COPPER-1048-G-04,invoice_line_id,STRING,IL-INV-COPPER-1048-G-04,,,,,,,false,1,genie/puppy/invoice_lines.csv,invoice_line_id,2026.07.19.2
CEO_BARKED_TWICE,PUPPY,IL-INV-COPPER-1048-G-04,invoice_id,STRING,INV-COPPER-1048-G,,,,,,,false,2,genie/puppy/invoice_lines.csv,invoice_id,2026.07.19.2
CEO_BARKED_TWICE,PUPPY,IL-INV-COPPER-1048-G-04,line_number,INTEGER,,4,,,,,,false,3,genie/puppy/invoice_lines.csv,line_number,2026.07.19.2
CEO_BARKED_TWICE,PUPPY,IL-INV-COPPER-1048-G-04,description,STRING,Tax and administration,,,,,,,false,4,genie/puppy/invoice_lines.csv,description,2026.07.19.2
CEO_BARKED_TWICE,PUPPY,IL-INV-COPPER-1048-G-04,quantity,INTEGER,,1,,,,,,false,5,genie/puppy/invoice_lines.csv,quantity,2026.07.19.2
CEO_BARKED_TWICE,PUPPY,IL-INV-COPPER-1048-G-04,unit_price,DECIMAL,,,54600.00,,,,,false,6,genie/puppy/invoice_lines.csv,unit_price,2026.07.19.2
CEO_BARKED_TWICE,PUPPY,IL-INV-COPPER-1048-G-04,line_amount,DECIMAL,,,54600.00,,,,,false,7,genie/puppy/invoice_lines.csv,line_amount,2026.07.19.2
CEO_BARKED_TWICE,PUPPY,IL-INV-COPPER-1048-G-04,purchase_order_id,STRING,PO-26005,,,,,,,false,8,genie/puppy/invoice_lines.csv,purchase_order_id,2026.07.19.2
CEO_BARKED_TWICE,PUPPY,IL-INV-COPPER-1048-F-01,invoice_line_id,STRING,IL-INV-COPPER-1048-F-01,,,,,,,false,1,genie/puppy/invoice_lines.csv,invoice_line_id,2026.07.19.2
CEO_BARKED_TWICE,PUPPY,IL-INV-COPPER-1048-F-01,invoice_id,STRING,INV-COPPER-1048-F,,,,,,,false,2,genie/puppy/invoice_lines.csv,invoice_id,2026.07.19.2
CEO_BARKED_TWICE,PUPPY,IL-INV-COPPER-1048-F-01,line_number,INTEGER,,1,,,,,,false,3,genie/puppy/invoice_lines.csv,line_number,2026.07.19.2
CEO_BARKED_TWICE,PUPPY,IL-INV-COPPER-1048-F-01,description,STRING,Primary goods,,,,,,,false,4,genie/puppy/invoice_lines.csv,description,2026.07.19.2
CEO_BARKED_TWICE,PUPPY,IL-INV-COPPER-1048-F-01,quantity,INTEGER,,12,,,,,,false,5,genie/puppy/invoice_lines.csv,quantity,2026.07.19.2
CEO_BARKED_TWICE,PUPPY,IL-INV-COPPER-1048-F-01,unit_price,DECIMAL,,,12950.00,,,,,false,6,genie/puppy/invoice_lines.csv,unit_price,2026.07.19.2
CEO_BARKED_TWICE,PUPPY,IL-INV-COPPER-1048-F-01,line_amount,DECIMAL,,,155400.00,,,,,false,7,genie/puppy/invoice_lines.csv,line_amount,2026.07.19.2
CEO_BARKED_TWICE,PUPPY,IL-INV-COPPER-1048-F-01,purchase_order_id,STRING,PO-26005,,,,,,,false,8,genie/puppy/invoice_lines.csv,purchase_order_id,2026.07.19.2
CEO_BARKED_TWICE,PUPPY,IL-INV-COPPER-1048-F-02,invoice_line_id,STRING,IL-INV-COPPER-1048-F-02,,,,,,,false,1,genie/puppy/invoice_lines.csv,invoice_line_id,2026.07.19.2
CEO_BARKED_TWICE,PUPPY,IL-INV-COPPER-1048-F-02,invoice_id,STRING,INV-COPPER-1048-F,,,,,,,false,2,genie/puppy/invoice_lines.csv,invoice_id,2026.07.19.2
CEO_BARKED_TWICE,PUPPY,IL-INV-COPPER-1048-F-02,line_number,INTEGER,,2,,,,,,false,3,genie/puppy/invoice_lines.csv,line_number,2026.07.19.2
CEO_BARKED_TWICE,PUPPY,IL-INV-COPPER-1048-F-02,description,STRING,Freight and handling,,,,,,,false,4,genie/puppy/invoice_lines.csv,description,2026.07.19.2
CEO_BARKED_TWICE,PUPPY,IL-INV-COPPER-1048-F-02,quantity,INTEGER,,8,,,,,,false,5,genie/puppy/invoice_lines.csv,quantity,2026.07.19.2
CEO_BARKED_TWICE,PUPPY,IL-INV-COPPER-1048-F-02,unit_price,DECIMAL,,,15225.00,,,,,false,6,genie/puppy/invoice_lines.csv,unit_price,2026.07.19.2
CEO_BARKED_TWICE,PUPPY,IL-INV-COPPER-1048-F-02,line_amount,DECIMAL,,,121800.00,,,,,false,7,genie/puppy/invoice_lines.csv,line_amount,2026.07.19.2
CEO_BARKED_TWICE,PUPPY,IL-INV-COPPER-1048-F-02,purchase_order_id,STRING,PO-26005,,,,,,,false,8,genie/puppy/invoice_lines.csv,purchase_order_id,2026.07.19.2
CEO_BARKED_TWICE,PUPPY,IL-INV-COPPER-1048-F-03,invoice_line_id,STRING,IL-INV-COPPER-1048-F-03,,,,,,,false,1,genie/puppy/invoice_lines.csv,invoice_line_id,2026.07.19.2
CEO_BARKED_TWICE,PUPPY,IL-INV-COPPER-1048-F-03,invoice_id,STRING,INV-COPPER-1048-F,,,,,,,false,2,genie/puppy/invoice_lines.csv,invoice_id,2026.07.19.2
CEO_BARKED_TWICE,PUPPY,IL-INV-COPPER-1048-F-03,line_number,INTEGER,,3,,,,,,false,3,genie/puppy/invoice_lines.csv,line_number,2026.07.19.2
CEO_BARKED_TWICE,PUPPY,IL-INV-COPPER-1048-F-03,description,STRING,Calibration/service,,,,,,,false,4,genie/puppy/invoice_lines.csv,description,2026.07.19.2
CEO_BARKED_TWICE,PUPPY,IL-INV-COPPER-1048-F-03,quantity,INTEGER,,4,,,,,,false,5,genie/puppy/invoice_lines.csv,quantity,2026.07.19.2
CEO_BARKED_TWICE,PUPPY,IL-INV-COPPER-1048-F-03,unit_price,DECIMAL,,,22050.00,,,,,false,6,genie/puppy/invoice_lines.csv,unit_price,2026.07.19.2
CEO_BARKED_TWICE,PUPPY,IL-INV-COPPER-1048-F-03,line_amount,DECIMAL,,,88200.00,,,,,false,7,genie/puppy/invoice_lines.csv,line_amount,2026.07.19.2
CEO_BARKED_TWICE,PUPPY,IL-INV-COPPER-1048-F-03,purchase_order_id,STRING,PO-26005,,,,,,,false,8,genie/puppy/invoice_lines.csv,purchase_order_id,2026.07.19.2
CEO_BARKED_TWICE,PUPPY,IL-INV-COPPER-1048-F-04,invoice_line_id,STRING,IL-INV-COPPER-1048-F-04,,,,,,,false,1,genie/puppy/invoice_lines.csv,invoice_line_id,2026.07.19.2
CEO_BARKED_TWICE,PUPPY,IL-INV-COPPER-1048-F-04,invoice_id,STRING,INV-COPPER-1048-F,,,,,,,false,2,genie/puppy/invoice_lines.csv,invoice_id,2026.07.19.2
CEO_BARKED_TWICE,PUPPY,IL-INV-COPPER-1048-F-04,line_number,INTEGER,,4,,,,,,false,3,genie/puppy/invoice_lines.csv,line_number,2026.07.19.2
CEO_BARKED_TWICE,PUPPY,IL-INV-COPPER-1048-F-04,description,STRING,Tax and administration,,,,,,,false,4,genie/puppy/invoice_lines.csv,description,2026.07.19.2
CEO_BARKED_TWICE,PUPPY,IL-INV-COPPER-1048-F-04,quantity,INTEGER,,1,,,,,,false,5,genie/puppy/invoice_lines.csv,quantity,2026.07.19.2
CEO_BARKED_TWICE,PUPPY,IL-INV-COPPER-1048-F-04,unit_price,DECIMAL,,,54600.00,,,,,false,6,genie/puppy/invoice_lines.csv,unit_price,2026.07.19.2
CEO_BARKED_TWICE,PUPPY,IL-INV-COPPER-1048-F-04,line_amount,DECIMAL,,,54600.00,,,,,false,7,genie/puppy/invoice_lines.csv,line_amount,2026.07.19.2
CEO_BARKED_TWICE,PUPPY,IL-INV-COPPER-1048-F-04,purchase_order_id,STRING,PO-26005,,,,,,,false,8,genie/puppy/invoice_lines.csv,purchase_order_id,2026.07.19.2
CEO_BARKED_TWICE,PUPPY,IL-INV-COPPER-1059-G-01,invoice_line_id,STRING,IL-INV-COPPER-1059-G-01,,,,,,,false,1,genie/puppy/invoice_lines.csv,invoice_line_id,2026.07.19.2
CEO_BARKED_TWICE,PUPPY,IL-INV-COPPER-1059-G-01,invoice_id,STRING,INV-COPPER-1059-G,,,,,,,false,2,genie/puppy/invoice_lines.csv,invoice_id,2026.07.19.2
CEO_BARKED_TWICE,PUPPY,IL-INV-COPPER-1059-G-01,line_number,INTEGER,,1,,,,,,false,3,genie/puppy/invoice_lines.csv,line_number,2026.07.19.2
CEO_BARKED_TWICE,PUPPY,IL-INV-COPPER-1059-G-01,description,STRING,Primary goods,,,,,,,false,4,genie/puppy/invoice_lines.csv,description,2026.07.19.2
CEO_BARKED_TWICE,PUPPY,IL-INV-COPPER-1059-G-01,quantity,INTEGER,,12,,,,,,false,5,genie/puppy/invoice_lines.csv,quantity,2026.07.19.2
CEO_BARKED_TWICE,PUPPY,IL-INV-COPPER-1059-G-01,unit_price,DECIMAL,,,20966.67,,,,,false,6,genie/puppy/invoice_lines.csv,unit_price,2026.07.19.2
CEO_BARKED_TWICE,PUPPY,IL-INV-COPPER-1059-G-01,line_amount,DECIMAL,,,251600.00,,,,,false,7,genie/puppy/invoice_lines.csv,line_amount,2026.07.19.2
CEO_BARKED_TWICE,PUPPY,IL-INV-COPPER-1059-G-01,purchase_order_id,STRING,PO-26013,,,,,,,false,8,genie/puppy/invoice_lines.csv,purchase_order_id,2026.07.19.2
CEO_BARKED_TWICE,PUPPY,IL-INV-COPPER-1059-G-02,invoice_line_id,STRING,IL-INV-COPPER-1059-G-02,,,,,,,false,1,genie/puppy/invoice_lines.csv,invoice_line_id,2026.07.19.2
CEO_BARKED_TWICE,PUPPY,IL-INV-COPPER-1059-G-02,invoice_id,STRING,INV-COPPER-1059-G,,,,,,,false,2,genie/puppy/invoice_lines.csv,invoice_id,2026.07.19.2
CEO_BARKED_TWICE,PUPPY,IL-INV-COPPER-1059-G-02,line_number,INTEGER,,2,,,,,,false,3,genie/puppy/invoice_lines.csv,line_number,2026.07.19.2
CEO_BARKED_TWICE,PUPPY,IL-INV-COPPER-1059-G-02,description,STRING,Freight and handling,,,,,,,false,4,genie/puppy/invoice_lines.csv,description,2026.07.19.2
CEO_BARKED_TWICE,PUPPY,IL-INV-COPPER-1059-G-02,quantity,INTEGER,,8,,,,,,false,5,genie/puppy/invoice_lines.csv,quantity,2026.07.19.2
CEO_BARKED_TWICE,PUPPY,IL-INV-COPPER-1059-G-02,unit_price,DECIMAL,,,24650.00,,,,,false,6,genie/puppy/invoice_lines.csv,unit_price,2026.07.19.2
CEO_BARKED_TWICE,PUPPY,IL-INV-COPPER-1059-G-02,line_amount,DECIMAL,,,197200.00,,,,,false,7,genie/puppy/invoice_lines.csv,line_amount,2026.07.19.2
CEO_BARKED_TWICE,PUPPY,IL-INV-COPPER-1059-G-02,purchase_order_id,STRING,PO-26013,,,,,,,false,8,genie/puppy/invoice_lines.csv,purchase_order_id,2026.07.19.2
CEO_BARKED_TWICE,PUPPY,IL-INV-COPPER-1059-G-03,invoice_line_id,STRING,IL-INV-COPPER-1059-G-03,,,,,,,false,1,genie/puppy/invoice_lines.csv,invoice_line_id,2026.07.19.2
CEO_BARKED_TWICE,PUPPY,IL-INV-COPPER-1059-G-03,invoice_id,STRING,INV-COPPER-1059-G,,,,,,,false,2,genie/puppy/invoice_lines.csv,invoice_id,2026.07.19.2
CEO_BARKED_TWICE,PUPPY,IL-INV-COPPER-1059-G-03,line_number,INTEGER,,3,,,,,,false,3,genie/puppy/invoice_lines.csv,line_number,2026.07.19.2
CEO_BARKED_TWICE,PUPPY,IL-INV-COPPER-1059-G-03,description,STRING,Calibration/service,,,,,,,false,4,genie/puppy/invoice_lines.csv,description,2026.07.19.2
CEO_BARKED_TWICE,PUPPY,IL-INV-COPPER-1059-G-03,quantity,INTEGER,,4,,,,,,false,5,genie/puppy/invoice_lines.csv,quantity,2026.07.19.2
CEO_BARKED_TWICE,PUPPY,IL-INV-COPPER-1059-G-03,unit_price,DECIMAL,,,35700.00,,,,,false,6,genie/puppy/invoice_lines.csv,unit_price,2026.07.19.2
CEO_BARKED_TWICE,PUPPY,IL-INV-COPPER-1059-G-03,line_amount,DECIMAL,,,142800.00,,,,,false,7,genie/puppy/invoice_lines.csv,line_amount,2026.07.19.2
CEO_BARKED_TWICE,PUPPY,IL-INV-COPPER-1059-G-03,purchase_order_id,STRING,PO-26013,,,,,,,false,8,genie/puppy/invoice_lines.csv,purchase_order_id,2026.07.19.2
CEO_BARKED_TWICE,PUPPY,IL-INV-COPPER-1059-G-04,invoice_line_id,STRING,IL-INV-COPPER-1059-G-04,,,,,,,false,1,genie/puppy/invoice_lines.csv,invoice_line_id,2026.07.19.2
CEO_BARKED_TWICE,PUPPY,IL-INV-COPPER-1059-G-04,invoice_id,STRING,INV-COPPER-1059-G,,,,,,,false,2,genie/puppy/invoice_lines.csv,invoice_id,2026.07.19.2
CEO_BARKED_TWICE,PUPPY,IL-INV-COPPER-1059-G-04,line_number,INTEGER,,4,,,,,,false,3,genie/puppy/invoice_lines.csv,line_number,2026.07.19.2
CEO_BARKED_TWICE,PUPPY,IL-INV-COPPER-1059-G-04,description,STRING,Tax and administration,,,,,,,false,4,genie/puppy/invoice_lines.csv,description,2026.07.19.2
CEO_BARKED_TWICE,PUPPY,IL-INV-COPPER-1059-G-04,quantity,INTEGER,,1,,,,,,false,5,genie/puppy/invoice_lines.csv,quantity,2026.07.19.2
CEO_BARKED_TWICE,PUPPY,IL-INV-COPPER-1059-G-04,unit_price,DECIMAL,,,88400.00,,,,,false,6,genie/puppy/invoice_lines.csv,unit_price,2026.07.19.2
CEO_BARKED_TWICE,PUPPY,IL-INV-COPPER-1059-G-04,line_amount,DECIMAL,,,88400.00,,,,,false,7,genie/puppy/invoice_lines.csv,line_amount,2026.07.19.2
CEO_BARKED_TWICE,PUPPY,IL-INV-COPPER-1059-G-04,purchase_order_id,STRING,PO-26013,,,,,,,false,8,genie/puppy/invoice_lines.csv,purchase_order_id,2026.07.19.2
CEO_BARKED_TWICE,PUPPY,IL-INV-COPPER-1059-F-01,invoice_line_id,STRING,IL-INV-COPPER-1059-F-01,,,,,,,false,1,genie/puppy/invoice_lines.csv,invoice_line_id,2026.07.19.2
CEO_BARKED_TWICE,PUPPY,IL-INV-COPPER-1059-F-01,invoice_id,STRING,INV-COPPER-1059-F,,,,,,,false,2,genie/puppy/invoice_lines.csv,invoice_id,2026.07.19.2
CEO_BARKED_TWICE,PUPPY,IL-INV-COPPER-1059-F-01,line_number,INTEGER,,1,,,,,,false,3,genie/puppy/invoice_lines.csv,line_number,2026.07.19.2
CEO_BARKED_TWICE,PUPPY,IL-INV-COPPER-1059-F-01,description,STRING,Primary goods,,,,,,,false,4,genie/puppy/invoice_lines.csv,description,2026.07.19.2
CEO_BARKED_TWICE,PUPPY,IL-INV-COPPER-1059-F-01,quantity,INTEGER,,12,,,,,,false,5,genie/puppy/invoice_lines.csv,quantity,2026.07.19.2
CEO_BARKED_TWICE,PUPPY,IL-INV-COPPER-1059-F-01,unit_price,DECIMAL,,,20966.67,,,,,false,6,genie/puppy/invoice_lines.csv,unit_price,2026.07.19.2
CEO_BARKED_TWICE,PUPPY,IL-INV-COPPER-1059-F-01,line_amount,DECIMAL,,,251600.00,,,,,false,7,genie/puppy/invoice_lines.csv,line_amount,2026.07.19.2
CEO_BARKED_TWICE,PUPPY,IL-INV-COPPER-1059-F-01,purchase_order_id,STRING,PO-26013,,,,,,,false,8,genie/puppy/invoice_lines.csv,purchase_order_id,2026.07.19.2
CEO_BARKED_TWICE,PUPPY,IL-INV-COPPER-1059-F-02,invoice_line_id,STRING,IL-INV-COPPER-1059-F-02,,,,,,,false,1,genie/puppy/invoice_lines.csv,invoice_line_id,2026.07.19.2
CEO_BARKED_TWICE,PUPPY,IL-INV-COPPER-1059-F-02,invoice_id,STRING,INV-COPPER-1059-F,,,,,,,false,2,genie/puppy/invoice_lines.csv,invoice_id,2026.07.19.2
CEO_BARKED_TWICE,PUPPY,IL-INV-COPPER-1059-F-02,line_number,INTEGER,,2,,,,,,false,3,genie/puppy/invoice_lines.csv,line_number,2026.07.19.2
CEO_BARKED_TWICE,PUPPY,IL-INV-COPPER-1059-F-02,description,STRING,Freight and handling,,,,,,,false,4,genie/puppy/invoice_lines.csv,description,2026.07.19.2
CEO_BARKED_TWICE,PUPPY,IL-INV-COPPER-1059-F-02,quantity,INTEGER,,8,,,,,,false,5,genie/puppy/invoice_lines.csv,quantity,2026.07.19.2
CEO_BARKED_TWICE,PUPPY,IL-INV-COPPER-1059-F-02,unit_price,DECIMAL,,,24650.00,,,,,false,6,genie/puppy/invoice_lines.csv,unit_price,2026.07.19.2
CEO_BARKED_TWICE,PUPPY,IL-INV-COPPER-1059-F-02,line_amount,DECIMAL,,,197200.00,,,,,false,7,genie/puppy/invoice_lines.csv,line_amount,2026.07.19.2
CEO_BARKED_TWICE,PUPPY,IL-INV-COPPER-1059-F-02,purchase_order_id,STRING,PO-26013,,,,,,,false,8,genie/puppy/invoice_lines.csv,purchase_order_id,2026.07.19.2
CEO_BARKED_TWICE,PUPPY,IL-INV-COPPER-1059-F-03,invoice_line_id,STRING,IL-INV-COPPER-1059-F-03,,,,,,,false,1,genie/puppy/invoice_lines.csv,invoice_line_id,2026.07.19.2
CEO_BARKED_TWICE,PUPPY,IL-INV-COPPER-1059-F-03,invoice_id,STRING,INV-COPPER-1059-F,,,,,,,false,2,genie/puppy/invoice_lines.csv,invoice_id,2026.07.19.2
CEO_BARKED_TWICE,PUPPY,IL-INV-COPPER-1059-F-03,line_number,INTEGER,,3,,,,,,false,3,genie/puppy/invoice_lines.csv,line_number,2026.07.19.2
CEO_BARKED_TWICE,PUPPY,IL-INV-COPPER-1059-F-03,description,STRING,Calibration/service,,,,,,,false,4,genie/puppy/invoice_lines.csv,description,2026.07.19.2
CEO_BARKED_TWICE,PUPPY,IL-INV-COPPER-1059-F-03,quantity,INTEGER,,4,,,,,,false,5,genie/puppy/invoice_lines.csv,quantity,2026.07.19.2
CEO_BARKED_TWICE,PUPPY,IL-INV-COPPER-1059-F-03,unit_price,DECIMAL,,,35700.00,,,,,false,6,genie/puppy/invoice_lines.csv,unit_price,2026.07.19.2
CEO_BARKED_TWICE,PUPPY,IL-INV-COPPER-1059-F-03,line_amount,DECIMAL,,,142800.00,,,,,false,7,genie/puppy/invoice_lines.csv,line_amount,2026.07.19.2
CEO_BARKED_TWICE,PUPPY,IL-INV-COPPER-1059-F-03,purchase_order_id,STRING,PO-26013,,,,,,,false,8,genie/puppy/invoice_lines.csv,purchase_order_id,2026.07.19.2
CEO_BARKED_TWICE,PUPPY,IL-INV-COPPER-1059-F-04,invoice_line_id,STRING,IL-INV-COPPER-1059-F-04,,,,,,,false,1,genie/puppy/invoice_lines.csv,invoice_line_id,2026.07.19.2
CEO_BARKED_TWICE,PUPPY,IL-INV-COPPER-1059-F-04,invoice_id,STRING,INV-COPPER-1059-F,,,,,,,false,2,genie/puppy/invoice_lines.csv,invoice_id,2026.07.19.2
CEO_BARKED_TWICE,PUPPY,IL-INV-COPPER-1059-F-04,line_number,INTEGER,,4,,,,,,false,3,genie/puppy/invoice_lines.csv,line_number,2026.07.19.2
CEO_BARKED_TWICE,PUPPY,IL-INV-COPPER-1059-F-04,description,STRING,Tax and administration,,,,,,,false,4,genie/puppy/invoice_lines.csv,description,2026.07.19.2
CEO_BARKED_TWICE,PUPPY,IL-INV-COPPER-1059-F-04,quantity,INTEGER,,1,,,,,,false,5,genie/puppy/invoice_lines.csv,quantity,2026.07.19.2
CEO_BARKED_TWICE,PUPPY,IL-INV-COPPER-1059-F-04,unit_price,DECIMAL,,,88400.00,,,,,false,6,genie/puppy/invoice_lines.csv,unit_price,2026.07.19.2
CEO_BARKED_TWICE,PUPPY,IL-INV-COPPER-1059-F-04,line_amount,DECIMAL,,,88400.00,,,,,false,7,genie/puppy/invoice_lines.csv,line_amount,2026.07.19.2
CEO_BARKED_TWICE,PUPPY,IL-INV-COPPER-1059-F-04,purchase_order_id,STRING,PO-26013,,,,,,,false,8,genie/puppy/invoice_lines.csv,purchase_order_id,2026.07.19.2
CEO_BARKED_TWICE,PUPPY,IL-INV-COPPER-1062-G-01,invoice_line_id,STRING,IL-INV-COPPER-1062-G-01,,,,,,,false,1,genie/puppy/invoice_lines.csv,invoice_line_id,2026.07.19.2
CEO_BARKED_TWICE,PUPPY,IL-INV-COPPER-1062-G-01,invoice_id,STRING,INV-COPPER-1062-G,,,,,,,false,2,genie/puppy/invoice_lines.csv,invoice_id,2026.07.19.2
CEO_BARKED_TWICE,PUPPY,IL-INV-COPPER-1062-G-01,line_number,INTEGER,,1,,,,,,false,3,genie/puppy/invoice_lines.csv,line_number,2026.07.19.2
CEO_BARKED_TWICE,PUPPY,IL-INV-COPPER-1062-G-01,description,STRING,Primary goods,,,,,,,false,4,genie/puppy/invoice_lines.csv,description,2026.07.19.2
CEO_BARKED_TWICE,PUPPY,IL-INV-COPPER-1062-G-01,quantity,INTEGER,,12,,,,,,false,5,genie/puppy/invoice_lines.csv,quantity,2026.07.19.2
CEO_BARKED_TWICE,PUPPY,IL-INV-COPPER-1062-G-01,unit_price,DECIMAL,,,4779.17,,,,,false,6,genie/puppy/invoice_lines.csv,unit_price,2026.07.19.2
CEO_BARKED_TWICE,PUPPY,IL-INV-COPPER-1062-G-01,line_amount,DECIMAL,,,57350.00,,,,,false,7,genie/puppy/invoice_lines.csv,line_amount,2026.07.19.2
CEO_BARKED_TWICE,PUPPY,IL-INV-COPPER-1062-G-01,purchase_order_id,STRING,PO-26021,,,,,,,false,8,genie/puppy/invoice_lines.csv,purchase_order_id,2026.07.19.2
CEO_BARKED_TWICE,PUPPY,IL-INV-COPPER-1062-G-02,invoice_line_id,STRING,IL-INV-COPPER-1062-G-02,,,,,,,false,1,genie/puppy/invoice_lines.csv,invoice_line_id,2026.07.19.2
CEO_BARKED_TWICE,PUPPY,IL-INV-COPPER-1062-G-02,invoice_id,STRING,INV-COPPER-1062-G,,,,,,,false,2,genie/puppy/invoice_lines.csv,invoice_id,2026.07.19.2
CEO_BARKED_TWICE,PUPPY,IL-INV-COPPER-1062-G-02,line_number,INTEGER,,2,,,,,,false,3,genie/puppy/invoice_lines.csv,line_number,2026.07.19.2
CEO_BARKED_TWICE,PUPPY,IL-INV-COPPER-1062-G-02,description,STRING,Freight and handling,,,,,,,false,4,genie/puppy/invoice_lines.csv,description,2026.07.19.2
CEO_BARKED_TWICE,PUPPY,IL-INV-COPPER-1062-G-02,quantity,INTEGER,,8,,,,,,false,5,genie/puppy/invoice_lines.csv,quantity,2026.07.19.2
CEO_BARKED_TWICE,PUPPY,IL-INV-COPPER-1062-G-02,unit_price,DECIMAL,,,5618.75,,,,,false,6,genie/puppy/invoice_lines.csv,unit_price,2026.07.19.2
CEO_BARKED_TWICE,PUPPY,IL-INV-COPPER-1062-G-02,line_amount,DECIMAL,,,44950.00,,,,,false,7,genie/puppy/invoice_lines.csv,line_amount,2026.07.19.2
CEO_BARKED_TWICE,PUPPY,IL-INV-COPPER-1062-G-02,purchase_order_id,STRING,PO-26021,,,,,,,false,8,genie/puppy/invoice_lines.csv,purchase_order_id,2026.07.19.2
CEO_BARKED_TWICE,PUPPY,IL-INV-COPPER-1062-G-03,invoice_line_id,STRING,IL-INV-COPPER-1062-G-03,,,,,,,false,1,genie/puppy/invoice_lines.csv,invoice_line_id,2026.07.19.2
CEO_BARKED_TWICE,PUPPY,IL-INV-COPPER-1062-G-03,invoice_id,STRING,INV-COPPER-1062-G,,,,,,,false,2,genie/puppy/invoice_lines.csv,invoice_id,2026.07.19.2
CEO_BARKED_TWICE,PUPPY,IL-INV-COPPER-1062-G-03,line_number,INTEGER,,3,,,,,,false,3,genie/puppy/invoice_lines.csv,line_number,2026.07.19.2
CEO_BARKED_TWICE,PUPPY,IL-INV-COPPER-1062-G-03,description,STRING,Calibration/service,,,,,,,false,4,genie/puppy/invoice_lines.csv,description,2026.07.19.2
CEO_BARKED_TWICE,PUPPY,IL-INV-COPPER-1062-G-03,quantity,INTEGER,,4,,,,,,false,5,genie/puppy/invoice_lines.csv,quantity,2026.07.19.2
CEO_BARKED_TWICE,PUPPY,IL-INV-COPPER-1062-G-03,unit_price,DECIMAL,,,8137.50,,,,,false,6,genie/puppy/invoice_lines.csv,unit_price,2026.07.19.2
CEO_BARKED_TWICE,PUPPY,IL-INV-COPPER-1062-G-03,line_amount,DECIMAL,,,32550.00,,,,,false,7,genie/puppy/invoice_lines.csv,line_amount,2026.07.19.2
CEO_BARKED_TWICE,PUPPY,IL-INV-COPPER-1062-G-03,purchase_order_id,STRING,PO-26021,,,,,,,false,8,genie/puppy/invoice_lines.csv,purchase_order_id,2026.07.19.2
CEO_BARKED_TWICE,PUPPY,IL-INV-COPPER-1062-G-04,invoice_line_id,STRING,IL-INV-COPPER-1062-G-04,,,,,,,false,1,genie/puppy/invoice_lines.csv,invoice_line_id,2026.07.19.2
CEO_BARKED_TWICE,PUPPY,IL-INV-COPPER-1062-G-04,invoice_id,STRING,INV-COPPER-1062-G,,,,,,,false,2,genie/puppy/invoice_lines.csv,invoice_id,2026.07.19.2
CEO_BARKED_TWICE,PUPPY,IL-INV-COPPER-1062-G-04,line_number,INTEGER,,4,,,,,,false,3,genie/puppy/invoice_lines.csv,line_number,2026.07.19.2
CEO_BARKED_TWICE,PUPPY,IL-INV-COPPER-1062-G-04,description,STRING,Tax and administration,,,,,,,false,4,genie/puppy/invoice_lines.csv,description,2026.07.19.2
CEO_BARKED_TWICE,PUPPY,IL-INV-COPPER-1062-G-04,quantity,INTEGER,,1,,,,,,false,5,genie/puppy/invoice_lines.csv,quantity,2026.07.19.2
CEO_BARKED_TWICE,PUPPY,IL-INV-COPPER-1062-G-04,unit_price,DECIMAL,,,20150.00,,,,,false,6,genie/puppy/invoice_lines.csv,unit_price,2026.07.19.2
CEO_BARKED_TWICE,PUPPY,IL-INV-COPPER-1062-G-04,line_amount,DECIMAL,,,20150.00,,,,,false,7,genie/puppy/invoice_lines.csv,line_amount,2026.07.19.2
CEO_BARKED_TWICE,PUPPY,IL-INV-COPPER-1062-G-04,purchase_order_id,STRING,PO-26021,,,,,,,false,8,genie/puppy/invoice_lines.csv,purchase_order_id,2026.07.19.2
CEO_BARKED_TWICE,PUPPY,IL-INV-COPPER-1062-F-01,invoice_line_id,STRING,IL-INV-COPPER-1062-F-01,,,,,,,false,1,genie/puppy/invoice_lines.csv,invoice_line_id,2026.07.19.2
CEO_BARKED_TWICE,PUPPY,IL-INV-COPPER-1062-F-01,invoice_id,STRING,INV-COPPER-1062-F,,,,,,,false,2,genie/puppy/invoice_lines.csv,invoice_id,2026.07.19.2
CEO_BARKED_TWICE,PUPPY,IL-INV-COPPER-1062-F-01,line_number,INTEGER,,1,,,,,,false,3,genie/puppy/invoice_lines.csv,line_number,2026.07.19.2
CEO_BARKED_TWICE,PUPPY,IL-INV-COPPER-1062-F-01,description,STRING,Primary goods,,,,,,,false,4,genie/puppy/invoice_lines.csv,description,2026.07.19.2
CEO_BARKED_TWICE,PUPPY,IL-INV-COPPER-1062-F-01,quantity,INTEGER,,12,,,,,,false,5,genie/puppy/invoice_lines.csv,quantity,2026.07.19.2
CEO_BARKED_TWICE,PUPPY,IL-INV-COPPER-1062-F-01,unit_price,DECIMAL,,,4779.17,,,,,false,6,genie/puppy/invoice_lines.csv,unit_price,2026.07.19.2
CEO_BARKED_TWICE,PUPPY,IL-INV-COPPER-1062-F-01,line_amount,DECIMAL,,,57350.00,,,,,false,7,genie/puppy/invoice_lines.csv,line_amount,2026.07.19.2
CEO_BARKED_TWICE,PUPPY,IL-INV-COPPER-1062-F-01,purchase_order_id,STRING,PO-26021,,,,,,,false,8,genie/puppy/invoice_lines.csv,purchase_order_id,2026.07.19.2
CEO_BARKED_TWICE,PUPPY,IL-INV-COPPER-1062-F-02,invoice_line_id,STRING,IL-INV-COPPER-1062-F-02,,,,,,,false,1,genie/puppy/invoice_lines.csv,invoice_line_id,2026.07.19.2
CEO_BARKED_TWICE,PUPPY,IL-INV-COPPER-1062-F-02,invoice_id,STRING,INV-COPPER-1062-F,,,,,,,false,2,genie/puppy/invoice_lines.csv,invoice_id,2026.07.19.2
CEO_BARKED_TWICE,PUPPY,IL-INV-COPPER-1062-F-02,line_number,INTEGER,,2,,,,,,false,3,genie/puppy/invoice_lines.csv,line_number,2026.07.19.2
CEO_BARKED_TWICE,PUPPY,IL-INV-COPPER-1062-F-02,description,STRING,Freight and handling,,,,,,,false,4,genie/puppy/invoice_lines.csv,description,2026.07.19.2
CEO_BARKED_TWICE,PUPPY,IL-INV-COPPER-1062-F-02,quantity,INTEGER,,8,,,,,,false,5,genie/puppy/invoice_lines.csv,quantity,2026.07.19.2
CEO_BARKED_TWICE,PUPPY,IL-INV-COPPER-1062-F-02,unit_price,DECIMAL,,,5618.75,,,,,false,6,genie/puppy/invoice_lines.csv,unit_price,2026.07.19.2
CEO_BARKED_TWICE,PUPPY,IL-INV-COPPER-1062-F-02,line_amount,DECIMAL,,,44950.00,,,,,false,7,genie/puppy/invoice_lines.csv,line_amount,2026.07.19.2
CEO_BARKED_TWICE,PUPPY,IL-INV-COPPER-1062-F-02,purchase_order_id,STRING,PO-26021,,,,,,,false,8,genie/puppy/invoice_lines.csv,purchase_order_id,2026.07.19.2
CEO_BARKED_TWICE,PUPPY,IL-INV-COPPER-1062-F-03,invoice_line_id,STRING,IL-INV-COPPER-1062-F-03,,,,,,,false,1,genie/puppy/invoice_lines.csv,invoice_line_id,2026.07.19.2
CEO_BARKED_TWICE,PUPPY,IL-INV-COPPER-1062-F-03,invoice_id,STRING,INV-COPPER-1062-F,,,,,,,false,2,genie/puppy/invoice_lines.csv,invoice_id,2026.07.19.2
CEO_BARKED_TWICE,PUPPY,IL-INV-COPPER-1062-F-03,line_number,INTEGER,,3,,,,,,false,3,genie/puppy/invoice_lines.csv,line_number,2026.07.19.2
CEO_BARKED_TWICE,PUPPY,IL-INV-COPPER-1062-F-03,description,STRING,Calibration/service,,,,,,,false,4,genie/puppy/invoice_lines.csv,description,2026.07.19.2
CEO_BARKED_TWICE,PUPPY,IL-INV-COPPER-1062-F-03,quantity,INTEGER,,4,,,,,,false,5,genie/puppy/invoice_lines.csv,quantity,2026.07.19.2
CEO_BARKED_TWICE,PUPPY,IL-INV-COPPER-1062-F-03,unit_price,DECIMAL,,,8137.50,,,,,false,6,genie/puppy/invoice_lines.csv,unit_price,2026.07.19.2
CEO_BARKED_TWICE,PUPPY,IL-INV-COPPER-1062-F-03,line_amount,DECIMAL,,,32550.00,,,,,false,7,genie/puppy/invoice_lines.csv,line_amount,2026.07.19.2
CEO_BARKED_TWICE,PUPPY,IL-INV-COPPER-1062-F-03,purchase_order_id,STRING,PO-26021,,,,,,,false,8,genie/puppy/invoice_lines.csv,purchase_order_id,2026.07.19.2
CEO_BARKED_TWICE,PUPPY,IL-INV-COPPER-1062-F-04,invoice_line_id,STRING,IL-INV-COPPER-1062-F-04,,,,,,,false,1,genie/puppy/invoice_lines.csv,invoice_line_id,2026.07.19.2
CEO_BARKED_TWICE,PUPPY,IL-INV-COPPER-1062-F-04,invoice_id,STRING,INV-COPPER-1062-F,,,,,,,false,2,genie/puppy/invoice_lines.csv,invoice_id,2026.07.19.2
CEO_BARKED_TWICE,PUPPY,IL-INV-COPPER-1062-F-04,line_number,INTEGER,,4,,,,,,false,3,genie/puppy/invoice_lines.csv,line_number,2026.07.19.2
CEO_BARKED_TWICE,PUPPY,IL-INV-COPPER-1062-F-04,description,STRING,Tax and administration,,,,,,,false,4,genie/puppy/invoice_lines.csv,description,2026.07.19.2
CEO_BARKED_TWICE,PUPPY,IL-INV-COPPER-1062-F-04,quantity,INTEGER,,1,,,,,,false,5,genie/puppy/invoice_lines.csv,quantity,2026.07.19.2
CEO_BARKED_TWICE,PUPPY,IL-INV-COPPER-1062-F-04,unit_price,DECIMAL,,,20150.00,,,,,false,6,genie/puppy/invoice_lines.csv,unit_price,2026.07.19.2
CEO_BARKED_TWICE,PUPPY,IL-INV-COPPER-1062-F-04,line_amount,DECIMAL,,,20150.00,,,,,false,7,genie/puppy/invoice_lines.csv,line_amount,2026.07.19.2
CEO_BARKED_TWICE,PUPPY,IL-INV-COPPER-1062-F-04,purchase_order_id,STRING,PO-26021,,,,,,,false,8,genie/puppy/invoice_lines.csv,purchase_order_id,2026.07.19.2
CEO_BARKED_TWICE,PUPPY,IL-INV-0001-01,invoice_line_id,STRING,IL-INV-0001-01,,,,,,,false,1,genie/puppy/invoice_lines.csv,invoice_line_id,2026.07.19.2
CEO_BARKED_TWICE,PUPPY,IL-INV-0001-01,invoice_id,STRING,INV-0001,,,,,,,false,2,genie/puppy/invoice_lines.csv,invoice_id,2026.07.19.2
CEO_BARKED_TWICE,PUPPY,IL-INV-0001-01,line_number,INTEGER,,1,,,,,,false,3,genie/puppy/invoice_lines.csv,line_number,2026.07.19.2
CEO_BARKED_TWICE,PUPPY,IL-INV-0001-01,description,STRING,Primary goods,,,,,,,false,4,genie/puppy/invoice_lines.csv,description,2026.07.19.2
CEO_BARKED_TWICE,PUPPY,IL-INV-0001-01,quantity,INTEGER,,12,,,,,,false,5,genie/puppy/invoice_lines.csv,quantity,2026.07.19.2
CEO_BARKED_TWICE,PUPPY,IL-INV-0001-01,unit_price,DECIMAL,,,2149.08,,,,,false,6,genie/puppy/invoice_lines.csv,unit_price,2026.07.19.2
CEO_BARKED_TWICE,PUPPY,IL-INV-0001-01,line_amount,DECIMAL,,,25789.00,,,,,false,7,genie/puppy/invoice_lines.csv,line_amount,2026.07.19.2
CEO_BARKED_TWICE,PUPPY,IL-INV-0001-01,purchase_order_id,STRING,PO-26001,,,,,,,false,8,genie/puppy/invoice_lines.csv,purchase_order_id,2026.07.19.2
CEO_BARKED_TWICE,PUPPY,IL-INV-0001-02,invoice_line_id,STRING,IL-INV-0001-02,,,,,,,false,1,genie/puppy/invoice_lines.csv,invoice_line_id,2026.07.19.2
CEO_BARKED_TWICE,PUPPY,IL-INV-0001-02,invoice_id,STRING,INV-0001,,,,,,,false,2,genie/puppy/invoice_lines.csv,invoice_id,2026.07.19.2
CEO_BARKED_TWICE,PUPPY,IL-INV-0001-02,line_number,INTEGER,,2,,,,,,false,3,genie/puppy/invoice_lines.csv,line_number,2026.07.19.2
CEO_BARKED_TWICE,PUPPY,IL-INV-0001-02,description,STRING,Freight and handling,,,,,,,false,4,genie/puppy/invoice_lines.csv,description,2026.07.19.2
CEO_BARKED_TWICE,PUPPY,IL-INV-0001-02,quantity,INTEGER,,8,,,,,,false,5,genie/puppy/invoice_lines.csv,quantity,2026.07.19.2
CEO_BARKED_TWICE,PUPPY,IL-INV-0001-02,unit_price,DECIMAL,,,2526.62,,,,,false,6,genie/puppy/invoice_lines.csv,unit_price,2026.07.19.2
CEO_BARKED_TWICE,PUPPY,IL-INV-0001-02,line_amount,DECIMAL,,,20213.00,,,,,false,7,genie/puppy/invoice_lines.csv,line_amount,2026.07.19.2
CEO_BARKED_TWICE,PUPPY,IL-INV-0001-02,purchase_order_id,STRING,PO-26001,,,,,,,false,8,genie/puppy/invoice_lines.csv,purchase_order_id,2026.07.19.2
CEO_BARKED_TWICE,PUPPY,IL-INV-0001-03,invoice_line_id,STRING,IL-INV-0001-03,,,,,,,false,1,genie/puppy/invoice_lines.csv,invoice_line_id,2026.07.19.2
CEO_BARKED_TWICE,PUPPY,IL-INV-0001-03,invoice_id,STRING,INV-0001,,,,,,,false,2,genie/puppy/invoice_lines.csv,invoice_id,2026.07.19.2
CEO_BARKED_TWICE,PUPPY,IL-INV-0001-03,line_number,INTEGER,,3,,,,,,false,3,genie/puppy/invoice_lines.csv,line_number,2026.07.19.2
CEO_BARKED_TWICE,PUPPY,IL-INV-0001-03,description,STRING,Calibration/service,,,,,,,false,4,genie/puppy/invoice_lines.csv,description,2026.07.19.2
CEO_BARKED_TWICE,PUPPY,IL-INV-0001-03,quantity,INTEGER,,4,,,,,,false,5,genie/puppy/invoice_lines.csv,quantity,2026.07.19.2
CEO_BARKED_TWICE,PUPPY,IL-INV-0001-03,unit_price,DECIMAL,,,3659.25,,,,,false,6,genie/puppy/invoice_lines.csv,unit_price,2026.07.19.2
CEO_BARKED_TWICE,PUPPY,IL-INV-0001-03,line_amount,DECIMAL,,,14637.00,,,,,false,7,genie/puppy/invoice_lines.csv,line_amount,2026.07.19.2
CEO_BARKED_TWICE,PUPPY,IL-INV-0001-03,purchase_order_id,STRING,PO-26001,,,,,,,false,8,genie/puppy/invoice_lines.csv,purchase_order_id,2026.07.19.2
CEO_BARKED_TWICE,PUPPY,IL-INV-0001-04,invoice_line_id,STRING,IL-INV-0001-04,,,,,,,false,1,genie/puppy/invoice_lines.csv,invoice_line_id,2026.07.19.2
CEO_BARKED_TWICE,PUPPY,IL-INV-0001-04,invoice_id,STRING,INV-0001,,,,,,,false,2,genie/puppy/invoice_lines.csv,invoice_id,2026.07.19.2
CEO_BARKED_TWICE,PUPPY,IL-INV-0001-04,line_number,INTEGER,,4,,,,,,false,3,genie/puppy/invoice_lines.csv,line_number,2026.07.19.2
CEO_BARKED_TWICE,PUPPY,IL-INV-0001-04,description,STRING,Tax and administration,,,,,,,false,4,genie/puppy/invoice_lines.csv,description,2026.07.19.2
CEO_BARKED_TWICE,PUPPY,IL-INV-0001-04,quantity,INTEGER,,1,,,,,,false,5,genie/puppy/invoice_lines.csv,quantity,2026.07.19.2
CEO_BARKED_TWICE,PUPPY,IL-INV-0001-04,unit_price,DECIMAL,,,9061.00,,,,,false,6,genie/puppy/invoice_lines.csv,unit_price,2026.07.19.2
CEO_BARKED_TWICE,PUPPY,IL-INV-0001-04,line_amount,DECIMAL,,,9061.00,,,,,false,7,genie/puppy/invoice_lines.csv,line_amount,2026.07.19.2
CEO_BARKED_TWICE,PUPPY,IL-INV-0001-04,purchase_order_id,STRING,PO-26001,,,,,,,false,8,genie/puppy/invoice_lines.csv,purchase_order_id,2026.07.19.2
CEO_BARKED_TWICE,PUPPY,IL-INV-0002-01,invoice_line_id,STRING,IL-INV-0002-01,,,,,,,false,1,genie/puppy/invoice_lines.csv,invoice_line_id,2026.07.19.2
CEO_BARKED_TWICE,PUPPY,IL-INV-0002-01,invoice_id,STRING,INV-0002,,,,,,,false,2,genie/puppy/invoice_lines.csv,invoice_id,2026.07.19.2
CEO_BARKED_TWICE,PUPPY,IL-INV-0002-01,line_number,INTEGER,,1,,,,,,false,3,genie/puppy/invoice_lines.csv,line_number,2026.07.19.2
CEO_BARKED_TWICE,PUPPY,IL-INV-0002-01,description,STRING,Primary goods,,,,,,,false,4,genie/puppy/invoice_lines.csv,description,2026.07.19.2
CEO_BARKED_TWICE,PUPPY,IL-INV-0002-01,quantity,INTEGER,,12,,,,,,false,5,genie/puppy/invoice_lines.csv,quantity,2026.07.19.2
CEO_BARKED_TWICE,PUPPY,IL-INV-0002-01,unit_price,DECIMAL,,,2704.70,,,,,false,6,genie/puppy/invoice_lines.csv,unit_price,2026.07.19.2
CEO_BARKED_TWICE,PUPPY,IL-INV-0002-01,line_amount,DECIMAL,,,32456.40,,,,,false,7,genie/puppy/invoice_lines.csv,line_amount,2026.07.19.2
CEO_BARKED_TWICE,PUPPY,IL-INV-0002-01,purchase_order_id,STRING,PO-26002,,,,,,,false,8,genie/puppy/invoice_lines.csv,purchase_order_id,2026.07.19.2
CEO_BARKED_TWICE,PUPPY,IL-INV-0002-02,invoice_line_id,STRING,IL-INV-0002-02,,,,,,,false,1,genie/puppy/invoice_lines.csv,invoice_line_id,2026.07.19.2
CEO_BARKED_TWICE,PUPPY,IL-INV-0002-02,invoice_id,STRING,INV-0002,,,,,,,false,2,genie/puppy/invoice_lines.csv,invoice_id,2026.07.19.2
CEO_BARKED_TWICE,PUPPY,IL-INV-0002-02,line_number,INTEGER,,2,,,,,,false,3,genie/puppy/invoice_lines.csv,line_number,2026.07.19.2
CEO_BARKED_TWICE,PUPPY,IL-INV-0002-02,description,STRING,Freight and handling,,,,,,,false,4,genie/puppy/invoice_lines.csv,description,2026.07.19.2
CEO_BARKED_TWICE,PUPPY,IL-INV-0002-02,quantity,INTEGER,,8,,,,,,false,5,genie/puppy/invoice_lines.csv,quantity,2026.07.19.2
CEO_BARKED_TWICE,PUPPY,IL-INV-0002-02,unit_price,DECIMAL,,,3179.85,,,,,false,6,genie/puppy/invoice_lines.csv,unit_price,2026.07.19.2
CEO_BARKED_TWICE,PUPPY,IL-INV-0002-02,line_amount,DECIMAL,,,25438.80,,,,,false,7,genie/puppy/invoice_lines.csv,line_amount,2026.07.19.2
CEO_BARKED_TWICE,PUPPY,IL-INV-0002-02,purchase_order_id,STRING,PO-26002,,,,,,,false,8,genie/puppy/invoice_lines.csv,purchase_order_id,2026.07.19.2
CEO_BARKED_TWICE,PUPPY,IL-INV-0002-03,invoice_line_id,STRING,IL-INV-0002-03,,,,,,,false,1,genie/puppy/invoice_lines.csv,invoice_line_id,2026.07.19.2
CEO_BARKED_TWICE,PUPPY,IL-INV-0002-03,invoice_id,STRING,INV-0002,,,,,,,false,2,genie/puppy/invoice_lines.csv,invoice_id,2026.07.19.2
CEO_BARKED_TWICE,PUPPY,IL-INV-0002-03,line_number,INTEGER,,3,,,,,,false,3,genie/puppy/invoice_lines.csv,line_number,2026.07.19.2
CEO_BARKED_TWICE,PUPPY,IL-INV-0002-03,description,STRING,Calibration/service,,,,,,,false,4,genie/puppy/invoice_lines.csv,description,2026.07.19.2
CEO_BARKED_TWICE,PUPPY,IL-INV-0002-03,quantity,INTEGER,,4,,,,,,false,5,genie/puppy/invoice_lines.csv,quantity,2026.07.19.2
CEO_BARKED_TWICE,PUPPY,IL-INV-0002-03,unit_price,DECIMAL,,,4605.30,,,,,false,6,genie/puppy/invoice_lines.csv,unit_price,2026.07.19.2
CEO_BARKED_TWICE,PUPPY,IL-INV-0002-03,line_amount,DECIMAL,,,18421.20,,,,,false,7,genie/puppy/invoice_lines.csv,line_amount,2026.07.19.2
CEO_BARKED_TWICE,PUPPY,IL-INV-0002-03,purchase_order_id,STRING,PO-26002,,,,,,,false,8,genie/puppy/invoice_lines.csv,purchase_order_id,2026.07.19.2
CEO_BARKED_TWICE,PUPPY,IL-INV-0002-04,invoice_line_id,STRING,IL-INV-0002-04,,,,,,,false,1,genie/puppy/invoice_lines.csv,invoice_line_id,2026.07.19.2
CEO_BARKED_TWICE,PUPPY,IL-INV-0002-04,invoice_id,STRING,INV-0002,,,,,,,false,2,genie/puppy/invoice_lines.csv,invoice_id,2026.07.19.2
CEO_BARKED_TWICE,PUPPY,IL-INV-0002-04,line_number,INTEGER,,4,,,,,,false,3,genie/puppy/invoice_lines.csv,line_number,2026.07.19.2
CEO_BARKED_TWICE,PUPPY,IL-INV-0002-04,description,STRING,Tax and administration,,,,,,,false,4,genie/puppy/invoice_lines.csv,description,2026.07.19.2
CEO_BARKED_TWICE,PUPPY,IL-INV-0002-04,quantity,INTEGER,,1,,,,,,false,5,genie/puppy/invoice_lines.csv,quantity,2026.07.19.2
CEO_BARKED_TWICE,PUPPY,IL-INV-0002-04,unit_price,DECIMAL,,,11403.60,,,,,false,6,genie/puppy/invoice_lines.csv,unit_price,2026.07.19.2
CEO_BARKED_TWICE,PUPPY,IL-INV-0002-04,line_amount,DECIMAL,,,11403.60,,,,,false,7,genie/puppy/invoice_lines.csv,line_amount,2026.07.19.2
CEO_BARKED_TWICE,PUPPY,IL-INV-0002-04,purchase_order_id,STRING,PO-26002,,,,,,,false,8,genie/puppy/invoice_lines.csv,purchase_order_id,2026.07.19.2
CEO_BARKED_TWICE,PUPPY,IL-INV-0003-01,invoice_line_id,STRING,IL-INV-0003-01,,,,,,,false,1,genie/puppy/invoice_lines.csv,invoice_line_id,2026.07.19.2
CEO_BARKED_TWICE,PUPPY,IL-INV-0003-01,invoice_id,STRING,INV-0003,,,,,,,false,2,genie/puppy/invoice_lines.csv,invoice_id,2026.07.19.2
CEO_BARKED_TWICE,PUPPY,IL-INV-0003-01,line_number,INTEGER,,1,,,,,,false,3,genie/puppy/invoice_lines.csv,line_number,2026.07.19.2
CEO_BARKED_TWICE,PUPPY,IL-INV-0003-01,description,STRING,Primary goods,,,,,,,false,4,genie/puppy/invoice_lines.csv,description,2026.07.19.2
CEO_BARKED_TWICE,PUPPY,IL-INV-0003-01,quantity,INTEGER,,12,,,,,,false,5,genie/puppy/invoice_lines.csv,quantity,2026.07.19.2
CEO_BARKED_TWICE,PUPPY,IL-INV-0003-01,unit_price,DECIMAL,,,3302.25,,,,,false,6,genie/puppy/invoice_lines.csv,unit_price,2026.07.19.2
CEO_BARKED_TWICE,PUPPY,IL-INV-0003-01,line_amount,DECIMAL,,,39627.00,,,,,false,7,genie/puppy/invoice_lines.csv,line_amount,2026.07.19.2
CEO_BARKED_TWICE,PUPPY,IL-INV-0003-01,purchase_order_id,STRING,PO-26003,,,,,,,false,8,genie/puppy/invoice_lines.csv,purchase_order_id,2026.07.19.2
CEO_BARKED_TWICE,PUPPY,IL-INV-0003-02,invoice_line_id,STRING,IL-INV-0003-02,,,,,,,false,1,genie/puppy/invoice_lines.csv,invoice_line_id,2026.07.19.2
CEO_BARKED_TWICE,PUPPY,IL-INV-0003-02,invoice_id,STRING,INV-0003,,,,,,,false,2,genie/puppy/invoice_lines.csv,invoice_id,2026.07.19.2
CEO_BARKED_TWICE,PUPPY,IL-INV-0003-02,line_number,INTEGER,,2,,,,,,false,3,genie/puppy/invoice_lines.csv,line_number,2026.07.19.2
CEO_BARKED_TWICE,PUPPY,IL-INV-0003-02,description,STRING,Freight and handling,,,,,,,false,4,genie/puppy/invoice_lines.csv,description,2026.07.19.2
CEO_BARKED_TWICE,PUPPY,IL-INV-0003-02,quantity,INTEGER,,8,,,,,,false,5,genie/puppy/invoice_lines.csv,quantity,2026.07.19.2
CEO_BARKED_TWICE,PUPPY,IL-INV-0003-02,unit_price,DECIMAL,,,3882.37,,,,,false,6,genie/puppy/invoice_lines.csv,unit_price,2026.07.19.2
CEO_BARKED_TWICE,PUPPY,IL-INV-0003-02,line_amount,DECIMAL,,,31059.00,,,,,false,7,genie/puppy/invoice_lines.csv,line_amount,2026.07.19.2
CEO_BARKED_TWICE,PUPPY,IL-INV-0003-02,purchase_order_id,STRING,PO-26003,,,,,,,false,8,genie/puppy/invoice_lines.csv,purchase_order_id,2026.07.19.2
CEO_BARKED_TWICE,PUPPY,IL-INV-0003-03,invoice_line_id,STRING,IL-INV-0003-03,,,,,,,false,1,genie/puppy/invoice_lines.csv,invoice_line_id,2026.07.19.2
CEO_BARKED_TWICE,PUPPY,IL-INV-0003-03,invoice_id,STRING,INV-0003,,,,,,,false,2,genie/puppy/invoice_lines.csv,invoice_id,2026.07.19.2
CEO_BARKED_TWICE,PUPPY,IL-INV-0003-03,line_number,INTEGER,,3,,,,,,false,3,genie/puppy/invoice_lines.csv,line_number,2026.07.19.2
CEO_BARKED_TWICE,PUPPY,IL-INV-0003-03,description,STRING,Calibration/service,,,,,,,false,4,genie/puppy/invoice_lines.csv,description,2026.07.19.2
CEO_BARKED_TWICE,PUPPY,IL-INV-0003-03,quantity,INTEGER,,4,,,,,,false,5,genie/puppy/invoice_lines.csv,quantity,2026.07.19.2
CEO_BARKED_TWICE,PUPPY,IL-INV-0003-03,unit_price,DECIMAL,,,5622.75,,,,,false,6,genie/puppy/invoice_lines.csv,unit_price,2026.07.19.2
CEO_BARKED_TWICE,PUPPY,IL-INV-0003-03,line_amount,DECIMAL,,,22491.00,,,,,false,7,genie/puppy/invoice_lines.csv,line_amount,2026.07.19.2
CEO_BARKED_TWICE,PUPPY,IL-INV-0003-03,purchase_order_id,STRING,PO-26003,,,,,,,false,8,genie/puppy/invoice_lines.csv,purchase_order_id,2026.07.19.2
CEO_BARKED_TWICE,PUPPY,IL-INV-0003-04,invoice_line_id,STRING,IL-INV-0003-04,,,,,,,false,1,genie/puppy/invoice_lines.csv,invoice_line_id,2026.07.19.2
CEO_BARKED_TWICE,PUPPY,IL-INV-0003-04,invoice_id,STRING,INV-0003,,,,,,,false,2,genie/puppy/invoice_lines.csv,invoice_id,2026.07.19.2
CEO_BARKED_TWICE,PUPPY,IL-INV-0003-04,line_number,INTEGER,,4,,,,,,false,3,genie/puppy/invoice_lines.csv,line_number,2026.07.19.2
CEO_BARKED_TWICE,PUPPY,IL-INV-0003-04,description,STRING,Tax and administration,,,,,,,false,4,genie/puppy/invoice_lines.csv,description,2026.07.19.2
CEO_BARKED_TWICE,PUPPY,IL-INV-0003-04,quantity,INTEGER,,1,,,,,,false,5,genie/puppy/invoice_lines.csv,quantity,2026.07.19.2
CEO_BARKED_TWICE,PUPPY,IL-INV-0003-04,unit_price,DECIMAL,,,13923.00,,,,,false,6,genie/puppy/invoice_lines.csv,unit_price,2026.07.19.2
CEO_BARKED_TWICE,PUPPY,IL-INV-0003-04,line_amount,DECIMAL,,,13923.00,,,,,false,7,genie/puppy/invoice_lines.csv,line_amount,2026.07.19.2
CEO_BARKED_TWICE,PUPPY,IL-INV-0003-04,purchase_order_id,STRING,PO-26003,,,,,,,false,8,genie/puppy/invoice_lines.csv,purchase_order_id,2026.07.19.2
CEO_BARKED_TWICE,PUPPY,IL-INV-0004-01,invoice_line_id,STRING,IL-INV-0004-01,,,,,,,false,1,genie/puppy/invoice_lines.csv,invoice_line_id,2026.07.19.2
CEO_BARKED_TWICE,PUPPY,IL-INV-0004-01,invoice_id,STRING,INV-0004,,,,,,,false,2,genie/puppy/invoice_lines.csv,invoice_id,2026.07.19.2
CEO_BARKED_TWICE,PUPPY,IL-INV-0004-01,line_number,INTEGER,,1,,,,,,false,3,genie/puppy/invoice_lines.csv,line_number,2026.07.19.2
CEO_BARKED_TWICE,PUPPY,IL-INV-0004-01,description,STRING,Primary goods,,,,,,,false,4,genie/puppy/invoice_lines.csv,description,2026.07.19.2
CEO_BARKED_TWICE,PUPPY,IL-INV-0004-01,quantity,INTEGER,,12,,,,,,false,5,genie/puppy/invoice_lines.csv,quantity,2026.07.19.2
CEO_BARKED_TWICE,PUPPY,IL-INV-0004-01,unit_price,DECIMAL,,,3941.73,,,,,false,6,genie/puppy/invoice_lines.csv,unit_price,2026.07.19.2
CEO_BARKED_TWICE,PUPPY,IL-INV-0004-01,line_amount,DECIMAL,,,47300.80,,,,,false,7,genie/puppy/invoice_lines.csv,line_amount,2026.07.19.2
CEO_BARKED_TWICE,PUPPY,IL-INV-0004-01,purchase_order_id,STRING,PO-26004,,,,,,,false,8,genie/puppy/invoice_lines.csv,purchase_order_id,2026.07.19.2
CEO_BARKED_TWICE,PUPPY,IL-INV-0004-02,invoice_line_id,STRING,IL-INV-0004-02,,,,,,,false,1,genie/puppy/invoice_lines.csv,invoice_line_id,2026.07.19.2
CEO_BARKED_TWICE,PUPPY,IL-INV-0004-02,invoice_id,STRING,INV-0004,,,,,,,false,2,genie/puppy/invoice_lines.csv,invoice_id,2026.07.19.2
CEO_BARKED_TWICE,PUPPY,IL-INV-0004-02,line_number,INTEGER,,2,,,,,,false,3,genie/puppy/invoice_lines.csv,line_number,2026.07.19.2
CEO_BARKED_TWICE,PUPPY,IL-INV-0004-02,description,STRING,Freight and handling,,,,,,,false,4,genie/puppy/invoice_lines.csv,description,2026.07.19.2
CEO_BARKED_TWICE,PUPPY,IL-INV-0004-02,quantity,INTEGER,,8,,,,,,false,5,genie/puppy/invoice_lines.csv,quantity,2026.07.19.2
CEO_BARKED_TWICE,PUPPY,IL-INV-0004-02,unit_price,DECIMAL,,,4634.20,,,,,false,6,genie/puppy/invoice_lines.csv,unit_price,2026.07.19.2
CEO_BARKED_TWICE,PUPPY,IL-INV-0004-02,line_amount,DECIMAL,,,37073.60,,,,,false,7,genie/puppy/invoice_lines.csv,line_amount,2026.07.19.2
CEO_BARKED_TWICE,PUPPY,IL-INV-0004-02,purchase_order_id,STRING,PO-26004,,,,,,,false,8,genie/puppy/invoice_lines.csv,purchase_order_id,2026.07.19.2
CEO_BARKED_TWICE,PUPPY,IL-INV-0004-03,invoice_line_id,STRING,IL-INV-0004-03,,,,,,,false,1,genie/puppy/invoice_lines.csv,invoice_line_id,2026.07.19.2
CEO_BARKED_TWICE,PUPPY,IL-INV-0004-03,invoice_id,STRING,INV-0004,,,,,,,false,2,genie/puppy/invoice_lines.csv,invoice_id,2026.07.19.2
CEO_BARKED_TWICE,PUPPY,IL-INV-0004-03,line_number,INTEGER,,3,,,,,,false,3,genie/puppy/invoice_lines.csv,line_number,2026.07.19.2
CEO_BARKED_TWICE,PUPPY,IL-INV-0004-03,description,STRING,Calibration/service,,,,,,,false,4,genie/puppy/invoice_lines.csv,description,2026.07.19.2
CEO_BARKED_TWICE,PUPPY,IL-INV-0004-03,quantity,INTEGER,,4,,,,,,false,5,genie/puppy/invoice_lines.csv,quantity,2026.07.19.2
CEO_BARKED_TWICE,PUPPY,IL-INV-0004-03,unit_price,DECIMAL,,,6711.60,,,,,false,6,genie/puppy/invoice_lines.csv,unit_price,2026.07.19.2
CEO_BARKED_TWICE,PUPPY,IL-INV-0004-03,line_amount,DECIMAL,,,26846.40,,,,,false,7,genie/puppy/invoice_lines.csv,line_amount,2026.07.19.2
CEO_BARKED_TWICE,PUPPY,IL-INV-0004-03,purchase_order_id,STRING,PO-26004,,,,,,,false,8,genie/puppy/invoice_lines.csv,purchase_order_id,2026.07.19.2
CEO_BARKED_TWICE,PUPPY,IL-INV-0004-04,invoice_line_id,STRING,IL-INV-0004-04,,,,,,,false,1,genie/puppy/invoice_lines.csv,invoice_line_id,2026.07.19.2
CEO_BARKED_TWICE,PUPPY,IL-INV-0004-04,invoice_id,STRING,INV-0004,,,,,,,false,2,genie/puppy/invoice_lines.csv,invoice_id,2026.07.19.2
CEO_BARKED_TWICE,PUPPY,IL-INV-0004-04,line_number,INTEGER,,4,,,,,,false,3,genie/puppy/invoice_lines.csv,line_number,2026.07.19.2
CEO_BARKED_TWICE,PUPPY,IL-INV-0004-04,description,STRING,Tax and administration,,,,,,,false,4,genie/puppy/invoice_lines.csv,description,2026.07.19.2
CEO_BARKED_TWICE,PUPPY,IL-INV-0004-04,quantity,INTEGER,,1,,,,,,false,5,genie/puppy/invoice_lines.csv,quantity,2026.07.19.2
CEO_BARKED_TWICE,PUPPY,IL-INV-0004-04,unit_price,DECIMAL,,,16619.20,,,,,false,6,genie/puppy/invoice_lines.csv,unit_price,2026.07.19.2
CEO_BARKED_TWICE,PUPPY,IL-INV-0004-04,line_amount,DECIMAL,,,16619.20,,,,,false,7,genie/puppy/invoice_lines.csv,line_amount,2026.07.19.2
CEO_BARKED_TWICE,PUPPY,IL-INV-0004-04,purchase_order_id,STRING,PO-26004,,,,,,,false,8,genie/puppy/invoice_lines.csv,purchase_order_id,2026.07.19.2
CEO_BARKED_TWICE,PUPPY,IL-INV-0005-01,invoice_line_id,STRING,IL-INV-0005-01,,,,,,,false,1,genie/puppy/invoice_lines.csv,invoice_line_id,2026.07.19.2
CEO_BARKED_TWICE,PUPPY,IL-INV-0005-01,invoice_id,STRING,INV-0005,,,,,,,false,2,genie/puppy/invoice_lines.csv,invoice_id,2026.07.19.2
CEO_BARKED_TWICE,PUPPY,IL-INV-0005-01,line_number,INTEGER,,1,,,,,,false,3,genie/puppy/invoice_lines.csv,line_number,2026.07.19.2
CEO_BARKED_TWICE,PUPPY,IL-INV-0005-01,description,STRING,Primary goods,,,,,,,false,4,genie/puppy/invoice_lines.csv,description,2026.07.19.2
CEO_BARKED_TWICE,PUPPY,IL-INV-0005-01,quantity,INTEGER,,12,,,,,,false,5,genie/puppy/invoice_lines.csv,quantity,2026.07.19.2
CEO_BARKED_TWICE,PUPPY,IL-INV-0005-01,unit_price,DECIMAL,,,4623.15,,,,,false,6,genie/puppy/invoice_lines.csv,unit_price,2026.07.19.2
CEO_BARKED_TWICE,PUPPY,IL-INV-0005-01,line_amount,DECIMAL,,,55477.80,,,,,false,7,genie/puppy/invoice_lines.csv,line_amount,2026.07.19.2
CEO_BARKED_TWICE,PUPPY,IL-INV-0005-01,purchase_order_id,STRING,PO-26005,,,,,,,false,8,genie/puppy/invoice_lines.csv,purchase_order_id,2026.07.19.2
CEO_BARKED_TWICE,PUPPY,IL-INV-0005-02,invoice_line_id,STRING,IL-INV-0005-02,,,,,,,false,1,genie/puppy/invoice_lines.csv,invoice_line_id,2026.07.19.2
CEO_BARKED_TWICE,PUPPY,IL-INV-0005-02,invoice_id,STRING,INV-0005,,,,,,,false,2,genie/puppy/invoice_lines.csv,invoice_id,2026.07.19.2
CEO_BARKED_TWICE,PUPPY,IL-INV-0005-02,line_number,INTEGER,,2,,,,,,false,3,genie/puppy/invoice_lines.csv,line_number,2026.07.19.2
CEO_BARKED_TWICE,PUPPY,IL-INV-0005-02,description,STRING,Freight and handling,,,,,,,false,4,genie/puppy/invoice_lines.csv,description,2026.07.19.2
CEO_BARKED_TWICE,PUPPY,IL-INV-0005-02,quantity,INTEGER,,8,,,,,,false,5,genie/puppy/invoice_lines.csv,quantity,2026.07.19.2
CEO_BARKED_TWICE,PUPPY,IL-INV-0005-02,unit_price,DECIMAL,,,5435.32,,,,,false,6,genie/puppy/invoice_lines.csv,unit_price,2026.07.19.2
CEO_BARKED_TWICE,PUPPY,IL-INV-0005-02,line_amount,DECIMAL,,,43482.60,,,,,false,7,genie/puppy/invoice_lines.csv,line_amount,2026.07.19.2
CEO_BARKED_TWICE,PUPPY,IL-INV-0005-02,purchase_order_id,STRING,PO-26005,,,,,,,false,8,genie/puppy/invoice_lines.csv,purchase_order_id,2026.07.19.2
CEO_BARKED_TWICE,PUPPY,IL-INV-0005-03,invoice_line_id,STRING,IL-INV-0005-03,,,,,,,false,1,genie/puppy/invoice_lines.csv,invoice_line_id,2026.07.19.2
CEO_BARKED_TWICE,PUPPY,IL-INV-0005-03,invoice_id,STRING,INV-0005,,,,,,,false,2,genie/puppy/invoice_lines.csv,invoice_id,2026.07.19.2
CEO_BARKED_TWICE,PUPPY,IL-INV-0005-03,line_number,INTEGER,,3,,,,,,false,3,genie/puppy/invoice_lines.csv,line_number,2026.07.19.2
CEO_BARKED_TWICE,PUPPY,IL-INV-0005-03,description,STRING,Calibration/service,,,,,,,false,4,genie/puppy/invoice_lines.csv,description,2026.07.19.2
CEO_BARKED_TWICE,PUPPY,IL-INV-0005-03,quantity,INTEGER,,4,,,,,,false,5,genie/puppy/invoice_lines.csv,quantity,2026.07.19.2
CEO_BARKED_TWICE,PUPPY,IL-INV-0005-03,unit_price,DECIMAL,,,7871.85,,,,,false,6,genie/puppy/invoice_lines.csv,unit_price,2026.07.19.2
CEO_BARKED_TWICE,PUPPY,IL-INV-0005-03,line_amount,DECIMAL,,,31487.40,,,,,false,7,genie/puppy/invoice_lines.csv,line_amount,2026.07.19.2
CEO_BARKED_TWICE,PUPPY,IL-INV-0005-03,purchase_order_id,STRING,PO-26005,,,,,,,false,8,genie/puppy/invoice_lines.csv,purchase_order_id,2026.07.19.2
CEO_BARKED_TWICE,PUPPY,IL-INV-0005-04,invoice_line_id,STRING,IL-INV-0005-04,,,,,,,false,1,genie/puppy/invoice_lines.csv,invoice_line_id,2026.07.19.2
CEO_BARKED_TWICE,PUPPY,IL-INV-0005-04,invoice_id,STRING,INV-0005,,,,,,,false,2,genie/puppy/invoice_lines.csv,invoice_id,2026.07.19.2
CEO_BARKED_TWICE,PUPPY,IL-INV-0005-04,line_number,INTEGER,,4,,,,,,false,3,genie/puppy/invoice_lines.csv,line_number,2026.07.19.2
CEO_BARKED_TWICE,PUPPY,IL-INV-0005-04,description,STRING,Tax and administration,,,,,,,false,4,genie/puppy/invoice_lines.csv,description,2026.07.19.2
CEO_BARKED_TWICE,PUPPY,IL-INV-0005-04,quantity,INTEGER,,1,,,,,,false,5,genie/puppy/invoice_lines.csv,quantity,2026.07.19.2
CEO_BARKED_TWICE,PUPPY,IL-INV-0005-04,unit_price,DECIMAL,,,19492.20,,,,,false,6,genie/puppy/invoice_lines.csv,unit_price,2026.07.19.2
CEO_BARKED_TWICE,PUPPY,IL-INV-0005-04,line_amount,DECIMAL,,,19492.20,,,,,false,7,genie/puppy/invoice_lines.csv,line_amount,2026.07.19.2
CEO_BARKED_TWICE,PUPPY,IL-INV-0005-04,purchase_order_id,STRING,PO-26005,,,,,,,false,8,genie/puppy/invoice_lines.csv,purchase_order_id,2026.07.19.2
CEO_BARKED_TWICE,PUPPY,IL-INV-0006-01,invoice_line_id,STRING,IL-INV-0006-01,,,,,,,false,1,genie/puppy/invoice_lines.csv,invoice_line_id,2026.07.19.2
CEO_BARKED_TWICE,PUPPY,IL-INV-0006-01,invoice_id,STRING,INV-0006,,,,,,,false,2,genie/puppy/invoice_lines.csv,invoice_id,2026.07.19.2
CEO_BARKED_TWICE,PUPPY,IL-INV-0006-01,line_number,INTEGER,,1,,,,,,false,3,genie/puppy/invoice_lines.csv,line_number,2026.07.19.2
CEO_BARKED_TWICE,PUPPY,IL-INV-0006-01,description,STRING,Primary goods,,,,,,,false,4,genie/puppy/invoice_lines.csv,description,2026.07.19.2
CEO_BARKED_TWICE,PUPPY,IL-INV-0006-01,quantity,INTEGER,,12,,,,,,false,5,genie/puppy/invoice_lines.csv,quantity,2026.07.19.2
CEO_BARKED_TWICE,PUPPY,IL-INV-0006-01,unit_price,DECIMAL,,,4298.17,,,,,false,6,genie/puppy/invoice_lines.csv,unit_price,2026.07.19.2
CEO_BARKED_TWICE,PUPPY,IL-INV-0006-01,line_amount,DECIMAL,,,51578.00,,,,,false,7,genie/puppy/invoice_lines.csv,line_amount,2026.07.19.2
CEO_BARKED_TWICE,PUPPY,IL-INV-0006-01,purchase_order_id,STRING,PO-26006,,,,,,,false,8,genie/puppy/invoice_lines.csv,purchase_order_id,2026.07.19.2
CEO_BARKED_TWICE,PUPPY,IL-INV-0006-02,invoice_line_id,STRING,IL-INV-0006-02,,,,,,,false,1,genie/puppy/invoice_lines.csv,invoice_line_id,2026.07.19.2
CEO_BARKED_TWICE,PUPPY,IL-INV-0006-02,invoice_id,STRING,INV-0006,,,,,,,false,2,genie/puppy/invoice_lines.csv,invoice_id,2026.07.19.2
CEO_BARKED_TWICE,PUPPY,IL-INV-0006-02,line_number,INTEGER,,2,,,,,,false,3,genie/puppy/invoice_lines.csv,line_number,2026.07.19.2
CEO_BARKED_TWICE,PUPPY,IL-INV-0006-02,description,STRING,Freight and handling,,,,,,,false,4,genie/puppy/invoice_lines.csv,description,2026.07.19.2
CEO_BARKED_TWICE,PUPPY,IL-INV-0006-02,quantity,INTEGER,,8,,,,,,false,5,genie/puppy/invoice_lines.csv,quantity,2026.07.19.2
CEO_BARKED_TWICE,PUPPY,IL-INV-0006-02,unit_price,DECIMAL,,,5053.25,,,,,false,6,genie/puppy/invoice_lines.csv,unit_price,2026.07.19.2
CEO_BARKED_TWICE,PUPPY,IL-INV-0006-02,line_amount,DECIMAL,,,40426.00,,,,,false,7,genie/puppy/invoice_lines.csv,line_amount,2026.07.19.2
CEO_BARKED_TWICE,PUPPY,IL-INV-0006-02,purchase_order_id,STRING,PO-26006,,,,,,,false,8,genie/puppy/invoice_lines.csv,purchase_order_id,2026.07.19.2
CEO_BARKED_TWICE,PUPPY,IL-INV-0006-03,invoice_line_id,STRING,IL-INV-0006-03,,,,,,,false,1,genie/puppy/invoice_lines.csv,invoice_line_id,2026.07.19.2
CEO_BARKED_TWICE,PUPPY,IL-INV-0006-03,invoice_id,STRING,INV-0006,,,,,,,false,2,genie/puppy/invoice_lines.csv,invoice_id,2026.07.19.2
CEO_BARKED_TWICE,PUPPY,IL-INV-0006-03,line_number,INTEGER,,3,,,,,,false,3,genie/puppy/invoice_lines.csv,line_number,2026.07.19.2
CEO_BARKED_TWICE,PUPPY,IL-INV-0006-03,description,STRING,Calibration/service,,,,,,,false,4,genie/puppy/invoice_lines.csv,description,2026.07.19.2
CEO_BARKED_TWICE,PUPPY,IL-INV-0006-03,quantity,INTEGER,,4,,,,,,false,5,genie/puppy/invoice_lines.csv,quantity,2026.07.19.2
CEO_BARKED_TWICE,PUPPY,IL-INV-0006-03,unit_price,DECIMAL,,,7318.50,,,,,false,6,genie/puppy/invoice_lines.csv,unit_price,2026.07.19.2
CEO_BARKED_TWICE,PUPPY,IL-INV-0006-03,line_amount,DECIMAL,,,29274.00,,,,,false,7,genie/puppy/invoice_lines.csv,line_amount,2026.07.19.2
CEO_BARKED_TWICE,PUPPY,IL-INV-0006-03,purchase_order_id,STRING,PO-26006,,,,,,,false,8,genie/puppy/invoice_lines.csv,purchase_order_id,2026.07.19.2
CEO_BARKED_TWICE,PUPPY,IL-INV-0006-04,invoice_line_id,STRING,IL-INV-0006-04,,,,,,,false,1,genie/puppy/invoice_lines.csv,invoice_line_id,2026.07.19.2
CEO_BARKED_TWICE,PUPPY,IL-INV-0006-04,invoice_id,STRING,INV-0006,,,,,,,false,2,genie/puppy/invoice_lines.csv,invoice_id,2026.07.19.2
CEO_BARKED_TWICE,PUPPY,IL-INV-0006-04,line_number,INTEGER,,4,,,,,,false,3,genie/puppy/invoice_lines.csv,line_number,2026.07.19.2
CEO_BARKED_TWICE,PUPPY,IL-INV-0006-04,description,STRING,Tax and administration,,,,,,,false,4,genie/puppy/invoice_lines.csv,description,2026.07.19.2
CEO_BARKED_TWICE,PUPPY,IL-INV-0006-04,quantity,INTEGER,,1,,,,,,false,5,genie/puppy/invoice_lines.csv,quantity,2026.07.19.2
CEO_BARKED_TWICE,PUPPY,IL-INV-0006-04,unit_price,DECIMAL,,,18122.00,,,,,false,6,genie/puppy/invoice_lines.csv,unit_price,2026.07.19.2
CEO_BARKED_TWICE,PUPPY,IL-INV-0006-04,line_amount,DECIMAL,,,18122.00,,,,,false,7,genie/puppy/invoice_lines.csv,line_amount,2026.07.19.2
CEO_BARKED_TWICE,PUPPY,IL-INV-0006-04,purchase_order_id,STRING,PO-26006,,,,,,,false,8,genie/puppy/invoice_lines.csv,purchase_order_id,2026.07.19.2
CEO_BARKED_TWICE,PUPPY,IL-INV-0007-01,invoice_line_id,STRING,IL-INV-0007-01,,,,,,,false,1,genie/puppy/invoice_lines.csv,invoice_line_id,2026.07.19.2
CEO_BARKED_TWICE,PUPPY,IL-INV-0007-01,invoice_id,STRING,INV-0007,,,,,,,false,2,genie/puppy/invoice_lines.csv,invoice_id,2026.07.19.2
CEO_BARKED_TWICE,PUPPY,IL-INV-0007-01,line_number,INTEGER,,1,,,,,,false,3,genie/puppy/invoice_lines.csv,line_number,2026.07.19.2
CEO_BARKED_TWICE,PUPPY,IL-INV-0007-01,description,STRING,Primary goods,,,,,,,false,4,genie/puppy/invoice_lines.csv,description,2026.07.19.2
CEO_BARKED_TWICE,PUPPY,IL-INV-0007-01,quantity,INTEGER,,12,,,,,,false,5,genie/puppy/invoice_lines.csv,quantity,2026.07.19.2
CEO_BARKED_TWICE,PUPPY,IL-INV-0007-01,unit_price,DECIMAL,,,4958.62,,,,,false,6,genie/puppy/invoice_lines.csv,unit_price,2026.07.19.2
CEO_BARKED_TWICE,PUPPY,IL-INV-0007-01,line_amount,DECIMAL,,,59503.40,,,,,false,7,genie/puppy/invoice_lines.csv,line_amount,2026.07.19.2
CEO_BARKED_TWICE,PUPPY,IL-INV-0007-01,purchase_order_id,STRING,PO-26007,,,,,,,false,8,genie/puppy/invoice_lines.csv,purchase_order_id,2026.07.19.2
CEO_BARKED_TWICE,PUPPY,IL-INV-0007-02,invoice_line_id,STRING,IL-INV-0007-02,,,,,,,false,1,genie/puppy/invoice_lines.csv,invoice_line_id,2026.07.19.2
CEO_BARKED_TWICE,PUPPY,IL-INV-0007-02,invoice_id,STRING,INV-0007,,,,,,,false,2,genie/puppy/invoice_lines.csv,invoice_id,2026.07.19.2
CEO_BARKED_TWICE,PUPPY,IL-INV-0007-02,line_number,INTEGER,,2,,,,,,false,3,genie/puppy/invoice_lines.csv,line_number,2026.07.19.2
CEO_BARKED_TWICE,PUPPY,IL-INV-0007-02,description,STRING,Freight and handling,,,,,,,false,4,genie/puppy/invoice_lines.csv,description,2026.07.19.2
CEO_BARKED_TWICE,PUPPY,IL-INV-0007-02,quantity,INTEGER,,8,,,,,,false,5,genie/puppy/invoice_lines.csv,quantity,2026.07.19.2
CEO_BARKED_TWICE,PUPPY,IL-INV-0007-02,unit_price,DECIMAL,,,5829.72,,,,,false,6,genie/puppy/invoice_lines.csv,unit_price,2026.07.19.2
CEO_BARKED_TWICE,PUPPY,IL-INV-0007-02,line_amount,DECIMAL,,,46637.80,,,,,false,7,genie/puppy/invoice_lines.csv,line_amount,2026.07.19.2
CEO_BARKED_TWICE,PUPPY,IL-INV-0007-02,purchase_order_id,STRING,PO-26007,,,,,,,false,8,genie/puppy/invoice_lines.csv,purchase_order_id,2026.07.19.2
CEO_BARKED_TWICE,PUPPY,IL-INV-0007-03,invoice_line_id,STRING,IL-INV-0007-03,,,,,,,false,1,genie/puppy/invoice_lines.csv,invoice_line_id,2026.07.19.2
CEO_BARKED_TWICE,PUPPY,IL-INV-0007-03,invoice_id,STRING,INV-0007,,,,,,,false,2,genie/puppy/invoice_lines.csv,invoice_id,2026.07.19.2
CEO_BARKED_TWICE,PUPPY,IL-INV-0007-03,line_number,INTEGER,,3,,,,,,false,3,genie/puppy/invoice_lines.csv,line_number,2026.07.19.2
CEO_BARKED_TWICE,PUPPY,IL-INV-0007-03,description,STRING,Calibration/service,,,,,,,false,4,genie/puppy/invoice_lines.csv,description,2026.07.19.2
CEO_BARKED_TWICE,PUPPY,IL-INV-0007-03,quantity,INTEGER,,4,,,,,,false,5,genie/puppy/invoice_lines.csv,quantity,2026.07.19.2
CEO_BARKED_TWICE,PUPPY,IL-INV-0007-03,unit_price,DECIMAL,,,8443.05,,,,,false,6,genie/puppy/invoice_lines.csv,unit_price,2026.07.19.2
CEO_BARKED_TWICE,PUPPY,IL-INV-0007-03,line_amount,DECIMAL,,,33772.20,,,,,false,7,genie/puppy/invoice_lines.csv,line_amount,2026.07.19.2
CEO_BARKED_TWICE,PUPPY,IL-INV-0007-03,purchase_order_id,STRING,PO-26007,,,,,,,false,8,genie/puppy/invoice_lines.csv,purchase_order_id,2026.07.19.2
CEO_BARKED_TWICE,PUPPY,IL-INV-0007-04,invoice_line_id,STRING,IL-INV-0007-04,,,,,,,false,1,genie/puppy/invoice_lines.csv,invoice_line_id,2026.07.19.2
CEO_BARKED_TWICE,PUPPY,IL-INV-0007-04,invoice_id,STRING,INV-0007,,,,,,,false,2,genie/puppy/invoice_lines.csv,invoice_id,2026.07.19.2
CEO_BARKED_TWICE,PUPPY,IL-INV-0007-04,line_number,INTEGER,,4,,,,,,false,3,genie/puppy/invoice_lines.csv,line_number,2026.07.19.2
CEO_BARKED_TWICE,PUPPY,IL-INV-0007-04,description,STRING,Tax and administration,,,,,,,false,4,genie/puppy/invoice_lines.csv,description,2026.07.19.2
CEO_BARKED_TWICE,PUPPY,IL-INV-0007-04,quantity,INTEGER,,1,,,,,,false,5,genie/puppy/invoice_lines.csv,quantity,2026.07.19.2
CEO_BARKED_TWICE,PUPPY,IL-INV-0007-04,unit_price,DECIMAL,,,20906.60,,,,,false,6,genie/puppy/invoice_lines.csv,unit_price,2026.07.19.2
CEO_BARKED_TWICE,PUPPY,IL-INV-0007-04,line_amount,DECIMAL,,,20906.60,,,,,false,7,genie/puppy/invoice_lines.csv,line_amount,2026.07.19.2
CEO_BARKED_TWICE,PUPPY,IL-INV-0007-04,purchase_order_id,STRING,PO-26007,,,,,,,false,8,genie/puppy/invoice_lines.csv,purchase_order_id,2026.07.19.2
CEO_BARKED_TWICE,PUPPY,IL-INV-0008-01,invoice_line_id,STRING,IL-INV-0008-01,,,,,,,false,1,genie/puppy/invoice_lines.csv,invoice_line_id,2026.07.19.2
CEO_BARKED_TWICE,PUPPY,IL-INV-0008-01,invoice_id,STRING,INV-0008,,,,,,,false,2,genie/puppy/invoice_lines.csv,invoice_id,2026.07.19.2
CEO_BARKED_TWICE,PUPPY,IL-INV-0008-01,line_number,INTEGER,,1,,,,,,false,3,genie/puppy/invoice_lines.csv,line_number,2026.07.19.2
CEO_BARKED_TWICE,PUPPY,IL-INV-0008-01,description,STRING,Primary goods,,,,,,,false,4,genie/puppy/invoice_lines.csv,description,2026.07.19.2
CEO_BARKED_TWICE,PUPPY,IL-INV-0008-01,quantity,INTEGER,,12,,,,,,false,5,genie/puppy/invoice_lines.csv,quantity,2026.07.19.2
CEO_BARKED_TWICE,PUPPY,IL-INV-0008-01,unit_price,DECIMAL,,,5661.00,,,,,false,6,genie/puppy/invoice_lines.csv,unit_price,2026.07.19.2
CEO_BARKED_TWICE,PUPPY,IL-INV-0008-01,line_amount,DECIMAL,,,67932.00,,,,,false,7,genie/puppy/invoice_lines.csv,line_amount,2026.07.19.2
CEO_BARKED_TWICE,PUPPY,IL-INV-0008-01,purchase_order_id,STRING,PO-26008,,,,,,,false,8,genie/puppy/invoice_lines.csv,purchase_order_id,2026.07.19.2
CEO_BARKED_TWICE,PUPPY,IL-INV-0008-02,invoice_line_id,STRING,IL-INV-0008-02,,,,,,,false,1,genie/puppy/invoice_lines.csv,invoice_line_id,2026.07.19.2
CEO_BARKED_TWICE,PUPPY,IL-INV-0008-02,invoice_id,STRING,INV-0008,,,,,,,false,2,genie/puppy/invoice_lines.csv,invoice_id,2026.07.19.2
CEO_BARKED_TWICE,PUPPY,IL-INV-0008-02,line_number,INTEGER,,2,,,,,,false,3,genie/puppy/invoice_lines.csv,line_number,2026.07.19.2
CEO_BARKED_TWICE,PUPPY,IL-INV-0008-02,description,STRING,Freight and handling,,,,,,,false,4,genie/puppy/invoice_lines.csv,description,2026.07.19.2
CEO_BARKED_TWICE,PUPPY,IL-INV-0008-02,quantity,INTEGER,,8,,,,,,false,5,genie/puppy/invoice_lines.csv,quantity,2026.07.19.2
CEO_BARKED_TWICE,PUPPY,IL-INV-0008-02,unit_price,DECIMAL,,,6655.50,,,,,false,6,genie/puppy/invoice_lines.csv,unit_price,2026.07.19.2
CEO_BARKED_TWICE,PUPPY,IL-INV-0008-02,line_amount,DECIMAL,,,53244.00,,,,,false,7,genie/puppy/invoice_lines.csv,line_amount,2026.07.19.2
CEO_BARKED_TWICE,PUPPY,IL-INV-0008-02,purchase_order_id,STRING,PO-26008,,,,,,,false,8,genie/puppy/invoice_lines.csv,purchase_order_id,2026.07.19.2
CEO_BARKED_TWICE,PUPPY,IL-INV-0008-03,invoice_line_id,STRING,IL-INV-0008-03,,,,,,,false,1,genie/puppy/invoice_lines.csv,invoice_line_id,2026.07.19.2
CEO_BARKED_TWICE,PUPPY,IL-INV-0008-03,invoice_id,STRING,INV-0008,,,,,,,false,2,genie/puppy/invoice_lines.csv,invoice_id,2026.07.19.2
CEO_BARKED_TWICE,PUPPY,IL-INV-0008-03,line_number,INTEGER,,3,,,,,,false,3,genie/puppy/invoice_lines.csv,line_number,2026.07.19.2
CEO_BARKED_TWICE,PUPPY,IL-INV-0008-03,description,STRING,Calibration/service,,,,,,,false,4,genie/puppy/invoice_lines.csv,description,2026.07.19.2
CEO_BARKED_TWICE,PUPPY,IL-INV-0008-03,quantity,INTEGER,,4,,,,,,false,5,genie/puppy/invoice_lines.csv,quantity,2026.07.19.2
CEO_BARKED_TWICE,PUPPY,IL-INV-0008-03,unit_price,DECIMAL,,,9639.00,,,,,false,6,genie/puppy/invoice_lines.csv,unit_price,2026.07.19.2
CEO_BARKED_TWICE,PUPPY,IL-INV-0008-03,line_amount,DECIMAL,,,38556.00,,,,,false,7,genie/puppy/invoice_lines.csv,line_amount,2026.07.19.2
CEO_BARKED_TWICE,PUPPY,IL-INV-0008-03,purchase_order_id,STRING,PO-26008,,,,,,,false,8,genie/puppy/invoice_lines.csv,purchase_order_id,2026.07.19.2
CEO_BARKED_TWICE,PUPPY,IL-INV-0008-04,invoice_line_id,STRING,IL-INV-0008-04,,,,,,,false,1,genie/puppy/invoice_lines.csv,invoice_line_id,2026.07.19.2
CEO_BARKED_TWICE,PUPPY,IL-INV-0008-04,invoice_id,STRING,INV-0008,,,,,,,false,2,genie/puppy/invoice_lines.csv,invoice_id,2026.07.19.2
CEO_BARKED_TWICE,PUPPY,IL-INV-0008-04,line_number,INTEGER,,4,,,,,,false,3,genie/puppy/invoice_lines.csv,line_number,2026.07.19.2
CEO_BARKED_TWICE,PUPPY,IL-INV-0008-04,description,STRING,Tax and administration,,,,,,,false,4,genie/puppy/invoice_lines.csv,description,2026.07.19.2
CEO_BARKED_TWICE,PUPPY,IL-INV-0008-04,quantity,INTEGER,,1,,,,,,false,5,genie/puppy/invoice_lines.csv,quantity,2026.07.19.2
CEO_BARKED_TWICE,PUPPY,IL-INV-0008-04,unit_price,DECIMAL,,,23868.00,,,,,false,6,genie/puppy/invoice_lines.csv,unit_price,2026.07.19.2
CEO_BARKED_TWICE,PUPPY,IL-INV-0008-04,line_amount,DECIMAL,,,23868.00,,,,,false,7,genie/puppy/invoice_lines.csv,line_amount,2026.07.19.2
CEO_BARKED_TWICE,PUPPY,IL-INV-0008-04,purchase_order_id,STRING,PO-26008,,,,,,,false,8,genie/puppy/invoice_lines.csv,purchase_order_id,2026.07.19.2
CEO_BARKED_TWICE,PUPPY,IL-INV-0009-01,invoice_line_id,STRING,IL-INV-0009-01,,,,,,,false,1,genie/puppy/invoice_lines.csv,invoice_line_id,2026.07.19.2
CEO_BARKED_TWICE,PUPPY,IL-INV-0009-01,invoice_id,STRING,INV-0009,,,,,,,false,2,genie/puppy/invoice_lines.csv,invoice_id,2026.07.19.2
CEO_BARKED_TWICE,PUPPY,IL-INV-0009-01,line_number,INTEGER,,1,,,,,,false,3,genie/puppy/invoice_lines.csv,line_number,2026.07.19.2
CEO_BARKED_TWICE,PUPPY,IL-INV-0009-01,description,STRING,Primary goods,,,,,,,false,4,genie/puppy/invoice_lines.csv,description,2026.07.19.2
CEO_BARKED_TWICE,PUPPY,IL-INV-0009-01,quantity,INTEGER,,12,,,,,,false,5,genie/puppy/invoice_lines.csv,quantity,2026.07.19.2
CEO_BARKED_TWICE,PUPPY,IL-INV-0009-01,unit_price,DECIMAL,,,6405.32,,,,,false,6,genie/puppy/invoice_lines.csv,unit_price,2026.07.19.2
CEO_BARKED_TWICE,PUPPY,IL-INV-0009-01,line_amount,DECIMAL,,,76863.80,,,,,false,7,genie/puppy/invoice_lines.csv,line_amount,2026.07.19.2
CEO_BARKED_TWICE,PUPPY,IL-INV-0009-01,purchase_order_id,STRING,PO-26009,,,,,,,false,8,genie/puppy/invoice_lines.csv,purchase_order_id,2026.07.19.2
CEO_BARKED_TWICE,PUPPY,IL-INV-0009-02,invoice_line_id,STRING,IL-INV-0009-02,,,,,,,false,1,genie/puppy/invoice_lines.csv,invoice_line_id,2026.07.19.2
CEO_BARKED_TWICE,PUPPY,IL-INV-0009-02,invoice_id,STRING,INV-0009,,,,,,,false,2,genie/puppy/invoice_lines.csv,invoice_id,2026.07.19.2
CEO_BARKED_TWICE,PUPPY,IL-INV-0009-02,line_number,INTEGER,,2,,,,,,false,3,genie/puppy/invoice_lines.csv,line_number,2026.07.19.2
CEO_BARKED_TWICE,PUPPY,IL-INV-0009-02,description,STRING,Freight and handling,,,,,,,false,4,genie/puppy/invoice_lines.csv,description,2026.07.19.2
CEO_BARKED_TWICE,PUPPY,IL-INV-0009-02,quantity,INTEGER,,8,,,,,,false,5,genie/puppy/invoice_lines.csv,quantity,2026.07.19.2
CEO_BARKED_TWICE,PUPPY,IL-INV-0009-02,unit_price,DECIMAL,,,7530.57,,,,,false,6,genie/puppy/invoice_lines.csv,unit_price,2026.07.19.2
CEO_BARKED_TWICE,PUPPY,IL-INV-0009-02,line_amount,DECIMAL,,,60244.60,,,,,false,7,genie/puppy/invoice_lines.csv,line_amount,2026.07.19.2
CEO_BARKED_TWICE,PUPPY,IL-INV-0009-02,purchase_order_id,STRING,PO-26009,,,,,,,false,8,genie/puppy/invoice_lines.csv,purchase_order_id,2026.07.19.2
CEO_BARKED_TWICE,PUPPY,IL-INV-0009-03,invoice_line_id,STRING,IL-INV-0009-03,,,,,,,false,1,genie/puppy/invoice_lines.csv,invoice_line_id,2026.07.19.2
CEO_BARKED_TWICE,PUPPY,IL-INV-0009-03,invoice_id,STRING,INV-0009,,,,,,,false,2,genie/puppy/invoice_lines.csv,invoice_id,2026.07.19.2
CEO_BARKED_TWICE,PUPPY,IL-INV-0009-03,line_number,INTEGER,,3,,,,,,false,3,genie/puppy/invoice_lines.csv,line_number,2026.07.19.2
CEO_BARKED_TWICE,PUPPY,IL-INV-0009-03,description,STRING,Calibration/service,,,,,,,false,4,genie/puppy/invoice_lines.csv,description,2026.07.19.2
CEO_BARKED_TWICE,PUPPY,IL-INV-0009-03,quantity,INTEGER,,4,,,,,,false,5,genie/puppy/invoice_lines.csv,quantity,2026.07.19.2
CEO_BARKED_TWICE,PUPPY,IL-INV-0009-03,unit_price,DECIMAL,,,10906.35,,,,,false,6,genie/puppy/invoice_lines.csv,unit_price,2026.07.19.2
CEO_BARKED_TWICE,PUPPY,IL-INV-0009-03,line_amount,DECIMAL,,,43625.40,,,,,false,7,genie/puppy/invoice_lines.csv,line_amount,2026.07.19.2
CEO_BARKED_TWICE,PUPPY,IL-INV-0009-03,purchase_order_id,STRING,PO-26009,,,,,,,false,8,genie/puppy/invoice_lines.csv,purchase_order_id,2026.07.19.2
CEO_BARKED_TWICE,PUPPY,IL-INV-0009-04,invoice_line_id,STRING,IL-INV-0009-04,,,,,,,false,1,genie/puppy/invoice_lines.csv,invoice_line_id,2026.07.19.2
CEO_BARKED_TWICE,PUPPY,IL-INV-0009-04,invoice_id,STRING,INV-0009,,,,,,,false,2,genie/puppy/invoice_lines.csv,invoice_id,2026.07.19.2
CEO_BARKED_TWICE,PUPPY,IL-INV-0009-04,line_number,INTEGER,,4,,,,,,false,3,genie/puppy/invoice_lines.csv,line_number,2026.07.19.2
CEO_BARKED_TWICE,PUPPY,IL-INV-0009-04,description,STRING,Tax and administration,,,,,,,false,4,genie/puppy/invoice_lines.csv,description,2026.07.19.2
CEO_BARKED_TWICE,PUPPY,IL-INV-0009-04,quantity,INTEGER,,1,,,,,,false,5,genie/puppy/invoice_lines.csv,quantity,2026.07.19.2
CEO_BARKED_TWICE,PUPPY,IL-INV-0009-04,unit_price,DECIMAL,,,27006.20,,,,,false,6,genie/puppy/invoice_lines.csv,unit_price,2026.07.19.2
CEO_BARKED_TWICE,PUPPY,IL-INV-0009-04,line_amount,DECIMAL,,,27006.20,,,,,false,7,genie/puppy/invoice_lines.csv,line_amount,2026.07.19.2
CEO_BARKED_TWICE,PUPPY,IL-INV-0009-04,purchase_order_id,STRING,PO-26009,,,,,,,false,8,genie/puppy/invoice_lines.csv,purchase_order_id,2026.07.19.2
CEO_BARKED_TWICE,PUPPY,IL-INV-0010-01,invoice_line_id,STRING,IL-INV-0010-01,,,,,,,false,1,genie/puppy/invoice_lines.csv,invoice_line_id,2026.07.19.2
CEO_BARKED_TWICE,PUPPY,IL-INV-0010-01,invoice_id,STRING,INV-0010,,,,,,,false,2,genie/puppy/invoice_lines.csv,invoice_id,2026.07.19.2
CEO_BARKED_TWICE,PUPPY,IL-INV-0010-01,line_number,INTEGER,,1,,,,,,false,3,genie/puppy/invoice_lines.csv,line_number,2026.07.19.2
CEO_BARKED_TWICE,PUPPY,IL-INV-0010-01,description,STRING,Primary goods,,,,,,,false,4,genie/puppy/invoice_lines.csv,description,2026.07.19.2
CEO_BARKED_TWICE,PUPPY,IL-INV-0010-01,quantity,INTEGER,,12,,,,,,false,5,genie/puppy/invoice_lines.csv,quantity,2026.07.19.2
CEO_BARKED_TWICE,PUPPY,IL-INV-0010-01,unit_price,DECIMAL,,,2568.42,,,,,false,6,genie/puppy/invoice_lines.csv,unit_price,2026.07.19.2
CEO_BARKED_TWICE,PUPPY,IL-INV-0010-01,line_amount,DECIMAL,,,30821.00,,,,,false,7,genie/puppy/invoice_lines.csv,line_amount,2026.07.19.2
CEO_BARKED_TWICE,PUPPY,IL-INV-0010-01,purchase_order_id,STRING,PO-26010,,,,,,,false,8,genie/puppy/invoice_lines.csv,purchase_order_id,2026.07.19.2
CEO_BARKED_TWICE,PUPPY,IL-INV-0010-02,invoice_line_id,STRING,IL-INV-0010-02,,,,,,,false,1,genie/puppy/invoice_lines.csv,invoice_line_id,2026.07.19.2
CEO_BARKED_TWICE,PUPPY,IL-INV-0010-02,invoice_id,STRING,INV-0010,,,,,,,false,2,genie/puppy/invoice_lines.csv,invoice_id,2026.07.19.2
CEO_BARKED_TWICE,PUPPY,IL-INV-0010-02,line_number,INTEGER,,2,,,,,,false,3,genie/puppy/invoice_lines.csv,line_number,2026.07.19.2
CEO_BARKED_TWICE,PUPPY,IL-INV-0010-02,description,STRING,Freight and handling,,,,,,,false,4,genie/puppy/invoice_lines.csv,description,2026.07.19.2
CEO_BARKED_TWICE,PUPPY,IL-INV-0010-02,quantity,INTEGER,,8,,,,,,false,5,genie/puppy/invoice_lines.csv,quantity,2026.07.19.2
CEO_BARKED_TWICE,PUPPY,IL-INV-0010-02,unit_price,DECIMAL,,,3019.62,,,,,false,6,genie/puppy/invoice_lines.csv,unit_price,2026.07.19.2
CEO_BARKED_TWICE,PUPPY,IL-INV-0010-02,line_amount,DECIMAL,,,24157.00,,,,,false,7,genie/puppy/invoice_lines.csv,line_amount,2026.07.19.2
CEO_BARKED_TWICE,PUPPY,IL-INV-0010-02,purchase_order_id,STRING,PO-26010,,,,,,,false,8,genie/puppy/invoice_lines.csv,purchase_order_id,2026.07.19.2
CEO_BARKED_TWICE,PUPPY,IL-INV-0010-03,invoice_line_id,STRING,IL-INV-0010-03,,,,,,,false,1,genie/puppy/invoice_lines.csv,invoice_line_id,2026.07.19.2
CEO_BARKED_TWICE,PUPPY,IL-INV-0010-03,invoice_id,STRING,INV-0010,,,,,,,false,2,genie/puppy/invoice_lines.csv,invoice_id,2026.07.19.2
CEO_BARKED_TWICE,PUPPY,IL-INV-0010-03,line_number,INTEGER,,3,,,,,,false,3,genie/puppy/invoice_lines.csv,line_number,2026.07.19.2
CEO_BARKED_TWICE,PUPPY,IL-INV-0010-03,description,STRING,Calibration/service,,,,,,,false,4,genie/puppy/invoice_lines.csv,description,2026.07.19.2
CEO_BARKED_TWICE,PUPPY,IL-INV-0010-03,quantity,INTEGER,,4,,,,,,false,5,genie/puppy/invoice_lines.csv,quantity,2026.07.19.2
CEO_BARKED_TWICE,PUPPY,IL-INV-0010-03,unit_price,DECIMAL,,,4373.25,,,,,false,6,genie/puppy/invoice_lines.csv,unit_price,2026.07.19.2
CEO_BARKED_TWICE,PUPPY,IL-INV-0010-03,line_amount,DECIMAL,,,17493.00,,,,,false,7,genie/puppy/invoice_lines.csv,line_amount,2026.07.19.2
CEO_BARKED_TWICE,PUPPY,IL-INV-0010-03,purchase_order_id,STRING,PO-26010,,,,,,,false,8,genie/puppy/invoice_lines.csv,purchase_order_id,2026.07.19.2
CEO_BARKED_TWICE,PUPPY,IL-INV-0010-04,invoice_line_id,STRING,IL-INV-0010-04,,,,,,,false,1,genie/puppy/invoice_lines.csv,invoice_line_id,2026.07.19.2
CEO_BARKED_TWICE,PUPPY,IL-INV-0010-04,invoice_id,STRING,INV-0010,,,,,,,false,2,genie/puppy/invoice_lines.csv,invoice_id,2026.07.19.2
CEO_BARKED_TWICE,PUPPY,IL-INV-0010-04,line_number,INTEGER,,4,,,,,,false,3,genie/puppy/invoice_lines.csv,line_number,2026.07.19.2
CEO_BARKED_TWICE,PUPPY,IL-INV-0010-04,description,STRING,Tax and administration,,,,,,,false,4,genie/puppy/invoice_lines.csv,description,2026.07.19.2
CEO_BARKED_TWICE,PUPPY,IL-INV-0010-04,quantity,INTEGER,,1,,,,,,false,5,genie/puppy/invoice_lines.csv,quantity,2026.07.19.2
CEO_BARKED_TWICE,PUPPY,IL-INV-0010-04,unit_price,DECIMAL,,,10829.00,,,,,false,6,genie/puppy/invoice_lines.csv,unit_price,2026.07.19.2
CEO_BARKED_TWICE,PUPPY,IL-INV-0010-04,line_amount,DECIMAL,,,10829.00,,,,,false,7,genie/puppy/invoice_lines.csv,line_amount,2026.07.19.2
CEO_BARKED_TWICE,PUPPY,IL-INV-0010-04,purchase_order_id,STRING,PO-26010,,,,,,,false,8,genie/puppy/invoice_lines.csv,purchase_order_id,2026.07.19.2
CEO_BARKED_TWICE,PUPPY,IL-INV-0011-01,invoice_line_id,STRING,IL-INV-0011-01,,,,,,,false,1,genie/puppy/invoice_lines.csv,invoice_line_id,2026.07.19.2
CEO_BARKED_TWICE,PUPPY,IL-INV-0011-01,invoice_id,STRING,INV-0011,,,,,,,false,2,genie/puppy/invoice_lines.csv,invoice_id,2026.07.19.2
CEO_BARKED_TWICE,PUPPY,IL-INV-0011-01,line_number,INTEGER,,1,,,,,,false,3,genie/puppy/invoice_lines.csv,line_number,2026.07.19.2
CEO_BARKED_TWICE,PUPPY,IL-INV-0011-01,description,STRING,Primary goods,,,,,,,false,4,genie/puppy/invoice_lines.csv,description,2026.07.19.2
CEO_BARKED_TWICE,PUPPY,IL-INV-0011-01,quantity,INTEGER,,12,,,,,,false,5,genie/puppy/invoice_lines.csv,quantity,2026.07.19.2
CEO_BARKED_TWICE,PUPPY,IL-INV-0011-01,unit_price,DECIMAL,,,2806.45,,,,,false,6,genie/puppy/invoice_lines.csv,unit_price,2026.07.19.2
CEO_BARKED_TWICE,PUPPY,IL-INV-0011-01,line_amount,DECIMAL,,,33677.40,,,,,false,7,genie/puppy/invoice_lines.csv,line_amount,2026.07.19.2
CEO_BARKED_TWICE,PUPPY,IL-INV-0011-01,purchase_order_id,STRING,PO-26011,,,,,,,false,8,genie/puppy/invoice_lines.csv,purchase_order_id,2026.07.19.2
CEO_BARKED_TWICE,PUPPY,IL-INV-0011-02,invoice_line_id,STRING,IL-INV-0011-02,,,,,,,false,1,genie/puppy/invoice_lines.csv,invoice_line_id,2026.07.19.2
CEO_BARKED_TWICE,PUPPY,IL-INV-0011-02,invoice_id,STRING,INV-0011,,,,,,,false,2,genie/puppy/invoice_lines.csv,invoice_id,2026.07.19.2
CEO_BARKED_TWICE,PUPPY,IL-INV-0011-02,line_number,INTEGER,,2,,,,,,false,3,genie/puppy/invoice_lines.csv,line_number,2026.07.19.2
CEO_BARKED_TWICE,PUPPY,IL-INV-0011-02,description,STRING,Freight and handling,,,,,,,false,4,genie/puppy/invoice_lines.csv,description,2026.07.19.2
CEO_BARKED_TWICE,PUPPY,IL-INV-0011-02,quantity,INTEGER,,8,,,,,,false,5,genie/puppy/invoice_lines.csv,quantity,2026.07.19.2
CEO_BARKED_TWICE,PUPPY,IL-INV-0011-02,unit_price,DECIMAL,,,3299.47,,,,,false,6,genie/puppy/invoice_lines.csv,unit_price,2026.07.19.2
CEO_BARKED_TWICE,PUPPY,IL-INV-0011-02,line_amount,DECIMAL,,,26395.80,,,,,false,7,genie/puppy/invoice_lines.csv,line_amount,2026.07.19.2
CEO_BARKED_TWICE,PUPPY,IL-INV-0011-02,purchase_order_id,STRING,PO-26011,,,,,,,false,8,genie/puppy/invoice_lines.csv,purchase_order_id,2026.07.19.2
CEO_BARKED_TWICE,PUPPY,IL-INV-0011-03,invoice_line_id,STRING,IL-INV-0011-03,,,,,,,false,1,genie/puppy/invoice_lines.csv,invoice_line_id,2026.07.19.2
CEO_BARKED_TWICE,PUPPY,IL-INV-0011-03,invoice_id,STRING,INV-0011,,,,,,,false,2,genie/puppy/invoice_lines.csv,invoice_id,2026.07.19.2
CEO_BARKED_TWICE,PUPPY,IL-INV-0011-03,line_number,INTEGER,,3,,,,,,false,3,genie/puppy/invoice_lines.csv,line_number,2026.07.19.2
CEO_BARKED_TWICE,PUPPY,IL-INV-0011-03,description,STRING,Calibration/service,,,,,,,false,4,genie/puppy/invoice_lines.csv,description,2026.07.19.2
CEO_BARKED_TWICE,PUPPY,IL-INV-0011-03,quantity,INTEGER,,4,,,,,,false,5,genie/puppy/invoice_lines.csv,quantity,2026.07.19.2
CEO_BARKED_TWICE,PUPPY,IL-INV-0011-03,unit_price,DECIMAL,,,4778.55,,,,,false,6,genie/puppy/invoice_lines.csv,unit_price,2026.07.19.2
CEO_BARKED_TWICE,PUPPY,IL-INV-0011-03,line_amount,DECIMAL,,,19114.20,,,,,false,7,genie/puppy/invoice_lines.csv,line_amount,2026.07.19.2
CEO_BARKED_TWICE,PUPPY,IL-INV-0011-03,purchase_order_id,STRING,PO-26011,,,,,,,false,8,genie/puppy/invoice_lines.csv,purchase_order_id,2026.07.19.2
CEO_BARKED_TWICE,PUPPY,IL-INV-0011-04,invoice_line_id,STRING,IL-INV-0011-04,,,,,,,false,1,genie/puppy/invoice_lines.csv,invoice_line_id,2026.07.19.2
CEO_BARKED_TWICE,PUPPY,IL-INV-0011-04,invoice_id,STRING,INV-0011,,,,,,,false,2,genie/puppy/invoice_lines.csv,invoice_id,2026.07.19.2
CEO_BARKED_TWICE,PUPPY,IL-INV-0011-04,line_number,INTEGER,,4,,,,,,false,3,genie/puppy/invoice_lines.csv,line_number,2026.07.19.2
CEO_BARKED_TWICE,PUPPY,IL-INV-0011-04,description,STRING,Tax and administration,,,,,,,false,4,genie/puppy/invoice_lines.csv,description,2026.07.19.2
CEO_BARKED_TWICE,PUPPY,IL-INV-0011-04,quantity,INTEGER,,1,,,,,,false,5,genie/puppy/invoice_lines.csv,quantity,2026.07.19.2
CEO_BARKED_TWICE,PUPPY,IL-INV-0011-04,unit_price,DECIMAL,,,11832.60,,,,,false,6,genie/puppy/invoice_lines.csv,unit_price,2026.07.19.2
CEO_BARKED_TWICE,PUPPY,IL-INV-0011-04,line_amount,DECIMAL,,,11832.60,,,,,false,7,genie/puppy/invoice_lines.csv,line_amount,2026.07.19.2
CEO_BARKED_TWICE,PUPPY,IL-INV-0011-04,purchase_order_id,STRING,PO-26011,,,,,,,false,8,genie/puppy/invoice_lines.csv,purchase_order_id,2026.07.19.2
CEO_BARKED_TWICE,PUPPY,IL-INV-0012-01,invoice_line_id,STRING,IL-INV-0012-01,,,,,,,false,1,genie/puppy/invoice_lines.csv,invoice_line_id,2026.07.19.2
CEO_BARKED_TWICE,PUPPY,IL-INV-0012-01,invoice_id,STRING,INV-0012,,,,,,,false,2,genie/puppy/invoice_lines.csv,invoice_id,2026.07.19.2
CEO_BARKED_TWICE,PUPPY,IL-INV-0012-01,line_number,INTEGER,,1,,,,,,false,3,genie/puppy/invoice_lines.csv,line_number,2026.07.19.2
CEO_BARKED_TWICE,PUPPY,IL-INV-0012-01,description,STRING,Primary goods,,,,,,,false,4,genie/puppy/invoice_lines.csv,description,2026.07.19.2
CEO_BARKED_TWICE,PUPPY,IL-INV-0012-01,quantity,INTEGER,,12,,,,,,false,5,genie/puppy/invoice_lines.csv,quantity,2026.07.19.2
CEO_BARKED_TWICE,PUPPY,IL-INV-0012-01,unit_price,DECIMAL,,,3394.13,,,,,false,6,genie/puppy/invoice_lines.csv,unit_price,2026.07.19.2
CEO_BARKED_TWICE,PUPPY,IL-INV-0012-01,line_amount,DECIMAL,,,40729.60,,,,,false,7,genie/puppy/invoice_lines.csv,line_amount,2026.07.19.2
CEO_BARKED_TWICE,PUPPY,IL-INV-0012-01,purchase_order_id,STRING,PO-26012,,,,,,,false,8,genie/puppy/invoice_lines.csv,purchase_order_id,2026.07.19.2
CEO_BARKED_TWICE,PUPPY,IL-INV-0012-02,invoice_line_id,STRING,IL-INV-0012-02,,,,,,,false,1,genie/puppy/invoice_lines.csv,invoice_line_id,2026.07.19.2
CEO_BARKED_TWICE,PUPPY,IL-INV-0012-02,invoice_id,STRING,INV-0012,,,,,,,false,2,genie/puppy/invoice_lines.csv,invoice_id,2026.07.19.2
CEO_BARKED_TWICE,PUPPY,IL-INV-0012-02,line_number,INTEGER,,2,,,,,,false,3,genie/puppy/invoice_lines.csv,line_number,2026.07.19.2
CEO_BARKED_TWICE,PUPPY,IL-INV-0012-02,description,STRING,Freight and handling,,,,,,,false,4,genie/puppy/invoice_lines.csv,description,2026.07.19.2
CEO_BARKED_TWICE,PUPPY,IL-INV-0012-02,quantity,INTEGER,,8,,,,,,false,5,genie/puppy/invoice_lines.csv,quantity,2026.07.19.2
CEO_BARKED_TWICE,PUPPY,IL-INV-0012-02,unit_price,DECIMAL,,,3990.40,,,,,false,6,genie/puppy/invoice_lines.csv,unit_price,2026.07.19.2
CEO_BARKED_TWICE,PUPPY,IL-INV-0012-02,line_amount,DECIMAL,,,31923.20,,,,,false,7,genie/puppy/invoice_lines.csv,line_amount,2026.07.19.2
CEO_BARKED_TWICE,PUPPY,IL-INV-0012-02,purchase_order_id,STRING,PO-26012,,,,,,,false,8,genie/puppy/invoice_lines.csv,purchase_order_id,2026.07.19.2
CEO_BARKED_TWICE,PUPPY,IL-INV-0012-03,invoice_line_id,STRING,IL-INV-0012-03,,,,,,,false,1,genie/puppy/invoice_lines.csv,invoice_line_id,2026.07.19.2
CEO_BARKED_TWICE,PUPPY,IL-INV-0012-03,invoice_id,STRING,INV-0012,,,,,,,false,2,genie/puppy/invoice_lines.csv,invoice_id,2026.07.19.2
CEO_BARKED_TWICE,PUPPY,IL-INV-0012-03,line_number,INTEGER,,3,,,,,,false,3,genie/puppy/invoice_lines.csv,line_number,2026.07.19.2
CEO_BARKED_TWICE,PUPPY,IL-INV-0012-03,description,STRING,Calibration/service,,,,,,,false,4,genie/puppy/invoice_lines.csv,description,2026.07.19.2
CEO_BARKED_TWICE,PUPPY,IL-INV-0012-03,quantity,INTEGER,,4,,,,,,false,5,genie/puppy/invoice_lines.csv,quantity,2026.07.19.2
CEO_BARKED_TWICE,PUPPY,IL-INV-0012-03,unit_price,DECIMAL,,,5779.20,,,,,false,6,genie/puppy/invoice_lines.csv,unit_price,2026.07.19.2
CEO_BARKED_TWICE,PUPPY,IL-INV-0012-03,line_amount,DECIMAL,,,23116.80,,,,,false,7,genie/puppy/invoice_lines.csv,line_amount,2026.07.19.2
CEO_BARKED_TWICE,PUPPY,IL-INV-0012-03,purchase_order_id,STRING,PO-26012,,,,,,,false,8,genie/puppy/invoice_lines.csv,purchase_order_id,2026.07.19.2
CEO_BARKED_TWICE,PUPPY,IL-INV-0012-04,invoice_line_id,STRING,IL-INV-0012-04,,,,,,,false,1,genie/puppy/invoice_lines.csv,invoice_line_id,2026.07.19.2
CEO_BARKED_TWICE,PUPPY,IL-INV-0012-04,invoice_id,STRING,INV-0012,,,,,,,false,2,genie/puppy/invoice_lines.csv,invoice_id,2026.07.19.2
CEO_BARKED_TWICE,PUPPY,IL-INV-0012-04,line_number,INTEGER,,4,,,,,,false,3,genie/puppy/invoice_lines.csv,line_number,2026.07.19.2
CEO_BARKED_TWICE,PUPPY,IL-INV-0012-04,description,STRING,Tax and administration,,,,,,,false,4,genie/puppy/invoice_lines.csv,description,2026.07.19.2
CEO_BARKED_TWICE,PUPPY,IL-INV-0012-04,quantity,INTEGER,,1,,,,,,false,5,genie/puppy/invoice_lines.csv,quantity,2026.07.19.2
CEO_BARKED_TWICE,PUPPY,IL-INV-0012-04,unit_price,DECIMAL,,,14310.40,,,,,false,6,genie/puppy/invoice_lines.csv,unit_price,2026.07.19.2
CEO_BARKED_TWICE,PUPPY,IL-INV-0012-04,line_amount,DECIMAL,,,14310.40,,,,,false,7,genie/puppy/invoice_lines.csv,line_amount,2026.07.19.2
CEO_BARKED_TWICE,PUPPY,IL-INV-0012-04,purchase_order_id,STRING,PO-26012,,,,,,,false,8,genie/puppy/invoice_lines.csv,purchase_order_id,2026.07.19.2
CEO_BARKED_TWICE,PUPPY,IL-INV-0013-01,invoice_line_id,STRING,IL-INV-0013-01,,,,,,,false,1,genie/puppy/invoice_lines.csv,invoice_line_id,2026.07.19.2
CEO_BARKED_TWICE,PUPPY,IL-INV-0013-01,invoice_id,STRING,INV-0013,,,,,,,false,2,genie/puppy/invoice_lines.csv,invoice_id,2026.07.19.2
CEO_BARKED_TWICE,PUPPY,IL-INV-0013-01,line_number,INTEGER,,1,,,,,,false,3,genie/puppy/invoice_lines.csv,line_number,2026.07.19.2
CEO_BARKED_TWICE,PUPPY,IL-INV-0013-01,description,STRING,Primary goods,,,,,,,false,4,genie/puppy/invoice_lines.csv,description,2026.07.19.2
CEO_BARKED_TWICE,PUPPY,IL-INV-0013-01,quantity,INTEGER,,12,,,,,,false,5,genie/puppy/invoice_lines.csv,quantity,2026.07.19.2
CEO_BARKED_TWICE,PUPPY,IL-INV-0013-01,unit_price,DECIMAL,,,4023.75,,,,,false,6,genie/puppy/invoice_lines.csv,unit_price,2026.07.19.2
CEO_BARKED_TWICE,PUPPY,IL-INV-0013-01,line_amount,DECIMAL,,,48285.00,,,,,false,7,genie/puppy/invoice_lines.csv,line_amount,2026.07.19.2
CEO_BARKED_TWICE,PUPPY,IL-INV-0013-01,purchase_order_id,STRING,PO-26013,,,,,,,false,8,genie/puppy/invoice_lines.csv,purchase_order_id,2026.07.19.2
CEO_BARKED_TWICE,PUPPY,IL-INV-0013-02,invoice_line_id,STRING,IL-INV-0013-02,,,,,,,false,1,genie/puppy/invoice_lines.csv,invoice_line_id,2026.07.19.2
CEO_BARKED_TWICE,PUPPY,IL-INV-0013-02,invoice_id,STRING,INV-0013,,,,,,,false,2,genie/puppy/invoice_lines.csv,invoice_id,2026.07.19.2
CEO_BARKED_TWICE,PUPPY,IL-INV-0013-02,line_number,INTEGER,,2,,,,,,false,3,genie/puppy/invoice_lines.csv,line_number,2026.07.19.2
CEO_BARKED_TWICE,PUPPY,IL-INV-0013-02,description,STRING,Freight and handling,,,,,,,false,4,genie/puppy/invoice_lines.csv,description,2026.07.19.2
CEO_BARKED_TWICE,PUPPY,IL-INV-0013-02,quantity,INTEGER,,8,,,,,,false,5,genie/puppy/invoice_lines.csv,quantity,2026.07.19.2
CEO_BARKED_TWICE,PUPPY,IL-INV-0013-02,unit_price,DECIMAL,,,4730.62,,,,,false,6,genie/puppy/invoice_lines.csv,unit_price,2026.07.19.2
CEO_BARKED_TWICE,PUPPY,IL-INV-0013-02,line_amount,DECIMAL,,,37845.00,,,,,false,7,genie/puppy/invoice_lines.csv,line_amount,2026.07.19.2
CEO_BARKED_TWICE,PUPPY,IL-INV-0013-02,purchase_order_id,STRING,PO-26013,,,,,,,false,8,genie/puppy/invoice_lines.csv,purchase_order_id,2026.07.19.2
CEO_BARKED_TWICE,PUPPY,IL-INV-0013-03,invoice_line_id,STRING,IL-INV-0013-03,,,,,,,false,1,genie/puppy/invoice_lines.csv,invoice_line_id,2026.07.19.2
CEO_BARKED_TWICE,PUPPY,IL-INV-0013-03,invoice_id,STRING,INV-0013,,,,,,,false,2,genie/puppy/invoice_lines.csv,invoice_id,2026.07.19.2
CEO_BARKED_TWICE,PUPPY,IL-INV-0013-03,line_number,INTEGER,,3,,,,,,false,3,genie/puppy/invoice_lines.csv,line_number,2026.07.19.2
CEO_BARKED_TWICE,PUPPY,IL-INV-0013-03,description,STRING,Calibration/service,,,,,,,false,4,genie/puppy/invoice_lines.csv,description,2026.07.19.2
CEO_BARKED_TWICE,PUPPY,IL-INV-0013-03,quantity,INTEGER,,4,,,,,,false,5,genie/puppy/invoice_lines.csv,quantity,2026.07.19.2
CEO_BARKED_TWICE,PUPPY,IL-INV-0013-03,unit_price,DECIMAL,,,6851.25,,,,,false,6,genie/puppy/invoice_lines.csv,unit_price,2026.07.19.2
CEO_BARKED_TWICE,PUPPY,IL-INV-0013-03,line_amount,DECIMAL,,,27405.00,,,,,false,7,genie/puppy/invoice_lines.csv,line_amount,2026.07.19.2
CEO_BARKED_TWICE,PUPPY,IL-INV-0013-03,purchase_order_id,STRING,PO-26013,,,,,,,false,8,genie/puppy/invoice_lines.csv,purchase_order_id,2026.07.19.2
CEO_BARKED_TWICE,PUPPY,IL-INV-0013-04,invoice_line_id,STRING,IL-INV-0013-04,,,,,,,false,1,genie/puppy/invoice_lines.csv,invoice_line_id,2026.07.19.2
CEO_BARKED_TWICE,PUPPY,IL-INV-0013-04,invoice_id,STRING,INV-0013,,,,,,,false,2,genie/puppy/invoice_lines.csv,invoice_id,2026.07.19.2
CEO_BARKED_TWICE,PUPPY,IL-INV-0013-04,line_number,INTEGER,,4,,,,,,false,3,genie/puppy/invoice_lines.csv,line_number,2026.07.19.2
CEO_BARKED_TWICE,PUPPY,IL-INV-0013-04,description,STRING,Tax and administration,,,,,,,false,4,genie/puppy/invoice_lines.csv,description,2026.07.19.2
CEO_BARKED_TWICE,PUPPY,IL-INV-0013-04,quantity,INTEGER,,1,,,,,,false,5,genie/puppy/invoice_lines.csv,quantity,2026.07.19.2
CEO_BARKED_TWICE,PUPPY,IL-INV-0013-04,unit_price,DECIMAL,,,16965.00,,,,,false,6,genie/puppy/invoice_lines.csv,unit_price,2026.07.19.2
CEO_BARKED_TWICE,PUPPY,IL-INV-0013-04,line_amount,DECIMAL,,,16965.00,,,,,false,7,genie/puppy/invoice_lines.csv,line_amount,2026.07.19.2
CEO_BARKED_TWICE,PUPPY,IL-INV-0013-04,purchase_order_id,STRING,PO-26013,,,,,,,false,8,genie/puppy/invoice_lines.csv,purchase_order_id,2026.07.19.2
CEO_BARKED_TWICE,PUPPY,IL-INV-0014-01,invoice_line_id,STRING,IL-INV-0014-01,,,,,,,false,1,genie/puppy/invoice_lines.csv,invoice_line_id,2026.07.19.2
CEO_BARKED_TWICE,PUPPY,IL-INV-0014-01,invoice_id,STRING,INV-0014,,,,,,,false,2,genie/puppy/invoice_lines.csv,invoice_id,2026.07.19.2
CEO_BARKED_TWICE,PUPPY,IL-INV-0014-01,line_number,INTEGER,,1,,,,,,false,3,genie/puppy/invoice_lines.csv,line_number,2026.07.19.2
CEO_BARKED_TWICE,PUPPY,IL-INV-0014-01,description,STRING,Primary goods,,,,,,,false,4,genie/puppy/invoice_lines.csv,description,2026.07.19.2
CEO_BARKED_TWICE,PUPPY,IL-INV-0014-01,quantity,INTEGER,,12,,,,,,false,5,genie/puppy/invoice_lines.csv,quantity,2026.07.19.2
CEO_BARKED_TWICE,PUPPY,IL-INV-0014-01,unit_price,DECIMAL,,,4695.30,,,,,false,6,genie/puppy/invoice_lines.csv,unit_price,2026.07.19.2
CEO_BARKED_TWICE,PUPPY,IL-INV-0014-01,line_amount,DECIMAL,,,56343.60,,,,,false,7,genie/puppy/invoice_lines.csv,line_amount,2026.07.19.2
CEO_BARKED_TWICE,PUPPY,IL-INV-0014-01,purchase_order_id,STRING,PO-26014,,,,,,,false,8,genie/puppy/invoice_lines.csv,purchase_order_id,2026.07.19.2
CEO_BARKED_TWICE,PUPPY,IL-INV-0014-02,invoice_line_id,STRING,IL-INV-0014-02,,,,,,,false,1,genie/puppy/invoice_lines.csv,invoice_line_id,2026.07.19.2
CEO_BARKED_TWICE,PUPPY,IL-INV-0014-02,invoice_id,STRING,INV-0014,,,,,,,false,2,genie/puppy/invoice_lines.csv,invoice_id,2026.07.19.2
CEO_BARKED_TWICE,PUPPY,IL-INV-0014-02,line_number,INTEGER,,2,,,,,,false,3,genie/puppy/invoice_lines.csv,line_number,2026.07.19.2
CEO_BARKED_TWICE,PUPPY,IL-INV-0014-02,description,STRING,Freight and handling,,,,,,,false,4,genie/puppy/invoice_lines.csv,description,2026.07.19.2
CEO_BARKED_TWICE,PUPPY,IL-INV-0014-02,quantity,INTEGER,,8,,,,,,false,5,genie/puppy/invoice_lines.csv,quantity,2026.07.19.2
CEO_BARKED_TWICE,PUPPY,IL-INV-0014-02,unit_price,DECIMAL,,,5520.15,,,,,false,6,genie/puppy/invoice_lines.csv,unit_price,2026.07.19.2
CEO_BARKED_TWICE,PUPPY,IL-INV-0014-02,line_amount,DECIMAL,,,44161.20,,,,,false,7,genie/puppy/invoice_lines.csv,line_amount,2026.07.19.2
CEO_BARKED_TWICE,PUPPY,IL-INV-0014-02,purchase_order_id,STRING,PO-26014,,,,,,,false,8,genie/puppy/invoice_lines.csv,purchase_order_id,2026.07.19.2
CEO_BARKED_TWICE,PUPPY,IL-INV-0014-03,invoice_line_id,STRING,IL-INV-0014-03,,,,,,,false,1,genie/puppy/invoice_lines.csv,invoice_line_id,2026.07.19.2
CEO_BARKED_TWICE,PUPPY,IL-INV-0014-03,invoice_id,STRING,INV-0014,,,,,,,false,2,genie/puppy/invoice_lines.csv,invoice_id,2026.07.19.2
CEO_BARKED_TWICE,PUPPY,IL-INV-0014-03,line_number,INTEGER,,3,,,,,,false,3,genie/puppy/invoice_lines.csv,line_number,2026.07.19.2
CEO_BARKED_TWICE,PUPPY,IL-INV-0014-03,description,STRING,Calibration/service,,,,,,,false,4,genie/puppy/invoice_lines.csv,description,2026.07.19.2
CEO_BARKED_TWICE,PUPPY,IL-INV-0014-03,quantity,INTEGER,,4,,,,,,false,5,genie/puppy/invoice_lines.csv,quantity,2026.07.19.2
CEO_BARKED_TWICE,PUPPY,IL-INV-0014-03,unit_price,DECIMAL,,,7994.70,,,,,false,6,genie/puppy/invoice_lines.csv,unit_price,2026.07.19.2
CEO_BARKED_TWICE,PUPPY,IL-INV-0014-03,line_amount,DECIMAL,,,31978.80,,,,,false,7,genie/puppy/invoice_lines.csv,line_amount,2026.07.19.2
CEO_BARKED_TWICE,PUPPY,IL-INV-0014-03,purchase_order_id,STRING,PO-26014,,,,,,,false,8,genie/puppy/invoice_lines.csv,purchase_order_id,2026.07.19.2
CEO_BARKED_TWICE,PUPPY,IL-INV-0014-04,invoice_line_id,STRING,IL-INV-0014-04,,,,,,,false,1,genie/puppy/invoice_lines.csv,invoice_line_id,2026.07.19.2
CEO_BARKED_TWICE,PUPPY,IL-INV-0014-04,invoice_id,STRING,INV-0014,,,,,,,false,2,genie/puppy/invoice_lines.csv,invoice_id,2026.07.19.2
CEO_BARKED_TWICE,PUPPY,IL-INV-0014-04,line_number,INTEGER,,4,,,,,,false,3,genie/puppy/invoice_lines.csv,line_number,2026.07.19.2
CEO_BARKED_TWICE,PUPPY,IL-INV-0014-04,description,STRING,Tax and administration,,,,,,,false,4,genie/puppy/invoice_lines.csv,description,2026.07.19.2
CEO_BARKED_TWICE,PUPPY,IL-INV-0014-04,quantity,INTEGER,,1,,,,,,false,5,genie/puppy/invoice_lines.csv,quantity,2026.07.19.2
CEO_BARKED_TWICE,PUPPY,IL-INV-0014-04,unit_price,DECIMAL,,,19796.40,,,,,false,6,genie/puppy/invoice_lines.csv,unit_price,2026.07.19.2
CEO_BARKED_TWICE,PUPPY,IL-INV-0014-04,line_amount,DECIMAL,,,19796.40,,,,,false,7,genie/puppy/invoice_lines.csv,line_amount,2026.07.19.2
CEO_BARKED_TWICE,PUPPY,IL-INV-0014-04,purchase_order_id,STRING,PO-26014,,,,,,,false,8,genie/puppy/invoice_lines.csv,purchase_order_id,2026.07.19.2
CEO_BARKED_TWICE,PUPPY,IL-INV-0015-01,invoice_line_id,STRING,IL-INV-0015-01,,,,,,,false,1,genie/puppy/invoice_lines.csv,invoice_line_id,2026.07.19.2
CEO_BARKED_TWICE,PUPPY,IL-INV-0015-01,invoice_id,STRING,INV-0015,,,,,,,false,2,genie/puppy/invoice_lines.csv,invoice_id,2026.07.19.2
CEO_BARKED_TWICE,PUPPY,IL-INV-0015-01,line_number,INTEGER,,1,,,,,,false,3,genie/puppy/invoice_lines.csv,line_number,2026.07.19.2
CEO_BARKED_TWICE,PUPPY,IL-INV-0015-01,description,STRING,Primary goods,,,,,,,false,4,genie/puppy/invoice_lines.csv,description,2026.07.19.2
CEO_BARKED_TWICE,PUPPY,IL-INV-0015-01,quantity,INTEGER,,12,,,,,,false,5,genie/puppy/invoice_lines.csv,quantity,2026.07.19.2
CEO_BARKED_TWICE,PUPPY,IL-INV-0015-01,unit_price,DECIMAL,,,5408.78,,,,,false,6,genie/puppy/invoice_lines.csv,unit_price,2026.07.19.2
CEO_BARKED_TWICE,PUPPY,IL-INV-0015-01,line_amount,DECIMAL,,,64905.40,,,,,false,7,genie/puppy/invoice_lines.csv,line_amount,2026.07.19.2
CEO_BARKED_TWICE,PUPPY,IL-INV-0015-01,purchase_order_id,STRING,PO-26015,,,,,,,false,8,genie/puppy/invoice_lines.csv,purchase_order_id,2026.07.19.2
CEO_BARKED_TWICE,PUPPY,IL-INV-0015-02,invoice_line_id,STRING,IL-INV-0015-02,,,,,,,false,1,genie/puppy/invoice_lines.csv,invoice_line_id,2026.07.19.2
CEO_BARKED_TWICE,PUPPY,IL-INV-0015-02,invoice_id,STRING,INV-0015,,,,,,,false,2,genie/puppy/invoice_lines.csv,invoice_id,2026.07.19.2
CEO_BARKED_TWICE,PUPPY,IL-INV-0015-02,line_number,INTEGER,,2,,,,,,false,3,genie/puppy/invoice_lines.csv,line_number,2026.07.19.2
CEO_BARKED_TWICE,PUPPY,IL-INV-0015-02,description,STRING,Freight and handling,,,,,,,false,4,genie/puppy/invoice_lines.csv,description,2026.07.19.2
CEO_BARKED_TWICE,PUPPY,IL-INV-0015-02,quantity,INTEGER,,8,,,,,,false,5,genie/puppy/invoice_lines.csv,quantity,2026.07.19.2
CEO_BARKED_TWICE,PUPPY,IL-INV-0015-02,unit_price,DECIMAL,,,6358.97,,,,,false,6,genie/puppy/invoice_lines.csv,unit_price,2026.07.19.2
CEO_BARKED_TWICE,PUPPY,IL-INV-0015-02,line_amount,DECIMAL,,,50871.80,,,,,false,7,genie/puppy/invoice_lines.csv,line_amount,2026.07.19.2
CEO_BARKED_TWICE,PUPPY,IL-INV-0015-02,purchase_order_id,STRING,PO-26015,,,,,,,false,8,genie/puppy/invoice_lines.csv,purchase_order_id,2026.07.19.2
CEO_BARKED_TWICE,PUPPY,IL-INV-0015-03,invoice_line_id,STRING,IL-INV-0015-03,,,,,,,false,1,genie/puppy/invoice_lines.csv,invoice_line_id,2026.07.19.2
CEO_BARKED_TWICE,PUPPY,IL-INV-0015-03,invoice_id,STRING,INV-0015,,,,,,,false,2,genie/puppy/invoice_lines.csv,invoice_id,2026.07.19.2
CEO_BARKED_TWICE,PUPPY,IL-INV-0015-03,line_number,INTEGER,,3,,,,,,false,3,genie/puppy/invoice_lines.csv,line_number,2026.07.19.2
CEO_BARKED_TWICE,PUPPY,IL-INV-0015-03,description,STRING,Calibration/service,,,,,,,false,4,genie/puppy/invoice_lines.csv,description,2026.07.19.2
CEO_BARKED_TWICE,PUPPY,IL-INV-0015-03,quantity,INTEGER,,4,,,,,,false,5,genie/puppy/invoice_lines.csv,quantity,2026.07.19.2
CEO_BARKED_TWICE,PUPPY,IL-INV-0015-03,unit_price,DECIMAL,,,9209.55,,,,,false,6,genie/puppy/invoice_lines.csv,unit_price,2026.07.19.2
CEO_BARKED_TWICE,PUPPY,IL-INV-0015-03,line_amount,DECIMAL,,,36838.20,,,,,false,7,genie/puppy/invoice_lines.csv,line_amount,2026.07.19.2
CEO_BARKED_TWICE,PUPPY,IL-INV-0015-03,purchase_order_id,STRING,PO-26015,,,,,,,false,8,genie/puppy/invoice_lines.csv,purchase_order_id,2026.07.19.2
CEO_BARKED_TWICE,PUPPY,IL-INV-0015-04,invoice_line_id,STRING,IL-INV-0015-04,,,,,,,false,1,genie/puppy/invoice_lines.csv,invoice_line_id,2026.07.19.2
CEO_BARKED_TWICE,PUPPY,IL-INV-0015-04,invoice_id,STRING,INV-0015,,,,,,,false,2,genie/puppy/invoice_lines.csv,invoice_id,2026.07.19.2
CEO_BARKED_TWICE,PUPPY,IL-INV-0015-04,line_number,INTEGER,,4,,,,,,false,3,genie/puppy/invoice_lines.csv,line_number,2026.07.19.2
CEO_BARKED_TWICE,PUPPY,IL-INV-0015-04,description,STRING,Tax and administration,,,,,,,false,4,genie/puppy/invoice_lines.csv,description,2026.07.19.2
CEO_BARKED_TWICE,PUPPY,IL-INV-0015-04,quantity,INTEGER,,1,,,,,,false,5,genie/puppy/invoice_lines.csv,quantity,2026.07.19.2
CEO_BARKED_TWICE,PUPPY,IL-INV-0015-04,unit_price,DECIMAL,,,22804.60,,,,,false,6,genie/puppy/invoice_lines.csv,unit_price,2026.07.19.2
CEO_BARKED_TWICE,PUPPY,IL-INV-0015-04,line_amount,DECIMAL,,,22804.60,,,,,false,7,genie/puppy/invoice_lines.csv,line_amount,2026.07.19.2
CEO_BARKED_TWICE,PUPPY,IL-INV-0015-04,purchase_order_id,STRING,PO-26015,,,,,,,false,8,genie/puppy/invoice_lines.csv,purchase_order_id,2026.07.19.2
CEO_BARKED_TWICE,PUPPY,IL-INV-0016-01,invoice_line_id,STRING,IL-INV-0016-01,,,,,,,false,1,genie/puppy/invoice_lines.csv,invoice_line_id,2026.07.19.2
CEO_BARKED_TWICE,PUPPY,IL-INV-0016-01,invoice_id,STRING,INV-0016,,,,,,,false,2,genie/puppy/invoice_lines.csv,invoice_id,2026.07.19.2
CEO_BARKED_TWICE,PUPPY,IL-INV-0016-01,line_number,INTEGER,,1,,,,,,false,3,genie/puppy/invoice_lines.csv,line_number,2026.07.19.2
CEO_BARKED_TWICE,PUPPY,IL-INV-0016-01,description,STRING,Primary goods,,,,,,,false,4,genie/puppy/invoice_lines.csv,description,2026.07.19.2
CEO_BARKED_TWICE,PUPPY,IL-INV-0016-01,quantity,INTEGER,,12,,,,,,false,5,genie/puppy/invoice_lines.csv,quantity,2026.07.19.2
CEO_BARKED_TWICE,PUPPY,IL-INV-0016-01,unit_price,DECIMAL,,,4955.53,,,,,false,6,genie/puppy/invoice_lines.csv,unit_price,2026.07.19.2
CEO_BARKED_TWICE,PUPPY,IL-INV-0016-01,line_amount,DECIMAL,,,59466.40,,,,,false,7,genie/puppy/invoice_lines.csv,line_amount,2026.07.19.2
CEO_BARKED_TWICE,PUPPY,IL-INV-0016-01,purchase_order_id,STRING,PO-26016,,,,,,,false,8,genie/puppy/invoice_lines.csv,purchase_order_id,2026.07.19.2
CEO_BARKED_TWICE,PUPPY,IL-INV-0016-02,invoice_line_id,STRING,IL-INV-0016-02,,,,,,,false,1,genie/puppy/invoice_lines.csv,invoice_line_id,2026.07.19.2
CEO_BARKED_TWICE,PUPPY,IL-INV-0016-02,invoice_id,STRING,INV-0016,,,,,,,false,2,genie/puppy/invoice_lines.csv,invoice_id,2026.07.19.2
CEO_BARKED_TWICE,PUPPY,IL-INV-0016-02,line_number,INTEGER,,2,,,,,,false,3,genie/puppy/invoice_lines.csv,line_number,2026.07.19.2
CEO_BARKED_TWICE,PUPPY,IL-INV-0016-02,description,STRING,Freight and handling,,,,,,,false,4,genie/puppy/invoice_lines.csv,description,2026.07.19.2
CEO_BARKED_TWICE,PUPPY,IL-INV-0016-02,quantity,INTEGER,,8,,,,,,false,5,genie/puppy/invoice_lines.csv,quantity,2026.07.19.2
CEO_BARKED_TWICE,PUPPY,IL-INV-0016-02,unit_price,DECIMAL,,,5826.10,,,,,false,6,genie/puppy/invoice_lines.csv,unit_price,2026.07.19.2
CEO_BARKED_TWICE,PUPPY,IL-INV-0016-02,line_amount,DECIMAL,,,46608.80,,,,,false,7,genie/puppy/invoice_lines.csv,line_amount,2026.07.19.2
CEO_BARKED_TWICE,PUPPY,IL-INV-0016-02,purchase_order_id,STRING,PO-26016,,,,,,,false,8,genie/puppy/invoice_lines.csv,purchase_order_id,2026.07.19.2
CEO_BARKED_TWICE,PUPPY,IL-INV-0016-03,invoice_line_id,STRING,IL-INV-0016-03,,,,,,,false,1,genie/puppy/invoice_lines.csv,invoice_line_id,2026.07.19.2
CEO_BARKED_TWICE,PUPPY,IL-INV-0016-03,invoice_id,STRING,INV-0016,,,,,,,false,2,genie/puppy/invoice_lines.csv,invoice_id,2026.07.19.2
CEO_BARKED_TWICE,PUPPY,IL-INV-0016-03,line_number,INTEGER,,3,,,,,,false,3,genie/puppy/invoice_lines.csv,line_number,2026.07.19.2
CEO_BARKED_TWICE,PUPPY,IL-INV-0016-03,description,STRING,Calibration/service,,,,,,,false,4,genie/puppy/invoice_lines.csv,description,2026.07.19.2
CEO_BARKED_TWICE,PUPPY,IL-INV-0016-03,quantity,INTEGER,,4,,,,,,false,5,genie/puppy/invoice_lines.csv,quantity,2026.07.19.2
CEO_BARKED_TWICE,PUPPY,IL-INV-0016-03,unit_price,DECIMAL,,,8437.80,,,,,false,6,genie/puppy/invoice_lines.csv,unit_price,2026.07.19.2
CEO_BARKED_TWICE,PUPPY,IL-INV-0016-03,line_amount,DECIMAL,,,33751.20,,,,,false,7,genie/puppy/invoice_lines.csv,line_amount,2026.07.19.2
CEO_BARKED_TWICE,PUPPY,IL-INV-0016-03,purchase_order_id,STRING,PO-26016,,,,,,,false,8,genie/puppy/invoice_lines.csv,purchase_order_id,2026.07.19.2
CEO_BARKED_TWICE,PUPPY,IL-INV-0016-04,invoice_line_id,STRING,IL-INV-0016-04,,,,,,,false,1,genie/puppy/invoice_lines.csv,invoice_line_id,2026.07.19.2
CEO_BARKED_TWICE,PUPPY,IL-INV-0016-04,invoice_id,STRING,INV-0016,,,,,,,false,2,genie/puppy/invoice_lines.csv,invoice_id,2026.07.19.2
CEO_BARKED_TWICE,PUPPY,IL-INV-0016-04,line_number,INTEGER,,4,,,,,,false,3,genie/puppy/invoice_lines.csv,line_number,2026.07.19.2
CEO_BARKED_TWICE,PUPPY,IL-INV-0016-04,description,STRING,Tax and administration,,,,,,,false,4,genie/puppy/invoice_lines.csv,description,2026.07.19.2
CEO_BARKED_TWICE,PUPPY,IL-INV-0016-04,quantity,INTEGER,,1,,,,,,false,5,genie/puppy/invoice_lines.csv,quantity,2026.07.19.2
CEO_BARKED_TWICE,PUPPY,IL-INV-0016-04,unit_price,DECIMAL,,,20893.60,,,,,false,6,genie/puppy/invoice_lines.csv,unit_price,2026.07.19.2
CEO_BARKED_TWICE,PUPPY,IL-INV-0016-04,line_amount,DECIMAL,,,20893.60,,,,,false,7,genie/puppy/invoice_lines.csv,line_amount,2026.07.19.2
CEO_BARKED_TWICE,PUPPY,IL-INV-0016-04,purchase_order_id,STRING,PO-26016,,,,,,,false,8,genie/puppy/invoice_lines.csv,purchase_order_id,2026.07.19.2
CEO_BARKED_TWICE,PUPPY,IL-INV-0017-01,invoice_line_id,STRING,IL-INV-0017-01,,,,,,,false,1,genie/puppy/invoice_lines.csv,invoice_line_id,2026.07.19.2
CEO_BARKED_TWICE,PUPPY,IL-INV-0017-01,invoice_id,STRING,INV-0017,,,,,,,false,2,genie/puppy/invoice_lines.csv,invoice_id,2026.07.19.2
CEO_BARKED_TWICE,PUPPY,IL-INV-0017-01,line_number,INTEGER,,1,,,,,,false,3,genie/puppy/invoice_lines.csv,line_number,2026.07.19.2
CEO_BARKED_TWICE,PUPPY,IL-INV-0017-01,description,STRING,Primary goods,,,,,,,false,4,genie/puppy/invoice_lines.csv,description,2026.07.19.2
CEO_BARKED_TWICE,PUPPY,IL-INV-0017-01,quantity,INTEGER,,12,,,,,,false,5,genie/puppy/invoice_lines.csv,quantity,2026.07.19.2
CEO_BARKED_TWICE,PUPPY,IL-INV-0017-01,unit_price,DECIMAL,,,5648.05,,,,,false,6,genie/puppy/invoice_lines.csv,unit_price,2026.07.19.2
CEO_BARKED_TWICE,PUPPY,IL-INV-0017-01,line_amount,DECIMAL,,,67776.60,,,,,false,7,genie/puppy/invoice_lines.csv,line_amount,2026.07.19.2
CEO_BARKED_TWICE,PUPPY,IL-INV-0017-01,purchase_order_id,STRING,PO-26017,,,,,,,false,8,genie/puppy/invoice_lines.csv,purchase_order_id,2026.07.19.2
CEO_BARKED_TWICE,PUPPY,IL-INV-0017-02,invoice_line_id,STRING,IL-INV-0017-02,,,,,,,false,1,genie/puppy/invoice_lines.csv,invoice_line_id,2026.07.19.2
CEO_BARKED_TWICE,PUPPY,IL-INV-0017-02,invoice_id,STRING,INV-0017,,,,,,,false,2,genie/puppy/invoice_lines.csv,invoice_id,2026.07.19.2
CEO_BARKED_TWICE,PUPPY,IL-INV-0017-02,line_number,INTEGER,,2,,,,,,false,3,genie/puppy/invoice_lines.csv,line_number,2026.07.19.2
CEO_BARKED_TWICE,PUPPY,IL-INV-0017-02,description,STRING,Freight and handling,,,,,,,false,4,genie/puppy/invoice_lines.csv,description,2026.07.19.2
CEO_BARKED_TWICE,PUPPY,IL-INV-0017-02,quantity,INTEGER,,8,,,,,,false,5,genie/puppy/invoice_lines.csv,quantity,2026.07.19.2
CEO_BARKED_TWICE,PUPPY,IL-INV-0017-02,unit_price,DECIMAL,,,6640.27,,,,,false,6,genie/puppy/invoice_lines.csv,unit_price,2026.07.19.2
CEO_BARKED_TWICE,PUPPY,IL-INV-0017-02,line_amount,DECIMAL,,,53122.20,,,,,false,7,genie/puppy/invoice_lines.csv,line_amount,2026.07.19.2
CEO_BARKED_TWICE,PUPPY,IL-INV-0017-02,purchase_order_id,STRING,PO-26017,,,,,,,false,8,genie/puppy/invoice_lines.csv,purchase_order_id,2026.07.19.2
CEO_BARKED_TWICE,PUPPY,IL-INV-0017-03,invoice_line_id,STRING,IL-INV-0017-03,,,,,,,false,1,genie/puppy/invoice_lines.csv,invoice_line_id,2026.07.19.2
CEO_BARKED_TWICE,PUPPY,IL-INV-0017-03,invoice_id,STRING,INV-0017,,,,,,,false,2,genie/puppy/invoice_lines.csv,invoice_id,2026.07.19.2
CEO_BARKED_TWICE,PUPPY,IL-INV-0017-03,line_number,INTEGER,,3,,,,,,false,3,genie/puppy/invoice_lines.csv,line_number,2026.07.19.2
CEO_BARKED_TWICE,PUPPY,IL-INV-0017-03,description,STRING,Calibration/service,,,,,,,false,4,genie/puppy/invoice_lines.csv,description,2026.07.19.2
CEO_BARKED_TWICE,PUPPY,IL-INV-0017-03,quantity,INTEGER,,4,,,,,,false,5,genie/puppy/invoice_lines.csv,quantity,2026.07.19.2
CEO_BARKED_TWICE,PUPPY,IL-INV-0017-03,unit_price,DECIMAL,,,9616.95,,,,,false,6,genie/puppy/invoice_lines.csv,unit_price,2026.07.19.2
CEO_BARKED_TWICE,PUPPY,IL-INV-0017-03,line_amount,DECIMAL,,,38467.80,,,,,false,7,genie/puppy/invoice_lines.csv,line_amount,2026.07.19.2
CEO_BARKED_TWICE,PUPPY,IL-INV-0017-03,purchase_order_id,STRING,PO-26017,,,,,,,false,8,genie/puppy/invoice_lines.csv,purchase_order_id,2026.07.19.2
CEO_BARKED_TWICE,PUPPY,IL-INV-0017-04,invoice_line_id,STRING,IL-INV-0017-04,,,,,,,false,1,genie/puppy/invoice_lines.csv,invoice_line_id,2026.07.19.2
CEO_BARKED_TWICE,PUPPY,IL-INV-0017-04,invoice_id,STRING,INV-0017,,,,,,,false,2,genie/puppy/invoice_lines.csv,invoice_id,2026.07.19.2
CEO_BARKED_TWICE,PUPPY,IL-INV-0017-04,line_number,INTEGER,,4,,,,,,false,3,genie/puppy/invoice_lines.csv,line_number,2026.07.19.2
CEO_BARKED_TWICE,PUPPY,IL-INV-0017-04,description,STRING,Tax and administration,,,,,,,false,4,genie/puppy/invoice_lines.csv,description,2026.07.19.2
CEO_BARKED_TWICE,PUPPY,IL-INV-0017-04,quantity,INTEGER,,1,,,,,,false,5,genie/puppy/invoice_lines.csv,quantity,2026.07.19.2
CEO_BARKED_TWICE,PUPPY,IL-INV-0017-04,unit_price,DECIMAL,,,23813.40,,,,,false,6,genie/puppy/invoice_lines.csv,unit_price,2026.07.19.2
CEO_BARKED_TWICE,PUPPY,IL-INV-0017-04,line_amount,DECIMAL,,,23813.40,,,,,false,7,genie/puppy/invoice_lines.csv,line_amount,2026.07.19.2
CEO_BARKED_TWICE,PUPPY,IL-INV-0017-04,purchase_order_id,STRING,PO-26017,,,,,,,false,8,genie/puppy/invoice_lines.csv,purchase_order_id,2026.07.19.2
CEO_BARKED_TWICE,PUPPY,IL-INV-0018-01,invoice_line_id,STRING,IL-INV-0018-01,,,,,,,false,1,genie/puppy/invoice_lines.csv,invoice_line_id,2026.07.19.2
CEO_BARKED_TWICE,PUPPY,IL-INV-0018-01,invoice_id,STRING,INV-0018,,,,,,,false,2,genie/puppy/invoice_lines.csv,invoice_id,2026.07.19.2
CEO_BARKED_TWICE,PUPPY,IL-INV-0018-01,line_number,INTEGER,,1,,,,,,false,3,genie/puppy/invoice_lines.csv,line_number,2026.07.19.2
CEO_BARKED_TWICE,PUPPY,IL-INV-0018-01,description,STRING,Primary goods,,,,,,,false,4,genie/puppy/invoice_lines.csv,description,2026.07.19.2
CEO_BARKED_TWICE,PUPPY,IL-INV-0018-01,quantity,INTEGER,,12,,,,,,false,5,genie/puppy/invoice_lines.csv,quantity,2026.07.19.2
CEO_BARKED_TWICE,PUPPY,IL-INV-0018-01,unit_price,DECIMAL,,,6382.50,,,,,false,6,genie/puppy/invoice_lines.csv,unit_price,2026.07.19.2
CEO_BARKED_TWICE,PUPPY,IL-INV-0018-01,line_amount,DECIMAL,,,76590.00,,,,,false,7,genie/puppy/invoice_lines.csv,line_amount,2026.07.19.2
CEO_BARKED_TWICE,PUPPY,IL-INV-0018-01,purchase_order_id,STRING,PO-26018,,,,,,,false,8,genie/puppy/invoice_lines.csv,purchase_order_id,2026.07.19.2
CEO_BARKED_TWICE,PUPPY,IL-INV-0018-02,invoice_line_id,STRING,IL-INV-0018-02,,,,,,,false,1,genie/puppy/invoice_lines.csv,invoice_line_id,2026.07.19.2
CEO_BARKED_TWICE,PUPPY,IL-INV-0018-02,invoice_id,STRING,INV-0018,,,,,,,false,2,genie/puppy/invoice_lines.csv,invoice_id,2026.07.19.2
CEO_BARKED_TWICE,PUPPY,IL-INV-0018-02,line_number,INTEGER,,2,,,,,,false,3,genie/puppy/invoice_lines.csv,line_number,2026.07.19.2
CEO_BARKED_TWICE,PUPPY,IL-INV-0018-02,description,STRING,Freight and handling,,,,,,,false,4,genie/puppy/invoice_lines.csv,description,2026.07.19.2
CEO_BARKED_TWICE,PUPPY,IL-INV-0018-02,quantity,INTEGER,,8,,,,,,false,5,genie/puppy/invoice_lines.csv,quantity,2026.07.19.2
CEO_BARKED_TWICE,PUPPY,IL-INV-0018-02,unit_price,DECIMAL,,,7503.75,,,,,false,6,genie/puppy/invoice_lines.csv,unit_price,2026.07.19.2
CEO_BARKED_TWICE,PUPPY,IL-INV-0018-02,line_amount,DECIMAL,,,60030.00,,,,,false,7,genie/puppy/invoice_lines.csv,line_amount,2026.07.19.2
CEO_BARKED_TWICE,PUPPY,IL-INV-0018-02,purchase_order_id,STRING,PO-26018,,,,,,,false,8,genie/puppy/invoice_lines.csv,purchase_order_id,2026.07.19.2
CEO_BARKED_TWICE,PUPPY,IL-INV-0018-03,invoice_line_id,STRING,IL-INV-0018-03,,,,,,,false,1,genie/puppy/invoice_lines.csv,invoice_line_id,2026.07.19.2
CEO_BARKED_TWICE,PUPPY,IL-INV-0018-03,invoice_id,STRING,INV-0018,,,,,,,false,2,genie/puppy/invoice_lines.csv,invoice_id,2026.07.19.2
CEO_BARKED_TWICE,PUPPY,IL-INV-0018-03,line_number,INTEGER,,3,,,,,,false,3,genie/puppy/invoice_lines.csv,line_number,2026.07.19.2
CEO_BARKED_TWICE,PUPPY,IL-INV-0018-03,description,STRING,Calibration/service,,,,,,,false,4,genie/puppy/invoice_lines.csv,description,2026.07.19.2
CEO_BARKED_TWICE,PUPPY,IL-INV-0018-03,quantity,INTEGER,,4,,,,,,false,5,genie/puppy/invoice_lines.csv,quantity,2026.07.19.2
CEO_BARKED_TWICE,PUPPY,IL-INV-0018-03,unit_price,DECIMAL,,,10867.50,,,,,false,6,genie/puppy/invoice_lines.csv,unit_price,2026.07.19.2
CEO_BARKED_TWICE,PUPPY,IL-INV-0018-03,line_amount,DECIMAL,,,43470.00,,,,,false,7,genie/puppy/invoice_lines.csv,line_amount,2026.07.19.2
CEO_BARKED_TWICE,PUPPY,IL-INV-0018-03,purchase_order_id,STRING,PO-26018,,,,,,,false,8,genie/puppy/invoice_lines.csv,purchase_order_id,2026.07.19.2
CEO_BARKED_TWICE,PUPPY,IL-INV-0018-04,invoice_line_id,STRING,IL-INV-0018-04,,,,,,,false,1,genie/puppy/invoice_lines.csv,invoice_line_id,2026.07.19.2
CEO_BARKED_TWICE,PUPPY,IL-INV-0018-04,invoice_id,STRING,INV-0018,,,,,,,false,2,genie/puppy/invoice_lines.csv,invoice_id,2026.07.19.2
CEO_BARKED_TWICE,PUPPY,IL-INV-0018-04,line_number,INTEGER,,4,,,,,,false,3,genie/puppy/invoice_lines.csv,line_number,2026.07.19.2
CEO_BARKED_TWICE,PUPPY,IL-INV-0018-04,description,STRING,Tax and administration,,,,,,,false,4,genie/puppy/invoice_lines.csv,description,2026.07.19.2
CEO_BARKED_TWICE,PUPPY,IL-INV-0018-04,quantity,INTEGER,,1,,,,,,false,5,genie/puppy/invoice_lines.csv,quantity,2026.07.19.2
CEO_BARKED_TWICE,PUPPY,IL-INV-0018-04,unit_price,DECIMAL,,,26910.00,,,,,false,6,genie/puppy/invoice_lines.csv,unit_price,2026.07.19.2
CEO_BARKED_TWICE,PUPPY,IL-INV-0018-04,line_amount,DECIMAL,,,26910.00,,,,,false,7,genie/puppy/invoice_lines.csv,line_amount,2026.07.19.2
CEO_BARKED_TWICE,PUPPY,IL-INV-0018-04,purchase_order_id,STRING,PO-26018,,,,,,,false,8,genie/puppy/invoice_lines.csv,purchase_order_id,2026.07.19.2
CEO_BARKED_TWICE,PUPPY,IL-INV-0019-01,invoice_line_id,STRING,IL-INV-0019-01,,,,,,,false,1,genie/puppy/invoice_lines.csv,invoice_line_id,2026.07.19.2
CEO_BARKED_TWICE,PUPPY,IL-INV-0019-01,invoice_id,STRING,INV-0019,,,,,,,false,2,genie/puppy/invoice_lines.csv,invoice_id,2026.07.19.2
CEO_BARKED_TWICE,PUPPY,IL-INV-0019-01,line_number,INTEGER,,1,,,,,,false,3,genie/puppy/invoice_lines.csv,line_number,2026.07.19.2
CEO_BARKED_TWICE,PUPPY,IL-INV-0019-01,description,STRING,Primary goods,,,,,,,false,4,genie/puppy/invoice_lines.csv,description,2026.07.19.2
CEO_BARKED_TWICE,PUPPY,IL-INV-0019-01,quantity,INTEGER,,12,,,,,,false,5,genie/puppy/invoice_lines.csv,quantity,2026.07.19.2
CEO_BARKED_TWICE,PUPPY,IL-INV-0019-01,unit_price,DECIMAL,,,2724.43,,,,,false,6,genie/puppy/invoice_lines.csv,unit_price,2026.07.19.2
CEO_BARKED_TWICE,PUPPY,IL-INV-0019-01,line_amount,DECIMAL,,,32693.20,,,,,false,7,genie/puppy/invoice_lines.csv,line_amount,2026.07.19.2
CEO_BARKED_TWICE,PUPPY,IL-INV-0019-01,purchase_order_id,STRING,PO-26019,,,,,,,false,8,genie/puppy/invoice_lines.csv,purchase_order_id,2026.07.19.2
CEO_BARKED_TWICE,PUPPY,IL-INV-0019-02,invoice_line_id,STRING,IL-INV-0019-02,,,,,,,false,1,genie/puppy/invoice_lines.csv,invoice_line_id,2026.07.19.2
CEO_BARKED_TWICE,PUPPY,IL-INV-0019-02,invoice_id,STRING,INV-0019,,,,,,,false,2,genie/puppy/invoice_lines.csv,invoice_id,2026.07.19.2
CEO_BARKED_TWICE,PUPPY,IL-INV-0019-02,line_number,INTEGER,,2,,,,,,false,3,genie/puppy/invoice_lines.csv,line_number,2026.07.19.2
CEO_BARKED_TWICE,PUPPY,IL-INV-0019-02,description,STRING,Freight and handling,,,,,,,false,4,genie/puppy/invoice_lines.csv,description,2026.07.19.2
CEO_BARKED_TWICE,PUPPY,IL-INV-0019-02,quantity,INTEGER,,8,,,,,,false,5,genie/puppy/invoice_lines.csv,quantity,2026.07.19.2
CEO_BARKED_TWICE,PUPPY,IL-INV-0019-02,unit_price,DECIMAL,,,3203.05,,,,,false,6,genie/puppy/invoice_lines.csv,unit_price,2026.07.19.2
CEO_BARKED_TWICE,PUPPY,IL-INV-0019-02,line_amount,DECIMAL,,,25624.40,,,,,false,7,genie/puppy/invoice_lines.csv,line_amount,2026.07.19.2
CEO_BARKED_TWICE,PUPPY,IL-INV-0019-02,purchase_order_id,STRING,PO-26019,,,,,,,false,8,genie/puppy/invoice_lines.csv,purchase_order_id,2026.07.19.2
CEO_BARKED_TWICE,PUPPY,IL-INV-0019-03,invoice_line_id,STRING,IL-INV-0019-03,,,,,,,false,1,genie/puppy/invoice_lines.csv,invoice_line_id,2026.07.19.2
CEO_BARKED_TWICE,PUPPY,IL-INV-0019-03,invoice_id,STRING,INV-0019,,,,,,,false,2,genie/puppy/invoice_lines.csv,invoice_id,2026.07.19.2
CEO_BARKED_TWICE,PUPPY,IL-INV-0019-03,line_number,INTEGER,,3,,,,,,false,3,genie/puppy/invoice_lines.csv,line_number,2026.07.19.2
CEO_BARKED_TWICE,PUPPY,IL-INV-0019-03,description,STRING,Calibration/service,,,,,,,false,4,genie/puppy/invoice_lines.csv,description,2026.07.19.2
CEO_BARKED_TWICE,PUPPY,IL-INV-0019-03,quantity,INTEGER,,4,,,,,,false,5,genie/puppy/invoice_lines.csv,quantity,2026.07.19.2
CEO_BARKED_TWICE,PUPPY,IL-INV-0019-03,unit_price,DECIMAL,,,4638.90,,,,,false,6,genie/puppy/invoice_lines.csv,unit_price,2026.07.19.2
CEO_BARKED_TWICE,PUPPY,IL-INV-0019-03,line_amount,DECIMAL,,,18555.60,,,,,false,7,genie/puppy/invoice_lines.csv,line_amount,2026.07.19.2
CEO_BARKED_TWICE,PUPPY,IL-INV-0019-03,purchase_order_id,STRING,PO-26019,,,,,,,false,8,genie/puppy/invoice_lines.csv,purchase_order_id,2026.07.19.2
CEO_BARKED_TWICE,PUPPY,IL-INV-0019-04,invoice_line_id,STRING,IL-INV-0019-04,,,,,,,false,1,genie/puppy/invoice_lines.csv,invoice_line_id,2026.07.19.2
CEO_BARKED_TWICE,PUPPY,IL-INV-0019-04,invoice_id,STRING,INV-0019,,,,,,,false,2,genie/puppy/invoice_lines.csv,invoice_id,2026.07.19.2
CEO_BARKED_TWICE,PUPPY,IL-INV-0019-04,line_number,INTEGER,,4,,,,,,false,3,genie/puppy/invoice_lines.csv,line_number,2026.07.19.2
CEO_BARKED_TWICE,PUPPY,IL-INV-0019-04,description,STRING,Tax and administration,,,,,,,false,4,genie/puppy/invoice_lines.csv,description,2026.07.19.2
CEO_BARKED_TWICE,PUPPY,IL-INV-0019-04,quantity,INTEGER,,1,,,,,,false,5,genie/puppy/invoice_lines.csv,quantity,2026.07.19.2
CEO_BARKED_TWICE,PUPPY,IL-INV-0019-04,unit_price,DECIMAL,,,11486.80,,,,,false,6,genie/puppy/invoice_lines.csv,unit_price,2026.07.19.2
CEO_BARKED_TWICE,PUPPY,IL-INV-0019-04,line_amount,DECIMAL,,,11486.80,,,,,false,7,genie/puppy/invoice_lines.csv,line_amount,2026.07.19.2
CEO_BARKED_TWICE,PUPPY,IL-INV-0019-04,purchase_order_id,STRING,PO-26019,,,,,,,false,8,genie/puppy/invoice_lines.csv,purchase_order_id,2026.07.19.2
CEO_BARKED_TWICE,PUPPY,IL-INV-0020-01,invoice_line_id,STRING,IL-INV-0020-01,,,,,,,false,1,genie/puppy/invoice_lines.csv,invoice_line_id,2026.07.19.2
CEO_BARKED_TWICE,PUPPY,IL-INV-0020-01,invoice_id,STRING,INV-0020,,,,,,,false,2,genie/puppy/invoice_lines.csv,invoice_id,2026.07.19.2
CEO_BARKED_TWICE,PUPPY,IL-INV-0020-01,line_number,INTEGER,,1,,,,,,false,3,genie/puppy/invoice_lines.csv,line_number,2026.07.19.2
CEO_BARKED_TWICE,PUPPY,IL-INV-0020-01,description,STRING,Primary goods,,,,,,,false,4,genie/puppy/invoice_lines.csv,description,2026.07.19.2
CEO_BARKED_TWICE,PUPPY,IL-INV-0020-01,quantity,INTEGER,,12,,,,,,false,5,genie/puppy/invoice_lines.csv,quantity,2026.07.19.2
CEO_BARKED_TWICE,PUPPY,IL-INV-0020-01,unit_price,DECIMAL,,,3354.05,,,,,false,6,genie/puppy/invoice_lines.csv,unit_price,2026.07.19.2
CEO_BARKED_TWICE,PUPPY,IL-INV-0020-01,line_amount,DECIMAL,,,40248.60,,,,,false,7,genie/puppy/invoice_lines.csv,line_amount,2026.07.19.2
CEO_BARKED_TWICE,PUPPY,IL-INV-0020-01,purchase_order_id,STRING,PO-26020,,,,,,,false,8,genie/puppy/invoice_lines.csv,purchase_order_id,2026.07.19.2
CEO_BARKED_TWICE,PUPPY,IL-INV-0020-02,invoice_line_id,STRING,IL-INV-0020-02,,,,,,,false,1,genie/puppy/invoice_lines.csv,invoice_line_id,2026.07.19.2
CEO_BARKED_TWICE,PUPPY,IL-INV-0020-02,invoice_id,STRING,INV-0020,,,,,,,false,2,genie/puppy/invoice_lines.csv,invoice_id,2026.07.19.2
CEO_BARKED_TWICE,PUPPY,IL-INV-0020-02,line_number,INTEGER,,2,,,,,,false,3,genie/puppy/invoice_lines.csv,line_number,2026.07.19.2
CEO_BARKED_TWICE,PUPPY,IL-INV-0020-02,description,STRING,Freight and handling,,,,,,,false,4,genie/puppy/invoice_lines.csv,description,2026.07.19.2
CEO_BARKED_TWICE,PUPPY,IL-INV-0020-02,quantity,INTEGER,,8,,,,,,false,5,genie/puppy/invoice_lines.csv,quantity,2026.07.19.2
CEO_BARKED_TWICE,PUPPY,IL-INV-0020-02,unit_price,DECIMAL,,,3943.27,,,,,false,6,genie/puppy/invoice_lines.csv,unit_price,2026.07.19.2
CEO_BARKED_TWICE,PUPPY,IL-INV-0020-02,line_amount,DECIMAL,,,31546.20,,,,,false,7,genie/puppy/invoice_lines.csv,line_amount,2026.07.19.2
CEO_BARKED_TWICE,PUPPY,IL-INV-0020-02,purchase_order_id,STRING,PO-26020,,,,,,,false,8,genie/puppy/invoice_lines.csv,purchase_order_id,2026.07.19.2
CEO_BARKED_TWICE,PUPPY,IL-INV-0020-03,invoice_line_id,STRING,IL-INV-0020-03,,,,,,,false,1,genie/puppy/invoice_lines.csv,invoice_line_id,2026.07.19.2
CEO_BARKED_TWICE,PUPPY,IL-INV-0020-03,invoice_id,STRING,INV-0020,,,,,,,false,2,genie/puppy/invoice_lines.csv,invoice_id,2026.07.19.2
CEO_BARKED_TWICE,PUPPY,IL-INV-0020-03,line_number,INTEGER,,3,,,,,,false,3,genie/puppy/invoice_lines.csv,line_number,2026.07.19.2
CEO_BARKED_TWICE,PUPPY,IL-INV-0020-03,description,STRING,Calibration/service,,,,,,,false,4,genie/puppy/invoice_lines.csv,description,2026.07.19.2
CEO_BARKED_TWICE,PUPPY,IL-INV-0020-03,quantity,INTEGER,,4,,,,,,false,5,genie/puppy/invoice_lines.csv,quantity,2026.07.19.2
CEO_BARKED_TWICE,PUPPY,IL-INV-0020-03,unit_price,DECIMAL,,,5710.95,,,,,false,6,genie/puppy/invoice_lines.csv,unit_price,2026.07.19.2
CEO_BARKED_TWICE,PUPPY,IL-INV-0020-03,line_amount,DECIMAL,,,22843.80,,,,,false,7,genie/puppy/invoice_lines.csv,line_amount,2026.07.19.2
CEO_BARKED_TWICE,PUPPY,IL-INV-0020-03,purchase_order_id,STRING,PO-26020,,,,,,,false,8,genie/puppy/invoice_lines.csv,purchase_order_id,2026.07.19.2
CEO_BARKED_TWICE,PUPPY,IL-INV-0020-04,invoice_line_id,STRING,IL-INV-0020-04,,,,,,,false,1,genie/puppy/invoice_lines.csv,invoice_line_id,2026.07.19.2
CEO_BARKED_TWICE,PUPPY,IL-INV-0020-04,invoice_id,STRING,INV-0020,,,,,,,false,2,genie/puppy/invoice_lines.csv,invoice_id,2026.07.19.2
CEO_BARKED_TWICE,PUPPY,IL-INV-0020-04,line_number,INTEGER,,4,,,,,,false,3,genie/puppy/invoice_lines.csv,line_number,2026.07.19.2
CEO_BARKED_TWICE,PUPPY,IL-INV-0020-04,description,STRING,Tax and administration,,,,,,,false,4,genie/puppy/invoice_lines.csv,description,2026.07.19.2
CEO_BARKED_TWICE,PUPPY,IL-INV-0020-04,quantity,INTEGER,,1,,,,,,false,5,genie/puppy/invoice_lines.csv,quantity,2026.07.19.2
CEO_BARKED_TWICE,PUPPY,IL-INV-0020-04,unit_price,DECIMAL,,,14141.40,,,,,false,6,genie/puppy/invoice_lines.csv,unit_price,2026.07.19.2
CEO_BARKED_TWICE,PUPPY,IL-INV-0020-04,line_amount,DECIMAL,,,14141.40,,,,,false,7,genie/puppy/invoice_lines.csv,line_amount,2026.07.19.2
CEO_BARKED_TWICE,PUPPY,IL-INV-0020-04,purchase_order_id,STRING,PO-26020,,,,,,,false,8,genie/puppy/invoice_lines.csv,purchase_order_id,2026.07.19.2
CEO_BARKED_TWICE,PUPPY,IL-INV-0021-01,invoice_line_id,STRING,IL-INV-0021-01,,,,,,,false,1,genie/puppy/invoice_lines.csv,invoice_line_id,2026.07.19.2
CEO_BARKED_TWICE,PUPPY,IL-INV-0021-01,invoice_id,STRING,INV-0021,,,,,,,false,2,genie/puppy/invoice_lines.csv,invoice_id,2026.07.19.2
CEO_BARKED_TWICE,PUPPY,IL-INV-0021-01,line_number,INTEGER,,1,,,,,,false,3,genie/puppy/invoice_lines.csv,line_number,2026.07.19.2
CEO_BARKED_TWICE,PUPPY,IL-INV-0021-01,description,STRING,Primary goods,,,,,,,false,4,genie/puppy/invoice_lines.csv,description,2026.07.19.2
CEO_BARKED_TWICE,PUPPY,IL-INV-0021-01,quantity,INTEGER,,12,,,,,,false,5,genie/puppy/invoice_lines.csv,quantity,2026.07.19.2
CEO_BARKED_TWICE,PUPPY,IL-INV-0021-01,unit_price,DECIMAL,,,3463.82,,,,,false,6,genie/puppy/invoice_lines.csv,unit_price,2026.07.19.2
CEO_BARKED_TWICE,PUPPY,IL-INV-0021-01,line_amount,DECIMAL,,,41565.80,,,,,false,7,genie/puppy/invoice_lines.csv,line_amount,2026.07.19.2
CEO_BARKED_TWICE,PUPPY,IL-INV-0021-01,purchase_order_id,STRING,PO-26021,,,,,,,false,8,genie/puppy/invoice_lines.csv,purchase_order_id,2026.07.19.2
CEO_BARKED_TWICE,PUPPY,IL-INV-0021-02,invoice_line_id,STRING,IL-INV-0021-02,,,,,,,false,1,genie/puppy/invoice_lines.csv,invoice_line_id,2026.07.19.2
CEO_BARKED_TWICE,PUPPY,IL-INV-0021-02,invoice_id,STRING,INV-0021,,,,,,,false,2,genie/puppy/invoice_lines.csv,invoice_id,2026.07.19.2
CEO_BARKED_TWICE,PUPPY,IL-INV-0021-02,line_number,INTEGER,,2,,,,,,false,3,genie/puppy/invoice_lines.csv,line_number,2026.07.19.2
CEO_BARKED_TWICE,PUPPY,IL-INV-0021-02,description,STRING,Freight and handling,,,,,,,false,4,genie/puppy/invoice_lines.csv,description,2026.07.19.2
CEO_BARKED_TWICE,PUPPY,IL-INV-0021-02,quantity,INTEGER,,8,,,,,,false,5,genie/puppy/invoice_lines.csv,quantity,2026.07.19.2
CEO_BARKED_TWICE,PUPPY,IL-INV-0021-02,unit_price,DECIMAL,,,4072.32,,,,,false,6,genie/puppy/invoice_lines.csv,unit_price,2026.07.19.2
CEO_BARKED_TWICE,PUPPY,IL-INV-0021-02,line_amount,DECIMAL,,,32578.60,,,,,false,7,genie/puppy/invoice_lines.csv,line_amount,2026.07.19.2
CEO_BARKED_TWICE,PUPPY,IL-INV-0021-02,purchase_order_id,STRING,PO-26021,,,,,,,false,8,genie/puppy/invoice_lines.csv,purchase_order_id,2026.07.19.2
CEO_BARKED_TWICE,PUPPY,IL-INV-0021-03,invoice_line_id,STRING,IL-INV-0021-03,,,,,,,false,1,genie/puppy/invoice_lines.csv,invoice_line_id,2026.07.19.2
CEO_BARKED_TWICE,PUPPY,IL-INV-0021-03,invoice_id,STRING,INV-0021,,,,,,,false,2,genie/puppy/invoice_lines.csv,invoice_id,2026.07.19.2
CEO_BARKED_TWICE,PUPPY,IL-INV-0021-03,line_number,INTEGER,,3,,,,,,false,3,genie/puppy/invoice_lines.csv,line_number,2026.07.19.2
CEO_BARKED_TWICE,PUPPY,IL-INV-0021-03,description,STRING,Calibration/service,,,,,,,false,4,genie/puppy/invoice_lines.csv,description,2026.07.19.2
CEO_BARKED_TWICE,PUPPY,IL-INV-0021-03,quantity,INTEGER,,4,,,,,,false,5,genie/puppy/invoice_lines.csv,quantity,2026.07.19.2
CEO_BARKED_TWICE,PUPPY,IL-INV-0021-03,unit_price,DECIMAL,,,5897.85,,,,,false,6,genie/puppy/invoice_lines.csv,unit_price,2026.07.19.2
CEO_BARKED_TWICE,PUPPY,IL-INV-0021-03,line_amount,DECIMAL,,,23591.40,,,,,false,7,genie/puppy/invoice_lines.csv,line_amount,2026.07.19.2
CEO_BARKED_TWICE,PUPPY,IL-INV-0021-03,purchase_order_id,STRING,PO-26021,,,,,,,false,8,genie/puppy/invoice_lines.csv,purchase_order_id,2026.07.19.2
CEO_BARKED_TWICE,PUPPY,IL-INV-0021-04,invoice_line_id,STRING,IL-INV-0021-04,,,,,,,false,1,genie/puppy/invoice_lines.csv,invoice_line_id,2026.07.19.2
CEO_BARKED_TWICE,PUPPY,IL-INV-0021-04,invoice_id,STRING,INV-0021,,,,,,,false,2,genie/puppy/invoice_lines.csv,invoice_id,2026.07.19.2
CEO_BARKED_TWICE,PUPPY,IL-INV-0021-04,line_number,INTEGER,,4,,,,,,false,3,genie/puppy/invoice_lines.csv,line_number,2026.07.19.2
CEO_BARKED_TWICE,PUPPY,IL-INV-0021-04,description,STRING,Tax and administration,,,,,,,false,4,genie/puppy/invoice_lines.csv,description,2026.07.19.2
CEO_BARKED_TWICE,PUPPY,IL-INV-0021-04,quantity,INTEGER,,1,,,,,,false,5,genie/puppy/invoice_lines.csv,quantity,2026.07.19.2
CEO_BARKED_TWICE,PUPPY,IL-INV-0021-04,unit_price,DECIMAL,,,14604.20,,,,,false,6,genie/puppy/invoice_lines.csv,unit_price,2026.07.19.2
CEO_BARKED_TWICE,PUPPY,IL-INV-0021-04,line_amount,DECIMAL,,,14604.20,,,,,false,7,genie/puppy/invoice_lines.csv,line_amount,2026.07.19.2
CEO_BARKED_TWICE,PUPPY,IL-INV-0021-04,purchase_order_id,STRING,PO-26021,,,,,,,false,8,genie/puppy/invoice_lines.csv,purchase_order_id,2026.07.19.2
CEO_BARKED_TWICE,PUPPY,IL-INV-0022-01,invoice_line_id,STRING,IL-INV-0022-01,,,,,,,false,1,genie/puppy/invoice_lines.csv,invoice_line_id,2026.07.19.2
CEO_BARKED_TWICE,PUPPY,IL-INV-0022-01,invoice_id,STRING,INV-0022,,,,,,,false,2,genie/puppy/invoice_lines.csv,invoice_id,2026.07.19.2
CEO_BARKED_TWICE,PUPPY,IL-INV-0022-01,line_number,INTEGER,,1,,,,,,false,3,genie/puppy/invoice_lines.csv,line_number,2026.07.19.2
CEO_BARKED_TWICE,PUPPY,IL-INV-0022-01,description,STRING,Primary goods,,,,,,,false,4,genie/puppy/invoice_lines.csv,description,2026.07.19.2
CEO_BARKED_TWICE,PUPPY,IL-INV-0022-01,quantity,INTEGER,,12,,,,,,false,5,genie/puppy/invoice_lines.csv,quantity,2026.07.19.2
CEO_BARKED_TWICE,PUPPY,IL-INV-0022-01,unit_price,DECIMAL,,,4083.57,,,,,false,6,genie/puppy/invoice_lines.csv,unit_price,2026.07.19.2
CEO_BARKED_TWICE,PUPPY,IL-INV-0022-01,line_amount,DECIMAL,,,49002.80,,,,,false,7,genie/puppy/invoice_lines.csv,line_amount,2026.07.19.2
CEO_BARKED_TWICE,PUPPY,IL-INV-0022-01,purchase_order_id,STRING,PO-26022,,,,,,,false,8,genie/puppy/invoice_lines.csv,purchase_order_id,2026.07.19.2
CEO_BARKED_TWICE,PUPPY,IL-INV-0022-02,invoice_line_id,STRING,IL-INV-0022-02,,,,,,,false,1,genie/puppy/invoice_lines.csv,invoice_line_id,2026.07.19.2
CEO_BARKED_TWICE,PUPPY,IL-INV-0022-02,invoice_id,STRING,INV-0022,,,,,,,false,2,genie/puppy/invoice_lines.csv,invoice_id,2026.07.19.2
CEO_BARKED_TWICE,PUPPY,IL-INV-0022-02,line_number,INTEGER,,2,,,,,,false,3,genie/puppy/invoice_lines.csv,line_number,2026.07.19.2
CEO_BARKED_TWICE,PUPPY,IL-INV-0022-02,description,STRING,Freight and handling,,,,,,,false,4,genie/puppy/invoice_lines.csv,description,2026.07.19.2
CEO_BARKED_TWICE,PUPPY,IL-INV-0022-02,quantity,INTEGER,,8,,,,,,false,5,genie/puppy/invoice_lines.csv,quantity,2026.07.19.2
CEO_BARKED_TWICE,PUPPY,IL-INV-0022-02,unit_price,DECIMAL,,,4800.95,,,,,false,6,genie/puppy/invoice_lines.csv,unit_price,2026.07.19.2
CEO_BARKED_TWICE,PUPPY,IL-INV-0022-02,line_amount,DECIMAL,,,38407.60,,,,,false,7,genie/puppy/invoice_lines.csv,line_amount,2026.07.19.2
CEO_BARKED_TWICE,PUPPY,IL-INV-0022-02,purchase_order_id,STRING,PO-26022,,,,,,,false,8,genie/puppy/invoice_lines.csv,purchase_order_id,2026.07.19.2
CEO_BARKED_TWICE,PUPPY,IL-INV-0022-03,invoice_line_id,STRING,IL-INV-0022-03,,,,,,,false,1,genie/puppy/invoice_lines.csv,invoice_line_id,2026.07.19.2
CEO_BARKED_TWICE,PUPPY,IL-INV-0022-03,invoice_id,STRING,INV-0022,,,,,,,false,2,genie/puppy/invoice_lines.csv,invoice_id,2026.07.19.2
CEO_BARKED_TWICE,PUPPY,IL-INV-0022-03,line_number,INTEGER,,3,,,,,,false,3,genie/puppy/invoice_lines.csv,line_number,2026.07.19.2
CEO_BARKED_TWICE,PUPPY,IL-INV-0022-03,description,STRING,Calibration/service,,,,,,,false,4,genie/puppy/invoice_lines.csv,description,2026.07.19.2
CEO_BARKED_TWICE,PUPPY,IL-INV-0022-03,quantity,INTEGER,,4,,,,,,false,5,genie/puppy/invoice_lines.csv,quantity,2026.07.19.2
CEO_BARKED_TWICE,PUPPY,IL-INV-0022-03,unit_price,DECIMAL,,,6953.10,,,,,false,6,genie/puppy/invoice_lines.csv,unit_price,2026.07.19.2
CEO_BARKED_TWICE,PUPPY,IL-INV-0022-03,line_amount,DECIMAL,,,27812.40,,,,,false,7,genie/puppy/invoice_lines.csv,line_amount,2026.07.19.2
CEO_BARKED_TWICE,PUPPY,IL-INV-0022-03,purchase_order_id,STRING,PO-26022,,,,,,,false,8,genie/puppy/invoice_lines.csv,purchase_order_id,2026.07.19.2
CEO_BARKED_TWICE,PUPPY,IL-INV-0022-04,invoice_line_id,STRING,IL-INV-0022-04,,,,,,,false,1,genie/puppy/invoice_lines.csv,invoice_line_id,2026.07.19.2
CEO_BARKED_TWICE,PUPPY,IL-INV-0022-04,invoice_id,STRING,INV-0022,,,,,,,false,2,genie/puppy/invoice_lines.csv,invoice_id,2026.07.19.2
CEO_BARKED_TWICE,PUPPY,IL-INV-0022-04,line_number,INTEGER,,4,,,,,,false,3,genie/puppy/invoice_lines.csv,line_number,2026.07.19.2
CEO_BARKED_TWICE,PUPPY,IL-INV-0022-04,description,STRING,Tax and administration,,,,,,,false,4,genie/puppy/invoice_lines.csv,description,2026.07.19.2
CEO_BARKED_TWICE,PUPPY,IL-INV-0022-04,quantity,INTEGER,,1,,,,,,false,5,genie/puppy/invoice_lines.csv,quantity,2026.07.19.2
CEO_BARKED_TWICE,PUPPY,IL-INV-0022-04,unit_price,DECIMAL,,,17217.20,,,,,false,6,genie/puppy/invoice_lines.csv,unit_price,2026.07.19.2
CEO_BARKED_TWICE,PUPPY,IL-INV-0022-04,line_amount,DECIMAL,,,17217.20,,,,,false,7,genie/puppy/invoice_lines.csv,line_amount,2026.07.19.2
CEO_BARKED_TWICE,PUPPY,IL-INV-0022-04,purchase_order_id,STRING,PO-26022,,,,,,,false,8,genie/puppy/invoice_lines.csv,purchase_order_id,2026.07.19.2
CEO_BARKED_TWICE,PUPPY,IL-INV-0023-01,invoice_line_id,STRING,IL-INV-0023-01,,,,,,,false,1,genie/puppy/invoice_lines.csv,invoice_line_id,2026.07.19.2
CEO_BARKED_TWICE,PUPPY,IL-INV-0023-01,invoice_id,STRING,INV-0023,,,,,,,false,2,genie/puppy/invoice_lines.csv,invoice_id,2026.07.19.2
CEO_BARKED_TWICE,PUPPY,IL-INV-0023-01,line_number,INTEGER,,1,,,,,,false,3,genie/puppy/invoice_lines.csv,line_number,2026.07.19.2
CEO_BARKED_TWICE,PUPPY,IL-INV-0023-01,description,STRING,Primary goods,,,,,,,false,4,genie/puppy/invoice_lines.csv,description,2026.07.19.2
CEO_BARKED_TWICE,PUPPY,IL-INV-0023-01,quantity,INTEGER,,12,,,,,,false,5,genie/puppy/invoice_lines.csv,quantity,2026.07.19.2
CEO_BARKED_TWICE,PUPPY,IL-INV-0023-01,unit_price,DECIMAL,,,4745.25,,,,,false,6,genie/puppy/invoice_lines.csv,unit_price,2026.07.19.2
CEO_BARKED_TWICE,PUPPY,IL-INV-0023-01,line_amount,DECIMAL,,,56943.00,,,,,false,7,genie/puppy/invoice_lines.csv,line_amount,2026.07.19.2
CEO_BARKED_TWICE,PUPPY,IL-INV-0023-01,purchase_order_id,STRING,PO-26023,,,,,,,false,8,genie/puppy/invoice_lines.csv,purchase_order_id,2026.07.19.2
CEO_BARKED_TWICE,PUPPY,IL-INV-0023-02,invoice_line_id,STRING,IL-INV-0023-02,,,,,,,false,1,genie/puppy/invoice_lines.csv,invoice_line_id,2026.07.19.2
CEO_BARKED_TWICE,PUPPY,IL-INV-0023-02,invoice_id,STRING,INV-0023,,,,,,,false,2,genie/puppy/invoice_lines.csv,invoice_id,2026.07.19.2
CEO_BARKED_TWICE,PUPPY,IL-INV-0023-02,line_number,INTEGER,,2,,,,,,false,3,genie/puppy/invoice_lines.csv,line_number,2026.07.19.2
CEO_BARKED_TWICE,PUPPY,IL-INV-0023-02,description,STRING,Freight and handling,,,,,,,false,4,genie/puppy/invoice_lines.csv,description,2026.07.19.2
CEO_BARKED_TWICE,PUPPY,IL-INV-0023-02,quantity,INTEGER,,8,,,,,,false,5,genie/puppy/invoice_lines.csv,quantity,2026.07.19.2
CEO_BARKED_TWICE,PUPPY,IL-INV-0023-02,unit_price,DECIMAL,,,5578.87,,,,,false,6,genie/puppy/invoice_lines.csv,unit_price,2026.07.19.2
CEO_BARKED_TWICE,PUPPY,IL-INV-0023-02,line_amount,DECIMAL,,,44631.00,,,,,false,7,genie/puppy/invoice_lines.csv,line_amount,2026.07.19.2
CEO_BARKED_TWICE,PUPPY,IL-INV-0023-02,purchase_order_id,STRING,PO-26023,,,,,,,false,8,genie/puppy/invoice_lines.csv,purchase_order_id,2026.07.19.2
CEO_BARKED_TWICE,PUPPY,IL-INV-0023-03,invoice_line_id,STRING,IL-INV-0023-03,,,,,,,false,1,genie/puppy/invoice_lines.csv,invoice_line_id,2026.07.19.2
CEO_BARKED_TWICE,PUPPY,IL-INV-0023-03,invoice_id,STRING,INV-0023,,,,,,,false,2,genie/puppy/invoice_lines.csv,invoice_id,2026.07.19.2
CEO_BARKED_TWICE,PUPPY,IL-INV-0023-03,line_number,INTEGER,,3,,,,,,false,3,genie/puppy/invoice_lines.csv,line_number,2026.07.19.2
CEO_BARKED_TWICE,PUPPY,IL-INV-0023-03,description,STRING,Calibration/service,,,,,,,false,4,genie/puppy/invoice_lines.csv,description,2026.07.19.2
CEO_BARKED_TWICE,PUPPY,IL-INV-0023-03,quantity,INTEGER,,4,,,,,,false,5,genie/puppy/invoice_lines.csv,quantity,2026.07.19.2
CEO_BARKED_TWICE,PUPPY,IL-INV-0023-03,unit_price,DECIMAL,,,8079.75,,,,,false,6,genie/puppy/invoice_lines.csv,unit_price,2026.07.19.2
CEO_BARKED_TWICE,PUPPY,IL-INV-0023-03,line_amount,DECIMAL,,,32319.00,,,,,false,7,genie/puppy/invoice_lines.csv,line_amount,2026.07.19.2
CEO_BARKED_TWICE,PUPPY,IL-INV-0023-03,purchase_order_id,STRING,PO-26023,,,,,,,false,8,genie/puppy/invoice_lines.csv,purchase_order_id,2026.07.19.2
CEO_BARKED_TWICE,PUPPY,IL-INV-0023-04,invoice_line_id,STRING,IL-INV-0023-04,,,,,,,false,1,genie/puppy/invoice_lines.csv,invoice_line_id,2026.07.19.2
CEO_BARKED_TWICE,PUPPY,IL-INV-0023-04,invoice_id,STRING,INV-0023,,,,,,,false,2,genie/puppy/invoice_lines.csv,invoice_id,2026.07.19.2
CEO_BARKED_TWICE,PUPPY,IL-INV-0023-04,line_number,INTEGER,,4,,,,,,false,3,genie/puppy/invoice_lines.csv,line_number,2026.07.19.2
CEO_BARKED_TWICE,PUPPY,IL-INV-0023-04,description,STRING,Tax and administration,,,,,,,false,4,genie/puppy/invoice_lines.csv,description,2026.07.19.2
CEO_BARKED_TWICE,PUPPY,IL-INV-0023-04,quantity,INTEGER,,1,,,,,,false,5,genie/puppy/invoice_lines.csv,quantity,2026.07.19.2
CEO_BARKED_TWICE,PUPPY,IL-INV-0023-04,unit_price,DECIMAL,,,20007.00,,,,,false,6,genie/puppy/invoice_lines.csv,unit_price,2026.07.19.2
CEO_BARKED_TWICE,PUPPY,IL-INV-0023-04,line_amount,DECIMAL,,,20007.00,,,,,false,7,genie/puppy/invoice_lines.csv,line_amount,2026.07.19.2
CEO_BARKED_TWICE,PUPPY,IL-INV-0023-04,purchase_order_id,STRING,PO-26023,,,,,,,false,8,genie/puppy/invoice_lines.csv,purchase_order_id,2026.07.19.2
CEO_BARKED_TWICE,PUPPY,IL-INV-0024-01,invoice_line_id,STRING,IL-INV-0024-01,,,,,,,false,1,genie/puppy/invoice_lines.csv,invoice_line_id,2026.07.19.2
CEO_BARKED_TWICE,PUPPY,IL-INV-0024-01,invoice_id,STRING,INV-0024,,,,,,,false,2,genie/puppy/invoice_lines.csv,invoice_id,2026.07.19.2
CEO_BARKED_TWICE,PUPPY,IL-INV-0024-01,line_number,INTEGER,,1,,,,,,false,3,genie/puppy/invoice_lines.csv,line_number,2026.07.19.2
CEO_BARKED_TWICE,PUPPY,IL-INV-0024-01,description,STRING,Primary goods,,,,,,,false,4,genie/puppy/invoice_lines.csv,description,2026.07.19.2
CEO_BARKED_TWICE,PUPPY,IL-INV-0024-01,quantity,INTEGER,,12,,,,,,false,5,genie/puppy/invoice_lines.csv,quantity,2026.07.19.2
CEO_BARKED_TWICE,PUPPY,IL-INV-0024-01,unit_price,DECIMAL,,,5448.87,,,,,false,6,genie/puppy/invoice_lines.csv,unit_price,2026.07.19.2
CEO_BARKED_TWICE,PUPPY,IL-INV-0024-01,line_amount,DECIMAL,,,65386.40,,,,,false,7,genie/puppy/invoice_lines.csv,line_amount,2026.07.19.2
CEO_BARKED_TWICE,PUPPY,IL-INV-0024-01,purchase_order_id,STRING,PO-26024,,,,,,,false,8,genie/puppy/invoice_lines.csv,purchase_order_id,2026.07.19.2
CEO_BARKED_TWICE,PUPPY,IL-INV-0024-02,invoice_line_id,STRING,IL-INV-0024-02,,,,,,,false,1,genie/puppy/invoice_lines.csv,invoice_line_id,2026.07.19.2
CEO_BARKED_TWICE,PUPPY,IL-INV-0024-02,invoice_id,STRING,INV-0024,,,,,,,false,2,genie/puppy/invoice_lines.csv,invoice_id,2026.07.19.2
CEO_BARKED_TWICE,PUPPY,IL-INV-0024-02,line_number,INTEGER,,2,,,,,,false,3,genie/puppy/invoice_lines.csv,line_number,2026.07.19.2
CEO_BARKED_TWICE,PUPPY,IL-INV-0024-02,description,STRING,Freight and handling,,,,,,,false,4,genie/puppy/invoice_lines.csv,description,2026.07.19.2
CEO_BARKED_TWICE,PUPPY,IL-INV-0024-02,quantity,INTEGER,,8,,,,,,false,5,genie/puppy/invoice_lines.csv,quantity,2026.07.19.2
CEO_BARKED_TWICE,PUPPY,IL-INV-0024-02,unit_price,DECIMAL,,,6406.10,,,,,false,6,genie/puppy/invoice_lines.csv,unit_price,2026.07.19.2
CEO_BARKED_TWICE,PUPPY,IL-INV-0024-02,line_amount,DECIMAL,,,51248.80,,,,,false,7,genie/puppy/invoice_lines.csv,line_amount,2026.07.19.2
CEO_BARKED_TWICE,PUPPY,IL-INV-0024-02,purchase_order_id,STRING,PO-26024,,,,,,,false,8,genie/puppy/invoice_lines.csv,purchase_order_id,2026.07.19.2
CEO_BARKED_TWICE,PUPPY,IL-INV-0024-03,invoice_line_id,STRING,IL-INV-0024-03,,,,,,,false,1,genie/puppy/invoice_lines.csv,invoice_line_id,2026.07.19.2
CEO_BARKED_TWICE,PUPPY,IL-INV-0024-03,invoice_id,STRING,INV-0024,,,,,,,false,2,genie/puppy/invoice_lines.csv,invoice_id,2026.07.19.2
CEO_BARKED_TWICE,PUPPY,IL-INV-0024-03,line_number,INTEGER,,3,,,,,,false,3,genie/puppy/invoice_lines.csv,line_number,2026.07.19.2
CEO_BARKED_TWICE,PUPPY,IL-INV-0024-03,description,STRING,Calibration/service,,,,,,,false,4,genie/puppy/invoice_lines.csv,description,2026.07.19.2
CEO_BARKED_TWICE,PUPPY,IL-INV-0024-03,quantity,INTEGER,,4,,,,,,false,5,genie/puppy/invoice_lines.csv,quantity,2026.07.19.2
CEO_BARKED_TWICE,PUPPY,IL-INV-0024-03,unit_price,DECIMAL,,,9277.80,,,,,false,6,genie/puppy/invoice_lines.csv,unit_price,2026.07.19.2
CEO_BARKED_TWICE,PUPPY,IL-INV-0024-03,line_amount,DECIMAL,,,37111.20,,,,,false,7,genie/puppy/invoice_lines.csv,line_amount,2026.07.19.2
CEO_BARKED_TWICE,PUPPY,IL-INV-0024-03,purchase_order_id,STRING,PO-26024,,,,,,,false,8,genie/puppy/invoice_lines.csv,purchase_order_id,2026.07.19.2
CEO_BARKED_TWICE,PUPPY,IL-INV-0024-04,invoice_line_id,STRING,IL-INV-0024-04,,,,,,,false,1,genie/puppy/invoice_lines.csv,invoice_line_id,2026.07.19.2
CEO_BARKED_TWICE,PUPPY,IL-INV-0024-04,invoice_id,STRING,INV-0024,,,,,,,false,2,genie/puppy/invoice_lines.csv,invoice_id,2026.07.19.2
CEO_BARKED_TWICE,PUPPY,IL-INV-0024-04,line_number,INTEGER,,4,,,,,,false,3,genie/puppy/invoice_lines.csv,line_number,2026.07.19.2
CEO_BARKED_TWICE,PUPPY,IL-INV-0024-04,description,STRING,Tax and administration,,,,,,,false,4,genie/puppy/invoice_lines.csv,description,2026.07.19.2
CEO_BARKED_TWICE,PUPPY,IL-INV-0024-04,quantity,INTEGER,,1,,,,,,false,5,genie/puppy/invoice_lines.csv,quantity,2026.07.19.2
CEO_BARKED_TWICE,PUPPY,IL-INV-0024-04,unit_price,DECIMAL,,,22973.60,,,,,false,6,genie/puppy/invoice_lines.csv,unit_price,2026.07.19.2
CEO_BARKED_TWICE,PUPPY,IL-INV-0024-04,line_amount,DECIMAL,,,22973.60,,,,,false,7,genie/puppy/invoice_lines.csv,line_amount,2026.07.19.2
CEO_BARKED_TWICE,PUPPY,IL-INV-0024-04,purchase_order_id,STRING,PO-26024,,,,,,,false,8,genie/puppy/invoice_lines.csv,purchase_order_id,2026.07.19.2
CEO_BARKED_TWICE,PUPPY,IL-INV-0025-01,invoice_line_id,STRING,IL-INV-0025-01,,,,,,,false,1,genie/puppy/invoice_lines.csv,invoice_line_id,2026.07.19.2
CEO_BARKED_TWICE,PUPPY,IL-INV-0025-01,invoice_id,STRING,INV-0025,,,,,,,false,2,genie/puppy/invoice_lines.csv,invoice_id,2026.07.19.2
CEO_BARKED_TWICE,PUPPY,IL-INV-0025-01,line_number,INTEGER,,1,,,,,,false,3,genie/puppy/invoice_lines.csv,line_number,2026.07.19.2
CEO_BARKED_TWICE,PUPPY,IL-INV-0025-01,description,STRING,Primary goods,,,,,,,false,4,genie/puppy/invoice_lines.csv,description,2026.07.19.2
CEO_BARKED_TWICE,PUPPY,IL-INV-0025-01,quantity,INTEGER,,12,,,,,,false,5,genie/puppy/invoice_lines.csv,quantity,2026.07.19.2
CEO_BARKED_TWICE,PUPPY,IL-INV-0025-01,unit_price,DECIMAL,,,6194.42,,,,,false,6,genie/puppy/invoice_lines.csv,unit_price,2026.07.19.2
CEO_BARKED_TWICE,PUPPY,IL-INV-0025-01,line_amount,DECIMAL,,,74333.00,,,,,false,7,genie/puppy/invoice_lines.csv,line_amount,2026.07.19.2
CEO_BARKED_TWICE,PUPPY,IL-INV-0025-01,purchase_order_id,STRING,PO-26025,,,,,,,false,8,genie/puppy/invoice_lines.csv,purchase_order_id,2026.07.19.2
CEO_BARKED_TWICE,PUPPY,IL-INV-0025-02,invoice_line_id,STRING,IL-INV-0025-02,,,,,,,false,1,genie/puppy/invoice_lines.csv,invoice_line_id,2026.07.19.2
CEO_BARKED_TWICE,PUPPY,IL-INV-0025-02,invoice_id,STRING,INV-0025,,,,,,,false,2,genie/puppy/invoice_lines.csv,invoice_id,2026.07.19.2
CEO_BARKED_TWICE,PUPPY,IL-INV-0025-02,line_number,INTEGER,,2,,,,,,false,3,genie/puppy/invoice_lines.csv,line_number,2026.07.19.2
CEO_BARKED_TWICE,PUPPY,IL-INV-0025-02,description,STRING,Freight and handling,,,,,,,false,4,genie/puppy/invoice_lines.csv,description,2026.07.19.2
CEO_BARKED_TWICE,PUPPY,IL-INV-0025-02,quantity,INTEGER,,8,,,,,,false,5,genie/puppy/invoice_lines.csv,quantity,2026.07.19.2
CEO_BARKED_TWICE,PUPPY,IL-INV-0025-02,unit_price,DECIMAL,,,7282.62,,,,,false,6,genie/puppy/invoice_lines.csv,unit_price,2026.07.19.2
CEO_BARKED_TWICE,PUPPY,IL-INV-0025-02,line_amount,DECIMAL,,,58261.00,,,,,false,7,genie/puppy/invoice_lines.csv,line_amount,2026.07.19.2
CEO_BARKED_TWICE,PUPPY,IL-INV-0025-02,purchase_order_id,STRING,PO-26025,,,,,,,false,8,genie/puppy/invoice_lines.csv,purchase_order_id,2026.07.19.2
CEO_BARKED_TWICE,PUPPY,IL-INV-0025-03,invoice_line_id,STRING,IL-INV-0025-03,,,,,,,false,1,genie/puppy/invoice_lines.csv,invoice_line_id,2026.07.19.2
CEO_BARKED_TWICE,PUPPY,IL-INV-0025-03,invoice_id,STRING,INV-0025,,,,,,,false,2,genie/puppy/invoice_lines.csv,invoice_id,2026.07.19.2
CEO_BARKED_TWICE,PUPPY,IL-INV-0025-03,line_number,INTEGER,,3,,,,,,false,3,genie/puppy/invoice_lines.csv,line_number,2026.07.19.2
CEO_BARKED_TWICE,PUPPY,IL-INV-0025-03,description,STRING,Calibration/service,,,,,,,false,4,genie/puppy/invoice_lines.csv,description,2026.07.19.2
CEO_BARKED_TWICE,PUPPY,IL-INV-0025-03,quantity,INTEGER,,4,,,,,,false,5,genie/puppy/invoice_lines.csv,quantity,2026.07.19.2
CEO_BARKED_TWICE,PUPPY,IL-INV-0025-03,unit_price,DECIMAL,,,10547.25,,,,,false,6,genie/puppy/invoice_lines.csv,unit_price,2026.07.19.2
CEO_BARKED_TWICE,PUPPY,IL-INV-0025-03,line_amount,DECIMAL,,,42189.00,,,,,false,7,genie/puppy/invoice_lines.csv,line_amount,2026.07.19.2
CEO_BARKED_TWICE,PUPPY,IL-INV-0025-03,purchase_order_id,STRING,PO-26025,,,,,,,false,8,genie/puppy/invoice_lines.csv,purchase_order_id,2026.07.19.2
CEO_BARKED_TWICE,PUPPY,IL-INV-0025-04,invoice_line_id,STRING,IL-INV-0025-04,,,,,,,false,1,genie/puppy/invoice_lines.csv,invoice_line_id,2026.07.19.2
CEO_BARKED_TWICE,PUPPY,IL-INV-0025-04,invoice_id,STRING,INV-0025,,,,,,,false,2,genie/puppy/invoice_lines.csv,invoice_id,2026.07.19.2
CEO_BARKED_TWICE,PUPPY,IL-INV-0025-04,line_number,INTEGER,,4,,,,,,false,3,genie/puppy/invoice_lines.csv,line_number,2026.07.19.2
CEO_BARKED_TWICE,PUPPY,IL-INV-0025-04,description,STRING,Tax and administration,,,,,,,false,4,genie/puppy/invoice_lines.csv,description,2026.07.19.2
CEO_BARKED_TWICE,PUPPY,IL-INV-0025-04,quantity,INTEGER,,1,,,,,,false,5,genie/puppy/invoice_lines.csv,quantity,2026.07.19.2
CEO_BARKED_TWICE,PUPPY,IL-INV-0025-04,unit_price,DECIMAL,,,26117.00,,,,,false,6,genie/puppy/invoice_lines.csv,unit_price,2026.07.19.2
CEO_BARKED_TWICE,PUPPY,IL-INV-0025-04,line_amount,DECIMAL,,,26117.00,,,,,false,7,genie/puppy/invoice_lines.csv,line_amount,2026.07.19.2
CEO_BARKED_TWICE,PUPPY,IL-INV-0025-04,purchase_order_id,STRING,PO-26025,,,,,,,false,8,genie/puppy/invoice_lines.csv,purchase_order_id,2026.07.19.2
CEO_BARKED_TWICE,PUPPY,IL-INV-0026-01,invoice_line_id,STRING,IL-INV-0026-01,,,,,,,false,1,genie/puppy/invoice_lines.csv,invoice_line_id,2026.07.19.2
CEO_BARKED_TWICE,PUPPY,IL-INV-0026-01,invoice_id,STRING,INV-0026,,,,,,,false,2,genie/puppy/invoice_lines.csv,invoice_id,2026.07.19.2
CEO_BARKED_TWICE,PUPPY,IL-INV-0026-01,line_number,INTEGER,,1,,,,,,false,3,genie/puppy/invoice_lines.csv,line_number,2026.07.19.2
CEO_BARKED_TWICE,PUPPY,IL-INV-0026-01,description,STRING,Primary goods,,,,,,,false,4,genie/puppy/invoice_lines.csv,description,2026.07.19.2
CEO_BARKED_TWICE,PUPPY,IL-INV-0026-01,quantity,INTEGER,,12,,,,,,false,5,genie/puppy/invoice_lines.csv,quantity,2026.07.19.2
CEO_BARKED_TWICE,PUPPY,IL-INV-0026-01,unit_price,DECIMAL,,,5612.90,,,,,false,6,genie/puppy/invoice_lines.csv,unit_price,2026.07.19.2
CEO_BARKED_TWICE,PUPPY,IL-INV-0026-01,line_amount,DECIMAL,,,67354.80,,,,,false,7,genie/puppy/invoice_lines.csv,line_amount,2026.07.19.2
CEO_BARKED_TWICE,PUPPY,IL-INV-0026-01,purchase_order_id,STRING,PO-26026,,,,,,,false,8,genie/puppy/invoice_lines.csv,purchase_order_id,2026.07.19.2
CEO_BARKED_TWICE,PUPPY,IL-INV-0026-02,invoice_line_id,STRING,IL-INV-0026-02,,,,,,,false,1,genie/puppy/invoice_lines.csv,invoice_line_id,2026.07.19.2
CEO_BARKED_TWICE,PUPPY,IL-INV-0026-02,invoice_id,STRING,INV-0026,,,,,,,false,2,genie/puppy/invoice_lines.csv,invoice_id,2026.07.19.2
CEO_BARKED_TWICE,PUPPY,IL-INV-0026-02,line_number,INTEGER,,2,,,,,,false,3,genie/puppy/invoice_lines.csv,line_number,2026.07.19.2
CEO_BARKED_TWICE,PUPPY,IL-INV-0026-02,description,STRING,Freight and handling,,,,,,,false,4,genie/puppy/invoice_lines.csv,description,2026.07.19.2
CEO_BARKED_TWICE,PUPPY,IL-INV-0026-02,quantity,INTEGER,,8,,,,,,false,5,genie/puppy/invoice_lines.csv,quantity,2026.07.19.2
CEO_BARKED_TWICE,PUPPY,IL-INV-0026-02,unit_price,DECIMAL,,,6598.95,,,,,false,6,genie/puppy/invoice_lines.csv,unit_price,2026.07.19.2
CEO_BARKED_TWICE,PUPPY,IL-INV-0026-02,line_amount,DECIMAL,,,52791.60,,,,,false,7,genie/puppy/invoice_lines.csv,line_amount,2026.07.19.2
CEO_BARKED_TWICE,PUPPY,IL-INV-0026-02,purchase_order_id,STRING,PO-26026,,,,,,,false,8,genie/puppy/invoice_lines.csv,purchase_order_id,2026.07.19.2
CEO_BARKED_TWICE,PUPPY,IL-INV-0026-03,invoice_line_id,STRING,IL-INV-0026-03,,,,,,,false,1,genie/puppy/invoice_lines.csv,invoice_line_id,2026.07.19.2
CEO_BARKED_TWICE,PUPPY,IL-INV-0026-03,invoice_id,STRING,INV-0026,,,,,,,false,2,genie/puppy/invoice_lines.csv,invoice_id,2026.07.19.2
CEO_BARKED_TWICE,PUPPY,IL-INV-0026-03,line_number,INTEGER,,3,,,,,,false,3,genie/puppy/invoice_lines.csv,line_number,2026.07.19.2
CEO_BARKED_TWICE,PUPPY,IL-INV-0026-03,description,STRING,Calibration/service,,,,,,,false,4,genie/puppy/invoice_lines.csv,description,2026.07.19.2
CEO_BARKED_TWICE,PUPPY,IL-INV-0026-03,quantity,INTEGER,,4,,,,,,false,5,genie/puppy/invoice_lines.csv,quantity,2026.07.19.2
CEO_BARKED_TWICE,PUPPY,IL-INV-0026-03,unit_price,DECIMAL,,,9557.10,,,,,false,6,genie/puppy/invoice_lines.csv,unit_price,2026.07.19.2
CEO_BARKED_TWICE,PUPPY,IL-INV-0026-03,line_amount,DECIMAL,,,38228.40,,,,,false,7,genie/puppy/invoice_lines.csv,line_amount,2026.07.19.2
CEO_BARKED_TWICE,PUPPY,IL-INV-0026-03,purchase_order_id,STRING,PO-26026,,,,,,,false,8,genie/puppy/invoice_lines.csv,purchase_order_id,2026.07.19.2
CEO_BARKED_TWICE,PUPPY,IL-INV-0026-04,invoice_line_id,STRING,IL-INV-0026-04,,,,,,,false,1,genie/puppy/invoice_lines.csv,invoice_line_id,2026.07.19.2
CEO_BARKED_TWICE,PUPPY,IL-INV-0026-04,invoice_id,STRING,INV-0026,,,,,,,false,2,genie/puppy/invoice_lines.csv,invoice_id,2026.07.19.2
CEO_BARKED_TWICE,PUPPY,IL-INV-0026-04,line_number,INTEGER,,4,,,,,,false,3,genie/puppy/invoice_lines.csv,line_number,2026.07.19.2
CEO_BARKED_TWICE,PUPPY,IL-INV-0026-04,description,STRING,Tax and administration,,,,,,,false,4,genie/puppy/invoice_lines.csv,description,2026.07.19.2
CEO_BARKED_TWICE,PUPPY,IL-INV-0026-04,quantity,INTEGER,,1,,,,,,false,5,genie/puppy/invoice_lines.csv,quantity,2026.07.19.2
CEO_BARKED_TWICE,PUPPY,IL-INV-0026-04,unit_price,DECIMAL,,,23665.20,,,,,false,6,genie/puppy/invoice_lines.csv,unit_price,2026.07.19.2
CEO_BARKED_TWICE,PUPPY,IL-INV-0026-04,line_amount,DECIMAL,,,23665.20,,,,,false,7,genie/puppy/invoice_lines.csv,line_amount,2026.07.19.2
CEO_BARKED_TWICE,PUPPY,IL-INV-0026-04,purchase_order_id,STRING,PO-26026,,,,,,,false,8,genie/puppy/invoice_lines.csv,purchase_order_id,2026.07.19.2
CEO_BARKED_TWICE,PUPPY,IL-INV-0027-01,invoice_line_id,STRING,IL-INV-0027-01,,,,,,,false,1,genie/puppy/invoice_lines.csv,invoice_line_id,2026.07.19.2
CEO_BARKED_TWICE,PUPPY,IL-INV-0027-01,invoice_id,STRING,INV-0027,,,,,,,false,2,genie/puppy/invoice_lines.csv,invoice_id,2026.07.19.2
CEO_BARKED_TWICE,PUPPY,IL-INV-0027-01,line_number,INTEGER,,1,,,,,,false,3,genie/puppy/invoice_lines.csv,line_number,2026.07.19.2
CEO_BARKED_TWICE,PUPPY,IL-INV-0027-01,description,STRING,Primary goods,,,,,,,false,4,genie/puppy/invoice_lines.csv,description,2026.07.19.2
CEO_BARKED_TWICE,PUPPY,IL-INV-0027-01,quantity,INTEGER,,12,,,,,,false,5,genie/puppy/invoice_lines.csv,quantity,2026.07.19.2
CEO_BARKED_TWICE,PUPPY,IL-INV-0027-01,unit_price,DECIMAL,,,6337.48,,,,,false,6,genie/puppy/invoice_lines.csv,unit_price,2026.07.19.2
CEO_BARKED_TWICE,PUPPY,IL-INV-0027-01,line_amount,DECIMAL,,,76049.80,,,,,false,7,genie/puppy/invoice_lines.csv,line_amount,2026.07.19.2
CEO_BARKED_TWICE,PUPPY,IL-INV-0027-01,purchase_order_id,STRING,PO-26027,,,,,,,false,8,genie/puppy/invoice_lines.csv,purchase_order_id,2026.07.19.2
CEO_BARKED_TWICE,PUPPY,IL-INV-0027-02,invoice_line_id,STRING,IL-INV-0027-02,,,,,,,false,1,genie/puppy/invoice_lines.csv,invoice_line_id,2026.07.19.2
CEO_BARKED_TWICE,PUPPY,IL-INV-0027-02,invoice_id,STRING,INV-0027,,,,,,,false,2,genie/puppy/invoice_lines.csv,invoice_id,2026.07.19.2
CEO_BARKED_TWICE,PUPPY,IL-INV-0027-02,line_number,INTEGER,,2,,,,,,false,3,genie/puppy/invoice_lines.csv,line_number,2026.07.19.2
CEO_BARKED_TWICE,PUPPY,IL-INV-0027-02,description,STRING,Freight and handling,,,,,,,false,4,genie/puppy/invoice_lines.csv,description,2026.07.19.2
CEO_BARKED_TWICE,PUPPY,IL-INV-0027-02,quantity,INTEGER,,8,,,,,,false,5,genie/puppy/invoice_lines.csv,quantity,2026.07.19.2
CEO_BARKED_TWICE,PUPPY,IL-INV-0027-02,unit_price,DECIMAL,,,7450.82,,,,,false,6,genie/puppy/invoice_lines.csv,unit_price,2026.07.19.2
CEO_BARKED_TWICE,PUPPY,IL-INV-0027-02,line_amount,DECIMAL,,,59606.60,,,,,false,7,genie/puppy/invoice_lines.csv,line_amount,2026.07.19.2
CEO_BARKED_TWICE,PUPPY,IL-INV-0027-02,purchase_order_id,STRING,PO-26027,,,,,,,false,8,genie/puppy/invoice_lines.csv,purchase_order_id,2026.07.19.2
CEO_BARKED_TWICE,PUPPY,IL-INV-0027-03,invoice_line_id,STRING,IL-INV-0027-03,,,,,,,false,1,genie/puppy/invoice_lines.csv,invoice_line_id,2026.07.19.2
CEO_BARKED_TWICE,PUPPY,IL-INV-0027-03,invoice_id,STRING,INV-0027,,,,,,,false,2,genie/puppy/invoice_lines.csv,invoice_id,2026.07.19.2
CEO_BARKED_TWICE,PUPPY,IL-INV-0027-03,line_number,INTEGER,,3,,,,,,false,3,genie/puppy/invoice_lines.csv,line_number,2026.07.19.2
CEO_BARKED_TWICE,PUPPY,IL-INV-0027-03,description,STRING,Calibration/service,,,,,,,false,4,genie/puppy/invoice_lines.csv,description,2026.07.19.2
CEO_BARKED_TWICE,PUPPY,IL-INV-0027-03,quantity,INTEGER,,4,,,,,,false,5,genie/puppy/invoice_lines.csv,quantity,2026.07.19.2
CEO_BARKED_TWICE,PUPPY,IL-INV-0027-03,unit_price,DECIMAL,,,10790.85,,,,,false,6,genie/puppy/invoice_lines.csv,unit_price,2026.07.19.2
CEO_BARKED_TWICE,PUPPY,IL-INV-0027-03,line_amount,DECIMAL,,,43163.40,,,,,false,7,genie/puppy/invoice_lines.csv,line_amount,2026.07.19.2
CEO_BARKED_TWICE,PUPPY,IL-INV-0027-03,purchase_order_id,STRING,PO-26027,,,,,,,false,8,genie/puppy/invoice_lines.csv,purchase_order_id,2026.07.19.2
CEO_BARKED_TWICE,PUPPY,IL-INV-0027-04,invoice_line_id,STRING,IL-INV-0027-04,,,,,,,false,1,genie/puppy/invoice_lines.csv,invoice_line_id,2026.07.19.2
CEO_BARKED_TWICE,PUPPY,IL-INV-0027-04,invoice_id,STRING,INV-0027,,,,,,,false,2,genie/puppy/invoice_lines.csv,invoice_id,2026.07.19.2
CEO_BARKED_TWICE,PUPPY,IL-INV-0027-04,line_number,INTEGER,,4,,,,,,false,3,genie/puppy/invoice_lines.csv,line_number,2026.07.19.2
CEO_BARKED_TWICE,PUPPY,IL-INV-0027-04,description,STRING,Tax and administration,,,,,,,false,4,genie/puppy/invoice_lines.csv,description,2026.07.19.2
CEO_BARKED_TWICE,PUPPY,IL-INV-0027-04,quantity,INTEGER,,1,,,,,,false,5,genie/puppy/invoice_lines.csv,quantity,2026.07.19.2
CEO_BARKED_TWICE,PUPPY,IL-INV-0027-04,unit_price,DECIMAL,,,26720.20,,,,,false,6,genie/puppy/invoice_lines.csv,unit_price,2026.07.19.2
CEO_BARKED_TWICE,PUPPY,IL-INV-0027-04,line_amount,DECIMAL,,,26720.20,,,,,false,7,genie/puppy/invoice_lines.csv,line_amount,2026.07.19.2
CEO_BARKED_TWICE,PUPPY,IL-INV-0027-04,purchase_order_id,STRING,PO-26027,,,,,,,false,8,genie/puppy/invoice_lines.csv,purchase_order_id,2026.07.19.2
CEO_BARKED_TWICE,PUPPY,IL-INV-0028-01,invoice_line_id,STRING,IL-INV-0028-01,,,,,,,false,1,genie/puppy/invoice_lines.csv,invoice_line_id,2026.07.19.2
CEO_BARKED_TWICE,PUPPY,IL-INV-0028-01,invoice_id,STRING,INV-0028,,,,,,,false,2,genie/puppy/invoice_lines.csv,invoice_id,2026.07.19.2
CEO_BARKED_TWICE,PUPPY,IL-INV-0028-01,line_number,INTEGER,,1,,,,,,false,3,genie/puppy/invoice_lines.csv,line_number,2026.07.19.2
CEO_BARKED_TWICE,PUPPY,IL-INV-0028-01,description,STRING,Primary goods,,,,,,,false,4,genie/puppy/invoice_lines.csv,description,2026.07.19.2
CEO_BARKED_TWICE,PUPPY,IL-INV-0028-01,quantity,INTEGER,,12,,,,,,false,5,genie/puppy/invoice_lines.csv,quantity,2026.07.19.2
CEO_BARKED_TWICE,PUPPY,IL-INV-0028-01,unit_price,DECIMAL,,,2858.25,,,,,false,6,genie/puppy/invoice_lines.csv,unit_price,2026.07.19.2
CEO_BARKED_TWICE,PUPPY,IL-INV-0028-01,line_amount,DECIMAL,,,34299.00,,,,,false,7,genie/puppy/invoice_lines.csv,line_amount,2026.07.19.2
CEO_BARKED_TWICE,PUPPY,IL-INV-0028-01,purchase_order_id,STRING,PO-26028,,,,,,,false,8,genie/puppy/invoice_lines.csv,purchase_order_id,2026.07.19.2
CEO_BARKED_TWICE,PUPPY,IL-INV-0028-02,invoice_line_id,STRING,IL-INV-0028-02,,,,,,,false,1,genie/puppy/invoice_lines.csv,invoice_line_id,2026.07.19.2
CEO_BARKED_TWICE,PUPPY,IL-INV-0028-02,invoice_id,STRING,INV-0028,,,,,,,false,2,genie/puppy/invoice_lines.csv,invoice_id,2026.07.19.2
CEO_BARKED_TWICE,PUPPY,IL-INV-0028-02,line_number,INTEGER,,2,,,,,,false,3,genie/puppy/invoice_lines.csv,line_number,2026.07.19.2
CEO_BARKED_TWICE,PUPPY,IL-INV-0028-02,description,STRING,Freight and handling,,,,,,,false,4,genie/puppy/invoice_lines.csv,description,2026.07.19.2
CEO_BARKED_TWICE,PUPPY,IL-INV-0028-02,quantity,INTEGER,,8,,,,,,false,5,genie/puppy/invoice_lines.csv,quantity,2026.07.19.2
CEO_BARKED_TWICE,PUPPY,IL-INV-0028-02,unit_price,DECIMAL,,,3360.37,,,,,false,6,genie/puppy/invoice_lines.csv,unit_price,2026.07.19.2
CEO_BARKED_TWICE,PUPPY,IL-INV-0028-02,line_amount,DECIMAL,,,26883.00,,,,,false,7,genie/puppy/invoice_lines.csv,line_amount,2026.07.19.2
CEO_BARKED_TWICE,PUPPY,IL-INV-0028-02,purchase_order_id,STRING,PO-26028,,,,,,,false,8,genie/puppy/invoice_lines.csv,purchase_order_id,2026.07.19.2
CEO_BARKED_TWICE,PUPPY,IL-INV-0028-03,invoice_line_id,STRING,IL-INV-0028-03,,,,,,,false,1,genie/puppy/invoice_lines.csv,invoice_line_id,2026.07.19.2
CEO_BARKED_TWICE,PUPPY,IL-INV-0028-03,invoice_id,STRING,INV-0028,,,,,,,false,2,genie/puppy/invoice_lines.csv,invoice_id,2026.07.19.2
CEO_BARKED_TWICE,PUPPY,IL-INV-0028-03,line_number,INTEGER,,3,,,,,,false,3,genie/puppy/invoice_lines.csv,line_number,2026.07.19.2
CEO_BARKED_TWICE,PUPPY,IL-INV-0028-03,description,STRING,Calibration/service,,,,,,,false,4,genie/puppy/invoice_lines.csv,description,2026.07.19.2
CEO_BARKED_TWICE,PUPPY,IL-INV-0028-03,quantity,INTEGER,,4,,,,,,false,5,genie/puppy/invoice_lines.csv,quantity,2026.07.19.2
CEO_BARKED_TWICE,PUPPY,IL-INV-0028-03,unit_price,DECIMAL,,,4866.75,,,,,false,6,genie/puppy/invoice_lines.csv,unit_price,2026.07.19.2
CEO_BARKED_TWICE,PUPPY,IL-INV-0028-03,line_amount,DECIMAL,,,19467.00,,,,,false,7,genie/puppy/invoice_lines.csv,line_amount,2026.07.19.2
CEO_BARKED_TWICE,PUPPY,IL-INV-0028-03,purchase_order_id,STRING,PO-26028,,,,,,,false,8,genie/puppy/invoice_lines.csv,purchase_order_id,2026.07.19.2
CEO_BARKED_TWICE,PUPPY,IL-INV-0028-04,invoice_line_id,STRING,IL-INV-0028-04,,,,,,,false,1,genie/puppy/invoice_lines.csv,invoice_line_id,2026.07.19.2
CEO_BARKED_TWICE,PUPPY,IL-INV-0028-04,invoice_id,STRING,INV-0028,,,,,,,false,2,genie/puppy/invoice_lines.csv,invoice_id,2026.07.19.2
CEO_BARKED_TWICE,PUPPY,IL-INV-0028-04,line_number,INTEGER,,4,,,,,,false,3,genie/puppy/invoice_lines.csv,line_number,2026.07.19.2
CEO_BARKED_TWICE,PUPPY,IL-INV-0028-04,description,STRING,Tax and administration,,,,,,,false,4,genie/puppy/invoice_lines.csv,description,2026.07.19.2
CEO_BARKED_TWICE,PUPPY,IL-INV-0028-04,quantity,INTEGER,,1,,,,,,false,5,genie/puppy/invoice_lines.csv,quantity,2026.07.19.2
CEO_BARKED_TWICE,PUPPY,IL-INV-0028-04,unit_price,DECIMAL,,,12051.00,,,,,false,6,genie/puppy/invoice_lines.csv,unit_price,2026.07.19.2
CEO_BARKED_TWICE,PUPPY,IL-INV-0028-04,line_amount,DECIMAL,,,12051.00,,,,,false,7,genie/puppy/invoice_lines.csv,line_amount,2026.07.19.2
CEO_BARKED_TWICE,PUPPY,IL-INV-0028-04,purchase_order_id,STRING,PO-26028,,,,,,,false,8,genie/puppy/invoice_lines.csv,purchase_order_id,2026.07.19.2
CEO_BARKED_TWICE,PUPPY,IL-INV-0029-01,invoice_line_id,STRING,IL-INV-0029-01,,,,,,,false,1,genie/puppy/invoice_lines.csv,invoice_line_id,2026.07.19.2
CEO_BARKED_TWICE,PUPPY,IL-INV-0029-01,invoice_id,STRING,INV-0029,,,,,,,false,2,genie/puppy/invoice_lines.csv,invoice_id,2026.07.19.2
CEO_BARKED_TWICE,PUPPY,IL-INV-0029-01,line_number,INTEGER,,1,,,,,,false,3,genie/puppy/invoice_lines.csv,line_number,2026.07.19.2
CEO_BARKED_TWICE,PUPPY,IL-INV-0029-01,description,STRING,Primary goods,,,,,,,false,4,genie/puppy/invoice_lines.csv,description,2026.07.19.2
CEO_BARKED_TWICE,PUPPY,IL-INV-0029-01,quantity,INTEGER,,12,,,,,,false,5,genie/puppy/invoice_lines.csv,quantity,2026.07.19.2
CEO_BARKED_TWICE,PUPPY,IL-INV-0029-01,unit_price,DECIMAL,,,3478.00,,,,,false,6,genie/puppy/invoice_lines.csv,unit_price,2026.07.19.2
CEO_BARKED_TWICE,PUPPY,IL-INV-0029-01,line_amount,DECIMAL,,,41736.00,,,,,false,7,genie/puppy/invoice_lines.csv,line_amount,2026.07.19.2
CEO_BARKED_TWICE,PUPPY,IL-INV-0029-01,purchase_order_id,STRING,PO-26029,,,,,,,false,8,genie/puppy/invoice_lines.csv,purchase_order_id,2026.07.19.2
CEO_BARKED_TWICE,PUPPY,IL-INV-0029-02,invoice_line_id,STRING,IL-INV-0029-02,,,,,,,false,1,genie/puppy/invoice_lines.csv,invoice_line_id,2026.07.19.2
CEO_BARKED_TWICE,PUPPY,IL-INV-0029-02,invoice_id,STRING,INV-0029,,,,,,,false,2,genie/puppy/invoice_lines.csv,invoice_id,2026.07.19.2
CEO_BARKED_TWICE,PUPPY,IL-INV-0029-02,line_number,INTEGER,,2,,,,,,false,3,genie/puppy/invoice_lines.csv,line_number,2026.07.19.2
CEO_BARKED_TWICE,PUPPY,IL-INV-0029-02,description,STRING,Freight and handling,,,,,,,false,4,genie/puppy/invoice_lines.csv,description,2026.07.19.2
CEO_BARKED_TWICE,PUPPY,IL-INV-0029-02,quantity,INTEGER,,8,,,,,,false,5,genie/puppy/invoice_lines.csv,quantity,2026.07.19.2
CEO_BARKED_TWICE,PUPPY,IL-INV-0029-02,unit_price,DECIMAL,,,4089.00,,,,,false,6,genie/puppy/invoice_lines.csv,unit_price,2026.07.19.2
CEO_BARKED_TWICE,PUPPY,IL-INV-0029-02,line_amount,DECIMAL,,,32712.00,,,,,false,7,genie/puppy/invoice_lines.csv,line_amount,2026.07.19.2
CEO_BARKED_TWICE,PUPPY,IL-INV-0029-02,purchase_order_id,STRING,PO-26029,,,,,,,false,8,genie/puppy/invoice_lines.csv,purchase_order_id,2026.07.19.2
CEO_BARKED_TWICE,PUPPY,IL-INV-0029-03,invoice_line_id,STRING,IL-INV-0029-03,,,,,,,false,1,genie/puppy/invoice_lines.csv,invoice_line_id,2026.07.19.2
CEO_BARKED_TWICE,PUPPY,IL-INV-0029-03,invoice_id,STRING,INV-0029,,,,,,,false,2,genie/puppy/invoice_lines.csv,invoice_id,2026.07.19.2
CEO_BARKED_TWICE,PUPPY,IL-INV-0029-03,line_number,INTEGER,,3,,,,,,false,3,genie/puppy/invoice_lines.csv,line_number,2026.07.19.2
CEO_BARKED_TWICE,PUPPY,IL-INV-0029-03,description,STRING,Calibration/service,,,,,,,false,4,genie/puppy/invoice_lines.csv,description,2026.07.19.2
CEO_BARKED_TWICE,PUPPY,IL-INV-0029-03,quantity,INTEGER,,4,,,,,,false,5,genie/puppy/invoice_lines.csv,quantity,2026.07.19.2
CEO_BARKED_TWICE,PUPPY,IL-INV-0029-03,unit_price,DECIMAL,,,5922.00,,,,,false,6,genie/puppy/invoice_lines.csv,unit_price,2026.07.19.2
CEO_BARKED_TWICE,PUPPY,IL-INV-0029-03,line_amount,DECIMAL,,,23688.00,,,,,false,7,genie/puppy/invoice_lines.csv,line_amount,2026.07.19.2
CEO_BARKED_TWICE,PUPPY,IL-INV-0029-03,purchase_order_id,STRING,PO-26029,,,,,,,false,8,genie/puppy/invoice_lines.csv,purchase_order_id,2026.07.19.2
CEO_BARKED_TWICE,PUPPY,IL-INV-0029-04,invoice_line_id,STRING,IL-INV-0029-04,,,,,,,false,1,genie/puppy/invoice_lines.csv,invoice_line_id,2026.07.19.2
CEO_BARKED_TWICE,PUPPY,IL-INV-0029-04,invoice_id,STRING,INV-0029,,,,,,,false,2,genie/puppy/invoice_lines.csv,invoice_id,2026.07.19.2
CEO_BARKED_TWICE,PUPPY,IL-INV-0029-04,line_number,INTEGER,,4,,,,,,false,3,genie/puppy/invoice_lines.csv,line_number,2026.07.19.2
CEO_BARKED_TWICE,PUPPY,IL-INV-0029-04,description,STRING,Tax and administration,,,,,,,false,4,genie/puppy/invoice_lines.csv,description,2026.07.19.2
CEO_BARKED_TWICE,PUPPY,IL-INV-0029-04,quantity,INTEGER,,1,,,,,,false,5,genie/puppy/invoice_lines.csv,quantity,2026.07.19.2
CEO_BARKED_TWICE,PUPPY,IL-INV-0029-04,unit_price,DECIMAL,,,14664.00,,,,,false,6,genie/puppy/invoice_lines.csv,unit_price,2026.07.19.2
CEO_BARKED_TWICE,PUPPY,IL-INV-0029-04,line_amount,DECIMAL,,,14664.00,,,,,false,7,genie/puppy/invoice_lines.csv,line_amount,2026.07.19.2
CEO_BARKED_TWICE,PUPPY,IL-INV-0029-04,purchase_order_id,STRING,PO-26029,,,,,,,false,8,genie/puppy/invoice_lines.csv,purchase_order_id,2026.07.19.2
CEO_BARKED_TWICE,PUPPY,IL-INV-0030-01,invoice_line_id,STRING,IL-INV-0030-01,,,,,,,false,1,genie/puppy/invoice_lines.csv,invoice_line_id,2026.07.19.2
CEO_BARKED_TWICE,PUPPY,IL-INV-0030-01,invoice_id,STRING,INV-0030,,,,,,,false,2,genie/puppy/invoice_lines.csv,invoice_id,2026.07.19.2
CEO_BARKED_TWICE,PUPPY,IL-INV-0030-01,line_number,INTEGER,,1,,,,,,false,3,genie/puppy/invoice_lines.csv,line_number,2026.07.19.2
CEO_BARKED_TWICE,PUPPY,IL-INV-0030-01,description,STRING,Primary goods,,,,,,,false,4,genie/puppy/invoice_lines.csv,description,2026.07.19.2
CEO_BARKED_TWICE,PUPPY,IL-INV-0030-01,quantity,INTEGER,,12,,,,,,false,5,genie/puppy/invoice_lines.csv,quantity,2026.07.19.2
CEO_BARKED_TWICE,PUPPY,IL-INV-0030-01,unit_price,DECIMAL,,,4139.68,,,,,false,6,genie/puppy/invoice_lines.csv,unit_price,2026.07.19.2
CEO_BARKED_TWICE,PUPPY,IL-INV-0030-01,line_amount,DECIMAL,,,49676.20,,,,,false,7,genie/puppy/invoice_lines.csv,line_amount,2026.07.19.2
CEO_BARKED_TWICE,PUPPY,IL-INV-0030-01,purchase_order_id,STRING,PO-26030,,,,,,,false,8,genie/puppy/invoice_lines.csv,purchase_order_id,2026.07.19.2
CEO_BARKED_TWICE,PUPPY,IL-INV-0030-02,invoice_line_id,STRING,IL-INV-0030-02,,,,,,,false,1,genie/puppy/invoice_lines.csv,invoice_line_id,2026.07.19.2
CEO_BARKED_TWICE,PUPPY,IL-INV-0030-02,invoice_id,STRING,INV-0030,,,,,,,false,2,genie/puppy/invoice_lines.csv,invoice_id,2026.07.19.2
CEO_BARKED_TWICE,PUPPY,IL-INV-0030-02,line_number,INTEGER,,2,,,,,,false,3,genie/puppy/invoice_lines.csv,line_number,2026.07.19.2
CEO_BARKED_TWICE,PUPPY,IL-INV-0030-02,description,STRING,Freight and handling,,,,,,,false,4,genie/puppy/invoice_lines.csv,description,2026.07.19.2
CEO_BARKED_TWICE,PUPPY,IL-INV-0030-02,quantity,INTEGER,,8,,,,,,false,5,genie/puppy/invoice_lines.csv,quantity,2026.07.19.2
CEO_BARKED_TWICE,PUPPY,IL-INV-0030-02,unit_price,DECIMAL,,,4866.92,,,,,false,6,genie/puppy/invoice_lines.csv,unit_price,2026.07.19.2
CEO_BARKED_TWICE,PUPPY,IL-INV-0030-02,line_amount,DECIMAL,,,38935.40,,,,,false,7,genie/puppy/invoice_lines.csv,line_amount,2026.07.19.2
CEO_BARKED_TWICE,PUPPY,IL-INV-0030-02,purchase_order_id,STRING,PO-26030,,,,,,,false,8,genie/puppy/invoice_lines.csv,purchase_order_id,2026.07.19.2
CEO_BARKED_TWICE,PUPPY,IL-INV-0030-03,invoice_line_id,STRING,IL-INV-0030-03,,,,,,,false,1,genie/puppy/invoice_lines.csv,invoice_line_id,2026.07.19.2
CEO_BARKED_TWICE,PUPPY,IL-INV-0030-03,invoice_id,STRING,INV-0030,,,,,,,false,2,genie/puppy/invoice_lines.csv,invoice_id,2026.07.19.2
CEO_BARKED_TWICE,PUPPY,IL-INV-0030-03,line_number,INTEGER,,3,,,,,,false,3,genie/puppy/invoice_lines.csv,line_number,2026.07.19.2
CEO_BARKED_TWICE,PUPPY,IL-INV-0030-03,description,STRING,Calibration/service,,,,,,,false,4,genie/puppy/invoice_lines.csv,description,2026.07.19.2
CEO_BARKED_TWICE,PUPPY,IL-INV-0030-03,quantity,INTEGER,,4,,,,,,false,5,genie/puppy/invoice_lines.csv,quantity,2026.07.19.2
CEO_BARKED_TWICE,PUPPY,IL-INV-0030-03,unit_price,DECIMAL,,,7048.65,,,,,false,6,genie/puppy/invoice_lines.csv,unit_price,2026.07.19.2
CEO_BARKED_TWICE,PUPPY,IL-INV-0030-03,line_amount,DECIMAL,,,28194.60,,,,,false,7,genie/puppy/invoice_lines.csv,line_amount,2026.07.19.2
CEO_BARKED_TWICE,PUPPY,IL-INV-0030-03,purchase_order_id,STRING,PO-26030,,,,,,,false,8,genie/puppy/invoice_lines.csv,purchase_order_id,2026.07.19.2
CEO_BARKED_TWICE,PUPPY,IL-INV-0030-04,invoice_line_id,STRING,IL-INV-0030-04,,,,,,,false,1,genie/puppy/invoice_lines.csv,invoice_line_id,2026.07.19.2
CEO_BARKED_TWICE,PUPPY,IL-INV-0030-04,invoice_id,STRING,INV-0030,,,,,,,false,2,genie/puppy/invoice_lines.csv,invoice_id,2026.07.19.2
CEO_BARKED_TWICE,PUPPY,IL-INV-0030-04,line_number,INTEGER,,4,,,,,,false,3,genie/puppy/invoice_lines.csv,line_number,2026.07.19.2
CEO_BARKED_TWICE,PUPPY,IL-INV-0030-04,description,STRING,Tax and administration,,,,,,,false,4,genie/puppy/invoice_lines.csv,description,2026.07.19.2
CEO_BARKED_TWICE,PUPPY,IL-INV-0030-04,quantity,INTEGER,,1,,,,,,false,5,genie/puppy/invoice_lines.csv,quantity,2026.07.19.2
CEO_BARKED_TWICE,PUPPY,IL-INV-0030-04,unit_price,DECIMAL,,,17453.80,,,,,false,6,genie/puppy/invoice_lines.csv,unit_price,2026.07.19.2
CEO_BARKED_TWICE,PUPPY,IL-INV-0030-04,line_amount,DECIMAL,,,17453.80,,,,,false,7,genie/puppy/invoice_lines.csv,line_amount,2026.07.19.2
CEO_BARKED_TWICE,PUPPY,IL-INV-0030-04,purchase_order_id,STRING,PO-26030,,,,,,,false,8,genie/puppy/invoice_lines.csv,purchase_order_id,2026.07.19.2
CEO_BARKED_TWICE,PUPPY,IL-INV-0031-01,invoice_line_id,STRING,IL-INV-0031-01,,,,,,,false,1,genie/puppy/invoice_lines.csv,invoice_line_id,2026.07.19.2
CEO_BARKED_TWICE,PUPPY,IL-INV-0031-01,invoice_id,STRING,INV-0031,,,,,,,false,2,genie/puppy/invoice_lines.csv,invoice_id,2026.07.19.2
CEO_BARKED_TWICE,PUPPY,IL-INV-0031-01,line_number,INTEGER,,1,,,,,,false,3,genie/puppy/invoice_lines.csv,line_number,2026.07.19.2
CEO_BARKED_TWICE,PUPPY,IL-INV-0031-01,description,STRING,Primary goods,,,,,,,false,4,genie/puppy/invoice_lines.csv,description,2026.07.19.2
CEO_BARKED_TWICE,PUPPY,IL-INV-0031-01,quantity,INTEGER,,12,,,,,,false,5,genie/puppy/invoice_lines.csv,quantity,2026.07.19.2
CEO_BARKED_TWICE,PUPPY,IL-INV-0031-01,unit_price,DECIMAL,,,4121.18,,,,,false,6,genie/puppy/invoice_lines.csv,unit_price,2026.07.19.2
CEO_BARKED_TWICE,PUPPY,IL-INV-0031-01,line_amount,DECIMAL,,,49454.20,,,,,false,7,genie/puppy/invoice_lines.csv,line_amount,2026.07.19.2
CEO_BARKED_TWICE,PUPPY,IL-INV-0031-01,purchase_order_id,STRING,PO-26031,,,,,,,false,8,genie/puppy/invoice_lines.csv,purchase_order_id,2026.07.19.2
CEO_BARKED_TWICE,PUPPY,IL-INV-0031-02,invoice_line_id,STRING,IL-INV-0031-02,,,,,,,false,1,genie/puppy/invoice_lines.csv,invoice_line_id,2026.07.19.2
CEO_BARKED_TWICE,PUPPY,IL-INV-0031-02,invoice_id,STRING,INV-0031,,,,,,,false,2,genie/puppy/invoice_lines.csv,invoice_id,2026.07.19.2
CEO_BARKED_TWICE,PUPPY,IL-INV-0031-02,line_number,INTEGER,,2,,,,,,false,3,genie/puppy/invoice_lines.csv,line_number,2026.07.19.2
CEO_BARKED_TWICE,PUPPY,IL-INV-0031-02,description,STRING,Freight and handling,,,,,,,false,4,genie/puppy/invoice_lines.csv,description,2026.07.19.2
CEO_BARKED_TWICE,PUPPY,IL-INV-0031-02,quantity,INTEGER,,8,,,,,,false,5,genie/puppy/invoice_lines.csv,quantity,2026.07.19.2
CEO_BARKED_TWICE,PUPPY,IL-INV-0031-02,unit_price,DECIMAL,,,4845.17,,,,,false,6,genie/puppy/invoice_lines.csv,unit_price,2026.07.19.2
CEO_BARKED_TWICE,PUPPY,IL-INV-0031-02,line_amount,DECIMAL,,,38761.40,,,,,false,7,genie/puppy/invoice_lines.csv,line_amount,2026.07.19.2
CEO_BARKED_TWICE,PUPPY,IL-INV-0031-02,purchase_order_id,STRING,PO-26031,,,,,,,false,8,genie/puppy/invoice_lines.csv,purchase_order_id,2026.07.19.2
CEO_BARKED_TWICE,PUPPY,IL-INV-0031-03,invoice_line_id,STRING,IL-INV-0031-03,,,,,,,false,1,genie/puppy/invoice_lines.csv,invoice_line_id,2026.07.19.2
CEO_BARKED_TWICE,PUPPY,IL-INV-0031-03,invoice_id,STRING,INV-0031,,,,,,,false,2,genie/puppy/invoice_lines.csv,invoice_id,2026.07.19.2
CEO_BARKED_TWICE,PUPPY,IL-INV-0031-03,line_number,INTEGER,,3,,,,,,false,3,genie/puppy/invoice_lines.csv,line_number,2026.07.19.2
CEO_BARKED_TWICE,PUPPY,IL-INV-0031-03,description,STRING,Calibration/service,,,,,,,false,4,genie/puppy/invoice_lines.csv,description,2026.07.19.2
CEO_BARKED_TWICE,PUPPY,IL-INV-0031-03,quantity,INTEGER,,4,,,,,,false,5,genie/puppy/invoice_lines.csv,quantity,2026.07.19.2
CEO_BARKED_TWICE,PUPPY,IL-INV-0031-03,unit_price,DECIMAL,,,7017.15,,,,,false,6,genie/puppy/invoice_lines.csv,unit_price,2026.07.19.2
CEO_BARKED_TWICE,PUPPY,IL-INV-0031-03,line_amount,DECIMAL,,,28068.60,,,,,false,7,genie/puppy/invoice_lines.csv,line_amount,2026.07.19.2
CEO_BARKED_TWICE,PUPPY,IL-INV-0031-03,purchase_order_id,STRING,PO-26031,,,,,,,false,8,genie/puppy/invoice_lines.csv,purchase_order_id,2026.07.19.2
CEO_BARKED_TWICE,PUPPY,IL-INV-0031-04,invoice_line_id,STRING,IL-INV-0031-04,,,,,,,false,1,genie/puppy/invoice_lines.csv,invoice_line_id,2026.07.19.2
CEO_BARKED_TWICE,PUPPY,IL-INV-0031-04,invoice_id,STRING,INV-0031,,,,,,,false,2,genie/puppy/invoice_lines.csv,invoice_id,2026.07.19.2
CEO_BARKED_TWICE,PUPPY,IL-INV-0031-04,line_number,INTEGER,,4,,,,,,false,3,genie/puppy/invoice_lines.csv,line_number,2026.07.19.2
CEO_BARKED_TWICE,PUPPY,IL-INV-0031-04,description,STRING,Tax and administration,,,,,,,false,4,genie/puppy/invoice_lines.csv,description,2026.07.19.2
CEO_BARKED_TWICE,PUPPY,IL-INV-0031-04,quantity,INTEGER,,1,,,,,,false,5,genie/puppy/invoice_lines.csv,quantity,2026.07.19.2
CEO_BARKED_TWICE,PUPPY,IL-INV-0031-04,unit_price,DECIMAL,,,17375.80,,,,,false,6,genie/puppy/invoice_lines.csv,unit_price,2026.07.19.2
CEO_BARKED_TWICE,PUPPY,IL-INV-0031-04,line_amount,DECIMAL,,,17375.80,,,,,false,7,genie/puppy/invoice_lines.csv,line_amount,2026.07.19.2
CEO_BARKED_TWICE,PUPPY,IL-INV-0031-04,purchase_order_id,STRING,PO-26031,,,,,,,false,8,genie/puppy/invoice_lines.csv,purchase_order_id,2026.07.19.2
CEO_BARKED_TWICE,PUPPY,IL-INV-0032-01,invoice_line_id,STRING,IL-INV-0032-01,,,,,,,false,1,genie/puppy/invoice_lines.csv,invoice_line_id,2026.07.19.2
CEO_BARKED_TWICE,PUPPY,IL-INV-0032-01,invoice_id,STRING,INV-0032,,,,,,,false,2,genie/puppy/invoice_lines.csv,invoice_id,2026.07.19.2
CEO_BARKED_TWICE,PUPPY,IL-INV-0032-01,line_number,INTEGER,,1,,,,,,false,3,genie/puppy/invoice_lines.csv,line_number,2026.07.19.2
CEO_BARKED_TWICE,PUPPY,IL-INV-0032-01,description,STRING,Primary goods,,,,,,,false,4,genie/puppy/invoice_lines.csv,description,2026.07.19.2
CEO_BARKED_TWICE,PUPPY,IL-INV-0032-01,quantity,INTEGER,,12,,,,,,false,5,genie/puppy/invoice_lines.csv,quantity,2026.07.19.2
CEO_BARKED_TWICE,PUPPY,IL-INV-0032-01,unit_price,DECIMAL,,,4773.00,,,,,false,6,genie/puppy/invoice_lines.csv,unit_price,2026.07.19.2
CEO_BARKED_TWICE,PUPPY,IL-INV-0032-01,line_amount,DECIMAL,,,57276.00,,,,,false,7,genie/puppy/invoice_lines.csv,line_amount,2026.07.19.2
CEO_BARKED_TWICE,PUPPY,IL-INV-0032-01,purchase_order_id,STRING,PO-26032,,,,,,,false,8,genie/puppy/invoice_lines.csv,purchase_order_id,2026.07.19.2
CEO_BARKED_TWICE,PUPPY,IL-INV-0032-02,invoice_line_id,STRING,IL-INV-0032-02,,,,,,,false,1,genie/puppy/invoice_lines.csv,invoice_line_id,2026.07.19.2
CEO_BARKED_TWICE,PUPPY,IL-INV-0032-02,invoice_id,STRING,INV-0032,,,,,,,false,2,genie/puppy/invoice_lines.csv,invoice_id,2026.07.19.2
CEO_BARKED_TWICE,PUPPY,IL-INV-0032-02,line_number,INTEGER,,2,,,,,,false,3,genie/puppy/invoice_lines.csv,line_number,2026.07.19.2
CEO_BARKED_TWICE,PUPPY,IL-INV-0032-02,description,STRING,Freight and handling,,,,,,,false,4,genie/puppy/invoice_lines.csv,description,2026.07.19.2
CEO_BARKED_TWICE,PUPPY,IL-INV-0032-02,quantity,INTEGER,,8,,,,,,false,5,genie/puppy/invoice_lines.csv,quantity,2026.07.19.2
CEO_BARKED_TWICE,PUPPY,IL-INV-0032-02,unit_price,DECIMAL,,,5611.50,,,,,false,6,genie/puppy/invoice_lines.csv,unit_price,2026.07.19.2
CEO_BARKED_TWICE,PUPPY,IL-INV-0032-02,line_amount,DECIMAL,,,44892.00,,,,,false,7,genie/puppy/invoice_lines.csv,line_amount,2026.07.19.2
CEO_BARKED_TWICE,PUPPY,IL-INV-0032-02,purchase_order_id,STRING,PO-26032,,,,,,,false,8,genie/puppy/invoice_lines.csv,purchase_order_id,2026.07.19.2
CEO_BARKED_TWICE,PUPPY,IL-INV-0032-03,invoice_line_id,STRING,IL-INV-0032-03,,,,,,,false,1,genie/puppy/invoice_lines.csv,invoice_line_id,2026.07.19.2
CEO_BARKED_TWICE,PUPPY,IL-INV-0032-03,invoice_id,STRING,INV-0032,,,,,,,false,2,genie/puppy/invoice_lines.csv,invoice_id,2026.07.19.2
CEO_BARKED_TWICE,PUPPY,IL-INV-0032-03,line_number,INTEGER,,3,,,,,,false,3,genie/puppy/invoice_lines.csv,line_number,2026.07.19.2
CEO_BARKED_TWICE,PUPPY,IL-INV-0032-03,description,STRING,Calibration/service,,,,,,,false,4,genie/puppy/invoice_lines.csv,description,2026.07.19.2
CEO_BARKED_TWICE,PUPPY,IL-INV-0032-03,quantity,INTEGER,,4,,,,,,false,5,genie/puppy/invoice_lines.csv,quantity,2026.07.19.2
CEO_BARKED_TWICE,PUPPY,IL-INV-0032-03,unit_price,DECIMAL,,,8127.00,,,,,false,6,genie/puppy/invoice_lines.csv,unit_price,2026.07.19.2
CEO_BARKED_TWICE,PUPPY,IL-INV-0032-03,line_amount,DECIMAL,,,32508.00,,,,,false,7,genie/puppy/invoice_lines.csv,line_amount,2026.07.19.2
CEO_BARKED_TWICE,PUPPY,IL-INV-0032-03,purchase_order_id,STRING,PO-26032,,,,,,,false,8,genie/puppy/invoice_lines.csv,purchase_order_id,2026.07.19.2
CEO_BARKED_TWICE,PUPPY,IL-INV-0032-04,invoice_line_id,STRING,IL-INV-0032-04,,,,,,,false,1,genie/puppy/invoice_lines.csv,invoice_line_id,2026.07.19.2
CEO_BARKED_TWICE,PUPPY,IL-INV-0032-04,invoice_id,STRING,INV-0032,,,,,,,false,2,genie/puppy/invoice_lines.csv,invoice_id,2026.07.19.2
CEO_BARKED_TWICE,PUPPY,IL-INV-0032-04,line_number,INTEGER,,4,,,,,,false,3,genie/puppy/invoice_lines.csv,line_number,2026.07.19.2
CEO_BARKED_TWICE,PUPPY,IL-INV-0032-04,description,STRING,Tax and administration,,,,,,,false,4,genie/puppy/invoice_lines.csv,description,2026.07.19.2
CEO_BARKED_TWICE,PUPPY,IL-INV-0032-04,quantity,INTEGER,,1,,,,,,false,5,genie/puppy/invoice_lines.csv,quantity,2026.07.19.2
CEO_BARKED_TWICE,PUPPY,IL-INV-0032-04,unit_price,DECIMAL,,,20124.00,,,,,false,6,genie/puppy/invoice_lines.csv,unit_price,2026.07.19.2
CEO_BARKED_TWICE,PUPPY,IL-INV-0032-04,line_amount,DECIMAL,,,20124.00,,,,,false,7,genie/puppy/invoice_lines.csv,line_amount,2026.07.19.2
CEO_BARKED_TWICE,PUPPY,IL-INV-0032-04,purchase_order_id,STRING,PO-26032,,,,,,,false,8,genie/puppy/invoice_lines.csv,purchase_order_id,2026.07.19.2
CEO_BARKED_TWICE,PUPPY,IL-INV-0033-01,invoice_line_id,STRING,IL-INV-0033-01,,,,,,,false,1,genie/puppy/invoice_lines.csv,invoice_line_id,2026.07.19.2
CEO_BARKED_TWICE,PUPPY,IL-INV-0033-01,invoice_id,STRING,INV-0033,,,,,,,false,2,genie/puppy/invoice_lines.csv,invoice_id,2026.07.19.2
CEO_BARKED_TWICE,PUPPY,IL-INV-0033-01,line_number,INTEGER,,1,,,,,,false,3,genie/puppy/invoice_lines.csv,line_number,2026.07.19.2
CEO_BARKED_TWICE,PUPPY,IL-INV-0033-01,description,STRING,Primary goods,,,,,,,false,4,genie/puppy/invoice_lines.csv,description,2026.07.19.2
CEO_BARKED_TWICE,PUPPY,IL-INV-0033-01,quantity,INTEGER,,12,,,,,,false,5,genie/puppy/invoice_lines.csv,quantity,2026.07.19.2
CEO_BARKED_TWICE,PUPPY,IL-INV-0033-01,unit_price,DECIMAL,,,5466.75,,,,,false,6,genie/puppy/invoice_lines.csv,unit_price,2026.07.19.2
CEO_BARKED_TWICE,PUPPY,IL-INV-0033-01,line_amount,DECIMAL,,,65601.00,,,,,false,7,genie/puppy/invoice_lines.csv,line_amount,2026.07.19.2
CEO_BARKED_TWICE,PUPPY,IL-INV-0033-01,purchase_order_id,STRING,PO-26033,,,,,,,false,8,genie/puppy/invoice_lines.csv,purchase_order_id,2026.07.19.2
CEO_BARKED_TWICE,PUPPY,IL-INV-0033-02,invoice_line_id,STRING,IL-INV-0033-02,,,,,,,false,1,genie/puppy/invoice_lines.csv,invoice_line_id,2026.07.19.2
CEO_BARKED_TWICE,PUPPY,IL-INV-0033-02,invoice_id,STRING,INV-0033,,,,,,,false,2,genie/puppy/invoice_lines.csv,invoice_id,2026.07.19.2
CEO_BARKED_TWICE,PUPPY,IL-INV-0033-02,line_number,INTEGER,,2,,,,,,false,3,genie/puppy/invoice_lines.csv,line_number,2026.07.19.2
CEO_BARKED_TWICE,PUPPY,IL-INV-0033-02,description,STRING,Freight and handling,,,,,,,false,4,genie/puppy/invoice_lines.csv,description,2026.07.19.2
CEO_BARKED_TWICE,PUPPY,IL-INV-0033-02,quantity,INTEGER,,8,,,,,,false,5,genie/puppy/invoice_lines.csv,quantity,2026.07.19.2
CEO_BARKED_TWICE,PUPPY,IL-INV-0033-02,unit_price,DECIMAL,,,6427.12,,,,,false,6,genie/puppy/invoice_lines.csv,unit_price,2026.07.19.2
CEO_BARKED_TWICE,PUPPY,IL-INV-0033-02,line_amount,DECIMAL,,,51417.00,,,,,false,7,genie/puppy/invoice_lines.csv,line_amount,2026.07.19.2
CEO_BARKED_TWICE,PUPPY,IL-INV-0033-02,purchase_order_id,STRING,PO-26033,,,,,,,false,8,genie/puppy/invoice_lines.csv,purchase_order_id,2026.07.19.2
CEO_BARKED_TWICE,PUPPY,IL-INV-0033-03,invoice_line_id,STRING,IL-INV-0033-03,,,,,,,false,1,genie/puppy/invoice_lines.csv,invoice_line_id,2026.07.19.2
CEO_BARKED_TWICE,PUPPY,IL-INV-0033-03,invoice_id,STRING,INV-0033,,,,,,,false,2,genie/puppy/invoice_lines.csv,invoice_id,2026.07.19.2
CEO_BARKED_TWICE,PUPPY,IL-INV-0033-03,line_number,INTEGER,,3,,,,,,false,3,genie/puppy/invoice_lines.csv,line_number,2026.07.19.2
CEO_BARKED_TWICE,PUPPY,IL-INV-0033-03,description,STRING,Calibration/service,,,,,,,false,4,genie/puppy/invoice_lines.csv,description,2026.07.19.2
CEO_BARKED_TWICE,PUPPY,IL-INV-0033-03,quantity,INTEGER,,4,,,,,,false,5,genie/puppy/invoice_lines.csv,quantity,2026.07.19.2
CEO_BARKED_TWICE,PUPPY,IL-INV-0033-03,unit_price,DECIMAL,,,9308.25,,,,,false,6,genie/puppy/invoice_lines.csv,unit_price,2026.07.19.2
CEO_BARKED_TWICE,PUPPY,IL-INV-0033-03,line_amount,DECIMAL,,,37233.00,,,,,false,7,genie/puppy/invoice_lines.csv,line_amount,2026.07.19.2
CEO_BARKED_TWICE,PUPPY,IL-INV-0033-03,purchase_order_id,STRING,PO-26033,,,,,,,false,8,genie/puppy/invoice_lines.csv,purchase_order_id,2026.07.19.2
CEO_BARKED_TWICE,PUPPY,IL-INV-0033-04,invoice_line_id,STRING,IL-INV-0033-04,,,,,,,false,1,genie/puppy/invoice_lines.csv,invoice_line_id,2026.07.19.2
CEO_BARKED_TWICE,PUPPY,IL-INV-0033-04,invoice_id,STRING,INV-0033,,,,,,,false,2,genie/puppy/invoice_lines.csv,invoice_id,2026.07.19.2
CEO_BARKED_TWICE,PUPPY,IL-INV-0033-04,line_number,INTEGER,,4,,,,,,false,3,genie/puppy/invoice_lines.csv,line_number,2026.07.19.2
CEO_BARKED_TWICE,PUPPY,IL-INV-0033-04,description,STRING,Tax and administration,,,,,,,false,4,genie/puppy/invoice_lines.csv,description,2026.07.19.2
CEO_BARKED_TWICE,PUPPY,IL-INV-0033-04,quantity,INTEGER,,1,,,,,,false,5,genie/puppy/invoice_lines.csv,quantity,2026.07.19.2
CEO_BARKED_TWICE,PUPPY,IL-INV-0033-04,unit_price,DECIMAL,,,23049.00,,,,,false,6,genie/puppy/invoice_lines.csv,unit_price,2026.07.19.2
CEO_BARKED_TWICE,PUPPY,IL-INV-0033-04,line_amount,DECIMAL,,,23049.00,,,,,false,7,genie/puppy/invoice_lines.csv,line_amount,2026.07.19.2
CEO_BARKED_TWICE,PUPPY,IL-INV-0033-04,purchase_order_id,STRING,PO-26033,,,,,,,false,8,genie/puppy/invoice_lines.csv,purchase_order_id,2026.07.19.2
CEO_BARKED_TWICE,PUPPY,IL-INV-0034-01,invoice_line_id,STRING,IL-INV-0034-01,,,,,,,false,1,genie/puppy/invoice_lines.csv,invoice_line_id,2026.07.19.2
CEO_BARKED_TWICE,PUPPY,IL-INV-0034-01,invoice_id,STRING,INV-0034,,,,,,,false,2,genie/puppy/invoice_lines.csv,invoice_id,2026.07.19.2
CEO_BARKED_TWICE,PUPPY,IL-INV-0034-01,line_number,INTEGER,,1,,,,,,false,3,genie/puppy/invoice_lines.csv,line_number,2026.07.19.2
CEO_BARKED_TWICE,PUPPY,IL-INV-0034-01,description,STRING,Primary goods,,,,,,,false,4,genie/puppy/invoice_lines.csv,description,2026.07.19.2
CEO_BARKED_TWICE,PUPPY,IL-INV-0034-01,quantity,INTEGER,,12,,,,,,false,5,genie/puppy/invoice_lines.csv,quantity,2026.07.19.2
CEO_BARKED_TWICE,PUPPY,IL-INV-0034-01,unit_price,DECIMAL,,,6202.43,,,,,false,6,genie/puppy/invoice_lines.csv,unit_price,2026.07.19.2
CEO_BARKED_TWICE,PUPPY,IL-INV-0034-01,line_amount,DECIMAL,,,74429.20,,,,,false,7,genie/puppy/invoice_lines.csv,line_amount,2026.07.19.2
CEO_BARKED_TWICE,PUPPY,IL-INV-0034-01,purchase_order_id,STRING,PO-26034,,,,,,,false,8,genie/puppy/invoice_lines.csv,purchase_order_id,2026.07.19.2
CEO_BARKED_TWICE,PUPPY,IL-INV-0034-02,invoice_line_id,STRING,IL-INV-0034-02,,,,,,,false,1,genie/puppy/invoice_lines.csv,invoice_line_id,2026.07.19.2
CEO_BARKED_TWICE,PUPPY,IL-INV-0034-02,invoice_id,STRING,INV-0034,,,,,,,false,2,genie/puppy/invoice_lines.csv,invoice_id,2026.07.19.2
CEO_BARKED_TWICE,PUPPY,IL-INV-0034-02,line_number,INTEGER,,2,,,,,,false,3,genie/puppy/invoice_lines.csv,line_number,2026.07.19.2
CEO_BARKED_TWICE,PUPPY,IL-INV-0034-02,description,STRING,Freight and handling,,,,,,,false,4,genie/puppy/invoice_lines.csv,description,2026.07.19.2
CEO_BARKED_TWICE,PUPPY,IL-INV-0034-02,quantity,INTEGER,,8,,,,,,false,5,genie/puppy/invoice_lines.csv,quantity,2026.07.19.2
CEO_BARKED_TWICE,PUPPY,IL-INV-0034-02,unit_price,DECIMAL,,,7292.05,,,,,false,6,genie/puppy/invoice_lines.csv,unit_price,2026.07.19.2
CEO_BARKED_TWICE,PUPPY,IL-INV-0034-02,line_amount,DECIMAL,,,58336.40,,,,,false,7,genie/puppy/invoice_lines.csv,line_amount,2026.07.19.2
CEO_BARKED_TWICE,PUPPY,IL-INV-0034-02,purchase_order_id,STRING,PO-26034,,,,,,,false,8,genie/puppy/invoice_lines.csv,purchase_order_id,2026.07.19.2
CEO_BARKED_TWICE,PUPPY,IL-INV-0034-03,invoice_line_id,STRING,IL-INV-0034-03,,,,,,,false,1,genie/puppy/invoice_lines.csv,invoice_line_id,2026.07.19.2
CEO_BARKED_TWICE,PUPPY,IL-INV-0034-03,invoice_id,STRING,INV-0034,,,,,,,false,2,genie/puppy/invoice_lines.csv,invoice_id,2026.07.19.2
CEO_BARKED_TWICE,PUPPY,IL-INV-0034-03,line_number,INTEGER,,3,,,,,,false,3,genie/puppy/invoice_lines.csv,line_number,2026.07.19.2
CEO_BARKED_TWICE,PUPPY,IL-INV-0034-03,description,STRING,Calibration/service,,,,,,,false,4,genie/puppy/invoice_lines.csv,description,2026.07.19.2
CEO_BARKED_TWICE,PUPPY,IL-INV-0034-03,quantity,INTEGER,,4,,,,,,false,5,genie/puppy/invoice_lines.csv,quantity,2026.07.19.2
CEO_BARKED_TWICE,PUPPY,IL-INV-0034-03,unit_price,DECIMAL,,,10560.90,,,,,false,6,genie/puppy/invoice_lines.csv,unit_price,2026.07.19.2
CEO_BARKED_TWICE,PUPPY,IL-INV-0034-03,line_amount,DECIMAL,,,42243.60,,,,,false,7,genie/puppy/invoice_lines.csv,line_amount,2026.07.19.2
CEO_BARKED_TWICE,PUPPY,IL-INV-0034-03,purchase_order_id,STRING,PO-26034,,,,,,,false,8,genie/puppy/invoice_lines.csv,purchase_order_id,2026.07.19.2
CEO_BARKED_TWICE,PUPPY,IL-INV-0034-04,invoice_line_id,STRING,IL-INV-0034-04,,,,,,,false,1,genie/puppy/invoice_lines.csv,invoice_line_id,2026.07.19.2
CEO_BARKED_TWICE,PUPPY,IL-INV-0034-04,invoice_id,STRING,INV-0034,,,,,,,false,2,genie/puppy/invoice_lines.csv,invoice_id,2026.07.19.2
CEO_BARKED_TWICE,PUPPY,IL-INV-0034-04,line_number,INTEGER,,4,,,,,,false,3,genie/puppy/invoice_lines.csv,line_number,2026.07.19.2
CEO_BARKED_TWICE,PUPPY,IL-INV-0034-04,description,STRING,Tax and administration,,,,,,,false,4,genie/puppy/invoice_lines.csv,description,2026.07.19.2
CEO_BARKED_TWICE,PUPPY,IL-INV-0034-04,quantity,INTEGER,,1,,,,,,false,5,genie/puppy/invoice_lines.csv,quantity,2026.07.19.2
CEO_BARKED_TWICE,PUPPY,IL-INV-0034-04,unit_price,DECIMAL,,,26150.80,,,,,false,6,genie/puppy/invoice_lines.csv,unit_price,2026.07.19.2
CEO_BARKED_TWICE,PUPPY,IL-INV-0034-04,line_amount,DECIMAL,,,26150.80,,,,,false,7,genie/puppy/invoice_lines.csv,line_amount,2026.07.19.2
CEO_BARKED_TWICE,PUPPY,IL-INV-0034-04,purchase_order_id,STRING,PO-26034,,,,,,,false,8,genie/puppy/invoice_lines.csv,purchase_order_id,2026.07.19.2
CEO_BARKED_TWICE,PUPPY,IL-INV-0035-01,invoice_line_id,STRING,IL-INV-0035-01,,,,,,,false,1,genie/puppy/invoice_lines.csv,invoice_line_id,2026.07.19.2
CEO_BARKED_TWICE,PUPPY,IL-INV-0035-01,invoice_id,STRING,INV-0035,,,,,,,false,2,genie/puppy/invoice_lines.csv,invoice_id,2026.07.19.2
CEO_BARKED_TWICE,PUPPY,IL-INV-0035-01,line_number,INTEGER,,1,,,,,,false,3,genie/puppy/invoice_lines.csv,line_number,2026.07.19.2
CEO_BARKED_TWICE,PUPPY,IL-INV-0035-01,description,STRING,Primary goods,,,,,,,false,4,genie/puppy/invoice_lines.csv,description,2026.07.19.2
CEO_BARKED_TWICE,PUPPY,IL-INV-0035-01,quantity,INTEGER,,12,,,,,,false,5,genie/puppy/invoice_lines.csv,quantity,2026.07.19.2
CEO_BARKED_TWICE,PUPPY,IL-INV-0035-01,unit_price,DECIMAL,,,6980.05,,,,,false,6,genie/puppy/invoice_lines.csv,unit_price,2026.07.19.2
CEO_BARKED_TWICE,PUPPY,IL-INV-0035-01,line_amount,DECIMAL,,,83760.60,,,,,false,7,genie/puppy/invoice_lines.csv,line_amount,2026.07.19.2
CEO_BARKED_TWICE,PUPPY,IL-INV-0035-01,purchase_order_id,STRING,PO-26035,,,,,,,false,8,genie/puppy/invoice_lines.csv,purchase_order_id,2026.07.19.2
CEO_BARKED_TWICE,PUPPY,IL-INV-0035-02,invoice_line_id,STRING,IL-INV-0035-02,,,,,,,false,1,genie/puppy/invoice_lines.csv,invoice_line_id,2026.07.19.2
CEO_BARKED_TWICE,PUPPY,IL-INV-0035-02,invoice_id,STRING,INV-0035,,,,,,,false,2,genie/puppy/invoice_lines.csv,invoice_id,2026.07.19.2
CEO_BARKED_TWICE,PUPPY,IL-INV-0035-02,line_number,INTEGER,,2,,,,,,false,3,genie/puppy/invoice_lines.csv,line_number,2026.07.19.2
CEO_BARKED_TWICE,PUPPY,IL-INV-0035-02,description,STRING,Freight and handling,,,,,,,false,4,genie/puppy/invoice_lines.csv,description,2026.07.19.2
CEO_BARKED_TWICE,PUPPY,IL-INV-0035-02,quantity,INTEGER,,8,,,,,,false,5,genie/puppy/invoice_lines.csv,quantity,2026.07.19.2
CEO_BARKED_TWICE,PUPPY,IL-INV-0035-02,unit_price,DECIMAL,,,8206.27,,,,,false,6,genie/puppy/invoice_lines.csv,unit_price,2026.07.19.2
CEO_BARKED_TWICE,PUPPY,IL-INV-0035-02,line_amount,DECIMAL,,,65650.20,,,,,false,7,genie/puppy/invoice_lines.csv,line_amount,2026.07.19.2
CEO_BARKED_TWICE,PUPPY,IL-INV-0035-02,purchase_order_id,STRING,PO-26035,,,,,,,false,8,genie/puppy/invoice_lines.csv,purchase_order_id,2026.07.19.2
CEO_BARKED_TWICE,PUPPY,IL-INV-0035-03,invoice_line_id,STRING,IL-INV-0035-03,,,,,,,false,1,genie/puppy/invoice_lines.csv,invoice_line_id,2026.07.19.2
CEO_BARKED_TWICE,PUPPY,IL-INV-0035-03,invoice_id,STRING,INV-0035,,,,,,,false,2,genie/puppy/invoice_lines.csv,invoice_id,2026.07.19.2
CEO_BARKED_TWICE,PUPPY,IL-INV-0035-03,line_number,INTEGER,,3,,,,,,false,3,genie/puppy/invoice_lines.csv,line_number,2026.07.19.2
CEO_BARKED_TWICE,PUPPY,IL-INV-0035-03,description,STRING,Calibration/service,,,,,,,false,4,genie/puppy/invoice_lines.csv,description,2026.07.19.2
CEO_BARKED_TWICE,PUPPY,IL-INV-0035-03,quantity,INTEGER,,4,,,,,,false,5,genie/puppy/invoice_lines.csv,quantity,2026.07.19.2
CEO_BARKED_TWICE,PUPPY,IL-INV-0035-03,unit_price,DECIMAL,,,11884.95,,,,,false,6,genie/puppy/invoice_lines.csv,unit_price,2026.07.19.2
CEO_BARKED_TWICE,PUPPY,IL-INV-0035-03,line_amount,DECIMAL,,,47539.80,,,,,false,7,genie/puppy/invoice_lines.csv,line_amount,2026.07.19.2
CEO_BARKED_TWICE,PUPPY,IL-INV-0035-03,purchase_order_id,STRING,PO-26035,,,,,,,false,8,genie/puppy/invoice_lines.csv,purchase_order_id,2026.07.19.2
CEO_BARKED_TWICE,PUPPY,IL-INV-0035-04,invoice_line_id,STRING,IL-INV-0035-04,,,,,,,false,1,genie/puppy/invoice_lines.csv,invoice_line_id,2026.07.19.2
CEO_BARKED_TWICE,PUPPY,IL-INV-0035-04,invoice_id,STRING,INV-0035,,,,,,,false,2,genie/puppy/invoice_lines.csv,invoice_id,2026.07.19.2
CEO_BARKED_TWICE,PUPPY,IL-INV-0035-04,line_number,INTEGER,,4,,,,,,false,3,genie/puppy/invoice_lines.csv,line_number,2026.07.19.2
CEO_BARKED_TWICE,PUPPY,IL-INV-0035-04,description,STRING,Tax and administration,,,,,,,false,4,genie/puppy/invoice_lines.csv,description,2026.07.19.2
CEO_BARKED_TWICE,PUPPY,IL-INV-0035-04,quantity,INTEGER,,1,,,,,,false,5,genie/puppy/invoice_lines.csv,quantity,2026.07.19.2
CEO_BARKED_TWICE,PUPPY,IL-INV-0035-04,unit_price,DECIMAL,,,29429.40,,,,,false,6,genie/puppy/invoice_lines.csv,unit_price,2026.07.19.2
CEO_BARKED_TWICE,PUPPY,IL-INV-0035-04,line_amount,DECIMAL,,,29429.40,,,,,false,7,genie/puppy/invoice_lines.csv,line_amount,2026.07.19.2
CEO_BARKED_TWICE,PUPPY,IL-INV-0035-04,purchase_order_id,STRING,PO-26035,,,,,,,false,8,genie/puppy/invoice_lines.csv,purchase_order_id,2026.07.19.2
CEO_BARKED_TWICE,PUPPY,IL-INV-0036-01,invoice_line_id,STRING,IL-INV-0036-01,,,,,,,false,1,genie/puppy/invoice_lines.csv,invoice_line_id,2026.07.19.2
CEO_BARKED_TWICE,PUPPY,IL-INV-0036-01,invoice_id,STRING,INV-0036,,,,,,,false,2,genie/puppy/invoice_lines.csv,invoice_id,2026.07.19.2
CEO_BARKED_TWICE,PUPPY,IL-INV-0036-01,line_number,INTEGER,,1,,,,,,false,3,genie/puppy/invoice_lines.csv,line_number,2026.07.19.2
CEO_BARKED_TWICE,PUPPY,IL-INV-0036-01,description,STRING,Primary goods,,,,,,,false,4,genie/puppy/invoice_lines.csv,description,2026.07.19.2
CEO_BARKED_TWICE,PUPPY,IL-INV-0036-01,quantity,INTEGER,,12,,,,,,false,5,genie/puppy/invoice_lines.csv,quantity,2026.07.19.2
CEO_BARKED_TWICE,PUPPY,IL-INV-0036-01,unit_price,DECIMAL,,,6270.27,,,,,false,6,genie/puppy/invoice_lines.csv,unit_price,2026.07.19.2
CEO_BARKED_TWICE,PUPPY,IL-INV-0036-01,line_amount,DECIMAL,,,75243.20,,,,,false,7,genie/puppy/invoice_lines.csv,line_amount,2026.07.19.2
CEO_BARKED_TWICE,PUPPY,IL-INV-0036-01,purchase_order_id,STRING,PO-26036,,,,,,,false,8,genie/puppy/invoice_lines.csv,purchase_order_id,2026.07.19.2
CEO_BARKED_TWICE,PUPPY,IL-INV-0036-02,invoice_line_id,STRING,IL-INV-0036-02,,,,,,,false,1,genie/puppy/invoice_lines.csv,invoice_line_id,2026.07.19.2
CEO_BARKED_TWICE,PUPPY,IL-INV-0036-02,invoice_id,STRING,INV-0036,,,,,,,false,2,genie/puppy/invoice_lines.csv,invoice_id,2026.07.19.2
CEO_BARKED_TWICE,PUPPY,IL-INV-0036-02,line_number,INTEGER,,2,,,,,,false,3,genie/puppy/invoice_lines.csv,line_number,2026.07.19.2
CEO_BARKED_TWICE,PUPPY,IL-INV-0036-02,description,STRING,Freight and handling,,,,,,,false,4,genie/puppy/invoice_lines.csv,description,2026.07.19.2
CEO_BARKED_TWICE,PUPPY,IL-INV-0036-02,quantity,INTEGER,,8,,,,,,false,5,genie/puppy/invoice_lines.csv,quantity,2026.07.19.2
CEO_BARKED_TWICE,PUPPY,IL-INV-0036-02,unit_price,DECIMAL,,,7371.80,,,,,false,6,genie/puppy/invoice_lines.csv,unit_price,2026.07.19.2
CEO_BARKED_TWICE,PUPPY,IL-INV-0036-02,line_amount,DECIMAL,,,58974.40,,,,,false,7,genie/puppy/invoice_lines.csv,line_amount,2026.07.19.2
CEO_BARKED_TWICE,PUPPY,IL-INV-0036-02,purchase_order_id,STRING,PO-26036,,,,,,,false,8,genie/puppy/invoice_lines.csv,purchase_order_id,2026.07.19.2
CEO_BARKED_TWICE,PUPPY,IL-INV-0036-03,invoice_line_id,STRING,IL-INV-0036-03,,,,,,,false,1,genie/puppy/invoice_lines.csv,invoice_line_id,2026.07.19.2
CEO_BARKED_TWICE,PUPPY,IL-INV-0036-03,invoice_id,STRING,INV-0036,,,,,,,false,2,genie/puppy/invoice_lines.csv,invoice_id,2026.07.19.2
CEO_BARKED_TWICE,PUPPY,IL-INV-0036-03,line_number,INTEGER,,3,,,,,,false,3,genie/puppy/invoice_lines.csv,line_number,2026.07.19.2
CEO_BARKED_TWICE,PUPPY,IL-INV-0036-03,description,STRING,Calibration/service,,,,,,,false,4,genie/puppy/invoice_lines.csv,description,2026.07.19.2
CEO_BARKED_TWICE,PUPPY,IL-INV-0036-03,quantity,INTEGER,,4,,,,,,false,5,genie/puppy/invoice_lines.csv,quantity,2026.07.19.2
CEO_BARKED_TWICE,PUPPY,IL-INV-0036-03,unit_price,DECIMAL,,,10676.40,,,,,false,6,genie/puppy/invoice_lines.csv,unit_price,2026.07.19.2
CEO_BARKED_TWICE,PUPPY,IL-INV-0036-03,line_amount,DECIMAL,,,42705.60,,,,,false,7,genie/puppy/invoice_lines.csv,line_amount,2026.07.19.2
CEO_BARKED_TWICE,PUPPY,IL-INV-0036-03,purchase_order_id,STRING,PO-26036,,,,,,,false,8,genie/puppy/invoice_lines.csv,purchase_order_id,2026.07.19.2
CEO_BARKED_TWICE,PUPPY,IL-INV-0036-04,invoice_line_id,STRING,IL-INV-0036-04,,,,,,,false,1,genie/puppy/invoice_lines.csv,invoice_line_id,2026.07.19.2
CEO_BARKED_TWICE,PUPPY,IL-INV-0036-04,invoice_id,STRING,INV-0036,,,,,,,false,2,genie/puppy/invoice_lines.csv,invoice_id,2026.07.19.2
CEO_BARKED_TWICE,PUPPY,IL-INV-0036-04,line_number,INTEGER,,4,,,,,,false,3,genie/puppy/invoice_lines.csv,line_number,2026.07.19.2
CEO_BARKED_TWICE,PUPPY,IL-INV-0036-04,description,STRING,Tax and administration,,,,,,,false,4,genie/puppy/invoice_lines.csv,description,2026.07.19.2
CEO_BARKED_TWICE,PUPPY,IL-INV-0036-04,quantity,INTEGER,,1,,,,,,false,5,genie/puppy/invoice_lines.csv,quantity,2026.07.19.2
CEO_BARKED_TWICE,PUPPY,IL-INV-0036-04,unit_price,DECIMAL,,,26436.80,,,,,false,6,genie/puppy/invoice_lines.csv,unit_price,2026.07.19.2
CEO_BARKED_TWICE,PUPPY,IL-INV-0036-04,line_amount,DECIMAL,,,26436.80,,,,,false,7,genie/puppy/invoice_lines.csv,line_amount,2026.07.19.2
CEO_BARKED_TWICE,PUPPY,IL-INV-0036-04,purchase_order_id,STRING,PO-26036,,,,,,,false,8,genie/puppy/invoice_lines.csv,purchase_order_id,2026.07.19.2
CEO_BARKED_TWICE,PUPPY,IL-INV-0037-01,invoice_line_id,STRING,IL-INV-0037-01,,,,,,,false,1,genie/puppy/invoice_lines.csv,invoice_line_id,2026.07.19.2
CEO_BARKED_TWICE,PUPPY,IL-INV-0037-01,invoice_id,STRING,INV-0037,,,,,,,false,2,genie/puppy/invoice_lines.csv,invoice_id,2026.07.19.2
CEO_BARKED_TWICE,PUPPY,IL-INV-0037-01,line_number,INTEGER,,1,,,,,,false,3,genie/puppy/invoice_lines.csv,line_number,2026.07.19.2
CEO_BARKED_TWICE,PUPPY,IL-INV-0037-01,description,STRING,Primary goods,,,,,,,false,4,genie/puppy/invoice_lines.csv,description,2026.07.19.2
CEO_BARKED_TWICE,PUPPY,IL-INV-0037-01,quantity,INTEGER,,12,,,,,,false,5,genie/puppy/invoice_lines.csv,quantity,2026.07.19.2
CEO_BARKED_TWICE,PUPPY,IL-INV-0037-01,unit_price,DECIMAL,,,2969.87,,,,,false,6,genie/puppy/invoice_lines.csv,unit_price,2026.07.19.2
CEO_BARKED_TWICE,PUPPY,IL-INV-0037-01,line_amount,DECIMAL,,,35638.40,,,,,false,7,genie/puppy/invoice_lines.csv,line_amount,2026.07.19.2
CEO_BARKED_TWICE,PUPPY,IL-INV-0037-01,purchase_order_id,STRING,PO-26037,,,,,,,false,8,genie/puppy/invoice_lines.csv,purchase_order_id,2026.07.19.2
CEO_BARKED_TWICE,PUPPY,IL-INV-0037-02,invoice_line_id,STRING,IL-INV-0037-02,,,,,,,false,1,genie/puppy/invoice_lines.csv,invoice_line_id,2026.07.19.2
CEO_BARKED_TWICE,PUPPY,IL-INV-0037-02,invoice_id,STRING,INV-0037,,,,,,,false,2,genie/puppy/invoice_lines.csv,invoice_id,2026.07.19.2
CEO_BARKED_TWICE,PUPPY,IL-INV-0037-02,line_number,INTEGER,,2,,,,,,false,3,genie/puppy/invoice_lines.csv,line_number,2026.07.19.2
CEO_BARKED_TWICE,PUPPY,IL-INV-0037-02,description,STRING,Freight and handling,,,,,,,false,4,genie/puppy/invoice_lines.csv,description,2026.07.19.2
CEO_BARKED_TWICE,PUPPY,IL-INV-0037-02,quantity,INTEGER,,8,,,,,,false,5,genie/puppy/invoice_lines.csv,quantity,2026.07.19.2
CEO_BARKED_TWICE,PUPPY,IL-INV-0037-02,unit_price,DECIMAL,,,3491.60,,,,,false,6,genie/puppy/invoice_lines.csv,unit_price,2026.07.19.2
CEO_BARKED_TWICE,PUPPY,IL-INV-0037-02,line_amount,DECIMAL,,,27932.80,,,,,false,7,genie/puppy/invoice_lines.csv,line_amount,2026.07.19.2
CEO_BARKED_TWICE,PUPPY,IL-INV-0037-02,purchase_order_id,STRING,PO-26037,,,,,,,false,8,genie/puppy/invoice_lines.csv,purchase_order_id,2026.07.19.2
CEO_BARKED_TWICE,PUPPY,IL-INV-0037-03,invoice_line_id,STRING,IL-INV-0037-03,,,,,,,false,1,genie/puppy/invoice_lines.csv,invoice_line_id,2026.07.19.2
CEO_BARKED_TWICE,PUPPY,IL-INV-0037-03,invoice_id,STRING,INV-0037,,,,,,,false,2,genie/puppy/invoice_lines.csv,invoice_id,2026.07.19.2
CEO_BARKED_TWICE,PUPPY,IL-INV-0037-03,line_number,INTEGER,,3,,,,,,false,3,genie/puppy/invoice_lines.csv,line_number,2026.07.19.2
CEO_BARKED_TWICE,PUPPY,IL-INV-0037-03,description,STRING,Calibration/service,,,,,,,false,4,genie/puppy/invoice_lines.csv,description,2026.07.19.2
CEO_BARKED_TWICE,PUPPY,IL-INV-0037-03,quantity,INTEGER,,4,,,,,,false,5,genie/puppy/invoice_lines.csv,quantity,2026.07.19.2
CEO_BARKED_TWICE,PUPPY,IL-INV-0037-03,unit_price,DECIMAL,,,5056.80,,,,,false,6,genie/puppy/invoice_lines.csv,unit_price,2026.07.19.2
CEO_BARKED_TWICE,PUPPY,IL-INV-0037-03,line_amount,DECIMAL,,,20227.20,,,,,false,7,genie/puppy/invoice_lines.csv,line_amount,2026.07.19.2
CEO_BARKED_TWICE,PUPPY,IL-INV-0037-03,purchase_order_id,STRING,PO-26037,,,,,,,false,8,genie/puppy/invoice_lines.csv,purchase_order_id,2026.07.19.2
CEO_BARKED_TWICE,PUPPY,IL-INV-0037-04,invoice_line_id,STRING,IL-INV-0037-04,,,,,,,false,1,genie/puppy/invoice_lines.csv,invoice_line_id,2026.07.19.2
CEO_BARKED_TWICE,PUPPY,IL-INV-0037-04,invoice_id,STRING,INV-0037,,,,,,,false,2,genie/puppy/invoice_lines.csv,invoice_id,2026.07.19.2
CEO_BARKED_TWICE,PUPPY,IL-INV-0037-04,line_number,INTEGER,,4,,,,,,false,3,genie/puppy/invoice_lines.csv,line_number,2026.07.19.2
CEO_BARKED_TWICE,PUPPY,IL-INV-0037-04,description,STRING,Tax and administration,,,,,,,false,4,genie/puppy/invoice_lines.csv,description,2026.07.19.2
CEO_BARKED_TWICE,PUPPY,IL-INV-0037-04,quantity,INTEGER,,1,,,,,,false,5,genie/puppy/invoice_lines.csv,quantity,2026.07.19.2
CEO_BARKED_TWICE,PUPPY,IL-INV-0037-04,unit_price,DECIMAL,,,12521.60,,,,,false,6,genie/puppy/invoice_lines.csv,unit_price,2026.07.19.2
CEO_BARKED_TWICE,PUPPY,IL-INV-0037-04,line_amount,DECIMAL,,,12521.60,,,,,false,7,genie/puppy/invoice_lines.csv,line_amount,2026.07.19.2
CEO_BARKED_TWICE,PUPPY,IL-INV-0037-04,purchase_order_id,STRING,PO-26037,,,,,,,false,8,genie/puppy/invoice_lines.csv,purchase_order_id,2026.07.19.2
CEO_BARKED_TWICE,PUPPY,IL-INV-0038-01,invoice_line_id,STRING,IL-INV-0038-01,,,,,,,false,1,genie/puppy/invoice_lines.csv,invoice_line_id,2026.07.19.2
CEO_BARKED_TWICE,PUPPY,IL-INV-0038-01,invoice_id,STRING,INV-0038,,,,,,,false,2,genie/puppy/invoice_lines.csv,invoice_id,2026.07.19.2
CEO_BARKED_TWICE,PUPPY,IL-INV-0038-01,line_number,INTEGER,,1,,,,,,false,3,genie/puppy/invoice_lines.csv,line_number,2026.07.19.2
CEO_BARKED_TWICE,PUPPY,IL-INV-0038-01,description,STRING,Primary goods,,,,,,,false,4,genie/puppy/invoice_lines.csv,description,2026.07.19.2
CEO_BARKED_TWICE,PUPPY,IL-INV-0038-01,quantity,INTEGER,,12,,,,,,false,5,genie/puppy/invoice_lines.csv,quantity,2026.07.19.2
CEO_BARKED_TWICE,PUPPY,IL-INV-0038-01,unit_price,DECIMAL,,,3579.75,,,,,false,6,genie/puppy/invoice_lines.csv,unit_price,2026.07.19.2
CEO_BARKED_TWICE,PUPPY,IL-INV-0038-01,line_amount,DECIMAL,,,42957.00,,,,,false,7,genie/puppy/invoice_lines.csv,line_amount,2026.07.19.2
CEO_BARKED_TWICE,PUPPY,IL-INV-0038-01,purchase_order_id,STRING,PO-26038,,,,,,,false,8,genie/puppy/invoice_lines.csv,purchase_order_id,2026.07.19.2
CEO_BARKED_TWICE,PUPPY,IL-INV-0038-02,invoice_line_id,STRING,IL-INV-0038-02,,,,,,,false,1,genie/puppy/invoice_lines.csv,invoice_line_id,2026.07.19.2
CEO_BARKED_TWICE,PUPPY,IL-INV-0038-02,invoice_id,STRING,INV-0038,,,,,,,false,2,genie/puppy/invoice_lines.csv,invoice_id,2026.07.19.2
CEO_BARKED_TWICE,PUPPY,IL-INV-0038-02,line_number,INTEGER,,2,,,,,,false,3,genie/puppy/invoice_lines.csv,line_number,2026.07.19.2
CEO_BARKED_TWICE,PUPPY,IL-INV-0038-02,description,STRING,Freight and handling,,,,,,,false,4,genie/puppy/invoice_lines.csv,description,2026.07.19.2
CEO_BARKED_TWICE,PUPPY,IL-INV-0038-02,quantity,INTEGER,,8,,,,,,false,5,genie/puppy/invoice_lines.csv,quantity,2026.07.19.2
CEO_BARKED_TWICE,PUPPY,IL-INV-0038-02,unit_price,DECIMAL,,,4208.62,,,,,false,6,genie/puppy/invoice_lines.csv,unit_price,2026.07.19.2
CEO_BARKED_TWICE,PUPPY,IL-INV-0038-02,line_amount,DECIMAL,,,33669.00,,,,,false,7,genie/puppy/invoice_lines.csv,line_amount,2026.07.19.2
CEO_BARKED_TWICE,PUPPY,IL-INV-0038-02,purchase_order_id,STRING,PO-26038,,,,,,,false,8,genie/puppy/invoice_lines.csv,purchase_order_id,2026.07.19.2
CEO_BARKED_TWICE,PUPPY,IL-INV-0038-03,invoice_line_id,STRING,IL-INV-0038-03,,,,,,,false,1,genie/puppy/invoice_lines.csv,invoice_line_id,2026.07.19.2
CEO_BARKED_TWICE,PUPPY,IL-INV-0038-03,invoice_id,STRING,INV-0038,,,,,,,false,2,genie/puppy/invoice_lines.csv,invoice_id,2026.07.19.2
CEO_BARKED_TWICE,PUPPY,IL-INV-0038-03,line_number,INTEGER,,3,,,,,,false,3,genie/puppy/invoice_lines.csv,line_number,2026.07.19.2
CEO_BARKED_TWICE,PUPPY,IL-INV-0038-03,description,STRING,Calibration/service,,,,,,,false,4,genie/puppy/invoice_lines.csv,description,2026.07.19.2
CEO_BARKED_TWICE,PUPPY,IL-INV-0038-03,quantity,INTEGER,,4,,,,,,false,5,genie/puppy/invoice_lines.csv,quantity,2026.07.19.2
CEO_BARKED_TWICE,PUPPY,IL-INV-0038-03,unit_price,DECIMAL,,,6095.25,,,,,false,6,genie/puppy/invoice_lines.csv,unit_price,2026.07.19.2
CEO_BARKED_TWICE,PUPPY,IL-INV-0038-03,line_amount,DECIMAL,,,24381.00,,,,,false,7,genie/puppy/invoice_lines.csv,line_amount,2026.07.19.2
CEO_BARKED_TWICE,PUPPY,IL-INV-0038-03,purchase_order_id,STRING,PO-26038,,,,,,,false,8,genie/puppy/invoice_lines.csv,purchase_order_id,2026.07.19.2
CEO_BARKED_TWICE,PUPPY,IL-INV-0038-04,invoice_line_id,STRING,IL-INV-0038-04,,,,,,,false,1,genie/puppy/invoice_lines.csv,invoice_line_id,2026.07.19.2
CEO_BARKED_TWICE,PUPPY,IL-INV-0038-04,invoice_id,STRING,INV-0038,,,,,,,false,2,genie/puppy/invoice_lines.csv,invoice_id,2026.07.19.2
CEO_BARKED_TWICE,PUPPY,IL-INV-0038-04,line_number,INTEGER,,4,,,,,,false,3,genie/puppy/invoice_lines.csv,line_number,2026.07.19.2
CEO_BARKED_TWICE,PUPPY,IL-INV-0038-04,description,STRING,Tax and administration,,,,,,,false,4,genie/puppy/invoice_lines.csv,description,2026.07.19.2
CEO_BARKED_TWICE,PUPPY,IL-INV-0038-04,quantity,INTEGER,,1,,,,,,false,5,genie/puppy/invoice_lines.csv,quantity,2026.07.19.2
CEO_BARKED_TWICE,PUPPY,IL-INV-0038-04,unit_price,DECIMAL,,,15093.00,,,,,false,6,genie/puppy/invoice_lines.csv,unit_price,2026.07.19.2
CEO_BARKED_TWICE,PUPPY,IL-INV-0038-04,line_amount,DECIMAL,,,15093.00,,,,,false,7,genie/puppy/invoice_lines.csv,line_amount,2026.07.19.2
CEO_BARKED_TWICE,PUPPY,IL-INV-0038-04,purchase_order_id,STRING,PO-26038,,,,,,,false,8,genie/puppy/invoice_lines.csv,purchase_order_id,2026.07.19.2
CEO_BARKED_TWICE,PUPPY,IL-INV-0039-01,invoice_line_id,STRING,IL-INV-0039-01,,,,,,,false,1,genie/puppy/invoice_lines.csv,invoice_line_id,2026.07.19.2
CEO_BARKED_TWICE,PUPPY,IL-INV-0039-01,invoice_id,STRING,INV-0039,,,,,,,false,2,genie/puppy/invoice_lines.csv,invoice_id,2026.07.19.2
CEO_BARKED_TWICE,PUPPY,IL-INV-0039-01,line_number,INTEGER,,1,,,,,,false,3,genie/puppy/invoice_lines.csv,line_number,2026.07.19.2
CEO_BARKED_TWICE,PUPPY,IL-INV-0039-01,description,STRING,Primary goods,,,,,,,false,4,genie/puppy/invoice_lines.csv,description,2026.07.19.2
CEO_BARKED_TWICE,PUPPY,IL-INV-0039-01,quantity,INTEGER,,12,,,,,,false,5,genie/puppy/invoice_lines.csv,quantity,2026.07.19.2
CEO_BARKED_TWICE,PUPPY,IL-INV-0039-01,unit_price,DECIMAL,,,4231.57,,,,,false,6,genie/puppy/invoice_lines.csv,unit_price,2026.07.19.2
CEO_BARKED_TWICE,PUPPY,IL-INV-0039-01,line_amount,DECIMAL,,,50778.80,,,,,false,7,genie/puppy/invoice_lines.csv,line_amount,2026.07.19.2
CEO_BARKED_TWICE,PUPPY,IL-INV-0039-01,purchase_order_id,STRING,PO-26039,,,,,,,false,8,genie/puppy/invoice_lines.csv,purchase_order_id,2026.07.19.2
CEO_BARKED_TWICE,PUPPY,IL-INV-0039-02,invoice_line_id,STRING,IL-INV-0039-02,,,,,,,false,1,genie/puppy/invoice_lines.csv,invoice_line_id,2026.07.19.2
CEO_BARKED_TWICE,PUPPY,IL-INV-0039-02,invoice_id,STRING,INV-0039,,,,,,,false,2,genie/puppy/invoice_lines.csv,invoice_id,2026.07.19.2
CEO_BARKED_TWICE,PUPPY,IL-INV-0039-02,line_number,INTEGER,,2,,,,,,false,3,genie/puppy/invoice_lines.csv,line_number,2026.07.19.2
CEO_BARKED_TWICE,PUPPY,IL-INV-0039-02,description,STRING,Freight and handling,,,,,,,false,4,genie/puppy/invoice_lines.csv,description,2026.07.19.2
CEO_BARKED_TWICE,PUPPY,IL-INV-0039-02,quantity,INTEGER,,8,,,,,,false,5,genie/puppy/invoice_lines.csv,quantity,2026.07.19.2
CEO_BARKED_TWICE,PUPPY,IL-INV-0039-02,unit_price,DECIMAL,,,4974.95,,,,,false,6,genie/puppy/invoice_lines.csv,unit_price,2026.07.19.2
CEO_BARKED_TWICE,PUPPY,IL-INV-0039-02,line_amount,DECIMAL,,,39799.60,,,,,false,7,genie/puppy/invoice_lines.csv,line_amount,2026.07.19.2
CEO_BARKED_TWICE,PUPPY,IL-INV-0039-02,purchase_order_id,STRING,PO-26039,,,,,,,false,8,genie/puppy/invoice_lines.csv,purchase_order_id,2026.07.19.2
CEO_BARKED_TWICE,PUPPY,IL-INV-0039-03,invoice_line_id,STRING,IL-INV-0039-03,,,,,,,false,1,genie/puppy/invoice_lines.csv,invoice_line_id,2026.07.19.2
CEO_BARKED_TWICE,PUPPY,IL-INV-0039-03,invoice_id,STRING,INV-0039,,,,,,,false,2,genie/puppy/invoice_lines.csv,invoice_id,2026.07.19.2
CEO_BARKED_TWICE,PUPPY,IL-INV-0039-03,line_number,INTEGER,,3,,,,,,false,3,genie/puppy/invoice_lines.csv,line_number,2026.07.19.2
CEO_BARKED_TWICE,PUPPY,IL-INV-0039-03,description,STRING,Calibration/service,,,,,,,false,4,genie/puppy/invoice_lines.csv,description,2026.07.19.2
CEO_BARKED_TWICE,PUPPY,IL-INV-0039-03,quantity,INTEGER,,4,,,,,,false,5,genie/puppy/invoice_lines.csv,quantity,2026.07.19.2
CEO_BARKED_TWICE,PUPPY,IL-INV-0039-03,unit_price,DECIMAL,,,7205.10,,,,,false,6,genie/puppy/invoice_lines.csv,unit_price,2026.07.19.2
CEO_BARKED_TWICE,PUPPY,IL-INV-0039-03,line_amount,DECIMAL,,,28820.40,,,,,false,7,genie/puppy/invoice_lines.csv,line_amount,2026.07.19.2
CEO_BARKED_TWICE,PUPPY,IL-INV-0039-03,purchase_order_id,STRING,PO-26039,,,,,,,false,8,genie/puppy/invoice_lines.csv,purchase_order_id,2026.07.19.2
CEO_BARKED_TWICE,PUPPY,IL-INV-0039-04,invoice_line_id,STRING,IL-INV-0039-04,,,,,,,false,1,genie/puppy/invoice_lines.csv,invoice_line_id,2026.07.19.2
CEO_BARKED_TWICE,PUPPY,IL-INV-0039-04,invoice_id,STRING,INV-0039,,,,,,,false,2,genie/puppy/invoice_lines.csv,invoice_id,2026.07.19.2
CEO_BARKED_TWICE,PUPPY,IL-INV-0039-04,line_number,INTEGER,,4,,,,,,false,3,genie/puppy/invoice_lines.csv,line_number,2026.07.19.2
CEO_BARKED_TWICE,PUPPY,IL-INV-0039-04,description,STRING,Tax and administration,,,,,,,false,4,genie/puppy/invoice_lines.csv,description,2026.07.19.2
CEO_BARKED_TWICE,PUPPY,IL-INV-0039-04,quantity,INTEGER,,1,,,,,,false,5,genie/puppy/invoice_lines.csv,quantity,2026.07.19.2
CEO_BARKED_TWICE,PUPPY,IL-INV-0039-04,unit_price,DECIMAL,,,17841.20,,,,,false,6,genie/puppy/invoice_lines.csv,unit_price,2026.07.19.2
CEO_BARKED_TWICE,PUPPY,IL-INV-0039-04,line_amount,DECIMAL,,,17841.20,,,,,false,7,genie/puppy/invoice_lines.csv,line_amount,2026.07.19.2
CEO_BARKED_TWICE,PUPPY,IL-INV-0039-04,purchase_order_id,STRING,PO-26039,,,,,,,false,8,genie/puppy/invoice_lines.csv,purchase_order_id,2026.07.19.2
CEO_BARKED_TWICE,PUPPY,IL-INV-0040-01,invoice_line_id,STRING,IL-INV-0040-01,,,,,,,false,1,genie/puppy/invoice_lines.csv,invoice_line_id,2026.07.19.2
CEO_BARKED_TWICE,PUPPY,IL-INV-0040-01,invoice_id,STRING,INV-0040,,,,,,,false,2,genie/puppy/invoice_lines.csv,invoice_id,2026.07.19.2
CEO_BARKED_TWICE,PUPPY,IL-INV-0040-01,line_number,INTEGER,,1,,,,,,false,3,genie/puppy/invoice_lines.csv,line_number,2026.07.19.2
CEO_BARKED_TWICE,PUPPY,IL-INV-0040-01,description,STRING,Primary goods,,,,,,,false,4,genie/puppy/invoice_lines.csv,description,2026.07.19.2
CEO_BARKED_TWICE,PUPPY,IL-INV-0040-01,quantity,INTEGER,,12,,,,,,false,5,genie/puppy/invoice_lines.csv,quantity,2026.07.19.2
CEO_BARKED_TWICE,PUPPY,IL-INV-0040-01,unit_price,DECIMAL,,,4925.32,,,,,false,6,genie/puppy/invoice_lines.csv,unit_price,2026.07.19.2
CEO_BARKED_TWICE,PUPPY,IL-INV-0040-01,line_amount,DECIMAL,,,59103.80,,,,,false,7,genie/puppy/invoice_lines.csv,line_amount,2026.07.19.2
CEO_BARKED_TWICE,PUPPY,IL-INV-0040-01,purchase_order_id,STRING,PO-26040,,,,,,,false,8,genie/puppy/invoice_lines.csv,purchase_order_id,2026.07.19.2
CEO_BARKED_TWICE,PUPPY,IL-INV-0040-02,invoice_line_id,STRING,IL-INV-0040-02,,,,,,,false,1,genie/puppy/invoice_lines.csv,invoice_line_id,2026.07.19.2
CEO_BARKED_TWICE,PUPPY,IL-INV-0040-02,invoice_id,STRING,INV-0040,,,,,,,false,2,genie/puppy/invoice_lines.csv,invoice_id,2026.07.19.2
CEO_BARKED_TWICE,PUPPY,IL-INV-0040-02,line_number,INTEGER,,2,,,,,,false,3,genie/puppy/invoice_lines.csv,line_number,2026.07.19.2
CEO_BARKED_TWICE,PUPPY,IL-INV-0040-02,description,STRING,Freight and handling,,,,,,,false,4,genie/puppy/invoice_lines.csv,description,2026.07.19.2
CEO_BARKED_TWICE,PUPPY,IL-INV-0040-02,quantity,INTEGER,,8,,,,,,false,5,genie/puppy/invoice_lines.csv,quantity,2026.07.19.2
CEO_BARKED_TWICE,PUPPY,IL-INV-0040-02,unit_price,DECIMAL,,,5790.57,,,,,false,6,genie/puppy/invoice_lines.csv,unit_price,2026.07.19.2
CEO_BARKED_TWICE,PUPPY,IL-INV-0040-02,line_amount,DECIMAL,,,46324.60,,,,,false,7,genie/puppy/invoice_lines.csv,line_amount,2026.07.19.2
CEO_BARKED_TWICE,PUPPY,IL-INV-0040-02,purchase_order_id,STRING,PO-26040,,,,,,,false,8,genie/puppy/invoice_lines.csv,purchase_order_id,2026.07.19.2
CEO_BARKED_TWICE,PUPPY,IL-INV-0040-03,invoice_line_id,STRING,IL-INV-0040-03,,,,,,,false,1,genie/puppy/invoice_lines.csv,invoice_line_id,2026.07.19.2
CEO_BARKED_TWICE,PUPPY,IL-INV-0040-03,invoice_id,STRING,INV-0040,,,,,,,false,2,genie/puppy/invoice_lines.csv,invoice_id,2026.07.19.2
CEO_BARKED_TWICE,PUPPY,IL-INV-0040-03,line_number,INTEGER,,3,,,,,,false,3,genie/puppy/invoice_lines.csv,line_number,2026.07.19.2
CEO_BARKED_TWICE,PUPPY,IL-INV-0040-03,description,STRING,Calibration/service,,,,,,,false,4,genie/puppy/invoice_lines.csv,description,2026.07.19.2
CEO_BARKED_TWICE,PUPPY,IL-INV-0040-03,quantity,INTEGER,,4,,,,,,false,5,genie/puppy/invoice_lines.csv,quantity,2026.07.19.2
CEO_BARKED_TWICE,PUPPY,IL-INV-0040-03,unit_price,DECIMAL,,,8386.35,,,,,false,6,genie/puppy/invoice_lines.csv,unit_price,2026.07.19.2
CEO_BARKED_TWICE,PUPPY,IL-INV-0040-03,line_amount,DECIMAL,,,33545.40,,,,,false,7,genie/puppy/invoice_lines.csv,line_amount,2026.07.19.2
CEO_BARKED_TWICE,PUPPY,IL-INV-0040-03,purchase_order_id,STRING,PO-26040,,,,,,,false,8,genie/puppy/invoice_lines.csv,purchase_order_id,2026.07.19.2
CEO_BARKED_TWICE,PUPPY,IL-INV-0040-04,invoice_line_id,STRING,IL-INV-0040-04,,,,,,,false,1,genie/puppy/invoice_lines.csv,invoice_line_id,2026.07.19.2
CEO_BARKED_TWICE,PUPPY,IL-INV-0040-04,invoice_id,STRING,INV-0040,,,,,,,false,2,genie/puppy/invoice_lines.csv,invoice_id,2026.07.19.2
CEO_BARKED_TWICE,PUPPY,IL-INV-0040-04,line_number,INTEGER,,4,,,,,,false,3,genie/puppy/invoice_lines.csv,line_number,2026.07.19.2
CEO_BARKED_TWICE,PUPPY,IL-INV-0040-04,description,STRING,Tax and administration,,,,,,,false,4,genie/puppy/invoice_lines.csv,description,2026.07.19.2
CEO_BARKED_TWICE,PUPPY,IL-INV-0040-04,quantity,INTEGER,,1,,,,,,false,5,genie/puppy/invoice_lines.csv,quantity,2026.07.19.2
CEO_BARKED_TWICE,PUPPY,IL-INV-0040-04,unit_price,DECIMAL,,,20766.20,,,,,false,6,genie/puppy/invoice_lines.csv,unit_price,2026.07.19.2
CEO_BARKED_TWICE,PUPPY,IL-INV-0040-04,line_amount,DECIMAL,,,20766.20,,,,,false,7,genie/puppy/invoice_lines.csv,line_amount,2026.07.19.2
CEO_BARKED_TWICE,PUPPY,IL-INV-0040-04,purchase_order_id,STRING,PO-26040,,,,,,,false,8,genie/puppy/invoice_lines.csv,purchase_order_id,2026.07.19.2
CEO_BARKED_TWICE,PUPPY,IL-INV-0041-01,invoice_line_id,STRING,IL-INV-0041-01,,,,,,,false,1,genie/puppy/invoice_lines.csv,invoice_line_id,2026.07.19.2
CEO_BARKED_TWICE,PUPPY,IL-INV-0041-01,invoice_id,STRING,INV-0041,,,,,,,false,2,genie/puppy/invoice_lines.csv,invoice_id,2026.07.19.2
CEO_BARKED_TWICE,PUPPY,IL-INV-0041-01,line_number,INTEGER,,1,,,,,,false,3,genie/puppy/invoice_lines.csv,line_number,2026.07.19.2
CEO_BARKED_TWICE,PUPPY,IL-INV-0041-01,description,STRING,Primary goods,,,,,,,false,4,genie/puppy/invoice_lines.csv,description,2026.07.19.2
CEO_BARKED_TWICE,PUPPY,IL-INV-0041-01,quantity,INTEGER,,12,,,,,,false,5,genie/puppy/invoice_lines.csv,quantity,2026.07.19.2
CEO_BARKED_TWICE,PUPPY,IL-INV-0041-01,unit_price,DECIMAL,,,4778.55,,,,,false,6,genie/puppy/invoice_lines.csv,unit_price,2026.07.19.2
CEO_BARKED_TWICE,PUPPY,IL-INV-0041-01,line_amount,DECIMAL,,,57342.60,,,,,false,7,genie/puppy/invoice_lines.csv,line_amount,2026.07.19.2
CEO_BARKED_TWICE,PUPPY,IL-INV-0041-01,purchase_order_id,STRING,PO-26041,,,,,,,false,8,genie/puppy/invoice_lines.csv,purchase_order_id,2026.07.19.2
CEO_BARKED_TWICE,PUPPY,IL-INV-0041-02,invoice_line_id,STRING,IL-INV-0041-02,,,,,,,false,1,genie/puppy/invoice_lines.csv,invoice_line_id,2026.07.19.2
CEO_BARKED_TWICE,PUPPY,IL-INV-0041-02,invoice_id,STRING,INV-0041,,,,,,,false,2,genie/puppy/invoice_lines.csv,invoice_id,2026.07.19.2
CEO_BARKED_TWICE,PUPPY,IL-INV-0041-02,line_number,INTEGER,,2,,,,,,false,3,genie/puppy/invoice_lines.csv,line_number,2026.07.19.2
CEO_BARKED_TWICE,PUPPY,IL-INV-0041-02,description,STRING,Freight and handling,,,,,,,false,4,genie/puppy/invoice_lines.csv,description,2026.07.19.2
CEO_BARKED_TWICE,PUPPY,IL-INV-0041-02,quantity,INTEGER,,8,,,,,,false,5,genie/puppy/invoice_lines.csv,quantity,2026.07.19.2
CEO_BARKED_TWICE,PUPPY,IL-INV-0041-02,unit_price,DECIMAL,,,5618.02,,,,,false,6,genie/puppy/invoice_lines.csv,unit_price,2026.07.19.2
CEO_BARKED_TWICE,PUPPY,IL-INV-0041-02,line_amount,DECIMAL,,,44944.20,,,,,false,7,genie/puppy/invoice_lines.csv,line_amount,2026.07.19.2
CEO_BARKED_TWICE,PUPPY,IL-INV-0041-02,purchase_order_id,STRING,PO-26041,,,,,,,false,8,genie/puppy/invoice_lines.csv,purchase_order_id,2026.07.19.2
CEO_BARKED_TWICE,PUPPY,IL-INV-0041-03,invoice_line_id,STRING,IL-INV-0041-03,,,,,,,false,1,genie/puppy/invoice_lines.csv,invoice_line_id,2026.07.19.2
CEO_BARKED_TWICE,PUPPY,IL-INV-0041-03,invoice_id,STRING,INV-0041,,,,,,,false,2,genie/puppy/invoice_lines.csv,invoice_id,2026.07.19.2
CEO_BARKED_TWICE,PUPPY,IL-INV-0041-03,line_number,INTEGER,,3,,,,,,false,3,genie/puppy/invoice_lines.csv,line_number,2026.07.19.2
CEO_BARKED_TWICE,PUPPY,IL-INV-0041-03,description,STRING,Calibration/service,,,,,,,false,4,genie/puppy/invoice_lines.csv,description,2026.07.19.2
CEO_BARKED_TWICE,PUPPY,IL-INV-0041-03,quantity,INTEGER,,4,,,,,,false,5,genie/puppy/invoice_lines.csv,quantity,2026.07.19.2
CEO_BARKED_TWICE,PUPPY,IL-INV-0041-03,unit_price,DECIMAL,,,8136.45,,,,,false,6,genie/puppy/invoice_lines.csv,unit_price,2026.07.19.2
CEO_BARKED_TWICE,PUPPY,IL-INV-0041-03,line_amount,DECIMAL,,,32545.80,,,,,false,7,genie/puppy/invoice_lines.csv,line_amount,2026.07.19.2
CEO_BARKED_TWICE,PUPPY,IL-INV-0041-03,purchase_order_id,STRING,PO-26041,,,,,,,false,8,genie/puppy/invoice_lines.csv,purchase_order_id,2026.07.19.2
CEO_BARKED_TWICE,PUPPY,IL-INV-0041-04,invoice_line_id,STRING,IL-INV-0041-04,,,,,,,false,1,genie/puppy/invoice_lines.csv,invoice_line_id,2026.07.19.2
CEO_BARKED_TWICE,PUPPY,IL-INV-0041-04,invoice_id,STRING,INV-0041,,,,,,,false,2,genie/puppy/invoice_lines.csv,invoice_id,2026.07.19.2
CEO_BARKED_TWICE,PUPPY,IL-INV-0041-04,line_number,INTEGER,,4,,,,,,false,3,genie/puppy/invoice_lines.csv,line_number,2026.07.19.2
CEO_BARKED_TWICE,PUPPY,IL-INV-0041-04,description,STRING,Tax and administration,,,,,,,false,4,genie/puppy/invoice_lines.csv,description,2026.07.19.2
CEO_BARKED_TWICE,PUPPY,IL-INV-0041-04,quantity,INTEGER,,1,,,,,,false,5,genie/puppy/invoice_lines.csv,quantity,2026.07.19.2
CEO_BARKED_TWICE,PUPPY,IL-INV-0041-04,unit_price,DECIMAL,,,20147.40,,,,,false,6,genie/puppy/invoice_lines.csv,unit_price,2026.07.19.2
CEO_BARKED_TWICE,PUPPY,IL-INV-0041-04,line_amount,DECIMAL,,,20147.40,,,,,false,7,genie/puppy/invoice_lines.csv,line_amount,2026.07.19.2
CEO_BARKED_TWICE,PUPPY,IL-INV-0041-04,purchase_order_id,STRING,PO-26041,,,,,,,false,8,genie/puppy/invoice_lines.csv,purchase_order_id,2026.07.19.2
CEO_BARKED_TWICE,PUPPY,IL-INV-0042-01,invoice_line_id,STRING,IL-INV-0042-01,,,,,,,false,1,genie/puppy/invoice_lines.csv,invoice_line_id,2026.07.19.2
CEO_BARKED_TWICE,PUPPY,IL-INV-0042-01,invoice_id,STRING,INV-0042,,,,,,,false,2,genie/puppy/invoice_lines.csv,invoice_id,2026.07.19.2
CEO_BARKED_TWICE,PUPPY,IL-INV-0042-01,line_number,INTEGER,,1,,,,,,false,3,genie/puppy/invoice_lines.csv,line_number,2026.07.19.2
CEO_BARKED_TWICE,PUPPY,IL-INV-0042-01,description,STRING,Primary goods,,,,,,,false,4,genie/puppy/invoice_lines.csv,description,2026.07.19.2
CEO_BARKED_TWICE,PUPPY,IL-INV-0042-01,quantity,INTEGER,,12,,,,,,false,5,genie/puppy/invoice_lines.csv,quantity,2026.07.19.2
CEO_BARKED_TWICE,PUPPY,IL-INV-0042-01,unit_price,DECIMAL,,,5462.43,,,,,false,6,genie/puppy/invoice_lines.csv,unit_price,2026.07.19.2
CEO_BARKED_TWICE,PUPPY,IL-INV-0042-01,line_amount,DECIMAL,,,65549.20,,,,,false,7,genie/puppy/invoice_lines.csv,line_amount,2026.07.19.2
CEO_BARKED_TWICE,PUPPY,IL-INV-0042-01,purchase_order_id,STRING,PO-26042,,,,,,,false,8,genie/puppy/invoice_lines.csv,purchase_order_id,2026.07.19.2
CEO_BARKED_TWICE,PUPPY,IL-INV-0042-02,invoice_line_id,STRING,IL-INV-0042-02,,,,,,,false,1,genie/puppy/invoice_lines.csv,invoice_line_id,2026.07.19.2
CEO_BARKED_TWICE,PUPPY,IL-INV-0042-02,invoice_id,STRING,INV-0042,,,,,,,false,2,genie/puppy/invoice_lines.csv,invoice_id,2026.07.19.2
CEO_BARKED_TWICE,PUPPY,IL-INV-0042-02,line_number,INTEGER,,2,,,,,,false,3,genie/puppy/invoice_lines.csv,line_number,2026.07.19.2
CEO_BARKED_TWICE,PUPPY,IL-INV-0042-02,description,STRING,Freight and handling,,,,,,,false,4,genie/puppy/invoice_lines.csv,description,2026.07.19.2
CEO_BARKED_TWICE,PUPPY,IL-INV-0042-02,quantity,INTEGER,,8,,,,,,false,5,genie/puppy/invoice_lines.csv,quantity,2026.07.19.2
CEO_BARKED_TWICE,PUPPY,IL-INV-0042-02,unit_price,DECIMAL,,,6422.05,,,,,false,6,genie/puppy/invoice_lines.csv,unit_price,2026.07.19.2
CEO_BARKED_TWICE,PUPPY,IL-INV-0042-02,line_amount,DECIMAL,,,51376.40,,,,,false,7,genie/puppy/invoice_lines.csv,line_amount,2026.07.19.2
CEO_BARKED_TWICE,PUPPY,IL-INV-0042-02,purchase_order_id,STRING,PO-26042,,,,,,,false,8,genie/puppy/invoice_lines.csv,purchase_order_id,2026.07.19.2
CEO_BARKED_TWICE,PUPPY,IL-INV-0042-03,invoice_line_id,STRING,IL-INV-0042-03,,,,,,,false,1,genie/puppy/invoice_lines.csv,invoice_line_id,2026.07.19.2
CEO_BARKED_TWICE,PUPPY,IL-INV-0042-03,invoice_id,STRING,INV-0042,,,,,,,false,2,genie/puppy/invoice_lines.csv,invoice_id,2026.07.19.2
CEO_BARKED_TWICE,PUPPY,IL-INV-0042-03,line_number,INTEGER,,3,,,,,,false,3,genie/puppy/invoice_lines.csv,line_number,2026.07.19.2
CEO_BARKED_TWICE,PUPPY,IL-INV-0042-03,description,STRING,Calibration/service,,,,,,,false,4,genie/puppy/invoice_lines.csv,description,2026.07.19.2
CEO_BARKED_TWICE,PUPPY,IL-INV-0042-03,quantity,INTEGER,,4,,,,,,false,5,genie/puppy/invoice_lines.csv,quantity,2026.07.19.2
CEO_BARKED_TWICE,PUPPY,IL-INV-0042-03,unit_price,DECIMAL,,,9300.90,,,,,false,6,genie/puppy/invoice_lines.csv,unit_price,2026.07.19.2
CEO_BARKED_TWICE,PUPPY,IL-INV-0042-03,line_amount,DECIMAL,,,37203.60,,,,,false,7,genie/puppy/invoice_lines.csv,line_amount,2026.07.19.2
CEO_BARKED_TWICE,PUPPY,IL-INV-0042-03,purchase_order_id,STRING,PO-26042,,,,,,,false,8,genie/puppy/invoice_lines.csv,purchase_order_id,2026.07.19.2
CEO_BARKED_TWICE,PUPPY,IL-INV-0042-04,invoice_line_id,STRING,IL-INV-0042-04,,,,,,,false,1,genie/puppy/invoice_lines.csv,invoice_line_id,2026.07.19.2
CEO_BARKED_TWICE,PUPPY,IL-INV-0042-04,invoice_id,STRING,INV-0042,,,,,,,false,2,genie/puppy/invoice_lines.csv,invoice_id,2026.07.19.2
CEO_BARKED_TWICE,PUPPY,IL-INV-0042-04,line_number,INTEGER,,4,,,,,,false,3,genie/puppy/invoice_lines.csv,line_number,2026.07.19.2
CEO_BARKED_TWICE,PUPPY,IL-INV-0042-04,description,STRING,Tax and administration,,,,,,,false,4,genie/puppy/invoice_lines.csv,description,2026.07.19.2
CEO_BARKED_TWICE,PUPPY,IL-INV-0042-04,quantity,INTEGER,,1,,,,,,false,5,genie/puppy/invoice_lines.csv,quantity,2026.07.19.2
CEO_BARKED_TWICE,PUPPY,IL-INV-0042-04,unit_price,DECIMAL,,,23030.80,,,,,false,6,genie/puppy/invoice_lines.csv,unit_price,2026.07.19.2
CEO_BARKED_TWICE,PUPPY,IL-INV-0042-04,line_amount,DECIMAL,,,23030.80,,,,,false,7,genie/puppy/invoice_lines.csv,line_amount,2026.07.19.2
CEO_BARKED_TWICE,PUPPY,IL-INV-0042-04,purchase_order_id,STRING,PO-26042,,,,,,,false,8,genie/puppy/invoice_lines.csv,purchase_order_id,2026.07.19.2
CEO_BARKED_TWICE,PUPPY,INV-COPPER-1048-G,invoice_id,STRING,INV-COPPER-1048-G,,,,,,,false,1,genie/puppy/invoices.csv,invoice_id,2026.07.19.2
CEO_BARKED_TWICE,PUPPY,INV-COPPER-1048-G,invoice_number,STRING,CPI-1048,,,,,,,false,2,genie/puppy/invoices.csv,invoice_number,2026.07.19.2
CEO_BARKED_TWICE,PUPPY,INV-COPPER-1048-G,purchase_order_id,STRING,PO-26005,,,,,,,false,3,genie/puppy/invoices.csv,purchase_order_id,2026.07.19.2
CEO_BARKED_TWICE,PUPPY,INV-COPPER-1048-G,vendor_organization_record_id,STRING,OR-COPPER-01,,,,,,,false,4,genie/puppy/invoices.csv,vendor_organization_record_id,2026.07.19.2
CEO_BARKED_TWICE,PUPPY,INV-COPPER-1048-G,buyer_organization_record_id,STRING,OR-SCC-01,,,,,,,false,5,genie/puppy/invoices.csv,buyer_organization_record_id,2026.07.19.2
CEO_BARKED_TWICE,PUPPY,INV-COPPER-1048-G,issued_at,DATE,,,,,2026-02-10,,,false,6,genie/puppy/invoices.csv,issued_at,2026.07.19.2
CEO_BARKED_TWICE,PUPPY,INV-COPPER-1048-G,due_at,DATE,,,,,2026-03-12,,,false,7,genie/puppy/invoices.csv,due_at,2026.07.19.2
CEO_BARKED_TWICE,PUPPY,INV-COPPER-1048-G,total_amount,DECIMAL,,,420000.00,,,,,false,8,genie/puppy/invoices.csv,total_amount,2026.07.19.2
CEO_BARKED_TWICE,PUPPY,INV-COPPER-1048-G,currency,STRING,BSC,,,,,,,false,9,genie/puppy/invoices.csv,currency,2026.07.19.2
CEO_BARKED_TWICE,PUPPY,INV-COPPER-1048-G,beneficiary_account_id,STRING,A-COPPER-2207,,,,,,,false,10,genie/puppy/invoices.csv,beneficiary_account_id,2026.07.19.2
CEO_BARKED_TWICE,PUPPY,INV-COPPER-1048-G,sender_domain,STRING,copperpaw.example,,,,,,,false,11,genie/puppy/invoices.csv,sender_domain,2026.07.19.2
CEO_BARKED_TWICE,PUPPY,INV-COPPER-1048-G,attachment_hash,STRING,HASH-COPPER-1048-G,,,,,,,false,12,genie/puppy/invoices.csv,attachment_hash,2026.07.19.2
CEO_BARKED_TWICE,PUPPY,INV-COPPER-1048-G,approval_status,STRING,VERIFIED,,,,,,,false,13,genie/puppy/invoices.csv,approval_status,2026.07.19.2
CEO_BARKED_TWICE,PUPPY,INV-COPPER-1048-F,invoice_id,STRING,INV-COPPER-1048-F,,,,,,,false,1,genie/puppy/invoices.csv,invoice_id,2026.07.19.2
CEO_BARKED_TWICE,PUPPY,INV-COPPER-1048-F,invoice_number,STRING,CPI-1048,,,,,,,false,2,genie/puppy/invoices.csv,invoice_number,2026.07.19.2
CEO_BARKED_TWICE,PUPPY,INV-COPPER-1048-F,purchase_order_id,STRING,PO-26005,,,,,,,false,3,genie/puppy/invoices.csv,purchase_order_id,2026.07.19.2
CEO_BARKED_TWICE,PUPPY,INV-COPPER-1048-F,vendor_organization_record_id,STRING,OR-COPPER-01,,,,,,,false,4,genie/puppy/invoices.csv,vendor_organization_record_id,2026.07.19.2
CEO_BARKED_TWICE,PUPPY,INV-COPPER-1048-F,buyer_organization_record_id,STRING,OR-SCC-01,,,,,,,false,5,genie/puppy/invoices.csv,buyer_organization_record_id,2026.07.19.2
CEO_BARKED_TWICE,PUPPY,INV-COPPER-1048-F,issued_at,DATE,,,,,2026-02-10,,,false,6,genie/puppy/invoices.csv,issued_at,2026.07.19.2
CEO_BARKED_TWICE,PUPPY,INV-COPPER-1048-F,due_at,DATE,,,,,2026-02-13,,,false,7,genie/puppy/invoices.csv,due_at,2026.07.19.2
CEO_BARKED_TWICE,PUPPY,INV-COPPER-1048-F,total_amount,DECIMAL,,,420000.00,,,,,false,8,genie/puppy/invoices.csv,total_amount,2026.07.19.2
CEO_BARKED_TWICE,PUPPY,INV-COPPER-1048-F,currency,STRING,BSC,,,,,,,false,9,genie/puppy/invoices.csv,currency,2026.07.19.2
CEO_BARKED_TWICE,PUPPY,INV-COPPER-1048-F,beneficiary_account_id,STRING,A-NIGHTJAR-8842,,,,,,,false,10,genie/puppy/invoices.csv,beneficiary_account_id,2026.07.19.2
CEO_BARKED_TWICE,PUPPY,INV-COPPER-1048-F,sender_domain,STRING,copperpavv.example,,,,,,,false,11,genie/puppy/invoices.csv,sender_domain,2026.07.19.2
CEO_BARKED_TWICE,PUPPY,INV-COPPER-1048-F,attachment_hash,STRING,HASH-COPPER-1048-F,,,,,,,false,12,genie/puppy/invoices.csv,attachment_hash,2026.07.19.2
CEO_BARKED_TWICE,PUPPY,INV-COPPER-1048-F,approval_status,STRING,APPROVED,,,,,,,false,13,genie/puppy/invoices.csv,approval_status,2026.07.19.2
CEO_BARKED_TWICE,PUPPY,INV-COPPER-1059-G,invoice_id,STRING,INV-COPPER-1059-G,,,,,,,false,1,genie/puppy/invoices.csv,invoice_id,2026.07.19.2
CEO_BARKED_TWICE,PUPPY,INV-COPPER-1059-G,invoice_number,STRING,CPI-1059,,,,,,,false,2,genie/puppy/invoices.csv,invoice_number,2026.07.19.2
CEO_BARKED_TWICE,PUPPY,INV-COPPER-1059-G,purchase_order_id,STRING,PO-26013,,,,,,,false,3,genie/puppy/invoices.csv,purchase_order_id,2026.07.19.2
CEO_BARKED_TWICE,PUPPY,INV-COPPER-1059-G,vendor_organization_record_id,STRING,OR-COPPER-01,,,,,,,false,4,genie/puppy/invoices.csv,vendor_organization_record_id,2026.07.19.2
CEO_BARKED_TWICE,PUPPY,INV-COPPER-1059-G,buyer_organization_record_id,STRING,OR-SCC-01,,,,,,,false,5,genie/puppy/invoices.csv,buyer_organization_record_id,2026.07.19.2
CEO_BARKED_TWICE,PUPPY,INV-COPPER-1059-G,issued_at,DATE,,,,,2026-02-18,,,false,6,genie/puppy/invoices.csv,issued_at,2026.07.19.2
CEO_BARKED_TWICE,PUPPY,INV-COPPER-1059-G,due_at,DATE,,,,,2026-03-20,,,false,7,genie/puppy/invoices.csv,due_at,2026.07.19.2
CEO_BARKED_TWICE,PUPPY,INV-COPPER-1059-G,total_amount,DECIMAL,,,680000.00,,,,,false,8,genie/puppy/invoices.csv,total_amount,2026.07.19.2
CEO_BARKED_TWICE,PUPPY,INV-COPPER-1059-G,currency,STRING,BSC,,,,,,,false,9,genie/puppy/invoices.csv,currency,2026.07.19.2
CEO_BARKED_TWICE,PUPPY,INV-COPPER-1059-G,beneficiary_account_id,STRING,A-COPPER-2207,,,,,,,false,10,genie/puppy/invoices.csv,beneficiary_account_id,2026.07.19.2
CEO_BARKED_TWICE,PUPPY,INV-COPPER-1059-G,sender_domain,STRING,copperpaw.example,,,,,,,false,11,genie/puppy/invoices.csv,sender_domain,2026.07.19.2
CEO_BARKED_TWICE,PUPPY,INV-COPPER-1059-G,attachment_hash,STRING,HASH-COPPER-1059-G,,,,,,,false,12,genie/puppy/invoices.csv,attachment_hash,2026.07.19.2
CEO_BARKED_TWICE,PUPPY,INV-COPPER-1059-G,approval_status,STRING,VERIFIED,,,,,,,false,13,genie/puppy/invoices.csv,approval_status,2026.07.19.2
CEO_BARKED_TWICE,PUPPY,INV-COPPER-1059-F,invoice_id,STRING,INV-COPPER-1059-F,,,,,,,false,1,genie/puppy/invoices.csv,invoice_id,2026.07.19.2
CEO_BARKED_TWICE,PUPPY,INV-COPPER-1059-F,invoice_number,STRING,CPI-1059,,,,,,,false,2,genie/puppy/invoices.csv,invoice_number,2026.07.19.2
CEO_BARKED_TWICE,PUPPY,INV-COPPER-1059-F,purchase_order_id,STRING,PO-26013,,,,,,,false,3,genie/puppy/invoices.csv,purchase_order_id,2026.07.19.2
CEO_BARKED_TWICE,PUPPY,INV-COPPER-1059-F,vendor_organization_record_id,STRING,OR-COPPER-01,,,,,,,false,4,genie/puppy/invoices.csv,vendor_organization_record_id,2026.07.19.2
CEO_BARKED_TWICE,PUPPY,INV-COPPER-1059-F,buyer_organization_record_id,STRING,OR-SCC-01,,,,,,,false,5,genie/puppy/invoices.csv,buyer_organization_record_id,2026.07.19.2
CEO_BARKED_TWICE,PUPPY,INV-COPPER-1059-F,issued_at,DATE,,,,,2026-02-18,,,false,6,genie/puppy/invoices.csv,issued_at,2026.07.19.2
CEO_BARKED_TWICE,PUPPY,INV-COPPER-1059-F,due_at,DATE,,,,,2026-02-21,,,false,7,genie/puppy/invoices.csv,due_at,2026.07.19.2
CEO_BARKED_TWICE,PUPPY,INV-COPPER-1059-F,total_amount,DECIMAL,,,680000.00,,,,,false,8,genie/puppy/invoices.csv,total_amount,2026.07.19.2
CEO_BARKED_TWICE,PUPPY,INV-COPPER-1059-F,currency,STRING,BSC,,,,,,,false,9,genie/puppy/invoices.csv,currency,2026.07.19.2
CEO_BARKED_TWICE,PUPPY,INV-COPPER-1059-F,beneficiary_account_id,STRING,A-NIGHTJAR-8842,,,,,,,false,10,genie/puppy/invoices.csv,beneficiary_account_id,2026.07.19.2
CEO_BARKED_TWICE,PUPPY,INV-COPPER-1059-F,sender_domain,STRING,copperpavv.example,,,,,,,false,11,genie/puppy/invoices.csv,sender_domain,2026.07.19.2
CEO_BARKED_TWICE,PUPPY,INV-COPPER-1059-F,attachment_hash,STRING,HASH-COPPER-1059-F,,,,,,,false,12,genie/puppy/invoices.csv,attachment_hash,2026.07.19.2
CEO_BARKED_TWICE,PUPPY,INV-COPPER-1059-F,approval_status,STRING,APPROVED,,,,,,,false,13,genie/puppy/invoices.csv,approval_status,2026.07.19.2
CEO_BARKED_TWICE,PUPPY,INV-COPPER-1062-G,invoice_id,STRING,INV-COPPER-1062-G,,,,,,,false,1,genie/puppy/invoices.csv,invoice_id,2026.07.19.2
CEO_BARKED_TWICE,PUPPY,INV-COPPER-1062-G,invoice_number,STRING,CPI-1062,,,,,,,false,2,genie/puppy/invoices.csv,invoice_number,2026.07.19.2
CEO_BARKED_TWICE,PUPPY,INV-COPPER-1062-G,purchase_order_id,STRING,PO-26021,,,,,,,false,3,genie/puppy/invoices.csv,purchase_order_id,2026.07.19.2
CEO_BARKED_TWICE,PUPPY,INV-COPPER-1062-G,vendor_organization_record_id,STRING,OR-COPPER-01,,,,,,,false,4,genie/puppy/invoices.csv,vendor_organization_record_id,2026.07.19.2
CEO_BARKED_TWICE,PUPPY,INV-COPPER-1062-G,buyer_organization_record_id,STRING,OR-SCC-01,,,,,,,false,5,genie/puppy/invoices.csv,buyer_organization_record_id,2026.07.19.2
CEO_BARKED_TWICE,PUPPY,INV-COPPER-1062-G,issued_at,DATE,,,,,2026-02-25,,,false,6,genie/puppy/invoices.csv,issued_at,2026.07.19.2
CEO_BARKED_TWICE,PUPPY,INV-COPPER-1062-G,due_at,DATE,,,,,2026-03-27,,,false,7,genie/puppy/invoices.csv,due_at,2026.07.19.2
CEO_BARKED_TWICE,PUPPY,INV-COPPER-1062-G,total_amount,DECIMAL,,,155000.00,,,,,false,8,genie/puppy/invoices.csv,total_amount,2026.07.19.2
CEO_BARKED_TWICE,PUPPY,INV-COPPER-1062-G,currency,STRING,BSC,,,,,,,false,9,genie/puppy/invoices.csv,currency,2026.07.19.2
CEO_BARKED_TWICE,PUPPY,INV-COPPER-1062-G,beneficiary_account_id,STRING,A-COPPER-2207,,,,,,,false,10,genie/puppy/invoices.csv,beneficiary_account_id,2026.07.19.2
CEO_BARKED_TWICE,PUPPY,INV-COPPER-1062-G,sender_domain,STRING,copperpaw.example,,,,,,,false,11,genie/puppy/invoices.csv,sender_domain,2026.07.19.2
CEO_BARKED_TWICE,PUPPY,INV-COPPER-1062-G,attachment_hash,STRING,HASH-COPPER-1062-G,,,,,,,false,12,genie/puppy/invoices.csv,attachment_hash,2026.07.19.2
CEO_BARKED_TWICE,PUPPY,INV-COPPER-1062-G,approval_status,STRING,VERIFIED,,,,,,,false,13,genie/puppy/invoices.csv,approval_status,2026.07.19.2
CEO_BARKED_TWICE,PUPPY,INV-COPPER-1062-F,invoice_id,STRING,INV-COPPER-1062-F,,,,,,,false,1,genie/puppy/invoices.csv,invoice_id,2026.07.19.2
CEO_BARKED_TWICE,PUPPY,INV-COPPER-1062-F,invoice_number,STRING,CPI-1062,,,,,,,false,2,genie/puppy/invoices.csv,invoice_number,2026.07.19.2
CEO_BARKED_TWICE,PUPPY,INV-COPPER-1062-F,purchase_order_id,STRING,PO-26021,,,,,,,false,3,genie/puppy/invoices.csv,purchase_order_id,2026.07.19.2
CEO_BARKED_TWICE,PUPPY,INV-COPPER-1062-F,vendor_organization_record_id,STRING,OR-COPPER-01,,,,,,,false,4,genie/puppy/invoices.csv,vendor_organization_record_id,2026.07.19.2
CEO_BARKED_TWICE,PUPPY,INV-COPPER-1062-F,buyer_organization_record_id,STRING,OR-SCC-01,,,,,,,false,5,genie/puppy/invoices.csv,buyer_organization_record_id,2026.07.19.2
CEO_BARKED_TWICE,PUPPY,INV-COPPER-1062-F,issued_at,DATE,,,,,2026-02-25,,,false,6,genie/puppy/invoices.csv,issued_at,2026.07.19.2
CEO_BARKED_TWICE,PUPPY,INV-COPPER-1062-F,due_at,DATE,,,,,2026-02-28,,,false,7,genie/puppy/invoices.csv,due_at,2026.07.19.2
CEO_BARKED_TWICE,PUPPY,INV-COPPER-1062-F,total_amount,DECIMAL,,,155000.00,,,,,false,8,genie/puppy/invoices.csv,total_amount,2026.07.19.2
CEO_BARKED_TWICE,PUPPY,INV-COPPER-1062-F,currency,STRING,BSC,,,,,,,false,9,genie/puppy/invoices.csv,currency,2026.07.19.2
CEO_BARKED_TWICE,PUPPY,INV-COPPER-1062-F,beneficiary_account_id,STRING,A-NIGHTJAR-8842,,,,,,,false,10,genie/puppy/invoices.csv,beneficiary_account_id,2026.07.19.2
CEO_BARKED_TWICE,PUPPY,INV-COPPER-1062-F,sender_domain,STRING,copperpavv.example,,,,,,,false,11,genie/puppy/invoices.csv,sender_domain,2026.07.19.2
CEO_BARKED_TWICE,PUPPY,INV-COPPER-1062-F,attachment_hash,STRING,HASH-COPPER-1062-F,,,,,,,false,12,genie/puppy/invoices.csv,attachment_hash,2026.07.19.2
CEO_BARKED_TWICE,PUPPY,INV-COPPER-1062-F,approval_status,STRING,HELD,,,,,,,false,13,genie/puppy/invoices.csv,approval_status,2026.07.19.2
CEO_BARKED_TWICE,PUPPY,INV-0001,invoice_id,STRING,INV-0001,,,,,,,false,1,genie/puppy/invoices.csv,invoice_id,2026.07.19.2
CEO_BARKED_TWICE,PUPPY,INV-0001,invoice_number,STRING,COPPER-2025-1000,,,,,,,false,2,genie/puppy/invoices.csv,invoice_number,2026.07.19.2
CEO_BARKED_TWICE,PUPPY,INV-0001,purchase_order_id,STRING,PO-26001,,,,,,,false,3,genie/puppy/invoices.csv,purchase_order_id,2026.07.19.2
CEO_BARKED_TWICE,PUPPY,INV-0001,vendor_organization_record_id,STRING,OR-COPPER-01,,,,,,,false,4,genie/puppy/invoices.csv,vendor_organization_record_id,2026.07.19.2
CEO_BARKED_TWICE,PUPPY,INV-0001,buyer_organization_record_id,STRING,OR-SCC-01,,,,,,,false,5,genie/puppy/invoices.csv,buyer_organization_record_id,2026.07.19.2
CEO_BARKED_TWICE,PUPPY,INV-0001,issued_at,DATE,,,,,2025-07-15,,,false,6,genie/puppy/invoices.csv,issued_at,2026.07.19.2
CEO_BARKED_TWICE,PUPPY,INV-0001,due_at,DATE,,,,,2025-08-14,,,false,7,genie/puppy/invoices.csv,due_at,2026.07.19.2
CEO_BARKED_TWICE,PUPPY,INV-0001,total_amount,DECIMAL,,,69700.00,,,,,false,8,genie/puppy/invoices.csv,total_amount,2026.07.19.2
CEO_BARKED_TWICE,PUPPY,INV-0001,currency,STRING,BSC,,,,,,,false,9,genie/puppy/invoices.csv,currency,2026.07.19.2
CEO_BARKED_TWICE,PUPPY,INV-0001,beneficiary_account_id,STRING,A-COPPER-2207,,,,,,,false,10,genie/puppy/invoices.csv,beneficiary_account_id,2026.07.19.2
CEO_BARKED_TWICE,PUPPY,INV-0001,sender_domain,STRING,copperpaw.example,,,,,,,false,11,genie/puppy/invoices.csv,sender_domain,2026.07.19.2
CEO_BARKED_TWICE,PUPPY,INV-0001,attachment_hash,STRING,58045d97f5d12604471a8b71d5866aebdd113f9eb4f92bab0c38ab2caeec02af,,,,,,,false,12,genie/puppy/invoices.csv,attachment_hash,2026.07.19.2
CEO_BARKED_TWICE,PUPPY,INV-0001,approval_status,STRING,PAID,,,,,,,false,13,genie/puppy/invoices.csv,approval_status,2026.07.19.2
CEO_BARKED_TWICE,PUPPY,INV-0002,invoice_id,STRING,INV-0002,,,,,,,false,1,genie/puppy/invoices.csv,invoice_id,2026.07.19.2
CEO_BARKED_TWICE,PUPPY,INV-0002,invoice_number,STRING,IRON-2025-1001,,,,,,,false,2,genie/puppy/invoices.csv,invoice_number,2026.07.19.2
CEO_BARKED_TWICE,PUPPY,INV-0002,purchase_order_id,STRING,PO-26002,,,,,,,false,3,genie/puppy/invoices.csv,purchase_order_id,2026.07.19.2
CEO_BARKED_TWICE,PUPPY,INV-0002,vendor_organization_record_id,STRING,OR-IRON-01,,,,,,,false,4,genie/puppy/invoices.csv,vendor_organization_record_id,2026.07.19.2
CEO_BARKED_TWICE,PUPPY,INV-0002,buyer_organization_record_id,STRING,OR-SCC-01,,,,,,,false,5,genie/puppy/invoices.csv,buyer_organization_record_id,2026.07.19.2
CEO_BARKED_TWICE,PUPPY,INV-0002,issued_at,DATE,,,,,2025-07-18,,,false,6,genie/puppy/invoices.csv,issued_at,2026.07.19.2
CEO_BARKED_TWICE,PUPPY,INV-0002,due_at,DATE,,,,,2025-08-17,,,false,7,genie/puppy/invoices.csv,due_at,2026.07.19.2
CEO_BARKED_TWICE,PUPPY,INV-0002,total_amount,DECIMAL,,,87720.00,,,,,false,8,genie/puppy/invoices.csv,total_amount,2026.07.19.2
CEO_BARKED_TWICE,PUPPY,INV-0002,currency,STRING,BSC,,,,,,,false,9,genie/puppy/invoices.csv,currency,2026.07.19.2
CEO_BARKED_TWICE,PUPPY,INV-0002,beneficiary_account_id,STRING,A-IRON-3041,,,,,,,false,10,genie/puppy/invoices.csv,beneficiary_account_id,2026.07.19.2
CEO_BARKED_TWICE,PUPPY,INV-0002,sender_domain,STRING,iron.leash.manufacturing.example,,,,,,,false,11,genie/puppy/invoices.csv,sender_domain,2026.07.19.2
CEO_BARKED_TWICE,PUPPY,INV-0002,attachment_hash,STRING,8f63d12e9b894b5343bb109353719c36c418b32b0b22ca39dc7fcfdcda1fca6f,,,,,,,false,12,genie/puppy/invoices.csv,attachment_hash,2026.07.19.2
CEO_BARKED_TWICE,PUPPY,INV-0002,approval_status,STRING,PAID,,,,,,,false,13,genie/puppy/invoices.csv,approval_status,2026.07.19.2
CEO_BARKED_TWICE,PUPPY,INV-0003,invoice_id,STRING,INV-0003,,,,,,,false,1,genie/puppy/invoices.csv,invoice_id,2026.07.19.2
CEO_BARKED_TWICE,PUPPY,INV-0003,invoice_number,STRING,WIRE-2025-1002,,,,,,,false,2,genie/puppy/invoices.csv,invoice_number,2026.07.19.2
CEO_BARKED_TWICE,PUPPY,INV-0003,purchase_order_id,STRING,PO-26003,,,,,,,false,3,genie/puppy/invoices.csv,purchase_order_id,2026.07.19.2
CEO_BARKED_TWICE,PUPPY,INV-0003,vendor_organization_record_id,STRING,OR-WIRE-01,,,,,,,false,4,genie/puppy/invoices.csv,vendor_organization_record_id,2026.07.19.2
CEO_BARKED_TWICE,PUPPY,INV-0003,buyer_organization_record_id,STRING,OR-SCC-01,,,,,,,false,5,genie/puppy/invoices.csv,buyer_organization_record_id,2026.07.19.2
CEO_BARKED_TWICE,PUPPY,INV-0003,issued_at,DATE,,,,,2025-07-21,,,false,6,genie/puppy/invoices.csv,issued_at,2026.07.19.2
CEO_BARKED_TWICE,PUPPY,INV-0003,due_at,DATE,,,,,2025-08-20,,,false,7,genie/puppy/invoices.csv,due_at,2026.07.19.2
CEO_BARKED_TWICE,PUPPY,INV-0003,total_amount,DECIMAL,,,107100.00,,,,,false,8,genie/puppy/invoices.csv,total_amount,2026.07.19.2
CEO_BARKED_TWICE,PUPPY,INV-0003,currency,STRING,BSC,,,,,,,false,9,genie/puppy/invoices.csv,currency,2026.07.19.2
CEO_BARKED_TWICE,PUPPY,INV-0003,beneficiary_account_id,STRING,A-WIRE-3082,,,,,,,false,10,genie/puppy/invoices.csv,beneficiary_account_id,2026.07.19.2
CEO_BARKED_TWICE,PUPPY,INV-0003,sender_domain,STRING,wire.whisker.electronics.example,,,,,,,false,11,genie/puppy/invoices.csv,sender_domain,2026.07.19.2
CEO_BARKED_TWICE,PUPPY,INV-0003,attachment_hash,STRING,03b620b603313f67b9128e1acc652b60afb45bbc6c6ca9d33286602ac754557b,,,,,,,false,12,genie/puppy/invoices.csv,attachment_hash,2026.07.19.2
CEO_BARKED_TWICE,PUPPY,INV-0003,approval_status,STRING,PAID,,,,,,,false,13,genie/puppy/invoices.csv,approval_status,2026.07.19.2
CEO_BARKED_TWICE,PUPPY,INV-0004,invoice_id,STRING,INV-0004,,,,,,,false,1,genie/puppy/invoices.csv,invoice_id,2026.07.19.2
CEO_BARKED_TWICE,PUPPY,INV-0004,invoice_number,STRING,TAIL-2025-1003,,,,,,,false,2,genie/puppy/invoices.csv,invoice_number,2026.07.19.2
CEO_BARKED_TWICE,PUPPY,INV-0004,purchase_order_id,STRING,PO-26004,,,,,,,false,3,genie/puppy/invoices.csv,purchase_order_id,2026.07.19.2
CEO_BARKED_TWICE,PUPPY,INV-0004,vendor_organization_record_id,STRING,OR-TAIL-01,,,,,,,false,4,genie/puppy/invoices.csv,vendor_organization_record_id,2026.07.19.2
CEO_BARKED_TWICE,PUPPY,INV-0004,buyer_organization_record_id,STRING,OR-SCC-01,,,,,,,false,5,genie/puppy/invoices.csv,buyer_organization_record_id,2026.07.19.2
CEO_BARKED_TWICE,PUPPY,INV-0004,issued_at,DATE,,,,,2025-07-24,,,false,6,genie/puppy/invoices.csv,issued_at,2026.07.19.2
CEO_BARKED_TWICE,PUPPY,INV-0004,due_at,DATE,,,,,2025-08-23,,,false,7,genie/puppy/invoices.csv,due_at,2026.07.19.2
CEO_BARKED_TWICE,PUPPY,INV-0004,total_amount,DECIMAL,,,127840.00,,,,,false,8,genie/puppy/invoices.csv,total_amount,2026.07.19.2
CEO_BARKED_TWICE,PUPPY,INV-0004,currency,STRING,BSC,,,,,,,false,9,genie/puppy/invoices.csv,currency,2026.07.19.2
CEO_BARKED_TWICE,PUPPY,INV-0004,beneficiary_account_id,STRING,A-TAIL-3123,,,,,,,false,10,genie/puppy/invoices.csv,beneficiary_account_id,2026.07.19.2
CEO_BARKED_TWICE,PUPPY,INV-0004,sender_domain,STRING,tailspin.freight.co.example,,,,,,,false,11,genie/puppy/invoices.csv,sender_domain,2026.07.19.2
CEO_BARKED_TWICE,PUPPY,INV-0004,attachment_hash,STRING,33f89a9a82c589598879c53d62336d7969ff7c89983f1c2a2677fe77d171b2bf,,,,,,,false,12,genie/puppy/invoices.csv,attachment_hash,2026.07.19.2
CEO_BARKED_TWICE,PUPPY,INV-0004,approval_status,STRING,PAID,,,,,,,false,13,genie/puppy/invoices.csv,approval_status,2026.07.19.2
CEO_BARKED_TWICE,PUPPY,INV-0005,invoice_id,STRING,INV-0005,,,,,,,false,1,genie/puppy/invoices.csv,invoice_id,2026.07.19.2
CEO_BARKED_TWICE,PUPPY,INV-0005,invoice_number,STRING,BLUEBOWL-2025-1004,,,,,,,false,2,genie/puppy/invoices.csv,invoice_number,2026.07.19.2
CEO_BARKED_TWICE,PUPPY,INV-0005,purchase_order_id,STRING,PO-26005,,,,,,,false,3,genie/puppy/invoices.csv,purchase_order_id,2026.07.19.2
CEO_BARKED_TWICE,PUPPY,INV-0005,vendor_organization_record_id,STRING,OR-BLUEBOWL-01,,,,,,,false,4,genie/puppy/invoices.csv,vendor_organization_record_id,2026.07.19.2
CEO_BARKED_TWICE,PUPPY,INV-0005,buyer_organization_record_id,STRING,OR-SCC-01,,,,,,,false,5,genie/puppy/invoices.csv,buyer_organization_record_id,2026.07.19.2
CEO_BARKED_TWICE,PUPPY,INV-0005,issued_at,DATE,,,,,2025-07-27,,,false,6,genie/puppy/invoices.csv,issued_at,2026.07.19.2
CEO_BARKED_TWICE,PUPPY,INV-0005,due_at,DATE,,,,,2025-08-26,,,false,7,genie/puppy/invoices.csv,due_at,2026.07.19.2
CEO_BARKED_TWICE,PUPPY,INV-0005,total_amount,DECIMAL,,,149940.00,,,,,false,8,genie/puppy/invoices.csv,total_amount,2026.07.19.2
CEO_BARKED_TWICE,PUPPY,INV-0005,currency,STRING,BSC,,,,,,,false,9,genie/puppy/invoices.csv,currency,2026.07.19.2
CEO_BARKED_TWICE,PUPPY,INV-0005,beneficiary_account_id,STRING,A-BLUEBOWL-3164,,,,,,,false,10,genie/puppy/invoices.csv,beneficiary_account_id,2026.07.19.2
CEO_BARKED_TWICE,PUPPY,INV-0005,sender_domain,STRING,blue.bowl.packaging.example,,,,,,,false,11,genie/puppy/invoices.csv,sender_domain,2026.07.19.2
CEO_BARKED_TWICE,PUPPY,INV-0005,attachment_hash,STRING,53077609bfd0e3b3e9d8b2e97fef46f7c6346e100b9aa70f7de1fc2a8f2f2b08,,,,,,,false,12,genie/puppy/invoices.csv,attachment_hash,2026.07.19.2
CEO_BARKED_TWICE,PUPPY,INV-0005,approval_status,STRING,PAID,,,,,,,false,13,genie/puppy/invoices.csv,approval_status,2026.07.19.2
CEO_BARKED_TWICE,PUPPY,INV-0006,invoice_id,STRING,INV-0006,,,,,,,false,1,genie/puppy/invoices.csv,invoice_id,2026.07.19.2
CEO_BARKED_TWICE,PUPPY,INV-0006,invoice_number,STRING,HOUNDOFF-2025-1005,,,,,,,false,2,genie/puppy/invoices.csv,invoice_number,2026.07.19.2
CEO_BARKED_TWICE,PUPPY,INV-0006,purchase_order_id,STRING,PO-26006,,,,,,,false,3,genie/puppy/invoices.csv,purchase_order_id,2026.07.19.2
CEO_BARKED_TWICE,PUPPY,INV-0006,vendor_organization_record_id,STRING,OR-HOUNDOFF-01,,,,,,,false,4,genie/puppy/invoices.csv,vendor_organization_record_id,2026.07.19.2
CEO_BARKED_TWICE,PUPPY,INV-0006,buyer_organization_record_id,STRING,OR-SCC-01,,,,,,,false,5,genie/puppy/invoices.csv,buyer_organization_record_id,2026.07.19.2
CEO_BARKED_TWICE,PUPPY,INV-0006,issued_at,DATE,,,,,2025-07-30,,,false,6,genie/puppy/invoices.csv,issued_at,2026.07.19.2
CEO_BARKED_TWICE,PUPPY,INV-0006,due_at,DATE,,,,,2025-08-29,,,false,7,genie/puppy/invoices.csv,due_at,2026.07.19.2
CEO_BARKED_TWICE,PUPPY,INV-0006,total_amount,DECIMAL,,,139400.00,,,,,false,8,genie/puppy/invoices.csv,total_amount,2026.07.19.2
CEO_BARKED_TWICE,PUPPY,INV-0006,currency,STRING,BSC,,,,,,,false,9,genie/puppy/invoices.csv,currency,2026.07.19.2
CEO_BARKED_TWICE,PUPPY,INV-0006,beneficiary_account_id,STRING,A-HOUNDOFF-3205,,,,,,,false,10,genie/puppy/invoices.csv,beneficiary_account_id,2026.07.19.2
CEO_BARKED_TWICE,PUPPY,INV-0006,sender_domain,STRING,hound.office.solutions.example,,,,,,,false,11,genie/puppy/invoices.csv,sender_domain,2026.07.19.2
CEO_BARKED_TWICE,PUPPY,INV-0006,attachment_hash,STRING,9299ec88201ac915726350a283ac75596c947dac538f60d06681aada451a630f,,,,,,,false,12,genie/puppy/invoices.csv,attachment_hash,2026.07.19.2
CEO_BARKED_TWICE,PUPPY,INV-0006,approval_status,STRING,PAID,,,,,,,false,13,genie/puppy/invoices.csv,approval_status,2026.07.19.2
CEO_BARKED_TWICE,PUPPY,INV-0007,invoice_id,STRING,INV-0007,,,,,,,false,1,genie/puppy/invoices.csv,invoice_id,2026.07.19.2
CEO_BARKED_TWICE,PUPPY,INV-0007,invoice_number,STRING,RETRIEVER-2025-1006,,,,,,,false,2,genie/puppy/invoices.csv,invoice_number,2026.07.19.2
CEO_BARKED_TWICE,PUPPY,INV-0007,purchase_order_id,STRING,PO-26007,,,,,,,false,3,genie/puppy/invoices.csv,purchase_order_id,2026.07.19.2
CEO_BARKED_TWICE,PUPPY,INV-0007,vendor_organization_record_id,STRING,OR-RETRIEVER-01,,,,,,,false,4,genie/puppy/invoices.csv,vendor_organization_record_id,2026.07.19.2
CEO_BARKED_TWICE,PUPPY,INV-0007,buyer_organization_record_id,STRING,OR-SCC-01,,,,,,,false,5,genie/puppy/invoices.csv,buyer_organization_record_id,2026.07.19.2
CEO_BARKED_TWICE,PUPPY,INV-0007,issued_at,DATE,,,,,2025-08-02,,,false,6,genie/puppy/invoices.csv,issued_at,2026.07.19.2
CEO_BARKED_TWICE,PUPPY,INV-0007,due_at,DATE,,,,,2025-09-01,,,false,7,genie/puppy/invoices.csv,due_at,2026.07.19.2
CEO_BARKED_TWICE,PUPPY,INV-0007,total_amount,DECIMAL,,,160820.00,,,,,false,8,genie/puppy/invoices.csv,total_amount,2026.07.19.2
CEO_BARKED_TWICE,PUPPY,INV-0007,currency,STRING,BSC,,,,,,,false,9,genie/puppy/invoices.csv,currency,2026.07.19.2
CEO_BARKED_TWICE,PUPPY,INV-0007,beneficiary_account_id,STRING,A-RETRIEVER-3246,,,,,,,false,10,genie/puppy/invoices.csv,beneficiary_account_id,2026.07.19.2
CEO_BARKED_TWICE,PUPPY,INV-0007,sender_domain,STRING,retriever.robotics.example,,,,,,,false,11,genie/puppy/invoices.csv,sender_domain,2026.07.19.2
CEO_BARKED_TWICE,PUPPY,INV-0007,attachment_hash,STRING,ef82befb5494a36805d4698515d23d2b1db53f1c2d308c9b1b4ef5d738d5aa56,,,,,,,false,12,genie/puppy/invoices.csv,attachment_hash,2026.07.19.2
CEO_BARKED_TWICE,PUPPY,INV-0007,approval_status,STRING,PAID,,,,,,,false,13,genie/puppy/invoices.csv,approval_status,2026.07.19.2
CEO_BARKED_TWICE,PUPPY,INV-0008,invoice_id,STRING,INV-0008,,,,,,,false,1,genie/puppy/invoices.csv,invoice_id,2026.07.19.2
CEO_BARKED_TWICE,PUPPY,INV-0008,invoice_number,STRING,COPPER-2025-1007,,,,,,,false,2,genie/puppy/invoices.csv,invoice_number,2026.07.19.2
CEO_BARKED_TWICE,PUPPY,INV-0008,purchase_order_id,STRING,PO-26008,,,,,,,false,3,genie/puppy/invoices.csv,purchase_order_id,2026.07.19.2
CEO_BARKED_TWICE,PUPPY,INV-0008,vendor_organization_record_id,STRING,OR-COPPER-01,,,,,,,false,4,genie/puppy/invoices.csv,vendor_organization_record_id,2026.07.19.2
CEO_BARKED_TWICE,PUPPY,INV-0008,buyer_organization_record_id,STRING,OR-SCC-01,,,,,,,false,5,genie/puppy/invoices.csv,buyer_organization_record_id,2026.07.19.2
CEO_BARKED_TWICE,PUPPY,INV-0008,issued_at,DATE,,,,,2025-08-05,,,false,6,genie/puppy/invoices.csv,issued_at,2026.07.19.2
CEO_BARKED_TWICE,PUPPY,INV-0008,due_at,DATE,,,,,2025-09-04,,,false,7,genie/puppy/invoices.csv,due_at,2026.07.19.2
CEO_BARKED_TWICE,PUPPY,INV-0008,total_amount,DECIMAL,,,183600.00,,,,,false,8,genie/puppy/invoices.csv,total_amount,2026.07.19.2
CEO_BARKED_TWICE,PUPPY,INV-0008,currency,STRING,BSC,,,,,,,false,9,genie/puppy/invoices.csv,currency,2026.07.19.2
CEO_BARKED_TWICE,PUPPY,INV-0008,beneficiary_account_id,STRING,A-COPPER-2207,,,,,,,false,10,genie/puppy/invoices.csv,beneficiary_account_id,2026.07.19.2
CEO_BARKED_TWICE,PUPPY,INV-0008,sender_domain,STRING,copperpaw.example,,,,,,,false,11,genie/puppy/invoices.csv,sender_domain,2026.07.19.2
CEO_BARKED_TWICE,PUPPY,INV-0008,attachment_hash,STRING,7765dda0783c31d9760e36da87b82f782878eb2bb1249fddb5a0041afcdeeaa9,,,,,,,false,12,genie/puppy/invoices.csv,attachment_hash,2026.07.19.2
CEO_BARKED_TWICE,PUPPY,INV-0008,approval_status,STRING,PAID,,,,,,,false,13,genie/puppy/invoices.csv,approval_status,2026.07.19.2
CEO_BARKED_TWICE,PUPPY,INV-0009,invoice_id,STRING,INV-0009,,,,,,,false,1,genie/puppy/invoices.csv,invoice_id,2026.07.19.2
CEO_BARKED_TWICE,PUPPY,INV-0009,invoice_number,STRING,IRON-2025-1008,,,,,,,false,2,genie/puppy/invoices.csv,invoice_number,2026.07.19.2
CEO_BARKED_TWICE,PUPPY,INV-0009,purchase_order_id,STRING,PO-26009,,,,,,,false,3,genie/puppy/invoices.csv,purchase_order_id,2026.07.19.2
CEO_BARKED_TWICE,PUPPY,INV-0009,vendor_organization_record_id,STRING,OR-IRON-01,,,,,,,false,4,genie/puppy/invoices.csv,vendor_organization_record_id,2026.07.19.2
CEO_BARKED_TWICE,PUPPY,INV-0009,buyer_organization_record_id,STRING,OR-SCC-01,,,,,,,false,5,genie/puppy/invoices.csv,buyer_organization_record_id,2026.07.19.2
CEO_BARKED_TWICE,PUPPY,INV-0009,issued_at,DATE,,,,,2025-08-08,,,false,6,genie/puppy/invoices.csv,issued_at,2026.07.19.2
CEO_BARKED_TWICE,PUPPY,INV-0009,due_at,DATE,,,,,2025-09-07,,,false,7,genie/puppy/invoices.csv,due_at,2026.07.19.2
CEO_BARKED_TWICE,PUPPY,INV-0009,total_amount,DECIMAL,,,207740.00,,,,,false,8,genie/puppy/invoices.csv,total_amount,2026.07.19.2
CEO_BARKED_TWICE,PUPPY,INV-0009,currency,STRING,BSC,,,,,,,false,9,genie/puppy/invoices.csv,currency,2026.07.19.2
CEO_BARKED_TWICE,PUPPY,INV-0009,beneficiary_account_id,STRING,A-IRON-3041,,,,,,,false,10,genie/puppy/invoices.csv,beneficiary_account_id,2026.07.19.2
CEO_BARKED_TWICE,PUPPY,INV-0009,sender_domain,STRING,iron.leash.manufacturing.example,,,,,,,false,11,genie/puppy/invoices.csv,sender_domain,2026.07.19.2
CEO_BARKED_TWICE,PUPPY,INV-0009,attachment_hash,STRING,8dc15fbd7953a8dbd3e1de762ccdebd46a30e96eb1bcca88de2cc8c10c17492a,,,,,,,false,12,genie/puppy/invoices.csv,attachment_hash,2026.07.19.2
CEO_BARKED_TWICE,PUPPY,INV-0009,approval_status,STRING,PAID,,,,,,,false,13,genie/puppy/invoices.csv,approval_status,2026.07.19.2
CEO_BARKED_TWICE,PUPPY,INV-0010,invoice_id,STRING,INV-0010,,,,,,,false,1,genie/puppy/invoices.csv,invoice_id,2026.07.19.2
CEO_BARKED_TWICE,PUPPY,INV-0010,invoice_number,STRING,WIRE-2025-1009,,,,,,,false,2,genie/puppy/invoices.csv,invoice_number,2026.07.19.2
CEO_BARKED_TWICE,PUPPY,INV-0010,purchase_order_id,STRING,PO-26010,,,,,,,false,3,genie/puppy/invoices.csv,purchase_order_id,2026.07.19.2
CEO_BARKED_TWICE,PUPPY,INV-0010,vendor_organization_record_id,STRING,OR-WIRE-01,,,,,,,false,4,genie/puppy/invoices.csv,vendor_organization_record_id,2026.07.19.2
CEO_BARKED_TWICE,PUPPY,INV-0010,buyer_organization_record_id,STRING,OR-SCC-01,,,,,,,false,5,genie/puppy/invoices.csv,buyer_organization_record_id,2026.07.19.2
CEO_BARKED_TWICE,PUPPY,INV-0010,issued_at,DATE,,,,,2025-08-11,,,false,6,genie/puppy/invoices.csv,issued_at,2026.07.19.2
CEO_BARKED_TWICE,PUPPY,INV-0010,due_at,DATE,,,,,2025-09-10,,,false,7,genie/puppy/invoices.csv,due_at,2026.07.19.2
CEO_BARKED_TWICE,PUPPY,INV-0010,total_amount,DECIMAL,,,83300.00,,,,,false,8,genie/puppy/invoices.csv,total_amount,2026.07.19.2
CEO_BARKED_TWICE,PUPPY,INV-0010,currency,STRING,BSC,,,,,,,false,9,genie/puppy/invoices.csv,currency,2026.07.19.2
CEO_BARKED_TWICE,PUPPY,INV-0010,beneficiary_account_id,STRING,A-WIRE-3082,,,,,,,false,10,genie/puppy/invoices.csv,beneficiary_account_id,2026.07.19.2
CEO_BARKED_TWICE,PUPPY,INV-0010,sender_domain,STRING,wire.whisker.electronics.example,,,,,,,false,11,genie/puppy/invoices.csv,sender_domain,2026.07.19.2
CEO_BARKED_TWICE,PUPPY,INV-0010,attachment_hash,STRING,1bfcd7e12074a13ad093516c8b4e03c80868e71b107353058336d0a3cf1727f7,,,,,,,false,12,genie/puppy/invoices.csv,attachment_hash,2026.07.19.2
CEO_BARKED_TWICE,PUPPY,INV-0010,approval_status,STRING,PAID,,,,,,,false,13,genie/puppy/invoices.csv,approval_status,2026.07.19.2
CEO_BARKED_TWICE,PUPPY,INV-0011,invoice_id,STRING,INV-0011,,,,,,,false,1,genie/puppy/invoices.csv,invoice_id,2026.07.19.2
CEO_BARKED_TWICE,PUPPY,INV-0011,invoice_number,STRING,TAIL-2025-1010,,,,,,,false,2,genie/puppy/invoices.csv,invoice_number,2026.07.19.2
CEO_BARKED_TWICE,PUPPY,INV-0011,purchase_order_id,STRING,PO-26011,,,,,,,false,3,genie/puppy/invoices.csv,purchase_order_id,2026.07.19.2
CEO_BARKED_TWICE,PUPPY,INV-0011,vendor_organization_record_id,STRING,OR-TAIL-01,,,,,,,false,4,genie/puppy/invoices.csv,vendor_organization_record_id,2026.07.19.2
CEO_BARKED_TWICE,PUPPY,INV-0011,buyer_organization_record_id,STRING,OR-SCC-01,,,,,,,false,5,genie/puppy/invoices.csv,buyer_organization_record_id,2026.07.19.2
CEO_BARKED_TWICE,PUPPY,INV-0011,issued_at,DATE,,,,,2025-08-14,,,false,6,genie/puppy/invoices.csv,issued_at,2026.07.19.2
CEO_BARKED_TWICE,PUPPY,INV-0011,due_at,DATE,,,,,2025-09-13,,,false,7,genie/puppy/invoices.csv,due_at,2026.07.19.2
CEO_BARKED_TWICE,PUPPY,INV-0011,total_amount,DECIMAL,,,91020.00,,,,,false,8,genie/puppy/invoices.csv,total_amount,2026.07.19.2
CEO_BARKED_TWICE,PUPPY,INV-0011,currency,STRING,BSC,,,,,,,false,9,genie/puppy/invoices.csv,currency,2026.07.19.2
CEO_BARKED_TWICE,PUPPY,INV-0011,beneficiary_account_id,STRING,A-TAIL-3123,,,,,,,false,10,genie/puppy/invoices.csv,beneficiary_account_id,2026.07.19.2
CEO_BARKED_TWICE,PUPPY,INV-0011,sender_domain,STRING,tailspin.freight.co.example,,,,,,,false,11,genie/puppy/invoices.csv,sender_domain,2026.07.19.2
CEO_BARKED_TWICE,PUPPY,INV-0011,attachment_hash,STRING,4b7f96a694a121bc275533ed6a776812456321bdea4c806a4f5e9e39248cbe09,,,,,,,false,12,genie/puppy/invoices.csv,attachment_hash,2026.07.19.2
CEO_BARKED_TWICE,PUPPY,INV-0011,approval_status,STRING,PAID,,,,,,,false,13,genie/puppy/invoices.csv,approval_status,2026.07.19.2
CEO_BARKED_TWICE,PUPPY,INV-0012,invoice_id,STRING,INV-0012,,,,,,,false,1,genie/puppy/invoices.csv,invoice_id,2026.07.19.2
CEO_BARKED_TWICE,PUPPY,INV-0012,invoice_number,STRING,BLUEBOWL-2025-1011,,,,,,,false,2,genie/puppy/invoices.csv,invoice_number,2026.07.19.2
CEO_BARKED_TWICE,PUPPY,INV-0012,purchase_order_id,STRING,PO-26012,,,,,,,false,3,genie/puppy/invoices.csv,purchase_order_id,2026.07.19.2
CEO_BARKED_TWICE,PUPPY,INV-0012,vendor_organization_record_id,STRING,OR-BLUEBOWL-01,,,,,,,false,4,genie/puppy/invoices.csv,vendor_organization_record_id,2026.07.19.2
CEO_BARKED_TWICE,PUPPY,INV-0012,buyer_organization_record_id,STRING,OR-SCC-01,,,,,,,false,5,genie/puppy/invoices.csv,buyer_organization_record_id,2026.07.19.2
CEO_BARKED_TWICE,PUPPY,INV-0012,issued_at,DATE,,,,,2025-08-17,,,false,6,genie/puppy/invoices.csv,issued_at,2026.07.19.2
CEO_BARKED_TWICE,PUPPY,INV-0012,due_at,DATE,,,,,2025-09-16,,,false,7,genie/puppy/invoices.csv,due_at,2026.07.19.2
CEO_BARKED_TWICE,PUPPY,INV-0012,total_amount,DECIMAL,,,110080.00,,,,,false,8,genie/puppy/invoices.csv,total_amount,2026.07.19.2
CEO_BARKED_TWICE,PUPPY,INV-0012,currency,STRING,BSC,,,,,,,false,9,genie/puppy/invoices.csv,currency,2026.07.19.2
CEO_BARKED_TWICE,PUPPY,INV-0012,beneficiary_account_id,STRING,A-BLUEBOWL-3164,,,,,,,false,10,genie/puppy/invoices.csv,beneficiary_account_id,2026.07.19.2
CEO_BARKED_TWICE,PUPPY,INV-0012,sender_domain,STRING,blue.bowl.packaging.example,,,,,,,false,11,genie/puppy/invoices.csv,sender_domain,2026.07.19.2
CEO_BARKED_TWICE,PUPPY,INV-0012,attachment_hash,STRING,2af84904422d5a3897453802798fc60c0bd73b1cbff12a86a83f61f9db1ed3cf,,,,,,,false,12,genie/puppy/invoices.csv,attachment_hash,2026.07.19.2
CEO_BARKED_TWICE,PUPPY,INV-0012,approval_status,STRING,PAID,,,,,,,false,13,genie/puppy/invoices.csv,approval_status,2026.07.19.2
CEO_BARKED_TWICE,PUPPY,INV-0013,invoice_id,STRING,INV-0013,,,,,,,false,1,genie/puppy/invoices.csv,invoice_id,2026.07.19.2
CEO_BARKED_TWICE,PUPPY,INV-0013,invoice_number,STRING,HOUNDOFF-2025-1012,,,,,,,false,2,genie/puppy/invoices.csv,invoice_number,2026.07.19.2
CEO_BARKED_TWICE,PUPPY,INV-0013,purchase_order_id,STRING,PO-26013,,,,,,,false,3,genie/puppy/invoices.csv,purchase_order_id,2026.07.19.2
CEO_BARKED_TWICE,PUPPY,INV-0013,vendor_organization_record_id,STRING,OR-HOUNDOFF-01,,,,,,,false,4,genie/puppy/invoices.csv,vendor_organization_record_id,2026.07.19.2
CEO_BARKED_TWICE,PUPPY,INV-0013,buyer_organization_record_id,STRING,OR-SCC-01,,,,,,,false,5,genie/puppy/invoices.csv,buyer_organization_record_id,2026.07.19.2
CEO_BARKED_TWICE,PUPPY,INV-0013,issued_at,DATE,,,,,2025-08-20,,,false,6,genie/puppy/invoices.csv,issued_at,2026.07.19.2
CEO_BARKED_TWICE,PUPPY,INV-0013,due_at,DATE,,,,,2025-09-19,,,false,7,genie/puppy/invoices.csv,due_at,2026.07.19.2
CEO_BARKED_TWICE,PUPPY,INV-0013,total_amount,DECIMAL,,,130500.00,,,,,false,8,genie/puppy/invoices.csv,total_amount,2026.07.19.2
CEO_BARKED_TWICE,PUPPY,INV-0013,currency,STRING,BSC,,,,,,,false,9,genie/puppy/invoices.csv,currency,2026.07.19.2
CEO_BARKED_TWICE,PUPPY,INV-0013,beneficiary_account_id,STRING,A-HOUNDOFF-3205,,,,,,,false,10,genie/puppy/invoices.csv,beneficiary_account_id,2026.07.19.2
CEO_BARKED_TWICE,PUPPY,INV-0013,sender_domain,STRING,hound.office.solutions.example,,,,,,,false,11,genie/puppy/invoices.csv,sender_domain,2026.07.19.2
CEO_BARKED_TWICE,PUPPY,INV-0013,attachment_hash,STRING,1ae215366dbdf088bcf356c5fc68c9bc5fa7037a461cc78284037680f9e4fb07,,,,,,,false,12,genie/puppy/invoices.csv,attachment_hash,2026.07.19.2
CEO_BARKED_TWICE,PUPPY,INV-0013,approval_status,STRING,PAID,,,,,,,false,13,genie/puppy/invoices.csv,approval_status,2026.07.19.2
CEO_BARKED_TWICE,PUPPY,INV-0014,invoice_id,STRING,INV-0014,,,,,,,false,1,genie/puppy/invoices.csv,invoice_id,2026.07.19.2
CEO_BARKED_TWICE,PUPPY,INV-0014,invoice_number,STRING,RETRIEVER-2025-1013,,,,,,,false,2,genie/puppy/invoices.csv,invoice_number,2026.07.19.2
CEO_BARKED_TWICE,PUPPY,INV-0014,purchase_order_id,STRING,PO-26014,,,,,,,false,3,genie/puppy/invoices.csv,purchase_order_id,2026.07.19.2
CEO_BARKED_TWICE,PUPPY,INV-0014,vendor_organization_record_id,STRING,OR-RETRIEVER-01,,,,,,,false,4,genie/puppy/invoices.csv,vendor_organization_record_id,2026.07.19.2
CEO_BARKED_TWICE,PUPPY,INV-0014,buyer_organization_record_id,STRING,OR-SCC-01,,,,,,,false,5,genie/puppy/invoices.csv,buyer_organization_record_id,2026.07.19.2
CEO_BARKED_TWICE,PUPPY,INV-0014,issued_at,DATE,,,,,2025-08-23,,,false,6,genie/puppy/invoices.csv,issued_at,2026.07.19.2
CEO_BARKED_TWICE,PUPPY,INV-0014,due_at,DATE,,,,,2025-09-22,,,false,7,genie/puppy/invoices.csv,due_at,2026.07.19.2
CEO_BARKED_TWICE,PUPPY,INV-0014,total_amount,DECIMAL,,,152280.00,,,,,false,8,genie/puppy/invoices.csv,total_amount,2026.07.19.2
CEO_BARKED_TWICE,PUPPY,INV-0014,currency,STRING,BSC,,,,,,,false,9,genie/puppy/invoices.csv,currency,2026.07.19.2
CEO_BARKED_TWICE,PUPPY,INV-0014,beneficiary_account_id,STRING,A-RETRIEVER-3246,,,,,,,false,10,genie/puppy/invoices.csv,beneficiary_account_id,2026.07.19.2
CEO_BARKED_TWICE,PUPPY,INV-0014,sender_domain,STRING,retriever.robotics.example,,,,,,,false,11,genie/puppy/invoices.csv,sender_domain,2026.07.19.2
CEO_BARKED_TWICE,PUPPY,INV-0014,attachment_hash,STRING,ae5bf2cc708b61ab12bc4020c46e30cb81f7a5763d66bd1976376cedb2023b10,,,,,,,false,12,genie/puppy/invoices.csv,attachment_hash,2026.07.19.2
CEO_BARKED_TWICE,PUPPY,INV-0014,approval_status,STRING,PAID,,,,,,,false,13,genie/puppy/invoices.csv,approval_status,2026.07.19.2
CEO_BARKED_TWICE,PUPPY,INV-0015,invoice_id,STRING,INV-0015,,,,,,,false,1,genie/puppy/invoices.csv,invoice_id,2026.07.19.2
CEO_BARKED_TWICE,PUPPY,INV-0015,invoice_number,STRING,COPPER-2025-1014,,,,,,,false,2,genie/puppy/invoices.csv,invoice_number,2026.07.19.2
CEO_BARKED_TWICE,PUPPY,INV-0015,purchase_order_id,STRING,PO-26015,,,,,,,false,3,genie/puppy/invoices.csv,purchase_order_id,2026.07.19.2
CEO_BARKED_TWICE,PUPPY,INV-0015,vendor_organization_record_id,STRING,OR-COPPER-01,,,,,,,false,4,genie/puppy/invoices.csv,vendor_organization_record_id,2026.07.19.2
CEO_BARKED_TWICE,PUPPY,INV-0015,buyer_organization_record_id,STRING,OR-SCC-01,,,,,,,false,5,genie/puppy/invoices.csv,buyer_organization_record_id,2026.07.19.2
CEO_BARKED_TWICE,PUPPY,INV-0015,issued_at,DATE,,,,,2025-08-26,,,false,6,genie/puppy/invoices.csv,issued_at,2026.07.19.2
CEO_BARKED_TWICE,PUPPY,INV-0015,due_at,DATE,,,,,2025-09-25,,,false,7,genie/puppy/invoices.csv,due_at,2026.07.19.2
CEO_BARKED_TWICE,PUPPY,INV-0015,total_amount,DECIMAL,,,175420.00,,,,,false,8,genie/puppy/invoices.csv,total_amount,2026.07.19.2
CEO_BARKED_TWICE,PUPPY,INV-0015,currency,STRING,BSC,,,,,,,false,9,genie/puppy/invoices.csv,currency,2026.07.19.2
CEO_BARKED_TWICE,PUPPY,INV-0015,beneficiary_account_id,STRING,A-COPPER-2207,,,,,,,false,10,genie/puppy/invoices.csv,beneficiary_account_id,2026.07.19.2
CEO_BARKED_TWICE,PUPPY,INV-0015,sender_domain,STRING,copperpaw.example,,,,,,,false,11,genie/puppy/invoices.csv,sender_domain,2026.07.19.2
CEO_BARKED_TWICE,PUPPY,INV-0015,attachment_hash,STRING,317e2547f365b1b49e3e226be931f023cf8fa90ec969a8e52558cc467a25501c,,,,,,,false,12,genie/puppy/invoices.csv,attachment_hash,2026.07.19.2
CEO_BARKED_TWICE,PUPPY,INV-0015,approval_status,STRING,PAID,,,,,,,false,13,genie/puppy/invoices.csv,approval_status,2026.07.19.2
CEO_BARKED_TWICE,PUPPY,INV-0016,invoice_id,STRING,INV-0016,,,,,,,false,1,genie/puppy/invoices.csv,invoice_id,2026.07.19.2
CEO_BARKED_TWICE,PUPPY,INV-0016,invoice_number,STRING,IRON-2025-1015,,,,,,,false,2,genie/puppy/invoices.csv,invoice_number,2026.07.19.2
CEO_BARKED_TWICE,PUPPY,INV-0016,purchase_order_id,STRING,PO-26016,,,,,,,false,3,genie/puppy/invoices.csv,purchase_order_id,2026.07.19.2
CEO_BARKED_TWICE,PUPPY,INV-0016,vendor_organization_record_id,STRING,OR-IRON-01,,,,,,,false,4,genie/puppy/invoices.csv,vendor_organization_record_id,2026.07.19.2
CEO_BARKED_TWICE,PUPPY,INV-0016,buyer_organization_record_id,STRING,OR-SCC-01,,,,,,,false,5,genie/puppy/invoices.csv,buyer_organization_record_id,2026.07.19.2
CEO_BARKED_TWICE,PUPPY,INV-0016,issued_at,DATE,,,,,2025-08-29,,,false,6,genie/puppy/invoices.csv,issued_at,2026.07.19.2
CEO_BARKED_TWICE,PUPPY,INV-0016,due_at,DATE,,,,,2025-09-28,,,false,7,genie/puppy/invoices.csv,due_at,2026.07.19.2
CEO_BARKED_TWICE,PUPPY,INV-0016,total_amount,DECIMAL,,,160720.00,,,,,false,8,genie/puppy/invoices.csv,total_amount,2026.07.19.2
CEO_BARKED_TWICE,PUPPY,INV-0016,currency,STRING,BSC,,,,,,,false,9,genie/puppy/invoices.csv,currency,2026.07.19.2
CEO_BARKED_TWICE,PUPPY,INV-0016,beneficiary_account_id,STRING,A-IRON-3041,,,,,,,false,10,genie/puppy/invoices.csv,beneficiary_account_id,2026.07.19.2
CEO_BARKED_TWICE,PUPPY,INV-0016,sender_domain,STRING,iron.leash.manufacturing.example,,,,,,,false,11,genie/puppy/invoices.csv,sender_domain,2026.07.19.2
CEO_BARKED_TWICE,PUPPY,INV-0016,attachment_hash,STRING,353791ca3c9bf94b7b7bcfdeb89a7df26328bc15dbc98946a38678a3c3d93784,,,,,,,false,12,genie/puppy/invoices.csv,attachment_hash,2026.07.19.2
CEO_BARKED_TWICE,PUPPY,INV-0016,approval_status,STRING,PAID,,,,,,,false,13,genie/puppy/invoices.csv,approval_status,2026.07.19.2
CEO_BARKED_TWICE,PUPPY,INV-0017,invoice_id,STRING,INV-0017,,,,,,,false,1,genie/puppy/invoices.csv,invoice_id,2026.07.19.2
CEO_BARKED_TWICE,PUPPY,INV-0017,invoice_number,STRING,WIRE-2025-1016,,,,,,,false,2,genie/puppy/invoices.csv,invoice_number,2026.07.19.2
CEO_BARKED_TWICE,PUPPY,INV-0017,purchase_order_id,STRING,PO-26017,,,,,,,false,3,genie/puppy/invoices.csv,purchase_order_id,2026.07.19.2
CEO_BARKED_TWICE,PUPPY,INV-0017,vendor_organization_record_id,STRING,OR-WIRE-01,,,,,,,false,4,genie/puppy/invoices.csv,vendor_organization_record_id,2026.07.19.2
CEO_BARKED_TWICE,PUPPY,INV-0017,buyer_organization_record_id,STRING,OR-SCC-01,,,,,,,false,5,genie/puppy/invoices.csv,buyer_organization_record_id,2026.07.19.2
CEO_BARKED_TWICE,PUPPY,INV-0017,issued_at,DATE,,,,,2025-09-01,,,false,6,genie/puppy/invoices.csv,issued_at,2026.07.19.2
CEO_BARKED_TWICE,PUPPY,INV-0017,due_at,DATE,,,,,2025-10-01,,,false,7,genie/puppy/invoices.csv,due_at,2026.07.19.2
CEO_BARKED_TWICE,PUPPY,INV-0017,total_amount,DECIMAL,,,183180.00,,,,,false,8,genie/puppy/invoices.csv,total_amount,2026.07.19.2
CEO_BARKED_TWICE,PUPPY,INV-0017,currency,STRING,BSC,,,,,,,false,9,genie/puppy/invoices.csv,currency,2026.07.19.2
CEO_BARKED_TWICE,PUPPY,INV-0017,beneficiary_account_id,STRING,A-WIRE-3082,,,,,,,false,10,genie/puppy/invoices.csv,beneficiary_account_id,2026.07.19.2
CEO_BARKED_TWICE,PUPPY,INV-0017,sender_domain,STRING,wire.whisker.electronics.example,,,,,,,false,11,genie/puppy/invoices.csv,sender_domain,2026.07.19.2
CEO_BARKED_TWICE,PUPPY,INV-0017,attachment_hash,STRING,ebcd9b83567f2d598c112238f12a52ae32d7fefff3db2fff31bf214e8026382d,,,,,,,false,12,genie/puppy/invoices.csv,attachment_hash,2026.07.19.2
CEO_BARKED_TWICE,PUPPY,INV-0017,approval_status,STRING,PAID,,,,,,,false,13,genie/puppy/invoices.csv,approval_status,2026.07.19.2
CEO_BARKED_TWICE,PUPPY,INV-0018,invoice_id,STRING,INV-0018,,,,,,,false,1,genie/puppy/invoices.csv,invoice_id,2026.07.19.2
CEO_BARKED_TWICE,PUPPY,INV-0018,invoice_number,STRING,TAIL-2025-1017,,,,,,,false,2,genie/puppy/invoices.csv,invoice_number,2026.07.19.2
CEO_BARKED_TWICE,PUPPY,INV-0018,purchase_order_id,STRING,PO-26018,,,,,,,false,3,genie/puppy/invoices.csv,purchase_order_id,2026.07.19.2
CEO_BARKED_TWICE,PUPPY,INV-0018,vendor_organization_record_id,STRING,OR-TAIL-01,,,,,,,false,4,genie/puppy/invoices.csv,vendor_organization_record_id,2026.07.19.2
CEO_BARKED_TWICE,PUPPY,INV-0018,buyer_organization_record_id,STRING,OR-SCC-01,,,,,,,false,5,genie/puppy/invoices.csv,buyer_organization_record_id,2026.07.19.2
CEO_BARKED_TWICE,PUPPY,INV-0018,issued_at,DATE,,,,,2025-09-04,,,false,6,genie/puppy/invoices.csv,issued_at,2026.07.19.2
CEO_BARKED_TWICE,PUPPY,INV-0018,due_at,DATE,,,,,2025-10-04,,,false,7,genie/puppy/invoices.csv,due_at,2026.07.19.2
CEO_BARKED_TWICE,PUPPY,INV-0018,total_amount,DECIMAL,,,207000.00,,,,,false,8,genie/puppy/invoices.csv,total_amount,2026.07.19.2
CEO_BARKED_TWICE,PUPPY,INV-0018,currency,STRING,BSC,,,,,,,false,9,genie/puppy/invoices.csv,currency,2026.07.19.2
CEO_BARKED_TWICE,PUPPY,INV-0018,beneficiary_account_id,STRING,A-TAIL-3123,,,,,,,false,10,genie/puppy/invoices.csv,beneficiary_account_id,2026.07.19.2
CEO_BARKED_TWICE,PUPPY,INV-0018,sender_domain,STRING,tailspin.freight.co.example,,,,,,,false,11,genie/puppy/invoices.csv,sender_domain,2026.07.19.2
CEO_BARKED_TWICE,PUPPY,INV-0018,attachment_hash,STRING,48b6abeccdfda9fc7737b09627fe0abe8a8c6ef043be6888409c4be0c7591628,,,,,,,false,12,genie/puppy/invoices.csv,attachment_hash,2026.07.19.2
CEO_BARKED_TWICE,PUPPY,INV-0018,approval_status,STRING,PAID,,,,,,,false,13,genie/puppy/invoices.csv,approval_status,2026.07.19.2
CEO_BARKED_TWICE,PUPPY,INV-0019,invoice_id,STRING,INV-0019,,,,,,,false,1,genie/puppy/invoices.csv,invoice_id,2026.07.19.2
CEO_BARKED_TWICE,PUPPY,INV-0019,invoice_number,STRING,BLUEBOWL-2025-1018,,,,,,,false,2,genie/puppy/invoices.csv,invoice_number,2026.07.19.2
CEO_BARKED_TWICE,PUPPY,INV-0019,purchase_order_id,STRING,PO-26019,,,,,,,false,3,genie/puppy/invoices.csv,purchase_order_id,2026.07.19.2
CEO_BARKED_TWICE,PUPPY,INV-0019,vendor_organization_record_id,STRING,OR-BLUEBOWL-01,,,,,,,false,4,genie/puppy/invoices.csv,vendor_organization_record_id,2026.07.19.2
CEO_BARKED_TWICE,PUPPY,INV-0019,buyer_organization_record_id,STRING,OR-SCC-01,,,,,,,false,5,genie/puppy/invoices.csv,buyer_organization_record_id,2026.07.19.2
CEO_BARKED_TWICE,PUPPY,INV-0019,issued_at,DATE,,,,,2025-09-07,,,false,6,genie/puppy/invoices.csv,issued_at,2026.07.19.2
CEO_BARKED_TWICE,PUPPY,INV-0019,due_at,DATE,,,,,2025-10-07,,,false,7,genie/puppy/invoices.csv,due_at,2026.07.19.2
CEO_BARKED_TWICE,PUPPY,INV-0019,total_amount,DECIMAL,,,88360.00,,,,,false,8,genie/puppy/invoices.csv,total_amount,2026.07.19.2
CEO_BARKED_TWICE,PUPPY,INV-0019,currency,STRING,BSC,,,,,,,false,9,genie/puppy/invoices.csv,currency,2026.07.19.2
CEO_BARKED_TWICE,PUPPY,INV-0019,beneficiary_account_id,STRING,A-BLUEBOWL-3164,,,,,,,false,10,genie/puppy/invoices.csv,beneficiary_account_id,2026.07.19.2
CEO_BARKED_TWICE,PUPPY,INV-0019,sender_domain,STRING,blue.bowl.packaging.example,,,,,,,false,11,genie/puppy/invoices.csv,sender_domain,2026.07.19.2
CEO_BARKED_TWICE,PUPPY,INV-0019,attachment_hash,STRING,7de971ea8f7617571e42fa84b0479302d3ee4c35abc50b72c86f0e792a9bfdfb,,,,,,,false,12,genie/puppy/invoices.csv,attachment_hash,2026.07.19.2
CEO_BARKED_TWICE,PUPPY,INV-0019,approval_status,STRING,PAID,,,,,,,false,13,genie/puppy/invoices.csv,approval_status,2026.07.19.2
CEO_BARKED_TWICE,PUPPY,INV-0020,invoice_id,STRING,INV-0020,,,,,,,false,1,genie/puppy/invoices.csv,invoice_id,2026.07.19.2
CEO_BARKED_TWICE,PUPPY,INV-0020,invoice_number,STRING,HOUNDOFF-2025-1019,,,,,,,false,2,genie/puppy/invoices.csv,invoice_number,2026.07.19.2
CEO_BARKED_TWICE,PUPPY,INV-0020,purchase_order_id,STRING,PO-26020,,,,,,,false,3,genie/puppy/invoices.csv,purchase_order_id,2026.07.19.2
CEO_BARKED_TWICE,PUPPY,INV-0020,vendor_organization_record_id,STRING,OR-HOUNDOFF-01,,,,,,,false,4,genie/puppy/invoices.csv,vendor_organization_record_id,2026.07.19.2
CEO_BARKED_TWICE,PUPPY,INV-0020,buyer_organization_record_id,STRING,OR-SCC-01,,,,,,,false,5,genie/puppy/invoices.csv,buyer_organization_record_id,2026.07.19.2
CEO_BARKED_TWICE,PUPPY,INV-0020,issued_at,DATE,,,,,2025-09-10,,,false,6,genie/puppy/invoices.csv,issued_at,2026.07.19.2
CEO_BARKED_TWICE,PUPPY,INV-0020,due_at,DATE,,,,,2025-10-10,,,false,7,genie/puppy/invoices.csv,due_at,2026.07.19.2
CEO_BARKED_TWICE,PUPPY,INV-0020,total_amount,DECIMAL,,,108780.00,,,,,false,8,genie/puppy/invoices.csv,total_amount,2026.07.19.2
CEO_BARKED_TWICE,PUPPY,INV-0020,currency,STRING,BSC,,,,,,,false,9,genie/puppy/invoices.csv,currency,2026.07.19.2
CEO_BARKED_TWICE,PUPPY,INV-0020,beneficiary_account_id,STRING,A-HOUNDOFF-3205,,,,,,,false,10,genie/puppy/invoices.csv,beneficiary_account_id,2026.07.19.2
CEO_BARKED_TWICE,PUPPY,INV-0020,sender_domain,STRING,hound.office.solutions.example,,,,,,,false,11,genie/puppy/invoices.csv,sender_domain,2026.07.19.2
CEO_BARKED_TWICE,PUPPY,INV-0020,attachment_hash,STRING,5740462c02848a51b3e26780336639516116159134030fe502eb9c125dd73d0d,,,,,,,false,12,genie/puppy/invoices.csv,attachment_hash,2026.07.19.2
CEO_BARKED_TWICE,PUPPY,INV-0020,approval_status,STRING,PAID,,,,,,,false,13,genie/puppy/invoices.csv,approval_status,2026.07.19.2
CEO_BARKED_TWICE,PUPPY,INV-0021,invoice_id,STRING,INV-0021,,,,,,,false,1,genie/puppy/invoices.csv,invoice_id,2026.07.19.2
CEO_BARKED_TWICE,PUPPY,INV-0021,invoice_number,STRING,RETRIEVER-2025-1020,,,,,,,false,2,genie/puppy/invoices.csv,invoice_number,2026.07.19.2
CEO_BARKED_TWICE,PUPPY,INV-0021,purchase_order_id,STRING,PO-26021,,,,,,,false,3,genie/puppy/invoices.csv,purchase_order_id,2026.07.19.2
CEO_BARKED_TWICE,PUPPY,INV-0021,vendor_organization_record_id,STRING,OR-RETRIEVER-01,,,,,,,false,4,genie/puppy/invoices.csv,vendor_organization_record_id,2026.07.19.2
CEO_BARKED_TWICE,PUPPY,INV-0021,buyer_organization_record_id,STRING,OR-SCC-01,,,,,,,false,5,genie/puppy/invoices.csv,buyer_organization_record_id,2026.07.19.2
CEO_BARKED_TWICE,PUPPY,INV-0021,issued_at,DATE,,,,,2025-09-13,,,false,6,genie/puppy/invoices.csv,issued_at,2026.07.19.2
CEO_BARKED_TWICE,PUPPY,INV-0021,due_at,DATE,,,,,2025-10-13,,,false,7,genie/puppy/invoices.csv,due_at,2026.07.19.2
CEO_BARKED_TWICE,PUPPY,INV-0021,total_amount,DECIMAL,,,112340.00,,,,,false,8,genie/puppy/invoices.csv,total_amount,2026.07.19.2
CEO_BARKED_TWICE,PUPPY,INV-0021,currency,STRING,BSC,,,,,,,false,9,genie/puppy/invoices.csv,currency,2026.07.19.2
CEO_BARKED_TWICE,PUPPY,INV-0021,beneficiary_account_id,STRING,A-RETRIEVER-3246,,,,,,,false,10,genie/puppy/invoices.csv,beneficiary_account_id,2026.07.19.2
CEO_BARKED_TWICE,PUPPY,INV-0021,sender_domain,STRING,retriever.robotics.example,,,,,,,false,11,genie/puppy/invoices.csv,sender_domain,2026.07.19.2
CEO_BARKED_TWICE,PUPPY,INV-0021,attachment_hash,STRING,037f1f9e786a8d4b91cf6b71666591b67463fdece104230405d9ce8e4781f241,,,,,,,false,12,genie/puppy/invoices.csv,attachment_hash,2026.07.19.2
CEO_BARKED_TWICE,PUPPY,INV-0021,approval_status,STRING,PAID,,,,,,,false,13,genie/puppy/invoices.csv,approval_status,2026.07.19.2
CEO_BARKED_TWICE,PUPPY,INV-0022,invoice_id,STRING,INV-0022,,,,,,,false,1,genie/puppy/invoices.csv,invoice_id,2026.07.19.2
CEO_BARKED_TWICE,PUPPY,INV-0022,invoice_number,STRING,COPPER-2025-1021,,,,,,,false,2,genie/puppy/invoices.csv,invoice_number,2026.07.19.2
CEO_BARKED_TWICE,PUPPY,INV-0022,purchase_order_id,STRING,PO-26022,,,,,,,false,3,genie/puppy/invoices.csv,purchase_order_id,2026.07.19.2
CEO_BARKED_TWICE,PUPPY,INV-0022,vendor_organization_record_id,STRING,OR-COPPER-01,,,,,,,false,4,genie/puppy/invoices.csv,vendor_organization_record_id,2026.07.19.2
CEO_BARKED_TWICE,PUPPY,INV-0022,buyer_organization_record_id,STRING,OR-SCC-01,,,,,,,false,5,genie/puppy/invoices.csv,buyer_organization_record_id,2026.07.19.2
CEO_BARKED_TWICE,PUPPY,INV-0022,issued_at,DATE,,,,,2025-09-16,,,false,6,genie/puppy/invoices.csv,issued_at,2026.07.19.2
CEO_BARKED_TWICE,PUPPY,INV-0022,due_at,DATE,,,,,2025-10-16,,,false,7,genie/puppy/invoices.csv,due_at,2026.07.19.2
CEO_BARKED_TWICE,PUPPY,INV-0022,total_amount,DECIMAL,,,132440.00,,,,,false,8,genie/puppy/invoices.csv,total_amount,2026.07.19.2
CEO_BARKED_TWICE,PUPPY,INV-0022,currency,STRING,BSC,,,,,,,false,9,genie/puppy/invoices.csv,currency,2026.07.19.2
CEO_BARKED_TWICE,PUPPY,INV-0022,beneficiary_account_id,STRING,A-COPPER-2207,,,,,,,false,10,genie/puppy/invoices.csv,beneficiary_account_id,2026.07.19.2
CEO_BARKED_TWICE,PUPPY,INV-0022,sender_domain,STRING,copperpaw.example,,,,,,,false,11,genie/puppy/invoices.csv,sender_domain,2026.07.19.2
CEO_BARKED_TWICE,PUPPY,INV-0022,attachment_hash,STRING,f8d893db2d079ca6133ec7ebcf93f0fd8443ea307dc6ba6d2153b3c23cd64f6c,,,,,,,false,12,genie/puppy/invoices.csv,attachment_hash,2026.07.19.2
CEO_BARKED_TWICE,PUPPY,INV-0022,approval_status,STRING,PAID,,,,,,,false,13,genie/puppy/invoices.csv,approval_status,2026.07.19.2
CEO_BARKED_TWICE,PUPPY,INV-0023,invoice_id,STRING,INV-0023,,,,,,,false,1,genie/puppy/invoices.csv,invoice_id,2026.07.19.2
CEO_BARKED_TWICE,PUPPY,INV-0023,invoice_number,STRING,IRON-2025-1022,,,,,,,false,2,genie/puppy/invoices.csv,invoice_number,2026.07.19.2
CEO_BARKED_TWICE,PUPPY,INV-0023,purchase_order_id,STRING,PO-26023,,,,,,,false,3,genie/puppy/invoices.csv,purchase_order_id,2026.07.19.2
CEO_BARKED_TWICE,PUPPY,INV-0023,vendor_organization_record_id,STRING,OR-IRON-01,,,,,,,false,4,genie/puppy/invoices.csv,vendor_organization_record_id,2026.07.19.2
CEO_BARKED_TWICE,PUPPY,INV-0023,buyer_organization_record_id,STRING,OR-SCC-01,,,,,,,false,5,genie/puppy/invoices.csv,buyer_organization_record_id,2026.07.19.2
CEO_BARKED_TWICE,PUPPY,INV-0023,issued_at,DATE,,,,,2025-09-19,,,false,6,genie/puppy/invoices.csv,issued_at,2026.07.19.2
CEO_BARKED_TWICE,PUPPY,INV-0023,due_at,DATE,,,,,2025-10-19,,,false,7,genie/puppy/invoices.csv,due_at,2026.07.19.2
CEO_BARKED_TWICE,PUPPY,INV-0023,total_amount,DECIMAL,,,153900.00,,,,,false,8,genie/puppy/invoices.csv,total_amount,2026.07.19.2
CEO_BARKED_TWICE,PUPPY,INV-0023,currency,STRING,BSC,,,,,,,false,9,genie/puppy/invoices.csv,currency,2026.07.19.2
CEO_BARKED_TWICE,PUPPY,INV-0023,beneficiary_account_id,STRING,A-IRON-3041,,,,,,,false,10,genie/puppy/invoices.csv,beneficiary_account_id,2026.07.19.2
CEO_BARKED_TWICE,PUPPY,INV-0023,sender_domain,STRING,iron.leash.manufacturing.example,,,,,,,false,11,genie/puppy/invoices.csv,sender_domain,2026.07.19.2
CEO_BARKED_TWICE,PUPPY,INV-0023,attachment_hash,STRING,156f6213b8a14bc181f4d6aa288a0fdf41b0dea400c4c2484e529d1c3e329d8b,,,,,,,false,12,genie/puppy/invoices.csv,attachment_hash,2026.07.19.2
CEO_BARKED_TWICE,PUPPY,INV-0023,approval_status,STRING,PAID,,,,,,,false,13,genie/puppy/invoices.csv,approval_status,2026.07.19.2
CEO_BARKED_TWICE,PUPPY,INV-0024,invoice_id,STRING,INV-0024,,,,,,,false,1,genie/puppy/invoices.csv,invoice_id,2026.07.19.2
CEO_BARKED_TWICE,PUPPY,INV-0024,invoice_number,STRING,WIRE-2025-1023,,,,,,,false,2,genie/puppy/invoices.csv,invoice_number,2026.07.19.2
CEO_BARKED_TWICE,PUPPY,INV-0024,purchase_order_id,STRING,PO-26024,,,,,,,false,3,genie/puppy/invoices.csv,purchase_order_id,2026.07.19.2
CEO_BARKED_TWICE,PUPPY,INV-0024,vendor_organization_record_id,STRING,OR-WIRE-01,,,,,,,false,4,genie/puppy/invoices.csv,vendor_organization_record_id,2026.07.19.2
CEO_BARKED_TWICE,PUPPY,INV-0024,buyer_organization_record_id,STRING,OR-SCC-01,,,,,,,false,5,genie/puppy/invoices.csv,buyer_organization_record_id,2026.07.19.2
CEO_BARKED_TWICE,PUPPY,INV-0024,issued_at,DATE,,,,,2025-09-22,,,false,6,genie/puppy/invoices.csv,issued_at,2026.07.19.2
CEO_BARKED_TWICE,PUPPY,INV-0024,due_at,DATE,,,,,2025-10-22,,,false,7,genie/puppy/invoices.csv,due_at,2026.07.19.2
CEO_BARKED_TWICE,PUPPY,INV-0024,total_amount,DECIMAL,,,176720.00,,,,,false,8,genie/puppy/invoices.csv,total_amount,2026.07.19.2
CEO_BARKED_TWICE,PUPPY,INV-0024,currency,STRING,BSC,,,,,,,false,9,genie/puppy/invoices.csv,currency,2026.07.19.2
CEO_BARKED_TWICE,PUPPY,INV-0024,beneficiary_account_id,STRING,A-WIRE-3082,,,,,,,false,10,genie/puppy/invoices.csv,beneficiary_account_id,2026.07.19.2
CEO_BARKED_TWICE,PUPPY,INV-0024,sender_domain,STRING,wire.whisker.electronics.example,,,,,,,false,11,genie/puppy/invoices.csv,sender_domain,2026.07.19.2
CEO_BARKED_TWICE,PUPPY,INV-0024,attachment_hash,STRING,61f0476c1a3494f24cce47b3d5e0986125bce0d9a0aca93d6be10e89b8777602,,,,,,,false,12,genie/puppy/invoices.csv,attachment_hash,2026.07.19.2
CEO_BARKED_TWICE,PUPPY,INV-0024,approval_status,STRING,PAID,,,,,,,false,13,genie/puppy/invoices.csv,approval_status,2026.07.19.2
CEO_BARKED_TWICE,PUPPY,INV-0025,invoice_id,STRING,INV-0025,,,,,,,false,1,genie/puppy/invoices.csv,invoice_id,2026.07.19.2
CEO_BARKED_TWICE,PUPPY,INV-0025,invoice_number,STRING,TAIL-2025-1024,,,,,,,false,2,genie/puppy/invoices.csv,invoice_number,2026.07.19.2
CEO_BARKED_TWICE,PUPPY,INV-0025,purchase_order_id,STRING,PO-26025,,,,,,,false,3,genie/puppy/invoices.csv,purchase_order_id,2026.07.19.2
CEO_BARKED_TWICE,PUPPY,INV-0025,vendor_organization_record_id,STRING,OR-TAIL-01,,,,,,,false,4,genie/puppy/invoices.csv,vendor_organization_record_id,2026.07.19.2
CEO_BARKED_TWICE,PUPPY,INV-0025,buyer_organization_record_id,STRING,OR-SCC-01,,,,,,,false,5,genie/puppy/invoices.csv,buyer_organization_record_id,2026.07.19.2
CEO_BARKED_TWICE,PUPPY,INV-0025,issued_at,DATE,,,,,2025-09-25,,,false,6,genie/puppy/invoices.csv,issued_at,2026.07.19.2
CEO_BARKED_TWICE,PUPPY,INV-0025,due_at,DATE,,,,,2025-10-25,,,false,7,genie/puppy/invoices.csv,due_at,2026.07.19.2
CEO_BARKED_TWICE,PUPPY,INV-0025,total_amount,DECIMAL,,,200900.00,,,,,false,8,genie/puppy/invoices.csv,total_amount,2026.07.19.2
CEO_BARKED_TWICE,PUPPY,INV-0025,currency,STRING,BSC,,,,,,,false,9,genie/puppy/invoices.csv,currency,2026.07.19.2
CEO_BARKED_TWICE,PUPPY,INV-0025,beneficiary_account_id,STRING,A-TAIL-3123,,,,,,,false,10,genie/puppy/invoices.csv,beneficiary_account_id,2026.07.19.2
CEO_BARKED_TWICE,PUPPY,INV-0025,sender_domain,STRING,tailspin.freight.co.example,,,,,,,false,11,genie/puppy/invoices.csv,sender_domain,2026.07.19.2
CEO_BARKED_TWICE,PUPPY,INV-0025,attachment_hash,STRING,16672422741ebeee55c7d681c14517fb98b2ce907f951a95039ddfc8c20e3a53,,,,,,,false,12,genie/puppy/invoices.csv,attachment_hash,2026.07.19.2
CEO_BARKED_TWICE,PUPPY,INV-0025,approval_status,STRING,PAID,,,,,,,false,13,genie/puppy/invoices.csv,approval_status,2026.07.19.2
CEO_BARKED_TWICE,PUPPY,INV-0026,invoice_id,STRING,INV-0026,,,,,,,false,1,genie/puppy/invoices.csv,invoice_id,2026.07.19.2
CEO_BARKED_TWICE,PUPPY,INV-0026,invoice_number,STRING,BLUEBOWL-2025-1025,,,,,,,false,2,genie/puppy/invoices.csv,invoice_number,2026.07.19.2
CEO_BARKED_TWICE,PUPPY,INV-0026,purchase_order_id,STRING,PO-26026,,,,,,,false,3,genie/puppy/invoices.csv,purchase_order_id,2026.07.19.2
CEO_BARKED_TWICE,PUPPY,INV-0026,vendor_organization_record_id,STRING,OR-BLUEBOWL-01,,,,,,,false,4,genie/puppy/invoices.csv,vendor_organization_record_id,2026.07.19.2
CEO_BARKED_TWICE,PUPPY,INV-0026,buyer_organization_record_id,STRING,OR-SCC-01,,,,,,,false,5,genie/puppy/invoices.csv,buyer_organization_record_id,2026.07.19.2
CEO_BARKED_TWICE,PUPPY,INV-0026,issued_at,DATE,,,,,2025-09-28,,,false,6,genie/puppy/invoices.csv,issued_at,2026.07.19.2
CEO_BARKED_TWICE,PUPPY,INV-0026,due_at,DATE,,,,,2025-10-28,,,false,7,genie/puppy/invoices.csv,due_at,2026.07.19.2
CEO_BARKED_TWICE,PUPPY,INV-0026,total_amount,DECIMAL,,,182040.00,,,,,false,8,genie/puppy/invoices.csv,total_amount,2026.07.19.2
CEO_BARKED_TWICE,PUPPY,INV-0026,currency,STRING,BSC,,,,,,,false,9,genie/puppy/invoices.csv,currency,2026.07.19.2
CEO_BARKED_TWICE,PUPPY,INV-0026,beneficiary_account_id,STRING,A-BLUEBOWL-3164,,,,,,,false,10,genie/puppy/invoices.csv,beneficiary_account_id,2026.07.19.2
CEO_BARKED_TWICE,PUPPY,INV-0026,sender_domain,STRING,blue.bowl.packaging.example,,,,,,,false,11,genie/puppy/invoices.csv,sender_domain,2026.07.19.2
CEO_BARKED_TWICE,PUPPY,INV-0026,attachment_hash,STRING,ec0e56618bd986ee6fd6c8fbf68786091b27808a496fe2f3ae04d2f2427f4434,,,,,,,false,12,genie/puppy/invoices.csv,attachment_hash,2026.07.19.2
CEO_BARKED_TWICE,PUPPY,INV-0026,approval_status,STRING,PAID,,,,,,,false,13,genie/puppy/invoices.csv,approval_status,2026.07.19.2
CEO_BARKED_TWICE,PUPPY,INV-0027,invoice_id,STRING,INV-0027,,,,,,,false,1,genie/puppy/invoices.csv,invoice_id,2026.07.19.2
CEO_BARKED_TWICE,PUPPY,INV-0027,invoice_number,STRING,HOUNDOFF-2025-1026,,,,,,,false,2,genie/puppy/invoices.csv,invoice_number,2026.07.19.2
CEO_BARKED_TWICE,PUPPY,INV-0027,purchase_order_id,STRING,PO-26027,,,,,,,false,3,genie/puppy/invoices.csv,purchase_order_id,2026.07.19.2
CEO_BARKED_TWICE,PUPPY,INV-0027,vendor_organization_record_id,STRING,OR-HOUNDOFF-01,,,,,,,false,4,genie/puppy/invoices.csv,vendor_organization_record_id,2026.07.19.2
CEO_BARKED_TWICE,PUPPY,INV-0027,buyer_organization_record_id,STRING,OR-SCC-01,,,,,,,false,5,genie/puppy/invoices.csv,buyer_organization_record_id,2026.07.19.2
CEO_BARKED_TWICE,PUPPY,INV-0027,issued_at,DATE,,,,,2025-10-01,,,false,6,genie/puppy/invoices.csv,issued_at,2026.07.19.2
CEO_BARKED_TWICE,PUPPY,INV-0027,due_at,DATE,,,,,2025-10-31,,,false,7,genie/puppy/invoices.csv,due_at,2026.07.19.2
CEO_BARKED_TWICE,PUPPY,INV-0027,total_amount,DECIMAL,,,205540.00,,,,,false,8,genie/puppy/invoices.csv,total_amount,2026.07.19.2
CEO_BARKED_TWICE,PUPPY,INV-0027,currency,STRING,BSC,,,,,,,false,9,genie/puppy/invoices.csv,currency,2026.07.19.2
CEO_BARKED_TWICE,PUPPY,INV-0027,beneficiary_account_id,STRING,A-HOUNDOFF-3205,,,,,,,false,10,genie/puppy/invoices.csv,beneficiary_account_id,2026.07.19.2
CEO_BARKED_TWICE,PUPPY,INV-0027,sender_domain,STRING,hound.office.solutions.example,,,,,,,false,11,genie/puppy/invoices.csv,sender_domain,2026.07.19.2
CEO_BARKED_TWICE,PUPPY,INV-0027,attachment_hash,STRING,8c6ad17232147c2c0ca96425738d72b734b516ac56c6fc625f8fb7007aa27b22,,,,,,,false,12,genie/puppy/invoices.csv,attachment_hash,2026.07.19.2
CEO_BARKED_TWICE,PUPPY,INV-0027,approval_status,STRING,PAID,,,,,,,false,13,genie/puppy/invoices.csv,approval_status,2026.07.19.2
CEO_BARKED_TWICE,PUPPY,INV-0028,invoice_id,STRING,INV-0028,,,,,,,false,1,genie/puppy/invoices.csv,invoice_id,2026.07.19.2
CEO_BARKED_TWICE,PUPPY,INV-0028,invoice_number,STRING,RETRIEVER-2025-1027,,,,,,,false,2,genie/puppy/invoices.csv,invoice_number,2026.07.19.2
CEO_BARKED_TWICE,PUPPY,INV-0028,purchase_order_id,STRING,PO-26028,,,,,,,false,3,genie/puppy/invoices.csv,purchase_order_id,2026.07.19.2
CEO_BARKED_TWICE,PUPPY,INV-0028,vendor_organization_record_id,STRING,OR-RETRIEVER-01,,,,,,,false,4,genie/puppy/invoices.csv,vendor_organization_record_id,2026.07.19.2
CEO_BARKED_TWICE,PUPPY,INV-0028,buyer_organization_record_id,STRING,OR-SCC-01,,,,,,,false,5,genie/puppy/invoices.csv,buyer_organization_record_id,2026.07.19.2
CEO_BARKED_TWICE,PUPPY,INV-0028,issued_at,DATE,,,,,2025-10-04,,,false,6,genie/puppy/invoices.csv,issued_at,2026.07.19.2
CEO_BARKED_TWICE,PUPPY,INV-0028,due_at,DATE,,,,,2025-11-03,,,false,7,genie/puppy/invoices.csv,due_at,2026.07.19.2
CEO_BARKED_TWICE,PUPPY,INV-0028,total_amount,DECIMAL,,,92700.00,,,,,false,8,genie/puppy/invoices.csv,total_amount,2026.07.19.2
CEO_BARKED_TWICE,PUPPY,INV-0028,currency,STRING,BSC,,,,,,,false,9,genie/puppy/invoices.csv,currency,2026.07.19.2
CEO_BARKED_TWICE,PUPPY,INV-0028,beneficiary_account_id,STRING,A-RETRIEVER-3246,,,,,,,false,10,genie/puppy/invoices.csv,beneficiary_account_id,2026.07.19.2
CEO_BARKED_TWICE,PUPPY,INV-0028,sender_domain,STRING,retriever.robotics.example,,,,,,,false,11,genie/puppy/invoices.csv,sender_domain,2026.07.19.2
CEO_BARKED_TWICE,PUPPY,INV-0028,attachment_hash,STRING,57d026b97d8ccde1517bc56bc3d2915ded7fa752cbba6c52bb0c62890a15f5ec,,,,,,,false,12,genie/puppy/invoices.csv,attachment_hash,2026.07.19.2
CEO_BARKED_TWICE,PUPPY,INV-0028,approval_status,STRING,PAID,,,,,,,false,13,genie/puppy/invoices.csv,approval_status,2026.07.19.2
CEO_BARKED_TWICE,PUPPY,INV-0029,invoice_id,STRING,INV-0029,,,,,,,false,1,genie/puppy/invoices.csv,invoice_id,2026.07.19.2
CEO_BARKED_TWICE,PUPPY,INV-0029,invoice_number,STRING,COPPER-2025-1028,,,,,,,false,2,genie/puppy/invoices.csv,invoice_number,2026.07.19.2
CEO_BARKED_TWICE,PUPPY,INV-0029,purchase_order_id,STRING,PO-26029,,,,,,,false,3,genie/puppy/invoices.csv,purchase_order_id,2026.07.19.2
CEO_BARKED_TWICE,PUPPY,INV-0029,vendor_organization_record_id,STRING,OR-COPPER-01,,,,,,,false,4,genie/puppy/invoices.csv,vendor_organization_record_id,2026.07.19.2
CEO_BARKED_TWICE,PUPPY,INV-0029,buyer_organization_record_id,STRING,OR-SCC-01,,,,,,,false,5,genie/puppy/invoices.csv,buyer_organization_record_id,2026.07.19.2
CEO_BARKED_TWICE,PUPPY,INV-0029,issued_at,DATE,,,,,2025-10-07,,,false,6,genie/puppy/invoices.csv,issued_at,2026.07.19.2
CEO_BARKED_TWICE,PUPPY,INV-0029,due_at,DATE,,,,,2025-11-06,,,false,7,genie/puppy/invoices.csv,due_at,2026.07.19.2
CEO_BARKED_TWICE,PUPPY,INV-0029,total_amount,DECIMAL,,,112800.00,,,,,false,8,genie/puppy/invoices.csv,total_amount,2026.07.19.2
CEO_BARKED_TWICE,PUPPY,INV-0029,currency,STRING,BSC,,,,,,,false,9,genie/puppy/invoices.csv,currency,2026.07.19.2
CEO_BARKED_TWICE,PUPPY,INV-0029,beneficiary_account_id,STRING,A-COPPER-2207,,,,,,,false,10,genie/puppy/invoices.csv,beneficiary_account_id,2026.07.19.2
CEO_BARKED_TWICE,PUPPY,INV-0029,sender_domain,STRING,copperpaw.example,,,,,,,false,11,genie/puppy/invoices.csv,sender_domain,2026.07.19.2
CEO_BARKED_TWICE,PUPPY,INV-0029,attachment_hash,STRING,6895a758bd70eac65133687dde8ac26de2d5af76d16ee9811cc04c4f12c3a6ca,,,,,,,false,12,genie/puppy/invoices.csv,attachment_hash,2026.07.19.2
CEO_BARKED_TWICE,PUPPY,INV-0029,approval_status,STRING,PAID,,,,,,,false,13,genie/puppy/invoices.csv,approval_status,2026.07.19.2
CEO_BARKED_TWICE,PUPPY,INV-0030,invoice_id,STRING,INV-0030,,,,,,,false,1,genie/puppy/invoices.csv,invoice_id,2026.07.19.2
CEO_BARKED_TWICE,PUPPY,INV-0030,invoice_number,STRING,IRON-2025-1029,,,,,,,false,2,genie/puppy/invoices.csv,invoice_number,2026.07.19.2
CEO_BARKED_TWICE,PUPPY,INV-0030,purchase_order_id,STRING,PO-26030,,,,,,,false,3,genie/puppy/invoices.csv,purchase_order_id,2026.07.19.2
CEO_BARKED_TWICE,PUPPY,INV-0030,vendor_organization_record_id,STRING,OR-IRON-01,,,,,,,false,4,genie/puppy/invoices.csv,vendor_organization_record_id,2026.07.19.2
CEO_BARKED_TWICE,PUPPY,INV-0030,buyer_organization_record_id,STRING,OR-SCC-01,,,,,,,false,5,genie/puppy/invoices.csv,buyer_organization_record_id,2026.07.19.2
CEO_BARKED_TWICE,PUPPY,INV-0030,issued_at,DATE,,,,,2025-10-10,,,false,6,genie/puppy/invoices.csv,issued_at,2026.07.19.2
CEO_BARKED_TWICE,PUPPY,INV-0030,due_at,DATE,,,,,2025-11-09,,,false,7,genie/puppy/invoices.csv,due_at,2026.07.19.2
CEO_BARKED_TWICE,PUPPY,INV-0030,total_amount,DECIMAL,,,134260.00,,,,,false,8,genie/puppy/invoices.csv,total_amount,2026.07.19.2
CEO_BARKED_TWICE,PUPPY,INV-0030,currency,STRING,BSC,,,,,,,false,9,genie/puppy/invoices.csv,currency,2026.07.19.2
CEO_BARKED_TWICE,PUPPY,INV-0030,beneficiary_account_id,STRING,A-IRON-3041,,,,,,,false,10,genie/puppy/invoices.csv,beneficiary_account_id,2026.07.19.2
CEO_BARKED_TWICE,PUPPY,INV-0030,sender_domain,STRING,iron.leash.manufacturing.example,,,,,,,false,11,genie/puppy/invoices.csv,sender_domain,2026.07.19.2
CEO_BARKED_TWICE,PUPPY,INV-0030,attachment_hash,STRING,4e9f21417166160d66aaf18beb7d3e5dd1b396073569789190e8c89372517412,,,,,,,false,12,genie/puppy/invoices.csv,attachment_hash,2026.07.19.2
CEO_BARKED_TWICE,PUPPY,INV-0030,approval_status,STRING,PAID,,,,,,,false,13,genie/puppy/invoices.csv,approval_status,2026.07.19.2
CEO_BARKED_TWICE,PUPPY,INV-0031,invoice_id,STRING,INV-0031,,,,,,,false,1,genie/puppy/invoices.csv,invoice_id,2026.07.19.2
CEO_BARKED_TWICE,PUPPY,INV-0031,invoice_number,STRING,WIRE-2025-1030,,,,,,,false,2,genie/puppy/invoices.csv,invoice_number,2026.07.19.2
CEO_BARKED_TWICE,PUPPY,INV-0031,purchase_order_id,STRING,PO-26031,,,,,,,false,3,genie/puppy/invoices.csv,purchase_order_id,2026.07.19.2
CEO_BARKED_TWICE,PUPPY,INV-0031,vendor_organization_record_id,STRING,OR-WIRE-01,,,,,,,false,4,genie/puppy/invoices.csv,vendor_organization_record_id,2026.07.19.2
CEO_BARKED_TWICE,PUPPY,INV-0031,buyer_organization_record_id,STRING,OR-SCC-01,,,,,,,false,5,genie/puppy/invoices.csv,buyer_organization_record_id,2026.07.19.2
CEO_BARKED_TWICE,PUPPY,INV-0031,issued_at,DATE,,,,,2025-10-13,,,false,6,genie/puppy/invoices.csv,issued_at,2026.07.19.2
CEO_BARKED_TWICE,PUPPY,INV-0031,due_at,DATE,,,,,2025-11-12,,,false,7,genie/puppy/invoices.csv,due_at,2026.07.19.2
CEO_BARKED_TWICE,PUPPY,INV-0031,total_amount,DECIMAL,,,133660.00,,,,,false,8,genie/puppy/invoices.csv,total_amount,2026.07.19.2
CEO_BARKED_TWICE,PUPPY,INV-0031,currency,STRING,BSC,,,,,,,false,9,genie/puppy/invoices.csv,currency,2026.07.19.2
CEO_BARKED_TWICE,PUPPY,INV-0031,beneficiary_account_id,STRING,A-WIRE-3082,,,,,,,false,10,genie/puppy/invoices.csv,beneficiary_account_id,2026.07.19.2
CEO_BARKED_TWICE,PUPPY,INV-0031,sender_domain,STRING,wire.whisker.electronics.example,,,,,,,false,11,genie/puppy/invoices.csv,sender_domain,2026.07.19.2
CEO_BARKED_TWICE,PUPPY,INV-0031,attachment_hash,STRING,dff129ad5afbd29fa1a6b14a93c78edeecf59add486c5ddc9552ce151028d592,,,,,,,false,12,genie/puppy/invoices.csv,attachment_hash,2026.07.19.2
CEO_BARKED_TWICE,PUPPY,INV-0031,approval_status,STRING,PAID,,,,,,,false,13,genie/puppy/invoices.csv,approval_status,2026.07.19.2
CEO_BARKED_TWICE,PUPPY,INV-0032,invoice_id,STRING,INV-0032,,,,,,,false,1,genie/puppy/invoices.csv,invoice_id,2026.07.19.2
CEO_BARKED_TWICE,PUPPY,INV-0032,invoice_number,STRING,TAIL-2025-1031,,,,,,,false,2,genie/puppy/invoices.csv,invoice_number,2026.07.19.2
CEO_BARKED_TWICE,PUPPY,INV-0032,purchase_order_id,STRING,PO-26032,,,,,,,false,3,genie/puppy/invoices.csv,purchase_order_id,2026.07.19.2
CEO_BARKED_TWICE,PUPPY,INV-0032,vendor_organization_record_id,STRING,OR-TAIL-01,,,,,,,false,4,genie/puppy/invoices.csv,vendor_organization_record_id,2026.07.19.2
CEO_BARKED_TWICE,PUPPY,INV-0032,buyer_organization_record_id,STRING,OR-SCC-01,,,,,,,false,5,genie/puppy/invoices.csv,buyer_organization_record_id,2026.07.19.2
CEO_BARKED_TWICE,PUPPY,INV-0032,issued_at,DATE,,,,,2025-10-16,,,false,6,genie/puppy/invoices.csv,issued_at,2026.07.19.2
CEO_BARKED_TWICE,PUPPY,INV-0032,due_at,DATE,,,,,2025-11-15,,,false,7,genie/puppy/invoices.csv,due_at,2026.07.19.2
CEO_BARKED_TWICE,PUPPY,INV-0032,total_amount,DECIMAL,,,154800.00,,,,,false,8,genie/puppy/invoices.csv,total_amount,2026.07.19.2
CEO_BARKED_TWICE,PUPPY,INV-0032,currency,STRING,BSC,,,,,,,false,9,genie/puppy/invoices.csv,currency,2026.07.19.2
CEO_BARKED_TWICE,PUPPY,INV-0032,beneficiary_account_id,STRING,A-TAIL-3123,,,,,,,false,10,genie/puppy/invoices.csv,beneficiary_account_id,2026.07.19.2
CEO_BARKED_TWICE,PUPPY,INV-0032,sender_domain,STRING,tailspin.freight.co.example,,,,,,,false,11,genie/puppy/invoices.csv,sender_domain,2026.07.19.2
CEO_BARKED_TWICE,PUPPY,INV-0032,attachment_hash,STRING,2b41424473d7fc3984c88c79eef58f314314a2ca4ff3123063e473c27a063d93,,,,,,,false,12,genie/puppy/invoices.csv,attachment_hash,2026.07.19.2
CEO_BARKED_TWICE,PUPPY,INV-0032,approval_status,STRING,PAID,,,,,,,false,13,genie/puppy/invoices.csv,approval_status,2026.07.19.2
CEO_BARKED_TWICE,PUPPY,INV-0033,invoice_id,STRING,INV-0033,,,,,,,false,1,genie/puppy/invoices.csv,invoice_id,2026.07.19.2
CEO_BARKED_TWICE,PUPPY,INV-0033,invoice_number,STRING,BLUEBOWL-2025-1032,,,,,,,false,2,genie/puppy/invoices.csv,invoice_number,2026.07.19.2
CEO_BARKED_TWICE,PUPPY,INV-0033,purchase_order_id,STRING,PO-26033,,,,,,,false,3,genie/puppy/invoices.csv,purchase_order_id,2026.07.19.2
CEO_BARKED_TWICE,PUPPY,INV-0033,vendor_organization_record_id,STRING,OR-BLUEBOWL-01,,,,,,,false,4,genie/puppy/invoices.csv,vendor_organization_record_id,2026.07.19.2
CEO_BARKED_TWICE,PUPPY,INV-0033,buyer_organization_record_id,STRING,OR-SCC-01,,,,,,,false,5,genie/puppy/invoices.csv,buyer_organization_record_id,2026.07.19.2
CEO_BARKED_TWICE,PUPPY,INV-0033,issued_at,DATE,,,,,2025-10-19,,,false,6,genie/puppy/invoices.csv,issued_at,2026.07.19.2
CEO_BARKED_TWICE,PUPPY,INV-0033,due_at,DATE,,,,,2025-11-18,,,false,7,genie/puppy/invoices.csv,due_at,2026.07.19.2
CEO_BARKED_TWICE,PUPPY,INV-0033,total_amount,DECIMAL,,,177300.00,,,,,false,8,genie/puppy/invoices.csv,total_amount,2026.07.19.2
CEO_BARKED_TWICE,PUPPY,INV-0033,currency,STRING,BSC,,,,,,,false,9,genie/puppy/invoices.csv,currency,2026.07.19.2
CEO_BARKED_TWICE,PUPPY,INV-0033,beneficiary_account_id,STRING,A-BLUEBOWL-3164,,,,,,,false,10,genie/puppy/invoices.csv,beneficiary_account_id,2026.07.19.2
CEO_BARKED_TWICE,PUPPY,INV-0033,sender_domain,STRING,blue.bowl.packaging.example,,,,,,,false,11,genie/puppy/invoices.csv,sender_domain,2026.07.19.2
CEO_BARKED_TWICE,PUPPY,INV-0033,attachment_hash,STRING,7300772c48229875edabfb3e51dc9c3d26e0e50613cebb851408d9600b5fc20a,,,,,,,false,12,genie/puppy/invoices.csv,attachment_hash,2026.07.19.2
CEO_BARKED_TWICE,PUPPY,INV-0033,approval_status,STRING,PAID,,,,,,,false,13,genie/puppy/invoices.csv,approval_status,2026.07.19.2
CEO_BARKED_TWICE,PUPPY,INV-0034,invoice_id,STRING,INV-0034,,,,,,,false,1,genie/puppy/invoices.csv,invoice_id,2026.07.19.2
CEO_BARKED_TWICE,PUPPY,INV-0034,invoice_number,STRING,HOUNDOFF-2025-1033,,,,,,,false,2,genie/puppy/invoices.csv,invoice_number,2026.07.19.2
CEO_BARKED_TWICE,PUPPY,INV-0034,purchase_order_id,STRING,PO-26034,,,,,,,false,3,genie/puppy/invoices.csv,purchase_order_id,2026.07.19.2
CEO_BARKED_TWICE,PUPPY,INV-0034,vendor_organization_record_id,STRING,OR-HOUNDOFF-01,,,,,,,false,4,genie/puppy/invoices.csv,vendor_organization_record_id,2026.07.19.2
CEO_BARKED_TWICE,PUPPY,INV-0034,buyer_organization_record_id,STRING,OR-SCC-01,,,,,,,false,5,genie/puppy/invoices.csv,buyer_organization_record_id,2026.07.19.2
CEO_BARKED_TWICE,PUPPY,INV-0034,issued_at,DATE,,,,,2025-10-22,,,false,6,genie/puppy/invoices.csv,issued_at,2026.07.19.2
CEO_BARKED_TWICE,PUPPY,INV-0034,due_at,DATE,,,,,2025-11-21,,,false,7,genie/puppy/invoices.csv,due_at,2026.07.19.2
CEO_BARKED_TWICE,PUPPY,INV-0034,total_amount,DECIMAL,,,201160.00,,,,,false,8,genie/puppy/invoices.csv,total_amount,2026.07.19.2
CEO_BARKED_TWICE,PUPPY,INV-0034,currency,STRING,BSC,,,,,,,false,9,genie/puppy/invoices.csv,currency,2026.07.19.2
CEO_BARKED_TWICE,PUPPY,INV-0034,beneficiary_account_id,STRING,A-HOUNDOFF-3205,,,,,,,false,10,genie/puppy/invoices.csv,beneficiary_account_id,2026.07.19.2
CEO_BARKED_TWICE,PUPPY,INV-0034,sender_domain,STRING,hound.office.solutions.example,,,,,,,false,11,genie/puppy/invoices.csv,sender_domain,2026.07.19.2
CEO_BARKED_TWICE,PUPPY,INV-0034,attachment_hash,STRING,b54f05824bc7bb9119954a9df9701d2179ac9e3f74337b98bbc13e48ae53af54,,,,,,,false,12,genie/puppy/invoices.csv,attachment_hash,2026.07.19.2
CEO_BARKED_TWICE,PUPPY,INV-0034,approval_status,STRING,PAID,,,,,,,false,13,genie/puppy/invoices.csv,approval_status,2026.07.19.2
CEO_BARKED_TWICE,PUPPY,INV-0035,invoice_id,STRING,INV-0035,,,,,,,false,1,genie/puppy/invoices.csv,invoice_id,2026.07.19.2
CEO_BARKED_TWICE,PUPPY,INV-0035,invoice_number,STRING,RETRIEVER-2025-1034,,,,,,,false,2,genie/puppy/invoices.csv,invoice_number,2026.07.19.2
CEO_BARKED_TWICE,PUPPY,INV-0035,purchase_order_id,STRING,PO-26035,,,,,,,false,3,genie/puppy/invoices.csv,purchase_order_id,2026.07.19.2
CEO_BARKED_TWICE,PUPPY,INV-0035,vendor_organization_record_id,STRING,OR-RETRIEVER-01,,,,,,,false,4,genie/puppy/invoices.csv,vendor_organization_record_id,2026.07.19.2
CEO_BARKED_TWICE,PUPPY,INV-0035,buyer_organization_record_id,STRING,OR-SCC-01,,,,,,,false,5,genie/puppy/invoices.csv,buyer_organization_record_id,2026.07.19.2
CEO_BARKED_TWICE,PUPPY,INV-0035,issued_at,DATE,,,,,2025-10-25,,,false,6,genie/puppy/invoices.csv,issued_at,2026.07.19.2
CEO_BARKED_TWICE,PUPPY,INV-0035,due_at,DATE,,,,,2025-11-24,,,false,7,genie/puppy/invoices.csv,due_at,2026.07.19.2
CEO_BARKED_TWICE,PUPPY,INV-0035,total_amount,DECIMAL,,,226380.00,,,,,false,8,genie/puppy/invoices.csv,total_amount,2026.07.19.2
CEO_BARKED_TWICE,PUPPY,INV-0035,currency,STRING,BSC,,,,,,,false,9,genie/puppy/invoices.csv,currency,2026.07.19.2
CEO_BARKED_TWICE,PUPPY,INV-0035,beneficiary_account_id,STRING,A-RETRIEVER-3246,,,,,,,false,10,genie/puppy/invoices.csv,beneficiary_account_id,2026.07.19.2
CEO_BARKED_TWICE,PUPPY,INV-0035,sender_domain,STRING,retriever.robotics.example,,,,,,,false,11,genie/puppy/invoices.csv,sender_domain,2026.07.19.2
CEO_BARKED_TWICE,PUPPY,INV-0035,attachment_hash,STRING,9f9e2e50cba02f9333673e83ace063394eea5d320b39a9edee48fb3648cfda3d,,,,,,,false,12,genie/puppy/invoices.csv,attachment_hash,2026.07.19.2
CEO_BARKED_TWICE,PUPPY,INV-0035,approval_status,STRING,PAID,,,,,,,false,13,genie/puppy/invoices.csv,approval_status,2026.07.19.2
CEO_BARKED_TWICE,PUPPY,INV-0036,invoice_id,STRING,INV-0036,,,,,,,false,1,genie/puppy/invoices.csv,invoice_id,2026.07.19.2
CEO_BARKED_TWICE,PUPPY,INV-0036,invoice_number,STRING,COPPER-2025-1035,,,,,,,false,2,genie/puppy/invoices.csv,invoice_number,2026.07.19.2
CEO_BARKED_TWICE,PUPPY,INV-0036,purchase_order_id,STRING,PO-26036,,,,,,,false,3,genie/puppy/invoices.csv,purchase_order_id,2026.07.19.2
CEO_BARKED_TWICE,PUPPY,INV-0036,vendor_organization_record_id,STRING,OR-COPPER-01,,,,,,,false,4,genie/puppy/invoices.csv,vendor_organization_record_id,2026.07.19.2
CEO_BARKED_TWICE,PUPPY,INV-0036,buyer_organization_record_id,STRING,OR-SCC-01,,,,,,,false,5,genie/puppy/invoices.csv,buyer_organization_record_id,2026.07.19.2
CEO_BARKED_TWICE,PUPPY,INV-0036,issued_at,DATE,,,,,2025-10-28,,,false,6,genie/puppy/invoices.csv,issued_at,2026.07.19.2
CEO_BARKED_TWICE,PUPPY,INV-0036,due_at,DATE,,,,,2025-11-27,,,false,7,genie/puppy/invoices.csv,due_at,2026.07.19.2
CEO_BARKED_TWICE,PUPPY,INV-0036,total_amount,DECIMAL,,,203360.00,,,,,false,8,genie/puppy/invoices.csv,total_amount,2026.07.19.2
CEO_BARKED_TWICE,PUPPY,INV-0036,currency,STRING,BSC,,,,,,,false,9,genie/puppy/invoices.csv,currency,2026.07.19.2
CEO_BARKED_TWICE,PUPPY,INV-0036,beneficiary_account_id,STRING,A-COPPER-2207,,,,,,,false,10,genie/puppy/invoices.csv,beneficiary_account_id,2026.07.19.2
CEO_BARKED_TWICE,PUPPY,INV-0036,sender_domain,STRING,copperpaw.example,,,,,,,false,11,genie/puppy/invoices.csv,sender_domain,2026.07.19.2
CEO_BARKED_TWICE,PUPPY,INV-0036,attachment_hash,STRING,cb0adcc34929a4d2243f16f6a2ca87ac56f8ee60acfe2b13274f30cb163257ab,,,,,,,false,12,genie/puppy/invoices.csv,attachment_hash,2026.07.19.2
CEO_BARKED_TWICE,PUPPY,INV-0036,approval_status,STRING,PAID,,,,,,,false,13,genie/puppy/invoices.csv,approval_status,2026.07.19.2
CEO_BARKED_TWICE,PUPPY,INV-0037,invoice_id,STRING,INV-0037,,,,,,,false,1,genie/puppy/invoices.csv,invoice_id,2026.07.19.2
CEO_BARKED_TWICE,PUPPY,INV-0037,invoice_number,STRING,IRON-2025-1036,,,,,,,false,2,genie/puppy/invoices.csv,invoice_number,2026.07.19.2
CEO_BARKED_TWICE,PUPPY,INV-0037,purchase_order_id,STRING,PO-26037,,,,,,,false,3,genie/puppy/invoices.csv,purchase_order_id,2026.07.19.2
CEO_BARKED_TWICE,PUPPY,INV-0037,vendor_organization_record_id,STRING,OR-IRON-01,,,,,,,false,4,genie/puppy/invoices.csv,vendor_organization_record_id,2026.07.19.2
CEO_BARKED_TWICE,PUPPY,INV-0037,buyer_organization_record_id,STRING,OR-SCC-01,,,,,,,false,5,genie/puppy/invoices.csv,buyer_organization_record_id,2026.07.19.2
CEO_BARKED_TWICE,PUPPY,INV-0037,issued_at,DATE,,,,,2025-10-31,,,false,6,genie/puppy/invoices.csv,issued_at,2026.07.19.2
CEO_BARKED_TWICE,PUPPY,INV-0037,due_at,DATE,,,,,2025-11-30,,,false,7,genie/puppy/invoices.csv,due_at,2026.07.19.2
CEO_BARKED_TWICE,PUPPY,INV-0037,total_amount,DECIMAL,,,96320.00,,,,,false,8,genie/puppy/invoices.csv,total_amount,2026.07.19.2
CEO_BARKED_TWICE,PUPPY,INV-0037,currency,STRING,BSC,,,,,,,false,9,genie/puppy/invoices.csv,currency,2026.07.19.2
CEO_BARKED_TWICE,PUPPY,INV-0037,beneficiary_account_id,STRING,A-IRON-3041,,,,,,,false,10,genie/puppy/invoices.csv,beneficiary_account_id,2026.07.19.2
CEO_BARKED_TWICE,PUPPY,INV-0037,sender_domain,STRING,iron.leash.manufacturing.example,,,,,,,false,11,genie/puppy/invoices.csv,sender_domain,2026.07.19.2
CEO_BARKED_TWICE,PUPPY,INV-0037,attachment_hash,STRING,502b7ab2b658a79ff338970bb4efe537c336ae1ff5eb854c55a3f2e6dae59e8e,,,,,,,false,12,genie/puppy/invoices.csv,attachment_hash,2026.07.19.2
CEO_BARKED_TWICE,PUPPY,INV-0037,approval_status,STRING,PAID,,,,,,,false,13,genie/puppy/invoices.csv,approval_status,2026.07.19.2
CEO_BARKED_TWICE,PUPPY,INV-0038,invoice_id,STRING,INV-0038,,,,,,,false,1,genie/puppy/invoices.csv,invoice_id,2026.07.19.2
CEO_BARKED_TWICE,PUPPY,INV-0038,invoice_number,STRING,WIRE-2025-1037,,,,,,,false,2,genie/puppy/invoices.csv,invoice_number,2026.07.19.2
CEO_BARKED_TWICE,PUPPY,INV-0038,purchase_order_id,STRING,PO-26038,,,,,,,false,3,genie/puppy/invoices.csv,purchase_order_id,2026.07.19.2
CEO_BARKED_TWICE,PUPPY,INV-0038,vendor_organization_record_id,STRING,OR-WIRE-01,,,,,,,false,4,genie/puppy/invoices.csv,vendor_organization_record_id,2026.07.19.2
CEO_BARKED_TWICE,PUPPY,INV-0038,buyer_organization_record_id,STRING,OR-SCC-01,,,,,,,false,5,genie/puppy/invoices.csv,buyer_organization_record_id,2026.07.19.2
CEO_BARKED_TWICE,PUPPY,INV-0038,issued_at,DATE,,,,,2025-11-03,,,false,6,genie/puppy/invoices.csv,issued_at,2026.07.19.2
CEO_BARKED_TWICE,PUPPY,INV-0038,due_at,DATE,,,,,2025-12-03,,,false,7,genie/puppy/invoices.csv,due_at,2026.07.19.2
CEO_BARKED_TWICE,PUPPY,INV-0038,total_amount,DECIMAL,,,116100.00,,,,,false,8,genie/puppy/invoices.csv,total_amount,2026.07.19.2
CEO_BARKED_TWICE,PUPPY,INV-0038,currency,STRING,BSC,,,,,,,false,9,genie/puppy/invoices.csv,currency,2026.07.19.2
CEO_BARKED_TWICE,PUPPY,INV-0038,beneficiary_account_id,STRING,A-WIRE-3082,,,,,,,false,10,genie/puppy/invoices.csv,beneficiary_account_id,2026.07.19.2
CEO_BARKED_TWICE,PUPPY,INV-0038,sender_domain,STRING,wire.whisker.electronics.example,,,,,,,false,11,genie/puppy/invoices.csv,sender_domain,2026.07.19.2
CEO_BARKED_TWICE,PUPPY,INV-0038,attachment_hash,STRING,e4d7888f5b1d3d851e894796fc012947d0eb7dd7e645759454e4536a4138b588,,,,,,,false,12,genie/puppy/invoices.csv,attachment_hash,2026.07.19.2
CEO_BARKED_TWICE,PUPPY,INV-0038,approval_status,STRING,PAID,,,,,,,false,13,genie/puppy/invoices.csv,approval_status,2026.07.19.2
CEO_BARKED_TWICE,PUPPY,INV-0039,invoice_id,STRING,INV-0039,,,,,,,false,1,genie/puppy/invoices.csv,invoice_id,2026.07.19.2
CEO_BARKED_TWICE,PUPPY,INV-0039,invoice_number,STRING,TAIL-2025-1038,,,,,,,false,2,genie/puppy/invoices.csv,invoice_number,2026.07.19.2
CEO_BARKED_TWICE,PUPPY,INV-0039,purchase_order_id,STRING,PO-26039,,,,,,,false,3,genie/puppy/invoices.csv,purchase_order_id,2026.07.19.2
CEO_BARKED_TWICE,PUPPY,INV-0039,vendor_organization_record_id,STRING,OR-TAIL-01,,,,,,,false,4,genie/puppy/invoices.csv,vendor_organization_record_id,2026.07.19.2
CEO_BARKED_TWICE,PUPPY,INV-0039,buyer_organization_record_id,STRING,OR-SCC-01,,,,,,,false,5,genie/puppy/invoices.csv,buyer_organization_record_id,2026.07.19.2
CEO_BARKED_TWICE,PUPPY,INV-0039,issued_at,DATE,,,,,2025-11-06,,,false,6,genie/puppy/invoices.csv,issued_at,2026.07.19.2
CEO_BARKED_TWICE,PUPPY,INV-0039,due_at,DATE,,,,,2025-12-06,,,false,7,genie/puppy/invoices.csv,due_at,2026.07.19.2
CEO_BARKED_TWICE,PUPPY,INV-0039,total_amount,DECIMAL,,,137240.00,,,,,false,8,genie/puppy/invoices.csv,total_amount,2026.07.19.2
CEO_BARKED_TWICE,PUPPY,INV-0039,currency,STRING,BSC,,,,,,,false,9,genie/puppy/invoices.csv,currency,2026.07.19.2
CEO_BARKED_TWICE,PUPPY,INV-0039,beneficiary_account_id,STRING,A-TAIL-3123,,,,,,,false,10,genie/puppy/invoices.csv,beneficiary_account_id,2026.07.19.2
CEO_BARKED_TWICE,PUPPY,INV-0039,sender_domain,STRING,tailspin.freight.co.example,,,,,,,false,11,genie/puppy/invoices.csv,sender_domain,2026.07.19.2
CEO_BARKED_TWICE,PUPPY,INV-0039,attachment_hash,STRING,99ff6ecca02a5d8e5567fbb21d566ec361502848ab5f3006faef712a3b631cc6,,,,,,,false,12,genie/puppy/invoices.csv,attachment_hash,2026.07.19.2
CEO_BARKED_TWICE,PUPPY,INV-0039,approval_status,STRING,PAID,,,,,,,false,13,genie/puppy/invoices.csv,approval_status,2026.07.19.2
CEO_BARKED_TWICE,PUPPY,INV-0040,invoice_id,STRING,INV-0040,,,,,,,false,1,genie/puppy/invoices.csv,invoice_id,2026.07.19.2
CEO_BARKED_TWICE,PUPPY,INV-0040,invoice_number,STRING,BLUEBOWL-2025-1039,,,,,,,false,2,genie/puppy/invoices.csv,invoice_number,2026.07.19.2
CEO_BARKED_TWICE,PUPPY,INV-0040,purchase_order_id,STRING,PO-26040,,,,,,,false,3,genie/puppy/invoices.csv,purchase_order_id,2026.07.19.2
CEO_BARKED_TWICE,PUPPY,INV-0040,vendor_organization_record_id,STRING,OR-BLUEBOWL-01,,,,,,,false,4,genie/puppy/invoices.csv,vendor_organization_record_id,2026.07.19.2
CEO_BARKED_TWICE,PUPPY,INV-0040,buyer_organization_record_id,STRING,OR-SCC-01,,,,,,,false,5,genie/puppy/invoices.csv,buyer_organization_record_id,2026.07.19.2
CEO_BARKED_TWICE,PUPPY,INV-0040,issued_at,DATE,,,,,2025-11-09,,,false,6,genie/puppy/invoices.csv,issued_at,2026.07.19.2
CEO_BARKED_TWICE,PUPPY,INV-0040,due_at,DATE,,,,,2025-12-09,,,false,7,genie/puppy/invoices.csv,due_at,2026.07.19.2
CEO_BARKED_TWICE,PUPPY,INV-0040,total_amount,DECIMAL,,,159740.00,,,,,false,8,genie/puppy/invoices.csv,total_amount,2026.07.19.2
CEO_BARKED_TWICE,PUPPY,INV-0040,currency,STRING,BSC,,,,,,,false,9,genie/puppy/invoices.csv,currency,2026.07.19.2
CEO_BARKED_TWICE,PUPPY,INV-0040,beneficiary_account_id,STRING,A-BLUEBOWL-3164,,,,,,,false,10,genie/puppy/invoices.csv,beneficiary_account_id,2026.07.19.2
CEO_BARKED_TWICE,PUPPY,INV-0040,sender_domain,STRING,blue.bowl.packaging.example,,,,,,,false,11,genie/puppy/invoices.csv,sender_domain,2026.07.19.2
CEO_BARKED_TWICE,PUPPY,INV-0040,attachment_hash,STRING,560db94c7344da509ff570d3c8aa671017e11f0597cc77f006d319b3c0296211,,,,,,,false,12,genie/puppy/invoices.csv,attachment_hash,2026.07.19.2
CEO_BARKED_TWICE,PUPPY,INV-0040,approval_status,STRING,PAID,,,,,,,false,13,genie/puppy/invoices.csv,approval_status,2026.07.19.2
CEO_BARKED_TWICE,PUPPY,INV-0041,invoice_id,STRING,INV-0041,,,,,,,false,1,genie/puppy/invoices.csv,invoice_id,2026.07.19.2
CEO_BARKED_TWICE,PUPPY,INV-0041,invoice_number,STRING,HOUNDOFF-2025-1040,,,,,,,false,2,genie/puppy/invoices.csv,invoice_number,2026.07.19.2
CEO_BARKED_TWICE,PUPPY,INV-0041,purchase_order_id,STRING,PO-26041,,,,,,,false,3,genie/puppy/invoices.csv,purchase_order_id,2026.07.19.2
CEO_BARKED_TWICE,PUPPY,INV-0041,vendor_organization_record_id,STRING,OR-HOUNDOFF-01,,,,,,,false,4,genie/puppy/invoices.csv,vendor_organization_record_id,2026.07.19.2
CEO_BARKED_TWICE,PUPPY,INV-0041,buyer_organization_record_id,STRING,OR-SCC-01,,,,,,,false,5,genie/puppy/invoices.csv,buyer_organization_record_id,2026.07.19.2
CEO_BARKED_TWICE,PUPPY,INV-0041,issued_at,DATE,,,,,2025-11-12,,,false,6,genie/puppy/invoices.csv,issued_at,2026.07.19.2
CEO_BARKED_TWICE,PUPPY,INV-0041,due_at,DATE,,,,,2025-12-12,,,false,7,genie/puppy/invoices.csv,due_at,2026.07.19.2
CEO_BARKED_TWICE,PUPPY,INV-0041,total_amount,DECIMAL,,,154980.00,,,,,false,8,genie/puppy/invoices.csv,total_amount,2026.07.19.2
CEO_BARKED_TWICE,PUPPY,INV-0041,currency,STRING,BSC,,,,,,,false,9,genie/puppy/invoices.csv,currency,2026.07.19.2
CEO_BARKED_TWICE,PUPPY,INV-0041,beneficiary_account_id,STRING,A-HOUNDOFF-3205,,,,,,,false,10,genie/puppy/invoices.csv,beneficiary_account_id,2026.07.19.2
CEO_BARKED_TWICE,PUPPY,INV-0041,sender_domain,STRING,hound.office.solutions.example,,,,,,,false,11,genie/puppy/invoices.csv,sender_domain,2026.07.19.2
CEO_BARKED_TWICE,PUPPY,INV-0041,attachment_hash,STRING,6c56e9bc843eb829f2ae71f6aa386be37ca83599718ee7463965c6a6950b91c4,,,,,,,false,12,genie/puppy/invoices.csv,attachment_hash,2026.07.19.2
CEO_BARKED_TWICE,PUPPY,INV-0041,approval_status,STRING,PAID,,,,,,,false,13,genie/puppy/invoices.csv,approval_status,2026.07.19.2
CEO_BARKED_TWICE,PUPPY,INV-0042,invoice_id,STRING,INV-0042,,,,,,,false,1,genie/puppy/invoices.csv,invoice_id,2026.07.19.2
CEO_BARKED_TWICE,PUPPY,INV-0042,invoice_number,STRING,RETRIEVER-2025-1041,,,,,,,false,2,genie/puppy/invoices.csv,invoice_number,2026.07.19.2
CEO_BARKED_TWICE,PUPPY,INV-0042,purchase_order_id,STRING,PO-26042,,,,,,,false,3,genie/puppy/invoices.csv,purchase_order_id,2026.07.19.2
CEO_BARKED_TWICE,PUPPY,INV-0042,vendor_organization_record_id,STRING,OR-RETRIEVER-01,,,,,,,false,4,genie/puppy/invoices.csv,vendor_organization_record_id,2026.07.19.2
CEO_BARKED_TWICE,PUPPY,INV-0042,buyer_organization_record_id,STRING,OR-SCC-01,,,,,,,false,5,genie/puppy/invoices.csv,buyer_organization_record_id,2026.07.19.2
CEO_BARKED_TWICE,PUPPY,INV-0042,issued_at,DATE,,,,,2025-11-15,,,false,6,genie/puppy/invoices.csv,issued_at,2026.07.19.2
CEO_BARKED_TWICE,PUPPY,INV-0042,due_at,DATE,,,,,2025-12-15,,,false,7,genie/puppy/invoices.csv,due_at,2026.07.19.2
CEO_BARKED_TWICE,PUPPY,INV-0042,total_amount,DECIMAL,,,177160.00,,,,,false,8,genie/puppy/invoices.csv,total_amount,2026.07.19.2
CEO_BARKED_TWICE,PUPPY,INV-0042,currency,STRING,BSC,,,,,,,false,9,genie/puppy/invoices.csv,currency,2026.07.19.2
CEO_BARKED_TWICE,PUPPY,INV-0042,beneficiary_account_id,STRING,A-RETRIEVER-3246,,,,,,,false,10,genie/puppy/invoices.csv,beneficiary_account_id,2026.07.19.2
CEO_BARKED_TWICE,PUPPY,INV-0042,sender_domain,STRING,retriever.robotics.example,,,,,,,false,11,genie/puppy/invoices.csv,sender_domain,2026.07.19.2
CEO_BARKED_TWICE,PUPPY,INV-0042,attachment_hash,STRING,ad94d2e1d7d8cf15096b01e4193cb62c8c0d90a6c2105c851cee4e31571d36e9,,,,,,,false,12,genie/puppy/invoices.csv,attachment_hash,2026.07.19.2
CEO_BARKED_TWICE,PUPPY,INV-0042,approval_status,STRING,PAID,,,,,,,false,13,genie/puppy/invoices.csv,approval_status,2026.07.19.2
CEO_BARKED_TWICE,PUPPY,LOGIN-0001,login_event_id,STRING,LOGIN-0001,,,,,,,false,1,genie/puppy/login_events.csv,login_event_id,2026.07.19.2
CEO_BARKED_TWICE,PUPPY,LOGIN-0001,person_record_id,STRING,PR-PENNY-03,,,,,,,false,2,genie/puppy/login_events.csv,person_record_id,2026.07.19.2
CEO_BARKED_TWICE,PUPPY,LOGIN-0001,device_id,STRING,DEV-PENNY-AP,,,,,,,false,3,genie/puppy/login_events.csv,device_id,2026.07.19.2
CEO_BARKED_TWICE,PUPPY,LOGIN-0001,login_at,TIMESTAMP,,,,,,2026-02-02T08:00:00Z,,false,4,genie/puppy/login_events.csv,login_at,2026.07.19.2
CEO_BARKED_TWICE,PUPPY,LOGIN-0001,ip_address,STRING,198.51.100.88,,,,,,,false,5,genie/puppy/login_events.csv,ip_address,2026.07.19.2
CEO_BARKED_TWICE,PUPPY,LOGIN-0001,geolocation_hint,STRING,Noir City office,,,,,,,false,6,genie/puppy/login_events.csv,geolocation_hint,2026.07.19.2
CEO_BARKED_TWICE,PUPPY,LOGIN-0001,authentication_result,STRING,SUCCESS,,,,,,,false,7,genie/puppy/login_events.csv,authentication_result,2026.07.19.2
CEO_BARKED_TWICE,PUPPY,LOGIN-0002,login_event_id,STRING,LOGIN-0002,,,,,,,false,1,genie/puppy/login_events.csv,login_event_id,2026.07.19.2
CEO_BARKED_TWICE,PUPPY,LOGIN-0002,person_record_id,STRING,PR-BEA-01,,,,,,,false,2,genie/puppy/login_events.csv,person_record_id,2026.07.19.2
CEO_BARKED_TWICE,PUPPY,LOGIN-0002,device_id,STRING,DEV-BEA-PHONE,,,,,,,false,3,genie/puppy/login_events.csv,device_id,2026.07.19.2
CEO_BARKED_TWICE,PUPPY,LOGIN-0002,login_at,TIMESTAMP,,,,,,2026-02-02T21:00:00Z,,false,4,genie/puppy/login_events.csv,login_at,2026.07.19.2
CEO_BARKED_TWICE,PUPPY,LOGIN-0002,ip_address,STRING,198.51.100.88,,,,,,,false,5,genie/puppy/login_events.csv,ip_address,2026.07.19.2
CEO_BARKED_TWICE,PUPPY,LOGIN-0002,geolocation_hint,STRING,Noir City office,,,,,,,false,6,genie/puppy/login_events.csv,geolocation_hint,2026.07.19.2
CEO_BARKED_TWICE,PUPPY,LOGIN-0002,authentication_result,STRING,SUCCESS,,,,,,,false,7,genie/puppy/login_events.csv,authentication_result,2026.07.19.2
CEO_BARKED_TWICE,PUPPY,LOGIN-0003,login_event_id,STRING,LOGIN-0003,,,,,,,false,1,genie/puppy/login_events.csv,login_event_id,2026.07.19.2
CEO_BARKED_TWICE,PUPPY,LOGIN-0003,person_record_id,STRING,PR-CONRAD-01,,,,,,,false,2,genie/puppy/login_events.csv,person_record_id,2026.07.19.2
CEO_BARKED_TWICE,PUPPY,LOGIN-0003,device_id,STRING,DEV-CONRAD-LAP,,,,,,,false,3,genie/puppy/login_events.csv,device_id,2026.07.19.2
CEO_BARKED_TWICE,PUPPY,LOGIN-0003,login_at,TIMESTAMP,,,,,,2026-02-03T10:00:00Z,,false,4,genie/puppy/login_events.csv,login_at,2026.07.19.2
CEO_BARKED_TWICE,PUPPY,LOGIN-0003,ip_address,STRING,198.51.100.88,,,,,,,false,5,genie/puppy/login_events.csv,ip_address,2026.07.19.2
CEO_BARKED_TWICE,PUPPY,LOGIN-0003,geolocation_hint,STRING,Noir City office,,,,,,,false,6,genie/puppy/login_events.csv,geolocation_hint,2026.07.19.2
CEO_BARKED_TWICE,PUPPY,LOGIN-0003,authentication_result,STRING,SUCCESS,,,,,,,false,7,genie/puppy/login_events.csv,authentication_result,2026.07.19.2
CEO_BARKED_TWICE,PUPPY,LOGIN-0004,login_event_id,STRING,LOGIN-0004,,,,,,,false,1,genie/puppy/login_events.csv,login_event_id,2026.07.19.2
CEO_BARKED_TWICE,PUPPY,LOGIN-0004,person_record_id,STRING,PR-THEO-01,,,,,,,false,2,genie/puppy/login_events.csv,person_record_id,2026.07.19.2
CEO_BARKED_TWICE,PUPPY,LOGIN-0004,device_id,STRING,DEV-THEO-SEC,,,,,,,false,3,genie/puppy/login_events.csv,device_id,2026.07.19.2
CEO_BARKED_TWICE,PUPPY,LOGIN-0004,login_at,TIMESTAMP,,,,,,2026-02-03T18:00:00Z,,false,4,genie/puppy/login_events.csv,login_at,2026.07.19.2
CEO_BARKED_TWICE,PUPPY,LOGIN-0004,ip_address,STRING,198.51.100.88,,,,,,,false,5,genie/puppy/login_events.csv,ip_address,2026.07.19.2
CEO_BARKED_TWICE,PUPPY,LOGIN-0004,geolocation_hint,STRING,Noir City office,,,,,,,false,6,genie/puppy/login_events.csv,geolocation_hint,2026.07.19.2
CEO_BARKED_TWICE,PUPPY,LOGIN-0004,authentication_result,STRING,SUCCESS,,,,,,,false,7,genie/puppy/login_events.csv,authentication_result,2026.07.19.2
CEO_BARKED_TWICE,PUPPY,LOGIN-0005,login_event_id,STRING,LOGIN-0005,,,,,,,false,1,genie/puppy/login_events.csv,login_event_id,2026.07.19.2
CEO_BARKED_TWICE,PUPPY,LOGIN-0005,person_record_id,STRING,PR-VICTOR-01,,,,,,,false,2,genie/puppy/login_events.csv,person_record_id,2026.07.19.2
CEO_BARKED_TWICE,PUPPY,LOGIN-0005,device_id,STRING,DEV-VICTOR-LAP,,,,,,,false,3,genie/puppy/login_events.csv,device_id,2026.07.19.2
CEO_BARKED_TWICE,PUPPY,LOGIN-0005,login_at,TIMESTAMP,,,,,,2026-02-04T07:00:00Z,,false,4,genie/puppy/login_events.csv,login_at,2026.07.19.2
CEO_BARKED_TWICE,PUPPY,LOGIN-0005,ip_address,STRING,198.51.100.121,,,,,,,false,5,genie/puppy/login_events.csv,ip_address,2026.07.19.2
CEO_BARKED_TWICE,PUPPY,LOGIN-0005,geolocation_hint,STRING,Vendor office,,,,,,,false,6,genie/puppy/login_events.csv,geolocation_hint,2026.07.19.2
CEO_BARKED_TWICE,PUPPY,LOGIN-0005,authentication_result,STRING,SUCCESS,,,,,,,false,7,genie/puppy/login_events.csv,authentication_result,2026.07.19.2
CEO_BARKED_TWICE,PUPPY,LOGIN-0006,login_event_id,STRING,LOGIN-0006,,,,,,,false,1,genie/puppy/login_events.csv,login_event_id,2026.07.19.2
CEO_BARKED_TWICE,PUPPY,LOGIN-0006,person_record_id,STRING,PR-ROWAN-01,,,,,,,false,2,genie/puppy/login_events.csv,person_record_id,2026.07.19.2
CEO_BARKED_TWICE,PUPPY,LOGIN-0006,device_id,STRING,DEV-ATTACK-9F2A,,,,,,,false,3,genie/puppy/login_events.csv,device_id,2026.07.19.2
CEO_BARKED_TWICE,PUPPY,LOGIN-0006,login_at,TIMESTAMP,,,,,,2026-02-04T15:00:00Z,,false,4,genie/puppy/login_events.csv,login_at,2026.07.19.2
CEO_BARKED_TWICE,PUPPY,LOGIN-0006,ip_address,STRING,203.0.113.77,,,,,,,false,5,genie/puppy/login_events.csv,ip_address,2026.07.19.2
CEO_BARKED_TWICE,PUPPY,LOGIN-0006,geolocation_hint,STRING,External anonymized host,,,,,,,false,6,genie/puppy/login_events.csv,geolocation_hint,2026.07.19.2
CEO_BARKED_TWICE,PUPPY,LOGIN-0006,authentication_result,STRING,SUCCESS,,,,,,,false,7,genie/puppy/login_events.csv,authentication_result,2026.07.19.2
CEO_BARKED_TWICE,PUPPY,LOGIN-0007,login_event_id,STRING,LOGIN-0007,,,,,,,false,1,genie/puppy/login_events.csv,login_event_id,2026.07.19.2
CEO_BARKED_TWICE,PUPPY,LOGIN-0007,person_record_id,STRING,PR-IVY-01,,,,,,,false,2,genie/puppy/login_events.csv,person_record_id,2026.07.19.2
CEO_BARKED_TWICE,PUPPY,LOGIN-0007,device_id,STRING,DEV-ATTACK-9F2A,,,,,,,false,3,genie/puppy/login_events.csv,device_id,2026.07.19.2
CEO_BARKED_TWICE,PUPPY,LOGIN-0007,login_at,TIMESTAMP,,,,,,2026-02-05T04:00:00Z,,false,4,genie/puppy/login_events.csv,login_at,2026.07.19.2
CEO_BARKED_TWICE,PUPPY,LOGIN-0007,ip_address,STRING,203.0.113.77,,,,,,,false,5,genie/puppy/login_events.csv,ip_address,2026.07.19.2
CEO_BARKED_TWICE,PUPPY,LOGIN-0007,geolocation_hint,STRING,External anonymized host,,,,,,,false,6,genie/puppy/login_events.csv,geolocation_hint,2026.07.19.2
CEO_BARKED_TWICE,PUPPY,LOGIN-0007,authentication_result,STRING,SUCCESS,,,,,,,false,7,genie/puppy/login_events.csv,authentication_result,2026.07.19.2
CEO_BARKED_TWICE,PUPPY,LOGIN-0008,login_event_id,STRING,LOGIN-0008,,,,,,,false,1,genie/puppy/login_events.csv,login_event_id,2026.07.19.2
CEO_BARKED_TWICE,PUPPY,LOGIN-0008,person_record_id,STRING,PR-GRANT-01,,,,,,,false,2,genie/puppy/login_events.csv,person_record_id,2026.07.19.2
CEO_BARKED_TWICE,PUPPY,LOGIN-0008,device_id,STRING,DEV-GRANT-P1,,,,,,,false,3,genie/puppy/login_events.csv,device_id,2026.07.19.2
CEO_BARKED_TWICE,PUPPY,LOGIN-0008,login_at,TIMESTAMP,,,,,,2026-02-05T17:00:00Z,,false,4,genie/puppy/login_events.csv,login_at,2026.07.19.2
CEO_BARKED_TWICE,PUPPY,LOGIN-0008,ip_address,STRING,203.0.113.83,,,,,,,false,5,genie/puppy/login_events.csv,ip_address,2026.07.19.2
CEO_BARKED_TWICE,PUPPY,LOGIN-0008,geolocation_hint,STRING,External anonymized host,,,,,,,false,6,genie/puppy/login_events.csv,geolocation_hint,2026.07.19.2
CEO_BARKED_TWICE,PUPPY,LOGIN-0008,authentication_result,STRING,SUCCESS,,,,,,,false,7,genie/puppy/login_events.csv,authentication_result,2026.07.19.2
CEO_BARKED_TWICE,PUPPY,LOGIN-0009,login_event_id,STRING,LOGIN-0009,,,,,,,false,1,genie/puppy/login_events.csv,login_event_id,2026.07.19.2
CEO_BARKED_TWICE,PUPPY,LOGIN-0009,person_record_id,STRING,PR-PENNY-03,,,,,,,false,2,genie/puppy/login_events.csv,person_record_id,2026.07.19.2
CEO_BARKED_TWICE,PUPPY,LOGIN-0009,device_id,STRING,DEV-PENNY-AP,,,,,,,false,3,genie/puppy/login_events.csv,device_id,2026.07.19.2
CEO_BARKED_TWICE,PUPPY,LOGIN-0009,login_at,TIMESTAMP,,,,,,2026-02-06T01:00:00Z,,false,4,genie/puppy/login_events.csv,login_at,2026.07.19.2
CEO_BARKED_TWICE,PUPPY,LOGIN-0009,ip_address,STRING,198.51.100.88,,,,,,,false,5,genie/puppy/login_events.csv,ip_address,2026.07.19.2
CEO_BARKED_TWICE,PUPPY,LOGIN-0009,geolocation_hint,STRING,Noir City office,,,,,,,false,6,genie/puppy/login_events.csv,geolocation_hint,2026.07.19.2
CEO_BARKED_TWICE,PUPPY,LOGIN-0009,authentication_result,STRING,SUCCESS,,,,,,,false,7,genie/puppy/login_events.csv,authentication_result,2026.07.19.2
CEO_BARKED_TWICE,PUPPY,LOGIN-0010,login_event_id,STRING,LOGIN-0010,,,,,,,false,1,genie/puppy/login_events.csv,login_event_id,2026.07.19.2
CEO_BARKED_TWICE,PUPPY,LOGIN-0010,person_record_id,STRING,PR-PENNY-03,,,,,,,false,2,genie/puppy/login_events.csv,person_record_id,2026.07.19.2
CEO_BARKED_TWICE,PUPPY,LOGIN-0010,device_id,STRING,DEV-ATTACK-9F2A,,,,,,,false,3,genie/puppy/login_events.csv,device_id,2026.07.19.2
CEO_BARKED_TWICE,PUPPY,LOGIN-0010,login_at,TIMESTAMP,,,,,,2026-02-06T14:00:00Z,,false,4,genie/puppy/login_events.csv,login_at,2026.07.19.2
CEO_BARKED_TWICE,PUPPY,LOGIN-0010,ip_address,STRING,203.0.113.77,,,,,,,false,5,genie/puppy/login_events.csv,ip_address,2026.07.19.2
CEO_BARKED_TWICE,PUPPY,LOGIN-0010,geolocation_hint,STRING,External anonymized host,,,,,,,false,6,genie/puppy/login_events.csv,geolocation_hint,2026.07.19.2
CEO_BARKED_TWICE,PUPPY,LOGIN-0010,authentication_result,STRING,SUCCESS_WITH_NEW_MFA,,,,,,,false,7,genie/puppy/login_events.csv,authentication_result,2026.07.19.2
CEO_BARKED_TWICE,PUPPY,LOGIN-0011,login_event_id,STRING,LOGIN-0011,,,,,,,false,1,genie/puppy/login_events.csv,login_event_id,2026.07.19.2
CEO_BARKED_TWICE,PUPPY,LOGIN-0011,person_record_id,STRING,PR-CONRAD-01,,,,,,,false,2,genie/puppy/login_events.csv,person_record_id,2026.07.19.2
CEO_BARKED_TWICE,PUPPY,LOGIN-0011,device_id,STRING,DEV-CONRAD-LAP,,,,,,,false,3,genie/puppy/login_events.csv,device_id,2026.07.19.2
CEO_BARKED_TWICE,PUPPY,LOGIN-0011,login_at,TIMESTAMP,,,,,,2026-02-06T22:00:00Z,,false,4,genie/puppy/login_events.csv,login_at,2026.07.19.2
CEO_BARKED_TWICE,PUPPY,LOGIN-0011,ip_address,STRING,198.51.100.88,,,,,,,false,5,genie/puppy/login_events.csv,ip_address,2026.07.19.2
CEO_BARKED_TWICE,PUPPY,LOGIN-0011,geolocation_hint,STRING,Noir City office,,,,,,,false,6,genie/puppy/login_events.csv,geolocation_hint,2026.07.19.2
CEO_BARKED_TWICE,PUPPY,LOGIN-0011,authentication_result,STRING,SUCCESS,,,,,,,false,7,genie/puppy/login_events.csv,authentication_result,2026.07.19.2
CEO_BARKED_TWICE,PUPPY,LOGIN-0012,login_event_id,STRING,LOGIN-0012,,,,,,,false,1,genie/puppy/login_events.csv,login_event_id,2026.07.19.2
CEO_BARKED_TWICE,PUPPY,LOGIN-0012,person_record_id,STRING,PR-THEO-01,,,,,,,false,2,genie/puppy/login_events.csv,person_record_id,2026.07.19.2
CEO_BARKED_TWICE,PUPPY,LOGIN-0012,device_id,STRING,DEV-THEO-SEC,,,,,,,false,3,genie/puppy/login_events.csv,device_id,2026.07.19.2
CEO_BARKED_TWICE,PUPPY,LOGIN-0012,login_at,TIMESTAMP,,,,,,2026-02-07T11:00:00Z,,false,4,genie/puppy/login_events.csv,login_at,2026.07.19.2
CEO_BARKED_TWICE,PUPPY,LOGIN-0012,ip_address,STRING,198.51.100.88,,,,,,,false,5,genie/puppy/login_events.csv,ip_address,2026.07.19.2
CEO_BARKED_TWICE,PUPPY,LOGIN-0012,geolocation_hint,STRING,Noir City office,,,,,,,false,6,genie/puppy/login_events.csv,geolocation_hint,2026.07.19.2
CEO_BARKED_TWICE,PUPPY,LOGIN-0012,authentication_result,STRING,SUCCESS,,,,,,,false,7,genie/puppy/login_events.csv,authentication_result,2026.07.19.2
CEO_BARKED_TWICE,PUPPY,LOGIN-0013,login_event_id,STRING,LOGIN-0013,,,,,,,false,1,genie/puppy/login_events.csv,login_event_id,2026.07.19.2
CEO_BARKED_TWICE,PUPPY,LOGIN-0013,person_record_id,STRING,PR-VICTOR-01,,,,,,,false,2,genie/puppy/login_events.csv,person_record_id,2026.07.19.2
CEO_BARKED_TWICE,PUPPY,LOGIN-0013,device_id,STRING,DEV-VICTOR-LAP,,,,,,,false,3,genie/puppy/login_events.csv,device_id,2026.07.19.2
CEO_BARKED_TWICE,PUPPY,LOGIN-0013,login_at,TIMESTAMP,,,,,,2026-02-08T00:00:00Z,,false,4,genie/puppy/login_events.csv,login_at,2026.07.19.2
CEO_BARKED_TWICE,PUPPY,LOGIN-0013,ip_address,STRING,198.51.100.121,,,,,,,false,5,genie/puppy/login_events.csv,ip_address,2026.07.19.2
CEO_BARKED_TWICE,PUPPY,LOGIN-0013,geolocation_hint,STRING,Vendor office,,,,,,,false,6,genie/puppy/login_events.csv,geolocation_hint,2026.07.19.2
CEO_BARKED_TWICE,PUPPY,LOGIN-0013,authentication_result,STRING,SUCCESS,,,,,,,false,7,genie/puppy/login_events.csv,authentication_result,2026.07.19.2
CEO_BARKED_TWICE,PUPPY,LOGIN-0014,login_event_id,STRING,LOGIN-0014,,,,,,,false,1,genie/puppy/login_events.csv,login_event_id,2026.07.19.2
CEO_BARKED_TWICE,PUPPY,LOGIN-0014,person_record_id,STRING,PR-PENNY-03,,,,,,,false,2,genie/puppy/login_events.csv,person_record_id,2026.07.19.2
CEO_BARKED_TWICE,PUPPY,LOGIN-0014,device_id,STRING,DEV-ATTACK-9F2A,,,,,,,false,3,genie/puppy/login_events.csv,device_id,2026.07.19.2
CEO_BARKED_TWICE,PUPPY,LOGIN-0014,login_at,TIMESTAMP,,,,,,2026-02-08T08:00:00Z,,false,4,genie/puppy/login_events.csv,login_at,2026.07.19.2
CEO_BARKED_TWICE,PUPPY,LOGIN-0014,ip_address,STRING,203.0.113.77,,,,,,,false,5,genie/puppy/login_events.csv,ip_address,2026.07.19.2
CEO_BARKED_TWICE,PUPPY,LOGIN-0014,geolocation_hint,STRING,External anonymized host,,,,,,,false,6,genie/puppy/login_events.csv,geolocation_hint,2026.07.19.2
CEO_BARKED_TWICE,PUPPY,LOGIN-0014,authentication_result,STRING,SUCCESS_WITH_NEW_MFA,,,,,,,false,7,genie/puppy/login_events.csv,authentication_result,2026.07.19.2
CEO_BARKED_TWICE,PUPPY,LOGIN-0015,login_event_id,STRING,LOGIN-0015,,,,,,,false,1,genie/puppy/login_events.csv,login_event_id,2026.07.19.2
CEO_BARKED_TWICE,PUPPY,LOGIN-0015,person_record_id,STRING,PR-IVY-01,,,,,,,false,2,genie/puppy/login_events.csv,person_record_id,2026.07.19.2
CEO_BARKED_TWICE,PUPPY,LOGIN-0015,device_id,STRING,DEV-ATTACK-9F2A,,,,,,,false,3,genie/puppy/login_events.csv,device_id,2026.07.19.2
CEO_BARKED_TWICE,PUPPY,LOGIN-0015,login_at,TIMESTAMP,,,,,,2026-02-08T21:00:00Z,,false,4,genie/puppy/login_events.csv,login_at,2026.07.19.2
CEO_BARKED_TWICE,PUPPY,LOGIN-0015,ip_address,STRING,203.0.113.77,,,,,,,false,5,genie/puppy/login_events.csv,ip_address,2026.07.19.2
CEO_BARKED_TWICE,PUPPY,LOGIN-0015,geolocation_hint,STRING,External anonymized host,,,,,,,false,6,genie/puppy/login_events.csv,geolocation_hint,2026.07.19.2
CEO_BARKED_TWICE,PUPPY,LOGIN-0015,authentication_result,STRING,SUCCESS,,,,,,,false,7,genie/puppy/login_events.csv,authentication_result,2026.07.19.2
CEO_BARKED_TWICE,PUPPY,LOGIN-0016,login_event_id,STRING,LOGIN-0016,,,,,,,false,1,genie/puppy/login_events.csv,login_event_id,2026.07.19.2
CEO_BARKED_TWICE,PUPPY,LOGIN-0016,person_record_id,STRING,PR-GRANT-01,,,,,,,false,2,genie/puppy/login_events.csv,person_record_id,2026.07.19.2
CEO_BARKED_TWICE,PUPPY,LOGIN-0016,device_id,STRING,DEV-GRANT-P1,,,,,,,false,3,genie/puppy/login_events.csv,device_id,2026.07.19.2
CEO_BARKED_TWICE,PUPPY,LOGIN-0016,login_at,TIMESTAMP,,,,,,2026-02-09T05:00:00Z,,false,4,genie/puppy/login_events.csv,login_at,2026.07.19.2
CEO_BARKED_TWICE,PUPPY,LOGIN-0016,ip_address,STRING,203.0.113.83,,,,,,,false,5,genie/puppy/login_events.csv,ip_address,2026.07.19.2
CEO_BARKED_TWICE,PUPPY,LOGIN-0016,geolocation_hint,STRING,External anonymized host,,,,,,,false,6,genie/puppy/login_events.csv,geolocation_hint,2026.07.19.2
CEO_BARKED_TWICE,PUPPY,LOGIN-0016,authentication_result,STRING,SUCCESS,,,,,,,false,7,genie/puppy/login_events.csv,authentication_result,2026.07.19.2
CEO_BARKED_TWICE,PUPPY,LOGIN-0017,login_event_id,STRING,LOGIN-0017,,,,,,,false,1,genie/puppy/login_events.csv,login_event_id,2026.07.19.2
CEO_BARKED_TWICE,PUPPY,LOGIN-0017,person_record_id,STRING,PR-PENNY-03,,,,,,,false,2,genie/puppy/login_events.csv,person_record_id,2026.07.19.2
CEO_BARKED_TWICE,PUPPY,LOGIN-0017,device_id,STRING,DEV-PENNY-AP,,,,,,,false,3,genie/puppy/login_events.csv,device_id,2026.07.19.2
CEO_BARKED_TWICE,PUPPY,LOGIN-0017,login_at,TIMESTAMP,,,,,,2026-02-09T18:00:00Z,,false,4,genie/puppy/login_events.csv,login_at,2026.07.19.2
CEO_BARKED_TWICE,PUPPY,LOGIN-0017,ip_address,STRING,198.51.100.88,,,,,,,false,5,genie/puppy/login_events.csv,ip_address,2026.07.19.2
CEO_BARKED_TWICE,PUPPY,LOGIN-0017,geolocation_hint,STRING,Noir City office,,,,,,,false,6,genie/puppy/login_events.csv,geolocation_hint,2026.07.19.2
CEO_BARKED_TWICE,PUPPY,LOGIN-0017,authentication_result,STRING,SUCCESS,,,,,,,false,7,genie/puppy/login_events.csv,authentication_result,2026.07.19.2
CEO_BARKED_TWICE,PUPPY,LOGIN-0018,login_event_id,STRING,LOGIN-0018,,,,,,,false,1,genie/puppy/login_events.csv,login_event_id,2026.07.19.2
CEO_BARKED_TWICE,PUPPY,LOGIN-0018,person_record_id,STRING,PR-PENNY-03,,,,,,,false,2,genie/puppy/login_events.csv,person_record_id,2026.07.19.2
CEO_BARKED_TWICE,PUPPY,LOGIN-0018,device_id,STRING,DEV-ATTACK-9F2A,,,,,,,false,3,genie/puppy/login_events.csv,device_id,2026.07.19.2
CEO_BARKED_TWICE,PUPPY,LOGIN-0018,login_at,TIMESTAMP,,,,,,2026-02-10T07:00:00Z,,false,4,genie/puppy/login_events.csv,login_at,2026.07.19.2
CEO_BARKED_TWICE,PUPPY,LOGIN-0018,ip_address,STRING,203.0.113.77,,,,,,,false,5,genie/puppy/login_events.csv,ip_address,2026.07.19.2
CEO_BARKED_TWICE,PUPPY,LOGIN-0018,geolocation_hint,STRING,External anonymized host,,,,,,,false,6,genie/puppy/login_events.csv,geolocation_hint,2026.07.19.2
CEO_BARKED_TWICE,PUPPY,LOGIN-0018,authentication_result,STRING,SUCCESS_WITH_NEW_MFA,,,,,,,false,7,genie/puppy/login_events.csv,authentication_result,2026.07.19.2
CEO_BARKED_TWICE,PUPPY,LOGIN-0019,login_event_id,STRING,LOGIN-0019,,,,,,,false,1,genie/puppy/login_events.csv,login_event_id,2026.07.19.2
CEO_BARKED_TWICE,PUPPY,LOGIN-0019,person_record_id,STRING,PR-CONRAD-01,,,,,,,false,2,genie/puppy/login_events.csv,person_record_id,2026.07.19.2
CEO_BARKED_TWICE,PUPPY,LOGIN-0019,device_id,STRING,DEV-CONRAD-LAP,,,,,,,false,3,genie/puppy/login_events.csv,device_id,2026.07.19.2
CEO_BARKED_TWICE,PUPPY,LOGIN-0019,login_at,TIMESTAMP,,,,,,2026-02-10T15:00:00Z,,false,4,genie/puppy/login_events.csv,login_at,2026.07.19.2
CEO_BARKED_TWICE,PUPPY,LOGIN-0019,ip_address,STRING,198.51.100.88,,,,,,,false,5,genie/puppy/login_events.csv,ip_address,2026.07.19.2
CEO_BARKED_TWICE,PUPPY,LOGIN-0019,geolocation_hint,STRING,Noir City office,,,,,,,false,6,genie/puppy/login_events.csv,geolocation_hint,2026.07.19.2
CEO_BARKED_TWICE,PUPPY,LOGIN-0019,authentication_result,STRING,SUCCESS,,,,,,,false,7,genie/puppy/login_events.csv,authentication_result,2026.07.19.2
CEO_BARKED_TWICE,PUPPY,LOGIN-0020,login_event_id,STRING,LOGIN-0020,,,,,,,false,1,genie/puppy/login_events.csv,login_event_id,2026.07.19.2
CEO_BARKED_TWICE,PUPPY,LOGIN-0020,person_record_id,STRING,PR-THEO-01,,,,,,,false,2,genie/puppy/login_events.csv,person_record_id,2026.07.19.2
CEO_BARKED_TWICE,PUPPY,LOGIN-0020,device_id,STRING,DEV-THEO-SEC,,,,,,,false,3,genie/puppy/login_events.csv,device_id,2026.07.19.2
CEO_BARKED_TWICE,PUPPY,LOGIN-0020,login_at,TIMESTAMP,,,,,,2026-02-11T04:00:00Z,,false,4,genie/puppy/login_events.csv,login_at,2026.07.19.2
CEO_BARKED_TWICE,PUPPY,LOGIN-0020,ip_address,STRING,198.51.100.88,,,,,,,false,5,genie/puppy/login_events.csv,ip_address,2026.07.19.2
CEO_BARKED_TWICE,PUPPY,LOGIN-0020,geolocation_hint,STRING,Noir City office,,,,,,,false,6,genie/puppy/login_events.csv,geolocation_hint,2026.07.19.2
CEO_BARKED_TWICE,PUPPY,LOGIN-0020,authentication_result,STRING,SUCCESS,,,,,,,false,7,genie/puppy/login_events.csv,authentication_result,2026.07.19.2
CEO_BARKED_TWICE,PUPPY,LOGIN-0021,login_event_id,STRING,LOGIN-0021,,,,,,,false,1,genie/puppy/login_events.csv,login_event_id,2026.07.19.2
CEO_BARKED_TWICE,PUPPY,LOGIN-0021,person_record_id,STRING,PR-VICTOR-01,,,,,,,false,2,genie/puppy/login_events.csv,person_record_id,2026.07.19.2
CEO_BARKED_TWICE,PUPPY,LOGIN-0021,device_id,STRING,DEV-VICTOR-LAP,,,,,,,false,3,genie/puppy/login_events.csv,device_id,2026.07.19.2
CEO_BARKED_TWICE,PUPPY,LOGIN-0021,login_at,TIMESTAMP,,,,,,2026-02-11T12:00:00Z,,false,4,genie/puppy/login_events.csv,login_at,2026.07.19.2
CEO_BARKED_TWICE,PUPPY,LOGIN-0021,ip_address,STRING,198.51.100.121,,,,,,,false,5,genie/puppy/login_events.csv,ip_address,2026.07.19.2
CEO_BARKED_TWICE,PUPPY,LOGIN-0021,geolocation_hint,STRING,Vendor office,,,,,,,false,6,genie/puppy/login_events.csv,geolocation_hint,2026.07.19.2
CEO_BARKED_TWICE,PUPPY,LOGIN-0021,authentication_result,STRING,SUCCESS,,,,,,,false,7,genie/puppy/login_events.csv,authentication_result,2026.07.19.2
CEO_BARKED_TWICE,PUPPY,LOGIN-0022,login_event_id,STRING,LOGIN-0022,,,,,,,false,1,genie/puppy/login_events.csv,login_event_id,2026.07.19.2
CEO_BARKED_TWICE,PUPPY,LOGIN-0022,person_record_id,STRING,PR-PENNY-03,,,,,,,false,2,genie/puppy/login_events.csv,person_record_id,2026.07.19.2
CEO_BARKED_TWICE,PUPPY,LOGIN-0022,device_id,STRING,DEV-ATTACK-9F2A,,,,,,,false,3,genie/puppy/login_events.csv,device_id,2026.07.19.2
CEO_BARKED_TWICE,PUPPY,LOGIN-0022,login_at,TIMESTAMP,,,,,,2026-02-12T01:00:00Z,,false,4,genie/puppy/login_events.csv,login_at,2026.07.19.2
CEO_BARKED_TWICE,PUPPY,LOGIN-0022,ip_address,STRING,203.0.113.77,,,,,,,false,5,genie/puppy/login_events.csv,ip_address,2026.07.19.2
CEO_BARKED_TWICE,PUPPY,LOGIN-0022,geolocation_hint,STRING,External anonymized host,,,,,,,false,6,genie/puppy/login_events.csv,geolocation_hint,2026.07.19.2
CEO_BARKED_TWICE,PUPPY,LOGIN-0022,authentication_result,STRING,SUCCESS_WITH_NEW_MFA,,,,,,,false,7,genie/puppy/login_events.csv,authentication_result,2026.07.19.2
CEO_BARKED_TWICE,PUPPY,LOGIN-0023,login_event_id,STRING,LOGIN-0023,,,,,,,false,1,genie/puppy/login_events.csv,login_event_id,2026.07.19.2
CEO_BARKED_TWICE,PUPPY,LOGIN-0023,person_record_id,STRING,PR-IVY-01,,,,,,,false,2,genie/puppy/login_events.csv,person_record_id,2026.07.19.2
CEO_BARKED_TWICE,PUPPY,LOGIN-0023,device_id,STRING,DEV-ATTACK-9F2A,,,,,,,false,3,genie/puppy/login_events.csv,device_id,2026.07.19.2
CEO_BARKED_TWICE,PUPPY,LOGIN-0023,login_at,TIMESTAMP,,,,,,2026-02-12T14:00:00Z,,false,4,genie/puppy/login_events.csv,login_at,2026.07.19.2
CEO_BARKED_TWICE,PUPPY,LOGIN-0023,ip_address,STRING,203.0.113.77,,,,,,,false,5,genie/puppy/login_events.csv,ip_address,2026.07.19.2
CEO_BARKED_TWICE,PUPPY,LOGIN-0023,geolocation_hint,STRING,External anonymized host,,,,,,,false,6,genie/puppy/login_events.csv,geolocation_hint,2026.07.19.2
CEO_BARKED_TWICE,PUPPY,LOGIN-0023,authentication_result,STRING,SUCCESS,,,,,,,false,7,genie/puppy/login_events.csv,authentication_result,2026.07.19.2
CEO_BARKED_TWICE,PUPPY,LOGIN-0024,login_event_id,STRING,LOGIN-0024,,,,,,,false,1,genie/puppy/login_events.csv,login_event_id,2026.07.19.2
CEO_BARKED_TWICE,PUPPY,LOGIN-0024,person_record_id,STRING,PR-GRANT-01,,,,,,,false,2,genie/puppy/login_events.csv,person_record_id,2026.07.19.2
CEO_BARKED_TWICE,PUPPY,LOGIN-0024,device_id,STRING,DEV-GRANT-P1,,,,,,,false,3,genie/puppy/login_events.csv,device_id,2026.07.19.2
CEO_BARKED_TWICE,PUPPY,LOGIN-0024,login_at,TIMESTAMP,,,,,,2026-02-12T22:00:00Z,,false,4,genie/puppy/login_events.csv,login_at,2026.07.19.2
CEO_BARKED_TWICE,PUPPY,LOGIN-0024,ip_address,STRING,203.0.113.83,,,,,,,false,5,genie/puppy/login_events.csv,ip_address,2026.07.19.2
CEO_BARKED_TWICE,PUPPY,LOGIN-0024,geolocation_hint,STRING,External anonymized host,,,,,,,false,6,genie/puppy/login_events.csv,geolocation_hint,2026.07.19.2
CEO_BARKED_TWICE,PUPPY,LOGIN-0024,authentication_result,STRING,SUCCESS,,,,,,,false,7,genie/puppy/login_events.csv,authentication_result,2026.07.19.2
CEO_BARKED_TWICE,PUPPY,LOGIN-0025,login_event_id,STRING,LOGIN-0025,,,,,,,false,1,genie/puppy/login_events.csv,login_event_id,2026.07.19.2
CEO_BARKED_TWICE,PUPPY,LOGIN-0025,person_record_id,STRING,PR-PENNY-03,,,,,,,false,2,genie/puppy/login_events.csv,person_record_id,2026.07.19.2
CEO_BARKED_TWICE,PUPPY,LOGIN-0025,device_id,STRING,DEV-PENNY-AP,,,,,,,false,3,genie/puppy/login_events.csv,device_id,2026.07.19.2
CEO_BARKED_TWICE,PUPPY,LOGIN-0025,login_at,TIMESTAMP,,,,,,2026-02-13T11:00:00Z,,false,4,genie/puppy/login_events.csv,login_at,2026.07.19.2
CEO_BARKED_TWICE,PUPPY,LOGIN-0025,ip_address,STRING,198.51.100.88,,,,,,,false,5,genie/puppy/login_events.csv,ip_address,2026.07.19.2
CEO_BARKED_TWICE,PUPPY,LOGIN-0025,geolocation_hint,STRING,Noir City office,,,,,,,false,6,genie/puppy/login_events.csv,geolocation_hint,2026.07.19.2
CEO_BARKED_TWICE,PUPPY,LOGIN-0025,authentication_result,STRING,SUCCESS,,,,,,,false,7,genie/puppy/login_events.csv,authentication_result,2026.07.19.2
CEO_BARKED_TWICE,PUPPY,LOGIN-0026,login_event_id,STRING,LOGIN-0026,,,,,,,false,1,genie/puppy/login_events.csv,login_event_id,2026.07.19.2
CEO_BARKED_TWICE,PUPPY,LOGIN-0026,person_record_id,STRING,PR-BEA-01,,,,,,,false,2,genie/puppy/login_events.csv,person_record_id,2026.07.19.2
CEO_BARKED_TWICE,PUPPY,LOGIN-0026,device_id,STRING,DEV-BEA-PHONE,,,,,,,false,3,genie/puppy/login_events.csv,device_id,2026.07.19.2
CEO_BARKED_TWICE,PUPPY,LOGIN-0026,login_at,TIMESTAMP,,,,,,2026-02-13T19:00:00Z,,false,4,genie/puppy/login_events.csv,login_at,2026.07.19.2
CEO_BARKED_TWICE,PUPPY,LOGIN-0026,ip_address,STRING,198.51.100.88,,,,,,,false,5,genie/puppy/login_events.csv,ip_address,2026.07.19.2
CEO_BARKED_TWICE,PUPPY,LOGIN-0026,geolocation_hint,STRING,Noir City office,,,,,,,false,6,genie/puppy/login_events.csv,geolocation_hint,2026.07.19.2
CEO_BARKED_TWICE,PUPPY,LOGIN-0026,authentication_result,STRING,SUCCESS,,,,,,,false,7,genie/puppy/login_events.csv,authentication_result,2026.07.19.2
CEO_BARKED_TWICE,PUPPY,LOGIN-0027,login_event_id,STRING,LOGIN-0027,,,,,,,false,1,genie/puppy/login_events.csv,login_event_id,2026.07.19.2
CEO_BARKED_TWICE,PUPPY,LOGIN-0027,person_record_id,STRING,PR-CONRAD-01,,,,,,,false,2,genie/puppy/login_events.csv,person_record_id,2026.07.19.2
CEO_BARKED_TWICE,PUPPY,LOGIN-0027,device_id,STRING,DEV-CONRAD-LAP,,,,,,,false,3,genie/puppy/login_events.csv,device_id,2026.07.19.2
CEO_BARKED_TWICE,PUPPY,LOGIN-0027,login_at,TIMESTAMP,,,,,,2026-02-14T08:00:00Z,,false,4,genie/puppy/login_events.csv,login_at,2026.07.19.2
CEO_BARKED_TWICE,PUPPY,LOGIN-0027,ip_address,STRING,198.51.100.88,,,,,,,false,5,genie/puppy/login_events.csv,ip_address,2026.07.19.2
CEO_BARKED_TWICE,PUPPY,LOGIN-0027,geolocation_hint,STRING,Noir City office,,,,,,,false,6,genie/puppy/login_events.csv,geolocation_hint,2026.07.19.2
CEO_BARKED_TWICE,PUPPY,LOGIN-0027,authentication_result,STRING,SUCCESS,,,,,,,false,7,genie/puppy/login_events.csv,authentication_result,2026.07.19.2
CEO_BARKED_TWICE,PUPPY,LOGIN-0028,login_event_id,STRING,LOGIN-0028,,,,,,,false,1,genie/puppy/login_events.csv,login_event_id,2026.07.19.2
CEO_BARKED_TWICE,PUPPY,LOGIN-0028,person_record_id,STRING,PR-THEO-01,,,,,,,false,2,genie/puppy/login_events.csv,person_record_id,2026.07.19.2
CEO_BARKED_TWICE,PUPPY,LOGIN-0028,device_id,STRING,DEV-THEO-SEC,,,,,,,false,3,genie/puppy/login_events.csv,device_id,2026.07.19.2
CEO_BARKED_TWICE,PUPPY,LOGIN-0028,login_at,TIMESTAMP,,,,,,2026-02-14T21:00:00Z,,false,4,genie/puppy/login_events.csv,login_at,2026.07.19.2
CEO_BARKED_TWICE,PUPPY,LOGIN-0028,ip_address,STRING,198.51.100.88,,,,,,,false,5,genie/puppy/login_events.csv,ip_address,2026.07.19.2
CEO_BARKED_TWICE,PUPPY,LOGIN-0028,geolocation_hint,STRING,Noir City office,,,,,,,false,6,genie/puppy/login_events.csv,geolocation_hint,2026.07.19.2
CEO_BARKED_TWICE,PUPPY,LOGIN-0028,authentication_result,STRING,SUCCESS,,,,,,,false,7,genie/puppy/login_events.csv,authentication_result,2026.07.19.2
CEO_BARKED_TWICE,PUPPY,LOGIN-0029,login_event_id,STRING,LOGIN-0029,,,,,,,false,1,genie/puppy/login_events.csv,login_event_id,2026.07.19.2
CEO_BARKED_TWICE,PUPPY,LOGIN-0029,person_record_id,STRING,PR-VICTOR-01,,,,,,,false,2,genie/puppy/login_events.csv,person_record_id,2026.07.19.2
CEO_BARKED_TWICE,PUPPY,LOGIN-0029,device_id,STRING,DEV-VICTOR-LAP,,,,,,,false,3,genie/puppy/login_events.csv,device_id,2026.07.19.2
CEO_BARKED_TWICE,PUPPY,LOGIN-0029,login_at,TIMESTAMP,,,,,,2026-02-15T05:00:00Z,,false,4,genie/puppy/login_events.csv,login_at,2026.07.19.2
CEO_BARKED_TWICE,PUPPY,LOGIN-0029,ip_address,STRING,198.51.100.121,,,,,,,false,5,genie/puppy/login_events.csv,ip_address,2026.07.19.2
CEO_BARKED_TWICE,PUPPY,LOGIN-0029,geolocation_hint,STRING,Vendor office,,,,,,,false,6,genie/puppy/login_events.csv,geolocation_hint,2026.07.19.2
CEO_BARKED_TWICE,PUPPY,LOGIN-0029,authentication_result,STRING,SUCCESS,,,,,,,false,7,genie/puppy/login_events.csv,authentication_result,2026.07.19.2
CEO_BARKED_TWICE,PUPPY,LOGIN-0030,login_event_id,STRING,LOGIN-0030,,,,,,,false,1,genie/puppy/login_events.csv,login_event_id,2026.07.19.2
CEO_BARKED_TWICE,PUPPY,LOGIN-0030,person_record_id,STRING,PR-ROWAN-01,,,,,,,false,2,genie/puppy/login_events.csv,person_record_id,2026.07.19.2
CEO_BARKED_TWICE,PUPPY,LOGIN-0030,device_id,STRING,DEV-ATTACK-9F2A,,,,,,,false,3,genie/puppy/login_events.csv,device_id,2026.07.19.2
CEO_BARKED_TWICE,PUPPY,LOGIN-0030,login_at,TIMESTAMP,,,,,,2026-02-15T18:00:00Z,,false,4,genie/puppy/login_events.csv,login_at,2026.07.19.2
CEO_BARKED_TWICE,PUPPY,LOGIN-0030,ip_address,STRING,203.0.113.77,,,,,,,false,5,genie/puppy/login_events.csv,ip_address,2026.07.19.2
CEO_BARKED_TWICE,PUPPY,LOGIN-0030,geolocation_hint,STRING,External anonymized host,,,,,,,false,6,genie/puppy/login_events.csv,geolocation_hint,2026.07.19.2
CEO_BARKED_TWICE,PUPPY,LOGIN-0030,authentication_result,STRING,SUCCESS,,,,,,,false,7,genie/puppy/login_events.csv,authentication_result,2026.07.19.2
CEO_BARKED_TWICE,PUPPY,LOGIN-0031,login_event_id,STRING,LOGIN-0031,,,,,,,false,1,genie/puppy/login_events.csv,login_event_id,2026.07.19.2
CEO_BARKED_TWICE,PUPPY,LOGIN-0031,person_record_id,STRING,PR-IVY-01,,,,,,,false,2,genie/puppy/login_events.csv,person_record_id,2026.07.19.2
CEO_BARKED_TWICE,PUPPY,LOGIN-0031,device_id,STRING,DEV-ATTACK-9F2A,,,,,,,false,3,genie/puppy/login_events.csv,device_id,2026.07.19.2
CEO_BARKED_TWICE,PUPPY,LOGIN-0031,login_at,TIMESTAMP,,,,,,2026-02-16T02:00:00Z,,false,4,genie/puppy/login_events.csv,login_at,2026.07.19.2
CEO_BARKED_TWICE,PUPPY,LOGIN-0031,ip_address,STRING,203.0.113.77,,,,,,,false,5,genie/puppy/login_events.csv,ip_address,2026.07.19.2
CEO_BARKED_TWICE,PUPPY,LOGIN-0031,geolocation_hint,STRING,External anonymized host,,,,,,,false,6,genie/puppy/login_events.csv,geolocation_hint,2026.07.19.2
CEO_BARKED_TWICE,PUPPY,LOGIN-0031,authentication_result,STRING,SUCCESS,,,,,,,false,7,genie/puppy/login_events.csv,authentication_result,2026.07.19.2
CEO_BARKED_TWICE,PUPPY,LOGIN-0032,login_event_id,STRING,LOGIN-0032,,,,,,,false,1,genie/puppy/login_events.csv,login_event_id,2026.07.19.2
CEO_BARKED_TWICE,PUPPY,LOGIN-0032,person_record_id,STRING,PR-GRANT-01,,,,,,,false,2,genie/puppy/login_events.csv,person_record_id,2026.07.19.2
CEO_BARKED_TWICE,PUPPY,LOGIN-0032,device_id,STRING,DEV-GRANT-P1,,,,,,,false,3,genie/puppy/login_events.csv,device_id,2026.07.19.2
CEO_BARKED_TWICE,PUPPY,LOGIN-0032,login_at,TIMESTAMP,,,,,,2026-02-16T15:00:00Z,,false,4,genie/puppy/login_events.csv,login_at,2026.07.19.2
CEO_BARKED_TWICE,PUPPY,LOGIN-0032,ip_address,STRING,203.0.113.83,,,,,,,false,5,genie/puppy/login_events.csv,ip_address,2026.07.19.2
CEO_BARKED_TWICE,PUPPY,LOGIN-0032,geolocation_hint,STRING,External anonymized host,,,,,,,false,6,genie/puppy/login_events.csv,geolocation_hint,2026.07.19.2
CEO_BARKED_TWICE,PUPPY,LOGIN-0032,authentication_result,STRING,SUCCESS,,,,,,,false,7,genie/puppy/login_events.csv,authentication_result,2026.07.19.2
CEO_BARKED_TWICE,PUPPY,LOGIN-0033,login_event_id,STRING,LOGIN-0033,,,,,,,false,1,genie/puppy/login_events.csv,login_event_id,2026.07.19.2
CEO_BARKED_TWICE,PUPPY,LOGIN-0033,person_record_id,STRING,PR-PENNY-03,,,,,,,false,2,genie/puppy/login_events.csv,person_record_id,2026.07.19.2
CEO_BARKED_TWICE,PUPPY,LOGIN-0033,device_id,STRING,DEV-PENNY-AP,,,,,,,false,3,genie/puppy/login_events.csv,device_id,2026.07.19.2
CEO_BARKED_TWICE,PUPPY,LOGIN-0033,login_at,TIMESTAMP,,,,,,2026-02-17T04:00:00Z,,false,4,genie/puppy/login_events.csv,login_at,2026.07.19.2
CEO_BARKED_TWICE,PUPPY,LOGIN-0033,ip_address,STRING,198.51.100.88,,,,,,,false,5,genie/puppy/login_events.csv,ip_address,2026.07.19.2
CEO_BARKED_TWICE,PUPPY,LOGIN-0033,geolocation_hint,STRING,Noir City office,,,,,,,false,6,genie/puppy/login_events.csv,geolocation_hint,2026.07.19.2
CEO_BARKED_TWICE,PUPPY,LOGIN-0033,authentication_result,STRING,SUCCESS,,,,,,,false,7,genie/puppy/login_events.csv,authentication_result,2026.07.19.2
CEO_BARKED_TWICE,PUPPY,LOGIN-0034,login_event_id,STRING,LOGIN-0034,,,,,,,false,1,genie/puppy/login_events.csv,login_event_id,2026.07.19.2
CEO_BARKED_TWICE,PUPPY,LOGIN-0034,person_record_id,STRING,PR-BEA-01,,,,,,,false,2,genie/puppy/login_events.csv,person_record_id,2026.07.19.2
CEO_BARKED_TWICE,PUPPY,LOGIN-0034,device_id,STRING,DEV-BEA-PHONE,,,,,,,false,3,genie/puppy/login_events.csv,device_id,2026.07.19.2
CEO_BARKED_TWICE,PUPPY,LOGIN-0034,login_at,TIMESTAMP,,,,,,2026-02-17T12:00:00Z,,false,4,genie/puppy/login_events.csv,login_at,2026.07.19.2
CEO_BARKED_TWICE,PUPPY,LOGIN-0034,ip_address,STRING,198.51.100.88,,,,,,,false,5,genie/puppy/login_events.csv,ip_address,2026.07.19.2
CEO_BARKED_TWICE,PUPPY,LOGIN-0034,geolocation_hint,STRING,Noir City office,,,,,,,false,6,genie/puppy/login_events.csv,geolocation_hint,2026.07.19.2
CEO_BARKED_TWICE,PUPPY,LOGIN-0034,authentication_result,STRING,SUCCESS,,,,,,,false,7,genie/puppy/login_events.csv,authentication_result,2026.07.19.2
CEO_BARKED_TWICE,PUPPY,LOGIN-0035,login_event_id,STRING,LOGIN-0035,,,,,,,false,1,genie/puppy/login_events.csv,login_event_id,2026.07.19.2
CEO_BARKED_TWICE,PUPPY,LOGIN-0035,person_record_id,STRING,PR-CONRAD-01,,,,,,,false,2,genie/puppy/login_events.csv,person_record_id,2026.07.19.2
CEO_BARKED_TWICE,PUPPY,LOGIN-0035,device_id,STRING,DEV-CONRAD-LAP,,,,,,,false,3,genie/puppy/login_events.csv,device_id,2026.07.19.2
CEO_BARKED_TWICE,PUPPY,LOGIN-0035,login_at,TIMESTAMP,,,,,,2026-02-18T01:00:00Z,,false,4,genie/puppy/login_events.csv,login_at,2026.07.19.2
CEO_BARKED_TWICE,PUPPY,LOGIN-0035,ip_address,STRING,198.51.100.88,,,,,,,false,5,genie/puppy/login_events.csv,ip_address,2026.07.19.2
CEO_BARKED_TWICE,PUPPY,LOGIN-0035,geolocation_hint,STRING,Noir City office,,,,,,,false,6,genie/puppy/login_events.csv,geolocation_hint,2026.07.19.2
CEO_BARKED_TWICE,PUPPY,LOGIN-0035,authentication_result,STRING,SUCCESS,,,,,,,false,7,genie/puppy/login_events.csv,authentication_result,2026.07.19.2
CEO_BARKED_TWICE,PUPPY,LOGIN-0036,login_event_id,STRING,LOGIN-0036,,,,,,,false,1,genie/puppy/login_events.csv,login_event_id,2026.07.19.2
CEO_BARKED_TWICE,PUPPY,LOGIN-0036,person_record_id,STRING,PR-THEO-01,,,,,,,false,2,genie/puppy/login_events.csv,person_record_id,2026.07.19.2
CEO_BARKED_TWICE,PUPPY,LOGIN-0036,device_id,STRING,DEV-THEO-SEC,,,,,,,false,3,genie/puppy/login_events.csv,device_id,2026.07.19.2
CEO_BARKED_TWICE,PUPPY,LOGIN-0036,login_at,TIMESTAMP,,,,,,2026-02-18T09:00:00Z,,false,4,genie/puppy/login_events.csv,login_at,2026.07.19.2
CEO_BARKED_TWICE,PUPPY,LOGIN-0036,ip_address,STRING,198.51.100.88,,,,,,,false,5,genie/puppy/login_events.csv,ip_address,2026.07.19.2
CEO_BARKED_TWICE,PUPPY,LOGIN-0036,geolocation_hint,STRING,Noir City office,,,,,,,false,6,genie/puppy/login_events.csv,geolocation_hint,2026.07.19.2
CEO_BARKED_TWICE,PUPPY,LOGIN-0036,authentication_result,STRING,SUCCESS,,,,,,,false,7,genie/puppy/login_events.csv,authentication_result,2026.07.19.2
CEO_BARKED_TWICE,PUPPY,LOGIN-0037,login_event_id,STRING,LOGIN-0037,,,,,,,false,1,genie/puppy/login_events.csv,login_event_id,2026.07.19.2
CEO_BARKED_TWICE,PUPPY,LOGIN-0037,person_record_id,STRING,PR-VICTOR-01,,,,,,,false,2,genie/puppy/login_events.csv,person_record_id,2026.07.19.2
CEO_BARKED_TWICE,PUPPY,LOGIN-0037,device_id,STRING,DEV-VICTOR-LAP,,,,,,,false,3,genie/puppy/login_events.csv,device_id,2026.07.19.2
CEO_BARKED_TWICE,PUPPY,LOGIN-0037,login_at,TIMESTAMP,,,,,,2026-02-18T22:00:00Z,,false,4,genie/puppy/login_events.csv,login_at,2026.07.19.2
CEO_BARKED_TWICE,PUPPY,LOGIN-0037,ip_address,STRING,198.51.100.121,,,,,,,false,5,genie/puppy/login_events.csv,ip_address,2026.07.19.2
CEO_BARKED_TWICE,PUPPY,LOGIN-0037,geolocation_hint,STRING,Vendor office,,,,,,,false,6,genie/puppy/login_events.csv,geolocation_hint,2026.07.19.2
CEO_BARKED_TWICE,PUPPY,LOGIN-0037,authentication_result,STRING,SUCCESS,,,,,,,false,7,genie/puppy/login_events.csv,authentication_result,2026.07.19.2
CEO_BARKED_TWICE,PUPPY,LOGIN-0038,login_event_id,STRING,LOGIN-0038,,,,,,,false,1,genie/puppy/login_events.csv,login_event_id,2026.07.19.2
CEO_BARKED_TWICE,PUPPY,LOGIN-0038,person_record_id,STRING,PR-ROWAN-01,,,,,,,false,2,genie/puppy/login_events.csv,person_record_id,2026.07.19.2
CEO_BARKED_TWICE,PUPPY,LOGIN-0038,device_id,STRING,DEV-ATTACK-9F2A,,,,,,,false,3,genie/puppy/login_events.csv,device_id,2026.07.19.2
CEO_BARKED_TWICE,PUPPY,LOGIN-0038,login_at,TIMESTAMP,,,,,,2026-02-19T11:00:00Z,,false,4,genie/puppy/login_events.csv,login_at,2026.07.19.2
CEO_BARKED_TWICE,PUPPY,LOGIN-0038,ip_address,STRING,203.0.113.77,,,,,,,false,5,genie/puppy/login_events.csv,ip_address,2026.07.19.2
CEO_BARKED_TWICE,PUPPY,LOGIN-0038,geolocation_hint,STRING,External anonymized host,,,,,,,false,6,genie/puppy/login_events.csv,geolocation_hint,2026.07.19.2
CEO_BARKED_TWICE,PUPPY,LOGIN-0038,authentication_result,STRING,SUCCESS,,,,,,,false,7,genie/puppy/login_events.csv,authentication_result,2026.07.19.2
CEO_BARKED_TWICE,PUPPY,LOGIN-0039,login_event_id,STRING,LOGIN-0039,,,,,,,false,1,genie/puppy/login_events.csv,login_event_id,2026.07.19.2
CEO_BARKED_TWICE,PUPPY,LOGIN-0039,person_record_id,STRING,PR-IVY-01,,,,,,,false,2,genie/puppy/login_events.csv,person_record_id,2026.07.19.2
CEO_BARKED_TWICE,PUPPY,LOGIN-0039,device_id,STRING,DEV-ATTACK-9F2A,,,,,,,false,3,genie/puppy/login_events.csv,device_id,2026.07.19.2
CEO_BARKED_TWICE,PUPPY,LOGIN-0039,login_at,TIMESTAMP,,,,,,2026-02-19T19:00:00Z,,false,4,genie/puppy/login_events.csv,login_at,2026.07.19.2
CEO_BARKED_TWICE,PUPPY,LOGIN-0039,ip_address,STRING,203.0.113.77,,,,,,,false,5,genie/puppy/login_events.csv,ip_address,2026.07.19.2
CEO_BARKED_TWICE,PUPPY,LOGIN-0039,geolocation_hint,STRING,External anonymized host,,,,,,,false,6,genie/puppy/login_events.csv,geolocation_hint,2026.07.19.2
CEO_BARKED_TWICE,PUPPY,LOGIN-0039,authentication_result,STRING,SUCCESS,,,,,,,false,7,genie/puppy/login_events.csv,authentication_result,2026.07.19.2
CEO_BARKED_TWICE,PUPPY,LOGIN-0040,login_event_id,STRING,LOGIN-0040,,,,,,,false,1,genie/puppy/login_events.csv,login_event_id,2026.07.19.2
CEO_BARKED_TWICE,PUPPY,LOGIN-0040,person_record_id,STRING,PR-GRANT-01,,,,,,,false,2,genie/puppy/login_events.csv,person_record_id,2026.07.19.2
CEO_BARKED_TWICE,PUPPY,LOGIN-0040,device_id,STRING,DEV-GRANT-P1,,,,,,,false,3,genie/puppy/login_events.csv,device_id,2026.07.19.2
CEO_BARKED_TWICE,PUPPY,LOGIN-0040,login_at,TIMESTAMP,,,,,,2026-02-20T08:00:00Z,,false,4,genie/puppy/login_events.csv,login_at,2026.07.19.2
CEO_BARKED_TWICE,PUPPY,LOGIN-0040,ip_address,STRING,203.0.113.83,,,,,,,false,5,genie/puppy/login_events.csv,ip_address,2026.07.19.2
CEO_BARKED_TWICE,PUPPY,LOGIN-0040,geolocation_hint,STRING,External anonymized host,,,,,,,false,6,genie/puppy/login_events.csv,geolocation_hint,2026.07.19.2
CEO_BARKED_TWICE,PUPPY,LOGIN-0040,authentication_result,STRING,SUCCESS,,,,,,,false,7,genie/puppy/login_events.csv,authentication_result,2026.07.19.2
CEO_BARKED_TWICE,PUPPY,LOGIN-0041,login_event_id,STRING,LOGIN-0041,,,,,,,false,1,genie/puppy/login_events.csv,login_event_id,2026.07.19.2
CEO_BARKED_TWICE,PUPPY,LOGIN-0041,person_record_id,STRING,PR-PENNY-03,,,,,,,false,2,genie/puppy/login_events.csv,person_record_id,2026.07.19.2
CEO_BARKED_TWICE,PUPPY,LOGIN-0041,device_id,STRING,DEV-PENNY-AP,,,,,,,false,3,genie/puppy/login_events.csv,device_id,2026.07.19.2
CEO_BARKED_TWICE,PUPPY,LOGIN-0041,login_at,TIMESTAMP,,,,,,2026-02-20T16:00:00Z,,false,4,genie/puppy/login_events.csv,login_at,2026.07.19.2
CEO_BARKED_TWICE,PUPPY,LOGIN-0041,ip_address,STRING,198.51.100.88,,,,,,,false,5,genie/puppy/login_events.csv,ip_address,2026.07.19.2
CEO_BARKED_TWICE,PUPPY,LOGIN-0041,geolocation_hint,STRING,Noir City office,,,,,,,false,6,genie/puppy/login_events.csv,geolocation_hint,2026.07.19.2
CEO_BARKED_TWICE,PUPPY,LOGIN-0041,authentication_result,STRING,SUCCESS,,,,,,,false,7,genie/puppy/login_events.csv,authentication_result,2026.07.19.2
CEO_BARKED_TWICE,PUPPY,LOGIN-0042,login_event_id,STRING,LOGIN-0042,,,,,,,false,1,genie/puppy/login_events.csv,login_event_id,2026.07.19.2
CEO_BARKED_TWICE,PUPPY,LOGIN-0042,person_record_id,STRING,PR-BEA-01,,,,,,,false,2,genie/puppy/login_events.csv,person_record_id,2026.07.19.2
CEO_BARKED_TWICE,PUPPY,LOGIN-0042,device_id,STRING,DEV-BEA-PHONE,,,,,,,false,3,genie/puppy/login_events.csv,device_id,2026.07.19.2
CEO_BARKED_TWICE,PUPPY,LOGIN-0042,login_at,TIMESTAMP,,,,,,2026-02-21T05:00:00Z,,false,4,genie/puppy/login_events.csv,login_at,2026.07.19.2
CEO_BARKED_TWICE,PUPPY,LOGIN-0042,ip_address,STRING,198.51.100.88,,,,,,,false,5,genie/puppy/login_events.csv,ip_address,2026.07.19.2
CEO_BARKED_TWICE,PUPPY,LOGIN-0042,geolocation_hint,STRING,Noir City office,,,,,,,false,6,genie/puppy/login_events.csv,geolocation_hint,2026.07.19.2
CEO_BARKED_TWICE,PUPPY,LOGIN-0042,authentication_result,STRING,SUCCESS,,,,,,,false,7,genie/puppy/login_events.csv,authentication_result,2026.07.19.2
CEO_BARKED_TWICE,PUPPY,LOGIN-0043,login_event_id,STRING,LOGIN-0043,,,,,,,false,1,genie/puppy/login_events.csv,login_event_id,2026.07.19.2
CEO_BARKED_TWICE,PUPPY,LOGIN-0043,person_record_id,STRING,PR-CONRAD-01,,,,,,,false,2,genie/puppy/login_events.csv,person_record_id,2026.07.19.2
CEO_BARKED_TWICE,PUPPY,LOGIN-0043,device_id,STRING,DEV-CONRAD-LAP,,,,,,,false,3,genie/puppy/login_events.csv,device_id,2026.07.19.2
CEO_BARKED_TWICE,PUPPY,LOGIN-0043,login_at,TIMESTAMP,,,,,,2026-02-21T18:00:00Z,,false,4,genie/puppy/login_events.csv,login_at,2026.07.19.2
CEO_BARKED_TWICE,PUPPY,LOGIN-0043,ip_address,STRING,198.51.100.88,,,,,,,false,5,genie/puppy/login_events.csv,ip_address,2026.07.19.2
CEO_BARKED_TWICE,PUPPY,LOGIN-0043,geolocation_hint,STRING,Noir City office,,,,,,,false,6,genie/puppy/login_events.csv,geolocation_hint,2026.07.19.2
CEO_BARKED_TWICE,PUPPY,LOGIN-0043,authentication_result,STRING,SUCCESS,,,,,,,false,7,genie/puppy/login_events.csv,authentication_result,2026.07.19.2
CEO_BARKED_TWICE,PUPPY,LOGIN-0044,login_event_id,STRING,LOGIN-0044,,,,,,,false,1,genie/puppy/login_events.csv,login_event_id,2026.07.19.2
CEO_BARKED_TWICE,PUPPY,LOGIN-0044,person_record_id,STRING,PR-THEO-01,,,,,,,false,2,genie/puppy/login_events.csv,person_record_id,2026.07.19.2
CEO_BARKED_TWICE,PUPPY,LOGIN-0044,device_id,STRING,DEV-THEO-SEC,,,,,,,false,3,genie/puppy/login_events.csv,device_id,2026.07.19.2
CEO_BARKED_TWICE,PUPPY,LOGIN-0044,login_at,TIMESTAMP,,,,,,2026-02-22T02:00:00Z,,false,4,genie/puppy/login_events.csv,login_at,2026.07.19.2
CEO_BARKED_TWICE,PUPPY,LOGIN-0044,ip_address,STRING,198.51.100.88,,,,,,,false,5,genie/puppy/login_events.csv,ip_address,2026.07.19.2
CEO_BARKED_TWICE,PUPPY,LOGIN-0044,geolocation_hint,STRING,Noir City office,,,,,,,false,6,genie/puppy/login_events.csv,geolocation_hint,2026.07.19.2
CEO_BARKED_TWICE,PUPPY,LOGIN-0044,authentication_result,STRING,SUCCESS,,,,,,,false,7,genie/puppy/login_events.csv,authentication_result,2026.07.19.2
CEO_BARKED_TWICE,PUPPY,LOGIN-0045,login_event_id,STRING,LOGIN-0045,,,,,,,false,1,genie/puppy/login_events.csv,login_event_id,2026.07.19.2
CEO_BARKED_TWICE,PUPPY,LOGIN-0045,person_record_id,STRING,PR-VICTOR-01,,,,,,,false,2,genie/puppy/login_events.csv,person_record_id,2026.07.19.2
CEO_BARKED_TWICE,PUPPY,LOGIN-0045,device_id,STRING,DEV-VICTOR-LAP,,,,,,,false,3,genie/puppy/login_events.csv,device_id,2026.07.19.2
CEO_BARKED_TWICE,PUPPY,LOGIN-0045,login_at,TIMESTAMP,,,,,,2026-02-22T15:00:00Z,,false,4,genie/puppy/login_events.csv,login_at,2026.07.19.2
CEO_BARKED_TWICE,PUPPY,LOGIN-0045,ip_address,STRING,198.51.100.121,,,,,,,false,5,genie/puppy/login_events.csv,ip_address,2026.07.19.2
CEO_BARKED_TWICE,PUPPY,LOGIN-0045,geolocation_hint,STRING,Vendor office,,,,,,,false,6,genie/puppy/login_events.csv,geolocation_hint,2026.07.19.2
CEO_BARKED_TWICE,PUPPY,LOGIN-0045,authentication_result,STRING,SUCCESS,,,,,,,false,7,genie/puppy/login_events.csv,authentication_result,2026.07.19.2
CEO_BARKED_TWICE,PUPPY,LOGIN-0046,login_event_id,STRING,LOGIN-0046,,,,,,,false,1,genie/puppy/login_events.csv,login_event_id,2026.07.19.2
CEO_BARKED_TWICE,PUPPY,LOGIN-0046,person_record_id,STRING,PR-ROWAN-01,,,,,,,false,2,genie/puppy/login_events.csv,person_record_id,2026.07.19.2
CEO_BARKED_TWICE,PUPPY,LOGIN-0046,device_id,STRING,DEV-ATTACK-9F2A,,,,,,,false,3,genie/puppy/login_events.csv,device_id,2026.07.19.2
CEO_BARKED_TWICE,PUPPY,LOGIN-0046,login_at,TIMESTAMP,,,,,,2026-02-22T23:00:00Z,,false,4,genie/puppy/login_events.csv,login_at,2026.07.19.2
CEO_BARKED_TWICE,PUPPY,LOGIN-0046,ip_address,STRING,203.0.113.77,,,,,,,false,5,genie/puppy/login_events.csv,ip_address,2026.07.19.2
CEO_BARKED_TWICE,PUPPY,LOGIN-0046,geolocation_hint,STRING,External anonymized host,,,,,,,false,6,genie/puppy/login_events.csv,geolocation_hint,2026.07.19.2
CEO_BARKED_TWICE,PUPPY,LOGIN-0046,authentication_result,STRING,SUCCESS,,,,,,,false,7,genie/puppy/login_events.csv,authentication_result,2026.07.19.2
CEO_BARKED_TWICE,PUPPY,LOGIN-0047,login_event_id,STRING,LOGIN-0047,,,,,,,false,1,genie/puppy/login_events.csv,login_event_id,2026.07.19.2
CEO_BARKED_TWICE,PUPPY,LOGIN-0047,person_record_id,STRING,PR-IVY-01,,,,,,,false,2,genie/puppy/login_events.csv,person_record_id,2026.07.19.2
CEO_BARKED_TWICE,PUPPY,LOGIN-0047,device_id,STRING,DEV-ATTACK-9F2A,,,,,,,false,3,genie/puppy/login_events.csv,device_id,2026.07.19.2
CEO_BARKED_TWICE,PUPPY,LOGIN-0047,login_at,TIMESTAMP,,,,,,2026-02-23T12:00:00Z,,false,4,genie/puppy/login_events.csv,login_at,2026.07.19.2
CEO_BARKED_TWICE,PUPPY,LOGIN-0047,ip_address,STRING,203.0.113.77,,,,,,,false,5,genie/puppy/login_events.csv,ip_address,2026.07.19.2
CEO_BARKED_TWICE,PUPPY,LOGIN-0047,geolocation_hint,STRING,External anonymized host,,,,,,,false,6,genie/puppy/login_events.csv,geolocation_hint,2026.07.19.2
CEO_BARKED_TWICE,PUPPY,LOGIN-0047,authentication_result,STRING,SUCCESS,,,,,,,false,7,genie/puppy/login_events.csv,authentication_result,2026.07.19.2
CEO_BARKED_TWICE,PUPPY,LOGIN-0048,login_event_id,STRING,LOGIN-0048,,,,,,,false,1,genie/puppy/login_events.csv,login_event_id,2026.07.19.2
CEO_BARKED_TWICE,PUPPY,LOGIN-0048,person_record_id,STRING,PR-GRANT-01,,,,,,,false,2,genie/puppy/login_events.csv,person_record_id,2026.07.19.2
CEO_BARKED_TWICE,PUPPY,LOGIN-0048,device_id,STRING,DEV-GRANT-P1,,,,,,,false,3,genie/puppy/login_events.csv,device_id,2026.07.19.2
CEO_BARKED_TWICE,PUPPY,LOGIN-0048,login_at,TIMESTAMP,,,,,,2026-02-24T01:00:00Z,,false,4,genie/puppy/login_events.csv,login_at,2026.07.19.2
CEO_BARKED_TWICE,PUPPY,LOGIN-0048,ip_address,STRING,203.0.113.83,,,,,,,false,5,genie/puppy/login_events.csv,ip_address,2026.07.19.2
CEO_BARKED_TWICE,PUPPY,LOGIN-0048,geolocation_hint,STRING,External anonymized host,,,,,,,false,6,genie/puppy/login_events.csv,geolocation_hint,2026.07.19.2
CEO_BARKED_TWICE,PUPPY,LOGIN-0048,authentication_result,STRING,SUCCESS,,,,,,,false,7,genie/puppy/login_events.csv,authentication_result,2026.07.19.2
CEO_BARKED_TWICE,PUPPY,MR-001,mailbox_rule_id,STRING,MR-001,,,,,,,false,1,genie/puppy/mailbox_rules.csv,mailbox_rule_id,2026.07.19.2
CEO_BARKED_TWICE,PUPPY,MR-001,mailbox_record_id,STRING,PR-PENNY-03,,,,,,,false,2,genie/puppy/mailbox_rules.csv,mailbox_record_id,2026.07.19.2
CEO_BARKED_TWICE,PUPPY,MR-001,rule_name,STRING,Vendor change archive,,,,,,,false,3,genie/puppy/mailbox_rules.csv,rule_name,2026.07.19.2
CEO_BARKED_TWICE,PUPPY,MR-001,created_at,TIMESTAMP,,,,,,2026-02-09T23:41:00Z,,false,4,genie/puppy/mailbox_rules.csv,created_at,2026.07.19.2
CEO_BARKED_TWICE,PUPPY,MR-001,created_from_ip,STRING,203.0.113.77,,,,,,,false,5,genie/puppy/mailbox_rules.csv,created_from_ip,2026.07.19.2
CEO_BARKED_TWICE,PUPPY,MR-001,created_from_device_id,STRING,DEV-ATTACK-9F2A,,,,,,,false,6,genie/puppy/mailbox_rules.csv,created_from_device_id,2026.07.19.2
CEO_BARKED_TWICE,PUPPY,MR-001,condition_text,STRING,sender contains copperpaw.example OR subject contains bank details,,,,,,,false,7,genie/puppy/mailbox_rules.csv,condition_text,2026.07.19.2
CEO_BARKED_TWICE,PUPPY,MR-001,action_text,STRING,forward to ops@nightjar-consult.example; mark read; move to RSS Feeds,,,,,,,false,8,genie/puppy/mailbox_rules.csv,action_text,2026.07.19.2
CEO_BARKED_TWICE,PUPPY,MR-001,forwarding_target,STRING,ops@nightjar-consult.example,,,,,,,false,9,genie/puppy/mailbox_rules.csv,forwarding_target,2026.07.19.2
CEO_BARKED_TWICE,PUPPY,MR-001,enabled,BOOLEAN,,,,true,,,,false,10,genie/puppy/mailbox_rules.csv,enabled,2026.07.19.2
CEO_BARKED_TWICE,PUPPY,MR-002,mailbox_rule_id,STRING,MR-002,,,,,,,false,1,genie/puppy/mailbox_rules.csv,mailbox_rule_id,2026.07.19.2
CEO_BARKED_TWICE,PUPPY,MR-002,mailbox_record_id,STRING,PR-PENNY-03,,,,,,,false,2,genie/puppy/mailbox_rules.csv,mailbox_record_id,2026.07.19.2
CEO_BARKED_TWICE,PUPPY,MR-002,rule_name,STRING,CEO replies,,,,,,,false,3,genie/puppy/mailbox_rules.csv,rule_name,2026.07.19.2
CEO_BARKED_TWICE,PUPPY,MR-002,created_at,TIMESTAMP,,,,,,2026-02-10T00:03:00Z,,false,4,genie/puppy/mailbox_rules.csv,created_at,2026.07.19.2
CEO_BARKED_TWICE,PUPPY,MR-002,created_from_ip,STRING,203.0.113.77,,,,,,,false,5,genie/puppy/mailbox_rules.csv,created_from_ip,2026.07.19.2
CEO_BARKED_TWICE,PUPPY,MR-002,created_from_device_id,STRING,DEV-ATTACK-9F2A,,,,,,,false,6,genie/puppy/mailbox_rules.csv,created_from_device_id,2026.07.19.2
CEO_BARKED_TWICE,PUPPY,MR-002,condition_text,STRING,sender contains bea.barkley@silvercollar.example,,,,,,,false,7,genie/puppy/mailbox_rules.csv,condition_text,2026.07.19.2
CEO_BARKED_TWICE,PUPPY,MR-002,action_text,STRING,forward to ops@nightjar-consult.example; delete after forwarding,,,,,,,false,8,genie/puppy/mailbox_rules.csv,action_text,2026.07.19.2
CEO_BARKED_TWICE,PUPPY,MR-002,forwarding_target,STRING,ops@nightjar-consult.example,,,,,,,false,9,genie/puppy/mailbox_rules.csv,forwarding_target,2026.07.19.2
CEO_BARKED_TWICE,PUPPY,MR-002,enabled,BOOLEAN,,,,true,,,,false,10,genie/puppy/mailbox_rules.csv,enabled,2026.07.19.2
CEO_BARKED_TWICE,PUPPY,MR-003,mailbox_rule_id,STRING,MR-003,,,,,,,false,1,genie/puppy/mailbox_rules.csv,mailbox_rule_id,2026.07.19.2
CEO_BARKED_TWICE,PUPPY,MR-003,mailbox_record_id,STRING,PR-BEA-01,,,,,,,false,2,genie/puppy/mailbox_rules.csv,mailbox_record_id,2026.07.19.2
CEO_BARKED_TWICE,PUPPY,MR-003,rule_name,STRING,Large attachment warning,,,,,,,false,3,genie/puppy/mailbox_rules.csv,rule_name,2026.07.19.2
CEO_BARKED_TWICE,PUPPY,MR-003,created_at,TIMESTAMP,,,,,,2025-09-08T00:00:00Z,,false,4,genie/puppy/mailbox_rules.csv,created_at,2026.07.19.2
CEO_BARKED_TWICE,PUPPY,MR-003,created_from_ip,STRING,198.51.100.88,,,,,,,false,5,genie/puppy/mailbox_rules.csv,created_from_ip,2026.07.19.2
CEO_BARKED_TWICE,PUPPY,MR-003,created_from_device_id,STRING,DEV-OFFICE-SHARED,,,,,,,false,6,genie/puppy/mailbox_rules.csv,created_from_device_id,2026.07.19.2
CEO_BARKED_TWICE,PUPPY,MR-003,condition_text,STRING,size greater than 15MB,,,,,,,false,7,genie/puppy/mailbox_rules.csv,condition_text,2026.07.19.2
CEO_BARKED_TWICE,PUPPY,MR-003,action_text,STRING,flag,,,,,,,false,8,genie/puppy/mailbox_rules.csv,action_text,2026.07.19.2
CEO_BARKED_TWICE,PUPPY,MR-003,forwarding_target,NULL,,,,,,,null,false,9,genie/puppy/mailbox_rules.csv,forwarding_target,2026.07.19.2
CEO_BARKED_TWICE,PUPPY,MR-003,enabled,BOOLEAN,,,,true,,,,false,10,genie/puppy/mailbox_rules.csv,enabled,2026.07.19.2
CEO_BARKED_TWICE,PUPPY,MR-004,mailbox_rule_id,STRING,MR-004,,,,,,,false,1,genie/puppy/mailbox_rules.csv,mailbox_rule_id,2026.07.19.2
CEO_BARKED_TWICE,PUPPY,MR-004,mailbox_record_id,STRING,PR-IDA-01,,,,,,,false,2,genie/puppy/mailbox_rules.csv,mailbox_record_id,2026.07.19.2
CEO_BARKED_TWICE,PUPPY,MR-004,rule_name,STRING,Supplier portal,,,,,,,false,3,genie/puppy/mailbox_rules.csv,rule_name,2026.07.19.2
CEO_BARKED_TWICE,PUPPY,MR-004,created_at,TIMESTAMP,,,,,,2025-09-27T00:00:00Z,,false,4,genie/puppy/mailbox_rules.csv,created_at,2026.07.19.2
CEO_BARKED_TWICE,PUPPY,MR-004,created_from_ip,STRING,198.51.100.88,,,,,,,false,5,genie/puppy/mailbox_rules.csv,created_from_ip,2026.07.19.2
CEO_BARKED_TWICE,PUPPY,MR-004,created_from_device_id,STRING,DEV-OFFICE-SHARED,,,,,,,false,6,genie/puppy/mailbox_rules.csv,created_from_device_id,2026.07.19.2
CEO_BARKED_TWICE,PUPPY,MR-004,condition_text,STRING,sender contains portal,,,,,,,false,7,genie/puppy/mailbox_rules.csv,condition_text,2026.07.19.2
CEO_BARKED_TWICE,PUPPY,MR-004,action_text,STRING,move to Vendor Portal,,,,,,,false,8,genie/puppy/mailbox_rules.csv,action_text,2026.07.19.2
CEO_BARKED_TWICE,PUPPY,MR-004,forwarding_target,NULL,,,,,,,null,false,9,genie/puppy/mailbox_rules.csv,forwarding_target,2026.07.19.2
CEO_BARKED_TWICE,PUPPY,MR-004,enabled,BOOLEAN,,,,true,,,,false,10,genie/puppy/mailbox_rules.csv,enabled,2026.07.19.2
CEO_BARKED_TWICE,PUPPY,MR-005,mailbox_rule_id,STRING,MR-005,,,,,,,false,1,genie/puppy/mailbox_rules.csv,mailbox_rule_id,2026.07.19.2
CEO_BARKED_TWICE,PUPPY,MR-005,mailbox_record_id,STRING,PR-LUCY-01,,,,,,,false,2,genie/puppy/mailbox_rules.csv,mailbox_record_id,2026.07.19.2
CEO_BARKED_TWICE,PUPPY,MR-005,rule_name,STRING,Calendar archive,,,,,,,false,3,genie/puppy/mailbox_rules.csv,rule_name,2026.07.19.2
CEO_BARKED_TWICE,PUPPY,MR-005,created_at,TIMESTAMP,,,,,,2025-10-16T00:00:00Z,,false,4,genie/puppy/mailbox_rules.csv,created_at,2026.07.19.2
CEO_BARKED_TWICE,PUPPY,MR-005,created_from_ip,STRING,203.0.113.124,,,,,,,false,5,genie/puppy/mailbox_rules.csv,created_from_ip,2026.07.19.2
CEO_BARKED_TWICE,PUPPY,MR-005,created_from_device_id,STRING,DEV-NOISE-05,,,,,,,false,6,genie/puppy/mailbox_rules.csv,created_from_device_id,2026.07.19.2
CEO_BARKED_TWICE,PUPPY,MR-005,condition_text,STRING,subject contains calendar,,,,,,,false,7,genie/puppy/mailbox_rules.csv,condition_text,2026.07.19.2
CEO_BARKED_TWICE,PUPPY,MR-005,action_text,STRING,archive,,,,,,,false,8,genie/puppy/mailbox_rules.csv,action_text,2026.07.19.2
CEO_BARKED_TWICE,PUPPY,MR-005,forwarding_target,NULL,,,,,,,null,false,9,genie/puppy/mailbox_rules.csv,forwarding_target,2026.07.19.2
CEO_BARKED_TWICE,PUPPY,MR-005,enabled,BOOLEAN,,,,true,,,,false,10,genie/puppy/mailbox_rules.csv,enabled,2026.07.19.2
CEO_BARKED_TWICE,PUPPY,MR-006,mailbox_rule_id,STRING,MR-006,,,,,,,false,1,genie/puppy/mailbox_rules.csv,mailbox_rule_id,2026.07.19.2
CEO_BARKED_TWICE,PUPPY,MR-006,mailbox_record_id,STRING,PR-PENNY-03,,,,,,,false,2,genie/puppy/mailbox_rules.csv,mailbox_record_id,2026.07.19.2
CEO_BARKED_TWICE,PUPPY,MR-006,rule_name,STRING,Newsletter,,,,,,,false,3,genie/puppy/mailbox_rules.csv,rule_name,2026.07.19.2
CEO_BARKED_TWICE,PUPPY,MR-006,created_at,TIMESTAMP,,,,,,2025-11-04T00:00:00Z,,false,4,genie/puppy/mailbox_rules.csv,created_at,2026.07.19.2
CEO_BARKED_TWICE,PUPPY,MR-006,created_from_ip,STRING,198.51.100.88,,,,,,,false,5,genie/puppy/mailbox_rules.csv,created_from_ip,2026.07.19.2
CEO_BARKED_TWICE,PUPPY,MR-006,created_from_device_id,STRING,DEV-OFFICE-SHARED,,,,,,,false,6,genie/puppy/mailbox_rules.csv,created_from_device_id,2026.07.19.2
CEO_BARKED_TWICE,PUPPY,MR-006,condition_text,STRING,subject contains newsletter,,,,,,,false,7,genie/puppy/mailbox_rules.csv,condition_text,2026.07.19.2
CEO_BARKED_TWICE,PUPPY,MR-006,action_text,STRING,move to Newsletters,,,,,,,false,8,genie/puppy/mailbox_rules.csv,action_text,2026.07.19.2
CEO_BARKED_TWICE,PUPPY,MR-006,forwarding_target,NULL,,,,,,,null,false,9,genie/puppy/mailbox_rules.csv,forwarding_target,2026.07.19.2
CEO_BARKED_TWICE,PUPPY,MR-006,enabled,BOOLEAN,,,,true,,,,false,10,genie/puppy/mailbox_rules.csv,enabled,2026.07.19.2
CEO_BARKED_TWICE,PUPPY,MR-007,mailbox_rule_id,STRING,MR-007,,,,,,,false,1,genie/puppy/mailbox_rules.csv,mailbox_rule_id,2026.07.19.2
CEO_BARKED_TWICE,PUPPY,MR-007,mailbox_record_id,STRING,PR-CONRAD-01,,,,,,,false,2,genie/puppy/mailbox_rules.csv,mailbox_record_id,2026.07.19.2
CEO_BARKED_TWICE,PUPPY,MR-007,rule_name,STRING,Travel notices,,,,,,,false,3,genie/puppy/mailbox_rules.csv,rule_name,2026.07.19.2
CEO_BARKED_TWICE,PUPPY,MR-007,created_at,TIMESTAMP,,,,,,2025-11-23T00:00:00Z,,false,4,genie/puppy/mailbox_rules.csv,created_at,2026.07.19.2
CEO_BARKED_TWICE,PUPPY,MR-007,created_from_ip,STRING,198.51.100.88,,,,,,,false,5,genie/puppy/mailbox_rules.csv,created_from_ip,2026.07.19.2
CEO_BARKED_TWICE,PUPPY,MR-007,created_from_device_id,STRING,DEV-OFFICE-SHARED,,,,,,,false,6,genie/puppy/mailbox_rules.csv,created_from_device_id,2026.07.19.2
CEO_BARKED_TWICE,PUPPY,MR-007,condition_text,STRING,sender contains travel,,,,,,,false,7,genie/puppy/mailbox_rules.csv,condition_text,2026.07.19.2
CEO_BARKED_TWICE,PUPPY,MR-007,action_text,STRING,move to Travel,,,,,,,false,8,genie/puppy/mailbox_rules.csv,action_text,2026.07.19.2
CEO_BARKED_TWICE,PUPPY,MR-007,forwarding_target,NULL,,,,,,,null,false,9,genie/puppy/mailbox_rules.csv,forwarding_target,2026.07.19.2
CEO_BARKED_TWICE,PUPPY,MR-007,enabled,BOOLEAN,,,,true,,,,false,10,genie/puppy/mailbox_rules.csv,enabled,2026.07.19.2
CEO_BARKED_TWICE,PUPPY,PO-26001,purchase_order_id,STRING,PO-26001,,,,,,,false,1,genie/puppy/purchase_orders.csv,purchase_order_id,2026.07.19.2
CEO_BARKED_TWICE,PUPPY,PO-26001,vendor_organization_record_id,STRING,OR-COPPER-01,,,,,,,false,2,genie/puppy/purchase_orders.csv,vendor_organization_record_id,2026.07.19.2
CEO_BARKED_TWICE,PUPPY,PO-26001,buyer_organization_record_id,STRING,OR-SCC-01,,,,,,,false,3,genie/puppy/purchase_orders.csv,buyer_organization_record_id,2026.07.19.2
CEO_BARKED_TWICE,PUPPY,PO-26001,created_at,TIMESTAMP,,,,,,2025-07-01T00:00:00Z,,false,4,genie/puppy/purchase_orders.csv,created_at,2026.07.19.2
CEO_BARKED_TWICE,PUPPY,PO-26001,requested_by_record_id,STRING,PR-IDA-01,,,,,,,false,5,genie/puppy/purchase_orders.csv,requested_by_record_id,2026.07.19.2
CEO_BARKED_TWICE,PUPPY,PO-26001,approved_by_record_id,STRING,PR-CONRAD-01,,,,,,,false,6,genie/puppy/purchase_orders.csv,approved_by_record_id,2026.07.19.2
CEO_BARKED_TWICE,PUPPY,PO-26001,amount,DECIMAL,,,85000.00,,,,,false,7,genie/puppy/purchase_orders.csv,amount,2026.07.19.2
CEO_BARKED_TWICE,PUPPY,PO-26001,currency,STRING,BSC,,,,,,,false,8,genie/puppy/purchase_orders.csv,currency,2026.07.19.2
CEO_BARKED_TWICE,PUPPY,PO-26001,description,STRING,precision bearings,,,,,,,false,9,genie/puppy/purchase_orders.csv,description,2026.07.19.2
CEO_BARKED_TWICE,PUPPY,PO-26001,cost_center,STRING,CC-200,,,,,,,false,10,genie/puppy/purchase_orders.csv,cost_center,2026.07.19.2
CEO_BARKED_TWICE,PUPPY,PO-26001,status,STRING,CLOSED,,,,,,,false,11,genie/puppy/purchase_orders.csv,status,2026.07.19.2
CEO_BARKED_TWICE,PUPPY,PO-26002,purchase_order_id,STRING,PO-26002,,,,,,,false,1,genie/puppy/purchase_orders.csv,purchase_order_id,2026.07.19.2
CEO_BARKED_TWICE,PUPPY,PO-26002,vendor_organization_record_id,STRING,OR-IRON-01,,,,,,,false,2,genie/puppy/purchase_orders.csv,vendor_organization_record_id,2026.07.19.2
CEO_BARKED_TWICE,PUPPY,PO-26002,buyer_organization_record_id,STRING,OR-SCC-01,,,,,,,false,3,genie/puppy/purchase_orders.csv,buyer_organization_record_id,2026.07.19.2
CEO_BARKED_TWICE,PUPPY,PO-26002,created_at,TIMESTAMP,,,,,,2025-07-06T00:00:00Z,,false,4,genie/puppy/purchase_orders.csv,created_at,2026.07.19.2
CEO_BARKED_TWICE,PUPPY,PO-26002,requested_by_record_id,STRING,PR-IDA-01,,,,,,,false,5,genie/puppy/purchase_orders.csv,requested_by_record_id,2026.07.19.2
CEO_BARKED_TWICE,PUPPY,PO-26002,approved_by_record_id,STRING,PR-CONRAD-01,,,,,,,false,6,genie/puppy/purchase_orders.csv,approved_by_record_id,2026.07.19.2
CEO_BARKED_TWICE,PUPPY,PO-26002,amount,DECIMAL,,,102000.00,,,,,false,7,genie/puppy/purchase_orders.csv,amount,2026.07.19.2
CEO_BARKED_TWICE,PUPPY,PO-26002,currency,STRING,BSC,,,,,,,false,8,genie/puppy/purchase_orders.csv,currency,2026.07.19.2
CEO_BARKED_TWICE,PUPPY,PO-26002,description,STRING,motor housings,,,,,,,false,9,genie/puppy/purchase_orders.csv,description,2026.07.19.2
CEO_BARKED_TWICE,PUPPY,PO-26002,cost_center,STRING,CC-201,,,,,,,false,10,genie/puppy/purchase_orders.csv,cost_center,2026.07.19.2
CEO_BARKED_TWICE,PUPPY,PO-26002,status,STRING,CLOSED,,,,,,,false,11,genie/puppy/purchase_orders.csv,status,2026.07.19.2
CEO_BARKED_TWICE,PUPPY,PO-26003,purchase_order_id,STRING,PO-26003,,,,,,,false,1,genie/puppy/purchase_orders.csv,purchase_order_id,2026.07.19.2
CEO_BARKED_TWICE,PUPPY,PO-26003,vendor_organization_record_id,STRING,OR-WIRE-01,,,,,,,false,2,genie/puppy/purchase_orders.csv,vendor_organization_record_id,2026.07.19.2
CEO_BARKED_TWICE,PUPPY,PO-26003,buyer_organization_record_id,STRING,OR-SCC-01,,,,,,,false,3,genie/puppy/purchase_orders.csv,buyer_organization_record_id,2026.07.19.2
CEO_BARKED_TWICE,PUPPY,PO-26003,created_at,TIMESTAMP,,,,,,2025-07-11T00:00:00Z,,false,4,genie/puppy/purchase_orders.csv,created_at,2026.07.19.2
CEO_BARKED_TWICE,PUPPY,PO-26003,requested_by_record_id,STRING,PR-IDA-01,,,,,,,false,5,genie/puppy/purchase_orders.csv,requested_by_record_id,2026.07.19.2
CEO_BARKED_TWICE,PUPPY,PO-26003,approved_by_record_id,STRING,PR-CONRAD-01,,,,,,,false,6,genie/puppy/purchase_orders.csv,approved_by_record_id,2026.07.19.2
CEO_BARKED_TWICE,PUPPY,PO-26003,amount,DECIMAL,,,119000.00,,,,,false,7,genie/puppy/purchase_orders.csv,amount,2026.07.19.2
CEO_BARKED_TWICE,PUPPY,PO-26003,currency,STRING,BSC,,,,,,,false,8,genie/puppy/purchase_orders.csv,currency,2026.07.19.2
CEO_BARKED_TWICE,PUPPY,PO-26003,description,STRING,control relays,,,,,,,false,9,genie/puppy/purchase_orders.csv,description,2026.07.19.2
CEO_BARKED_TWICE,PUPPY,PO-26003,cost_center,STRING,CC-202,,,,,,,false,10,genie/puppy/purchase_orders.csv,cost_center,2026.07.19.2
CEO_BARKED_TWICE,PUPPY,PO-26003,status,STRING,CLOSED,,,,,,,false,11,genie/puppy/purchase_orders.csv,status,2026.07.19.2
CEO_BARKED_TWICE,PUPPY,PO-26004,purchase_order_id,STRING,PO-26004,,,,,,,false,1,genie/puppy/purchase_orders.csv,purchase_order_id,2026.07.19.2
CEO_BARKED_TWICE,PUPPY,PO-26004,vendor_organization_record_id,STRING,OR-TAIL-01,,,,,,,false,2,genie/puppy/purchase_orders.csv,vendor_organization_record_id,2026.07.19.2
CEO_BARKED_TWICE,PUPPY,PO-26004,buyer_organization_record_id,STRING,OR-SCC-01,,,,,,,false,3,genie/puppy/purchase_orders.csv,buyer_organization_record_id,2026.07.19.2
CEO_BARKED_TWICE,PUPPY,PO-26004,created_at,TIMESTAMP,,,,,,2025-07-16T00:00:00Z,,false,4,genie/puppy/purchase_orders.csv,created_at,2026.07.19.2
CEO_BARKED_TWICE,PUPPY,PO-26004,requested_by_record_id,STRING,PR-IDA-01,,,,,,,false,5,genie/puppy/purchase_orders.csv,requested_by_record_id,2026.07.19.2
CEO_BARKED_TWICE,PUPPY,PO-26004,approved_by_record_id,STRING,PR-CONRAD-01,,,,,,,false,6,genie/puppy/purchase_orders.csv,approved_by_record_id,2026.07.19.2
CEO_BARKED_TWICE,PUPPY,PO-26004,amount,DECIMAL,,,136000.00,,,,,false,7,genie/puppy/purchase_orders.csv,amount,2026.07.19.2
CEO_BARKED_TWICE,PUPPY,PO-26004,currency,STRING,BSC,,,,,,,false,8,genie/puppy/purchase_orders.csv,currency,2026.07.19.2
CEO_BARKED_TWICE,PUPPY,PO-26004,description,STRING,freight services,,,,,,,false,9,genie/puppy/purchase_orders.csv,description,2026.07.19.2
CEO_BARKED_TWICE,PUPPY,PO-26004,cost_center,STRING,CC-203,,,,,,,false,10,genie/puppy/purchase_orders.csv,cost_center,2026.07.19.2
CEO_BARKED_TWICE,PUPPY,PO-26004,status,STRING,CLOSED,,,,,,,false,11,genie/puppy/purchase_orders.csv,status,2026.07.19.2
CEO_BARKED_TWICE,PUPPY,PO-26005,purchase_order_id,STRING,PO-26005,,,,,,,false,1,genie/puppy/purchase_orders.csv,purchase_order_id,2026.07.19.2
CEO_BARKED_TWICE,PUPPY,PO-26005,vendor_organization_record_id,STRING,OR-COPPER-01,,,,,,,false,2,genie/puppy/purchase_orders.csv,vendor_organization_record_id,2026.07.19.2
CEO_BARKED_TWICE,PUPPY,PO-26005,buyer_organization_record_id,STRING,OR-SCC-01,,,,,,,false,3,genie/puppy/purchase_orders.csv,buyer_organization_record_id,2026.07.19.2
CEO_BARKED_TWICE,PUPPY,PO-26005,created_at,TIMESTAMP,,,,,,2025-07-21T00:00:00Z,,false,4,genie/puppy/purchase_orders.csv,created_at,2026.07.19.2
CEO_BARKED_TWICE,PUPPY,PO-26005,requested_by_record_id,STRING,PR-IDA-01,,,,,,,false,5,genie/puppy/purchase_orders.csv,requested_by_record_id,2026.07.19.2
CEO_BARKED_TWICE,PUPPY,PO-26005,approved_by_record_id,STRING,PR-CONRAD-01,,,,,,,false,6,genie/puppy/purchase_orders.csv,approved_by_record_id,2026.07.19.2
CEO_BARKED_TWICE,PUPPY,PO-26005,amount,DECIMAL,,,153000.00,,,,,false,7,genie/puppy/purchase_orders.csv,amount,2026.07.19.2
CEO_BARKED_TWICE,PUPPY,PO-26005,currency,STRING,BSC,,,,,,,false,8,genie/puppy/purchase_orders.csv,currency,2026.07.19.2
CEO_BARKED_TWICE,PUPPY,PO-26005,description,STRING,packaging reels,,,,,,,false,9,genie/puppy/purchase_orders.csv,description,2026.07.19.2
CEO_BARKED_TWICE,PUPPY,PO-26005,cost_center,STRING,CC-204,,,,,,,false,10,genie/puppy/purchase_orders.csv,cost_center,2026.07.19.2
CEO_BARKED_TWICE,PUPPY,PO-26005,status,STRING,CLOSED,,,,,,,false,11,genie/puppy/purchase_orders.csv,status,2026.07.19.2
CEO_BARKED_TWICE,PUPPY,PO-26006,purchase_order_id,STRING,PO-26006,,,,,,,false,1,genie/puppy/purchase_orders.csv,purchase_order_id,2026.07.19.2
CEO_BARKED_TWICE,PUPPY,PO-26006,vendor_organization_record_id,STRING,OR-HOUNDOFF-01,,,,,,,false,2,genie/puppy/purchase_orders.csv,vendor_organization_record_id,2026.07.19.2
CEO_BARKED_TWICE,PUPPY,PO-26006,buyer_organization_record_id,STRING,OR-SCC-01,,,,,,,false,3,genie/puppy/purchase_orders.csv,buyer_organization_record_id,2026.07.19.2
CEO_BARKED_TWICE,PUPPY,PO-26006,created_at,TIMESTAMP,,,,,,2025-07-26T00:00:00Z,,false,4,genie/puppy/purchase_orders.csv,created_at,2026.07.19.2
CEO_BARKED_TWICE,PUPPY,PO-26006,requested_by_record_id,STRING,PR-IDA-01,,,,,,,false,5,genie/puppy/purchase_orders.csv,requested_by_record_id,2026.07.19.2
CEO_BARKED_TWICE,PUPPY,PO-26006,approved_by_record_id,STRING,PR-CONRAD-01,,,,,,,false,6,genie/puppy/purchase_orders.csv,approved_by_record_id,2026.07.19.2
CEO_BARKED_TWICE,PUPPY,PO-26006,amount,DECIMAL,,,170000.00,,,,,false,7,genie/puppy/purchase_orders.csv,amount,2026.07.19.2
CEO_BARKED_TWICE,PUPPY,PO-26006,currency,STRING,BSC,,,,,,,false,8,genie/puppy/purchase_orders.csv,currency,2026.07.19.2
CEO_BARKED_TWICE,PUPPY,PO-26006,description,STRING,office systems,,,,,,,false,9,genie/puppy/purchase_orders.csv,description,2026.07.19.2
CEO_BARKED_TWICE,PUPPY,PO-26006,cost_center,STRING,CC-205,,,,,,,false,10,genie/puppy/purchase_orders.csv,cost_center,2026.07.19.2
CEO_BARKED_TWICE,PUPPY,PO-26006,status,STRING,CLOSED,,,,,,,false,11,genie/puppy/purchase_orders.csv,status,2026.07.19.2
CEO_BARKED_TWICE,PUPPY,PO-26007,purchase_order_id,STRING,PO-26007,,,,,,,false,1,genie/puppy/purchase_orders.csv,purchase_order_id,2026.07.19.2
CEO_BARKED_TWICE,PUPPY,PO-26007,vendor_organization_record_id,STRING,OR-RETRIEVER-01,,,,,,,false,2,genie/puppy/purchase_orders.csv,vendor_organization_record_id,2026.07.19.2
CEO_BARKED_TWICE,PUPPY,PO-26007,buyer_organization_record_id,STRING,OR-SCC-01,,,,,,,false,3,genie/puppy/purchase_orders.csv,buyer_organization_record_id,2026.07.19.2
CEO_BARKED_TWICE,PUPPY,PO-26007,created_at,TIMESTAMP,,,,,,2025-07-31T00:00:00Z,,false,4,genie/puppy/purchase_orders.csv,created_at,2026.07.19.2
CEO_BARKED_TWICE,PUPPY,PO-26007,requested_by_record_id,STRING,PR-IDA-01,,,,,,,false,5,genie/puppy/purchase_orders.csv,requested_by_record_id,2026.07.19.2
CEO_BARKED_TWICE,PUPPY,PO-26007,approved_by_record_id,STRING,PR-CONRAD-01,,,,,,,false,6,genie/puppy/purchase_orders.csv,approved_by_record_id,2026.07.19.2
CEO_BARKED_TWICE,PUPPY,PO-26007,amount,DECIMAL,,,187000.00,,,,,false,7,genie/puppy/purchase_orders.csv,amount,2026.07.19.2
CEO_BARKED_TWICE,PUPPY,PO-26007,currency,STRING,BSC,,,,,,,false,8,genie/puppy/purchase_orders.csv,currency,2026.07.19.2
CEO_BARKED_TWICE,PUPPY,PO-26007,description,STRING,robotic grippers,,,,,,,false,9,genie/puppy/purchase_orders.csv,description,2026.07.19.2
CEO_BARKED_TWICE,PUPPY,PO-26007,cost_center,STRING,CC-206,,,,,,,false,10,genie/puppy/purchase_orders.csv,cost_center,2026.07.19.2
CEO_BARKED_TWICE,PUPPY,PO-26007,status,STRING,CLOSED,,,,,,,false,11,genie/puppy/purchase_orders.csv,status,2026.07.19.2
CEO_BARKED_TWICE,PUPPY,PO-26008,purchase_order_id,STRING,PO-26008,,,,,,,false,1,genie/puppy/purchase_orders.csv,purchase_order_id,2026.07.19.2
CEO_BARKED_TWICE,PUPPY,PO-26008,vendor_organization_record_id,STRING,OR-COPPER-01,,,,,,,false,2,genie/puppy/purchase_orders.csv,vendor_organization_record_id,2026.07.19.2
CEO_BARKED_TWICE,PUPPY,PO-26008,buyer_organization_record_id,STRING,OR-SCC-01,,,,,,,false,3,genie/puppy/purchase_orders.csv,buyer_organization_record_id,2026.07.19.2
CEO_BARKED_TWICE,PUPPY,PO-26008,created_at,TIMESTAMP,,,,,,2025-08-05T00:00:00Z,,false,4,genie/puppy/purchase_orders.csv,created_at,2026.07.19.2
CEO_BARKED_TWICE,PUPPY,PO-26008,requested_by_record_id,STRING,PR-IDA-01,,,,,,,false,5,genie/puppy/purchase_orders.csv,requested_by_record_id,2026.07.19.2
CEO_BARKED_TWICE,PUPPY,PO-26008,approved_by_record_id,STRING,PR-CONRAD-01,,,,,,,false,6,genie/puppy/purchase_orders.csv,approved_by_record_id,2026.07.19.2
CEO_BARKED_TWICE,PUPPY,PO-26008,amount,DECIMAL,,,204000.00,,,,,false,7,genie/puppy/purchase_orders.csv,amount,2026.07.19.2
CEO_BARKED_TWICE,PUPPY,PO-26008,currency,STRING,BSC,,,,,,,false,8,genie/puppy/purchase_orders.csv,currency,2026.07.19.2
CEO_BARKED_TWICE,PUPPY,PO-26008,description,STRING,precision bearings,,,,,,,false,9,genie/puppy/purchase_orders.csv,description,2026.07.19.2
CEO_BARKED_TWICE,PUPPY,PO-26008,cost_center,STRING,CC-207,,,,,,,false,10,genie/puppy/purchase_orders.csv,cost_center,2026.07.19.2
CEO_BARKED_TWICE,PUPPY,PO-26008,status,STRING,CLOSED,,,,,,,false,11,genie/puppy/purchase_orders.csv,status,2026.07.19.2
CEO_BARKED_TWICE,PUPPY,PO-26009,purchase_order_id,STRING,PO-26009,,,,,,,false,1,genie/puppy/purchase_orders.csv,purchase_order_id,2026.07.19.2
CEO_BARKED_TWICE,PUPPY,PO-26009,vendor_organization_record_id,STRING,OR-IRON-01,,,,,,,false,2,genie/puppy/purchase_orders.csv,vendor_organization_record_id,2026.07.19.2
CEO_BARKED_TWICE,PUPPY,PO-26009,buyer_organization_record_id,STRING,OR-SCC-01,,,,,,,false,3,genie/puppy/purchase_orders.csv,buyer_organization_record_id,2026.07.19.2
CEO_BARKED_TWICE,PUPPY,PO-26009,created_at,TIMESTAMP,,,,,,2025-08-10T00:00:00Z,,false,4,genie/puppy/purchase_orders.csv,created_at,2026.07.19.2
CEO_BARKED_TWICE,PUPPY,PO-26009,requested_by_record_id,STRING,PR-IDA-01,,,,,,,false,5,genie/puppy/purchase_orders.csv,requested_by_record_id,2026.07.19.2
CEO_BARKED_TWICE,PUPPY,PO-26009,approved_by_record_id,STRING,PR-CONRAD-01,,,,,,,false,6,genie/puppy/purchase_orders.csv,approved_by_record_id,2026.07.19.2
CEO_BARKED_TWICE,PUPPY,PO-26009,amount,DECIMAL,,,221000.00,,,,,false,7,genie/puppy/purchase_orders.csv,amount,2026.07.19.2
CEO_BARKED_TWICE,PUPPY,PO-26009,currency,STRING,BSC,,,,,,,false,8,genie/puppy/purchase_orders.csv,currency,2026.07.19.2
CEO_BARKED_TWICE,PUPPY,PO-26009,description,STRING,motor housings,,,,,,,false,9,genie/puppy/purchase_orders.csv,description,2026.07.19.2
CEO_BARKED_TWICE,PUPPY,PO-26009,cost_center,STRING,CC-200,,,,,,,false,10,genie/puppy/purchase_orders.csv,cost_center,2026.07.19.2
CEO_BARKED_TWICE,PUPPY,PO-26009,status,STRING,CLOSED,,,,,,,false,11,genie/puppy/purchase_orders.csv,status,2026.07.19.2
CEO_BARKED_TWICE,PUPPY,PO-26010,purchase_order_id,STRING,PO-26010,,,,,,,false,1,genie/puppy/purchase_orders.csv,purchase_order_id,2026.07.19.2
CEO_BARKED_TWICE,PUPPY,PO-26010,vendor_organization_record_id,STRING,OR-WIRE-01,,,,,,,false,2,genie/puppy/purchase_orders.csv,vendor_organization_record_id,2026.07.19.2
CEO_BARKED_TWICE,PUPPY,PO-26010,buyer_organization_record_id,STRING,OR-SCC-01,,,,,,,false,3,genie/puppy/purchase_orders.csv,buyer_organization_record_id,2026.07.19.2
CEO_BARKED_TWICE,PUPPY,PO-26010,created_at,TIMESTAMP,,,,,,2025-08-15T00:00:00Z,,false,4,genie/puppy/purchase_orders.csv,created_at,2026.07.19.2
CEO_BARKED_TWICE,PUPPY,PO-26010,requested_by_record_id,STRING,PR-IDA-01,,,,,,,false,5,genie/puppy/purchase_orders.csv,requested_by_record_id,2026.07.19.2
CEO_BARKED_TWICE,PUPPY,PO-26010,approved_by_record_id,STRING,PR-CONRAD-01,,,,,,,false,6,genie/puppy/purchase_orders.csv,approved_by_record_id,2026.07.19.2
CEO_BARKED_TWICE,PUPPY,PO-26010,amount,DECIMAL,,,85000.00,,,,,false,7,genie/puppy/purchase_orders.csv,amount,2026.07.19.2
CEO_BARKED_TWICE,PUPPY,PO-26010,currency,STRING,BSC,,,,,,,false,8,genie/puppy/purchase_orders.csv,currency,2026.07.19.2
CEO_BARKED_TWICE,PUPPY,PO-26010,description,STRING,control relays,,,,,,,false,9,genie/puppy/purchase_orders.csv,description,2026.07.19.2
CEO_BARKED_TWICE,PUPPY,PO-26010,cost_center,STRING,CC-201,,,,,,,false,10,genie/puppy/purchase_orders.csv,cost_center,2026.07.19.2
CEO_BARKED_TWICE,PUPPY,PO-26010,status,STRING,CLOSED,,,,,,,false,11,genie/puppy/purchase_orders.csv,status,2026.07.19.2
CEO_BARKED_TWICE,PUPPY,PO-26011,purchase_order_id,STRING,PO-26011,,,,,,,false,1,genie/puppy/purchase_orders.csv,purchase_order_id,2026.07.19.2
CEO_BARKED_TWICE,PUPPY,PO-26011,vendor_organization_record_id,STRING,OR-TAIL-01,,,,,,,false,2,genie/puppy/purchase_orders.csv,vendor_organization_record_id,2026.07.19.2
CEO_BARKED_TWICE,PUPPY,PO-26011,buyer_organization_record_id,STRING,OR-SCC-01,,,,,,,false,3,genie/puppy/purchase_orders.csv,buyer_organization_record_id,2026.07.19.2
CEO_BARKED_TWICE,PUPPY,PO-26011,created_at,TIMESTAMP,,,,,,2025-08-20T00:00:00Z,,false,4,genie/puppy/purchase_orders.csv,created_at,2026.07.19.2
CEO_BARKED_TWICE,PUPPY,PO-26011,requested_by_record_id,STRING,PR-IDA-01,,,,,,,false,5,genie/puppy/purchase_orders.csv,requested_by_record_id,2026.07.19.2
CEO_BARKED_TWICE,PUPPY,PO-26011,approved_by_record_id,STRING,PR-CONRAD-01,,,,,,,false,6,genie/puppy/purchase_orders.csv,approved_by_record_id,2026.07.19.2
CEO_BARKED_TWICE,PUPPY,PO-26011,amount,DECIMAL,,,111000.00,,,,,false,7,genie/puppy/purchase_orders.csv,amount,2026.07.19.2
CEO_BARKED_TWICE,PUPPY,PO-26011,currency,STRING,BSC,,,,,,,false,8,genie/puppy/purchase_orders.csv,currency,2026.07.19.2
CEO_BARKED_TWICE,PUPPY,PO-26011,description,STRING,freight services,,,,,,,false,9,genie/puppy/purchase_orders.csv,description,2026.07.19.2
CEO_BARKED_TWICE,PUPPY,PO-26011,cost_center,STRING,CC-202,,,,,,,false,10,genie/puppy/purchase_orders.csv,cost_center,2026.07.19.2
CEO_BARKED_TWICE,PUPPY,PO-26011,status,STRING,CLOSED,,,,,,,false,11,genie/puppy/purchase_orders.csv,status,2026.07.19.2
CEO_BARKED_TWICE,PUPPY,PO-26012,purchase_order_id,STRING,PO-26012,,,,,,,false,1,genie/puppy/purchase_orders.csv,purchase_order_id,2026.07.19.2
CEO_BARKED_TWICE,PUPPY,PO-26012,vendor_organization_record_id,STRING,OR-BLUEBOWL-01,,,,,,,false,2,genie/puppy/purchase_orders.csv,vendor_organization_record_id,2026.07.19.2
CEO_BARKED_TWICE,PUPPY,PO-26012,buyer_organization_record_id,STRING,OR-SCC-01,,,,,,,false,3,genie/puppy/purchase_orders.csv,buyer_organization_record_id,2026.07.19.2
CEO_BARKED_TWICE,PUPPY,PO-26012,created_at,TIMESTAMP,,,,,,2025-08-25T00:00:00Z,,false,4,genie/puppy/purchase_orders.csv,created_at,2026.07.19.2
CEO_BARKED_TWICE,PUPPY,PO-26012,requested_by_record_id,STRING,PR-IDA-01,,,,,,,false,5,genie/puppy/purchase_orders.csv,requested_by_record_id,2026.07.19.2
CEO_BARKED_TWICE,PUPPY,PO-26012,approved_by_record_id,STRING,PR-CONRAD-01,,,,,,,false,6,genie/puppy/purchase_orders.csv,approved_by_record_id,2026.07.19.2
CEO_BARKED_TWICE,PUPPY,PO-26012,amount,DECIMAL,,,128000.00,,,,,false,7,genie/puppy/purchase_orders.csv,amount,2026.07.19.2
CEO_BARKED_TWICE,PUPPY,PO-26012,currency,STRING,BSC,,,,,,,false,8,genie/puppy/purchase_orders.csv,currency,2026.07.19.2
CEO_BARKED_TWICE,PUPPY,PO-26012,description,STRING,packaging reels,,,,,,,false,9,genie/puppy/purchase_orders.csv,description,2026.07.19.2
CEO_BARKED_TWICE,PUPPY,PO-26012,cost_center,STRING,CC-203,,,,,,,false,10,genie/puppy/purchase_orders.csv,cost_center,2026.07.19.2
CEO_BARKED_TWICE,PUPPY,PO-26012,status,STRING,CLOSED,,,,,,,false,11,genie/puppy/purchase_orders.csv,status,2026.07.19.2
CEO_BARKED_TWICE,PUPPY,PO-26013,purchase_order_id,STRING,PO-26013,,,,,,,false,1,genie/puppy/purchase_orders.csv,purchase_order_id,2026.07.19.2
CEO_BARKED_TWICE,PUPPY,PO-26013,vendor_organization_record_id,STRING,OR-COPPER-01,,,,,,,false,2,genie/puppy/purchase_orders.csv,vendor_organization_record_id,2026.07.19.2
CEO_BARKED_TWICE,PUPPY,PO-26013,buyer_organization_record_id,STRING,OR-SCC-01,,,,,,,false,3,genie/puppy/purchase_orders.csv,buyer_organization_record_id,2026.07.19.2
CEO_BARKED_TWICE,PUPPY,PO-26013,created_at,TIMESTAMP,,,,,,2025-08-30T00:00:00Z,,false,4,genie/puppy/purchase_orders.csv,created_at,2026.07.19.2
CEO_BARKED_TWICE,PUPPY,PO-26013,requested_by_record_id,STRING,PR-IDA-01,,,,,,,false,5,genie/puppy/purchase_orders.csv,requested_by_record_id,2026.07.19.2
CEO_BARKED_TWICE,PUPPY,PO-26013,approved_by_record_id,STRING,PR-CONRAD-01,,,,,,,false,6,genie/puppy/purchase_orders.csv,approved_by_record_id,2026.07.19.2
CEO_BARKED_TWICE,PUPPY,PO-26013,amount,DECIMAL,,,145000.00,,,,,false,7,genie/puppy/purchase_orders.csv,amount,2026.07.19.2
CEO_BARKED_TWICE,PUPPY,PO-26013,currency,STRING,BSC,,,,,,,false,8,genie/puppy/purchase_orders.csv,currency,2026.07.19.2
CEO_BARKED_TWICE,PUPPY,PO-26013,description,STRING,office systems,,,,,,,false,9,genie/puppy/purchase_orders.csv,description,2026.07.19.2
CEO_BARKED_TWICE,PUPPY,PO-26013,cost_center,STRING,CC-204,,,,,,,false,10,genie/puppy/purchase_orders.csv,cost_center,2026.07.19.2
CEO_BARKED_TWICE,PUPPY,PO-26013,status,STRING,CLOSED,,,,,,,false,11,genie/puppy/purchase_orders.csv,status,2026.07.19.2
CEO_BARKED_TWICE,PUPPY,PO-26014,purchase_order_id,STRING,PO-26014,,,,,,,false,1,genie/puppy/purchase_orders.csv,purchase_order_id,2026.07.19.2
CEO_BARKED_TWICE,PUPPY,PO-26014,vendor_organization_record_id,STRING,OR-RETRIEVER-01,,,,,,,false,2,genie/puppy/purchase_orders.csv,vendor_organization_record_id,2026.07.19.2
CEO_BARKED_TWICE,PUPPY,PO-26014,buyer_organization_record_id,STRING,OR-SCC-01,,,,,,,false,3,genie/puppy/purchase_orders.csv,buyer_organization_record_id,2026.07.19.2
CEO_BARKED_TWICE,PUPPY,PO-26014,created_at,TIMESTAMP,,,,,,2025-09-04T00:00:00Z,,false,4,genie/puppy/purchase_orders.csv,created_at,2026.07.19.2
CEO_BARKED_TWICE,PUPPY,PO-26014,requested_by_record_id,STRING,PR-IDA-01,,,,,,,false,5,genie/puppy/purchase_orders.csv,requested_by_record_id,2026.07.19.2
CEO_BARKED_TWICE,PUPPY,PO-26014,approved_by_record_id,STRING,PR-CONRAD-01,,,,,,,false,6,genie/puppy/purchase_orders.csv,approved_by_record_id,2026.07.19.2
CEO_BARKED_TWICE,PUPPY,PO-26014,amount,DECIMAL,,,162000.00,,,,,false,7,genie/puppy/purchase_orders.csv,amount,2026.07.19.2
CEO_BARKED_TWICE,PUPPY,PO-26014,currency,STRING,BSC,,,,,,,false,8,genie/puppy/purchase_orders.csv,currency,2026.07.19.2
CEO_BARKED_TWICE,PUPPY,PO-26014,description,STRING,robotic grippers,,,,,,,false,9,genie/puppy/purchase_orders.csv,description,2026.07.19.2
CEO_BARKED_TWICE,PUPPY,PO-26014,cost_center,STRING,CC-205,,,,,,,false,10,genie/puppy/purchase_orders.csv,cost_center,2026.07.19.2
CEO_BARKED_TWICE,PUPPY,PO-26014,status,STRING,CLOSED,,,,,,,false,11,genie/puppy/purchase_orders.csv,status,2026.07.19.2
CEO_BARKED_TWICE,PUPPY,PO-26015,purchase_order_id,STRING,PO-26015,,,,,,,false,1,genie/puppy/purchase_orders.csv,purchase_order_id,2026.07.19.2
CEO_BARKED_TWICE,PUPPY,PO-26015,vendor_organization_record_id,STRING,OR-COPPER-01,,,,,,,false,2,genie/puppy/purchase_orders.csv,vendor_organization_record_id,2026.07.19.2
CEO_BARKED_TWICE,PUPPY,PO-26015,buyer_organization_record_id,STRING,OR-SCC-01,,,,,,,false,3,genie/puppy/purchase_orders.csv,buyer_organization_record_id,2026.07.19.2
CEO_BARKED_TWICE,PUPPY,PO-26015,created_at,TIMESTAMP,,,,,,2025-09-09T00:00:00Z,,false,4,genie/puppy/purchase_orders.csv,created_at,2026.07.19.2
CEO_BARKED_TWICE,PUPPY,PO-26015,requested_by_record_id,STRING,PR-IDA-01,,,,,,,false,5,genie/puppy/purchase_orders.csv,requested_by_record_id,2026.07.19.2
CEO_BARKED_TWICE,PUPPY,PO-26015,approved_by_record_id,STRING,PR-CONRAD-01,,,,,,,false,6,genie/puppy/purchase_orders.csv,approved_by_record_id,2026.07.19.2
CEO_BARKED_TWICE,PUPPY,PO-26015,amount,DECIMAL,,,179000.00,,,,,false,7,genie/puppy/purchase_orders.csv,amount,2026.07.19.2
CEO_BARKED_TWICE,PUPPY,PO-26015,currency,STRING,BSC,,,,,,,false,8,genie/puppy/purchase_orders.csv,currency,2026.07.19.2
CEO_BARKED_TWICE,PUPPY,PO-26015,description,STRING,precision bearings,,,,,,,false,9,genie/puppy/purchase_orders.csv,description,2026.07.19.2
CEO_BARKED_TWICE,PUPPY,PO-26015,cost_center,STRING,CC-206,,,,,,,false,10,genie/puppy/purchase_orders.csv,cost_center,2026.07.19.2
CEO_BARKED_TWICE,PUPPY,PO-26015,status,STRING,CLOSED,,,,,,,false,11,genie/puppy/purchase_orders.csv,status,2026.07.19.2
CEO_BARKED_TWICE,PUPPY,PO-26016,purchase_order_id,STRING,PO-26016,,,,,,,false,1,genie/puppy/purchase_orders.csv,purchase_order_id,2026.07.19.2
CEO_BARKED_TWICE,PUPPY,PO-26016,vendor_organization_record_id,STRING,OR-IRON-01,,,,,,,false,2,genie/puppy/purchase_orders.csv,vendor_organization_record_id,2026.07.19.2
CEO_BARKED_TWICE,PUPPY,PO-26016,buyer_organization_record_id,STRING,OR-SCC-01,,,,,,,false,3,genie/puppy/purchase_orders.csv,buyer_organization_record_id,2026.07.19.2
CEO_BARKED_TWICE,PUPPY,PO-26016,created_at,TIMESTAMP,,,,,,2025-09-14T00:00:00Z,,false,4,genie/puppy/purchase_orders.csv,created_at,2026.07.19.2
CEO_BARKED_TWICE,PUPPY,PO-26016,requested_by_record_id,STRING,PR-IDA-01,,,,,,,false,5,genie/puppy/purchase_orders.csv,requested_by_record_id,2026.07.19.2
CEO_BARKED_TWICE,PUPPY,PO-26016,approved_by_record_id,STRING,PR-CONRAD-01,,,,,,,false,6,genie/puppy/purchase_orders.csv,approved_by_record_id,2026.07.19.2
CEO_BARKED_TWICE,PUPPY,PO-26016,amount,DECIMAL,,,196000.00,,,,,false,7,genie/puppy/purchase_orders.csv,amount,2026.07.19.2
CEO_BARKED_TWICE,PUPPY,PO-26016,currency,STRING,BSC,,,,,,,false,8,genie/puppy/purchase_orders.csv,currency,2026.07.19.2
CEO_BARKED_TWICE,PUPPY,PO-26016,description,STRING,motor housings,,,,,,,false,9,genie/puppy/purchase_orders.csv,description,2026.07.19.2
CEO_BARKED_TWICE,PUPPY,PO-26016,cost_center,STRING,CC-207,,,,,,,false,10,genie/puppy/purchase_orders.csv,cost_center,2026.07.19.2
CEO_BARKED_TWICE,PUPPY,PO-26016,status,STRING,CLOSED,,,,,,,false,11,genie/puppy/purchase_orders.csv,status,2026.07.19.2
CEO_BARKED_TWICE,PUPPY,PO-26017,purchase_order_id,STRING,PO-26017,,,,,,,false,1,genie/puppy/purchase_orders.csv,purchase_order_id,2026.07.19.2
CEO_BARKED_TWICE,PUPPY,PO-26017,vendor_organization_record_id,STRING,OR-WIRE-01,,,,,,,false,2,genie/puppy/purchase_orders.csv,vendor_organization_record_id,2026.07.19.2
CEO_BARKED_TWICE,PUPPY,PO-26017,buyer_organization_record_id,STRING,OR-SCC-01,,,,,,,false,3,genie/puppy/purchase_orders.csv,buyer_organization_record_id,2026.07.19.2
CEO_BARKED_TWICE,PUPPY,PO-26017,created_at,TIMESTAMP,,,,,,2025-09-19T00:00:00Z,,false,4,genie/puppy/purchase_orders.csv,created_at,2026.07.19.2
CEO_BARKED_TWICE,PUPPY,PO-26017,requested_by_record_id,STRING,PR-IDA-01,,,,,,,false,5,genie/puppy/purchase_orders.csv,requested_by_record_id,2026.07.19.2
CEO_BARKED_TWICE,PUPPY,PO-26017,approved_by_record_id,STRING,PR-CONRAD-01,,,,,,,false,6,genie/puppy/purchase_orders.csv,approved_by_record_id,2026.07.19.2
CEO_BARKED_TWICE,PUPPY,PO-26017,amount,DECIMAL,,,213000.00,,,,,false,7,genie/puppy/purchase_orders.csv,amount,2026.07.19.2
CEO_BARKED_TWICE,PUPPY,PO-26017,currency,STRING,BSC,,,,,,,false,8,genie/puppy/purchase_orders.csv,currency,2026.07.19.2
CEO_BARKED_TWICE,PUPPY,PO-26017,description,STRING,control relays,,,,,,,false,9,genie/puppy/purchase_orders.csv,description,2026.07.19.2
CEO_BARKED_TWICE,PUPPY,PO-26017,cost_center,STRING,CC-200,,,,,,,false,10,genie/puppy/purchase_orders.csv,cost_center,2026.07.19.2
CEO_BARKED_TWICE,PUPPY,PO-26017,status,STRING,CLOSED,,,,,,,false,11,genie/puppy/purchase_orders.csv,status,2026.07.19.2
CEO_BARKED_TWICE,PUPPY,PO-26018,purchase_order_id,STRING,PO-26018,,,,,,,false,1,genie/puppy/purchase_orders.csv,purchase_order_id,2026.07.19.2
CEO_BARKED_TWICE,PUPPY,PO-26018,vendor_organization_record_id,STRING,OR-TAIL-01,,,,,,,false,2,genie/puppy/purchase_orders.csv,vendor_organization_record_id,2026.07.19.2
CEO_BARKED_TWICE,PUPPY,PO-26018,buyer_organization_record_id,STRING,OR-SCC-01,,,,,,,false,3,genie/puppy/purchase_orders.csv,buyer_organization_record_id,2026.07.19.2
CEO_BARKED_TWICE,PUPPY,PO-26018,created_at,TIMESTAMP,,,,,,2025-09-24T00:00:00Z,,false,4,genie/puppy/purchase_orders.csv,created_at,2026.07.19.2
CEO_BARKED_TWICE,PUPPY,PO-26018,requested_by_record_id,STRING,PR-IDA-01,,,,,,,false,5,genie/puppy/purchase_orders.csv,requested_by_record_id,2026.07.19.2
CEO_BARKED_TWICE,PUPPY,PO-26018,approved_by_record_id,STRING,PR-CONRAD-01,,,,,,,false,6,genie/puppy/purchase_orders.csv,approved_by_record_id,2026.07.19.2
CEO_BARKED_TWICE,PUPPY,PO-26018,amount,DECIMAL,,,230000.00,,,,,false,7,genie/puppy/purchase_orders.csv,amount,2026.07.19.2
CEO_BARKED_TWICE,PUPPY,PO-26018,currency,STRING,BSC,,,,,,,false,8,genie/puppy/purchase_orders.csv,currency,2026.07.19.2
CEO_BARKED_TWICE,PUPPY,PO-26018,description,STRING,freight services,,,,,,,false,9,genie/puppy/purchase_orders.csv,description,2026.07.19.2
CEO_BARKED_TWICE,PUPPY,PO-26018,cost_center,STRING,CC-201,,,,,,,false,10,genie/puppy/purchase_orders.csv,cost_center,2026.07.19.2
CEO_BARKED_TWICE,PUPPY,PO-26018,status,STRING,CLOSED,,,,,,,false,11,genie/puppy/purchase_orders.csv,status,2026.07.19.2
CEO_BARKED_TWICE,PUPPY,VCR-001,vendor_change_request_id,STRING,VCR-001,,,,,,,false,1,genie/puppy/vendor_changes.csv,vendor_change_request_id,2026.07.19.2
CEO_BARKED_TWICE,PUPPY,VCR-001,vendor_organization_record_id,STRING,OR-COPPER-01,,,,,,,false,2,genie/puppy/vendor_changes.csv,vendor_organization_record_id,2026.07.19.2
CEO_BARKED_TWICE,PUPPY,VCR-001,old_account_id,STRING,A-COPPER-2207,,,,,,,false,3,genie/puppy/vendor_changes.csv,old_account_id,2026.07.19.2
CEO_BARKED_TWICE,PUPPY,VCR-001,new_account_id,STRING,A-NIGHTJAR-8842,,,,,,,false,4,genie/puppy/vendor_changes.csv,new_account_id,2026.07.19.2
CEO_BARKED_TWICE,PUPPY,VCR-001,requested_at,TIMESTAMP,,,,,,2026-02-10T09:12:00Z,,false,5,genie/puppy/vendor_changes.csv,requested_at,2026.07.19.2
CEO_BARKED_TWICE,PUPPY,VCR-001,requested_by_record_id,STRING,PR-PENNY-01,,,,,,,false,6,genie/puppy/vendor_changes.csv,requested_by_record_id,2026.07.19.2
CEO_BARKED_TWICE,PUPPY,VCR-001,approved_by_record_id,STRING,PR-CONRAD-01,,,,,,,false,7,genie/puppy/vendor_changes.csv,approved_by_record_id,2026.07.19.2
CEO_BARKED_TWICE,PUPPY,VCR-001,request_domain,STRING,copperpavv.example,,,,,,,false,8,genie/puppy/vendor_changes.csv,request_domain,2026.07.19.2
CEO_BARKED_TWICE,PUPPY,VCR-001,verification_method,STRING,EMAIL_ONLY,,,,,,,false,9,genie/puppy/vendor_changes.csv,verification_method,2026.07.19.2
CEO_BARKED_TWICE,PUPPY,VCR-001,status,STRING,APPROVED,,,,,,,false,10,genie/puppy/vendor_changes.csv,status,2026.07.19.2
CEO_BARKED_TWICE,PUPPY,VCR-002,vendor_change_request_id,STRING,VCR-002,,,,,,,false,1,genie/puppy/vendor_changes.csv,vendor_change_request_id,2026.07.19.2
CEO_BARKED_TWICE,PUPPY,VCR-002,vendor_organization_record_id,STRING,OR-COPPER-01,,,,,,,false,2,genie/puppy/vendor_changes.csv,vendor_organization_record_id,2026.07.19.2
CEO_BARKED_TWICE,PUPPY,VCR-002,old_account_id,STRING,A-COPPER-2207,,,,,,,false,3,genie/puppy/vendor_changes.csv,old_account_id,2026.07.19.2
CEO_BARKED_TWICE,PUPPY,VCR-002,new_account_id,STRING,A-NIGHTJAR-8842,,,,,,,false,4,genie/puppy/vendor_changes.csv,new_account_id,2026.07.19.2
CEO_BARKED_TWICE,PUPPY,VCR-002,requested_at,TIMESTAMP,,,,,,2026-02-18T08:55:00Z,,false,5,genie/puppy/vendor_changes.csv,requested_at,2026.07.19.2
CEO_BARKED_TWICE,PUPPY,VCR-002,requested_by_record_id,STRING,PR-PENNY-01,,,,,,,false,6,genie/puppy/vendor_changes.csv,requested_by_record_id,2026.07.19.2
CEO_BARKED_TWICE,PUPPY,VCR-002,approved_by_record_id,STRING,PR-CONRAD-01,,,,,,,false,7,genie/puppy/vendor_changes.csv,approved_by_record_id,2026.07.19.2
CEO_BARKED_TWICE,PUPPY,VCR-002,request_domain,STRING,copperpavv.example,,,,,,,false,8,genie/puppy/vendor_changes.csv,request_domain,2026.07.19.2
CEO_BARKED_TWICE,PUPPY,VCR-002,verification_method,STRING,EMAIL_ONLY,,,,,,,false,9,genie/puppy/vendor_changes.csv,verification_method,2026.07.19.2
CEO_BARKED_TWICE,PUPPY,VCR-002,status,STRING,APPROVED,,,,,,,false,10,genie/puppy/vendor_changes.csv,status,2026.07.19.2
CEO_BARKED_TWICE,PUPPY,VCR-003,vendor_change_request_id,STRING,VCR-003,,,,,,,false,1,genie/puppy/vendor_changes.csv,vendor_change_request_id,2026.07.19.2
CEO_BARKED_TWICE,PUPPY,VCR-003,vendor_organization_record_id,STRING,OR-COPPER-01,,,,,,,false,2,genie/puppy/vendor_changes.csv,vendor_organization_record_id,2026.07.19.2
CEO_BARKED_TWICE,PUPPY,VCR-003,old_account_id,STRING,A-COPPER-2207,,,,,,,false,3,genie/puppy/vendor_changes.csv,old_account_id,2026.07.19.2
CEO_BARKED_TWICE,PUPPY,VCR-003,new_account_id,STRING,A-NIGHTJAR-8842,,,,,,,false,4,genie/puppy/vendor_changes.csv,new_account_id,2026.07.19.2
CEO_BARKED_TWICE,PUPPY,VCR-003,requested_at,TIMESTAMP,,,,,,2026-02-25T08:31:00Z,,false,5,genie/puppy/vendor_changes.csv,requested_at,2026.07.19.2
CEO_BARKED_TWICE,PUPPY,VCR-003,requested_by_record_id,STRING,PR-PENNY-01,,,,,,,false,6,genie/puppy/vendor_changes.csv,requested_by_record_id,2026.07.19.2
CEO_BARKED_TWICE,PUPPY,VCR-003,approved_by_record_id,STRING,PR-CONRAD-01,,,,,,,false,7,genie/puppy/vendor_changes.csv,approved_by_record_id,2026.07.19.2
CEO_BARKED_TWICE,PUPPY,VCR-003,request_domain,STRING,copperpavv.example,,,,,,,false,8,genie/puppy/vendor_changes.csv,request_domain,2026.07.19.2
CEO_BARKED_TWICE,PUPPY,VCR-003,verification_method,STRING,CALLBACK_PENDING,,,,,,,false,9,genie/puppy/vendor_changes.csv,verification_method,2026.07.19.2
CEO_BARKED_TWICE,PUPPY,VCR-003,status,STRING,HELD,,,,,,,false,10,genie/puppy/vendor_changes.csv,status,2026.07.19.2
CEO_BARKED_TWICE,PUPPY,VCR-004,vendor_change_request_id,STRING,VCR-004,,,,,,,false,1,genie/puppy/vendor_changes.csv,vendor_change_request_id,2026.07.19.2
CEO_BARKED_TWICE,PUPPY,VCR-004,vendor_organization_record_id,STRING,OR-BLUEBOWL-01,,,,,,,false,2,genie/puppy/vendor_changes.csv,vendor_organization_record_id,2026.07.19.2
CEO_BARKED_TWICE,PUPPY,VCR-004,old_account_id,STRING,A-BLUEBOWL-3164,,,,,,,false,3,genie/puppy/vendor_changes.csv,old_account_id,2026.07.19.2
CEO_BARKED_TWICE,PUPPY,VCR-004,new_account_id,STRING,A-BLUEBOWL-3164,,,,,,,false,4,genie/puppy/vendor_changes.csv,new_account_id,2026.07.19.2
CEO_BARKED_TWICE,PUPPY,VCR-004,requested_at,TIMESTAMP,,,,,,2025-09-15T00:00:00Z,,false,5,genie/puppy/vendor_changes.csv,requested_at,2026.07.19.2
CEO_BARKED_TWICE,PUPPY,VCR-004,requested_by_record_id,STRING,PR-PENNY-01,,,,,,,false,6,genie/puppy/vendor_changes.csv,requested_by_record_id,2026.07.19.2
CEO_BARKED_TWICE,PUPPY,VCR-004,approved_by_record_id,STRING,PR-IDA-01,,,,,,,false,7,genie/puppy/vendor_changes.csv,approved_by_record_id,2026.07.19.2
CEO_BARKED_TWICE,PUPPY,VCR-004,request_domain,STRING,blue.bowl.packaging.example,,,,,,,false,8,genie/puppy/vendor_changes.csv,request_domain,2026.07.19.2
CEO_BARKED_TWICE,PUPPY,VCR-004,verification_method,STRING,EMAIL_ONLY,,,,,,,false,9,genie/puppy/vendor_changes.csv,verification_method,2026.07.19.2
CEO_BARKED_TWICE,PUPPY,VCR-004,status,STRING,CANCELLED,,,,,,,false,10,genie/puppy/vendor_changes.csv,status,2026.07.19.2
CEO_BARKED_TWICE,PUPPY,VCR-005,vendor_change_request_id,STRING,VCR-005,,,,,,,false,1,genie/puppy/vendor_changes.csv,vendor_change_request_id,2026.07.19.2
CEO_BARKED_TWICE,PUPPY,VCR-005,vendor_organization_record_id,STRING,OR-HOUNDOFF-01,,,,,,,false,2,genie/puppy/vendor_changes.csv,vendor_organization_record_id,2026.07.19.2
CEO_BARKED_TWICE,PUPPY,VCR-005,old_account_id,STRING,A-HOUNDOFF-3205,,,,,,,false,3,genie/puppy/vendor_changes.csv,old_account_id,2026.07.19.2
CEO_BARKED_TWICE,PUPPY,VCR-005,new_account_id,STRING,A-HOUNDOFF-3205,,,,,,,false,4,genie/puppy/vendor_changes.csv,new_account_id,2026.07.19.2
CEO_BARKED_TWICE,PUPPY,VCR-005,requested_at,TIMESTAMP,,,,,,2025-09-30T00:00:00Z,,false,5,genie/puppy/vendor_changes.csv,requested_at,2026.07.19.2
CEO_BARKED_TWICE,PUPPY,VCR-005,requested_by_record_id,STRING,PR-PENNY-01,,,,,,,false,6,genie/puppy/vendor_changes.csv,requested_by_record_id,2026.07.19.2
CEO_BARKED_TWICE,PUPPY,VCR-005,approved_by_record_id,STRING,PR-IDA-01,,,,,,,false,7,genie/puppy/vendor_changes.csv,approved_by_record_id,2026.07.19.2
CEO_BARKED_TWICE,PUPPY,VCR-005,request_domain,STRING,hound.office.solutions.example,,,,,,,false,8,genie/puppy/vendor_changes.csv,request_domain,2026.07.19.2
CEO_BARKED_TWICE,PUPPY,VCR-005,verification_method,STRING,CALLBACK_VERIFIED,,,,,,,false,9,genie/puppy/vendor_changes.csv,verification_method,2026.07.19.2
CEO_BARKED_TWICE,PUPPY,VCR-005,status,STRING,APPROVED,,,,,,,false,10,genie/puppy/vendor_changes.csv,status,2026.07.19.2
CEO_BARKED_TWICE,PUPPY,VCR-006,vendor_change_request_id,STRING,VCR-006,,,,,,,false,1,genie/puppy/vendor_changes.csv,vendor_change_request_id,2026.07.19.2
CEO_BARKED_TWICE,PUPPY,VCR-006,vendor_organization_record_id,STRING,OR-RETRIEVER-01,,,,,,,false,2,genie/puppy/vendor_changes.csv,vendor_organization_record_id,2026.07.19.2
CEO_BARKED_TWICE,PUPPY,VCR-006,old_account_id,STRING,A-RETRIEVER-3246,,,,,,,false,3,genie/puppy/vendor_changes.csv,old_account_id,2026.07.19.2
CEO_BARKED_TWICE,PUPPY,VCR-006,new_account_id,STRING,A-RETRIEVER-3246,,,,,,,false,4,genie/puppy/vendor_changes.csv,new_account_id,2026.07.19.2
CEO_BARKED_TWICE,PUPPY,VCR-006,requested_at,TIMESTAMP,,,,,,2025-10-15T00:00:00Z,,false,5,genie/puppy/vendor_changes.csv,requested_at,2026.07.19.2
CEO_BARKED_TWICE,PUPPY,VCR-006,requested_by_record_id,STRING,PR-PENNY-01,,,,,,,false,6,genie/puppy/vendor_changes.csv,requested_by_record_id,2026.07.19.2
CEO_BARKED_TWICE,PUPPY,VCR-006,approved_by_record_id,STRING,PR-IDA-01,,,,,,,false,7,genie/puppy/vendor_changes.csv,approved_by_record_id,2026.07.19.2
CEO_BARKED_TWICE,PUPPY,VCR-006,request_domain,STRING,retriever.robotics.example,,,,,,,false,8,genie/puppy/vendor_changes.csv,request_domain,2026.07.19.2
CEO_BARKED_TWICE,PUPPY,VCR-006,verification_method,STRING,SIGNED_FORM,,,,,,,false,9,genie/puppy/vendor_changes.csv,verification_method,2026.07.19.2
CEO_BARKED_TWICE,PUPPY,VCR-006,status,STRING,REJECTED,,,,,,,false,10,genie/puppy/vendor_changes.csv,status,2026.07.19.2
CEO_BARKED_TWICE,PUPPY,VCR-007,vendor_change_request_id,STRING,VCR-007,,,,,,,false,1,genie/puppy/vendor_changes.csv,vendor_change_request_id,2026.07.19.2
CEO_BARKED_TWICE,PUPPY,VCR-007,vendor_organization_record_id,STRING,OR-COPPER-01,,,,,,,false,2,genie/puppy/vendor_changes.csv,vendor_organization_record_id,2026.07.19.2
CEO_BARKED_TWICE,PUPPY,VCR-007,old_account_id,STRING,A-COPPER-2207,,,,,,,false,3,genie/puppy/vendor_changes.csv,old_account_id,2026.07.19.2
CEO_BARKED_TWICE,PUPPY,VCR-007,new_account_id,STRING,A-LEG-8221,,,,,,,false,4,genie/puppy/vendor_changes.csv,new_account_id,2026.07.19.2
CEO_BARKED_TWICE,PUPPY,VCR-007,requested_at,TIMESTAMP,,,,,,2025-10-30T00:00:00Z,,false,5,genie/puppy/vendor_changes.csv,requested_at,2026.07.19.2
CEO_BARKED_TWICE,PUPPY,VCR-007,requested_by_record_id,STRING,PR-PENNY-01,,,,,,,false,6,genie/puppy/vendor_changes.csv,requested_by_record_id,2026.07.19.2
CEO_BARKED_TWICE,PUPPY,VCR-007,approved_by_record_id,STRING,PR-IDA-01,,,,,,,false,7,genie/puppy/vendor_changes.csv,approved_by_record_id,2026.07.19.2
CEO_BARKED_TWICE,PUPPY,VCR-007,request_domain,STRING,copperpaw.example,,,,,,,false,8,genie/puppy/vendor_changes.csv,request_domain,2026.07.19.2
CEO_BARKED_TWICE,PUPPY,VCR-007,verification_method,STRING,PORTAL_VERIFIED,,,,,,,false,9,genie/puppy/vendor_changes.csv,verification_method,2026.07.19.2
CEO_BARKED_TWICE,PUPPY,VCR-007,status,STRING,CANCELLED,,,,,,,false,10,genie/puppy/vendor_changes.csv,status,2026.07.19.2
CEO_BARKED_TWICE,PUPPY,VCR-008,vendor_change_request_id,STRING,VCR-008,,,,,,,false,1,genie/puppy/vendor_changes.csv,vendor_change_request_id,2026.07.19.2
CEO_BARKED_TWICE,PUPPY,VCR-008,vendor_organization_record_id,STRING,OR-IRON-01,,,,,,,false,2,genie/puppy/vendor_changes.csv,vendor_organization_record_id,2026.07.19.2
CEO_BARKED_TWICE,PUPPY,VCR-008,old_account_id,STRING,A-IRON-3041,,,,,,,false,3,genie/puppy/vendor_changes.csv,old_account_id,2026.07.19.2
CEO_BARKED_TWICE,PUPPY,VCR-008,new_account_id,STRING,A-LEG-8238,,,,,,,false,4,genie/puppy/vendor_changes.csv,new_account_id,2026.07.19.2
CEO_BARKED_TWICE,PUPPY,VCR-008,requested_at,TIMESTAMP,,,,,,2025-11-14T00:00:00Z,,false,5,genie/puppy/vendor_changes.csv,requested_at,2026.07.19.2
CEO_BARKED_TWICE,PUPPY,VCR-008,requested_by_record_id,STRING,PR-PENNY-01,,,,,,,false,6,genie/puppy/vendor_changes.csv,requested_by_record_id,2026.07.19.2
CEO_BARKED_TWICE,PUPPY,VCR-008,approved_by_record_id,STRING,PR-IDA-01,,,,,,,false,7,genie/puppy/vendor_changes.csv,approved_by_record_id,2026.07.19.2
CEO_BARKED_TWICE,PUPPY,VCR-008,request_domain,STRING,iron.leash.manufacturing.example,,,,,,,false,8,genie/puppy/vendor_changes.csv,request_domain,2026.07.19.2
CEO_BARKED_TWICE,PUPPY,VCR-008,verification_method,STRING,EMAIL_ONLY,,,,,,,false,9,genie/puppy/vendor_changes.csv,verification_method,2026.07.19.2
CEO_BARKED_TWICE,PUPPY,VCR-008,status,STRING,APPROVED,,,,,,,false,10,genie/puppy/vendor_changes.csv,status,2026.07.19.2
CEO_BARKED_TWICE,PUPPY,VCR-009,vendor_change_request_id,STRING,VCR-009,,,,,,,false,1,genie/puppy/vendor_changes.csv,vendor_change_request_id,2026.07.19.2
CEO_BARKED_TWICE,PUPPY,VCR-009,vendor_organization_record_id,STRING,OR-WIRE-01,,,,,,,false,2,genie/puppy/vendor_changes.csv,vendor_organization_record_id,2026.07.19.2
CEO_BARKED_TWICE,PUPPY,VCR-009,old_account_id,STRING,A-WIRE-3082,,,,,,,false,3,genie/puppy/vendor_changes.csv,old_account_id,2026.07.19.2
CEO_BARKED_TWICE,PUPPY,VCR-009,new_account_id,STRING,A-LEG-8153,,,,,,,false,4,genie/puppy/vendor_changes.csv,new_account_id,2026.07.19.2
CEO_BARKED_TWICE,PUPPY,VCR-009,requested_at,TIMESTAMP,,,,,,2025-11-29T00:00:00Z,,false,5,genie/puppy/vendor_changes.csv,requested_at,2026.07.19.2
CEO_BARKED_TWICE,PUPPY,VCR-009,requested_by_record_id,STRING,PR-PENNY-01,,,,,,,false,6,genie/puppy/vendor_changes.csv,requested_by_record_id,2026.07.19.2
CEO_BARKED_TWICE,PUPPY,VCR-009,approved_by_record_id,STRING,PR-IDA-01,,,,,,,false,7,genie/puppy/vendor_changes.csv,approved_by_record_id,2026.07.19.2
CEO_BARKED_TWICE,PUPPY,VCR-009,request_domain,STRING,wire.whisker.electronics.example,,,,,,,false,8,genie/puppy/vendor_changes.csv,request_domain,2026.07.19.2
CEO_BARKED_TWICE,PUPPY,VCR-009,verification_method,STRING,CALLBACK_VERIFIED,,,,,,,false,9,genie/puppy/vendor_changes.csv,verification_method,2026.07.19.2
CEO_BARKED_TWICE,PUPPY,VCR-009,status,STRING,APPROVED,,,,,,,false,10,genie/puppy/vendor_changes.csv,status,2026.07.19.2
CEO_BARKED_TWICE,PUPPY,VCR-010,vendor_change_request_id,STRING,VCR-010,,,,,,,false,1,genie/puppy/vendor_changes.csv,vendor_change_request_id,2026.07.19.2
CEO_BARKED_TWICE,PUPPY,VCR-010,vendor_organization_record_id,STRING,OR-TAIL-01,,,,,,,false,2,genie/puppy/vendor_changes.csv,vendor_organization_record_id,2026.07.19.2
CEO_BARKED_TWICE,PUPPY,VCR-010,old_account_id,STRING,A-TAIL-3123,,,,,,,false,3,genie/puppy/vendor_changes.csv,old_account_id,2026.07.19.2
CEO_BARKED_TWICE,PUPPY,VCR-010,new_account_id,STRING,A-LEG-8170,,,,,,,false,4,genie/puppy/vendor_changes.csv,new_account_id,2026.07.19.2
CEO_BARKED_TWICE,PUPPY,VCR-010,requested_at,TIMESTAMP,,,,,,2025-12-14T00:00:00Z,,false,5,genie/puppy/vendor_changes.csv,requested_at,2026.07.19.2
CEO_BARKED_TWICE,PUPPY,VCR-010,requested_by_record_id,STRING,PR-PENNY-01,,,,,,,false,6,genie/puppy/vendor_changes.csv,requested_by_record_id,2026.07.19.2
CEO_BARKED_TWICE,PUPPY,VCR-010,approved_by_record_id,STRING,PR-IDA-01,,,,,,,false,7,genie/puppy/vendor_changes.csv,approved_by_record_id,2026.07.19.2
CEO_BARKED_TWICE,PUPPY,VCR-010,request_domain,STRING,tailspin.freight.co.example,,,,,,,false,8,genie/puppy/vendor_changes.csv,request_domain,2026.07.19.2
CEO_BARKED_TWICE,PUPPY,VCR-010,verification_method,STRING,SIGNED_FORM,,,,,,,false,9,genie/puppy/vendor_changes.csv,verification_method,2026.07.19.2
CEO_BARKED_TWICE,PUPPY,VCR-010,status,STRING,CANCELLED,,,,,,,false,10,genie/puppy/vendor_changes.csv,status,2026.07.19.2
CEO_BARKED_TWICE,PUPPY,VR-001,vendor_relationship_id,STRING,VR-001,,,,,,,false,1,genie/puppy/vendor_relationships.csv,vendor_relationship_id,2026.07.19.2
CEO_BARKED_TWICE,PUPPY,VR-001,buyer_organization_record_id,STRING,OR-SCC-01,,,,,,,false,2,genie/puppy/vendor_relationships.csv,buyer_organization_record_id,2026.07.19.2
CEO_BARKED_TWICE,PUPPY,VR-001,vendor_organization_record_id,STRING,OR-COPPER-01,,,,,,,false,3,genie/puppy/vendor_relationships.csv,vendor_organization_record_id,2026.07.19.2
CEO_BARKED_TWICE,PUPPY,VR-001,vendor_number,STRING,VEND-1000,,,,,,,false,4,genie/puppy/vendor_relationships.csv,vendor_number,2026.07.19.2
CEO_BARKED_TWICE,PUPPY,VR-001,status,STRING,DORMANT,,,,,,,false,5,genie/puppy/vendor_relationships.csv,status,2026.07.19.2
CEO_BARKED_TWICE,PUPPY,VR-001,approved_account_id,STRING,A-COPPER-2207,,,,,,,false,6,genie/puppy/vendor_relationships.csv,approved_account_id,2026.07.19.2
CEO_BARKED_TWICE,PUPPY,VR-001,onboarding_date,DATE,,,,,2022-01-01,,,false,7,genie/puppy/vendor_relationships.csv,onboarding_date,2026.07.19.2
CEO_BARKED_TWICE,PUPPY,VR-001,callback_phone,STRING,+1-555-0501,,,,,,,false,8,genie/puppy/vendor_relationships.csv,callback_phone,2026.07.19.2
CEO_BARKED_TWICE,PUPPY,VR-001,risk_rating,STRING,LOW,,,,,,,false,9,genie/puppy/vendor_relationships.csv,risk_rating,2026.07.19.2
CEO_BARKED_TWICE,PUPPY,VR-008,vendor_relationship_id,STRING,VR-008,,,,,,,false,1,genie/puppy/vendor_relationships.csv,vendor_relationship_id,2026.07.19.2
CEO_BARKED_TWICE,PUPPY,VR-008,buyer_organization_record_id,STRING,OR-SCC-01,,,,,,,false,2,genie/puppy/vendor_relationships.csv,buyer_organization_record_id,2026.07.19.2
CEO_BARKED_TWICE,PUPPY,VR-008,vendor_organization_record_id,STRING,OR-AUDIT-01,,,,,,,false,3,genie/puppy/vendor_relationships.csv,vendor_organization_record_id,2026.07.19.2
CEO_BARKED_TWICE,PUPPY,VR-008,vendor_number,STRING,VEND-1007,,,,,,,false,4,genie/puppy/vendor_relationships.csv,vendor_number,2026.07.19.2
CEO_BARKED_TWICE,PUPPY,VR-008,status,STRING,DORMANT,,,,,,,false,5,genie/puppy/vendor_relationships.csv,status,2026.07.19.2
CEO_BARKED_TWICE,PUPPY,VR-008,approved_account_id,STRING,A-AUDIT-3287,,,,,,,false,6,genie/puppy/vendor_relationships.csv,approved_account_id,2026.07.19.2
CEO_BARKED_TWICE,PUPPY,VR-008,onboarding_date,DATE,,,,,2022-10-29,,,false,7,genie/puppy/vendor_relationships.csv,onboarding_date,2026.07.19.2
CEO_BARKED_TWICE,PUPPY,VR-008,callback_phone,STRING,+1-555-0508,,,,,,,false,8,genie/puppy/vendor_relationships.csv,callback_phone,2026.07.19.2
CEO_BARKED_TWICE,PUPPY,VR-008,risk_rating,STRING,MEDIUM,,,,,,,false,9,genie/puppy/vendor_relationships.csv,risk_rating,2026.07.19.2
