case_id,profile_code,record_id,record_type,record_subtype,display_label,source_system_id,source_dataset,source_record_key,occurred_at,status,safe_summary,safe_attributes_json,provenance_ref,snapshot_version
CEO_BARKED_TWICE,PUPPY,COM-001,COMMUNICATION,EMAIL,Travel coverage,GENIE,genie/puppy/communications.csv,COM-001,2026-02-08T15:00:00Z,,I will be in transit tomorrow. Normal payment controls remain in force; call Conrad for any exception.,"{""attachment_document_ids"":"""",""communication_id"":""COM-001"",""communication_type"":""EMAIL"",""recipient_record_ids"":""PR-PENNY-02"",""safe_body"":""I will be in transit tomorrow. Normal payment controls remain in force; call Conrad for any exception."",""sender_domain"":""silvercollar.example"",""sender_record_id"":""PR-BEA-02"",""sent_at"":""2026-02-08T15:00:00Z"",""subject"":""Travel coverage"",""thread_id"":""THREAD-001""}",genie/puppy/communications.csv#COM-001,2026.07.19.2
CEO_BARKED_TWICE,PUPPY,COM-002,COMMUNICATION,EMAIL,Confidential acquisition payment,GENIE,genie/puppy/communications.csv,COM-002,2026-02-08T22:00:00Z,,I need this handled before the board call. Do not contact the supplier yet; the transaction is confidential.,"{""attachment_document_ids"":"""",""communication_id"":""COM-002"",""communication_type"":""EMAIL"",""recipient_record_ids"":""PR-PENNY-02"",""safe_body"":""I need this handled before the board call. Do not contact the supplier yet; the transaction is confidential."",""sender_domain"":""silvercoilar.example"",""sender_record_id"":""PR-ROWAN-03"",""sent_at"":""2026-02-08T22:00:00Z"",""subject"":""Confidential acquisition payment"",""thread_id"":""THREAD-001""}",genie/puppy/communications.csv#COM-002,2026.07.19.2
CEO_BARKED_TWICE,PUPPY,COM-003,COMMUNICATION,EMAIL,Updated Copper Paw remittance details,GENIE,genie/puppy/communications.csv,COM-003,2026-02-09T05:00:00Z,,Our bank has changed. Please use the attached account ending 8842 for invoice CPI-1048.,"{""attachment_document_ids"":""DOC-011"",""communication_id"":""COM-003"",""communication_type"":""EMAIL"",""recipient_record_ids"":""PR-PENNY-02"",""safe_body"":""Our bank has changed. Please use the attached account ending 8842 for invoice CPI-1048."",""sender_domain"":""copperpavv.example"",""sender_record_id"":""PR-IVY-01"",""sent_at"":""2026-02-09T05:00:00Z"",""subject"":""Updated Copper Paw remittance details"",""thread_id"":""THREAD-002""}",genie/puppy/communications.csv#COM-003,2026.07.19.2
CEO_BARKED_TWICE,PUPPY,COM-004,COMMUNICATION,EMAIL,Please confirm bank change,GENIE,genie/puppy/communications.csv,COM-004,2026-02-09T12:00:00Z,,Can you confirm the new account ending 8842 before I update the vendor master?,"{""attachment_document_ids"":"""",""communication_id"":""COM-004"",""communication_type"":""EMAIL"",""recipient_record_ids"":""PR-VICTOR-02"",""safe_body"":""Can you confirm the new account ending 8842 before I update the vendor master?"",""sender_domain"":""silvercollar.example"",""sender_record_id"":""PR-PENNY-02"",""sent_at"":""2026-02-09T12:00:00Z"",""subject"":""Please confirm bank change"",""thread_id"":""THREAD-002""}",genie/puppy/communications.csv#COM-004,2026.07.19.2
CEO_BARKED_TWICE,PUPPY,COM-005,COMMUNICATION,EMAIL,Re: Please confirm bank change,GENIE,genie/puppy/communications.csv,COM-005,2026-02-09T19:00:00Z,,Confirmed. Victor is away from his desk; this mailbox is monitored by finance. Please avoid delay fees.,"{""attachment_document_ids"":"""",""communication_id"":""COM-005"",""communication_type"":""EMAIL"",""recipient_record_ids"":""PR-PENNY-02"",""safe_body"":""Confirmed. Victor is away from his desk; this mailbox is monitored by finance. Please avoid delay fees."",""sender_domain"":""copperpavv.example"",""sender_record_id"":""PR-IVY-01"",""sent_at"":""2026-02-09T19:00:00Z"",""subject"":""Re: Please confirm bank change"",""thread_id"":""THREAD-003""}",genie/puppy/communications.csv#COM-005,2026.07.19.2
CEO_BARKED_TWICE,PUPPY,COM-006,COMMUNICATION,EMAIL,Exception approval requested,GENIE,genie/puppy/communications.csv,COM-006,2026-02-10T02:00:00Z,,The CEO says this is confidential and Copper Paw confirms the new account. Can I release CPI-1048 today?,"{""attachment_document_ids"":""DOC-011"",""communication_id"":""COM-006"",""communication_type"":""EMAIL"",""recipient_record_ids"":""PR-CONRAD-02"",""safe_body"":""The CEO says this is confidential and Copper Paw confirms the new account. Can I release CPI-1048 today?"",""sender_domain"":""silvercollar.example"",""sender_record_id"":""PR-PENNY-02"",""sent_at"":""2026-02-10T02:00:00Z"",""subject"":""Exception approval requested"",""thread_id"":""THREAD-003""}",genie/puppy/communications.csv#COM-006,2026.07.19.2
CEO_BARKED_TWICE,PUPPY,COM-007,COMMUNICATION,EMAIL,Re: Exception approval requested,GENIE,genie/puppy/communications.csv,COM-007,2026-02-10T09:00:00Z,,Approved as a one-time exception. Record the email chain and complete callback later.,"{""attachment_document_ids"":"""",""communication_id"":""COM-007"",""communication_type"":""EMAIL"",""recipient_record_ids"":""PR-PENNY-02"",""safe_body"":""Approved as a one-time exception. Record the email chain and complete callback later."",""sender_domain"":""silvercollar.example"",""sender_record_id"":""PR-CONRAD-02"",""sent_at"":""2026-02-10T09:00:00Z"",""subject"":""Re: Exception approval requested"",""thread_id"":""THREAD-004""}",genie/puppy/communications.csv#COM-007,2026.07.19.2
CEO_BARKED_TWICE,PUPPY,COM-008,COMMUNICATION,EMAIL,New beneficiary warning,GENIE,genie/puppy/communications.csv,COM-008,2026-02-10T16:00:00Z,,Payment instruction points to a newly added beneficiary that does not match prior Copper Paw history.,"{""attachment_document_ids"":"""",""communication_id"":""COM-008"",""communication_type"":""EMAIL"",""recipient_record_ids"":""PR-PENNY-02"",""safe_body"":""Payment instruction points to a newly added beneficiary that does not match prior Copper Paw history."",""sender_domain"":""lanternbank.example"",""sender_record_id"":""PR-MABEL-01"",""sent_at"":""2026-02-10T16:00:00Z"",""subject"":""New beneficiary warning"",""thread_id"":""THREAD-004""}",genie/puppy/communications.csv#COM-008,2026.07.19.2
CEO_BARKED_TWICE,PUPPY,COM-009,COMMUNICATION,EMAIL,Release confirmation needed,GENIE,genie/puppy/communications.csv,COM-009,2026-02-10T23:00:00Z,,The board call starts in twenty minutes. Confirm the transfer has left.,"{""attachment_document_ids"":"""",""communication_id"":""COM-009"",""communication_type"":""EMAIL"",""recipient_record_ids"":""PR-PENNY-02"",""safe_body"":""The board call starts in twenty minutes. Confirm the transfer has left."",""sender_domain"":""silvercoilar.example"",""sender_record_id"":""PR-ROWAN-03"",""sent_at"":""2026-02-10T23:00:00Z"",""subject"":""Release confirmation needed"",""thread_id"":""THREAD-005""}",genie/puppy/communications.csv#COM-009,2026.07.19.2
CEO_BARKED_TWICE,PUPPY,COM-010,COMMUNICATION,EMAIL,No bank change,GENIE,genie/puppy/communications.csv,COM-010,2026-02-11T06:00:00Z,,Copper Paw has not changed its bank account. Our verified account still ends 2207.,"{""attachment_document_ids"":"""",""communication_id"":""COM-010"",""communication_type"":""EMAIL"",""recipient_record_ids"":""PR-PENNY-02"",""safe_body"":""Copper Paw has not changed its bank account. Our verified account still ends 2207."",""sender_domain"":""copperpaw.example"",""sender_record_id"":""PR-VICTOR-02"",""sent_at"":""2026-02-11T06:00:00Z"",""subject"":""No bank change"",""thread_id"":""THREAD-005""}",genie/puppy/communications.csv#COM-010,2026.07.19.2
CEO_BARKED_TWICE,PUPPY,COM-011,COMMUNICATION,EMAIL,Missing vendor replies,GENIE,genie/puppy/communications.csv,COM-011,2026-02-11T13:00:00Z,,I cannot find Victor’s earlier response. Several messages are marked read before I open them.,"{""attachment_document_ids"":"""",""communication_id"":""COM-011"",""communication_type"":""EMAIL"",""recipient_record_ids"":""PR-THEO-01"",""safe_body"":""I cannot find Victor’s earlier response. Several messages are marked read before I open them."",""sender_domain"":""silvercollar.example"",""sender_record_id"":""PR-PENNY-02"",""sent_at"":""2026-02-11T13:00:00Z"",""subject"":""Missing vendor replies"",""thread_id"":""THREAD-006""}",genie/puppy/communications.csv#COM-011,2026.07.19.2
CEO_BARKED_TWICE,PUPPY,COM-012,COMMUNICATION,EMAIL,Mailbox forwarding rule found,GENIE,genie/puppy/communications.csv,COM-012,2026-02-11T20:00:00Z,,A rule created from external IP 203.0.113.77 forwards vendor and CEO replies to an unknown mailbox.,"{""attachment_document_ids"":"""",""communication_id"":""COM-012"",""communication_type"":""EMAIL"",""recipient_record_ids"":""PR-PENNY-02"",""safe_body"":""A rule created from external IP 203.0.113.77 forwards vendor and CEO replies to an unknown mailbox."",""sender_domain"":""silvercollar.example"",""sender_record_id"":""PR-THEO-01"",""sent_at"":""2026-02-11T20:00:00Z"",""subject"":""Mailbox forwarding rule found"",""thread_id"":""THREAD-006""}",genie/puppy/communications.csv#COM-012,2026.07.19.2
CEO_BARKED_TWICE,PUPPY,COM-013,COMMUNICATION,EMAIL,I did not authorize this,GENIE,genie/puppy/communications.csv,COM-013,2026-02-12T03:00:00Z,,I sent no confidential payment request and would never suspend callback controls.,"{""attachment_document_ids"":"""",""communication_id"":""COM-013"",""communication_type"":""EMAIL"",""recipient_record_ids"":""PR-CONRAD-02"",""safe_body"":""I sent no confidential payment request and would never suspend callback controls."",""sender_domain"":""silvercollar.example"",""sender_record_id"":""PR-BEA-02"",""sent_at"":""2026-02-12T03:00:00Z"",""subject"":""I did not authorize this"",""thread_id"":""THREAD-007""}",genie/puppy/communications.csv#COM-013,2026.07.19.2
CEO_BARKED_TWICE,PUPPY,COM-014,COMMUNICATION,EMAIL,Second invoice — revised details,GENIE,genie/puppy/communications.csv,COM-014,2026-02-12T10:00:00Z,,Please use account 8842 again for CPI-1059. The earlier payment reached us.,"{""attachment_document_ids"":""DOC-012"",""communication_id"":""COM-014"",""communication_type"":""EMAIL"",""recipient_record_ids"":""PR-PENNY-02"",""safe_body"":""Please use account 8842 again for CPI-1059. The earlier payment reached us."",""sender_domain"":""copperpavv.example"",""sender_record_id"":""PR-IVY-01"",""sent_at"":""2026-02-12T10:00:00Z"",""subject"":""Second invoice — revised details"",""thread_id"":""THREAD-007""}",genie/puppy/communications.csv#COM-014,2026.07.19.2
CEO_BARKED_TWICE,PUPPY,COM-015,COMMUNICATION,EMAIL,Hold second transfer,GENIE,genie/puppy/communications.csv,COM-015,2026-02-12T17:00:00Z,,Freeze CPI-1059 and trace the first beneficiary. The CEO message was impersonation.,"{""attachment_document_ids"":""DOC-012"",""communication_id"":""COM-015"",""communication_type"":""EMAIL"",""recipient_record_ids"":""PR-MABEL-01"",""safe_body"":""Freeze CPI-1059 and trace the first beneficiary. The CEO message was impersonation."",""sender_domain"":""silvercollar.example"",""sender_record_id"":""PR-CONRAD-02"",""sent_at"":""2026-02-12T17:00:00Z"",""subject"":""Hold second transfer"",""thread_id"":""THREAD-008""}",genie/puppy/communications.csv#COM-015,2026.07.19.2
CEO_BARKED_TWICE,PUPPY,COM-016,COMMUNICATION,EMAIL,First transfer received,GENIE,genie/puppy/communications.csv,COM-016,2026-02-13T00:00:00Z,,"The 420,000 has cleared. I can split it across the three destinations and remittance account.","{""attachment_document_ids"":"""",""communication_id"":""COM-016"",""communication_type"":""EMAIL"",""recipient_record_ids"":""PR-ROWAN-03"",""safe_body"":""The 420,000 has cleared. I can split it across the three destinations and remittance account."",""sender_domain"":""nightjar-consult.example"",""sender_record_id"":""PR-GRANT-03"",""sent_at"":""2026-02-13T00:00:00Z"",""subject"":""First transfer received"",""thread_id"":""THREAD-008""}",genie/puppy/communications.csv#COM-016,2026.07.19.2
CEO_BARKED_TWICE,PUPPY,COM-017,COMMUNICATION,EMAIL,Split immediately,GENIE,genie/puppy/communications.csv,COM-017,2026-02-13T07:00:00Z,,"Move 140 to your account, 95 to mine, 70 to Ivy, and the rest through Harbor Hound.","{""attachment_document_ids"":"""",""communication_id"":""COM-017"",""communication_type"":""EMAIL"",""recipient_record_ids"":""PR-GRANT-03"",""safe_body"":""Move 140 to your account, 95 to mine, 70 to Ivy, and the rest through Harbor Hound."",""sender_domain"":""nightjar-consult.example"",""sender_record_id"":""PR-ROWAN-03"",""sent_at"":""2026-02-13T07:00:00Z"",""subject"":""Split immediately"",""thread_id"":""THREAD-009""}",genie/puppy/communications.csv#COM-017,2026.07.19.2
CEO_BARKED_TWICE,PUPPY,COM-018,COMMUNICATION,EMAIL,Mailbox still live,GENIE,genie/puppy/communications.csv,COM-018,2026-02-13T14:00:00Z,,The forwarding rule remains active. A third invoice can be attempted before security resets the session.,"{""attachment_document_ids"":"""",""communication_id"":""COM-018"",""communication_type"":""EMAIL"",""recipient_record_ids"":""PR-ROWAN-03"",""safe_body"":""The forwarding rule remains active. A third invoice can be attempted before security resets the session."",""sender_domain"":""nightjar-consult.example"",""sender_record_id"":""PR-IVY-01"",""sent_at"":""2026-02-13T14:00:00Z"",""subject"":""Mailbox still live"",""thread_id"":""THREAD-009""}",genie/puppy/communications.csv#COM-018,2026.07.19.2
CEO_BARKED_TWICE,PUPPY,COM-019,COMMUNICATION,EMAIL,Incident statement,GENIE,genie/puppy/communications.csv,COM-019,2026-02-13T21:00:00Z,,I relied on messages that appeared to be from you and the vendor. I did not create the forwarding rule.,"{""attachment_document_ids"":"""",""communication_id"":""COM-019"",""communication_type"":""EMAIL"",""recipient_record_ids"":""PR-BEA-02"",""safe_body"":""I relied on messages that appeared to be from you and the vendor. I did not create the forwarding rule."",""sender_domain"":""silvercollar.example"",""sender_record_id"":""PR-PENNY-02"",""sent_at"":""2026-02-13T21:00:00Z"",""subject"":""Incident statement"",""thread_id"":""THREAD-010""}",genie/puppy/communications.csv#COM-019,2026.07.19.2
CEO_BARKED_TWICE,PUPPY,COM-020,COMMUNICATION,EMAIL,Approval context,GENIE,genie/puppy/communications.csv,COM-020,2026-02-14T04:00:00Z,,I approved an exception based on the impersonated CEO request and intercepted vendor reply; I received no personal benefit.,"{""attachment_document_ids"":"""",""communication_id"":""COM-020"",""communication_type"":""EMAIL"",""recipient_record_ids"":""PR-RHEA-01"",""safe_body"":""I approved an exception based on the impersonated CEO request and intercepted vendor reply; I received no personal benefit."",""sender_domain"":""silvercollar.example"",""sender_record_id"":""PR-CONRAD-02"",""sent_at"":""2026-02-14T04:00:00Z"",""subject"":""Approval context"",""thread_id"":""THREAD-010""}",genie/puppy/communications.csv#COM-020,2026.07.19.2
CEO_BARKED_TWICE,PUPPY,COM-021,COMMUNICATION,EMAIL,Vendor statement,GENIE,genie/puppy/communications.csv,COM-021,2026-02-14T11:00:00Z,,Copper Paw never requested account 8842 and our staff used only copperpaw.example.,"{""attachment_document_ids"":"""",""communication_id"":""COM-021"",""communication_type"":""EMAIL"",""recipient_record_ids"":""PR-RHEA-01"",""safe_body"":""Copper Paw never requested account 8842 and our staff used only copperpaw.example."",""sender_domain"":""copperpaw.example"",""sender_record_id"":""PR-OWEN-02"",""sent_at"":""2026-02-14T11:00:00Z"",""subject"":""Vendor statement"",""thread_id"":""THREAD-011""}",genie/puppy/communications.csv#COM-021,2026.07.19.2
CEO_BARKED_TWICE,PUPPY,COM-022,COMMUNICATION,EMAIL,Recovery update,GENIE,genie/puppy/communications.csv,COM-022,2026-02-14T18:00:00Z,,"125,000 was frozen at Harbor Hound. Remaining funds had already been dispersed.","{""attachment_document_ids"":"""",""communication_id"":""COM-022"",""communication_type"":""EMAIL"",""recipient_record_ids"":""PR-RHEA-01"",""safe_body"":""125,000 was frozen at Harbor Hound. Remaining funds had already been dispersed."",""sender_domain"":""lanternbank.example"",""sender_record_id"":""PR-MABEL-01"",""sent_at"":""2026-02-14T18:00:00Z"",""subject"":""Recovery update"",""thread_id"":""THREAD-011""}",genie/puppy/communications.csv#COM-022,2026.07.19.2
CEO_BARKED_TWICE,PUPPY,COM-023,COMMUNICATION,EMAIL,Authentication findings,GENIE,genie/puppy/communications.csv,COM-023,2026-02-15T01:00:00Z,,The mailbox rule and external sessions share device dev-9f2a and IP 203.0.113.77.,"{""attachment_document_ids"":"""",""communication_id"":""COM-023"",""communication_type"":""EMAIL"",""recipient_record_ids"":""PR-RHEA-01"",""safe_body"":""The mailbox rule and external sessions share device dev-9f2a and IP 203.0.113.77."",""sender_domain"":""silvercollar.example"",""sender_record_id"":""PR-THEO-01"",""sent_at"":""2026-02-15T01:00:00Z"",""subject"":""Authentication findings"",""thread_id"":""THREAD-012""}",genie/puppy/communications.csv#COM-023,2026.07.19.2
CEO_BARKED_TWICE,PUPPY,COM-024,COMMUNICATION,EMAIL,Control observation,GENIE,genie/puppy/communications.csv,COM-024,2026-02-15T08:00:00Z,,"The exception process failed because callback verification was deferred, not because the normal policy was absent.","{""attachment_document_ids"":"""",""communication_id"":""COM-024"",""communication_type"":""EMAIL"",""recipient_record_ids"":""PR-CONRAD-02"",""safe_body"":""The exception process failed because callback verification was deferred, not because the normal policy was absent."",""sender_domain"":""retrieveledger.example"",""sender_record_id"":""PR-RHEA-01"",""sent_at"":""2026-02-15T08:00:00Z"",""subject"":""Control observation"",""thread_id"":""THREAD-012""}",genie/puppy/communications.csv#COM-024,2026.07.19.2
CEO_BARKED_TWICE,PUPPY,COM-025,COMMUNICATION,EMAIL,Purchase order validation,GENIE,genie/puppy/communications.csv,COM-025,2026-02-15T15:00:00Z,,"PO-26005 is genuine, but it authorizes Copper Paw at the verified account, not the substituted beneficiary.","{""attachment_document_ids"":"""",""communication_id"":""COM-025"",""communication_type"":""EMAIL"",""recipient_record_ids"":""PR-RHEA-01"",""safe_body"":""PO-26005 is genuine, but it authorizes Copper Paw at the verified account, not the substituted beneficiary."",""sender_domain"":""silvercollar.example"",""sender_record_id"":""PR-IDA-01"",""sent_at"":""2026-02-15T15:00:00Z"",""subject"":""Purchase order validation"",""thread_id"":""THREAD-013""}",genie/puppy/communications.csv#COM-025,2026.07.19.2
CEO_BARKED_TWICE,PUPPY,COM-026,COMMUNICATION,EMAIL,Lookalike domains renewed,GENIE,genie/puppy/communications.csv,COM-026,2026-02-15T22:00:00Z,,Both silvercoilar.example and copperpavv.example use registrar account REGACC-441 and the same recovery mailbox.,"{""attachment_document_ids"":"""",""communication_id"":""COM-026"",""communication_type"":""EMAIL"",""recipient_record_ids"":""PR-ROWAN-03"",""safe_body"":""Both silvercoilar.example and copperpavv.example use registrar account REGACC-441 and the same recovery mailbox."",""sender_domain"":""nightjar-consult.example"",""sender_record_id"":""PR-IVY-01"",""sent_at"":""2026-02-15T22:00:00Z"",""subject"":""Lookalike domains renewed"",""thread_id"":""THREAD-013""}",genie/puppy/communications.csv#COM-026,2026.07.19.2
CEO_BARKED_TWICE,PUPPY,COM-027,COMMUNICATION,EMAIL,Use Bea’s travel window,GENIE,genie/puppy/communications.csv,COM-027,2026-02-16T05:00:00Z,,Send the request after her flight departs and before the finance call.,"{""attachment_document_ids"":"""",""communication_id"":""COM-027"",""communication_type"":""EMAIL"",""recipient_record_ids"":""PR-IVY-01"",""safe_body"":""Send the request after her flight departs and before the finance call."",""sender_domain"":""nightjar-consult.example"",""sender_record_id"":""PR-ROWAN-03"",""sent_at"":""2026-02-16T05:00:00Z"",""subject"":""Use Bea’s travel window"",""thread_id"":""THREAD-014""}",genie/puppy/communications.csv#COM-027,2026.07.19.2
CEO_BARKED_TWICE,PUPPY,COM-028,COMMUNICATION,EMAIL,Remittance route,GENIE,genie/puppy/communications.csv,COM-028,2026-02-16T12:00:00Z,,Harbor Hound accepts the same-day split if Nightjar is listed as consulting services.,"{""attachment_document_ids"":"""",""communication_id"":""COM-028"",""communication_type"":""EMAIL"",""recipient_record_ids"":""PR-IVY-01"",""safe_body"":""Harbor Hound accepts the same-day split if Nightjar is listed as consulting services."",""sender_domain"":""nightjar-consult.example"",""sender_record_id"":""PR-GRANT-03"",""sent_at"":""2026-02-16T12:00:00Z"",""subject"":""Remittance route"",""thread_id"":""THREAD-014""}",genie/puppy/communications.csv#COM-028,2026.07.19.2
CEO_BARKED_TWICE,PUPPY,COM-029,COMMUNICATION,EMAIL,Third payment stopped,GENIE,genie/puppy/communications.csv,COM-029,2026-02-16T19:00:00Z,,"Callback with Copper Paw failed and the 155,000 transfer was cancelled before release.","{""attachment_document_ids"":"""",""communication_id"":""COM-029"",""communication_type"":""EMAIL"",""recipient_record_ids"":""PR-MABEL-01"",""safe_body"":""Callback with Copper Paw failed and the 155,000 transfer was cancelled before release."",""sender_domain"":""silvercollar.example"",""sender_record_id"":""PR-PENNY-02"",""sent_at"":""2026-02-16T19:00:00Z"",""subject"":""Third payment stopped"",""thread_id"":""THREAD-015""}",genie/puppy/communications.csv#COM-029,2026.07.19.2
CEO_BARKED_TWICE,PUPPY,COM-030,COMMUNICATION,EMAIL,Thank you for reporting,GENIE,genie/puppy/communications.csv,COM-030,2026-02-17T02:00:00Z,,You were deceived through a compromised mailbox. Preserve the messages and work with the response team.,"{""attachment_document_ids"":"""",""communication_id"":""COM-030"",""communication_type"":""EMAIL"",""recipient_record_ids"":""PR-PENNY-02"",""safe_body"":""You were deceived through a compromised mailbox. Preserve the messages and work with the response team."",""sender_domain"":""silvercollar.example"",""sender_record_id"":""PR-BEA-02"",""sent_at"":""2026-02-17T02:00:00Z"",""subject"":""Thank you for reporting"",""thread_id"":""THREAD-015""}",genie/puppy/communications.csv#COM-030,2026.07.19.2
CEO_BARKED_TWICE,PUPPY,COM-031,COMMUNICATION,CHAT,Payment confirmation,GENIE,genie/puppy/communications.csv,COM-031,2026-02-19T14:00:00Z,,The payment was processed to the existing approved beneficiary.,"{""attachment_document_ids"":""DOC-031"",""communication_id"":""COM-031"",""communication_type"":""CHAT"",""recipient_record_ids"":""PR-BEA-02"",""safe_body"":""The payment was processed to the existing approved beneficiary."",""sender_domain"":""silvercollar.example"",""sender_record_id"":""PR-PENNY-02"",""sent_at"":""2026-02-19T14:00:00Z"",""subject"":""Payment confirmation"",""thread_id"":""THREAD-010""}",genie/puppy/communications.csv#COM-031,2026.07.19.2
CEO_BARKED_TWICE,PUPPY,COM-032,COMMUNICATION,EMAIL,Delivery schedule,GENIE,genie/puppy/communications.csv,COM-032,2026-02-19T23:00:00Z,,This mailbox is shared for routine invoice queries only.,"{""attachment_document_ids"":"""",""communication_id"":""COM-032"",""communication_type"":""EMAIL"",""recipient_record_ids"":""PR-VICTOR-02"",""safe_body"":""This mailbox is shared for routine invoice queries only."",""sender_domain"":""silvercollar.example"",""sender_record_id"":""PR-CONRAD-02"",""sent_at"":""2026-02-19T23:00:00Z"",""subject"":""Delivery schedule"",""thread_id"":""THREAD-010""}",genie/puppy/communications.csv#COM-032,2026.07.19.2
CEO_BARKED_TWICE,PUPPY,COM-033,COMMUNICATION,EMAIL,Purchase order query,GENIE,genie/puppy/communications.csv,COM-033,2026-02-20T08:00:00Z,,Quarterly close requires all exceptions to be documented.,"{""attachment_document_ids"":"""",""communication_id"":""COM-033"",""communication_type"":""EMAIL"",""recipient_record_ids"":""PR-SOPHIE-02"",""safe_body"":""Quarterly close requires all exceptions to be documented."",""sender_domain"":""silvercollar.example"",""sender_record_id"":""PR-BEA-02"",""sent_at"":""2026-02-20T08:00:00Z"",""subject"":""Purchase order query"",""thread_id"":""THREAD-011""}",genie/puppy/communications.csv#COM-033,2026.07.19.2
CEO_BARKED_TWICE,PUPPY,COM-034,COMMUNICATION,EMAIL,Travel notice,GENIE,genie/puppy/communications.csv,COM-034,2026-02-20T17:00:00Z,,The service contract renews next month under existing terms.,"{""attachment_document_ids"":"""",""communication_id"":""COM-034"",""communication_type"":""EMAIL"",""recipient_record_ids"":""PR-CONRAD-02"",""safe_body"":""The service contract renews next month under existing terms."",""sender_domain"":""silvercollar.example"",""sender_record_id"":""PR-IDA-01"",""sent_at"":""2026-02-20T17:00:00Z"",""subject"":""Travel notice"",""thread_id"":""THREAD-011""}",genie/puppy/communications.csv#COM-034,2026.07.19.2
CEO_BARKED_TWICE,PUPPY,COM-035,COMMUNICATION,EMAIL,Freight exception,GENIE,genie/puppy/communications.csv,COM-035,2026-02-21T02:00:00Z,,No account change is requested; use the verified vendor master.,"{""attachment_document_ids"":"""",""communication_id"":""COM-035"",""communication_type"":""EMAIL"",""recipient_record_ids"":""PR-RHEA-01"",""safe_body"":""No account change is requested; use the verified vendor master."",""sender_domain"":""silvercollar.example"",""sender_record_id"":""PR-THEO-01"",""sent_at"":""2026-02-21T02:00:00Z"",""subject"":""Freight exception"",""thread_id"":""THREAD-011""}",genie/puppy/communications.csv#COM-035,2026.07.19.2
CEO_BARKED_TWICE,PUPPY,COM-036,COMMUNICATION,EMAIL,Vendor onboarding,GENIE,genie/puppy/communications.csv,COM-036,2026-02-21T11:00:00Z,,Security observed a login from the normal corporate network.,"{""attachment_document_ids"":"""",""communication_id"":""COM-036"",""communication_type"":""EMAIL"",""recipient_record_ids"":""PR-LUCY-02"",""safe_body"":""Security observed a login from the normal corporate network."",""sender_domain"":""copperpaw.example"",""sender_record_id"":""PR-VICTOR-02"",""sent_at"":""2026-02-21T11:00:00Z"",""subject"":""Vendor onboarding"",""thread_id"":""THREAD-012""}",genie/puppy/communications.csv#COM-036,2026.07.19.2
CEO_BARKED_TWICE,PUPPY,COM-037,COMMUNICATION,CHAT,Invoice status,GENIE,genie/puppy/communications.csv,COM-037,2026-02-21T20:00:00Z,,Please confirm the invoice reference and purchase order before close.,"{""attachment_document_ids"":"""",""communication_id"":""COM-037"",""communication_type"":""CHAT"",""recipient_record_ids"":""PR-PENNY-02"",""safe_body"":""Please confirm the invoice reference and purchase order before close."",""sender_domain"":""copperpaw.example"",""sender_record_id"":""PR-OWEN-02"",""sent_at"":""2026-02-21T20:00:00Z"",""subject"":""Invoice status"",""thread_id"":""THREAD-012""}",genie/puppy/communications.csv#COM-037,2026.07.19.2
CEO_BARKED_TWICE,PUPPY,COM-038,COMMUNICATION,EMAIL,Security alert,GENIE,genie/puppy/communications.csv,COM-038,2026-02-22T05:00:00Z,,Vendor onboarding is pending a verified callback.,"{""attachment_document_ids"":"""",""communication_id"":""COM-038"",""communication_type"":""EMAIL"",""recipient_record_ids"":""PR-IDA-01"",""safe_body"":""Vendor onboarding is pending a verified callback."",""sender_domain"":""silvercollar.example"",""sender_record_id"":""PR-LUCY-02"",""sent_at"":""2026-02-22T05:00:00Z"",""subject"":""Security alert"",""thread_id"":""THREAD-012""}",genie/puppy/communications.csv#COM-038,2026.07.19.2
CEO_BARKED_TWICE,PUPPY,COM-039,COMMUNICATION,EMAIL,Bank details review,GENIE,genie/puppy/communications.csv,COM-039,2026-02-22T14:00:00Z,,"Freight delay requires a revised delivery date, not new bank details.","{""attachment_document_ids"":"""",""communication_id"":""COM-039"",""communication_type"":""EMAIL"",""recipient_record_ids"":""PR-OWEN-02"",""safe_body"":""Freight delay requires a revised delivery date, not new bank details."",""sender_domain"":""silvercollar.example"",""sender_record_id"":""PR-SOPHIE-02"",""sent_at"":""2026-02-22T14:00:00Z"",""subject"":""Bank details review"",""thread_id"":""THREAD-013""}",genie/puppy/communications.csv#COM-039,2026.07.19.2
CEO_BARKED_TWICE,PUPPY,COM-040,COMMUNICATION,EMAIL,Contract renewal,GENIE,genie/puppy/communications.csv,COM-040,2026-02-22T23:00:00Z,,The executive travel calendar has been updated for the finance team.,"{""attachment_document_ids"":"""",""communication_id"":""COM-040"",""communication_type"":""EMAIL"",""recipient_record_ids"":""PR-RHEA-01"",""safe_body"":""The executive travel calendar has been updated for the finance team."",""sender_domain"":""silvercollar.example"",""sender_record_id"":""PR-JUNE-01"",""sent_at"":""2026-02-22T23:00:00Z"",""subject"":""Contract renewal"",""thread_id"":""THREAD-013""}",genie/puppy/communications.csv#COM-040,2026.07.19.2
CEO_BARKED_TWICE,PUPPY,COM-041,COMMUNICATION,EMAIL,Quarterly close,GENIE,genie/puppy/communications.csv,COM-041,2026-02-23T08:00:00Z,,The purchase order quantity differs from the delivery note.,"{""attachment_document_ids"":""DOC-041"",""communication_id"":""COM-041"",""communication_type"":""EMAIL"",""recipient_record_ids"":""PR-BEA-02"",""safe_body"":""The purchase order quantity differs from the delivery note."",""sender_domain"":""silvercollar.example"",""sender_record_id"":""PR-PENNY-02"",""sent_at"":""2026-02-23T08:00:00Z"",""subject"":""Quarterly close"",""thread_id"":""THREAD-013""}",genie/puppy/communications.csv#COM-041,2026.07.19.2
CEO_BARKED_TWICE,PUPPY,COM-042,COMMUNICATION,EMAIL,Shared mailbox,GENIE,genie/puppy/communications.csv,COM-042,2026-02-23T17:00:00Z,,The shipment is scheduled for the next warehouse window.,"{""attachment_document_ids"":"""",""communication_id"":""COM-042"",""communication_type"":""EMAIL"",""recipient_record_ids"":""PR-VICTOR-02"",""safe_body"":""The shipment is scheduled for the next warehouse window."",""sender_domain"":""silvercollar.example"",""sender_record_id"":""PR-CONRAD-02"",""sent_at"":""2026-02-23T17:00:00Z"",""subject"":""Shared mailbox"",""thread_id"":""THREAD-014""}",genie/puppy/communications.csv#COM-042,2026.07.19.2
CEO_BARKED_TWICE,PUPPY,COM-043,COMMUNICATION,CHAT,Payment confirmation,GENIE,genie/puppy/communications.csv,COM-043,2026-02-24T02:00:00Z,,The payment was processed to the existing approved beneficiary.,"{""attachment_document_ids"":"""",""communication_id"":""COM-043"",""communication_type"":""CHAT"",""recipient_record_ids"":""PR-SOPHIE-02"",""safe_body"":""The payment was processed to the existing approved beneficiary."",""sender_domain"":""silvercollar.example"",""sender_record_id"":""PR-BEA-02"",""sent_at"":""2026-02-24T02:00:00Z"",""subject"":""Payment confirmation"",""thread_id"":""THREAD-014""}",genie/puppy/communications.csv#COM-043,2026.07.19.2
CEO_BARKED_TWICE,PUPPY,COM-044,COMMUNICATION,EMAIL,Delivery schedule,GENIE,genie/puppy/communications.csv,COM-044,2026-02-24T11:00:00Z,,This mailbox is shared for routine invoice queries only.,"{""attachment_document_ids"":"""",""communication_id"":""COM-044"",""communication_type"":""EMAIL"",""recipient_record_ids"":""PR-CONRAD-02"",""safe_body"":""This mailbox is shared for routine invoice queries only."",""sender_domain"":""silvercollar.example"",""sender_record_id"":""PR-IDA-01"",""sent_at"":""2026-02-24T11:00:00Z"",""subject"":""Delivery schedule"",""thread_id"":""THREAD-014""}",genie/puppy/communications.csv#COM-044,2026.07.19.2
CEO_BARKED_TWICE,PUPPY,COM-045,COMMUNICATION,EMAIL,Purchase order query,GENIE,genie/puppy/communications.csv,COM-045,2026-02-24T20:00:00Z,,Quarterly close requires all exceptions to be documented.,"{""attachment_document_ids"":"""",""communication_id"":""COM-045"",""communication_type"":""EMAIL"",""recipient_record_ids"":""PR-RHEA-01"",""safe_body"":""Quarterly close requires all exceptions to be documented."",""sender_domain"":""silvercollar.example"",""sender_record_id"":""PR-THEO-01"",""sent_at"":""2026-02-24T20:00:00Z"",""subject"":""Purchase order query"",""thread_id"":""THREAD-015""}",genie/puppy/communications.csv#COM-045,2026.07.19.2
CEO_BARKED_TWICE,PUPPY,COM-046,COMMUNICATION,EMAIL,Travel notice,GENIE,genie/puppy/communications.csv,COM-046,2026-02-25T05:00:00Z,,The service contract renews next month under existing terms.,"{""attachment_document_ids"":"""",""communication_id"":""COM-046"",""communication_type"":""EMAIL"",""recipient_record_ids"":""PR-LUCY-02"",""safe_body"":""The service contract renews next month under existing terms."",""sender_domain"":""copperpaw.example"",""sender_record_id"":""PR-VICTOR-02"",""sent_at"":""2026-02-25T05:00:00Z"",""subject"":""Travel notice"",""thread_id"":""THREAD-015""}",genie/puppy/communications.csv#COM-046,2026.07.19.2
CEO_BARKED_TWICE,PUPPY,COM-047,COMMUNICATION,EMAIL,Freight exception,GENIE,genie/puppy/communications.csv,COM-047,2026-02-25T14:00:00Z,,No account change is requested; use the verified vendor master.,"{""attachment_document_ids"":"""",""communication_id"":""COM-047"",""communication_type"":""EMAIL"",""recipient_record_ids"":""PR-PENNY-02"",""safe_body"":""No account change is requested; use the verified vendor master."",""sender_domain"":""copperpaw.example"",""sender_record_id"":""PR-OWEN-02"",""sent_at"":""2026-02-25T14:00:00Z"",""subject"":""Freight exception"",""thread_id"":""THREAD-015""}",genie/puppy/communications.csv#COM-047,2026.07.19.2
CEO_BARKED_TWICE,PUPPY,COM-048,COMMUNICATION,EMAIL,Vendor onboarding,GENIE,genie/puppy/communications.csv,COM-048,2026-02-25T23:00:00Z,,Security observed a login from the normal corporate network.,"{""attachment_document_ids"":"""",""communication_id"":""COM-048"",""communication_type"":""EMAIL"",""recipient_record_ids"":""PR-IDA-01"",""safe_body"":""Security observed a login from the normal corporate network."",""sender_domain"":""silvercollar.example"",""sender_record_id"":""PR-LUCY-02"",""sent_at"":""2026-02-25T23:00:00Z"",""subject"":""Vendor onboarding"",""thread_id"":""THREAD-016""}",genie/puppy/communications.csv#COM-048,2026.07.19.2
CEO_BARKED_TWICE,PUPPY,COM-049,COMMUNICATION,CHAT,Invoice status,GENIE,genie/puppy/communications.csv,COM-049,2026-02-26T08:00:00Z,,Please confirm the invoice reference and purchase order before close.,"{""attachment_document_ids"":"""",""communication_id"":""COM-049"",""communication_type"":""CHAT"",""recipient_record_ids"":""PR-OWEN-02"",""safe_body"":""Please confirm the invoice reference and purchase order before close."",""sender_domain"":""silvercollar.example"",""sender_record_id"":""PR-SOPHIE-02"",""sent_at"":""2026-02-26T08:00:00Z"",""subject"":""Invoice status"",""thread_id"":""THREAD-016""}",genie/puppy/communications.csv#COM-049,2026.07.19.2
CEO_BARKED_TWICE,PUPPY,COM-050,COMMUNICATION,EMAIL,Security alert,GENIE,genie/puppy/communications.csv,COM-050,2026-02-26T17:00:00Z,,Vendor onboarding is pending a verified callback.,"{""attachment_document_ids"":"""",""communication_id"":""COM-050"",""communication_type"":""EMAIL"",""recipient_record_ids"":""PR-RHEA-01"",""safe_body"":""Vendor onboarding is pending a verified callback."",""sender_domain"":""silvercollar.example"",""sender_record_id"":""PR-JUNE-01"",""sent_at"":""2026-02-26T17:00:00Z"",""subject"":""Security alert"",""thread_id"":""THREAD-016""}",genie/puppy/communications.csv#COM-050,2026.07.19.2
CEO_BARKED_TWICE,PUPPY,COM-051,COMMUNICATION,EMAIL,Bank details review,GENIE,genie/puppy/communications.csv,COM-051,2026-02-27T02:00:00Z,,"Freight delay requires a revised delivery date, not new bank details.","{""attachment_document_ids"":""DOC-051"",""communication_id"":""COM-051"",""communication_type"":""EMAIL"",""recipient_record_ids"":""PR-BEA-02"",""safe_body"":""Freight delay requires a revised delivery date, not new bank details."",""sender_domain"":""silvercollar.example"",""sender_record_id"":""PR-PENNY-02"",""sent_at"":""2026-02-27T02:00:00Z"",""subject"":""Bank details review"",""thread_id"":""THREAD-017""}",genie/puppy/communications.csv#COM-051,2026.07.19.2
CEO_BARKED_TWICE,PUPPY,COM-052,COMMUNICATION,EMAIL,Contract renewal,GENIE,genie/puppy/communications.csv,COM-052,2026-02-27T11:00:00Z,,The executive travel calendar has been updated for the finance team.,"{""attachment_document_ids"":"""",""communication_id"":""COM-052"",""communication_type"":""EMAIL"",""recipient_record_ids"":""PR-VICTOR-02"",""safe_body"":""The executive travel calendar has been updated for the finance team."",""sender_domain"":""silvercollar.example"",""sender_record_id"":""PR-CONRAD-02"",""sent_at"":""2026-02-27T11:00:00Z"",""subject"":""Contract renewal"",""thread_id"":""THREAD-017""}",genie/puppy/communications.csv#COM-052,2026.07.19.2
CEO_BARKED_TWICE,PUPPY,COM-053,COMMUNICATION,EMAIL,Quarterly close,GENIE,genie/puppy/communications.csv,COM-053,2026-02-27T20:00:00Z,,The purchase order quantity differs from the delivery note.,"{""attachment_document_ids"":"""",""communication_id"":""COM-053"",""communication_type"":""EMAIL"",""recipient_record_ids"":""PR-SOPHIE-02"",""safe_body"":""The purchase order quantity differs from the delivery note."",""sender_domain"":""silvercollar.example"",""sender_record_id"":""PR-BEA-02"",""sent_at"":""2026-02-27T20:00:00Z"",""subject"":""Quarterly close"",""thread_id"":""THREAD-017""}",genie/puppy/communications.csv#COM-053,2026.07.19.2
CEO_BARKED_TWICE,PUPPY,COM-054,COMMUNICATION,EMAIL,Shared mailbox,GENIE,genie/puppy/communications.csv,COM-054,2026-02-28T05:00:00Z,,The shipment is scheduled for the next warehouse window.,"{""attachment_document_ids"":"""",""communication_id"":""COM-054"",""communication_type"":""EMAIL"",""recipient_record_ids"":""PR-CONRAD-02"",""safe_body"":""The shipment is scheduled for the next warehouse window."",""sender_domain"":""silvercollar.example"",""sender_record_id"":""PR-IDA-01"",""sent_at"":""2026-02-28T05:00:00Z"",""subject"":""Shared mailbox"",""thread_id"":""THREAD-018""}",genie/puppy/communications.csv#COM-054,2026.07.19.2
CEO_BARKED_TWICE,PUPPY,COM-055,COMMUNICATION,CHAT,Payment confirmation,GENIE,genie/puppy/communications.csv,COM-055,2026-02-28T14:00:00Z,,The payment was processed to the existing approved beneficiary.,"{""attachment_document_ids"":"""",""communication_id"":""COM-055"",""communication_type"":""CHAT"",""recipient_record_ids"":""PR-RHEA-01"",""safe_body"":""The payment was processed to the existing approved beneficiary."",""sender_domain"":""silvercollar.example"",""sender_record_id"":""PR-THEO-01"",""sent_at"":""2026-02-28T14:00:00Z"",""subject"":""Payment confirmation"",""thread_id"":""THREAD-018""}",genie/puppy/communications.csv#COM-055,2026.07.19.2
CEO_BARKED_TWICE,PUPPY,COM-056,COMMUNICATION,EMAIL,Delivery schedule,GENIE,genie/puppy/communications.csv,COM-056,2026-02-28T23:00:00Z,,This mailbox is shared for routine invoice queries only.,"{""attachment_document_ids"":"""",""communication_id"":""COM-056"",""communication_type"":""EMAIL"",""recipient_record_ids"":""PR-LUCY-02"",""safe_body"":""This mailbox is shared for routine invoice queries only."",""sender_domain"":""copperpaw.example"",""sender_record_id"":""PR-VICTOR-02"",""sent_at"":""2026-02-28T23:00:00Z"",""subject"":""Delivery schedule"",""thread_id"":""THREAD-018""}",genie/puppy/communications.csv#COM-056,2026.07.19.2
CEO_BARKED_TWICE,PUPPY,COM-057,COMMUNICATION,EMAIL,Purchase order query,GENIE,genie/puppy/communications.csv,COM-057,2026-03-01T08:00:00Z,,Quarterly close requires all exceptions to be documented.,"{""attachment_document_ids"":"""",""communication_id"":""COM-057"",""communication_type"":""EMAIL"",""recipient_record_ids"":""PR-PENNY-02"",""safe_body"":""Quarterly close requires all exceptions to be documented."",""sender_domain"":""copperpaw.example"",""sender_record_id"":""PR-OWEN-02"",""sent_at"":""2026-03-01T08:00:00Z"",""subject"":""Purchase order query"",""thread_id"":""THREAD-019""}",genie/puppy/communications.csv#COM-057,2026.07.19.2
CEO_BARKED_TWICE,PUPPY,COM-058,COMMUNICATION,EMAIL,Travel notice,GENIE,genie/puppy/communications.csv,COM-058,2026-03-01T17:00:00Z,,The service contract renews next month under existing terms.,"{""attachment_document_ids"":"""",""communication_id"":""COM-058"",""communication_type"":""EMAIL"",""recipient_record_ids"":""PR-IDA-01"",""safe_body"":""The service contract renews next month under existing terms."",""sender_domain"":""silvercollar.example"",""sender_record_id"":""PR-LUCY-02"",""sent_at"":""2026-03-01T17:00:00Z"",""subject"":""Travel notice"",""thread_id"":""THREAD-019""}",genie/puppy/communications.csv#COM-058,2026.07.19.2
CEO_BARKED_TWICE,PUPPY,COM-059,COMMUNICATION,EMAIL,Freight exception,GENIE,genie/puppy/communications.csv,COM-059,2026-03-02T02:00:00Z,,No account change is requested; use the verified vendor master.,"{""attachment_document_ids"":"""",""communication_id"":""COM-059"",""communication_type"":""EMAIL"",""recipient_record_ids"":""PR-OWEN-02"",""safe_body"":""No account change is requested; use the verified vendor master."",""sender_domain"":""silvercollar.example"",""sender_record_id"":""PR-SOPHIE-02"",""sent_at"":""2026-03-02T02:00:00Z"",""subject"":""Freight exception"",""thread_id"":""THREAD-019""}",genie/puppy/communications.csv#COM-059,2026.07.19.2
CEO_BARKED_TWICE,PUPPY,COM-060,COMMUNICATION,EMAIL,Vendor onboarding,GENIE,genie/puppy/communications.csv,COM-060,2026-03-02T11:00:00Z,,Security observed a login from the normal corporate network.,"{""attachment_document_ids"":"""",""communication_id"":""COM-060"",""communication_type"":""EMAIL"",""recipient_record_ids"":""PR-RHEA-01"",""safe_body"":""Security observed a login from the normal corporate network."",""sender_domain"":""silvercollar.example"",""sender_record_id"":""PR-JUNE-01"",""sent_at"":""2026-03-02T11:00:00Z"",""subject"":""Vendor onboarding"",""thread_id"":""THREAD-020""}",genie/puppy/communications.csv#COM-060,2026.07.19.2
CEO_BARKED_TWICE,PUPPY,COM-061,COMMUNICATION,CHAT,Invoice status,GENIE,genie/puppy/communications.csv,COM-061,2026-03-02T20:00:00Z,,Please confirm the invoice reference and purchase order before close.,"{""attachment_document_ids"":""DOC-061"",""communication_id"":""COM-061"",""communication_type"":""CHAT"",""recipient_record_ids"":""PR-BEA-02"",""safe_body"":""Please confirm the invoice reference and purchase order before close."",""sender_domain"":""silvercollar.example"",""sender_record_id"":""PR-PENNY-02"",""sent_at"":""2026-03-02T20:00:00Z"",""subject"":""Invoice status"",""thread_id"":""THREAD-020""}",genie/puppy/communications.csv#COM-061,2026.07.19.2
CEO_BARKED_TWICE,PUPPY,COM-062,COMMUNICATION,EMAIL,Security alert,GENIE,genie/puppy/communications.csv,COM-062,2026-03-03T05:00:00Z,,Vendor onboarding is pending a verified callback.,"{""attachment_document_ids"":"""",""communication_id"":""COM-062"",""communication_type"":""EMAIL"",""recipient_record_ids"":""PR-VICTOR-02"",""safe_body"":""Vendor onboarding is pending a verified callback."",""sender_domain"":""silvercollar.example"",""sender_record_id"":""PR-CONRAD-02"",""sent_at"":""2026-03-03T05:00:00Z"",""subject"":""Security alert"",""thread_id"":""THREAD-020""}",genie/puppy/communications.csv#COM-062,2026.07.19.2
CEO_BARKED_TWICE,PUPPY,COM-063,COMMUNICATION,EMAIL,Bank details review,GENIE,genie/puppy/communications.csv,COM-063,2026-03-03T14:00:00Z,,"Freight delay requires a revised delivery date, not new bank details.","{""attachment_document_ids"":"""",""communication_id"":""COM-063"",""communication_type"":""EMAIL"",""recipient_record_ids"":""PR-SOPHIE-02"",""safe_body"":""Freight delay requires a revised delivery date, not new bank details."",""sender_domain"":""silvercollar.example"",""sender_record_id"":""PR-BEA-02"",""sent_at"":""2026-03-03T14:00:00Z"",""subject"":""Bank details review"",""thread_id"":""THREAD-021""}",genie/puppy/communications.csv#COM-063,2026.07.19.2
CEO_BARKED_TWICE,PUPPY,COM-064,COMMUNICATION,EMAIL,Contract renewal,GENIE,genie/puppy/communications.csv,COM-064,2026-03-03T23:00:00Z,,The executive travel calendar has been updated for the finance team.,"{""attachment_document_ids"":"""",""communication_id"":""COM-064"",""communication_type"":""EMAIL"",""recipient_record_ids"":""PR-CONRAD-02"",""safe_body"":""The executive travel calendar has been updated for the finance team."",""sender_domain"":""silvercollar.example"",""sender_record_id"":""PR-IDA-01"",""sent_at"":""2026-03-03T23:00:00Z"",""subject"":""Contract renewal"",""thread_id"":""THREAD-021""}",genie/puppy/communications.csv#COM-064,2026.07.19.2
CEO_BARKED_TWICE,PUPPY,COM-065,COMMUNICATION,EMAIL,Quarterly close,GENIE,genie/puppy/communications.csv,COM-065,2026-03-04T08:00:00Z,,The purchase order quantity differs from the delivery note.,"{""attachment_document_ids"":"""",""communication_id"":""COM-065"",""communication_type"":""EMAIL"",""recipient_record_ids"":""PR-RHEA-01"",""safe_body"":""The purchase order quantity differs from the delivery note."",""sender_domain"":""silvercollar.example"",""sender_record_id"":""PR-THEO-01"",""sent_at"":""2026-03-04T08:00:00Z"",""subject"":""Quarterly close"",""thread_id"":""THREAD-021""}",genie/puppy/communications.csv#COM-065,2026.07.19.2
CEO_BARKED_TWICE,PUPPY,COM-066,COMMUNICATION,EMAIL,Shared mailbox,GENIE,genie/puppy/communications.csv,COM-066,2026-03-04T17:00:00Z,,The shipment is scheduled for the next warehouse window.,"{""attachment_document_ids"":"""",""communication_id"":""COM-066"",""communication_type"":""EMAIL"",""recipient_record_ids"":""PR-LUCY-02"",""safe_body"":""The shipment is scheduled for the next warehouse window."",""sender_domain"":""copperpaw.example"",""sender_record_id"":""PR-VICTOR-02"",""sent_at"":""2026-03-04T17:00:00Z"",""subject"":""Shared mailbox"",""thread_id"":""THREAD-022""}",genie/puppy/communications.csv#COM-066,2026.07.19.2
CEO_BARKED_TWICE,PUPPY,COM-067,COMMUNICATION,CHAT,Payment confirmation,GENIE,genie/puppy/communications.csv,COM-067,2026-03-05T02:00:00Z,,The payment was processed to the existing approved beneficiary.,"{""attachment_document_ids"":"""",""communication_id"":""COM-067"",""communication_type"":""CHAT"",""recipient_record_ids"":""PR-PENNY-02"",""safe_body"":""The payment was processed to the existing approved beneficiary."",""sender_domain"":""copperpaw.example"",""sender_record_id"":""PR-OWEN-02"",""sent_at"":""2026-03-05T02:00:00Z"",""subject"":""Payment confirmation"",""thread_id"":""THREAD-022""}",genie/puppy/communications.csv#COM-067,2026.07.19.2
CEO_BARKED_TWICE,PUPPY,COM-068,COMMUNICATION,EMAIL,Delivery schedule,GENIE,genie/puppy/communications.csv,COM-068,2026-03-05T11:00:00Z,,This mailbox is shared for routine invoice queries only.,"{""attachment_document_ids"":"""",""communication_id"":""COM-068"",""communication_type"":""EMAIL"",""recipient_record_ids"":""PR-IDA-01"",""safe_body"":""This mailbox is shared for routine invoice queries only."",""sender_domain"":""silvercollar.example"",""sender_record_id"":""PR-LUCY-02"",""sent_at"":""2026-03-05T11:00:00Z"",""subject"":""Delivery schedule"",""thread_id"":""THREAD-022""}",genie/puppy/communications.csv#COM-068,2026.07.19.2
CEO_BARKED_TWICE,PUPPY,COM-069,COMMUNICATION,EMAIL,Purchase order query,GENIE,genie/puppy/communications.csv,COM-069,2026-03-05T20:00:00Z,,Quarterly close requires all exceptions to be documented.,"{""attachment_document_ids"":"""",""communication_id"":""COM-069"",""communication_type"":""EMAIL"",""recipient_record_ids"":""PR-OWEN-02"",""safe_body"":""Quarterly close requires all exceptions to be documented."",""sender_domain"":""silvercollar.example"",""sender_record_id"":""PR-SOPHIE-02"",""sent_at"":""2026-03-05T20:00:00Z"",""subject"":""Purchase order query"",""thread_id"":""THREAD-023""}",genie/puppy/communications.csv#COM-069,2026.07.19.2
CEO_BARKED_TWICE,PUPPY,COM-070,COMMUNICATION,EMAIL,Travel notice,GENIE,genie/puppy/communications.csv,COM-070,2026-03-06T05:00:00Z,,The service contract renews next month under existing terms.,"{""attachment_document_ids"":"""",""communication_id"":""COM-070"",""communication_type"":""EMAIL"",""recipient_record_ids"":""PR-RHEA-01"",""safe_body"":""The service contract renews next month under existing terms."",""sender_domain"":""silvercollar.example"",""sender_record_id"":""PR-JUNE-01"",""sent_at"":""2026-03-06T05:00:00Z"",""subject"":""Travel notice"",""thread_id"":""THREAD-023""}",genie/puppy/communications.csv#COM-070,2026.07.19.2
CEO_BARKED_TWICE,PUPPY,COM-071,COMMUNICATION,EMAIL,Freight exception,GENIE,genie/puppy/communications.csv,COM-071,2026-03-06T14:00:00Z,,No account change is requested; use the verified vendor master.,"{""attachment_document_ids"":""DOC-071"",""communication_id"":""COM-071"",""communication_type"":""EMAIL"",""recipient_record_ids"":""PR-BEA-02"",""safe_body"":""No account change is requested; use the verified vendor master."",""sender_domain"":""silvercollar.example"",""sender_record_id"":""PR-PENNY-02"",""sent_at"":""2026-03-06T14:00:00Z"",""subject"":""Freight exception"",""thread_id"":""THREAD-023""}",genie/puppy/communications.csv#COM-071,2026.07.19.2
CEO_BARKED_TWICE,PUPPY,COM-072,COMMUNICATION,EMAIL,Vendor onboarding,GENIE,genie/puppy/communications.csv,COM-072,2026-03-06T23:00:00Z,,Security observed a login from the normal corporate network.,"{""attachment_document_ids"":"""",""communication_id"":""COM-072"",""communication_type"":""EMAIL"",""recipient_record_ids"":""PR-VICTOR-02"",""safe_body"":""Security observed a login from the normal corporate network."",""sender_domain"":""silvercollar.example"",""sender_record_id"":""PR-CONRAD-02"",""sent_at"":""2026-03-06T23:00:00Z"",""subject"":""Vendor onboarding"",""thread_id"":""THREAD-024""}",genie/puppy/communications.csv#COM-072,2026.07.19.2
CEO_BARKED_TWICE,PUPPY,COM-073,COMMUNICATION,CHAT,Invoice status,GENIE,genie/puppy/communications.csv,COM-073,2026-03-07T08:00:00Z,,Please confirm the invoice reference and purchase order before close.,"{""attachment_document_ids"":"""",""communication_id"":""COM-073"",""communication_type"":""CHAT"",""recipient_record_ids"":""PR-SOPHIE-02"",""safe_body"":""Please confirm the invoice reference and purchase order before close."",""sender_domain"":""silvercollar.example"",""sender_record_id"":""PR-BEA-02"",""sent_at"":""2026-03-07T08:00:00Z"",""subject"":""Invoice status"",""thread_id"":""THREAD-024""}",genie/puppy/communications.csv#COM-073,2026.07.19.2
CEO_BARKED_TWICE,PUPPY,COM-074,COMMUNICATION,EMAIL,Security alert,GENIE,genie/puppy/communications.csv,COM-074,2026-03-07T17:00:00Z,,Vendor onboarding is pending a verified callback.,"{""attachment_document_ids"":"""",""communication_id"":""COM-074"",""communication_type"":""EMAIL"",""recipient_record_ids"":""PR-CONRAD-02"",""safe_body"":""Vendor onboarding is pending a verified callback."",""sender_domain"":""silvercollar.example"",""sender_record_id"":""PR-IDA-01"",""sent_at"":""2026-03-07T17:00:00Z"",""subject"":""Security alert"",""thread_id"":""THREAD-024""}",genie/puppy/communications.csv#COM-074,2026.07.19.2
CEO_BARKED_TWICE,PUPPY,COM-075,COMMUNICATION,EMAIL,Bank details review,GENIE,genie/puppy/communications.csv,COM-075,2026-03-08T02:00:00Z,,"Freight delay requires a revised delivery date, not new bank details.","{""attachment_document_ids"":"""",""communication_id"":""COM-075"",""communication_type"":""EMAIL"",""recipient_record_ids"":""PR-RHEA-01"",""safe_body"":""Freight delay requires a revised delivery date, not new bank details."",""sender_domain"":""silvercollar.example"",""sender_record_id"":""PR-THEO-01"",""sent_at"":""2026-03-08T02:00:00Z"",""subject"":""Bank details review"",""thread_id"":""THREAD-025""}",genie/puppy/communications.csv#COM-075,2026.07.19.2
CEO_BARKED_TWICE,PUPPY,DOC-001,DOCUMENT,PAYMENT_CONTROL_POLICY,Vendor Bank Change and Callback Policy,GENIE,genie/puppy/documents.csv,DOC-001,2025-01-15,,Vendor Bank Change and Callback Policy,"{""document_hash"":""POLICY-HASH-001"",""document_id"":""DOC-001"",""document_type"":""PAYMENT_CONTROL_POLICY"",""extracted_beneficiary_account"":"""",""extracted_invoice_number"":"""",""extracted_support_phone"":"""",""issued_at"":""2025-01-15"",""issuer_record_id"":""OR-SCC-01"",""related_invoice_id"":"""",""related_record_ids"":"""",""signer_record_id"":""PR-CONRAD-01"",""template_id"":"""",""title"":""Vendor Bank Change and Callback Policy""}",genie/puppy/documents.csv#DOC-001,2026.07.19.2
CEO_BARKED_TWICE,PUPPY,DOC-002,DOCUMENT,EXECUTIVE_TRAVEL_NOTICE,CEO Travel Itinerary,GENIE,genie/puppy/documents.csv,DOC-002,2026-02-08,,CEO Travel Itinerary,"{""document_hash"":""TRAVEL-HASH-001"",""document_id"":""DOC-002"",""document_type"":""EXECUTIVE_TRAVEL_NOTICE"",""extracted_beneficiary_account"":"""",""extracted_invoice_number"":"""",""extracted_support_phone"":"""",""issued_at"":""2026-02-08"",""issuer_record_id"":""OR-SCC-01"",""related_invoice_id"":"""",""related_record_ids"":"""",""signer_record_id"":""PR-BEA-01"",""template_id"":"""",""title"":""CEO Travel Itinerary""}",genie/puppy/documents.csv#DOC-002,2026.07.19.2
CEO_BARKED_TWICE,PUPPY,DOC-003,DOCUMENT,DOMAIN_REGISTRATION_EXPORT,Lookalike Domain Registration Export,GENIE,genie/puppy/documents.csv,DOC-003,2026-02-11,,Lookalike Domain Registration Export,"{""document_hash"":""REG-HASH-001"",""document_id"":""DOC-003"",""document_type"":""DOMAIN_REGISTRATION_EXPORT"",""extracted_beneficiary_account"":"""",""extracted_invoice_number"":"""",""extracted_support_phone"":"""",""issued_at"":""2026-02-11"",""issuer_record_id"":""OR-REGISTRY-01"",""related_invoice_id"":"""",""related_record_ids"":""DOM-SCC-TYPO;DOM-COPPER-TYPO"",""signer_record_id"":""PR-THEO-01"",""template_id"":"""",""title"":""Lookalike Domain Registration Export""}",genie/puppy/documents.csv#DOC-003,2026.07.19.2
CEO_BARKED_TWICE,PUPPY,DOC-004,DOCUMENT,MAILBOX_RULE_EXPORT,Penny Mailbox Rule Export,GENIE,genie/puppy/documents.csv,DOC-004,2026-02-11,,Penny Mailbox Rule Export,"{""document_hash"":""MAIL-HASH-001"",""document_id"":""DOC-004"",""document_type"":""MAILBOX_RULE_EXPORT"",""extracted_beneficiary_account"":"""",""extracted_invoice_number"":"""",""extracted_support_phone"":"""",""issued_at"":""2026-02-11"",""issuer_record_id"":""OR-CLOUDMAIL-01"",""related_invoice_id"":"""",""related_record_ids"":""MR-001;MR-002"",""signer_record_id"":""PR-THEO-01"",""template_id"":"""",""title"":""Penny Mailbox Rule Export""}",genie/puppy/documents.csv#DOC-004,2026.07.19.2
CEO_BARKED_TWICE,PUPPY,DOC-005,DOCUMENT,BANK_PAYMENT_ADVICE,Payment Advice CPI-1048,GENIE,genie/puppy/documents.csv,DOC-005,2026-02-10,,Payment Advice CPI-1048,"{""document_hash"":""BANK-HASH-1048"",""document_id"":""DOC-005"",""document_type"":""BANK_PAYMENT_ADVICE"",""extracted_beneficiary_account"":"""",""extracted_invoice_number"":"""",""extracted_support_phone"":"""",""issued_at"":""2026-02-10"",""issuer_record_id"":""OR-LANTERNBANK-01"",""related_invoice_id"":""INV-COPPER-1048-F"",""related_record_ids"":""TX-FRAUD-001"",""signer_record_id"":""PR-MABEL-01"",""template_id"":"""",""title"":""Payment Advice CPI-1048""}",genie/puppy/documents.csv#DOC-005,2026.07.19.2
CEO_BARKED_TWICE,PUPPY,DOC-006,DOCUMENT,BANK_KYC,Beneficiary KYC Nightjar 8842,GENIE,genie/puppy/documents.csv,DOC-006,2026-02-11,,Beneficiary KYC Nightjar 8842,"{""document_hash"":""KYC-HASH-8842"",""document_id"":""DOC-006"",""document_type"":""BANK_KYC"",""extracted_beneficiary_account"":"""",""extracted_invoice_number"":"""",""extracted_support_phone"":"""",""issued_at"":""2026-02-11"",""issuer_record_id"":""OR-PAYMENTS-01"",""related_invoice_id"":"""",""related_record_ids"":""A-NIGHTJAR-8842"",""signer_record_id"":""PR-MABEL-01"",""template_id"":"""",""title"":""Beneficiary KYC Nightjar 8842""}",genie/puppy/documents.csv#DOC-006,2026.07.19.2
CEO_BARKED_TWICE,PUPPY,DOC-007,DOCUMENT,BANK_KYC,Account KYC Grant 7726,GENIE,genie/puppy/documents.csv,DOC-007,2026-02-11,,Account KYC Grant 7726,"{""document_hash"":""KYC-HASH-7726"",""document_id"":""DOC-007"",""document_type"":""BANK_KYC"",""extracted_beneficiary_account"":"""",""extracted_invoice_number"":"""",""extracted_support_phone"":"""",""issued_at"":""2026-02-11"",""issuer_record_id"":""OR-LANTERNBANK-01"",""related_invoice_id"":"""",""related_record_ids"":""A-GRANT-7726"",""signer_record_id"":""PR-MABEL-01"",""template_id"":"""",""title"":""Account KYC Grant 7726""}",genie/puppy/documents.csv#DOC-007,2026.07.19.2
CEO_BARKED_TWICE,PUPPY,DOC-008,DOCUMENT,INCIDENT_STATEMENT,Bea Barkley Incident Statement,GENIE,genie/puppy/documents.csv,DOC-008,2026-02-12,,Bea Barkley Incident Statement,"{""document_hash"":""STATEMENT-HASH-BEA"",""document_id"":""DOC-008"",""document_type"":""INCIDENT_STATEMENT"",""extracted_beneficiary_account"":"""",""extracted_invoice_number"":"""",""extracted_support_phone"":"""",""issued_at"":""2026-02-12"",""issuer_record_id"":""OR-SCC-01"",""related_invoice_id"":"""",""related_record_ids"":""INC-001"",""signer_record_id"":""PR-BEA-01"",""template_id"":"""",""title"":""Bea Barkley Incident Statement""}",genie/puppy/documents.csv#DOC-008,2026.07.19.2
CEO_BARKED_TWICE,PUPPY,DOC-009,DOCUMENT,INCIDENT_STATEMENT,Penny Pug Incident Statement,GENIE,genie/puppy/documents.csv,DOC-009,2026-02-12,,Penny Pug Incident Statement,"{""document_hash"":""STATEMENT-HASH-PENNY"",""document_id"":""DOC-009"",""document_type"":""INCIDENT_STATEMENT"",""extracted_beneficiary_account"":"""",""extracted_invoice_number"":"""",""extracted_support_phone"":"""",""issued_at"":""2026-02-12"",""issuer_record_id"":""OR-SCC-01"",""related_invoice_id"":"""",""related_record_ids"":""INC-002"",""signer_record_id"":""PR-PENNY-01"",""template_id"":"""",""title"":""Penny Pug Incident Statement""}",genie/puppy/documents.csv#DOC-009,2026.07.19.2
CEO_BARKED_TWICE,PUPPY,DOC-010,DOCUMENT,INCIDENT_STATEMENT,Copper Paw Vendor Statement,GENIE,genie/puppy/documents.csv,DOC-010,2026-02-12,,Copper Paw Vendor Statement,"{""document_hash"":""STATEMENT-HASH-COPPER"",""document_id"":""DOC-010"",""document_type"":""INCIDENT_STATEMENT"",""extracted_beneficiary_account"":"""",""extracted_invoice_number"":"""",""extracted_support_phone"":"""",""issued_at"":""2026-02-12"",""issuer_record_id"":""OR-COPPER-01"",""related_invoice_id"":"""",""related_record_ids"":""INC-003"",""signer_record_id"":""PR-OWEN-01"",""template_id"":"""",""title"":""Copper Paw Vendor Statement""}",genie/puppy/documents.csv#DOC-010,2026.07.19.2
CEO_BARKED_TWICE,PUPPY,DOC-011,DOCUMENT,INVOICE_ATTACHMENT,Forged invoice CPI-1048,GENIE,genie/puppy/documents.csv,DOC-011,2026-02-10,,Forged invoice CPI-1048,"{""document_hash"":""HASH-COPPER-1048-F"",""document_id"":""DOC-011"",""document_type"":""INVOICE_ATTACHMENT"",""extracted_beneficiary_account"":""••••8842"",""extracted_invoice_number"":""CPI-1048"",""extracted_support_phone"":""+1-555-0501"",""issued_at"":""2026-02-10"",""issuer_record_id"":""OR-NIGHTJAR-01"",""related_invoice_id"":""INV-COPPER-1048-F"",""related_record_ids"":""INV-COPPER-1048-F"",""signer_record_id"":""PR-IVY-01"",""template_id"":""tmpl-copper-forged-v1"",""title"":""Forged invoice CPI-1048""}",genie/puppy/documents.csv#DOC-011,2026.07.19.2
CEO_BARKED_TWICE,PUPPY,DOC-012,DOCUMENT,INVOICE_ATTACHMENT,Forged invoice CPI-1059,GENIE,genie/puppy/documents.csv,DOC-012,2026-02-18,,Forged invoice CPI-1059,"{""document_hash"":""HASH-COPPER-1059-F"",""document_id"":""DOC-012"",""document_type"":""INVOICE_ATTACHMENT"",""extracted_beneficiary_account"":""••••8842"",""extracted_invoice_number"":""CPI-1059"",""extracted_support_phone"":""+1-555-0501"",""issued_at"":""2026-02-18"",""issuer_record_id"":""OR-NIGHTJAR-01"",""related_invoice_id"":""INV-COPPER-1059-F"",""related_record_ids"":""INV-COPPER-1059-F"",""signer_record_id"":""PR-IVY-01"",""template_id"":""tmpl-copper-forged-v1"",""title"":""Forged invoice CPI-1059""}",genie/puppy/documents.csv#DOC-012,2026.07.19.2
CEO_BARKED_TWICE,PUPPY,DOC-013,DOCUMENT,INVOICE_ATTACHMENT,Genuine invoice CPI-1048,GENIE,genie/puppy/documents.csv,DOC-013,2026-02-10,,Genuine invoice CPI-1048,"{""document_hash"":""HASH-COPPER-1048-G"",""document_id"":""DOC-013"",""document_type"":""INVOICE_ATTACHMENT"",""extracted_beneficiary_account"":""••••2207"",""extracted_invoice_number"":""CPI-1048"",""extracted_support_phone"":""+1-555-0501"",""issued_at"":""2026-02-10"",""issuer_record_id"":""OR-COPPER-01"",""related_invoice_id"":""INV-COPPER-1048-G"",""related_record_ids"":""INV-COPPER-1048-G"",""signer_record_id"":""PR-VICTOR-01"",""template_id"":""tmpl-copper-genuine-v4"",""title"":""Genuine invoice CPI-1048""}",genie/puppy/documents.csv#DOC-013,2026.07.19.2
CEO_BARKED_TWICE,PUPPY,DOC-014,DOCUMENT,INVOICE_ATTACHMENT,Genuine invoice CPI-1059,GENIE,genie/puppy/documents.csv,DOC-014,2026-02-18,,Genuine invoice CPI-1059,"{""document_hash"":""HASH-COPPER-1059-G"",""document_id"":""DOC-014"",""document_type"":""INVOICE_ATTACHMENT"",""extracted_beneficiary_account"":""••••2207"",""extracted_invoice_number"":""CPI-1059"",""extracted_support_phone"":""+1-555-0501"",""issued_at"":""2026-02-18"",""issuer_record_id"":""OR-COPPER-01"",""related_invoice_id"":""INV-COPPER-1059-G"",""related_record_ids"":""INV-COPPER-1059-G"",""signer_record_id"":""PR-VICTOR-01"",""template_id"":""tmpl-copper-genuine-v4"",""title"":""Genuine invoice CPI-1059""}",genie/puppy/documents.csv#DOC-014,2026.07.19.2
CEO_BARKED_TWICE,PUPPY,DOC-015,DOCUMENT,RECOVERY_NOTICE,Partial Recovery Notice,GENIE,genie/puppy/documents.csv,DOC-015,2026-02-12,,Partial Recovery Notice,"{""document_hash"":""RECOVERY-HASH-001"",""document_id"":""DOC-015"",""document_type"":""RECOVERY_NOTICE"",""extracted_beneficiary_account"":"""",""extracted_invoice_number"":"""",""extracted_support_phone"":"""",""issued_at"":""2026-02-12"",""issuer_record_id"":""OR-LANTERNBANK-01"",""related_invoice_id"":"""",""related_record_ids"":""TX-RECOVERY-001"",""signer_record_id"":""PR-MABEL-01"",""template_id"":"""",""title"":""Partial Recovery Notice""}",genie/puppy/documents.csv#DOC-015,2026.07.19.2
CEO_BARKED_TWICE,PUPPY,DOC-016,DOCUMENT,LOGIN_EXPORT,Login Export 016,GENIE,genie/puppy/documents.csv,DOC-016,2025-09-29,,Login Export 016,"{""document_hash"":""88f09127bd689bb65073fd0d30398291b61521f11aaa877d19ff2641811d7cdf"",""document_id"":""DOC-016"",""document_type"":""LOGIN_EXPORT"",""extracted_beneficiary_account"":"""",""extracted_invoice_number"":"""",""extracted_support_phone"":"""",""issued_at"":""2025-09-29"",""issuer_record_id"":""OR-AUDIT-01"",""related_invoice_id"":"""",""related_record_ids"":""PO-26016"",""signer_record_id"":""PR-IDA-01"",""template_id"":""tmpl-login_export-v4"",""title"":""Login Export 016""}",genie/puppy/documents.csv#DOC-016,2026.07.19.2
CEO_BARKED_TWICE,PUPPY,DOC-017,DOCUMENT,AUDIT_WORKPAPER,Audit Workpaper 017,GENIE,genie/puppy/documents.csv,DOC-017,2025-10-05,,Audit Workpaper 017,"{""document_hash"":""8e7a91601f03f191bbaaa32b72dd9f588d44018f14f8359909c0a5fe7ea67a87"",""document_id"":""DOC-017"",""document_type"":""AUDIT_WORKPAPER"",""extracted_beneficiary_account"":"""",""extracted_invoice_number"":"""",""extracted_support_phone"":"""",""issued_at"":""2025-10-05"",""issuer_record_id"":""OR-IRON-01"",""related_invoice_id"":"""",""related_record_ids"":""PO-26017"",""signer_record_id"":""PR-RHEA-01"",""template_id"":""tmpl-audit_workpaper-v1"",""title"":""Audit Workpaper 017""}",genie/puppy/documents.csv#DOC-017,2026.07.19.2
CEO_BARKED_TWICE,PUPPY,DOC-018,DOCUMENT,CONTRACT,Contract 018,GENIE,genie/puppy/documents.csv,DOC-018,2025-10-11,,Contract 018,"{""document_hash"":""a5c27f42dc68627c874eb3b95844bcb96522502b7d1d02fac65ff41c348ab850"",""document_id"":""DOC-018"",""document_type"":""CONTRACT"",""extracted_beneficiary_account"":"""",""extracted_invoice_number"":"""",""extracted_support_phone"":"""",""issued_at"":""2025-10-11"",""issuer_record_id"":""OR-WIRE-01"",""related_invoice_id"":"""",""related_record_ids"":""PO-26018"",""signer_record_id"":""PR-MABEL-01"",""template_id"":""tmpl-contract-v2"",""title"":""Contract 018""}",genie/puppy/documents.csv#DOC-018,2026.07.19.2
CEO_BARKED_TWICE,PUPPY,DOC-019,DOCUMENT,CREDIT_NOTE,Credit Note 019,GENIE,genie/puppy/documents.csv,DOC-019,2025-10-17,,Credit Note 019,"{""document_hash"":""813590f41b92ed6e3e2d44cace1f6de008a0bb1395cd40dcd220770507fbe374"",""document_id"":""DOC-019"",""document_type"":""CREDIT_NOTE"",""extracted_beneficiary_account"":"""",""extracted_invoice_number"":"""",""extracted_support_phone"":"""",""issued_at"":""2025-10-17"",""issuer_record_id"":""OR-SCC-01"",""related_invoice_id"":""INV-0013"",""related_record_ids"":""PO-26019"",""signer_record_id"":""PR-VICTOR-01"",""template_id"":""tmpl-credit_note-v3"",""title"":""Credit Note 019""}",genie/puppy/documents.csv#DOC-019,2026.07.19.2
CEO_BARKED_TWICE,PUPPY,DOC-020,DOCUMENT,REGISTRY_FILING,Registry Filing 020,GENIE,genie/puppy/documents.csv,DOC-020,2025-10-23,,Registry Filing 020,"{""document_hash"":""a9437c1b90304f8dd4f346f516972b0b298adf2d2e0c546ff3f7774bec18b3fd"",""document_id"":""DOC-020"",""document_type"":""REGISTRY_FILING"",""extracted_beneficiary_account"":"""",""extracted_invoice_number"":"""",""extracted_support_phone"":"""",""issued_at"":""2025-10-23"",""issuer_record_id"":""OR-COPPER-01"",""related_invoice_id"":"""",""related_record_ids"":""PO-26020"",""signer_record_id"":""PR-JUNE-01"",""template_id"":""tmpl-registry_filing-v4"",""title"":""Registry Filing 020""}",genie/puppy/documents.csv#DOC-020,2026.07.19.2
CEO_BARKED_TWICE,PUPPY,DOC-021,DOCUMENT,PURCHASE_ORDER,Purchase Order 021,GENIE,genie/puppy/documents.csv,DOC-021,2025-10-29,,Purchase Order 021,"{""document_hash"":""1d86bbe92b4ab5ac9d6fa8834dfa051121d89092d7cafdd04664bbd56bbeff6b"",""document_id"":""DOC-021"",""document_type"":""PURCHASE_ORDER"",""extracted_beneficiary_account"":"""",""extracted_invoice_number"":"""",""extracted_support_phone"":"""",""issued_at"":""2025-10-29"",""issuer_record_id"":""OR-LANTERNBANK-01"",""related_invoice_id"":"""",""related_record_ids"":""PO-26021"",""signer_record_id"":""PR-IDA-01"",""template_id"":""tmpl-purchase_order-v1"",""title"":""Purchase Order 021""}",genie/puppy/documents.csv#DOC-021,2026.07.19.2
CEO_BARKED_TWICE,PUPPY,DOC-022,DOCUMENT,DELIVERY_NOTE,Delivery Note 022,GENIE,genie/puppy/documents.csv,DOC-022,2025-11-04,,Delivery Note 022,"{""document_hash"":""56b1f969044c212a4541eb08cf9a9f0e426dea31cd308ae51f9a7679b96f03af"",""document_id"":""DOC-022"",""document_type"":""DELIVERY_NOTE"",""extracted_beneficiary_account"":"""",""extracted_invoice_number"":"""",""extracted_support_phone"":"""",""issued_at"":""2025-11-04"",""issuer_record_id"":""OR-AUDIT-01"",""related_invoice_id"":"""",""related_record_ids"":""PO-26022"",""signer_record_id"":""PR-RHEA-01"",""template_id"":""tmpl-delivery_note-v2"",""title"":""Delivery Note 022""}",genie/puppy/documents.csv#DOC-022,2026.07.19.2
CEO_BARKED_TWICE,PUPPY,DOC-023,DOCUMENT,BANK_CONFIRMATION,Bank Confirmation 023,GENIE,genie/puppy/documents.csv,DOC-023,2025-11-10,,Bank Confirmation 023,"{""document_hash"":""47c9a8bae9c0142696cdfb44c9e1d02008b50a19e74bb78dc7f748ddef3c207f"",""document_id"":""DOC-023"",""document_type"":""BANK_CONFIRMATION"",""extracted_beneficiary_account"":"""",""extracted_invoice_number"":"""",""extracted_support_phone"":"""",""issued_at"":""2025-11-10"",""issuer_record_id"":""OR-IRON-01"",""related_invoice_id"":""INV-0017"",""related_record_ids"":""PO-26023"",""signer_record_id"":""PR-MABEL-01"",""template_id"":""tmpl-bank_confirmation-v3"",""title"":""Bank Confirmation 023""}",genie/puppy/documents.csv#DOC-023,2026.07.19.2
CEO_BARKED_TWICE,PUPPY,DOC-024,DOCUMENT,VENDOR_FORM,Vendor Form 024,GENIE,genie/puppy/documents.csv,DOC-024,2025-11-16,,Vendor Form 024,"{""document_hash"":""af2b3eca33eef87cd0adfd59d253430d437aa9b0f5b7bfbd7e20f3bb48444e61"",""document_id"":""DOC-024"",""document_type"":""VENDOR_FORM"",""extracted_beneficiary_account"":"""",""extracted_invoice_number"":"""",""extracted_support_phone"":"""",""issued_at"":""2025-11-16"",""issuer_record_id"":""OR-WIRE-01"",""related_invoice_id"":""INV-0018"",""related_record_ids"":""PO-26024"",""signer_record_id"":""PR-VICTOR-01"",""template_id"":""tmpl-vendor_form-v4"",""title"":""Vendor Form 024""}",genie/puppy/documents.csv#DOC-024,2026.07.19.2
CEO_BARKED_TWICE,PUPPY,DOC-025,DOCUMENT,EMAIL_EXPORT,Email Export 025,GENIE,genie/puppy/documents.csv,DOC-025,2025-11-22,,Email Export 025,"{""document_hash"":""356a81d86327f43b3ae035473962e500b7bcfc36cadff42b293265cb30983c69"",""document_id"":""DOC-025"",""document_type"":""EMAIL_EXPORT"",""extracted_beneficiary_account"":"""",""extracted_invoice_number"":"""",""extracted_support_phone"":"""",""issued_at"":""2025-11-22"",""issuer_record_id"":""OR-SCC-01"",""related_invoice_id"":"""",""related_record_ids"":""PO-26025"",""signer_record_id"":""PR-JUNE-01"",""template_id"":""tmpl-email_export-v1"",""title"":""Email Export 025""}",genie/puppy/documents.csv#DOC-025,2026.07.19.2
CEO_BARKED_TWICE,PUPPY,DOC-026,DOCUMENT,LOGIN_EXPORT,Login Export 026,GENIE,genie/puppy/documents.csv,DOC-026,2025-11-28,,Login Export 026,"{""document_hash"":""d8ac28f266f38399327a91add165d0a4c21ca2dcb532e710359b711be6a6ccbd"",""document_id"":""DOC-026"",""document_type"":""LOGIN_EXPORT"",""extracted_beneficiary_account"":"""",""extracted_invoice_number"":"""",""extracted_support_phone"":"""",""issued_at"":""2025-11-28"",""issuer_record_id"":""OR-COPPER-01"",""related_invoice_id"":"""",""related_record_ids"":""PO-26026"",""signer_record_id"":""PR-IDA-01"",""template_id"":""tmpl-login_export-v2"",""title"":""Login Export 026""}",genie/puppy/documents.csv#DOC-026,2026.07.19.2
CEO_BARKED_TWICE,PUPPY,DOC-027,DOCUMENT,AUDIT_WORKPAPER,Audit Workpaper 027,GENIE,genie/puppy/documents.csv,DOC-027,2025-12-04,,Audit Workpaper 027,"{""document_hash"":""19299f628d7ccb3b444f77e1a22e91ba3090505efa6a8a27ebd1f9c7154e8e09"",""document_id"":""DOC-027"",""document_type"":""AUDIT_WORKPAPER"",""extracted_beneficiary_account"":"""",""extracted_invoice_number"":"""",""extracted_support_phone"":"""",""issued_at"":""2025-12-04"",""issuer_record_id"":""OR-LANTERNBANK-01"",""related_invoice_id"":"""",""related_record_ids"":""PO-26027"",""signer_record_id"":""PR-RHEA-01"",""template_id"":""tmpl-audit_workpaper-v3"",""title"":""Audit Workpaper 027""}",genie/puppy/documents.csv#DOC-027,2026.07.19.2
CEO_BARKED_TWICE,PUPPY,DOC-028,DOCUMENT,CONTRACT,Contract 028,GENIE,genie/puppy/documents.csv,DOC-028,2025-12-10,,Contract 028,"{""document_hash"":""6084729cc34ed98050b3ea297f7b7ae29bc929110f195422e0a6880f4934c848"",""document_id"":""DOC-028"",""document_type"":""CONTRACT"",""extracted_beneficiary_account"":"""",""extracted_invoice_number"":"""",""extracted_support_phone"":"""",""issued_at"":""2025-12-10"",""issuer_record_id"":""OR-AUDIT-01"",""related_invoice_id"":"""",""related_record_ids"":""PO-26028"",""signer_record_id"":""PR-MABEL-01"",""template_id"":""tmpl-contract-v4"",""title"":""Contract 028""}",genie/puppy/documents.csv#DOC-028,2026.07.19.2
CEO_BARKED_TWICE,PUPPY,DOC-029,DOCUMENT,CREDIT_NOTE,Credit Note 029,GENIE,genie/puppy/documents.csv,DOC-029,2025-12-16,,Credit Note 029,"{""document_hash"":""ac965a59def1a278a2b9a6196cffb18fbf4315cd5afafffb61285a4f4df0a2e0"",""document_id"":""DOC-029"",""document_type"":""CREDIT_NOTE"",""extracted_beneficiary_account"":"""",""extracted_invoice_number"":"""",""extracted_support_phone"":"""",""issued_at"":""2025-12-16"",""issuer_record_id"":""OR-IRON-01"",""related_invoice_id"":""INV-0023"",""related_record_ids"":""PO-26029"",""signer_record_id"":""PR-VICTOR-01"",""template_id"":""tmpl-credit_note-v1"",""title"":""Credit Note 029""}",genie/puppy/documents.csv#DOC-029,2026.07.19.2
CEO_BARKED_TWICE,PUPPY,DOC-030,DOCUMENT,REGISTRY_FILING,Registry Filing 030,GENIE,genie/puppy/documents.csv,DOC-030,2025-12-22,,Registry Filing 030,"{""document_hash"":""f14dd10ec250167377985ea08f201d7e9052b6ae3343780aa288bf4c551c97e7"",""document_id"":""DOC-030"",""document_type"":""REGISTRY_FILING"",""extracted_beneficiary_account"":"""",""extracted_invoice_number"":"""",""extracted_support_phone"":"""",""issued_at"":""2025-12-22"",""issuer_record_id"":""OR-WIRE-01"",""related_invoice_id"":"""",""related_record_ids"":""PO-26030"",""signer_record_id"":""PR-JUNE-01"",""template_id"":""tmpl-registry_filing-v2"",""title"":""Registry Filing 030""}",genie/puppy/documents.csv#DOC-030,2026.07.19.2
CEO_BARKED_TWICE,PUPPY,DOC-031,DOCUMENT,PURCHASE_ORDER,Purchase Order 031,GENIE,genie/puppy/documents.csv,DOC-031,2025-12-28,,Purchase Order 031,"{""document_hash"":""2fad36777b0eb747f24010d46736617e550bed59061a3c5e225b821a0aa7ed55"",""document_id"":""DOC-031"",""document_type"":""PURCHASE_ORDER"",""extracted_beneficiary_account"":"""",""extracted_invoice_number"":"""",""extracted_support_phone"":"""",""issued_at"":""2025-12-28"",""issuer_record_id"":""OR-SCC-01"",""related_invoice_id"":"""",""related_record_ids"":""PO-26031"",""signer_record_id"":""PR-IDA-01"",""template_id"":""tmpl-purchase_order-v3"",""title"":""Purchase Order 031""}",genie/puppy/documents.csv#DOC-031,2026.07.19.2
CEO_BARKED_TWICE,PUPPY,DOC-032,DOCUMENT,DELIVERY_NOTE,Delivery Note 032,GENIE,genie/puppy/documents.csv,DOC-032,2026-01-03,,Delivery Note 032,"{""document_hash"":""ec0a8e2383ea0f699c54bb10245a9966aa23aa23f0efd6eefcad72203f6cfb0c"",""document_id"":""DOC-032"",""document_type"":""DELIVERY_NOTE"",""extracted_beneficiary_account"":"""",""extracted_invoice_number"":"""",""extracted_support_phone"":"""",""issued_at"":""2026-01-03"",""issuer_record_id"":""OR-COPPER-01"",""related_invoice_id"":"""",""related_record_ids"":""PO-26032"",""signer_record_id"":""PR-RHEA-01"",""template_id"":""tmpl-delivery_note-v4"",""title"":""Delivery Note 032""}",genie/puppy/documents.csv#DOC-032,2026.07.19.2
CEO_BARKED_TWICE,PUPPY,DOC-033,DOCUMENT,BANK_CONFIRMATION,Bank Confirmation 033,GENIE,genie/puppy/documents.csv,DOC-033,2026-01-09,,Bank Confirmation 033,"{""document_hash"":""f0d5c93e48798cea016496171bd59349e6f3f191d0297050cd115db65338570a"",""document_id"":""DOC-033"",""document_type"":""BANK_CONFIRMATION"",""extracted_beneficiary_account"":"""",""extracted_invoice_number"":"""",""extracted_support_phone"":"""",""issued_at"":""2026-01-09"",""issuer_record_id"":""OR-LANTERNBANK-01"",""related_invoice_id"":""INV-0027"",""related_record_ids"":""PO-26033"",""signer_record_id"":""PR-MABEL-01"",""template_id"":""tmpl-bank_confirmation-v1"",""title"":""Bank Confirmation 033""}",genie/puppy/documents.csv#DOC-033,2026.07.19.2
CEO_BARKED_TWICE,PUPPY,DOC-034,DOCUMENT,VENDOR_FORM,Vendor Form 034,GENIE,genie/puppy/documents.csv,DOC-034,2026-01-15,,Vendor Form 034,"{""document_hash"":""c2c3b6a74975519f2ff3d94acd53cc5d670108eab4ea0d1e3f77bf13a5422bf7"",""document_id"":""DOC-034"",""document_type"":""VENDOR_FORM"",""extracted_beneficiary_account"":"""",""extracted_invoice_number"":"""",""extracted_support_phone"":"""",""issued_at"":""2026-01-15"",""issuer_record_id"":""OR-AUDIT-01"",""related_invoice_id"":""INV-0028"",""related_record_ids"":""PO-26034"",""signer_record_id"":""PR-VICTOR-01"",""template_id"":""tmpl-vendor_form-v2"",""title"":""Vendor Form 034""}",genie/puppy/documents.csv#DOC-034,2026.07.19.2
CEO_BARKED_TWICE,PUPPY,DOC-035,DOCUMENT,EMAIL_EXPORT,Email Export 035,GENIE,genie/puppy/documents.csv,DOC-035,2026-01-21,,Email Export 035,"{""document_hash"":""d998e71c881ac99bccbad21c0586d5c3ffef7e8410b93f61b1da5f7a4f7f4ee4"",""document_id"":""DOC-035"",""document_type"":""EMAIL_EXPORT"",""extracted_beneficiary_account"":"""",""extracted_invoice_number"":"""",""extracted_support_phone"":"""",""issued_at"":""2026-01-21"",""issuer_record_id"":""OR-IRON-01"",""related_invoice_id"":"""",""related_record_ids"":""PO-26035"",""signer_record_id"":""PR-JUNE-01"",""template_id"":""tmpl-email_export-v3"",""title"":""Email Export 035""}",genie/puppy/documents.csv#DOC-035,2026.07.19.2
CEO_BARKED_TWICE,PUPPY,DREG-001,DOMAIN_REGISTRATION,,DREG-001,GENIE,genie/puppy/domain_registrations.csv,DREG-001,2024-05-08,,DREG-001,"{""domain_id"":""DOM-SCC"",""domain_registration_id"":""DREG-001"",""hosting_ip"":""192.0.2.21"",""recovery_email"":""it@silvercollar.example"",""registered_at"":""2024-05-08"",""registrant_email"":""admin@silvercollar.example"",""registrant_name"":""Silver Collar Components Ltd"",""registrar"":""PawNames Registrar"",""registrar_account_id"":""REGACC-601"",""tls_fingerprint"":""TLS-FP-A09CC1""}",genie/puppy/domain_registrations.csv#DREG-001,2026.07.19.2
CEO_BARKED_TWICE,PUPPY,DREG-002,DOMAIN_REGISTRATION,,DREG-002,GENIE,genie/puppy/domain_registrations.csv,DREG-002,2024-05-15,,DREG-002,"{""domain_id"":""DOM-SCC-TYPO"",""domain_registration_id"":""DREG-002"",""hosting_ip"":""192.0.2.144"",""recovery_email"":""ops@nightjar-consult.example"",""registered_at"":""2024-05-15"",""registrant_email"":""ops@nightjar-consult.example"",""registrant_name"":""Privacy Protected"",""registrar"":""PawNames Registrar"",""registrar_account_id"":""REGACC-441"",""tls_fingerprint"":""TLS-FP-91AF44""}",genie/puppy/domain_registrations.csv#DREG-002,2026.07.19.2
CEO_BARKED_TWICE,PUPPY,DREG-003,DOMAIN_REGISTRATION,,DREG-003,GENIE,genie/puppy/domain_registrations.csv,DREG-003,2024-05-22,,DREG-003,"{""domain_id"":""DOM-COPPER"",""domain_registration_id"":""DREG-003"",""hosting_ip"":""192.0.2.23"",""recovery_email"":""it@copperpaw.example"",""registered_at"":""2024-05-22"",""registrant_email"":""admin@copperpaw.example"",""registrant_name"":""Copper Paw Industrial Supply Ltd"",""registrar"":""Noir Domains Cooperative"",""registrar_account_id"":""REGACC-603"",""tls_fingerprint"":""TLS-FP-3639E6""}",genie/puppy/domain_registrations.csv#DREG-003,2026.07.19.2
CEO_BARKED_TWICE,PUPPY,DREG-004,DOMAIN_REGISTRATION,,DREG-004,GENIE,genie/puppy/domain_registrations.csv,DREG-004,2024-05-29,,DREG-004,"{""domain_id"":""DOM-COPPER-TYPO"",""domain_registration_id"":""DREG-004"",""hosting_ip"":""192.0.2.144"",""recovery_email"":""ops@nightjar-consult.example"",""registered_at"":""2024-05-29"",""registrant_email"":""ops@nightjar-consult.example"",""registrant_name"":""Privacy Protected"",""registrar"":""PawNames Registrar"",""registrar_account_id"":""REGACC-441"",""tls_fingerprint"":""TLS-FP-91AF44""}",genie/puppy/domain_registrations.csv#DREG-004,2026.07.19.2
CEO_BARKED_TWICE,PUPPY,DREG-005,DOMAIN_REGISTRATION,,DREG-005,GENIE,genie/puppy/domain_registrations.csv,DREG-005,2024-06-05,,DREG-005,"{""domain_id"":""DOM-NIGHTJAR"",""domain_registration_id"":""DREG-005"",""hosting_ip"":""192.0.2.144"",""recovery_email"":""ops@nightjar-consult.example"",""registered_at"":""2024-06-05"",""registrant_email"":""ops@nightjar-consult.example"",""registrant_name"":""Privacy Protected"",""registrar"":""PawNames Registrar"",""registrar_account_id"":""REGACC-441"",""tls_fingerprint"":""TLS-FP-91AF44""}",genie/puppy/domain_registrations.csv#DREG-005,2026.07.19.2
CEO_BARKED_TWICE,PUPPY,DREG-006,DOMAIN_REGISTRATION,,DREG-006,GENIE,genie/puppy/domain_registrations.csv,DREG-006,2024-06-12,,DREG-006,"{""domain_id"":""DOM-HARBOR"",""domain_registration_id"":""DREG-006"",""hosting_ip"":""192.0.2.26"",""recovery_email"":""it@harborhound-remit.example"",""registered_at"":""2024-06-12"",""registrant_email"":""admin@harborhound-remit.example"",""registrant_name"":""Harbor Hound Remittance Ltd"",""registrar"":""Noir Domains Cooperative"",""registrar_account_id"":""REGACC-606"",""tls_fingerprint"":""TLS-FP-1FF8F2""}",genie/puppy/domain_registrations.csv#DREG-006,2026.07.19.2
CEO_BARKED_TWICE,PUPPY,DREG-007,DOMAIN_REGISTRATION,,DREG-007,GENIE,genie/puppy/domain_registrations.csv,DREG-007,2024-06-19,,DREG-007,"{""domain_id"":""DOM-LANTERN"",""domain_registration_id"":""DREG-007"",""hosting_ip"":""192.0.2.27"",""recovery_email"":""it@lanternbank.example"",""registered_at"":""2024-06-19"",""registrant_email"":""admin@lanternbank.example"",""registrant_name"":""Lantern Community Bank"",""registrar"":""PawNames Registrar"",""registrar_account_id"":""REGACC-607"",""tls_fingerprint"":""TLS-FP-64A342""}",genie/puppy/domain_registrations.csv#DREG-007,2026.07.19.2
CEO_BARKED_TWICE,PUPPY,DREG-008,DOMAIN_REGISTRATION,,DREG-008,GENIE,genie/puppy/domain_registrations.csv,DREG-008,2024-06-26,,DREG-008,"{""domain_id"":""DOM-COPPERBANK"",""domain_registration_id"":""DREG-008"",""hosting_ip"":""192.0.2.28"",""recovery_email"":""it@copperbank.example"",""registered_at"":""2024-06-26"",""registrant_email"":""admin@copperbank.example"",""registrant_name"":""Privacy Protected"",""registrar"":""PawNames Registrar"",""registrar_account_id"":""REGACC-608"",""tls_fingerprint"":""TLS-FP-E64996""}",genie/puppy/domain_registrations.csv#DREG-008,2026.07.19.2
CEO_BARKED_TWICE,PUPPY,DREG-009,DOMAIN_REGISTRATION,,DREG-009,GENIE,genie/puppy/domain_registrations.csv,DREG-009,2024-07-03,,DREG-009,"{""domain_id"":""DOM-CLOUD"",""domain_registration_id"":""DREG-009"",""hosting_ip"":""192.0.2.29"",""recovery_email"":""it@cloudkennel.example"",""registered_at"":""2024-07-03"",""registrant_email"":""admin@cloudkennel.example"",""registrant_name"":""Cloud Kennel Mail Services"",""registrar"":""Noir Domains Cooperative"",""registrar_account_id"":""REGACC-609"",""tls_fingerprint"":""TLS-FP-7CA09F""}",genie/puppy/domain_registrations.csv#DREG-009,2026.07.19.2
CEO_BARKED_TWICE,PUPPY,DREG-010,DOMAIN_REGISTRATION,,DREG-010,GENIE,genie/puppy/domain_registrations.csv,DREG-010,2024-07-10,,DREG-010,"{""domain_id"":""DOM-AUDIT"",""domain_registration_id"":""DREG-010"",""hosting_ip"":""192.0.2.30"",""recovery_email"":""it@retrieveledger.example"",""registered_at"":""2024-07-10"",""registrant_email"":""admin@retrieveledger.example"",""registrant_name"":""Retrieve & Ledger LLP"",""registrar"":""PawNames Registrar"",""registrar_account_id"":""REGACC-610"",""tls_fingerprint"":""TLS-FP-910DF4""}",genie/puppy/domain_registrations.csv#DREG-010,2026.07.19.2
CEO_BARKED_TWICE,PUPPY,EMP-001,EMPLOYMENT,,Chief Executive Officer,GENIE,genie/puppy/employment.csv,EMP-001,2019-04-08,,Chief Executive Officer,"{""employment_id"":""EMP-001"",""end_date"":"""",""job_title"":""Chief Executive Officer"",""organization_record_id"":""OR-SCC-01"",""person_record_id"":""PR-BEA-01"",""start_date"":""2019-04-08""}",genie/puppy/employment.csv#EMP-001,2026.07.19.2
CEO_BARKED_TWICE,PUPPY,EMP-002,EMPLOYMENT,,Accounts Payable Specialist,GENIE,genie/puppy/employment.csv,EMP-002,2019-07-14,,Accounts Payable Specialist,"{""employment_id"":""EMP-002"",""end_date"":"""",""job_title"":""Accounts Payable Specialist"",""organization_record_id"":""OR-SCC-01"",""person_record_id"":""PR-PENNY-01"",""start_date"":""2019-07-14""}",genie/puppy/employment.csv#EMP-002,2026.07.19.2
CEO_BARKED_TWICE,PUPPY,EMP-003,EMPLOYMENT,,Chief Financial Officer,GENIE,genie/puppy/employment.csv,EMP-003,2019-10-19,,Chief Financial Officer,"{""employment_id"":""EMP-003"",""end_date"":"""",""job_title"":""Chief Financial Officer"",""organization_record_id"":""OR-SCC-01"",""person_record_id"":""PR-CONRAD-01"",""start_date"":""2019-10-19""}",genie/puppy/employment.csv#EMP-003,2026.07.19.2
CEO_BARKED_TWICE,PUPPY,EMP-004,EMPLOYMENT,,Mail Security Administrator,GENIE,genie/puppy/employment.csv,EMP-004,2020-01-24,,Mail Security Administrator,"{""employment_id"":""EMP-004"",""end_date"":"""",""job_title"":""Mail Security Administrator"",""organization_record_id"":""OR-SCC-01"",""person_record_id"":""PR-THEO-01"",""start_date"":""2020-01-24""}",genie/puppy/employment.csv#EMP-004,2026.07.19.2
CEO_BARKED_TWICE,PUPPY,EMP-005,EMPLOYMENT,,Procurement Manager,GENIE,genie/puppy/employment.csv,EMP-005,2020-04-30,,Procurement Manager,"{""employment_id"":""EMP-005"",""end_date"":"""",""job_title"":""Procurement Manager"",""organization_record_id"":""OR-SCC-01"",""person_record_id"":""PR-IDA-01"",""start_date"":""2020-04-30""}",genie/puppy/employment.csv#EMP-005,2026.07.19.2
CEO_BARKED_TWICE,PUPPY,EMP-006,EMPLOYMENT,,Engagement Partner,GENIE,genie/puppy/employment.csv,EMP-006,2020-08-05,,Engagement Partner,"{""employment_id"":""EMP-006"",""end_date"":"""",""job_title"":""Engagement Partner"",""organization_record_id"":""OR-AUDIT-01"",""person_record_id"":""PR-RHEA-01"",""start_date"":""2020-08-05""}",genie/puppy/employment.csv#EMP-006,2026.07.19.2
CEO_BARKED_TWICE,PUPPY,EMP-007,EMPLOYMENT,,Finance Director,GENIE,genie/puppy/employment.csv,EMP-007,2020-11-10,,Finance Director,"{""employment_id"":""EMP-007"",""end_date"":"""",""job_title"":""Finance Director"",""organization_record_id"":""OR-COPPER-01"",""person_record_id"":""PR-OWEN-01"",""start_date"":""2020-11-10""}",genie/puppy/employment.csv#EMP-007,2026.07.19.2
CEO_BARKED_TWICE,PUPPY,EMP-008,EMPLOYMENT,,Account Manager,GENIE,genie/puppy/employment.csv,EMP-008,2021-02-15,,Account Manager,"{""employment_id"":""EMP-008"",""end_date"":"""",""job_title"":""Account Manager"",""organization_record_id"":""OR-COPPER-01"",""person_record_id"":""PR-VICTOR-01"",""start_date"":""2021-02-15""}",genie/puppy/employment.csv#EMP-008,2026.07.19.2
CEO_BARKED_TWICE,PUPPY,EMP-009,EMPLOYMENT,,Fraud Analyst,GENIE,genie/puppy/employment.csv,EMP-009,2021-05-23,,Fraud Analyst,"{""employment_id"":""EMP-009"",""end_date"":"""",""job_title"":""Fraud Analyst"",""organization_record_id"":""OR-LANTERNBANK-01"",""person_record_id"":""PR-MABEL-01"",""start_date"":""2021-05-23""}",genie/puppy/employment.csv#EMP-009,2026.07.19.2
CEO_BARKED_TWICE,PUPPY,EMP-010,EMPLOYMENT,,Managing Member,GENIE,genie/puppy/employment.csv,EMP-010,2021-08-28,,Managing Member,"{""employment_id"":""EMP-010"",""end_date"":"""",""job_title"":""Managing Member"",""organization_record_id"":""OR-NIGHTJAR-01"",""person_record_id"":""PR-ROWAN-01"",""start_date"":""2021-08-28""}",genie/puppy/employment.csv#EMP-010,2026.07.19.2
CEO_BARKED_TWICE,PUPPY,EMP-011,EMPLOYMENT,,Technical Consultant,GENIE,genie/puppy/employment.csv,EMP-011,2021-12-03,,Technical Consultant,"{""employment_id"":""EMP-011"",""end_date"":"""",""job_title"":""Technical Consultant"",""organization_record_id"":""OR-NIGHTJAR-01"",""person_record_id"":""PR-IVY-01"",""start_date"":""2021-12-03""}",genie/puppy/employment.csv#EMP-011,2026.07.19.2
CEO_BARKED_TWICE,PUPPY,EMP-012,EMPLOYMENT,,Operations Contractor,GENIE,genie/puppy/employment.csv,EMP-012,2022-03-10,,Operations Contractor,"{""employment_id"":""EMP-012"",""end_date"":"""",""job_title"":""Operations Contractor"",""organization_record_id"":""OR-NIGHTJAR-01"",""person_record_id"":""PR-GRANT-01"",""start_date"":""2022-03-10""}",genie/puppy/employment.csv#EMP-012,2026.07.19.2
CEO_BARKED_TWICE,PUPPY,PR-ROWAN-01,PERSON_RECORD,,Rowan Rook,DOMAIN_REGISTRY,genie/puppy/entities.csv,PR-ROWAN-01,2024-01-14,,Rowan Rook,"{""address"":""9 Nightjar Mews"",""display_name"":""Rowan Rook"",""domain"":""nightjar-consult.example"",""email"":""rowan.rook@nightjar-consult.example"",""entity_type"":""PERSON_RECORD"",""phone"":""+1-555-0401"",""record_id"":""PR-ROWAN-01"",""recorded_at"":""2024-01-14"",""source_system"":""DOMAIN_REGISTRY""}",genie/puppy/entities.csv#PR-ROWAN-01,2026.07.19.2
CEO_BARKED_TWICE,PUPPY,PR-ROWAN-02,PERSON_RECORD,,R. Rook,BANK_KYC,genie/puppy/entities.csv,PR-ROWAN-02,2024-01-27,,R. Rook,"{""address"":""9 Nightjar Mews"",""display_name"":""R. Rook"",""domain"":""private-mail.example"",""email"":""r.rook@private-mail.example"",""entity_type"":""PERSON_RECORD"",""phone"":""+1-555-0491"",""record_id"":""PR-ROWAN-02"",""recorded_at"":""2024-01-27"",""source_system"":""BANK_KYC""}",genie/puppy/entities.csv#PR-ROWAN-02,2026.07.19.2
CEO_BARKED_TWICE,PUPPY,PR-ROWAN-03,PERSON_RECORD,,rowan.r,EMAIL,genie/puppy/entities.csv,PR-ROWAN-03,2024-02-09,,rowan.r,"{""address"":""81 Market Yard"",""display_name"":""rowan.r"",""domain"":""silvercoilar.example"",""email"":""rowan.r@silvercoilar.example"",""entity_type"":""PERSON_RECORD"",""phone"":""+1-555-0401"",""record_id"":""PR-ROWAN-03"",""recorded_at"":""2024-02-09"",""source_system"":""EMAIL""}",genie/puppy/entities.csv#PR-ROWAN-03,2026.07.19.2
CEO_BARKED_TWICE,PUPPY,PR-IVY-01,PERSON_RECORD,,Ivy Ibizan,DOMAIN_REGISTRY,genie/puppy/entities.csv,PR-IVY-01,2024-02-22,,Ivy Ibizan,"{""address"":""17 Packet Lane"",""display_name"":""Ivy Ibizan"",""domain"":""nightjar-consult.example"",""email"":""ivy.ibizan@nightjar-consult.example"",""entity_type"":""PERSON_RECORD"",""phone"":""+1-555-0402"",""record_id"":""PR-IVY-01"",""recorded_at"":""2024-02-22"",""source_system"":""DOMAIN_REGISTRY""}",genie/puppy/entities.csv#PR-IVY-01,2026.07.19.2
CEO_BARKED_TWICE,PUPPY,PR-IVY-02,PERSON_RECORD,,i.ibizan,MAIL_ADMIN,genie/puppy/entities.csv,PR-IVY-02,2024-03-06,,i.ibizan,"{""address"":""17 Packet Lane"",""display_name"":""i.ibizan"",""domain"":""nightjar-consult.example"",""email"":""ops@nightjar-consult.example"",""entity_type"":""PERSON_RECORD"",""phone"":""+1-555-0402"",""record_id"":""PR-IVY-02"",""recorded_at"":""2024-03-06"",""source_system"":""MAIL_ADMIN""}",genie/puppy/entities.csv#PR-IVY-02,2026.07.19.2
CEO_BARKED_TWICE,PUPPY,PR-IVY-03,PERSON_RECORD,,Ivy I. Ibizan,BANK_KYC,genie/puppy/entities.csv,PR-IVY-03,2024-03-19,,Ivy I. Ibizan,"{""address"":""17 Packet Lane"",""display_name"":""Ivy I. Ibizan"",""domain"":""private-mail.example"",""email"":""ivy@private-mail.example"",""entity_type"":""PERSON_RECORD"",""phone"":""+1-555-0492"",""record_id"":""PR-IVY-03"",""recorded_at"":""2024-03-19"",""source_system"":""BANK_KYC""}",genie/puppy/entities.csv#PR-IVY-03,2026.07.19.2
CEO_BARKED_TWICE,PUPPY,PR-GRANT-01,PERSON_RECORD,,Grant Greyhound,BANK_KYC,genie/puppy/entities.csv,PR-GRANT-01,2024-04-01,,Grant Greyhound,"{""address"":""22 Sprint Street"",""display_name"":""Grant Greyhound"",""domain"":""houndmail.example"",""email"":""grant.greyhound@houndmail.example"",""entity_type"":""PERSON_RECORD"",""phone"":""+1-555-0403"",""record_id"":""PR-GRANT-01"",""recorded_at"":""2024-04-01"",""source_system"":""BANK_KYC""}",genie/puppy/entities.csv#PR-GRANT-01,2026.07.19.2
CEO_BARKED_TWICE,PUPPY,PR-GRANT-02,PERSON_RECORD,,G. Greyhound,CORP_REGISTRY,genie/puppy/entities.csv,PR-GRANT-02,2024-04-14,,G. Greyhound,"{""address"":""81 Market Yard"",""display_name"":""G. Greyhound"",""domain"":""nightjar-consult.example"",""email"":""grant@nightjar-consult.example"",""entity_type"":""PERSON_RECORD"",""phone"":""+1-555-0403"",""record_id"":""PR-GRANT-02"",""recorded_at"":""2024-04-14"",""source_system"":""CORP_REGISTRY""}",genie/puppy/entities.csv#PR-GRANT-02,2026.07.19.2
CEO_BARKED_TWICE,PUPPY,PR-GRANT-03,PERSON_RECORD,,grant.g,EMAIL,genie/puppy/entities.csv,PR-GRANT-03,2024-04-27,,grant.g,"{""address"":""22 Sprint Street"",""display_name"":""grant.g"",""domain"":""nightjar-consult.example"",""email"":""grant.g@nightjar-consult.example"",""entity_type"":""PERSON_RECORD"",""phone"":""+1-555-0403"",""record_id"":""PR-GRANT-03"",""recorded_at"":""2024-04-27"",""source_system"":""EMAIL""}",genie/puppy/entities.csv#PR-GRANT-03,2026.07.19.2
CEO_BARKED_TWICE,PUPPY,PR-BEA-01,PERSON_RECORD,,Beatrice Barkley,HR,genie/puppy/entities.csv,PR-BEA-01,2024-05-10,,Beatrice Barkley,"{""address"":""4 Executive Crescent"",""display_name"":""Beatrice Barkley"",""domain"":""silvercollar.example"",""email"":""bea.barkley@silvercollar.example"",""entity_type"":""PERSON_RECORD"",""phone"":""+1-555-0410"",""record_id"":""PR-BEA-01"",""recorded_at"":""2024-05-10"",""source_system"":""HR""}",genie/puppy/entities.csv#PR-BEA-01,2026.07.19.2
CEO_BARKED_TWICE,PUPPY,PR-BEA-02,PERSON_RECORD,,Bea Barkley,EMAIL,genie/puppy/entities.csv,PR-BEA-02,2024-05-23,,Bea Barkley,"{""address"":""4 Executive Crescent"",""display_name"":""Bea Barkley"",""domain"":""silvercollar.example"",""email"":""bea.barkley@silvercollar.example"",""entity_type"":""PERSON_RECORD"",""phone"":""+1-555-0410"",""record_id"":""PR-BEA-02"",""recorded_at"":""2024-05-23"",""source_system"":""EMAIL""}",genie/puppy/entities.csv#PR-BEA-02,2026.07.19.2
CEO_BARKED_TWICE,PUPPY,PR-BEA-03,PERSON_RECORD,,Beatrice A. Barkley,CORP_REGISTRY,genie/puppy/entities.csv,PR-BEA-03,2024-06-05,,Beatrice A. Barkley,"{""address"":""14 Foundry Square"",""display_name"":""Beatrice A. Barkley"",""domain"":""silvercollar.example"",""email"":""bea.barkley@silvercollar.example"",""entity_type"":""PERSON_RECORD"",""phone"":""+1-555-0410"",""record_id"":""PR-BEA-03"",""recorded_at"":""2024-06-05"",""source_system"":""CORP_REGISTRY""}",genie/puppy/entities.csv#PR-BEA-03,2026.07.19.2
CEO_BARKED_TWICE,PUPPY,PR-PENNY-01,PERSON_RECORD,,Penny Pug,HR,genie/puppy/entities.csv,PR-PENNY-01,2024-06-18,,Penny Pug,"{""address"":""5 Ledger Walk"",""display_name"":""Penny Pug"",""domain"":""silvercollar.example"",""email"":""penny.pug@silvercollar.example"",""entity_type"":""PERSON_RECORD"",""phone"":""+1-555-0411"",""record_id"":""PR-PENNY-01"",""recorded_at"":""2024-06-18"",""source_system"":""HR""}",genie/puppy/entities.csv#PR-PENNY-01,2026.07.19.2
CEO_BARKED_TWICE,PUPPY,PR-PENNY-02,PERSON_RECORD,,P. Pug,EMAIL,genie/puppy/entities.csv,PR-PENNY-02,2024-07-01,,P. Pug,"{""address"":""5 Ledger Walk"",""display_name"":""P. Pug"",""domain"":""silvercollar.example"",""email"":""penny.pug@silvercollar.example"",""entity_type"":""PERSON_RECORD"",""phone"":""+1-555-0411"",""record_id"":""PR-PENNY-02"",""recorded_at"":""2024-07-01"",""source_system"":""EMAIL""}",genie/puppy/entities.csv#PR-PENNY-02,2026.07.19.2
CEO_BARKED_TWICE,PUPPY,PR-CONRAD-01,PERSON_RECORD,,Conrad Corgi,HR,genie/puppy/entities.csv,PR-CONRAD-01,2024-07-14,,Conrad Corgi,"{""address"":""6 Treasury Terrace"",""display_name"":""Conrad Corgi"",""domain"":""silvercollar.example"",""email"":""conrad.corgi@silvercollar.example"",""entity_type"":""PERSON_RECORD"",""phone"":""+1-555-0412"",""record_id"":""PR-CONRAD-01"",""recorded_at"":""2024-07-14"",""source_system"":""HR""}",genie/puppy/entities.csv#PR-CONRAD-01,2026.07.19.2
CEO_BARKED_TWICE,PUPPY,PR-CONRAD-02,PERSON_RECORD,,C. Corgi,EMAIL,genie/puppy/entities.csv,PR-CONRAD-02,2024-07-27,,C. Corgi,"{""address"":""6 Treasury Terrace"",""display_name"":""C. Corgi"",""domain"":""silvercollar.example"",""email"":""conrad.corgi@silvercollar.example"",""entity_type"":""PERSON_RECORD"",""phone"":""+1-555-0412"",""record_id"":""PR-CONRAD-02"",""recorded_at"":""2024-07-27"",""source_system"":""EMAIL""}",genie/puppy/entities.csv#PR-CONRAD-02,2026.07.19.2
CEO_BARKED_TWICE,PUPPY,PR-OWEN-01,PERSON_RECORD,,Owen Old English Sheepdog,VENDOR_MASTER,genie/puppy/entities.csv,PR-OWEN-01,2024-08-09,,Owen Old English Sheepdog,"{""address"":""25 Copper Quay"",""display_name"":""Owen Old English Sheepdog"",""domain"":""copperpaw.example"",""email"":""owen@copperpaw.example"",""entity_type"":""PERSON_RECORD"",""phone"":""+1-555-0420"",""record_id"":""PR-OWEN-01"",""recorded_at"":""2024-08-09"",""source_system"":""VENDOR_MASTER""}",genie/puppy/entities.csv#PR-OWEN-01,2026.07.19.2
CEO_BARKED_TWICE,PUPPY,PR-OWEN-02,PERSON_RECORD,,O. Sheepdog,EMAIL,genie/puppy/entities.csv,PR-OWEN-02,2024-08-22,,O. Sheepdog,"{""address"":""25 Copper Quay"",""display_name"":""O. Sheepdog"",""domain"":""copperpaw.example"",""email"":""owen@copperpaw.example"",""entity_type"":""PERSON_RECORD"",""phone"":""+1-555-0420"",""record_id"":""PR-OWEN-02"",""recorded_at"":""2024-08-22"",""source_system"":""EMAIL""}",genie/puppy/entities.csv#PR-OWEN-02,2026.07.19.2
CEO_BARKED_TWICE,PUPPY,PR-THEO-01,PERSON_RECORD,,Theo Terrier,HR,genie/puppy/entities.csv,PR-THEO-01,2024-09-04,,Theo Terrier,"{""address"":""7 Firewall Close"",""display_name"":""Theo Terrier"",""domain"":""silvercollar.example"",""email"":""theo.terrier@silvercollar.example"",""entity_type"":""PERSON_RECORD"",""phone"":""+1-555-0413"",""record_id"":""PR-THEO-01"",""recorded_at"":""2024-09-04"",""source_system"":""HR""}",genie/puppy/entities.csv#PR-THEO-01,2026.07.19.2
CEO_BARKED_TWICE,PUPPY,PR-THEO-02,PERSON_RECORD,,T. Terrier,MAIL_ADMIN,genie/puppy/entities.csv,PR-THEO-02,2024-09-17,,T. Terrier,"{""address"":""14 Foundry Square"",""display_name"":""T. Terrier"",""domain"":""silvercollar.example"",""email"":""theo.terrier@silvercollar.example"",""entity_type"":""PERSON_RECORD"",""phone"":""+1-555-0413"",""record_id"":""PR-THEO-02"",""recorded_at"":""2024-09-17"",""source_system"":""MAIL_ADMIN""}",genie/puppy/entities.csv#PR-THEO-02,2026.07.19.2
CEO_BARKED_TWICE,PUPPY,PR-VICTOR-01,PERSON_RECORD,,Victor Vizsla,VENDOR_MASTER,genie/puppy/entities.csv,PR-VICTOR-01,2024-09-30,,Victor Vizsla,"{""address"":""26 Copper Quay"",""display_name"":""Victor Vizsla"",""domain"":""copperpaw.example"",""email"":""victor.vizsla@copperpaw.example"",""entity_type"":""PERSON_RECORD"",""phone"":""+1-555-0421"",""record_id"":""PR-VICTOR-01"",""recorded_at"":""2024-09-30"",""source_system"":""VENDOR_MASTER""}",genie/puppy/entities.csv#PR-VICTOR-01,2026.07.19.2
CEO_BARKED_TWICE,PUPPY,PR-VICTOR-02,PERSON_RECORD,,V. Vizsla,EMAIL,genie/puppy/entities.csv,PR-VICTOR-02,2024-10-13,,V. Vizsla,"{""address"":""26 Copper Quay"",""display_name"":""V. Vizsla"",""domain"":""copperpaw.example"",""email"":""victor.vizsla@copperpaw.example"",""entity_type"":""PERSON_RECORD"",""phone"":""+1-555-0421"",""record_id"":""PR-VICTOR-02"",""recorded_at"":""2024-10-13"",""source_system"":""EMAIL""}",genie/puppy/entities.csv#PR-VICTOR-02,2026.07.19.2
CEO_BARKED_TWICE,PUPPY,PR-MABEL-01,PERSON_RECORD,,Mabel Mastiff,BANK_KYC,genie/puppy/entities.csv,PR-MABEL-01,2024-10-26,,Mabel Mastiff,"{""address"":""100 Lantern Plaza"",""display_name"":""Mabel Mastiff"",""domain"":""lanternbank.example"",""email"":""mabel.mastiff@lanternbank.example"",""entity_type"":""PERSON_RECORD"",""phone"":""+1-555-0430"",""record_id"":""PR-MABEL-01"",""recorded_at"":""2024-10-26"",""source_system"":""BANK_KYC""}",genie/puppy/entities.csv#PR-MABEL-01,2026.07.19.2
CEO_BARKED_TWICE,PUPPY,PR-IDA-01,PERSON_RECORD,,Ida Irish Setter,HR,genie/puppy/entities.csv,PR-IDA-01,2024-11-08,,Ida Irish Setter,"{""address"":""8 Procurement Place"",""display_name"":""Ida Irish Setter"",""domain"":""silvercollar.example"",""email"":""ida.setter@silvercollar.example"",""entity_type"":""PERSON_RECORD"",""phone"":""+1-555-0414"",""record_id"":""PR-IDA-01"",""recorded_at"":""2024-11-08"",""source_system"":""HR""}",genie/puppy/entities.csv#PR-IDA-01,2026.07.19.2
CEO_BARKED_TWICE,PUPPY,PR-RHEA-01,PERSON_RECORD,,Rhea Retriever,AUDIT_FILE,genie/puppy/entities.csv,PR-RHEA-01,2024-11-21,,Rhea Retriever,"{""address"":""3 Audit Arcade"",""display_name"":""Rhea Retriever"",""domain"":""retrieveledger.example"",""email"":""rhea@retrieveledger.example"",""entity_type"":""PERSON_RECORD"",""phone"":""+1-555-0431"",""record_id"":""PR-RHEA-01"",""recorded_at"":""2024-11-21"",""source_system"":""AUDIT_FILE""}",genie/puppy/entities.csv#PR-RHEA-01,2026.07.19.2
CEO_BARKED_TWICE,PUPPY,PR-BEA-04,PERSON_RECORD,,B. A. Barkley,DOCUMENT_REPOSITORY,genie/puppy/entities.csv,PR-BEA-04,2025-06-17,,B. A. Barkley,"{""address"":""14 Foundry Square"",""display_name"":""B. A. Barkley"",""domain"":""silvercollar.example"",""email"":""bea.barkley@silvercollar.example"",""entity_type"":""PERSON_RECORD"",""phone"":""+1-555-0410"",""record_id"":""PR-BEA-04"",""recorded_at"":""2025-06-17"",""source_system"":""DOCUMENT_REPOSITORY""}",genie/puppy/entities.csv#PR-BEA-04,2026.07.19.2
CEO_BARKED_TWICE,PUPPY,PR-PENNY-03,PERSON_RECORD,,p.pug,MAIL_ADMIN,genie/puppy/entities.csv,PR-PENNY-03,2025-06-30,,p.pug,"{""address"":""14 Foundry Square"",""display_name"":""p.pug"",""domain"":""silvercollar.example"",""email"":""penny.pug@silvercollar.example"",""entity_type"":""PERSON_RECORD"",""phone"":""+1-555-0411"",""record_id"":""PR-PENNY-03"",""recorded_at"":""2025-06-30"",""source_system"":""MAIL_ADMIN""}",genie/puppy/entities.csv#PR-PENNY-03,2026.07.19.2
CEO_BARKED_TWICE,PUPPY,PR-CONRAD-03,PERSON_RECORD,,Conrad J. Corgi,BANK_KYC,genie/puppy/entities.csv,PR-CONRAD-03,2025-07-13,,Conrad J. Corgi,"{""address"":""6 Treasury Terrace"",""display_name"":""Conrad J. Corgi"",""domain"":""silvercollar.example"",""email"":""conrad.corgi@silvercollar.example"",""entity_type"":""PERSON_RECORD"",""phone"":""+1-555-0412"",""record_id"":""PR-CONRAD-03"",""recorded_at"":""2025-07-13"",""source_system"":""BANK_KYC""}",genie/puppy/entities.csv#PR-CONRAD-03,2026.07.19.2
CEO_BARKED_TWICE,PUPPY,OR-SCC-01,ORGANIZATION_RECORD,,Silver Collar Components Ltd,CORP_REGISTRY,genie/puppy/entities.csv,OR-SCC-01,2023-06-20,,Silver Collar Components Ltd,"{""address"":""14 Foundry Square"",""display_name"":""Silver Collar Components Ltd"",""domain"":""silvercollar.example"",""email"":"""",""entity_type"":""ORGANIZATION_RECORD"",""phone"":""+1-555-0500"",""record_id"":""OR-SCC-01"",""recorded_at"":""2023-06-20"",""source_system"":""CORP_REGISTRY""}",genie/puppy/entities.csv#OR-SCC-01,2026.07.19.2
CEO_BARKED_TWICE,PUPPY,OR-SCC-02,ORGANIZATION_RECORD,,Silver Collar Components,VENDOR_MASTER,genie/puppy/entities.csv,OR-SCC-02,2023-07-09,,Silver Collar Components,"{""address"":""14 Foundry Square"",""display_name"":""Silver Collar Components"",""domain"":""silvercollar.example"",""email"":"""",""entity_type"":""ORGANIZATION_RECORD"",""phone"":""+1-555-0500"",""record_id"":""OR-SCC-02"",""recorded_at"":""2023-07-09"",""source_system"":""VENDOR_MASTER""}",genie/puppy/entities.csv#OR-SCC-02,2026.07.19.2
CEO_BARKED_TWICE,PUPPY,OR-COPPER-01,ORGANIZATION_RECORD,,Copper Paw Industrial Supply Ltd,CORP_REGISTRY,genie/puppy/entities.csv,OR-COPPER-01,2023-07-28,,Copper Paw Industrial Supply Ltd,"{""address"":""25 Copper Quay"",""display_name"":""Copper Paw Industrial Supply Ltd"",""domain"":""copperpaw.example"",""email"":"""",""entity_type"":""ORGANIZATION_RECORD"",""phone"":""+1-555-0501"",""record_id"":""OR-COPPER-01"",""recorded_at"":""2023-07-28"",""source_system"":""CORP_REGISTRY""}",genie/puppy/entities.csv#OR-COPPER-01,2026.07.19.2
CEO_BARKED_TWICE,PUPPY,OR-COPPER-02,ORGANIZATION_RECORD,,Copper Paw Industrial,VENDOR_MASTER,genie/puppy/entities.csv,OR-COPPER-02,2023-08-16,,Copper Paw Industrial,"{""address"":""25 Copper Quay"",""display_name"":""Copper Paw Industrial"",""domain"":""copperpaw.example"",""email"":"""",""entity_type"":""ORGANIZATION_RECORD"",""phone"":""+1-555-0501"",""record_id"":""OR-COPPER-02"",""recorded_at"":""2023-08-16"",""source_system"":""VENDOR_MASTER""}",genie/puppy/entities.csv#OR-COPPER-02,2026.07.19.2
CEO_BARKED_TWICE,PUPPY,OR-COPPER-03,ORGANIZATION_RECORD,,Copper Paw Ind. Supply,INVOICE_SYSTEM,genie/puppy/entities.csv,OR-COPPER-03,2023-09-04,,Copper Paw Ind. Supply,"{""address"":""25 Copper Quay"",""display_name"":""Copper Paw Ind. Supply"",""domain"":""copperpaw.example"",""email"":"""",""entity_type"":""ORGANIZATION_RECORD"",""phone"":""+1-555-0501"",""record_id"":""OR-COPPER-03"",""recorded_at"":""2023-09-04"",""source_system"":""INVOICE_SYSTEM""}",genie/puppy/entities.csv#OR-COPPER-03,2026.07.19.2
CEO_BARKED_TWICE,PUPPY,OR-NIGHTJAR-01,ORGANIZATION_RECORD,,Nightjar Consulting LLC,CORP_REGISTRY,genie/puppy/entities.csv,OR-NIGHTJAR-01,2023-09-23,,Nightjar Consulting LLC,"{""address"":""81 Market Yard"",""display_name"":""Nightjar Consulting LLC"",""domain"":""nightjar-consult.example"",""email"":"""",""entity_type"":""ORGANIZATION_RECORD"",""phone"":""+1-555-0502"",""record_id"":""OR-NIGHTJAR-01"",""recorded_at"":""2023-09-23"",""source_system"":""CORP_REGISTRY""}",genie/puppy/entities.csv#OR-NIGHTJAR-01,2026.07.19.2
CEO_BARKED_TWICE,PUPPY,OR-NIGHTJAR-02,ORGANIZATION_RECORD,,Nightjar Consulting,BANK_KYC,genie/puppy/entities.csv,OR-NIGHTJAR-02,2023-10-12,,Nightjar Consulting,"{""address"":""81 Market Yard"",""display_name"":""Nightjar Consulting"",""domain"":""nightjar-consult.example"",""email"":"""",""entity_type"":""ORGANIZATION_RECORD"",""phone"":""+1-555-0502"",""record_id"":""OR-NIGHTJAR-02"",""recorded_at"":""2023-10-12"",""source_system"":""BANK_KYC""}",genie/puppy/entities.csv#OR-NIGHTJAR-02,2026.07.19.2
CEO_BARKED_TWICE,PUPPY,OR-HARBOR-01,ORGANIZATION_RECORD,,Harbor Hound Remittance Ltd,CORP_REGISTRY,genie/puppy/entities.csv,OR-HARBOR-01,2023-10-31,,Harbor Hound Remittance Ltd,"{""address"":""90 Dockside Row"",""display_name"":""Harbor Hound Remittance Ltd"",""domain"":""harborhound-remit.example"",""email"":"""",""entity_type"":""ORGANIZATION_RECORD"",""phone"":""+1-555-0503"",""record_id"":""OR-HARBOR-01"",""recorded_at"":""2023-10-31"",""source_system"":""CORP_REGISTRY""}",genie/puppy/entities.csv#OR-HARBOR-01,2026.07.19.2
CEO_BARKED_TWICE,PUPPY,OR-HARBOR-02,ORGANIZATION_RECORD,,Harbor Hound Remit,BANK_KYC,genie/puppy/entities.csv,OR-HARBOR-02,2023-11-19,,Harbor Hound Remit,"{""address"":""90 Dockside Row"",""display_name"":""Harbor Hound Remit"",""domain"":""harborhound-remit.example"",""email"":"""",""entity_type"":""ORGANIZATION_RECORD"",""phone"":""+1-555-0503"",""record_id"":""OR-HARBOR-02"",""recorded_at"":""2023-11-19"",""source_system"":""BANK_KYC""}",genie/puppy/entities.csv#OR-HARBOR-02,2026.07.19.2
CEO_BARKED_TWICE,PUPPY,OR-LANTERNBANK-01,ORGANIZATION_RECORD,,Lantern Community Bank,CORP_REGISTRY,genie/puppy/entities.csv,OR-LANTERNBANK-01,2023-12-08,,Lantern Community Bank,"{""address"":""100 Lantern Plaza"",""display_name"":""Lantern Community Bank"",""domain"":""lanternbank.example"",""email"":"""",""entity_type"":""ORGANIZATION_RECORD"",""phone"":""+1-555-0504"",""record_id"":""OR-LANTERNBANK-01"",""recorded_at"":""2023-12-08"",""source_system"":""CORP_REGISTRY""}",genie/puppy/entities.csv#OR-LANTERNBANK-01,2026.07.19.2
CEO_BARKED_TWICE,PUPPY,OR-COPPERBANK-01,ORGANIZATION_RECORD,,Copper Paw Commercial Bank,CORP_REGISTRY,genie/puppy/entities.csv,OR-COPPERBANK-01,2023-12-27,,Copper Paw Commercial Bank,"{""address"":""101 Lantern Plaza"",""display_name"":""Copper Paw Commercial Bank"",""domain"":""copperbank.example"",""email"":"""",""entity_type"":""ORGANIZATION_RECORD"",""phone"":""+1-555-0505"",""record_id"":""OR-COPPERBANK-01"",""recorded_at"":""2023-12-27"",""source_system"":""CORP_REGISTRY""}",genie/puppy/entities.csv#OR-COPPERBANK-01,2026.07.19.2
CEO_BARKED_TWICE,PUPPY,OR-CLOUDMAIL-01,ORGANIZATION_RECORD,,Cloud Kennel Mail Services,CORP_REGISTRY,genie/puppy/entities.csv,OR-CLOUDMAIL-01,2024-01-15,,Cloud Kennel Mail Services,"{""address"":""2 Nimbus Court"",""display_name"":""Cloud Kennel Mail Services"",""domain"":""cloudkennel.example"",""email"":"""",""entity_type"":""ORGANIZATION_RECORD"",""phone"":""+1-555-0506"",""record_id"":""OR-CLOUDMAIL-01"",""recorded_at"":""2024-01-15"",""source_system"":""CORP_REGISTRY""}",genie/puppy/entities.csv#OR-CLOUDMAIL-01,2026.07.19.2
CEO_BARKED_TWICE,PUPPY,OR-REGISTRY-01,ORGANIZATION_RECORD,,Noir City Corporate Registry,CORP_REGISTRY,genie/puppy/entities.csv,OR-REGISTRY-01,2024-02-03,,Noir City Corporate Registry,"{""address"":""1 Civic Hall"",""display_name"":""Noir City Corporate Registry"",""domain"":""registry.example"",""email"":"""",""entity_type"":""ORGANIZATION_RECORD"",""phone"":""+1-555-0507"",""record_id"":""OR-REGISTRY-01"",""recorded_at"":""2024-02-03"",""source_system"":""CORP_REGISTRY""}",genie/puppy/entities.csv#OR-REGISTRY-01,2026.07.19.2
CEO_BARKED_TWICE,PUPPY,OR-AUDIT-01,ORGANIZATION_RECORD,,Retrieve & Ledger LLP,CORP_REGISTRY,genie/puppy/entities.csv,OR-AUDIT-01,2024-02-22,,Retrieve & Ledger LLP,"{""address"":""3 Audit Arcade"",""display_name"":""Retrieve & Ledger LLP"",""domain"":""retrieveledger.example"",""email"":"""",""entity_type"":""ORGANIZATION_RECORD"",""phone"":""+1-555-0508"",""record_id"":""OR-AUDIT-01"",""recorded_at"":""2024-02-22"",""source_system"":""CORP_REGISTRY""}",genie/puppy/entities.csv#OR-AUDIT-01,2026.07.19.2
CEO_BARKED_TWICE,PUPPY,OR-SCC-03,ORGANIZATION_RECORD,,Silver Collar Components Limited,BANK_KYC,genie/puppy/entities.csv,OR-SCC-03,2024-10-07,,Silver Collar Components Limited,"{""address"":""14 Foundry Square"",""display_name"":""Silver Collar Components Limited"",""domain"":""silvercollar.example"",""email"":"""",""entity_type"":""ORGANIZATION_RECORD"",""phone"":""+1-555-0500"",""record_id"":""OR-SCC-03"",""recorded_at"":""2024-10-07"",""source_system"":""BANK_KYC""}",genie/puppy/entities.csv#OR-SCC-03,2026.07.19.2
CEO_BARKED_TWICE,PUPPY,OR-NIGHTJAR-03,ORGANIZATION_RECORD,,Nightjar Consult,DOMAIN_REGISTRY,genie/puppy/entities.csv,OR-NIGHTJAR-03,2024-10-26,,Nightjar Consult,"{""address"":""81 Market Yard"",""display_name"":""Nightjar Consult"",""domain"":""nightjar-consult.example"",""email"":"""",""entity_type"":""ORGANIZATION_RECORD"",""phone"":""+1-555-0502"",""record_id"":""OR-NIGHTJAR-03"",""recorded_at"":""2024-10-26"",""source_system"":""DOMAIN_REGISTRY""}",genie/puppy/entities.csv#OR-NIGHTJAR-03,2026.07.19.2
CEO_BARKED_TWICE,PUPPY,OR-HARBOR-03,ORGANIZATION_RECORD,,Harbor Hound Remittance,DOMAIN_REGISTRY,genie/puppy/entities.csv,OR-HARBOR-03,2024-11-14,,Harbor Hound Remittance,"{""address"":""90 Dockside Row"",""display_name"":""Harbor Hound Remittance"",""domain"":""harborhound-remit.example"",""email"":"""",""entity_type"":""ORGANIZATION_RECORD"",""phone"":""+1-555-0503"",""record_id"":""OR-HARBOR-03"",""recorded_at"":""2024-11-14"",""source_system"":""DOMAIN_REGISTRY""}",genie/puppy/entities.csv#OR-HARBOR-03,2026.07.19.2
CEO_BARKED_TWICE,PUPPY,A-SCC-1001,BANK_ACCOUNT,,••••1001,BANK_LEDGER,genie/puppy/entities.csv,A-SCC-1001,,,••••1001,"{""address"":"""",""display_name"":""••••1001"",""domain"":"""",""email"":"""",""entity_type"":""BANK_ACCOUNT"",""phone"":"""",""record_id"":""A-SCC-1001"",""recorded_at"":"""",""source_system"":""BANK_LEDGER""}",genie/puppy/entities.csv#A-SCC-1001,2026.07.19.2
CEO_BARKED_TWICE,PUPPY,A-COPPER-2207,BANK_ACCOUNT,,••••2207,BANK_LEDGER,genie/puppy/entities.csv,A-COPPER-2207,,,••••2207,"{""address"":"""",""display_name"":""••••2207"",""domain"":"""",""email"":"""",""entity_type"":""BANK_ACCOUNT"",""phone"":"""",""record_id"":""A-COPPER-2207"",""recorded_at"":"""",""source_system"":""BANK_LEDGER""}",genie/puppy/entities.csv#A-COPPER-2207,2026.07.19.2
CEO_BARKED_TWICE,PUPPY,A-NIGHTJAR-8842,BANK_ACCOUNT,,••••8842,BANK_LEDGER,genie/puppy/entities.csv,A-NIGHTJAR-8842,,,••••8842,"{""address"":"""",""display_name"":""••••8842"",""domain"":"""",""email"":"""",""entity_type"":""BANK_ACCOUNT"",""phone"":"""",""record_id"":""A-NIGHTJAR-8842"",""recorded_at"":"""",""source_system"":""BANK_LEDGER""}",genie/puppy/entities.csv#A-NIGHTJAR-8842,2026.07.19.2
CEO_BARKED_TWICE,PUPPY,A-GRANT-7726,BANK_ACCOUNT,,••••7726,BANK_LEDGER,genie/puppy/entities.csv,A-GRANT-7726,,,••••7726,"{""address"":"""",""display_name"":""••••7726"",""domain"":"""",""email"":"""",""entity_type"":""BANK_ACCOUNT"",""phone"":"""",""record_id"":""A-GRANT-7726"",""recorded_at"":"""",""source_system"":""BANK_LEDGER""}",genie/puppy/entities.csv#A-GRANT-7726,2026.07.19.2
CEO_BARKED_TWICE,PUPPY,A-ROWAN-3351,BANK_ACCOUNT,,••••3351,BANK_LEDGER,genie/puppy/entities.csv,A-ROWAN-3351,,,••••3351,"{""address"":"""",""display_name"":""••••3351"",""domain"":"""",""email"":"""",""entity_type"":""BANK_ACCOUNT"",""phone"":"""",""record_id"":""A-ROWAN-3351"",""recorded_at"":"""",""source_system"":""BANK_LEDGER""}",genie/puppy/entities.csv#A-ROWAN-3351,2026.07.19.2
CEO_BARKED_TWICE,PUPPY,A-IVY-9918,BANK_ACCOUNT,,••••9918,BANK_LEDGER,genie/puppy/entities.csv,A-IVY-9918,,,••••9918,"{""address"":"""",""display_name"":""••••9918"",""domain"":"""",""email"":"""",""entity_type"":""BANK_ACCOUNT"",""phone"":"""",""record_id"":""A-IVY-9918"",""recorded_at"":"""",""source_system"":""BANK_LEDGER""}",genie/puppy/entities.csv#A-IVY-9918,2026.07.19.2
CEO_BARKED_TWICE,PUPPY,A-HARBOR-6104,BANK_ACCOUNT,,••••6104,BANK_LEDGER,genie/puppy/entities.csv,A-HARBOR-6104,,,••••6104,"{""address"":"""",""display_name"":""••••6104"",""domain"":"""",""email"":"""",""entity_type"":""BANK_ACCOUNT"",""phone"":"""",""record_id"":""A-HARBOR-6104"",""recorded_at"":"""",""source_system"":""BANK_LEDGER""}",genie/puppy/entities.csv#A-HARBOR-6104,2026.07.19.2
CEO_BARKED_TWICE,PUPPY,A-AUDIT-3287,BANK_ACCOUNT,,••••3287,BANK_LEDGER,genie/puppy/entities.csv,A-AUDIT-3287,,,••••3287,"{""address"":"""",""display_name"":""••••3287"",""domain"":"""",""email"":"""",""entity_type"":""BANK_ACCOUNT"",""phone"":"""",""record_id"":""A-AUDIT-3287"",""recorded_at"":"""",""source_system"":""BANK_LEDGER""}",genie/puppy/entities.csv#A-AUDIT-3287,2026.07.19.2
CEO_BARKED_TWICE,PUPPY,A-CLOUDMAIL-3328,BANK_ACCOUNT,,••••3328,BANK_LEDGER,genie/puppy/entities.csv,A-CLOUDMAIL-3328,,,••••3328,"{""address"":"""",""display_name"":""••••3328"",""domain"":"""",""email"":"""",""entity_type"":""BANK_ACCOUNT"",""phone"":"""",""record_id"":""A-CLOUDMAIL-3328"",""recorded_at"":"""",""source_system"":""BANK_LEDGER""}",genie/puppy/entities.csv#A-CLOUDMAIL-3328,2026.07.19.2
CEO_BARKED_TWICE,PUPPY,A-BANK-HOLD-9000,BANK_ACCOUNT,,••••9000,BANK_LEDGER,genie/puppy/entities.csv,A-BANK-HOLD-9000,,,••••9000,"{""address"":"""",""display_name"":""••••9000"",""domain"":"""",""email"":"""",""entity_type"":""BANK_ACCOUNT"",""phone"":"""",""record_id"":""A-BANK-HOLD-9000"",""recorded_at"":"""",""source_system"":""BANK_LEDGER""}",genie/puppy/entities.csv#A-BANK-HOLD-9000,2026.07.19.2
CEO_BARKED_TWICE,PUPPY,DOM-SCC,DOMAIN,,silvercollar.example,DOMAIN_REGISTRY,genie/puppy/entities.csv,DOM-SCC,2024-04-12,,silvercollar.example,"{""address"":"""",""display_name"":""silvercollar.example"",""domain"":""silvercollar.example"",""email"":"""",""entity_type"":""DOMAIN"",""phone"":"""",""record_id"":""DOM-SCC"",""recorded_at"":""2024-04-12"",""source_system"":""DOMAIN_REGISTRY""}",genie/puppy/entities.csv#DOM-SCC,2026.07.19.2
CEO_BARKED_TWICE,PUPPY,DOM-SCC-TYPO,DOMAIN,,silvercoilar.example,DOMAIN_REGISTRY,genie/puppy/entities.csv,DOM-SCC-TYPO,2024-04-23,,silvercoilar.example,"{""address"":"""",""display_name"":""silvercoilar.example"",""domain"":""silvercoilar.example"",""email"":"""",""entity_type"":""DOMAIN"",""phone"":"""",""record_id"":""DOM-SCC-TYPO"",""recorded_at"":""2024-04-23"",""source_system"":""DOMAIN_REGISTRY""}",genie/puppy/entities.csv#DOM-SCC-TYPO,2026.07.19.2
CEO_BARKED_TWICE,PUPPY,DOM-COPPER,DOMAIN,,copperpaw.example,DOMAIN_REGISTRY,genie/puppy/entities.csv,DOM-COPPER,2024-05-04,,copperpaw.example,"{""address"":"""",""display_name"":""copperpaw.example"",""domain"":""copperpaw.example"",""email"":"""",""entity_type"":""DOMAIN"",""phone"":"""",""record_id"":""DOM-COPPER"",""recorded_at"":""2024-05-04"",""source_system"":""DOMAIN_REGISTRY""}",genie/puppy/entities.csv#DOM-COPPER,2026.07.19.2
CEO_BARKED_TWICE,PUPPY,DOM-COPPER-TYPO,DOMAIN,,copperpavv.example,DOMAIN_REGISTRY,genie/puppy/entities.csv,DOM-COPPER-TYPO,2024-05-15,,copperpavv.example,"{""address"":"""",""display_name"":""copperpavv.example"",""domain"":""copperpavv.example"",""email"":"""",""entity_type"":""DOMAIN"",""phone"":"""",""record_id"":""DOM-COPPER-TYPO"",""recorded_at"":""2024-05-15"",""source_system"":""DOMAIN_REGISTRY""}",genie/puppy/entities.csv#DOM-COPPER-TYPO,2026.07.19.2
CEO_BARKED_TWICE,PUPPY,DOM-NIGHTJAR,DOMAIN,,nightjar-consult.example,DOMAIN_REGISTRY,genie/puppy/entities.csv,DOM-NIGHTJAR,2024-05-26,,nightjar-consult.example,"{""address"":"""",""display_name"":""nightjar-consult.example"",""domain"":""nightjar-consult.example"",""email"":"""",""entity_type"":""DOMAIN"",""phone"":"""",""record_id"":""DOM-NIGHTJAR"",""recorded_at"":""2024-05-26"",""source_system"":""DOMAIN_REGISTRY""}",genie/puppy/entities.csv#DOM-NIGHTJAR,2026.07.19.2
CEO_BARKED_TWICE,PUPPY,DOM-HARBOR,DOMAIN,,harborhound-remit.example,DOMAIN_REGISTRY,genie/puppy/entities.csv,DOM-HARBOR,2024-06-06,,harborhound-remit.example,"{""address"":"""",""display_name"":""harborhound-remit.example"",""domain"":""harborhound-remit.example"",""email"":"""",""entity_type"":""DOMAIN"",""phone"":"""",""record_id"":""DOM-HARBOR"",""recorded_at"":""2024-06-06"",""source_system"":""DOMAIN_REGISTRY""}",genie/puppy/entities.csv#DOM-HARBOR,2026.07.19.2
CEO_BARKED_TWICE,PUPPY,DOM-LANTERN,DOMAIN,,lanternbank.example,DOMAIN_REGISTRY,genie/puppy/entities.csv,DOM-LANTERN,2024-06-17,,lanternbank.example,"{""address"":"""",""display_name"":""lanternbank.example"",""domain"":""lanternbank.example"",""email"":"""",""entity_type"":""DOMAIN"",""phone"":"""",""record_id"":""DOM-LANTERN"",""recorded_at"":""2024-06-17"",""source_system"":""DOMAIN_REGISTRY""}",genie/puppy/entities.csv#DOM-LANTERN,2026.07.19.2
CEO_BARKED_TWICE,PUPPY,DOM-COPPERBANK,DOMAIN,,copperbank.example,DOMAIN_REGISTRY,genie/puppy/entities.csv,DOM-COPPERBANK,2024-06-28,,copperbank.example,"{""address"":"""",""display_name"":""copperbank.example"",""domain"":""copperbank.example"",""email"":"""",""entity_type"":""DOMAIN"",""phone"":"""",""record_id"":""DOM-COPPERBANK"",""recorded_at"":""2024-06-28"",""source_system"":""DOMAIN_REGISTRY""}",genie/puppy/entities.csv#DOM-COPPERBANK,2026.07.19.2
CEO_BARKED_TWICE,PUPPY,DOM-CLOUD,DOMAIN,,cloudkennel.example,DOMAIN_REGISTRY,genie/puppy/entities.csv,DOM-CLOUD,2024-07-09,,cloudkennel.example,"{""address"":"""",""display_name"":""cloudkennel.example"",""domain"":""cloudkennel.example"",""email"":"""",""entity_type"":""DOMAIN"",""phone"":"""",""record_id"":""DOM-CLOUD"",""recorded_at"":""2024-07-09"",""source_system"":""DOMAIN_REGISTRY""}",genie/puppy/entities.csv#DOM-CLOUD,2026.07.19.2
CEO_BARKED_TWICE,PUPPY,DOM-AUDIT,DOMAIN,,retrieveledger.example,DOMAIN_REGISTRY,genie/puppy/entities.csv,DOM-AUDIT,2024-07-20,,retrieveledger.example,"{""address"":"""",""display_name"":""retrieveledger.example"",""domain"":""retrieveledger.example"",""email"":"""",""entity_type"":""DOMAIN"",""phone"":"""",""record_id"":""DOM-AUDIT"",""recorded_at"":""2024-07-20"",""source_system"":""DOMAIN_REGISTRY""}",genie/puppy/entities.csv#DOM-AUDIT,2026.07.19.2
CEO_BARKED_TWICE,PUPPY,TX-FRAUD-001,FINANCIAL_EVENT,WIRE_PAYMENT,CPI-1048,GENIE,genie/puppy/financial_events.csv,TX-FRAUD-001,2026-02-10T14:00:00Z,SETTLED,CPI-1048,"{""amount"":""420000.00"",""currency"":""BSC"",""destination_account_id"":""A-NIGHTJAR-8842"",""invoice_id"":""INV-COPPER-1048-F"",""occurred_at"":""2026-02-10T14:00:00Z"",""purchase_order_id"":""PO-26005"",""reference"":""CPI-1048"",""reversed_transaction_id"":"""",""source_account_id"":""A-SCC-1001"",""status"":""SETTLED"",""transaction_id"":""TX-FRAUD-001"",""transaction_type"":""WIRE_PAYMENT""}",genie/puppy/financial_events.csv#TX-FRAUD-001,2026.07.19.2
CEO_BARKED_TWICE,PUPPY,TX-FRAUD-002,FINANCIAL_EVENT,MULE_TRANSFER,SPLIT-GRANT,GENIE,genie/puppy/financial_events.csv,TX-FRAUD-002,2026-02-10T17:00:00Z,SETTLED,SPLIT-GRANT,"{""amount"":""130000.00"",""currency"":""BSC"",""destination_account_id"":""A-GRANT-7726"",""invoice_id"":""INV-COPPER-1048-F"",""occurred_at"":""2026-02-10T17:00:00Z"",""purchase_order_id"":""PO-26005"",""reference"":""SPLIT-GRANT"",""reversed_transaction_id"":"""",""source_account_id"":""A-NIGHTJAR-8842"",""status"":""SETTLED"",""transaction_id"":""TX-FRAUD-002"",""transaction_type"":""MULE_TRANSFER""}",genie/puppy/financial_events.csv#TX-FRAUD-002,2026.07.19.2
CEO_BARKED_TWICE,PUPPY,TX-FRAUD-003,FINANCIAL_EVENT,PERSONAL_TRANSFER,SPLIT-ROWAN,GENIE,genie/puppy/financial_events.csv,TX-FRAUD-003,2026-02-10T18:00:00Z,SETTLED,SPLIT-ROWAN,"{""amount"":""90000.00"",""currency"":""BSC"",""destination_account_id"":""A-ROWAN-3351"",""invoice_id"":""INV-COPPER-1048-F"",""occurred_at"":""2026-02-10T18:00:00Z"",""purchase_order_id"":""PO-26005"",""reference"":""SPLIT-ROWAN"",""reversed_transaction_id"":"""",""source_account_id"":""A-NIGHTJAR-8842"",""status"":""SETTLED"",""transaction_id"":""TX-FRAUD-003"",""transaction_type"":""PERSONAL_TRANSFER""}",genie/puppy/financial_events.csv#TX-FRAUD-003,2026.07.19.2
CEO_BARKED_TWICE,PUPPY,TX-FRAUD-004,FINANCIAL_EVENT,PERSONAL_TRANSFER,SPLIT-IVY,GENIE,genie/puppy/financial_events.csv,TX-FRAUD-004,2026-02-10T19:00:00Z,SETTLED,SPLIT-IVY,"{""amount"":""65000.00"",""currency"":""BSC"",""destination_account_id"":""A-IVY-9918"",""invoice_id"":""INV-COPPER-1048-F"",""occurred_at"":""2026-02-10T19:00:00Z"",""purchase_order_id"":""PO-26005"",""reference"":""SPLIT-IVY"",""reversed_transaction_id"":"""",""source_account_id"":""A-NIGHTJAR-8842"",""status"":""SETTLED"",""transaction_id"":""TX-FRAUD-004"",""transaction_type"":""PERSONAL_TRANSFER""}",genie/puppy/financial_events.csv#TX-FRAUD-004,2026.07.19.2
CEO_BARKED_TWICE,PUPPY,TX-FRAUD-005,FINANCIAL_EVENT,REMITTANCE_TRANSFER,SPLIT-HARBOR,GENIE,genie/puppy/financial_events.csv,TX-FRAUD-005,2026-02-10T20:00:00Z,SETTLED,SPLIT-HARBOR,"{""amount"":""135000.00"",""currency"":""BSC"",""destination_account_id"":""A-HARBOR-6104"",""invoice_id"":""INV-COPPER-1048-F"",""occurred_at"":""2026-02-10T20:00:00Z"",""purchase_order_id"":""PO-26005"",""reference"":""SPLIT-HARBOR"",""reversed_transaction_id"":"""",""source_account_id"":""A-NIGHTJAR-8842"",""status"":""SETTLED"",""transaction_id"":""TX-FRAUD-005"",""transaction_type"":""REMITTANCE_TRANSFER""}",genie/puppy/financial_events.csv#TX-FRAUD-005,2026.07.19.2
CEO_BARKED_TWICE,PUPPY,TX-RECOVERY-001,FINANCIAL_EVENT,FRAUD_HOLD,RECOVERY-HOLD,GENIE,genie/puppy/financial_events.csv,TX-RECOVERY-001,2026-02-12T14:00:00Z,SETTLED,RECOVERY-HOLD,"{""amount"":""125000.00"",""currency"":""BSC"",""destination_account_id"":""A-BANK-HOLD-9000"",""invoice_id"":""INV-COPPER-1048-F"",""occurred_at"":""2026-02-12T14:00:00Z"",""purchase_order_id"":""PO-26005"",""reference"":""RECOVERY-HOLD"",""reversed_transaction_id"":"""",""source_account_id"":""A-HARBOR-6104"",""status"":""SETTLED"",""transaction_id"":""TX-RECOVERY-001"",""transaction_type"":""FRAUD_HOLD""}",genie/puppy/financial_events.csv#TX-RECOVERY-001,2026.07.19.2
CEO_BARKED_TWICE,PUPPY,TX-HOLD-002,FINANCIAL_EVENT,PAYMENT_HOLD,CPI-1059,GENIE,genie/puppy/financial_events.csv,TX-HOLD-002,2026-02-18T16:00:00Z,HELD,CPI-1059,"{""amount"":""680000.00"",""currency"":""BSC"",""destination_account_id"":""A-BANK-HOLD-9000"",""invoice_id"":""INV-COPPER-1059-F"",""occurred_at"":""2026-02-18T16:00:00Z"",""purchase_order_id"":""PO-26013"",""reference"":""CPI-1059"",""reversed_transaction_id"":"""",""source_account_id"":""A-SCC-1001"",""status"":""HELD"",""transaction_id"":""TX-HOLD-002"",""transaction_type"":""PAYMENT_HOLD""}",genie/puppy/financial_events.csv#TX-HOLD-002,2026.07.19.2
CEO_BARKED_TWICE,PUPPY,TX-RETURN-002,FINANCIAL_EVENT,PAYMENT_RETURN,RETURN-CPI-1059,GENIE,genie/puppy/financial_events.csv,TX-RETURN-002,2026-02-19T10:00:00Z,RETURNED,RETURN-CPI-1059,"{""amount"":""680000.00"",""currency"":""BSC"",""destination_account_id"":""A-SCC-1001"",""invoice_id"":""INV-COPPER-1059-F"",""occurred_at"":""2026-02-19T10:00:00Z"",""purchase_order_id"":""PO-26013"",""reference"":""RETURN-CPI-1059"",""reversed_transaction_id"":""TX-HOLD-002"",""source_account_id"":""A-BANK-HOLD-9000"",""status"":""RETURNED"",""transaction_id"":""TX-RETURN-002"",""transaction_type"":""PAYMENT_RETURN""}",genie/puppy/financial_events.csv#TX-RETURN-002,2026.07.19.2
CEO_BARKED_TWICE,PUPPY,TX-HOLD-003,FINANCIAL_EVENT,PAYMENT_HOLD,CPI-1062,GENIE,genie/puppy/financial_events.csv,TX-HOLD-003,2026-02-25T13:00:00Z,HELD,CPI-1062,"{""amount"":""155000.00"",""currency"":""BSC"",""destination_account_id"":""A-BANK-HOLD-9000"",""invoice_id"":""INV-COPPER-1062-F"",""occurred_at"":""2026-02-25T13:00:00Z"",""purchase_order_id"":""PO-26021"",""reference"":""CPI-1062"",""reversed_transaction_id"":"""",""source_account_id"":""A-SCC-1001"",""status"":""HELD"",""transaction_id"":""TX-HOLD-003"",""transaction_type"":""PAYMENT_HOLD""}",genie/puppy/financial_events.csv#TX-HOLD-003,2026.07.19.2
CEO_BARKED_TWICE,PUPPY,TX-RETURN-003,FINANCIAL_EVENT,PAYMENT_RETURN,RETURN-CPI-1062,GENIE,genie/puppy/financial_events.csv,TX-RETURN-003,2026-02-25T15:00:00Z,RETURNED,RETURN-CPI-1062,"{""amount"":""155000.00"",""currency"":""BSC"",""destination_account_id"":""A-SCC-1001"",""invoice_id"":""INV-COPPER-1062-F"",""occurred_at"":""2026-02-25T15:00:00Z"",""purchase_order_id"":""PO-26021"",""reference"":""RETURN-CPI-1062"",""reversed_transaction_id"":""TX-HOLD-003"",""source_account_id"":""A-BANK-HOLD-9000"",""status"":""RETURNED"",""transaction_id"":""TX-RETURN-003"",""transaction_type"":""PAYMENT_RETURN""}",genie/puppy/financial_events.csv#TX-RETURN-003,2026.07.19.2
CEO_BARKED_TWICE,PUPPY,TX-L1-001,FINANCIAL_EVENT,VENDOR_PAYMENT,CPI-1048,GENIE,genie/puppy/financial_events.csv,TX-L1-001,2025-08-01T00:00:00Z,SETTLED,CPI-1048,"{""amount"":""50000.00"",""currency"":""BSC"",""destination_account_id"":""A-NIGHTJAR-8842"",""invoice_id"":""INV-COPPER-1048-F"",""occurred_at"":""2025-08-01T00:00:00Z"",""purchase_order_id"":""PO-26005"",""reference"":""CPI-1048"",""reversed_transaction_id"":"""",""source_account_id"":""A-SCC-1001"",""status"":""SETTLED"",""transaction_id"":""TX-L1-001"",""transaction_type"":""VENDOR_PAYMENT""}",genie/puppy/financial_events.csv#TX-L1-001,2026.07.19.2
CEO_BARKED_TWICE,PUPPY,TX-L1-002,FINANCIAL_EVENT,VENDOR_PAYMENT,CPI-1059,GENIE,genie/puppy/financial_events.csv,TX-L1-002,2025-08-05T00:00:00Z,SETTLED,CPI-1059,"{""amount"":""59000.00"",""currency"":""BSC"",""destination_account_id"":""A-NIGHTJAR-8842"",""invoice_id"":""INV-COPPER-1059-F"",""occurred_at"":""2025-08-05T00:00:00Z"",""purchase_order_id"":""PO-26013"",""reference"":""CPI-1059"",""reversed_transaction_id"":"""",""source_account_id"":""A-SCC-1001"",""status"":""SETTLED"",""transaction_id"":""TX-L1-002"",""transaction_type"":""VENDOR_PAYMENT""}",genie/puppy/financial_events.csv#TX-L1-002,2026.07.19.2
CEO_BARKED_TWICE,PUPPY,TX-L1-003,FINANCIAL_EVENT,VENDOR_PAYMENT,COPPER-2025-1000,GENIE,genie/puppy/financial_events.csv,TX-L1-003,2025-08-09T00:00:00Z,SETTLED,COPPER-2025-1000,"{""amount"":""68000.00"",""currency"":""BSC"",""destination_account_id"":""A-COPPER-2207"",""invoice_id"":""INV-0001"",""occurred_at"":""2025-08-09T00:00:00Z"",""purchase_order_id"":""PO-26001"",""reference"":""COPPER-2025-1000"",""reversed_transaction_id"":"""",""source_account_id"":""A-SCC-1001"",""status"":""SETTLED"",""transaction_id"":""TX-L1-003"",""transaction_type"":""VENDOR_PAYMENT""}",genie/puppy/financial_events.csv#TX-L1-003,2026.07.19.2
CEO_BARKED_TWICE,PUPPY,TX-L1-004,FINANCIAL_EVENT,VENDOR_PAYMENT,IRON-2025-1001,GENIE,genie/puppy/financial_events.csv,TX-L1-004,2025-08-13T00:00:00Z,SETTLED,IRON-2025-1001,"{""amount"":""77000.00"",""currency"":""BSC"",""destination_account_id"":""A-IRON-3041"",""invoice_id"":""INV-0002"",""occurred_at"":""2025-08-13T00:00:00Z"",""purchase_order_id"":""PO-26002"",""reference"":""IRON-2025-1001"",""reversed_transaction_id"":"""",""source_account_id"":""A-SCC-1001"",""status"":""SETTLED"",""transaction_id"":""TX-L1-004"",""transaction_type"":""VENDOR_PAYMENT""}",genie/puppy/financial_events.csv#TX-L1-004,2026.07.19.2
CEO_BARKED_TWICE,PUPPY,TX-L1-005,FINANCIAL_EVENT,VENDOR_PAYMENT,WIRE-2025-1002,GENIE,genie/puppy/financial_events.csv,TX-L1-005,2025-08-17T00:00:00Z,SETTLED,WIRE-2025-1002,"{""amount"":""86000.00"",""currency"":""BSC"",""destination_account_id"":""A-WIRE-3082"",""invoice_id"":""INV-0003"",""occurred_at"":""2025-08-17T00:00:00Z"",""purchase_order_id"":""PO-26003"",""reference"":""WIRE-2025-1002"",""reversed_transaction_id"":"""",""source_account_id"":""A-SCC-1001"",""status"":""SETTLED"",""transaction_id"":""TX-L1-005"",""transaction_type"":""VENDOR_PAYMENT""}",genie/puppy/financial_events.csv#TX-L1-005,2026.07.19.2
CEO_BARKED_TWICE,PUPPY,TX-L1-006,FINANCIAL_EVENT,VENDOR_PAYMENT,TAIL-2025-1003,GENIE,genie/puppy/financial_events.csv,TX-L1-006,2025-08-21T00:00:00Z,SETTLED,TAIL-2025-1003,"{""amount"":""95000.00"",""currency"":""BSC"",""destination_account_id"":""A-TAIL-3123"",""invoice_id"":""INV-0004"",""occurred_at"":""2025-08-21T00:00:00Z"",""purchase_order_id"":""PO-26004"",""reference"":""TAIL-2025-1003"",""reversed_transaction_id"":"""",""source_account_id"":""A-SCC-1001"",""status"":""SETTLED"",""transaction_id"":""TX-L1-006"",""transaction_type"":""VENDOR_PAYMENT""}",genie/puppy/financial_events.csv#TX-L1-006,2026.07.19.2
CEO_BARKED_TWICE,PUPPY,TX-L1-007,FINANCIAL_EVENT,VENDOR_PAYMENT,BLUEBOWL-2025-1004,GENIE,genie/puppy/financial_events.csv,TX-L1-007,2025-08-25T00:00:00Z,SETTLED,BLUEBOWL-2025-1004,"{""amount"":""104000.00"",""currency"":""BSC"",""destination_account_id"":""A-BLUEBOWL-3164"",""invoice_id"":""INV-0005"",""occurred_at"":""2025-08-25T00:00:00Z"",""purchase_order_id"":""PO-26005"",""reference"":""BLUEBOWL-2025-1004"",""reversed_transaction_id"":"""",""source_account_id"":""A-SCC-1001"",""status"":""SETTLED"",""transaction_id"":""TX-L1-007"",""transaction_type"":""VENDOR_PAYMENT""}",genie/puppy/financial_events.csv#TX-L1-007,2026.07.19.2
CEO_BARKED_TWICE,PUPPY,TX-L1-008,FINANCIAL_EVENT,VENDOR_PAYMENT,HOUNDOFF-2025-1005,GENIE,genie/puppy/financial_events.csv,TX-L1-008,2025-08-29T00:00:00Z,SETTLED,HOUNDOFF-2025-1005,"{""amount"":""50000.00"",""currency"":""BSC"",""destination_account_id"":""A-HOUNDOFF-3205"",""invoice_id"":""INV-0006"",""occurred_at"":""2025-08-29T00:00:00Z"",""purchase_order_id"":""PO-26006"",""reference"":""HOUNDOFF-2025-1005"",""reversed_transaction_id"":"""",""source_account_id"":""A-SCC-1001"",""status"":""SETTLED"",""transaction_id"":""TX-L1-008"",""transaction_type"":""VENDOR_PAYMENT""}",genie/puppy/financial_events.csv#TX-L1-008,2026.07.19.2
CEO_BARKED_TWICE,PUPPY,TX-L1-009,FINANCIAL_EVENT,VENDOR_PAYMENT,RETRIEVER-2025-1006,GENIE,genie/puppy/financial_events.csv,TX-L1-009,2025-09-02T00:00:00Z,SETTLED,RETRIEVER-2025-1006,"{""amount"":""59000.00"",""currency"":""BSC"",""destination_account_id"":""A-RETRIEVER-3246"",""invoice_id"":""INV-0007"",""occurred_at"":""2025-09-02T00:00:00Z"",""purchase_order_id"":""PO-26007"",""reference"":""RETRIEVER-2025-1006"",""reversed_transaction_id"":"""",""source_account_id"":""A-SCC-1001"",""status"":""SETTLED"",""transaction_id"":""TX-L1-009"",""transaction_type"":""VENDOR_PAYMENT""}",genie/puppy/financial_events.csv#TX-L1-009,2026.07.19.2
CEO_BARKED_TWICE,PUPPY,TX-L1-010,FINANCIAL_EVENT,VENDOR_PAYMENT,COPPER-2025-1007,GENIE,genie/puppy/financial_events.csv,TX-L1-010,2025-09-06T00:00:00Z,SETTLED,COPPER-2025-1007,"{""amount"":""68000.00"",""currency"":""BSC"",""destination_account_id"":""A-COPPER-2207"",""invoice_id"":""INV-0008"",""occurred_at"":""2025-09-06T00:00:00Z"",""purchase_order_id"":""PO-26008"",""reference"":""COPPER-2025-1007"",""reversed_transaction_id"":"""",""source_account_id"":""A-SCC-1001"",""status"":""SETTLED"",""transaction_id"":""TX-L1-010"",""transaction_type"":""VENDOR_PAYMENT""}",genie/puppy/financial_events.csv#TX-L1-010,2026.07.19.2
CEO_BARKED_TWICE,PUPPY,TX-L1-011,FINANCIAL_EVENT,VENDOR_PAYMENT,IRON-2025-1008,GENIE,genie/puppy/financial_events.csv,TX-L1-011,2025-09-10T00:00:00Z,SETTLED,IRON-2025-1008,"{""amount"":""77000.00"",""currency"":""BSC"",""destination_account_id"":""A-IRON-3041"",""invoice_id"":""INV-0009"",""occurred_at"":""2025-09-10T00:00:00Z"",""purchase_order_id"":""PO-26009"",""reference"":""IRON-2025-1008"",""reversed_transaction_id"":"""",""source_account_id"":""A-SCC-1001"",""status"":""SETTLED"",""transaction_id"":""TX-L1-011"",""transaction_type"":""VENDOR_PAYMENT""}",genie/puppy/financial_events.csv#TX-L1-011,2026.07.19.2
CEO_BARKED_TWICE,PUPPY,TX-L1-012,FINANCIAL_EVENT,VENDOR_PAYMENT,WIRE-2025-1009,GENIE,genie/puppy/financial_events.csv,TX-L1-012,2025-09-14T00:00:00Z,SETTLED,WIRE-2025-1009,"{""amount"":""83300.00"",""currency"":""BSC"",""destination_account_id"":""A-WIRE-3082"",""invoice_id"":""INV-0010"",""occurred_at"":""2025-09-14T00:00:00Z"",""purchase_order_id"":""PO-26010"",""reference"":""WIRE-2025-1009"",""reversed_transaction_id"":"""",""source_account_id"":""A-SCC-1001"",""status"":""SETTLED"",""transaction_id"":""TX-L1-012"",""transaction_type"":""VENDOR_PAYMENT""}",genie/puppy/financial_events.csv#TX-L1-012,2026.07.19.2
CEO_BARKED_TWICE,PUPPY,TX-L1-013,FINANCIAL_EVENT,VENDOR_PAYMENT,TAIL-2025-1010,GENIE,genie/puppy/financial_events.csv,TX-L1-013,2025-09-18T00:00:00Z,SETTLED,TAIL-2025-1010,"{""amount"":""91020.00"",""currency"":""BSC"",""destination_account_id"":""A-TAIL-3123"",""invoice_id"":""INV-0011"",""occurred_at"":""2025-09-18T00:00:00Z"",""purchase_order_id"":""PO-26011"",""reference"":""TAIL-2025-1010"",""reversed_transaction_id"":"""",""source_account_id"":""A-SCC-1001"",""status"":""SETTLED"",""transaction_id"":""TX-L1-013"",""transaction_type"":""VENDOR_PAYMENT""}",genie/puppy/financial_events.csv#TX-L1-013,2026.07.19.2
CEO_BARKED_TWICE,PUPPY,TX-L1-014,FINANCIAL_EVENT,VENDOR_PAYMENT,BLUEBOWL-2025-1011,GENIE,genie/puppy/financial_events.csv,TX-L1-014,2025-09-22T00:00:00Z,SETTLED,BLUEBOWL-2025-1011,"{""amount"":""104000.00"",""currency"":""BSC"",""destination_account_id"":""A-BLUEBOWL-3164"",""invoice_id"":""INV-0012"",""occurred_at"":""2025-09-22T00:00:00Z"",""purchase_order_id"":""PO-26012"",""reference"":""BLUEBOWL-2025-1011"",""reversed_transaction_id"":"""",""source_account_id"":""A-SCC-1001"",""status"":""SETTLED"",""transaction_id"":""TX-L1-014"",""transaction_type"":""VENDOR_PAYMENT""}",genie/puppy/financial_events.csv#TX-L1-014,2026.07.19.2
CEO_BARKED_TWICE,PUPPY,TX-L1-015,FINANCIAL_EVENT,VENDOR_PAYMENT,HOUNDOFF-2025-1012,GENIE,genie/puppy/financial_events.csv,TX-L1-015,2025-09-26T00:00:00Z,SETTLED,HOUNDOFF-2025-1012,"{""amount"":""50000.00"",""currency"":""BSC"",""destination_account_id"":""A-HOUNDOFF-3205"",""invoice_id"":""INV-0013"",""occurred_at"":""2025-09-26T00:00:00Z"",""purchase_order_id"":""PO-26013"",""reference"":""HOUNDOFF-2025-1012"",""reversed_transaction_id"":"""",""source_account_id"":""A-SCC-1001"",""status"":""SETTLED"",""transaction_id"":""TX-L1-015"",""transaction_type"":""VENDOR_PAYMENT""}",genie/puppy/financial_events.csv#TX-L1-015,2026.07.19.2
CEO_BARKED_TWICE,PUPPY,TX-L1-016,FINANCIAL_EVENT,VENDOR_PAYMENT,RETRIEVER-2025-1013,GENIE,genie/puppy/financial_events.csv,TX-L1-016,2025-09-30T00:00:00Z,SETTLED,RETRIEVER-2025-1013,"{""amount"":""59000.00"",""currency"":""BSC"",""destination_account_id"":""A-RETRIEVER-3246"",""invoice_id"":""INV-0014"",""occurred_at"":""2025-09-30T00:00:00Z"",""purchase_order_id"":""PO-26014"",""reference"":""RETRIEVER-2025-1013"",""reversed_transaction_id"":"""",""source_account_id"":""A-SCC-1001"",""status"":""SETTLED"",""transaction_id"":""TX-L1-016"",""transaction_type"":""VENDOR_PAYMENT""}",genie/puppy/financial_events.csv#TX-L1-016,2026.07.19.2
CEO_BARKED_TWICE,PUPPY,TX-L1-017,FINANCIAL_EVENT,VENDOR_PAYMENT,COPPER-2025-1014,GENIE,genie/puppy/financial_events.csv,TX-L1-017,2025-10-04T00:00:00Z,SETTLED,COPPER-2025-1014,"{""amount"":""68000.00"",""currency"":""BSC"",""destination_account_id"":""A-COPPER-2207"",""invoice_id"":""INV-0015"",""occurred_at"":""2025-10-04T00:00:00Z"",""purchase_order_id"":""PO-26015"",""reference"":""COPPER-2025-1014"",""reversed_transaction_id"":"""",""source_account_id"":""A-SCC-1001"",""status"":""SETTLED"",""transaction_id"":""TX-L1-017"",""transaction_type"":""VENDOR_PAYMENT""}",genie/puppy/financial_events.csv#TX-L1-017,2026.07.19.2
CEO_BARKED_TWICE,PUPPY,TX-L1-018,FINANCIAL_EVENT,VENDOR_PAYMENT,IRON-2025-1015,GENIE,genie/puppy/financial_events.csv,TX-L1-018,2025-10-08T00:00:00Z,SETTLED,IRON-2025-1015,"{""amount"":""77000.00"",""currency"":""BSC"",""destination_account_id"":""A-IRON-3041"",""invoice_id"":""INV-0016"",""occurred_at"":""2025-10-08T00:00:00Z"",""purchase_order_id"":""PO-26016"",""reference"":""IRON-2025-1015"",""reversed_transaction_id"":"""",""source_account_id"":""A-SCC-1001"",""status"":""SETTLED"",""transaction_id"":""TX-L1-018"",""transaction_type"":""VENDOR_PAYMENT""}",genie/puppy/financial_events.csv#TX-L1-018,2026.07.19.2
CEO_BARKED_TWICE,PUPPY,TX-L1-019,FINANCIAL_EVENT,VENDOR_PAYMENT,WIRE-2025-1016,GENIE,genie/puppy/financial_events.csv,TX-L1-019,2025-10-12T00:00:00Z,SETTLED,WIRE-2025-1016,"{""amount"":""86000.00"",""currency"":""BSC"",""destination_account_id"":""A-WIRE-3082"",""invoice_id"":""INV-0017"",""occurred_at"":""2025-10-12T00:00:00Z"",""purchase_order_id"":""PO-26017"",""reference"":""WIRE-2025-1016"",""reversed_transaction_id"":"""",""source_account_id"":""A-SCC-1001"",""status"":""SETTLED"",""transaction_id"":""TX-L1-019"",""transaction_type"":""VENDOR_PAYMENT""}",genie/puppy/financial_events.csv#TX-L1-019,2026.07.19.2
CEO_BARKED_TWICE,PUPPY,TX-L1-020,FINANCIAL_EVENT,VENDOR_PAYMENT,TAIL-2025-1017,GENIE,genie/puppy/financial_events.csv,TX-L1-020,2025-10-16T00:00:00Z,SETTLED,TAIL-2025-1017,"{""amount"":""95000.00"",""currency"":""BSC"",""destination_account_id"":""A-TAIL-3123"",""invoice_id"":""INV-0018"",""occurred_at"":""2025-10-16T00:00:00Z"",""purchase_order_id"":""PO-26018"",""reference"":""TAIL-2025-1017"",""reversed_transaction_id"":"""",""source_account_id"":""A-SCC-1001"",""status"":""SETTLED"",""transaction_id"":""TX-L1-020"",""transaction_type"":""VENDOR_PAYMENT""}",genie/puppy/financial_events.csv#TX-L1-020,2026.07.19.2
CEO_BARKED_TWICE,PUPPY,TX-L1-021,FINANCIAL_EVENT,VENDOR_PAYMENT,BLUEBOWL-2025-1018,GENIE,genie/puppy/financial_events.csv,TX-L1-021,2025-10-20T00:00:00Z,SETTLED,BLUEBOWL-2025-1018,"{""amount"":""88360.00"",""currency"":""BSC"",""destination_account_id"":""A-BLUEBOWL-3164"",""invoice_id"":""INV-0019"",""occurred_at"":""2025-10-20T00:00:00Z"",""purchase_order_id"":""PO-26019"",""reference"":""BLUEBOWL-2025-1018"",""reversed_transaction_id"":"""",""source_account_id"":""A-SCC-1001"",""status"":""SETTLED"",""transaction_id"":""TX-L1-021"",""transaction_type"":""VENDOR_PAYMENT""}",genie/puppy/financial_events.csv#TX-L1-021,2026.07.19.2
CEO_BARKED_TWICE,PUPPY,TX-L1-022,FINANCIAL_EVENT,VENDOR_PAYMENT,HOUNDOFF-2025-1019,GENIE,genie/puppy/financial_events.csv,TX-L1-022,2025-10-24T00:00:00Z,SETTLED,HOUNDOFF-2025-1019,"{""amount"":""50000.00"",""currency"":""BSC"",""destination_account_id"":""A-HOUNDOFF-3205"",""invoice_id"":""INV-0020"",""occurred_at"":""2025-10-24T00:00:00Z"",""purchase_order_id"":""PO-26020"",""reference"":""HOUNDOFF-2025-1019"",""reversed_transaction_id"":"""",""source_account_id"":""A-SCC-1001"",""status"":""SETTLED"",""transaction_id"":""TX-L1-022"",""transaction_type"":""VENDOR_PAYMENT""}",genie/puppy/financial_events.csv#TX-L1-022,2026.07.19.2
CEO_BARKED_TWICE,PUPPY,TX-L1-023,FINANCIAL_EVENT,VENDOR_PAYMENT,RETRIEVER-2025-1020,GENIE,genie/puppy/financial_events.csv,TX-L1-023,2025-10-28T00:00:00Z,SETTLED,RETRIEVER-2025-1020,"{""amount"":""59000.00"",""currency"":""BSC"",""destination_account_id"":""A-RETRIEVER-3246"",""invoice_id"":""INV-0021"",""occurred_at"":""2025-10-28T00:00:00Z"",""purchase_order_id"":""PO-26021"",""reference"":""RETRIEVER-2025-1020"",""reversed_transaction_id"":"""",""source_account_id"":""A-SCC-1001"",""status"":""SETTLED"",""transaction_id"":""TX-L1-023"",""transaction_type"":""VENDOR_PAYMENT""}",genie/puppy/financial_events.csv#TX-L1-023,2026.07.19.2
CEO_BARKED_TWICE,PUPPY,TX-L1-024,FINANCIAL_EVENT,VENDOR_PAYMENT,COPPER-2025-1021,GENIE,genie/puppy/financial_events.csv,TX-L1-024,2025-11-01T00:00:00Z,SETTLED,COPPER-2025-1021,"{""amount"":""68000.00"",""currency"":""BSC"",""destination_account_id"":""A-COPPER-2207"",""invoice_id"":""INV-0022"",""occurred_at"":""2025-11-01T00:00:00Z"",""purchase_order_id"":""PO-26022"",""reference"":""COPPER-2025-1021"",""reversed_transaction_id"":"""",""source_account_id"":""A-SCC-1001"",""status"":""SETTLED"",""transaction_id"":""TX-L1-024"",""transaction_type"":""VENDOR_PAYMENT""}",genie/puppy/financial_events.csv#TX-L1-024,2026.07.19.2
CEO_BARKED_TWICE,PUPPY,TX-L1-025,FINANCIAL_EVENT,VENDOR_PAYMENT,IRON-2025-1022,GENIE,genie/puppy/financial_events.csv,TX-L1-025,2025-11-05T00:00:00Z,SETTLED,IRON-2025-1022,"{""amount"":""77000.00"",""currency"":""BSC"",""destination_account_id"":""A-IRON-3041"",""invoice_id"":""INV-0023"",""occurred_at"":""2025-11-05T00:00:00Z"",""purchase_order_id"":""PO-26023"",""reference"":""IRON-2025-1022"",""reversed_transaction_id"":"""",""source_account_id"":""A-SCC-1001"",""status"":""SETTLED"",""transaction_id"":""TX-L1-025"",""transaction_type"":""VENDOR_PAYMENT""}",genie/puppy/financial_events.csv#TX-L1-025,2026.07.19.2
CEO_BARKED_TWICE,PUPPY,TX-L1-026,FINANCIAL_EVENT,VENDOR_PAYMENT,WIRE-2025-1023,GENIE,genie/puppy/financial_events.csv,TX-L1-026,2025-11-09T00:00:00Z,SETTLED,WIRE-2025-1023,"{""amount"":""86000.00"",""currency"":""BSC"",""destination_account_id"":""A-WIRE-3082"",""invoice_id"":""INV-0024"",""occurred_at"":""2025-11-09T00:00:00Z"",""purchase_order_id"":""PO-26024"",""reference"":""WIRE-2025-1023"",""reversed_transaction_id"":"""",""source_account_id"":""A-SCC-1001"",""status"":""SETTLED"",""transaction_id"":""TX-L1-026"",""transaction_type"":""VENDOR_PAYMENT""}",genie/puppy/financial_events.csv#TX-L1-026,2026.07.19.2
CEO_BARKED_TWICE,PUPPY,TX-L1-027,FINANCIAL_EVENT,VENDOR_PAYMENT,TAIL-2025-1024,GENIE,genie/puppy/financial_events.csv,TX-L1-027,2025-11-13T00:00:00Z,SETTLED,TAIL-2025-1024,"{""amount"":""95000.00"",""currency"":""BSC"",""destination_account_id"":""A-TAIL-3123"",""invoice_id"":""INV-0025"",""occurred_at"":""2025-11-13T00:00:00Z"",""purchase_order_id"":""PO-26025"",""reference"":""TAIL-2025-1024"",""reversed_transaction_id"":"""",""source_account_id"":""A-SCC-1001"",""status"":""SETTLED"",""transaction_id"":""TX-L1-027"",""transaction_type"":""VENDOR_PAYMENT""}",genie/puppy/financial_events.csv#TX-L1-027,2026.07.19.2
CEO_BARKED_TWICE,PUPPY,TX-L1-028,FINANCIAL_EVENT,VENDOR_PAYMENT,BLUEBOWL-2025-1025,GENIE,genie/puppy/financial_events.csv,TX-L1-028,2025-11-17T00:00:00Z,SETTLED,BLUEBOWL-2025-1025,"{""amount"":""104000.00"",""currency"":""BSC"",""destination_account_id"":""A-BLUEBOWL-3164"",""invoice_id"":""INV-0026"",""occurred_at"":""2025-11-17T00:00:00Z"",""purchase_order_id"":""PO-26026"",""reference"":""BLUEBOWL-2025-1025"",""reversed_transaction_id"":"""",""source_account_id"":""A-SCC-1001"",""status"":""SETTLED"",""transaction_id"":""TX-L1-028"",""transaction_type"":""VENDOR_PAYMENT""}",genie/puppy/financial_events.csv#TX-L1-028,2026.07.19.2
CEO_BARKED_TWICE,PUPPY,TX-L1-029,FINANCIAL_EVENT,VENDOR_PAYMENT,HOUNDOFF-2025-1026,GENIE,genie/puppy/financial_events.csv,TX-L1-029,2025-11-21T00:00:00Z,SETTLED,HOUNDOFF-2025-1026,"{""amount"":""50000.00"",""currency"":""BSC"",""destination_account_id"":""A-HOUNDOFF-3205"",""invoice_id"":""INV-0027"",""occurred_at"":""2025-11-21T00:00:00Z"",""purchase_order_id"":""PO-26027"",""reference"":""HOUNDOFF-2025-1026"",""reversed_transaction_id"":"""",""source_account_id"":""A-SCC-1001"",""status"":""SETTLED"",""transaction_id"":""TX-L1-029"",""transaction_type"":""VENDOR_PAYMENT""}",genie/puppy/financial_events.csv#TX-L1-029,2026.07.19.2
CEO_BARKED_TWICE,PUPPY,TX-L1-030,FINANCIAL_EVENT,VENDOR_PAYMENT,RETRIEVER-2025-1027,GENIE,genie/puppy/financial_events.csv,TX-L1-030,2025-11-25T00:00:00Z,SETTLED,RETRIEVER-2025-1027,"{""amount"":""59000.00"",""currency"":""BSC"",""destination_account_id"":""A-RETRIEVER-3246"",""invoice_id"":""INV-0028"",""occurred_at"":""2025-11-25T00:00:00Z"",""purchase_order_id"":""PO-26028"",""reference"":""RETRIEVER-2025-1027"",""reversed_transaction_id"":"""",""source_account_id"":""A-SCC-1001"",""status"":""SETTLED"",""transaction_id"":""TX-L1-030"",""transaction_type"":""VENDOR_PAYMENT""}",genie/puppy/financial_events.csv#TX-L1-030,2026.07.19.2
CEO_BARKED_TWICE,PUPPY,TX-L1-031,FINANCIAL_EVENT,VENDOR_PAYMENT,COPPER-2025-1028,GENIE,genie/puppy/financial_events.csv,TX-L1-031,2025-11-29T00:00:00Z,SETTLED,COPPER-2025-1028,"{""amount"":""68000.00"",""currency"":""BSC"",""destination_account_id"":""A-COPPER-2207"",""invoice_id"":""INV-0029"",""occurred_at"":""2025-11-29T00:00:00Z"",""purchase_order_id"":""PO-26029"",""reference"":""COPPER-2025-1028"",""reversed_transaction_id"":"""",""source_account_id"":""A-SCC-1001"",""status"":""SETTLED"",""transaction_id"":""TX-L1-031"",""transaction_type"":""VENDOR_PAYMENT""}",genie/puppy/financial_events.csv#TX-L1-031,2026.07.19.2
CEO_BARKED_TWICE,PUPPY,TX-L1-032,FINANCIAL_EVENT,VENDOR_PAYMENT,IRON-2025-1029,GENIE,genie/puppy/financial_events.csv,TX-L1-032,2025-12-03T00:00:00Z,SETTLED,IRON-2025-1029,"{""amount"":""77000.00"",""currency"":""BSC"",""destination_account_id"":""A-IRON-3041"",""invoice_id"":""INV-0030"",""occurred_at"":""2025-12-03T00:00:00Z"",""purchase_order_id"":""PO-26030"",""reference"":""IRON-2025-1029"",""reversed_transaction_id"":"""",""source_account_id"":""A-SCC-1001"",""status"":""SETTLED"",""transaction_id"":""TX-L1-032"",""transaction_type"":""VENDOR_PAYMENT""}",genie/puppy/financial_events.csv#TX-L1-032,2026.07.19.2
CEO_BARKED_TWICE,PUPPY,TX-L1-033,FINANCIAL_EVENT,VENDOR_PAYMENT,WIRE-2025-1030,GENIE,genie/puppy/financial_events.csv,TX-L1-033,2025-12-07T00:00:00Z,SETTLED,WIRE-2025-1030,"{""amount"":""86000.00"",""currency"":""BSC"",""destination_account_id"":""A-WIRE-3082"",""invoice_id"":""INV-0031"",""occurred_at"":""2025-12-07T00:00:00Z"",""purchase_order_id"":""PO-26031"",""reference"":""WIRE-2025-1030"",""reversed_transaction_id"":"""",""source_account_id"":""A-SCC-1001"",""status"":""SETTLED"",""transaction_id"":""TX-L1-033"",""transaction_type"":""VENDOR_PAYMENT""}",genie/puppy/financial_events.csv#TX-L1-033,2026.07.19.2
CEO_BARKED_TWICE,PUPPY,TX-L1-034,FINANCIAL_EVENT,VENDOR_PAYMENT,TAIL-2025-1031,GENIE,genie/puppy/financial_events.csv,TX-L1-034,2025-12-11T00:00:00Z,SETTLED,TAIL-2025-1031,"{""amount"":""95000.00"",""currency"":""BSC"",""destination_account_id"":""A-TAIL-3123"",""invoice_id"":""INV-0032"",""occurred_at"":""2025-12-11T00:00:00Z"",""purchase_order_id"":""PO-26032"",""reference"":""TAIL-2025-1031"",""reversed_transaction_id"":"""",""source_account_id"":""A-SCC-1001"",""status"":""SETTLED"",""transaction_id"":""TX-L1-034"",""transaction_type"":""VENDOR_PAYMENT""}",genie/puppy/financial_events.csv#TX-L1-034,2026.07.19.2
CEO_BARKED_TWICE,PUPPY,TX-L1-035,FINANCIAL_EVENT,VENDOR_PAYMENT,BLUEBOWL-2025-1032,GENIE,genie/puppy/financial_events.csv,TX-L1-035,2025-12-15T00:00:00Z,SETTLED,BLUEBOWL-2025-1032,"{""amount"":""104000.00"",""currency"":""BSC"",""destination_account_id"":""A-BLUEBOWL-3164"",""invoice_id"":""INV-0033"",""occurred_at"":""2025-12-15T00:00:00Z"",""purchase_order_id"":""PO-26033"",""reference"":""BLUEBOWL-2025-1032"",""reversed_transaction_id"":"""",""source_account_id"":""A-SCC-1001"",""status"":""SETTLED"",""transaction_id"":""TX-L1-035"",""transaction_type"":""VENDOR_PAYMENT""}",genie/puppy/financial_events.csv#TX-L1-035,2026.07.19.2
CEO_BARKED_TWICE,PUPPY,TX-L1-036,FINANCIAL_EVENT,VENDOR_PAYMENT,HOUNDOFF-2025-1033,GENIE,genie/puppy/financial_events.csv,TX-L1-036,2025-12-19T00:00:00Z,SETTLED,HOUNDOFF-2025-1033,"{""amount"":""50000.00"",""currency"":""BSC"",""destination_account_id"":""A-HOUNDOFF-3205"",""invoice_id"":""INV-0034"",""occurred_at"":""2025-12-19T00:00:00Z"",""purchase_order_id"":""PO-26034"",""reference"":""HOUNDOFF-2025-1033"",""reversed_transaction_id"":"""",""source_account_id"":""A-SCC-1001"",""status"":""SETTLED"",""transaction_id"":""TX-L1-036"",""transaction_type"":""VENDOR_PAYMENT""}",genie/puppy/financial_events.csv#TX-L1-036,2026.07.19.2
CEO_BARKED_TWICE,PUPPY,TX-L1-037,FINANCIAL_EVENT,VENDOR_PAYMENT,RETRIEVER-2025-1034,GENIE,genie/puppy/financial_events.csv,TX-L1-037,2025-12-23T00:00:00Z,SETTLED,RETRIEVER-2025-1034,"{""amount"":""59000.00"",""currency"":""BSC"",""destination_account_id"":""A-RETRIEVER-3246"",""invoice_id"":""INV-0035"",""occurred_at"":""2025-12-23T00:00:00Z"",""purchase_order_id"":""PO-26035"",""reference"":""RETRIEVER-2025-1034"",""reversed_transaction_id"":"""",""source_account_id"":""A-SCC-1001"",""status"":""SETTLED"",""transaction_id"":""TX-L1-037"",""transaction_type"":""VENDOR_PAYMENT""}",genie/puppy/financial_events.csv#TX-L1-037,2026.07.19.2
CEO_BARKED_TWICE,PUPPY,TX-L1-038,FINANCIAL_EVENT,VENDOR_PAYMENT,COPPER-2025-1035,GENIE,genie/puppy/financial_events.csv,TX-L1-038,2025-12-27T00:00:00Z,SETTLED,COPPER-2025-1035,"{""amount"":""68000.00"",""currency"":""BSC"",""destination_account_id"":""A-COPPER-2207"",""invoice_id"":""INV-0036"",""occurred_at"":""2025-12-27T00:00:00Z"",""purchase_order_id"":""PO-26036"",""reference"":""COPPER-2025-1035"",""reversed_transaction_id"":"""",""source_account_id"":""A-SCC-1001"",""status"":""SETTLED"",""transaction_id"":""TX-L1-038"",""transaction_type"":""VENDOR_PAYMENT""}",genie/puppy/financial_events.csv#TX-L1-038,2026.07.19.2
CEO_BARKED_TWICE,PUPPY,TX-L1-039,FINANCIAL_EVENT,VENDOR_PAYMENT,IRON-2025-1036,GENIE,genie/puppy/financial_events.csv,TX-L1-039,2025-12-31T00:00:00Z,SETTLED,IRON-2025-1036,"{""amount"":""77000.00"",""currency"":""BSC"",""destination_account_id"":""A-IRON-3041"",""invoice_id"":""INV-0037"",""occurred_at"":""2025-12-31T00:00:00Z"",""purchase_order_id"":""PO-26037"",""reference"":""IRON-2025-1036"",""reversed_transaction_id"":"""",""source_account_id"":""A-SCC-1001"",""status"":""SETTLED"",""transaction_id"":""TX-L1-039"",""transaction_type"":""VENDOR_PAYMENT""}",genie/puppy/financial_events.csv#TX-L1-039,2026.07.19.2
CEO_BARKED_TWICE,PUPPY,TX-L1-040,FINANCIAL_EVENT,VENDOR_PAYMENT,WIRE-2025-1037,GENIE,genie/puppy/financial_events.csv,TX-L1-040,2026-01-04T00:00:00Z,SETTLED,WIRE-2025-1037,"{""amount"":""86000.00"",""currency"":""BSC"",""destination_account_id"":""A-WIRE-3082"",""invoice_id"":""INV-0038"",""occurred_at"":""2026-01-04T00:00:00Z"",""purchase_order_id"":""PO-26038"",""reference"":""WIRE-2025-1037"",""reversed_transaction_id"":"""",""source_account_id"":""A-SCC-1001"",""status"":""SETTLED"",""transaction_id"":""TX-L1-040"",""transaction_type"":""VENDOR_PAYMENT""}",genie/puppy/financial_events.csv#TX-L1-040,2026.07.19.2
CEO_BARKED_TWICE,PUPPY,TX-L1-041,FINANCIAL_EVENT,VENDOR_PAYMENT,TAIL-2025-1038,GENIE,genie/puppy/financial_events.csv,TX-L1-041,2026-01-08T00:00:00Z,SETTLED,TAIL-2025-1038,"{""amount"":""95000.00"",""currency"":""BSC"",""destination_account_id"":""A-TAIL-3123"",""invoice_id"":""INV-0039"",""occurred_at"":""2026-01-08T00:00:00Z"",""purchase_order_id"":""PO-26039"",""reference"":""TAIL-2025-1038"",""reversed_transaction_id"":"""",""source_account_id"":""A-SCC-1001"",""status"":""SETTLED"",""transaction_id"":""TX-L1-041"",""transaction_type"":""VENDOR_PAYMENT""}",genie/puppy/financial_events.csv#TX-L1-041,2026.07.19.2
CEO_BARKED_TWICE,PUPPY,TX-L1-042,FINANCIAL_EVENT,VENDOR_PAYMENT,BLUEBOWL-2025-1039,GENIE,genie/puppy/financial_events.csv,TX-L1-042,2026-01-12T00:00:00Z,SETTLED,BLUEBOWL-2025-1039,"{""amount"":""104000.00"",""currency"":""BSC"",""destination_account_id"":""A-BLUEBOWL-3164"",""invoice_id"":""INV-0040"",""occurred_at"":""2026-01-12T00:00:00Z"",""purchase_order_id"":""PO-26040"",""reference"":""BLUEBOWL-2025-1039"",""reversed_transaction_id"":"""",""source_account_id"":""A-SCC-1001"",""status"":""SETTLED"",""transaction_id"":""TX-L1-042"",""transaction_type"":""VENDOR_PAYMENT""}",genie/puppy/financial_events.csv#TX-L1-042,2026.07.19.2
CEO_BARKED_TWICE,PUPPY,TX-L1-043,FINANCIAL_EVENT,VENDOR_PAYMENT,HOUNDOFF-2025-1040,GENIE,genie/puppy/financial_events.csv,TX-L1-043,2026-01-16T00:00:00Z,SETTLED,HOUNDOFF-2025-1040,"{""amount"":""50000.00"",""currency"":""BSC"",""destination_account_id"":""A-HOUNDOFF-3205"",""invoice_id"":""INV-0041"",""occurred_at"":""2026-01-16T00:00:00Z"",""purchase_order_id"":""PO-26041"",""reference"":""HOUNDOFF-2025-1040"",""reversed_transaction_id"":"""",""source_account_id"":""A-SCC-1001"",""status"":""SETTLED"",""transaction_id"":""TX-L1-043"",""transaction_type"":""VENDOR_PAYMENT""}",genie/puppy/financial_events.csv#TX-L1-043,2026.07.19.2
CEO_BARKED_TWICE,PUPPY,TX-L1-044,FINANCIAL_EVENT,VENDOR_PAYMENT,RETRIEVER-2025-1041,GENIE,genie/puppy/financial_events.csv,TX-L1-044,2026-01-20T00:00:00Z,SETTLED,RETRIEVER-2025-1041,"{""amount"":""59000.00"",""currency"":""BSC"",""destination_account_id"":""A-RETRIEVER-3246"",""invoice_id"":""INV-0042"",""occurred_at"":""2026-01-20T00:00:00Z"",""purchase_order_id"":""PO-26042"",""reference"":""RETRIEVER-2025-1041"",""reversed_transaction_id"":"""",""source_account_id"":""A-SCC-1001"",""status"":""SETTLED"",""transaction_id"":""TX-L1-044"",""transaction_type"":""VENDOR_PAYMENT""}",genie/puppy/financial_events.csv#TX-L1-044,2026.07.19.2
CEO_BARKED_TWICE,PUPPY,TX-L1-045,FINANCIAL_EVENT,VENDOR_PAYMENT,CPI-1048,GENIE,genie/puppy/financial_events.csv,TX-L1-045,2026-01-24T00:00:00Z,SETTLED,CPI-1048,"{""amount"":""68000.00"",""currency"":""BSC"",""destination_account_id"":""A-NIGHTJAR-8842"",""invoice_id"":""INV-COPPER-1048-F"",""occurred_at"":""2026-01-24T00:00:00Z"",""purchase_order_id"":""PO-26005"",""reference"":""CPI-1048"",""reversed_transaction_id"":"""",""source_account_id"":""A-SCC-1001"",""status"":""SETTLED"",""transaction_id"":""TX-L1-045"",""transaction_type"":""VENDOR_PAYMENT""}",genie/puppy/financial_events.csv#TX-L1-045,2026.07.19.2
CEO_BARKED_TWICE,PUPPY,TX-L1-046,FINANCIAL_EVENT,VENDOR_PAYMENT,CPI-1059,GENIE,genie/puppy/financial_events.csv,TX-L1-046,2026-01-28T00:00:00Z,SETTLED,CPI-1059,"{""amount"":""77000.00"",""currency"":""BSC"",""destination_account_id"":""A-NIGHTJAR-8842"",""invoice_id"":""INV-COPPER-1059-F"",""occurred_at"":""2026-01-28T00:00:00Z"",""purchase_order_id"":""PO-26013"",""reference"":""CPI-1059"",""reversed_transaction_id"":"""",""source_account_id"":""A-SCC-1001"",""status"":""SETTLED"",""transaction_id"":""TX-L1-046"",""transaction_type"":""VENDOR_PAYMENT""}",genie/puppy/financial_events.csv#TX-L1-046,2026.07.19.2
CEO_BARKED_TWICE,PUPPY,TX-L1-047,FINANCIAL_EVENT,VENDOR_PAYMENT,COPPER-2025-1000,GENIE,genie/puppy/financial_events.csv,TX-L1-047,2026-02-01T00:00:00Z,SETTLED,COPPER-2025-1000,"{""amount"":""69700.00"",""currency"":""BSC"",""destination_account_id"":""A-COPPER-2207"",""invoice_id"":""INV-0001"",""occurred_at"":""2026-02-01T00:00:00Z"",""purchase_order_id"":""PO-26001"",""reference"":""COPPER-2025-1000"",""reversed_transaction_id"":"""",""source_account_id"":""A-SCC-1001"",""status"":""SETTLED"",""transaction_id"":""TX-L1-047"",""transaction_type"":""VENDOR_PAYMENT""}",genie/puppy/financial_events.csv#TX-L1-047,2026.07.19.2
CEO_BARKED_TWICE,PUPPY,TX-L1-048,FINANCIAL_EVENT,VENDOR_PAYMENT,IRON-2025-1001,GENIE,genie/puppy/financial_events.csv,TX-L1-048,2026-02-05T00:00:00Z,SETTLED,IRON-2025-1001,"{""amount"":""87720.00"",""currency"":""BSC"",""destination_account_id"":""A-IRON-3041"",""invoice_id"":""INV-0002"",""occurred_at"":""2026-02-05T00:00:00Z"",""purchase_order_id"":""PO-26002"",""reference"":""IRON-2025-1001"",""reversed_transaction_id"":"""",""source_account_id"":""A-SCC-1001"",""status"":""SETTLED"",""transaction_id"":""TX-L1-048"",""transaction_type"":""VENDOR_PAYMENT""}",genie/puppy/financial_events.csv#TX-L1-048,2026.07.19.2
CEO_BARKED_TWICE,PUPPY,TX-L1-049,FINANCIAL_EVENT,VENDOR_PAYMENT,WIRE-2025-1002,GENIE,genie/puppy/financial_events.csv,TX-L1-049,2026-02-09T00:00:00Z,SETTLED,WIRE-2025-1002,"{""amount"":""104000.00"",""currency"":""BSC"",""destination_account_id"":""A-WIRE-3082"",""invoice_id"":""INV-0003"",""occurred_at"":""2026-02-09T00:00:00Z"",""purchase_order_id"":""PO-26003"",""reference"":""WIRE-2025-1002"",""reversed_transaction_id"":"""",""source_account_id"":""A-SCC-1001"",""status"":""SETTLED"",""transaction_id"":""TX-L1-049"",""transaction_type"":""VENDOR_PAYMENT""}",genie/puppy/financial_events.csv#TX-L1-049,2026.07.19.2
CEO_BARKED_TWICE,PUPPY,TX-L1-050,FINANCIAL_EVENT,VENDOR_PAYMENT,TAIL-2025-1003,GENIE,genie/puppy/financial_events.csv,TX-L1-050,2026-02-13T00:00:00Z,SETTLED,TAIL-2025-1003,"{""amount"":""50000.00"",""currency"":""BSC"",""destination_account_id"":""A-TAIL-3123"",""invoice_id"":""INV-0004"",""occurred_at"":""2026-02-13T00:00:00Z"",""purchase_order_id"":""PO-26004"",""reference"":""TAIL-2025-1003"",""reversed_transaction_id"":"""",""source_account_id"":""A-SCC-1001"",""status"":""SETTLED"",""transaction_id"":""TX-L1-050"",""transaction_type"":""VENDOR_PAYMENT""}",genie/puppy/financial_events.csv#TX-L1-050,2026.07.19.2
CEO_BARKED_TWICE,PUPPY,TX-L1-051,FINANCIAL_EVENT,VENDOR_PAYMENT,BLUEBOWL-2025-1004,GENIE,genie/puppy/financial_events.csv,TX-L1-051,2026-02-17T00:00:00Z,SETTLED,BLUEBOWL-2025-1004,"{""amount"":""59000.00"",""currency"":""BSC"",""destination_account_id"":""A-BLUEBOWL-3164"",""invoice_id"":""INV-0005"",""occurred_at"":""2026-02-17T00:00:00Z"",""purchase_order_id"":""PO-26005"",""reference"":""BLUEBOWL-2025-1004"",""reversed_transaction_id"":"""",""source_account_id"":""A-SCC-1001"",""status"":""SETTLED"",""transaction_id"":""TX-L1-051"",""transaction_type"":""VENDOR_PAYMENT""}",genie/puppy/financial_events.csv#TX-L1-051,2026.07.19.2
CEO_BARKED_TWICE,PUPPY,TX-L1-052,FINANCIAL_EVENT,VENDOR_PAYMENT,HOUNDOFF-2025-1005,GENIE,genie/puppy/financial_events.csv,TX-L1-052,2026-02-21T00:00:00Z,SETTLED,HOUNDOFF-2025-1005,"{""amount"":""68000.00"",""currency"":""BSC"",""destination_account_id"":""A-HOUNDOFF-3205"",""invoice_id"":""INV-0006"",""occurred_at"":""2026-02-21T00:00:00Z"",""purchase_order_id"":""PO-26006"",""reference"":""HOUNDOFF-2025-1005"",""reversed_transaction_id"":"""",""source_account_id"":""A-SCC-1001"",""status"":""SETTLED"",""transaction_id"":""TX-L1-052"",""transaction_type"":""VENDOR_PAYMENT""}",genie/puppy/financial_events.csv#TX-L1-052,2026.07.19.2
CEO_BARKED_TWICE,PUPPY,TX-L1-053,FINANCIAL_EVENT,VENDOR_PAYMENT,RETRIEVER-2025-1006,GENIE,genie/puppy/financial_events.csv,TX-L1-053,2026-02-25T00:00:00Z,SETTLED,RETRIEVER-2025-1006,"{""amount"":""77000.00"",""currency"":""BSC"",""destination_account_id"":""A-RETRIEVER-3246"",""invoice_id"":""INV-0007"",""occurred_at"":""2026-02-25T00:00:00Z"",""purchase_order_id"":""PO-26007"",""reference"":""RETRIEVER-2025-1006"",""reversed_transaction_id"":"""",""source_account_id"":""A-SCC-1001"",""status"":""SETTLED"",""transaction_id"":""TX-L1-053"",""transaction_type"":""VENDOR_PAYMENT""}",genie/puppy/financial_events.csv#TX-L1-053,2026.07.19.2
CEO_BARKED_TWICE,PUPPY,TX-L1-054,FINANCIAL_EVENT,VENDOR_PAYMENT,COPPER-2025-1007,GENIE,genie/puppy/financial_events.csv,TX-L1-054,2026-03-01T00:00:00Z,SETTLED,COPPER-2025-1007,"{""amount"":""86000.00"",""currency"":""BSC"",""destination_account_id"":""A-COPPER-2207"",""invoice_id"":""INV-0008"",""occurred_at"":""2026-03-01T00:00:00Z"",""purchase_order_id"":""PO-26008"",""reference"":""COPPER-2025-1007"",""reversed_transaction_id"":"""",""source_account_id"":""A-SCC-1001"",""status"":""SETTLED"",""transaction_id"":""TX-L1-054"",""transaction_type"":""VENDOR_PAYMENT""}",genie/puppy/financial_events.csv#TX-L1-054,2026.07.19.2
CEO_BARKED_TWICE,PUPPY,TX-L1-055,FINANCIAL_EVENT,VENDOR_PAYMENT,IRON-2025-1008,GENIE,genie/puppy/financial_events.csv,TX-L1-055,2026-03-05T00:00:00Z,SETTLED,IRON-2025-1008,"{""amount"":""95000.00"",""currency"":""BSC"",""destination_account_id"":""A-IRON-3041"",""invoice_id"":""INV-0009"",""occurred_at"":""2026-03-05T00:00:00Z"",""purchase_order_id"":""PO-26009"",""reference"":""IRON-2025-1008"",""reversed_transaction_id"":"""",""source_account_id"":""A-SCC-1001"",""status"":""SETTLED"",""transaction_id"":""TX-L1-055"",""transaction_type"":""VENDOR_PAYMENT""}",genie/puppy/financial_events.csv#TX-L1-055,2026.07.19.2
CEO_BARKED_TWICE,PUPPY,TX-L1-056,FINANCIAL_EVENT,VENDOR_PAYMENT,WIRE-2025-1009,GENIE,genie/puppy/financial_events.csv,TX-L1-056,2026-03-09T00:00:00Z,SETTLED,WIRE-2025-1009,"{""amount"":""83300.00"",""currency"":""BSC"",""destination_account_id"":""A-WIRE-3082"",""invoice_id"":""INV-0010"",""occurred_at"":""2026-03-09T00:00:00Z"",""purchase_order_id"":""PO-26010"",""reference"":""WIRE-2025-1009"",""reversed_transaction_id"":"""",""source_account_id"":""A-SCC-1001"",""status"":""SETTLED"",""transaction_id"":""TX-L1-056"",""transaction_type"":""VENDOR_PAYMENT""}",genie/puppy/financial_events.csv#TX-L1-056,2026.07.19.2
CEO_BARKED_TWICE,PUPPY,TX-L1-OPS-001,FINANCIAL_EVENT,OPERATING_PAYMENT,OPS-001,GENIE,genie/puppy/financial_events.csv,TX-L1-OPS-001,2025-08-02T00:00:00Z,SETTLED,OPS-001,"{""amount"":""3000.00"",""currency"":""BSC"",""destination_account_id"":""A-IRON-3041"",""invoice_id"":"""",""occurred_at"":""2025-08-02T00:00:00Z"",""purchase_order_id"":"""",""reference"":""OPS-001"",""reversed_transaction_id"":"""",""source_account_id"":""A-SCC-1001"",""status"":""SETTLED"",""transaction_id"":""TX-L1-OPS-001"",""transaction_type"":""OPERATING_PAYMENT""}",genie/puppy/financial_events.csv#TX-L1-OPS-001,2026.07.19.2
CEO_BARKED_TWICE,PUPPY,TX-L1-OPS-002,FINANCIAL_EVENT,OPERATING_PAYMENT,OPS-002,GENIE,genie/puppy/financial_events.csv,TX-L1-OPS-002,2025-08-11T00:00:00Z,SETTLED,OPS-002,"{""amount"":""3850.00"",""currency"":""BSC"",""destination_account_id"":""A-WIRE-3082"",""invoice_id"":"""",""occurred_at"":""2025-08-11T00:00:00Z"",""purchase_order_id"":"""",""reference"":""OPS-002"",""reversed_transaction_id"":"""",""source_account_id"":""A-SCC-1001"",""status"":""SETTLED"",""transaction_id"":""TX-L1-OPS-002"",""transaction_type"":""OPERATING_PAYMENT""}",genie/puppy/financial_events.csv#TX-L1-OPS-002,2026.07.19.2
CEO_BARKED_TWICE,PUPPY,TX-L1-OPS-003,FINANCIAL_EVENT,OPERATING_PAYMENT,OPS-003,GENIE,genie/puppy/financial_events.csv,TX-L1-OPS-003,2025-08-20T00:00:00Z,SETTLED,OPS-003,"{""amount"":""4700.00"",""currency"":""BSC"",""destination_account_id"":""A-TAIL-3123"",""invoice_id"":"""",""occurred_at"":""2025-08-20T00:00:00Z"",""purchase_order_id"":"""",""reference"":""OPS-003"",""reversed_transaction_id"":"""",""source_account_id"":""A-SCC-1001"",""status"":""SETTLED"",""transaction_id"":""TX-L1-OPS-003"",""transaction_type"":""OPERATING_PAYMENT""}",genie/puppy/financial_events.csv#TX-L1-OPS-003,2026.07.19.2
CEO_BARKED_TWICE,PUPPY,TX-L1-OPS-004,FINANCIAL_EVENT,OPERATING_PAYMENT,OPS-004,GENIE,genie/puppy/financial_events.csv,TX-L1-OPS-004,2025-08-29T00:00:00Z,SETTLED,OPS-004,"{""amount"":""5550.00"",""currency"":""BSC"",""destination_account_id"":""A-BLUEBOWL-3164"",""invoice_id"":"""",""occurred_at"":""2025-08-29T00:00:00Z"",""purchase_order_id"":"""",""reference"":""OPS-004"",""reversed_transaction_id"":"""",""source_account_id"":""A-SCC-1001"",""status"":""SETTLED"",""transaction_id"":""TX-L1-OPS-004"",""transaction_type"":""OPERATING_PAYMENT""}",genie/puppy/financial_events.csv#TX-L1-OPS-004,2026.07.19.2
CEO_BARKED_TWICE,PUPPY,TX-L1-OPS-005,FINANCIAL_EVENT,OPERATING_PAYMENT,OPS-005,GENIE,genie/puppy/financial_events.csv,TX-L1-OPS-005,2025-09-07T00:00:00Z,SETTLED,OPS-005,"{""amount"":""6400.00"",""currency"":""BSC"",""destination_account_id"":""A-HOUNDOFF-3205"",""invoice_id"":"""",""occurred_at"":""2025-09-07T00:00:00Z"",""purchase_order_id"":"""",""reference"":""OPS-005"",""reversed_transaction_id"":"""",""source_account_id"":""A-SCC-1001"",""status"":""SETTLED"",""transaction_id"":""TX-L1-OPS-005"",""transaction_type"":""OPERATING_PAYMENT""}",genie/puppy/financial_events.csv#TX-L1-OPS-005,2026.07.19.2
CEO_BARKED_TWICE,PUPPY,TX-L1-OPS-006,FINANCIAL_EVENT,OPERATING_PAYMENT,OPS-006,GENIE,genie/puppy/financial_events.csv,TX-L1-OPS-006,2025-09-16T00:00:00Z,SETTLED,OPS-006,"{""amount"":""7250.00"",""currency"":""BSC"",""destination_account_id"":""A-RETRIEVER-3246"",""invoice_id"":"""",""occurred_at"":""2025-09-16T00:00:00Z"",""purchase_order_id"":"""",""reference"":""OPS-006"",""reversed_transaction_id"":"""",""source_account_id"":""A-SCC-1001"",""status"":""SETTLED"",""transaction_id"":""TX-L1-OPS-006"",""transaction_type"":""OPERATING_PAYMENT""}",genie/puppy/financial_events.csv#TX-L1-OPS-006,2026.07.19.2
CEO_BARKED_TWICE,PUPPY,TX-L1-OPS-007,FINANCIAL_EVENT,OPERATING_PAYMENT,OPS-007,GENIE,genie/puppy/financial_events.csv,TX-L1-OPS-007,2025-09-25T00:00:00Z,SETTLED,OPS-007,"{""amount"":""3000.00"",""currency"":""BSC"",""destination_account_id"":""A-AUDIT-3287"",""invoice_id"":"""",""occurred_at"":""2025-09-25T00:00:00Z"",""purchase_order_id"":"""",""reference"":""OPS-007"",""reversed_transaction_id"":"""",""source_account_id"":""A-SCC-1001"",""status"":""SETTLED"",""transaction_id"":""TX-L1-OPS-007"",""transaction_type"":""OPERATING_PAYMENT""}",genie/puppy/financial_events.csv#TX-L1-OPS-007,2026.07.19.2
CEO_BARKED_TWICE,PUPPY,TX-L1-OPS-008,FINANCIAL_EVENT,OPERATING_PAYMENT,OPS-008,GENIE,genie/puppy/financial_events.csv,TX-L1-OPS-008,2025-10-04T00:00:00Z,SETTLED,OPS-008,"{""amount"":""3850.00"",""currency"":""BSC"",""destination_account_id"":""A-CLOUDMAIL-3328"",""invoice_id"":"""",""occurred_at"":""2025-10-04T00:00:00Z"",""purchase_order_id"":"""",""reference"":""OPS-008"",""reversed_transaction_id"":"""",""source_account_id"":""A-SCC-1001"",""status"":""SETTLED"",""transaction_id"":""TX-L1-OPS-008"",""transaction_type"":""OPERATING_PAYMENT""}",genie/puppy/financial_events.csv#TX-L1-OPS-008,2026.07.19.2
CEO_BARKED_TWICE,PUPPY,TX-L1-OPS-009,FINANCIAL_EVENT,OPERATING_PAYMENT,OPS-009,GENIE,genie/puppy/financial_events.csv,TX-L1-OPS-009,2025-10-13T00:00:00Z,SETTLED,OPS-009,"{""amount"":""4700.00"",""currency"":""BSC"",""destination_account_id"":""A-PAYMENTS-3369"",""invoice_id"":"""",""occurred_at"":""2025-10-13T00:00:00Z"",""purchase_order_id"":"""",""reference"":""OPS-009"",""reversed_transaction_id"":"""",""source_account_id"":""A-SCC-1001"",""status"":""SETTLED"",""transaction_id"":""TX-L1-OPS-009"",""transaction_type"":""OPERATING_PAYMENT""}",genie/puppy/financial_events.csv#TX-L1-OPS-009,2026.07.19.2
CEO_BARKED_TWICE,PUPPY,TX-L1-OPS-010,FINANCIAL_EVENT,OPERATING_PAYMENT,OPS-010,GENIE,genie/puppy/financial_events.csv,TX-L1-OPS-010,2025-10-22T00:00:00Z,SETTLED,OPS-010,"{""amount"":""5550.00"",""currency"":""BSC"",""destination_account_id"":""A-IRON-3041"",""invoice_id"":"""",""occurred_at"":""2025-10-22T00:00:00Z"",""purchase_order_id"":"""",""reference"":""OPS-010"",""reversed_transaction_id"":"""",""source_account_id"":""A-SCC-1001"",""status"":""SETTLED"",""transaction_id"":""TX-L1-OPS-010"",""transaction_type"":""OPERATING_PAYMENT""}",genie/puppy/financial_events.csv#TX-L1-OPS-010,2026.07.19.2
CEO_BARKED_TWICE,PUPPY,TX-L1-OPS-011,FINANCIAL_EVENT,OPERATING_PAYMENT,OPS-011,GENIE,genie/puppy/financial_events.csv,TX-L1-OPS-011,2025-10-31T00:00:00Z,SETTLED,OPS-011,"{""amount"":""6400.00"",""currency"":""BSC"",""destination_account_id"":""A-WIRE-3082"",""invoice_id"":"""",""occurred_at"":""2025-10-31T00:00:00Z"",""purchase_order_id"":"""",""reference"":""OPS-011"",""reversed_transaction_id"":"""",""source_account_id"":""A-SCC-1001"",""status"":""SETTLED"",""transaction_id"":""TX-L1-OPS-011"",""transaction_type"":""OPERATING_PAYMENT""}",genie/puppy/financial_events.csv#TX-L1-OPS-011,2026.07.19.2
CEO_BARKED_TWICE,PUPPY,TX-L1-OPS-012,FINANCIAL_EVENT,OPERATING_PAYMENT,OPS-012,GENIE,genie/puppy/financial_events.csv,TX-L1-OPS-012,2025-11-09T00:00:00Z,SETTLED,OPS-012,"{""amount"":""7250.00"",""currency"":""BSC"",""destination_account_id"":""A-TAIL-3123"",""invoice_id"":"""",""occurred_at"":""2025-11-09T00:00:00Z"",""purchase_order_id"":"""",""reference"":""OPS-012"",""reversed_transaction_id"":"""",""source_account_id"":""A-SCC-1001"",""status"":""SETTLED"",""transaction_id"":""TX-L1-OPS-012"",""transaction_type"":""OPERATING_PAYMENT""}",genie/puppy/financial_events.csv#TX-L1-OPS-012,2026.07.19.2
CEO_BARKED_TWICE,PUPPY,TX-L1-OPS-013,FINANCIAL_EVENT,OPERATING_PAYMENT,OPS-013,GENIE,genie/puppy/financial_events.csv,TX-L1-OPS-013,2025-11-18T00:00:00Z,SETTLED,OPS-013,"{""amount"":""3000.00"",""currency"":""BSC"",""destination_account_id"":""A-BLUEBOWL-3164"",""invoice_id"":"""",""occurred_at"":""2025-11-18T00:00:00Z"",""purchase_order_id"":"""",""reference"":""OPS-013"",""reversed_transaction_id"":"""",""source_account_id"":""A-SCC-1001"",""status"":""SETTLED"",""transaction_id"":""TX-L1-OPS-013"",""transaction_type"":""OPERATING_PAYMENT""}",genie/puppy/financial_events.csv#TX-L1-OPS-013,2026.07.19.2
CEO_BARKED_TWICE,PUPPY,TX-L1-OPS-014,FINANCIAL_EVENT,OPERATING_PAYMENT,OPS-014,GENIE,genie/puppy/financial_events.csv,TX-L1-OPS-014,2025-11-27T00:00:00Z,SETTLED,OPS-014,"{""amount"":""3850.00"",""currency"":""BSC"",""destination_account_id"":""A-HOUNDOFF-3205"",""invoice_id"":"""",""occurred_at"":""2025-11-27T00:00:00Z"",""purchase_order_id"":"""",""reference"":""OPS-014"",""reversed_transaction_id"":"""",""source_account_id"":""A-SCC-1001"",""status"":""SETTLED"",""transaction_id"":""TX-L1-OPS-014"",""transaction_type"":""OPERATING_PAYMENT""}",genie/puppy/financial_events.csv#TX-L1-OPS-014,2026.07.19.2
CEO_BARKED_TWICE,PUPPY,TX-L1-OPS-015,FINANCIAL_EVENT,OPERATING_PAYMENT,OPS-015,GENIE,genie/puppy/financial_events.csv,TX-L1-OPS-015,2025-12-06T00:00:00Z,SETTLED,OPS-015,"{""amount"":""4700.00"",""currency"":""BSC"",""destination_account_id"":""A-RETRIEVER-3246"",""invoice_id"":"""",""occurred_at"":""2025-12-06T00:00:00Z"",""purchase_order_id"":"""",""reference"":""OPS-015"",""reversed_transaction_id"":"""",""source_account_id"":""A-SCC-1001"",""status"":""SETTLED"",""transaction_id"":""TX-L1-OPS-015"",""transaction_type"":""OPERATING_PAYMENT""}",genie/puppy/financial_events.csv#TX-L1-OPS-015,2026.07.19.2
CEO_BARKED_TWICE,PUPPY,TX-L1-OPS-016,FINANCIAL_EVENT,OPERATING_PAYMENT,OPS-016,GENIE,genie/puppy/financial_events.csv,TX-L1-OPS-016,2025-12-15T00:00:00Z,SETTLED,OPS-016,"{""amount"":""5550.00"",""currency"":""BSC"",""destination_account_id"":""A-AUDIT-3287"",""invoice_id"":"""",""occurred_at"":""2025-12-15T00:00:00Z"",""purchase_order_id"":"""",""reference"":""OPS-016"",""reversed_transaction_id"":"""",""source_account_id"":""A-SCC-1001"",""status"":""SETTLED"",""transaction_id"":""TX-L1-OPS-016"",""transaction_type"":""OPERATING_PAYMENT""}",genie/puppy/financial_events.csv#TX-L1-OPS-016,2026.07.19.2
CEO_BARKED_TWICE,PUPPY,TX-L1-OPS-017,FINANCIAL_EVENT,OPERATING_PAYMENT,OPS-017,GENIE,genie/puppy/financial_events.csv,TX-L1-OPS-017,2025-12-24T00:00:00Z,SETTLED,OPS-017,"{""amount"":""6400.00"",""currency"":""BSC"",""destination_account_id"":""A-CLOUDMAIL-3328"",""invoice_id"":"""",""occurred_at"":""2025-12-24T00:00:00Z"",""purchase_order_id"":"""",""reference"":""OPS-017"",""reversed_transaction_id"":"""",""source_account_id"":""A-SCC-1001"",""status"":""SETTLED"",""transaction_id"":""TX-L1-OPS-017"",""transaction_type"":""OPERATING_PAYMENT""}",genie/puppy/financial_events.csv#TX-L1-OPS-017,2026.07.19.2
CEO_BARKED_TWICE,PUPPY,TX-L1-OPS-018,FINANCIAL_EVENT,OPERATING_PAYMENT,OPS-018,GENIE,genie/puppy/financial_events.csv,TX-L1-OPS-018,2026-01-02T00:00:00Z,SETTLED,OPS-018,"{""amount"":""7250.00"",""currency"":""BSC"",""destination_account_id"":""A-PAYMENTS-3369"",""invoice_id"":"""",""occurred_at"":""2026-01-02T00:00:00Z"",""purchase_order_id"":"""",""reference"":""OPS-018"",""reversed_transaction_id"":"""",""source_account_id"":""A-SCC-1001"",""status"":""SETTLED"",""transaction_id"":""TX-L1-OPS-018"",""transaction_type"":""OPERATING_PAYMENT""}",genie/puppy/financial_events.csv#TX-L1-OPS-018,2026.07.19.2
CEO_BARKED_TWICE,PUPPY,TX-L1-OPS-019,FINANCIAL_EVENT,OPERATING_PAYMENT,OPS-019,GENIE,genie/puppy/financial_events.csv,TX-L1-OPS-019,2026-01-11T00:00:00Z,SETTLED,OPS-019,"{""amount"":""3000.00"",""currency"":""BSC"",""destination_account_id"":""A-IRON-3041"",""invoice_id"":"""",""occurred_at"":""2026-01-11T00:00:00Z"",""purchase_order_id"":"""",""reference"":""OPS-019"",""reversed_transaction_id"":"""",""source_account_id"":""A-SCC-1001"",""status"":""SETTLED"",""transaction_id"":""TX-L1-OPS-019"",""transaction_type"":""OPERATING_PAYMENT""}",genie/puppy/financial_events.csv#TX-L1-OPS-019,2026.07.19.2
CEO_BARKED_TWICE,PUPPY,TX-L1-OPS-020,FINANCIAL_EVENT,OPERATING_PAYMENT,OPS-020,GENIE,genie/puppy/financial_events.csv,TX-L1-OPS-020,2026-01-20T00:00:00Z,SETTLED,OPS-020,"{""amount"":""3850.00"",""currency"":""BSC"",""destination_account_id"":""A-WIRE-3082"",""invoice_id"":"""",""occurred_at"":""2026-01-20T00:00:00Z"",""purchase_order_id"":"""",""reference"":""OPS-020"",""reversed_transaction_id"":"""",""source_account_id"":""A-SCC-1001"",""status"":""SETTLED"",""transaction_id"":""TX-L1-OPS-020"",""transaction_type"":""OPERATING_PAYMENT""}",genie/puppy/financial_events.csv#TX-L1-OPS-020,2026.07.19.2
CEO_BARKED_TWICE,PUPPY,TX-L1-OPS-021,FINANCIAL_EVENT,OPERATING_PAYMENT,OPS-021,GENIE,genie/puppy/financial_events.csv,TX-L1-OPS-021,2026-01-29T00:00:00Z,SETTLED,OPS-021,"{""amount"":""4700.00"",""currency"":""BSC"",""destination_account_id"":""A-TAIL-3123"",""invoice_id"":"""",""occurred_at"":""2026-01-29T00:00:00Z"",""purchase_order_id"":"""",""reference"":""OPS-021"",""reversed_transaction_id"":"""",""source_account_id"":""A-SCC-1001"",""status"":""SETTLED"",""transaction_id"":""TX-L1-OPS-021"",""transaction_type"":""OPERATING_PAYMENT""}",genie/puppy/financial_events.csv#TX-L1-OPS-021,2026.07.19.2
CEO_BARKED_TWICE,PUPPY,TX-L1-OPS-022,FINANCIAL_EVENT,OPERATING_PAYMENT,OPS-022,GENIE,genie/puppy/financial_events.csv,TX-L1-OPS-022,2026-02-07T00:00:00Z,SETTLED,OPS-022,"{""amount"":""5550.00"",""currency"":""BSC"",""destination_account_id"":""A-BLUEBOWL-3164"",""invoice_id"":"""",""occurred_at"":""2026-02-07T00:00:00Z"",""purchase_order_id"":"""",""reference"":""OPS-022"",""reversed_transaction_id"":"""",""source_account_id"":""A-SCC-1001"",""status"":""SETTLED"",""transaction_id"":""TX-L1-OPS-022"",""transaction_type"":""OPERATING_PAYMENT""}",genie/puppy/financial_events.csv#TX-L1-OPS-022,2026.07.19.2
CEO_BARKED_TWICE,PUPPY,TX-L1-OPS-023,FINANCIAL_EVENT,OPERATING_PAYMENT,OPS-023,GENIE,genie/puppy/financial_events.csv,TX-L1-OPS-023,2026-02-16T00:00:00Z,SETTLED,OPS-023,"{""amount"":""6400.00"",""currency"":""BSC"",""destination_account_id"":""A-HOUNDOFF-3205"",""invoice_id"":"""",""occurred_at"":""2026-02-16T00:00:00Z"",""purchase_order_id"":"""",""reference"":""OPS-023"",""reversed_transaction_id"":"""",""source_account_id"":""A-SCC-1001"",""status"":""SETTLED"",""transaction_id"":""TX-L1-OPS-023"",""transaction_type"":""OPERATING_PAYMENT""}",genie/puppy/financial_events.csv#TX-L1-OPS-023,2026.07.19.2
CEO_BARKED_TWICE,PUPPY,TX-L1-OPS-024,FINANCIAL_EVENT,OPERATING_PAYMENT,OPS-024,GENIE,genie/puppy/financial_events.csv,TX-L1-OPS-024,2026-02-25T00:00:00Z,SETTLED,OPS-024,"{""amount"":""7250.00"",""currency"":""BSC"",""destination_account_id"":""A-RETRIEVER-3246"",""invoice_id"":"""",""occurred_at"":""2026-02-25T00:00:00Z"",""purchase_order_id"":"""",""reference"":""OPS-024"",""reversed_transaction_id"":"""",""source_account_id"":""A-SCC-1001"",""status"":""SETTLED"",""transaction_id"":""TX-L1-OPS-024"",""transaction_type"":""OPERATING_PAYMENT""}",genie/puppy/financial_events.csv#TX-L1-OPS-024,2026.07.19.2
CEO_BARKED_TWICE,PUPPY,INC-001,INCIDENT,,Urgent confidential payment request originated from lookalike domain silvercoilar.example.,GENIE,genie/puppy/incidents.csv,INC-001,,CONFIRMED,Urgent confidential payment request originated from lookalike domain silvercoilar.example.,"{""incident_id"":""INC-001"",""incident_type"":""CEO_IMPERSONATION"",""opened_at"":""2026-02-10T16:30:00Z"",""related_record_ids"":""COM-002;DOM-SCC-TYPO;INV-COPPER-1048-F"",""reported_by_record_id"":""PR-PENNY-01"",""severity"":""HIGH"",""status"":""CONFIRMED"",""summary"":""Urgent confidential payment request originated from lookalike domain silvercoilar.example.""}",genie/puppy/incidents.csv#INC-001,2026.07.19.2
CEO_BARKED_TWICE,PUPPY,INC-002,INCIDENT,,Penny Pug mailbox contained malicious forwarding and deletion rules created from external infrastructure.,GENIE,genie/puppy/incidents.csv,INC-002,,CONFIRMED,Penny Pug mailbox contained malicious forwarding and deletion rules created from external infrastructure.,"{""incident_id"":""INC-002"",""incident_type"":""MAILBOX_COMPROMISE"",""opened_at"":""2026-02-11T09:10:00Z"",""related_record_ids"":""MR-001;MR-002;LOGIN-0010;LOGIN-0014"",""reported_by_record_id"":""PR-THEO-01"",""severity"":""CRITICAL"",""status"":""CONFIRMED"",""summary"":""Penny Pug mailbox contained malicious forwarding and deletion rules created from external infrastructure.""}",genie/puppy/incidents.csv#INC-002,2026.07.19.2
CEO_BARKED_TWICE,PUPPY,INC-003,INCIDENT,,Payment for legitimate Copper Paw invoice was redirected from verified account 2207 to account 8842.,GENIE,genie/puppy/incidents.csv,INC-003,,CONFIRMED,Payment for legitimate Copper Paw invoice was redirected from verified account 2207 to account 8842.,"{""incident_id"":""INC-003"",""incident_type"":""PAYMENT_DIVERSION"",""opened_at"":""2026-02-11T10:00:00Z"",""related_record_ids"":""TX-FRAUD-001;A-COPPER-2207;A-NIGHTJAR-8842"",""reported_by_record_id"":""PR-MABEL-01"",""severity"":""CRITICAL"",""status"":""CONFIRMED"",""summary"":""Payment for legitimate Copper Paw invoice was redirected from verified account 2207 to account 8842.""}",genie/puppy/incidents.csv#INC-003,2026.07.19.2
CEO_BARKED_TWICE,PUPPY,INC-004,INCIDENT,,"Funds from 8842 were split to accounts controlled by Grant, Rowan, Ivy, and Harbor Hound.",GENIE,genie/puppy/incidents.csv,INC-004,,CONFIRMED,"Funds from 8842 were split to accounts controlled by Grant, Rowan, Ivy, and Harbor Hound.","{""incident_id"":""INC-004"",""incident_type"":""FUNDS_DISPERSAL"",""opened_at"":""2026-02-11T12:00:00Z"",""related_record_ids"":""TX-FRAUD-002;TX-FRAUD-003;TX-FRAUD-004;TX-FRAUD-005"",""reported_by_record_id"":""PR-MABEL-01"",""severity"":""CRITICAL"",""status"":""CONFIRMED"",""summary"":""Funds from 8842 were split to accounts controlled by Grant, Rowan, Ivy, and Harbor Hound.""}",genie/puppy/incidents.csv#INC-004,2026.07.19.2
CEO_BARKED_TWICE,PUPPY,INC-005,INCIDENT,,"125,000 BSC was frozen at Harbor Hound and moved to recovery escrow.",GENIE,genie/puppy/incidents.csv,INC-005,,PARTIALLY_RECOVERED,"125,000 BSC was frozen at Harbor Hound and moved to recovery escrow.","{""incident_id"":""INC-005"",""incident_type"":""PARTIAL_RECOVERY"",""opened_at"":""2026-02-12T12:00:00Z"",""related_record_ids"":""TX-RECOVERY-001;A-HARBOR-6104;A-BANK-HOLD-9000"",""reported_by_record_id"":""PR-MABEL-01"",""severity"":""MEDIUM"",""status"":""PARTIALLY_RECOVERED"",""summary"":""125,000 BSC was frozen at Harbor Hound and moved to recovery escrow.""}",genie/puppy/incidents.csv#INC-005,2026.07.19.2
CEO_BARKED_TWICE,PUPPY,INC-006,INCIDENT,,An invoice number was reused by an unrelated vendor and resolved through PO context.,GENIE,genie/puppy/incidents.csv,INC-006,,CLOSED,An invoice number was reused by an unrelated vendor and resolved through PO context.,"{""incident_id"":""INC-006"",""incident_type"":""DUPLICATE_INVOICE"",""opened_at"":""2025-11-25T00:00:00Z"",""related_record_ids"":""COM-006;DOC-006"",""reported_by_record_id"":""PR-RHEA-01"",""severity"":""HIGH"",""status"":""CLOSED"",""summary"":""An invoice number was reused by an unrelated vendor and resolved through PO context.""}",genie/puppy/incidents.csv#INC-006,2026.07.19.2
CEO_BARKED_TWICE,PUPPY,INC-007,INCIDENT,,A similar name or shared address produced an unrelated alert.,GENIE,genie/puppy/incidents.csv,INC-007,,CLOSED,A similar name or shared address produced an unrelated alert.,"{""incident_id"":""INC-007"",""incident_type"":""FALSE_POSITIVE"",""opened_at"":""2025-12-12T00:00:00Z"",""related_record_ids"":""COM-007;DOC-007"",""reported_by_record_id"":""PR-MABEL-01"",""severity"":""LOW"",""status"":""CLOSED"",""summary"":""A similar name or shared address produced an unrelated alert.""}",genie/puppy/incidents.csv#INC-007,2026.07.19.2
CEO_BARKED_TWICE,PUPPY,INC-008,INCIDENT,,An exception bypassed a configured verification control.,GENIE,genie/puppy/incidents.csv,INC-008,,CLOSED,An exception bypassed a configured verification control.,"{""incident_id"":""INC-008"",""incident_type"":""CONTROL_BREACH"",""opened_at"":""2025-12-29T00:00:00Z"",""related_record_ids"":""COM-008;DOC-008"",""reported_by_record_id"":""PR-SOPHIE-01"",""severity"":""MEDIUM"",""status"":""CLOSED"",""summary"":""An exception bypassed a configured verification control.""}",genie/puppy/incidents.csv#INC-008,2026.07.19.2
CEO_BARKED_TWICE,PUPPY,INC-009,INCIDENT,,A legitimate vendor change was approved after callback verification.,GENIE,genie/puppy/incidents.csv,INC-009,,OPEN,A legitimate vendor change was approved after callback verification.,"{""incident_id"":""INC-009"",""incident_type"":""VENDOR_MASTER_EXCEPTION"",""opened_at"":""2026-01-15T00:00:00Z"",""related_record_ids"":""COM-009;DOC-009"",""reported_by_record_id"":""PR-THEO-01"",""severity"":""HIGH"",""status"":""OPEN"",""summary"":""A legitimate vendor change was approved after callback verification.""}",genie/puppy/incidents.csv#INC-009,2026.07.19.2
CEO_BARKED_TWICE,PUPPY,INC-010,INCIDENT,,A login outside normal hours was reviewed and linked to approved travel.,GENIE,genie/puppy/incidents.csv,INC-010,,CLOSED,A login outside normal hours was reviewed and linked to approved travel.,"{""incident_id"":""INC-010"",""incident_type"":""UNUSUAL_LOGIN"",""opened_at"":""2026-02-01T00:00:00Z"",""related_record_ids"":""COM-010;DOC-010"",""reported_by_record_id"":""PR-RHEA-01"",""severity"":""LOW"",""status"":""CLOSED"",""summary"":""A login outside normal hours was reviewed and linked to approved travel.""}",genie/puppy/incidents.csv#INC-010,2026.07.19.2
CEO_BARKED_TWICE,PUPPY,IL-INV-COPPER-1048-G-01,INVOICE_LINE,,Primary goods,GENIE,genie/puppy/invoice_lines.csv,IL-INV-COPPER-1048-G-01,,,Primary goods,"{""description"":""Primary goods"",""invoice_id"":""INV-COPPER-1048-G"",""invoice_line_id"":""IL-INV-COPPER-1048-G-01"",""line_amount"":""155400.00"",""line_number"":""1"",""purchase_order_id"":""PO-26005"",""quantity"":""12"",""unit_price"":""12950.00""}",genie/puppy/invoice_lines.csv#IL-INV-COPPER-1048-G-01,2026.07.19.2
CEO_BARKED_TWICE,PUPPY,IL-INV-COPPER-1048-G-02,INVOICE_LINE,,Freight and handling,GENIE,genie/puppy/invoice_lines.csv,IL-INV-COPPER-1048-G-02,,,Freight and handling,"{""description"":""Freight and handling"",""invoice_id"":""INV-COPPER-1048-G"",""invoice_line_id"":""IL-INV-COPPER-1048-G-02"",""line_amount"":""121800.00"",""line_number"":""2"",""purchase_order_id"":""PO-26005"",""quantity"":""8"",""unit_price"":""15225.00""}",genie/puppy/invoice_lines.csv#IL-INV-COPPER-1048-G-02,2026.07.19.2
CEO_BARKED_TWICE,PUPPY,IL-INV-COPPER-1048-G-03,INVOICE_LINE,,Calibration/service,GENIE,genie/puppy/invoice_lines.csv,IL-INV-COPPER-1048-G-03,,,Calibration/service,"{""description"":""Calibration/service"",""invoice_id"":""INV-COPPER-1048-G"",""invoice_line_id"":""IL-INV-COPPER-1048-G-03"",""line_amount"":""88200.00"",""line_number"":""3"",""purchase_order_id"":""PO-26005"",""quantity"":""4"",""unit_price"":""22050.00""}",genie/puppy/invoice_lines.csv#IL-INV-COPPER-1048-G-03,2026.07.19.2
CEO_BARKED_TWICE,PUPPY,IL-INV-COPPER-1048-G-04,INVOICE_LINE,,Tax and administration,GENIE,genie/puppy/invoice_lines.csv,IL-INV-COPPER-1048-G-04,,,Tax and administration,"{""description"":""Tax and administration"",""invoice_id"":""INV-COPPER-1048-G"",""invoice_line_id"":""IL-INV-COPPER-1048-G-04"",""line_amount"":""54600.00"",""line_number"":""4"",""purchase_order_id"":""PO-26005"",""quantity"":""1"",""unit_price"":""54600.00""}",genie/puppy/invoice_lines.csv#IL-INV-COPPER-1048-G-04,2026.07.19.2
CEO_BARKED_TWICE,PUPPY,IL-INV-COPPER-1048-F-01,INVOICE_LINE,,Primary goods,GENIE,genie/puppy/invoice_lines.csv,IL-INV-COPPER-1048-F-01,,,Primary goods,"{""description"":""Primary goods"",""invoice_id"":""INV-COPPER-1048-F"",""invoice_line_id"":""IL-INV-COPPER-1048-F-01"",""line_amount"":""155400.00"",""line_number"":""1"",""purchase_order_id"":""PO-26005"",""quantity"":""12"",""unit_price"":""12950.00""}",genie/puppy/invoice_lines.csv#IL-INV-COPPER-1048-F-01,2026.07.19.2
CEO_BARKED_TWICE,PUPPY,IL-INV-COPPER-1048-F-02,INVOICE_LINE,,Freight and handling,GENIE,genie/puppy/invoice_lines.csv,IL-INV-COPPER-1048-F-02,,,Freight and handling,"{""description"":""Freight and handling"",""invoice_id"":""INV-COPPER-1048-F"",""invoice_line_id"":""IL-INV-COPPER-1048-F-02"",""line_amount"":""121800.00"",""line_number"":""2"",""purchase_order_id"":""PO-26005"",""quantity"":""8"",""unit_price"":""15225.00""}",genie/puppy/invoice_lines.csv#IL-INV-COPPER-1048-F-02,2026.07.19.2
CEO_BARKED_TWICE,PUPPY,IL-INV-COPPER-1048-F-03,INVOICE_LINE,,Calibration/service,GENIE,genie/puppy/invoice_lines.csv,IL-INV-COPPER-1048-F-03,,,Calibration/service,"{""description"":""Calibration/service"",""invoice_id"":""INV-COPPER-1048-F"",""invoice_line_id"":""IL-INV-COPPER-1048-F-03"",""line_amount"":""88200.00"",""line_number"":""3"",""purchase_order_id"":""PO-26005"",""quantity"":""4"",""unit_price"":""22050.00""}",genie/puppy/invoice_lines.csv#IL-INV-COPPER-1048-F-03,2026.07.19.2
CEO_BARKED_TWICE,PUPPY,IL-INV-COPPER-1048-F-04,INVOICE_LINE,,Tax and administration,GENIE,genie/puppy/invoice_lines.csv,IL-INV-COPPER-1048-F-04,,,Tax and administration,"{""description"":""Tax and administration"",""invoice_id"":""INV-COPPER-1048-F"",""invoice_line_id"":""IL-INV-COPPER-1048-F-04"",""line_amount"":""54600.00"",""line_number"":""4"",""purchase_order_id"":""PO-26005"",""quantity"":""1"",""unit_price"":""54600.00""}",genie/puppy/invoice_lines.csv#IL-INV-COPPER-1048-F-04,2026.07.19.2
CEO_BARKED_TWICE,PUPPY,IL-INV-COPPER-1059-G-01,INVOICE_LINE,,Primary goods,GENIE,genie/puppy/invoice_lines.csv,IL-INV-COPPER-1059-G-01,,,Primary goods,"{""description"":""Primary goods"",""invoice_id"":""INV-COPPER-1059-G"",""invoice_line_id"":""IL-INV-COPPER-1059-G-01"",""line_amount"":""251600.00"",""line_number"":""1"",""purchase_order_id"":""PO-26013"",""quantity"":""12"",""unit_price"":""20966.67""}",genie/puppy/invoice_lines.csv#IL-INV-COPPER-1059-G-01,2026.07.19.2
CEO_BARKED_TWICE,PUPPY,IL-INV-COPPER-1059-G-02,INVOICE_LINE,,Freight and handling,GENIE,genie/puppy/invoice_lines.csv,IL-INV-COPPER-1059-G-02,,,Freight and handling,"{""description"":""Freight and handling"",""invoice_id"":""INV-COPPER-1059-G"",""invoice_line_id"":""IL-INV-COPPER-1059-G-02"",""line_amount"":""197200.00"",""line_number"":""2"",""purchase_order_id"":""PO-26013"",""quantity"":""8"",""unit_price"":""24650.00""}",genie/puppy/invoice_lines.csv#IL-INV-COPPER-1059-G-02,2026.07.19.2
CEO_BARKED_TWICE,PUPPY,IL-INV-COPPER-1059-G-03,INVOICE_LINE,,Calibration/service,GENIE,genie/puppy/invoice_lines.csv,IL-INV-COPPER-1059-G-03,,,Calibration/service,"{""description"":""Calibration/service"",""invoice_id"":""INV-COPPER-1059-G"",""invoice_line_id"":""IL-INV-COPPER-1059-G-03"",""line_amount"":""142800.00"",""line_number"":""3"",""purchase_order_id"":""PO-26013"",""quantity"":""4"",""unit_price"":""35700.00""}",genie/puppy/invoice_lines.csv#IL-INV-COPPER-1059-G-03,2026.07.19.2
CEO_BARKED_TWICE,PUPPY,IL-INV-COPPER-1059-G-04,INVOICE_LINE,,Tax and administration,GENIE,genie/puppy/invoice_lines.csv,IL-INV-COPPER-1059-G-04,,,Tax and administration,"{""description"":""Tax and administration"",""invoice_id"":""INV-COPPER-1059-G"",""invoice_line_id"":""IL-INV-COPPER-1059-G-04"",""line_amount"":""88400.00"",""line_number"":""4"",""purchase_order_id"":""PO-26013"",""quantity"":""1"",""unit_price"":""88400.00""}",genie/puppy/invoice_lines.csv#IL-INV-COPPER-1059-G-04,2026.07.19.2
CEO_BARKED_TWICE,PUPPY,IL-INV-COPPER-1059-F-01,INVOICE_LINE,,Primary goods,GENIE,genie/puppy/invoice_lines.csv,IL-INV-COPPER-1059-F-01,,,Primary goods,"{""description"":""Primary goods"",""invoice_id"":""INV-COPPER-1059-F"",""invoice_line_id"":""IL-INV-COPPER-1059-F-01"",""line_amount"":""251600.00"",""line_number"":""1"",""purchase_order_id"":""PO-26013"",""quantity"":""12"",""unit_price"":""20966.67""}",genie/puppy/invoice_lines.csv#IL-INV-COPPER-1059-F-01,2026.07.19.2
CEO_BARKED_TWICE,PUPPY,IL-INV-COPPER-1059-F-02,INVOICE_LINE,,Freight and handling,GENIE,genie/puppy/invoice_lines.csv,IL-INV-COPPER-1059-F-02,,,Freight and handling,"{""description"":""Freight and handling"",""invoice_id"":""INV-COPPER-1059-F"",""invoice_line_id"":""IL-INV-COPPER-1059-F-02"",""line_amount"":""197200.00"",""line_number"":""2"",""purchase_order_id"":""PO-26013"",""quantity"":""8"",""unit_price"":""24650.00""}",genie/puppy/invoice_lines.csv#IL-INV-COPPER-1059-F-02,2026.07.19.2
CEO_BARKED_TWICE,PUPPY,IL-INV-COPPER-1059-F-03,INVOICE_LINE,,Calibration/service,GENIE,genie/puppy/invoice_lines.csv,IL-INV-COPPER-1059-F-03,,,Calibration/service,"{""description"":""Calibration/service"",""invoice_id"":""INV-COPPER-1059-F"",""invoice_line_id"":""IL-INV-COPPER-1059-F-03"",""line_amount"":""142800.00"",""line_number"":""3"",""purchase_order_id"":""PO-26013"",""quantity"":""4"",""unit_price"":""35700.00""}",genie/puppy/invoice_lines.csv#IL-INV-COPPER-1059-F-03,2026.07.19.2
CEO_BARKED_TWICE,PUPPY,IL-INV-COPPER-1059-F-04,INVOICE_LINE,,Tax and administration,GENIE,genie/puppy/invoice_lines.csv,IL-INV-COPPER-1059-F-04,,,Tax and administration,"{""description"":""Tax and administration"",""invoice_id"":""INV-COPPER-1059-F"",""invoice_line_id"":""IL-INV-COPPER-1059-F-04"",""line_amount"":""88400.00"",""line_number"":""4"",""purchase_order_id"":""PO-26013"",""quantity"":""1"",""unit_price"":""88400.00""}",genie/puppy/invoice_lines.csv#IL-INV-COPPER-1059-F-04,2026.07.19.2
CEO_BARKED_TWICE,PUPPY,IL-INV-COPPER-1062-G-01,INVOICE_LINE,,Primary goods,GENIE,genie/puppy/invoice_lines.csv,IL-INV-COPPER-1062-G-01,,,Primary goods,"{""description"":""Primary goods"",""invoice_id"":""INV-COPPER-1062-G"",""invoice_line_id"":""IL-INV-COPPER-1062-G-01"",""line_amount"":""57350.00"",""line_number"":""1"",""purchase_order_id"":""PO-26021"",""quantity"":""12"",""unit_price"":""4779.17""}",genie/puppy/invoice_lines.csv#IL-INV-COPPER-1062-G-01,2026.07.19.2
CEO_BARKED_TWICE,PUPPY,IL-INV-COPPER-1062-G-02,INVOICE_LINE,,Freight and handling,GENIE,genie/puppy/invoice_lines.csv,IL-INV-COPPER-1062-G-02,,,Freight and handling,"{""description"":""Freight and handling"",""invoice_id"":""INV-COPPER-1062-G"",""invoice_line_id"":""IL-INV-COPPER-1062-G-02"",""line_amount"":""44950.00"",""line_number"":""2"",""purchase_order_id"":""PO-26021"",""quantity"":""8"",""unit_price"":""5618.75""}",genie/puppy/invoice_lines.csv#IL-INV-COPPER-1062-G-02,2026.07.19.2
CEO_BARKED_TWICE,PUPPY,IL-INV-COPPER-1062-G-03,INVOICE_LINE,,Calibration/service,GENIE,genie/puppy/invoice_lines.csv,IL-INV-COPPER-1062-G-03,,,Calibration/service,"{""description"":""Calibration/service"",""invoice_id"":""INV-COPPER-1062-G"",""invoice_line_id"":""IL-INV-COPPER-1062-G-03"",""line_amount"":""32550.00"",""line_number"":""3"",""purchase_order_id"":""PO-26021"",""quantity"":""4"",""unit_price"":""8137.50""}",genie/puppy/invoice_lines.csv#IL-INV-COPPER-1062-G-03,2026.07.19.2
CEO_BARKED_TWICE,PUPPY,IL-INV-COPPER-1062-G-04,INVOICE_LINE,,Tax and administration,GENIE,genie/puppy/invoice_lines.csv,IL-INV-COPPER-1062-G-04,,,Tax and administration,"{""description"":""Tax and administration"",""invoice_id"":""INV-COPPER-1062-G"",""invoice_line_id"":""IL-INV-COPPER-1062-G-04"",""line_amount"":""20150.00"",""line_number"":""4"",""purchase_order_id"":""PO-26021"",""quantity"":""1"",""unit_price"":""20150.00""}",genie/puppy/invoice_lines.csv#IL-INV-COPPER-1062-G-04,2026.07.19.2
CEO_BARKED_TWICE,PUPPY,IL-INV-COPPER-1062-F-01,INVOICE_LINE,,Primary goods,GENIE,genie/puppy/invoice_lines.csv,IL-INV-COPPER-1062-F-01,,,Primary goods,"{""description"":""Primary goods"",""invoice_id"":""INV-COPPER-1062-F"",""invoice_line_id"":""IL-INV-COPPER-1062-F-01"",""line_amount"":""57350.00"",""line_number"":""1"",""purchase_order_id"":""PO-26021"",""quantity"":""12"",""unit_price"":""4779.17""}",genie/puppy/invoice_lines.csv#IL-INV-COPPER-1062-F-01,2026.07.19.2
CEO_BARKED_TWICE,PUPPY,IL-INV-COPPER-1062-F-02,INVOICE_LINE,,Freight and handling,GENIE,genie/puppy/invoice_lines.csv,IL-INV-COPPER-1062-F-02,,,Freight and handling,"{""description"":""Freight and handling"",""invoice_id"":""INV-COPPER-1062-F"",""invoice_line_id"":""IL-INV-COPPER-1062-F-02"",""line_amount"":""44950.00"",""line_number"":""2"",""purchase_order_id"":""PO-26021"",""quantity"":""8"",""unit_price"":""5618.75""}",genie/puppy/invoice_lines.csv#IL-INV-COPPER-1062-F-02,2026.07.19.2
CEO_BARKED_TWICE,PUPPY,IL-INV-COPPER-1062-F-03,INVOICE_LINE,,Calibration/service,GENIE,genie/puppy/invoice_lines.csv,IL-INV-COPPER-1062-F-03,,,Calibration/service,"{""description"":""Calibration/service"",""invoice_id"":""INV-COPPER-1062-F"",""invoice_line_id"":""IL-INV-COPPER-1062-F-03"",""line_amount"":""32550.00"",""line_number"":""3"",""purchase_order_id"":""PO-26021"",""quantity"":""4"",""unit_price"":""8137.50""}",genie/puppy/invoice_lines.csv#IL-INV-COPPER-1062-F-03,2026.07.19.2
CEO_BARKED_TWICE,PUPPY,IL-INV-COPPER-1062-F-04,INVOICE_LINE,,Tax and administration,GENIE,genie/puppy/invoice_lines.csv,IL-INV-COPPER-1062-F-04,,,Tax and administration,"{""description"":""Tax and administration"",""invoice_id"":""INV-COPPER-1062-F"",""invoice_line_id"":""IL-INV-COPPER-1062-F-04"",""line_amount"":""20150.00"",""line_number"":""4"",""purchase_order_id"":""PO-26021"",""quantity"":""1"",""unit_price"":""20150.00""}",genie/puppy/invoice_lines.csv#IL-INV-COPPER-1062-F-04,2026.07.19.2
CEO_BARKED_TWICE,PUPPY,IL-INV-0001-01,INVOICE_LINE,,Primary goods,GENIE,genie/puppy/invoice_lines.csv,IL-INV-0001-01,,,Primary goods,"{""description"":""Primary goods"",""invoice_id"":""INV-0001"",""invoice_line_id"":""IL-INV-0001-01"",""line_amount"":""25789.00"",""line_number"":""1"",""purchase_order_id"":""PO-26001"",""quantity"":""12"",""unit_price"":""2149.08""}",genie/puppy/invoice_lines.csv#IL-INV-0001-01,2026.07.19.2
CEO_BARKED_TWICE,PUPPY,IL-INV-0001-02,INVOICE_LINE,,Freight and handling,GENIE,genie/puppy/invoice_lines.csv,IL-INV-0001-02,,,Freight and handling,"{""description"":""Freight and handling"",""invoice_id"":""INV-0001"",""invoice_line_id"":""IL-INV-0001-02"",""line_amount"":""20213.00"",""line_number"":""2"",""purchase_order_id"":""PO-26001"",""quantity"":""8"",""unit_price"":""2526.62""}",genie/puppy/invoice_lines.csv#IL-INV-0001-02,2026.07.19.2
CEO_BARKED_TWICE,PUPPY,IL-INV-0001-03,INVOICE_LINE,,Calibration/service,GENIE,genie/puppy/invoice_lines.csv,IL-INV-0001-03,,,Calibration/service,"{""description"":""Calibration/service"",""invoice_id"":""INV-0001"",""invoice_line_id"":""IL-INV-0001-03"",""line_amount"":""14637.00"",""line_number"":""3"",""purchase_order_id"":""PO-26001"",""quantity"":""4"",""unit_price"":""3659.25""}",genie/puppy/invoice_lines.csv#IL-INV-0001-03,2026.07.19.2
CEO_BARKED_TWICE,PUPPY,IL-INV-0001-04,INVOICE_LINE,,Tax and administration,GENIE,genie/puppy/invoice_lines.csv,IL-INV-0001-04,,,Tax and administration,"{""description"":""Tax and administration"",""invoice_id"":""INV-0001"",""invoice_line_id"":""IL-INV-0001-04"",""line_amount"":""9061.00"",""line_number"":""4"",""purchase_order_id"":""PO-26001"",""quantity"":""1"",""unit_price"":""9061.00""}",genie/puppy/invoice_lines.csv#IL-INV-0001-04,2026.07.19.2
CEO_BARKED_TWICE,PUPPY,IL-INV-0002-01,INVOICE_LINE,,Primary goods,GENIE,genie/puppy/invoice_lines.csv,IL-INV-0002-01,,,Primary goods,"{""description"":""Primary goods"",""invoice_id"":""INV-0002"",""invoice_line_id"":""IL-INV-0002-01"",""line_amount"":""32456.40"",""line_number"":""1"",""purchase_order_id"":""PO-26002"",""quantity"":""12"",""unit_price"":""2704.70""}",genie/puppy/invoice_lines.csv#IL-INV-0002-01,2026.07.19.2
CEO_BARKED_TWICE,PUPPY,IL-INV-0002-02,INVOICE_LINE,,Freight and handling,GENIE,genie/puppy/invoice_lines.csv,IL-INV-0002-02,,,Freight and handling,"{""description"":""Freight and handling"",""invoice_id"":""INV-0002"",""invoice_line_id"":""IL-INV-0002-02"",""line_amount"":""25438.80"",""line_number"":""2"",""purchase_order_id"":""PO-26002"",""quantity"":""8"",""unit_price"":""3179.85""}",genie/puppy/invoice_lines.csv#IL-INV-0002-02,2026.07.19.2
CEO_BARKED_TWICE,PUPPY,IL-INV-0002-03,INVOICE_LINE,,Calibration/service,GENIE,genie/puppy/invoice_lines.csv,IL-INV-0002-03,,,Calibration/service,"{""description"":""Calibration/service"",""invoice_id"":""INV-0002"",""invoice_line_id"":""IL-INV-0002-03"",""line_amount"":""18421.20"",""line_number"":""3"",""purchase_order_id"":""PO-26002"",""quantity"":""4"",""unit_price"":""4605.30""}",genie/puppy/invoice_lines.csv#IL-INV-0002-03,2026.07.19.2
CEO_BARKED_TWICE,PUPPY,IL-INV-0002-04,INVOICE_LINE,,Tax and administration,GENIE,genie/puppy/invoice_lines.csv,IL-INV-0002-04,,,Tax and administration,"{""description"":""Tax and administration"",""invoice_id"":""INV-0002"",""invoice_line_id"":""IL-INV-0002-04"",""line_amount"":""11403.60"",""line_number"":""4"",""purchase_order_id"":""PO-26002"",""quantity"":""1"",""unit_price"":""11403.60""}",genie/puppy/invoice_lines.csv#IL-INV-0002-04,2026.07.19.2
CEO_BARKED_TWICE,PUPPY,IL-INV-0003-01,INVOICE_LINE,,Primary goods,GENIE,genie/puppy/invoice_lines.csv,IL-INV-0003-01,,,Primary goods,"{""description"":""Primary goods"",""invoice_id"":""INV-0003"",""invoice_line_id"":""IL-INV-0003-01"",""line_amount"":""39627.00"",""line_number"":""1"",""purchase_order_id"":""PO-26003"",""quantity"":""12"",""unit_price"":""3302.25""}",genie/puppy/invoice_lines.csv#IL-INV-0003-01,2026.07.19.2
CEO_BARKED_TWICE,PUPPY,IL-INV-0003-02,INVOICE_LINE,,Freight and handling,GENIE,genie/puppy/invoice_lines.csv,IL-INV-0003-02,,,Freight and handling,"{""description"":""Freight and handling"",""invoice_id"":""INV-0003"",""invoice_line_id"":""IL-INV-0003-02"",""line_amount"":""31059.00"",""line_number"":""2"",""purchase_order_id"":""PO-26003"",""quantity"":""8"",""unit_price"":""3882.37""}",genie/puppy/invoice_lines.csv#IL-INV-0003-02,2026.07.19.2
CEO_BARKED_TWICE,PUPPY,IL-INV-0003-03,INVOICE_LINE,,Calibration/service,GENIE,genie/puppy/invoice_lines.csv,IL-INV-0003-03,,,Calibration/service,"{""description"":""Calibration/service"",""invoice_id"":""INV-0003"",""invoice_line_id"":""IL-INV-0003-03"",""line_amount"":""22491.00"",""line_number"":""3"",""purchase_order_id"":""PO-26003"",""quantity"":""4"",""unit_price"":""5622.75""}",genie/puppy/invoice_lines.csv#IL-INV-0003-03,2026.07.19.2
CEO_BARKED_TWICE,PUPPY,IL-INV-0003-04,INVOICE_LINE,,Tax and administration,GENIE,genie/puppy/invoice_lines.csv,IL-INV-0003-04,,,Tax and administration,"{""description"":""Tax and administration"",""invoice_id"":""INV-0003"",""invoice_line_id"":""IL-INV-0003-04"",""line_amount"":""13923.00"",""line_number"":""4"",""purchase_order_id"":""PO-26003"",""quantity"":""1"",""unit_price"":""13923.00""}",genie/puppy/invoice_lines.csv#IL-INV-0003-04,2026.07.19.2
CEO_BARKED_TWICE,PUPPY,IL-INV-0004-01,INVOICE_LINE,,Primary goods,GENIE,genie/puppy/invoice_lines.csv,IL-INV-0004-01,,,Primary goods,"{""description"":""Primary goods"",""invoice_id"":""INV-0004"",""invoice_line_id"":""IL-INV-0004-01"",""line_amount"":""47300.80"",""line_number"":""1"",""purchase_order_id"":""PO-26004"",""quantity"":""12"",""unit_price"":""3941.73""}",genie/puppy/invoice_lines.csv#IL-INV-0004-01,2026.07.19.2
CEO_BARKED_TWICE,PUPPY,IL-INV-0004-02,INVOICE_LINE,,Freight and handling,GENIE,genie/puppy/invoice_lines.csv,IL-INV-0004-02,,,Freight and handling,"{""description"":""Freight and handling"",""invoice_id"":""INV-0004"",""invoice_line_id"":""IL-INV-0004-02"",""line_amount"":""37073.60"",""line_number"":""2"",""purchase_order_id"":""PO-26004"",""quantity"":""8"",""unit_price"":""4634.20""}",genie/puppy/invoice_lines.csv#IL-INV-0004-02,2026.07.19.2
CEO_BARKED_TWICE,PUPPY,IL-INV-0004-03,INVOICE_LINE,,Calibration/service,GENIE,genie/puppy/invoice_lines.csv,IL-INV-0004-03,,,Calibration/service,"{""description"":""Calibration/service"",""invoice_id"":""INV-0004"",""invoice_line_id"":""IL-INV-0004-03"",""line_amount"":""26846.40"",""line_number"":""3"",""purchase_order_id"":""PO-26004"",""quantity"":""4"",""unit_price"":""6711.60""}",genie/puppy/invoice_lines.csv#IL-INV-0004-03,2026.07.19.2
CEO_BARKED_TWICE,PUPPY,IL-INV-0004-04,INVOICE_LINE,,Tax and administration,GENIE,genie/puppy/invoice_lines.csv,IL-INV-0004-04,,,Tax and administration,"{""description"":""Tax and administration"",""invoice_id"":""INV-0004"",""invoice_line_id"":""IL-INV-0004-04"",""line_amount"":""16619.20"",""line_number"":""4"",""purchase_order_id"":""PO-26004"",""quantity"":""1"",""unit_price"":""16619.20""}",genie/puppy/invoice_lines.csv#IL-INV-0004-04,2026.07.19.2
CEO_BARKED_TWICE,PUPPY,IL-INV-0005-01,INVOICE_LINE,,Primary goods,GENIE,genie/puppy/invoice_lines.csv,IL-INV-0005-01,,,Primary goods,"{""description"":""Primary goods"",""invoice_id"":""INV-0005"",""invoice_line_id"":""IL-INV-0005-01"",""line_amount"":""55477.80"",""line_number"":""1"",""purchase_order_id"":""PO-26005"",""quantity"":""12"",""unit_price"":""4623.15""}",genie/puppy/invoice_lines.csv#IL-INV-0005-01,2026.07.19.2
CEO_BARKED_TWICE,PUPPY,IL-INV-0005-02,INVOICE_LINE,,Freight and handling,GENIE,genie/puppy/invoice_lines.csv,IL-INV-0005-02,,,Freight and handling,"{""description"":""Freight and handling"",""invoice_id"":""INV-0005"",""invoice_line_id"":""IL-INV-0005-02"",""line_amount"":""43482.60"",""line_number"":""2"",""purchase_order_id"":""PO-26005"",""quantity"":""8"",""unit_price"":""5435.32""}",genie/puppy/invoice_lines.csv#IL-INV-0005-02,2026.07.19.2
CEO_BARKED_TWICE,PUPPY,IL-INV-0005-03,INVOICE_LINE,,Calibration/service,GENIE,genie/puppy/invoice_lines.csv,IL-INV-0005-03,,,Calibration/service,"{""description"":""Calibration/service"",""invoice_id"":""INV-0005"",""invoice_line_id"":""IL-INV-0005-03"",""line_amount"":""31487.40"",""line_number"":""3"",""purchase_order_id"":""PO-26005"",""quantity"":""4"",""unit_price"":""7871.85""}",genie/puppy/invoice_lines.csv#IL-INV-0005-03,2026.07.19.2
CEO_BARKED_TWICE,PUPPY,IL-INV-0005-04,INVOICE_LINE,,Tax and administration,GENIE,genie/puppy/invoice_lines.csv,IL-INV-0005-04,,,Tax and administration,"{""description"":""Tax and administration"",""invoice_id"":""INV-0005"",""invoice_line_id"":""IL-INV-0005-04"",""line_amount"":""19492.20"",""line_number"":""4"",""purchase_order_id"":""PO-26005"",""quantity"":""1"",""unit_price"":""19492.20""}",genie/puppy/invoice_lines.csv#IL-INV-0005-04,2026.07.19.2
CEO_BARKED_TWICE,PUPPY,IL-INV-0006-01,INVOICE_LINE,,Primary goods,GENIE,genie/puppy/invoice_lines.csv,IL-INV-0006-01,,,Primary goods,"{""description"":""Primary goods"",""invoice_id"":""INV-0006"",""invoice_line_id"":""IL-INV-0006-01"",""line_amount"":""51578.00"",""line_number"":""1"",""purchase_order_id"":""PO-26006"",""quantity"":""12"",""unit_price"":""4298.17""}",genie/puppy/invoice_lines.csv#IL-INV-0006-01,2026.07.19.2
CEO_BARKED_TWICE,PUPPY,IL-INV-0006-02,INVOICE_LINE,,Freight and handling,GENIE,genie/puppy/invoice_lines.csv,IL-INV-0006-02,,,Freight and handling,"{""description"":""Freight and handling"",""invoice_id"":""INV-0006"",""invoice_line_id"":""IL-INV-0006-02"",""line_amount"":""40426.00"",""line_number"":""2"",""purchase_order_id"":""PO-26006"",""quantity"":""8"",""unit_price"":""5053.25""}",genie/puppy/invoice_lines.csv#IL-INV-0006-02,2026.07.19.2
CEO_BARKED_TWICE,PUPPY,IL-INV-0006-03,INVOICE_LINE,,Calibration/service,GENIE,genie/puppy/invoice_lines.csv,IL-INV-0006-03,,,Calibration/service,"{""description"":""Calibration/service"",""invoice_id"":""INV-0006"",""invoice_line_id"":""IL-INV-0006-03"",""line_amount"":""29274.00"",""line_number"":""3"",""purchase_order_id"":""PO-26006"",""quantity"":""4"",""unit_price"":""7318.50""}",genie/puppy/invoice_lines.csv#IL-INV-0006-03,2026.07.19.2
CEO_BARKED_TWICE,PUPPY,IL-INV-0006-04,INVOICE_LINE,,Tax and administration,GENIE,genie/puppy/invoice_lines.csv,IL-INV-0006-04,,,Tax and administration,"{""description"":""Tax and administration"",""invoice_id"":""INV-0006"",""invoice_line_id"":""IL-INV-0006-04"",""line_amount"":""18122.00"",""line_number"":""4"",""purchase_order_id"":""PO-26006"",""quantity"":""1"",""unit_price"":""18122.00""}",genie/puppy/invoice_lines.csv#IL-INV-0006-04,2026.07.19.2
CEO_BARKED_TWICE,PUPPY,IL-INV-0007-01,INVOICE_LINE,,Primary goods,GENIE,genie/puppy/invoice_lines.csv,IL-INV-0007-01,,,Primary goods,"{""description"":""Primary goods"",""invoice_id"":""INV-0007"",""invoice_line_id"":""IL-INV-0007-01"",""line_amount"":""59503.40"",""line_number"":""1"",""purchase_order_id"":""PO-26007"",""quantity"":""12"",""unit_price"":""4958.62""}",genie/puppy/invoice_lines.csv#IL-INV-0007-01,2026.07.19.2
CEO_BARKED_TWICE,PUPPY,IL-INV-0007-02,INVOICE_LINE,,Freight and handling,GENIE,genie/puppy/invoice_lines.csv,IL-INV-0007-02,,,Freight and handling,"{""description"":""Freight and handling"",""invoice_id"":""INV-0007"",""invoice_line_id"":""IL-INV-0007-02"",""line_amount"":""46637.80"",""line_number"":""2"",""purchase_order_id"":""PO-26007"",""quantity"":""8"",""unit_price"":""5829.72""}",genie/puppy/invoice_lines.csv#IL-INV-0007-02,2026.07.19.2
CEO_BARKED_TWICE,PUPPY,IL-INV-0007-03,INVOICE_LINE,,Calibration/service,GENIE,genie/puppy/invoice_lines.csv,IL-INV-0007-03,,,Calibration/service,"{""description"":""Calibration/service"",""invoice_id"":""INV-0007"",""invoice_line_id"":""IL-INV-0007-03"",""line_amount"":""33772.20"",""line_number"":""3"",""purchase_order_id"":""PO-26007"",""quantity"":""4"",""unit_price"":""8443.05""}",genie/puppy/invoice_lines.csv#IL-INV-0007-03,2026.07.19.2
CEO_BARKED_TWICE,PUPPY,IL-INV-0007-04,INVOICE_LINE,,Tax and administration,GENIE,genie/puppy/invoice_lines.csv,IL-INV-0007-04,,,Tax and administration,"{""description"":""Tax and administration"",""invoice_id"":""INV-0007"",""invoice_line_id"":""IL-INV-0007-04"",""line_amount"":""20906.60"",""line_number"":""4"",""purchase_order_id"":""PO-26007"",""quantity"":""1"",""unit_price"":""20906.60""}",genie/puppy/invoice_lines.csv#IL-INV-0007-04,2026.07.19.2
CEO_BARKED_TWICE,PUPPY,IL-INV-0008-01,INVOICE_LINE,,Primary goods,GENIE,genie/puppy/invoice_lines.csv,IL-INV-0008-01,,,Primary goods,"{""description"":""Primary goods"",""invoice_id"":""INV-0008"",""invoice_line_id"":""IL-INV-0008-01"",""line_amount"":""67932.00"",""line_number"":""1"",""purchase_order_id"":""PO-26008"",""quantity"":""12"",""unit_price"":""5661.00""}",genie/puppy/invoice_lines.csv#IL-INV-0008-01,2026.07.19.2
CEO_BARKED_TWICE,PUPPY,IL-INV-0008-02,INVOICE_LINE,,Freight and handling,GENIE,genie/puppy/invoice_lines.csv,IL-INV-0008-02,,,Freight and handling,"{""description"":""Freight and handling"",""invoice_id"":""INV-0008"",""invoice_line_id"":""IL-INV-0008-02"",""line_amount"":""53244.00"",""line_number"":""2"",""purchase_order_id"":""PO-26008"",""quantity"":""8"",""unit_price"":""6655.50""}",genie/puppy/invoice_lines.csv#IL-INV-0008-02,2026.07.19.2
CEO_BARKED_TWICE,PUPPY,IL-INV-0008-03,INVOICE_LINE,,Calibration/service,GENIE,genie/puppy/invoice_lines.csv,IL-INV-0008-03,,,Calibration/service,"{""description"":""Calibration/service"",""invoice_id"":""INV-0008"",""invoice_line_id"":""IL-INV-0008-03"",""line_amount"":""38556.00"",""line_number"":""3"",""purchase_order_id"":""PO-26008"",""quantity"":""4"",""unit_price"":""9639.00""}",genie/puppy/invoice_lines.csv#IL-INV-0008-03,2026.07.19.2
CEO_BARKED_TWICE,PUPPY,IL-INV-0008-04,INVOICE_LINE,,Tax and administration,GENIE,genie/puppy/invoice_lines.csv,IL-INV-0008-04,,,Tax and administration,"{""description"":""Tax and administration"",""invoice_id"":""INV-0008"",""invoice_line_id"":""IL-INV-0008-04"",""line_amount"":""23868.00"",""line_number"":""4"",""purchase_order_id"":""PO-26008"",""quantity"":""1"",""unit_price"":""23868.00""}",genie/puppy/invoice_lines.csv#IL-INV-0008-04,2026.07.19.2
CEO_BARKED_TWICE,PUPPY,IL-INV-0009-01,INVOICE_LINE,,Primary goods,GENIE,genie/puppy/invoice_lines.csv,IL-INV-0009-01,,,Primary goods,"{""description"":""Primary goods"",""invoice_id"":""INV-0009"",""invoice_line_id"":""IL-INV-0009-01"",""line_amount"":""76863.80"",""line_number"":""1"",""purchase_order_id"":""PO-26009"",""quantity"":""12"",""unit_price"":""6405.32""}",genie/puppy/invoice_lines.csv#IL-INV-0009-01,2026.07.19.2
CEO_BARKED_TWICE,PUPPY,IL-INV-0009-02,INVOICE_LINE,,Freight and handling,GENIE,genie/puppy/invoice_lines.csv,IL-INV-0009-02,,,Freight and handling,"{""description"":""Freight and handling"",""invoice_id"":""INV-0009"",""invoice_line_id"":""IL-INV-0009-02"",""line_amount"":""60244.60"",""line_number"":""2"",""purchase_order_id"":""PO-26009"",""quantity"":""8"",""unit_price"":""7530.57""}",genie/puppy/invoice_lines.csv#IL-INV-0009-02,2026.07.19.2
CEO_BARKED_TWICE,PUPPY,IL-INV-0009-03,INVOICE_LINE,,Calibration/service,GENIE,genie/puppy/invoice_lines.csv,IL-INV-0009-03,,,Calibration/service,"{""description"":""Calibration/service"",""invoice_id"":""INV-0009"",""invoice_line_id"":""IL-INV-0009-03"",""line_amount"":""43625.40"",""line_number"":""3"",""purchase_order_id"":""PO-26009"",""quantity"":""4"",""unit_price"":""10906.35""}",genie/puppy/invoice_lines.csv#IL-INV-0009-03,2026.07.19.2
CEO_BARKED_TWICE,PUPPY,IL-INV-0009-04,INVOICE_LINE,,Tax and administration,GENIE,genie/puppy/invoice_lines.csv,IL-INV-0009-04,,,Tax and administration,"{""description"":""Tax and administration"",""invoice_id"":""INV-0009"",""invoice_line_id"":""IL-INV-0009-04"",""line_amount"":""27006.20"",""line_number"":""4"",""purchase_order_id"":""PO-26009"",""quantity"":""1"",""unit_price"":""27006.20""}",genie/puppy/invoice_lines.csv#IL-INV-0009-04,2026.07.19.2
CEO_BARKED_TWICE,PUPPY,IL-INV-0010-01,INVOICE_LINE,,Primary goods,GENIE,genie/puppy/invoice_lines.csv,IL-INV-0010-01,,,Primary goods,"{""description"":""Primary goods"",""invoice_id"":""INV-0010"",""invoice_line_id"":""IL-INV-0010-01"",""line_amount"":""30821.00"",""line_number"":""1"",""purchase_order_id"":""PO-26010"",""quantity"":""12"",""unit_price"":""2568.42""}",genie/puppy/invoice_lines.csv#IL-INV-0010-01,2026.07.19.2
CEO_BARKED_TWICE,PUPPY,IL-INV-0010-02,INVOICE_LINE,,Freight and handling,GENIE,genie/puppy/invoice_lines.csv,IL-INV-0010-02,,,Freight and handling,"{""description"":""Freight and handling"",""invoice_id"":""INV-0010"",""invoice_line_id"":""IL-INV-0010-02"",""line_amount"":""24157.00"",""line_number"":""2"",""purchase_order_id"":""PO-26010"",""quantity"":""8"",""unit_price"":""3019.62""}",genie/puppy/invoice_lines.csv#IL-INV-0010-02,2026.07.19.2
CEO_BARKED_TWICE,PUPPY,IL-INV-0010-03,INVOICE_LINE,,Calibration/service,GENIE,genie/puppy/invoice_lines.csv,IL-INV-0010-03,,,Calibration/service,"{""description"":""Calibration/service"",""invoice_id"":""INV-0010"",""invoice_line_id"":""IL-INV-0010-03"",""line_amount"":""17493.00"",""line_number"":""3"",""purchase_order_id"":""PO-26010"",""quantity"":""4"",""unit_price"":""4373.25""}",genie/puppy/invoice_lines.csv#IL-INV-0010-03,2026.07.19.2
CEO_BARKED_TWICE,PUPPY,IL-INV-0010-04,INVOICE_LINE,,Tax and administration,GENIE,genie/puppy/invoice_lines.csv,IL-INV-0010-04,,,Tax and administration,"{""description"":""Tax and administration"",""invoice_id"":""INV-0010"",""invoice_line_id"":""IL-INV-0010-04"",""line_amount"":""10829.00"",""line_number"":""4"",""purchase_order_id"":""PO-26010"",""quantity"":""1"",""unit_price"":""10829.00""}",genie/puppy/invoice_lines.csv#IL-INV-0010-04,2026.07.19.2
CEO_BARKED_TWICE,PUPPY,IL-INV-0011-01,INVOICE_LINE,,Primary goods,GENIE,genie/puppy/invoice_lines.csv,IL-INV-0011-01,,,Primary goods,"{""description"":""Primary goods"",""invoice_id"":""INV-0011"",""invoice_line_id"":""IL-INV-0011-01"",""line_amount"":""33677.40"",""line_number"":""1"",""purchase_order_id"":""PO-26011"",""quantity"":""12"",""unit_price"":""2806.45""}",genie/puppy/invoice_lines.csv#IL-INV-0011-01,2026.07.19.2
CEO_BARKED_TWICE,PUPPY,IL-INV-0011-02,INVOICE_LINE,,Freight and handling,GENIE,genie/puppy/invoice_lines.csv,IL-INV-0011-02,,,Freight and handling,"{""description"":""Freight and handling"",""invoice_id"":""INV-0011"",""invoice_line_id"":""IL-INV-0011-02"",""line_amount"":""26395.80"",""line_number"":""2"",""purchase_order_id"":""PO-26011"",""quantity"":""8"",""unit_price"":""3299.47""}",genie/puppy/invoice_lines.csv#IL-INV-0011-02,2026.07.19.2
CEO_BARKED_TWICE,PUPPY,IL-INV-0011-03,INVOICE_LINE,,Calibration/service,GENIE,genie/puppy/invoice_lines.csv,IL-INV-0011-03,,,Calibration/service,"{""description"":""Calibration/service"",""invoice_id"":""INV-0011"",""invoice_line_id"":""IL-INV-0011-03"",""line_amount"":""19114.20"",""line_number"":""3"",""purchase_order_id"":""PO-26011"",""quantity"":""4"",""unit_price"":""4778.55""}",genie/puppy/invoice_lines.csv#IL-INV-0011-03,2026.07.19.2
CEO_BARKED_TWICE,PUPPY,IL-INV-0011-04,INVOICE_LINE,,Tax and administration,GENIE,genie/puppy/invoice_lines.csv,IL-INV-0011-04,,,Tax and administration,"{""description"":""Tax and administration"",""invoice_id"":""INV-0011"",""invoice_line_id"":""IL-INV-0011-04"",""line_amount"":""11832.60"",""line_number"":""4"",""purchase_order_id"":""PO-26011"",""quantity"":""1"",""unit_price"":""11832.60""}",genie/puppy/invoice_lines.csv#IL-INV-0011-04,2026.07.19.2
CEO_BARKED_TWICE,PUPPY,IL-INV-0012-01,INVOICE_LINE,,Primary goods,GENIE,genie/puppy/invoice_lines.csv,IL-INV-0012-01,,,Primary goods,"{""description"":""Primary goods"",""invoice_id"":""INV-0012"",""invoice_line_id"":""IL-INV-0012-01"",""line_amount"":""40729.60"",""line_number"":""1"",""purchase_order_id"":""PO-26012"",""quantity"":""12"",""unit_price"":""3394.13""}",genie/puppy/invoice_lines.csv#IL-INV-0012-01,2026.07.19.2
CEO_BARKED_TWICE,PUPPY,IL-INV-0012-02,INVOICE_LINE,,Freight and handling,GENIE,genie/puppy/invoice_lines.csv,IL-INV-0012-02,,,Freight and handling,"{""description"":""Freight and handling"",""invoice_id"":""INV-0012"",""invoice_line_id"":""IL-INV-0012-02"",""line_amount"":""31923.20"",""line_number"":""2"",""purchase_order_id"":""PO-26012"",""quantity"":""8"",""unit_price"":""3990.40""}",genie/puppy/invoice_lines.csv#IL-INV-0012-02,2026.07.19.2
CEO_BARKED_TWICE,PUPPY,IL-INV-0012-03,INVOICE_LINE,,Calibration/service,GENIE,genie/puppy/invoice_lines.csv,IL-INV-0012-03,,,Calibration/service,"{""description"":""Calibration/service"",""invoice_id"":""INV-0012"",""invoice_line_id"":""IL-INV-0012-03"",""line_amount"":""23116.80"",""line_number"":""3"",""purchase_order_id"":""PO-26012"",""quantity"":""4"",""unit_price"":""5779.20""}",genie/puppy/invoice_lines.csv#IL-INV-0012-03,2026.07.19.2
CEO_BARKED_TWICE,PUPPY,IL-INV-0012-04,INVOICE_LINE,,Tax and administration,GENIE,genie/puppy/invoice_lines.csv,IL-INV-0012-04,,,Tax and administration,"{""description"":""Tax and administration"",""invoice_id"":""INV-0012"",""invoice_line_id"":""IL-INV-0012-04"",""line_amount"":""14310.40"",""line_number"":""4"",""purchase_order_id"":""PO-26012"",""quantity"":""1"",""unit_price"":""14310.40""}",genie/puppy/invoice_lines.csv#IL-INV-0012-04,2026.07.19.2
CEO_BARKED_TWICE,PUPPY,IL-INV-0013-01,INVOICE_LINE,,Primary goods,GENIE,genie/puppy/invoice_lines.csv,IL-INV-0013-01,,,Primary goods,"{""description"":""Primary goods"",""invoice_id"":""INV-0013"",""invoice_line_id"":""IL-INV-0013-01"",""line_amount"":""48285.00"",""line_number"":""1"",""purchase_order_id"":""PO-26013"",""quantity"":""12"",""unit_price"":""4023.75""}",genie/puppy/invoice_lines.csv#IL-INV-0013-01,2026.07.19.2
CEO_BARKED_TWICE,PUPPY,IL-INV-0013-02,INVOICE_LINE,,Freight and handling,GENIE,genie/puppy/invoice_lines.csv,IL-INV-0013-02,,,Freight and handling,"{""description"":""Freight and handling"",""invoice_id"":""INV-0013"",""invoice_line_id"":""IL-INV-0013-02"",""line_amount"":""37845.00"",""line_number"":""2"",""purchase_order_id"":""PO-26013"",""quantity"":""8"",""unit_price"":""4730.62""}",genie/puppy/invoice_lines.csv#IL-INV-0013-02,2026.07.19.2
CEO_BARKED_TWICE,PUPPY,IL-INV-0013-03,INVOICE_LINE,,Calibration/service,GENIE,genie/puppy/invoice_lines.csv,IL-INV-0013-03,,,Calibration/service,"{""description"":""Calibration/service"",""invoice_id"":""INV-0013"",""invoice_line_id"":""IL-INV-0013-03"",""line_amount"":""27405.00"",""line_number"":""3"",""purchase_order_id"":""PO-26013"",""quantity"":""4"",""unit_price"":""6851.25""}",genie/puppy/invoice_lines.csv#IL-INV-0013-03,2026.07.19.2
CEO_BARKED_TWICE,PUPPY,IL-INV-0013-04,INVOICE_LINE,,Tax and administration,GENIE,genie/puppy/invoice_lines.csv,IL-INV-0013-04,,,Tax and administration,"{""description"":""Tax and administration"",""invoice_id"":""INV-0013"",""invoice_line_id"":""IL-INV-0013-04"",""line_amount"":""16965.00"",""line_number"":""4"",""purchase_order_id"":""PO-26013"",""quantity"":""1"",""unit_price"":""16965.00""}",genie/puppy/invoice_lines.csv#IL-INV-0013-04,2026.07.19.2
CEO_BARKED_TWICE,PUPPY,IL-INV-0014-01,INVOICE_LINE,,Primary goods,GENIE,genie/puppy/invoice_lines.csv,IL-INV-0014-01,,,Primary goods,"{""description"":""Primary goods"",""invoice_id"":""INV-0014"",""invoice_line_id"":""IL-INV-0014-01"",""line_amount"":""56343.60"",""line_number"":""1"",""purchase_order_id"":""PO-26014"",""quantity"":""12"",""unit_price"":""4695.30""}",genie/puppy/invoice_lines.csv#IL-INV-0014-01,2026.07.19.2
CEO_BARKED_TWICE,PUPPY,IL-INV-0014-02,INVOICE_LINE,,Freight and handling,GENIE,genie/puppy/invoice_lines.csv,IL-INV-0014-02,,,Freight and handling,"{""description"":""Freight and handling"",""invoice_id"":""INV-0014"",""invoice_line_id"":""IL-INV-0014-02"",""line_amount"":""44161.20"",""line_number"":""2"",""purchase_order_id"":""PO-26014"",""quantity"":""8"",""unit_price"":""5520.15""}",genie/puppy/invoice_lines.csv#IL-INV-0014-02,2026.07.19.2
CEO_BARKED_TWICE,PUPPY,IL-INV-0014-03,INVOICE_LINE,,Calibration/service,GENIE,genie/puppy/invoice_lines.csv,IL-INV-0014-03,,,Calibration/service,"{""description"":""Calibration/service"",""invoice_id"":""INV-0014"",""invoice_line_id"":""IL-INV-0014-03"",""line_amount"":""31978.80"",""line_number"":""3"",""purchase_order_id"":""PO-26014"",""quantity"":""4"",""unit_price"":""7994.70""}",genie/puppy/invoice_lines.csv#IL-INV-0014-03,2026.07.19.2
CEO_BARKED_TWICE,PUPPY,IL-INV-0014-04,INVOICE_LINE,,Tax and administration,GENIE,genie/puppy/invoice_lines.csv,IL-INV-0014-04,,,Tax and administration,"{""description"":""Tax and administration"",""invoice_id"":""INV-0014"",""invoice_line_id"":""IL-INV-0014-04"",""line_amount"":""19796.40"",""line_number"":""4"",""purchase_order_id"":""PO-26014"",""quantity"":""1"",""unit_price"":""19796.40""}",genie/puppy/invoice_lines.csv#IL-INV-0014-04,2026.07.19.2
CEO_BARKED_TWICE,PUPPY,IL-INV-0015-01,INVOICE_LINE,,Primary goods,GENIE,genie/puppy/invoice_lines.csv,IL-INV-0015-01,,,Primary goods,"{""description"":""Primary goods"",""invoice_id"":""INV-0015"",""invoice_line_id"":""IL-INV-0015-01"",""line_amount"":""64905.40"",""line_number"":""1"",""purchase_order_id"":""PO-26015"",""quantity"":""12"",""unit_price"":""5408.78""}",genie/puppy/invoice_lines.csv#IL-INV-0015-01,2026.07.19.2
CEO_BARKED_TWICE,PUPPY,IL-INV-0015-02,INVOICE_LINE,,Freight and handling,GENIE,genie/puppy/invoice_lines.csv,IL-INV-0015-02,,,Freight and handling,"{""description"":""Freight and handling"",""invoice_id"":""INV-0015"",""invoice_line_id"":""IL-INV-0015-02"",""line_amount"":""50871.80"",""line_number"":""2"",""purchase_order_id"":""PO-26015"",""quantity"":""8"",""unit_price"":""6358.97""}",genie/puppy/invoice_lines.csv#IL-INV-0015-02,2026.07.19.2
CEO_BARKED_TWICE,PUPPY,IL-INV-0015-03,INVOICE_LINE,,Calibration/service,GENIE,genie/puppy/invoice_lines.csv,IL-INV-0015-03,,,Calibration/service,"{""description"":""Calibration/service"",""invoice_id"":""INV-0015"",""invoice_line_id"":""IL-INV-0015-03"",""line_amount"":""36838.20"",""line_number"":""3"",""purchase_order_id"":""PO-26015"",""quantity"":""4"",""unit_price"":""9209.55""}",genie/puppy/invoice_lines.csv#IL-INV-0015-03,2026.07.19.2
CEO_BARKED_TWICE,PUPPY,IL-INV-0015-04,INVOICE_LINE,,Tax and administration,GENIE,genie/puppy/invoice_lines.csv,IL-INV-0015-04,,,Tax and administration,"{""description"":""Tax and administration"",""invoice_id"":""INV-0015"",""invoice_line_id"":""IL-INV-0015-04"",""line_amount"":""22804.60"",""line_number"":""4"",""purchase_order_id"":""PO-26015"",""quantity"":""1"",""unit_price"":""22804.60""}",genie/puppy/invoice_lines.csv#IL-INV-0015-04,2026.07.19.2
CEO_BARKED_TWICE,PUPPY,IL-INV-0016-01,INVOICE_LINE,,Primary goods,GENIE,genie/puppy/invoice_lines.csv,IL-INV-0016-01,,,Primary goods,"{""description"":""Primary goods"",""invoice_id"":""INV-0016"",""invoice_line_id"":""IL-INV-0016-01"",""line_amount"":""59466.40"",""line_number"":""1"",""purchase_order_id"":""PO-26016"",""quantity"":""12"",""unit_price"":""4955.53""}",genie/puppy/invoice_lines.csv#IL-INV-0016-01,2026.07.19.2
CEO_BARKED_TWICE,PUPPY,IL-INV-0016-02,INVOICE_LINE,,Freight and handling,GENIE,genie/puppy/invoice_lines.csv,IL-INV-0016-02,,,Freight and handling,"{""description"":""Freight and handling"",""invoice_id"":""INV-0016"",""invoice_line_id"":""IL-INV-0016-02"",""line_amount"":""46608.80"",""line_number"":""2"",""purchase_order_id"":""PO-26016"",""quantity"":""8"",""unit_price"":""5826.10""}",genie/puppy/invoice_lines.csv#IL-INV-0016-02,2026.07.19.2
CEO_BARKED_TWICE,PUPPY,IL-INV-0016-03,INVOICE_LINE,,Calibration/service,GENIE,genie/puppy/invoice_lines.csv,IL-INV-0016-03,,,Calibration/service,"{""description"":""Calibration/service"",""invoice_id"":""INV-0016"",""invoice_line_id"":""IL-INV-0016-03"",""line_amount"":""33751.20"",""line_number"":""3"",""purchase_order_id"":""PO-26016"",""quantity"":""4"",""unit_price"":""8437.80""}",genie/puppy/invoice_lines.csv#IL-INV-0016-03,2026.07.19.2
CEO_BARKED_TWICE,PUPPY,IL-INV-0016-04,INVOICE_LINE,,Tax and administration,GENIE,genie/puppy/invoice_lines.csv,IL-INV-0016-04,,,Tax and administration,"{""description"":""Tax and administration"",""invoice_id"":""INV-0016"",""invoice_line_id"":""IL-INV-0016-04"",""line_amount"":""20893.60"",""line_number"":""4"",""purchase_order_id"":""PO-26016"",""quantity"":""1"",""unit_price"":""20893.60""}",genie/puppy/invoice_lines.csv#IL-INV-0016-04,2026.07.19.2
CEO_BARKED_TWICE,PUPPY,IL-INV-0017-01,INVOICE_LINE,,Primary goods,GENIE,genie/puppy/invoice_lines.csv,IL-INV-0017-01,,,Primary goods,"{""description"":""Primary goods"",""invoice_id"":""INV-0017"",""invoice_line_id"":""IL-INV-0017-01"",""line_amount"":""67776.60"",""line_number"":""1"",""purchase_order_id"":""PO-26017"",""quantity"":""12"",""unit_price"":""5648.05""}",genie/puppy/invoice_lines.csv#IL-INV-0017-01,2026.07.19.2
CEO_BARKED_TWICE,PUPPY,IL-INV-0017-02,INVOICE_LINE,,Freight and handling,GENIE,genie/puppy/invoice_lines.csv,IL-INV-0017-02,,,Freight and handling,"{""description"":""Freight and handling"",""invoice_id"":""INV-0017"",""invoice_line_id"":""IL-INV-0017-02"",""line_amount"":""53122.20"",""line_number"":""2"",""purchase_order_id"":""PO-26017"",""quantity"":""8"",""unit_price"":""6640.27""}",genie/puppy/invoice_lines.csv#IL-INV-0017-02,2026.07.19.2
CEO_BARKED_TWICE,PUPPY,IL-INV-0017-03,INVOICE_LINE,,Calibration/service,GENIE,genie/puppy/invoice_lines.csv,IL-INV-0017-03,,,Calibration/service,"{""description"":""Calibration/service"",""invoice_id"":""INV-0017"",""invoice_line_id"":""IL-INV-0017-03"",""line_amount"":""38467.80"",""line_number"":""3"",""purchase_order_id"":""PO-26017"",""quantity"":""4"",""unit_price"":""9616.95""}",genie/puppy/invoice_lines.csv#IL-INV-0017-03,2026.07.19.2
CEO_BARKED_TWICE,PUPPY,IL-INV-0017-04,INVOICE_LINE,,Tax and administration,GENIE,genie/puppy/invoice_lines.csv,IL-INV-0017-04,,,Tax and administration,"{""description"":""Tax and administration"",""invoice_id"":""INV-0017"",""invoice_line_id"":""IL-INV-0017-04"",""line_amount"":""23813.40"",""line_number"":""4"",""purchase_order_id"":""PO-26017"",""quantity"":""1"",""unit_price"":""23813.40""}",genie/puppy/invoice_lines.csv#IL-INV-0017-04,2026.07.19.2
CEO_BARKED_TWICE,PUPPY,IL-INV-0018-01,INVOICE_LINE,,Primary goods,GENIE,genie/puppy/invoice_lines.csv,IL-INV-0018-01,,,Primary goods,"{""description"":""Primary goods"",""invoice_id"":""INV-0018"",""invoice_line_id"":""IL-INV-0018-01"",""line_amount"":""76590.00"",""line_number"":""1"",""purchase_order_id"":""PO-26018"",""quantity"":""12"",""unit_price"":""6382.50""}",genie/puppy/invoice_lines.csv#IL-INV-0018-01,2026.07.19.2
CEO_BARKED_TWICE,PUPPY,IL-INV-0018-02,INVOICE_LINE,,Freight and handling,GENIE,genie/puppy/invoice_lines.csv,IL-INV-0018-02,,,Freight and handling,"{""description"":""Freight and handling"",""invoice_id"":""INV-0018"",""invoice_line_id"":""IL-INV-0018-02"",""line_amount"":""60030.00"",""line_number"":""2"",""purchase_order_id"":""PO-26018"",""quantity"":""8"",""unit_price"":""7503.75""}",genie/puppy/invoice_lines.csv#IL-INV-0018-02,2026.07.19.2
CEO_BARKED_TWICE,PUPPY,IL-INV-0018-03,INVOICE_LINE,,Calibration/service,GENIE,genie/puppy/invoice_lines.csv,IL-INV-0018-03,,,Calibration/service,"{""description"":""Calibration/service"",""invoice_id"":""INV-0018"",""invoice_line_id"":""IL-INV-0018-03"",""line_amount"":""43470.00"",""line_number"":""3"",""purchase_order_id"":""PO-26018"",""quantity"":""4"",""unit_price"":""10867.50""}",genie/puppy/invoice_lines.csv#IL-INV-0018-03,2026.07.19.2
CEO_BARKED_TWICE,PUPPY,IL-INV-0018-04,INVOICE_LINE,,Tax and administration,GENIE,genie/puppy/invoice_lines.csv,IL-INV-0018-04,,,Tax and administration,"{""description"":""Tax and administration"",""invoice_id"":""INV-0018"",""invoice_line_id"":""IL-INV-0018-04"",""line_amount"":""26910.00"",""line_number"":""4"",""purchase_order_id"":""PO-26018"",""quantity"":""1"",""unit_price"":""26910.00""}",genie/puppy/invoice_lines.csv#IL-INV-0018-04,2026.07.19.2
CEO_BARKED_TWICE,PUPPY,IL-INV-0019-01,INVOICE_LINE,,Primary goods,GENIE,genie/puppy/invoice_lines.csv,IL-INV-0019-01,,,Primary goods,"{""description"":""Primary goods"",""invoice_id"":""INV-0019"",""invoice_line_id"":""IL-INV-0019-01"",""line_amount"":""32693.20"",""line_number"":""1"",""purchase_order_id"":""PO-26019"",""quantity"":""12"",""unit_price"":""2724.43""}",genie/puppy/invoice_lines.csv#IL-INV-0019-01,2026.07.19.2
CEO_BARKED_TWICE,PUPPY,IL-INV-0019-02,INVOICE_LINE,,Freight and handling,GENIE,genie/puppy/invoice_lines.csv,IL-INV-0019-02,,,Freight and handling,"{""description"":""Freight and handling"",""invoice_id"":""INV-0019"",""invoice_line_id"":""IL-INV-0019-02"",""line_amount"":""25624.40"",""line_number"":""2"",""purchase_order_id"":""PO-26019"",""quantity"":""8"",""unit_price"":""3203.05""}",genie/puppy/invoice_lines.csv#IL-INV-0019-02,2026.07.19.2
CEO_BARKED_TWICE,PUPPY,IL-INV-0019-03,INVOICE_LINE,,Calibration/service,GENIE,genie/puppy/invoice_lines.csv,IL-INV-0019-03,,,Calibration/service,"{""description"":""Calibration/service"",""invoice_id"":""INV-0019"",""invoice_line_id"":""IL-INV-0019-03"",""line_amount"":""18555.60"",""line_number"":""3"",""purchase_order_id"":""PO-26019"",""quantity"":""4"",""unit_price"":""4638.90""}",genie/puppy/invoice_lines.csv#IL-INV-0019-03,2026.07.19.2
CEO_BARKED_TWICE,PUPPY,IL-INV-0019-04,INVOICE_LINE,,Tax and administration,GENIE,genie/puppy/invoice_lines.csv,IL-INV-0019-04,,,Tax and administration,"{""description"":""Tax and administration"",""invoice_id"":""INV-0019"",""invoice_line_id"":""IL-INV-0019-04"",""line_amount"":""11486.80"",""line_number"":""4"",""purchase_order_id"":""PO-26019"",""quantity"":""1"",""unit_price"":""11486.80""}",genie/puppy/invoice_lines.csv#IL-INV-0019-04,2026.07.19.2
CEO_BARKED_TWICE,PUPPY,IL-INV-0020-01,INVOICE_LINE,,Primary goods,GENIE,genie/puppy/invoice_lines.csv,IL-INV-0020-01,,,Primary goods,"{""description"":""Primary goods"",""invoice_id"":""INV-0020"",""invoice_line_id"":""IL-INV-0020-01"",""line_amount"":""40248.60"",""line_number"":""1"",""purchase_order_id"":""PO-26020"",""quantity"":""12"",""unit_price"":""3354.05""}",genie/puppy/invoice_lines.csv#IL-INV-0020-01,2026.07.19.2
CEO_BARKED_TWICE,PUPPY,IL-INV-0020-02,INVOICE_LINE,,Freight and handling,GENIE,genie/puppy/invoice_lines.csv,IL-INV-0020-02,,,Freight and handling,"{""description"":""Freight and handling"",""invoice_id"":""INV-0020"",""invoice_line_id"":""IL-INV-0020-02"",""line_amount"":""31546.20"",""line_number"":""2"",""purchase_order_id"":""PO-26020"",""quantity"":""8"",""unit_price"":""3943.27""}",genie/puppy/invoice_lines.csv#IL-INV-0020-02,2026.07.19.2
CEO_BARKED_TWICE,PUPPY,IL-INV-0020-03,INVOICE_LINE,,Calibration/service,GENIE,genie/puppy/invoice_lines.csv,IL-INV-0020-03,,,Calibration/service,"{""description"":""Calibration/service"",""invoice_id"":""INV-0020"",""invoice_line_id"":""IL-INV-0020-03"",""line_amount"":""22843.80"",""line_number"":""3"",""purchase_order_id"":""PO-26020"",""quantity"":""4"",""unit_price"":""5710.95""}",genie/puppy/invoice_lines.csv#IL-INV-0020-03,2026.07.19.2
CEO_BARKED_TWICE,PUPPY,IL-INV-0020-04,INVOICE_LINE,,Tax and administration,GENIE,genie/puppy/invoice_lines.csv,IL-INV-0020-04,,,Tax and administration,"{""description"":""Tax and administration"",""invoice_id"":""INV-0020"",""invoice_line_id"":""IL-INV-0020-04"",""line_amount"":""14141.40"",""line_number"":""4"",""purchase_order_id"":""PO-26020"",""quantity"":""1"",""unit_price"":""14141.40""}",genie/puppy/invoice_lines.csv#IL-INV-0020-04,2026.07.19.2
CEO_BARKED_TWICE,PUPPY,IL-INV-0021-01,INVOICE_LINE,,Primary goods,GENIE,genie/puppy/invoice_lines.csv,IL-INV-0021-01,,,Primary goods,"{""description"":""Primary goods"",""invoice_id"":""INV-0021"",""invoice_line_id"":""IL-INV-0021-01"",""line_amount"":""41565.80"",""line_number"":""1"",""purchase_order_id"":""PO-26021"",""quantity"":""12"",""unit_price"":""3463.82""}",genie/puppy/invoice_lines.csv#IL-INV-0021-01,2026.07.19.2
CEO_BARKED_TWICE,PUPPY,IL-INV-0021-02,INVOICE_LINE,,Freight and handling,GENIE,genie/puppy/invoice_lines.csv,IL-INV-0021-02,,,Freight and handling,"{""description"":""Freight and handling"",""invoice_id"":""INV-0021"",""invoice_line_id"":""IL-INV-0021-02"",""line_amount"":""32578.60"",""line_number"":""2"",""purchase_order_id"":""PO-26021"",""quantity"":""8"",""unit_price"":""4072.32""}",genie/puppy/invoice_lines.csv#IL-INV-0021-02,2026.07.19.2
CEO_BARKED_TWICE,PUPPY,IL-INV-0021-03,INVOICE_LINE,,Calibration/service,GENIE,genie/puppy/invoice_lines.csv,IL-INV-0021-03,,,Calibration/service,"{""description"":""Calibration/service"",""invoice_id"":""INV-0021"",""invoice_line_id"":""IL-INV-0021-03"",""line_amount"":""23591.40"",""line_number"":""3"",""purchase_order_id"":""PO-26021"",""quantity"":""4"",""unit_price"":""5897.85""}",genie/puppy/invoice_lines.csv#IL-INV-0021-03,2026.07.19.2
CEO_BARKED_TWICE,PUPPY,IL-INV-0021-04,INVOICE_LINE,,Tax and administration,GENIE,genie/puppy/invoice_lines.csv,IL-INV-0021-04,,,Tax and administration,"{""description"":""Tax and administration"",""invoice_id"":""INV-0021"",""invoice_line_id"":""IL-INV-0021-04"",""line_amount"":""14604.20"",""line_number"":""4"",""purchase_order_id"":""PO-26021"",""quantity"":""1"",""unit_price"":""14604.20""}",genie/puppy/invoice_lines.csv#IL-INV-0021-04,2026.07.19.2
CEO_BARKED_TWICE,PUPPY,IL-INV-0022-01,INVOICE_LINE,,Primary goods,GENIE,genie/puppy/invoice_lines.csv,IL-INV-0022-01,,,Primary goods,"{""description"":""Primary goods"",""invoice_id"":""INV-0022"",""invoice_line_id"":""IL-INV-0022-01"",""line_amount"":""49002.80"",""line_number"":""1"",""purchase_order_id"":""PO-26022"",""quantity"":""12"",""unit_price"":""4083.57""}",genie/puppy/invoice_lines.csv#IL-INV-0022-01,2026.07.19.2
CEO_BARKED_TWICE,PUPPY,IL-INV-0022-02,INVOICE_LINE,,Freight and handling,GENIE,genie/puppy/invoice_lines.csv,IL-INV-0022-02,,,Freight and handling,"{""description"":""Freight and handling"",""invoice_id"":""INV-0022"",""invoice_line_id"":""IL-INV-0022-02"",""line_amount"":""38407.60"",""line_number"":""2"",""purchase_order_id"":""PO-26022"",""quantity"":""8"",""unit_price"":""4800.95""}",genie/puppy/invoice_lines.csv#IL-INV-0022-02,2026.07.19.2
CEO_BARKED_TWICE,PUPPY,IL-INV-0022-03,INVOICE_LINE,,Calibration/service,GENIE,genie/puppy/invoice_lines.csv,IL-INV-0022-03,,,Calibration/service,"{""description"":""Calibration/service"",""invoice_id"":""INV-0022"",""invoice_line_id"":""IL-INV-0022-03"",""line_amount"":""27812.40"",""line_number"":""3"",""purchase_order_id"":""PO-26022"",""quantity"":""4"",""unit_price"":""6953.10""}",genie/puppy/invoice_lines.csv#IL-INV-0022-03,2026.07.19.2
CEO_BARKED_TWICE,PUPPY,IL-INV-0022-04,INVOICE_LINE,,Tax and administration,GENIE,genie/puppy/invoice_lines.csv,IL-INV-0022-04,,,Tax and administration,"{""description"":""Tax and administration"",""invoice_id"":""INV-0022"",""invoice_line_id"":""IL-INV-0022-04"",""line_amount"":""17217.20"",""line_number"":""4"",""purchase_order_id"":""PO-26022"",""quantity"":""1"",""unit_price"":""17217.20""}",genie/puppy/invoice_lines.csv#IL-INV-0022-04,2026.07.19.2
CEO_BARKED_TWICE,PUPPY,IL-INV-0023-01,INVOICE_LINE,,Primary goods,GENIE,genie/puppy/invoice_lines.csv,IL-INV-0023-01,,,Primary goods,"{""description"":""Primary goods"",""invoice_id"":""INV-0023"",""invoice_line_id"":""IL-INV-0023-01"",""line_amount"":""56943.00"",""line_number"":""1"",""purchase_order_id"":""PO-26023"",""quantity"":""12"",""unit_price"":""4745.25""}",genie/puppy/invoice_lines.csv#IL-INV-0023-01,2026.07.19.2
CEO_BARKED_TWICE,PUPPY,IL-INV-0023-02,INVOICE_LINE,,Freight and handling,GENIE,genie/puppy/invoice_lines.csv,IL-INV-0023-02,,,Freight and handling,"{""description"":""Freight and handling"",""invoice_id"":""INV-0023"",""invoice_line_id"":""IL-INV-0023-02"",""line_amount"":""44631.00"",""line_number"":""2"",""purchase_order_id"":""PO-26023"",""quantity"":""8"",""unit_price"":""5578.87""}",genie/puppy/invoice_lines.csv#IL-INV-0023-02,2026.07.19.2
CEO_BARKED_TWICE,PUPPY,IL-INV-0023-03,INVOICE_LINE,,Calibration/service,GENIE,genie/puppy/invoice_lines.csv,IL-INV-0023-03,,,Calibration/service,"{""description"":""Calibration/service"",""invoice_id"":""INV-0023"",""invoice_line_id"":""IL-INV-0023-03"",""line_amount"":""32319.00"",""line_number"":""3"",""purchase_order_id"":""PO-26023"",""quantity"":""4"",""unit_price"":""8079.75""}",genie/puppy/invoice_lines.csv#IL-INV-0023-03,2026.07.19.2
CEO_BARKED_TWICE,PUPPY,IL-INV-0023-04,INVOICE_LINE,,Tax and administration,GENIE,genie/puppy/invoice_lines.csv,IL-INV-0023-04,,,Tax and administration,"{""description"":""Tax and administration"",""invoice_id"":""INV-0023"",""invoice_line_id"":""IL-INV-0023-04"",""line_amount"":""20007.00"",""line_number"":""4"",""purchase_order_id"":""PO-26023"",""quantity"":""1"",""unit_price"":""20007.00""}",genie/puppy/invoice_lines.csv#IL-INV-0023-04,2026.07.19.2
CEO_BARKED_TWICE,PUPPY,IL-INV-0024-01,INVOICE_LINE,,Primary goods,GENIE,genie/puppy/invoice_lines.csv,IL-INV-0024-01,,,Primary goods,"{""description"":""Primary goods"",""invoice_id"":""INV-0024"",""invoice_line_id"":""IL-INV-0024-01"",""line_amount"":""65386.40"",""line_number"":""1"",""purchase_order_id"":""PO-26024"",""quantity"":""12"",""unit_price"":""5448.87""}",genie/puppy/invoice_lines.csv#IL-INV-0024-01,2026.07.19.2
CEO_BARKED_TWICE,PUPPY,IL-INV-0024-02,INVOICE_LINE,,Freight and handling,GENIE,genie/puppy/invoice_lines.csv,IL-INV-0024-02,,,Freight and handling,"{""description"":""Freight and handling"",""invoice_id"":""INV-0024"",""invoice_line_id"":""IL-INV-0024-02"",""line_amount"":""51248.80"",""line_number"":""2"",""purchase_order_id"":""PO-26024"",""quantity"":""8"",""unit_price"":""6406.10""}",genie/puppy/invoice_lines.csv#IL-INV-0024-02,2026.07.19.2
CEO_BARKED_TWICE,PUPPY,IL-INV-0024-03,INVOICE_LINE,,Calibration/service,GENIE,genie/puppy/invoice_lines.csv,IL-INV-0024-03,,,Calibration/service,"{""description"":""Calibration/service"",""invoice_id"":""INV-0024"",""invoice_line_id"":""IL-INV-0024-03"",""line_amount"":""37111.20"",""line_number"":""3"",""purchase_order_id"":""PO-26024"",""quantity"":""4"",""unit_price"":""9277.80""}",genie/puppy/invoice_lines.csv#IL-INV-0024-03,2026.07.19.2
CEO_BARKED_TWICE,PUPPY,IL-INV-0024-04,INVOICE_LINE,,Tax and administration,GENIE,genie/puppy/invoice_lines.csv,IL-INV-0024-04,,,Tax and administration,"{""description"":""Tax and administration"",""invoice_id"":""INV-0024"",""invoice_line_id"":""IL-INV-0024-04"",""line_amount"":""22973.60"",""line_number"":""4"",""purchase_order_id"":""PO-26024"",""quantity"":""1"",""unit_price"":""22973.60""}",genie/puppy/invoice_lines.csv#IL-INV-0024-04,2026.07.19.2
CEO_BARKED_TWICE,PUPPY,IL-INV-0025-01,INVOICE_LINE,,Primary goods,GENIE,genie/puppy/invoice_lines.csv,IL-INV-0025-01,,,Primary goods,"{""description"":""Primary goods"",""invoice_id"":""INV-0025"",""invoice_line_id"":""IL-INV-0025-01"",""line_amount"":""74333.00"",""line_number"":""1"",""purchase_order_id"":""PO-26025"",""quantity"":""12"",""unit_price"":""6194.42""}",genie/puppy/invoice_lines.csv#IL-INV-0025-01,2026.07.19.2
CEO_BARKED_TWICE,PUPPY,IL-INV-0025-02,INVOICE_LINE,,Freight and handling,GENIE,genie/puppy/invoice_lines.csv,IL-INV-0025-02,,,Freight and handling,"{""description"":""Freight and handling"",""invoice_id"":""INV-0025"",""invoice_line_id"":""IL-INV-0025-02"",""line_amount"":""58261.00"",""line_number"":""2"",""purchase_order_id"":""PO-26025"",""quantity"":""8"",""unit_price"":""7282.62""}",genie/puppy/invoice_lines.csv#IL-INV-0025-02,2026.07.19.2
CEO_BARKED_TWICE,PUPPY,IL-INV-0025-03,INVOICE_LINE,,Calibration/service,GENIE,genie/puppy/invoice_lines.csv,IL-INV-0025-03,,,Calibration/service,"{""description"":""Calibration/service"",""invoice_id"":""INV-0025"",""invoice_line_id"":""IL-INV-0025-03"",""line_amount"":""42189.00"",""line_number"":""3"",""purchase_order_id"":""PO-26025"",""quantity"":""4"",""unit_price"":""10547.25""}",genie/puppy/invoice_lines.csv#IL-INV-0025-03,2026.07.19.2
CEO_BARKED_TWICE,PUPPY,IL-INV-0025-04,INVOICE_LINE,,Tax and administration,GENIE,genie/puppy/invoice_lines.csv,IL-INV-0025-04,,,Tax and administration,"{""description"":""Tax and administration"",""invoice_id"":""INV-0025"",""invoice_line_id"":""IL-INV-0025-04"",""line_amount"":""26117.00"",""line_number"":""4"",""purchase_order_id"":""PO-26025"",""quantity"":""1"",""unit_price"":""26117.00""}",genie/puppy/invoice_lines.csv#IL-INV-0025-04,2026.07.19.2
CEO_BARKED_TWICE,PUPPY,IL-INV-0026-01,INVOICE_LINE,,Primary goods,GENIE,genie/puppy/invoice_lines.csv,IL-INV-0026-01,,,Primary goods,"{""description"":""Primary goods"",""invoice_id"":""INV-0026"",""invoice_line_id"":""IL-INV-0026-01"",""line_amount"":""67354.80"",""line_number"":""1"",""purchase_order_id"":""PO-26026"",""quantity"":""12"",""unit_price"":""5612.90""}",genie/puppy/invoice_lines.csv#IL-INV-0026-01,2026.07.19.2
CEO_BARKED_TWICE,PUPPY,IL-INV-0026-02,INVOICE_LINE,,Freight and handling,GENIE,genie/puppy/invoice_lines.csv,IL-INV-0026-02,,,Freight and handling,"{""description"":""Freight and handling"",""invoice_id"":""INV-0026"",""invoice_line_id"":""IL-INV-0026-02"",""line_amount"":""52791.60"",""line_number"":""2"",""purchase_order_id"":""PO-26026"",""quantity"":""8"",""unit_price"":""6598.95""}",genie/puppy/invoice_lines.csv#IL-INV-0026-02,2026.07.19.2
CEO_BARKED_TWICE,PUPPY,IL-INV-0026-03,INVOICE_LINE,,Calibration/service,GENIE,genie/puppy/invoice_lines.csv,IL-INV-0026-03,,,Calibration/service,"{""description"":""Calibration/service"",""invoice_id"":""INV-0026"",""invoice_line_id"":""IL-INV-0026-03"",""line_amount"":""38228.40"",""line_number"":""3"",""purchase_order_id"":""PO-26026"",""quantity"":""4"",""unit_price"":""9557.10""}",genie/puppy/invoice_lines.csv#IL-INV-0026-03,2026.07.19.2
CEO_BARKED_TWICE,PUPPY,IL-INV-0026-04,INVOICE_LINE,,Tax and administration,GENIE,genie/puppy/invoice_lines.csv,IL-INV-0026-04,,,Tax and administration,"{""description"":""Tax and administration"",""invoice_id"":""INV-0026"",""invoice_line_id"":""IL-INV-0026-04"",""line_amount"":""23665.20"",""line_number"":""4"",""purchase_order_id"":""PO-26026"",""quantity"":""1"",""unit_price"":""23665.20""}",genie/puppy/invoice_lines.csv#IL-INV-0026-04,2026.07.19.2
CEO_BARKED_TWICE,PUPPY,IL-INV-0027-01,INVOICE_LINE,,Primary goods,GENIE,genie/puppy/invoice_lines.csv,IL-INV-0027-01,,,Primary goods,"{""description"":""Primary goods"",""invoice_id"":""INV-0027"",""invoice_line_id"":""IL-INV-0027-01"",""line_amount"":""76049.80"",""line_number"":""1"",""purchase_order_id"":""PO-26027"",""quantity"":""12"",""unit_price"":""6337.48""}",genie/puppy/invoice_lines.csv#IL-INV-0027-01,2026.07.19.2
CEO_BARKED_TWICE,PUPPY,IL-INV-0027-02,INVOICE_LINE,,Freight and handling,GENIE,genie/puppy/invoice_lines.csv,IL-INV-0027-02,,,Freight and handling,"{""description"":""Freight and handling"",""invoice_id"":""INV-0027"",""invoice_line_id"":""IL-INV-0027-02"",""line_amount"":""59606.60"",""line_number"":""2"",""purchase_order_id"":""PO-26027"",""quantity"":""8"",""unit_price"":""7450.82""}",genie/puppy/invoice_lines.csv#IL-INV-0027-02,2026.07.19.2
CEO_BARKED_TWICE,PUPPY,IL-INV-0027-03,INVOICE_LINE,,Calibration/service,GENIE,genie/puppy/invoice_lines.csv,IL-INV-0027-03,,,Calibration/service,"{""description"":""Calibration/service"",""invoice_id"":""INV-0027"",""invoice_line_id"":""IL-INV-0027-03"",""line_amount"":""43163.40"",""line_number"":""3"",""purchase_order_id"":""PO-26027"",""quantity"":""4"",""unit_price"":""10790.85""}",genie/puppy/invoice_lines.csv#IL-INV-0027-03,2026.07.19.2
CEO_BARKED_TWICE,PUPPY,IL-INV-0027-04,INVOICE_LINE,,Tax and administration,GENIE,genie/puppy/invoice_lines.csv,IL-INV-0027-04,,,Tax and administration,"{""description"":""Tax and administration"",""invoice_id"":""INV-0027"",""invoice_line_id"":""IL-INV-0027-04"",""line_amount"":""26720.20"",""line_number"":""4"",""purchase_order_id"":""PO-26027"",""quantity"":""1"",""unit_price"":""26720.20""}",genie/puppy/invoice_lines.csv#IL-INV-0027-04,2026.07.19.2
CEO_BARKED_TWICE,PUPPY,IL-INV-0028-01,INVOICE_LINE,,Primary goods,GENIE,genie/puppy/invoice_lines.csv,IL-INV-0028-01,,,Primary goods,"{""description"":""Primary goods"",""invoice_id"":""INV-0028"",""invoice_line_id"":""IL-INV-0028-01"",""line_amount"":""34299.00"",""line_number"":""1"",""purchase_order_id"":""PO-26028"",""quantity"":""12"",""unit_price"":""2858.25""}",genie/puppy/invoice_lines.csv#IL-INV-0028-01,2026.07.19.2
CEO_BARKED_TWICE,PUPPY,IL-INV-0028-02,INVOICE_LINE,,Freight and handling,GENIE,genie/puppy/invoice_lines.csv,IL-INV-0028-02,,,Freight and handling,"{""description"":""Freight and handling"",""invoice_id"":""INV-0028"",""invoice_line_id"":""IL-INV-0028-02"",""line_amount"":""26883.00"",""line_number"":""2"",""purchase_order_id"":""PO-26028"",""quantity"":""8"",""unit_price"":""3360.37""}",genie/puppy/invoice_lines.csv#IL-INV-0028-02,2026.07.19.2
CEO_BARKED_TWICE,PUPPY,IL-INV-0028-03,INVOICE_LINE,,Calibration/service,GENIE,genie/puppy/invoice_lines.csv,IL-INV-0028-03,,,Calibration/service,"{""description"":""Calibration/service"",""invoice_id"":""INV-0028"",""invoice_line_id"":""IL-INV-0028-03"",""line_amount"":""19467.00"",""line_number"":""3"",""purchase_order_id"":""PO-26028"",""quantity"":""4"",""unit_price"":""4866.75""}",genie/puppy/invoice_lines.csv#IL-INV-0028-03,2026.07.19.2
CEO_BARKED_TWICE,PUPPY,IL-INV-0028-04,INVOICE_LINE,,Tax and administration,GENIE,genie/puppy/invoice_lines.csv,IL-INV-0028-04,,,Tax and administration,"{""description"":""Tax and administration"",""invoice_id"":""INV-0028"",""invoice_line_id"":""IL-INV-0028-04"",""line_amount"":""12051.00"",""line_number"":""4"",""purchase_order_id"":""PO-26028"",""quantity"":""1"",""unit_price"":""12051.00""}",genie/puppy/invoice_lines.csv#IL-INV-0028-04,2026.07.19.2
CEO_BARKED_TWICE,PUPPY,IL-INV-0029-01,INVOICE_LINE,,Primary goods,GENIE,genie/puppy/invoice_lines.csv,IL-INV-0029-01,,,Primary goods,"{""description"":""Primary goods"",""invoice_id"":""INV-0029"",""invoice_line_id"":""IL-INV-0029-01"",""line_amount"":""41736.00"",""line_number"":""1"",""purchase_order_id"":""PO-26029"",""quantity"":""12"",""unit_price"":""3478.00""}",genie/puppy/invoice_lines.csv#IL-INV-0029-01,2026.07.19.2
CEO_BARKED_TWICE,PUPPY,IL-INV-0029-02,INVOICE_LINE,,Freight and handling,GENIE,genie/puppy/invoice_lines.csv,IL-INV-0029-02,,,Freight and handling,"{""description"":""Freight and handling"",""invoice_id"":""INV-0029"",""invoice_line_id"":""IL-INV-0029-02"",""line_amount"":""32712.00"",""line_number"":""2"",""purchase_order_id"":""PO-26029"",""quantity"":""8"",""unit_price"":""4089.00""}",genie/puppy/invoice_lines.csv#IL-INV-0029-02,2026.07.19.2
CEO_BARKED_TWICE,PUPPY,IL-INV-0029-03,INVOICE_LINE,,Calibration/service,GENIE,genie/puppy/invoice_lines.csv,IL-INV-0029-03,,,Calibration/service,"{""description"":""Calibration/service"",""invoice_id"":""INV-0029"",""invoice_line_id"":""IL-INV-0029-03"",""line_amount"":""23688.00"",""line_number"":""3"",""purchase_order_id"":""PO-26029"",""quantity"":""4"",""unit_price"":""5922.00""}",genie/puppy/invoice_lines.csv#IL-INV-0029-03,2026.07.19.2
CEO_BARKED_TWICE,PUPPY,IL-INV-0029-04,INVOICE_LINE,,Tax and administration,GENIE,genie/puppy/invoice_lines.csv,IL-INV-0029-04,,,Tax and administration,"{""description"":""Tax and administration"",""invoice_id"":""INV-0029"",""invoice_line_id"":""IL-INV-0029-04"",""line_amount"":""14664.00"",""line_number"":""4"",""purchase_order_id"":""PO-26029"",""quantity"":""1"",""unit_price"":""14664.00""}",genie/puppy/invoice_lines.csv#IL-INV-0029-04,2026.07.19.2
CEO_BARKED_TWICE,PUPPY,IL-INV-0030-01,INVOICE_LINE,,Primary goods,GENIE,genie/puppy/invoice_lines.csv,IL-INV-0030-01,,,Primary goods,"{""description"":""Primary goods"",""invoice_id"":""INV-0030"",""invoice_line_id"":""IL-INV-0030-01"",""line_amount"":""49676.20"",""line_number"":""1"",""purchase_order_id"":""PO-26030"",""quantity"":""12"",""unit_price"":""4139.68""}",genie/puppy/invoice_lines.csv#IL-INV-0030-01,2026.07.19.2
CEO_BARKED_TWICE,PUPPY,IL-INV-0030-02,INVOICE_LINE,,Freight and handling,GENIE,genie/puppy/invoice_lines.csv,IL-INV-0030-02,,,Freight and handling,"{""description"":""Freight and handling"",""invoice_id"":""INV-0030"",""invoice_line_id"":""IL-INV-0030-02"",""line_amount"":""38935.40"",""line_number"":""2"",""purchase_order_id"":""PO-26030"",""quantity"":""8"",""unit_price"":""4866.92""}",genie/puppy/invoice_lines.csv#IL-INV-0030-02,2026.07.19.2
CEO_BARKED_TWICE,PUPPY,IL-INV-0030-03,INVOICE_LINE,,Calibration/service,GENIE,genie/puppy/invoice_lines.csv,IL-INV-0030-03,,,Calibration/service,"{""description"":""Calibration/service"",""invoice_id"":""INV-0030"",""invoice_line_id"":""IL-INV-0030-03"",""line_amount"":""28194.60"",""line_number"":""3"",""purchase_order_id"":""PO-26030"",""quantity"":""4"",""unit_price"":""7048.65""}",genie/puppy/invoice_lines.csv#IL-INV-0030-03,2026.07.19.2
CEO_BARKED_TWICE,PUPPY,IL-INV-0030-04,INVOICE_LINE,,Tax and administration,GENIE,genie/puppy/invoice_lines.csv,IL-INV-0030-04,,,Tax and administration,"{""description"":""Tax and administration"",""invoice_id"":""INV-0030"",""invoice_line_id"":""IL-INV-0030-04"",""line_amount"":""17453.80"",""line_number"":""4"",""purchase_order_id"":""PO-26030"",""quantity"":""1"",""unit_price"":""17453.80""}",genie/puppy/invoice_lines.csv#IL-INV-0030-04,2026.07.19.2
CEO_BARKED_TWICE,PUPPY,IL-INV-0031-01,INVOICE_LINE,,Primary goods,GENIE,genie/puppy/invoice_lines.csv,IL-INV-0031-01,,,Primary goods,"{""description"":""Primary goods"",""invoice_id"":""INV-0031"",""invoice_line_id"":""IL-INV-0031-01"",""line_amount"":""49454.20"",""line_number"":""1"",""purchase_order_id"":""PO-26031"",""quantity"":""12"",""unit_price"":""4121.18""}",genie/puppy/invoice_lines.csv#IL-INV-0031-01,2026.07.19.2
CEO_BARKED_TWICE,PUPPY,IL-INV-0031-02,INVOICE_LINE,,Freight and handling,GENIE,genie/puppy/invoice_lines.csv,IL-INV-0031-02,,,Freight and handling,"{""description"":""Freight and handling"",""invoice_id"":""INV-0031"",""invoice_line_id"":""IL-INV-0031-02"",""line_amount"":""38761.40"",""line_number"":""2"",""purchase_order_id"":""PO-26031"",""quantity"":""8"",""unit_price"":""4845.17""}",genie/puppy/invoice_lines.csv#IL-INV-0031-02,2026.07.19.2
CEO_BARKED_TWICE,PUPPY,IL-INV-0031-03,INVOICE_LINE,,Calibration/service,GENIE,genie/puppy/invoice_lines.csv,IL-INV-0031-03,,,Calibration/service,"{""description"":""Calibration/service"",""invoice_id"":""INV-0031"",""invoice_line_id"":""IL-INV-0031-03"",""line_amount"":""28068.60"",""line_number"":""3"",""purchase_order_id"":""PO-26031"",""quantity"":""4"",""unit_price"":""7017.15""}",genie/puppy/invoice_lines.csv#IL-INV-0031-03,2026.07.19.2
CEO_BARKED_TWICE,PUPPY,IL-INV-0031-04,INVOICE_LINE,,Tax and administration,GENIE,genie/puppy/invoice_lines.csv,IL-INV-0031-04,,,Tax and administration,"{""description"":""Tax and administration"",""invoice_id"":""INV-0031"",""invoice_line_id"":""IL-INV-0031-04"",""line_amount"":""17375.80"",""line_number"":""4"",""purchase_order_id"":""PO-26031"",""quantity"":""1"",""unit_price"":""17375.80""}",genie/puppy/invoice_lines.csv#IL-INV-0031-04,2026.07.19.2
CEO_BARKED_TWICE,PUPPY,IL-INV-0032-01,INVOICE_LINE,,Primary goods,GENIE,genie/puppy/invoice_lines.csv,IL-INV-0032-01,,,Primary goods,"{""description"":""Primary goods"",""invoice_id"":""INV-0032"",""invoice_line_id"":""IL-INV-0032-01"",""line_amount"":""57276.00"",""line_number"":""1"",""purchase_order_id"":""PO-26032"",""quantity"":""12"",""unit_price"":""4773.00""}",genie/puppy/invoice_lines.csv#IL-INV-0032-01,2026.07.19.2
CEO_BARKED_TWICE,PUPPY,IL-INV-0032-02,INVOICE_LINE,,Freight and handling,GENIE,genie/puppy/invoice_lines.csv,IL-INV-0032-02,,,Freight and handling,"{""description"":""Freight and handling"",""invoice_id"":""INV-0032"",""invoice_line_id"":""IL-INV-0032-02"",""line_amount"":""44892.00"",""line_number"":""2"",""purchase_order_id"":""PO-26032"",""quantity"":""8"",""unit_price"":""5611.50""}",genie/puppy/invoice_lines.csv#IL-INV-0032-02,2026.07.19.2
CEO_BARKED_TWICE,PUPPY,IL-INV-0032-03,INVOICE_LINE,,Calibration/service,GENIE,genie/puppy/invoice_lines.csv,IL-INV-0032-03,,,Calibration/service,"{""description"":""Calibration/service"",""invoice_id"":""INV-0032"",""invoice_line_id"":""IL-INV-0032-03"",""line_amount"":""32508.00"",""line_number"":""3"",""purchase_order_id"":""PO-26032"",""quantity"":""4"",""unit_price"":""8127.00""}",genie/puppy/invoice_lines.csv#IL-INV-0032-03,2026.07.19.2
CEO_BARKED_TWICE,PUPPY,IL-INV-0032-04,INVOICE_LINE,,Tax and administration,GENIE,genie/puppy/invoice_lines.csv,IL-INV-0032-04,,,Tax and administration,"{""description"":""Tax and administration"",""invoice_id"":""INV-0032"",""invoice_line_id"":""IL-INV-0032-04"",""line_amount"":""20124.00"",""line_number"":""4"",""purchase_order_id"":""PO-26032"",""quantity"":""1"",""unit_price"":""20124.00""}",genie/puppy/invoice_lines.csv#IL-INV-0032-04,2026.07.19.2
CEO_BARKED_TWICE,PUPPY,IL-INV-0033-01,INVOICE_LINE,,Primary goods,GENIE,genie/puppy/invoice_lines.csv,IL-INV-0033-01,,,Primary goods,"{""description"":""Primary goods"",""invoice_id"":""INV-0033"",""invoice_line_id"":""IL-INV-0033-01"",""line_amount"":""65601.00"",""line_number"":""1"",""purchase_order_id"":""PO-26033"",""quantity"":""12"",""unit_price"":""5466.75""}",genie/puppy/invoice_lines.csv#IL-INV-0033-01,2026.07.19.2
CEO_BARKED_TWICE,PUPPY,IL-INV-0033-02,INVOICE_LINE,,Freight and handling,GENIE,genie/puppy/invoice_lines.csv,IL-INV-0033-02,,,Freight and handling,"{""description"":""Freight and handling"",""invoice_id"":""INV-0033"",""invoice_line_id"":""IL-INV-0033-02"",""line_amount"":""51417.00"",""line_number"":""2"",""purchase_order_id"":""PO-26033"",""quantity"":""8"",""unit_price"":""6427.12""}",genie/puppy/invoice_lines.csv#IL-INV-0033-02,2026.07.19.2
CEO_BARKED_TWICE,PUPPY,IL-INV-0033-03,INVOICE_LINE,,Calibration/service,GENIE,genie/puppy/invoice_lines.csv,IL-INV-0033-03,,,Calibration/service,"{""description"":""Calibration/service"",""invoice_id"":""INV-0033"",""invoice_line_id"":""IL-INV-0033-03"",""line_amount"":""37233.00"",""line_number"":""3"",""purchase_order_id"":""PO-26033"",""quantity"":""4"",""unit_price"":""9308.25""}",genie/puppy/invoice_lines.csv#IL-INV-0033-03,2026.07.19.2
CEO_BARKED_TWICE,PUPPY,IL-INV-0033-04,INVOICE_LINE,,Tax and administration,GENIE,genie/puppy/invoice_lines.csv,IL-INV-0033-04,,,Tax and administration,"{""description"":""Tax and administration"",""invoice_id"":""INV-0033"",""invoice_line_id"":""IL-INV-0033-04"",""line_amount"":""23049.00"",""line_number"":""4"",""purchase_order_id"":""PO-26033"",""quantity"":""1"",""unit_price"":""23049.00""}",genie/puppy/invoice_lines.csv#IL-INV-0033-04,2026.07.19.2
CEO_BARKED_TWICE,PUPPY,IL-INV-0034-01,INVOICE_LINE,,Primary goods,GENIE,genie/puppy/invoice_lines.csv,IL-INV-0034-01,,,Primary goods,"{""description"":""Primary goods"",""invoice_id"":""INV-0034"",""invoice_line_id"":""IL-INV-0034-01"",""line_amount"":""74429.20"",""line_number"":""1"",""purchase_order_id"":""PO-26034"",""quantity"":""12"",""unit_price"":""6202.43""}",genie/puppy/invoice_lines.csv#IL-INV-0034-01,2026.07.19.2
CEO_BARKED_TWICE,PUPPY,IL-INV-0034-02,INVOICE_LINE,,Freight and handling,GENIE,genie/puppy/invoice_lines.csv,IL-INV-0034-02,,,Freight and handling,"{""description"":""Freight and handling"",""invoice_id"":""INV-0034"",""invoice_line_id"":""IL-INV-0034-02"",""line_amount"":""58336.40"",""line_number"":""2"",""purchase_order_id"":""PO-26034"",""quantity"":""8"",""unit_price"":""7292.05""}",genie/puppy/invoice_lines.csv#IL-INV-0034-02,2026.07.19.2
CEO_BARKED_TWICE,PUPPY,IL-INV-0034-03,INVOICE_LINE,,Calibration/service,GENIE,genie/puppy/invoice_lines.csv,IL-INV-0034-03,,,Calibration/service,"{""description"":""Calibration/service"",""invoice_id"":""INV-0034"",""invoice_line_id"":""IL-INV-0034-03"",""line_amount"":""42243.60"",""line_number"":""3"",""purchase_order_id"":""PO-26034"",""quantity"":""4"",""unit_price"":""10560.90""}",genie/puppy/invoice_lines.csv#IL-INV-0034-03,2026.07.19.2
CEO_BARKED_TWICE,PUPPY,IL-INV-0034-04,INVOICE_LINE,,Tax and administration,GENIE,genie/puppy/invoice_lines.csv,IL-INV-0034-04,,,Tax and administration,"{""description"":""Tax and administration"",""invoice_id"":""INV-0034"",""invoice_line_id"":""IL-INV-0034-04"",""line_amount"":""26150.80"",""line_number"":""4"",""purchase_order_id"":""PO-26034"",""quantity"":""1"",""unit_price"":""26150.80""}",genie/puppy/invoice_lines.csv#IL-INV-0034-04,2026.07.19.2
CEO_BARKED_TWICE,PUPPY,IL-INV-0035-01,INVOICE_LINE,,Primary goods,GENIE,genie/puppy/invoice_lines.csv,IL-INV-0035-01,,,Primary goods,"{""description"":""Primary goods"",""invoice_id"":""INV-0035"",""invoice_line_id"":""IL-INV-0035-01"",""line_amount"":""83760.60"",""line_number"":""1"",""purchase_order_id"":""PO-26035"",""quantity"":""12"",""unit_price"":""6980.05""}",genie/puppy/invoice_lines.csv#IL-INV-0035-01,2026.07.19.2
CEO_BARKED_TWICE,PUPPY,IL-INV-0035-02,INVOICE_LINE,,Freight and handling,GENIE,genie/puppy/invoice_lines.csv,IL-INV-0035-02,,,Freight and handling,"{""description"":""Freight and handling"",""invoice_id"":""INV-0035"",""invoice_line_id"":""IL-INV-0035-02"",""line_amount"":""65650.20"",""line_number"":""2"",""purchase_order_id"":""PO-26035"",""quantity"":""8"",""unit_price"":""8206.27""}",genie/puppy/invoice_lines.csv#IL-INV-0035-02,2026.07.19.2
CEO_BARKED_TWICE,PUPPY,IL-INV-0035-03,INVOICE_LINE,,Calibration/service,GENIE,genie/puppy/invoice_lines.csv,IL-INV-0035-03,,,Calibration/service,"{""description"":""Calibration/service"",""invoice_id"":""INV-0035"",""invoice_line_id"":""IL-INV-0035-03"",""line_amount"":""47539.80"",""line_number"":""3"",""purchase_order_id"":""PO-26035"",""quantity"":""4"",""unit_price"":""11884.95""}",genie/puppy/invoice_lines.csv#IL-INV-0035-03,2026.07.19.2
CEO_BARKED_TWICE,PUPPY,IL-INV-0035-04,INVOICE_LINE,,Tax and administration,GENIE,genie/puppy/invoice_lines.csv,IL-INV-0035-04,,,Tax and administration,"{""description"":""Tax and administration"",""invoice_id"":""INV-0035"",""invoice_line_id"":""IL-INV-0035-04"",""line_amount"":""29429.40"",""line_number"":""4"",""purchase_order_id"":""PO-26035"",""quantity"":""1"",""unit_price"":""29429.40""}",genie/puppy/invoice_lines.csv#IL-INV-0035-04,2026.07.19.2
CEO_BARKED_TWICE,PUPPY,IL-INV-0036-01,INVOICE_LINE,,Primary goods,GENIE,genie/puppy/invoice_lines.csv,IL-INV-0036-01,,,Primary goods,"{""description"":""Primary goods"",""invoice_id"":""INV-0036"",""invoice_line_id"":""IL-INV-0036-01"",""line_amount"":""75243.20"",""line_number"":""1"",""purchase_order_id"":""PO-26036"",""quantity"":""12"",""unit_price"":""6270.27""}",genie/puppy/invoice_lines.csv#IL-INV-0036-01,2026.07.19.2
CEO_BARKED_TWICE,PUPPY,IL-INV-0036-02,INVOICE_LINE,,Freight and handling,GENIE,genie/puppy/invoice_lines.csv,IL-INV-0036-02,,,Freight and handling,"{""description"":""Freight and handling"",""invoice_id"":""INV-0036"",""invoice_line_id"":""IL-INV-0036-02"",""line_amount"":""58974.40"",""line_number"":""2"",""purchase_order_id"":""PO-26036"",""quantity"":""8"",""unit_price"":""7371.80""}",genie/puppy/invoice_lines.csv#IL-INV-0036-02,2026.07.19.2
CEO_BARKED_TWICE,PUPPY,IL-INV-0036-03,INVOICE_LINE,,Calibration/service,GENIE,genie/puppy/invoice_lines.csv,IL-INV-0036-03,,,Calibration/service,"{""description"":""Calibration/service"",""invoice_id"":""INV-0036"",""invoice_line_id"":""IL-INV-0036-03"",""line_amount"":""42705.60"",""line_number"":""3"",""purchase_order_id"":""PO-26036"",""quantity"":""4"",""unit_price"":""10676.40""}",genie/puppy/invoice_lines.csv#IL-INV-0036-03,2026.07.19.2
CEO_BARKED_TWICE,PUPPY,IL-INV-0036-04,INVOICE_LINE,,Tax and administration,GENIE,genie/puppy/invoice_lines.csv,IL-INV-0036-04,,,Tax and administration,"{""description"":""Tax and administration"",""invoice_id"":""INV-0036"",""invoice_line_id"":""IL-INV-0036-04"",""line_amount"":""26436.80"",""line_number"":""4"",""purchase_order_id"":""PO-26036"",""quantity"":""1"",""unit_price"":""26436.80""}",genie/puppy/invoice_lines.csv#IL-INV-0036-04,2026.07.19.2
CEO_BARKED_TWICE,PUPPY,IL-INV-0037-01,INVOICE_LINE,,Primary goods,GENIE,genie/puppy/invoice_lines.csv,IL-INV-0037-01,,,Primary goods,"{""description"":""Primary goods"",""invoice_id"":""INV-0037"",""invoice_line_id"":""IL-INV-0037-01"",""line_amount"":""35638.40"",""line_number"":""1"",""purchase_order_id"":""PO-26037"",""quantity"":""12"",""unit_price"":""2969.87""}",genie/puppy/invoice_lines.csv#IL-INV-0037-01,2026.07.19.2
CEO_BARKED_TWICE,PUPPY,IL-INV-0037-02,INVOICE_LINE,,Freight and handling,GENIE,genie/puppy/invoice_lines.csv,IL-INV-0037-02,,,Freight and handling,"{""description"":""Freight and handling"",""invoice_id"":""INV-0037"",""invoice_line_id"":""IL-INV-0037-02"",""line_amount"":""27932.80"",""line_number"":""2"",""purchase_order_id"":""PO-26037"",""quantity"":""8"",""unit_price"":""3491.60""}",genie/puppy/invoice_lines.csv#IL-INV-0037-02,2026.07.19.2
CEO_BARKED_TWICE,PUPPY,IL-INV-0037-03,INVOICE_LINE,,Calibration/service,GENIE,genie/puppy/invoice_lines.csv,IL-INV-0037-03,,,Calibration/service,"{""description"":""Calibration/service"",""invoice_id"":""INV-0037"",""invoice_line_id"":""IL-INV-0037-03"",""line_amount"":""20227.20"",""line_number"":""3"",""purchase_order_id"":""PO-26037"",""quantity"":""4"",""unit_price"":""5056.80""}",genie/puppy/invoice_lines.csv#IL-INV-0037-03,2026.07.19.2
CEO_BARKED_TWICE,PUPPY,IL-INV-0037-04,INVOICE_LINE,,Tax and administration,GENIE,genie/puppy/invoice_lines.csv,IL-INV-0037-04,,,Tax and administration,"{""description"":""Tax and administration"",""invoice_id"":""INV-0037"",""invoice_line_id"":""IL-INV-0037-04"",""line_amount"":""12521.60"",""line_number"":""4"",""purchase_order_id"":""PO-26037"",""quantity"":""1"",""unit_price"":""12521.60""}",genie/puppy/invoice_lines.csv#IL-INV-0037-04,2026.07.19.2
CEO_BARKED_TWICE,PUPPY,IL-INV-0038-01,INVOICE_LINE,,Primary goods,GENIE,genie/puppy/invoice_lines.csv,IL-INV-0038-01,,,Primary goods,"{""description"":""Primary goods"",""invoice_id"":""INV-0038"",""invoice_line_id"":""IL-INV-0038-01"",""line_amount"":""42957.00"",""line_number"":""1"",""purchase_order_id"":""PO-26038"",""quantity"":""12"",""unit_price"":""3579.75""}",genie/puppy/invoice_lines.csv#IL-INV-0038-01,2026.07.19.2
CEO_BARKED_TWICE,PUPPY,IL-INV-0038-02,INVOICE_LINE,,Freight and handling,GENIE,genie/puppy/invoice_lines.csv,IL-INV-0038-02,,,Freight and handling,"{""description"":""Freight and handling"",""invoice_id"":""INV-0038"",""invoice_line_id"":""IL-INV-0038-02"",""line_amount"":""33669.00"",""line_number"":""2"",""purchase_order_id"":""PO-26038"",""quantity"":""8"",""unit_price"":""4208.62""}",genie/puppy/invoice_lines.csv#IL-INV-0038-02,2026.07.19.2
CEO_BARKED_TWICE,PUPPY,IL-INV-0038-03,INVOICE_LINE,,Calibration/service,GENIE,genie/puppy/invoice_lines.csv,IL-INV-0038-03,,,Calibration/service,"{""description"":""Calibration/service"",""invoice_id"":""INV-0038"",""invoice_line_id"":""IL-INV-0038-03"",""line_amount"":""24381.00"",""line_number"":""3"",""purchase_order_id"":""PO-26038"",""quantity"":""4"",""unit_price"":""6095.25""}",genie/puppy/invoice_lines.csv#IL-INV-0038-03,2026.07.19.2
CEO_BARKED_TWICE,PUPPY,IL-INV-0038-04,INVOICE_LINE,,Tax and administration,GENIE,genie/puppy/invoice_lines.csv,IL-INV-0038-04,,,Tax and administration,"{""description"":""Tax and administration"",""invoice_id"":""INV-0038"",""invoice_line_id"":""IL-INV-0038-04"",""line_amount"":""15093.00"",""line_number"":""4"",""purchase_order_id"":""PO-26038"",""quantity"":""1"",""unit_price"":""15093.00""}",genie/puppy/invoice_lines.csv#IL-INV-0038-04,2026.07.19.2
CEO_BARKED_TWICE,PUPPY,IL-INV-0039-01,INVOICE_LINE,,Primary goods,GENIE,genie/puppy/invoice_lines.csv,IL-INV-0039-01,,,Primary goods,"{""description"":""Primary goods"",""invoice_id"":""INV-0039"",""invoice_line_id"":""IL-INV-0039-01"",""line_amount"":""50778.80"",""line_number"":""1"",""purchase_order_id"":""PO-26039"",""quantity"":""12"",""unit_price"":""4231.57""}",genie/puppy/invoice_lines.csv#IL-INV-0039-01,2026.07.19.2
CEO_BARKED_TWICE,PUPPY,IL-INV-0039-02,INVOICE_LINE,,Freight and handling,GENIE,genie/puppy/invoice_lines.csv,IL-INV-0039-02,,,Freight and handling,"{""description"":""Freight and handling"",""invoice_id"":""INV-0039"",""invoice_line_id"":""IL-INV-0039-02"",""line_amount"":""39799.60"",""line_number"":""2"",""purchase_order_id"":""PO-26039"",""quantity"":""8"",""unit_price"":""4974.95""}",genie/puppy/invoice_lines.csv#IL-INV-0039-02,2026.07.19.2
CEO_BARKED_TWICE,PUPPY,IL-INV-0039-03,INVOICE_LINE,,Calibration/service,GENIE,genie/puppy/invoice_lines.csv,IL-INV-0039-03,,,Calibration/service,"{""description"":""Calibration/service"",""invoice_id"":""INV-0039"",""invoice_line_id"":""IL-INV-0039-03"",""line_amount"":""28820.40"",""line_number"":""3"",""purchase_order_id"":""PO-26039"",""quantity"":""4"",""unit_price"":""7205.10""}",genie/puppy/invoice_lines.csv#IL-INV-0039-03,2026.07.19.2
CEO_BARKED_TWICE,PUPPY,IL-INV-0039-04,INVOICE_LINE,,Tax and administration,GENIE,genie/puppy/invoice_lines.csv,IL-INV-0039-04,,,Tax and administration,"{""description"":""Tax and administration"",""invoice_id"":""INV-0039"",""invoice_line_id"":""IL-INV-0039-04"",""line_amount"":""17841.20"",""line_number"":""4"",""purchase_order_id"":""PO-26039"",""quantity"":""1"",""unit_price"":""17841.20""}",genie/puppy/invoice_lines.csv#IL-INV-0039-04,2026.07.19.2
CEO_BARKED_TWICE,PUPPY,IL-INV-0040-01,INVOICE_LINE,,Primary goods,GENIE,genie/puppy/invoice_lines.csv,IL-INV-0040-01,,,Primary goods,"{""description"":""Primary goods"",""invoice_id"":""INV-0040"",""invoice_line_id"":""IL-INV-0040-01"",""line_amount"":""59103.80"",""line_number"":""1"",""purchase_order_id"":""PO-26040"",""quantity"":""12"",""unit_price"":""4925.32""}",genie/puppy/invoice_lines.csv#IL-INV-0040-01,2026.07.19.2
CEO_BARKED_TWICE,PUPPY,IL-INV-0040-02,INVOICE_LINE,,Freight and handling,GENIE,genie/puppy/invoice_lines.csv,IL-INV-0040-02,,,Freight and handling,"{""description"":""Freight and handling"",""invoice_id"":""INV-0040"",""invoice_line_id"":""IL-INV-0040-02"",""line_amount"":""46324.60"",""line_number"":""2"",""purchase_order_id"":""PO-26040"",""quantity"":""8"",""unit_price"":""5790.57""}",genie/puppy/invoice_lines.csv#IL-INV-0040-02,2026.07.19.2
CEO_BARKED_TWICE,PUPPY,IL-INV-0040-03,INVOICE_LINE,,Calibration/service,GENIE,genie/puppy/invoice_lines.csv,IL-INV-0040-03,,,Calibration/service,"{""description"":""Calibration/service"",""invoice_id"":""INV-0040"",""invoice_line_id"":""IL-INV-0040-03"",""line_amount"":""33545.40"",""line_number"":""3"",""purchase_order_id"":""PO-26040"",""quantity"":""4"",""unit_price"":""8386.35""}",genie/puppy/invoice_lines.csv#IL-INV-0040-03,2026.07.19.2
CEO_BARKED_TWICE,PUPPY,IL-INV-0040-04,INVOICE_LINE,,Tax and administration,GENIE,genie/puppy/invoice_lines.csv,IL-INV-0040-04,,,Tax and administration,"{""description"":""Tax and administration"",""invoice_id"":""INV-0040"",""invoice_line_id"":""IL-INV-0040-04"",""line_amount"":""20766.20"",""line_number"":""4"",""purchase_order_id"":""PO-26040"",""quantity"":""1"",""unit_price"":""20766.20""}",genie/puppy/invoice_lines.csv#IL-INV-0040-04,2026.07.19.2
CEO_BARKED_TWICE,PUPPY,IL-INV-0041-01,INVOICE_LINE,,Primary goods,GENIE,genie/puppy/invoice_lines.csv,IL-INV-0041-01,,,Primary goods,"{""description"":""Primary goods"",""invoice_id"":""INV-0041"",""invoice_line_id"":""IL-INV-0041-01"",""line_amount"":""57342.60"",""line_number"":""1"",""purchase_order_id"":""PO-26041"",""quantity"":""12"",""unit_price"":""4778.55""}",genie/puppy/invoice_lines.csv#IL-INV-0041-01,2026.07.19.2
CEO_BARKED_TWICE,PUPPY,IL-INV-0041-02,INVOICE_LINE,,Freight and handling,GENIE,genie/puppy/invoice_lines.csv,IL-INV-0041-02,,,Freight and handling,"{""description"":""Freight and handling"",""invoice_id"":""INV-0041"",""invoice_line_id"":""IL-INV-0041-02"",""line_amount"":""44944.20"",""line_number"":""2"",""purchase_order_id"":""PO-26041"",""quantity"":""8"",""unit_price"":""5618.02""}",genie/puppy/invoice_lines.csv#IL-INV-0041-02,2026.07.19.2
CEO_BARKED_TWICE,PUPPY,IL-INV-0041-03,INVOICE_LINE,,Calibration/service,GENIE,genie/puppy/invoice_lines.csv,IL-INV-0041-03,,,Calibration/service,"{""description"":""Calibration/service"",""invoice_id"":""INV-0041"",""invoice_line_id"":""IL-INV-0041-03"",""line_amount"":""32545.80"",""line_number"":""3"",""purchase_order_id"":""PO-26041"",""quantity"":""4"",""unit_price"":""8136.45""}",genie/puppy/invoice_lines.csv#IL-INV-0041-03,2026.07.19.2
CEO_BARKED_TWICE,PUPPY,IL-INV-0041-04,INVOICE_LINE,,Tax and administration,GENIE,genie/puppy/invoice_lines.csv,IL-INV-0041-04,,,Tax and administration,"{""description"":""Tax and administration"",""invoice_id"":""INV-0041"",""invoice_line_id"":""IL-INV-0041-04"",""line_amount"":""20147.40"",""line_number"":""4"",""purchase_order_id"":""PO-26041"",""quantity"":""1"",""unit_price"":""20147.40""}",genie/puppy/invoice_lines.csv#IL-INV-0041-04,2026.07.19.2
CEO_BARKED_TWICE,PUPPY,IL-INV-0042-01,INVOICE_LINE,,Primary goods,GENIE,genie/puppy/invoice_lines.csv,IL-INV-0042-01,,,Primary goods,"{""description"":""Primary goods"",""invoice_id"":""INV-0042"",""invoice_line_id"":""IL-INV-0042-01"",""line_amount"":""65549.20"",""line_number"":""1"",""purchase_order_id"":""PO-26042"",""quantity"":""12"",""unit_price"":""5462.43""}",genie/puppy/invoice_lines.csv#IL-INV-0042-01,2026.07.19.2
CEO_BARKED_TWICE,PUPPY,IL-INV-0042-02,INVOICE_LINE,,Freight and handling,GENIE,genie/puppy/invoice_lines.csv,IL-INV-0042-02,,,Freight and handling,"{""description"":""Freight and handling"",""invoice_id"":""INV-0042"",""invoice_line_id"":""IL-INV-0042-02"",""line_amount"":""51376.40"",""line_number"":""2"",""purchase_order_id"":""PO-26042"",""quantity"":""8"",""unit_price"":""6422.05""}",genie/puppy/invoice_lines.csv#IL-INV-0042-02,2026.07.19.2
CEO_BARKED_TWICE,PUPPY,IL-INV-0042-03,INVOICE_LINE,,Calibration/service,GENIE,genie/puppy/invoice_lines.csv,IL-INV-0042-03,,,Calibration/service,"{""description"":""Calibration/service"",""invoice_id"":""INV-0042"",""invoice_line_id"":""IL-INV-0042-03"",""line_amount"":""37203.60"",""line_number"":""3"",""purchase_order_id"":""PO-26042"",""quantity"":""4"",""unit_price"":""9300.90""}",genie/puppy/invoice_lines.csv#IL-INV-0042-03,2026.07.19.2
CEO_BARKED_TWICE,PUPPY,IL-INV-0042-04,INVOICE_LINE,,Tax and administration,GENIE,genie/puppy/invoice_lines.csv,IL-INV-0042-04,,,Tax and administration,"{""description"":""Tax and administration"",""invoice_id"":""INV-0042"",""invoice_line_id"":""IL-INV-0042-04"",""line_amount"":""23030.80"",""line_number"":""4"",""purchase_order_id"":""PO-26042"",""quantity"":""1"",""unit_price"":""23030.80""}",genie/puppy/invoice_lines.csv#IL-INV-0042-04,2026.07.19.2
CEO_BARKED_TWICE,PUPPY,INV-COPPER-1048-G,INVOICE,,CPI-1048,GENIE,genie/puppy/invoices.csv,INV-COPPER-1048-G,2026-02-10,,CPI-1048,"{""approval_status"":""VERIFIED"",""attachment_hash"":""HASH-COPPER-1048-G"",""beneficiary_account_id"":""A-COPPER-2207"",""buyer_organization_record_id"":""OR-SCC-01"",""currency"":""BSC"",""due_at"":""2026-03-12"",""invoice_id"":""INV-COPPER-1048-G"",""invoice_number"":""CPI-1048"",""issued_at"":""2026-02-10"",""purchase_order_id"":""PO-26005"",""sender_domain"":""copperpaw.example"",""total_amount"":""420000.00"",""vendor_organization_record_id"":""OR-COPPER-01""}",genie/puppy/invoices.csv#INV-COPPER-1048-G,2026.07.19.2
CEO_BARKED_TWICE,PUPPY,INV-COPPER-1048-F,INVOICE,,CPI-1048,GENIE,genie/puppy/invoices.csv,INV-COPPER-1048-F,2026-02-10,,CPI-1048,"{""approval_status"":""APPROVED"",""attachment_hash"":""HASH-COPPER-1048-F"",""beneficiary_account_id"":""A-NIGHTJAR-8842"",""buyer_organization_record_id"":""OR-SCC-01"",""currency"":""BSC"",""due_at"":""2026-02-13"",""invoice_id"":""INV-COPPER-1048-F"",""invoice_number"":""CPI-1048"",""issued_at"":""2026-02-10"",""purchase_order_id"":""PO-26005"",""sender_domain"":""copperpavv.example"",""total_amount"":""420000.00"",""vendor_organization_record_id"":""OR-COPPER-01""}",genie/puppy/invoices.csv#INV-COPPER-1048-F,2026.07.19.2
CEO_BARKED_TWICE,PUPPY,INV-COPPER-1059-G,INVOICE,,CPI-1059,GENIE,genie/puppy/invoices.csv,INV-COPPER-1059-G,2026-02-18,,CPI-1059,"{""approval_status"":""VERIFIED"",""attachment_hash"":""HASH-COPPER-1059-G"",""beneficiary_account_id"":""A-COPPER-2207"",""buyer_organization_record_id"":""OR-SCC-01"",""currency"":""BSC"",""due_at"":""2026-03-20"",""invoice_id"":""INV-COPPER-1059-G"",""invoice_number"":""CPI-1059"",""issued_at"":""2026-02-18"",""purchase_order_id"":""PO-26013"",""sender_domain"":""copperpaw.example"",""total_amount"":""680000.00"",""vendor_organization_record_id"":""OR-COPPER-01""}",genie/puppy/invoices.csv#INV-COPPER-1059-G,2026.07.19.2
CEO_BARKED_TWICE,PUPPY,INV-COPPER-1059-F,INVOICE,,CPI-1059,GENIE,genie/puppy/invoices.csv,INV-COPPER-1059-F,2026-02-18,,CPI-1059,"{""approval_status"":""APPROVED"",""attachment_hash"":""HASH-COPPER-1059-F"",""beneficiary_account_id"":""A-NIGHTJAR-8842"",""buyer_organization_record_id"":""OR-SCC-01"",""currency"":""BSC"",""due_at"":""2026-02-21"",""invoice_id"":""INV-COPPER-1059-F"",""invoice_number"":""CPI-1059"",""issued_at"":""2026-02-18"",""purchase_order_id"":""PO-26013"",""sender_domain"":""copperpavv.example"",""total_amount"":""680000.00"",""vendor_organization_record_id"":""OR-COPPER-01""}",genie/puppy/invoices.csv#INV-COPPER-1059-F,2026.07.19.2
CEO_BARKED_TWICE,PUPPY,INV-COPPER-1062-G,INVOICE,,CPI-1062,GENIE,genie/puppy/invoices.csv,INV-COPPER-1062-G,2026-02-25,,CPI-1062,"{""approval_status"":""VERIFIED"",""attachment_hash"":""HASH-COPPER-1062-G"",""beneficiary_account_id"":""A-COPPER-2207"",""buyer_organization_record_id"":""OR-SCC-01"",""currency"":""BSC"",""due_at"":""2026-03-27"",""invoice_id"":""INV-COPPER-1062-G"",""invoice_number"":""CPI-1062"",""issued_at"":""2026-02-25"",""purchase_order_id"":""PO-26021"",""sender_domain"":""copperpaw.example"",""total_amount"":""155000.00"",""vendor_organization_record_id"":""OR-COPPER-01""}",genie/puppy/invoices.csv#INV-COPPER-1062-G,2026.07.19.2
CEO_BARKED_TWICE,PUPPY,INV-COPPER-1062-F,INVOICE,,CPI-1062,GENIE,genie/puppy/invoices.csv,INV-COPPER-1062-F,2026-02-25,,CPI-1062,"{""approval_status"":""HELD"",""attachment_hash"":""HASH-COPPER-1062-F"",""beneficiary_account_id"":""A-NIGHTJAR-8842"",""buyer_organization_record_id"":""OR-SCC-01"",""currency"":""BSC"",""due_at"":""2026-02-28"",""invoice_id"":""INV-COPPER-1062-F"",""invoice_number"":""CPI-1062"",""issued_at"":""2026-02-25"",""purchase_order_id"":""PO-26021"",""sender_domain"":""copperpavv.example"",""total_amount"":""155000.00"",""vendor_organization_record_id"":""OR-COPPER-01""}",genie/puppy/invoices.csv#INV-COPPER-1062-F,2026.07.19.2
CEO_BARKED_TWICE,PUPPY,INV-0001,INVOICE,,COPPER-2025-1000,GENIE,genie/puppy/invoices.csv,INV-0001,2025-07-15,,COPPER-2025-1000,"{""approval_status"":""PAID"",""attachment_hash"":""58045d97f5d12604471a8b71d5866aebdd113f9eb4f92bab0c38ab2caeec02af"",""beneficiary_account_id"":""A-COPPER-2207"",""buyer_organization_record_id"":""OR-SCC-01"",""currency"":""BSC"",""due_at"":""2025-08-14"",""invoice_id"":""INV-0001"",""invoice_number"":""COPPER-2025-1000"",""issued_at"":""2025-07-15"",""purchase_order_id"":""PO-26001"",""sender_domain"":""copperpaw.example"",""total_amount"":""69700.00"",""vendor_organization_record_id"":""OR-COPPER-01""}",genie/puppy/invoices.csv#INV-0001,2026.07.19.2
CEO_BARKED_TWICE,PUPPY,INV-0002,INVOICE,,IRON-2025-1001,GENIE,genie/puppy/invoices.csv,INV-0002,2025-07-18,,IRON-2025-1001,"{""approval_status"":""PAID"",""attachment_hash"":""8f63d12e9b894b5343bb109353719c36c418b32b0b22ca39dc7fcfdcda1fca6f"",""beneficiary_account_id"":""A-IRON-3041"",""buyer_organization_record_id"":""OR-SCC-01"",""currency"":""BSC"",""due_at"":""2025-08-17"",""invoice_id"":""INV-0002"",""invoice_number"":""IRON-2025-1001"",""issued_at"":""2025-07-18"",""purchase_order_id"":""PO-26002"",""sender_domain"":""iron.leash.manufacturing.example"",""total_amount"":""87720.00"",""vendor_organization_record_id"":""OR-IRON-01""}",genie/puppy/invoices.csv#INV-0002,2026.07.19.2
CEO_BARKED_TWICE,PUPPY,INV-0003,INVOICE,,WIRE-2025-1002,GENIE,genie/puppy/invoices.csv,INV-0003,2025-07-21,,WIRE-2025-1002,"{""approval_status"":""PAID"",""attachment_hash"":""03b620b603313f67b9128e1acc652b60afb45bbc6c6ca9d33286602ac754557b"",""beneficiary_account_id"":""A-WIRE-3082"",""buyer_organization_record_id"":""OR-SCC-01"",""currency"":""BSC"",""due_at"":""2025-08-20"",""invoice_id"":""INV-0003"",""invoice_number"":""WIRE-2025-1002"",""issued_at"":""2025-07-21"",""purchase_order_id"":""PO-26003"",""sender_domain"":""wire.whisker.electronics.example"",""total_amount"":""107100.00"",""vendor_organization_record_id"":""OR-WIRE-01""}",genie/puppy/invoices.csv#INV-0003,2026.07.19.2
CEO_BARKED_TWICE,PUPPY,INV-0004,INVOICE,,TAIL-2025-1003,GENIE,genie/puppy/invoices.csv,INV-0004,2025-07-24,,TAIL-2025-1003,"{""approval_status"":""PAID"",""attachment_hash"":""33f89a9a82c589598879c53d62336d7969ff7c89983f1c2a2677fe77d171b2bf"",""beneficiary_account_id"":""A-TAIL-3123"",""buyer_organization_record_id"":""OR-SCC-01"",""currency"":""BSC"",""due_at"":""2025-08-23"",""invoice_id"":""INV-0004"",""invoice_number"":""TAIL-2025-1003"",""issued_at"":""2025-07-24"",""purchase_order_id"":""PO-26004"",""sender_domain"":""tailspin.freight.co.example"",""total_amount"":""127840.00"",""vendor_organization_record_id"":""OR-TAIL-01""}",genie/puppy/invoices.csv#INV-0004,2026.07.19.2
CEO_BARKED_TWICE,PUPPY,INV-0005,INVOICE,,BLUEBOWL-2025-1004,GENIE,genie/puppy/invoices.csv,INV-0005,2025-07-27,,BLUEBOWL-2025-1004,"{""approval_status"":""PAID"",""attachment_hash"":""53077609bfd0e3b3e9d8b2e97fef46f7c6346e100b9aa70f7de1fc2a8f2f2b08"",""beneficiary_account_id"":""A-BLUEBOWL-3164"",""buyer_organization_record_id"":""OR-SCC-01"",""currency"":""BSC"",""due_at"":""2025-08-26"",""invoice_id"":""INV-0005"",""invoice_number"":""BLUEBOWL-2025-1004"",""issued_at"":""2025-07-27"",""purchase_order_id"":""PO-26005"",""sender_domain"":""blue.bowl.packaging.example"",""total_amount"":""149940.00"",""vendor_organization_record_id"":""OR-BLUEBOWL-01""}",genie/puppy/invoices.csv#INV-0005,2026.07.19.2
CEO_BARKED_TWICE,PUPPY,INV-0006,INVOICE,,HOUNDOFF-2025-1005,GENIE,genie/puppy/invoices.csv,INV-0006,2025-07-30,,HOUNDOFF-2025-1005,"{""approval_status"":""PAID"",""attachment_hash"":""9299ec88201ac915726350a283ac75596c947dac538f60d06681aada451a630f"",""beneficiary_account_id"":""A-HOUNDOFF-3205"",""buyer_organization_record_id"":""OR-SCC-01"",""currency"":""BSC"",""due_at"":""2025-08-29"",""invoice_id"":""INV-0006"",""invoice_number"":""HOUNDOFF-2025-1005"",""issued_at"":""2025-07-30"",""purchase_order_id"":""PO-26006"",""sender_domain"":""hound.office.solutions.example"",""total_amount"":""139400.00"",""vendor_organization_record_id"":""OR-HOUNDOFF-01""}",genie/puppy/invoices.csv#INV-0006,2026.07.19.2
CEO_BARKED_TWICE,PUPPY,INV-0007,INVOICE,,RETRIEVER-2025-1006,GENIE,genie/puppy/invoices.csv,INV-0007,2025-08-02,,RETRIEVER-2025-1006,"{""approval_status"":""PAID"",""attachment_hash"":""ef82befb5494a36805d4698515d23d2b1db53f1c2d308c9b1b4ef5d738d5aa56"",""beneficiary_account_id"":""A-RETRIEVER-3246"",""buyer_organization_record_id"":""OR-SCC-01"",""currency"":""BSC"",""due_at"":""2025-09-01"",""invoice_id"":""INV-0007"",""invoice_number"":""RETRIEVER-2025-1006"",""issued_at"":""2025-08-02"",""purchase_order_id"":""PO-26007"",""sender_domain"":""retriever.robotics.example"",""total_amount"":""160820.00"",""vendor_organization_record_id"":""OR-RETRIEVER-01""}",genie/puppy/invoices.csv#INV-0007,2026.07.19.2
CEO_BARKED_TWICE,PUPPY,INV-0008,INVOICE,,COPPER-2025-1007,GENIE,genie/puppy/invoices.csv,INV-0008,2025-08-05,,COPPER-2025-1007,"{""approval_status"":""PAID"",""attachment_hash"":""7765dda0783c31d9760e36da87b82f782878eb2bb1249fddb5a0041afcdeeaa9"",""beneficiary_account_id"":""A-COPPER-2207"",""buyer_organization_record_id"":""OR-SCC-01"",""currency"":""BSC"",""due_at"":""2025-09-04"",""invoice_id"":""INV-0008"",""invoice_number"":""COPPER-2025-1007"",""issued_at"":""2025-08-05"",""purchase_order_id"":""PO-26008"",""sender_domain"":""copperpaw.example"",""total_amount"":""183600.00"",""vendor_organization_record_id"":""OR-COPPER-01""}",genie/puppy/invoices.csv#INV-0008,2026.07.19.2
CEO_BARKED_TWICE,PUPPY,INV-0009,INVOICE,,IRON-2025-1008,GENIE,genie/puppy/invoices.csv,INV-0009,2025-08-08,,IRON-2025-1008,"{""approval_status"":""PAID"",""attachment_hash"":""8dc15fbd7953a8dbd3e1de762ccdebd46a30e96eb1bcca88de2cc8c10c17492a"",""beneficiary_account_id"":""A-IRON-3041"",""buyer_organization_record_id"":""OR-SCC-01"",""currency"":""BSC"",""due_at"":""2025-09-07"",""invoice_id"":""INV-0009"",""invoice_number"":""IRON-2025-1008"",""issued_at"":""2025-08-08"",""purchase_order_id"":""PO-26009"",""sender_domain"":""iron.leash.manufacturing.example"",""total_amount"":""207740.00"",""vendor_organization_record_id"":""OR-IRON-01""}",genie/puppy/invoices.csv#INV-0009,2026.07.19.2
CEO_BARKED_TWICE,PUPPY,INV-0010,INVOICE,,WIRE-2025-1009,GENIE,genie/puppy/invoices.csv,INV-0010,2025-08-11,,WIRE-2025-1009,"{""approval_status"":""PAID"",""attachment_hash"":""1bfcd7e12074a13ad093516c8b4e03c80868e71b107353058336d0a3cf1727f7"",""beneficiary_account_id"":""A-WIRE-3082"",""buyer_organization_record_id"":""OR-SCC-01"",""currency"":""BSC"",""due_at"":""2025-09-10"",""invoice_id"":""INV-0010"",""invoice_number"":""WIRE-2025-1009"",""issued_at"":""2025-08-11"",""purchase_order_id"":""PO-26010"",""sender_domain"":""wire.whisker.electronics.example"",""total_amount"":""83300.00"",""vendor_organization_record_id"":""OR-WIRE-01""}",genie/puppy/invoices.csv#INV-0010,2026.07.19.2
CEO_BARKED_TWICE,PUPPY,INV-0011,INVOICE,,TAIL-2025-1010,GENIE,genie/puppy/invoices.csv,INV-0011,2025-08-14,,TAIL-2025-1010,"{""approval_status"":""PAID"",""attachment_hash"":""4b7f96a694a121bc275533ed6a776812456321bdea4c806a4f5e9e39248cbe09"",""beneficiary_account_id"":""A-TAIL-3123"",""buyer_organization_record_id"":""OR-SCC-01"",""currency"":""BSC"",""due_at"":""2025-09-13"",""invoice_id"":""INV-0011"",""invoice_number"":""TAIL-2025-1010"",""issued_at"":""2025-08-14"",""purchase_order_id"":""PO-26011"",""sender_domain"":""tailspin.freight.co.example"",""total_amount"":""91020.00"",""vendor_organization_record_id"":""OR-TAIL-01""}",genie/puppy/invoices.csv#INV-0011,2026.07.19.2
CEO_BARKED_TWICE,PUPPY,INV-0012,INVOICE,,BLUEBOWL-2025-1011,GENIE,genie/puppy/invoices.csv,INV-0012,2025-08-17,,BLUEBOWL-2025-1011,"{""approval_status"":""PAID"",""attachment_hash"":""2af84904422d5a3897453802798fc60c0bd73b1cbff12a86a83f61f9db1ed3cf"",""beneficiary_account_id"":""A-BLUEBOWL-3164"",""buyer_organization_record_id"":""OR-SCC-01"",""currency"":""BSC"",""due_at"":""2025-09-16"",""invoice_id"":""INV-0012"",""invoice_number"":""BLUEBOWL-2025-1011"",""issued_at"":""2025-08-17"",""purchase_order_id"":""PO-26012"",""sender_domain"":""blue.bowl.packaging.example"",""total_amount"":""110080.00"",""vendor_organization_record_id"":""OR-BLUEBOWL-01""}",genie/puppy/invoices.csv#INV-0012,2026.07.19.2
CEO_BARKED_TWICE,PUPPY,INV-0013,INVOICE,,HOUNDOFF-2025-1012,GENIE,genie/puppy/invoices.csv,INV-0013,2025-08-20,,HOUNDOFF-2025-1012,"{""approval_status"":""PAID"",""attachment_hash"":""1ae215366dbdf088bcf356c5fc68c9bc5fa7037a461cc78284037680f9e4fb07"",""beneficiary_account_id"":""A-HOUNDOFF-3205"",""buyer_organization_record_id"":""OR-SCC-01"",""currency"":""BSC"",""due_at"":""2025-09-19"",""invoice_id"":""INV-0013"",""invoice_number"":""HOUNDOFF-2025-1012"",""issued_at"":""2025-08-20"",""purchase_order_id"":""PO-26013"",""sender_domain"":""hound.office.solutions.example"",""total_amount"":""130500.00"",""vendor_organization_record_id"":""OR-HOUNDOFF-01""}",genie/puppy/invoices.csv#INV-0013,2026.07.19.2
CEO_BARKED_TWICE,PUPPY,INV-0014,INVOICE,,RETRIEVER-2025-1013,GENIE,genie/puppy/invoices.csv,INV-0014,2025-08-23,,RETRIEVER-2025-1013,"{""approval_status"":""PAID"",""attachment_hash"":""ae5bf2cc708b61ab12bc4020c46e30cb81f7a5763d66bd1976376cedb2023b10"",""beneficiary_account_id"":""A-RETRIEVER-3246"",""buyer_organization_record_id"":""OR-SCC-01"",""currency"":""BSC"",""due_at"":""2025-09-22"",""invoice_id"":""INV-0014"",""invoice_number"":""RETRIEVER-2025-1013"",""issued_at"":""2025-08-23"",""purchase_order_id"":""PO-26014"",""sender_domain"":""retriever.robotics.example"",""total_amount"":""152280.00"",""vendor_organization_record_id"":""OR-RETRIEVER-01""}",genie/puppy/invoices.csv#INV-0014,2026.07.19.2
CEO_BARKED_TWICE,PUPPY,INV-0015,INVOICE,,COPPER-2025-1014,GENIE,genie/puppy/invoices.csv,INV-0015,2025-08-26,,COPPER-2025-1014,"{""approval_status"":""PAID"",""attachment_hash"":""317e2547f365b1b49e3e226be931f023cf8fa90ec969a8e52558cc467a25501c"",""beneficiary_account_id"":""A-COPPER-2207"",""buyer_organization_record_id"":""OR-SCC-01"",""currency"":""BSC"",""due_at"":""2025-09-25"",""invoice_id"":""INV-0015"",""invoice_number"":""COPPER-2025-1014"",""issued_at"":""2025-08-26"",""purchase_order_id"":""PO-26015"",""sender_domain"":""copperpaw.example"",""total_amount"":""175420.00"",""vendor_organization_record_id"":""OR-COPPER-01""}",genie/puppy/invoices.csv#INV-0015,2026.07.19.2
CEO_BARKED_TWICE,PUPPY,INV-0016,INVOICE,,IRON-2025-1015,GENIE,genie/puppy/invoices.csv,INV-0016,2025-08-29,,IRON-2025-1015,"{""approval_status"":""PAID"",""attachment_hash"":""353791ca3c9bf94b7b7bcfdeb89a7df26328bc15dbc98946a38678a3c3d93784"",""beneficiary_account_id"":""A-IRON-3041"",""buyer_organization_record_id"":""OR-SCC-01"",""currency"":""BSC"",""due_at"":""2025-09-28"",""invoice_id"":""INV-0016"",""invoice_number"":""IRON-2025-1015"",""issued_at"":""2025-08-29"",""purchase_order_id"":""PO-26016"",""sender_domain"":""iron.leash.manufacturing.example"",""total_amount"":""160720.00"",""vendor_organization_record_id"":""OR-IRON-01""}",genie/puppy/invoices.csv#INV-0016,2026.07.19.2
CEO_BARKED_TWICE,PUPPY,INV-0017,INVOICE,,WIRE-2025-1016,GENIE,genie/puppy/invoices.csv,INV-0017,2025-09-01,,WIRE-2025-1016,"{""approval_status"":""PAID"",""attachment_hash"":""ebcd9b83567f2d598c112238f12a52ae32d7fefff3db2fff31bf214e8026382d"",""beneficiary_account_id"":""A-WIRE-3082"",""buyer_organization_record_id"":""OR-SCC-01"",""currency"":""BSC"",""due_at"":""2025-10-01"",""invoice_id"":""INV-0017"",""invoice_number"":""WIRE-2025-1016"",""issued_at"":""2025-09-01"",""purchase_order_id"":""PO-26017"",""sender_domain"":""wire.whisker.electronics.example"",""total_amount"":""183180.00"",""vendor_organization_record_id"":""OR-WIRE-01""}",genie/puppy/invoices.csv#INV-0017,2026.07.19.2
CEO_BARKED_TWICE,PUPPY,INV-0018,INVOICE,,TAIL-2025-1017,GENIE,genie/puppy/invoices.csv,INV-0018,2025-09-04,,TAIL-2025-1017,"{""approval_status"":""PAID"",""attachment_hash"":""48b6abeccdfda9fc7737b09627fe0abe8a8c6ef043be6888409c4be0c7591628"",""beneficiary_account_id"":""A-TAIL-3123"",""buyer_organization_record_id"":""OR-SCC-01"",""currency"":""BSC"",""due_at"":""2025-10-04"",""invoice_id"":""INV-0018"",""invoice_number"":""TAIL-2025-1017"",""issued_at"":""2025-09-04"",""purchase_order_id"":""PO-26018"",""sender_domain"":""tailspin.freight.co.example"",""total_amount"":""207000.00"",""vendor_organization_record_id"":""OR-TAIL-01""}",genie/puppy/invoices.csv#INV-0018,2026.07.19.2
CEO_BARKED_TWICE,PUPPY,INV-0019,INVOICE,,BLUEBOWL-2025-1018,GENIE,genie/puppy/invoices.csv,INV-0019,2025-09-07,,BLUEBOWL-2025-1018,"{""approval_status"":""PAID"",""attachment_hash"":""7de971ea8f7617571e42fa84b0479302d3ee4c35abc50b72c86f0e792a9bfdfb"",""beneficiary_account_id"":""A-BLUEBOWL-3164"",""buyer_organization_record_id"":""OR-SCC-01"",""currency"":""BSC"",""due_at"":""2025-10-07"",""invoice_id"":""INV-0019"",""invoice_number"":""BLUEBOWL-2025-1018"",""issued_at"":""2025-09-07"",""purchase_order_id"":""PO-26019"",""sender_domain"":""blue.bowl.packaging.example"",""total_amount"":""88360.00"",""vendor_organization_record_id"":""OR-BLUEBOWL-01""}",genie/puppy/invoices.csv#INV-0019,2026.07.19.2
CEO_BARKED_TWICE,PUPPY,INV-0020,INVOICE,,HOUNDOFF-2025-1019,GENIE,genie/puppy/invoices.csv,INV-0020,2025-09-10,,HOUNDOFF-2025-1019,"{""approval_status"":""PAID"",""attachment_hash"":""5740462c02848a51b3e26780336639516116159134030fe502eb9c125dd73d0d"",""beneficiary_account_id"":""A-HOUNDOFF-3205"",""buyer_organization_record_id"":""OR-SCC-01"",""currency"":""BSC"",""due_at"":""2025-10-10"",""invoice_id"":""INV-0020"",""invoice_number"":""HOUNDOFF-2025-1019"",""issued_at"":""2025-09-10"",""purchase_order_id"":""PO-26020"",""sender_domain"":""hound.office.solutions.example"",""total_amount"":""108780.00"",""vendor_organization_record_id"":""OR-HOUNDOFF-01""}",genie/puppy/invoices.csv#INV-0020,2026.07.19.2
CEO_BARKED_TWICE,PUPPY,INV-0021,INVOICE,,RETRIEVER-2025-1020,GENIE,genie/puppy/invoices.csv,INV-0021,2025-09-13,,RETRIEVER-2025-1020,"{""approval_status"":""PAID"",""attachment_hash"":""037f1f9e786a8d4b91cf6b71666591b67463fdece104230405d9ce8e4781f241"",""beneficiary_account_id"":""A-RETRIEVER-3246"",""buyer_organization_record_id"":""OR-SCC-01"",""currency"":""BSC"",""due_at"":""2025-10-13"",""invoice_id"":""INV-0021"",""invoice_number"":""RETRIEVER-2025-1020"",""issued_at"":""2025-09-13"",""purchase_order_id"":""PO-26021"",""sender_domain"":""retriever.robotics.example"",""total_amount"":""112340.00"",""vendor_organization_record_id"":""OR-RETRIEVER-01""}",genie/puppy/invoices.csv#INV-0021,2026.07.19.2
CEO_BARKED_TWICE,PUPPY,INV-0022,INVOICE,,COPPER-2025-1021,GENIE,genie/puppy/invoices.csv,INV-0022,2025-09-16,,COPPER-2025-1021,"{""approval_status"":""PAID"",""attachment_hash"":""f8d893db2d079ca6133ec7ebcf93f0fd8443ea307dc6ba6d2153b3c23cd64f6c"",""beneficiary_account_id"":""A-COPPER-2207"",""buyer_organization_record_id"":""OR-SCC-01"",""currency"":""BSC"",""due_at"":""2025-10-16"",""invoice_id"":""INV-0022"",""invoice_number"":""COPPER-2025-1021"",""issued_at"":""2025-09-16"",""purchase_order_id"":""PO-26022"",""sender_domain"":""copperpaw.example"",""total_amount"":""132440.00"",""vendor_organization_record_id"":""OR-COPPER-01""}",genie/puppy/invoices.csv#INV-0022,2026.07.19.2
CEO_BARKED_TWICE,PUPPY,INV-0023,INVOICE,,IRON-2025-1022,GENIE,genie/puppy/invoices.csv,INV-0023,2025-09-19,,IRON-2025-1022,"{""approval_status"":""PAID"",""attachment_hash"":""156f6213b8a14bc181f4d6aa288a0fdf41b0dea400c4c2484e529d1c3e329d8b"",""beneficiary_account_id"":""A-IRON-3041"",""buyer_organization_record_id"":""OR-SCC-01"",""currency"":""BSC"",""due_at"":""2025-10-19"",""invoice_id"":""INV-0023"",""invoice_number"":""IRON-2025-1022"",""issued_at"":""2025-09-19"",""purchase_order_id"":""PO-26023"",""sender_domain"":""iron.leash.manufacturing.example"",""total_amount"":""153900.00"",""vendor_organization_record_id"":""OR-IRON-01""}",genie/puppy/invoices.csv#INV-0023,2026.07.19.2
CEO_BARKED_TWICE,PUPPY,INV-0024,INVOICE,,WIRE-2025-1023,GENIE,genie/puppy/invoices.csv,INV-0024,2025-09-22,,WIRE-2025-1023,"{""approval_status"":""PAID"",""attachment_hash"":""61f0476c1a3494f24cce47b3d5e0986125bce0d9a0aca93d6be10e89b8777602"",""beneficiary_account_id"":""A-WIRE-3082"",""buyer_organization_record_id"":""OR-SCC-01"",""currency"":""BSC"",""due_at"":""2025-10-22"",""invoice_id"":""INV-0024"",""invoice_number"":""WIRE-2025-1023"",""issued_at"":""2025-09-22"",""purchase_order_id"":""PO-26024"",""sender_domain"":""wire.whisker.electronics.example"",""total_amount"":""176720.00"",""vendor_organization_record_id"":""OR-WIRE-01""}",genie/puppy/invoices.csv#INV-0024,2026.07.19.2
CEO_BARKED_TWICE,PUPPY,INV-0025,INVOICE,,TAIL-2025-1024,GENIE,genie/puppy/invoices.csv,INV-0025,2025-09-25,,TAIL-2025-1024,"{""approval_status"":""PAID"",""attachment_hash"":""16672422741ebeee55c7d681c14517fb98b2ce907f951a95039ddfc8c20e3a53"",""beneficiary_account_id"":""A-TAIL-3123"",""buyer_organization_record_id"":""OR-SCC-01"",""currency"":""BSC"",""due_at"":""2025-10-25"",""invoice_id"":""INV-0025"",""invoice_number"":""TAIL-2025-1024"",""issued_at"":""2025-09-25"",""purchase_order_id"":""PO-26025"",""sender_domain"":""tailspin.freight.co.example"",""total_amount"":""200900.00"",""vendor_organization_record_id"":""OR-TAIL-01""}",genie/puppy/invoices.csv#INV-0025,2026.07.19.2
CEO_BARKED_TWICE,PUPPY,INV-0026,INVOICE,,BLUEBOWL-2025-1025,GENIE,genie/puppy/invoices.csv,INV-0026,2025-09-28,,BLUEBOWL-2025-1025,"{""approval_status"":""PAID"",""attachment_hash"":""ec0e56618bd986ee6fd6c8fbf68786091b27808a496fe2f3ae04d2f2427f4434"",""beneficiary_account_id"":""A-BLUEBOWL-3164"",""buyer_organization_record_id"":""OR-SCC-01"",""currency"":""BSC"",""due_at"":""2025-10-28"",""invoice_id"":""INV-0026"",""invoice_number"":""BLUEBOWL-2025-1025"",""issued_at"":""2025-09-28"",""purchase_order_id"":""PO-26026"",""sender_domain"":""blue.bowl.packaging.example"",""total_amount"":""182040.00"",""vendor_organization_record_id"":""OR-BLUEBOWL-01""}",genie/puppy/invoices.csv#INV-0026,2026.07.19.2
CEO_BARKED_TWICE,PUPPY,INV-0027,INVOICE,,HOUNDOFF-2025-1026,GENIE,genie/puppy/invoices.csv,INV-0027,2025-10-01,,HOUNDOFF-2025-1026,"{""approval_status"":""PAID"",""attachment_hash"":""8c6ad17232147c2c0ca96425738d72b734b516ac56c6fc625f8fb7007aa27b22"",""beneficiary_account_id"":""A-HOUNDOFF-3205"",""buyer_organization_record_id"":""OR-SCC-01"",""currency"":""BSC"",""due_at"":""2025-10-31"",""invoice_id"":""INV-0027"",""invoice_number"":""HOUNDOFF-2025-1026"",""issued_at"":""2025-10-01"",""purchase_order_id"":""PO-26027"",""sender_domain"":""hound.office.solutions.example"",""total_amount"":""205540.00"",""vendor_organization_record_id"":""OR-HOUNDOFF-01""}",genie/puppy/invoices.csv#INV-0027,2026.07.19.2
CEO_BARKED_TWICE,PUPPY,INV-0028,INVOICE,,RETRIEVER-2025-1027,GENIE,genie/puppy/invoices.csv,INV-0028,2025-10-04,,RETRIEVER-2025-1027,"{""approval_status"":""PAID"",""attachment_hash"":""57d026b97d8ccde1517bc56bc3d2915ded7fa752cbba6c52bb0c62890a15f5ec"",""beneficiary_account_id"":""A-RETRIEVER-3246"",""buyer_organization_record_id"":""OR-SCC-01"",""currency"":""BSC"",""due_at"":""2025-11-03"",""invoice_id"":""INV-0028"",""invoice_number"":""RETRIEVER-2025-1027"",""issued_at"":""2025-10-04"",""purchase_order_id"":""PO-26028"",""sender_domain"":""retriever.robotics.example"",""total_amount"":""92700.00"",""vendor_organization_record_id"":""OR-RETRIEVER-01""}",genie/puppy/invoices.csv#INV-0028,2026.07.19.2
CEO_BARKED_TWICE,PUPPY,INV-0029,INVOICE,,COPPER-2025-1028,GENIE,genie/puppy/invoices.csv,INV-0029,2025-10-07,,COPPER-2025-1028,"{""approval_status"":""PAID"",""attachment_hash"":""6895a758bd70eac65133687dde8ac26de2d5af76d16ee9811cc04c4f12c3a6ca"",""beneficiary_account_id"":""A-COPPER-2207"",""buyer_organization_record_id"":""OR-SCC-01"",""currency"":""BSC"",""due_at"":""2025-11-06"",""invoice_id"":""INV-0029"",""invoice_number"":""COPPER-2025-1028"",""issued_at"":""2025-10-07"",""purchase_order_id"":""PO-26029"",""sender_domain"":""copperpaw.example"",""total_amount"":""112800.00"",""vendor_organization_record_id"":""OR-COPPER-01""}",genie/puppy/invoices.csv#INV-0029,2026.07.19.2
CEO_BARKED_TWICE,PUPPY,INV-0030,INVOICE,,IRON-2025-1029,GENIE,genie/puppy/invoices.csv,INV-0030,2025-10-10,,IRON-2025-1029,"{""approval_status"":""PAID"",""attachment_hash"":""4e9f21417166160d66aaf18beb7d3e5dd1b396073569789190e8c89372517412"",""beneficiary_account_id"":""A-IRON-3041"",""buyer_organization_record_id"":""OR-SCC-01"",""currency"":""BSC"",""due_at"":""2025-11-09"",""invoice_id"":""INV-0030"",""invoice_number"":""IRON-2025-1029"",""issued_at"":""2025-10-10"",""purchase_order_id"":""PO-26030"",""sender_domain"":""iron.leash.manufacturing.example"",""total_amount"":""134260.00"",""vendor_organization_record_id"":""OR-IRON-01""}",genie/puppy/invoices.csv#INV-0030,2026.07.19.2
CEO_BARKED_TWICE,PUPPY,INV-0031,INVOICE,,WIRE-2025-1030,GENIE,genie/puppy/invoices.csv,INV-0031,2025-10-13,,WIRE-2025-1030,"{""approval_status"":""PAID"",""attachment_hash"":""dff129ad5afbd29fa1a6b14a93c78edeecf59add486c5ddc9552ce151028d592"",""beneficiary_account_id"":""A-WIRE-3082"",""buyer_organization_record_id"":""OR-SCC-01"",""currency"":""BSC"",""due_at"":""2025-11-12"",""invoice_id"":""INV-0031"",""invoice_number"":""WIRE-2025-1030"",""issued_at"":""2025-10-13"",""purchase_order_id"":""PO-26031"",""sender_domain"":""wire.whisker.electronics.example"",""total_amount"":""133660.00"",""vendor_organization_record_id"":""OR-WIRE-01""}",genie/puppy/invoices.csv#INV-0031,2026.07.19.2
CEO_BARKED_TWICE,PUPPY,INV-0032,INVOICE,,TAIL-2025-1031,GENIE,genie/puppy/invoices.csv,INV-0032,2025-10-16,,TAIL-2025-1031,"{""approval_status"":""PAID"",""attachment_hash"":""2b41424473d7fc3984c88c79eef58f314314a2ca4ff3123063e473c27a063d93"",""beneficiary_account_id"":""A-TAIL-3123"",""buyer_organization_record_id"":""OR-SCC-01"",""currency"":""BSC"",""due_at"":""2025-11-15"",""invoice_id"":""INV-0032"",""invoice_number"":""TAIL-2025-1031"",""issued_at"":""2025-10-16"",""purchase_order_id"":""PO-26032"",""sender_domain"":""tailspin.freight.co.example"",""total_amount"":""154800.00"",""vendor_organization_record_id"":""OR-TAIL-01""}",genie/puppy/invoices.csv#INV-0032,2026.07.19.2
CEO_BARKED_TWICE,PUPPY,INV-0033,INVOICE,,BLUEBOWL-2025-1032,GENIE,genie/puppy/invoices.csv,INV-0033,2025-10-19,,BLUEBOWL-2025-1032,"{""approval_status"":""PAID"",""attachment_hash"":""7300772c48229875edabfb3e51dc9c3d26e0e50613cebb851408d9600b5fc20a"",""beneficiary_account_id"":""A-BLUEBOWL-3164"",""buyer_organization_record_id"":""OR-SCC-01"",""currency"":""BSC"",""due_at"":""2025-11-18"",""invoice_id"":""INV-0033"",""invoice_number"":""BLUEBOWL-2025-1032"",""issued_at"":""2025-10-19"",""purchase_order_id"":""PO-26033"",""sender_domain"":""blue.bowl.packaging.example"",""total_amount"":""177300.00"",""vendor_organization_record_id"":""OR-BLUEBOWL-01""}",genie/puppy/invoices.csv#INV-0033,2026.07.19.2
CEO_BARKED_TWICE,PUPPY,INV-0034,INVOICE,,HOUNDOFF-2025-1033,GENIE,genie/puppy/invoices.csv,INV-0034,2025-10-22,,HOUNDOFF-2025-1033,"{""approval_status"":""PAID"",""attachment_hash"":""b54f05824bc7bb9119954a9df9701d2179ac9e3f74337b98bbc13e48ae53af54"",""beneficiary_account_id"":""A-HOUNDOFF-3205"",""buyer_organization_record_id"":""OR-SCC-01"",""currency"":""BSC"",""due_at"":""2025-11-21"",""invoice_id"":""INV-0034"",""invoice_number"":""HOUNDOFF-2025-1033"",""issued_at"":""2025-10-22"",""purchase_order_id"":""PO-26034"",""sender_domain"":""hound.office.solutions.example"",""total_amount"":""201160.00"",""vendor_organization_record_id"":""OR-HOUNDOFF-01""}",genie/puppy/invoices.csv#INV-0034,2026.07.19.2
CEO_BARKED_TWICE,PUPPY,INV-0035,INVOICE,,RETRIEVER-2025-1034,GENIE,genie/puppy/invoices.csv,INV-0035,2025-10-25,,RETRIEVER-2025-1034,"{""approval_status"":""PAID"",""attachment_hash"":""9f9e2e50cba02f9333673e83ace063394eea5d320b39a9edee48fb3648cfda3d"",""beneficiary_account_id"":""A-RETRIEVER-3246"",""buyer_organization_record_id"":""OR-SCC-01"",""currency"":""BSC"",""due_at"":""2025-11-24"",""invoice_id"":""INV-0035"",""invoice_number"":""RETRIEVER-2025-1034"",""issued_at"":""2025-10-25"",""purchase_order_id"":""PO-26035"",""sender_domain"":""retriever.robotics.example"",""total_amount"":""226380.00"",""vendor_organization_record_id"":""OR-RETRIEVER-01""}",genie/puppy/invoices.csv#INV-0035,2026.07.19.2
CEO_BARKED_TWICE,PUPPY,INV-0036,INVOICE,,COPPER-2025-1035,GENIE,genie/puppy/invoices.csv,INV-0036,2025-10-28,,COPPER-2025-1035,"{""approval_status"":""PAID"",""attachment_hash"":""cb0adcc34929a4d2243f16f6a2ca87ac56f8ee60acfe2b13274f30cb163257ab"",""beneficiary_account_id"":""A-COPPER-2207"",""buyer_organization_record_id"":""OR-SCC-01"",""currency"":""BSC"",""due_at"":""2025-11-27"",""invoice_id"":""INV-0036"",""invoice_number"":""COPPER-2025-1035"",""issued_at"":""2025-10-28"",""purchase_order_id"":""PO-26036"",""sender_domain"":""copperpaw.example"",""total_amount"":""203360.00"",""vendor_organization_record_id"":""OR-COPPER-01""}",genie/puppy/invoices.csv#INV-0036,2026.07.19.2
CEO_BARKED_TWICE,PUPPY,INV-0037,INVOICE,,IRON-2025-1036,GENIE,genie/puppy/invoices.csv,INV-0037,2025-10-31,,IRON-2025-1036,"{""approval_status"":""PAID"",""attachment_hash"":""502b7ab2b658a79ff338970bb4efe537c336ae1ff5eb854c55a3f2e6dae59e8e"",""beneficiary_account_id"":""A-IRON-3041"",""buyer_organization_record_id"":""OR-SCC-01"",""currency"":""BSC"",""due_at"":""2025-11-30"",""invoice_id"":""INV-0037"",""invoice_number"":""IRON-2025-1036"",""issued_at"":""2025-10-31"",""purchase_order_id"":""PO-26037"",""sender_domain"":""iron.leash.manufacturing.example"",""total_amount"":""96320.00"",""vendor_organization_record_id"":""OR-IRON-01""}",genie/puppy/invoices.csv#INV-0037,2026.07.19.2
CEO_BARKED_TWICE,PUPPY,INV-0038,INVOICE,,WIRE-2025-1037,GENIE,genie/puppy/invoices.csv,INV-0038,2025-11-03,,WIRE-2025-1037,"{""approval_status"":""PAID"",""attachment_hash"":""e4d7888f5b1d3d851e894796fc012947d0eb7dd7e645759454e4536a4138b588"",""beneficiary_account_id"":""A-WIRE-3082"",""buyer_organization_record_id"":""OR-SCC-01"",""currency"":""BSC"",""due_at"":""2025-12-03"",""invoice_id"":""INV-0038"",""invoice_number"":""WIRE-2025-1037"",""issued_at"":""2025-11-03"",""purchase_order_id"":""PO-26038"",""sender_domain"":""wire.whisker.electronics.example"",""total_amount"":""116100.00"",""vendor_organization_record_id"":""OR-WIRE-01""}",genie/puppy/invoices.csv#INV-0038,2026.07.19.2
CEO_BARKED_TWICE,PUPPY,INV-0039,INVOICE,,TAIL-2025-1038,GENIE,genie/puppy/invoices.csv,INV-0039,2025-11-06,,TAIL-2025-1038,"{""approval_status"":""PAID"",""attachment_hash"":""99ff6ecca02a5d8e5567fbb21d566ec361502848ab5f3006faef712a3b631cc6"",""beneficiary_account_id"":""A-TAIL-3123"",""buyer_organization_record_id"":""OR-SCC-01"",""currency"":""BSC"",""due_at"":""2025-12-06"",""invoice_id"":""INV-0039"",""invoice_number"":""TAIL-2025-1038"",""issued_at"":""2025-11-06"",""purchase_order_id"":""PO-26039"",""sender_domain"":""tailspin.freight.co.example"",""total_amount"":""137240.00"",""vendor_organization_record_id"":""OR-TAIL-01""}",genie/puppy/invoices.csv#INV-0039,2026.07.19.2
CEO_BARKED_TWICE,PUPPY,INV-0040,INVOICE,,BLUEBOWL-2025-1039,GENIE,genie/puppy/invoices.csv,INV-0040,2025-11-09,,BLUEBOWL-2025-1039,"{""approval_status"":""PAID"",""attachment_hash"":""560db94c7344da509ff570d3c8aa671017e11f0597cc77f006d319b3c0296211"",""beneficiary_account_id"":""A-BLUEBOWL-3164"",""buyer_organization_record_id"":""OR-SCC-01"",""currency"":""BSC"",""due_at"":""2025-12-09"",""invoice_id"":""INV-0040"",""invoice_number"":""BLUEBOWL-2025-1039"",""issued_at"":""2025-11-09"",""purchase_order_id"":""PO-26040"",""sender_domain"":""blue.bowl.packaging.example"",""total_amount"":""159740.00"",""vendor_organization_record_id"":""OR-BLUEBOWL-01""}",genie/puppy/invoices.csv#INV-0040,2026.07.19.2
CEO_BARKED_TWICE,PUPPY,INV-0041,INVOICE,,HOUNDOFF-2025-1040,GENIE,genie/puppy/invoices.csv,INV-0041,2025-11-12,,HOUNDOFF-2025-1040,"{""approval_status"":""PAID"",""attachment_hash"":""6c56e9bc843eb829f2ae71f6aa386be37ca83599718ee7463965c6a6950b91c4"",""beneficiary_account_id"":""A-HOUNDOFF-3205"",""buyer_organization_record_id"":""OR-SCC-01"",""currency"":""BSC"",""due_at"":""2025-12-12"",""invoice_id"":""INV-0041"",""invoice_number"":""HOUNDOFF-2025-1040"",""issued_at"":""2025-11-12"",""purchase_order_id"":""PO-26041"",""sender_domain"":""hound.office.solutions.example"",""total_amount"":""154980.00"",""vendor_organization_record_id"":""OR-HOUNDOFF-01""}",genie/puppy/invoices.csv#INV-0041,2026.07.19.2
CEO_BARKED_TWICE,PUPPY,INV-0042,INVOICE,,RETRIEVER-2025-1041,GENIE,genie/puppy/invoices.csv,INV-0042,2025-11-15,,RETRIEVER-2025-1041,"{""approval_status"":""PAID"",""attachment_hash"":""ad94d2e1d7d8cf15096b01e4193cb62c8c0d90a6c2105c851cee4e31571d36e9"",""beneficiary_account_id"":""A-RETRIEVER-3246"",""buyer_organization_record_id"":""OR-SCC-01"",""currency"":""BSC"",""due_at"":""2025-12-15"",""invoice_id"":""INV-0042"",""invoice_number"":""RETRIEVER-2025-1041"",""issued_at"":""2025-11-15"",""purchase_order_id"":""PO-26042"",""sender_domain"":""retriever.robotics.example"",""total_amount"":""177160.00"",""vendor_organization_record_id"":""OR-RETRIEVER-01""}",genie/puppy/invoices.csv#INV-0042,2026.07.19.2
CEO_BARKED_TWICE,PUPPY,LOGIN-0001,LOGIN_EVENT,,LOGIN-0001,GENIE,genie/puppy/login_events.csv,LOGIN-0001,2026-02-02T08:00:00Z,SUCCESS,LOGIN-0001,"{""authentication_result"":""SUCCESS"",""device_id"":""DEV-PENNY-AP"",""geolocation_hint"":""Noir City office"",""ip_address"":""198.51.100.88"",""login_at"":""2026-02-02T08:00:00Z"",""login_event_id"":""LOGIN-0001"",""person_record_id"":""PR-PENNY-03""}",genie/puppy/login_events.csv#LOGIN-0001,2026.07.19.2
CEO_BARKED_TWICE,PUPPY,LOGIN-0002,LOGIN_EVENT,,LOGIN-0002,GENIE,genie/puppy/login_events.csv,LOGIN-0002,2026-02-02T21:00:00Z,SUCCESS,LOGIN-0002,"{""authentication_result"":""SUCCESS"",""device_id"":""DEV-BEA-PHONE"",""geolocation_hint"":""Noir City office"",""ip_address"":""198.51.100.88"",""login_at"":""2026-02-02T21:00:00Z"",""login_event_id"":""LOGIN-0002"",""person_record_id"":""PR-BEA-01""}",genie/puppy/login_events.csv#LOGIN-0002,2026.07.19.2
CEO_BARKED_TWICE,PUPPY,LOGIN-0003,LOGIN_EVENT,,LOGIN-0003,GENIE,genie/puppy/login_events.csv,LOGIN-0003,2026-02-03T10:00:00Z,SUCCESS,LOGIN-0003,"{""authentication_result"":""SUCCESS"",""device_id"":""DEV-CONRAD-LAP"",""geolocation_hint"":""Noir City office"",""ip_address"":""198.51.100.88"",""login_at"":""2026-02-03T10:00:00Z"",""login_event_id"":""LOGIN-0003"",""person_record_id"":""PR-CONRAD-01""}",genie/puppy/login_events.csv#LOGIN-0003,2026.07.19.2
CEO_BARKED_TWICE,PUPPY,LOGIN-0004,LOGIN_EVENT,,LOGIN-0004,GENIE,genie/puppy/login_events.csv,LOGIN-0004,2026-02-03T18:00:00Z,SUCCESS,LOGIN-0004,"{""authentication_result"":""SUCCESS"",""device_id"":""DEV-THEO-SEC"",""geolocation_hint"":""Noir City office"",""ip_address"":""198.51.100.88"",""login_at"":""2026-02-03T18:00:00Z"",""login_event_id"":""LOGIN-0004"",""person_record_id"":""PR-THEO-01""}",genie/puppy/login_events.csv#LOGIN-0004,2026.07.19.2
CEO_BARKED_TWICE,PUPPY,LOGIN-0005,LOGIN_EVENT,,LOGIN-0005,GENIE,genie/puppy/login_events.csv,LOGIN-0005,2026-02-04T07:00:00Z,SUCCESS,LOGIN-0005,"{""authentication_result"":""SUCCESS"",""device_id"":""DEV-VICTOR-LAP"",""geolocation_hint"":""Vendor office"",""ip_address"":""198.51.100.121"",""login_at"":""2026-02-04T07:00:00Z"",""login_event_id"":""LOGIN-0005"",""person_record_id"":""PR-VICTOR-01""}",genie/puppy/login_events.csv#LOGIN-0005,2026.07.19.2
CEO_BARKED_TWICE,PUPPY,LOGIN-0006,LOGIN_EVENT,,LOGIN-0006,GENIE,genie/puppy/login_events.csv,LOGIN-0006,2026-02-04T15:00:00Z,SUCCESS,LOGIN-0006,"{""authentication_result"":""SUCCESS"",""device_id"":""DEV-ATTACK-9F2A"",""geolocation_hint"":""External anonymized host"",""ip_address"":""203.0.113.77"",""login_at"":""2026-02-04T15:00:00Z"",""login_event_id"":""LOGIN-0006"",""person_record_id"":""PR-ROWAN-01""}",genie/puppy/login_events.csv#LOGIN-0006,2026.07.19.2
CEO_BARKED_TWICE,PUPPY,LOGIN-0007,LOGIN_EVENT,,LOGIN-0007,GENIE,genie/puppy/login_events.csv,LOGIN-0007,2026-02-05T04:00:00Z,SUCCESS,LOGIN-0007,"{""authentication_result"":""SUCCESS"",""device_id"":""DEV-ATTACK-9F2A"",""geolocation_hint"":""External anonymized host"",""ip_address"":""203.0.113.77"",""login_at"":""2026-02-05T04:00:00Z"",""login_event_id"":""LOGIN-0007"",""person_record_id"":""PR-IVY-01""}",genie/puppy/login_events.csv#LOGIN-0007,2026.07.19.2
CEO_BARKED_TWICE,PUPPY,LOGIN-0008,LOGIN_EVENT,,LOGIN-0008,GENIE,genie/puppy/login_events.csv,LOGIN-0008,2026-02-05T17:00:00Z,SUCCESS,LOGIN-0008,"{""authentication_result"":""SUCCESS"",""device_id"":""DEV-GRANT-P1"",""geolocation_hint"":""External anonymized host"",""ip_address"":""203.0.113.83"",""login_at"":""2026-02-05T17:00:00Z"",""login_event_id"":""LOGIN-0008"",""person_record_id"":""PR-GRANT-01""}",genie/puppy/login_events.csv#LOGIN-0008,2026.07.19.2
CEO_BARKED_TWICE,PUPPY,LOGIN-0009,LOGIN_EVENT,,LOGIN-0009,GENIE,genie/puppy/login_events.csv,LOGIN-0009,2026-02-06T01:00:00Z,SUCCESS,LOGIN-0009,"{""authentication_result"":""SUCCESS"",""device_id"":""DEV-PENNY-AP"",""geolocation_hint"":""Noir City office"",""ip_address"":""198.51.100.88"",""login_at"":""2026-02-06T01:00:00Z"",""login_event_id"":""LOGIN-0009"",""person_record_id"":""PR-PENNY-03""}",genie/puppy/login_events.csv#LOGIN-0009,2026.07.19.2
CEO_BARKED_TWICE,PUPPY,LOGIN-0010,LOGIN_EVENT,,LOGIN-0010,GENIE,genie/puppy/login_events.csv,LOGIN-0010,2026-02-06T14:00:00Z,SUCCESS_WITH_NEW_MFA,LOGIN-0010,"{""authentication_result"":""SUCCESS_WITH_NEW_MFA"",""device_id"":""DEV-ATTACK-9F2A"",""geolocation_hint"":""External anonymized host"",""ip_address"":""203.0.113.77"",""login_at"":""2026-02-06T14:00:00Z"",""login_event_id"":""LOGIN-0010"",""person_record_id"":""PR-PENNY-03""}",genie/puppy/login_events.csv#LOGIN-0010,2026.07.19.2
CEO_BARKED_TWICE,PUPPY,LOGIN-0011,LOGIN_EVENT,,LOGIN-0011,GENIE,genie/puppy/login_events.csv,LOGIN-0011,2026-02-06T22:00:00Z,SUCCESS,LOGIN-0011,"{""authentication_result"":""SUCCESS"",""device_id"":""DEV-CONRAD-LAP"",""geolocation_hint"":""Noir City office"",""ip_address"":""198.51.100.88"",""login_at"":""2026-02-06T22:00:00Z"",""login_event_id"":""LOGIN-0011"",""person_record_id"":""PR-CONRAD-01""}",genie/puppy/login_events.csv#LOGIN-0011,2026.07.19.2
CEO_BARKED_TWICE,PUPPY,LOGIN-0012,LOGIN_EVENT,,LOGIN-0012,GENIE,genie/puppy/login_events.csv,LOGIN-0012,2026-02-07T11:00:00Z,SUCCESS,LOGIN-0012,"{""authentication_result"":""SUCCESS"",""device_id"":""DEV-THEO-SEC"",""geolocation_hint"":""Noir City office"",""ip_address"":""198.51.100.88"",""login_at"":""2026-02-07T11:00:00Z"",""login_event_id"":""LOGIN-0012"",""person_record_id"":""PR-THEO-01""}",genie/puppy/login_events.csv#LOGIN-0012,2026.07.19.2
CEO_BARKED_TWICE,PUPPY,LOGIN-0013,LOGIN_EVENT,,LOGIN-0013,GENIE,genie/puppy/login_events.csv,LOGIN-0013,2026-02-08T00:00:00Z,SUCCESS,LOGIN-0013,"{""authentication_result"":""SUCCESS"",""device_id"":""DEV-VICTOR-LAP"",""geolocation_hint"":""Vendor office"",""ip_address"":""198.51.100.121"",""login_at"":""2026-02-08T00:00:00Z"",""login_event_id"":""LOGIN-0013"",""person_record_id"":""PR-VICTOR-01""}",genie/puppy/login_events.csv#LOGIN-0013,2026.07.19.2
CEO_BARKED_TWICE,PUPPY,LOGIN-0014,LOGIN_EVENT,,LOGIN-0014,GENIE,genie/puppy/login_events.csv,LOGIN-0014,2026-02-08T08:00:00Z,SUCCESS_WITH_NEW_MFA,LOGIN-0014,"{""authentication_result"":""SUCCESS_WITH_NEW_MFA"",""device_id"":""DEV-ATTACK-9F2A"",""geolocation_hint"":""External anonymized host"",""ip_address"":""203.0.113.77"",""login_at"":""2026-02-08T08:00:00Z"",""login_event_id"":""LOGIN-0014"",""person_record_id"":""PR-PENNY-03""}",genie/puppy/login_events.csv#LOGIN-0014,2026.07.19.2
CEO_BARKED_TWICE,PUPPY,LOGIN-0015,LOGIN_EVENT,,LOGIN-0015,GENIE,genie/puppy/login_events.csv,LOGIN-0015,2026-02-08T21:00:00Z,SUCCESS,LOGIN-0015,"{""authentication_result"":""SUCCESS"",""device_id"":""DEV-ATTACK-9F2A"",""geolocation_hint"":""External anonymized host"",""ip_address"":""203.0.113.77"",""login_at"":""2026-02-08T21:00:00Z"",""login_event_id"":""LOGIN-0015"",""person_record_id"":""PR-IVY-01""}",genie/puppy/login_events.csv#LOGIN-0015,2026.07.19.2
CEO_BARKED_TWICE,PUPPY,LOGIN-0016,LOGIN_EVENT,,LOGIN-0016,GENIE,genie/puppy/login_events.csv,LOGIN-0016,2026-02-09T05:00:00Z,SUCCESS,LOGIN-0016,"{""authentication_result"":""SUCCESS"",""device_id"":""DEV-GRANT-P1"",""geolocation_hint"":""External anonymized host"",""ip_address"":""203.0.113.83"",""login_at"":""2026-02-09T05:00:00Z"",""login_event_id"":""LOGIN-0016"",""person_record_id"":""PR-GRANT-01""}",genie/puppy/login_events.csv#LOGIN-0016,2026.07.19.2
CEO_BARKED_TWICE,PUPPY,LOGIN-0017,LOGIN_EVENT,,LOGIN-0017,GENIE,genie/puppy/login_events.csv,LOGIN-0017,2026-02-09T18:00:00Z,SUCCESS,LOGIN-0017,"{""authentication_result"":""SUCCESS"",""device_id"":""DEV-PENNY-AP"",""geolocation_hint"":""Noir City office"",""ip_address"":""198.51.100.88"",""login_at"":""2026-02-09T18:00:00Z"",""login_event_id"":""LOGIN-0017"",""person_record_id"":""PR-PENNY-03""}",genie/puppy/login_events.csv#LOGIN-0017,2026.07.19.2
CEO_BARKED_TWICE,PUPPY,LOGIN-0018,LOGIN_EVENT,,LOGIN-0018,GENIE,genie/puppy/login_events.csv,LOGIN-0018,2026-02-10T07:00:00Z,SUCCESS_WITH_NEW_MFA,LOGIN-0018,"{""authentication_result"":""SUCCESS_WITH_NEW_MFA"",""device_id"":""DEV-ATTACK-9F2A"",""geolocation_hint"":""External anonymized host"",""ip_address"":""203.0.113.77"",""login_at"":""2026-02-10T07:00:00Z"",""login_event_id"":""LOGIN-0018"",""person_record_id"":""PR-PENNY-03""}",genie/puppy/login_events.csv#LOGIN-0018,2026.07.19.2
CEO_BARKED_TWICE,PUPPY,LOGIN-0019,LOGIN_EVENT,,LOGIN-0019,GENIE,genie/puppy/login_events.csv,LOGIN-0019,2026-02-10T15:00:00Z,SUCCESS,LOGIN-0019,"{""authentication_result"":""SUCCESS"",""device_id"":""DEV-CONRAD-LAP"",""geolocation_hint"":""Noir City office"",""ip_address"":""198.51.100.88"",""login_at"":""2026-02-10T15:00:00Z"",""login_event_id"":""LOGIN-0019"",""person_record_id"":""PR-CONRAD-01""}",genie/puppy/login_events.csv#LOGIN-0019,2026.07.19.2
CEO_BARKED_TWICE,PUPPY,LOGIN-0020,LOGIN_EVENT,,LOGIN-0020,GENIE,genie/puppy/login_events.csv,LOGIN-0020,2026-02-11T04:00:00Z,SUCCESS,LOGIN-0020,"{""authentication_result"":""SUCCESS"",""device_id"":""DEV-THEO-SEC"",""geolocation_hint"":""Noir City office"",""ip_address"":""198.51.100.88"",""login_at"":""2026-02-11T04:00:00Z"",""login_event_id"":""LOGIN-0020"",""person_record_id"":""PR-THEO-01""}",genie/puppy/login_events.csv#LOGIN-0020,2026.07.19.2
CEO_BARKED_TWICE,PUPPY,LOGIN-0021,LOGIN_EVENT,,LOGIN-0021,GENIE,genie/puppy/login_events.csv,LOGIN-0021,2026-02-11T12:00:00Z,SUCCESS,LOGIN-0021,"{""authentication_result"":""SUCCESS"",""device_id"":""DEV-VICTOR-LAP"",""geolocation_hint"":""Vendor office"",""ip_address"":""198.51.100.121"",""login_at"":""2026-02-11T12:00:00Z"",""login_event_id"":""LOGIN-0021"",""person_record_id"":""PR-VICTOR-01""}",genie/puppy/login_events.csv#LOGIN-0021,2026.07.19.2
CEO_BARKED_TWICE,PUPPY,LOGIN-0022,LOGIN_EVENT,,LOGIN-0022,GENIE,genie/puppy/login_events.csv,LOGIN-0022,2026-02-12T01:00:00Z,SUCCESS_WITH_NEW_MFA,LOGIN-0022,"{""authentication_result"":""SUCCESS_WITH_NEW_MFA"",""device_id"":""DEV-ATTACK-9F2A"",""geolocation_hint"":""External anonymized host"",""ip_address"":""203.0.113.77"",""login_at"":""2026-02-12T01:00:00Z"",""login_event_id"":""LOGIN-0022"",""person_record_id"":""PR-PENNY-03""}",genie/puppy/login_events.csv#LOGIN-0022,2026.07.19.2
CEO_BARKED_TWICE,PUPPY,LOGIN-0023,LOGIN_EVENT,,LOGIN-0023,GENIE,genie/puppy/login_events.csv,LOGIN-0023,2026-02-12T14:00:00Z,SUCCESS,LOGIN-0023,"{""authentication_result"":""SUCCESS"",""device_id"":""DEV-ATTACK-9F2A"",""geolocation_hint"":""External anonymized host"",""ip_address"":""203.0.113.77"",""login_at"":""2026-02-12T14:00:00Z"",""login_event_id"":""LOGIN-0023"",""person_record_id"":""PR-IVY-01""}",genie/puppy/login_events.csv#LOGIN-0023,2026.07.19.2
CEO_BARKED_TWICE,PUPPY,LOGIN-0024,LOGIN_EVENT,,LOGIN-0024,GENIE,genie/puppy/login_events.csv,LOGIN-0024,2026-02-12T22:00:00Z,SUCCESS,LOGIN-0024,"{""authentication_result"":""SUCCESS"",""device_id"":""DEV-GRANT-P1"",""geolocation_hint"":""External anonymized host"",""ip_address"":""203.0.113.83"",""login_at"":""2026-02-12T22:00:00Z"",""login_event_id"":""LOGIN-0024"",""person_record_id"":""PR-GRANT-01""}",genie/puppy/login_events.csv#LOGIN-0024,2026.07.19.2
CEO_BARKED_TWICE,PUPPY,LOGIN-0025,LOGIN_EVENT,,LOGIN-0025,GENIE,genie/puppy/login_events.csv,LOGIN-0025,2026-02-13T11:00:00Z,SUCCESS,LOGIN-0025,"{""authentication_result"":""SUCCESS"",""device_id"":""DEV-PENNY-AP"",""geolocation_hint"":""Noir City office"",""ip_address"":""198.51.100.88"",""login_at"":""2026-02-13T11:00:00Z"",""login_event_id"":""LOGIN-0025"",""person_record_id"":""PR-PENNY-03""}",genie/puppy/login_events.csv#LOGIN-0025,2026.07.19.2
CEO_BARKED_TWICE,PUPPY,LOGIN-0026,LOGIN_EVENT,,LOGIN-0026,GENIE,genie/puppy/login_events.csv,LOGIN-0026,2026-02-13T19:00:00Z,SUCCESS,LOGIN-0026,"{""authentication_result"":""SUCCESS"",""device_id"":""DEV-BEA-PHONE"",""geolocation_hint"":""Noir City office"",""ip_address"":""198.51.100.88"",""login_at"":""2026-02-13T19:00:00Z"",""login_event_id"":""LOGIN-0026"",""person_record_id"":""PR-BEA-01""}",genie/puppy/login_events.csv#LOGIN-0026,2026.07.19.2
CEO_BARKED_TWICE,PUPPY,LOGIN-0027,LOGIN_EVENT,,LOGIN-0027,GENIE,genie/puppy/login_events.csv,LOGIN-0027,2026-02-14T08:00:00Z,SUCCESS,LOGIN-0027,"{""authentication_result"":""SUCCESS"",""device_id"":""DEV-CONRAD-LAP"",""geolocation_hint"":""Noir City office"",""ip_address"":""198.51.100.88"",""login_at"":""2026-02-14T08:00:00Z"",""login_event_id"":""LOGIN-0027"",""person_record_id"":""PR-CONRAD-01""}",genie/puppy/login_events.csv#LOGIN-0027,2026.07.19.2
CEO_BARKED_TWICE,PUPPY,LOGIN-0028,LOGIN_EVENT,,LOGIN-0028,GENIE,genie/puppy/login_events.csv,LOGIN-0028,2026-02-14T21:00:00Z,SUCCESS,LOGIN-0028,"{""authentication_result"":""SUCCESS"",""device_id"":""DEV-THEO-SEC"",""geolocation_hint"":""Noir City office"",""ip_address"":""198.51.100.88"",""login_at"":""2026-02-14T21:00:00Z"",""login_event_id"":""LOGIN-0028"",""person_record_id"":""PR-THEO-01""}",genie/puppy/login_events.csv#LOGIN-0028,2026.07.19.2
CEO_BARKED_TWICE,PUPPY,LOGIN-0029,LOGIN_EVENT,,LOGIN-0029,GENIE,genie/puppy/login_events.csv,LOGIN-0029,2026-02-15T05:00:00Z,SUCCESS,LOGIN-0029,"{""authentication_result"":""SUCCESS"",""device_id"":""DEV-VICTOR-LAP"",""geolocation_hint"":""Vendor office"",""ip_address"":""198.51.100.121"",""login_at"":""2026-02-15T05:00:00Z"",""login_event_id"":""LOGIN-0029"",""person_record_id"":""PR-VICTOR-01""}",genie/puppy/login_events.csv#LOGIN-0029,2026.07.19.2
CEO_BARKED_TWICE,PUPPY,LOGIN-0030,LOGIN_EVENT,,LOGIN-0030,GENIE,genie/puppy/login_events.csv,LOGIN-0030,2026-02-15T18:00:00Z,SUCCESS,LOGIN-0030,"{""authentication_result"":""SUCCESS"",""device_id"":""DEV-ATTACK-9F2A"",""geolocation_hint"":""External anonymized host"",""ip_address"":""203.0.113.77"",""login_at"":""2026-02-15T18:00:00Z"",""login_event_id"":""LOGIN-0030"",""person_record_id"":""PR-ROWAN-01""}",genie/puppy/login_events.csv#LOGIN-0030,2026.07.19.2
CEO_BARKED_TWICE,PUPPY,LOGIN-0031,LOGIN_EVENT,,LOGIN-0031,GENIE,genie/puppy/login_events.csv,LOGIN-0031,2026-02-16T02:00:00Z,SUCCESS,LOGIN-0031,"{""authentication_result"":""SUCCESS"",""device_id"":""DEV-ATTACK-9F2A"",""geolocation_hint"":""External anonymized host"",""ip_address"":""203.0.113.77"",""login_at"":""2026-02-16T02:00:00Z"",""login_event_id"":""LOGIN-0031"",""person_record_id"":""PR-IVY-01""}",genie/puppy/login_events.csv#LOGIN-0031,2026.07.19.2
CEO_BARKED_TWICE,PUPPY,LOGIN-0032,LOGIN_EVENT,,LOGIN-0032,GENIE,genie/puppy/login_events.csv,LOGIN-0032,2026-02-16T15:00:00Z,SUCCESS,LOGIN-0032,"{""authentication_result"":""SUCCESS"",""device_id"":""DEV-GRANT-P1"",""geolocation_hint"":""External anonymized host"",""ip_address"":""203.0.113.83"",""login_at"":""2026-02-16T15:00:00Z"",""login_event_id"":""LOGIN-0032"",""person_record_id"":""PR-GRANT-01""}",genie/puppy/login_events.csv#LOGIN-0032,2026.07.19.2
CEO_BARKED_TWICE,PUPPY,LOGIN-0033,LOGIN_EVENT,,LOGIN-0033,GENIE,genie/puppy/login_events.csv,LOGIN-0033,2026-02-17T04:00:00Z,SUCCESS,LOGIN-0033,"{""authentication_result"":""SUCCESS"",""device_id"":""DEV-PENNY-AP"",""geolocation_hint"":""Noir City office"",""ip_address"":""198.51.100.88"",""login_at"":""2026-02-17T04:00:00Z"",""login_event_id"":""LOGIN-0033"",""person_record_id"":""PR-PENNY-03""}",genie/puppy/login_events.csv#LOGIN-0033,2026.07.19.2
CEO_BARKED_TWICE,PUPPY,LOGIN-0034,LOGIN_EVENT,,LOGIN-0034,GENIE,genie/puppy/login_events.csv,LOGIN-0034,2026-02-17T12:00:00Z,SUCCESS,LOGIN-0034,"{""authentication_result"":""SUCCESS"",""device_id"":""DEV-BEA-PHONE"",""geolocation_hint"":""Noir City office"",""ip_address"":""198.51.100.88"",""login_at"":""2026-02-17T12:00:00Z"",""login_event_id"":""LOGIN-0034"",""person_record_id"":""PR-BEA-01""}",genie/puppy/login_events.csv#LOGIN-0034,2026.07.19.2
CEO_BARKED_TWICE,PUPPY,LOGIN-0035,LOGIN_EVENT,,LOGIN-0035,GENIE,genie/puppy/login_events.csv,LOGIN-0035,2026-02-18T01:00:00Z,SUCCESS,LOGIN-0035,"{""authentication_result"":""SUCCESS"",""device_id"":""DEV-CONRAD-LAP"",""geolocation_hint"":""Noir City office"",""ip_address"":""198.51.100.88"",""login_at"":""2026-02-18T01:00:00Z"",""login_event_id"":""LOGIN-0035"",""person_record_id"":""PR-CONRAD-01""}",genie/puppy/login_events.csv#LOGIN-0035,2026.07.19.2
CEO_BARKED_TWICE,PUPPY,LOGIN-0036,LOGIN_EVENT,,LOGIN-0036,GENIE,genie/puppy/login_events.csv,LOGIN-0036,2026-02-18T09:00:00Z,SUCCESS,LOGIN-0036,"{""authentication_result"":""SUCCESS"",""device_id"":""DEV-THEO-SEC"",""geolocation_hint"":""Noir City office"",""ip_address"":""198.51.100.88"",""login_at"":""2026-02-18T09:00:00Z"",""login_event_id"":""LOGIN-0036"",""person_record_id"":""PR-THEO-01""}",genie/puppy/login_events.csv#LOGIN-0036,2026.07.19.2
CEO_BARKED_TWICE,PUPPY,LOGIN-0037,LOGIN_EVENT,,LOGIN-0037,GENIE,genie/puppy/login_events.csv,LOGIN-0037,2026-02-18T22:00:00Z,SUCCESS,LOGIN-0037,"{""authentication_result"":""SUCCESS"",""device_id"":""DEV-VICTOR-LAP"",""geolocation_hint"":""Vendor office"",""ip_address"":""198.51.100.121"",""login_at"":""2026-02-18T22:00:00Z"",""login_event_id"":""LOGIN-0037"",""person_record_id"":""PR-VICTOR-01""}",genie/puppy/login_events.csv#LOGIN-0037,2026.07.19.2
CEO_BARKED_TWICE,PUPPY,LOGIN-0038,LOGIN_EVENT,,LOGIN-0038,GENIE,genie/puppy/login_events.csv,LOGIN-0038,2026-02-19T11:00:00Z,SUCCESS,LOGIN-0038,"{""authentication_result"":""SUCCESS"",""device_id"":""DEV-ATTACK-9F2A"",""geolocation_hint"":""External anonymized host"",""ip_address"":""203.0.113.77"",""login_at"":""2026-02-19T11:00:00Z"",""login_event_id"":""LOGIN-0038"",""person_record_id"":""PR-ROWAN-01""}",genie/puppy/login_events.csv#LOGIN-0038,2026.07.19.2
CEO_BARKED_TWICE,PUPPY,LOGIN-0039,LOGIN_EVENT,,LOGIN-0039,GENIE,genie/puppy/login_events.csv,LOGIN-0039,2026-02-19T19:00:00Z,SUCCESS,LOGIN-0039,"{""authentication_result"":""SUCCESS"",""device_id"":""DEV-ATTACK-9F2A"",""geolocation_hint"":""External anonymized host"",""ip_address"":""203.0.113.77"",""login_at"":""2026-02-19T19:00:00Z"",""login_event_id"":""LOGIN-0039"",""person_record_id"":""PR-IVY-01""}",genie/puppy/login_events.csv#LOGIN-0039,2026.07.19.2
CEO_BARKED_TWICE,PUPPY,LOGIN-0040,LOGIN_EVENT,,LOGIN-0040,GENIE,genie/puppy/login_events.csv,LOGIN-0040,2026-02-20T08:00:00Z,SUCCESS,LOGIN-0040,"{""authentication_result"":""SUCCESS"",""device_id"":""DEV-GRANT-P1"",""geolocation_hint"":""External anonymized host"",""ip_address"":""203.0.113.83"",""login_at"":""2026-02-20T08:00:00Z"",""login_event_id"":""LOGIN-0040"",""person_record_id"":""PR-GRANT-01""}",genie/puppy/login_events.csv#LOGIN-0040,2026.07.19.2
CEO_BARKED_TWICE,PUPPY,LOGIN-0041,LOGIN_EVENT,,LOGIN-0041,GENIE,genie/puppy/login_events.csv,LOGIN-0041,2026-02-20T16:00:00Z,SUCCESS,LOGIN-0041,"{""authentication_result"":""SUCCESS"",""device_id"":""DEV-PENNY-AP"",""geolocation_hint"":""Noir City office"",""ip_address"":""198.51.100.88"",""login_at"":""2026-02-20T16:00:00Z"",""login_event_id"":""LOGIN-0041"",""person_record_id"":""PR-PENNY-03""}",genie/puppy/login_events.csv#LOGIN-0041,2026.07.19.2
CEO_BARKED_TWICE,PUPPY,LOGIN-0042,LOGIN_EVENT,,LOGIN-0042,GENIE,genie/puppy/login_events.csv,LOGIN-0042,2026-02-21T05:00:00Z,SUCCESS,LOGIN-0042,"{""authentication_result"":""SUCCESS"",""device_id"":""DEV-BEA-PHONE"",""geolocation_hint"":""Noir City office"",""ip_address"":""198.51.100.88"",""login_at"":""2026-02-21T05:00:00Z"",""login_event_id"":""LOGIN-0042"",""person_record_id"":""PR-BEA-01""}",genie/puppy/login_events.csv#LOGIN-0042,2026.07.19.2
CEO_BARKED_TWICE,PUPPY,LOGIN-0043,LOGIN_EVENT,,LOGIN-0043,GENIE,genie/puppy/login_events.csv,LOGIN-0043,2026-02-21T18:00:00Z,SUCCESS,LOGIN-0043,"{""authentication_result"":""SUCCESS"",""device_id"":""DEV-CONRAD-LAP"",""geolocation_hint"":""Noir City office"",""ip_address"":""198.51.100.88"",""login_at"":""2026-02-21T18:00:00Z"",""login_event_id"":""LOGIN-0043"",""person_record_id"":""PR-CONRAD-01""}",genie/puppy/login_events.csv#LOGIN-0043,2026.07.19.2
CEO_BARKED_TWICE,PUPPY,LOGIN-0044,LOGIN_EVENT,,LOGIN-0044,GENIE,genie/puppy/login_events.csv,LOGIN-0044,2026-02-22T02:00:00Z,SUCCESS,LOGIN-0044,"{""authentication_result"":""SUCCESS"",""device_id"":""DEV-THEO-SEC"",""geolocation_hint"":""Noir City office"",""ip_address"":""198.51.100.88"",""login_at"":""2026-02-22T02:00:00Z"",""login_event_id"":""LOGIN-0044"",""person_record_id"":""PR-THEO-01""}",genie/puppy/login_events.csv#LOGIN-0044,2026.07.19.2
CEO_BARKED_TWICE,PUPPY,LOGIN-0045,LOGIN_EVENT,,LOGIN-0045,GENIE,genie/puppy/login_events.csv,LOGIN-0045,2026-02-22T15:00:00Z,SUCCESS,LOGIN-0045,"{""authentication_result"":""SUCCESS"",""device_id"":""DEV-VICTOR-LAP"",""geolocation_hint"":""Vendor office"",""ip_address"":""198.51.100.121"",""login_at"":""2026-02-22T15:00:00Z"",""login_event_id"":""LOGIN-0045"",""person_record_id"":""PR-VICTOR-01""}",genie/puppy/login_events.csv#LOGIN-0045,2026.07.19.2
CEO_BARKED_TWICE,PUPPY,LOGIN-0046,LOGIN_EVENT,,LOGIN-0046,GENIE,genie/puppy/login_events.csv,LOGIN-0046,2026-02-22T23:00:00Z,SUCCESS,LOGIN-0046,"{""authentication_result"":""SUCCESS"",""device_id"":""DEV-ATTACK-9F2A"",""geolocation_hint"":""External anonymized host"",""ip_address"":""203.0.113.77"",""login_at"":""2026-02-22T23:00:00Z"",""login_event_id"":""LOGIN-0046"",""person_record_id"":""PR-ROWAN-01""}",genie/puppy/login_events.csv#LOGIN-0046,2026.07.19.2
CEO_BARKED_TWICE,PUPPY,LOGIN-0047,LOGIN_EVENT,,LOGIN-0047,GENIE,genie/puppy/login_events.csv,LOGIN-0047,2026-02-23T12:00:00Z,SUCCESS,LOGIN-0047,"{""authentication_result"":""SUCCESS"",""device_id"":""DEV-ATTACK-9F2A"",""geolocation_hint"":""External anonymized host"",""ip_address"":""203.0.113.77"",""login_at"":""2026-02-23T12:00:00Z"",""login_event_id"":""LOGIN-0047"",""person_record_id"":""PR-IVY-01""}",genie/puppy/login_events.csv#LOGIN-0047,2026.07.19.2
CEO_BARKED_TWICE,PUPPY,LOGIN-0048,LOGIN_EVENT,,LOGIN-0048,GENIE,genie/puppy/login_events.csv,LOGIN-0048,2026-02-24T01:00:00Z,SUCCESS,LOGIN-0048,"{""authentication_result"":""SUCCESS"",""device_id"":""DEV-GRANT-P1"",""geolocation_hint"":""External anonymized host"",""ip_address"":""203.0.113.83"",""login_at"":""2026-02-24T01:00:00Z"",""login_event_id"":""LOGIN-0048"",""person_record_id"":""PR-GRANT-01""}",genie/puppy/login_events.csv#LOGIN-0048,2026.07.19.2
CEO_BARKED_TWICE,PUPPY,MR-001,MAILBOX_RULE,,MR-001,GENIE,genie/puppy/mailbox_rules.csv,MR-001,2026-02-09T23:41:00Z,,MR-001,"{""action_text"":""forward to ops@nightjar-consult.example; mark read; move to RSS Feeds"",""condition_text"":""sender contains copperpaw.example OR subject contains bank details"",""created_at"":""2026-02-09T23:41:00Z"",""created_from_device_id"":""DEV-ATTACK-9F2A"",""created_from_ip"":""203.0.113.77"",""enabled"":""true"",""forwarding_target"":""ops@nightjar-consult.example"",""mailbox_record_id"":""PR-PENNY-03"",""mailbox_rule_id"":""MR-001"",""rule_name"":""Vendor change archive""}",genie/puppy/mailbox_rules.csv#MR-001,2026.07.19.2
CEO_BARKED_TWICE,PUPPY,MR-002,MAILBOX_RULE,,MR-002,GENIE,genie/puppy/mailbox_rules.csv,MR-002,2026-02-10T00:03:00Z,,MR-002,"{""action_text"":""forward to ops@nightjar-consult.example; delete after forwarding"",""condition_text"":""sender contains bea.barkley@silvercollar.example"",""created_at"":""2026-02-10T00:03:00Z"",""created_from_device_id"":""DEV-ATTACK-9F2A"",""created_from_ip"":""203.0.113.77"",""enabled"":""true"",""forwarding_target"":""ops@nightjar-consult.example"",""mailbox_record_id"":""PR-PENNY-03"",""mailbox_rule_id"":""MR-002"",""rule_name"":""CEO replies""}",genie/puppy/mailbox_rules.csv#MR-002,2026.07.19.2
CEO_BARKED_TWICE,PUPPY,MR-003,MAILBOX_RULE,,MR-003,GENIE,genie/puppy/mailbox_rules.csv,MR-003,2025-09-08T00:00:00Z,,MR-003,"{""action_text"":""flag"",""condition_text"":""size greater than 15MB"",""created_at"":""2025-09-08T00:00:00Z"",""created_from_device_id"":""DEV-OFFICE-SHARED"",""created_from_ip"":""198.51.100.88"",""enabled"":""true"",""forwarding_target"":"""",""mailbox_record_id"":""PR-BEA-01"",""mailbox_rule_id"":""MR-003"",""rule_name"":""Large attachment warning""}",genie/puppy/mailbox_rules.csv#MR-003,2026.07.19.2
CEO_BARKED_TWICE,PUPPY,MR-004,MAILBOX_RULE,,MR-004,GENIE,genie/puppy/mailbox_rules.csv,MR-004,2025-09-27T00:00:00Z,,MR-004,"{""action_text"":""move to Vendor Portal"",""condition_text"":""sender contains portal"",""created_at"":""2025-09-27T00:00:00Z"",""created_from_device_id"":""DEV-OFFICE-SHARED"",""created_from_ip"":""198.51.100.88"",""enabled"":""true"",""forwarding_target"":"""",""mailbox_record_id"":""PR-IDA-01"",""mailbox_rule_id"":""MR-004"",""rule_name"":""Supplier portal""}",genie/puppy/mailbox_rules.csv#MR-004,2026.07.19.2
CEO_BARKED_TWICE,PUPPY,MR-005,MAILBOX_RULE,,MR-005,GENIE,genie/puppy/mailbox_rules.csv,MR-005,2025-10-16T00:00:00Z,,MR-005,"{""action_text"":""archive"",""condition_text"":""subject contains calendar"",""created_at"":""2025-10-16T00:00:00Z"",""created_from_device_id"":""DEV-NOISE-05"",""created_from_ip"":""203.0.113.124"",""enabled"":""true"",""forwarding_target"":"""",""mailbox_record_id"":""PR-LUCY-01"",""mailbox_rule_id"":""MR-005"",""rule_name"":""Calendar archive""}",genie/puppy/mailbox_rules.csv#MR-005,2026.07.19.2
CEO_BARKED_TWICE,PUPPY,MR-006,MAILBOX_RULE,,MR-006,GENIE,genie/puppy/mailbox_rules.csv,MR-006,2025-11-04T00:00:00Z,,MR-006,"{""action_text"":""move to Newsletters"",""condition_text"":""subject contains newsletter"",""created_at"":""2025-11-04T00:00:00Z"",""created_from_device_id"":""DEV-OFFICE-SHARED"",""created_from_ip"":""198.51.100.88"",""enabled"":""true"",""forwarding_target"":"""",""mailbox_record_id"":""PR-PENNY-03"",""mailbox_rule_id"":""MR-006"",""rule_name"":""Newsletter""}",genie/puppy/mailbox_rules.csv#MR-006,2026.07.19.2
CEO_BARKED_TWICE,PUPPY,MR-007,MAILBOX_RULE,,MR-007,GENIE,genie/puppy/mailbox_rules.csv,MR-007,2025-11-23T00:00:00Z,,MR-007,"{""action_text"":""move to Travel"",""condition_text"":""sender contains travel"",""created_at"":""2025-11-23T00:00:00Z"",""created_from_device_id"":""DEV-OFFICE-SHARED"",""created_from_ip"":""198.51.100.88"",""enabled"":""true"",""forwarding_target"":"""",""mailbox_record_id"":""PR-CONRAD-01"",""mailbox_rule_id"":""MR-007"",""rule_name"":""Travel notices""}",genie/puppy/mailbox_rules.csv#MR-007,2026.07.19.2
CEO_BARKED_TWICE,PUPPY,PO-26001,PURCHASE_ORDER,,precision bearings,GENIE,genie/puppy/purchase_orders.csv,PO-26001,2025-07-01T00:00:00Z,CLOSED,precision bearings,"{""amount"":""85000.00"",""approved_by_record_id"":""PR-CONRAD-01"",""buyer_organization_record_id"":""OR-SCC-01"",""cost_center"":""CC-200"",""created_at"":""2025-07-01T00:00:00Z"",""currency"":""BSC"",""description"":""precision bearings"",""purchase_order_id"":""PO-26001"",""requested_by_record_id"":""PR-IDA-01"",""status"":""CLOSED"",""vendor_organization_record_id"":""OR-COPPER-01""}",genie/puppy/purchase_orders.csv#PO-26001,2026.07.19.2
CEO_BARKED_TWICE,PUPPY,PO-26002,PURCHASE_ORDER,,motor housings,GENIE,genie/puppy/purchase_orders.csv,PO-26002,2025-07-06T00:00:00Z,CLOSED,motor housings,"{""amount"":""102000.00"",""approved_by_record_id"":""PR-CONRAD-01"",""buyer_organization_record_id"":""OR-SCC-01"",""cost_center"":""CC-201"",""created_at"":""2025-07-06T00:00:00Z"",""currency"":""BSC"",""description"":""motor housings"",""purchase_order_id"":""PO-26002"",""requested_by_record_id"":""PR-IDA-01"",""status"":""CLOSED"",""vendor_organization_record_id"":""OR-IRON-01""}",genie/puppy/purchase_orders.csv#PO-26002,2026.07.19.2
CEO_BARKED_TWICE,PUPPY,PO-26003,PURCHASE_ORDER,,control relays,GENIE,genie/puppy/purchase_orders.csv,PO-26003,2025-07-11T00:00:00Z,CLOSED,control relays,"{""amount"":""119000.00"",""approved_by_record_id"":""PR-CONRAD-01"",""buyer_organization_record_id"":""OR-SCC-01"",""cost_center"":""CC-202"",""created_at"":""2025-07-11T00:00:00Z"",""currency"":""BSC"",""description"":""control relays"",""purchase_order_id"":""PO-26003"",""requested_by_record_id"":""PR-IDA-01"",""status"":""CLOSED"",""vendor_organization_record_id"":""OR-WIRE-01""}",genie/puppy/purchase_orders.csv#PO-26003,2026.07.19.2
CEO_BARKED_TWICE,PUPPY,PO-26004,PURCHASE_ORDER,,freight services,GENIE,genie/puppy/purchase_orders.csv,PO-26004,2025-07-16T00:00:00Z,CLOSED,freight services,"{""amount"":""136000.00"",""approved_by_record_id"":""PR-CONRAD-01"",""buyer_organization_record_id"":""OR-SCC-01"",""cost_center"":""CC-203"",""created_at"":""2025-07-16T00:00:00Z"",""currency"":""BSC"",""description"":""freight services"",""purchase_order_id"":""PO-26004"",""requested_by_record_id"":""PR-IDA-01"",""status"":""CLOSED"",""vendor_organization_record_id"":""OR-TAIL-01""}",genie/puppy/purchase_orders.csv#PO-26004,2026.07.19.2
CEO_BARKED_TWICE,PUPPY,PO-26005,PURCHASE_ORDER,,packaging reels,GENIE,genie/puppy/purchase_orders.csv,PO-26005,2025-07-21T00:00:00Z,CLOSED,packaging reels,"{""amount"":""153000.00"",""approved_by_record_id"":""PR-CONRAD-01"",""buyer_organization_record_id"":""OR-SCC-01"",""cost_center"":""CC-204"",""created_at"":""2025-07-21T00:00:00Z"",""currency"":""BSC"",""description"":""packaging reels"",""purchase_order_id"":""PO-26005"",""requested_by_record_id"":""PR-IDA-01"",""status"":""CLOSED"",""vendor_organization_record_id"":""OR-COPPER-01""}",genie/puppy/purchase_orders.csv#PO-26005,2026.07.19.2
CEO_BARKED_TWICE,PUPPY,PO-26006,PURCHASE_ORDER,,office systems,GENIE,genie/puppy/purchase_orders.csv,PO-26006,2025-07-26T00:00:00Z,CLOSED,office systems,"{""amount"":""170000.00"",""approved_by_record_id"":""PR-CONRAD-01"",""buyer_organization_record_id"":""OR-SCC-01"",""cost_center"":""CC-205"",""created_at"":""2025-07-26T00:00:00Z"",""currency"":""BSC"",""description"":""office systems"",""purchase_order_id"":""PO-26006"",""requested_by_record_id"":""PR-IDA-01"",""status"":""CLOSED"",""vendor_organization_record_id"":""OR-HOUNDOFF-01""}",genie/puppy/purchase_orders.csv#PO-26006,2026.07.19.2
CEO_BARKED_TWICE,PUPPY,PO-26007,PURCHASE_ORDER,,robotic grippers,GENIE,genie/puppy/purchase_orders.csv,PO-26007,2025-07-31T00:00:00Z,CLOSED,robotic grippers,"{""amount"":""187000.00"",""approved_by_record_id"":""PR-CONRAD-01"",""buyer_organization_record_id"":""OR-SCC-01"",""cost_center"":""CC-206"",""created_at"":""2025-07-31T00:00:00Z"",""currency"":""BSC"",""description"":""robotic grippers"",""purchase_order_id"":""PO-26007"",""requested_by_record_id"":""PR-IDA-01"",""status"":""CLOSED"",""vendor_organization_record_id"":""OR-RETRIEVER-01""}",genie/puppy/purchase_orders.csv#PO-26007,2026.07.19.2
CEO_BARKED_TWICE,PUPPY,PO-26008,PURCHASE_ORDER,,precision bearings,GENIE,genie/puppy/purchase_orders.csv,PO-26008,2025-08-05T00:00:00Z,CLOSED,precision bearings,"{""amount"":""204000.00"",""approved_by_record_id"":""PR-CONRAD-01"",""buyer_organization_record_id"":""OR-SCC-01"",""cost_center"":""CC-207"",""created_at"":""2025-08-05T00:00:00Z"",""currency"":""BSC"",""description"":""precision bearings"",""purchase_order_id"":""PO-26008"",""requested_by_record_id"":""PR-IDA-01"",""status"":""CLOSED"",""vendor_organization_record_id"":""OR-COPPER-01""}",genie/puppy/purchase_orders.csv#PO-26008,2026.07.19.2
CEO_BARKED_TWICE,PUPPY,PO-26009,PURCHASE_ORDER,,motor housings,GENIE,genie/puppy/purchase_orders.csv,PO-26009,2025-08-10T00:00:00Z,CLOSED,motor housings,"{""amount"":""221000.00"",""approved_by_record_id"":""PR-CONRAD-01"",""buyer_organization_record_id"":""OR-SCC-01"",""cost_center"":""CC-200"",""created_at"":""2025-08-10T00:00:00Z"",""currency"":""BSC"",""description"":""motor housings"",""purchase_order_id"":""PO-26009"",""requested_by_record_id"":""PR-IDA-01"",""status"":""CLOSED"",""vendor_organization_record_id"":""OR-IRON-01""}",genie/puppy/purchase_orders.csv#PO-26009,2026.07.19.2
CEO_BARKED_TWICE,PUPPY,PO-26010,PURCHASE_ORDER,,control relays,GENIE,genie/puppy/purchase_orders.csv,PO-26010,2025-08-15T00:00:00Z,CLOSED,control relays,"{""amount"":""85000.00"",""approved_by_record_id"":""PR-CONRAD-01"",""buyer_organization_record_id"":""OR-SCC-01"",""cost_center"":""CC-201"",""created_at"":""2025-08-15T00:00:00Z"",""currency"":""BSC"",""description"":""control relays"",""purchase_order_id"":""PO-26010"",""requested_by_record_id"":""PR-IDA-01"",""status"":""CLOSED"",""vendor_organization_record_id"":""OR-WIRE-01""}",genie/puppy/purchase_orders.csv#PO-26010,2026.07.19.2
CEO_BARKED_TWICE,PUPPY,PO-26011,PURCHASE_ORDER,,freight services,GENIE,genie/puppy/purchase_orders.csv,PO-26011,2025-08-20T00:00:00Z,CLOSED,freight services,"{""amount"":""111000.00"",""approved_by_record_id"":""PR-CONRAD-01"",""buyer_organization_record_id"":""OR-SCC-01"",""cost_center"":""CC-202"",""created_at"":""2025-08-20T00:00:00Z"",""currency"":""BSC"",""description"":""freight services"",""purchase_order_id"":""PO-26011"",""requested_by_record_id"":""PR-IDA-01"",""status"":""CLOSED"",""vendor_organization_record_id"":""OR-TAIL-01""}",genie/puppy/purchase_orders.csv#PO-26011,2026.07.19.2
CEO_BARKED_TWICE,PUPPY,PO-26012,PURCHASE_ORDER,,packaging reels,GENIE,genie/puppy/purchase_orders.csv,PO-26012,2025-08-25T00:00:00Z,CLOSED,packaging reels,"{""amount"":""128000.00"",""approved_by_record_id"":""PR-CONRAD-01"",""buyer_organization_record_id"":""OR-SCC-01"",""cost_center"":""CC-203"",""created_at"":""2025-08-25T00:00:00Z"",""currency"":""BSC"",""description"":""packaging reels"",""purchase_order_id"":""PO-26012"",""requested_by_record_id"":""PR-IDA-01"",""status"":""CLOSED"",""vendor_organization_record_id"":""OR-BLUEBOWL-01""}",genie/puppy/purchase_orders.csv#PO-26012,2026.07.19.2
CEO_BARKED_TWICE,PUPPY,PO-26013,PURCHASE_ORDER,,office systems,GENIE,genie/puppy/purchase_orders.csv,PO-26013,2025-08-30T00:00:00Z,CLOSED,office systems,"{""amount"":""145000.00"",""approved_by_record_id"":""PR-CONRAD-01"",""buyer_organization_record_id"":""OR-SCC-01"",""cost_center"":""CC-204"",""created_at"":""2025-08-30T00:00:00Z"",""currency"":""BSC"",""description"":""office systems"",""purchase_order_id"":""PO-26013"",""requested_by_record_id"":""PR-IDA-01"",""status"":""CLOSED"",""vendor_organization_record_id"":""OR-COPPER-01""}",genie/puppy/purchase_orders.csv#PO-26013,2026.07.19.2
CEO_BARKED_TWICE,PUPPY,PO-26014,PURCHASE_ORDER,,robotic grippers,GENIE,genie/puppy/purchase_orders.csv,PO-26014,2025-09-04T00:00:00Z,CLOSED,robotic grippers,"{""amount"":""162000.00"",""approved_by_record_id"":""PR-CONRAD-01"",""buyer_organization_record_id"":""OR-SCC-01"",""cost_center"":""CC-205"",""created_at"":""2025-09-04T00:00:00Z"",""currency"":""BSC"",""description"":""robotic grippers"",""purchase_order_id"":""PO-26014"",""requested_by_record_id"":""PR-IDA-01"",""status"":""CLOSED"",""vendor_organization_record_id"":""OR-RETRIEVER-01""}",genie/puppy/purchase_orders.csv#PO-26014,2026.07.19.2
CEO_BARKED_TWICE,PUPPY,PO-26015,PURCHASE_ORDER,,precision bearings,GENIE,genie/puppy/purchase_orders.csv,PO-26015,2025-09-09T00:00:00Z,CLOSED,precision bearings,"{""amount"":""179000.00"",""approved_by_record_id"":""PR-CONRAD-01"",""buyer_organization_record_id"":""OR-SCC-01"",""cost_center"":""CC-206"",""created_at"":""2025-09-09T00:00:00Z"",""currency"":""BSC"",""description"":""precision bearings"",""purchase_order_id"":""PO-26015"",""requested_by_record_id"":""PR-IDA-01"",""status"":""CLOSED"",""vendor_organization_record_id"":""OR-COPPER-01""}",genie/puppy/purchase_orders.csv#PO-26015,2026.07.19.2
CEO_BARKED_TWICE,PUPPY,PO-26016,PURCHASE_ORDER,,motor housings,GENIE,genie/puppy/purchase_orders.csv,PO-26016,2025-09-14T00:00:00Z,CLOSED,motor housings,"{""amount"":""196000.00"",""approved_by_record_id"":""PR-CONRAD-01"",""buyer_organization_record_id"":""OR-SCC-01"",""cost_center"":""CC-207"",""created_at"":""2025-09-14T00:00:00Z"",""currency"":""BSC"",""description"":""motor housings"",""purchase_order_id"":""PO-26016"",""requested_by_record_id"":""PR-IDA-01"",""status"":""CLOSED"",""vendor_organization_record_id"":""OR-IRON-01""}",genie/puppy/purchase_orders.csv#PO-26016,2026.07.19.2
CEO_BARKED_TWICE,PUPPY,PO-26017,PURCHASE_ORDER,,control relays,GENIE,genie/puppy/purchase_orders.csv,PO-26017,2025-09-19T00:00:00Z,CLOSED,control relays,"{""amount"":""213000.00"",""approved_by_record_id"":""PR-CONRAD-01"",""buyer_organization_record_id"":""OR-SCC-01"",""cost_center"":""CC-200"",""created_at"":""2025-09-19T00:00:00Z"",""currency"":""BSC"",""description"":""control relays"",""purchase_order_id"":""PO-26017"",""requested_by_record_id"":""PR-IDA-01"",""status"":""CLOSED"",""vendor_organization_record_id"":""OR-WIRE-01""}",genie/puppy/purchase_orders.csv#PO-26017,2026.07.19.2
CEO_BARKED_TWICE,PUPPY,PO-26018,PURCHASE_ORDER,,freight services,GENIE,genie/puppy/purchase_orders.csv,PO-26018,2025-09-24T00:00:00Z,CLOSED,freight services,"{""amount"":""230000.00"",""approved_by_record_id"":""PR-CONRAD-01"",""buyer_organization_record_id"":""OR-SCC-01"",""cost_center"":""CC-201"",""created_at"":""2025-09-24T00:00:00Z"",""currency"":""BSC"",""description"":""freight services"",""purchase_order_id"":""PO-26018"",""requested_by_record_id"":""PR-IDA-01"",""status"":""CLOSED"",""vendor_organization_record_id"":""OR-TAIL-01""}",genie/puppy/purchase_orders.csv#PO-26018,2026.07.19.2
CEO_BARKED_TWICE,PUPPY,VCR-001,VENDOR_CHANGE,,VCR-001,GENIE,genie/puppy/vendor_changes.csv,VCR-001,2026-02-10T09:12:00Z,APPROVED,VCR-001,"{""approved_by_record_id"":""PR-CONRAD-01"",""new_account_id"":""A-NIGHTJAR-8842"",""old_account_id"":""A-COPPER-2207"",""request_domain"":""copperpavv.example"",""requested_at"":""2026-02-10T09:12:00Z"",""requested_by_record_id"":""PR-PENNY-01"",""status"":""APPROVED"",""vendor_change_request_id"":""VCR-001"",""vendor_organization_record_id"":""OR-COPPER-01"",""verification_method"":""EMAIL_ONLY""}",genie/puppy/vendor_changes.csv#VCR-001,2026.07.19.2
CEO_BARKED_TWICE,PUPPY,VCR-002,VENDOR_CHANGE,,VCR-002,GENIE,genie/puppy/vendor_changes.csv,VCR-002,2026-02-18T08:55:00Z,APPROVED,VCR-002,"{""approved_by_record_id"":""PR-CONRAD-01"",""new_account_id"":""A-NIGHTJAR-8842"",""old_account_id"":""A-COPPER-2207"",""request_domain"":""copperpavv.example"",""requested_at"":""2026-02-18T08:55:00Z"",""requested_by_record_id"":""PR-PENNY-01"",""status"":""APPROVED"",""vendor_change_request_id"":""VCR-002"",""vendor_organization_record_id"":""OR-COPPER-01"",""verification_method"":""EMAIL_ONLY""}",genie/puppy/vendor_changes.csv#VCR-002,2026.07.19.2
CEO_BARKED_TWICE,PUPPY,VCR-003,VENDOR_CHANGE,,VCR-003,GENIE,genie/puppy/vendor_changes.csv,VCR-003,2026-02-25T08:31:00Z,HELD,VCR-003,"{""approved_by_record_id"":""PR-CONRAD-01"",""new_account_id"":""A-NIGHTJAR-8842"",""old_account_id"":""A-COPPER-2207"",""request_domain"":""copperpavv.example"",""requested_at"":""2026-02-25T08:31:00Z"",""requested_by_record_id"":""PR-PENNY-01"",""status"":""HELD"",""vendor_change_request_id"":""VCR-003"",""vendor_organization_record_id"":""OR-COPPER-01"",""verification_method"":""CALLBACK_PENDING""}",genie/puppy/vendor_changes.csv#VCR-003,2026.07.19.2
CEO_BARKED_TWICE,PUPPY,VCR-004,VENDOR_CHANGE,,VCR-004,GENIE,genie/puppy/vendor_changes.csv,VCR-004,2025-09-15T00:00:00Z,CANCELLED,VCR-004,"{""approved_by_record_id"":""PR-IDA-01"",""new_account_id"":""A-BLUEBOWL-3164"",""old_account_id"":""A-BLUEBOWL-3164"",""request_domain"":""blue.bowl.packaging.example"",""requested_at"":""2025-09-15T00:00:00Z"",""requested_by_record_id"":""PR-PENNY-01"",""status"":""CANCELLED"",""vendor_change_request_id"":""VCR-004"",""vendor_organization_record_id"":""OR-BLUEBOWL-01"",""verification_method"":""EMAIL_ONLY""}",genie/puppy/vendor_changes.csv#VCR-004,2026.07.19.2
CEO_BARKED_TWICE,PUPPY,VCR-005,VENDOR_CHANGE,,VCR-005,GENIE,genie/puppy/vendor_changes.csv,VCR-005,2025-09-30T00:00:00Z,APPROVED,VCR-005,"{""approved_by_record_id"":""PR-IDA-01"",""new_account_id"":""A-HOUNDOFF-3205"",""old_account_id"":""A-HOUNDOFF-3205"",""request_domain"":""hound.office.solutions.example"",""requested_at"":""2025-09-30T00:00:00Z"",""requested_by_record_id"":""PR-PENNY-01"",""status"":""APPROVED"",""vendor_change_request_id"":""VCR-005"",""vendor_organization_record_id"":""OR-HOUNDOFF-01"",""verification_method"":""CALLBACK_VERIFIED""}",genie/puppy/vendor_changes.csv#VCR-005,2026.07.19.2
CEO_BARKED_TWICE,PUPPY,VCR-006,VENDOR_CHANGE,,VCR-006,GENIE,genie/puppy/vendor_changes.csv,VCR-006,2025-10-15T00:00:00Z,REJECTED,VCR-006,"{""approved_by_record_id"":""PR-IDA-01"",""new_account_id"":""A-RETRIEVER-3246"",""old_account_id"":""A-RETRIEVER-3246"",""request_domain"":""retriever.robotics.example"",""requested_at"":""2025-10-15T00:00:00Z"",""requested_by_record_id"":""PR-PENNY-01"",""status"":""REJECTED"",""vendor_change_request_id"":""VCR-006"",""vendor_organization_record_id"":""OR-RETRIEVER-01"",""verification_method"":""SIGNED_FORM""}",genie/puppy/vendor_changes.csv#VCR-006,2026.07.19.2
CEO_BARKED_TWICE,PUPPY,VCR-007,VENDOR_CHANGE,,VCR-007,GENIE,genie/puppy/vendor_changes.csv,VCR-007,2025-10-30T00:00:00Z,CANCELLED,VCR-007,"{""approved_by_record_id"":""PR-IDA-01"",""new_account_id"":""A-LEG-8221"",""old_account_id"":""A-COPPER-2207"",""request_domain"":""copperpaw.example"",""requested_at"":""2025-10-30T00:00:00Z"",""requested_by_record_id"":""PR-PENNY-01"",""status"":""CANCELLED"",""vendor_change_request_id"":""VCR-007"",""vendor_organization_record_id"":""OR-COPPER-01"",""verification_method"":""PORTAL_VERIFIED""}",genie/puppy/vendor_changes.csv#VCR-007,2026.07.19.2
CEO_BARKED_TWICE,PUPPY,VCR-008,VENDOR_CHANGE,,VCR-008,GENIE,genie/puppy/vendor_changes.csv,VCR-008,2025-11-14T00:00:00Z,APPROVED,VCR-008,"{""approved_by_record_id"":""PR-IDA-01"",""new_account_id"":""A-LEG-8238"",""old_account_id"":""A-IRON-3041"",""request_domain"":""iron.leash.manufacturing.example"",""requested_at"":""2025-11-14T00:00:00Z"",""requested_by_record_id"":""PR-PENNY-01"",""status"":""APPROVED"",""vendor_change_request_id"":""VCR-008"",""vendor_organization_record_id"":""OR-IRON-01"",""verification_method"":""EMAIL_ONLY""}",genie/puppy/vendor_changes.csv#VCR-008,2026.07.19.2
CEO_BARKED_TWICE,PUPPY,VCR-009,VENDOR_CHANGE,,VCR-009,GENIE,genie/puppy/vendor_changes.csv,VCR-009,2025-11-29T00:00:00Z,APPROVED,VCR-009,"{""approved_by_record_id"":""PR-IDA-01"",""new_account_id"":""A-LEG-8153"",""old_account_id"":""A-WIRE-3082"",""request_domain"":""wire.whisker.electronics.example"",""requested_at"":""2025-11-29T00:00:00Z"",""requested_by_record_id"":""PR-PENNY-01"",""status"":""APPROVED"",""vendor_change_request_id"":""VCR-009"",""vendor_organization_record_id"":""OR-WIRE-01"",""verification_method"":""CALLBACK_VERIFIED""}",genie/puppy/vendor_changes.csv#VCR-009,2026.07.19.2
CEO_BARKED_TWICE,PUPPY,VCR-010,VENDOR_CHANGE,,VCR-010,GENIE,genie/puppy/vendor_changes.csv,VCR-010,2025-12-14T00:00:00Z,CANCELLED,VCR-010,"{""approved_by_record_id"":""PR-IDA-01"",""new_account_id"":""A-LEG-8170"",""old_account_id"":""A-TAIL-3123"",""request_domain"":""tailspin.freight.co.example"",""requested_at"":""2025-12-14T00:00:00Z"",""requested_by_record_id"":""PR-PENNY-01"",""status"":""CANCELLED"",""vendor_change_request_id"":""VCR-010"",""vendor_organization_record_id"":""OR-TAIL-01"",""verification_method"":""SIGNED_FORM""}",genie/puppy/vendor_changes.csv#VCR-010,2026.07.19.2
CEO_BARKED_TWICE,PUPPY,VR-001,VENDOR_RELATIONSHIP,,VR-001,GENIE,genie/puppy/vendor_relationships.csv,VR-001,,DORMANT,VR-001,"{""approved_account_id"":""A-COPPER-2207"",""buyer_organization_record_id"":""OR-SCC-01"",""callback_phone"":""+1-555-0501"",""onboarding_date"":""2022-01-01"",""risk_rating"":""LOW"",""status"":""DORMANT"",""vendor_number"":""VEND-1000"",""vendor_organization_record_id"":""OR-COPPER-01"",""vendor_relationship_id"":""VR-001""}",genie/puppy/vendor_relationships.csv#VR-001,2026.07.19.2
CEO_BARKED_TWICE,PUPPY,VR-008,VENDOR_RELATIONSHIP,,VR-008,GENIE,genie/puppy/vendor_relationships.csv,VR-008,,DORMANT,VR-008,"{""approved_account_id"":""A-AUDIT-3287"",""buyer_organization_record_id"":""OR-SCC-01"",""callback_phone"":""+1-555-0508"",""onboarding_date"":""2022-10-29"",""risk_rating"":""MEDIUM"",""status"":""DORMANT"",""vendor_number"":""VEND-1007"",""vendor_organization_record_id"":""OR-AUDIT-01"",""vendor_relationship_id"":""VR-008""}",genie/puppy/vendor_relationships.csv#VR-008,2026.07.19.2
