case_id,match_id,rule_id,relationship_type,left_record_id,right_record_id,exact_field,masked_exact_value,normalization_version,generation_mode,framework_semantics,actual_engine_run,authoring_method_version,review_status,ambiguity_warning,supporting_record_ids_json,content_role,metadata_json,snapshot_version
GOLDEN_HYDRANT,GF-0001,GF-BID-TEMPLATE,SAME_BID_TEMPLATE,BID-0001,BID-0003,bid_template_hash,bid-template-coordinated-v4,norm-v1,CURATED_APPROXIMATION,GRAPHFRAMES_EXACT_MATCH,false,ADULT_V1_TO_CANONICAL_V1,APPROVED,Common template may indicate coordination or a shared consultant; corroborate it.,"[""BID-0001"",""BID-0003""]",CORE_EVIDENCE,"{""source_dataset"":""analytics/hydrant_graphframes_exact_relationships.csv""}",2026.07.18.1
GOLDEN_HYDRANT,GF-0002,GF-UNIT-FP,SAME_UNIT_PRICE_FINGERPRINT,BID-0001,BID-0004,unit_price_fingerprint,hydrant-unit-fp-8831,norm-v1,CURATED_APPROXIMATION,GRAPHFRAMES_EXACT_MATCH,false,ADULT_V1_TO_CANONICAL_V1,APPROVED,Matching unit-price fingerprints support coordinated pricing but are not sufficient alone.,"[""BID-0001"",""BID-0004""]",CORE_EVIDENCE,"{""source_dataset"":""analytics/hydrant_graphframes_exact_relationships.csv""}",2026.07.18.1
GOLDEN_HYDRANT,GF-0003,GF-BID-IP,SAME_BIDDER_IP,BID-0003,BID-0004,submission_ip,198.51.100.87,norm-v1,CURATED_APPROXIMATION,GRAPHFRAMES_EXACT_MATCH,false,ADULT_V1_TO_CANONICAL_V1,APPROVED,A shared IP can reflect a bid consultant or common office.,"[""BID-0003"",""BID-0004""]",SUPPORTING_EVIDENCE,"{""source_dataset"":""analytics/hydrant_graphframes_exact_relationships.csv""}",2026.07.18.1
GOLDEN_HYDRANT,GF-0004,GF-BID-TEMPLATE,SAME_BID_TEMPLATE,BID-0006,BID-0008,bid_template_hash,bid-template-coordinated-v4,norm-v1,CURATED_APPROXIMATION,GRAPHFRAMES_EXACT_MATCH,false,ADULT_V1_TO_CANONICAL_V1,APPROVED,Common template may indicate coordination or a shared consultant; corroborate it.,"[""BID-0006"",""BID-0008""]",CORE_EVIDENCE,"{""source_dataset"":""analytics/hydrant_graphframes_exact_relationships.csv""}",2026.07.18.1
GOLDEN_HYDRANT,GF-0005,GF-UNIT-FP,SAME_UNIT_PRICE_FINGERPRINT,BID-0006,BID-0009,unit_price_fingerprint,hydrant-unit-fp-8831,norm-v1,CURATED_APPROXIMATION,GRAPHFRAMES_EXACT_MATCH,false,ADULT_V1_TO_CANONICAL_V1,APPROVED,Matching unit-price fingerprints support coordinated pricing but are not sufficient alone.,"[""BID-0006"",""BID-0009""]",CORE_EVIDENCE,"{""source_dataset"":""analytics/hydrant_graphframes_exact_relationships.csv""}",2026.07.18.1
GOLDEN_HYDRANT,GF-0006,GF-BID-IP,SAME_BIDDER_IP,BID-0008,BID-0009,submission_ip,198.51.100.87,norm-v1,CURATED_APPROXIMATION,GRAPHFRAMES_EXACT_MATCH,false,ADULT_V1_TO_CANONICAL_V1,APPROVED,A shared IP can reflect a bid consultant or common office.,"[""BID-0008"",""BID-0009""]",SUPPORTING_EVIDENCE,"{""source_dataset"":""analytics/hydrant_graphframes_exact_relationships.csv""}",2026.07.18.1
GOLDEN_HYDRANT,GF-0007,GF-BID-TEMPLATE,SAME_BID_TEMPLATE,BID-0011,BID-0013,bid_template_hash,bid-template-coordinated-v4,norm-v1,CURATED_APPROXIMATION,GRAPHFRAMES_EXACT_MATCH,false,ADULT_V1_TO_CANONICAL_V1,APPROVED,Common template may indicate coordination or a shared consultant; corroborate it.,"[""BID-0011"",""BID-0013""]",CORE_EVIDENCE,"{""source_dataset"":""analytics/hydrant_graphframes_exact_relationships.csv""}",2026.07.18.1
GOLDEN_HYDRANT,GF-0008,GF-UNIT-FP,SAME_UNIT_PRICE_FINGERPRINT,BID-0011,BID-0014,unit_price_fingerprint,hydrant-unit-fp-8831,norm-v1,CURATED_APPROXIMATION,GRAPHFRAMES_EXACT_MATCH,false,ADULT_V1_TO_CANONICAL_V1,APPROVED,Matching unit-price fingerprints support coordinated pricing but are not sufficient alone.,"[""BID-0011"",""BID-0014""]",CORE_EVIDENCE,"{""source_dataset"":""analytics/hydrant_graphframes_exact_relationships.csv""}",2026.07.18.1
GOLDEN_HYDRANT,GF-0009,GF-BID-IP,SAME_BIDDER_IP,BID-0013,BID-0014,submission_ip,198.51.100.87,norm-v1,CURATED_APPROXIMATION,GRAPHFRAMES_EXACT_MATCH,false,ADULT_V1_TO_CANONICAL_V1,APPROVED,A shared IP can reflect a bid consultant or common office.,"[""BID-0013"",""BID-0014""]",SUPPORTING_EVIDENCE,"{""source_dataset"":""analytics/hydrant_graphframes_exact_relationships.csv""}",2026.07.18.1
GOLDEN_HYDRANT,GF-0010,GF-BID-TEMPLATE,SAME_BID_TEMPLATE,BID-0016,BID-0018,bid_template_hash,bid-template-coordinated-v4,norm-v1,CURATED_APPROXIMATION,GRAPHFRAMES_EXACT_MATCH,false,ADULT_V1_TO_CANONICAL_V1,APPROVED,Common template may indicate coordination or a shared consultant; corroborate it.,"[""BID-0016"",""BID-0018""]",CORE_EVIDENCE,"{""source_dataset"":""analytics/hydrant_graphframes_exact_relationships.csv""}",2026.07.18.1
GOLDEN_HYDRANT,GF-0011,GF-UNIT-FP,SAME_UNIT_PRICE_FINGERPRINT,BID-0016,BID-0019,unit_price_fingerprint,hydrant-unit-fp-8831,norm-v1,CURATED_APPROXIMATION,GRAPHFRAMES_EXACT_MATCH,false,ADULT_V1_TO_CANONICAL_V1,APPROVED,Matching unit-price fingerprints support coordinated pricing but are not sufficient alone.,"[""BID-0016"",""BID-0019""]",CORE_EVIDENCE,"{""source_dataset"":""analytics/hydrant_graphframes_exact_relationships.csv""}",2026.07.18.1
GOLDEN_HYDRANT,GF-0012,GF-BID-IP,SAME_BIDDER_IP,BID-0018,BID-0019,submission_ip,198.51.100.87,norm-v1,CURATED_APPROXIMATION,GRAPHFRAMES_EXACT_MATCH,false,ADULT_V1_TO_CANONICAL_V1,APPROVED,A shared IP can reflect a bid consultant or common office.,"[""BID-0018"",""BID-0019""]",SUPPORTING_EVIDENCE,"{""source_dataset"":""analytics/hydrant_graphframes_exact_relationships.csv""}",2026.07.18.1
GOLDEN_HYDRANT,GF-0013,GF-BID-TEMPLATE,SAME_BID_TEMPLATE,BID-0021,BID-0023,bid_template_hash,bid-template-coordinated-v4,norm-v1,CURATED_APPROXIMATION,GRAPHFRAMES_EXACT_MATCH,false,ADULT_V1_TO_CANONICAL_V1,APPROVED,Common template may indicate coordination or a shared consultant; corroborate it.,"[""BID-0021"",""BID-0023""]",CORE_EVIDENCE,"{""source_dataset"":""analytics/hydrant_graphframes_exact_relationships.csv""}",2026.07.18.1
GOLDEN_HYDRANT,GF-0014,GF-UNIT-FP,SAME_UNIT_PRICE_FINGERPRINT,BID-0021,BID-0024,unit_price_fingerprint,hydrant-unit-fp-8831,norm-v1,CURATED_APPROXIMATION,GRAPHFRAMES_EXACT_MATCH,false,ADULT_V1_TO_CANONICAL_V1,APPROVED,Matching unit-price fingerprints support coordinated pricing but are not sufficient alone.,"[""BID-0021"",""BID-0024""]",CORE_EVIDENCE,"{""source_dataset"":""analytics/hydrant_graphframes_exact_relationships.csv""}",2026.07.18.1
GOLDEN_HYDRANT,GF-0015,GF-BID-IP,SAME_BIDDER_IP,BID-0023,BID-0024,submission_ip,198.51.100.87,norm-v1,CURATED_APPROXIMATION,GRAPHFRAMES_EXACT_MATCH,false,ADULT_V1_TO_CANONICAL_V1,APPROVED,A shared IP can reflect a bid consultant or common office.,"[""BID-0023"",""BID-0024""]",SUPPORTING_EVIDENCE,"{""source_dataset"":""analytics/hydrant_graphframes_exact_relationships.csv""}",2026.07.18.1
GOLDEN_HYDRANT,GF-0016,GF-BID-TEMPLATE,SAME_BID_TEMPLATE,BID-0026,BID-0028,bid_template_hash,bid-template-coordinated-v4,norm-v1,CURATED_APPROXIMATION,GRAPHFRAMES_EXACT_MATCH,false,ADULT_V1_TO_CANONICAL_V1,APPROVED,Common template may indicate coordination or a shared consultant; corroborate it.,"[""BID-0026"",""BID-0028""]",CORE_EVIDENCE,"{""source_dataset"":""analytics/hydrant_graphframes_exact_relationships.csv""}",2026.07.18.1
GOLDEN_HYDRANT,GF-0017,GF-UNIT-FP,SAME_UNIT_PRICE_FINGERPRINT,BID-0026,BID-0029,unit_price_fingerprint,hydrant-unit-fp-8831,norm-v1,CURATED_APPROXIMATION,GRAPHFRAMES_EXACT_MATCH,false,ADULT_V1_TO_CANONICAL_V1,APPROVED,Matching unit-price fingerprints support coordinated pricing but are not sufficient alone.,"[""BID-0026"",""BID-0029""]",CORE_EVIDENCE,"{""source_dataset"":""analytics/hydrant_graphframes_exact_relationships.csv""}",2026.07.18.1
GOLDEN_HYDRANT,GF-0018,GF-BID-IP,SAME_BIDDER_IP,BID-0028,BID-0029,submission_ip,198.51.100.87,norm-v1,CURATED_APPROXIMATION,GRAPHFRAMES_EXACT_MATCH,false,ADULT_V1_TO_CANONICAL_V1,APPROVED,A shared IP can reflect a bid consultant or common office.,"[""BID-0028"",""BID-0029""]",SUPPORTING_EVIDENCE,"{""source_dataset"":""analytics/hydrant_graphframes_exact_relationships.csv""}",2026.07.18.1
GOLDEN_HYDRANT,GF-0019,GF-BID-TEMPLATE,SAME_BID_TEMPLATE,BID-0031,BID-0033,bid_template_hash,bid-template-coordinated-v4,norm-v1,CURATED_APPROXIMATION,GRAPHFRAMES_EXACT_MATCH,false,ADULT_V1_TO_CANONICAL_V1,APPROVED,Common template may indicate coordination or a shared consultant; corroborate it.,"[""BID-0031"",""BID-0033""]",CORE_EVIDENCE,"{""source_dataset"":""analytics/hydrant_graphframes_exact_relationships.csv""}",2026.07.18.1
GOLDEN_HYDRANT,GF-0020,GF-UNIT-FP,SAME_UNIT_PRICE_FINGERPRINT,BID-0031,BID-0034,unit_price_fingerprint,hydrant-unit-fp-8831,norm-v1,CURATED_APPROXIMATION,GRAPHFRAMES_EXACT_MATCH,false,ADULT_V1_TO_CANONICAL_V1,APPROVED,Matching unit-price fingerprints support coordinated pricing but are not sufficient alone.,"[""BID-0031"",""BID-0034""]",CORE_EVIDENCE,"{""source_dataset"":""analytics/hydrant_graphframes_exact_relationships.csv""}",2026.07.18.1
GOLDEN_HYDRANT,GF-0021,GF-BID-IP,SAME_BIDDER_IP,BID-0033,BID-0034,submission_ip,198.51.100.87,norm-v1,CURATED_APPROXIMATION,GRAPHFRAMES_EXACT_MATCH,false,ADULT_V1_TO_CANONICAL_V1,APPROVED,A shared IP can reflect a bid consultant or common office.,"[""BID-0033"",""BID-0034""]",SUPPORTING_EVIDENCE,"{""source_dataset"":""analytics/hydrant_graphframes_exact_relationships.csv""}",2026.07.18.1
GOLDEN_HYDRANT,GF-0022,GF-BID-TEMPLATE,SAME_BID_TEMPLATE,BID-0036,BID-0038,bid_template_hash,bid-template-coordinated-v4,norm-v1,CURATED_APPROXIMATION,GRAPHFRAMES_EXACT_MATCH,false,ADULT_V1_TO_CANONICAL_V1,APPROVED,Common template may indicate coordination or a shared consultant; corroborate it.,"[""BID-0036"",""BID-0038""]",CORE_EVIDENCE,"{""source_dataset"":""analytics/hydrant_graphframes_exact_relationships.csv""}",2026.07.18.1
GOLDEN_HYDRANT,GF-0023,GF-UNIT-FP,SAME_UNIT_PRICE_FINGERPRINT,BID-0036,BID-0039,unit_price_fingerprint,hydrant-unit-fp-8831,norm-v1,CURATED_APPROXIMATION,GRAPHFRAMES_EXACT_MATCH,false,ADULT_V1_TO_CANONICAL_V1,APPROVED,Matching unit-price fingerprints support coordinated pricing but are not sufficient alone.,"[""BID-0036"",""BID-0039""]",CORE_EVIDENCE,"{""source_dataset"":""analytics/hydrant_graphframes_exact_relationships.csv""}",2026.07.18.1
GOLDEN_HYDRANT,GF-0024,GF-BID-IP,SAME_BIDDER_IP,BID-0038,BID-0039,submission_ip,198.51.100.87,norm-v1,CURATED_APPROXIMATION,GRAPHFRAMES_EXACT_MATCH,false,ADULT_V1_TO_CANONICAL_V1,APPROVED,A shared IP can reflect a bid consultant or common office.,"[""BID-0038"",""BID-0039""]",SUPPORTING_EVIDENCE,"{""source_dataset"":""analytics/hydrant_graphframes_exact_relationships.csv""}",2026.07.18.1
GOLDEN_HYDRANT,GF-0025,GF-BID-TEMPLATE,SAME_BID_TEMPLATE,BID-0041,BID-0043,bid_template_hash,bid-template-coordinated-v4,norm-v1,CURATED_APPROXIMATION,GRAPHFRAMES_EXACT_MATCH,false,ADULT_V1_TO_CANONICAL_V1,APPROVED,Common template may indicate coordination or a shared consultant; corroborate it.,"[""BID-0041"",""BID-0043""]",CORE_EVIDENCE,"{""source_dataset"":""analytics/hydrant_graphframes_exact_relationships.csv""}",2026.07.18.1
GOLDEN_HYDRANT,GF-0026,GF-UNIT-FP,SAME_UNIT_PRICE_FINGERPRINT,BID-0041,BID-0044,unit_price_fingerprint,hydrant-unit-fp-8831,norm-v1,CURATED_APPROXIMATION,GRAPHFRAMES_EXACT_MATCH,false,ADULT_V1_TO_CANONICAL_V1,APPROVED,Matching unit-price fingerprints support coordinated pricing but are not sufficient alone.,"[""BID-0041"",""BID-0044""]",CORE_EVIDENCE,"{""source_dataset"":""analytics/hydrant_graphframes_exact_relationships.csv""}",2026.07.18.1
GOLDEN_HYDRANT,GF-0027,GF-BID-IP,SAME_BIDDER_IP,BID-0043,BID-0044,submission_ip,198.51.100.87,norm-v1,CURATED_APPROXIMATION,GRAPHFRAMES_EXACT_MATCH,false,ADULT_V1_TO_CANONICAL_V1,APPROVED,A shared IP can reflect a bid consultant or common office.,"[""BID-0043"",""BID-0044""]",SUPPORTING_EVIDENCE,"{""source_dataset"":""analytics/hydrant_graphframes_exact_relationships.csv""}",2026.07.18.1
GOLDEN_HYDRANT,GF-0028,GF-BID-TEMPLATE,SAME_BID_TEMPLATE,BID-0046,BID-0048,bid_template_hash,bid-template-coordinated-v4,norm-v1,CURATED_APPROXIMATION,GRAPHFRAMES_EXACT_MATCH,false,ADULT_V1_TO_CANONICAL_V1,APPROVED,Common template may indicate coordination or a shared consultant; corroborate it.,"[""BID-0046"",""BID-0048""]",CORE_EVIDENCE,"{""source_dataset"":""analytics/hydrant_graphframes_exact_relationships.csv""}",2026.07.18.1
GOLDEN_HYDRANT,GF-0029,GF-UNIT-FP,SAME_UNIT_PRICE_FINGERPRINT,BID-0046,BID-0049,unit_price_fingerprint,hydrant-unit-fp-8831,norm-v1,CURATED_APPROXIMATION,GRAPHFRAMES_EXACT_MATCH,false,ADULT_V1_TO_CANONICAL_V1,APPROVED,Matching unit-price fingerprints support coordinated pricing but are not sufficient alone.,"[""BID-0046"",""BID-0049""]",CORE_EVIDENCE,"{""source_dataset"":""analytics/hydrant_graphframes_exact_relationships.csv""}",2026.07.18.1
GOLDEN_HYDRANT,GF-0030,GF-BID-IP,SAME_BIDDER_IP,BID-0048,BID-0049,submission_ip,198.51.100.87,norm-v1,CURATED_APPROXIMATION,GRAPHFRAMES_EXACT_MATCH,false,ADULT_V1_TO_CANONICAL_V1,APPROVED,A shared IP can reflect a bid consultant or common office.,"[""BID-0048"",""BID-0049""]",SUPPORTING_EVIDENCE,"{""source_dataset"":""analytics/hydrant_graphframes_exact_relationships.csv""}",2026.07.18.1
GOLDEN_HYDRANT,GF-0031,GF-BID-TEMPLATE,SAME_BID_TEMPLATE,BID-0051,BID-0053,bid_template_hash,bid-template-coordinated-v4,norm-v1,CURATED_APPROXIMATION,GRAPHFRAMES_EXACT_MATCH,false,ADULT_V1_TO_CANONICAL_V1,APPROVED,Common template may indicate coordination or a shared consultant; corroborate it.,"[""BID-0051"",""BID-0053""]",CORE_EVIDENCE,"{""source_dataset"":""analytics/hydrant_graphframes_exact_relationships.csv""}",2026.07.18.1
GOLDEN_HYDRANT,GF-0032,GF-UNIT-FP,SAME_UNIT_PRICE_FINGERPRINT,BID-0051,BID-0054,unit_price_fingerprint,hydrant-unit-fp-8831,norm-v1,CURATED_APPROXIMATION,GRAPHFRAMES_EXACT_MATCH,false,ADULT_V1_TO_CANONICAL_V1,APPROVED,Matching unit-price fingerprints support coordinated pricing but are not sufficient alone.,"[""BID-0051"",""BID-0054""]",CORE_EVIDENCE,"{""source_dataset"":""analytics/hydrant_graphframes_exact_relationships.csv""}",2026.07.18.1
GOLDEN_HYDRANT,GF-0033,GF-BID-IP,SAME_BIDDER_IP,BID-0053,BID-0054,submission_ip,198.51.100.87,norm-v1,CURATED_APPROXIMATION,GRAPHFRAMES_EXACT_MATCH,false,ADULT_V1_TO_CANONICAL_V1,APPROVED,A shared IP can reflect a bid consultant or common office.,"[""BID-0053"",""BID-0054""]",SUPPORTING_EVIDENCE,"{""source_dataset"":""analytics/hydrant_graphframes_exact_relationships.csv""}",2026.07.18.1
GOLDEN_HYDRANT,GF-0034,GF-BID-TEMPLATE,SAME_BID_TEMPLATE,BID-0056,BID-0058,bid_template_hash,bid-template-coordinated-v4,norm-v1,CURATED_APPROXIMATION,GRAPHFRAMES_EXACT_MATCH,false,ADULT_V1_TO_CANONICAL_V1,APPROVED,Common template may indicate coordination or a shared consultant; corroborate it.,"[""BID-0056"",""BID-0058""]",CORE_EVIDENCE,"{""source_dataset"":""analytics/hydrant_graphframes_exact_relationships.csv""}",2026.07.18.1
GOLDEN_HYDRANT,GF-0035,GF-UNIT-FP,SAME_UNIT_PRICE_FINGERPRINT,BID-0056,BID-0059,unit_price_fingerprint,hydrant-unit-fp-8831,norm-v1,CURATED_APPROXIMATION,GRAPHFRAMES_EXACT_MATCH,false,ADULT_V1_TO_CANONICAL_V1,APPROVED,Matching unit-price fingerprints support coordinated pricing but are not sufficient alone.,"[""BID-0056"",""BID-0059""]",CORE_EVIDENCE,"{""source_dataset"":""analytics/hydrant_graphframes_exact_relationships.csv""}",2026.07.18.1
GOLDEN_HYDRANT,GF-0036,GF-BID-IP,SAME_BIDDER_IP,BID-0058,BID-0059,submission_ip,198.51.100.87,norm-v1,CURATED_APPROXIMATION,GRAPHFRAMES_EXACT_MATCH,false,ADULT_V1_TO_CANONICAL_V1,APPROVED,A shared IP can reflect a bid consultant or common office.,"[""BID-0058"",""BID-0059""]",SUPPORTING_EVIDENCE,"{""source_dataset"":""analytics/hydrant_graphframes_exact_relationships.csv""}",2026.07.18.1
GOLDEN_HYDRANT,GF-0037,GF-BID-TEMPLATE,SAME_BID_TEMPLATE,BID-0061,BID-0063,bid_template_hash,bid-template-coordinated-v4,norm-v1,CURATED_APPROXIMATION,GRAPHFRAMES_EXACT_MATCH,false,ADULT_V1_TO_CANONICAL_V1,APPROVED,Common template may indicate coordination or a shared consultant; corroborate it.,"[""BID-0061"",""BID-0063""]",CORE_EVIDENCE,"{""source_dataset"":""analytics/hydrant_graphframes_exact_relationships.csv""}",2026.07.18.1
GOLDEN_HYDRANT,GF-0038,GF-UNIT-FP,SAME_UNIT_PRICE_FINGERPRINT,BID-0061,BID-0064,unit_price_fingerprint,hydrant-unit-fp-8831,norm-v1,CURATED_APPROXIMATION,GRAPHFRAMES_EXACT_MATCH,false,ADULT_V1_TO_CANONICAL_V1,APPROVED,Matching unit-price fingerprints support coordinated pricing but are not sufficient alone.,"[""BID-0061"",""BID-0064""]",CORE_EVIDENCE,"{""source_dataset"":""analytics/hydrant_graphframes_exact_relationships.csv""}",2026.07.18.1
GOLDEN_HYDRANT,GF-0039,GF-BID-IP,SAME_BIDDER_IP,BID-0063,BID-0064,submission_ip,198.51.100.87,norm-v1,CURATED_APPROXIMATION,GRAPHFRAMES_EXACT_MATCH,false,ADULT_V1_TO_CANONICAL_V1,APPROVED,A shared IP can reflect a bid consultant or common office.,"[""BID-0063"",""BID-0064""]",SUPPORTING_EVIDENCE,"{""source_dataset"":""analytics/hydrant_graphframes_exact_relationships.csv""}",2026.07.18.1
GOLDEN_HYDRANT,GF-0040,GF-BID-TEMPLATE,SAME_BID_TEMPLATE,BID-0066,BID-0068,bid_template_hash,bid-template-coordinated-v4,norm-v1,CURATED_APPROXIMATION,GRAPHFRAMES_EXACT_MATCH,false,ADULT_V1_TO_CANONICAL_V1,APPROVED,Common template may indicate coordination or a shared consultant; corroborate it.,"[""BID-0066"",""BID-0068""]",CORE_EVIDENCE,"{""source_dataset"":""analytics/hydrant_graphframes_exact_relationships.csv""}",2026.07.18.1
GOLDEN_HYDRANT,GF-0041,GF-UNIT-FP,SAME_UNIT_PRICE_FINGERPRINT,BID-0066,BID-0069,unit_price_fingerprint,hydrant-unit-fp-8831,norm-v1,CURATED_APPROXIMATION,GRAPHFRAMES_EXACT_MATCH,false,ADULT_V1_TO_CANONICAL_V1,APPROVED,Matching unit-price fingerprints support coordinated pricing but are not sufficient alone.,"[""BID-0066"",""BID-0069""]",CORE_EVIDENCE,"{""source_dataset"":""analytics/hydrant_graphframes_exact_relationships.csv""}",2026.07.18.1
GOLDEN_HYDRANT,GF-0042,GF-BID-IP,SAME_BIDDER_IP,BID-0068,BID-0069,submission_ip,198.51.100.87,norm-v1,CURATED_APPROXIMATION,GRAPHFRAMES_EXACT_MATCH,false,ADULT_V1_TO_CANONICAL_V1,APPROVED,A shared IP can reflect a bid consultant or common office.,"[""BID-0068"",""BID-0069""]",SUPPORTING_EVIDENCE,"{""source_dataset"":""analytics/hydrant_graphframes_exact_relationships.csv""}",2026.07.18.1
GOLDEN_HYDRANT,GF-0043,GF-BID-TEMPLATE,SAME_BID_TEMPLATE,BID-0071,BID-0073,bid_template_hash,bid-template-coordinated-v4,norm-v1,CURATED_APPROXIMATION,GRAPHFRAMES_EXACT_MATCH,false,ADULT_V1_TO_CANONICAL_V1,APPROVED,Common template may indicate coordination or a shared consultant; corroborate it.,"[""BID-0071"",""BID-0073""]",CORE_EVIDENCE,"{""source_dataset"":""analytics/hydrant_graphframes_exact_relationships.csv""}",2026.07.18.1
GOLDEN_HYDRANT,GF-0044,GF-UNIT-FP,SAME_UNIT_PRICE_FINGERPRINT,BID-0071,BID-0074,unit_price_fingerprint,hydrant-unit-fp-8831,norm-v1,CURATED_APPROXIMATION,GRAPHFRAMES_EXACT_MATCH,false,ADULT_V1_TO_CANONICAL_V1,APPROVED,Matching unit-price fingerprints support coordinated pricing but are not sufficient alone.,"[""BID-0071"",""BID-0074""]",CORE_EVIDENCE,"{""source_dataset"":""analytics/hydrant_graphframes_exact_relationships.csv""}",2026.07.18.1
GOLDEN_HYDRANT,GF-0045,GF-BID-IP,SAME_BIDDER_IP,BID-0073,BID-0074,submission_ip,198.51.100.87,norm-v1,CURATED_APPROXIMATION,GRAPHFRAMES_EXACT_MATCH,false,ADULT_V1_TO_CANONICAL_V1,APPROVED,A shared IP can reflect a bid consultant or common office.,"[""BID-0073"",""BID-0074""]",SUPPORTING_EVIDENCE,"{""source_dataset"":""analytics/hydrant_graphframes_exact_relationships.csv""}",2026.07.18.1
GOLDEN_HYDRANT,GF-0046,GF-BID-TEMPLATE,SAME_BID_TEMPLATE,BID-0076,BID-0078,bid_template_hash,bid-template-coordinated-v4,norm-v1,CURATED_APPROXIMATION,GRAPHFRAMES_EXACT_MATCH,false,ADULT_V1_TO_CANONICAL_V1,APPROVED,Common template may indicate coordination or a shared consultant; corroborate it.,"[""BID-0076"",""BID-0078""]",CORE_EVIDENCE,"{""source_dataset"":""analytics/hydrant_graphframes_exact_relationships.csv""}",2026.07.18.1
GOLDEN_HYDRANT,GF-0047,GF-UNIT-FP,SAME_UNIT_PRICE_FINGERPRINT,BID-0076,BID-0079,unit_price_fingerprint,hydrant-unit-fp-8831,norm-v1,CURATED_APPROXIMATION,GRAPHFRAMES_EXACT_MATCH,false,ADULT_V1_TO_CANONICAL_V1,APPROVED,Matching unit-price fingerprints support coordinated pricing but are not sufficient alone.,"[""BID-0076"",""BID-0079""]",CORE_EVIDENCE,"{""source_dataset"":""analytics/hydrant_graphframes_exact_relationships.csv""}",2026.07.18.1
GOLDEN_HYDRANT,GF-0048,GF-BID-IP,SAME_BIDDER_IP,BID-0078,BID-0079,submission_ip,198.51.100.87,norm-v1,CURATED_APPROXIMATION,GRAPHFRAMES_EXACT_MATCH,false,ADULT_V1_TO_CANONICAL_V1,APPROVED,A shared IP can reflect a bid consultant or common office.,"[""BID-0078"",""BID-0079""]",SUPPORTING_EVIDENCE,"{""source_dataset"":""analytics/hydrant_graphframes_exact_relationships.csv""}",2026.07.18.1
GOLDEN_HYDRANT,GF-0049,GF-BID-TEMPLATE,SAME_BID_TEMPLATE,BID-0081,BID-0083,bid_template_hash,bid-template-coordinated-v4,norm-v1,CURATED_APPROXIMATION,GRAPHFRAMES_EXACT_MATCH,false,ADULT_V1_TO_CANONICAL_V1,APPROVED,Common template may indicate coordination or a shared consultant; corroborate it.,"[""BID-0081"",""BID-0083""]",CORE_EVIDENCE,"{""source_dataset"":""analytics/hydrant_graphframes_exact_relationships.csv""}",2026.07.18.1
GOLDEN_HYDRANT,GF-0050,GF-UNIT-FP,SAME_UNIT_PRICE_FINGERPRINT,BID-0081,BID-0084,unit_price_fingerprint,hydrant-unit-fp-8831,norm-v1,CURATED_APPROXIMATION,GRAPHFRAMES_EXACT_MATCH,false,ADULT_V1_TO_CANONICAL_V1,APPROVED,Matching unit-price fingerprints support coordinated pricing but are not sufficient alone.,"[""BID-0081"",""BID-0084""]",CORE_EVIDENCE,"{""source_dataset"":""analytics/hydrant_graphframes_exact_relationships.csv""}",2026.07.18.1
GOLDEN_HYDRANT,GF-0051,GF-BID-IP,SAME_BIDDER_IP,BID-0083,BID-0084,submission_ip,198.51.100.87,norm-v1,CURATED_APPROXIMATION,GRAPHFRAMES_EXACT_MATCH,false,ADULT_V1_TO_CANONICAL_V1,APPROVED,A shared IP can reflect a bid consultant or common office.,"[""BID-0083"",""BID-0084""]",SUPPORTING_EVIDENCE,"{""source_dataset"":""analytics/hydrant_graphframes_exact_relationships.csv""}",2026.07.18.1
GOLDEN_HYDRANT,GF-0052,GF-BID-TEMPLATE,SAME_BID_TEMPLATE,BID-0086,BID-0088,bid_template_hash,bid-template-coordinated-v4,norm-v1,CURATED_APPROXIMATION,GRAPHFRAMES_EXACT_MATCH,false,ADULT_V1_TO_CANONICAL_V1,APPROVED,Common template may indicate coordination or a shared consultant; corroborate it.,"[""BID-0086"",""BID-0088""]",CORE_EVIDENCE,"{""source_dataset"":""analytics/hydrant_graphframes_exact_relationships.csv""}",2026.07.18.1
GOLDEN_HYDRANT,GF-0053,GF-UNIT-FP,SAME_UNIT_PRICE_FINGERPRINT,BID-0086,BID-0089,unit_price_fingerprint,hydrant-unit-fp-8831,norm-v1,CURATED_APPROXIMATION,GRAPHFRAMES_EXACT_MATCH,false,ADULT_V1_TO_CANONICAL_V1,APPROVED,Matching unit-price fingerprints support coordinated pricing but are not sufficient alone.,"[""BID-0086"",""BID-0089""]",CORE_EVIDENCE,"{""source_dataset"":""analytics/hydrant_graphframes_exact_relationships.csv""}",2026.07.18.1
GOLDEN_HYDRANT,GF-0054,GF-BID-IP,SAME_BIDDER_IP,BID-0088,BID-0089,submission_ip,198.51.100.87,norm-v1,CURATED_APPROXIMATION,GRAPHFRAMES_EXACT_MATCH,false,ADULT_V1_TO_CANONICAL_V1,APPROVED,A shared IP can reflect a bid consultant or common office.,"[""BID-0088"",""BID-0089""]",SUPPORTING_EVIDENCE,"{""source_dataset"":""analytics/hydrant_graphframes_exact_relationships.csv""}",2026.07.18.1
GOLDEN_HYDRANT,GF-0061,GF-SERIAL,SAME_HYDRANT_SERIAL,HYD-0001,HYD-0041,asset_serial,HYD-GOLD-0001,norm-v1,CURATED_APPROXIMATION,GRAPHFRAMES_EXACT_MATCH,false,ADULT_V1_TO_CANONICAL_V1,APPROVED,"Duplicate serials may indicate phantom assets, replacement records or migration errors.","[""HYD-0001"",""HYD-0041""]",CORE_EVIDENCE,"{""source_dataset"":""analytics/hydrant_graphframes_exact_relationships.csv""}",2026.07.18.1
GOLDEN_HYDRANT,GF-0062,GF-SERIAL,SAME_HYDRANT_SERIAL,HYD-0002,HYD-0042,asset_serial,HYD-GOLD-0002,norm-v1,CURATED_APPROXIMATION,GRAPHFRAMES_EXACT_MATCH,false,ADULT_V1_TO_CANONICAL_V1,APPROVED,"Duplicate serials may indicate phantom assets, replacement records or migration errors.","[""HYD-0002"",""HYD-0042""]",CORE_EVIDENCE,"{""source_dataset"":""analytics/hydrant_graphframes_exact_relationships.csv""}",2026.07.18.1
GOLDEN_HYDRANT,GF-0063,GF-SERIAL,SAME_HYDRANT_SERIAL,HYD-0003,HYD-0043,asset_serial,HYD-GOLD-0003,norm-v1,CURATED_APPROXIMATION,GRAPHFRAMES_EXACT_MATCH,false,ADULT_V1_TO_CANONICAL_V1,APPROVED,"Duplicate serials may indicate phantom assets, replacement records or migration errors.","[""HYD-0003"",""HYD-0043""]",CORE_EVIDENCE,"{""source_dataset"":""analytics/hydrant_graphframes_exact_relationships.csv""}",2026.07.18.1
GOLDEN_HYDRANT,GF-0064,GF-SERIAL,SAME_HYDRANT_SERIAL,HYD-0004,HYD-0044,asset_serial,HYD-GOLD-0004,norm-v1,CURATED_APPROXIMATION,GRAPHFRAMES_EXACT_MATCH,false,ADULT_V1_TO_CANONICAL_V1,APPROVED,"Duplicate serials may indicate phantom assets, replacement records or migration errors.","[""HYD-0004"",""HYD-0044""]",CORE_EVIDENCE,"{""source_dataset"":""analytics/hydrant_graphframes_exact_relationships.csv""}",2026.07.18.1
GOLDEN_HYDRANT,GF-0065,GF-SERIAL,SAME_HYDRANT_SERIAL,HYD-0005,HYD-0045,asset_serial,HYD-GOLD-0005,norm-v1,CURATED_APPROXIMATION,GRAPHFRAMES_EXACT_MATCH,false,ADULT_V1_TO_CANONICAL_V1,APPROVED,"Duplicate serials may indicate phantom assets, replacement records or migration errors.","[""HYD-0005"",""HYD-0045""]",CORE_EVIDENCE,"{""source_dataset"":""analytics/hydrant_graphframes_exact_relationships.csv""}",2026.07.18.1
GOLDEN_HYDRANT,GF-0066,GF-SERIAL,SAME_HYDRANT_SERIAL,HYD-0006,HYD-0046,asset_serial,HYD-GOLD-0006,norm-v1,CURATED_APPROXIMATION,GRAPHFRAMES_EXACT_MATCH,false,ADULT_V1_TO_CANONICAL_V1,APPROVED,"Duplicate serials may indicate phantom assets, replacement records or migration errors.","[""HYD-0006"",""HYD-0046""]",CORE_EVIDENCE,"{""source_dataset"":""analytics/hydrant_graphframes_exact_relationships.csv""}",2026.07.18.1
GOLDEN_HYDRANT,GF-0067,GF-SERIAL,SAME_HYDRANT_SERIAL,HYD-0007,HYD-0047,asset_serial,HYD-GOLD-0007,norm-v1,CURATED_APPROXIMATION,GRAPHFRAMES_EXACT_MATCH,false,ADULT_V1_TO_CANONICAL_V1,APPROVED,"Duplicate serials may indicate phantom assets, replacement records or migration errors.","[""HYD-0007"",""HYD-0047""]",CORE_EVIDENCE,"{""source_dataset"":""analytics/hydrant_graphframes_exact_relationships.csv""}",2026.07.18.1
GOLDEN_HYDRANT,GF-0068,GF-SERIAL,SAME_HYDRANT_SERIAL,HYD-0008,HYD-0048,asset_serial,HYD-GOLD-0008,norm-v1,CURATED_APPROXIMATION,GRAPHFRAMES_EXACT_MATCH,false,ADULT_V1_TO_CANONICAL_V1,APPROVED,"Duplicate serials may indicate phantom assets, replacement records or migration errors.","[""HYD-0008"",""HYD-0048""]",CORE_EVIDENCE,"{""source_dataset"":""analytics/hydrant_graphframes_exact_relationships.csv""}",2026.07.18.1
GOLDEN_HYDRANT,GF-0069,GF-SERIAL,SAME_HYDRANT_SERIAL,HYD-0009,HYD-0049,asset_serial,HYD-GOLD-0009,norm-v1,CURATED_APPROXIMATION,GRAPHFRAMES_EXACT_MATCH,false,ADULT_V1_TO_CANONICAL_V1,APPROVED,"Duplicate serials may indicate phantom assets, replacement records or migration errors.","[""HYD-0009"",""HYD-0049""]",CORE_EVIDENCE,"{""source_dataset"":""analytics/hydrant_graphframes_exact_relationships.csv""}",2026.07.18.1
GOLDEN_HYDRANT,GF-0070,GF-SERIAL,SAME_HYDRANT_SERIAL,HYD-0010,HYD-0050,asset_serial,HYD-GOLD-0010,norm-v1,CURATED_APPROXIMATION,GRAPHFRAMES_EXACT_MATCH,false,ADULT_V1_TO_CANONICAL_V1,APPROVED,"Duplicate serials may indicate phantom assets, replacement records or migration errors.","[""HYD-0010"",""HYD-0050""]",CORE_EVIDENCE,"{""source_dataset"":""analytics/hydrant_graphframes_exact_relationships.csv""}",2026.07.18.1
GOLDEN_HYDRANT,GF-0071,GF-SERIAL,SAME_HYDRANT_SERIAL,HYD-0011,HYD-0051,asset_serial,HYD-GOLD-0011,norm-v1,CURATED_APPROXIMATION,GRAPHFRAMES_EXACT_MATCH,false,ADULT_V1_TO_CANONICAL_V1,APPROVED,"Duplicate serials may indicate phantom assets, replacement records or migration errors.","[""HYD-0011"",""HYD-0051""]",CORE_EVIDENCE,"{""source_dataset"":""analytics/hydrant_graphframes_exact_relationships.csv""}",2026.07.18.1
GOLDEN_HYDRANT,GF-0072,GF-SERIAL,SAME_HYDRANT_SERIAL,HYD-0012,HYD-0052,asset_serial,HYD-GOLD-0012,norm-v1,CURATED_APPROXIMATION,GRAPHFRAMES_EXACT_MATCH,false,ADULT_V1_TO_CANONICAL_V1,APPROVED,"Duplicate serials may indicate phantom assets, replacement records or migration errors.","[""HYD-0012"",""HYD-0052""]",CORE_EVIDENCE,"{""source_dataset"":""analytics/hydrant_graphframes_exact_relationships.csv""}",2026.07.18.1
GOLDEN_HYDRANT,GF-0073,GF-SERIAL,SAME_HYDRANT_SERIAL,HYD-0013,HYD-0053,asset_serial,HYD-GOLD-0013,norm-v1,CURATED_APPROXIMATION,GRAPHFRAMES_EXACT_MATCH,false,ADULT_V1_TO_CANONICAL_V1,APPROVED,"Duplicate serials may indicate phantom assets, replacement records or migration errors.","[""HYD-0013"",""HYD-0053""]",CORE_EVIDENCE,"{""source_dataset"":""analytics/hydrant_graphframes_exact_relationships.csv""}",2026.07.18.1
GOLDEN_HYDRANT,GF-0074,GF-SERIAL,SAME_HYDRANT_SERIAL,HYD-0014,HYD-0054,asset_serial,HYD-GOLD-0014,norm-v1,CURATED_APPROXIMATION,GRAPHFRAMES_EXACT_MATCH,false,ADULT_V1_TO_CANONICAL_V1,APPROVED,"Duplicate serials may indicate phantom assets, replacement records or migration errors.","[""HYD-0014"",""HYD-0054""]",CORE_EVIDENCE,"{""source_dataset"":""analytics/hydrant_graphframes_exact_relationships.csv""}",2026.07.18.1
GOLDEN_HYDRANT,GF-0075,GF-SERIAL,SAME_HYDRANT_SERIAL,HYD-0015,HYD-0055,asset_serial,HYD-GOLD-0015,norm-v1,CURATED_APPROXIMATION,GRAPHFRAMES_EXACT_MATCH,false,ADULT_V1_TO_CANONICAL_V1,APPROVED,"Duplicate serials may indicate phantom assets, replacement records or migration errors.","[""HYD-0015"",""HYD-0055""]",CORE_EVIDENCE,"{""source_dataset"":""analytics/hydrant_graphframes_exact_relationships.csv""}",2026.07.18.1
GOLDEN_HYDRANT,GF-0076,GF-SERIAL,SAME_HYDRANT_SERIAL,HYD-0016,HYD-0056,asset_serial,HYD-GOLD-0016,norm-v1,CURATED_APPROXIMATION,GRAPHFRAMES_EXACT_MATCH,false,ADULT_V1_TO_CANONICAL_V1,APPROVED,"Duplicate serials may indicate phantom assets, replacement records or migration errors.","[""HYD-0016"",""HYD-0056""]",CORE_EVIDENCE,"{""source_dataset"":""analytics/hydrant_graphframes_exact_relationships.csv""}",2026.07.18.1
GOLDEN_HYDRANT,GF-0077,GF-SERIAL,SAME_HYDRANT_SERIAL,HYD-0017,HYD-0057,asset_serial,HYD-GOLD-0017,norm-v1,CURATED_APPROXIMATION,GRAPHFRAMES_EXACT_MATCH,false,ADULT_V1_TO_CANONICAL_V1,APPROVED,"Duplicate serials may indicate phantom assets, replacement records or migration errors.","[""HYD-0017"",""HYD-0057""]",CORE_EVIDENCE,"{""source_dataset"":""analytics/hydrant_graphframes_exact_relationships.csv""}",2026.07.18.1
GOLDEN_HYDRANT,GF-0078,GF-SERIAL,SAME_HYDRANT_SERIAL,HYD-0018,HYD-0058,asset_serial,HYD-GOLD-0018,norm-v1,CURATED_APPROXIMATION,GRAPHFRAMES_EXACT_MATCH,false,ADULT_V1_TO_CANONICAL_V1,APPROVED,"Duplicate serials may indicate phantom assets, replacement records or migration errors.","[""HYD-0018"",""HYD-0058""]",CORE_EVIDENCE,"{""source_dataset"":""analytics/hydrant_graphframes_exact_relationships.csv""}",2026.07.18.1
GOLDEN_HYDRANT,GF-0079,GF-SERIAL,SAME_HYDRANT_SERIAL,HYD-0019,HYD-0059,asset_serial,HYD-GOLD-0019,norm-v1,CURATED_APPROXIMATION,GRAPHFRAMES_EXACT_MATCH,false,ADULT_V1_TO_CANONICAL_V1,APPROVED,"Duplicate serials may indicate phantom assets, replacement records or migration errors.","[""HYD-0019"",""HYD-0059""]",CORE_EVIDENCE,"{""source_dataset"":""analytics/hydrant_graphframes_exact_relationships.csv""}",2026.07.18.1
GOLDEN_HYDRANT,GF-0080,GF-SERIAL,SAME_HYDRANT_SERIAL,HYD-0020,HYD-0060,asset_serial,HYD-GOLD-0020,norm-v1,CURATED_APPROXIMATION,GRAPHFRAMES_EXACT_MATCH,false,ADULT_V1_TO_CANONICAL_V1,APPROVED,"Duplicate serials may indicate phantom assets, replacement records or migration errors.","[""HYD-0020"",""HYD-0060""]",CORE_EVIDENCE,"{""source_dataset"":""analytics/hydrant_graphframes_exact_relationships.csv""}",2026.07.18.1
GOLDEN_HYDRANT,GF-0081,GF-SERIAL,SAME_HYDRANT_SERIAL,HYD-0021,HYD-0061,asset_serial,HYD-GOLD-0021,norm-v1,CURATED_APPROXIMATION,GRAPHFRAMES_EXACT_MATCH,false,ADULT_V1_TO_CANONICAL_V1,APPROVED,"Duplicate serials may indicate phantom assets, replacement records or migration errors.","[""HYD-0021"",""HYD-0061""]",CORE_EVIDENCE,"{""source_dataset"":""analytics/hydrant_graphframes_exact_relationships.csv""}",2026.07.18.1
GOLDEN_HYDRANT,GF-0082,GF-SERIAL,SAME_HYDRANT_SERIAL,HYD-0022,HYD-0062,asset_serial,HYD-GOLD-0022,norm-v1,CURATED_APPROXIMATION,GRAPHFRAMES_EXACT_MATCH,false,ADULT_V1_TO_CANONICAL_V1,APPROVED,"Duplicate serials may indicate phantom assets, replacement records or migration errors.","[""HYD-0022"",""HYD-0062""]",CORE_EVIDENCE,"{""source_dataset"":""analytics/hydrant_graphframes_exact_relationships.csv""}",2026.07.18.1
GOLDEN_HYDRANT,GF-0083,GF-SERIAL,SAME_HYDRANT_SERIAL,HYD-0023,HYD-0063,asset_serial,HYD-GOLD-0023,norm-v1,CURATED_APPROXIMATION,GRAPHFRAMES_EXACT_MATCH,false,ADULT_V1_TO_CANONICAL_V1,APPROVED,"Duplicate serials may indicate phantom assets, replacement records or migration errors.","[""HYD-0023"",""HYD-0063""]",CORE_EVIDENCE,"{""source_dataset"":""analytics/hydrant_graphframes_exact_relationships.csv""}",2026.07.18.1
GOLDEN_HYDRANT,GF-0084,GF-SERIAL,SAME_HYDRANT_SERIAL,HYD-0024,HYD-0064,asset_serial,HYD-GOLD-0024,norm-v1,CURATED_APPROXIMATION,GRAPHFRAMES_EXACT_MATCH,false,ADULT_V1_TO_CANONICAL_V1,APPROVED,"Duplicate serials may indicate phantom assets, replacement records or migration errors.","[""HYD-0024"",""HYD-0064""]",CORE_EVIDENCE,"{""source_dataset"":""analytics/hydrant_graphframes_exact_relationships.csv""}",2026.07.18.1
GOLDEN_HYDRANT,GF-0085,GF-SERIAL,SAME_HYDRANT_SERIAL,HYD-0025,HYD-0065,asset_serial,HYD-GOLD-0025,norm-v1,CURATED_APPROXIMATION,GRAPHFRAMES_EXACT_MATCH,false,ADULT_V1_TO_CANONICAL_V1,APPROVED,"Duplicate serials may indicate phantom assets, replacement records or migration errors.","[""HYD-0025"",""HYD-0065""]",CORE_EVIDENCE,"{""source_dataset"":""analytics/hydrant_graphframes_exact_relationships.csv""}",2026.07.18.1
GOLDEN_HYDRANT,GF-0086,GF-SERIAL,SAME_HYDRANT_SERIAL,HYD-0026,HYD-0066,asset_serial,HYD-GOLD-0026,norm-v1,CURATED_APPROXIMATION,GRAPHFRAMES_EXACT_MATCH,false,ADULT_V1_TO_CANONICAL_V1,APPROVED,"Duplicate serials may indicate phantom assets, replacement records or migration errors.","[""HYD-0026"",""HYD-0066""]",CORE_EVIDENCE,"{""source_dataset"":""analytics/hydrant_graphframes_exact_relationships.csv""}",2026.07.18.1
GOLDEN_HYDRANT,GF-0087,GF-SERIAL,SAME_HYDRANT_SERIAL,HYD-0027,HYD-0067,asset_serial,HYD-GOLD-0027,norm-v1,CURATED_APPROXIMATION,GRAPHFRAMES_EXACT_MATCH,false,ADULT_V1_TO_CANONICAL_V1,APPROVED,"Duplicate serials may indicate phantom assets, replacement records or migration errors.","[""HYD-0027"",""HYD-0067""]",CORE_EVIDENCE,"{""source_dataset"":""analytics/hydrant_graphframes_exact_relationships.csv""}",2026.07.18.1
GOLDEN_HYDRANT,GF-0088,GF-SERIAL,SAME_HYDRANT_SERIAL,HYD-0028,HYD-0068,asset_serial,HYD-GOLD-0028,norm-v1,CURATED_APPROXIMATION,GRAPHFRAMES_EXACT_MATCH,false,ADULT_V1_TO_CANONICAL_V1,APPROVED,"Duplicate serials may indicate phantom assets, replacement records or migration errors.","[""HYD-0028"",""HYD-0068""]",CORE_EVIDENCE,"{""source_dataset"":""analytics/hydrant_graphframes_exact_relationships.csv""}",2026.07.18.1
GOLDEN_HYDRANT,GF-0089,GF-SERIAL,SAME_HYDRANT_SERIAL,HYD-0029,HYD-0069,asset_serial,HYD-GOLD-0029,norm-v1,CURATED_APPROXIMATION,GRAPHFRAMES_EXACT_MATCH,false,ADULT_V1_TO_CANONICAL_V1,APPROVED,"Duplicate serials may indicate phantom assets, replacement records or migration errors.","[""HYD-0029"",""HYD-0069""]",CORE_EVIDENCE,"{""source_dataset"":""analytics/hydrant_graphframes_exact_relationships.csv""}",2026.07.18.1
GOLDEN_HYDRANT,GF-0090,GF-SERIAL,SAME_HYDRANT_SERIAL,HYD-0030,HYD-0070,asset_serial,HYD-GOLD-0030,norm-v1,CURATED_APPROXIMATION,GRAPHFRAMES_EXACT_MATCH,false,ADULT_V1_TO_CANONICAL_V1,APPROVED,"Duplicate serials may indicate phantom assets, replacement records or migration errors.","[""HYD-0030"",""HYD-0070""]",CORE_EVIDENCE,"{""source_dataset"":""analytics/hydrant_graphframes_exact_relationships.csv""}",2026.07.18.1
GOLDEN_HYDRANT,GF-0091,GF-SERIAL,SAME_HYDRANT_SERIAL,HYD-0031,HYD-0071,asset_serial,HYD-GOLD-0031,norm-v1,CURATED_APPROXIMATION,GRAPHFRAMES_EXACT_MATCH,false,ADULT_V1_TO_CANONICAL_V1,APPROVED,"Duplicate serials may indicate phantom assets, replacement records or migration errors.","[""HYD-0031"",""HYD-0071""]",CORE_EVIDENCE,"{""source_dataset"":""analytics/hydrant_graphframes_exact_relationships.csv""}",2026.07.18.1
GOLDEN_HYDRANT,GF-0092,GF-SERIAL,SAME_HYDRANT_SERIAL,HYD-0032,HYD-0072,asset_serial,HYD-GOLD-0032,norm-v1,CURATED_APPROXIMATION,GRAPHFRAMES_EXACT_MATCH,false,ADULT_V1_TO_CANONICAL_V1,APPROVED,"Duplicate serials may indicate phantom assets, replacement records or migration errors.","[""HYD-0032"",""HYD-0072""]",CORE_EVIDENCE,"{""source_dataset"":""analytics/hydrant_graphframes_exact_relationships.csv""}",2026.07.18.1
GOLDEN_HYDRANT,GF-0093,GF-SERIAL,SAME_HYDRANT_SERIAL,HYD-0033,HYD-0073,asset_serial,HYD-GOLD-0033,norm-v1,CURATED_APPROXIMATION,GRAPHFRAMES_EXACT_MATCH,false,ADULT_V1_TO_CANONICAL_V1,APPROVED,"Duplicate serials may indicate phantom assets, replacement records or migration errors.","[""HYD-0033"",""HYD-0073""]",CORE_EVIDENCE,"{""source_dataset"":""analytics/hydrant_graphframes_exact_relationships.csv""}",2026.07.18.1
GOLDEN_HYDRANT,GF-0094,GF-SERIAL,SAME_HYDRANT_SERIAL,HYD-0034,HYD-0074,asset_serial,HYD-GOLD-0034,norm-v1,CURATED_APPROXIMATION,GRAPHFRAMES_EXACT_MATCH,false,ADULT_V1_TO_CANONICAL_V1,APPROVED,"Duplicate serials may indicate phantom assets, replacement records or migration errors.","[""HYD-0034"",""HYD-0074""]",CORE_EVIDENCE,"{""source_dataset"":""analytics/hydrant_graphframes_exact_relationships.csv""}",2026.07.18.1
GOLDEN_HYDRANT,GF-0095,GF-SERIAL,SAME_HYDRANT_SERIAL,HYD-0035,HYD-0075,asset_serial,HYD-GOLD-0035,norm-v1,CURATED_APPROXIMATION,GRAPHFRAMES_EXACT_MATCH,false,ADULT_V1_TO_CANONICAL_V1,APPROVED,"Duplicate serials may indicate phantom assets, replacement records or migration errors.","[""HYD-0035"",""HYD-0075""]",CORE_EVIDENCE,"{""source_dataset"":""analytics/hydrant_graphframes_exact_relationships.csv""}",2026.07.18.1
GOLDEN_HYDRANT,GF-0096,GF-SERIAL,SAME_HYDRANT_SERIAL,HYD-0036,HYD-0076,asset_serial,HYD-GOLD-0036,norm-v1,CURATED_APPROXIMATION,GRAPHFRAMES_EXACT_MATCH,false,ADULT_V1_TO_CANONICAL_V1,APPROVED,"Duplicate serials may indicate phantom assets, replacement records or migration errors.","[""HYD-0036"",""HYD-0076""]",CORE_EVIDENCE,"{""source_dataset"":""analytics/hydrant_graphframes_exact_relationships.csv""}",2026.07.18.1
GOLDEN_HYDRANT,GF-0097,GF-SERIAL,SAME_HYDRANT_SERIAL,HYD-0037,HYD-0077,asset_serial,HYD-GOLD-0037,norm-v1,CURATED_APPROXIMATION,GRAPHFRAMES_EXACT_MATCH,false,ADULT_V1_TO_CANONICAL_V1,APPROVED,"Duplicate serials may indicate phantom assets, replacement records or migration errors.","[""HYD-0037"",""HYD-0077""]",CORE_EVIDENCE,"{""source_dataset"":""analytics/hydrant_graphframes_exact_relationships.csv""}",2026.07.18.1
GOLDEN_HYDRANT,GF-0098,GF-SERIAL,SAME_HYDRANT_SERIAL,HYD-0038,HYD-0078,asset_serial,HYD-GOLD-0038,norm-v1,CURATED_APPROXIMATION,GRAPHFRAMES_EXACT_MATCH,false,ADULT_V1_TO_CANONICAL_V1,APPROVED,"Duplicate serials may indicate phantom assets, replacement records or migration errors.","[""HYD-0038"",""HYD-0078""]",CORE_EVIDENCE,"{""source_dataset"":""analytics/hydrant_graphframes_exact_relationships.csv""}",2026.07.18.1
GOLDEN_HYDRANT,GF-0099,GF-SERIAL,SAME_HYDRANT_SERIAL,HYD-0039,HYD-0079,asset_serial,HYD-GOLD-0039,norm-v1,CURATED_APPROXIMATION,GRAPHFRAMES_EXACT_MATCH,false,ADULT_V1_TO_CANONICAL_V1,APPROVED,"Duplicate serials may indicate phantom assets, replacement records or migration errors.","[""HYD-0039"",""HYD-0079""]",CORE_EVIDENCE,"{""source_dataset"":""analytics/hydrant_graphframes_exact_relationships.csv""}",2026.07.18.1
GOLDEN_HYDRANT,GF-0100,GF-SERIAL,SAME_HYDRANT_SERIAL,HYD-0040,HYD-0080,asset_serial,HYD-GOLD-0040,norm-v1,CURATED_APPROXIMATION,GRAPHFRAMES_EXACT_MATCH,false,ADULT_V1_TO_CANONICAL_V1,APPROVED,"Duplicate serials may indicate phantom assets, replacement records or migration errors.","[""HYD-0040"",""HYD-0080""]",CORE_EVIDENCE,"{""source_dataset"":""analytics/hydrant_graphframes_exact_relationships.csv""}",2026.07.18.1
GOLDEN_HYDRANT,GF-0101,GF-SERIAL,SAME_HYDRANT_SERIAL,HYD-0041,HYD-0081,asset_serial,HYD-GOLD-0001,norm-v1,CURATED_APPROXIMATION,GRAPHFRAMES_EXACT_MATCH,false,ADULT_V1_TO_CANONICAL_V1,APPROVED,"Duplicate serials may indicate phantom assets, replacement records or migration errors.","[""HYD-0041"",""HYD-0081""]",CORE_EVIDENCE,"{""source_dataset"":""analytics/hydrant_graphframes_exact_relationships.csv""}",2026.07.18.1
GOLDEN_HYDRANT,GF-0102,GF-SERIAL,SAME_HYDRANT_SERIAL,HYD-0042,HYD-0082,asset_serial,HYD-GOLD-0002,norm-v1,CURATED_APPROXIMATION,GRAPHFRAMES_EXACT_MATCH,false,ADULT_V1_TO_CANONICAL_V1,APPROVED,"Duplicate serials may indicate phantom assets, replacement records or migration errors.","[""HYD-0042"",""HYD-0082""]",CORE_EVIDENCE,"{""source_dataset"":""analytics/hydrant_graphframes_exact_relationships.csv""}",2026.07.18.1
GOLDEN_HYDRANT,GF-0103,GF-SERIAL,SAME_HYDRANT_SERIAL,HYD-0043,HYD-0083,asset_serial,HYD-GOLD-0003,norm-v1,CURATED_APPROXIMATION,GRAPHFRAMES_EXACT_MATCH,false,ADULT_V1_TO_CANONICAL_V1,APPROVED,"Duplicate serials may indicate phantom assets, replacement records or migration errors.","[""HYD-0043"",""HYD-0083""]",CORE_EVIDENCE,"{""source_dataset"":""analytics/hydrant_graphframes_exact_relationships.csv""}",2026.07.18.1
GOLDEN_HYDRANT,GF-0104,GF-SERIAL,SAME_HYDRANT_SERIAL,HYD-0044,HYD-0084,asset_serial,HYD-GOLD-0004,norm-v1,CURATED_APPROXIMATION,GRAPHFRAMES_EXACT_MATCH,false,ADULT_V1_TO_CANONICAL_V1,APPROVED,"Duplicate serials may indicate phantom assets, replacement records or migration errors.","[""HYD-0044"",""HYD-0084""]",CORE_EVIDENCE,"{""source_dataset"":""analytics/hydrant_graphframes_exact_relationships.csv""}",2026.07.18.1
GOLDEN_HYDRANT,GF-0105,GF-SERIAL,SAME_HYDRANT_SERIAL,HYD-0045,HYD-0085,asset_serial,HYD-GOLD-0005,norm-v1,CURATED_APPROXIMATION,GRAPHFRAMES_EXACT_MATCH,false,ADULT_V1_TO_CANONICAL_V1,APPROVED,"Duplicate serials may indicate phantom assets, replacement records or migration errors.","[""HYD-0045"",""HYD-0085""]",CORE_EVIDENCE,"{""source_dataset"":""analytics/hydrant_graphframes_exact_relationships.csv""}",2026.07.18.1
GOLDEN_HYDRANT,GF-0106,GF-SERIAL,SAME_HYDRANT_SERIAL,HYD-0046,HYD-0086,asset_serial,HYD-GOLD-0006,norm-v1,CURATED_APPROXIMATION,GRAPHFRAMES_EXACT_MATCH,false,ADULT_V1_TO_CANONICAL_V1,APPROVED,"Duplicate serials may indicate phantom assets, replacement records or migration errors.","[""HYD-0046"",""HYD-0086""]",CORE_EVIDENCE,"{""source_dataset"":""analytics/hydrant_graphframes_exact_relationships.csv""}",2026.07.18.1
GOLDEN_HYDRANT,GF-0107,GF-SERIAL,SAME_HYDRANT_SERIAL,HYD-0047,HYD-0087,asset_serial,HYD-GOLD-0007,norm-v1,CURATED_APPROXIMATION,GRAPHFRAMES_EXACT_MATCH,false,ADULT_V1_TO_CANONICAL_V1,APPROVED,"Duplicate serials may indicate phantom assets, replacement records or migration errors.","[""HYD-0047"",""HYD-0087""]",CORE_EVIDENCE,"{""source_dataset"":""analytics/hydrant_graphframes_exact_relationships.csv""}",2026.07.18.1
GOLDEN_HYDRANT,GF-0108,GF-SERIAL,SAME_HYDRANT_SERIAL,HYD-0048,HYD-0088,asset_serial,HYD-GOLD-0008,norm-v1,CURATED_APPROXIMATION,GRAPHFRAMES_EXACT_MATCH,false,ADULT_V1_TO_CANONICAL_V1,APPROVED,"Duplicate serials may indicate phantom assets, replacement records or migration errors.","[""HYD-0048"",""HYD-0088""]",CORE_EVIDENCE,"{""source_dataset"":""analytics/hydrant_graphframes_exact_relationships.csv""}",2026.07.18.1
GOLDEN_HYDRANT,GF-0109,GF-SERIAL,SAME_HYDRANT_SERIAL,HYD-0049,HYD-0089,asset_serial,HYD-GOLD-0009,norm-v1,CURATED_APPROXIMATION,GRAPHFRAMES_EXACT_MATCH,false,ADULT_V1_TO_CANONICAL_V1,APPROVED,"Duplicate serials may indicate phantom assets, replacement records or migration errors.","[""HYD-0049"",""HYD-0089""]",CORE_EVIDENCE,"{""source_dataset"":""analytics/hydrant_graphframes_exact_relationships.csv""}",2026.07.18.1
GOLDEN_HYDRANT,GF-0110,GF-SERIAL,SAME_HYDRANT_SERIAL,HYD-0050,HYD-0090,asset_serial,HYD-GOLD-0010,norm-v1,CURATED_APPROXIMATION,GRAPHFRAMES_EXACT_MATCH,false,ADULT_V1_TO_CANONICAL_V1,APPROVED,"Duplicate serials may indicate phantom assets, replacement records or migration errors.","[""HYD-0050"",""HYD-0090""]",CORE_EVIDENCE,"{""source_dataset"":""analytics/hydrant_graphframes_exact_relationships.csv""}",2026.07.18.1
GOLDEN_HYDRANT,GF-0111,GF-SERIAL,SAME_HYDRANT_SERIAL,HYD-0051,HYD-0091,asset_serial,HYD-GOLD-0011,norm-v1,CURATED_APPROXIMATION,GRAPHFRAMES_EXACT_MATCH,false,ADULT_V1_TO_CANONICAL_V1,APPROVED,"Duplicate serials may indicate phantom assets, replacement records or migration errors.","[""HYD-0051"",""HYD-0091""]",CORE_EVIDENCE,"{""source_dataset"":""analytics/hydrant_graphframes_exact_relationships.csv""}",2026.07.18.1
GOLDEN_HYDRANT,GF-0112,GF-SERIAL,SAME_HYDRANT_SERIAL,HYD-0052,HYD-0092,asset_serial,HYD-GOLD-0012,norm-v1,CURATED_APPROXIMATION,GRAPHFRAMES_EXACT_MATCH,false,ADULT_V1_TO_CANONICAL_V1,APPROVED,"Duplicate serials may indicate phantom assets, replacement records or migration errors.","[""HYD-0052"",""HYD-0092""]",CORE_EVIDENCE,"{""source_dataset"":""analytics/hydrant_graphframes_exact_relationships.csv""}",2026.07.18.1
GOLDEN_HYDRANT,GF-0113,GF-SERIAL,SAME_HYDRANT_SERIAL,HYD-0053,HYD-0093,asset_serial,HYD-GOLD-0013,norm-v1,CURATED_APPROXIMATION,GRAPHFRAMES_EXACT_MATCH,false,ADULT_V1_TO_CANONICAL_V1,APPROVED,"Duplicate serials may indicate phantom assets, replacement records or migration errors.","[""HYD-0053"",""HYD-0093""]",CORE_EVIDENCE,"{""source_dataset"":""analytics/hydrant_graphframes_exact_relationships.csv""}",2026.07.18.1
GOLDEN_HYDRANT,GF-0114,GF-SERIAL,SAME_HYDRANT_SERIAL,HYD-0054,HYD-0094,asset_serial,HYD-GOLD-0014,norm-v1,CURATED_APPROXIMATION,GRAPHFRAMES_EXACT_MATCH,false,ADULT_V1_TO_CANONICAL_V1,APPROVED,"Duplicate serials may indicate phantom assets, replacement records or migration errors.","[""HYD-0054"",""HYD-0094""]",CORE_EVIDENCE,"{""source_dataset"":""analytics/hydrant_graphframes_exact_relationships.csv""}",2026.07.18.1
GOLDEN_HYDRANT,GF-0115,GF-SERIAL,SAME_HYDRANT_SERIAL,HYD-0055,HYD-0095,asset_serial,HYD-GOLD-0015,norm-v1,CURATED_APPROXIMATION,GRAPHFRAMES_EXACT_MATCH,false,ADULT_V1_TO_CANONICAL_V1,APPROVED,"Duplicate serials may indicate phantom assets, replacement records or migration errors.","[""HYD-0055"",""HYD-0095""]",CORE_EVIDENCE,"{""source_dataset"":""analytics/hydrant_graphframes_exact_relationships.csv""}",2026.07.18.1
GOLDEN_HYDRANT,GF-0116,GF-SERIAL,SAME_HYDRANT_SERIAL,HYD-0056,HYD-0096,asset_serial,HYD-GOLD-0016,norm-v1,CURATED_APPROXIMATION,GRAPHFRAMES_EXACT_MATCH,false,ADULT_V1_TO_CANONICAL_V1,APPROVED,"Duplicate serials may indicate phantom assets, replacement records or migration errors.","[""HYD-0056"",""HYD-0096""]",CORE_EVIDENCE,"{""source_dataset"":""analytics/hydrant_graphframes_exact_relationships.csv""}",2026.07.18.1
GOLDEN_HYDRANT,GF-0117,GF-SERIAL,SAME_HYDRANT_SERIAL,HYD-0057,HYD-0097,asset_serial,HYD-GOLD-0017,norm-v1,CURATED_APPROXIMATION,GRAPHFRAMES_EXACT_MATCH,false,ADULT_V1_TO_CANONICAL_V1,APPROVED,"Duplicate serials may indicate phantom assets, replacement records or migration errors.","[""HYD-0057"",""HYD-0097""]",CORE_EVIDENCE,"{""source_dataset"":""analytics/hydrant_graphframes_exact_relationships.csv""}",2026.07.18.1
GOLDEN_HYDRANT,GF-0118,GF-SERIAL,SAME_HYDRANT_SERIAL,HYD-0058,HYD-0098,asset_serial,HYD-GOLD-0018,norm-v1,CURATED_APPROXIMATION,GRAPHFRAMES_EXACT_MATCH,false,ADULT_V1_TO_CANONICAL_V1,APPROVED,"Duplicate serials may indicate phantom assets, replacement records or migration errors.","[""HYD-0058"",""HYD-0098""]",CORE_EVIDENCE,"{""source_dataset"":""analytics/hydrant_graphframes_exact_relationships.csv""}",2026.07.18.1
GOLDEN_HYDRANT,GF-0119,GF-SERIAL,SAME_HYDRANT_SERIAL,HYD-0059,HYD-0099,asset_serial,HYD-GOLD-0019,norm-v1,CURATED_APPROXIMATION,GRAPHFRAMES_EXACT_MATCH,false,ADULT_V1_TO_CANONICAL_V1,APPROVED,"Duplicate serials may indicate phantom assets, replacement records or migration errors.","[""HYD-0059"",""HYD-0099""]",CORE_EVIDENCE,"{""source_dataset"":""analytics/hydrant_graphframes_exact_relationships.csv""}",2026.07.18.1
GOLDEN_HYDRANT,GF-0120,GF-SERIAL,SAME_HYDRANT_SERIAL,HYD-0060,HYD-0100,asset_serial,HYD-GOLD-0020,norm-v1,CURATED_APPROXIMATION,GRAPHFRAMES_EXACT_MATCH,false,ADULT_V1_TO_CANONICAL_V1,APPROVED,"Duplicate serials may indicate phantom assets, replacement records or migration errors.","[""HYD-0060"",""HYD-0100""]",CORE_EVIDENCE,"{""source_dataset"":""analytics/hydrant_graphframes_exact_relationships.csv""}",2026.07.18.1
GOLDEN_HYDRANT,GF-0121,GF-INSTALL-PHOTO,SAME_INSTALLATION_PHOTO,INST-0001,INST-0036,installation_photo_hash,install-photo-001,norm-v1,CURATED_APPROXIMATION,GRAPHFRAMES_EXACT_MATCH,false,ADULT_V1_TO_CANONICAL_V1,APPROVED,Repeated installation photo supports copied evidence but may also be an authorized progress image.,"[""INST-0001"",""INST-0036""]",CORE_EVIDENCE,"{""source_dataset"":""analytics/hydrant_graphframes_exact_relationships.csv""}",2026.07.18.1
GOLDEN_HYDRANT,GF-0122,GF-INSPECT-PHOTO,SAME_INSPECTION_PHOTO,INSP-0001,INSP-0031,inspection_photo_hash,inspect-photo-001,norm-v1,CURATED_APPROXIMATION,GRAPHFRAMES_EXACT_MATCH,false,ADULT_V1_TO_CANONICAL_V1,APPROVED,Repeated inspection photo supports copied certification evidence.,"[""INSP-0001"",""INSP-0031""]",CORE_EVIDENCE,"{""source_dataset"":""analytics/hydrant_graphframes_exact_relationships.csv""}",2026.07.18.1
GOLDEN_HYDRANT,GF-0123,GF-INSTALL-PHOTO,SAME_INSTALLATION_PHOTO,INST-0002,INST-0037,installation_photo_hash,install-photo-002,norm-v1,CURATED_APPROXIMATION,GRAPHFRAMES_EXACT_MATCH,false,ADULT_V1_TO_CANONICAL_V1,APPROVED,Repeated installation photo supports copied evidence but may also be an authorized progress image.,"[""INST-0002"",""INST-0037""]",CORE_EVIDENCE,"{""source_dataset"":""analytics/hydrant_graphframes_exact_relationships.csv""}",2026.07.18.1
GOLDEN_HYDRANT,GF-0124,GF-INSPECT-PHOTO,SAME_INSPECTION_PHOTO,INSP-0002,INSP-0032,inspection_photo_hash,inspect-photo-002,norm-v1,CURATED_APPROXIMATION,GRAPHFRAMES_EXACT_MATCH,false,ADULT_V1_TO_CANONICAL_V1,APPROVED,Repeated inspection photo supports copied certification evidence.,"[""INSP-0002"",""INSP-0032""]",CORE_EVIDENCE,"{""source_dataset"":""analytics/hydrant_graphframes_exact_relationships.csv""}",2026.07.18.1
GOLDEN_HYDRANT,GF-0125,GF-INSTALL-PHOTO,SAME_INSTALLATION_PHOTO,INST-0003,INST-0038,installation_photo_hash,install-photo-003,norm-v1,CURATED_APPROXIMATION,GRAPHFRAMES_EXACT_MATCH,false,ADULT_V1_TO_CANONICAL_V1,APPROVED,Repeated installation photo supports copied evidence but may also be an authorized progress image.,"[""INST-0003"",""INST-0038""]",CORE_EVIDENCE,"{""source_dataset"":""analytics/hydrant_graphframes_exact_relationships.csv""}",2026.07.18.1
GOLDEN_HYDRANT,GF-0126,GF-INSPECT-PHOTO,SAME_INSPECTION_PHOTO,INSP-0003,INSP-0033,inspection_photo_hash,inspect-photo-003,norm-v1,CURATED_APPROXIMATION,GRAPHFRAMES_EXACT_MATCH,false,ADULT_V1_TO_CANONICAL_V1,APPROVED,Repeated inspection photo supports copied certification evidence.,"[""INSP-0003"",""INSP-0033""]",CORE_EVIDENCE,"{""source_dataset"":""analytics/hydrant_graphframes_exact_relationships.csv""}",2026.07.18.1
GOLDEN_HYDRANT,GF-0127,GF-INSTALL-PHOTO,SAME_INSTALLATION_PHOTO,INST-0004,INST-0039,installation_photo_hash,install-photo-004,norm-v1,CURATED_APPROXIMATION,GRAPHFRAMES_EXACT_MATCH,false,ADULT_V1_TO_CANONICAL_V1,APPROVED,Repeated installation photo supports copied evidence but may also be an authorized progress image.,"[""INST-0004"",""INST-0039""]",CORE_EVIDENCE,"{""source_dataset"":""analytics/hydrant_graphframes_exact_relationships.csv""}",2026.07.18.1
GOLDEN_HYDRANT,GF-0128,GF-INSPECT-PHOTO,SAME_INSPECTION_PHOTO,INSP-0004,INSP-0034,inspection_photo_hash,inspect-photo-004,norm-v1,CURATED_APPROXIMATION,GRAPHFRAMES_EXACT_MATCH,false,ADULT_V1_TO_CANONICAL_V1,APPROVED,Repeated inspection photo supports copied certification evidence.,"[""INSP-0004"",""INSP-0034""]",CORE_EVIDENCE,"{""source_dataset"":""analytics/hydrant_graphframes_exact_relationships.csv""}",2026.07.18.1
GOLDEN_HYDRANT,GF-0129,GF-INSTALL-PHOTO,SAME_INSTALLATION_PHOTO,INST-0005,INST-0040,installation_photo_hash,install-photo-005,norm-v1,CURATED_APPROXIMATION,GRAPHFRAMES_EXACT_MATCH,false,ADULT_V1_TO_CANONICAL_V1,APPROVED,Repeated installation photo supports copied evidence but may also be an authorized progress image.,"[""INST-0005"",""INST-0040""]",CORE_EVIDENCE,"{""source_dataset"":""analytics/hydrant_graphframes_exact_relationships.csv""}",2026.07.18.1
GOLDEN_HYDRANT,GF-0130,GF-INSPECT-PHOTO,SAME_INSPECTION_PHOTO,INSP-0005,INSP-0035,inspection_photo_hash,inspect-photo-005,norm-v1,CURATED_APPROXIMATION,GRAPHFRAMES_EXACT_MATCH,false,ADULT_V1_TO_CANONICAL_V1,APPROVED,Repeated inspection photo supports copied certification evidence.,"[""INSP-0005"",""INSP-0035""]",CORE_EVIDENCE,"{""source_dataset"":""analytics/hydrant_graphframes_exact_relationships.csv""}",2026.07.18.1
GOLDEN_HYDRANT,GF-0131,GF-INSTALL-PHOTO,SAME_INSTALLATION_PHOTO,INST-0006,INST-0041,installation_photo_hash,install-photo-006,norm-v1,CURATED_APPROXIMATION,GRAPHFRAMES_EXACT_MATCH,false,ADULT_V1_TO_CANONICAL_V1,APPROVED,Repeated installation photo supports copied evidence but may also be an authorized progress image.,"[""INST-0006"",""INST-0041""]",CORE_EVIDENCE,"{""source_dataset"":""analytics/hydrant_graphframes_exact_relationships.csv""}",2026.07.18.1
GOLDEN_HYDRANT,GF-0132,GF-INSPECT-PHOTO,SAME_INSPECTION_PHOTO,INSP-0006,INSP-0036,inspection_photo_hash,inspect-photo-006,norm-v1,CURATED_APPROXIMATION,GRAPHFRAMES_EXACT_MATCH,false,ADULT_V1_TO_CANONICAL_V1,APPROVED,Repeated inspection photo supports copied certification evidence.,"[""INSP-0006"",""INSP-0036""]",CORE_EVIDENCE,"{""source_dataset"":""analytics/hydrant_graphframes_exact_relationships.csv""}",2026.07.18.1
GOLDEN_HYDRANT,GF-0133,GF-INSTALL-PHOTO,SAME_INSTALLATION_PHOTO,INST-0007,INST-0042,installation_photo_hash,install-photo-007,norm-v1,CURATED_APPROXIMATION,GRAPHFRAMES_EXACT_MATCH,false,ADULT_V1_TO_CANONICAL_V1,APPROVED,Repeated installation photo supports copied evidence but may also be an authorized progress image.,"[""INST-0007"",""INST-0042""]",CORE_EVIDENCE,"{""source_dataset"":""analytics/hydrant_graphframes_exact_relationships.csv""}",2026.07.18.1
GOLDEN_HYDRANT,GF-0134,GF-INSPECT-PHOTO,SAME_INSPECTION_PHOTO,INSP-0007,INSP-0037,inspection_photo_hash,inspect-photo-007,norm-v1,CURATED_APPROXIMATION,GRAPHFRAMES_EXACT_MATCH,false,ADULT_V1_TO_CANONICAL_V1,APPROVED,Repeated inspection photo supports copied certification evidence.,"[""INSP-0007"",""INSP-0037""]",CORE_EVIDENCE,"{""source_dataset"":""analytics/hydrant_graphframes_exact_relationships.csv""}",2026.07.18.1
GOLDEN_HYDRANT,GF-0135,GF-INSTALL-PHOTO,SAME_INSTALLATION_PHOTO,INST-0008,INST-0043,installation_photo_hash,install-photo-008,norm-v1,CURATED_APPROXIMATION,GRAPHFRAMES_EXACT_MATCH,false,ADULT_V1_TO_CANONICAL_V1,APPROVED,Repeated installation photo supports copied evidence but may also be an authorized progress image.,"[""INST-0008"",""INST-0043""]",CORE_EVIDENCE,"{""source_dataset"":""analytics/hydrant_graphframes_exact_relationships.csv""}",2026.07.18.1
GOLDEN_HYDRANT,GF-0136,GF-INSPECT-PHOTO,SAME_INSPECTION_PHOTO,INSP-0008,INSP-0038,inspection_photo_hash,inspect-photo-008,norm-v1,CURATED_APPROXIMATION,GRAPHFRAMES_EXACT_MATCH,false,ADULT_V1_TO_CANONICAL_V1,APPROVED,Repeated inspection photo supports copied certification evidence.,"[""INSP-0008"",""INSP-0038""]",CORE_EVIDENCE,"{""source_dataset"":""analytics/hydrant_graphframes_exact_relationships.csv""}",2026.07.18.1
GOLDEN_HYDRANT,GF-0137,GF-INSTALL-PHOTO,SAME_INSTALLATION_PHOTO,INST-0009,INST-0044,installation_photo_hash,install-photo-009,norm-v1,CURATED_APPROXIMATION,GRAPHFRAMES_EXACT_MATCH,false,ADULT_V1_TO_CANONICAL_V1,APPROVED,Repeated installation photo supports copied evidence but may also be an authorized progress image.,"[""INST-0009"",""INST-0044""]",CORE_EVIDENCE,"{""source_dataset"":""analytics/hydrant_graphframes_exact_relationships.csv""}",2026.07.18.1
GOLDEN_HYDRANT,GF-0138,GF-INSPECT-PHOTO,SAME_INSPECTION_PHOTO,INSP-0009,INSP-0039,inspection_photo_hash,inspect-photo-009,norm-v1,CURATED_APPROXIMATION,GRAPHFRAMES_EXACT_MATCH,false,ADULT_V1_TO_CANONICAL_V1,APPROVED,Repeated inspection photo supports copied certification evidence.,"[""INSP-0009"",""INSP-0039""]",CORE_EVIDENCE,"{""source_dataset"":""analytics/hydrant_graphframes_exact_relationships.csv""}",2026.07.18.1
GOLDEN_HYDRANT,GF-0139,GF-INSTALL-PHOTO,SAME_INSTALLATION_PHOTO,INST-0010,INST-0045,installation_photo_hash,install-photo-010,norm-v1,CURATED_APPROXIMATION,GRAPHFRAMES_EXACT_MATCH,false,ADULT_V1_TO_CANONICAL_V1,APPROVED,Repeated installation photo supports copied evidence but may also be an authorized progress image.,"[""INST-0010"",""INST-0045""]",CORE_EVIDENCE,"{""source_dataset"":""analytics/hydrant_graphframes_exact_relationships.csv""}",2026.07.18.1
GOLDEN_HYDRANT,GF-0140,GF-INSPECT-PHOTO,SAME_INSPECTION_PHOTO,INSP-0010,INSP-0040,inspection_photo_hash,inspect-photo-010,norm-v1,CURATED_APPROXIMATION,GRAPHFRAMES_EXACT_MATCH,false,ADULT_V1_TO_CANONICAL_V1,APPROVED,Repeated inspection photo supports copied certification evidence.,"[""INSP-0010"",""INSP-0040""]",CORE_EVIDENCE,"{""source_dataset"":""analytics/hydrant_graphframes_exact_relationships.csv""}",2026.07.18.1
GOLDEN_HYDRANT,GF-0141,GF-INSTALL-PHOTO,SAME_INSTALLATION_PHOTO,INST-0011,INST-0046,installation_photo_hash,install-photo-011,norm-v1,CURATED_APPROXIMATION,GRAPHFRAMES_EXACT_MATCH,false,ADULT_V1_TO_CANONICAL_V1,APPROVED,Repeated installation photo supports copied evidence but may also be an authorized progress image.,"[""INST-0011"",""INST-0046""]",CORE_EVIDENCE,"{""source_dataset"":""analytics/hydrant_graphframes_exact_relationships.csv""}",2026.07.18.1
GOLDEN_HYDRANT,GF-0142,GF-INSPECT-PHOTO,SAME_INSPECTION_PHOTO,INSP-0011,INSP-0041,inspection_photo_hash,inspect-photo-011,norm-v1,CURATED_APPROXIMATION,GRAPHFRAMES_EXACT_MATCH,false,ADULT_V1_TO_CANONICAL_V1,APPROVED,Repeated inspection photo supports copied certification evidence.,"[""INSP-0011"",""INSP-0041""]",CORE_EVIDENCE,"{""source_dataset"":""analytics/hydrant_graphframes_exact_relationships.csv""}",2026.07.18.1
GOLDEN_HYDRANT,GF-0143,GF-INSTALL-PHOTO,SAME_INSTALLATION_PHOTO,INST-0012,INST-0047,installation_photo_hash,install-photo-012,norm-v1,CURATED_APPROXIMATION,GRAPHFRAMES_EXACT_MATCH,false,ADULT_V1_TO_CANONICAL_V1,APPROVED,Repeated installation photo supports copied evidence but may also be an authorized progress image.,"[""INST-0012"",""INST-0047""]",CORE_EVIDENCE,"{""source_dataset"":""analytics/hydrant_graphframes_exact_relationships.csv""}",2026.07.18.1
GOLDEN_HYDRANT,GF-0144,GF-INSPECT-PHOTO,SAME_INSPECTION_PHOTO,INSP-0012,INSP-0042,inspection_photo_hash,inspect-photo-012,norm-v1,CURATED_APPROXIMATION,GRAPHFRAMES_EXACT_MATCH,false,ADULT_V1_TO_CANONICAL_V1,APPROVED,Repeated inspection photo supports copied certification evidence.,"[""INSP-0012"",""INSP-0042""]",CORE_EVIDENCE,"{""source_dataset"":""analytics/hydrant_graphframes_exact_relationships.csv""}",2026.07.18.1
GOLDEN_HYDRANT,GF-0145,GF-INSTALL-PHOTO,SAME_INSTALLATION_PHOTO,INST-0013,INST-0048,installation_photo_hash,install-photo-013,norm-v1,CURATED_APPROXIMATION,GRAPHFRAMES_EXACT_MATCH,false,ADULT_V1_TO_CANONICAL_V1,APPROVED,Repeated installation photo supports copied evidence but may also be an authorized progress image.,"[""INST-0013"",""INST-0048""]",CORE_EVIDENCE,"{""source_dataset"":""analytics/hydrant_graphframes_exact_relationships.csv""}",2026.07.18.1
GOLDEN_HYDRANT,GF-0146,GF-INSPECT-PHOTO,SAME_INSPECTION_PHOTO,INSP-0013,INSP-0043,inspection_photo_hash,inspect-photo-013,norm-v1,CURATED_APPROXIMATION,GRAPHFRAMES_EXACT_MATCH,false,ADULT_V1_TO_CANONICAL_V1,APPROVED,Repeated inspection photo supports copied certification evidence.,"[""INSP-0013"",""INSP-0043""]",CORE_EVIDENCE,"{""source_dataset"":""analytics/hydrant_graphframes_exact_relationships.csv""}",2026.07.18.1
GOLDEN_HYDRANT,GF-0147,GF-INSTALL-PHOTO,SAME_INSTALLATION_PHOTO,INST-0014,INST-0049,installation_photo_hash,install-photo-014,norm-v1,CURATED_APPROXIMATION,GRAPHFRAMES_EXACT_MATCH,false,ADULT_V1_TO_CANONICAL_V1,APPROVED,Repeated installation photo supports copied evidence but may also be an authorized progress image.,"[""INST-0014"",""INST-0049""]",CORE_EVIDENCE,"{""source_dataset"":""analytics/hydrant_graphframes_exact_relationships.csv""}",2026.07.18.1
GOLDEN_HYDRANT,GF-0148,GF-INSPECT-PHOTO,SAME_INSPECTION_PHOTO,INSP-0014,INSP-0044,inspection_photo_hash,inspect-photo-014,norm-v1,CURATED_APPROXIMATION,GRAPHFRAMES_EXACT_MATCH,false,ADULT_V1_TO_CANONICAL_V1,APPROVED,Repeated inspection photo supports copied certification evidence.,"[""INSP-0014"",""INSP-0044""]",CORE_EVIDENCE,"{""source_dataset"":""analytics/hydrant_graphframes_exact_relationships.csv""}",2026.07.18.1
GOLDEN_HYDRANT,GF-0149,GF-INSTALL-PHOTO,SAME_INSTALLATION_PHOTO,INST-0015,INST-0050,installation_photo_hash,install-photo-015,norm-v1,CURATED_APPROXIMATION,GRAPHFRAMES_EXACT_MATCH,false,ADULT_V1_TO_CANONICAL_V1,APPROVED,Repeated installation photo supports copied evidence but may also be an authorized progress image.,"[""INST-0015"",""INST-0050""]",CORE_EVIDENCE,"{""source_dataset"":""analytics/hydrant_graphframes_exact_relationships.csv""}",2026.07.18.1
GOLDEN_HYDRANT,GF-0150,GF-INSPECT-PHOTO,SAME_INSPECTION_PHOTO,INSP-0015,INSP-0045,inspection_photo_hash,inspect-photo-015,norm-v1,CURATED_APPROXIMATION,GRAPHFRAMES_EXACT_MATCH,false,ADULT_V1_TO_CANONICAL_V1,APPROVED,Repeated inspection photo supports copied certification evidence.,"[""INSP-0015"",""INSP-0045""]",CORE_EVIDENCE,"{""source_dataset"":""analytics/hydrant_graphframes_exact_relationships.csv""}",2026.07.18.1
GOLDEN_HYDRANT,GF-0151,GF-INSTALL-PHOTO,SAME_INSTALLATION_PHOTO,INST-0016,INST-0051,installation_photo_hash,install-photo-016,norm-v1,CURATED_APPROXIMATION,GRAPHFRAMES_EXACT_MATCH,false,ADULT_V1_TO_CANONICAL_V1,APPROVED,Repeated installation photo supports copied evidence but may also be an authorized progress image.,"[""INST-0016"",""INST-0051""]",CORE_EVIDENCE,"{""source_dataset"":""analytics/hydrant_graphframes_exact_relationships.csv""}",2026.07.18.1
GOLDEN_HYDRANT,GF-0152,GF-INSPECT-PHOTO,SAME_INSPECTION_PHOTO,INSP-0016,INSP-0046,inspection_photo_hash,inspect-photo-016,norm-v1,CURATED_APPROXIMATION,GRAPHFRAMES_EXACT_MATCH,false,ADULT_V1_TO_CANONICAL_V1,APPROVED,Repeated inspection photo supports copied certification evidence.,"[""INSP-0016"",""INSP-0046""]",CORE_EVIDENCE,"{""source_dataset"":""analytics/hydrant_graphframes_exact_relationships.csv""}",2026.07.18.1
GOLDEN_HYDRANT,GF-0153,GF-INSTALL-PHOTO,SAME_INSTALLATION_PHOTO,INST-0017,INST-0052,installation_photo_hash,install-photo-017,norm-v1,CURATED_APPROXIMATION,GRAPHFRAMES_EXACT_MATCH,false,ADULT_V1_TO_CANONICAL_V1,APPROVED,Repeated installation photo supports copied evidence but may also be an authorized progress image.,"[""INST-0017"",""INST-0052""]",CORE_EVIDENCE,"{""source_dataset"":""analytics/hydrant_graphframes_exact_relationships.csv""}",2026.07.18.1
GOLDEN_HYDRANT,GF-0154,GF-INSPECT-PHOTO,SAME_INSPECTION_PHOTO,INSP-0017,INSP-0047,inspection_photo_hash,inspect-photo-017,norm-v1,CURATED_APPROXIMATION,GRAPHFRAMES_EXACT_MATCH,false,ADULT_V1_TO_CANONICAL_V1,APPROVED,Repeated inspection photo supports copied certification evidence.,"[""INSP-0017"",""INSP-0047""]",CORE_EVIDENCE,"{""source_dataset"":""analytics/hydrant_graphframes_exact_relationships.csv""}",2026.07.18.1
GOLDEN_HYDRANT,GF-0155,GF-INSTALL-PHOTO,SAME_INSTALLATION_PHOTO,INST-0018,INST-0053,installation_photo_hash,install-photo-018,norm-v1,CURATED_APPROXIMATION,GRAPHFRAMES_EXACT_MATCH,false,ADULT_V1_TO_CANONICAL_V1,APPROVED,Repeated installation photo supports copied evidence but may also be an authorized progress image.,"[""INST-0018"",""INST-0053""]",CORE_EVIDENCE,"{""source_dataset"":""analytics/hydrant_graphframes_exact_relationships.csv""}",2026.07.18.1
GOLDEN_HYDRANT,GF-0156,GF-INSPECT-PHOTO,SAME_INSPECTION_PHOTO,INSP-0018,INSP-0048,inspection_photo_hash,inspect-photo-018,norm-v1,CURATED_APPROXIMATION,GRAPHFRAMES_EXACT_MATCH,false,ADULT_V1_TO_CANONICAL_V1,APPROVED,Repeated inspection photo supports copied certification evidence.,"[""INSP-0018"",""INSP-0048""]",CORE_EVIDENCE,"{""source_dataset"":""analytics/hydrant_graphframes_exact_relationships.csv""}",2026.07.18.1
GOLDEN_HYDRANT,GF-0157,GF-INSTALL-PHOTO,SAME_INSTALLATION_PHOTO,INST-0019,INST-0054,installation_photo_hash,install-photo-019,norm-v1,CURATED_APPROXIMATION,GRAPHFRAMES_EXACT_MATCH,false,ADULT_V1_TO_CANONICAL_V1,APPROVED,Repeated installation photo supports copied evidence but may also be an authorized progress image.,"[""INST-0019"",""INST-0054""]",CORE_EVIDENCE,"{""source_dataset"":""analytics/hydrant_graphframes_exact_relationships.csv""}",2026.07.18.1
GOLDEN_HYDRANT,GF-0158,GF-INSPECT-PHOTO,SAME_INSPECTION_PHOTO,INSP-0019,INSP-0049,inspection_photo_hash,inspect-photo-019,norm-v1,CURATED_APPROXIMATION,GRAPHFRAMES_EXACT_MATCH,false,ADULT_V1_TO_CANONICAL_V1,APPROVED,Repeated inspection photo supports copied certification evidence.,"[""INSP-0019"",""INSP-0049""]",CORE_EVIDENCE,"{""source_dataset"":""analytics/hydrant_graphframes_exact_relationships.csv""}",2026.07.18.1
GOLDEN_HYDRANT,GF-0159,GF-INSTALL-PHOTO,SAME_INSTALLATION_PHOTO,INST-0020,INST-0055,installation_photo_hash,install-photo-020,norm-v1,CURATED_APPROXIMATION,GRAPHFRAMES_EXACT_MATCH,false,ADULT_V1_TO_CANONICAL_V1,APPROVED,Repeated installation photo supports copied evidence but may also be an authorized progress image.,"[""INST-0020"",""INST-0055""]",CORE_EVIDENCE,"{""source_dataset"":""analytics/hydrant_graphframes_exact_relationships.csv""}",2026.07.18.1
GOLDEN_HYDRANT,GF-0160,GF-INSPECT-PHOTO,SAME_INSPECTION_PHOTO,INSP-0020,INSP-0050,inspection_photo_hash,inspect-photo-020,norm-v1,CURATED_APPROXIMATION,GRAPHFRAMES_EXACT_MATCH,false,ADULT_V1_TO_CANONICAL_V1,APPROVED,Repeated inspection photo supports copied certification evidence.,"[""INSP-0020"",""INSP-0050""]",CORE_EVIDENCE,"{""source_dataset"":""analytics/hydrant_graphframes_exact_relationships.csv""}",2026.07.18.1
GOLDEN_HYDRANT,GF-0161,GF-INSTALL-PHOTO,SAME_INSTALLATION_PHOTO,INST-0021,INST-0056,installation_photo_hash,install-photo-021,norm-v1,CURATED_APPROXIMATION,GRAPHFRAMES_EXACT_MATCH,false,ADULT_V1_TO_CANONICAL_V1,APPROVED,Repeated installation photo supports copied evidence but may also be an authorized progress image.,"[""INST-0021"",""INST-0056""]",CORE_EVIDENCE,"{""source_dataset"":""analytics/hydrant_graphframes_exact_relationships.csv""}",2026.07.18.1
GOLDEN_HYDRANT,GF-0162,GF-INSPECT-PHOTO,SAME_INSPECTION_PHOTO,INSP-0021,INSP-0051,inspection_photo_hash,inspect-photo-021,norm-v1,CURATED_APPROXIMATION,GRAPHFRAMES_EXACT_MATCH,false,ADULT_V1_TO_CANONICAL_V1,APPROVED,Repeated inspection photo supports copied certification evidence.,"[""INSP-0021"",""INSP-0051""]",CORE_EVIDENCE,"{""source_dataset"":""analytics/hydrant_graphframes_exact_relationships.csv""}",2026.07.18.1
GOLDEN_HYDRANT,GF-0163,GF-INSTALL-PHOTO,SAME_INSTALLATION_PHOTO,INST-0022,INST-0057,installation_photo_hash,install-photo-022,norm-v1,CURATED_APPROXIMATION,GRAPHFRAMES_EXACT_MATCH,false,ADULT_V1_TO_CANONICAL_V1,APPROVED,Repeated installation photo supports copied evidence but may also be an authorized progress image.,"[""INST-0022"",""INST-0057""]",CORE_EVIDENCE,"{""source_dataset"":""analytics/hydrant_graphframes_exact_relationships.csv""}",2026.07.18.1
GOLDEN_HYDRANT,GF-0164,GF-INSPECT-PHOTO,SAME_INSPECTION_PHOTO,INSP-0022,INSP-0052,inspection_photo_hash,inspect-photo-022,norm-v1,CURATED_APPROXIMATION,GRAPHFRAMES_EXACT_MATCH,false,ADULT_V1_TO_CANONICAL_V1,APPROVED,Repeated inspection photo supports copied certification evidence.,"[""INSP-0022"",""INSP-0052""]",CORE_EVIDENCE,"{""source_dataset"":""analytics/hydrant_graphframes_exact_relationships.csv""}",2026.07.18.1
GOLDEN_HYDRANT,GF-0165,GF-INSTALL-PHOTO,SAME_INSTALLATION_PHOTO,INST-0023,INST-0058,installation_photo_hash,install-photo-023,norm-v1,CURATED_APPROXIMATION,GRAPHFRAMES_EXACT_MATCH,false,ADULT_V1_TO_CANONICAL_V1,APPROVED,Repeated installation photo supports copied evidence but may also be an authorized progress image.,"[""INST-0023"",""INST-0058""]",CORE_EVIDENCE,"{""source_dataset"":""analytics/hydrant_graphframes_exact_relationships.csv""}",2026.07.18.1
GOLDEN_HYDRANT,GF-0166,GF-INSPECT-PHOTO,SAME_INSPECTION_PHOTO,INSP-0023,INSP-0053,inspection_photo_hash,inspect-photo-023,norm-v1,CURATED_APPROXIMATION,GRAPHFRAMES_EXACT_MATCH,false,ADULT_V1_TO_CANONICAL_V1,APPROVED,Repeated inspection photo supports copied certification evidence.,"[""INSP-0023"",""INSP-0053""]",CORE_EVIDENCE,"{""source_dataset"":""analytics/hydrant_graphframes_exact_relationships.csv""}",2026.07.18.1
GOLDEN_HYDRANT,GF-0167,GF-INSTALL-PHOTO,SAME_INSTALLATION_PHOTO,INST-0024,INST-0059,installation_photo_hash,install-photo-024,norm-v1,CURATED_APPROXIMATION,GRAPHFRAMES_EXACT_MATCH,false,ADULT_V1_TO_CANONICAL_V1,APPROVED,Repeated installation photo supports copied evidence but may also be an authorized progress image.,"[""INST-0024"",""INST-0059""]",CORE_EVIDENCE,"{""source_dataset"":""analytics/hydrant_graphframes_exact_relationships.csv""}",2026.07.18.1
GOLDEN_HYDRANT,GF-0168,GF-INSPECT-PHOTO,SAME_INSPECTION_PHOTO,INSP-0024,INSP-0054,inspection_photo_hash,inspect-photo-024,norm-v1,CURATED_APPROXIMATION,GRAPHFRAMES_EXACT_MATCH,false,ADULT_V1_TO_CANONICAL_V1,APPROVED,Repeated inspection photo supports copied certification evidence.,"[""INSP-0024"",""INSP-0054""]",CORE_EVIDENCE,"{""source_dataset"":""analytics/hydrant_graphframes_exact_relationships.csv""}",2026.07.18.1
GOLDEN_HYDRANT,GF-0169,GF-INSTALL-PHOTO,SAME_INSTALLATION_PHOTO,INST-0025,INST-0060,installation_photo_hash,install-photo-025,norm-v1,CURATED_APPROXIMATION,GRAPHFRAMES_EXACT_MATCH,false,ADULT_V1_TO_CANONICAL_V1,APPROVED,Repeated installation photo supports copied evidence but may also be an authorized progress image.,"[""INST-0025"",""INST-0060""]",CORE_EVIDENCE,"{""source_dataset"":""analytics/hydrant_graphframes_exact_relationships.csv""}",2026.07.18.1
GOLDEN_HYDRANT,GF-0170,GF-INSPECT-PHOTO,SAME_INSPECTION_PHOTO,INSP-0025,INSP-0055,inspection_photo_hash,inspect-photo-025,norm-v1,CURATED_APPROXIMATION,GRAPHFRAMES_EXACT_MATCH,false,ADULT_V1_TO_CANONICAL_V1,APPROVED,Repeated inspection photo supports copied certification evidence.,"[""INSP-0025"",""INSP-0055""]",CORE_EVIDENCE,"{""source_dataset"":""analytics/hydrant_graphframes_exact_relationships.csv""}",2026.07.18.1
GOLDEN_HYDRANT,GF-0171,GF-INSTALL-PHOTO,SAME_INSTALLATION_PHOTO,INST-0026,INST-0061,installation_photo_hash,install-photo-026,norm-v1,CURATED_APPROXIMATION,GRAPHFRAMES_EXACT_MATCH,false,ADULT_V1_TO_CANONICAL_V1,APPROVED,Repeated installation photo supports copied evidence but may also be an authorized progress image.,"[""INST-0026"",""INST-0061""]",CORE_EVIDENCE,"{""source_dataset"":""analytics/hydrant_graphframes_exact_relationships.csv""}",2026.07.18.1
GOLDEN_HYDRANT,GF-0172,GF-INSPECT-PHOTO,SAME_INSPECTION_PHOTO,INSP-0026,INSP-0056,inspection_photo_hash,inspect-photo-026,norm-v1,CURATED_APPROXIMATION,GRAPHFRAMES_EXACT_MATCH,false,ADULT_V1_TO_CANONICAL_V1,APPROVED,Repeated inspection photo supports copied certification evidence.,"[""INSP-0026"",""INSP-0056""]",CORE_EVIDENCE,"{""source_dataset"":""analytics/hydrant_graphframes_exact_relationships.csv""}",2026.07.18.1
GOLDEN_HYDRANT,GF-0173,GF-INSTALL-PHOTO,SAME_INSTALLATION_PHOTO,INST-0027,INST-0062,installation_photo_hash,install-photo-027,norm-v1,CURATED_APPROXIMATION,GRAPHFRAMES_EXACT_MATCH,false,ADULT_V1_TO_CANONICAL_V1,APPROVED,Repeated installation photo supports copied evidence but may also be an authorized progress image.,"[""INST-0027"",""INST-0062""]",CORE_EVIDENCE,"{""source_dataset"":""analytics/hydrant_graphframes_exact_relationships.csv""}",2026.07.18.1
GOLDEN_HYDRANT,GF-0174,GF-INSPECT-PHOTO,SAME_INSPECTION_PHOTO,INSP-0027,INSP-0057,inspection_photo_hash,inspect-photo-027,norm-v1,CURATED_APPROXIMATION,GRAPHFRAMES_EXACT_MATCH,false,ADULT_V1_TO_CANONICAL_V1,APPROVED,Repeated inspection photo supports copied certification evidence.,"[""INSP-0027"",""INSP-0057""]",CORE_EVIDENCE,"{""source_dataset"":""analytics/hydrant_graphframes_exact_relationships.csv""}",2026.07.18.1
GOLDEN_HYDRANT,GF-0175,GF-INSTALL-PHOTO,SAME_INSTALLATION_PHOTO,INST-0028,INST-0063,installation_photo_hash,install-photo-028,norm-v1,CURATED_APPROXIMATION,GRAPHFRAMES_EXACT_MATCH,false,ADULT_V1_TO_CANONICAL_V1,APPROVED,Repeated installation photo supports copied evidence but may also be an authorized progress image.,"[""INST-0028"",""INST-0063""]",CORE_EVIDENCE,"{""source_dataset"":""analytics/hydrant_graphframes_exact_relationships.csv""}",2026.07.18.1
GOLDEN_HYDRANT,GF-0176,GF-INSPECT-PHOTO,SAME_INSPECTION_PHOTO,INSP-0028,INSP-0058,inspection_photo_hash,inspect-photo-028,norm-v1,CURATED_APPROXIMATION,GRAPHFRAMES_EXACT_MATCH,false,ADULT_V1_TO_CANONICAL_V1,APPROVED,Repeated inspection photo supports copied certification evidence.,"[""INSP-0028"",""INSP-0058""]",CORE_EVIDENCE,"{""source_dataset"":""analytics/hydrant_graphframes_exact_relationships.csv""}",2026.07.18.1
GOLDEN_HYDRANT,GF-0177,GF-INSTALL-PHOTO,SAME_INSTALLATION_PHOTO,INST-0029,INST-0064,installation_photo_hash,install-photo-029,norm-v1,CURATED_APPROXIMATION,GRAPHFRAMES_EXACT_MATCH,false,ADULT_V1_TO_CANONICAL_V1,APPROVED,Repeated installation photo supports copied evidence but may also be an authorized progress image.,"[""INST-0029"",""INST-0064""]",CORE_EVIDENCE,"{""source_dataset"":""analytics/hydrant_graphframes_exact_relationships.csv""}",2026.07.18.1
GOLDEN_HYDRANT,GF-0178,GF-INSPECT-PHOTO,SAME_INSPECTION_PHOTO,INSP-0029,INSP-0059,inspection_photo_hash,inspect-photo-029,norm-v1,CURATED_APPROXIMATION,GRAPHFRAMES_EXACT_MATCH,false,ADULT_V1_TO_CANONICAL_V1,APPROVED,Repeated inspection photo supports copied certification evidence.,"[""INSP-0029"",""INSP-0059""]",CORE_EVIDENCE,"{""source_dataset"":""analytics/hydrant_graphframes_exact_relationships.csv""}",2026.07.18.1
GOLDEN_HYDRANT,GF-0179,GF-INSTALL-PHOTO,SAME_INSTALLATION_PHOTO,INST-0030,INST-0065,installation_photo_hash,install-photo-030,norm-v1,CURATED_APPROXIMATION,GRAPHFRAMES_EXACT_MATCH,false,ADULT_V1_TO_CANONICAL_V1,APPROVED,Repeated installation photo supports copied evidence but may also be an authorized progress image.,"[""INST-0030"",""INST-0065""]",CORE_EVIDENCE,"{""source_dataset"":""analytics/hydrant_graphframes_exact_relationships.csv""}",2026.07.18.1
GOLDEN_HYDRANT,GF-0180,GF-INSPECT-PHOTO,SAME_INSPECTION_PHOTO,INSP-0030,INSP-0060,inspection_photo_hash,inspect-photo-030,norm-v1,CURATED_APPROXIMATION,GRAPHFRAMES_EXACT_MATCH,false,ADULT_V1_TO_CANONICAL_V1,APPROVED,Repeated inspection photo supports copied certification evidence.,"[""INSP-0030"",""INSP-0060""]",CORE_EVIDENCE,"{""source_dataset"":""analytics/hydrant_graphframes_exact_relationships.csv""}",2026.07.18.1
GOLDEN_HYDRANT,GF-0181,GF-GPS,SAME_GPS_POINT,INSP-0001,INSP-0021,gps_coordinates,"40.712345,-74.004321",norm-v1,CURATED_APPROXIMATION,GRAPHFRAMES_EXACT_MATCH,false,ADULT_V1_TO_CANONICAL_V1,APPROVED,Identical coordinates can reflect batch geocoding; combine with street and excavation evidence.,"[""INSP-0001"",""INSP-0021""]",SUPPORTING_EVIDENCE,"{""source_dataset"":""analytics/hydrant_graphframes_exact_relationships.csv""}",2026.07.18.1
GOLDEN_HYDRANT,GF-0182,GF-SIGNATURE,SAME_INSPECTION_SIGNATURE,INSP-0001,INSP-0021,inspection_signature_hash,sig-vvizsla-field-v3,norm-v1,CURATED_APPROXIMATION,GRAPHFRAMES_EXACT_MATCH,false,ADULT_V1_TO_CANONICAL_V1,APPROVED,A repeated digital signature is expected for one inspector; timing and field evidence determine significance.,"[""INSP-0001"",""INSP-0021""]",SUPPORTING_EVIDENCE,"{""source_dataset"":""analytics/hydrant_graphframes_exact_relationships.csv""}",2026.07.18.1
GOLDEN_HYDRANT,GF-0183,GF-GPS,SAME_GPS_POINT,INSP-0002,INSP-0022,gps_coordinates,"40.712345,-74.004321",norm-v1,CURATED_APPROXIMATION,GRAPHFRAMES_EXACT_MATCH,false,ADULT_V1_TO_CANONICAL_V1,APPROVED,Identical coordinates can reflect batch geocoding; combine with street and excavation evidence.,"[""INSP-0002"",""INSP-0022""]",SUPPORTING_EVIDENCE,"{""source_dataset"":""analytics/hydrant_graphframes_exact_relationships.csv""}",2026.07.18.1
GOLDEN_HYDRANT,GF-0184,GF-SIGNATURE,SAME_INSPECTION_SIGNATURE,INSP-0002,INSP-0022,inspection_signature_hash,sig-vvizsla-field-v3,norm-v1,CURATED_APPROXIMATION,GRAPHFRAMES_EXACT_MATCH,false,ADULT_V1_TO_CANONICAL_V1,APPROVED,A repeated digital signature is expected for one inspector; timing and field evidence determine significance.,"[""INSP-0002"",""INSP-0022""]",SUPPORTING_EVIDENCE,"{""source_dataset"":""analytics/hydrant_graphframes_exact_relationships.csv""}",2026.07.18.1
GOLDEN_HYDRANT,GF-0185,GF-GPS,SAME_GPS_POINT,INSP-0003,INSP-0023,gps_coordinates,"40.712345,-74.004321",norm-v1,CURATED_APPROXIMATION,GRAPHFRAMES_EXACT_MATCH,false,ADULT_V1_TO_CANONICAL_V1,APPROVED,Identical coordinates can reflect batch geocoding; combine with street and excavation evidence.,"[""INSP-0003"",""INSP-0023""]",SUPPORTING_EVIDENCE,"{""source_dataset"":""analytics/hydrant_graphframes_exact_relationships.csv""}",2026.07.18.1
GOLDEN_HYDRANT,GF-0186,GF-SIGNATURE,SAME_INSPECTION_SIGNATURE,INSP-0003,INSP-0023,inspection_signature_hash,sig-vvizsla-field-v3,norm-v1,CURATED_APPROXIMATION,GRAPHFRAMES_EXACT_MATCH,false,ADULT_V1_TO_CANONICAL_V1,APPROVED,A repeated digital signature is expected for one inspector; timing and field evidence determine significance.,"[""INSP-0003"",""INSP-0023""]",SUPPORTING_EVIDENCE,"{""source_dataset"":""analytics/hydrant_graphframes_exact_relationships.csv""}",2026.07.18.1
GOLDEN_HYDRANT,GF-0187,GF-GPS,SAME_GPS_POINT,INSP-0004,INSP-0024,gps_coordinates,"40.712345,-74.004321",norm-v1,CURATED_APPROXIMATION,GRAPHFRAMES_EXACT_MATCH,false,ADULT_V1_TO_CANONICAL_V1,APPROVED,Identical coordinates can reflect batch geocoding; combine with street and excavation evidence.,"[""INSP-0004"",""INSP-0024""]",SUPPORTING_EVIDENCE,"{""source_dataset"":""analytics/hydrant_graphframes_exact_relationships.csv""}",2026.07.18.1
GOLDEN_HYDRANT,GF-0188,GF-SIGNATURE,SAME_INSPECTION_SIGNATURE,INSP-0004,INSP-0024,inspection_signature_hash,sig-vvizsla-field-v3,norm-v1,CURATED_APPROXIMATION,GRAPHFRAMES_EXACT_MATCH,false,ADULT_V1_TO_CANONICAL_V1,APPROVED,A repeated digital signature is expected for one inspector; timing and field evidence determine significance.,"[""INSP-0004"",""INSP-0024""]",SUPPORTING_EVIDENCE,"{""source_dataset"":""analytics/hydrant_graphframes_exact_relationships.csv""}",2026.07.18.1
GOLDEN_HYDRANT,GF-0189,GF-GPS,SAME_GPS_POINT,INSP-0005,INSP-0025,gps_coordinates,"40.712345,-74.004321",norm-v1,CURATED_APPROXIMATION,GRAPHFRAMES_EXACT_MATCH,false,ADULT_V1_TO_CANONICAL_V1,APPROVED,Identical coordinates can reflect batch geocoding; combine with street and excavation evidence.,"[""INSP-0005"",""INSP-0025""]",SUPPORTING_EVIDENCE,"{""source_dataset"":""analytics/hydrant_graphframes_exact_relationships.csv""}",2026.07.18.1
GOLDEN_HYDRANT,GF-0190,GF-SIGNATURE,SAME_INSPECTION_SIGNATURE,INSP-0005,INSP-0025,inspection_signature_hash,sig-vvizsla-field-v3,norm-v1,CURATED_APPROXIMATION,GRAPHFRAMES_EXACT_MATCH,false,ADULT_V1_TO_CANONICAL_V1,APPROVED,A repeated digital signature is expected for one inspector; timing and field evidence determine significance.,"[""INSP-0005"",""INSP-0025""]",SUPPORTING_EVIDENCE,"{""source_dataset"":""analytics/hydrant_graphframes_exact_relationships.csv""}",2026.07.18.1
GOLDEN_HYDRANT,GF-0191,GF-GPS,SAME_GPS_POINT,INSP-0006,INSP-0026,gps_coordinates,"40.712345,-74.004321",norm-v1,CURATED_APPROXIMATION,GRAPHFRAMES_EXACT_MATCH,false,ADULT_V1_TO_CANONICAL_V1,APPROVED,Identical coordinates can reflect batch geocoding; combine with street and excavation evidence.,"[""INSP-0006"",""INSP-0026""]",SUPPORTING_EVIDENCE,"{""source_dataset"":""analytics/hydrant_graphframes_exact_relationships.csv""}",2026.07.18.1
GOLDEN_HYDRANT,GF-0192,GF-SIGNATURE,SAME_INSPECTION_SIGNATURE,INSP-0006,INSP-0026,inspection_signature_hash,sig-vvizsla-field-v3,norm-v1,CURATED_APPROXIMATION,GRAPHFRAMES_EXACT_MATCH,false,ADULT_V1_TO_CANONICAL_V1,APPROVED,A repeated digital signature is expected for one inspector; timing and field evidence determine significance.,"[""INSP-0006"",""INSP-0026""]",SUPPORTING_EVIDENCE,"{""source_dataset"":""analytics/hydrant_graphframes_exact_relationships.csv""}",2026.07.18.1
GOLDEN_HYDRANT,GF-0193,GF-GPS,SAME_GPS_POINT,INSP-0007,INSP-0027,gps_coordinates,"40.712345,-74.004321",norm-v1,CURATED_APPROXIMATION,GRAPHFRAMES_EXACT_MATCH,false,ADULT_V1_TO_CANONICAL_V1,APPROVED,Identical coordinates can reflect batch geocoding; combine with street and excavation evidence.,"[""INSP-0007"",""INSP-0027""]",SUPPORTING_EVIDENCE,"{""source_dataset"":""analytics/hydrant_graphframes_exact_relationships.csv""}",2026.07.18.1
GOLDEN_HYDRANT,GF-0194,GF-SIGNATURE,SAME_INSPECTION_SIGNATURE,INSP-0007,INSP-0027,inspection_signature_hash,sig-vvizsla-field-v3,norm-v1,CURATED_APPROXIMATION,GRAPHFRAMES_EXACT_MATCH,false,ADULT_V1_TO_CANONICAL_V1,APPROVED,A repeated digital signature is expected for one inspector; timing and field evidence determine significance.,"[""INSP-0007"",""INSP-0027""]",SUPPORTING_EVIDENCE,"{""source_dataset"":""analytics/hydrant_graphframes_exact_relationships.csv""}",2026.07.18.1
GOLDEN_HYDRANT,GF-0195,GF-GPS,SAME_GPS_POINT,INSP-0008,INSP-0028,gps_coordinates,"40.712345,-74.004321",norm-v1,CURATED_APPROXIMATION,GRAPHFRAMES_EXACT_MATCH,false,ADULT_V1_TO_CANONICAL_V1,APPROVED,Identical coordinates can reflect batch geocoding; combine with street and excavation evidence.,"[""INSP-0008"",""INSP-0028""]",SUPPORTING_EVIDENCE,"{""source_dataset"":""analytics/hydrant_graphframes_exact_relationships.csv""}",2026.07.18.1
GOLDEN_HYDRANT,GF-0196,GF-SIGNATURE,SAME_INSPECTION_SIGNATURE,INSP-0008,INSP-0028,inspection_signature_hash,sig-vvizsla-field-v3,norm-v1,CURATED_APPROXIMATION,GRAPHFRAMES_EXACT_MATCH,false,ADULT_V1_TO_CANONICAL_V1,APPROVED,A repeated digital signature is expected for one inspector; timing and field evidence determine significance.,"[""INSP-0008"",""INSP-0028""]",SUPPORTING_EVIDENCE,"{""source_dataset"":""analytics/hydrant_graphframes_exact_relationships.csv""}",2026.07.18.1
GOLDEN_HYDRANT,GF-0197,GF-GPS,SAME_GPS_POINT,INSP-0009,INSP-0029,gps_coordinates,"40.712345,-74.004321",norm-v1,CURATED_APPROXIMATION,GRAPHFRAMES_EXACT_MATCH,false,ADULT_V1_TO_CANONICAL_V1,APPROVED,Identical coordinates can reflect batch geocoding; combine with street and excavation evidence.,"[""INSP-0009"",""INSP-0029""]",SUPPORTING_EVIDENCE,"{""source_dataset"":""analytics/hydrant_graphframes_exact_relationships.csv""}",2026.07.18.1
GOLDEN_HYDRANT,GF-0198,GF-SIGNATURE,SAME_INSPECTION_SIGNATURE,INSP-0009,INSP-0029,inspection_signature_hash,sig-vvizsla-field-v3,norm-v1,CURATED_APPROXIMATION,GRAPHFRAMES_EXACT_MATCH,false,ADULT_V1_TO_CANONICAL_V1,APPROVED,A repeated digital signature is expected for one inspector; timing and field evidence determine significance.,"[""INSP-0009"",""INSP-0029""]",SUPPORTING_EVIDENCE,"{""source_dataset"":""analytics/hydrant_graphframes_exact_relationships.csv""}",2026.07.18.1
GOLDEN_HYDRANT,GF-0199,GF-GPS,SAME_GPS_POINT,INSP-0010,INSP-0030,gps_coordinates,"40.712345,-74.004321",norm-v1,CURATED_APPROXIMATION,GRAPHFRAMES_EXACT_MATCH,false,ADULT_V1_TO_CANONICAL_V1,APPROVED,Identical coordinates can reflect batch geocoding; combine with street and excavation evidence.,"[""INSP-0010"",""INSP-0030""]",SUPPORTING_EVIDENCE,"{""source_dataset"":""analytics/hydrant_graphframes_exact_relationships.csv""}",2026.07.18.1
GOLDEN_HYDRANT,GF-0200,GF-SIGNATURE,SAME_INSPECTION_SIGNATURE,INSP-0010,INSP-0030,inspection_signature_hash,sig-vvizsla-field-v3,norm-v1,CURATED_APPROXIMATION,GRAPHFRAMES_EXACT_MATCH,false,ADULT_V1_TO_CANONICAL_V1,APPROVED,A repeated digital signature is expected for one inspector; timing and field evidence determine significance.,"[""INSP-0010"",""INSP-0030""]",SUPPORTING_EVIDENCE,"{""source_dataset"":""analytics/hydrant_graphframes_exact_relationships.csv""}",2026.07.18.1
GOLDEN_HYDRANT,GF-0201,GF-GPS,SAME_GPS_POINT,INSP-0011,INSP-0031,gps_coordinates,"40.712345,-74.004321",norm-v1,CURATED_APPROXIMATION,GRAPHFRAMES_EXACT_MATCH,false,ADULT_V1_TO_CANONICAL_V1,APPROVED,Identical coordinates can reflect batch geocoding; combine with street and excavation evidence.,"[""INSP-0011"",""INSP-0031""]",SUPPORTING_EVIDENCE,"{""source_dataset"":""analytics/hydrant_graphframes_exact_relationships.csv""}",2026.07.18.1
GOLDEN_HYDRANT,GF-0202,GF-SIGNATURE,SAME_INSPECTION_SIGNATURE,INSP-0011,INSP-0031,inspection_signature_hash,sig-vvizsla-field-v3,norm-v1,CURATED_APPROXIMATION,GRAPHFRAMES_EXACT_MATCH,false,ADULT_V1_TO_CANONICAL_V1,APPROVED,A repeated digital signature is expected for one inspector; timing and field evidence determine significance.,"[""INSP-0011"",""INSP-0031""]",SUPPORTING_EVIDENCE,"{""source_dataset"":""analytics/hydrant_graphframes_exact_relationships.csv""}",2026.07.18.1
GOLDEN_HYDRANT,GF-0203,GF-GPS,SAME_GPS_POINT,INSP-0012,INSP-0032,gps_coordinates,"40.712345,-74.004321",norm-v1,CURATED_APPROXIMATION,GRAPHFRAMES_EXACT_MATCH,false,ADULT_V1_TO_CANONICAL_V1,APPROVED,Identical coordinates can reflect batch geocoding; combine with street and excavation evidence.,"[""INSP-0012"",""INSP-0032""]",SUPPORTING_EVIDENCE,"{""source_dataset"":""analytics/hydrant_graphframes_exact_relationships.csv""}",2026.07.18.1
GOLDEN_HYDRANT,GF-0204,GF-SIGNATURE,SAME_INSPECTION_SIGNATURE,INSP-0012,INSP-0032,inspection_signature_hash,sig-vvizsla-field-v3,norm-v1,CURATED_APPROXIMATION,GRAPHFRAMES_EXACT_MATCH,false,ADULT_V1_TO_CANONICAL_V1,APPROVED,A repeated digital signature is expected for one inspector; timing and field evidence determine significance.,"[""INSP-0012"",""INSP-0032""]",SUPPORTING_EVIDENCE,"{""source_dataset"":""analytics/hydrant_graphframes_exact_relationships.csv""}",2026.07.18.1
GOLDEN_HYDRANT,GF-0205,GF-GPS,SAME_GPS_POINT,INSP-0013,INSP-0033,gps_coordinates,"40.712345,-74.004321",norm-v1,CURATED_APPROXIMATION,GRAPHFRAMES_EXACT_MATCH,false,ADULT_V1_TO_CANONICAL_V1,APPROVED,Identical coordinates can reflect batch geocoding; combine with street and excavation evidence.,"[""INSP-0013"",""INSP-0033""]",SUPPORTING_EVIDENCE,"{""source_dataset"":""analytics/hydrant_graphframes_exact_relationships.csv""}",2026.07.18.1
GOLDEN_HYDRANT,GF-0206,GF-SIGNATURE,SAME_INSPECTION_SIGNATURE,INSP-0013,INSP-0033,inspection_signature_hash,sig-vvizsla-field-v3,norm-v1,CURATED_APPROXIMATION,GRAPHFRAMES_EXACT_MATCH,false,ADULT_V1_TO_CANONICAL_V1,APPROVED,A repeated digital signature is expected for one inspector; timing and field evidence determine significance.,"[""INSP-0013"",""INSP-0033""]",SUPPORTING_EVIDENCE,"{""source_dataset"":""analytics/hydrant_graphframes_exact_relationships.csv""}",2026.07.18.1
GOLDEN_HYDRANT,GF-0207,GF-GPS,SAME_GPS_POINT,INSP-0014,INSP-0034,gps_coordinates,"40.712345,-74.004321",norm-v1,CURATED_APPROXIMATION,GRAPHFRAMES_EXACT_MATCH,false,ADULT_V1_TO_CANONICAL_V1,APPROVED,Identical coordinates can reflect batch geocoding; combine with street and excavation evidence.,"[""INSP-0014"",""INSP-0034""]",SUPPORTING_EVIDENCE,"{""source_dataset"":""analytics/hydrant_graphframes_exact_relationships.csv""}",2026.07.18.1
GOLDEN_HYDRANT,GF-0208,GF-SIGNATURE,SAME_INSPECTION_SIGNATURE,INSP-0014,INSP-0034,inspection_signature_hash,sig-vvizsla-field-v3,norm-v1,CURATED_APPROXIMATION,GRAPHFRAMES_EXACT_MATCH,false,ADULT_V1_TO_CANONICAL_V1,APPROVED,A repeated digital signature is expected for one inspector; timing and field evidence determine significance.,"[""INSP-0014"",""INSP-0034""]",SUPPORTING_EVIDENCE,"{""source_dataset"":""analytics/hydrant_graphframes_exact_relationships.csv""}",2026.07.18.1
GOLDEN_HYDRANT,GF-0209,GF-GPS,SAME_GPS_POINT,INSP-0015,INSP-0035,gps_coordinates,"40.712345,-74.004321",norm-v1,CURATED_APPROXIMATION,GRAPHFRAMES_EXACT_MATCH,false,ADULT_V1_TO_CANONICAL_V1,APPROVED,Identical coordinates can reflect batch geocoding; combine with street and excavation evidence.,"[""INSP-0015"",""INSP-0035""]",SUPPORTING_EVIDENCE,"{""source_dataset"":""analytics/hydrant_graphframes_exact_relationships.csv""}",2026.07.18.1
GOLDEN_HYDRANT,GF-0210,GF-SIGNATURE,SAME_INSPECTION_SIGNATURE,INSP-0015,INSP-0035,inspection_signature_hash,sig-vvizsla-field-v3,norm-v1,CURATED_APPROXIMATION,GRAPHFRAMES_EXACT_MATCH,false,ADULT_V1_TO_CANONICAL_V1,APPROVED,A repeated digital signature is expected for one inspector; timing and field evidence determine significance.,"[""INSP-0015"",""INSP-0035""]",SUPPORTING_EVIDENCE,"{""source_dataset"":""analytics/hydrant_graphframes_exact_relationships.csv""}",2026.07.18.1
GOLDEN_HYDRANT,GF-0211,GF-GPS,SAME_GPS_POINT,INSP-0016,INSP-0036,gps_coordinates,"40.712345,-74.004321",norm-v1,CURATED_APPROXIMATION,GRAPHFRAMES_EXACT_MATCH,false,ADULT_V1_TO_CANONICAL_V1,APPROVED,Identical coordinates can reflect batch geocoding; combine with street and excavation evidence.,"[""INSP-0016"",""INSP-0036""]",SUPPORTING_EVIDENCE,"{""source_dataset"":""analytics/hydrant_graphframes_exact_relationships.csv""}",2026.07.18.1
GOLDEN_HYDRANT,GF-0212,GF-SIGNATURE,SAME_INSPECTION_SIGNATURE,INSP-0016,INSP-0036,inspection_signature_hash,sig-vvizsla-field-v3,norm-v1,CURATED_APPROXIMATION,GRAPHFRAMES_EXACT_MATCH,false,ADULT_V1_TO_CANONICAL_V1,APPROVED,A repeated digital signature is expected for one inspector; timing and field evidence determine significance.,"[""INSP-0016"",""INSP-0036""]",SUPPORTING_EVIDENCE,"{""source_dataset"":""analytics/hydrant_graphframes_exact_relationships.csv""}",2026.07.18.1
GOLDEN_HYDRANT,GF-0213,GF-GPS,SAME_GPS_POINT,INSP-0017,INSP-0037,gps_coordinates,"40.712345,-74.004321",norm-v1,CURATED_APPROXIMATION,GRAPHFRAMES_EXACT_MATCH,false,ADULT_V1_TO_CANONICAL_V1,APPROVED,Identical coordinates can reflect batch geocoding; combine with street and excavation evidence.,"[""INSP-0017"",""INSP-0037""]",SUPPORTING_EVIDENCE,"{""source_dataset"":""analytics/hydrant_graphframes_exact_relationships.csv""}",2026.07.18.1
GOLDEN_HYDRANT,GF-0214,GF-SIGNATURE,SAME_INSPECTION_SIGNATURE,INSP-0017,INSP-0037,inspection_signature_hash,sig-vvizsla-field-v3,norm-v1,CURATED_APPROXIMATION,GRAPHFRAMES_EXACT_MATCH,false,ADULT_V1_TO_CANONICAL_V1,APPROVED,A repeated digital signature is expected for one inspector; timing and field evidence determine significance.,"[""INSP-0017"",""INSP-0037""]",SUPPORTING_EVIDENCE,"{""source_dataset"":""analytics/hydrant_graphframes_exact_relationships.csv""}",2026.07.18.1
GOLDEN_HYDRANT,GF-0215,GF-GPS,SAME_GPS_POINT,INSP-0018,INSP-0038,gps_coordinates,"40.712345,-74.004321",norm-v1,CURATED_APPROXIMATION,GRAPHFRAMES_EXACT_MATCH,false,ADULT_V1_TO_CANONICAL_V1,APPROVED,Identical coordinates can reflect batch geocoding; combine with street and excavation evidence.,"[""INSP-0018"",""INSP-0038""]",SUPPORTING_EVIDENCE,"{""source_dataset"":""analytics/hydrant_graphframes_exact_relationships.csv""}",2026.07.18.1
GOLDEN_HYDRANT,GF-0216,GF-SIGNATURE,SAME_INSPECTION_SIGNATURE,INSP-0018,INSP-0038,inspection_signature_hash,sig-vvizsla-field-v3,norm-v1,CURATED_APPROXIMATION,GRAPHFRAMES_EXACT_MATCH,false,ADULT_V1_TO_CANONICAL_V1,APPROVED,A repeated digital signature is expected for one inspector; timing and field evidence determine significance.,"[""INSP-0018"",""INSP-0038""]",SUPPORTING_EVIDENCE,"{""source_dataset"":""analytics/hydrant_graphframes_exact_relationships.csv""}",2026.07.18.1
GOLDEN_HYDRANT,GF-0217,GF-GPS,SAME_GPS_POINT,INSP-0019,INSP-0039,gps_coordinates,"40.712345,-74.004321",norm-v1,CURATED_APPROXIMATION,GRAPHFRAMES_EXACT_MATCH,false,ADULT_V1_TO_CANONICAL_V1,APPROVED,Identical coordinates can reflect batch geocoding; combine with street and excavation evidence.,"[""INSP-0019"",""INSP-0039""]",SUPPORTING_EVIDENCE,"{""source_dataset"":""analytics/hydrant_graphframes_exact_relationships.csv""}",2026.07.18.1
GOLDEN_HYDRANT,GF-0218,GF-SIGNATURE,SAME_INSPECTION_SIGNATURE,INSP-0019,INSP-0039,inspection_signature_hash,sig-vvizsla-field-v3,norm-v1,CURATED_APPROXIMATION,GRAPHFRAMES_EXACT_MATCH,false,ADULT_V1_TO_CANONICAL_V1,APPROVED,A repeated digital signature is expected for one inspector; timing and field evidence determine significance.,"[""INSP-0019"",""INSP-0039""]",SUPPORTING_EVIDENCE,"{""source_dataset"":""analytics/hydrant_graphframes_exact_relationships.csv""}",2026.07.18.1
GOLDEN_HYDRANT,GF-0219,GF-GPS,SAME_GPS_POINT,INSP-0020,INSP-0040,gps_coordinates,"40.712345,-74.004321",norm-v1,CURATED_APPROXIMATION,GRAPHFRAMES_EXACT_MATCH,false,ADULT_V1_TO_CANONICAL_V1,APPROVED,Identical coordinates can reflect batch geocoding; combine with street and excavation evidence.,"[""INSP-0020"",""INSP-0040""]",SUPPORTING_EVIDENCE,"{""source_dataset"":""analytics/hydrant_graphframes_exact_relationships.csv""}",2026.07.18.1
GOLDEN_HYDRANT,GF-0220,GF-SIGNATURE,SAME_INSPECTION_SIGNATURE,INSP-0020,INSP-0040,inspection_signature_hash,sig-vvizsla-field-v3,norm-v1,CURATED_APPROXIMATION,GRAPHFRAMES_EXACT_MATCH,false,ADULT_V1_TO_CANONICAL_V1,APPROVED,A repeated digital signature is expected for one inspector; timing and field evidence determine significance.,"[""INSP-0020"",""INSP-0040""]",SUPPORTING_EVIDENCE,"{""source_dataset"":""analytics/hydrant_graphframes_exact_relationships.csv""}",2026.07.18.1
GOLDEN_HYDRANT,GF-0221,GF-PAYMENT-ACCOUNT,SAME_PAYMENT_ACCOUNT,INV-0001,A-GOLDEN-6100,beneficiary_account_id,••••6100,norm-v1,CURATED_APPROXIMATION,GRAPHFRAMES_EXACT_MATCH,false,ADULT_V1_TO_CANONICAL_V1,APPROVED,Exact account links an invoice to a beneficiary; ownership and purpose require separate evidence.,"[""INV-0001""]",SUPPORTING_EVIDENCE,"{""source_dataset"":""analytics/hydrant_graphframes_exact_relationships.csv""}",2026.07.18.1
GOLDEN_HYDRANT,GF-0222,GF-PAYMENT-ACCOUNT,SAME_PAYMENT_ACCOUNT,INV-0002,A-BRASS-7711,beneficiary_account_id,••••7711,norm-v1,CURATED_APPROXIMATION,GRAPHFRAMES_EXACT_MATCH,false,ADULT_V1_TO_CANONICAL_V1,APPROVED,Exact account links an invoice to a beneficiary; ownership and purpose require separate evidence.,"[""INV-0002""]",SUPPORTING_EVIDENCE,"{""source_dataset"":""analytics/hydrant_graphframes_exact_relationships.csv""}",2026.07.18.1
GOLDEN_HYDRANT,GF-0223,GF-PAYMENT-ACCOUNT,SAME_PAYMENT_ACCOUNT,INV-0003,A-REDVALVE-7722,beneficiary_account_id,••••7722,norm-v1,CURATED_APPROXIMATION,GRAPHFRAMES_EXACT_MATCH,false,ADULT_V1_TO_CANONICAL_V1,APPROVED,Exact account links an invoice to a beneficiary; ownership and purpose require separate evidence.,"[""INV-0003""]",SUPPORTING_EVIDENCE,"{""source_dataset"":""analytics/hydrant_graphframes_exact_relationships.csv""}",2026.07.18.1
GOLDEN_HYDRANT,GF-0224,GF-PAYMENT-ACCOUNT,SAME_PAYMENT_ACCOUNT,INV-0004,A-TRENCH-7733,beneficiary_account_id,••••7733,norm-v1,CURATED_APPROXIMATION,GRAPHFRAMES_EXACT_MATCH,false,ADULT_V1_TO_CANONICAL_V1,APPROVED,Exact account links an invoice to a beneficiary; ownership and purpose require separate evidence.,"[""INV-0004""]",SUPPORTING_EVIDENCE,"{""source_dataset"":""analytics/hydrant_graphframes_exact_relationships.csv""}",2026.07.18.1
GOLDEN_HYDRANT,GF-0225,GF-PAYMENT-ACCOUNT,SAME_PAYMENT_ACCOUNT,INV-0005,A-NORTHQUAY-5150,beneficiary_account_id,••••5150,norm-v1,CURATED_APPROXIMATION,GRAPHFRAMES_EXACT_MATCH,false,ADULT_V1_TO_CANONICAL_V1,APPROVED,Exact account links an invoice to a beneficiary; ownership and purpose require separate evidence.,"[""INV-0005""]",SUPPORTING_EVIDENCE,"{""source_dataset"":""analytics/hydrant_graphframes_exact_relationships.csv""}",2026.07.18.1
GOLDEN_HYDRANT,GF-0226,GF-PAYMENT-ACCOUNT,SAME_PAYMENT_ACCOUNT,INV-0006,A-IRON-4110,beneficiary_account_id,••••4110,norm-v1,CURATED_APPROXIMATION,GRAPHFRAMES_EXACT_MATCH,false,ADULT_V1_TO_CANONICAL_V1,APPROVED,Exact account links an invoice to a beneficiary; ownership and purpose require separate evidence.,"[""INV-0006""]",SUPPORTING_EVIDENCE,"{""source_dataset"":""analytics/hydrant_graphframes_exact_relationships.csv""}",2026.07.18.1
GOLDEN_HYDRANT,GF-0227,GF-PAYMENT-ACCOUNT,SAME_PAYMENT_ACCOUNT,INV-0007,A-GOLDEN-6100,beneficiary_account_id,••••6100,norm-v1,CURATED_APPROXIMATION,GRAPHFRAMES_EXACT_MATCH,false,ADULT_V1_TO_CANONICAL_V1,APPROVED,Exact account links an invoice to a beneficiary; ownership and purpose require separate evidence.,"[""INV-0007""]",SUPPORTING_EVIDENCE,"{""source_dataset"":""analytics/hydrant_graphframes_exact_relationships.csv""}",2026.07.18.1
GOLDEN_HYDRANT,GF-0228,GF-PAYMENT-ACCOUNT,SAME_PAYMENT_ACCOUNT,INV-0008,A-BRASS-7711,beneficiary_account_id,••••7711,norm-v1,CURATED_APPROXIMATION,GRAPHFRAMES_EXACT_MATCH,false,ADULT_V1_TO_CANONICAL_V1,APPROVED,Exact account links an invoice to a beneficiary; ownership and purpose require separate evidence.,"[""INV-0008""]",SUPPORTING_EVIDENCE,"{""source_dataset"":""analytics/hydrant_graphframes_exact_relationships.csv""}",2026.07.18.1
GOLDEN_HYDRANT,GF-0229,GF-PAYMENT-ACCOUNT,SAME_PAYMENT_ACCOUNT,INV-0009,A-REDVALVE-7722,beneficiary_account_id,••••7722,norm-v1,CURATED_APPROXIMATION,GRAPHFRAMES_EXACT_MATCH,false,ADULT_V1_TO_CANONICAL_V1,APPROVED,Exact account links an invoice to a beneficiary; ownership and purpose require separate evidence.,"[""INV-0009""]",SUPPORTING_EVIDENCE,"{""source_dataset"":""analytics/hydrant_graphframes_exact_relationships.csv""}",2026.07.18.1
GOLDEN_HYDRANT,GF-0230,GF-PAYMENT-ACCOUNT,SAME_PAYMENT_ACCOUNT,INV-0010,A-TRENCH-7733,beneficiary_account_id,••••7733,norm-v1,CURATED_APPROXIMATION,GRAPHFRAMES_EXACT_MATCH,false,ADULT_V1_TO_CANONICAL_V1,APPROVED,Exact account links an invoice to a beneficiary; ownership and purpose require separate evidence.,"[""INV-0010""]",SUPPORTING_EVIDENCE,"{""source_dataset"":""analytics/hydrant_graphframes_exact_relationships.csv""}",2026.07.18.1
GOLDEN_HYDRANT,GF-0231,GF-PAYMENT-ACCOUNT,SAME_PAYMENT_ACCOUNT,INV-0011,A-NORTHQUAY-5150,beneficiary_account_id,••••5150,norm-v1,CURATED_APPROXIMATION,GRAPHFRAMES_EXACT_MATCH,false,ADULT_V1_TO_CANONICAL_V1,APPROVED,Exact account links an invoice to a beneficiary; ownership and purpose require separate evidence.,"[""INV-0011""]",SUPPORTING_EVIDENCE,"{""source_dataset"":""analytics/hydrant_graphframes_exact_relationships.csv""}",2026.07.18.1
GOLDEN_HYDRANT,GF-0232,GF-PAYMENT-ACCOUNT,SAME_PAYMENT_ACCOUNT,INV-0012,A-IRON-4110,beneficiary_account_id,••••4110,norm-v1,CURATED_APPROXIMATION,GRAPHFRAMES_EXACT_MATCH,false,ADULT_V1_TO_CANONICAL_V1,APPROVED,Exact account links an invoice to a beneficiary; ownership and purpose require separate evidence.,"[""INV-0012""]",SUPPORTING_EVIDENCE,"{""source_dataset"":""analytics/hydrant_graphframes_exact_relationships.csv""}",2026.07.18.1
GOLDEN_HYDRANT,GF-0233,GF-PAYMENT-ACCOUNT,SAME_PAYMENT_ACCOUNT,INV-0013,A-GOLDEN-6100,beneficiary_account_id,••••6100,norm-v1,CURATED_APPROXIMATION,GRAPHFRAMES_EXACT_MATCH,false,ADULT_V1_TO_CANONICAL_V1,APPROVED,Exact account links an invoice to a beneficiary; ownership and purpose require separate evidence.,"[""INV-0013""]",SUPPORTING_EVIDENCE,"{""source_dataset"":""analytics/hydrant_graphframes_exact_relationships.csv""}",2026.07.18.1
GOLDEN_HYDRANT,GF-0234,GF-PAYMENT-ACCOUNT,SAME_PAYMENT_ACCOUNT,INV-0014,A-BRASS-7711,beneficiary_account_id,••••7711,norm-v1,CURATED_APPROXIMATION,GRAPHFRAMES_EXACT_MATCH,false,ADULT_V1_TO_CANONICAL_V1,APPROVED,Exact account links an invoice to a beneficiary; ownership and purpose require separate evidence.,"[""INV-0014""]",SUPPORTING_EVIDENCE,"{""source_dataset"":""analytics/hydrant_graphframes_exact_relationships.csv""}",2026.07.18.1
GOLDEN_HYDRANT,GF-0235,GF-PAYMENT-ACCOUNT,SAME_PAYMENT_ACCOUNT,INV-0015,A-REDVALVE-7722,beneficiary_account_id,••••7722,norm-v1,CURATED_APPROXIMATION,GRAPHFRAMES_EXACT_MATCH,false,ADULT_V1_TO_CANONICAL_V1,APPROVED,Exact account links an invoice to a beneficiary; ownership and purpose require separate evidence.,"[""INV-0015""]",SUPPORTING_EVIDENCE,"{""source_dataset"":""analytics/hydrant_graphframes_exact_relationships.csv""}",2026.07.18.1
GOLDEN_HYDRANT,GF-0236,GF-PAYMENT-ACCOUNT,SAME_PAYMENT_ACCOUNT,INV-0016,A-TRENCH-7733,beneficiary_account_id,••••7733,norm-v1,CURATED_APPROXIMATION,GRAPHFRAMES_EXACT_MATCH,false,ADULT_V1_TO_CANONICAL_V1,APPROVED,Exact account links an invoice to a beneficiary; ownership and purpose require separate evidence.,"[""INV-0016""]",SUPPORTING_EVIDENCE,"{""source_dataset"":""analytics/hydrant_graphframes_exact_relationships.csv""}",2026.07.18.1
GOLDEN_HYDRANT,GF-0237,GF-PAYMENT-ACCOUNT,SAME_PAYMENT_ACCOUNT,INV-0017,A-NORTHQUAY-5150,beneficiary_account_id,••••5150,norm-v1,CURATED_APPROXIMATION,GRAPHFRAMES_EXACT_MATCH,false,ADULT_V1_TO_CANONICAL_V1,APPROVED,Exact account links an invoice to a beneficiary; ownership and purpose require separate evidence.,"[""INV-0017""]",SUPPORTING_EVIDENCE,"{""source_dataset"":""analytics/hydrant_graphframes_exact_relationships.csv""}",2026.07.18.1
GOLDEN_HYDRANT,GF-0238,GF-PAYMENT-ACCOUNT,SAME_PAYMENT_ACCOUNT,INV-0018,A-IRON-4110,beneficiary_account_id,••••4110,norm-v1,CURATED_APPROXIMATION,GRAPHFRAMES_EXACT_MATCH,false,ADULT_V1_TO_CANONICAL_V1,APPROVED,Exact account links an invoice to a beneficiary; ownership and purpose require separate evidence.,"[""INV-0018""]",SUPPORTING_EVIDENCE,"{""source_dataset"":""analytics/hydrant_graphframes_exact_relationships.csv""}",2026.07.18.1
GOLDEN_HYDRANT,GF-0239,GF-PAYMENT-ACCOUNT,SAME_PAYMENT_ACCOUNT,INV-0019,A-GOLDEN-6100,beneficiary_account_id,••••6100,norm-v1,CURATED_APPROXIMATION,GRAPHFRAMES_EXACT_MATCH,false,ADULT_V1_TO_CANONICAL_V1,APPROVED,Exact account links an invoice to a beneficiary; ownership and purpose require separate evidence.,"[""INV-0019""]",SUPPORTING_EVIDENCE,"{""source_dataset"":""analytics/hydrant_graphframes_exact_relationships.csv""}",2026.07.18.1
GOLDEN_HYDRANT,GF-0240,GF-PAYMENT-ACCOUNT,SAME_PAYMENT_ACCOUNT,INV-0020,A-BRASS-7711,beneficiary_account_id,••••7711,norm-v1,CURATED_APPROXIMATION,GRAPHFRAMES_EXACT_MATCH,false,ADULT_V1_TO_CANONICAL_V1,APPROVED,Exact account links an invoice to a beneficiary; ownership and purpose require separate evidence.,"[""INV-0020""]",SUPPORTING_EVIDENCE,"{""source_dataset"":""analytics/hydrant_graphframes_exact_relationships.csv""}",2026.07.18.1
GOLDEN_HYDRANT,GF-0241,GF-PAYMENT-ACCOUNT,SAME_PAYMENT_ACCOUNT,INV-0021,A-REDVALVE-7722,beneficiary_account_id,••••7722,norm-v1,CURATED_APPROXIMATION,GRAPHFRAMES_EXACT_MATCH,false,ADULT_V1_TO_CANONICAL_V1,APPROVED,Exact account links an invoice to a beneficiary; ownership and purpose require separate evidence.,"[""INV-0021""]",SUPPORTING_EVIDENCE,"{""source_dataset"":""analytics/hydrant_graphframes_exact_relationships.csv""}",2026.07.18.1
GOLDEN_HYDRANT,GF-0242,GF-PAYMENT-ACCOUNT,SAME_PAYMENT_ACCOUNT,INV-0022,A-TRENCH-7733,beneficiary_account_id,••••7733,norm-v1,CURATED_APPROXIMATION,GRAPHFRAMES_EXACT_MATCH,false,ADULT_V1_TO_CANONICAL_V1,APPROVED,Exact account links an invoice to a beneficiary; ownership and purpose require separate evidence.,"[""INV-0022""]",SUPPORTING_EVIDENCE,"{""source_dataset"":""analytics/hydrant_graphframes_exact_relationships.csv""}",2026.07.18.1
GOLDEN_HYDRANT,GF-0243,GF-PAYMENT-ACCOUNT,SAME_PAYMENT_ACCOUNT,INV-0023,A-NORTHQUAY-5150,beneficiary_account_id,••••5150,norm-v1,CURATED_APPROXIMATION,GRAPHFRAMES_EXACT_MATCH,false,ADULT_V1_TO_CANONICAL_V1,APPROVED,Exact account links an invoice to a beneficiary; ownership and purpose require separate evidence.,"[""INV-0023""]",SUPPORTING_EVIDENCE,"{""source_dataset"":""analytics/hydrant_graphframes_exact_relationships.csv""}",2026.07.18.1
GOLDEN_HYDRANT,GF-0244,GF-PAYMENT-ACCOUNT,SAME_PAYMENT_ACCOUNT,INV-0024,A-IRON-4110,beneficiary_account_id,••••4110,norm-v1,CURATED_APPROXIMATION,GRAPHFRAMES_EXACT_MATCH,false,ADULT_V1_TO_CANONICAL_V1,APPROVED,Exact account links an invoice to a beneficiary; ownership and purpose require separate evidence.,"[""INV-0024""]",SUPPORTING_EVIDENCE,"{""source_dataset"":""analytics/hydrant_graphframes_exact_relationships.csv""}",2026.07.18.1
GOLDEN_HYDRANT,GF-0245,GF-PAYMENT-ACCOUNT,SAME_PAYMENT_ACCOUNT,INV-0025,A-GOLDEN-6100,beneficiary_account_id,••••6100,norm-v1,CURATED_APPROXIMATION,GRAPHFRAMES_EXACT_MATCH,false,ADULT_V1_TO_CANONICAL_V1,APPROVED,Exact account links an invoice to a beneficiary; ownership and purpose require separate evidence.,"[""INV-0025""]",SUPPORTING_EVIDENCE,"{""source_dataset"":""analytics/hydrant_graphframes_exact_relationships.csv""}",2026.07.18.1
GOLDEN_HYDRANT,GF-0246,GF-PAYMENT-ACCOUNT,SAME_PAYMENT_ACCOUNT,INV-0026,A-BRASS-7711,beneficiary_account_id,••••7711,norm-v1,CURATED_APPROXIMATION,GRAPHFRAMES_EXACT_MATCH,false,ADULT_V1_TO_CANONICAL_V1,APPROVED,Exact account links an invoice to a beneficiary; ownership and purpose require separate evidence.,"[""INV-0026""]",SUPPORTING_EVIDENCE,"{""source_dataset"":""analytics/hydrant_graphframes_exact_relationships.csv""}",2026.07.18.1
GOLDEN_HYDRANT,GF-0247,GF-PAYMENT-ACCOUNT,SAME_PAYMENT_ACCOUNT,INV-0027,A-REDVALVE-7722,beneficiary_account_id,••••7722,norm-v1,CURATED_APPROXIMATION,GRAPHFRAMES_EXACT_MATCH,false,ADULT_V1_TO_CANONICAL_V1,APPROVED,Exact account links an invoice to a beneficiary; ownership and purpose require separate evidence.,"[""INV-0027""]",SUPPORTING_EVIDENCE,"{""source_dataset"":""analytics/hydrant_graphframes_exact_relationships.csv""}",2026.07.18.1
GOLDEN_HYDRANT,GF-0248,GF-PAYMENT-ACCOUNT,SAME_PAYMENT_ACCOUNT,INV-0028,A-TRENCH-7733,beneficiary_account_id,••••7733,norm-v1,CURATED_APPROXIMATION,GRAPHFRAMES_EXACT_MATCH,false,ADULT_V1_TO_CANONICAL_V1,APPROVED,Exact account links an invoice to a beneficiary; ownership and purpose require separate evidence.,"[""INV-0028""]",SUPPORTING_EVIDENCE,"{""source_dataset"":""analytics/hydrant_graphframes_exact_relationships.csv""}",2026.07.18.1
GOLDEN_HYDRANT,GF-0249,GF-PAYMENT-ACCOUNT,SAME_PAYMENT_ACCOUNT,INV-0029,A-NORTHQUAY-5150,beneficiary_account_id,••••5150,norm-v1,CURATED_APPROXIMATION,GRAPHFRAMES_EXACT_MATCH,false,ADULT_V1_TO_CANONICAL_V1,APPROVED,Exact account links an invoice to a beneficiary; ownership and purpose require separate evidence.,"[""INV-0029""]",SUPPORTING_EVIDENCE,"{""source_dataset"":""analytics/hydrant_graphframes_exact_relationships.csv""}",2026.07.18.1
GOLDEN_HYDRANT,GF-0250,GF-PAYMENT-ACCOUNT,SAME_PAYMENT_ACCOUNT,INV-0030,A-IRON-4110,beneficiary_account_id,••••4110,norm-v1,CURATED_APPROXIMATION,GRAPHFRAMES_EXACT_MATCH,false,ADULT_V1_TO_CANONICAL_V1,APPROVED,Exact account links an invoice to a beneficiary; ownership and purpose require separate evidence.,"[""INV-0030""]",SUPPORTING_EVIDENCE,"{""source_dataset"":""analytics/hydrant_graphframes_exact_relationships.csv""}",2026.07.18.1
GOLDEN_HYDRANT,GF-0251,GF-PAY-BATCH,SAME_PAYMENT_BATCH,INV-0001,INV-0002,payment_batch_id,PAY-0001,norm-v1,CURATED_APPROXIMATION,GRAPHFRAMES_EXACT_MATCH,false,ADULT_V1_TO_CANONICAL_V1,APPROVED,Shared processing batch does not prove invoice validity.,"[""INV-0001"",""INV-0002""]",AMBIGUOUS_EVIDENCE,"{""source_dataset"":""analytics/hydrant_graphframes_exact_relationships.csv""}",2026.07.18.1
GOLDEN_HYDRANT,GF-0252,GF-PAY-BATCH,SAME_PAYMENT_BATCH,INV-0003,INV-0004,payment_batch_id,PAY-0001,norm-v1,CURATED_APPROXIMATION,GRAPHFRAMES_EXACT_MATCH,false,ADULT_V1_TO_CANONICAL_V1,APPROVED,Shared processing batch does not prove invoice validity.,"[""INV-0003"",""INV-0004""]",AMBIGUOUS_EVIDENCE,"{""source_dataset"":""analytics/hydrant_graphframes_exact_relationships.csv""}",2026.07.18.1
GOLDEN_HYDRANT,GF-0253,GF-PAY-BATCH,SAME_PAYMENT_BATCH,INV-0005,INV-0006,payment_batch_id,PAY-0001,norm-v1,CURATED_APPROXIMATION,GRAPHFRAMES_EXACT_MATCH,false,ADULT_V1_TO_CANONICAL_V1,APPROVED,Shared processing batch does not prove invoice validity.,"[""INV-0005"",""INV-0006""]",AMBIGUOUS_EVIDENCE,"{""source_dataset"":""analytics/hydrant_graphframes_exact_relationships.csv""}",2026.07.18.1
GOLDEN_HYDRANT,GF-0254,GF-PAY-BATCH,SAME_PAYMENT_BATCH,INV-0007,INV-0008,payment_batch_id,PAY-0002,norm-v1,CURATED_APPROXIMATION,GRAPHFRAMES_EXACT_MATCH,false,ADULT_V1_TO_CANONICAL_V1,APPROVED,Shared processing batch does not prove invoice validity.,"[""INV-0007"",""INV-0008""]",AMBIGUOUS_EVIDENCE,"{""source_dataset"":""analytics/hydrant_graphframes_exact_relationships.csv""}",2026.07.18.1
GOLDEN_HYDRANT,GF-0255,GF-PAY-BATCH,SAME_PAYMENT_BATCH,INV-0009,INV-0010,payment_batch_id,PAY-0002,norm-v1,CURATED_APPROXIMATION,GRAPHFRAMES_EXACT_MATCH,false,ADULT_V1_TO_CANONICAL_V1,APPROVED,Shared processing batch does not prove invoice validity.,"[""INV-0009"",""INV-0010""]",AMBIGUOUS_EVIDENCE,"{""source_dataset"":""analytics/hydrant_graphframes_exact_relationships.csv""}",2026.07.18.1
GOLDEN_HYDRANT,GF-0256,GF-PAY-BATCH,SAME_PAYMENT_BATCH,INV-0011,INV-0012,payment_batch_id,PAY-0003,norm-v1,CURATED_APPROXIMATION,GRAPHFRAMES_EXACT_MATCH,false,ADULT_V1_TO_CANONICAL_V1,APPROVED,Shared processing batch does not prove invoice validity.,"[""INV-0011"",""INV-0012""]",AMBIGUOUS_EVIDENCE,"{""source_dataset"":""analytics/hydrant_graphframes_exact_relationships.csv""}",2026.07.18.1
GOLDEN_HYDRANT,GF-0257,GF-PAY-BATCH,SAME_PAYMENT_BATCH,INV-0013,INV-0014,payment_batch_id,PAY-0003,norm-v1,CURATED_APPROXIMATION,GRAPHFRAMES_EXACT_MATCH,false,ADULT_V1_TO_CANONICAL_V1,APPROVED,Shared processing batch does not prove invoice validity.,"[""INV-0013"",""INV-0014""]",AMBIGUOUS_EVIDENCE,"{""source_dataset"":""analytics/hydrant_graphframes_exact_relationships.csv""}",2026.07.18.1
GOLDEN_HYDRANT,GF-0258,GF-PAY-BATCH,SAME_PAYMENT_BATCH,INV-0015,INV-0016,payment_batch_id,PAY-0003,norm-v1,CURATED_APPROXIMATION,GRAPHFRAMES_EXACT_MATCH,false,ADULT_V1_TO_CANONICAL_V1,APPROVED,Shared processing batch does not prove invoice validity.,"[""INV-0015"",""INV-0016""]",AMBIGUOUS_EVIDENCE,"{""source_dataset"":""analytics/hydrant_graphframes_exact_relationships.csv""}",2026.07.18.1
GOLDEN_HYDRANT,GF-0259,GF-PAY-BATCH,SAME_PAYMENT_BATCH,INV-0017,INV-0018,payment_batch_id,PAY-0004,norm-v1,CURATED_APPROXIMATION,GRAPHFRAMES_EXACT_MATCH,false,ADULT_V1_TO_CANONICAL_V1,APPROVED,Shared processing batch does not prove invoice validity.,"[""INV-0017"",""INV-0018""]",AMBIGUOUS_EVIDENCE,"{""source_dataset"":""analytics/hydrant_graphframes_exact_relationships.csv""}",2026.07.18.1
GOLDEN_HYDRANT,GF-0260,GF-PAY-BATCH,SAME_PAYMENT_BATCH,INV-0019,INV-0020,payment_batch_id,PAY-0004,norm-v1,CURATED_APPROXIMATION,GRAPHFRAMES_EXACT_MATCH,false,ADULT_V1_TO_CANONICAL_V1,APPROVED,Shared processing batch does not prove invoice validity.,"[""INV-0019"",""INV-0020""]",AMBIGUOUS_EVIDENCE,"{""source_dataset"":""analytics/hydrant_graphframes_exact_relationships.csv""}",2026.07.18.1
GOLDEN_HYDRANT,GF-0261,GF-PAY-BATCH,SAME_PAYMENT_BATCH,INV-0021,INV-0022,payment_batch_id,PAY-0005,norm-v1,CURATED_APPROXIMATION,GRAPHFRAMES_EXACT_MATCH,false,ADULT_V1_TO_CANONICAL_V1,APPROVED,Shared processing batch does not prove invoice validity.,"[""INV-0021"",""INV-0022""]",AMBIGUOUS_EVIDENCE,"{""source_dataset"":""analytics/hydrant_graphframes_exact_relationships.csv""}",2026.07.18.1
GOLDEN_HYDRANT,GF-0262,GF-PAY-BATCH,SAME_PAYMENT_BATCH,INV-0023,INV-0024,payment_batch_id,PAY-0005,norm-v1,CURATED_APPROXIMATION,GRAPHFRAMES_EXACT_MATCH,false,ADULT_V1_TO_CANONICAL_V1,APPROVED,Shared processing batch does not prove invoice validity.,"[""INV-0023"",""INV-0024""]",AMBIGUOUS_EVIDENCE,"{""source_dataset"":""analytics/hydrant_graphframes_exact_relationships.csv""}",2026.07.18.1
GOLDEN_HYDRANT,GF-0263,GF-PAY-BATCH,SAME_PAYMENT_BATCH,INV-0025,INV-0026,payment_batch_id,PAY-0005,norm-v1,CURATED_APPROXIMATION,GRAPHFRAMES_EXACT_MATCH,false,ADULT_V1_TO_CANONICAL_V1,APPROVED,Shared processing batch does not prove invoice validity.,"[""INV-0025"",""INV-0026""]",AMBIGUOUS_EVIDENCE,"{""source_dataset"":""analytics/hydrant_graphframes_exact_relationships.csv""}",2026.07.18.1
GOLDEN_HYDRANT,GF-0264,GF-PAY-BATCH,SAME_PAYMENT_BATCH,INV-0027,INV-0028,payment_batch_id,PAY-0006,norm-v1,CURATED_APPROXIMATION,GRAPHFRAMES_EXACT_MATCH,false,ADULT_V1_TO_CANONICAL_V1,APPROVED,Shared processing batch does not prove invoice validity.,"[""INV-0027"",""INV-0028""]",AMBIGUOUS_EVIDENCE,"{""source_dataset"":""analytics/hydrant_graphframes_exact_relationships.csv""}",2026.07.18.1
GOLDEN_HYDRANT,GF-0265,GF-PAY-BATCH,SAME_PAYMENT_BATCH,INV-0029,INV-0030,payment_batch_id,PAY-0006,norm-v1,CURATED_APPROXIMATION,GRAPHFRAMES_EXACT_MATCH,false,ADULT_V1_TO_CANONICAL_V1,APPROVED,Shared processing batch does not prove invoice validity.,"[""INV-0029"",""INV-0030""]",AMBIGUOUS_EVIDENCE,"{""source_dataset"":""analytics/hydrant_graphframes_exact_relationships.csv""}",2026.07.18.1
GOLDEN_HYDRANT,GF-0266,GF-PAY-BATCH,SAME_PAYMENT_BATCH,INV-0031,INV-0032,payment_batch_id,PAY-0007,norm-v1,CURATED_APPROXIMATION,GRAPHFRAMES_EXACT_MATCH,false,ADULT_V1_TO_CANONICAL_V1,APPROVED,Shared processing batch does not prove invoice validity.,"[""INV-0031"",""INV-0032""]",AMBIGUOUS_EVIDENCE,"{""source_dataset"":""analytics/hydrant_graphframes_exact_relationships.csv""}",2026.07.18.1
GOLDEN_HYDRANT,GF-0267,GF-PAY-BATCH,SAME_PAYMENT_BATCH,INV-0033,INV-0034,payment_batch_id,PAY-0007,norm-v1,CURATED_APPROXIMATION,GRAPHFRAMES_EXACT_MATCH,false,ADULT_V1_TO_CANONICAL_V1,APPROVED,Shared processing batch does not prove invoice validity.,"[""INV-0033"",""INV-0034""]",AMBIGUOUS_EVIDENCE,"{""source_dataset"":""analytics/hydrant_graphframes_exact_relationships.csv""}",2026.07.18.1
GOLDEN_HYDRANT,GF-0268,GF-PAY-BATCH,SAME_PAYMENT_BATCH,INV-0035,INV-0036,payment_batch_id,PAY-0007,norm-v1,CURATED_APPROXIMATION,GRAPHFRAMES_EXACT_MATCH,false,ADULT_V1_TO_CANONICAL_V1,APPROVED,Shared processing batch does not prove invoice validity.,"[""INV-0035"",""INV-0036""]",AMBIGUOUS_EVIDENCE,"{""source_dataset"":""analytics/hydrant_graphframes_exact_relationships.csv""}",2026.07.18.1
GOLDEN_HYDRANT,GF-0269,GF-PAY-BATCH,SAME_PAYMENT_BATCH,INV-0037,INV-0038,payment_batch_id,PAY-0008,norm-v1,CURATED_APPROXIMATION,GRAPHFRAMES_EXACT_MATCH,false,ADULT_V1_TO_CANONICAL_V1,APPROVED,Shared processing batch does not prove invoice validity.,"[""INV-0037"",""INV-0038""]",AMBIGUOUS_EVIDENCE,"{""source_dataset"":""analytics/hydrant_graphframes_exact_relationships.csv""}",2026.07.18.1
GOLDEN_HYDRANT,GF-0270,GF-PAY-BATCH,SAME_PAYMENT_BATCH,INV-0039,INV-0040,payment_batch_id,PAY-0008,norm-v1,CURATED_APPROXIMATION,GRAPHFRAMES_EXACT_MATCH,false,ADULT_V1_TO_CANONICAL_V1,APPROVED,Shared processing batch does not prove invoice validity.,"[""INV-0039"",""INV-0040""]",AMBIGUOUS_EVIDENCE,"{""source_dataset"":""analytics/hydrant_graphframes_exact_relationships.csv""}",2026.07.18.1
GOLDEN_HYDRANT,GF-0271,GF-OFFICE-IP,SAME_OFFICE_IP,LOGIN-0001,LOGIN-0004,ip_address,198.51.100.54,norm-v1,CURATED_APPROXIMATION,GRAPHFRAMES_EXACT_MATCH,false,ADULT_V1_TO_CANONICAL_V1,APPROVED,Shared municipal IP is ordinary infrastructure and does not establish shared intent.,"[""LOGIN-0001"",""LOGIN-0004""]",AMBIGUOUS_EVIDENCE,"{""source_dataset"":""analytics/hydrant_graphframes_exact_relationships.csv""}",2026.07.18.1
GOLDEN_HYDRANT,GF-0272,GF-ADDRESS,SAME_REGISTERED_ADDRESS,OR-GOLDEN-01,OR-REDVALVE-01,normalized_address,27 CONTRACT SQUARE,norm-v1,CURATED_APPROXIMATION,GRAPHFRAMES_EXACT_MATCH,false,ADULT_V1_TO_CANONICAL_V1,APPROVED,Shared address supports association but must be corroborated with ownership and payments.,"[""ADDR-CONTRACT-27""]",SUPPORTING_EVIDENCE,"{""source_dataset"":""analytics/hydrant_graphframes_exact_relationships.csv""}",2026.07.18.1
GOLDEN_HYDRANT,GF-0273,GF-OFFICE-IP,SAME_OFFICE_IP,LOGIN-0001,LOGIN-0004,ip_address,198.51.100.54,norm-v1,CURATED_APPROXIMATION,GRAPHFRAMES_EXACT_MATCH,false,ADULT_V1_TO_CANONICAL_V1,APPROVED,Shared municipal IP is ordinary infrastructure and does not establish shared intent.,"[""LOGIN-0001"",""LOGIN-0004""]",AMBIGUOUS_EVIDENCE,"{""source_dataset"":""analytics/hydrant_graphframes_exact_relationships.csv""}",2026.07.18.1
GOLDEN_HYDRANT,GF-0274,GF-ADDRESS,SAME_REGISTERED_ADDRESS,OR-GOLDEN-01,OR-TRENCH-01,normalized_address,27 CONTRACT SQUARE,norm-v1,CURATED_APPROXIMATION,GRAPHFRAMES_EXACT_MATCH,false,ADULT_V1_TO_CANONICAL_V1,APPROVED,Shared address supports association but must be corroborated with ownership and payments.,"[""ADDR-CONTRACT-27""]",SUPPORTING_EVIDENCE,"{""source_dataset"":""analytics/hydrant_graphframes_exact_relationships.csv""}",2026.07.18.1
GOLDEN_HYDRANT,GF-0275,GF-OFFICE-IP,SAME_OFFICE_IP,LOGIN-0001,LOGIN-0004,ip_address,198.51.100.54,norm-v1,CURATED_APPROXIMATION,GRAPHFRAMES_EXACT_MATCH,false,ADULT_V1_TO_CANONICAL_V1,APPROVED,Shared municipal IP is ordinary infrastructure and does not establish shared intent.,"[""LOGIN-0001"",""LOGIN-0004""]",AMBIGUOUS_EVIDENCE,"{""source_dataset"":""analytics/hydrant_graphframes_exact_relationships.csv""}",2026.07.18.1
GOLDEN_HYDRANT,GF-0276,GF-ADDRESS,SAME_REGISTERED_ADDRESS,OR-GOLDEN-01,OR-POINTER-01,normalized_address,27 CONTRACT SQUARE,norm-v1,CURATED_APPROXIMATION,GRAPHFRAMES_EXACT_MATCH,false,ADULT_V1_TO_CANONICAL_V1,APPROVED,Shared address supports association but must be corroborated with ownership and payments.,"[""ADDR-CONTRACT-27""]",SUPPORTING_EVIDENCE,"{""source_dataset"":""analytics/hydrant_graphframes_exact_relationships.csv""}",2026.07.18.1
GOLDEN_HYDRANT,GF-0277,GF-OFFICE-IP,SAME_OFFICE_IP,LOGIN-0001,LOGIN-0004,ip_address,198.51.100.54,norm-v1,CURATED_APPROXIMATION,GRAPHFRAMES_EXACT_MATCH,false,ADULT_V1_TO_CANONICAL_V1,APPROVED,Shared municipal IP is ordinary infrastructure and does not establish shared intent.,"[""LOGIN-0001"",""LOGIN-0004""]",AMBIGUOUS_EVIDENCE,"{""source_dataset"":""analytics/hydrant_graphframes_exact_relationships.csv""}",2026.07.18.1
GOLDEN_HYDRANT,GF-0278,GF-ADDRESS,SAME_REGISTERED_ADDRESS,OR-GOLDEN-01,OR-BRASS-01,normalized_address,27 CONTRACT SQUARE,norm-v1,CURATED_APPROXIMATION,GRAPHFRAMES_EXACT_MATCH,false,ADULT_V1_TO_CANONICAL_V1,APPROVED,Shared address supports association but must be corroborated with ownership and payments.,"[""ADDR-CONTRACT-27""]",SUPPORTING_EVIDENCE,"{""source_dataset"":""analytics/hydrant_graphframes_exact_relationships.csv""}",2026.07.18.1
GOLDEN_HYDRANT,GF-0279,GF-OFFICE-IP,SAME_OFFICE_IP,LOGIN-0001,LOGIN-0004,ip_address,198.51.100.54,norm-v1,CURATED_APPROXIMATION,GRAPHFRAMES_EXACT_MATCH,false,ADULT_V1_TO_CANONICAL_V1,APPROVED,Shared municipal IP is ordinary infrastructure and does not establish shared intent.,"[""LOGIN-0001"",""LOGIN-0004""]",AMBIGUOUS_EVIDENCE,"{""source_dataset"":""analytics/hydrant_graphframes_exact_relationships.csv""}",2026.07.18.1
GOLDEN_HYDRANT,GF-0280,GF-ADDRESS,SAME_REGISTERED_ADDRESS,OR-GOLDEN-01,OR-REDVALVE-01,normalized_address,27 CONTRACT SQUARE,norm-v1,CURATED_APPROXIMATION,GRAPHFRAMES_EXACT_MATCH,false,ADULT_V1_TO_CANONICAL_V1,APPROVED,Shared address supports association but must be corroborated with ownership and payments.,"[""ADDR-CONTRACT-27""]",SUPPORTING_EVIDENCE,"{""source_dataset"":""analytics/hydrant_graphframes_exact_relationships.csv""}",2026.07.18.1
GOLDEN_HYDRANT,GF-0281,GF-OFFICE-IP,SAME_OFFICE_IP,LOGIN-0001,LOGIN-0004,ip_address,198.51.100.54,norm-v1,CURATED_APPROXIMATION,GRAPHFRAMES_EXACT_MATCH,false,ADULT_V1_TO_CANONICAL_V1,APPROVED,Shared municipal IP is ordinary infrastructure and does not establish shared intent.,"[""LOGIN-0001"",""LOGIN-0004""]",AMBIGUOUS_EVIDENCE,"{""source_dataset"":""analytics/hydrant_graphframes_exact_relationships.csv""}",2026.07.18.1
GOLDEN_HYDRANT,GF-0282,GF-ADDRESS,SAME_REGISTERED_ADDRESS,OR-GOLDEN-01,OR-TRENCH-01,normalized_address,27 CONTRACT SQUARE,norm-v1,CURATED_APPROXIMATION,GRAPHFRAMES_EXACT_MATCH,false,ADULT_V1_TO_CANONICAL_V1,APPROVED,Shared address supports association but must be corroborated with ownership and payments.,"[""ADDR-CONTRACT-27""]",SUPPORTING_EVIDENCE,"{""source_dataset"":""analytics/hydrant_graphframes_exact_relationships.csv""}",2026.07.18.1
GOLDEN_HYDRANT,GF-0283,GF-OFFICE-IP,SAME_OFFICE_IP,LOGIN-0001,LOGIN-0004,ip_address,198.51.100.54,norm-v1,CURATED_APPROXIMATION,GRAPHFRAMES_EXACT_MATCH,false,ADULT_V1_TO_CANONICAL_V1,APPROVED,Shared municipal IP is ordinary infrastructure and does not establish shared intent.,"[""LOGIN-0001"",""LOGIN-0004""]",AMBIGUOUS_EVIDENCE,"{""source_dataset"":""analytics/hydrant_graphframes_exact_relationships.csv""}",2026.07.18.1
GOLDEN_HYDRANT,GF-0284,GF-ADDRESS,SAME_REGISTERED_ADDRESS,OR-GOLDEN-01,OR-POINTER-01,normalized_address,27 CONTRACT SQUARE,norm-v1,CURATED_APPROXIMATION,GRAPHFRAMES_EXACT_MATCH,false,ADULT_V1_TO_CANONICAL_V1,APPROVED,Shared address supports association but must be corroborated with ownership and payments.,"[""ADDR-CONTRACT-27""]",SUPPORTING_EVIDENCE,"{""source_dataset"":""analytics/hydrant_graphframes_exact_relationships.csv""}",2026.07.18.1
GOLDEN_HYDRANT,GF-0285,GF-OFFICE-IP,SAME_OFFICE_IP,LOGIN-0001,LOGIN-0004,ip_address,198.51.100.54,norm-v1,CURATED_APPROXIMATION,GRAPHFRAMES_EXACT_MATCH,false,ADULT_V1_TO_CANONICAL_V1,APPROVED,Shared municipal IP is ordinary infrastructure and does not establish shared intent.,"[""LOGIN-0001"",""LOGIN-0004""]",AMBIGUOUS_EVIDENCE,"{""source_dataset"":""analytics/hydrant_graphframes_exact_relationships.csv""}",2026.07.18.1
GOLDEN_HYDRANT,GF-0286,GF-ADDRESS,SAME_REGISTERED_ADDRESS,OR-GOLDEN-01,OR-BRASS-01,normalized_address,27 CONTRACT SQUARE,norm-v1,CURATED_APPROXIMATION,GRAPHFRAMES_EXACT_MATCH,false,ADULT_V1_TO_CANONICAL_V1,APPROVED,Shared address supports association but must be corroborated with ownership and payments.,"[""ADDR-CONTRACT-27""]",SUPPORTING_EVIDENCE,"{""source_dataset"":""analytics/hydrant_graphframes_exact_relationships.csv""}",2026.07.18.1
GOLDEN_HYDRANT,GF-0287,GF-OFFICE-IP,SAME_OFFICE_IP,LOGIN-0001,LOGIN-0004,ip_address,198.51.100.54,norm-v1,CURATED_APPROXIMATION,GRAPHFRAMES_EXACT_MATCH,false,ADULT_V1_TO_CANONICAL_V1,APPROVED,Shared municipal IP is ordinary infrastructure and does not establish shared intent.,"[""LOGIN-0001"",""LOGIN-0004""]",AMBIGUOUS_EVIDENCE,"{""source_dataset"":""analytics/hydrant_graphframes_exact_relationships.csv""}",2026.07.18.1
GOLDEN_HYDRANT,GF-0288,GF-ADDRESS,SAME_REGISTERED_ADDRESS,OR-GOLDEN-01,OR-REDVALVE-01,normalized_address,27 CONTRACT SQUARE,norm-v1,CURATED_APPROXIMATION,GRAPHFRAMES_EXACT_MATCH,false,ADULT_V1_TO_CANONICAL_V1,APPROVED,Shared address supports association but must be corroborated with ownership and payments.,"[""ADDR-CONTRACT-27""]",SUPPORTING_EVIDENCE,"{""source_dataset"":""analytics/hydrant_graphframes_exact_relationships.csv""}",2026.07.18.1
GOLDEN_HYDRANT,GF-0289,GF-OFFICE-IP,SAME_OFFICE_IP,LOGIN-0001,LOGIN-0004,ip_address,198.51.100.54,norm-v1,CURATED_APPROXIMATION,GRAPHFRAMES_EXACT_MATCH,false,ADULT_V1_TO_CANONICAL_V1,APPROVED,Shared municipal IP is ordinary infrastructure and does not establish shared intent.,"[""LOGIN-0001"",""LOGIN-0004""]",AMBIGUOUS_EVIDENCE,"{""source_dataset"":""analytics/hydrant_graphframes_exact_relationships.csv""}",2026.07.18.1
GOLDEN_HYDRANT,GF-0290,GF-ADDRESS,SAME_REGISTERED_ADDRESS,OR-GOLDEN-01,OR-TRENCH-01,normalized_address,27 CONTRACT SQUARE,norm-v1,CURATED_APPROXIMATION,GRAPHFRAMES_EXACT_MATCH,false,ADULT_V1_TO_CANONICAL_V1,APPROVED,Shared address supports association but must be corroborated with ownership and payments.,"[""ADDR-CONTRACT-27""]",SUPPORTING_EVIDENCE,"{""source_dataset"":""analytics/hydrant_graphframes_exact_relationships.csv""}",2026.07.18.1
