case_id,candidate_id,left_record_id,right_record_id,entity_type,confidence_band,estimated_score,agreement_fields_json,disagreement_fields_json,missing_fields_json,expected_truth,generation_mode,framework_semantics,actual_engine_run,authoring_method_version,review_status,provenance_note,content_role,metadata_json,snapshot_version
CRYPTO_KENNEL_LONG_CON,Z-0001,PR-LYRA-01,PR-LYRA-02,PERSON,HIGH,0.956,"[""normalized_name"",""phone"",""email_or_address""]","[""source_format"",""initials""]",[],SAME,CURATED_APPROXIMATION,ZINGG_ENTITY_RESOLUTION,false,SENIOR_V1_TO_CANONICAL_V1,APPROVED,Likely same person across compatible sources.,CORE_EVIDENCE,"{""source_dataset"":""analytics/crypto_zingg_candidate_relationships.csv""}",2026.07.18.1
CRYPTO_KENNEL_LONG_CON,Z-0002,PR-LYRA-01,PR-LYRA-03,PERSON,HIGH,0.946,"[""normalized_name"",""phone"",""email_or_address""]","[""source_format"",""initials""]",[],SAME,CURATED_APPROXIMATION,ZINGG_ENTITY_RESOLUTION,false,SENIOR_V1_TO_CANONICAL_V1,APPROVED,Likely same person across compatible sources.,CORE_EVIDENCE,"{""source_dataset"":""analytics/crypto_zingg_candidate_relationships.csv""}",2026.07.18.1
CRYPTO_KENNEL_LONG_CON,Z-0003,PR-LYRA-02,PR-LYRA-03,PERSON,MEDIUM_HIGH,0.921,"[""normalized_name"",""phone"",""email_or_address""]","[""source_format"",""initials""]",[],SAME,CURATED_APPROXIMATION,ZINGG_ENTITY_RESOLUTION,false,SENIOR_V1_TO_CANONICAL_V1,APPROVED,Likely same person across compatible sources.,CORE_EVIDENCE,"{""source_dataset"":""analytics/crypto_zingg_candidate_relationships.csv""}",2026.07.18.1
CRYPTO_KENNEL_LONG_CON,Z-0004,PR-DEXTER-01,PR-DEXTER-02,PERSON,HIGH,0.956,"[""normalized_name"",""phone"",""email_or_address""]","[""source_format"",""initials""]",[],SAME,CURATED_APPROXIMATION,ZINGG_ENTITY_RESOLUTION,false,SENIOR_V1_TO_CANONICAL_V1,APPROVED,Likely same person across compatible sources.,CORE_EVIDENCE,"{""source_dataset"":""analytics/crypto_zingg_candidate_relationships.csv""}",2026.07.18.1
CRYPTO_KENNEL_LONG_CON,Z-0005,PR-DEXTER-01,PR-DEXTER-03,PERSON,HIGH,0.946,"[""normalized_name"",""phone"",""email_or_address""]","[""source_format"",""initials""]",[],SAME,CURATED_APPROXIMATION,ZINGG_ENTITY_RESOLUTION,false,SENIOR_V1_TO_CANONICAL_V1,APPROVED,Likely same person across compatible sources.,CORE_EVIDENCE,"{""source_dataset"":""analytics/crypto_zingg_candidate_relationships.csv""}",2026.07.18.1
CRYPTO_KENNEL_LONG_CON,Z-0006,PR-DEXTER-02,PR-DEXTER-03,PERSON,MEDIUM_HIGH,0.921,"[""normalized_name"",""phone"",""email_or_address""]","[""source_format"",""initials""]",[],SAME,CURATED_APPROXIMATION,ZINGG_ENTITY_RESOLUTION,false,SENIOR_V1_TO_CANONICAL_V1,APPROVED,Likely same person across compatible sources.,CORE_EVIDENCE,"{""source_dataset"":""analytics/crypto_zingg_candidate_relationships.csv""}",2026.07.18.1
CRYPTO_KENNEL_LONG_CON,Z-0007,PR-QUINN-01,PR-QUINN-02,PERSON,HIGH,0.956,"[""normalized_name"",""phone"",""email_or_address""]","[""source_format"",""initials""]",[],SAME,CURATED_APPROXIMATION,ZINGG_ENTITY_RESOLUTION,false,SENIOR_V1_TO_CANONICAL_V1,APPROVED,Likely same person across compatible sources.,CORE_EVIDENCE,"{""source_dataset"":""analytics/crypto_zingg_candidate_relationships.csv""}",2026.07.18.1
CRYPTO_KENNEL_LONG_CON,Z-0008,PR-QUINN-01,PR-QUINN-03,PERSON,HIGH,0.946,"[""normalized_name"",""phone"",""email_or_address""]","[""source_format"",""initials""]",[],SAME,CURATED_APPROXIMATION,ZINGG_ENTITY_RESOLUTION,false,SENIOR_V1_TO_CANONICAL_V1,APPROVED,Likely same person across compatible sources.,CORE_EVIDENCE,"{""source_dataset"":""analytics/crypto_zingg_candidate_relationships.csv""}",2026.07.18.1
CRYPTO_KENNEL_LONG_CON,Z-0009,PR-QUINN-02,PR-QUINN-03,PERSON,MEDIUM_HIGH,0.921,"[""normalized_name"",""phone"",""email_or_address""]","[""source_format"",""initials""]",[],SAME,CURATED_APPROXIMATION,ZINGG_ENTITY_RESOLUTION,false,SENIOR_V1_TO_CANONICAL_V1,APPROVED,Likely same person across compatible sources.,CORE_EVIDENCE,"{""source_dataset"":""analytics/crypto_zingg_candidate_relationships.csv""}",2026.07.18.1
CRYPTO_KENNEL_LONG_CON,Z-0010,PR-MARA-01,PR-MARA-02,PERSON,HIGH,0.956,"[""normalized_name"",""phone"",""email_or_address""]","[""source_format"",""initials""]",[],SAME,CURATED_APPROXIMATION,ZINGG_ENTITY_RESOLUTION,false,SENIOR_V1_TO_CANONICAL_V1,APPROVED,Likely same person across compatible sources.,CORE_EVIDENCE,"{""source_dataset"":""analytics/crypto_zingg_candidate_relationships.csv""}",2026.07.18.1
CRYPTO_KENNEL_LONG_CON,Z-0011,PR-MARA-01,PR-MARA-03,PERSON,HIGH,0.946,"[""normalized_name"",""phone"",""email_or_address""]","[""source_format"",""initials""]",[],SAME,CURATED_APPROXIMATION,ZINGG_ENTITY_RESOLUTION,false,SENIOR_V1_TO_CANONICAL_V1,APPROVED,Likely same person across compatible sources.,CORE_EVIDENCE,"{""source_dataset"":""analytics/crypto_zingg_candidate_relationships.csv""}",2026.07.18.1
CRYPTO_KENNEL_LONG_CON,Z-0012,PR-MARA-02,PR-MARA-03,PERSON,MEDIUM_HIGH,0.921,"[""normalized_name"",""phone"",""email_or_address""]","[""source_format"",""initials""]",[],SAME,CURATED_APPROXIMATION,ZINGG_ENTITY_RESOLUTION,false,SENIOR_V1_TO_CANONICAL_V1,APPROVED,Likely same person across compatible sources.,CORE_EVIDENCE,"{""source_dataset"":""analytics/crypto_zingg_candidate_relationships.csv""}",2026.07.18.1
CRYPTO_KENNEL_LONG_CON,Z-0013,PR-SILAS-01,PR-SILAS-02,PERSON,HIGH,0.956,"[""normalized_name"",""phone"",""email_or_address""]","[""source_format"",""initials""]",[],SAME,CURATED_APPROXIMATION,ZINGG_ENTITY_RESOLUTION,false,SENIOR_V1_TO_CANONICAL_V1,APPROVED,Likely same person across compatible sources.,CORE_EVIDENCE,"{""source_dataset"":""analytics/crypto_zingg_candidate_relationships.csv""}",2026.07.18.1
CRYPTO_KENNEL_LONG_CON,Z-0014,PR-SILAS-01,PR-SILAS-03,PERSON,HIGH,0.946,"[""normalized_name"",""phone"",""email_or_address""]","[""source_format"",""initials""]",[],SAME,CURATED_APPROXIMATION,ZINGG_ENTITY_RESOLUTION,false,SENIOR_V1_TO_CANONICAL_V1,APPROVED,Likely same person across compatible sources.,CORE_EVIDENCE,"{""source_dataset"":""analytics/crypto_zingg_candidate_relationships.csv""}",2026.07.18.1
CRYPTO_KENNEL_LONG_CON,Z-0015,PR-SILAS-02,PR-SILAS-03,PERSON,MEDIUM_HIGH,0.921,"[""normalized_name"",""phone"",""email_or_address""]","[""source_format"",""initials""]",[],SAME,CURATED_APPROXIMATION,ZINGG_ENTITY_RESOLUTION,false,SENIOR_V1_TO_CANONICAL_V1,APPROVED,Likely same person across compatible sources.,CORE_EVIDENCE,"{""source_dataset"":""analytics/crypto_zingg_candidate_relationships.csv""}",2026.07.18.1
CRYPTO_KENNEL_LONG_CON,Z-0016,PR-BRUNO-01,PR-BRUNO-02,PERSON,HIGH,0.956,"[""normalized_name"",""phone"",""email_or_address""]","[""source_format"",""initials""]",[],SAME,CURATED_APPROXIMATION,ZINGG_ENTITY_RESOLUTION,false,SENIOR_V1_TO_CANONICAL_V1,APPROVED,Likely same person across compatible sources.,CORE_EVIDENCE,"{""source_dataset"":""analytics/crypto_zingg_candidate_relationships.csv""}",2026.07.18.1
CRYPTO_KENNEL_LONG_CON,Z-0017,PR-BRUNO-01,PR-BRUNO-03,PERSON,HIGH,0.946,"[""normalized_name"",""phone"",""email_or_address""]","[""source_format"",""initials""]",[],SAME,CURATED_APPROXIMATION,ZINGG_ENTITY_RESOLUTION,false,SENIOR_V1_TO_CANONICAL_V1,APPROVED,Likely same person across compatible sources.,CORE_EVIDENCE,"{""source_dataset"":""analytics/crypto_zingg_candidate_relationships.csv""}",2026.07.18.1
CRYPTO_KENNEL_LONG_CON,Z-0018,PR-BRUNO-02,PR-BRUNO-03,PERSON,MEDIUM_HIGH,0.921,"[""normalized_name"",""phone"",""email_or_address""]","[""source_format"",""initials""]",[],SAME,CURATED_APPROXIMATION,ZINGG_ENTITY_RESOLUTION,false,SENIOR_V1_TO_CANONICAL_V1,APPROVED,Likely same person across compatible sources.,CORE_EVIDENCE,"{""source_dataset"":""analytics/crypto_zingg_candidate_relationships.csv""}",2026.07.18.1
CRYPTO_KENNEL_LONG_CON,Z-0019,PR-GAVIN-01,PR-GAVIN-02,PERSON,HIGH,0.956,"[""normalized_name"",""phone"",""email_or_address""]","[""source_format"",""initials""]",[],SAME,CURATED_APPROXIMATION,ZINGG_ENTITY_RESOLUTION,false,SENIOR_V1_TO_CANONICAL_V1,APPROVED,Likely same person across compatible sources.,SUPPORTING_EVIDENCE,"{""source_dataset"":""analytics/crypto_zingg_candidate_relationships.csv""}",2026.07.18.1
CRYPTO_KENNEL_LONG_CON,Z-0020,PR-GAVIN-01,PR-GAVIN-03,PERSON,HIGH,0.946,"[""normalized_name"",""phone"",""email_or_address""]","[""source_format"",""initials""]",[],SAME,CURATED_APPROXIMATION,ZINGG_ENTITY_RESOLUTION,false,SENIOR_V1_TO_CANONICAL_V1,APPROVED,Likely same person across compatible sources.,SUPPORTING_EVIDENCE,"{""source_dataset"":""analytics/crypto_zingg_candidate_relationships.csv""}",2026.07.18.1
CRYPTO_KENNEL_LONG_CON,Z-0021,PR-GAVIN-02,PR-GAVIN-03,PERSON,MEDIUM_HIGH,0.921,"[""normalized_name"",""phone"",""email_or_address""]","[""source_format"",""initials""]",[],SAME,CURATED_APPROXIMATION,ZINGG_ENTITY_RESOLUTION,false,SENIOR_V1_TO_CANONICAL_V1,APPROVED,Likely same person across compatible sources.,SUPPORTING_EVIDENCE,"{""source_dataset"":""analytics/crypto_zingg_candidate_relationships.csv""}",2026.07.18.1
CRYPTO_KENNEL_LONG_CON,Z-0022,PR-VERA-01,PR-VERA-02,PERSON,HIGH,0.956,"[""normalized_name"",""phone"",""email_or_address""]","[""source_format"",""initials""]",[],SAME,CURATED_APPROXIMATION,ZINGG_ENTITY_RESOLUTION,false,SENIOR_V1_TO_CANONICAL_V1,APPROVED,Likely same person across compatible sources.,SUPPORTING_EVIDENCE,"{""source_dataset"":""analytics/crypto_zingg_candidate_relationships.csv""}",2026.07.18.1
CRYPTO_KENNEL_LONG_CON,Z-0023,PR-VERA-01,PR-VERA-03,PERSON,HIGH,0.946,"[""normalized_name"",""phone"",""email_or_address""]","[""source_format"",""initials""]",[],SAME,CURATED_APPROXIMATION,ZINGG_ENTITY_RESOLUTION,false,SENIOR_V1_TO_CANONICAL_V1,APPROVED,Likely same person across compatible sources.,SUPPORTING_EVIDENCE,"{""source_dataset"":""analytics/crypto_zingg_candidate_relationships.csv""}",2026.07.18.1
CRYPTO_KENNEL_LONG_CON,Z-0024,PR-VERA-02,PR-VERA-03,PERSON,MEDIUM_HIGH,0.921,"[""normalized_name"",""phone"",""email_or_address""]","[""source_format"",""initials""]",[],SAME,CURATED_APPROXIMATION,ZINGG_ENTITY_RESOLUTION,false,SENIOR_V1_TO_CANONICAL_V1,APPROVED,Likely same person across compatible sources.,SUPPORTING_EVIDENCE,"{""source_dataset"":""analytics/crypto_zingg_candidate_relationships.csv""}",2026.07.18.1
CRYPTO_KENNEL_LONG_CON,Z-0025,PR-TESSA-01,PR-TESSA-02,PERSON,HIGH,0.956,"[""normalized_name"",""phone"",""email_or_address""]","[""source_format"",""initials""]",[],SAME,CURATED_APPROXIMATION,ZINGG_ENTITY_RESOLUTION,false,SENIOR_V1_TO_CANONICAL_V1,APPROVED,Likely same person across compatible sources.,SUPPORTING_EVIDENCE,"{""source_dataset"":""analytics/crypto_zingg_candidate_relationships.csv""}",2026.07.18.1
CRYPTO_KENNEL_LONG_CON,Z-0026,PR-TESSA-01,PR-TESSA-03,PERSON,HIGH,0.946,"[""normalized_name"",""phone"",""email_or_address""]","[""source_format"",""initials""]",[],SAME,CURATED_APPROXIMATION,ZINGG_ENTITY_RESOLUTION,false,SENIOR_V1_TO_CANONICAL_V1,APPROVED,Likely same person across compatible sources.,SUPPORTING_EVIDENCE,"{""source_dataset"":""analytics/crypto_zingg_candidate_relationships.csv""}",2026.07.18.1
CRYPTO_KENNEL_LONG_CON,Z-0027,PR-TESSA-02,PR-TESSA-03,PERSON,MEDIUM_HIGH,0.921,"[""normalized_name"",""phone"",""email_or_address""]","[""source_format"",""initials""]",[],SAME,CURATED_APPROXIMATION,ZINGG_ENTITY_RESOLUTION,false,SENIOR_V1_TO_CANONICAL_V1,APPROVED,Likely same person across compatible sources.,SUPPORTING_EVIDENCE,"{""source_dataset"":""analytics/crypto_zingg_candidate_relationships.csv""}",2026.07.18.1
CRYPTO_KENNEL_LONG_CON,Z-0028,PR-NORA-01,PR-NORA-02,PERSON,HIGH,0.956,"[""normalized_name"",""phone"",""email_or_address""]","[""source_format"",""initials""]",[],SAME,CURATED_APPROXIMATION,ZINGG_ENTITY_RESOLUTION,false,SENIOR_V1_TO_CANONICAL_V1,APPROVED,Likely same person across compatible sources.,SUPPORTING_EVIDENCE,"{""source_dataset"":""analytics/crypto_zingg_candidate_relationships.csv""}",2026.07.18.1
CRYPTO_KENNEL_LONG_CON,Z-0029,PR-NORA-01,PR-NORA-03,PERSON,HIGH,0.946,"[""normalized_name"",""phone"",""email_or_address""]","[""source_format"",""initials""]",[],SAME,CURATED_APPROXIMATION,ZINGG_ENTITY_RESOLUTION,false,SENIOR_V1_TO_CANONICAL_V1,APPROVED,Likely same person across compatible sources.,SUPPORTING_EVIDENCE,"{""source_dataset"":""analytics/crypto_zingg_candidate_relationships.csv""}",2026.07.18.1
CRYPTO_KENNEL_LONG_CON,Z-0030,PR-NORA-02,PR-NORA-03,PERSON,MEDIUM_HIGH,0.921,"[""normalized_name"",""phone"",""email_or_address""]","[""source_format"",""initials""]",[],SAME,CURATED_APPROXIMATION,ZINGG_ENTITY_RESOLUTION,false,SENIOR_V1_TO_CANONICAL_V1,APPROVED,Likely same person across compatible sources.,SUPPORTING_EVIDENCE,"{""source_dataset"":""analytics/crypto_zingg_candidate_relationships.csv""}",2026.07.18.1
CRYPTO_KENNEL_LONG_CON,Z-0031,PR-ALICE-01,PR-ALICE-02,PERSON,HIGH,0.956,"[""normalized_name"",""phone"",""email_or_address""]","[""source_format"",""initials""]",[],SAME,CURATED_APPROXIMATION,ZINGG_ENTITY_RESOLUTION,false,SENIOR_V1_TO_CANONICAL_V1,APPROVED,Likely same person across compatible sources.,SUPPORTING_EVIDENCE,"{""source_dataset"":""analytics/crypto_zingg_candidate_relationships.csv""}",2026.07.18.1
CRYPTO_KENNEL_LONG_CON,Z-0032,PR-ALICE-01,PR-ALICE-03,PERSON,HIGH,0.946,"[""normalized_name"",""phone"",""email_or_address""]","[""source_format"",""initials""]",[],SAME,CURATED_APPROXIMATION,ZINGG_ENTITY_RESOLUTION,false,SENIOR_V1_TO_CANONICAL_V1,APPROVED,Likely same person across compatible sources.,SUPPORTING_EVIDENCE,"{""source_dataset"":""analytics/crypto_zingg_candidate_relationships.csv""}",2026.07.18.1
CRYPTO_KENNEL_LONG_CON,Z-0033,PR-ALICE-02,PR-ALICE-03,PERSON,MEDIUM_HIGH,0.921,"[""normalized_name"",""phone"",""email_or_address""]","[""source_format"",""initials""]",[],SAME,CURATED_APPROXIMATION,ZINGG_ENTITY_RESOLUTION,false,SENIOR_V1_TO_CANONICAL_V1,APPROVED,Likely same person across compatible sources.,SUPPORTING_EVIDENCE,"{""source_dataset"":""analytics/crypto_zingg_candidate_relationships.csv""}",2026.07.18.1
CRYPTO_KENNEL_LONG_CON,Z-0034,PR-BERNARD-01,PR-BERNARD-02,PERSON,HIGH,0.956,"[""normalized_name"",""phone"",""email_or_address""]","[""source_format"",""initials""]",[],SAME,CURATED_APPROXIMATION,ZINGG_ENTITY_RESOLUTION,false,SENIOR_V1_TO_CANONICAL_V1,APPROVED,Likely same person across compatible sources.,SUPPORTING_EVIDENCE,"{""source_dataset"":""analytics/crypto_zingg_candidate_relationships.csv""}",2026.07.18.1
CRYPTO_KENNEL_LONG_CON,Z-0035,PR-BERNARD-01,PR-BERNARD-03,PERSON,HIGH,0.946,"[""normalized_name"",""phone"",""email_or_address""]","[""source_format"",""initials""]",[],SAME,CURATED_APPROXIMATION,ZINGG_ENTITY_RESOLUTION,false,SENIOR_V1_TO_CANONICAL_V1,APPROVED,Likely same person across compatible sources.,SUPPORTING_EVIDENCE,"{""source_dataset"":""analytics/crypto_zingg_candidate_relationships.csv""}",2026.07.18.1
CRYPTO_KENNEL_LONG_CON,Z-0036,PR-BERNARD-02,PR-BERNARD-03,PERSON,MEDIUM_HIGH,0.921,"[""normalized_name"",""phone"",""email_or_address""]","[""source_format"",""initials""]",[],SAME,CURATED_APPROXIMATION,ZINGG_ENTITY_RESOLUTION,false,SENIOR_V1_TO_CANONICAL_V1,APPROVED,Likely same person across compatible sources.,SUPPORTING_EVIDENCE,"{""source_dataset"":""analytics/crypto_zingg_candidate_relationships.csv""}",2026.07.18.1
CRYPTO_KENNEL_LONG_CON,Z-0037,PR-ROSA-01,PR-ROSA-02,PERSON,HIGH,0.956,"[""normalized_name"",""phone"",""email_or_address""]","[""source_format"",""initials""]",[],SAME,CURATED_APPROXIMATION,ZINGG_ENTITY_RESOLUTION,false,SENIOR_V1_TO_CANONICAL_V1,APPROVED,Likely same person across compatible sources.,SUPPORTING_EVIDENCE,"{""source_dataset"":""analytics/crypto_zingg_candidate_relationships.csv""}",2026.07.18.1
CRYPTO_KENNEL_LONG_CON,Z-0038,PR-ROSA-01,PR-ROSA-03,PERSON,HIGH,0.946,"[""normalized_name"",""phone"",""email_or_address""]","[""source_format"",""initials""]",[],SAME,CURATED_APPROXIMATION,ZINGG_ENTITY_RESOLUTION,false,SENIOR_V1_TO_CANONICAL_V1,APPROVED,Likely same person across compatible sources.,SUPPORTING_EVIDENCE,"{""source_dataset"":""analytics/crypto_zingg_candidate_relationships.csv""}",2026.07.18.1
CRYPTO_KENNEL_LONG_CON,Z-0039,PR-ROSA-02,PR-ROSA-03,PERSON,MEDIUM_HIGH,0.921,"[""normalized_name"",""phone"",""email_or_address""]","[""source_format"",""initials""]",[],SAME,CURATED_APPROXIMATION,ZINGG_ENTITY_RESOLUTION,false,SENIOR_V1_TO_CANONICAL_V1,APPROVED,Likely same person across compatible sources.,SUPPORTING_EVIDENCE,"{""source_dataset"":""analytics/crypto_zingg_candidate_relationships.csv""}",2026.07.18.1
CRYPTO_KENNEL_LONG_CON,Z-0040,PR-LIAM-01,PR-LIAM-02,PERSON,HIGH,0.956,"[""normalized_name"",""phone"",""email_or_address""]","[""source_format"",""initials""]",[],SAME,CURATED_APPROXIMATION,ZINGG_ENTITY_RESOLUTION,false,SENIOR_V1_TO_CANONICAL_V1,APPROVED,Likely same person across compatible sources.,SUPPORTING_EVIDENCE,"{""source_dataset"":""analytics/crypto_zingg_candidate_relationships.csv""}",2026.07.18.1
CRYPTO_KENNEL_LONG_CON,Z-0041,PR-LIAM-01,PR-LIAM-03,PERSON,HIGH,0.946,"[""normalized_name"",""phone"",""email_or_address""]","[""source_format"",""initials""]",[],SAME,CURATED_APPROXIMATION,ZINGG_ENTITY_RESOLUTION,false,SENIOR_V1_TO_CANONICAL_V1,APPROVED,Likely same person across compatible sources.,SUPPORTING_EVIDENCE,"{""source_dataset"":""analytics/crypto_zingg_candidate_relationships.csv""}",2026.07.18.1
CRYPTO_KENNEL_LONG_CON,Z-0042,PR-LIAM-02,PR-LIAM-03,PERSON,MEDIUM_HIGH,0.921,"[""normalized_name"",""phone"",""email_or_address""]","[""source_format"",""initials""]",[],SAME,CURATED_APPROXIMATION,ZINGG_ENTITY_RESOLUTION,false,SENIOR_V1_TO_CANONICAL_V1,APPROVED,Likely same person across compatible sources.,SUPPORTING_EVIDENCE,"{""source_dataset"":""analytics/crypto_zingg_candidate_relationships.csv""}",2026.07.18.1
CRYPTO_KENNEL_LONG_CON,Z-0043,PR-EVELYN-01,PR-EVELYN-02,PERSON,HIGH,0.956,"[""normalized_name"",""phone"",""email_or_address""]","[""source_format"",""initials""]",[],SAME,CURATED_APPROXIMATION,ZINGG_ENTITY_RESOLUTION,false,SENIOR_V1_TO_CANONICAL_V1,APPROVED,Likely same person across compatible sources.,SUPPORTING_EVIDENCE,"{""source_dataset"":""analytics/crypto_zingg_candidate_relationships.csv""}",2026.07.18.1
CRYPTO_KENNEL_LONG_CON,Z-0044,PR-EVELYN-01,PR-EVELYN-03,PERSON,HIGH,0.946,"[""normalized_name"",""phone"",""email_or_address""]","[""source_format"",""initials""]",[],SAME,CURATED_APPROXIMATION,ZINGG_ENTITY_RESOLUTION,false,SENIOR_V1_TO_CANONICAL_V1,APPROVED,Likely same person across compatible sources.,SUPPORTING_EVIDENCE,"{""source_dataset"":""analytics/crypto_zingg_candidate_relationships.csv""}",2026.07.18.1
CRYPTO_KENNEL_LONG_CON,Z-0045,PR-EVELYN-02,PR-EVELYN-03,PERSON,MEDIUM_HIGH,0.921,"[""normalized_name"",""phone"",""email_or_address""]","[""source_format"",""initials""]",[],SAME,CURATED_APPROXIMATION,ZINGG_ENTITY_RESOLUTION,false,SENIOR_V1_TO_CANONICAL_V1,APPROVED,Likely same person across compatible sources.,SUPPORTING_EVIDENCE,"{""source_dataset"":""analytics/crypto_zingg_candidate_relationships.csv""}",2026.07.18.1
CRYPTO_KENNEL_LONG_CON,Z-0046,PR-COLIN-01,PR-COLIN-02,PERSON,HIGH,0.956,"[""normalized_name"",""phone"",""email_or_address""]","[""source_format"",""initials""]",[],SAME,CURATED_APPROXIMATION,ZINGG_ENTITY_RESOLUTION,false,SENIOR_V1_TO_CANONICAL_V1,APPROVED,Likely same person across compatible sources.,SUPPORTING_EVIDENCE,"{""source_dataset"":""analytics/crypto_zingg_candidate_relationships.csv""}",2026.07.18.1
CRYPTO_KENNEL_LONG_CON,Z-0047,PR-COLIN-01,PR-COLIN-03,PERSON,HIGH,0.946,"[""normalized_name"",""phone"",""email_or_address""]","[""source_format"",""initials""]",[],SAME,CURATED_APPROXIMATION,ZINGG_ENTITY_RESOLUTION,false,SENIOR_V1_TO_CANONICAL_V1,APPROVED,Likely same person across compatible sources.,SUPPORTING_EVIDENCE,"{""source_dataset"":""analytics/crypto_zingg_candidate_relationships.csv""}",2026.07.18.1
CRYPTO_KENNEL_LONG_CON,Z-0048,PR-COLIN-02,PR-COLIN-03,PERSON,MEDIUM_HIGH,0.921,"[""normalized_name"",""phone"",""email_or_address""]","[""source_format"",""initials""]",[],SAME,CURATED_APPROXIMATION,ZINGG_ENTITY_RESOLUTION,false,SENIOR_V1_TO_CANONICAL_V1,APPROVED,Likely same person across compatible sources.,SUPPORTING_EVIDENCE,"{""source_dataset"":""analytics/crypto_zingg_candidate_relationships.csv""}",2026.07.18.1
CRYPTO_KENNEL_LONG_CON,Z-0049,PR-CLARA-01,PR-CLARA-02,PERSON,HIGH,0.956,"[""normalized_name"",""phone"",""email_or_address""]","[""source_format"",""initials""]",[],SAME,CURATED_APPROXIMATION,ZINGG_ENTITY_RESOLUTION,false,SENIOR_V1_TO_CANONICAL_V1,APPROVED,Likely same person across compatible sources.,SUPPORTING_EVIDENCE,"{""source_dataset"":""analytics/crypto_zingg_candidate_relationships.csv""}",2026.07.18.1
CRYPTO_KENNEL_LONG_CON,Z-0050,PR-CLARA-01,PR-CLARA-03,PERSON,HIGH,0.946,"[""normalized_name"",""phone"",""email_or_address""]","[""source_format"",""initials""]",[],SAME,CURATED_APPROXIMATION,ZINGG_ENTITY_RESOLUTION,false,SENIOR_V1_TO_CANONICAL_V1,APPROVED,Likely same person across compatible sources.,SUPPORTING_EVIDENCE,"{""source_dataset"":""analytics/crypto_zingg_candidate_relationships.csv""}",2026.07.18.1
CRYPTO_KENNEL_LONG_CON,Z-0051,PR-CLARA-02,PR-CLARA-03,PERSON,MEDIUM_HIGH,0.921,"[""normalized_name"",""phone"",""email_or_address""]","[""source_format"",""initials""]",[],SAME,CURATED_APPROXIMATION,ZINGG_ENTITY_RESOLUTION,false,SENIOR_V1_TO_CANONICAL_V1,APPROVED,Likely same person across compatible sources.,SUPPORTING_EVIDENCE,"{""source_dataset"":""analytics/crypto_zingg_candidate_relationships.csv""}",2026.07.18.1
CRYPTO_KENNEL_LONG_CON,Z-0052,PR-HENRY-01,PR-HENRY-02,PERSON,HIGH,0.956,"[""normalized_name"",""phone"",""email_or_address""]","[""source_format"",""initials""]",[],SAME,CURATED_APPROXIMATION,ZINGG_ENTITY_RESOLUTION,false,SENIOR_V1_TO_CANONICAL_V1,APPROVED,Likely same person across compatible sources.,SUPPORTING_EVIDENCE,"{""source_dataset"":""analytics/crypto_zingg_candidate_relationships.csv""}",2026.07.18.1
CRYPTO_KENNEL_LONG_CON,Z-0053,PR-HENRY-01,PR-HENRY-03,PERSON,HIGH,0.946,"[""normalized_name"",""phone"",""email_or_address""]","[""source_format"",""initials""]",[],SAME,CURATED_APPROXIMATION,ZINGG_ENTITY_RESOLUTION,false,SENIOR_V1_TO_CANONICAL_V1,APPROVED,Likely same person across compatible sources.,SUPPORTING_EVIDENCE,"{""source_dataset"":""analytics/crypto_zingg_candidate_relationships.csv""}",2026.07.18.1
CRYPTO_KENNEL_LONG_CON,Z-0054,PR-HENRY-02,PR-HENRY-03,PERSON,MEDIUM_HIGH,0.921,"[""normalized_name"",""phone"",""email_or_address""]","[""source_format"",""initials""]",[],SAME,CURATED_APPROXIMATION,ZINGG_ENTITY_RESOLUTION,false,SENIOR_V1_TO_CANONICAL_V1,APPROVED,Likely same person across compatible sources.,SUPPORTING_EVIDENCE,"{""source_dataset"":""analytics/crypto_zingg_candidate_relationships.csv""}",2026.07.18.1
CRYPTO_KENNEL_LONG_CON,Z-0055,PR-PRIYA-01,PR-PRIYA-02,PERSON,HIGH,0.956,"[""normalized_name"",""phone"",""email_or_address""]","[""source_format"",""initials""]",[],SAME,CURATED_APPROXIMATION,ZINGG_ENTITY_RESOLUTION,false,SENIOR_V1_TO_CANONICAL_V1,APPROVED,Likely same person across compatible sources.,SUPPORTING_EVIDENCE,"{""source_dataset"":""analytics/crypto_zingg_candidate_relationships.csv""}",2026.07.18.1
CRYPTO_KENNEL_LONG_CON,Z-0056,PR-PRIYA-01,PR-PRIYA-03,PERSON,HIGH,0.946,"[""normalized_name"",""phone"",""email_or_address""]","[""source_format"",""initials""]",[],SAME,CURATED_APPROXIMATION,ZINGG_ENTITY_RESOLUTION,false,SENIOR_V1_TO_CANONICAL_V1,APPROVED,Likely same person across compatible sources.,SUPPORTING_EVIDENCE,"{""source_dataset"":""analytics/crypto_zingg_candidate_relationships.csv""}",2026.07.18.1
CRYPTO_KENNEL_LONG_CON,Z-0057,PR-PRIYA-02,PR-PRIYA-03,PERSON,MEDIUM_HIGH,0.921,"[""normalized_name"",""phone"",""email_or_address""]","[""source_format"",""initials""]",[],SAME,CURATED_APPROXIMATION,ZINGG_ENTITY_RESOLUTION,false,SENIOR_V1_TO_CANONICAL_V1,APPROVED,Likely same person across compatible sources.,SUPPORTING_EVIDENCE,"{""source_dataset"":""analytics/crypto_zingg_candidate_relationships.csv""}",2026.07.18.1
CRYPTO_KENNEL_LONG_CON,Z-0058,PR-AMELIA-01,PR-AMELIA-02,PERSON,HIGH,0.956,"[""normalized_name"",""phone"",""email_or_address""]","[""source_format"",""initials""]",[],SAME,CURATED_APPROXIMATION,ZINGG_ENTITY_RESOLUTION,false,SENIOR_V1_TO_CANONICAL_V1,APPROVED,Likely same person across compatible sources.,SUPPORTING_EVIDENCE,"{""source_dataset"":""analytics/crypto_zingg_candidate_relationships.csv""}",2026.07.18.1
CRYPTO_KENNEL_LONG_CON,Z-0059,PR-AMELIA-01,PR-AMELIA-03,PERSON,HIGH,0.946,"[""normalized_name"",""phone"",""email_or_address""]","[""source_format"",""initials""]",[],SAME,CURATED_APPROXIMATION,ZINGG_ENTITY_RESOLUTION,false,SENIOR_V1_TO_CANONICAL_V1,APPROVED,Likely same person across compatible sources.,SUPPORTING_EVIDENCE,"{""source_dataset"":""analytics/crypto_zingg_candidate_relationships.csv""}",2026.07.18.1
CRYPTO_KENNEL_LONG_CON,Z-0060,PR-AMELIA-02,PR-AMELIA-03,PERSON,MEDIUM_HIGH,0.921,"[""normalized_name"",""phone"",""email_or_address""]","[""source_format"",""initials""]",[],SAME,CURATED_APPROXIMATION,ZINGG_ENTITY_RESOLUTION,false,SENIOR_V1_TO_CANONICAL_V1,APPROVED,Likely same person across compatible sources.,SUPPORTING_EVIDENCE,"{""source_dataset"":""analytics/crypto_zingg_candidate_relationships.csv""}",2026.07.18.1
CRYPTO_KENNEL_LONG_CON,Z-0061,PR-HUGO-01,PR-HUGO-02,PERSON,HIGH,0.956,"[""normalized_name"",""phone"",""email_or_address""]","[""source_format"",""initials""]",[],SAME,CURATED_APPROXIMATION,ZINGG_ENTITY_RESOLUTION,false,SENIOR_V1_TO_CANONICAL_V1,APPROVED,Likely same person across compatible sources.,SUPPORTING_EVIDENCE,"{""source_dataset"":""analytics/crypto_zingg_candidate_relationships.csv""}",2026.07.18.1
CRYPTO_KENNEL_LONG_CON,Z-0062,PR-HUGO-01,PR-HUGO-03,PERSON,HIGH,0.946,"[""normalized_name"",""phone"",""email_or_address""]","[""source_format"",""initials""]",[],SAME,CURATED_APPROXIMATION,ZINGG_ENTITY_RESOLUTION,false,SENIOR_V1_TO_CANONICAL_V1,APPROVED,Likely same person across compatible sources.,SUPPORTING_EVIDENCE,"{""source_dataset"":""analytics/crypto_zingg_candidate_relationships.csv""}",2026.07.18.1
CRYPTO_KENNEL_LONG_CON,Z-0063,PR-HUGO-02,PR-HUGO-03,PERSON,MEDIUM_HIGH,0.921,"[""normalized_name"",""phone"",""email_or_address""]","[""source_format"",""initials""]",[],SAME,CURATED_APPROXIMATION,ZINGG_ENTITY_RESOLUTION,false,SENIOR_V1_TO_CANONICAL_V1,APPROVED,Likely same person across compatible sources.,SUPPORTING_EVIDENCE,"{""source_dataset"":""analytics/crypto_zingg_candidate_relationships.csv""}",2026.07.18.1
CRYPTO_KENNEL_LONG_CON,Z-0064,PR-CBFE89C4-01,PR-CBFE89C4-02,PERSON,HIGH,0.956,"[""normalized_name"",""phone"",""email_or_address""]","[""source_format"",""initials""]",[],SAME,CURATED_APPROXIMATION,ZINGG_ENTITY_RESOLUTION,false,SENIOR_V1_TO_CANONICAL_V1,APPROVED,Likely same person across compatible sources.,SUPPORTING_EVIDENCE,"{""source_dataset"":""analytics/crypto_zingg_candidate_relationships.csv""}",2026.07.18.1
CRYPTO_KENNEL_LONG_CON,Z-0065,PR-CBFE89C4-01,PR-CBFE89C4-03,PERSON,HIGH,0.946,"[""normalized_name"",""phone"",""email_or_address""]","[""source_format"",""initials""]",[],SAME,CURATED_APPROXIMATION,ZINGG_ENTITY_RESOLUTION,false,SENIOR_V1_TO_CANONICAL_V1,APPROVED,Likely same person across compatible sources.,SUPPORTING_EVIDENCE,"{""source_dataset"":""analytics/crypto_zingg_candidate_relationships.csv""}",2026.07.18.1
CRYPTO_KENNEL_LONG_CON,Z-0066,PR-CBFE89C4-02,PR-CBFE89C4-03,PERSON,MEDIUM_HIGH,0.921,"[""normalized_name"",""phone"",""email_or_address""]","[""source_format"",""initials""]",[],SAME,CURATED_APPROXIMATION,ZINGG_ENTITY_RESOLUTION,false,SENIOR_V1_TO_CANONICAL_V1,APPROVED,Likely same person across compatible sources.,SUPPORTING_EVIDENCE,"{""source_dataset"":""analytics/crypto_zingg_candidate_relationships.csv""}",2026.07.18.1
CRYPTO_KENNEL_LONG_CON,Z-0067,PR-C59ED920-01,PR-C59ED920-02,PERSON,HIGH,0.956,"[""normalized_name"",""phone"",""email_or_address""]","[""source_format"",""initials""]",[],SAME,CURATED_APPROXIMATION,ZINGG_ENTITY_RESOLUTION,false,SENIOR_V1_TO_CANONICAL_V1,APPROVED,Likely same person across compatible sources.,SUPPORTING_EVIDENCE,"{""source_dataset"":""analytics/crypto_zingg_candidate_relationships.csv""}",2026.07.18.1
CRYPTO_KENNEL_LONG_CON,Z-0068,PR-C59ED920-01,PR-C59ED920-03,PERSON,HIGH,0.946,"[""normalized_name"",""phone"",""email_or_address""]","[""source_format"",""initials""]",[],SAME,CURATED_APPROXIMATION,ZINGG_ENTITY_RESOLUTION,false,SENIOR_V1_TO_CANONICAL_V1,APPROVED,Likely same person across compatible sources.,SUPPORTING_EVIDENCE,"{""source_dataset"":""analytics/crypto_zingg_candidate_relationships.csv""}",2026.07.18.1
CRYPTO_KENNEL_LONG_CON,Z-0069,PR-C59ED920-02,PR-C59ED920-03,PERSON,MEDIUM_HIGH,0.921,"[""normalized_name"",""phone"",""email_or_address""]","[""source_format"",""initials""]",[],SAME,CURATED_APPROXIMATION,ZINGG_ENTITY_RESOLUTION,false,SENIOR_V1_TO_CANONICAL_V1,APPROVED,Likely same person across compatible sources.,SUPPORTING_EVIDENCE,"{""source_dataset"":""analytics/crypto_zingg_candidate_relationships.csv""}",2026.07.18.1
CRYPTO_KENNEL_LONG_CON,Z-0070,PR-4E7FCEF8-01,PR-4E7FCEF8-02,PERSON,HIGH,0.956,"[""normalized_name"",""phone"",""email_or_address""]","[""source_format"",""initials""]",[],SAME,CURATED_APPROXIMATION,ZINGG_ENTITY_RESOLUTION,false,SENIOR_V1_TO_CANONICAL_V1,APPROVED,Likely same person across compatible sources.,SUPPORTING_EVIDENCE,"{""source_dataset"":""analytics/crypto_zingg_candidate_relationships.csv""}",2026.07.18.1
CRYPTO_KENNEL_LONG_CON,Z-0071,PR-4E7FCEF8-01,PR-4E7FCEF8-03,PERSON,HIGH,0.946,"[""normalized_name"",""phone"",""email_or_address""]","[""source_format"",""initials""]",[],SAME,CURATED_APPROXIMATION,ZINGG_ENTITY_RESOLUTION,false,SENIOR_V1_TO_CANONICAL_V1,APPROVED,Likely same person across compatible sources.,SUPPORTING_EVIDENCE,"{""source_dataset"":""analytics/crypto_zingg_candidate_relationships.csv""}",2026.07.18.1
CRYPTO_KENNEL_LONG_CON,Z-0072,PR-4E7FCEF8-02,PR-4E7FCEF8-03,PERSON,MEDIUM_HIGH,0.921,"[""normalized_name"",""phone"",""email_or_address""]","[""source_format"",""initials""]",[],SAME,CURATED_APPROXIMATION,ZINGG_ENTITY_RESOLUTION,false,SENIOR_V1_TO_CANONICAL_V1,APPROVED,Likely same person across compatible sources.,SUPPORTING_EVIDENCE,"{""source_dataset"":""analytics/crypto_zingg_candidate_relationships.csv""}",2026.07.18.1
CRYPTO_KENNEL_LONG_CON,Z-0073,PR-2AFB9A15-01,PR-2AFB9A15-02,PERSON,HIGH,0.956,"[""normalized_name"",""phone"",""email_or_address""]","[""source_format"",""initials""]",[],SAME,CURATED_APPROXIMATION,ZINGG_ENTITY_RESOLUTION,false,SENIOR_V1_TO_CANONICAL_V1,APPROVED,Likely same person across compatible sources.,SUPPORTING_EVIDENCE,"{""source_dataset"":""analytics/crypto_zingg_candidate_relationships.csv""}",2026.07.18.1
CRYPTO_KENNEL_LONG_CON,Z-0074,PR-2AFB9A15-01,PR-2AFB9A15-03,PERSON,HIGH,0.946,"[""normalized_name"",""phone"",""email_or_address""]","[""source_format"",""initials""]",[],SAME,CURATED_APPROXIMATION,ZINGG_ENTITY_RESOLUTION,false,SENIOR_V1_TO_CANONICAL_V1,APPROVED,Likely same person across compatible sources.,SUPPORTING_EVIDENCE,"{""source_dataset"":""analytics/crypto_zingg_candidate_relationships.csv""}",2026.07.18.1
CRYPTO_KENNEL_LONG_CON,Z-0075,PR-2AFB9A15-02,PR-2AFB9A15-03,PERSON,MEDIUM_HIGH,0.921,"[""normalized_name"",""phone"",""email_or_address""]","[""source_format"",""initials""]",[],SAME,CURATED_APPROXIMATION,ZINGG_ENTITY_RESOLUTION,false,SENIOR_V1_TO_CANONICAL_V1,APPROVED,Likely same person across compatible sources.,SUPPORTING_EVIDENCE,"{""source_dataset"":""analytics/crypto_zingg_candidate_relationships.csv""}",2026.07.18.1
CRYPTO_KENNEL_LONG_CON,Z-0076,PR-8AC4E1B4-01,PR-8AC4E1B4-02,PERSON,HIGH,0.956,"[""normalized_name"",""phone"",""email_or_address""]","[""source_format"",""initials""]",[],SAME,CURATED_APPROXIMATION,ZINGG_ENTITY_RESOLUTION,false,SENIOR_V1_TO_CANONICAL_V1,APPROVED,Likely same person across compatible sources.,SUPPORTING_EVIDENCE,"{""source_dataset"":""analytics/crypto_zingg_candidate_relationships.csv""}",2026.07.18.1
CRYPTO_KENNEL_LONG_CON,Z-0077,PR-8AC4E1B4-01,PR-8AC4E1B4-03,PERSON,HIGH,0.946,"[""normalized_name"",""phone"",""email_or_address""]","[""source_format"",""initials""]",[],SAME,CURATED_APPROXIMATION,ZINGG_ENTITY_RESOLUTION,false,SENIOR_V1_TO_CANONICAL_V1,APPROVED,Likely same person across compatible sources.,SUPPORTING_EVIDENCE,"{""source_dataset"":""analytics/crypto_zingg_candidate_relationships.csv""}",2026.07.18.1
CRYPTO_KENNEL_LONG_CON,Z-0078,PR-8AC4E1B4-02,PR-8AC4E1B4-03,PERSON,MEDIUM_HIGH,0.921,"[""normalized_name"",""phone"",""email_or_address""]","[""source_format"",""initials""]",[],SAME,CURATED_APPROXIMATION,ZINGG_ENTITY_RESOLUTION,false,SENIOR_V1_TO_CANONICAL_V1,APPROVED,Likely same person across compatible sources.,SUPPORTING_EVIDENCE,"{""source_dataset"":""analytics/crypto_zingg_candidate_relationships.csv""}",2026.07.18.1
CRYPTO_KENNEL_LONG_CON,Z-0079,PR-5CDD1576-01,PR-5CDD1576-02,PERSON,HIGH,0.956,"[""normalized_name"",""phone"",""email_or_address""]","[""source_format"",""initials""]",[],SAME,CURATED_APPROXIMATION,ZINGG_ENTITY_RESOLUTION,false,SENIOR_V1_TO_CANONICAL_V1,APPROVED,Likely same person across compatible sources.,SUPPORTING_EVIDENCE,"{""source_dataset"":""analytics/crypto_zingg_candidate_relationships.csv""}",2026.07.18.1
CRYPTO_KENNEL_LONG_CON,Z-0080,PR-5CDD1576-01,PR-5CDD1576-03,PERSON,HIGH,0.946,"[""normalized_name"",""phone"",""email_or_address""]","[""source_format"",""initials""]",[],SAME,CURATED_APPROXIMATION,ZINGG_ENTITY_RESOLUTION,false,SENIOR_V1_TO_CANONICAL_V1,APPROVED,Likely same person across compatible sources.,SUPPORTING_EVIDENCE,"{""source_dataset"":""analytics/crypto_zingg_candidate_relationships.csv""}",2026.07.18.1
CRYPTO_KENNEL_LONG_CON,Z-0081,PR-5CDD1576-02,PR-5CDD1576-03,PERSON,MEDIUM_HIGH,0.921,"[""normalized_name"",""phone"",""email_or_address""]","[""source_format"",""initials""]",[],SAME,CURATED_APPROXIMATION,ZINGG_ENTITY_RESOLUTION,false,SENIOR_V1_TO_CANONICAL_V1,APPROVED,Likely same person across compatible sources.,SUPPORTING_EVIDENCE,"{""source_dataset"":""analytics/crypto_zingg_candidate_relationships.csv""}",2026.07.18.1
CRYPTO_KENNEL_LONG_CON,Z-0082,PR-2374DB02-01,PR-2374DB02-02,PERSON,HIGH,0.956,"[""normalized_name"",""phone"",""email_or_address""]","[""source_format"",""initials""]",[],SAME,CURATED_APPROXIMATION,ZINGG_ENTITY_RESOLUTION,false,SENIOR_V1_TO_CANONICAL_V1,APPROVED,Likely same person across compatible sources.,SUPPORTING_EVIDENCE,"{""source_dataset"":""analytics/crypto_zingg_candidate_relationships.csv""}",2026.07.18.1
CRYPTO_KENNEL_LONG_CON,Z-0083,PR-2374DB02-01,PR-2374DB02-03,PERSON,HIGH,0.946,"[""normalized_name"",""phone"",""email_or_address""]","[""source_format"",""initials""]",[],SAME,CURATED_APPROXIMATION,ZINGG_ENTITY_RESOLUTION,false,SENIOR_V1_TO_CANONICAL_V1,APPROVED,Likely same person across compatible sources.,SUPPORTING_EVIDENCE,"{""source_dataset"":""analytics/crypto_zingg_candidate_relationships.csv""}",2026.07.18.1
CRYPTO_KENNEL_LONG_CON,Z-0084,PR-2374DB02-02,PR-2374DB02-03,PERSON,MEDIUM_HIGH,0.921,"[""normalized_name"",""phone"",""email_or_address""]","[""source_format"",""initials""]",[],SAME,CURATED_APPROXIMATION,ZINGG_ENTITY_RESOLUTION,false,SENIOR_V1_TO_CANONICAL_V1,APPROVED,Likely same person across compatible sources.,SUPPORTING_EVIDENCE,"{""source_dataset"":""analytics/crypto_zingg_candidate_relationships.csv""}",2026.07.18.1
CRYPTO_KENNEL_LONG_CON,Z-0085,PR-7F7A7C18-01,PR-7F7A7C18-02,PERSON,HIGH,0.956,"[""normalized_name"",""phone"",""email_or_address""]","[""source_format"",""initials""]",[],SAME,CURATED_APPROXIMATION,ZINGG_ENTITY_RESOLUTION,false,SENIOR_V1_TO_CANONICAL_V1,APPROVED,Likely same person across compatible sources.,SUPPORTING_EVIDENCE,"{""source_dataset"":""analytics/crypto_zingg_candidate_relationships.csv""}",2026.07.18.1
CRYPTO_KENNEL_LONG_CON,Z-0086,PR-7F7A7C18-01,PR-7F7A7C18-03,PERSON,HIGH,0.946,"[""normalized_name"",""phone"",""email_or_address""]","[""source_format"",""initials""]",[],SAME,CURATED_APPROXIMATION,ZINGG_ENTITY_RESOLUTION,false,SENIOR_V1_TO_CANONICAL_V1,APPROVED,Likely same person across compatible sources.,SUPPORTING_EVIDENCE,"{""source_dataset"":""analytics/crypto_zingg_candidate_relationships.csv""}",2026.07.18.1
CRYPTO_KENNEL_LONG_CON,Z-0087,PR-7F7A7C18-02,PR-7F7A7C18-03,PERSON,MEDIUM_HIGH,0.921,"[""normalized_name"",""phone"",""email_or_address""]","[""source_format"",""initials""]",[],SAME,CURATED_APPROXIMATION,ZINGG_ENTITY_RESOLUTION,false,SENIOR_V1_TO_CANONICAL_V1,APPROVED,Likely same person across compatible sources.,SUPPORTING_EVIDENCE,"{""source_dataset"":""analytics/crypto_zingg_candidate_relationships.csv""}",2026.07.18.1
CRYPTO_KENNEL_LONG_CON,Z-0088,PR-2E4BDAA1-01,PR-2E4BDAA1-02,PERSON,HIGH,0.956,"[""normalized_name"",""phone"",""email_or_address""]","[""source_format"",""initials""]",[],SAME,CURATED_APPROXIMATION,ZINGG_ENTITY_RESOLUTION,false,SENIOR_V1_TO_CANONICAL_V1,APPROVED,Likely same person across compatible sources.,SUPPORTING_EVIDENCE,"{""source_dataset"":""analytics/crypto_zingg_candidate_relationships.csv""}",2026.07.18.1
CRYPTO_KENNEL_LONG_CON,Z-0089,PR-2E4BDAA1-01,PR-2E4BDAA1-03,PERSON,HIGH,0.946,"[""normalized_name"",""phone"",""email_or_address""]","[""source_format"",""initials""]",[],SAME,CURATED_APPROXIMATION,ZINGG_ENTITY_RESOLUTION,false,SENIOR_V1_TO_CANONICAL_V1,APPROVED,Likely same person across compatible sources.,SUPPORTING_EVIDENCE,"{""source_dataset"":""analytics/crypto_zingg_candidate_relationships.csv""}",2026.07.18.1
CRYPTO_KENNEL_LONG_CON,Z-0090,PR-2E4BDAA1-02,PR-2E4BDAA1-03,PERSON,MEDIUM_HIGH,0.921,"[""normalized_name"",""phone"",""email_or_address""]","[""source_format"",""initials""]",[],SAME,CURATED_APPROXIMATION,ZINGG_ENTITY_RESOLUTION,false,SENIOR_V1_TO_CANONICAL_V1,APPROVED,Likely same person across compatible sources.,SUPPORTING_EVIDENCE,"{""source_dataset"":""analytics/crypto_zingg_candidate_relationships.csv""}",2026.07.18.1
CRYPTO_KENNEL_LONG_CON,Z-0091,PR-083ADB8D-01,PR-083ADB8D-02,PERSON,HIGH,0.956,"[""normalized_name"",""phone"",""email_or_address""]","[""source_format"",""initials""]",[],SAME,CURATED_APPROXIMATION,ZINGG_ENTITY_RESOLUTION,false,SENIOR_V1_TO_CANONICAL_V1,APPROVED,Likely same person across compatible sources.,SUPPORTING_EVIDENCE,"{""source_dataset"":""analytics/crypto_zingg_candidate_relationships.csv""}",2026.07.18.1
CRYPTO_KENNEL_LONG_CON,Z-0092,PR-277024D4-01,PR-277024D4-02,PERSON,HIGH,0.956,"[""normalized_name"",""phone"",""email_or_address""]","[""source_format"",""initials""]",[],SAME,CURATED_APPROXIMATION,ZINGG_ENTITY_RESOLUTION,false,SENIOR_V1_TO_CANONICAL_V1,APPROVED,Likely same person across compatible sources.,SUPPORTING_EVIDENCE,"{""source_dataset"":""analytics/crypto_zingg_candidate_relationships.csv""}",2026.07.18.1
CRYPTO_KENNEL_LONG_CON,Z-0093,PR-54D88B84-01,PR-54D88B84-02,PERSON,HIGH,0.956,"[""normalized_name"",""phone"",""email_or_address""]","[""source_format"",""initials""]",[],SAME,CURATED_APPROXIMATION,ZINGG_ENTITY_RESOLUTION,false,SENIOR_V1_TO_CANONICAL_V1,APPROVED,Likely same person across compatible sources.,SUPPORTING_EVIDENCE,"{""source_dataset"":""analytics/crypto_zingg_candidate_relationships.csv""}",2026.07.18.1
CRYPTO_KENNEL_LONG_CON,Z-0094,PR-BCB335D1-01,PR-BCB335D1-02,PERSON,HIGH,0.956,"[""normalized_name"",""phone"",""email_or_address""]","[""source_format"",""initials""]",[],SAME,CURATED_APPROXIMATION,ZINGG_ENTITY_RESOLUTION,false,SENIOR_V1_TO_CANONICAL_V1,APPROVED,Likely same person across compatible sources.,SUPPORTING_EVIDENCE,"{""source_dataset"":""analytics/crypto_zingg_candidate_relationships.csv""}",2026.07.18.1
CRYPTO_KENNEL_LONG_CON,Z-0095,PR-6D8124E9-01,PR-6D8124E9-02,PERSON,HIGH,0.956,"[""normalized_name"",""phone"",""email_or_address""]","[""source_format"",""initials""]",[],SAME,CURATED_APPROXIMATION,ZINGG_ENTITY_RESOLUTION,false,SENIOR_V1_TO_CANONICAL_V1,APPROVED,Likely same person across compatible sources.,SUPPORTING_EVIDENCE,"{""source_dataset"":""analytics/crypto_zingg_candidate_relationships.csv""}",2026.07.18.1
CRYPTO_KENNEL_LONG_CON,Z-0096,PR-9E9905B8-01,PR-9E9905B8-02,PERSON,HIGH,0.956,"[""normalized_name"",""phone"",""email_or_address""]","[""source_format"",""initials""]",[],SAME,CURATED_APPROXIMATION,ZINGG_ENTITY_RESOLUTION,false,SENIOR_V1_TO_CANONICAL_V1,APPROVED,Likely same person across compatible sources.,SUPPORTING_EVIDENCE,"{""source_dataset"":""analytics/crypto_zingg_candidate_relationships.csv""}",2026.07.18.1
CRYPTO_KENNEL_LONG_CON,Z-0097,PR-F64E5D67-01,PR-F64E5D67-02,PERSON,HIGH,0.956,"[""normalized_name"",""phone"",""email_or_address""]","[""source_format"",""initials""]",[],SAME,CURATED_APPROXIMATION,ZINGG_ENTITY_RESOLUTION,false,SENIOR_V1_TO_CANONICAL_V1,APPROVED,Likely same person across compatible sources.,SUPPORTING_EVIDENCE,"{""source_dataset"":""analytics/crypto_zingg_candidate_relationships.csv""}",2026.07.18.1
CRYPTO_KENNEL_LONG_CON,Z-0098,PR-70FB4E14-01,PR-70FB4E14-02,PERSON,HIGH,0.956,"[""normalized_name"",""phone"",""email_or_address""]","[""source_format"",""initials""]",[],SAME,CURATED_APPROXIMATION,ZINGG_ENTITY_RESOLUTION,false,SENIOR_V1_TO_CANONICAL_V1,APPROVED,Likely same person across compatible sources.,SUPPORTING_EVIDENCE,"{""source_dataset"":""analytics/crypto_zingg_candidate_relationships.csv""}",2026.07.18.1
CRYPTO_KENNEL_LONG_CON,Z-0099,PR-F498517D-01,PR-F498517D-02,PERSON,HIGH,0.956,"[""normalized_name"",""phone"",""email_or_address""]","[""source_format"",""initials""]",[],SAME,CURATED_APPROXIMATION,ZINGG_ENTITY_RESOLUTION,false,SENIOR_V1_TO_CANONICAL_V1,APPROVED,Likely same person across compatible sources.,SUPPORTING_EVIDENCE,"{""source_dataset"":""analytics/crypto_zingg_candidate_relationships.csv""}",2026.07.18.1
CRYPTO_KENNEL_LONG_CON,Z-0100,PR-EF2EAED4-01,PR-EF2EAED4-02,PERSON,HIGH,0.956,"[""normalized_name"",""phone"",""email_or_address""]","[""source_format"",""initials""]",[],SAME,CURATED_APPROXIMATION,ZINGG_ENTITY_RESOLUTION,false,SENIOR_V1_TO_CANONICAL_V1,APPROVED,Likely same person across compatible sources.,SUPPORTING_EVIDENCE,"{""source_dataset"":""analytics/crypto_zingg_candidate_relationships.csv""}",2026.07.18.1
CRYPTO_KENNEL_LONG_CON,Z-0101,PR-B2EDC3C9-01,PR-B2EDC3C9-02,PERSON,HIGH,0.956,"[""normalized_name"",""phone"",""email_or_address""]","[""source_format"",""initials""]",[],SAME,CURATED_APPROXIMATION,ZINGG_ENTITY_RESOLUTION,false,SENIOR_V1_TO_CANONICAL_V1,APPROVED,Likely same person across compatible sources.,SUPPORTING_EVIDENCE,"{""source_dataset"":""analytics/crypto_zingg_candidate_relationships.csv""}",2026.07.18.1
CRYPTO_KENNEL_LONG_CON,Z-0102,PR-A789C077-01,PR-A789C077-02,PERSON,HIGH,0.956,"[""normalized_name"",""phone"",""email_or_address""]","[""source_format"",""initials""]",[],SAME,CURATED_APPROXIMATION,ZINGG_ENTITY_RESOLUTION,false,SENIOR_V1_TO_CANONICAL_V1,APPROVED,Likely same person across compatible sources.,SUPPORTING_EVIDENCE,"{""source_dataset"":""analytics/crypto_zingg_candidate_relationships.csv""}",2026.07.18.1
CRYPTO_KENNEL_LONG_CON,Z-0103,PR-DCF6F6B7-01,PR-DCF6F6B7-02,PERSON,HIGH,0.956,"[""normalized_name"",""phone"",""email_or_address""]","[""source_format"",""initials""]",[],SAME,CURATED_APPROXIMATION,ZINGG_ENTITY_RESOLUTION,false,SENIOR_V1_TO_CANONICAL_V1,APPROVED,Likely same person across compatible sources.,SUPPORTING_EVIDENCE,"{""source_dataset"":""analytics/crypto_zingg_candidate_relationships.csv""}",2026.07.18.1
CRYPTO_KENNEL_LONG_CON,Z-0104,PR-924007E3-01,PR-924007E3-02,PERSON,HIGH,0.956,"[""normalized_name"",""phone"",""email_or_address""]","[""source_format"",""initials""]",[],SAME,CURATED_APPROXIMATION,ZINGG_ENTITY_RESOLUTION,false,SENIOR_V1_TO_CANONICAL_V1,APPROVED,Likely same person across compatible sources.,SUPPORTING_EVIDENCE,"{""source_dataset"":""analytics/crypto_zingg_candidate_relationships.csv""}",2026.07.18.1
CRYPTO_KENNEL_LONG_CON,Z-0105,PR-420E10EC-01,PR-420E10EC-02,PERSON,HIGH,0.956,"[""normalized_name"",""phone"",""email_or_address""]","[""source_format"",""initials""]",[],SAME,CURATED_APPROXIMATION,ZINGG_ENTITY_RESOLUTION,false,SENIOR_V1_TO_CANONICAL_V1,APPROVED,Likely same person across compatible sources.,SUPPORTING_EVIDENCE,"{""source_dataset"":""analytics/crypto_zingg_candidate_relationships.csv""}",2026.07.18.1
CRYPTO_KENNEL_LONG_CON,Z-0106,PR-DBA7E79E-01,PR-DBA7E79E-02,PERSON,HIGH,0.956,"[""normalized_name"",""phone"",""email_or_address""]","[""source_format"",""initials""]",[],SAME,CURATED_APPROXIMATION,ZINGG_ENTITY_RESOLUTION,false,SENIOR_V1_TO_CANONICAL_V1,APPROVED,Likely same person across compatible sources.,SUPPORTING_EVIDENCE,"{""source_dataset"":""analytics/crypto_zingg_candidate_relationships.csv""}",2026.07.18.1
CRYPTO_KENNEL_LONG_CON,Z-0107,PR-800377B3-01,PR-800377B3-02,PERSON,HIGH,0.956,"[""normalized_name"",""phone"",""email_or_address""]","[""source_format"",""initials""]",[],SAME,CURATED_APPROXIMATION,ZINGG_ENTITY_RESOLUTION,false,SENIOR_V1_TO_CANONICAL_V1,APPROVED,Likely same person across compatible sources.,SUPPORTING_EVIDENCE,"{""source_dataset"":""analytics/crypto_zingg_candidate_relationships.csv""}",2026.07.18.1
CRYPTO_KENNEL_LONG_CON,Z-0108,PR-9674CD14-01,PR-9674CD14-02,PERSON,HIGH,0.956,"[""normalized_name"",""phone"",""email_or_address""]","[""source_format"",""initials""]",[],SAME,CURATED_APPROXIMATION,ZINGG_ENTITY_RESOLUTION,false,SENIOR_V1_TO_CANONICAL_V1,APPROVED,Likely same person across compatible sources.,SUPPORTING_EVIDENCE,"{""source_dataset"":""analytics/crypto_zingg_candidate_relationships.csv""}",2026.07.18.1
CRYPTO_KENNEL_LONG_CON,Z-0109,PR-0A02FE93-01,PR-0A02FE93-02,PERSON,HIGH,0.956,"[""normalized_name"",""phone"",""email_or_address""]","[""source_format"",""initials""]",[],SAME,CURATED_APPROXIMATION,ZINGG_ENTITY_RESOLUTION,false,SENIOR_V1_TO_CANONICAL_V1,APPROVED,Likely same person across compatible sources.,SUPPORTING_EVIDENCE,"{""source_dataset"":""analytics/crypto_zingg_candidate_relationships.csv""}",2026.07.18.1
CRYPTO_KENNEL_LONG_CON,Z-0110,PR-DBC73925-01,PR-DBC73925-02,PERSON,HIGH,0.956,"[""normalized_name"",""phone"",""email_or_address""]","[""source_format"",""initials""]",[],SAME,CURATED_APPROXIMATION,ZINGG_ENTITY_RESOLUTION,false,SENIOR_V1_TO_CANONICAL_V1,APPROVED,Likely same person across compatible sources.,SUPPORTING_EVIDENCE,"{""source_dataset"":""analytics/crypto_zingg_candidate_relationships.csv""}",2026.07.18.1
CRYPTO_KENNEL_LONG_CON,Z-0111,PR-CA1C993C-01,PR-CA1C993C-02,PERSON,HIGH,0.956,"[""normalized_name"",""phone"",""email_or_address""]","[""source_format"",""initials""]",[],SAME,CURATED_APPROXIMATION,ZINGG_ENTITY_RESOLUTION,false,SENIOR_V1_TO_CANONICAL_V1,APPROVED,Likely same person across compatible sources.,SUPPORTING_EVIDENCE,"{""source_dataset"":""analytics/crypto_zingg_candidate_relationships.csv""}",2026.07.18.1
CRYPTO_KENNEL_LONG_CON,Z-0112,PR-84B547AA-01,PR-84B547AA-02,PERSON,HIGH,0.956,"[""normalized_name"",""phone"",""email_or_address""]","[""source_format"",""initials""]",[],SAME,CURATED_APPROXIMATION,ZINGG_ENTITY_RESOLUTION,false,SENIOR_V1_TO_CANONICAL_V1,APPROVED,Likely same person across compatible sources.,SUPPORTING_EVIDENCE,"{""source_dataset"":""analytics/crypto_zingg_candidate_relationships.csv""}",2026.07.18.1
CRYPTO_KENNEL_LONG_CON,Z-0113,PR-6A5643D3-01,PR-6A5643D3-02,PERSON,HIGH,0.956,"[""normalized_name"",""phone"",""email_or_address""]","[""source_format"",""initials""]",[],SAME,CURATED_APPROXIMATION,ZINGG_ENTITY_RESOLUTION,false,SENIOR_V1_TO_CANONICAL_V1,APPROVED,Likely same person across compatible sources.,SUPPORTING_EVIDENCE,"{""source_dataset"":""analytics/crypto_zingg_candidate_relationships.csv""}",2026.07.18.1
CRYPTO_KENNEL_LONG_CON,Z-0114,PR-C0A257C2-01,PR-C0A257C2-02,PERSON,HIGH,0.956,"[""normalized_name"",""phone"",""email_or_address""]","[""source_format"",""initials""]",[],SAME,CURATED_APPROXIMATION,ZINGG_ENTITY_RESOLUTION,false,SENIOR_V1_TO_CANONICAL_V1,APPROVED,Likely same person across compatible sources.,SUPPORTING_EVIDENCE,"{""source_dataset"":""analytics/crypto_zingg_candidate_relationships.csv""}",2026.07.18.1
CRYPTO_KENNEL_LONG_CON,Z-0115,PR-F4BE405C-01,PR-F4BE405C-02,PERSON,HIGH,0.956,"[""normalized_name"",""phone"",""email_or_address""]","[""source_format"",""initials""]",[],SAME,CURATED_APPROXIMATION,ZINGG_ENTITY_RESOLUTION,false,SENIOR_V1_TO_CANONICAL_V1,APPROVED,Likely same person across compatible sources.,SUPPORTING_EVIDENCE,"{""source_dataset"":""analytics/crypto_zingg_candidate_relationships.csv""}",2026.07.18.1
CRYPTO_KENNEL_LONG_CON,Z-0116,PR-FED14EDF-01,PR-FED14EDF-02,PERSON,HIGH,0.956,"[""normalized_name"",""phone"",""email_or_address""]","[""source_format"",""initials""]",[],SAME,CURATED_APPROXIMATION,ZINGG_ENTITY_RESOLUTION,false,SENIOR_V1_TO_CANONICAL_V1,APPROVED,Likely same person across compatible sources.,SUPPORTING_EVIDENCE,"{""source_dataset"":""analytics/crypto_zingg_candidate_relationships.csv""}",2026.07.18.1
CRYPTO_KENNEL_LONG_CON,Z-0117,PR-A959C28B-01,PR-A959C28B-02,PERSON,HIGH,0.956,"[""normalized_name"",""phone"",""email_or_address""]","[""source_format"",""initials""]",[],SAME,CURATED_APPROXIMATION,ZINGG_ENTITY_RESOLUTION,false,SENIOR_V1_TO_CANONICAL_V1,APPROVED,Likely same person across compatible sources.,SUPPORTING_EVIDENCE,"{""source_dataset"":""analytics/crypto_zingg_candidate_relationships.csv""}",2026.07.18.1
CRYPTO_KENNEL_LONG_CON,Z-0118,PR-1E936EDD-01,PR-1E936EDD-02,PERSON,HIGH,0.956,"[""normalized_name"",""phone"",""email_or_address""]","[""source_format"",""initials""]",[],SAME,CURATED_APPROXIMATION,ZINGG_ENTITY_RESOLUTION,false,SENIOR_V1_TO_CANONICAL_V1,APPROVED,Likely same person across compatible sources.,SUPPORTING_EVIDENCE,"{""source_dataset"":""analytics/crypto_zingg_candidate_relationships.csv""}",2026.07.18.1
CRYPTO_KENNEL_LONG_CON,Z-0119,PR-70AF3973-01,PR-70AF3973-02,PERSON,HIGH,0.956,"[""normalized_name"",""phone"",""email_or_address""]","[""source_format"",""initials""]",[],SAME,CURATED_APPROXIMATION,ZINGG_ENTITY_RESOLUTION,false,SENIOR_V1_TO_CANONICAL_V1,APPROVED,Likely same person across compatible sources.,SUPPORTING_EVIDENCE,"{""source_dataset"":""analytics/crypto_zingg_candidate_relationships.csv""}",2026.07.18.1
CRYPTO_KENNEL_LONG_CON,Z-0120,PR-00B4FA88-01,PR-00B4FA88-02,PERSON,HIGH,0.956,"[""normalized_name"",""phone"",""email_or_address""]","[""source_format"",""initials""]",[],SAME,CURATED_APPROXIMATION,ZINGG_ENTITY_RESOLUTION,false,SENIOR_V1_TO_CANONICAL_V1,APPROVED,Likely same person across compatible sources.,SUPPORTING_EVIDENCE,"{""source_dataset"":""analytics/crypto_zingg_candidate_relationships.csv""}",2026.07.18.1
CRYPTO_KENNEL_LONG_CON,Z-0121,PR-41688C35-01,PR-41688C35-02,PERSON,HIGH,0.956,"[""normalized_name"",""phone"",""email_or_address""]","[""source_format"",""initials""]",[],SAME,CURATED_APPROXIMATION,ZINGG_ENTITY_RESOLUTION,false,SENIOR_V1_TO_CANONICAL_V1,APPROVED,Likely same person across compatible sources.,SUPPORTING_EVIDENCE,"{""source_dataset"":""analytics/crypto_zingg_candidate_relationships.csv""}",2026.07.18.1
CRYPTO_KENNEL_LONG_CON,Z-0122,PR-5868E2CD-01,PR-5868E2CD-02,PERSON,HIGH,0.956,"[""normalized_name"",""phone"",""email_or_address""]","[""source_format"",""initials""]",[],SAME,CURATED_APPROXIMATION,ZINGG_ENTITY_RESOLUTION,false,SENIOR_V1_TO_CANONICAL_V1,APPROVED,Likely same person across compatible sources.,SUPPORTING_EVIDENCE,"{""source_dataset"":""analytics/crypto_zingg_candidate_relationships.csv""}",2026.07.18.1
CRYPTO_KENNEL_LONG_CON,Z-0123,PR-F37DFDA4-01,PR-F37DFDA4-02,PERSON,HIGH,0.956,"[""normalized_name"",""phone"",""email_or_address""]","[""source_format"",""initials""]",[],SAME,CURATED_APPROXIMATION,ZINGG_ENTITY_RESOLUTION,false,SENIOR_V1_TO_CANONICAL_V1,APPROVED,Likely same person across compatible sources.,SUPPORTING_EVIDENCE,"{""source_dataset"":""analytics/crypto_zingg_candidate_relationships.csv""}",2026.07.18.1
CRYPTO_KENNEL_LONG_CON,Z-0124,PR-35CF751B-01,PR-35CF751B-02,PERSON,HIGH,0.956,"[""normalized_name"",""phone"",""email_or_address""]","[""source_format"",""initials""]",[],SAME,CURATED_APPROXIMATION,ZINGG_ENTITY_RESOLUTION,false,SENIOR_V1_TO_CANONICAL_V1,APPROVED,Likely same person across compatible sources.,SUPPORTING_EVIDENCE,"{""source_dataset"":""analytics/crypto_zingg_candidate_relationships.csv""}",2026.07.18.1
CRYPTO_KENNEL_LONG_CON,Z-0125,PR-2EC51C09-01,PR-2EC51C09-02,PERSON,HIGH,0.956,"[""normalized_name"",""phone"",""email_or_address""]","[""source_format"",""initials""]",[],SAME,CURATED_APPROXIMATION,ZINGG_ENTITY_RESOLUTION,false,SENIOR_V1_TO_CANONICAL_V1,APPROVED,Likely same person across compatible sources.,SUPPORTING_EVIDENCE,"{""source_dataset"":""analytics/crypto_zingg_candidate_relationships.csv""}",2026.07.18.1
CRYPTO_KENNEL_LONG_CON,Z-0126,PR-EFE059A1-01,PR-EFE059A1-02,PERSON,HIGH,0.956,"[""normalized_name"",""phone"",""email_or_address""]","[""source_format"",""initials""]",[],SAME,CURATED_APPROXIMATION,ZINGG_ENTITY_RESOLUTION,false,SENIOR_V1_TO_CANONICAL_V1,APPROVED,Likely same person across compatible sources.,SUPPORTING_EVIDENCE,"{""source_dataset"":""analytics/crypto_zingg_candidate_relationships.csv""}",2026.07.18.1
CRYPTO_KENNEL_LONG_CON,Z-0127,PR-0464BF8A-01,PR-0464BF8A-02,PERSON,HIGH,0.956,"[""normalized_name"",""phone"",""email_or_address""]","[""source_format"",""initials""]",[],SAME,CURATED_APPROXIMATION,ZINGG_ENTITY_RESOLUTION,false,SENIOR_V1_TO_CANONICAL_V1,APPROVED,Likely same person across compatible sources.,SUPPORTING_EVIDENCE,"{""source_dataset"":""analytics/crypto_zingg_candidate_relationships.csv""}",2026.07.18.1
CRYPTO_KENNEL_LONG_CON,Z-0128,PR-D6144D80-01,PR-D6144D80-02,PERSON,HIGH,0.956,"[""normalized_name"",""phone"",""email_or_address""]","[""source_format"",""initials""]",[],SAME,CURATED_APPROXIMATION,ZINGG_ENTITY_RESOLUTION,false,SENIOR_V1_TO_CANONICAL_V1,APPROVED,Likely same person across compatible sources.,SUPPORTING_EVIDENCE,"{""source_dataset"":""analytics/crypto_zingg_candidate_relationships.csv""}",2026.07.18.1
CRYPTO_KENNEL_LONG_CON,Z-0129,PR-84FE0229-01,PR-84FE0229-02,PERSON,HIGH,0.956,"[""normalized_name"",""phone"",""email_or_address""]","[""source_format"",""initials""]",[],SAME,CURATED_APPROXIMATION,ZINGG_ENTITY_RESOLUTION,false,SENIOR_V1_TO_CANONICAL_V1,APPROVED,Likely same person across compatible sources.,SUPPORTING_EVIDENCE,"{""source_dataset"":""analytics/crypto_zingg_candidate_relationships.csv""}",2026.07.18.1
CRYPTO_KENNEL_LONG_CON,Z-0130,PR-818C6CBE-01,PR-818C6CBE-02,PERSON,HIGH,0.956,"[""normalized_name"",""phone"",""email_or_address""]","[""source_format"",""initials""]",[],SAME,CURATED_APPROXIMATION,ZINGG_ENTITY_RESOLUTION,false,SENIOR_V1_TO_CANONICAL_V1,APPROVED,Likely same person across compatible sources.,SUPPORTING_EVIDENCE,"{""source_dataset"":""analytics/crypto_zingg_candidate_relationships.csv""}",2026.07.18.1
CRYPTO_KENNEL_LONG_CON,Z-0131,PR-B0416111-01,PR-B0416111-02,PERSON,HIGH,0.956,"[""normalized_name"",""phone"",""email_or_address""]","[""source_format"",""initials""]",[],SAME,CURATED_APPROXIMATION,ZINGG_ENTITY_RESOLUTION,false,SENIOR_V1_TO_CANONICAL_V1,APPROVED,Likely same person across compatible sources.,SUPPORTING_EVIDENCE,"{""source_dataset"":""analytics/crypto_zingg_candidate_relationships.csv""}",2026.07.18.1
CRYPTO_KENNEL_LONG_CON,Z-0132,PR-EF9C391E-01,PR-EF9C391E-02,PERSON,HIGH,0.956,"[""normalized_name"",""phone"",""email_or_address""]","[""source_format"",""initials""]",[],SAME,CURATED_APPROXIMATION,ZINGG_ENTITY_RESOLUTION,false,SENIOR_V1_TO_CANONICAL_V1,APPROVED,Likely same person across compatible sources.,SUPPORTING_EVIDENCE,"{""source_dataset"":""analytics/crypto_zingg_candidate_relationships.csv""}",2026.07.18.1
CRYPTO_KENNEL_LONG_CON,Z-0133,PR-20C77676-01,PR-20C77676-02,PERSON,HIGH,0.956,"[""normalized_name"",""phone"",""email_or_address""]","[""source_format"",""initials""]",[],SAME,CURATED_APPROXIMATION,ZINGG_ENTITY_RESOLUTION,false,SENIOR_V1_TO_CANONICAL_V1,APPROVED,Likely same person across compatible sources.,SUPPORTING_EVIDENCE,"{""source_dataset"":""analytics/crypto_zingg_candidate_relationships.csv""}",2026.07.18.1
CRYPTO_KENNEL_LONG_CON,Z-0134,PR-4178EFE0-01,PR-4178EFE0-02,PERSON,HIGH,0.956,"[""normalized_name"",""phone"",""email_or_address""]","[""source_format"",""initials""]",[],SAME,CURATED_APPROXIMATION,ZINGG_ENTITY_RESOLUTION,false,SENIOR_V1_TO_CANONICAL_V1,APPROVED,Likely same person across compatible sources.,SUPPORTING_EVIDENCE,"{""source_dataset"":""analytics/crypto_zingg_candidate_relationships.csv""}",2026.07.18.1
CRYPTO_KENNEL_LONG_CON,Z-0135,PR-E76DB5AC-01,PR-E76DB5AC-02,PERSON,HIGH,0.956,"[""normalized_name"",""phone"",""email_or_address""]","[""source_format"",""initials""]",[],SAME,CURATED_APPROXIMATION,ZINGG_ENTITY_RESOLUTION,false,SENIOR_V1_TO_CANONICAL_V1,APPROVED,Likely same person across compatible sources.,SUPPORTING_EVIDENCE,"{""source_dataset"":""analytics/crypto_zingg_candidate_relationships.csv""}",2026.07.18.1
CRYPTO_KENNEL_LONG_CON,Z-0136,PR-04377FAC-01,PR-04377FAC-02,PERSON,HIGH,0.956,"[""normalized_name"",""phone"",""email_or_address""]","[""source_format"",""initials""]",[],SAME,CURATED_APPROXIMATION,ZINGG_ENTITY_RESOLUTION,false,SENIOR_V1_TO_CANONICAL_V1,APPROVED,Likely same person across compatible sources.,SUPPORTING_EVIDENCE,"{""source_dataset"":""analytics/crypto_zingg_candidate_relationships.csv""}",2026.07.18.1
CRYPTO_KENNEL_LONG_CON,Z-0137,PR-5228C207-01,PR-5228C207-02,PERSON,HIGH,0.956,"[""normalized_name"",""phone"",""email_or_address""]","[""source_format"",""initials""]",[],SAME,CURATED_APPROXIMATION,ZINGG_ENTITY_RESOLUTION,false,SENIOR_V1_TO_CANONICAL_V1,APPROVED,Likely same person across compatible sources.,SUPPORTING_EVIDENCE,"{""source_dataset"":""analytics/crypto_zingg_candidate_relationships.csv""}",2026.07.18.1
CRYPTO_KENNEL_LONG_CON,Z-0138,PR-96B0A91D-01,PR-96B0A91D-02,PERSON,HIGH,0.956,"[""normalized_name"",""phone"",""email_or_address""]","[""source_format"",""initials""]",[],SAME,CURATED_APPROXIMATION,ZINGG_ENTITY_RESOLUTION,false,SENIOR_V1_TO_CANONICAL_V1,APPROVED,Likely same person across compatible sources.,SUPPORTING_EVIDENCE,"{""source_dataset"":""analytics/crypto_zingg_candidate_relationships.csv""}",2026.07.18.1
CRYPTO_KENNEL_LONG_CON,Z-0139,PR-E4E53440-01,PR-E4E53440-02,PERSON,HIGH,0.956,"[""normalized_name"",""phone"",""email_or_address""]","[""source_format"",""initials""]",[],SAME,CURATED_APPROXIMATION,ZINGG_ENTITY_RESOLUTION,false,SENIOR_V1_TO_CANONICAL_V1,APPROVED,Likely same person across compatible sources.,SUPPORTING_EVIDENCE,"{""source_dataset"":""analytics/crypto_zingg_candidate_relationships.csv""}",2026.07.18.1
CRYPTO_KENNEL_LONG_CON,Z-0140,PR-0852FB8C-01,PR-0852FB8C-02,PERSON,HIGH,0.956,"[""normalized_name"",""phone"",""email_or_address""]","[""source_format"",""initials""]",[],SAME,CURATED_APPROXIMATION,ZINGG_ENTITY_RESOLUTION,false,SENIOR_V1_TO_CANONICAL_V1,APPROVED,Likely same person across compatible sources.,SUPPORTING_EVIDENCE,"{""source_dataset"":""analytics/crypto_zingg_candidate_relationships.csv""}",2026.07.18.1
CRYPTO_KENNEL_LONG_CON,Z-0141,PR-4A591885-01,PR-4A591885-02,PERSON,HIGH,0.956,"[""normalized_name"",""phone"",""email_or_address""]","[""source_format"",""initials""]",[],SAME,CURATED_APPROXIMATION,ZINGG_ENTITY_RESOLUTION,false,SENIOR_V1_TO_CANONICAL_V1,APPROVED,Likely same person across compatible sources.,SUPPORTING_EVIDENCE,"{""source_dataset"":""analytics/crypto_zingg_candidate_relationships.csv""}",2026.07.18.1
CRYPTO_KENNEL_LONG_CON,Z-0142,PR-D35C42ED-01,PR-D35C42ED-02,PERSON,HIGH,0.956,"[""normalized_name"",""phone"",""email_or_address""]","[""source_format"",""initials""]",[],SAME,CURATED_APPROXIMATION,ZINGG_ENTITY_RESOLUTION,false,SENIOR_V1_TO_CANONICAL_V1,APPROVED,Likely same person across compatible sources.,SUPPORTING_EVIDENCE,"{""source_dataset"":""analytics/crypto_zingg_candidate_relationships.csv""}",2026.07.18.1
CRYPTO_KENNEL_LONG_CON,Z-0143,OR-CRYPTOKENNEL-01,OR-CRYPTOKENNEL-02,ORGANIZATION,HIGH,0.946,"[""name_tokens"",""registration"",""domain_or_address""]","[""legal_suffix"",""source_format""]",[],SAME,CURATED_APPROXIMATION,ZINGG_ENTITY_RESOLUTION,false,SENIOR_V1_TO_CANONICAL_V1,APPROVED,Likely same organization across compatible sources.,CORE_EVIDENCE,"{""source_dataset"":""analytics/crypto_zingg_candidate_relationships.csv""}",2026.07.18.1
CRYPTO_KENNEL_LONG_CON,Z-0144,OR-CRYPTOKENNEL-01,OR-CRYPTOKENNEL-03,ORGANIZATION,HIGH,0.936,"[""name_tokens"",""registration"",""domain_or_address""]","[""legal_suffix"",""source_format""]",[],SAME,CURATED_APPROXIMATION,ZINGG_ENTITY_RESOLUTION,false,SENIOR_V1_TO_CANONICAL_V1,APPROVED,Likely same organization across compatible sources.,CORE_EVIDENCE,"{""source_dataset"":""analytics/crypto_zingg_candidate_relationships.csv""}",2026.07.18.1
CRYPTO_KENNEL_LONG_CON,Z-0145,OR-CRYPTOKENNEL-02,OR-CRYPTOKENNEL-03,ORGANIZATION,MEDIUM_HIGH,0.911,"[""name_tokens"",""registration"",""domain_or_address""]","[""legal_suffix"",""source_format""]",[],SAME,CURATED_APPROXIMATION,ZINGG_ENTITY_RESOLUTION,false,SENIOR_V1_TO_CANONICAL_V1,APPROVED,Likely same organization across compatible sources.,CORE_EVIDENCE,"{""source_dataset"":""analytics/crypto_zingg_candidate_relationships.csv""}",2026.07.18.1
CRYPTO_KENNEL_LONG_CON,Z-0146,OR-BONEVAULT-01,OR-BONEVAULT-02,ORGANIZATION,HIGH,0.946,"[""name_tokens"",""registration"",""domain_or_address""]","[""legal_suffix"",""source_format""]",[],SAME,CURATED_APPROXIMATION,ZINGG_ENTITY_RESOLUTION,false,SENIOR_V1_TO_CANONICAL_V1,APPROVED,Likely same organization across compatible sources.,CORE_EVIDENCE,"{""source_dataset"":""analytics/crypto_zingg_candidate_relationships.csv""}",2026.07.18.1
CRYPTO_KENNEL_LONG_CON,Z-0147,OR-BONEVAULT-01,OR-BONEVAULT-03,ORGANIZATION,HIGH,0.936,"[""name_tokens"",""registration"",""domain_or_address""]","[""legal_suffix"",""source_format""]",[],SAME,CURATED_APPROXIMATION,ZINGG_ENTITY_RESOLUTION,false,SENIOR_V1_TO_CANONICAL_V1,APPROVED,Likely same organization across compatible sources.,CORE_EVIDENCE,"{""source_dataset"":""analytics/crypto_zingg_candidate_relationships.csv""}",2026.07.18.1
CRYPTO_KENNEL_LONG_CON,Z-0148,OR-BONEVAULT-02,OR-BONEVAULT-03,ORGANIZATION,MEDIUM_HIGH,0.911,"[""name_tokens"",""registration"",""domain_or_address""]","[""legal_suffix"",""source_format""]",[],SAME,CURATED_APPROXIMATION,ZINGG_ENTITY_RESOLUTION,false,SENIOR_V1_TO_CANONICAL_V1,APPROVED,Likely same organization across compatible sources.,CORE_EVIDENCE,"{""source_dataset"":""analytics/crypto_zingg_candidate_relationships.csv""}",2026.07.18.1
CRYPTO_KENNEL_LONG_CON,Z-0149,OR-MOONPAW-01,OR-MOONPAW-02,ORGANIZATION,HIGH,0.946,"[""name_tokens"",""registration"",""domain_or_address""]","[""legal_suffix"",""source_format""]",[],SAME,CURATED_APPROXIMATION,ZINGG_ENTITY_RESOLUTION,false,SENIOR_V1_TO_CANONICAL_V1,APPROVED,Likely same organization across compatible sources.,CORE_EVIDENCE,"{""source_dataset"":""analytics/crypto_zingg_candidate_relationships.csv""}",2026.07.18.1
CRYPTO_KENNEL_LONG_CON,Z-0150,OR-MOONPAW-01,OR-MOONPAW-03,ORGANIZATION,HIGH,0.936,"[""name_tokens"",""registration"",""domain_or_address""]","[""legal_suffix"",""source_format""]",[],SAME,CURATED_APPROXIMATION,ZINGG_ENTITY_RESOLUTION,false,SENIOR_V1_TO_CANONICAL_V1,APPROVED,Likely same organization across compatible sources.,CORE_EVIDENCE,"{""source_dataset"":""analytics/crypto_zingg_candidate_relationships.csv""}",2026.07.18.1
CRYPTO_KENNEL_LONG_CON,Z-0151,OR-MOONPAW-02,OR-MOONPAW-03,ORGANIZATION,MEDIUM_HIGH,0.911,"[""name_tokens"",""registration"",""domain_or_address""]","[""legal_suffix"",""source_format""]",[],SAME,CURATED_APPROXIMATION,ZINGG_ENTITY_RESOLUTION,false,SENIOR_V1_TO_CANONICAL_V1,APPROVED,Likely same organization across compatible sources.,CORE_EVIDENCE,"{""source_dataset"":""analytics/crypto_zingg_candidate_relationships.csv""}",2026.07.18.1
CRYPTO_KENNEL_LONG_CON,Z-0152,OR-HARBOROTC-01,OR-HARBOROTC-02,ORGANIZATION,HIGH,0.946,"[""name_tokens"",""registration"",""domain_or_address""]","[""legal_suffix"",""source_format""]",[],SAME,CURATED_APPROXIMATION,ZINGG_ENTITY_RESOLUTION,false,SENIOR_V1_TO_CANONICAL_V1,APPROVED,Likely same organization across compatible sources.,CORE_EVIDENCE,"{""source_dataset"":""analytics/crypto_zingg_candidate_relationships.csv""}",2026.07.18.1
CRYPTO_KENNEL_LONG_CON,Z-0153,OR-HARBOROTC-01,OR-HARBOROTC-03,ORGANIZATION,HIGH,0.936,"[""name_tokens"",""registration"",""domain_or_address""]","[""legal_suffix"",""source_format""]",[],SAME,CURATED_APPROXIMATION,ZINGG_ENTITY_RESOLUTION,false,SENIOR_V1_TO_CANONICAL_V1,APPROVED,Likely same organization across compatible sources.,CORE_EVIDENCE,"{""source_dataset"":""analytics/crypto_zingg_candidate_relationships.csv""}",2026.07.18.1
CRYPTO_KENNEL_LONG_CON,Z-0154,OR-HARBOROTC-02,OR-HARBOROTC-03,ORGANIZATION,MEDIUM_HIGH,0.911,"[""name_tokens"",""registration"",""domain_or_address""]","[""legal_suffix"",""source_format""]",[],SAME,CURATED_APPROXIMATION,ZINGG_ENTITY_RESOLUTION,false,SENIOR_V1_TO_CANONICAL_V1,APPROVED,Likely same organization across compatible sources.,CORE_EVIDENCE,"{""source_dataset"":""analytics/crypto_zingg_candidate_relationships.csv""}",2026.07.18.1
CRYPTO_KENNEL_LONG_CON,Z-0155,OR-LEASHBRIDGE-01,OR-LEASHBRIDGE-02,ORGANIZATION,HIGH,0.946,"[""name_tokens"",""registration"",""domain_or_address""]","[""legal_suffix"",""source_format""]",[],SAME,CURATED_APPROXIMATION,ZINGG_ENTITY_RESOLUTION,false,SENIOR_V1_TO_CANONICAL_V1,APPROVED,Likely same organization across compatible sources.,CORE_EVIDENCE,"{""source_dataset"":""analytics/crypto_zingg_candidate_relationships.csv""}",2026.07.18.1
CRYPTO_KENNEL_LONG_CON,Z-0156,OR-LEASHBRIDGE-01,OR-LEASHBRIDGE-03,ORGANIZATION,HIGH,0.936,"[""name_tokens"",""registration"",""domain_or_address""]","[""legal_suffix"",""source_format""]",[],SAME,CURATED_APPROXIMATION,ZINGG_ENTITY_RESOLUTION,false,SENIOR_V1_TO_CANONICAL_V1,APPROVED,Likely same organization across compatible sources.,CORE_EVIDENCE,"{""source_dataset"":""analytics/crypto_zingg_candidate_relationships.csv""}",2026.07.18.1
CRYPTO_KENNEL_LONG_CON,Z-0157,OR-LEASHBRIDGE-02,OR-LEASHBRIDGE-03,ORGANIZATION,MEDIUM_HIGH,0.911,"[""name_tokens"",""registration"",""domain_or_address""]","[""legal_suffix"",""source_format""]",[],SAME,CURATED_APPROXIMATION,ZINGG_ENTITY_RESOLUTION,false,SENIOR_V1_TO_CANONICAL_V1,APPROVED,Likely same organization across compatible sources.,CORE_EVIDENCE,"{""source_dataset"":""analytics/crypto_zingg_candidate_relationships.csv""}",2026.07.18.1
CRYPTO_KENNEL_LONG_CON,Z-0158,OR-KENNELCUSTODY-01,OR-KENNELCUSTODY-02,ORGANIZATION,HIGH,0.946,"[""name_tokens"",""registration"",""domain_or_address""]","[""legal_suffix"",""source_format""]",[],SAME,CURATED_APPROXIMATION,ZINGG_ENTITY_RESOLUTION,false,SENIOR_V1_TO_CANONICAL_V1,APPROVED,Likely same organization across compatible sources.,SUPPORTING_EVIDENCE,"{""source_dataset"":""analytics/crypto_zingg_candidate_relationships.csv""}",2026.07.18.1
CRYPTO_KENNEL_LONG_CON,Z-0159,OR-KENNELCUSTODY-01,OR-KENNELCUSTODY-03,ORGANIZATION,HIGH,0.936,"[""name_tokens"",""registration"",""domain_or_address""]","[""legal_suffix"",""source_format""]",[],SAME,CURATED_APPROXIMATION,ZINGG_ENTITY_RESOLUTION,false,SENIOR_V1_TO_CANONICAL_V1,APPROVED,Likely same organization across compatible sources.,SUPPORTING_EVIDENCE,"{""source_dataset"":""analytics/crypto_zingg_candidate_relationships.csv""}",2026.07.18.1
CRYPTO_KENNEL_LONG_CON,Z-0160,OR-KENNELCUSTODY-02,OR-KENNELCUSTODY-03,ORGANIZATION,MEDIUM_HIGH,0.911,"[""name_tokens"",""registration"",""domain_or_address""]","[""legal_suffix"",""source_format""]",[],SAME,CURATED_APPROXIMATION,ZINGG_ENTITY_RESOLUTION,false,SENIOR_V1_TO_CANONICAL_V1,APPROVED,Likely same organization across compatible sources.,SUPPORTING_EVIDENCE,"{""source_dataset"":""analytics/crypto_zingg_candidate_relationships.csv""}",2026.07.18.1
CRYPTO_KENNEL_LONG_CON,Z-0161,OR-AZUREBANK-01,OR-AZUREBANK-02,ORGANIZATION,HIGH,0.946,"[""name_tokens"",""registration"",""domain_or_address""]","[""legal_suffix"",""source_format""]",[],SAME,CURATED_APPROXIMATION,ZINGG_ENTITY_RESOLUTION,false,SENIOR_V1_TO_CANONICAL_V1,APPROVED,Likely same organization across compatible sources.,SUPPORTING_EVIDENCE,"{""source_dataset"":""analytics/crypto_zingg_candidate_relationships.csv""}",2026.07.18.1
CRYPTO_KENNEL_LONG_CON,Z-0162,OR-AZUREBANK-01,OR-AZUREBANK-03,ORGANIZATION,HIGH,0.936,"[""name_tokens"",""registration"",""domain_or_address""]","[""legal_suffix"",""source_format""]",[],SAME,CURATED_APPROXIMATION,ZINGG_ENTITY_RESOLUTION,false,SENIOR_V1_TO_CANONICAL_V1,APPROVED,Likely same organization across compatible sources.,SUPPORTING_EVIDENCE,"{""source_dataset"":""analytics/crypto_zingg_candidate_relationships.csv""}",2026.07.18.1
CRYPTO_KENNEL_LONG_CON,Z-0163,OR-AZUREBANK-02,OR-AZUREBANK-03,ORGANIZATION,MEDIUM_HIGH,0.911,"[""name_tokens"",""registration"",""domain_or_address""]","[""legal_suffix"",""source_format""]",[],SAME,CURATED_APPROXIMATION,ZINGG_ENTITY_RESOLUTION,false,SENIOR_V1_TO_CANONICAL_V1,APPROVED,Likely same organization across compatible sources.,SUPPORTING_EVIDENCE,"{""source_dataset"":""analytics/crypto_zingg_candidate_relationships.csv""}",2026.07.18.1
CRYPTO_KENNEL_LONG_CON,Z-0164,OR-LANTERNBANK-01,OR-LANTERNBANK-02,ORGANIZATION,HIGH,0.946,"[""name_tokens"",""registration"",""domain_or_address""]","[""legal_suffix"",""source_format""]",[],SAME,CURATED_APPROXIMATION,ZINGG_ENTITY_RESOLUTION,false,SENIOR_V1_TO_CANONICAL_V1,APPROVED,Likely same organization across compatible sources.,SUPPORTING_EVIDENCE,"{""source_dataset"":""analytics/crypto_zingg_candidate_relationships.csv""}",2026.07.18.1
CRYPTO_KENNEL_LONG_CON,Z-0165,OR-LANTERNBANK-01,OR-LANTERNBANK-03,ORGANIZATION,HIGH,0.936,"[""name_tokens"",""registration"",""domain_or_address""]","[""legal_suffix"",""source_format""]",[],SAME,CURATED_APPROXIMATION,ZINGG_ENTITY_RESOLUTION,false,SENIOR_V1_TO_CANONICAL_V1,APPROVED,Likely same organization across compatible sources.,SUPPORTING_EVIDENCE,"{""source_dataset"":""analytics/crypto_zingg_candidate_relationships.csv""}",2026.07.18.1
CRYPTO_KENNEL_LONG_CON,Z-0166,OR-LANTERNBANK-02,OR-LANTERNBANK-03,ORGANIZATION,MEDIUM_HIGH,0.911,"[""name_tokens"",""registration"",""domain_or_address""]","[""legal_suffix"",""source_format""]",[],SAME,CURATED_APPROXIMATION,ZINGG_ENTITY_RESOLUTION,false,SENIOR_V1_TO_CANONICAL_V1,APPROVED,Likely same organization across compatible sources.,SUPPORTING_EVIDENCE,"{""source_dataset"":""analytics/crypto_zingg_candidate_relationships.csv""}",2026.07.18.1
CRYPTO_KENNEL_LONG_CON,Z-0167,OR-CLEARCHAIN-01,OR-CLEARCHAIN-02,ORGANIZATION,HIGH,0.946,"[""name_tokens"",""registration"",""domain_or_address""]","[""legal_suffix"",""source_format""]",[],SAME,CURATED_APPROXIMATION,ZINGG_ENTITY_RESOLUTION,false,SENIOR_V1_TO_CANONICAL_V1,APPROVED,Likely same organization across compatible sources.,SUPPORTING_EVIDENCE,"{""source_dataset"":""analytics/crypto_zingg_candidate_relationships.csv""}",2026.07.18.1
CRYPTO_KENNEL_LONG_CON,Z-0168,OR-CLEARCHAIN-01,OR-CLEARCHAIN-03,ORGANIZATION,HIGH,0.936,"[""name_tokens"",""registration"",""domain_or_address""]","[""legal_suffix"",""source_format""]",[],SAME,CURATED_APPROXIMATION,ZINGG_ENTITY_RESOLUTION,false,SENIOR_V1_TO_CANONICAL_V1,APPROVED,Likely same organization across compatible sources.,SUPPORTING_EVIDENCE,"{""source_dataset"":""analytics/crypto_zingg_candidate_relationships.csv""}",2026.07.18.1
CRYPTO_KENNEL_LONG_CON,Z-0169,OR-CLEARCHAIN-02,OR-CLEARCHAIN-03,ORGANIZATION,MEDIUM_HIGH,0.911,"[""name_tokens"",""registration"",""domain_or_address""]","[""legal_suffix"",""source_format""]",[],SAME,CURATED_APPROXIMATION,ZINGG_ENTITY_RESOLUTION,false,SENIOR_V1_TO_CANONICAL_V1,APPROVED,Likely same organization across compatible sources.,SUPPORTING_EVIDENCE,"{""source_dataset"":""analytics/crypto_zingg_candidate_relationships.csv""}",2026.07.18.1
CRYPTO_KENNEL_LONG_CON,Z-0170,OR-OPENPAW-01,OR-OPENPAW-02,ORGANIZATION,HIGH,0.946,"[""name_tokens"",""registration"",""domain_or_address""]","[""legal_suffix"",""source_format""]",[],SAME,CURATED_APPROXIMATION,ZINGG_ENTITY_RESOLUTION,false,SENIOR_V1_TO_CANONICAL_V1,APPROVED,Likely same organization across compatible sources.,SUPPORTING_EVIDENCE,"{""source_dataset"":""analytics/crypto_zingg_candidate_relationships.csv""}",2026.07.18.1
CRYPTO_KENNEL_LONG_CON,Z-0171,OR-OPENPAW-01,OR-OPENPAW-03,ORGANIZATION,HIGH,0.936,"[""name_tokens"",""registration"",""domain_or_address""]","[""legal_suffix"",""source_format""]",[],SAME,CURATED_APPROXIMATION,ZINGG_ENTITY_RESOLUTION,false,SENIOR_V1_TO_CANONICAL_V1,APPROVED,Likely same organization across compatible sources.,SUPPORTING_EVIDENCE,"{""source_dataset"":""analytics/crypto_zingg_candidate_relationships.csv""}",2026.07.18.1
CRYPTO_KENNEL_LONG_CON,Z-0172,OR-OPENPAW-02,OR-OPENPAW-03,ORGANIZATION,MEDIUM_HIGH,0.911,"[""name_tokens"",""registration"",""domain_or_address""]","[""legal_suffix"",""source_format""]",[],SAME,CURATED_APPROXIMATION,ZINGG_ENTITY_RESOLUTION,false,SENIOR_V1_TO_CANONICAL_V1,APPROVED,Likely same organization across compatible sources.,SUPPORTING_EVIDENCE,"{""source_dataset"":""analytics/crypto_zingg_candidate_relationships.csv""}",2026.07.18.1
CRYPTO_KENNEL_LONG_CON,Z-0173,OR-PAWSUPPORT-01,OR-PAWSUPPORT-02,ORGANIZATION,HIGH,0.946,"[""name_tokens"",""registration"",""domain_or_address""]","[""legal_suffix"",""source_format""]",[],SAME,CURATED_APPROXIMATION,ZINGG_ENTITY_RESOLUTION,false,SENIOR_V1_TO_CANONICAL_V1,APPROVED,Likely same organization across compatible sources.,SUPPORTING_EVIDENCE,"{""source_dataset"":""analytics/crypto_zingg_candidate_relationships.csv""}",2026.07.18.1
CRYPTO_KENNEL_LONG_CON,Z-0174,OR-PAWSUPPORT-01,OR-PAWSUPPORT-03,ORGANIZATION,HIGH,0.936,"[""name_tokens"",""registration"",""domain_or_address""]","[""legal_suffix"",""source_format""]",[],SAME,CURATED_APPROXIMATION,ZINGG_ENTITY_RESOLUTION,false,SENIOR_V1_TO_CANONICAL_V1,APPROVED,Likely same organization across compatible sources.,SUPPORTING_EVIDENCE,"{""source_dataset"":""analytics/crypto_zingg_candidate_relationships.csv""}",2026.07.18.1
CRYPTO_KENNEL_LONG_CON,Z-0175,OR-PAWSUPPORT-02,OR-PAWSUPPORT-03,ORGANIZATION,MEDIUM_HIGH,0.911,"[""name_tokens"",""registration"",""domain_or_address""]","[""legal_suffix"",""source_format""]",[],SAME,CURATED_APPROXIMATION,ZINGG_ENTITY_RESOLUTION,false,SENIOR_V1_TO_CANONICAL_V1,APPROVED,Likely same organization across compatible sources.,SUPPORTING_EVIDENCE,"{""source_dataset"":""analytics/crypto_zingg_candidate_relationships.csv""}",2026.07.18.1
CRYPTO_KENNEL_LONG_CON,Z-0176,OR-AUDITCHAIN-01,OR-AUDITCHAIN-02,ORGANIZATION,HIGH,0.946,"[""name_tokens"",""registration"",""domain_or_address""]","[""legal_suffix"",""source_format""]",[],SAME,CURATED_APPROXIMATION,ZINGG_ENTITY_RESOLUTION,false,SENIOR_V1_TO_CANONICAL_V1,APPROVED,Likely same organization across compatible sources.,SUPPORTING_EVIDENCE,"{""source_dataset"":""analytics/crypto_zingg_candidate_relationships.csv""}",2026.07.18.1
CRYPTO_KENNEL_LONG_CON,Z-0177,OR-AUDITCHAIN-01,OR-AUDITCHAIN-03,ORGANIZATION,HIGH,0.936,"[""name_tokens"",""registration"",""domain_or_address""]","[""legal_suffix"",""source_format""]",[],SAME,CURATED_APPROXIMATION,ZINGG_ENTITY_RESOLUTION,false,SENIOR_V1_TO_CANONICAL_V1,APPROVED,Likely same organization across compatible sources.,SUPPORTING_EVIDENCE,"{""source_dataset"":""analytics/crypto_zingg_candidate_relationships.csv""}",2026.07.18.1
CRYPTO_KENNEL_LONG_CON,Z-0178,OR-AUDITCHAIN-02,OR-AUDITCHAIN-03,ORGANIZATION,MEDIUM_HIGH,0.911,"[""name_tokens"",""registration"",""domain_or_address""]","[""legal_suffix"",""source_format""]",[],SAME,CURATED_APPROXIMATION,ZINGG_ENTITY_RESOLUTION,false,SENIOR_V1_TO_CANONICAL_V1,APPROVED,Likely same organization across compatible sources.,SUPPORTING_EVIDENCE,"{""source_dataset"":""analytics/crypto_zingg_candidate_relationships.csv""}",2026.07.18.1
CRYPTO_KENNEL_LONG_CON,Z-0179,OR-CIVICLAB-01,OR-CIVICLAB-02,ORGANIZATION,HIGH,0.946,"[""name_tokens"",""registration"",""domain_or_address""]","[""legal_suffix"",""source_format""]",[],SAME,CURATED_APPROXIMATION,ZINGG_ENTITY_RESOLUTION,false,SENIOR_V1_TO_CANONICAL_V1,APPROVED,Likely same organization across compatible sources.,SUPPORTING_EVIDENCE,"{""source_dataset"":""analytics/crypto_zingg_candidate_relationships.csv""}",2026.07.18.1
CRYPTO_KENNEL_LONG_CON,Z-0180,OR-CIVICLAB-01,OR-CIVICLAB-03,ORGANIZATION,HIGH,0.936,"[""name_tokens"",""registration"",""domain_or_address""]","[""legal_suffix"",""source_format""]",[],SAME,CURATED_APPROXIMATION,ZINGG_ENTITY_RESOLUTION,false,SENIOR_V1_TO_CANONICAL_V1,APPROVED,Likely same organization across compatible sources.,SUPPORTING_EVIDENCE,"{""source_dataset"":""analytics/crypto_zingg_candidate_relationships.csv""}",2026.07.18.1
CRYPTO_KENNEL_LONG_CON,Z-0181,OR-CIVICLAB-02,OR-CIVICLAB-03,ORGANIZATION,MEDIUM_HIGH,0.911,"[""name_tokens"",""registration"",""domain_or_address""]","[""legal_suffix"",""source_format""]",[],SAME,CURATED_APPROXIMATION,ZINGG_ENTITY_RESOLUTION,false,SENIOR_V1_TO_CANONICAL_V1,APPROVED,Likely same organization across compatible sources.,SUPPORTING_EVIDENCE,"{""source_dataset"":""analytics/crypto_zingg_candidate_relationships.csv""}",2026.07.18.1
CRYPTO_KENNEL_LONG_CON,Z-0182,OR-SEABREEZE-01,OR-SEABREEZE-02,ORGANIZATION,HIGH,0.946,"[""name_tokens"",""registration"",""domain_or_address""]","[""legal_suffix"",""source_format""]",[],SAME,CURATED_APPROXIMATION,ZINGG_ENTITY_RESOLUTION,false,SENIOR_V1_TO_CANONICAL_V1,APPROVED,Likely same organization across compatible sources.,SUPPORTING_EVIDENCE,"{""source_dataset"":""analytics/crypto_zingg_candidate_relationships.csv""}",2026.07.18.1
CRYPTO_KENNEL_LONG_CON,Z-0183,OR-SEABREEZE-01,OR-SEABREEZE-03,ORGANIZATION,HIGH,0.936,"[""name_tokens"",""registration"",""domain_or_address""]","[""legal_suffix"",""source_format""]",[],SAME,CURATED_APPROXIMATION,ZINGG_ENTITY_RESOLUTION,false,SENIOR_V1_TO_CANONICAL_V1,APPROVED,Likely same organization across compatible sources.,SUPPORTING_EVIDENCE,"{""source_dataset"":""analytics/crypto_zingg_candidate_relationships.csv""}",2026.07.18.1
CRYPTO_KENNEL_LONG_CON,Z-0184,OR-SEABREEZE-02,OR-SEABREEZE-03,ORGANIZATION,MEDIUM_HIGH,0.911,"[""name_tokens"",""registration"",""domain_or_address""]","[""legal_suffix"",""source_format""]",[],SAME,CURATED_APPROXIMATION,ZINGG_ENTITY_RESOLUTION,false,SENIOR_V1_TO_CANONICAL_V1,APPROVED,Likely same organization across compatible sources.,SUPPORTING_EVIDENCE,"{""source_dataset"":""analytics/crypto_zingg_candidate_relationships.csv""}",2026.07.18.1
CRYPTO_KENNEL_LONG_CON,Z-0185,OR-CLOUDPAW-01,OR-CLOUDPAW-02,ORGANIZATION,HIGH,0.946,"[""name_tokens"",""registration"",""domain_or_address""]","[""legal_suffix"",""source_format""]",[],SAME,CURATED_APPROXIMATION,ZINGG_ENTITY_RESOLUTION,false,SENIOR_V1_TO_CANONICAL_V1,APPROVED,Likely same organization across compatible sources.,SUPPORTING_EVIDENCE,"{""source_dataset"":""analytics/crypto_zingg_candidate_relationships.csv""}",2026.07.18.1
CRYPTO_KENNEL_LONG_CON,Z-0186,OR-HEARTLINE-01,OR-HEARTLINE-02,ORGANIZATION,HIGH,0.946,"[""name_tokens"",""registration"",""domain_or_address""]","[""legal_suffix"",""source_format""]",[],SAME,CURATED_APPROXIMATION,ZINGG_ENTITY_RESOLUTION,false,SENIOR_V1_TO_CANONICAL_V1,APPROVED,Likely same organization across compatible sources.,SUPPORTING_EVIDENCE,"{""source_dataset"":""analytics/crypto_zingg_candidate_relationships.csv""}",2026.07.18.1
CRYPTO_KENNEL_LONG_CON,Z-0187,OR-GENUINE-01,OR-GENUINE-02,ORGANIZATION,HIGH,0.946,"[""name_tokens"",""registration"",""domain_or_address""]","[""legal_suffix"",""source_format""]",[],SAME,CURATED_APPROXIMATION,ZINGG_ENTITY_RESOLUTION,false,SENIOR_V1_TO_CANONICAL_V1,APPROVED,Likely same organization across compatible sources.,SUPPORTING_EVIDENCE,"{""source_dataset"":""analytics/crypto_zingg_candidate_relationships.csv""}",2026.07.18.1
CRYPTO_KENNEL_LONG_CON,Z-0188,OR-CLEARLEGAL-01,OR-CLEARLEGAL-02,ORGANIZATION,HIGH,0.946,"[""name_tokens"",""registration"",""domain_or_address""]","[""legal_suffix"",""source_format""]",[],SAME,CURATED_APPROXIMATION,ZINGG_ENTITY_RESOLUTION,false,SENIOR_V1_TO_CANONICAL_V1,APPROVED,Likely same organization across compatible sources.,SUPPORTING_EVIDENCE,"{""source_dataset"":""analytics/crypto_zingg_candidate_relationships.csv""}",2026.07.18.1
CRYPTO_KENNEL_LONG_CON,Z-0189,OR-COBALT-01,OR-COBALT-02,ORGANIZATION,HIGH,0.946,"[""name_tokens"",""registration"",""domain_or_address""]","[""legal_suffix"",""source_format""]",[],SAME,CURATED_APPROXIMATION,ZINGG_ENTITY_RESOLUTION,false,SENIOR_V1_TO_CANONICAL_V1,APPROVED,Likely same organization across compatible sources.,SUPPORTING_EVIDENCE,"{""source_dataset"":""analytics/crypto_zingg_candidate_relationships.csv""}",2026.07.18.1
CRYPTO_KENNEL_LONG_CON,Z-0190,OR-BLUEPORT-01,OR-BLUEPORT-02,ORGANIZATION,HIGH,0.946,"[""name_tokens"",""registration"",""domain_or_address""]","[""legal_suffix"",""source_format""]",[],SAME,CURATED_APPROXIMATION,ZINGG_ENTITY_RESOLUTION,false,SENIOR_V1_TO_CANONICAL_V1,APPROVED,Likely same organization across compatible sources.,SUPPORTING_EVIDENCE,"{""source_dataset"":""analytics/crypto_zingg_candidate_relationships.csv""}",2026.07.18.1
CRYPTO_KENNEL_LONG_CON,Z-0191,OR-CRYPTOKENNELS-01,OR-CRYPTOKENNELS-02,ORGANIZATION,HIGH,0.946,"[""name_tokens"",""registration"",""domain_or_address""]","[""legal_suffix"",""source_format""]",[],SAME,CURATED_APPROXIMATION,ZINGG_ENTITY_RESOLUTION,false,SENIOR_V1_TO_CANONICAL_V1,APPROVED,Likely same organization across compatible sources.,SUPPORTING_EVIDENCE,"{""source_dataset"":""analytics/crypto_zingg_candidate_relationships.csv""}",2026.07.18.1
CRYPTO_KENNEL_LONG_CON,Z-0192,OR-BONE-VAULT-01,OR-BONE-VAULT-02,ORGANIZATION,HIGH,0.946,"[""name_tokens"",""registration"",""domain_or_address""]","[""legal_suffix"",""source_format""]",[],SAME,CURATED_APPROXIMATION,ZINGG_ENTITY_RESOLUTION,false,SENIOR_V1_TO_CANONICAL_V1,APPROVED,Likely same organization across compatible sources.,SUPPORTING_EVIDENCE,"{""source_dataset"":""analytics/crypto_zingg_candidate_relationships.csv""}",2026.07.18.1
CRYPTO_KENNEL_LONG_CON,Z-0193,OR-MOON-PAW-01,OR-MOON-PAW-02,ORGANIZATION,HIGH,0.946,"[""name_tokens"",""registration"",""domain_or_address""]","[""legal_suffix"",""source_format""]",[],SAME,CURATED_APPROXIMATION,ZINGG_ENTITY_RESOLUTION,false,SENIOR_V1_TO_CANONICAL_V1,APPROVED,Likely same organization across compatible sources.,SUPPORTING_EVIDENCE,"{""source_dataset"":""analytics/crypto_zingg_candidate_relationships.csv""}",2026.07.18.1
CRYPTO_KENNEL_LONG_CON,Z-0194,OR-HARBOR-OTC-01,OR-HARBOR-OTC-02,ORGANIZATION,HIGH,0.946,"[""name_tokens"",""registration"",""domain_or_address""]","[""legal_suffix"",""source_format""]",[],SAME,CURATED_APPROXIMATION,ZINGG_ENTITY_RESOLUTION,false,SENIOR_V1_TO_CANONICAL_V1,APPROVED,Likely same organization across compatible sources.,SUPPORTING_EVIDENCE,"{""source_dataset"":""analytics/crypto_zingg_candidate_relationships.csv""}",2026.07.18.1
CRYPTO_KENNEL_LONG_CON,Z-0195,INV-0001,INV-0031,INVESTOR_PROFILE,MEDIUM_HIGH,0.804,"[""alias_tokens"",""recovery_email"",""referral_or_kyc""]","[""person_record"",""registration_time"",""platform_account""]",[],POSSIBLE_SAME_INVESTOR,CURATED_APPROXIMATION,ZINGG_ENTITY_RESOLUTION,false,SENIOR_V1_TO_CANONICAL_V1,APPROVED,"Profiles share recovery contact, referral or KYC pattern.",SUPPORTING_EVIDENCE,"{""source_dataset"":""analytics/crypto_zingg_candidate_relationships.csv""}",2026.07.18.1
CRYPTO_KENNEL_LONG_CON,Z-0196,INV-0002,INV-0032,INVESTOR_PROFILE,MEDIUM_HIGH,0.804,"[""alias_tokens"",""recovery_email"",""referral_or_kyc""]","[""person_record"",""registration_time"",""platform_account""]",[],POSSIBLE_SAME_INVESTOR,CURATED_APPROXIMATION,ZINGG_ENTITY_RESOLUTION,false,SENIOR_V1_TO_CANONICAL_V1,APPROVED,"Profiles share recovery contact, referral or KYC pattern.",SUPPORTING_EVIDENCE,"{""source_dataset"":""analytics/crypto_zingg_candidate_relationships.csv""}",2026.07.18.1
CRYPTO_KENNEL_LONG_CON,Z-0197,INV-0003,INV-0033,INVESTOR_PROFILE,MEDIUM_HIGH,0.804,"[""alias_tokens"",""recovery_email"",""referral_or_kyc""]","[""person_record"",""registration_time"",""platform_account""]",[],POSSIBLE_SAME_INVESTOR,CURATED_APPROXIMATION,ZINGG_ENTITY_RESOLUTION,false,SENIOR_V1_TO_CANONICAL_V1,APPROVED,"Profiles share recovery contact, referral or KYC pattern.",SUPPORTING_EVIDENCE,"{""source_dataset"":""analytics/crypto_zingg_candidate_relationships.csv""}",2026.07.18.1
CRYPTO_KENNEL_LONG_CON,Z-0198,INV-0004,INV-0034,INVESTOR_PROFILE,MEDIUM_HIGH,0.804,"[""alias_tokens"",""recovery_email"",""referral_or_kyc""]","[""person_record"",""registration_time"",""platform_account""]",[],POSSIBLE_SAME_INVESTOR,CURATED_APPROXIMATION,ZINGG_ENTITY_RESOLUTION,false,SENIOR_V1_TO_CANONICAL_V1,APPROVED,"Profiles share recovery contact, referral or KYC pattern.",SUPPORTING_EVIDENCE,"{""source_dataset"":""analytics/crypto_zingg_candidate_relationships.csv""}",2026.07.18.1
CRYPTO_KENNEL_LONG_CON,Z-0199,INV-0005,INV-0035,INVESTOR_PROFILE,MEDIUM_HIGH,0.804,"[""alias_tokens"",""recovery_email"",""referral_or_kyc""]","[""person_record"",""registration_time"",""platform_account""]",[],POSSIBLE_SAME_INVESTOR,CURATED_APPROXIMATION,ZINGG_ENTITY_RESOLUTION,false,SENIOR_V1_TO_CANONICAL_V1,APPROVED,"Profiles share recovery contact, referral or KYC pattern.",SUPPORTING_EVIDENCE,"{""source_dataset"":""analytics/crypto_zingg_candidate_relationships.csv""}",2026.07.18.1
CRYPTO_KENNEL_LONG_CON,Z-0200,INV-0006,INV-0036,INVESTOR_PROFILE,MEDIUM_HIGH,0.804,"[""alias_tokens"",""recovery_email"",""referral_or_kyc""]","[""person_record"",""registration_time"",""platform_account""]",[],POSSIBLE_SAME_INVESTOR,CURATED_APPROXIMATION,ZINGG_ENTITY_RESOLUTION,false,SENIOR_V1_TO_CANONICAL_V1,APPROVED,"Profiles share recovery contact, referral or KYC pattern.",SUPPORTING_EVIDENCE,"{""source_dataset"":""analytics/crypto_zingg_candidate_relationships.csv""}",2026.07.18.1
CRYPTO_KENNEL_LONG_CON,Z-0201,INV-0007,INV-0037,INVESTOR_PROFILE,MEDIUM_HIGH,0.804,"[""alias_tokens"",""recovery_email"",""referral_or_kyc""]","[""person_record"",""registration_time"",""platform_account""]",[],POSSIBLE_SAME_INVESTOR,CURATED_APPROXIMATION,ZINGG_ENTITY_RESOLUTION,false,SENIOR_V1_TO_CANONICAL_V1,APPROVED,"Profiles share recovery contact, referral or KYC pattern.",SUPPORTING_EVIDENCE,"{""source_dataset"":""analytics/crypto_zingg_candidate_relationships.csv""}",2026.07.18.1
CRYPTO_KENNEL_LONG_CON,Z-0202,INV-0008,INV-0038,INVESTOR_PROFILE,MEDIUM_HIGH,0.804,"[""alias_tokens"",""recovery_email"",""referral_or_kyc""]","[""person_record"",""registration_time"",""platform_account""]",[],POSSIBLE_SAME_INVESTOR,CURATED_APPROXIMATION,ZINGG_ENTITY_RESOLUTION,false,SENIOR_V1_TO_CANONICAL_V1,APPROVED,"Profiles share recovery contact, referral or KYC pattern.",SUPPORTING_EVIDENCE,"{""source_dataset"":""analytics/crypto_zingg_candidate_relationships.csv""}",2026.07.18.1
CRYPTO_KENNEL_LONG_CON,Z-0203,INV-0009,INV-0039,INVESTOR_PROFILE,MEDIUM_HIGH,0.804,"[""alias_tokens"",""recovery_email"",""referral_or_kyc""]","[""person_record"",""registration_time"",""platform_account""]",[],POSSIBLE_SAME_INVESTOR,CURATED_APPROXIMATION,ZINGG_ENTITY_RESOLUTION,false,SENIOR_V1_TO_CANONICAL_V1,APPROVED,"Profiles share recovery contact, referral or KYC pattern.",SUPPORTING_EVIDENCE,"{""source_dataset"":""analytics/crypto_zingg_candidate_relationships.csv""}",2026.07.18.1
CRYPTO_KENNEL_LONG_CON,Z-0204,INV-0010,INV-0040,INVESTOR_PROFILE,MEDIUM_HIGH,0.804,"[""alias_tokens"",""recovery_email"",""referral_or_kyc""]","[""person_record"",""registration_time"",""platform_account""]",[],POSSIBLE_SAME_INVESTOR,CURATED_APPROXIMATION,ZINGG_ENTITY_RESOLUTION,false,SENIOR_V1_TO_CANONICAL_V1,APPROVED,"Profiles share recovery contact, referral or KYC pattern.",SUPPORTING_EVIDENCE,"{""source_dataset"":""analytics/crypto_zingg_candidate_relationships.csv""}",2026.07.18.1
CRYPTO_KENNEL_LONG_CON,Z-0205,INV-0011,INV-0041,INVESTOR_PROFILE,MEDIUM_HIGH,0.804,"[""alias_tokens"",""recovery_email"",""referral_or_kyc""]","[""person_record"",""registration_time"",""platform_account""]",[],POSSIBLE_SAME_INVESTOR,CURATED_APPROXIMATION,ZINGG_ENTITY_RESOLUTION,false,SENIOR_V1_TO_CANONICAL_V1,APPROVED,"Profiles share recovery contact, referral or KYC pattern.",SUPPORTING_EVIDENCE,"{""source_dataset"":""analytics/crypto_zingg_candidate_relationships.csv""}",2026.07.18.1
CRYPTO_KENNEL_LONG_CON,Z-0206,INV-0012,INV-0042,INVESTOR_PROFILE,MEDIUM_HIGH,0.804,"[""alias_tokens"",""recovery_email"",""referral_or_kyc""]","[""person_record"",""registration_time"",""platform_account""]",[],POSSIBLE_SAME_INVESTOR,CURATED_APPROXIMATION,ZINGG_ENTITY_RESOLUTION,false,SENIOR_V1_TO_CANONICAL_V1,APPROVED,"Profiles share recovery contact, referral or KYC pattern.",SUPPORTING_EVIDENCE,"{""source_dataset"":""analytics/crypto_zingg_candidate_relationships.csv""}",2026.07.18.1
CRYPTO_KENNEL_LONG_CON,Z-0207,INV-0013,INV-0043,INVESTOR_PROFILE,MEDIUM_HIGH,0.804,"[""alias_tokens"",""recovery_email"",""referral_or_kyc""]","[""person_record"",""registration_time"",""platform_account""]",[],POSSIBLE_SAME_INVESTOR,CURATED_APPROXIMATION,ZINGG_ENTITY_RESOLUTION,false,SENIOR_V1_TO_CANONICAL_V1,APPROVED,"Profiles share recovery contact, referral or KYC pattern.",SUPPORTING_EVIDENCE,"{""source_dataset"":""analytics/crypto_zingg_candidate_relationships.csv""}",2026.07.18.1
CRYPTO_KENNEL_LONG_CON,Z-0208,INV-0014,INV-0044,INVESTOR_PROFILE,MEDIUM_HIGH,0.804,"[""alias_tokens"",""recovery_email"",""referral_or_kyc""]","[""person_record"",""registration_time"",""platform_account""]",[],POSSIBLE_SAME_INVESTOR,CURATED_APPROXIMATION,ZINGG_ENTITY_RESOLUTION,false,SENIOR_V1_TO_CANONICAL_V1,APPROVED,"Profiles share recovery contact, referral or KYC pattern.",SUPPORTING_EVIDENCE,"{""source_dataset"":""analytics/crypto_zingg_candidate_relationships.csv""}",2026.07.18.1
CRYPTO_KENNEL_LONG_CON,Z-0209,INV-0015,INV-0045,INVESTOR_PROFILE,MEDIUM_HIGH,0.804,"[""alias_tokens"",""recovery_email"",""referral_or_kyc""]","[""person_record"",""registration_time"",""platform_account""]",[],POSSIBLE_SAME_INVESTOR,CURATED_APPROXIMATION,ZINGG_ENTITY_RESOLUTION,false,SENIOR_V1_TO_CANONICAL_V1,APPROVED,"Profiles share recovery contact, referral or KYC pattern.",SUPPORTING_EVIDENCE,"{""source_dataset"":""analytics/crypto_zingg_candidate_relationships.csv""}",2026.07.18.1
CRYPTO_KENNEL_LONG_CON,Z-0210,INV-0016,INV-0046,INVESTOR_PROFILE,MEDIUM_HIGH,0.804,"[""alias_tokens"",""recovery_email"",""referral_or_kyc""]","[""person_record"",""registration_time"",""platform_account""]",[],POSSIBLE_SAME_INVESTOR,CURATED_APPROXIMATION,ZINGG_ENTITY_RESOLUTION,false,SENIOR_V1_TO_CANONICAL_V1,APPROVED,"Profiles share recovery contact, referral or KYC pattern.",SUPPORTING_EVIDENCE,"{""source_dataset"":""analytics/crypto_zingg_candidate_relationships.csv""}",2026.07.18.1
CRYPTO_KENNEL_LONG_CON,Z-0211,INV-0017,INV-0047,INVESTOR_PROFILE,MEDIUM_HIGH,0.804,"[""alias_tokens"",""recovery_email"",""referral_or_kyc""]","[""person_record"",""registration_time"",""platform_account""]",[],POSSIBLE_SAME_INVESTOR,CURATED_APPROXIMATION,ZINGG_ENTITY_RESOLUTION,false,SENIOR_V1_TO_CANONICAL_V1,APPROVED,"Profiles share recovery contact, referral or KYC pattern.",SUPPORTING_EVIDENCE,"{""source_dataset"":""analytics/crypto_zingg_candidate_relationships.csv""}",2026.07.18.1
CRYPTO_KENNEL_LONG_CON,Z-0212,INV-0018,INV-0048,INVESTOR_PROFILE,MEDIUM_HIGH,0.804,"[""alias_tokens"",""recovery_email"",""referral_or_kyc""]","[""person_record"",""registration_time"",""platform_account""]",[],POSSIBLE_SAME_INVESTOR,CURATED_APPROXIMATION,ZINGG_ENTITY_RESOLUTION,false,SENIOR_V1_TO_CANONICAL_V1,APPROVED,"Profiles share recovery contact, referral or KYC pattern.",SUPPORTING_EVIDENCE,"{""source_dataset"":""analytics/crypto_zingg_candidate_relationships.csv""}",2026.07.18.1
CRYPTO_KENNEL_LONG_CON,Z-0213,INV-0019,INV-0049,INVESTOR_PROFILE,MEDIUM_HIGH,0.804,"[""alias_tokens"",""recovery_email"",""referral_or_kyc""]","[""person_record"",""registration_time"",""platform_account""]",[],POSSIBLE_SAME_INVESTOR,CURATED_APPROXIMATION,ZINGG_ENTITY_RESOLUTION,false,SENIOR_V1_TO_CANONICAL_V1,APPROVED,"Profiles share recovery contact, referral or KYC pattern.",SUPPORTING_EVIDENCE,"{""source_dataset"":""analytics/crypto_zingg_candidate_relationships.csv""}",2026.07.18.1
CRYPTO_KENNEL_LONG_CON,Z-0214,INV-0020,INV-0050,INVESTOR_PROFILE,MEDIUM_HIGH,0.804,"[""alias_tokens"",""recovery_email"",""referral_or_kyc""]","[""person_record"",""registration_time"",""platform_account""]",[],POSSIBLE_SAME_INVESTOR,CURATED_APPROXIMATION,ZINGG_ENTITY_RESOLUTION,false,SENIOR_V1_TO_CANONICAL_V1,APPROVED,"Profiles share recovery contact, referral or KYC pattern.",SUPPORTING_EVIDENCE,"{""source_dataset"":""analytics/crypto_zingg_candidate_relationships.csv""}",2026.07.18.1
CRYPTO_KENNEL_LONG_CON,Z-0215,INV-0021,INV-0051,INVESTOR_PROFILE,MEDIUM_HIGH,0.804,"[""alias_tokens"",""recovery_email"",""referral_or_kyc""]","[""person_record"",""registration_time"",""platform_account""]",[],POSSIBLE_SAME_INVESTOR,CURATED_APPROXIMATION,ZINGG_ENTITY_RESOLUTION,false,SENIOR_V1_TO_CANONICAL_V1,APPROVED,"Profiles share recovery contact, referral or KYC pattern.",SUPPORTING_EVIDENCE,"{""source_dataset"":""analytics/crypto_zingg_candidate_relationships.csv""}",2026.07.18.1
CRYPTO_KENNEL_LONG_CON,Z-0216,INV-0022,INV-0052,INVESTOR_PROFILE,MEDIUM_HIGH,0.804,"[""alias_tokens"",""recovery_email"",""referral_or_kyc""]","[""person_record"",""registration_time"",""platform_account""]",[],POSSIBLE_SAME_INVESTOR,CURATED_APPROXIMATION,ZINGG_ENTITY_RESOLUTION,false,SENIOR_V1_TO_CANONICAL_V1,APPROVED,"Profiles share recovery contact, referral or KYC pattern.",SUPPORTING_EVIDENCE,"{""source_dataset"":""analytics/crypto_zingg_candidate_relationships.csv""}",2026.07.18.1
CRYPTO_KENNEL_LONG_CON,Z-0217,INV-0023,INV-0053,INVESTOR_PROFILE,MEDIUM_HIGH,0.804,"[""alias_tokens"",""recovery_email"",""referral_or_kyc""]","[""person_record"",""registration_time"",""platform_account""]",[],POSSIBLE_SAME_INVESTOR,CURATED_APPROXIMATION,ZINGG_ENTITY_RESOLUTION,false,SENIOR_V1_TO_CANONICAL_V1,APPROVED,"Profiles share recovery contact, referral or KYC pattern.",SUPPORTING_EVIDENCE,"{""source_dataset"":""analytics/crypto_zingg_candidate_relationships.csv""}",2026.07.18.1
CRYPTO_KENNEL_LONG_CON,Z-0218,INV-0024,INV-0054,INVESTOR_PROFILE,MEDIUM_HIGH,0.804,"[""alias_tokens"",""recovery_email"",""referral_or_kyc""]","[""person_record"",""registration_time"",""platform_account""]",[],POSSIBLE_SAME_INVESTOR,CURATED_APPROXIMATION,ZINGG_ENTITY_RESOLUTION,false,SENIOR_V1_TO_CANONICAL_V1,APPROVED,"Profiles share recovery contact, referral or KYC pattern.",SUPPORTING_EVIDENCE,"{""source_dataset"":""analytics/crypto_zingg_candidate_relationships.csv""}",2026.07.18.1
CRYPTO_KENNEL_LONG_CON,Z-0219,INV-0025,INV-0055,INVESTOR_PROFILE,MEDIUM_HIGH,0.804,"[""alias_tokens"",""recovery_email"",""referral_or_kyc""]","[""person_record"",""registration_time"",""platform_account""]",[],POSSIBLE_SAME_INVESTOR,CURATED_APPROXIMATION,ZINGG_ENTITY_RESOLUTION,false,SENIOR_V1_TO_CANONICAL_V1,APPROVED,"Profiles share recovery contact, referral or KYC pattern.",SUPPORTING_EVIDENCE,"{""source_dataset"":""analytics/crypto_zingg_candidate_relationships.csv""}",2026.07.18.1
CRYPTO_KENNEL_LONG_CON,Z-0220,INV-0026,INV-0056,INVESTOR_PROFILE,MEDIUM_HIGH,0.804,"[""alias_tokens"",""recovery_email"",""referral_or_kyc""]","[""person_record"",""registration_time"",""platform_account""]",[],POSSIBLE_SAME_INVESTOR,CURATED_APPROXIMATION,ZINGG_ENTITY_RESOLUTION,false,SENIOR_V1_TO_CANONICAL_V1,APPROVED,"Profiles share recovery contact, referral or KYC pattern.",SUPPORTING_EVIDENCE,"{""source_dataset"":""analytics/crypto_zingg_candidate_relationships.csv""}",2026.07.18.1
CRYPTO_KENNEL_LONG_CON,Z-0221,INV-0027,INV-0057,INVESTOR_PROFILE,MEDIUM_HIGH,0.804,"[""alias_tokens"",""recovery_email"",""referral_or_kyc""]","[""person_record"",""registration_time"",""platform_account""]",[],POSSIBLE_SAME_INVESTOR,CURATED_APPROXIMATION,ZINGG_ENTITY_RESOLUTION,false,SENIOR_V1_TO_CANONICAL_V1,APPROVED,"Profiles share recovery contact, referral or KYC pattern.",SUPPORTING_EVIDENCE,"{""source_dataset"":""analytics/crypto_zingg_candidate_relationships.csv""}",2026.07.18.1
CRYPTO_KENNEL_LONG_CON,Z-0222,INV-0028,INV-0058,INVESTOR_PROFILE,MEDIUM_HIGH,0.804,"[""alias_tokens"",""recovery_email"",""referral_or_kyc""]","[""person_record"",""registration_time"",""platform_account""]",[],POSSIBLE_SAME_INVESTOR,CURATED_APPROXIMATION,ZINGG_ENTITY_RESOLUTION,false,SENIOR_V1_TO_CANONICAL_V1,APPROVED,"Profiles share recovery contact, referral or KYC pattern.",SUPPORTING_EVIDENCE,"{""source_dataset"":""analytics/crypto_zingg_candidate_relationships.csv""}",2026.07.18.1
CRYPTO_KENNEL_LONG_CON,Z-0223,INV-0029,INV-0059,INVESTOR_PROFILE,MEDIUM_HIGH,0.804,"[""alias_tokens"",""recovery_email"",""referral_or_kyc""]","[""person_record"",""registration_time"",""platform_account""]",[],POSSIBLE_SAME_INVESTOR,CURATED_APPROXIMATION,ZINGG_ENTITY_RESOLUTION,false,SENIOR_V1_TO_CANONICAL_V1,APPROVED,"Profiles share recovery contact, referral or KYC pattern.",SUPPORTING_EVIDENCE,"{""source_dataset"":""analytics/crypto_zingg_candidate_relationships.csv""}",2026.07.18.1
CRYPTO_KENNEL_LONG_CON,Z-0224,INV-0030,INV-0060,INVESTOR_PROFILE,MEDIUM_HIGH,0.804,"[""alias_tokens"",""recovery_email"",""referral_or_kyc""]","[""person_record"",""registration_time"",""platform_account""]",[],POSSIBLE_SAME_INVESTOR,CURATED_APPROXIMATION,ZINGG_ENTITY_RESOLUTION,false,SENIOR_V1_TO_CANONICAL_V1,APPROVED,"Profiles share recovery contact, referral or KYC pattern.",SUPPORTING_EVIDENCE,"{""source_dataset"":""analytics/crypto_zingg_candidate_relationships.csv""}",2026.07.18.1
CRYPTO_KENNEL_LONG_CON,Z-0225,INV-0031,INV-0061,INVESTOR_PROFILE,MEDIUM_HIGH,0.804,"[""alias_tokens"",""recovery_email"",""referral_or_kyc""]","[""person_record"",""registration_time"",""platform_account""]",[],POSSIBLE_SAME_INVESTOR,CURATED_APPROXIMATION,ZINGG_ENTITY_RESOLUTION,false,SENIOR_V1_TO_CANONICAL_V1,APPROVED,"Profiles share recovery contact, referral or KYC pattern.",SUPPORTING_EVIDENCE,"{""source_dataset"":""analytics/crypto_zingg_candidate_relationships.csv""}",2026.07.18.1
CRYPTO_KENNEL_LONG_CON,Z-0226,INV-0032,INV-0062,INVESTOR_PROFILE,MEDIUM_HIGH,0.804,"[""alias_tokens"",""recovery_email"",""referral_or_kyc""]","[""person_record"",""registration_time"",""platform_account""]",[],POSSIBLE_SAME_INVESTOR,CURATED_APPROXIMATION,ZINGG_ENTITY_RESOLUTION,false,SENIOR_V1_TO_CANONICAL_V1,APPROVED,"Profiles share recovery contact, referral or KYC pattern.",SUPPORTING_EVIDENCE,"{""source_dataset"":""analytics/crypto_zingg_candidate_relationships.csv""}",2026.07.18.1
CRYPTO_KENNEL_LONG_CON,Z-0227,INV-0033,INV-0063,INVESTOR_PROFILE,MEDIUM_HIGH,0.804,"[""alias_tokens"",""recovery_email"",""referral_or_kyc""]","[""person_record"",""registration_time"",""platform_account""]",[],POSSIBLE_SAME_INVESTOR,CURATED_APPROXIMATION,ZINGG_ENTITY_RESOLUTION,false,SENIOR_V1_TO_CANONICAL_V1,APPROVED,"Profiles share recovery contact, referral or KYC pattern.",SUPPORTING_EVIDENCE,"{""source_dataset"":""analytics/crypto_zingg_candidate_relationships.csv""}",2026.07.18.1
CRYPTO_KENNEL_LONG_CON,Z-0228,INV-0034,INV-0064,INVESTOR_PROFILE,MEDIUM_HIGH,0.804,"[""alias_tokens"",""recovery_email"",""referral_or_kyc""]","[""person_record"",""registration_time"",""platform_account""]",[],POSSIBLE_SAME_INVESTOR,CURATED_APPROXIMATION,ZINGG_ENTITY_RESOLUTION,false,SENIOR_V1_TO_CANONICAL_V1,APPROVED,"Profiles share recovery contact, referral or KYC pattern.",SUPPORTING_EVIDENCE,"{""source_dataset"":""analytics/crypto_zingg_candidate_relationships.csv""}",2026.07.18.1
CRYPTO_KENNEL_LONG_CON,Z-0229,INV-0035,INV-0065,INVESTOR_PROFILE,MEDIUM_HIGH,0.804,"[""alias_tokens"",""recovery_email"",""referral_or_kyc""]","[""person_record"",""registration_time"",""platform_account""]",[],POSSIBLE_SAME_INVESTOR,CURATED_APPROXIMATION,ZINGG_ENTITY_RESOLUTION,false,SENIOR_V1_TO_CANONICAL_V1,APPROVED,"Profiles share recovery contact, referral or KYC pattern.",SUPPORTING_EVIDENCE,"{""source_dataset"":""analytics/crypto_zingg_candidate_relationships.csv""}",2026.07.18.1
CRYPTO_KENNEL_LONG_CON,Z-0230,INV-0036,INV-0066,INVESTOR_PROFILE,MEDIUM_HIGH,0.804,"[""alias_tokens"",""recovery_email"",""referral_or_kyc""]","[""person_record"",""registration_time"",""platform_account""]",[],POSSIBLE_SAME_INVESTOR,CURATED_APPROXIMATION,ZINGG_ENTITY_RESOLUTION,false,SENIOR_V1_TO_CANONICAL_V1,APPROVED,"Profiles share recovery contact, referral or KYC pattern.",SUPPORTING_EVIDENCE,"{""source_dataset"":""analytics/crypto_zingg_candidate_relationships.csv""}",2026.07.18.1
CRYPTO_KENNEL_LONG_CON,Z-0231,INV-0037,INV-0067,INVESTOR_PROFILE,MEDIUM_HIGH,0.804,"[""alias_tokens"",""recovery_email"",""referral_or_kyc""]","[""person_record"",""registration_time"",""platform_account""]",[],POSSIBLE_SAME_INVESTOR,CURATED_APPROXIMATION,ZINGG_ENTITY_RESOLUTION,false,SENIOR_V1_TO_CANONICAL_V1,APPROVED,"Profiles share recovery contact, referral or KYC pattern.",SUPPORTING_EVIDENCE,"{""source_dataset"":""analytics/crypto_zingg_candidate_relationships.csv""}",2026.07.18.1
CRYPTO_KENNEL_LONG_CON,Z-0232,INV-0038,INV-0068,INVESTOR_PROFILE,MEDIUM_HIGH,0.804,"[""alias_tokens"",""recovery_email"",""referral_or_kyc""]","[""person_record"",""registration_time"",""platform_account""]",[],POSSIBLE_SAME_INVESTOR,CURATED_APPROXIMATION,ZINGG_ENTITY_RESOLUTION,false,SENIOR_V1_TO_CANONICAL_V1,APPROVED,"Profiles share recovery contact, referral or KYC pattern.",SUPPORTING_EVIDENCE,"{""source_dataset"":""analytics/crypto_zingg_candidate_relationships.csv""}",2026.07.18.1
CRYPTO_KENNEL_LONG_CON,Z-0233,INV-0039,INV-0069,INVESTOR_PROFILE,MEDIUM_HIGH,0.804,"[""alias_tokens"",""recovery_email"",""referral_or_kyc""]","[""person_record"",""registration_time"",""platform_account""]",[],POSSIBLE_SAME_INVESTOR,CURATED_APPROXIMATION,ZINGG_ENTITY_RESOLUTION,false,SENIOR_V1_TO_CANONICAL_V1,APPROVED,"Profiles share recovery contact, referral or KYC pattern.",SUPPORTING_EVIDENCE,"{""source_dataset"":""analytics/crypto_zingg_candidate_relationships.csv""}",2026.07.18.1
CRYPTO_KENNEL_LONG_CON,Z-0234,INV-0040,INV-0070,INVESTOR_PROFILE,MEDIUM_HIGH,0.804,"[""alias_tokens"",""recovery_email"",""referral_or_kyc""]","[""person_record"",""registration_time"",""platform_account""]",[],POSSIBLE_SAME_INVESTOR,CURATED_APPROXIMATION,ZINGG_ENTITY_RESOLUTION,false,SENIOR_V1_TO_CANONICAL_V1,APPROVED,"Profiles share recovery contact, referral or KYC pattern.",SUPPORTING_EVIDENCE,"{""source_dataset"":""analytics/crypto_zingg_candidate_relationships.csv""}",2026.07.18.1
CRYPTO_KENNEL_LONG_CON,Z-0235,INV-0041,INV-0071,INVESTOR_PROFILE,MEDIUM_HIGH,0.804,"[""alias_tokens"",""recovery_email"",""referral_or_kyc""]","[""person_record"",""registration_time"",""platform_account""]",[],POSSIBLE_SAME_INVESTOR,CURATED_APPROXIMATION,ZINGG_ENTITY_RESOLUTION,false,SENIOR_V1_TO_CANONICAL_V1,APPROVED,"Profiles share recovery contact, referral or KYC pattern.",SUPPORTING_EVIDENCE,"{""source_dataset"":""analytics/crypto_zingg_candidate_relationships.csv""}",2026.07.18.1
CRYPTO_KENNEL_LONG_CON,Z-0236,INV-0042,INV-0072,INVESTOR_PROFILE,MEDIUM_HIGH,0.804,"[""alias_tokens"",""recovery_email"",""referral_or_kyc""]","[""person_record"",""registration_time"",""platform_account""]",[],POSSIBLE_SAME_INVESTOR,CURATED_APPROXIMATION,ZINGG_ENTITY_RESOLUTION,false,SENIOR_V1_TO_CANONICAL_V1,APPROVED,"Profiles share recovery contact, referral or KYC pattern.",SUPPORTING_EVIDENCE,"{""source_dataset"":""analytics/crypto_zingg_candidate_relationships.csv""}",2026.07.18.1
CRYPTO_KENNEL_LONG_CON,Z-0237,INV-0043,INV-0073,INVESTOR_PROFILE,MEDIUM_HIGH,0.804,"[""alias_tokens"",""recovery_email"",""referral_or_kyc""]","[""person_record"",""registration_time"",""platform_account""]",[],POSSIBLE_SAME_INVESTOR,CURATED_APPROXIMATION,ZINGG_ENTITY_RESOLUTION,false,SENIOR_V1_TO_CANONICAL_V1,APPROVED,"Profiles share recovery contact, referral or KYC pattern.",SUPPORTING_EVIDENCE,"{""source_dataset"":""analytics/crypto_zingg_candidate_relationships.csv""}",2026.07.18.1
CRYPTO_KENNEL_LONG_CON,Z-0238,INV-0044,INV-0074,INVESTOR_PROFILE,MEDIUM_HIGH,0.804,"[""alias_tokens"",""recovery_email"",""referral_or_kyc""]","[""person_record"",""registration_time"",""platform_account""]",[],POSSIBLE_SAME_INVESTOR,CURATED_APPROXIMATION,ZINGG_ENTITY_RESOLUTION,false,SENIOR_V1_TO_CANONICAL_V1,APPROVED,"Profiles share recovery contact, referral or KYC pattern.",SUPPORTING_EVIDENCE,"{""source_dataset"":""analytics/crypto_zingg_candidate_relationships.csv""}",2026.07.18.1
CRYPTO_KENNEL_LONG_CON,Z-0239,INV-0045,INV-0075,INVESTOR_PROFILE,MEDIUM_HIGH,0.804,"[""alias_tokens"",""recovery_email"",""referral_or_kyc""]","[""person_record"",""registration_time"",""platform_account""]",[],POSSIBLE_SAME_INVESTOR,CURATED_APPROXIMATION,ZINGG_ENTITY_RESOLUTION,false,SENIOR_V1_TO_CANONICAL_V1,APPROVED,"Profiles share recovery contact, referral or KYC pattern.",SUPPORTING_EVIDENCE,"{""source_dataset"":""analytics/crypto_zingg_candidate_relationships.csv""}",2026.07.18.1
CRYPTO_KENNEL_LONG_CON,Z-0240,INV-0046,INV-0076,INVESTOR_PROFILE,MEDIUM_HIGH,0.804,"[""alias_tokens"",""recovery_email"",""referral_or_kyc""]","[""person_record"",""registration_time"",""platform_account""]",[],POSSIBLE_SAME_INVESTOR,CURATED_APPROXIMATION,ZINGG_ENTITY_RESOLUTION,false,SENIOR_V1_TO_CANONICAL_V1,APPROVED,"Profiles share recovery contact, referral or KYC pattern.",SUPPORTING_EVIDENCE,"{""source_dataset"":""analytics/crypto_zingg_candidate_relationships.csv""}",2026.07.18.1
CRYPTO_KENNEL_LONG_CON,Z-0241,INV-0047,INV-0077,INVESTOR_PROFILE,MEDIUM_HIGH,0.804,"[""alias_tokens"",""recovery_email"",""referral_or_kyc""]","[""person_record"",""registration_time"",""platform_account""]",[],POSSIBLE_SAME_INVESTOR,CURATED_APPROXIMATION,ZINGG_ENTITY_RESOLUTION,false,SENIOR_V1_TO_CANONICAL_V1,APPROVED,"Profiles share recovery contact, referral or KYC pattern.",SUPPORTING_EVIDENCE,"{""source_dataset"":""analytics/crypto_zingg_candidate_relationships.csv""}",2026.07.18.1
CRYPTO_KENNEL_LONG_CON,Z-0242,INV-0048,INV-0078,INVESTOR_PROFILE,MEDIUM_HIGH,0.804,"[""alias_tokens"",""recovery_email"",""referral_or_kyc""]","[""person_record"",""registration_time"",""platform_account""]",[],POSSIBLE_SAME_INVESTOR,CURATED_APPROXIMATION,ZINGG_ENTITY_RESOLUTION,false,SENIOR_V1_TO_CANONICAL_V1,APPROVED,"Profiles share recovery contact, referral or KYC pattern.",SUPPORTING_EVIDENCE,"{""source_dataset"":""analytics/crypto_zingg_candidate_relationships.csv""}",2026.07.18.1
CRYPTO_KENNEL_LONG_CON,Z-0243,INV-0049,INV-0079,INVESTOR_PROFILE,MEDIUM_HIGH,0.804,"[""alias_tokens"",""recovery_email"",""referral_or_kyc""]","[""person_record"",""registration_time"",""platform_account""]",[],POSSIBLE_SAME_INVESTOR,CURATED_APPROXIMATION,ZINGG_ENTITY_RESOLUTION,false,SENIOR_V1_TO_CANONICAL_V1,APPROVED,"Profiles share recovery contact, referral or KYC pattern.",SUPPORTING_EVIDENCE,"{""source_dataset"":""analytics/crypto_zingg_candidate_relationships.csv""}",2026.07.18.1
CRYPTO_KENNEL_LONG_CON,Z-0244,INV-0050,INV-0080,INVESTOR_PROFILE,MEDIUM_HIGH,0.804,"[""alias_tokens"",""recovery_email"",""referral_or_kyc""]","[""person_record"",""registration_time"",""platform_account""]",[],POSSIBLE_SAME_INVESTOR,CURATED_APPROXIMATION,ZINGG_ENTITY_RESOLUTION,false,SENIOR_V1_TO_CANONICAL_V1,APPROVED,"Profiles share recovery contact, referral or KYC pattern.",SUPPORTING_EVIDENCE,"{""source_dataset"":""analytics/crypto_zingg_candidate_relationships.csv""}",2026.07.18.1
CRYPTO_KENNEL_LONG_CON,Z-0245,INV-0051,INV-0081,INVESTOR_PROFILE,MEDIUM_HIGH,0.804,"[""alias_tokens"",""recovery_email"",""referral_or_kyc""]","[""person_record"",""registration_time"",""platform_account""]",[],POSSIBLE_SAME_INVESTOR,CURATED_APPROXIMATION,ZINGG_ENTITY_RESOLUTION,false,SENIOR_V1_TO_CANONICAL_V1,APPROVED,"Profiles share recovery contact, referral or KYC pattern.",SUPPORTING_EVIDENCE,"{""source_dataset"":""analytics/crypto_zingg_candidate_relationships.csv""}",2026.07.18.1
CRYPTO_KENNEL_LONG_CON,Z-0246,INV-0052,INV-0082,INVESTOR_PROFILE,MEDIUM_HIGH,0.804,"[""alias_tokens"",""recovery_email"",""referral_or_kyc""]","[""person_record"",""registration_time"",""platform_account""]",[],POSSIBLE_SAME_INVESTOR,CURATED_APPROXIMATION,ZINGG_ENTITY_RESOLUTION,false,SENIOR_V1_TO_CANONICAL_V1,APPROVED,"Profiles share recovery contact, referral or KYC pattern.",SUPPORTING_EVIDENCE,"{""source_dataset"":""analytics/crypto_zingg_candidate_relationships.csv""}",2026.07.18.1
CRYPTO_KENNEL_LONG_CON,Z-0247,INV-0053,INV-0083,INVESTOR_PROFILE,MEDIUM_HIGH,0.804,"[""alias_tokens"",""recovery_email"",""referral_or_kyc""]","[""person_record"",""registration_time"",""platform_account""]",[],POSSIBLE_SAME_INVESTOR,CURATED_APPROXIMATION,ZINGG_ENTITY_RESOLUTION,false,SENIOR_V1_TO_CANONICAL_V1,APPROVED,"Profiles share recovery contact, referral or KYC pattern.",SUPPORTING_EVIDENCE,"{""source_dataset"":""analytics/crypto_zingg_candidate_relationships.csv""}",2026.07.18.1
CRYPTO_KENNEL_LONG_CON,Z-0248,INV-0054,INV-0084,INVESTOR_PROFILE,MEDIUM_HIGH,0.804,"[""alias_tokens"",""recovery_email"",""referral_or_kyc""]","[""person_record"",""registration_time"",""platform_account""]",[],POSSIBLE_SAME_INVESTOR,CURATED_APPROXIMATION,ZINGG_ENTITY_RESOLUTION,false,SENIOR_V1_TO_CANONICAL_V1,APPROVED,"Profiles share recovery contact, referral or KYC pattern.",SUPPORTING_EVIDENCE,"{""source_dataset"":""analytics/crypto_zingg_candidate_relationships.csv""}",2026.07.18.1
CRYPTO_KENNEL_LONG_CON,Z-0249,INV-0055,INV-0085,INVESTOR_PROFILE,MEDIUM_HIGH,0.804,"[""alias_tokens"",""recovery_email"",""referral_or_kyc""]","[""person_record"",""registration_time"",""platform_account""]",[],POSSIBLE_SAME_INVESTOR,CURATED_APPROXIMATION,ZINGG_ENTITY_RESOLUTION,false,SENIOR_V1_TO_CANONICAL_V1,APPROVED,"Profiles share recovery contact, referral or KYC pattern.",SUPPORTING_EVIDENCE,"{""source_dataset"":""analytics/crypto_zingg_candidate_relationships.csv""}",2026.07.18.1
CRYPTO_KENNEL_LONG_CON,Z-0250,INV-0056,INV-0086,INVESTOR_PROFILE,MEDIUM_HIGH,0.804,"[""alias_tokens"",""recovery_email"",""referral_or_kyc""]","[""person_record"",""registration_time"",""platform_account""]",[],POSSIBLE_SAME_INVESTOR,CURATED_APPROXIMATION,ZINGG_ENTITY_RESOLUTION,false,SENIOR_V1_TO_CANONICAL_V1,APPROVED,"Profiles share recovery contact, referral or KYC pattern.",SUPPORTING_EVIDENCE,"{""source_dataset"":""analytics/crypto_zingg_candidate_relationships.csv""}",2026.07.18.1
CRYPTO_KENNEL_LONG_CON,Z-0251,INV-0057,INV-0087,INVESTOR_PROFILE,MEDIUM_HIGH,0.804,"[""alias_tokens"",""recovery_email"",""referral_or_kyc""]","[""person_record"",""registration_time"",""platform_account""]",[],POSSIBLE_SAME_INVESTOR,CURATED_APPROXIMATION,ZINGG_ENTITY_RESOLUTION,false,SENIOR_V1_TO_CANONICAL_V1,APPROVED,"Profiles share recovery contact, referral or KYC pattern.",SUPPORTING_EVIDENCE,"{""source_dataset"":""analytics/crypto_zingg_candidate_relationships.csv""}",2026.07.18.1
CRYPTO_KENNEL_LONG_CON,Z-0252,INV-0058,INV-0088,INVESTOR_PROFILE,MEDIUM_HIGH,0.804,"[""alias_tokens"",""recovery_email"",""referral_or_kyc""]","[""person_record"",""registration_time"",""platform_account""]",[],POSSIBLE_SAME_INVESTOR,CURATED_APPROXIMATION,ZINGG_ENTITY_RESOLUTION,false,SENIOR_V1_TO_CANONICAL_V1,APPROVED,"Profiles share recovery contact, referral or KYC pattern.",SUPPORTING_EVIDENCE,"{""source_dataset"":""analytics/crypto_zingg_candidate_relationships.csv""}",2026.07.18.1
CRYPTO_KENNEL_LONG_CON,Z-0253,INV-0059,INV-0089,INVESTOR_PROFILE,MEDIUM_HIGH,0.804,"[""alias_tokens"",""recovery_email"",""referral_or_kyc""]","[""person_record"",""registration_time"",""platform_account""]",[],POSSIBLE_SAME_INVESTOR,CURATED_APPROXIMATION,ZINGG_ENTITY_RESOLUTION,false,SENIOR_V1_TO_CANONICAL_V1,APPROVED,"Profiles share recovery contact, referral or KYC pattern.",SUPPORTING_EVIDENCE,"{""source_dataset"":""analytics/crypto_zingg_candidate_relationships.csv""}",2026.07.18.1
CRYPTO_KENNEL_LONG_CON,Z-0254,INV-0060,INV-0090,INVESTOR_PROFILE,MEDIUM_HIGH,0.804,"[""alias_tokens"",""recovery_email"",""referral_or_kyc""]","[""person_record"",""registration_time"",""platform_account""]",[],POSSIBLE_SAME_INVESTOR,CURATED_APPROXIMATION,ZINGG_ENTITY_RESOLUTION,false,SENIOR_V1_TO_CANONICAL_V1,APPROVED,"Profiles share recovery contact, referral or KYC pattern.",SUPPORTING_EVIDENCE,"{""source_dataset"":""analytics/crypto_zingg_candidate_relationships.csv""}",2026.07.18.1
CRYPTO_KENNEL_LONG_CON,Z-0255,INV-0061,INV-0091,INVESTOR_PROFILE,MEDIUM_HIGH,0.804,"[""alias_tokens"",""recovery_email"",""referral_or_kyc""]","[""person_record"",""registration_time"",""platform_account""]",[],POSSIBLE_SAME_INVESTOR,CURATED_APPROXIMATION,ZINGG_ENTITY_RESOLUTION,false,SENIOR_V1_TO_CANONICAL_V1,APPROVED,"Profiles share recovery contact, referral or KYC pattern.",SUPPORTING_EVIDENCE,"{""source_dataset"":""analytics/crypto_zingg_candidate_relationships.csv""}",2026.07.18.1
CRYPTO_KENNEL_LONG_CON,Z-0256,INV-0062,INV-0092,INVESTOR_PROFILE,MEDIUM_HIGH,0.804,"[""alias_tokens"",""recovery_email"",""referral_or_kyc""]","[""person_record"",""registration_time"",""platform_account""]",[],POSSIBLE_SAME_INVESTOR,CURATED_APPROXIMATION,ZINGG_ENTITY_RESOLUTION,false,SENIOR_V1_TO_CANONICAL_V1,APPROVED,"Profiles share recovery contact, referral or KYC pattern.",SUPPORTING_EVIDENCE,"{""source_dataset"":""analytics/crypto_zingg_candidate_relationships.csv""}",2026.07.18.1
CRYPTO_KENNEL_LONG_CON,Z-0257,INV-0063,INV-0093,INVESTOR_PROFILE,MEDIUM_HIGH,0.804,"[""alias_tokens"",""recovery_email"",""referral_or_kyc""]","[""person_record"",""registration_time"",""platform_account""]",[],POSSIBLE_SAME_INVESTOR,CURATED_APPROXIMATION,ZINGG_ENTITY_RESOLUTION,false,SENIOR_V1_TO_CANONICAL_V1,APPROVED,"Profiles share recovery contact, referral or KYC pattern.",SUPPORTING_EVIDENCE,"{""source_dataset"":""analytics/crypto_zingg_candidate_relationships.csv""}",2026.07.18.1
CRYPTO_KENNEL_LONG_CON,Z-0258,INV-0064,INV-0094,INVESTOR_PROFILE,MEDIUM_HIGH,0.804,"[""alias_tokens"",""recovery_email"",""referral_or_kyc""]","[""person_record"",""registration_time"",""platform_account""]",[],POSSIBLE_SAME_INVESTOR,CURATED_APPROXIMATION,ZINGG_ENTITY_RESOLUTION,false,SENIOR_V1_TO_CANONICAL_V1,APPROVED,"Profiles share recovery contact, referral or KYC pattern.",SUPPORTING_EVIDENCE,"{""source_dataset"":""analytics/crypto_zingg_candidate_relationships.csv""}",2026.07.18.1
CRYPTO_KENNEL_LONG_CON,Z-0259,INV-0065,INV-0095,INVESTOR_PROFILE,MEDIUM_HIGH,0.804,"[""alias_tokens"",""recovery_email"",""referral_or_kyc""]","[""person_record"",""registration_time"",""platform_account""]",[],POSSIBLE_SAME_INVESTOR,CURATED_APPROXIMATION,ZINGG_ENTITY_RESOLUTION,false,SENIOR_V1_TO_CANONICAL_V1,APPROVED,"Profiles share recovery contact, referral or KYC pattern.",SUPPORTING_EVIDENCE,"{""source_dataset"":""analytics/crypto_zingg_candidate_relationships.csv""}",2026.07.18.1
CRYPTO_KENNEL_LONG_CON,Z-0260,INV-0066,INV-0096,INVESTOR_PROFILE,MEDIUM_HIGH,0.804,"[""alias_tokens"",""recovery_email"",""referral_or_kyc""]","[""person_record"",""registration_time"",""platform_account""]",[],POSSIBLE_SAME_INVESTOR,CURATED_APPROXIMATION,ZINGG_ENTITY_RESOLUTION,false,SENIOR_V1_TO_CANONICAL_V1,APPROVED,"Profiles share recovery contact, referral or KYC pattern.",SUPPORTING_EVIDENCE,"{""source_dataset"":""analytics/crypto_zingg_candidate_relationships.csv""}",2026.07.18.1
CRYPTO_KENNEL_LONG_CON,Z-0261,INV-0067,INV-0097,INVESTOR_PROFILE,MEDIUM_HIGH,0.804,"[""alias_tokens"",""recovery_email"",""referral_or_kyc""]","[""person_record"",""registration_time"",""platform_account""]",[],POSSIBLE_SAME_INVESTOR,CURATED_APPROXIMATION,ZINGG_ENTITY_RESOLUTION,false,SENIOR_V1_TO_CANONICAL_V1,APPROVED,"Profiles share recovery contact, referral or KYC pattern.",SUPPORTING_EVIDENCE,"{""source_dataset"":""analytics/crypto_zingg_candidate_relationships.csv""}",2026.07.18.1
CRYPTO_KENNEL_LONG_CON,Z-0262,INV-0068,INV-0098,INVESTOR_PROFILE,MEDIUM_HIGH,0.804,"[""alias_tokens"",""recovery_email"",""referral_or_kyc""]","[""person_record"",""registration_time"",""platform_account""]",[],POSSIBLE_SAME_INVESTOR,CURATED_APPROXIMATION,ZINGG_ENTITY_RESOLUTION,false,SENIOR_V1_TO_CANONICAL_V1,APPROVED,"Profiles share recovery contact, referral or KYC pattern.",SUPPORTING_EVIDENCE,"{""source_dataset"":""analytics/crypto_zingg_candidate_relationships.csv""}",2026.07.18.1
CRYPTO_KENNEL_LONG_CON,Z-0263,INV-0069,INV-0099,INVESTOR_PROFILE,MEDIUM_HIGH,0.804,"[""alias_tokens"",""recovery_email"",""referral_or_kyc""]","[""person_record"",""registration_time"",""platform_account""]",[],POSSIBLE_SAME_INVESTOR,CURATED_APPROXIMATION,ZINGG_ENTITY_RESOLUTION,false,SENIOR_V1_TO_CANONICAL_V1,APPROVED,"Profiles share recovery contact, referral or KYC pattern.",SUPPORTING_EVIDENCE,"{""source_dataset"":""analytics/crypto_zingg_candidate_relationships.csv""}",2026.07.18.1
CRYPTO_KENNEL_LONG_CON,Z-0264,INV-0070,INV-0100,INVESTOR_PROFILE,MEDIUM_HIGH,0.804,"[""alias_tokens"",""recovery_email"",""referral_or_kyc""]","[""person_record"",""registration_time"",""platform_account""]",[],POSSIBLE_SAME_INVESTOR,CURATED_APPROXIMATION,ZINGG_ENTITY_RESOLUTION,false,SENIOR_V1_TO_CANONICAL_V1,APPROVED,"Profiles share recovery contact, referral or KYC pattern.",SUPPORTING_EVIDENCE,"{""source_dataset"":""analytics/crypto_zingg_candidate_relationships.csv""}",2026.07.18.1
CRYPTO_KENNEL_LONG_CON,Z-0265,INV-0071,INV-0151,INVESTOR_PROFILE,LOW,0.638,"[""alias_tokens"",""recovery_email"",""referral_or_kyc""]","[""person_record"",""registration_time"",""platform_account""]",[],DIFFERENT,CURATED_APPROXIMATION,ZINGG_ENTITY_RESOLUTION,false,SENIOR_V1_TO_CANONICAL_V1,APPROVED,Similar aliases do not override distinct identity and provenance.,RED_HERRING,"{""source_dataset"":""analytics/crypto_zingg_candidate_relationships.csv""}",2026.07.18.1
CRYPTO_KENNEL_LONG_CON,Z-0266,INV-0072,INV-0152,INVESTOR_PROFILE,LOW,0.638,"[""alias_tokens"",""recovery_email"",""referral_or_kyc""]","[""person_record"",""registration_time"",""platform_account""]",[],DIFFERENT,CURATED_APPROXIMATION,ZINGG_ENTITY_RESOLUTION,false,SENIOR_V1_TO_CANONICAL_V1,APPROVED,Similar aliases do not override distinct identity and provenance.,RED_HERRING,"{""source_dataset"":""analytics/crypto_zingg_candidate_relationships.csv""}",2026.07.18.1
CRYPTO_KENNEL_LONG_CON,Z-0267,INV-0073,INV-0153,INVESTOR_PROFILE,LOW,0.638,"[""alias_tokens"",""recovery_email"",""referral_or_kyc""]","[""person_record"",""registration_time"",""platform_account""]",[],DIFFERENT,CURATED_APPROXIMATION,ZINGG_ENTITY_RESOLUTION,false,SENIOR_V1_TO_CANONICAL_V1,APPROVED,Similar aliases do not override distinct identity and provenance.,RED_HERRING,"{""source_dataset"":""analytics/crypto_zingg_candidate_relationships.csv""}",2026.07.18.1
CRYPTO_KENNEL_LONG_CON,Z-0268,INV-0074,INV-0154,INVESTOR_PROFILE,LOW,0.638,"[""alias_tokens"",""recovery_email"",""referral_or_kyc""]","[""person_record"",""registration_time"",""platform_account""]",[],DIFFERENT,CURATED_APPROXIMATION,ZINGG_ENTITY_RESOLUTION,false,SENIOR_V1_TO_CANONICAL_V1,APPROVED,Similar aliases do not override distinct identity and provenance.,RED_HERRING,"{""source_dataset"":""analytics/crypto_zingg_candidate_relationships.csv""}",2026.07.18.1
CRYPTO_KENNEL_LONG_CON,Z-0269,INV-0075,INV-0155,INVESTOR_PROFILE,LOW,0.638,"[""alias_tokens"",""recovery_email"",""referral_or_kyc""]","[""person_record"",""registration_time"",""platform_account""]",[],DIFFERENT,CURATED_APPROXIMATION,ZINGG_ENTITY_RESOLUTION,false,SENIOR_V1_TO_CANONICAL_V1,APPROVED,Similar aliases do not override distinct identity and provenance.,RED_HERRING,"{""source_dataset"":""analytics/crypto_zingg_candidate_relationships.csv""}",2026.07.18.1
CRYPTO_KENNEL_LONG_CON,Z-0270,INV-0076,INV-0156,INVESTOR_PROFILE,LOW,0.638,"[""alias_tokens"",""recovery_email"",""referral_or_kyc""]","[""person_record"",""registration_time"",""platform_account""]",[],DIFFERENT,CURATED_APPROXIMATION,ZINGG_ENTITY_RESOLUTION,false,SENIOR_V1_TO_CANONICAL_V1,APPROVED,Similar aliases do not override distinct identity and provenance.,RED_HERRING,"{""source_dataset"":""analytics/crypto_zingg_candidate_relationships.csv""}",2026.07.18.1
CRYPTO_KENNEL_LONG_CON,Z-0271,INV-0077,INV-0157,INVESTOR_PROFILE,LOW,0.638,"[""alias_tokens"",""recovery_email"",""referral_or_kyc""]","[""person_record"",""registration_time"",""platform_account""]",[],DIFFERENT,CURATED_APPROXIMATION,ZINGG_ENTITY_RESOLUTION,false,SENIOR_V1_TO_CANONICAL_V1,APPROVED,Similar aliases do not override distinct identity and provenance.,RED_HERRING,"{""source_dataset"":""analytics/crypto_zingg_candidate_relationships.csv""}",2026.07.18.1
CRYPTO_KENNEL_LONG_CON,Z-0272,INV-0078,INV-0158,INVESTOR_PROFILE,LOW,0.638,"[""alias_tokens"",""recovery_email"",""referral_or_kyc""]","[""person_record"",""registration_time"",""platform_account""]",[],DIFFERENT,CURATED_APPROXIMATION,ZINGG_ENTITY_RESOLUTION,false,SENIOR_V1_TO_CANONICAL_V1,APPROVED,Similar aliases do not override distinct identity and provenance.,RED_HERRING,"{""source_dataset"":""analytics/crypto_zingg_candidate_relationships.csv""}",2026.07.18.1
CRYPTO_KENNEL_LONG_CON,Z-0273,INV-0079,INV-0159,INVESTOR_PROFILE,LOW,0.638,"[""alias_tokens"",""recovery_email"",""referral_or_kyc""]","[""person_record"",""registration_time"",""platform_account""]",[],DIFFERENT,CURATED_APPROXIMATION,ZINGG_ENTITY_RESOLUTION,false,SENIOR_V1_TO_CANONICAL_V1,APPROVED,Similar aliases do not override distinct identity and provenance.,RED_HERRING,"{""source_dataset"":""analytics/crypto_zingg_candidate_relationships.csv""}",2026.07.18.1
CRYPTO_KENNEL_LONG_CON,Z-0274,INV-0080,INV-0160,INVESTOR_PROFILE,LOW,0.638,"[""alias_tokens"",""recovery_email"",""referral_or_kyc""]","[""person_record"",""registration_time"",""platform_account""]",[],DIFFERENT,CURATED_APPROXIMATION,ZINGG_ENTITY_RESOLUTION,false,SENIOR_V1_TO_CANONICAL_V1,APPROVED,Similar aliases do not override distinct identity and provenance.,RED_HERRING,"{""source_dataset"":""analytics/crypto_zingg_candidate_relationships.csv""}",2026.07.18.1
CRYPTO_KENNEL_LONG_CON,Z-0275,INV-0081,INV-0161,INVESTOR_PROFILE,LOW,0.638,"[""alias_tokens"",""recovery_email"",""referral_or_kyc""]","[""person_record"",""registration_time"",""platform_account""]",[],DIFFERENT,CURATED_APPROXIMATION,ZINGG_ENTITY_RESOLUTION,false,SENIOR_V1_TO_CANONICAL_V1,APPROVED,Similar aliases do not override distinct identity and provenance.,RED_HERRING,"{""source_dataset"":""analytics/crypto_zingg_candidate_relationships.csv""}",2026.07.18.1
CRYPTO_KENNEL_LONG_CON,Z-0276,INV-0082,INV-0162,INVESTOR_PROFILE,LOW,0.638,"[""alias_tokens"",""recovery_email"",""referral_or_kyc""]","[""person_record"",""registration_time"",""platform_account""]",[],DIFFERENT,CURATED_APPROXIMATION,ZINGG_ENTITY_RESOLUTION,false,SENIOR_V1_TO_CANONICAL_V1,APPROVED,Similar aliases do not override distinct identity and provenance.,RED_HERRING,"{""source_dataset"":""analytics/crypto_zingg_candidate_relationships.csv""}",2026.07.18.1
CRYPTO_KENNEL_LONG_CON,Z-0277,INV-0083,INV-0163,INVESTOR_PROFILE,LOW,0.638,"[""alias_tokens"",""recovery_email"",""referral_or_kyc""]","[""person_record"",""registration_time"",""platform_account""]",[],DIFFERENT,CURATED_APPROXIMATION,ZINGG_ENTITY_RESOLUTION,false,SENIOR_V1_TO_CANONICAL_V1,APPROVED,Similar aliases do not override distinct identity and provenance.,RED_HERRING,"{""source_dataset"":""analytics/crypto_zingg_candidate_relationships.csv""}",2026.07.18.1
CRYPTO_KENNEL_LONG_CON,Z-0278,INV-0084,INV-0164,INVESTOR_PROFILE,LOW,0.638,"[""alias_tokens"",""recovery_email"",""referral_or_kyc""]","[""person_record"",""registration_time"",""platform_account""]",[],DIFFERENT,CURATED_APPROXIMATION,ZINGG_ENTITY_RESOLUTION,false,SENIOR_V1_TO_CANONICAL_V1,APPROVED,Similar aliases do not override distinct identity and provenance.,RED_HERRING,"{""source_dataset"":""analytics/crypto_zingg_candidate_relationships.csv""}",2026.07.18.1
CRYPTO_KENNEL_LONG_CON,Z-0279,INV-0085,INV-0165,INVESTOR_PROFILE,LOW,0.638,"[""alias_tokens"",""recovery_email"",""referral_or_kyc""]","[""person_record"",""registration_time"",""platform_account""]",[],DIFFERENT,CURATED_APPROXIMATION,ZINGG_ENTITY_RESOLUTION,false,SENIOR_V1_TO_CANONICAL_V1,APPROVED,Similar aliases do not override distinct identity and provenance.,RED_HERRING,"{""source_dataset"":""analytics/crypto_zingg_candidate_relationships.csv""}",2026.07.18.1
CRYPTO_KENNEL_LONG_CON,Z-0280,INV-0086,INV-0166,INVESTOR_PROFILE,LOW,0.638,"[""alias_tokens"",""recovery_email"",""referral_or_kyc""]","[""person_record"",""registration_time"",""platform_account""]",[],DIFFERENT,CURATED_APPROXIMATION,ZINGG_ENTITY_RESOLUTION,false,SENIOR_V1_TO_CANONICAL_V1,APPROVED,Similar aliases do not override distinct identity and provenance.,RED_HERRING,"{""source_dataset"":""analytics/crypto_zingg_candidate_relationships.csv""}",2026.07.18.1
CRYPTO_KENNEL_LONG_CON,Z-0281,INV-0087,INV-0167,INVESTOR_PROFILE,LOW,0.638,"[""alias_tokens"",""recovery_email"",""referral_or_kyc""]","[""person_record"",""registration_time"",""platform_account""]",[],DIFFERENT,CURATED_APPROXIMATION,ZINGG_ENTITY_RESOLUTION,false,SENIOR_V1_TO_CANONICAL_V1,APPROVED,Similar aliases do not override distinct identity and provenance.,RED_HERRING,"{""source_dataset"":""analytics/crypto_zingg_candidate_relationships.csv""}",2026.07.18.1
CRYPTO_KENNEL_LONG_CON,Z-0282,INV-0088,INV-0168,INVESTOR_PROFILE,LOW,0.638,"[""alias_tokens"",""recovery_email"",""referral_or_kyc""]","[""person_record"",""registration_time"",""platform_account""]",[],DIFFERENT,CURATED_APPROXIMATION,ZINGG_ENTITY_RESOLUTION,false,SENIOR_V1_TO_CANONICAL_V1,APPROVED,Similar aliases do not override distinct identity and provenance.,RED_HERRING,"{""source_dataset"":""analytics/crypto_zingg_candidate_relationships.csv""}",2026.07.18.1
CRYPTO_KENNEL_LONG_CON,Z-0283,INV-0089,INV-0169,INVESTOR_PROFILE,LOW,0.638,"[""alias_tokens"",""recovery_email"",""referral_or_kyc""]","[""person_record"",""registration_time"",""platform_account""]",[],DIFFERENT,CURATED_APPROXIMATION,ZINGG_ENTITY_RESOLUTION,false,SENIOR_V1_TO_CANONICAL_V1,APPROVED,Similar aliases do not override distinct identity and provenance.,RED_HERRING,"{""source_dataset"":""analytics/crypto_zingg_candidate_relationships.csv""}",2026.07.18.1
CRYPTO_KENNEL_LONG_CON,Z-0284,INV-0090,INV-0170,INVESTOR_PROFILE,LOW,0.638,"[""alias_tokens"",""recovery_email"",""referral_or_kyc""]","[""person_record"",""registration_time"",""platform_account""]",[],DIFFERENT,CURATED_APPROXIMATION,ZINGG_ENTITY_RESOLUTION,false,SENIOR_V1_TO_CANONICAL_V1,APPROVED,Similar aliases do not override distinct identity and provenance.,RED_HERRING,"{""source_dataset"":""analytics/crypto_zingg_candidate_relationships.csv""}",2026.07.18.1
CRYPTO_KENNEL_LONG_CON,Z-0285,INV-0091,INV-0171,INVESTOR_PROFILE,LOW,0.638,"[""alias_tokens"",""recovery_email"",""referral_or_kyc""]","[""person_record"",""registration_time"",""platform_account""]",[],DIFFERENT,CURATED_APPROXIMATION,ZINGG_ENTITY_RESOLUTION,false,SENIOR_V1_TO_CANONICAL_V1,APPROVED,Similar aliases do not override distinct identity and provenance.,RED_HERRING,"{""source_dataset"":""analytics/crypto_zingg_candidate_relationships.csv""}",2026.07.18.1
CRYPTO_KENNEL_LONG_CON,Z-0286,INV-0092,INV-0172,INVESTOR_PROFILE,LOW,0.638,"[""alias_tokens"",""recovery_email"",""referral_or_kyc""]","[""person_record"",""registration_time"",""platform_account""]",[],DIFFERENT,CURATED_APPROXIMATION,ZINGG_ENTITY_RESOLUTION,false,SENIOR_V1_TO_CANONICAL_V1,APPROVED,Similar aliases do not override distinct identity and provenance.,RED_HERRING,"{""source_dataset"":""analytics/crypto_zingg_candidate_relationships.csv""}",2026.07.18.1
CRYPTO_KENNEL_LONG_CON,Z-0287,INV-0093,INV-0173,INVESTOR_PROFILE,LOW,0.638,"[""alias_tokens"",""recovery_email"",""referral_or_kyc""]","[""person_record"",""registration_time"",""platform_account""]",[],DIFFERENT,CURATED_APPROXIMATION,ZINGG_ENTITY_RESOLUTION,false,SENIOR_V1_TO_CANONICAL_V1,APPROVED,Similar aliases do not override distinct identity and provenance.,RED_HERRING,"{""source_dataset"":""analytics/crypto_zingg_candidate_relationships.csv""}",2026.07.18.1
CRYPTO_KENNEL_LONG_CON,Z-0288,INV-0094,INV-0174,INVESTOR_PROFILE,LOW,0.638,"[""alias_tokens"",""recovery_email"",""referral_or_kyc""]","[""person_record"",""registration_time"",""platform_account""]",[],DIFFERENT,CURATED_APPROXIMATION,ZINGG_ENTITY_RESOLUTION,false,SENIOR_V1_TO_CANONICAL_V1,APPROVED,Similar aliases do not override distinct identity and provenance.,RED_HERRING,"{""source_dataset"":""analytics/crypto_zingg_candidate_relationships.csv""}",2026.07.18.1
CRYPTO_KENNEL_LONG_CON,Z-0289,INV-0095,INV-0175,INVESTOR_PROFILE,LOW,0.638,"[""alias_tokens"",""recovery_email"",""referral_or_kyc""]","[""person_record"",""registration_time"",""platform_account""]",[],DIFFERENT,CURATED_APPROXIMATION,ZINGG_ENTITY_RESOLUTION,false,SENIOR_V1_TO_CANONICAL_V1,APPROVED,Similar aliases do not override distinct identity and provenance.,RED_HERRING,"{""source_dataset"":""analytics/crypto_zingg_candidate_relationships.csv""}",2026.07.18.1
CRYPTO_KENNEL_LONG_CON,Z-0290,INV-0096,INV-0176,INVESTOR_PROFILE,LOW,0.638,"[""alias_tokens"",""recovery_email"",""referral_or_kyc""]","[""person_record"",""registration_time"",""platform_account""]",[],DIFFERENT,CURATED_APPROXIMATION,ZINGG_ENTITY_RESOLUTION,false,SENIOR_V1_TO_CANONICAL_V1,APPROVED,Similar aliases do not override distinct identity and provenance.,RED_HERRING,"{""source_dataset"":""analytics/crypto_zingg_candidate_relationships.csv""}",2026.07.18.1
CRYPTO_KENNEL_LONG_CON,Z-0291,INV-0097,INV-0177,INVESTOR_PROFILE,LOW,0.638,"[""alias_tokens"",""recovery_email"",""referral_or_kyc""]","[""person_record"",""registration_time"",""platform_account""]",[],DIFFERENT,CURATED_APPROXIMATION,ZINGG_ENTITY_RESOLUTION,false,SENIOR_V1_TO_CANONICAL_V1,APPROVED,Similar aliases do not override distinct identity and provenance.,RED_HERRING,"{""source_dataset"":""analytics/crypto_zingg_candidate_relationships.csv""}",2026.07.18.1
CRYPTO_KENNEL_LONG_CON,Z-0292,INV-0098,INV-0178,INVESTOR_PROFILE,LOW,0.638,"[""alias_tokens"",""recovery_email"",""referral_or_kyc""]","[""person_record"",""registration_time"",""platform_account""]",[],DIFFERENT,CURATED_APPROXIMATION,ZINGG_ENTITY_RESOLUTION,false,SENIOR_V1_TO_CANONICAL_V1,APPROVED,Similar aliases do not override distinct identity and provenance.,RED_HERRING,"{""source_dataset"":""analytics/crypto_zingg_candidate_relationships.csv""}",2026.07.18.1
CRYPTO_KENNEL_LONG_CON,Z-0293,INV-0099,INV-0179,INVESTOR_PROFILE,LOW,0.638,"[""alias_tokens"",""recovery_email"",""referral_or_kyc""]","[""person_record"",""registration_time"",""platform_account""]",[],DIFFERENT,CURATED_APPROXIMATION,ZINGG_ENTITY_RESOLUTION,false,SENIOR_V1_TO_CANONICAL_V1,APPROVED,Similar aliases do not override distinct identity and provenance.,RED_HERRING,"{""source_dataset"":""analytics/crypto_zingg_candidate_relationships.csv""}",2026.07.18.1
CRYPTO_KENNEL_LONG_CON,Z-0294,INV-0100,INV-0180,INVESTOR_PROFILE,LOW,0.638,"[""alias_tokens"",""recovery_email"",""referral_or_kyc""]","[""person_record"",""registration_time"",""platform_account""]",[],DIFFERENT,CURATED_APPROXIMATION,ZINGG_ENTITY_RESOLUTION,false,SENIOR_V1_TO_CANONICAL_V1,APPROVED,Similar aliases do not override distinct identity and provenance.,RED_HERRING,"{""source_dataset"":""analytics/crypto_zingg_candidate_relationships.csv""}",2026.07.18.1
CRYPTO_KENNEL_LONG_CON,Z-0295,PR-LYRA-01,PR-CBFE89C4-01,PERSON,LOW,0.651,"[""name_tokens"",""phonetic_similarity""]","[""identifier"",""email"",""phone"",""address""]",[],DIFFERENT,CURATED_APPROXIMATION,ZINGG_ENTITY_RESOLUTION,false,SENIOR_V1_TO_CANONICAL_V1,APPROVED,Lyra Lurcher is not Lira Lurcher.,RED_HERRING,"{""source_dataset"":""analytics/crypto_zingg_candidate_relationships.csv""}",2026.07.18.1
CRYPTO_KENNEL_LONG_CON,Z-0296,PR-DEXTER-01,PR-C59ED920-01,PERSON,LOW,0.651,"[""name_tokens"",""phonetic_similarity""]","[""identifier"",""email"",""phone"",""address""]",[],DIFFERENT,CURATED_APPROXIMATION,ZINGG_ENTITY_RESOLUTION,false,SENIOR_V1_TO_CANONICAL_V1,APPROVED,Dexter Doberman is not Dexter Dobermann.,RED_HERRING,"{""source_dataset"":""analytics/crypto_zingg_candidate_relationships.csv""}",2026.07.18.1
CRYPTO_KENNEL_LONG_CON,Z-0297,PR-QUINN-01,PR-4E7FCEF8-01,PERSON,LOW,0.651,"[""name_tokens"",""phonetic_similarity""]","[""identifier"",""email"",""phone"",""address""]",[],DIFFERENT,CURATED_APPROXIMATION,ZINGG_ENTITY_RESOLUTION,false,SENIOR_V1_TO_CANONICAL_V1,APPROVED,Quinn Coonhound is not Quin Coonhound.,RED_HERRING,"{""source_dataset"":""analytics/crypto_zingg_candidate_relationships.csv""}",2026.07.18.1
CRYPTO_KENNEL_LONG_CON,Z-0298,PR-MARA-01,PR-2AFB9A15-01,PERSON,LOW,0.651,"[""name_tokens"",""phonetic_similarity""]","[""identifier"",""email"",""phone"",""address""]",[],DIFFERENT,CURATED_APPROXIMATION,ZINGG_ENTITY_RESOLUTION,false,SENIOR_V1_TO_CANONICAL_V1,APPROVED,Mara Malamute is not Maira Malamute.,RED_HERRING,"{""source_dataset"":""analytics/crypto_zingg_candidate_relationships.csv""}",2026.07.18.1
CRYPTO_KENNEL_LONG_CON,Z-0299,PR-SILAS-01,PR-8AC4E1B4-01,PERSON,LOW,0.651,"[""name_tokens"",""phonetic_similarity""]","[""identifier"",""email"",""phone"",""address""]",[],DIFFERENT,CURATED_APPROXIMATION,ZINGG_ENTITY_RESOLUTION,false,SENIOR_V1_TO_CANONICAL_V1,APPROVED,Silas Shiba is not Silas Shibah.,RED_HERRING,"{""source_dataset"":""analytics/crypto_zingg_candidate_relationships.csv""}",2026.07.18.1
CRYPTO_KENNEL_LONG_CON,Z-0300,PR-BRUNO-01,PR-5CDD1576-01,PERSON,LOW,0.651,"[""name_tokens"",""phonetic_similarity""]","[""identifier"",""email"",""phone"",""address""]",[],DIFFERENT,CURATED_APPROXIMATION,ZINGG_ENTITY_RESOLUTION,false,SENIOR_V1_TO_CANONICAL_V1,APPROVED,Bruno Boxer is not Bruno Boxter.,RED_HERRING,"{""source_dataset"":""analytics/crypto_zingg_candidate_relationships.csv""}",2026.07.18.1
CRYPTO_KENNEL_LONG_CON,Z-0301,OR-CRYPTOKENNEL-01,OR-CRYPTOKENNELS-01,ORGANIZATION,LOW,0.646,"[""name_tokens"",""phonetic_similarity""]","[""registration"",""domain"",""bank_account"",""address""]",[],DIFFERENT,CURATED_APPROXIMATION,ZINGG_ENTITY_RESOLUTION,false,SENIOR_V1_TO_CANONICAL_V1,APPROVED,Crypto Kennel Markets is not Crypto Kennels Pet Club.,RED_HERRING,"{""source_dataset"":""analytics/crypto_zingg_candidate_relationships.csv""}",2026.07.18.1
CRYPTO_KENNEL_LONG_CON,Z-0302,OR-BONEVAULT-01,OR-BONE-VAULT-01,ORGANIZATION,LOW,0.646,"[""name_tokens"",""phonetic_similarity""]","[""registration"",""domain"",""bank_account"",""address""]",[],DIFFERENT,CURATED_APPROXIMATION,ZINGG_ENTITY_RESOLUTION,false,SENIOR_V1_TO_CANONICAL_V1,APPROVED,Bone Vault Protocol is not Bone Vault Storage.,RED_HERRING,"{""source_dataset"":""analytics/crypto_zingg_candidate_relationships.csv""}",2026.07.18.1
CRYPTO_KENNEL_LONG_CON,Z-0303,OR-MOONPAW-01,OR-MOON-PAW-01,ORGANIZATION,LOW,0.646,"[""name_tokens"",""phonetic_similarity""]","[""registration"",""domain"",""bank_account"",""address""]",[],DIFFERENT,CURATED_APPROXIMATION,ZINGG_ENTITY_RESOLUTION,false,SENIOR_V1_TO_CANONICAL_V1,APPROVED,Moon Paw Growth Media is not Moon Paw Photography.,RED_HERRING,"{""source_dataset"":""analytics/crypto_zingg_candidate_relationships.csv""}",2026.07.18.1
CRYPTO_KENNEL_LONG_CON,Z-0304,OR-HARBOROTC-01,OR-HARBOR-OTC-01,ORGANIZATION,LOW,0.646,"[""name_tokens"",""phonetic_similarity""]","[""registration"",""domain"",""bank_account"",""address""]",[],DIFFERENT,CURATED_APPROXIMATION,ZINGG_ENTITY_RESOLUTION,false,SENIOR_V1_TO_CANONICAL_V1,APPROVED,Harbor Paw OTC is not Harbor Optical Trade Centre.,RED_HERRING,"{""source_dataset"":""analytics/crypto_zingg_candidate_relationships.csv""}",2026.07.18.1
CRYPTO_KENNEL_LONG_CON,Z-0305,OR-LEASHBRIDGE-01,OR-LEASH-BRIDGE-01,ORGANIZATION,LOW,0.646,"[""name_tokens"",""phonetic_similarity""]","[""registration"",""domain"",""bank_account"",""address""]",[],DIFFERENT,CURATED_APPROXIMATION,ZINGG_ENTITY_RESOLUTION,false,SENIOR_V1_TO_CANONICAL_V1,APPROVED,LeashBridge Settlement is not Leash Bridge Walking Club.,RED_HERRING,"{""source_dataset"":""analytics/crypto_zingg_candidate_relationships.csv""}",2026.07.18.1
CRYPTO_KENNEL_LONG_CON,Z-0306,OR-KENNELCUSTODY-01,OR-KENNEL-CUSTODY-01,ORGANIZATION,LOW,0.646,"[""name_tokens"",""phonetic_similarity""]","[""registration"",""domain"",""bank_account"",""address""]",[],DIFFERENT,CURATED_APPROXIMATION,ZINGG_ENTITY_RESOLUTION,false,SENIOR_V1_TO_CANONICAL_V1,APPROVED,Kennel Custody Trust is not Kennel Custody Pet Boarding.,RED_HERRING,"{""source_dataset"":""analytics/crypto_zingg_candidate_relationships.csv""}",2026.07.18.1
