case_id,match_id,rule_id,relationship_type,left_record_id,right_record_id,exact_field,masked_exact_value,normalization_version,generation_mode,framework_semantics,actual_engine_run,authoring_method_version,review_status,ambiguity_warning,supporting_record_ids_json,content_role,metadata_json,snapshot_version
CRYPTO_KENNEL_LONG_CON,GF-0001,GF-TLS,SAME_TLS_CERTIFICATE,DOM-001,DOM-009,tls_certificate_hash,tls-core-01,norm-v1,CURATED_APPROXIMATION,GRAPHFRAMES_EXACT_MATCH,false,SENIOR_V1_TO_CANONICAL_V1,APPROVED,Shared certificates may reflect common hosting or a certificate bundle.,"[""DOM-001"",""DOM-009""]",SUPPORTING_EVIDENCE,"{""source_dataset"":""analytics/crypto_graphframes_exact_relationships.csv""}",2026.07.18.1
CRYPTO_KENNEL_LONG_CON,GF-0002,GF-REG,SAME_DOMAIN_REGISTRANT,DOM-001,DOM-009,registrar_account_hash,registrar-01,norm-v1,CURATED_APPROXIMATION,GRAPHFRAMES_EXACT_MATCH,false,SENIOR_V1_TO_CANONICAL_V1,APPROVED,Common registrar accounts support coordination but do not identify the human controller.,"[""DOM-001"",""DOM-009""]",SUPPORTING_EVIDENCE,"{""source_dataset"":""analytics/crypto_graphframes_exact_relationships.csv""}",2026.07.18.1
CRYPTO_KENNEL_LONG_CON,GF-0003,GF-TLS,SAME_TLS_CERTIFICATE,DOM-002,DOM-010,tls_certificate_hash,tls-core-02,norm-v1,CURATED_APPROXIMATION,GRAPHFRAMES_EXACT_MATCH,false,SENIOR_V1_TO_CANONICAL_V1,APPROVED,Shared certificates may reflect common hosting or a certificate bundle.,"[""DOM-002"",""DOM-010""]",SUPPORTING_EVIDENCE,"{""source_dataset"":""analytics/crypto_graphframes_exact_relationships.csv""}",2026.07.18.1
CRYPTO_KENNEL_LONG_CON,GF-0004,GF-REG,SAME_DOMAIN_REGISTRANT,DOM-002,DOM-010,registrar_account_hash,registrar-02,norm-v1,CURATED_APPROXIMATION,GRAPHFRAMES_EXACT_MATCH,false,SENIOR_V1_TO_CANONICAL_V1,APPROVED,Common registrar accounts support coordination but do not identify the human controller.,"[""DOM-002"",""DOM-010""]",SUPPORTING_EVIDENCE,"{""source_dataset"":""analytics/crypto_graphframes_exact_relationships.csv""}",2026.07.18.1
CRYPTO_KENNEL_LONG_CON,GF-0005,GF-TLS,SAME_TLS_CERTIFICATE,DOM-003,DOM-011,tls_certificate_hash,tls-core-03,norm-v1,CURATED_APPROXIMATION,GRAPHFRAMES_EXACT_MATCH,false,SENIOR_V1_TO_CANONICAL_V1,APPROVED,Shared certificates may reflect common hosting or a certificate bundle.,"[""DOM-003"",""DOM-011""]",SUPPORTING_EVIDENCE,"{""source_dataset"":""analytics/crypto_graphframes_exact_relationships.csv""}",2026.07.18.1
CRYPTO_KENNEL_LONG_CON,GF-0006,GF-REG,SAME_DOMAIN_REGISTRANT,DOM-003,DOM-011,registrar_account_hash,registrar-03,norm-v1,CURATED_APPROXIMATION,GRAPHFRAMES_EXACT_MATCH,false,SENIOR_V1_TO_CANONICAL_V1,APPROVED,Common registrar accounts support coordination but do not identify the human controller.,"[""DOM-003"",""DOM-011""]",SUPPORTING_EVIDENCE,"{""source_dataset"":""analytics/crypto_graphframes_exact_relationships.csv""}",2026.07.18.1
CRYPTO_KENNEL_LONG_CON,GF-0007,GF-TLS,SAME_TLS_CERTIFICATE,DOM-004,DOM-012,tls_certificate_hash,tls-core-04,norm-v1,CURATED_APPROXIMATION,GRAPHFRAMES_EXACT_MATCH,false,SENIOR_V1_TO_CANONICAL_V1,APPROVED,Shared certificates may reflect common hosting or a certificate bundle.,"[""DOM-004"",""DOM-012""]",SUPPORTING_EVIDENCE,"{""source_dataset"":""analytics/crypto_graphframes_exact_relationships.csv""}",2026.07.18.1
CRYPTO_KENNEL_LONG_CON,GF-0008,GF-REG,SAME_DOMAIN_REGISTRANT,DOM-004,DOM-012,registrar_account_hash,registrar-04,norm-v1,CURATED_APPROXIMATION,GRAPHFRAMES_EXACT_MATCH,false,SENIOR_V1_TO_CANONICAL_V1,APPROVED,Common registrar accounts support coordination but do not identify the human controller.,"[""DOM-004"",""DOM-012""]",SUPPORTING_EVIDENCE,"{""source_dataset"":""analytics/crypto_graphframes_exact_relationships.csv""}",2026.07.18.1
CRYPTO_KENNEL_LONG_CON,GF-0009,GF-TLS,SAME_TLS_CERTIFICATE,DOM-005,DOM-013,tls_certificate_hash,tls-core-05,norm-v1,CURATED_APPROXIMATION,GRAPHFRAMES_EXACT_MATCH,false,SENIOR_V1_TO_CANONICAL_V1,APPROVED,Shared certificates may reflect common hosting or a certificate bundle.,"[""DOM-005"",""DOM-013""]",SUPPORTING_EVIDENCE,"{""source_dataset"":""analytics/crypto_graphframes_exact_relationships.csv""}",2026.07.18.1
CRYPTO_KENNEL_LONG_CON,GF-0010,GF-REG,SAME_DOMAIN_REGISTRANT,DOM-005,DOM-013,registrar_account_hash,registrar-05,norm-v1,CURATED_APPROXIMATION,GRAPHFRAMES_EXACT_MATCH,false,SENIOR_V1_TO_CANONICAL_V1,APPROVED,Common registrar accounts support coordination but do not identify the human controller.,"[""DOM-005"",""DOM-013""]",SUPPORTING_EVIDENCE,"{""source_dataset"":""analytics/crypto_graphframes_exact_relationships.csv""}",2026.07.18.1
CRYPTO_KENNEL_LONG_CON,GF-0011,GF-TLS,SAME_TLS_CERTIFICATE,DOM-006,DOM-014,tls_certificate_hash,tls-core-06,norm-v1,CURATED_APPROXIMATION,GRAPHFRAMES_EXACT_MATCH,false,SENIOR_V1_TO_CANONICAL_V1,APPROVED,Shared certificates may reflect common hosting or a certificate bundle.,"[""DOM-006"",""DOM-014""]",SUPPORTING_EVIDENCE,"{""source_dataset"":""analytics/crypto_graphframes_exact_relationships.csv""}",2026.07.18.1
CRYPTO_KENNEL_LONG_CON,GF-0012,GF-REG,SAME_DOMAIN_REGISTRANT,DOM-006,DOM-014,registrar_account_hash,registrar-06,norm-v1,CURATED_APPROXIMATION,GRAPHFRAMES_EXACT_MATCH,false,SENIOR_V1_TO_CANONICAL_V1,APPROVED,Common registrar accounts support coordination but do not identify the human controller.,"[""DOM-006"",""DOM-014""]",SUPPORTING_EVIDENCE,"{""source_dataset"":""analytics/crypto_graphframes_exact_relationships.csv""}",2026.07.18.1
CRYPTO_KENNEL_LONG_CON,GF-0013,GF-TLS,SAME_TLS_CERTIFICATE,DOM-007,DOM-015,tls_certificate_hash,tls-core-07,norm-v1,CURATED_APPROXIMATION,GRAPHFRAMES_EXACT_MATCH,false,SENIOR_V1_TO_CANONICAL_V1,APPROVED,Shared certificates may reflect common hosting or a certificate bundle.,"[""DOM-007"",""DOM-015""]",SUPPORTING_EVIDENCE,"{""source_dataset"":""analytics/crypto_graphframes_exact_relationships.csv""}",2026.07.18.1
CRYPTO_KENNEL_LONG_CON,GF-0014,GF-REG,SAME_DOMAIN_REGISTRANT,DOM-007,DOM-015,registrar_account_hash,registrar-07,norm-v1,CURATED_APPROXIMATION,GRAPHFRAMES_EXACT_MATCH,false,SENIOR_V1_TO_CANONICAL_V1,APPROVED,Common registrar accounts support coordination but do not identify the human controller.,"[""DOM-007"",""DOM-015""]",SUPPORTING_EVIDENCE,"{""source_dataset"":""analytics/crypto_graphframes_exact_relationships.csv""}",2026.07.18.1
CRYPTO_KENNEL_LONG_CON,GF-0015,GF-TLS,SAME_TLS_CERTIFICATE,DOM-008,DOM-016,tls_certificate_hash,tls-core-08,norm-v1,CURATED_APPROXIMATION,GRAPHFRAMES_EXACT_MATCH,false,SENIOR_V1_TO_CANONICAL_V1,APPROVED,Shared certificates may reflect common hosting or a certificate bundle.,"[""DOM-008"",""DOM-016""]",SUPPORTING_EVIDENCE,"{""source_dataset"":""analytics/crypto_graphframes_exact_relationships.csv""}",2026.07.18.1
CRYPTO_KENNEL_LONG_CON,GF-0016,GF-REG,SAME_DOMAIN_REGISTRANT,DOM-008,DOM-016,registrar_account_hash,registrar-08,norm-v1,CURATED_APPROXIMATION,GRAPHFRAMES_EXACT_MATCH,false,SENIOR_V1_TO_CANONICAL_V1,APPROVED,Common registrar accounts support coordination but do not identify the human controller.,"[""DOM-008"",""DOM-016""]",SUPPORTING_EVIDENCE,"{""source_dataset"":""analytics/crypto_graphframes_exact_relationships.csv""}",2026.07.18.1
CRYPTO_KENNEL_LONG_CON,GF-0017,GF-TLS,SAME_TLS_CERTIFICATE,DOM-009,DOM-017,tls_certificate_hash,tls-core-01,norm-v1,CURATED_APPROXIMATION,GRAPHFRAMES_EXACT_MATCH,false,SENIOR_V1_TO_CANONICAL_V1,APPROVED,Shared certificates may reflect common hosting or a certificate bundle.,"[""DOM-009"",""DOM-017""]",SUPPORTING_EVIDENCE,"{""source_dataset"":""analytics/crypto_graphframes_exact_relationships.csv""}",2026.07.18.1
CRYPTO_KENNEL_LONG_CON,GF-0018,GF-REG,SAME_DOMAIN_REGISTRANT,DOM-009,DOM-017,registrar_account_hash,registrar-09,norm-v1,CURATED_APPROXIMATION,GRAPHFRAMES_EXACT_MATCH,false,SENIOR_V1_TO_CANONICAL_V1,APPROVED,Common registrar accounts support coordination but do not identify the human controller.,"[""DOM-009"",""DOM-017""]",SUPPORTING_EVIDENCE,"{""source_dataset"":""analytics/crypto_graphframes_exact_relationships.csv""}",2026.07.18.1
CRYPTO_KENNEL_LONG_CON,GF-0019,GF-TLS,SAME_TLS_CERTIFICATE,DOM-010,DOM-018,tls_certificate_hash,tls-core-02,norm-v1,CURATED_APPROXIMATION,GRAPHFRAMES_EXACT_MATCH,false,SENIOR_V1_TO_CANONICAL_V1,APPROVED,Shared certificates may reflect common hosting or a certificate bundle.,"[""DOM-010"",""DOM-018""]",SUPPORTING_EVIDENCE,"{""source_dataset"":""analytics/crypto_graphframes_exact_relationships.csv""}",2026.07.18.1
CRYPTO_KENNEL_LONG_CON,GF-0020,GF-REG,SAME_DOMAIN_REGISTRANT,DOM-010,DOM-018,registrar_account_hash,registrar-10,norm-v1,CURATED_APPROXIMATION,GRAPHFRAMES_EXACT_MATCH,false,SENIOR_V1_TO_CANONICAL_V1,APPROVED,Common registrar accounts support coordination but do not identify the human controller.,"[""DOM-010"",""DOM-018""]",SUPPORTING_EVIDENCE,"{""source_dataset"":""analytics/crypto_graphframes_exact_relationships.csv""}",2026.07.18.1
CRYPTO_KENNEL_LONG_CON,GF-0021,GF-TLS,SAME_TLS_CERTIFICATE,DOM-011,DOM-019,tls_certificate_hash,tls-core-03,norm-v1,CURATED_APPROXIMATION,GRAPHFRAMES_EXACT_MATCH,false,SENIOR_V1_TO_CANONICAL_V1,APPROVED,Shared certificates may reflect common hosting or a certificate bundle.,"[""DOM-011"",""DOM-019""]",SUPPORTING_EVIDENCE,"{""source_dataset"":""analytics/crypto_graphframes_exact_relationships.csv""}",2026.07.18.1
CRYPTO_KENNEL_LONG_CON,GF-0022,GF-REG,SAME_DOMAIN_REGISTRANT,DOM-011,DOM-019,registrar_account_hash,registrar-01,norm-v1,CURATED_APPROXIMATION,GRAPHFRAMES_EXACT_MATCH,false,SENIOR_V1_TO_CANONICAL_V1,APPROVED,Common registrar accounts support coordination but do not identify the human controller.,"[""DOM-011"",""DOM-019""]",SUPPORTING_EVIDENCE,"{""source_dataset"":""analytics/crypto_graphframes_exact_relationships.csv""}",2026.07.18.1
CRYPTO_KENNEL_LONG_CON,GF-0023,GF-TLS,SAME_TLS_CERTIFICATE,DOM-012,DOM-020,tls_certificate_hash,tls-core-04,norm-v1,CURATED_APPROXIMATION,GRAPHFRAMES_EXACT_MATCH,false,SENIOR_V1_TO_CANONICAL_V1,APPROVED,Shared certificates may reflect common hosting or a certificate bundle.,"[""DOM-012"",""DOM-020""]",SUPPORTING_EVIDENCE,"{""source_dataset"":""analytics/crypto_graphframes_exact_relationships.csv""}",2026.07.18.1
CRYPTO_KENNEL_LONG_CON,GF-0024,GF-REG,SAME_DOMAIN_REGISTRANT,DOM-012,DOM-020,registrar_account_hash,registrar-02,norm-v1,CURATED_APPROXIMATION,GRAPHFRAMES_EXACT_MATCH,false,SENIOR_V1_TO_CANONICAL_V1,APPROVED,Common registrar accounts support coordination but do not identify the human controller.,"[""DOM-012"",""DOM-020""]",SUPPORTING_EVIDENCE,"{""source_dataset"":""analytics/crypto_graphframes_exact_relationships.csv""}",2026.07.18.1
CRYPTO_KENNEL_LONG_CON,GF-0025,GF-TLS,SAME_TLS_CERTIFICATE,DOM-013,DOM-021,tls_certificate_hash,tls-core-05,norm-v1,CURATED_APPROXIMATION,GRAPHFRAMES_EXACT_MATCH,false,SENIOR_V1_TO_CANONICAL_V1,APPROVED,Shared certificates may reflect common hosting or a certificate bundle.,"[""DOM-013"",""DOM-021""]",SUPPORTING_EVIDENCE,"{""source_dataset"":""analytics/crypto_graphframes_exact_relationships.csv""}",2026.07.18.1
CRYPTO_KENNEL_LONG_CON,GF-0026,GF-REG,SAME_DOMAIN_REGISTRANT,DOM-013,DOM-021,registrar_account_hash,registrar-03,norm-v1,CURATED_APPROXIMATION,GRAPHFRAMES_EXACT_MATCH,false,SENIOR_V1_TO_CANONICAL_V1,APPROVED,Common registrar accounts support coordination but do not identify the human controller.,"[""DOM-013"",""DOM-021""]",SUPPORTING_EVIDENCE,"{""source_dataset"":""analytics/crypto_graphframes_exact_relationships.csv""}",2026.07.18.1
CRYPTO_KENNEL_LONG_CON,GF-0027,GF-TLS,SAME_TLS_CERTIFICATE,DOM-014,DOM-022,tls_certificate_hash,tls-core-06,norm-v1,CURATED_APPROXIMATION,GRAPHFRAMES_EXACT_MATCH,false,SENIOR_V1_TO_CANONICAL_V1,APPROVED,Shared certificates may reflect common hosting or a certificate bundle.,"[""DOM-014"",""DOM-022""]",SUPPORTING_EVIDENCE,"{""source_dataset"":""analytics/crypto_graphframes_exact_relationships.csv""}",2026.07.18.1
CRYPTO_KENNEL_LONG_CON,GF-0028,GF-REG,SAME_DOMAIN_REGISTRANT,DOM-014,DOM-022,registrar_account_hash,registrar-04,norm-v1,CURATED_APPROXIMATION,GRAPHFRAMES_EXACT_MATCH,false,SENIOR_V1_TO_CANONICAL_V1,APPROVED,Common registrar accounts support coordination but do not identify the human controller.,"[""DOM-014"",""DOM-022""]",SUPPORTING_EVIDENCE,"{""source_dataset"":""analytics/crypto_graphframes_exact_relationships.csv""}",2026.07.18.1
CRYPTO_KENNEL_LONG_CON,GF-0029,GF-TLS,SAME_TLS_CERTIFICATE,DOM-015,DOM-023,tls_certificate_hash,tls-core-07,norm-v1,CURATED_APPROXIMATION,GRAPHFRAMES_EXACT_MATCH,false,SENIOR_V1_TO_CANONICAL_V1,APPROVED,Shared certificates may reflect common hosting or a certificate bundle.,"[""DOM-015"",""DOM-023""]",SUPPORTING_EVIDENCE,"{""source_dataset"":""analytics/crypto_graphframes_exact_relationships.csv""}",2026.07.18.1
CRYPTO_KENNEL_LONG_CON,GF-0030,GF-REG,SAME_DOMAIN_REGISTRANT,DOM-015,DOM-023,registrar_account_hash,registrar-05,norm-v1,CURATED_APPROXIMATION,GRAPHFRAMES_EXACT_MATCH,false,SENIOR_V1_TO_CANONICAL_V1,APPROVED,Common registrar accounts support coordination but do not identify the human controller.,"[""DOM-015"",""DOM-023""]",SUPPORTING_EVIDENCE,"{""source_dataset"":""analytics/crypto_graphframes_exact_relationships.csv""}",2026.07.18.1
CRYPTO_KENNEL_LONG_CON,GF-0031,GF-TLS,SAME_TLS_CERTIFICATE,DOM-016,DOM-024,tls_certificate_hash,tls-core-08,norm-v1,CURATED_APPROXIMATION,GRAPHFRAMES_EXACT_MATCH,false,SENIOR_V1_TO_CANONICAL_V1,APPROVED,Shared certificates may reflect common hosting or a certificate bundle.,"[""DOM-016"",""DOM-024""]",SUPPORTING_EVIDENCE,"{""source_dataset"":""analytics/crypto_graphframes_exact_relationships.csv""}",2026.07.18.1
CRYPTO_KENNEL_LONG_CON,GF-0032,GF-REG,SAME_DOMAIN_REGISTRANT,DOM-016,DOM-024,registrar_account_hash,registrar-06,norm-v1,CURATED_APPROXIMATION,GRAPHFRAMES_EXACT_MATCH,false,SENIOR_V1_TO_CANONICAL_V1,APPROVED,Common registrar accounts support coordination but do not identify the human controller.,"[""DOM-016"",""DOM-024""]",SUPPORTING_EVIDENCE,"{""source_dataset"":""analytics/crypto_graphframes_exact_relationships.csv""}",2026.07.18.1
CRYPTO_KENNEL_LONG_CON,GF-0033,GF-TLS,SAME_TLS_CERTIFICATE,DOM-017,DOM-025,tls_certificate_hash,tls-core-01,norm-v1,CURATED_APPROXIMATION,GRAPHFRAMES_EXACT_MATCH,false,SENIOR_V1_TO_CANONICAL_V1,APPROVED,Shared certificates may reflect common hosting or a certificate bundle.,"[""DOM-017"",""DOM-025""]",SUPPORTING_EVIDENCE,"{""source_dataset"":""analytics/crypto_graphframes_exact_relationships.csv""}",2026.07.18.1
CRYPTO_KENNEL_LONG_CON,GF-0034,GF-REG,SAME_DOMAIN_REGISTRANT,DOM-017,DOM-025,registrar_account_hash,registrar-07,norm-v1,CURATED_APPROXIMATION,GRAPHFRAMES_EXACT_MATCH,false,SENIOR_V1_TO_CANONICAL_V1,APPROVED,Common registrar accounts support coordination but do not identify the human controller.,"[""DOM-017"",""DOM-025""]",SUPPORTING_EVIDENCE,"{""source_dataset"":""analytics/crypto_graphframes_exact_relationships.csv""}",2026.07.18.1
CRYPTO_KENNEL_LONG_CON,GF-0035,GF-TLS,SAME_TLS_CERTIFICATE,DOM-018,DOM-026,tls_certificate_hash,tls-core-02,norm-v1,CURATED_APPROXIMATION,GRAPHFRAMES_EXACT_MATCH,false,SENIOR_V1_TO_CANONICAL_V1,APPROVED,Shared certificates may reflect common hosting or a certificate bundle.,"[""DOM-018"",""DOM-026""]",SUPPORTING_EVIDENCE,"{""source_dataset"":""analytics/crypto_graphframes_exact_relationships.csv""}",2026.07.18.1
CRYPTO_KENNEL_LONG_CON,GF-0036,GF-REG,SAME_DOMAIN_REGISTRANT,DOM-018,DOM-026,registrar_account_hash,registrar-08,norm-v1,CURATED_APPROXIMATION,GRAPHFRAMES_EXACT_MATCH,false,SENIOR_V1_TO_CANONICAL_V1,APPROVED,Common registrar accounts support coordination but do not identify the human controller.,"[""DOM-018"",""DOM-026""]",SUPPORTING_EVIDENCE,"{""source_dataset"":""analytics/crypto_graphframes_exact_relationships.csv""}",2026.07.18.1
CRYPTO_KENNEL_LONG_CON,GF-0037,GF-TLS,SAME_TLS_CERTIFICATE,DOM-019,DOM-027,tls_certificate_hash,tls-core-03,norm-v1,CURATED_APPROXIMATION,GRAPHFRAMES_EXACT_MATCH,false,SENIOR_V1_TO_CANONICAL_V1,APPROVED,Shared certificates may reflect common hosting or a certificate bundle.,"[""DOM-019"",""DOM-027""]",SUPPORTING_EVIDENCE,"{""source_dataset"":""analytics/crypto_graphframes_exact_relationships.csv""}",2026.07.18.1
CRYPTO_KENNEL_LONG_CON,GF-0038,GF-REG,SAME_DOMAIN_REGISTRANT,DOM-019,DOM-027,registrar_account_hash,registrar-09,norm-v1,CURATED_APPROXIMATION,GRAPHFRAMES_EXACT_MATCH,false,SENIOR_V1_TO_CANONICAL_V1,APPROVED,Common registrar accounts support coordination but do not identify the human controller.,"[""DOM-019"",""DOM-027""]",SUPPORTING_EVIDENCE,"{""source_dataset"":""analytics/crypto_graphframes_exact_relationships.csv""}",2026.07.18.1
CRYPTO_KENNEL_LONG_CON,GF-0039,GF-TLS,SAME_TLS_CERTIFICATE,DOM-020,DOM-028,tls_certificate_hash,tls-core-04,norm-v1,CURATED_APPROXIMATION,GRAPHFRAMES_EXACT_MATCH,false,SENIOR_V1_TO_CANONICAL_V1,APPROVED,Shared certificates may reflect common hosting or a certificate bundle.,"[""DOM-020"",""DOM-028""]",SUPPORTING_EVIDENCE,"{""source_dataset"":""analytics/crypto_graphframes_exact_relationships.csv""}",2026.07.18.1
CRYPTO_KENNEL_LONG_CON,GF-0040,GF-REG,SAME_DOMAIN_REGISTRANT,DOM-020,DOM-028,registrar_account_hash,registrar-10,norm-v1,CURATED_APPROXIMATION,GRAPHFRAMES_EXACT_MATCH,false,SENIOR_V1_TO_CANONICAL_V1,APPROVED,Common registrar accounts support coordination but do not identify the human controller.,"[""DOM-020"",""DOM-028""]",SUPPORTING_EVIDENCE,"{""source_dataset"":""analytics/crypto_graphframes_exact_relationships.csv""}",2026.07.18.1
CRYPTO_KENNEL_LONG_CON,GF-0041,GF-TLS,SAME_TLS_CERTIFICATE,DOM-021,DOM-029,tls_certificate_hash,tls-core-05,norm-v1,CURATED_APPROXIMATION,GRAPHFRAMES_EXACT_MATCH,false,SENIOR_V1_TO_CANONICAL_V1,APPROVED,Shared certificates may reflect common hosting or a certificate bundle.,"[""DOM-021"",""DOM-029""]",SUPPORTING_EVIDENCE,"{""source_dataset"":""analytics/crypto_graphframes_exact_relationships.csv""}",2026.07.18.1
CRYPTO_KENNEL_LONG_CON,GF-0042,GF-REG,SAME_DOMAIN_REGISTRANT,DOM-021,DOM-029,registrar_account_hash,registrar-01,norm-v1,CURATED_APPROXIMATION,GRAPHFRAMES_EXACT_MATCH,false,SENIOR_V1_TO_CANONICAL_V1,APPROVED,Common registrar accounts support coordination but do not identify the human controller.,"[""DOM-021"",""DOM-029""]",SUPPORTING_EVIDENCE,"{""source_dataset"":""analytics/crypto_graphframes_exact_relationships.csv""}",2026.07.18.1
CRYPTO_KENNEL_LONG_CON,GF-0043,GF-TLS,SAME_TLS_CERTIFICATE,DOM-022,DOM-030,tls_certificate_hash,tls-core-06,norm-v1,CURATED_APPROXIMATION,GRAPHFRAMES_EXACT_MATCH,false,SENIOR_V1_TO_CANONICAL_V1,APPROVED,Shared certificates may reflect common hosting or a certificate bundle.,"[""DOM-022"",""DOM-030""]",SUPPORTING_EVIDENCE,"{""source_dataset"":""analytics/crypto_graphframes_exact_relationships.csv""}",2026.07.18.1
CRYPTO_KENNEL_LONG_CON,GF-0044,GF-REG,SAME_DOMAIN_REGISTRANT,DOM-022,DOM-030,registrar_account_hash,registrar-02,norm-v1,CURATED_APPROXIMATION,GRAPHFRAMES_EXACT_MATCH,false,SENIOR_V1_TO_CANONICAL_V1,APPROVED,Common registrar accounts support coordination but do not identify the human controller.,"[""DOM-022"",""DOM-030""]",SUPPORTING_EVIDENCE,"{""source_dataset"":""analytics/crypto_graphframes_exact_relationships.csv""}",2026.07.18.1
CRYPTO_KENNEL_LONG_CON,GF-0045,GF-TLS,SAME_TLS_CERTIFICATE,DOM-023,DOM-031,tls_certificate_hash,tls-core-07,norm-v1,CURATED_APPROXIMATION,GRAPHFRAMES_EXACT_MATCH,false,SENIOR_V1_TO_CANONICAL_V1,APPROVED,Shared certificates may reflect common hosting or a certificate bundle.,"[""DOM-023"",""DOM-031""]",SUPPORTING_EVIDENCE,"{""source_dataset"":""analytics/crypto_graphframes_exact_relationships.csv""}",2026.07.18.1
CRYPTO_KENNEL_LONG_CON,GF-0046,GF-REG,SAME_DOMAIN_REGISTRANT,DOM-023,DOM-031,registrar_account_hash,registrar-03,norm-v1,CURATED_APPROXIMATION,GRAPHFRAMES_EXACT_MATCH,false,SENIOR_V1_TO_CANONICAL_V1,APPROVED,Common registrar accounts support coordination but do not identify the human controller.,"[""DOM-023"",""DOM-031""]",SUPPORTING_EVIDENCE,"{""source_dataset"":""analytics/crypto_graphframes_exact_relationships.csv""}",2026.07.18.1
CRYPTO_KENNEL_LONG_CON,GF-0047,GF-TLS,SAME_TLS_CERTIFICATE,DOM-024,DOM-032,tls_certificate_hash,tls-core-08,norm-v1,CURATED_APPROXIMATION,GRAPHFRAMES_EXACT_MATCH,false,SENIOR_V1_TO_CANONICAL_V1,APPROVED,Shared certificates may reflect common hosting or a certificate bundle.,"[""DOM-024"",""DOM-032""]",SUPPORTING_EVIDENCE,"{""source_dataset"":""analytics/crypto_graphframes_exact_relationships.csv""}",2026.07.18.1
CRYPTO_KENNEL_LONG_CON,GF-0048,GF-REG,SAME_DOMAIN_REGISTRANT,DOM-024,DOM-032,registrar_account_hash,registrar-04,norm-v1,CURATED_APPROXIMATION,GRAPHFRAMES_EXACT_MATCH,false,SENIOR_V1_TO_CANONICAL_V1,APPROVED,Common registrar accounts support coordination but do not identify the human controller.,"[""DOM-024"",""DOM-032""]",SUPPORTING_EVIDENCE,"{""source_dataset"":""analytics/crypto_graphframes_exact_relationships.csv""}",2026.07.18.1
CRYPTO_KENNEL_LONG_CON,GF-0049,GF-TLS,SAME_TLS_CERTIFICATE,DOM-025,DOM-033,tls_certificate_hash,tls-core-01,norm-v1,CURATED_APPROXIMATION,GRAPHFRAMES_EXACT_MATCH,false,SENIOR_V1_TO_CANONICAL_V1,APPROVED,Shared certificates may reflect common hosting or a certificate bundle.,"[""DOM-025"",""DOM-033""]",SUPPORTING_EVIDENCE,"{""source_dataset"":""analytics/crypto_graphframes_exact_relationships.csv""}",2026.07.18.1
CRYPTO_KENNEL_LONG_CON,GF-0050,GF-REG,SAME_DOMAIN_REGISTRANT,DOM-025,DOM-033,registrar_account_hash,registrar-05,norm-v1,CURATED_APPROXIMATION,GRAPHFRAMES_EXACT_MATCH,false,SENIOR_V1_TO_CANONICAL_V1,APPROVED,Common registrar accounts support coordination but do not identify the human controller.,"[""DOM-025"",""DOM-033""]",SUPPORTING_EVIDENCE,"{""source_dataset"":""analytics/crypto_graphframes_exact_relationships.csv""}",2026.07.18.1
CRYPTO_KENNEL_LONG_CON,GF-0051,GF-TLS,SAME_TLS_CERTIFICATE,DOM-026,DOM-034,tls_certificate_hash,tls-core-02,norm-v1,CURATED_APPROXIMATION,GRAPHFRAMES_EXACT_MATCH,false,SENIOR_V1_TO_CANONICAL_V1,APPROVED,Shared certificates may reflect common hosting or a certificate bundle.,"[""DOM-026"",""DOM-034""]",SUPPORTING_EVIDENCE,"{""source_dataset"":""analytics/crypto_graphframes_exact_relationships.csv""}",2026.07.18.1
CRYPTO_KENNEL_LONG_CON,GF-0052,GF-REG,SAME_DOMAIN_REGISTRANT,DOM-026,DOM-034,registrar_account_hash,registrar-06,norm-v1,CURATED_APPROXIMATION,GRAPHFRAMES_EXACT_MATCH,false,SENIOR_V1_TO_CANONICAL_V1,APPROVED,Common registrar accounts support coordination but do not identify the human controller.,"[""DOM-026"",""DOM-034""]",SUPPORTING_EVIDENCE,"{""source_dataset"":""analytics/crypto_graphframes_exact_relationships.csv""}",2026.07.18.1
CRYPTO_KENNEL_LONG_CON,GF-0053,GF-TLS,SAME_TLS_CERTIFICATE,DOM-027,DOM-035,tls_certificate_hash,tls-core-03,norm-v1,CURATED_APPROXIMATION,GRAPHFRAMES_EXACT_MATCH,false,SENIOR_V1_TO_CANONICAL_V1,APPROVED,Shared certificates may reflect common hosting or a certificate bundle.,"[""DOM-027"",""DOM-035""]",SUPPORTING_EVIDENCE,"{""source_dataset"":""analytics/crypto_graphframes_exact_relationships.csv""}",2026.07.18.1
CRYPTO_KENNEL_LONG_CON,GF-0054,GF-REG,SAME_DOMAIN_REGISTRANT,DOM-027,DOM-035,registrar_account_hash,registrar-07,norm-v1,CURATED_APPROXIMATION,GRAPHFRAMES_EXACT_MATCH,false,SENIOR_V1_TO_CANONICAL_V1,APPROVED,Common registrar accounts support coordination but do not identify the human controller.,"[""DOM-027"",""DOM-035""]",SUPPORTING_EVIDENCE,"{""source_dataset"":""analytics/crypto_graphframes_exact_relationships.csv""}",2026.07.18.1
CRYPTO_KENNEL_LONG_CON,GF-0055,GF-TLS,SAME_TLS_CERTIFICATE,DOM-028,DOM-036,tls_certificate_hash,tls-core-04,norm-v1,CURATED_APPROXIMATION,GRAPHFRAMES_EXACT_MATCH,false,SENIOR_V1_TO_CANONICAL_V1,APPROVED,Shared certificates may reflect common hosting or a certificate bundle.,"[""DOM-028"",""DOM-036""]",SUPPORTING_EVIDENCE,"{""source_dataset"":""analytics/crypto_graphframes_exact_relationships.csv""}",2026.07.18.1
CRYPTO_KENNEL_LONG_CON,GF-0056,GF-REG,SAME_DOMAIN_REGISTRANT,DOM-028,DOM-036,registrar_account_hash,registrar-08,norm-v1,CURATED_APPROXIMATION,GRAPHFRAMES_EXACT_MATCH,false,SENIOR_V1_TO_CANONICAL_V1,APPROVED,Common registrar accounts support coordination but do not identify the human controller.,"[""DOM-028"",""DOM-036""]",SUPPORTING_EVIDENCE,"{""source_dataset"":""analytics/crypto_graphframes_exact_relationships.csv""}",2026.07.18.1
CRYPTO_KENNEL_LONG_CON,GF-0057,GF-TLS,SAME_TLS_CERTIFICATE,DOM-029,DOM-037,tls_certificate_hash,tls-core-05,norm-v1,CURATED_APPROXIMATION,GRAPHFRAMES_EXACT_MATCH,false,SENIOR_V1_TO_CANONICAL_V1,APPROVED,Shared certificates may reflect common hosting or a certificate bundle.,"[""DOM-029"",""DOM-037""]",SUPPORTING_EVIDENCE,"{""source_dataset"":""analytics/crypto_graphframes_exact_relationships.csv""}",2026.07.18.1
CRYPTO_KENNEL_LONG_CON,GF-0058,GF-REG,SAME_DOMAIN_REGISTRANT,DOM-029,DOM-037,registrar_account_hash,registrar-09,norm-v1,CURATED_APPROXIMATION,GRAPHFRAMES_EXACT_MATCH,false,SENIOR_V1_TO_CANONICAL_V1,APPROVED,Common registrar accounts support coordination but do not identify the human controller.,"[""DOM-029"",""DOM-037""]",SUPPORTING_EVIDENCE,"{""source_dataset"":""analytics/crypto_graphframes_exact_relationships.csv""}",2026.07.18.1
CRYPTO_KENNEL_LONG_CON,GF-0059,GF-TLS,SAME_TLS_CERTIFICATE,DOM-030,DOM-038,tls_certificate_hash,tls-core-06,norm-v1,CURATED_APPROXIMATION,GRAPHFRAMES_EXACT_MATCH,false,SENIOR_V1_TO_CANONICAL_V1,APPROVED,Shared certificates may reflect common hosting or a certificate bundle.,"[""DOM-030"",""DOM-038""]",SUPPORTING_EVIDENCE,"{""source_dataset"":""analytics/crypto_graphframes_exact_relationships.csv""}",2026.07.18.1
CRYPTO_KENNEL_LONG_CON,GF-0060,GF-REG,SAME_DOMAIN_REGISTRANT,DOM-030,DOM-038,registrar_account_hash,registrar-10,norm-v1,CURATED_APPROXIMATION,GRAPHFRAMES_EXACT_MATCH,false,SENIOR_V1_TO_CANONICAL_V1,APPROVED,Common registrar accounts support coordination but do not identify the human controller.,"[""DOM-030"",""DOM-038""]",SUPPORTING_EVIDENCE,"{""source_dataset"":""analytics/crypto_graphframes_exact_relationships.csv""}",2026.07.18.1
CRYPTO_KENNEL_LONG_CON,GF-0061,GF-TLS,SAME_TLS_CERTIFICATE,DOM-031,DOM-039,tls_certificate_hash,tls-core-07,norm-v1,CURATED_APPROXIMATION,GRAPHFRAMES_EXACT_MATCH,false,SENIOR_V1_TO_CANONICAL_V1,APPROVED,Shared certificates may reflect common hosting or a certificate bundle.,"[""DOM-031"",""DOM-039""]",SUPPORTING_EVIDENCE,"{""source_dataset"":""analytics/crypto_graphframes_exact_relationships.csv""}",2026.07.18.1
CRYPTO_KENNEL_LONG_CON,GF-0062,GF-TLS,SAME_TLS_CERTIFICATE,DOM-032,DOM-040,tls_certificate_hash,tls-core-08,norm-v1,CURATED_APPROXIMATION,GRAPHFRAMES_EXACT_MATCH,false,SENIOR_V1_TO_CANONICAL_V1,APPROVED,Shared certificates may reflect common hosting or a certificate bundle.,"[""DOM-032"",""DOM-040""]",SUPPORTING_EVIDENCE,"{""source_dataset"":""analytics/crypto_graphframes_exact_relationships.csv""}",2026.07.18.1
CRYPTO_KENNEL_LONG_CON,GF-0063,GF-TLS,SAME_TLS_CERTIFICATE,DOM-033,DOM-041,tls_certificate_hash,tls-core-01,norm-v1,CURATED_APPROXIMATION,GRAPHFRAMES_EXACT_MATCH,false,SENIOR_V1_TO_CANONICAL_V1,APPROVED,Shared certificates may reflect common hosting or a certificate bundle.,"[""DOM-033"",""DOM-041""]",SUPPORTING_EVIDENCE,"{""source_dataset"":""analytics/crypto_graphframes_exact_relationships.csv""}",2026.07.18.1
CRYPTO_KENNEL_LONG_CON,GF-0064,GF-TLS,SAME_TLS_CERTIFICATE,DOM-034,DOM-042,tls_certificate_hash,tls-core-02,norm-v1,CURATED_APPROXIMATION,GRAPHFRAMES_EXACT_MATCH,false,SENIOR_V1_TO_CANONICAL_V1,APPROVED,Shared certificates may reflect common hosting or a certificate bundle.,"[""DOM-034"",""DOM-042""]",SUPPORTING_EVIDENCE,"{""source_dataset"":""analytics/crypto_graphframes_exact_relationships.csv""}",2026.07.18.1
CRYPTO_KENNEL_LONG_CON,GF-0065,GF-TLS,SAME_TLS_CERTIFICATE,DOM-035,DOM-001,tls_certificate_hash,tls-core-03,norm-v1,CURATED_APPROXIMATION,GRAPHFRAMES_EXACT_MATCH,false,SENIOR_V1_TO_CANONICAL_V1,APPROVED,Shared certificates may reflect common hosting or a certificate bundle.,"[""DOM-035"",""DOM-001""]",SUPPORTING_EVIDENCE,"{""source_dataset"":""analytics/crypto_graphframes_exact_relationships.csv""}",2026.07.18.1
CRYPTO_KENNEL_LONG_CON,GF-0066,GF-TLS,SAME_TLS_CERTIFICATE,DOM-036,DOM-002,tls_certificate_hash,tls-core-04,norm-v1,CURATED_APPROXIMATION,GRAPHFRAMES_EXACT_MATCH,false,SENIOR_V1_TO_CANONICAL_V1,APPROVED,Shared certificates may reflect common hosting or a certificate bundle.,"[""DOM-036"",""DOM-002""]",SUPPORTING_EVIDENCE,"{""source_dataset"":""analytics/crypto_graphframes_exact_relationships.csv""}",2026.07.18.1
CRYPTO_KENNEL_LONG_CON,GF-0067,GF-TLS,SAME_TLS_CERTIFICATE,DOM-037,DOM-003,tls_certificate_hash,tls-core-05,norm-v1,CURATED_APPROXIMATION,GRAPHFRAMES_EXACT_MATCH,false,SENIOR_V1_TO_CANONICAL_V1,APPROVED,Shared certificates may reflect common hosting or a certificate bundle.,"[""DOM-037"",""DOM-003""]",SUPPORTING_EVIDENCE,"{""source_dataset"":""analytics/crypto_graphframes_exact_relationships.csv""}",2026.07.18.1
CRYPTO_KENNEL_LONG_CON,GF-0068,GF-TLS,SAME_TLS_CERTIFICATE,DOM-038,DOM-004,tls_certificate_hash,tls-core-06,norm-v1,CURATED_APPROXIMATION,GRAPHFRAMES_EXACT_MATCH,false,SENIOR_V1_TO_CANONICAL_V1,APPROVED,Shared certificates may reflect common hosting or a certificate bundle.,"[""DOM-038"",""DOM-004""]",SUPPORTING_EVIDENCE,"{""source_dataset"":""analytics/crypto_graphframes_exact_relationships.csv""}",2026.07.18.1
CRYPTO_KENNEL_LONG_CON,GF-0069,GF-TLS,SAME_TLS_CERTIFICATE,DOM-039,DOM-005,tls_certificate_hash,tls-core-07,norm-v1,CURATED_APPROXIMATION,GRAPHFRAMES_EXACT_MATCH,false,SENIOR_V1_TO_CANONICAL_V1,APPROVED,Shared certificates may reflect common hosting or a certificate bundle.,"[""DOM-039"",""DOM-005""]",SUPPORTING_EVIDENCE,"{""source_dataset"":""analytics/crypto_graphframes_exact_relationships.csv""}",2026.07.18.1
CRYPTO_KENNEL_LONG_CON,GF-0070,GF-TLS,SAME_TLS_CERTIFICATE,DOM-040,DOM-006,tls_certificate_hash,tls-core-08,norm-v1,CURATED_APPROXIMATION,GRAPHFRAMES_EXACT_MATCH,false,SENIOR_V1_TO_CANONICAL_V1,APPROVED,Shared certificates may reflect common hosting or a certificate bundle.,"[""DOM-040"",""DOM-006""]",SUPPORTING_EVIDENCE,"{""source_dataset"":""analytics/crypto_graphframes_exact_relationships.csv""}",2026.07.18.1
CRYPTO_KENNEL_LONG_CON,GF-0071,GF-TLS,SAME_TLS_CERTIFICATE,DOM-041,DOM-007,tls_certificate_hash,tls-core-01,norm-v1,CURATED_APPROXIMATION,GRAPHFRAMES_EXACT_MATCH,false,SENIOR_V1_TO_CANONICAL_V1,APPROVED,Shared certificates may reflect common hosting or a certificate bundle.,"[""DOM-041"",""DOM-007""]",SUPPORTING_EVIDENCE,"{""source_dataset"":""analytics/crypto_graphframes_exact_relationships.csv""}",2026.07.18.1
CRYPTO_KENNEL_LONG_CON,GF-0072,GF-TLS,SAME_TLS_CERTIFICATE,DOM-042,DOM-008,tls_certificate_hash,tls-core-02,norm-v1,CURATED_APPROXIMATION,GRAPHFRAMES_EXACT_MATCH,false,SENIOR_V1_TO_CANONICAL_V1,APPROVED,Shared certificates may reflect common hosting or a certificate bundle.,"[""DOM-042"",""DOM-008""]",SUPPORTING_EVIDENCE,"{""source_dataset"":""analytics/crypto_graphframes_exact_relationships.csv""}",2026.07.18.1
CRYPTO_KENNEL_LONG_CON,GF-0073,GF-APP,SAME_APP_BUILD_HASH,APP-001,APP-007,build_hash,app-core-01,norm-v1,CURATED_APPROXIMATION,GRAPHFRAMES_EXACT_MATCH,false,SENIOR_V1_TO_CANONICAL_V1,APPROVED,The same build hash links releases; publisher and signing records still matter.,"[""APP-001"",""APP-007""]",SUPPORTING_EVIDENCE,"{""source_dataset"":""analytics/crypto_graphframes_exact_relationships.csv""}",2026.07.18.1
CRYPTO_KENNEL_LONG_CON,GF-0074,GF-APP,SAME_APP_BUILD_HASH,APP-002,APP-008,build_hash,app-core-02,norm-v1,CURATED_APPROXIMATION,GRAPHFRAMES_EXACT_MATCH,false,SENIOR_V1_TO_CANONICAL_V1,APPROVED,The same build hash links releases; publisher and signing records still matter.,"[""APP-002"",""APP-008""]",SUPPORTING_EVIDENCE,"{""source_dataset"":""analytics/crypto_graphframes_exact_relationships.csv""}",2026.07.18.1
CRYPTO_KENNEL_LONG_CON,GF-0075,GF-APP,SAME_APP_BUILD_HASH,APP-003,APP-009,build_hash,app-core-03,norm-v1,CURATED_APPROXIMATION,GRAPHFRAMES_EXACT_MATCH,false,SENIOR_V1_TO_CANONICAL_V1,APPROVED,The same build hash links releases; publisher and signing records still matter.,"[""APP-003"",""APP-009""]",SUPPORTING_EVIDENCE,"{""source_dataset"":""analytics/crypto_graphframes_exact_relationships.csv""}",2026.07.18.1
CRYPTO_KENNEL_LONG_CON,GF-0076,GF-APP,SAME_APP_BUILD_HASH,APP-004,APP-010,build_hash,app-core-04,norm-v1,CURATED_APPROXIMATION,GRAPHFRAMES_EXACT_MATCH,false,SENIOR_V1_TO_CANONICAL_V1,APPROVED,The same build hash links releases; publisher and signing records still matter.,"[""APP-004"",""APP-010""]",SUPPORTING_EVIDENCE,"{""source_dataset"":""analytics/crypto_graphframes_exact_relationships.csv""}",2026.07.18.1
CRYPTO_KENNEL_LONG_CON,GF-0077,GF-APP,SAME_APP_BUILD_HASH,APP-005,APP-011,build_hash,app-core-05,norm-v1,CURATED_APPROXIMATION,GRAPHFRAMES_EXACT_MATCH,false,SENIOR_V1_TO_CANONICAL_V1,APPROVED,The same build hash links releases; publisher and signing records still matter.,"[""APP-005"",""APP-011""]",SUPPORTING_EVIDENCE,"{""source_dataset"":""analytics/crypto_graphframes_exact_relationships.csv""}",2026.07.18.1
CRYPTO_KENNEL_LONG_CON,GF-0078,GF-APP,SAME_APP_BUILD_HASH,APP-006,APP-012,build_hash,app-core-06,norm-v1,CURATED_APPROXIMATION,GRAPHFRAMES_EXACT_MATCH,false,SENIOR_V1_TO_CANONICAL_V1,APPROVED,The same build hash links releases; publisher and signing records still matter.,"[""APP-006"",""APP-012""]",SUPPORTING_EVIDENCE,"{""source_dataset"":""analytics/crypto_graphframes_exact_relationships.csv""}",2026.07.18.1
CRYPTO_KENNEL_LONG_CON,GF-0079,GF-APP,SAME_APP_BUILD_HASH,APP-007,APP-013,build_hash,app-core-01,norm-v1,CURATED_APPROXIMATION,GRAPHFRAMES_EXACT_MATCH,false,SENIOR_V1_TO_CANONICAL_V1,APPROVED,The same build hash links releases; publisher and signing records still matter.,"[""APP-007"",""APP-013""]",SUPPORTING_EVIDENCE,"{""source_dataset"":""analytics/crypto_graphframes_exact_relationships.csv""}",2026.07.18.1
CRYPTO_KENNEL_LONG_CON,GF-0080,GF-APP,SAME_APP_BUILD_HASH,APP-008,APP-014,build_hash,app-core-02,norm-v1,CURATED_APPROXIMATION,GRAPHFRAMES_EXACT_MATCH,false,SENIOR_V1_TO_CANONICAL_V1,APPROVED,The same build hash links releases; publisher and signing records still matter.,"[""APP-008"",""APP-014""]",SUPPORTING_EVIDENCE,"{""source_dataset"":""analytics/crypto_graphframes_exact_relationships.csv""}",2026.07.18.1
CRYPTO_KENNEL_LONG_CON,GF-0081,GF-APP,SAME_APP_BUILD_HASH,APP-009,APP-015,build_hash,app-core-03,norm-v1,CURATED_APPROXIMATION,GRAPHFRAMES_EXACT_MATCH,false,SENIOR_V1_TO_CANONICAL_V1,APPROVED,The same build hash links releases; publisher and signing records still matter.,"[""APP-009"",""APP-015""]",SUPPORTING_EVIDENCE,"{""source_dataset"":""analytics/crypto_graphframes_exact_relationships.csv""}",2026.07.18.1
CRYPTO_KENNEL_LONG_CON,GF-0082,GF-APP,SAME_APP_BUILD_HASH,APP-010,APP-016,build_hash,app-core-04,norm-v1,CURATED_APPROXIMATION,GRAPHFRAMES_EXACT_MATCH,false,SENIOR_V1_TO_CANONICAL_V1,APPROVED,The same build hash links releases; publisher and signing records still matter.,"[""APP-010"",""APP-016""]",SUPPORTING_EVIDENCE,"{""source_dataset"":""analytics/crypto_graphframes_exact_relationships.csv""}",2026.07.18.1
CRYPTO_KENNEL_LONG_CON,GF-0083,GF-APP,SAME_APP_BUILD_HASH,APP-011,APP-017,build_hash,app-core-05,norm-v1,CURATED_APPROXIMATION,GRAPHFRAMES_EXACT_MATCH,false,SENIOR_V1_TO_CANONICAL_V1,APPROVED,The same build hash links releases; publisher and signing records still matter.,"[""APP-011"",""APP-017""]",SUPPORTING_EVIDENCE,"{""source_dataset"":""analytics/crypto_graphframes_exact_relationships.csv""}",2026.07.18.1
CRYPTO_KENNEL_LONG_CON,GF-0084,GF-APP,SAME_APP_BUILD_HASH,APP-012,APP-018,build_hash,app-core-06,norm-v1,CURATED_APPROXIMATION,GRAPHFRAMES_EXACT_MATCH,false,SENIOR_V1_TO_CANONICAL_V1,APPROVED,The same build hash links releases; publisher and signing records still matter.,"[""APP-012"",""APP-018""]",SUPPORTING_EVIDENCE,"{""source_dataset"":""analytics/crypto_graphframes_exact_relationships.csv""}",2026.07.18.1
CRYPTO_KENNEL_LONG_CON,GF-0085,GF-APP,SAME_APP_BUILD_HASH,APP-013,APP-019,build_hash,app-core-01,norm-v1,CURATED_APPROXIMATION,GRAPHFRAMES_EXACT_MATCH,false,SENIOR_V1_TO_CANONICAL_V1,APPROVED,The same build hash links releases; publisher and signing records still matter.,"[""APP-013"",""APP-019""]",SUPPORTING_EVIDENCE,"{""source_dataset"":""analytics/crypto_graphframes_exact_relationships.csv""}",2026.07.18.1
CRYPTO_KENNEL_LONG_CON,GF-0086,GF-APP,SAME_APP_BUILD_HASH,APP-014,APP-020,build_hash,app-core-02,norm-v1,CURATED_APPROXIMATION,GRAPHFRAMES_EXACT_MATCH,false,SENIOR_V1_TO_CANONICAL_V1,APPROVED,The same build hash links releases; publisher and signing records still matter.,"[""APP-014"",""APP-020""]",SUPPORTING_EVIDENCE,"{""source_dataset"":""analytics/crypto_graphframes_exact_relationships.csv""}",2026.07.18.1
CRYPTO_KENNEL_LONG_CON,GF-0087,GF-APP,SAME_APP_BUILD_HASH,APP-015,APP-021,build_hash,app-core-03,norm-v1,CURATED_APPROXIMATION,GRAPHFRAMES_EXACT_MATCH,false,SENIOR_V1_TO_CANONICAL_V1,APPROVED,The same build hash links releases; publisher and signing records still matter.,"[""APP-015"",""APP-021""]",SUPPORTING_EVIDENCE,"{""source_dataset"":""analytics/crypto_graphframes_exact_relationships.csv""}",2026.07.18.1
CRYPTO_KENNEL_LONG_CON,GF-0088,GF-APP,SAME_APP_BUILD_HASH,APP-016,APP-022,build_hash,app-core-04,norm-v1,CURATED_APPROXIMATION,GRAPHFRAMES_EXACT_MATCH,false,SENIOR_V1_TO_CANONICAL_V1,APPROVED,The same build hash links releases; publisher and signing records still matter.,"[""APP-016"",""APP-022""]",SUPPORTING_EVIDENCE,"{""source_dataset"":""analytics/crypto_graphframes_exact_relationships.csv""}",2026.07.18.1
CRYPTO_KENNEL_LONG_CON,GF-0089,GF-APP,SAME_APP_BUILD_HASH,APP-017,APP-001,build_hash,app-core-05,norm-v1,CURATED_APPROXIMATION,GRAPHFRAMES_EXACT_MATCH,false,SENIOR_V1_TO_CANONICAL_V1,APPROVED,The same build hash links releases; publisher and signing records still matter.,"[""APP-017"",""APP-001""]",SUPPORTING_EVIDENCE,"{""source_dataset"":""analytics/crypto_graphframes_exact_relationships.csv""}",2026.07.18.1
CRYPTO_KENNEL_LONG_CON,GF-0090,GF-APP,SAME_APP_BUILD_HASH,APP-018,APP-002,build_hash,app-core-06,norm-v1,CURATED_APPROXIMATION,GRAPHFRAMES_EXACT_MATCH,false,SENIOR_V1_TO_CANONICAL_V1,APPROVED,The same build hash links releases; publisher and signing records still matter.,"[""APP-018"",""APP-002""]",SUPPORTING_EVIDENCE,"{""source_dataset"":""analytics/crypto_graphframes_exact_relationships.csv""}",2026.07.18.1
CRYPTO_KENNEL_LONG_CON,GF-0091,GF-APP,SAME_APP_BUILD_HASH,APP-019,APP-003,build_hash,app-core-01,norm-v1,CURATED_APPROXIMATION,GRAPHFRAMES_EXACT_MATCH,false,SENIOR_V1_TO_CANONICAL_V1,APPROVED,The same build hash links releases; publisher and signing records still matter.,"[""APP-019"",""APP-003""]",SUPPORTING_EVIDENCE,"{""source_dataset"":""analytics/crypto_graphframes_exact_relationships.csv""}",2026.07.18.1
CRYPTO_KENNEL_LONG_CON,GF-0092,GF-APP,SAME_APP_BUILD_HASH,APP-020,APP-004,build_hash,app-core-02,norm-v1,CURATED_APPROXIMATION,GRAPHFRAMES_EXACT_MATCH,false,SENIOR_V1_TO_CANONICAL_V1,APPROVED,The same build hash links releases; publisher and signing records still matter.,"[""APP-020"",""APP-004""]",SUPPORTING_EVIDENCE,"{""source_dataset"":""analytics/crypto_graphframes_exact_relationships.csv""}",2026.07.18.1
CRYPTO_KENNEL_LONG_CON,GF-0093,GF-APP,SAME_APP_BUILD_HASH,APP-021,APP-005,build_hash,app-core-03,norm-v1,CURATED_APPROXIMATION,GRAPHFRAMES_EXACT_MATCH,false,SENIOR_V1_TO_CANONICAL_V1,APPROVED,The same build hash links releases; publisher and signing records still matter.,"[""APP-021"",""APP-005""]",SUPPORTING_EVIDENCE,"{""source_dataset"":""analytics/crypto_graphframes_exact_relationships.csv""}",2026.07.18.1
CRYPTO_KENNEL_LONG_CON,GF-0094,GF-APP,SAME_APP_BUILD_HASH,APP-022,APP-006,build_hash,app-core-04,norm-v1,CURATED_APPROXIMATION,GRAPHFRAMES_EXACT_MATCH,false,SENIOR_V1_TO_CANONICAL_V1,APPROVED,The same build hash links releases; publisher and signing records still matter.,"[""APP-022"",""APP-006""]",SUPPORTING_EVIDENCE,"{""source_dataset"":""analytics/crypto_graphframes_exact_relationships.csv""}",2026.07.18.1
CRYPTO_KENNEL_LONG_CON,GF-0095,GF-DEVICE,SAME_DEVICE,LOGIN-0001,LOGIN-0013,device_id,DEV-ADMIN-01,norm-v1,CURATED_APPROXIMATION,GRAPHFRAMES_EXACT_MATCH,false,SENIOR_V1_TO_CANONICAL_V1,APPROVED,"Shared devices require account, timing and KYC corroboration.","[""LOGIN-0001"",""LOGIN-0013""]",SUPPORTING_EVIDENCE,"{""source_dataset"":""analytics/crypto_graphframes_exact_relationships.csv""}",2026.07.18.1
CRYPTO_KENNEL_LONG_CON,GF-0096,GF-DEVICE,SAME_DEVICE,LOGIN-0013,LOGIN-0025,device_id,DEV-ADMIN-01,norm-v1,CURATED_APPROXIMATION,GRAPHFRAMES_EXACT_MATCH,false,SENIOR_V1_TO_CANONICAL_V1,APPROVED,"Shared devices require account, timing and KYC corroboration.","[""LOGIN-0013"",""LOGIN-0025""]",SUPPORTING_EVIDENCE,"{""source_dataset"":""analytics/crypto_graphframes_exact_relationships.csv""}",2026.07.18.1
CRYPTO_KENNEL_LONG_CON,GF-0097,GF-DEVICE,SAME_DEVICE,LOGIN-0025,LOGIN-0037,device_id,DEV-ADMIN-01,norm-v1,CURATED_APPROXIMATION,GRAPHFRAMES_EXACT_MATCH,false,SENIOR_V1_TO_CANONICAL_V1,APPROVED,"Shared devices require account, timing and KYC corroboration.","[""LOGIN-0025"",""LOGIN-0037""]",SUPPORTING_EVIDENCE,"{""source_dataset"":""analytics/crypto_graphframes_exact_relationships.csv""}",2026.07.18.1
CRYPTO_KENNEL_LONG_CON,GF-0098,GF-DEVICE,SAME_DEVICE,LOGIN-0037,LOGIN-0049,device_id,DEV-ADMIN-01,norm-v1,CURATED_APPROXIMATION,GRAPHFRAMES_EXACT_MATCH,false,SENIOR_V1_TO_CANONICAL_V1,APPROVED,"Shared devices require account, timing and KYC corroboration.","[""LOGIN-0037"",""LOGIN-0049""]",SUPPORTING_EVIDENCE,"{""source_dataset"":""analytics/crypto_graphframes_exact_relationships.csv""}",2026.07.18.1
CRYPTO_KENNEL_LONG_CON,GF-0099,GF-DEVICE,SAME_DEVICE,LOGIN-0049,LOGIN-0061,device_id,DEV-ADMIN-01,norm-v1,CURATED_APPROXIMATION,GRAPHFRAMES_EXACT_MATCH,false,SENIOR_V1_TO_CANONICAL_V1,APPROVED,"Shared devices require account, timing and KYC corroboration.","[""LOGIN-0049"",""LOGIN-0061""]",SUPPORTING_EVIDENCE,"{""source_dataset"":""analytics/crypto_graphframes_exact_relationships.csv""}",2026.07.18.1
CRYPTO_KENNEL_LONG_CON,GF-0100,GF-DEVICE,SAME_DEVICE,LOGIN-0061,LOGIN-0073,device_id,DEV-ADMIN-01,norm-v1,CURATED_APPROXIMATION,GRAPHFRAMES_EXACT_MATCH,false,SENIOR_V1_TO_CANONICAL_V1,APPROVED,"Shared devices require account, timing and KYC corroboration.","[""LOGIN-0061"",""LOGIN-0073""]",SUPPORTING_EVIDENCE,"{""source_dataset"":""analytics/crypto_graphframes_exact_relationships.csv""}",2026.07.18.1
CRYPTO_KENNEL_LONG_CON,GF-0101,GF-DEVICE,SAME_DEVICE,LOGIN-0073,LOGIN-0085,device_id,DEV-ADMIN-01,norm-v1,CURATED_APPROXIMATION,GRAPHFRAMES_EXACT_MATCH,false,SENIOR_V1_TO_CANONICAL_V1,APPROVED,"Shared devices require account, timing and KYC corroboration.","[""LOGIN-0073"",""LOGIN-0085""]",SUPPORTING_EVIDENCE,"{""source_dataset"":""analytics/crypto_graphframes_exact_relationships.csv""}",2026.07.18.1
CRYPTO_KENNEL_LONG_CON,GF-0102,GF-DEVICE,SAME_DEVICE,LOGIN-0085,LOGIN-0097,device_id,DEV-ADMIN-01,norm-v1,CURATED_APPROXIMATION,GRAPHFRAMES_EXACT_MATCH,false,SENIOR_V1_TO_CANONICAL_V1,APPROVED,"Shared devices require account, timing and KYC corroboration.","[""LOGIN-0085"",""LOGIN-0097""]",SUPPORTING_EVIDENCE,"{""source_dataset"":""analytics/crypto_graphframes_exact_relationships.csv""}",2026.07.18.1
CRYPTO_KENNEL_LONG_CON,GF-0103,GF-DEVICE,SAME_DEVICE,LOGIN-0097,LOGIN-0109,device_id,DEV-ADMIN-01,norm-v1,CURATED_APPROXIMATION,GRAPHFRAMES_EXACT_MATCH,false,SENIOR_V1_TO_CANONICAL_V1,APPROVED,"Shared devices require account, timing and KYC corroboration.","[""LOGIN-0097"",""LOGIN-0109""]",SUPPORTING_EVIDENCE,"{""source_dataset"":""analytics/crypto_graphframes_exact_relationships.csv""}",2026.07.18.1
CRYPTO_KENNEL_LONG_CON,GF-0104,GF-DEVICE,SAME_DEVICE,LOGIN-0109,LOGIN-0121,device_id,DEV-ADMIN-01,norm-v1,CURATED_APPROXIMATION,GRAPHFRAMES_EXACT_MATCH,false,SENIOR_V1_TO_CANONICAL_V1,APPROVED,"Shared devices require account, timing and KYC corroboration.","[""LOGIN-0109"",""LOGIN-0121""]",SUPPORTING_EVIDENCE,"{""source_dataset"":""analytics/crypto_graphframes_exact_relationships.csv""}",2026.07.18.1
CRYPTO_KENNEL_LONG_CON,GF-0105,GF-DEVICE,SAME_DEVICE,LOGIN-0121,LOGIN-0133,device_id,DEV-ADMIN-01,norm-v1,CURATED_APPROXIMATION,GRAPHFRAMES_EXACT_MATCH,false,SENIOR_V1_TO_CANONICAL_V1,APPROVED,"Shared devices require account, timing and KYC corroboration.","[""LOGIN-0121"",""LOGIN-0133""]",SUPPORTING_EVIDENCE,"{""source_dataset"":""analytics/crypto_graphframes_exact_relationships.csv""}",2026.07.18.1
CRYPTO_KENNEL_LONG_CON,GF-0106,GF-DEVICE,SAME_DEVICE,LOGIN-0133,LOGIN-0145,device_id,DEV-ADMIN-01,norm-v1,CURATED_APPROXIMATION,GRAPHFRAMES_EXACT_MATCH,false,SENIOR_V1_TO_CANONICAL_V1,APPROVED,"Shared devices require account, timing and KYC corroboration.","[""LOGIN-0133"",""LOGIN-0145""]",SUPPORTING_EVIDENCE,"{""source_dataset"":""analytics/crypto_graphframes_exact_relationships.csv""}",2026.07.18.1
CRYPTO_KENNEL_LONG_CON,GF-0107,GF-DEVICE,SAME_DEVICE,LOGIN-0145,LOGIN-0157,device_id,DEV-ADMIN-01,norm-v1,CURATED_APPROXIMATION,GRAPHFRAMES_EXACT_MATCH,false,SENIOR_V1_TO_CANONICAL_V1,APPROVED,"Shared devices require account, timing and KYC corroboration.","[""LOGIN-0145"",""LOGIN-0157""]",SUPPORTING_EVIDENCE,"{""source_dataset"":""analytics/crypto_graphframes_exact_relationships.csv""}",2026.07.18.1
CRYPTO_KENNEL_LONG_CON,GF-0108,GF-DEVICE,SAME_DEVICE,LOGIN-0157,LOGIN-0169,device_id,DEV-ADMIN-01,norm-v1,CURATED_APPROXIMATION,GRAPHFRAMES_EXACT_MATCH,false,SENIOR_V1_TO_CANONICAL_V1,APPROVED,"Shared devices require account, timing and KYC corroboration.","[""LOGIN-0157"",""LOGIN-0169""]",SUPPORTING_EVIDENCE,"{""source_dataset"":""analytics/crypto_graphframes_exact_relationships.csv""}",2026.07.18.1
CRYPTO_KENNEL_LONG_CON,GF-0109,GF-DEVICE,SAME_DEVICE,LOGIN-0169,LOGIN-0181,device_id,DEV-ADMIN-01,norm-v1,CURATED_APPROXIMATION,GRAPHFRAMES_EXACT_MATCH,false,SENIOR_V1_TO_CANONICAL_V1,APPROVED,"Shared devices require account, timing and KYC corroboration.","[""LOGIN-0169"",""LOGIN-0181""]",SUPPORTING_EVIDENCE,"{""source_dataset"":""analytics/crypto_graphframes_exact_relationships.csv""}",2026.07.18.1
CRYPTO_KENNEL_LONG_CON,GF-0110,GF-DEVICE,SAME_DEVICE,LOGIN-0181,LOGIN-0193,device_id,DEV-ADMIN-01,norm-v1,CURATED_APPROXIMATION,GRAPHFRAMES_EXACT_MATCH,false,SENIOR_V1_TO_CANONICAL_V1,APPROVED,"Shared devices require account, timing and KYC corroboration.","[""LOGIN-0181"",""LOGIN-0193""]",SUPPORTING_EVIDENCE,"{""source_dataset"":""analytics/crypto_graphframes_exact_relationships.csv""}",2026.07.18.1
CRYPTO_KENNEL_LONG_CON,GF-0111,GF-DEVICE,SAME_DEVICE,LOGIN-0193,LOGIN-0205,device_id,DEV-ADMIN-01,norm-v1,CURATED_APPROXIMATION,GRAPHFRAMES_EXACT_MATCH,false,SENIOR_V1_TO_CANONICAL_V1,APPROVED,"Shared devices require account, timing and KYC corroboration.","[""LOGIN-0193"",""LOGIN-0205""]",SUPPORTING_EVIDENCE,"{""source_dataset"":""analytics/crypto_graphframes_exact_relationships.csv""}",2026.07.18.1
CRYPTO_KENNEL_LONG_CON,GF-0112,GF-DEVICE,SAME_DEVICE,LOGIN-0205,LOGIN-0217,device_id,DEV-ADMIN-01,norm-v1,CURATED_APPROXIMATION,GRAPHFRAMES_EXACT_MATCH,false,SENIOR_V1_TO_CANONICAL_V1,APPROVED,"Shared devices require account, timing and KYC corroboration.","[""LOGIN-0205"",""LOGIN-0217""]",SUPPORTING_EVIDENCE,"{""source_dataset"":""analytics/crypto_graphframes_exact_relationships.csv""}",2026.07.18.1
CRYPTO_KENNEL_LONG_CON,GF-0113,GF-DEVICE,SAME_DEVICE,LOGIN-0217,LOGIN-0229,device_id,DEV-ADMIN-01,norm-v1,CURATED_APPROXIMATION,GRAPHFRAMES_EXACT_MATCH,false,SENIOR_V1_TO_CANONICAL_V1,APPROVED,"Shared devices require account, timing and KYC corroboration.","[""LOGIN-0217"",""LOGIN-0229""]",SUPPORTING_EVIDENCE,"{""source_dataset"":""analytics/crypto_graphframes_exact_relationships.csv""}",2026.07.18.1
CRYPTO_KENNEL_LONG_CON,GF-0114,GF-DEVICE,SAME_DEVICE,LOGIN-0229,LOGIN-0241,device_id,DEV-ADMIN-01,norm-v1,CURATED_APPROXIMATION,GRAPHFRAMES_EXACT_MATCH,false,SENIOR_V1_TO_CANONICAL_V1,APPROVED,"Shared devices require account, timing and KYC corroboration.","[""LOGIN-0229"",""LOGIN-0241""]",SUPPORTING_EVIDENCE,"{""source_dataset"":""analytics/crypto_graphframes_exact_relationships.csv""}",2026.07.18.1
CRYPTO_KENNEL_LONG_CON,GF-0115,GF-DEVICE,SAME_DEVICE,LOGIN-0241,LOGIN-0253,device_id,DEV-ADMIN-01,norm-v1,CURATED_APPROXIMATION,GRAPHFRAMES_EXACT_MATCH,false,SENIOR_V1_TO_CANONICAL_V1,APPROVED,"Shared devices require account, timing and KYC corroboration.","[""LOGIN-0241"",""LOGIN-0253""]",SUPPORTING_EVIDENCE,"{""source_dataset"":""analytics/crypto_graphframes_exact_relationships.csv""}",2026.07.18.1
CRYPTO_KENNEL_LONG_CON,GF-0116,GF-DEVICE,SAME_DEVICE,LOGIN-0253,LOGIN-0265,device_id,DEV-ADMIN-01,norm-v1,CURATED_APPROXIMATION,GRAPHFRAMES_EXACT_MATCH,false,SENIOR_V1_TO_CANONICAL_V1,APPROVED,"Shared devices require account, timing and KYC corroboration.","[""LOGIN-0253"",""LOGIN-0265""]",SUPPORTING_EVIDENCE,"{""source_dataset"":""analytics/crypto_graphframes_exact_relationships.csv""}",2026.07.18.1
CRYPTO_KENNEL_LONG_CON,GF-0117,GF-DEVICE,SAME_DEVICE,LOGIN-0265,LOGIN-0277,device_id,DEV-ADMIN-01,norm-v1,CURATED_APPROXIMATION,GRAPHFRAMES_EXACT_MATCH,false,SENIOR_V1_TO_CANONICAL_V1,APPROVED,"Shared devices require account, timing and KYC corroboration.","[""LOGIN-0265"",""LOGIN-0277""]",SUPPORTING_EVIDENCE,"{""source_dataset"":""analytics/crypto_graphframes_exact_relationships.csv""}",2026.07.18.1
CRYPTO_KENNEL_LONG_CON,GF-0118,GF-DEVICE,SAME_DEVICE,LOGIN-0277,LOGIN-0289,device_id,DEV-ADMIN-01,norm-v1,CURATED_APPROXIMATION,GRAPHFRAMES_EXACT_MATCH,false,SENIOR_V1_TO_CANONICAL_V1,APPROVED,"Shared devices require account, timing and KYC corroboration.","[""LOGIN-0277"",""LOGIN-0289""]",SUPPORTING_EVIDENCE,"{""source_dataset"":""analytics/crypto_graphframes_exact_relationships.csv""}",2026.07.18.1
CRYPTO_KENNEL_LONG_CON,GF-0119,GF-DEVICE,SAME_DEVICE,LOGIN-0289,LOGIN-0313,device_id,DEV-ADMIN-01,norm-v1,CURATED_APPROXIMATION,GRAPHFRAMES_EXACT_MATCH,false,SENIOR_V1_TO_CANONICAL_V1,APPROVED,"Shared devices require account, timing and KYC corroboration.","[""LOGIN-0289"",""LOGIN-0313""]",SUPPORTING_EVIDENCE,"{""source_dataset"":""analytics/crypto_graphframes_exact_relationships.csv""}",2026.07.18.1
CRYPTO_KENNEL_LONG_CON,GF-0120,GF-DEVICE,SAME_DEVICE,LOGIN-0313,LOGIN-0325,device_id,DEV-ADMIN-01,norm-v1,CURATED_APPROXIMATION,GRAPHFRAMES_EXACT_MATCH,false,SENIOR_V1_TO_CANONICAL_V1,APPROVED,"Shared devices require account, timing and KYC corroboration.","[""LOGIN-0313"",""LOGIN-0325""]",SUPPORTING_EVIDENCE,"{""source_dataset"":""analytics/crypto_graphframes_exact_relationships.csv""}",2026.07.18.1
CRYPTO_KENNEL_LONG_CON,GF-0121,GF-DEVICE,SAME_DEVICE,LOGIN-0325,LOGIN-0337,device_id,DEV-ADMIN-01,norm-v1,CURATED_APPROXIMATION,GRAPHFRAMES_EXACT_MATCH,false,SENIOR_V1_TO_CANONICAL_V1,APPROVED,"Shared devices require account, timing and KYC corroboration.","[""LOGIN-0325"",""LOGIN-0337""]",SUPPORTING_EVIDENCE,"{""source_dataset"":""analytics/crypto_graphframes_exact_relationships.csv""}",2026.07.18.1
CRYPTO_KENNEL_LONG_CON,GF-0122,GF-DEVICE,SAME_DEVICE,LOGIN-0337,LOGIN-0349,device_id,DEV-ADMIN-01,norm-v1,CURATED_APPROXIMATION,GRAPHFRAMES_EXACT_MATCH,false,SENIOR_V1_TO_CANONICAL_V1,APPROVED,"Shared devices require account, timing and KYC corroboration.","[""LOGIN-0337"",""LOGIN-0349""]",SUPPORTING_EVIDENCE,"{""source_dataset"":""analytics/crypto_graphframes_exact_relationships.csv""}",2026.07.18.1
CRYPTO_KENNEL_LONG_CON,GF-0123,GF-DEVICE,SAME_DEVICE,LOGIN-0349,LOGIN-0361,device_id,DEV-ADMIN-01,norm-v1,CURATED_APPROXIMATION,GRAPHFRAMES_EXACT_MATCH,false,SENIOR_V1_TO_CANONICAL_V1,APPROVED,"Shared devices require account, timing and KYC corroboration.","[""LOGIN-0349"",""LOGIN-0361""]",SUPPORTING_EVIDENCE,"{""source_dataset"":""analytics/crypto_graphframes_exact_relationships.csv""}",2026.07.18.1
CRYPTO_KENNEL_LONG_CON,GF-0124,GF-DEVICE,SAME_DEVICE,LOGIN-0361,LOGIN-0373,device_id,DEV-ADMIN-01,norm-v1,CURATED_APPROXIMATION,GRAPHFRAMES_EXACT_MATCH,false,SENIOR_V1_TO_CANONICAL_V1,APPROVED,"Shared devices require account, timing and KYC corroboration.","[""LOGIN-0361"",""LOGIN-0373""]",SUPPORTING_EVIDENCE,"{""source_dataset"":""analytics/crypto_graphframes_exact_relationships.csv""}",2026.07.18.1
CRYPTO_KENNEL_LONG_CON,GF-0125,GF-DEVICE,SAME_DEVICE,LOGIN-0373,LOGIN-0397,device_id,DEV-ADMIN-01,norm-v1,CURATED_APPROXIMATION,GRAPHFRAMES_EXACT_MATCH,false,SENIOR_V1_TO_CANONICAL_V1,APPROVED,"Shared devices require account, timing and KYC corroboration.","[""LOGIN-0373"",""LOGIN-0397""]",SUPPORTING_EVIDENCE,"{""source_dataset"":""analytics/crypto_graphframes_exact_relationships.csv""}",2026.07.18.1
CRYPTO_KENNEL_LONG_CON,GF-0126,GF-DEVICE,SAME_DEVICE,LOGIN-0397,LOGIN-0409,device_id,DEV-ADMIN-01,norm-v1,CURATED_APPROXIMATION,GRAPHFRAMES_EXACT_MATCH,false,SENIOR_V1_TO_CANONICAL_V1,APPROVED,"Shared devices require account, timing and KYC corroboration.","[""LOGIN-0397"",""LOGIN-0409""]",SUPPORTING_EVIDENCE,"{""source_dataset"":""analytics/crypto_graphframes_exact_relationships.csv""}",2026.07.18.1
CRYPTO_KENNEL_LONG_CON,GF-0127,GF-DEVICE,SAME_DEVICE,LOGIN-0409,LOGIN-0421,device_id,DEV-ADMIN-01,norm-v1,CURATED_APPROXIMATION,GRAPHFRAMES_EXACT_MATCH,false,SENIOR_V1_TO_CANONICAL_V1,APPROVED,"Shared devices require account, timing and KYC corroboration.","[""LOGIN-0409"",""LOGIN-0421""]",SUPPORTING_EVIDENCE,"{""source_dataset"":""analytics/crypto_graphframes_exact_relationships.csv""}",2026.07.18.1
CRYPTO_KENNEL_LONG_CON,GF-0128,GF-DEVICE,SAME_DEVICE,LOGIN-0421,LOGIN-0433,device_id,DEV-ADMIN-01,norm-v1,CURATED_APPROXIMATION,GRAPHFRAMES_EXACT_MATCH,false,SENIOR_V1_TO_CANONICAL_V1,APPROVED,"Shared devices require account, timing and KYC corroboration.","[""LOGIN-0421"",""LOGIN-0433""]",SUPPORTING_EVIDENCE,"{""source_dataset"":""analytics/crypto_graphframes_exact_relationships.csv""}",2026.07.18.1
CRYPTO_KENNEL_LONG_CON,GF-0129,GF-DEVICE,SAME_DEVICE,LOGIN-0433,LOGIN-0445,device_id,DEV-ADMIN-01,norm-v1,CURATED_APPROXIMATION,GRAPHFRAMES_EXACT_MATCH,false,SENIOR_V1_TO_CANONICAL_V1,APPROVED,"Shared devices require account, timing and KYC corroboration.","[""LOGIN-0433"",""LOGIN-0445""]",SUPPORTING_EVIDENCE,"{""source_dataset"":""analytics/crypto_graphframes_exact_relationships.csv""}",2026.07.18.1
CRYPTO_KENNEL_LONG_CON,GF-0130,GF-DEVICE,SAME_DEVICE,LOGIN-0002,LOGIN-0014,device_id,DEV-GROWTH-02,norm-v1,CURATED_APPROXIMATION,GRAPHFRAMES_EXACT_MATCH,false,SENIOR_V1_TO_CANONICAL_V1,APPROVED,"Shared devices require account, timing and KYC corroboration.","[""LOGIN-0002"",""LOGIN-0014""]",SUPPORTING_EVIDENCE,"{""source_dataset"":""analytics/crypto_graphframes_exact_relationships.csv""}",2026.07.18.1
CRYPTO_KENNEL_LONG_CON,GF-0131,GF-DEVICE,SAME_DEVICE,LOGIN-0014,LOGIN-0026,device_id,DEV-GROWTH-02,norm-v1,CURATED_APPROXIMATION,GRAPHFRAMES_EXACT_MATCH,false,SENIOR_V1_TO_CANONICAL_V1,APPROVED,"Shared devices require account, timing and KYC corroboration.","[""LOGIN-0014"",""LOGIN-0026""]",SUPPORTING_EVIDENCE,"{""source_dataset"":""analytics/crypto_graphframes_exact_relationships.csv""}",2026.07.18.1
CRYPTO_KENNEL_LONG_CON,GF-0132,GF-DEVICE,SAME_DEVICE,LOGIN-0026,LOGIN-0038,device_id,DEV-GROWTH-02,norm-v1,CURATED_APPROXIMATION,GRAPHFRAMES_EXACT_MATCH,false,SENIOR_V1_TO_CANONICAL_V1,APPROVED,"Shared devices require account, timing and KYC corroboration.","[""LOGIN-0026"",""LOGIN-0038""]",SUPPORTING_EVIDENCE,"{""source_dataset"":""analytics/crypto_graphframes_exact_relationships.csv""}",2026.07.18.1
CRYPTO_KENNEL_LONG_CON,GF-0133,GF-DEVICE,SAME_DEVICE,LOGIN-0038,LOGIN-0050,device_id,DEV-GROWTH-02,norm-v1,CURATED_APPROXIMATION,GRAPHFRAMES_EXACT_MATCH,false,SENIOR_V1_TO_CANONICAL_V1,APPROVED,"Shared devices require account, timing and KYC corroboration.","[""LOGIN-0038"",""LOGIN-0050""]",SUPPORTING_EVIDENCE,"{""source_dataset"":""analytics/crypto_graphframes_exact_relationships.csv""}",2026.07.18.1
CRYPTO_KENNEL_LONG_CON,GF-0134,GF-DEVICE,SAME_DEVICE,LOGIN-0050,LOGIN-0062,device_id,DEV-GROWTH-02,norm-v1,CURATED_APPROXIMATION,GRAPHFRAMES_EXACT_MATCH,false,SENIOR_V1_TO_CANONICAL_V1,APPROVED,"Shared devices require account, timing and KYC corroboration.","[""LOGIN-0050"",""LOGIN-0062""]",SUPPORTING_EVIDENCE,"{""source_dataset"":""analytics/crypto_graphframes_exact_relationships.csv""}",2026.07.18.1
CRYPTO_KENNEL_LONG_CON,GF-0135,GF-DEVICE,SAME_DEVICE,LOGIN-0062,LOGIN-0074,device_id,DEV-GROWTH-02,norm-v1,CURATED_APPROXIMATION,GRAPHFRAMES_EXACT_MATCH,false,SENIOR_V1_TO_CANONICAL_V1,APPROVED,"Shared devices require account, timing and KYC corroboration.","[""LOGIN-0062"",""LOGIN-0074""]",SUPPORTING_EVIDENCE,"{""source_dataset"":""analytics/crypto_graphframes_exact_relationships.csv""}",2026.07.18.1
CRYPTO_KENNEL_LONG_CON,GF-0136,GF-DEVICE,SAME_DEVICE,LOGIN-0074,LOGIN-0086,device_id,DEV-GROWTH-02,norm-v1,CURATED_APPROXIMATION,GRAPHFRAMES_EXACT_MATCH,false,SENIOR_V1_TO_CANONICAL_V1,APPROVED,"Shared devices require account, timing and KYC corroboration.","[""LOGIN-0074"",""LOGIN-0086""]",SUPPORTING_EVIDENCE,"{""source_dataset"":""analytics/crypto_graphframes_exact_relationships.csv""}",2026.07.18.1
CRYPTO_KENNEL_LONG_CON,GF-0137,GF-DEVICE,SAME_DEVICE,LOGIN-0086,LOGIN-0098,device_id,DEV-GROWTH-02,norm-v1,CURATED_APPROXIMATION,GRAPHFRAMES_EXACT_MATCH,false,SENIOR_V1_TO_CANONICAL_V1,APPROVED,"Shared devices require account, timing and KYC corroboration.","[""LOGIN-0086"",""LOGIN-0098""]",SUPPORTING_EVIDENCE,"{""source_dataset"":""analytics/crypto_graphframes_exact_relationships.csv""}",2026.07.18.1
CRYPTO_KENNEL_LONG_CON,GF-0138,GF-DEVICE,SAME_DEVICE,LOGIN-0098,LOGIN-0110,device_id,DEV-GROWTH-02,norm-v1,CURATED_APPROXIMATION,GRAPHFRAMES_EXACT_MATCH,false,SENIOR_V1_TO_CANONICAL_V1,APPROVED,"Shared devices require account, timing and KYC corroboration.","[""LOGIN-0098"",""LOGIN-0110""]",SUPPORTING_EVIDENCE,"{""source_dataset"":""analytics/crypto_graphframes_exact_relationships.csv""}",2026.07.18.1
CRYPTO_KENNEL_LONG_CON,GF-0139,GF-DEVICE,SAME_DEVICE,LOGIN-0110,LOGIN-0122,device_id,DEV-GROWTH-02,norm-v1,CURATED_APPROXIMATION,GRAPHFRAMES_EXACT_MATCH,false,SENIOR_V1_TO_CANONICAL_V1,APPROVED,"Shared devices require account, timing and KYC corroboration.","[""LOGIN-0110"",""LOGIN-0122""]",SUPPORTING_EVIDENCE,"{""source_dataset"":""analytics/crypto_graphframes_exact_relationships.csv""}",2026.07.18.1
CRYPTO_KENNEL_LONG_CON,GF-0140,GF-DEVICE,SAME_DEVICE,LOGIN-0122,LOGIN-0134,device_id,DEV-GROWTH-02,norm-v1,CURATED_APPROXIMATION,GRAPHFRAMES_EXACT_MATCH,false,SENIOR_V1_TO_CANONICAL_V1,APPROVED,"Shared devices require account, timing and KYC corroboration.","[""LOGIN-0122"",""LOGIN-0134""]",SUPPORTING_EVIDENCE,"{""source_dataset"":""analytics/crypto_graphframes_exact_relationships.csv""}",2026.07.18.1
CRYPTO_KENNEL_LONG_CON,GF-0141,GF-DEVICE,SAME_DEVICE,LOGIN-0134,LOGIN-0146,device_id,DEV-GROWTH-02,norm-v1,CURATED_APPROXIMATION,GRAPHFRAMES_EXACT_MATCH,false,SENIOR_V1_TO_CANONICAL_V1,APPROVED,"Shared devices require account, timing and KYC corroboration.","[""LOGIN-0134"",""LOGIN-0146""]",SUPPORTING_EVIDENCE,"{""source_dataset"":""analytics/crypto_graphframes_exact_relationships.csv""}",2026.07.18.1
CRYPTO_KENNEL_LONG_CON,GF-0142,GF-DEVICE,SAME_DEVICE,LOGIN-0146,LOGIN-0158,device_id,DEV-GROWTH-02,norm-v1,CURATED_APPROXIMATION,GRAPHFRAMES_EXACT_MATCH,false,SENIOR_V1_TO_CANONICAL_V1,APPROVED,"Shared devices require account, timing and KYC corroboration.","[""LOGIN-0146"",""LOGIN-0158""]",SUPPORTING_EVIDENCE,"{""source_dataset"":""analytics/crypto_graphframes_exact_relationships.csv""}",2026.07.18.1
CRYPTO_KENNEL_LONG_CON,GF-0143,GF-DEVICE,SAME_DEVICE,LOGIN-0158,LOGIN-0170,device_id,DEV-GROWTH-02,norm-v1,CURATED_APPROXIMATION,GRAPHFRAMES_EXACT_MATCH,false,SENIOR_V1_TO_CANONICAL_V1,APPROVED,"Shared devices require account, timing and KYC corroboration.","[""LOGIN-0158"",""LOGIN-0170""]",SUPPORTING_EVIDENCE,"{""source_dataset"":""analytics/crypto_graphframes_exact_relationships.csv""}",2026.07.18.1
CRYPTO_KENNEL_LONG_CON,GF-0144,GF-DEVICE,SAME_DEVICE,LOGIN-0170,LOGIN-0182,device_id,DEV-GROWTH-02,norm-v1,CURATED_APPROXIMATION,GRAPHFRAMES_EXACT_MATCH,false,SENIOR_V1_TO_CANONICAL_V1,APPROVED,"Shared devices require account, timing and KYC corroboration.","[""LOGIN-0170"",""LOGIN-0182""]",SUPPORTING_EVIDENCE,"{""source_dataset"":""analytics/crypto_graphframes_exact_relationships.csv""}",2026.07.18.1
CRYPTO_KENNEL_LONG_CON,GF-0145,GF-DEVICE,SAME_DEVICE,LOGIN-0182,LOGIN-0194,device_id,DEV-GROWTH-02,norm-v1,CURATED_APPROXIMATION,GRAPHFRAMES_EXACT_MATCH,false,SENIOR_V1_TO_CANONICAL_V1,APPROVED,"Shared devices require account, timing and KYC corroboration.","[""LOGIN-0182"",""LOGIN-0194""]",SUPPORTING_EVIDENCE,"{""source_dataset"":""analytics/crypto_graphframes_exact_relationships.csv""}",2026.07.18.1
CRYPTO_KENNEL_LONG_CON,GF-0146,GF-DEVICE,SAME_DEVICE,LOGIN-0194,LOGIN-0206,device_id,DEV-GROWTH-02,norm-v1,CURATED_APPROXIMATION,GRAPHFRAMES_EXACT_MATCH,false,SENIOR_V1_TO_CANONICAL_V1,APPROVED,"Shared devices require account, timing and KYC corroboration.","[""LOGIN-0194"",""LOGIN-0206""]",SUPPORTING_EVIDENCE,"{""source_dataset"":""analytics/crypto_graphframes_exact_relationships.csv""}",2026.07.18.1
CRYPTO_KENNEL_LONG_CON,GF-0147,GF-DEVICE,SAME_DEVICE,LOGIN-0206,LOGIN-0218,device_id,DEV-GROWTH-02,norm-v1,CURATED_APPROXIMATION,GRAPHFRAMES_EXACT_MATCH,false,SENIOR_V1_TO_CANONICAL_V1,APPROVED,"Shared devices require account, timing and KYC corroboration.","[""LOGIN-0206"",""LOGIN-0218""]",SUPPORTING_EVIDENCE,"{""source_dataset"":""analytics/crypto_graphframes_exact_relationships.csv""}",2026.07.18.1
CRYPTO_KENNEL_LONG_CON,GF-0148,GF-DEVICE,SAME_DEVICE,LOGIN-0218,LOGIN-0230,device_id,DEV-GROWTH-02,norm-v1,CURATED_APPROXIMATION,GRAPHFRAMES_EXACT_MATCH,false,SENIOR_V1_TO_CANONICAL_V1,APPROVED,"Shared devices require account, timing and KYC corroboration.","[""LOGIN-0218"",""LOGIN-0230""]",SUPPORTING_EVIDENCE,"{""source_dataset"":""analytics/crypto_graphframes_exact_relationships.csv""}",2026.07.18.1
CRYPTO_KENNEL_LONG_CON,GF-0149,GF-DEVICE,SAME_DEVICE,LOGIN-0230,LOGIN-0242,device_id,DEV-GROWTH-02,norm-v1,CURATED_APPROXIMATION,GRAPHFRAMES_EXACT_MATCH,false,SENIOR_V1_TO_CANONICAL_V1,APPROVED,"Shared devices require account, timing and KYC corroboration.","[""LOGIN-0230"",""LOGIN-0242""]",SUPPORTING_EVIDENCE,"{""source_dataset"":""analytics/crypto_graphframes_exact_relationships.csv""}",2026.07.18.1
CRYPTO_KENNEL_LONG_CON,GF-0150,GF-DEVICE,SAME_DEVICE,LOGIN-0242,LOGIN-0254,device_id,DEV-GROWTH-02,norm-v1,CURATED_APPROXIMATION,GRAPHFRAMES_EXACT_MATCH,false,SENIOR_V1_TO_CANONICAL_V1,APPROVED,"Shared devices require account, timing and KYC corroboration.","[""LOGIN-0242"",""LOGIN-0254""]",SUPPORTING_EVIDENCE,"{""source_dataset"":""analytics/crypto_graphframes_exact_relationships.csv""}",2026.07.18.1
CRYPTO_KENNEL_LONG_CON,GF-0151,GF-DEVICE,SAME_DEVICE,LOGIN-0254,LOGIN-0266,device_id,DEV-GROWTH-02,norm-v1,CURATED_APPROXIMATION,GRAPHFRAMES_EXACT_MATCH,false,SENIOR_V1_TO_CANONICAL_V1,APPROVED,"Shared devices require account, timing and KYC corroboration.","[""LOGIN-0254"",""LOGIN-0266""]",SUPPORTING_EVIDENCE,"{""source_dataset"":""analytics/crypto_graphframes_exact_relationships.csv""}",2026.07.18.1
CRYPTO_KENNEL_LONG_CON,GF-0152,GF-DEVICE,SAME_DEVICE,LOGIN-0266,LOGIN-0278,device_id,DEV-GROWTH-02,norm-v1,CURATED_APPROXIMATION,GRAPHFRAMES_EXACT_MATCH,false,SENIOR_V1_TO_CANONICAL_V1,APPROVED,"Shared devices require account, timing and KYC corroboration.","[""LOGIN-0266"",""LOGIN-0278""]",SUPPORTING_EVIDENCE,"{""source_dataset"":""analytics/crypto_graphframes_exact_relationships.csv""}",2026.07.18.1
CRYPTO_KENNEL_LONG_CON,GF-0153,GF-DEVICE,SAME_DEVICE,LOGIN-0278,LOGIN-0290,device_id,DEV-GROWTH-02,norm-v1,CURATED_APPROXIMATION,GRAPHFRAMES_EXACT_MATCH,false,SENIOR_V1_TO_CANONICAL_V1,APPROVED,"Shared devices require account, timing and KYC corroboration.","[""LOGIN-0278"",""LOGIN-0290""]",SUPPORTING_EVIDENCE,"{""source_dataset"":""analytics/crypto_graphframes_exact_relationships.csv""}",2026.07.18.1
CRYPTO_KENNEL_LONG_CON,GF-0154,GF-DEVICE,SAME_DEVICE,LOGIN-0290,LOGIN-0302,device_id,DEV-GROWTH-02,norm-v1,CURATED_APPROXIMATION,GRAPHFRAMES_EXACT_MATCH,false,SENIOR_V1_TO_CANONICAL_V1,APPROVED,"Shared devices require account, timing and KYC corroboration.","[""LOGIN-0290"",""LOGIN-0302""]",SUPPORTING_EVIDENCE,"{""source_dataset"":""analytics/crypto_graphframes_exact_relationships.csv""}",2026.07.18.1
CRYPTO_KENNEL_LONG_CON,GF-0155,GF-DEVICE,SAME_DEVICE,LOGIN-0302,LOGIN-0314,device_id,DEV-GROWTH-02,norm-v1,CURATED_APPROXIMATION,GRAPHFRAMES_EXACT_MATCH,false,SENIOR_V1_TO_CANONICAL_V1,APPROVED,"Shared devices require account, timing and KYC corroboration.","[""LOGIN-0302"",""LOGIN-0314""]",SUPPORTING_EVIDENCE,"{""source_dataset"":""analytics/crypto_graphframes_exact_relationships.csv""}",2026.07.18.1
CRYPTO_KENNEL_LONG_CON,GF-0156,GF-DEVICE,SAME_DEVICE,LOGIN-0314,LOGIN-0326,device_id,DEV-GROWTH-02,norm-v1,CURATED_APPROXIMATION,GRAPHFRAMES_EXACT_MATCH,false,SENIOR_V1_TO_CANONICAL_V1,APPROVED,"Shared devices require account, timing and KYC corroboration.","[""LOGIN-0314"",""LOGIN-0326""]",SUPPORTING_EVIDENCE,"{""source_dataset"":""analytics/crypto_graphframes_exact_relationships.csv""}",2026.07.18.1
CRYPTO_KENNEL_LONG_CON,GF-0157,GF-DEVICE,SAME_DEVICE,LOGIN-0326,LOGIN-0338,device_id,DEV-GROWTH-02,norm-v1,CURATED_APPROXIMATION,GRAPHFRAMES_EXACT_MATCH,false,SENIOR_V1_TO_CANONICAL_V1,APPROVED,"Shared devices require account, timing and KYC corroboration.","[""LOGIN-0326"",""LOGIN-0338""]",SUPPORTING_EVIDENCE,"{""source_dataset"":""analytics/crypto_graphframes_exact_relationships.csv""}",2026.07.18.1
CRYPTO_KENNEL_LONG_CON,GF-0158,GF-DEVICE,SAME_DEVICE,LOGIN-0338,LOGIN-0362,device_id,DEV-GROWTH-02,norm-v1,CURATED_APPROXIMATION,GRAPHFRAMES_EXACT_MATCH,false,SENIOR_V1_TO_CANONICAL_V1,APPROVED,"Shared devices require account, timing and KYC corroboration.","[""LOGIN-0338"",""LOGIN-0362""]",SUPPORTING_EVIDENCE,"{""source_dataset"":""analytics/crypto_graphframes_exact_relationships.csv""}",2026.07.18.1
CRYPTO_KENNEL_LONG_CON,GF-0159,GF-DEVICE,SAME_DEVICE,LOGIN-0362,LOGIN-0374,device_id,DEV-GROWTH-02,norm-v1,CURATED_APPROXIMATION,GRAPHFRAMES_EXACT_MATCH,false,SENIOR_V1_TO_CANONICAL_V1,APPROVED,"Shared devices require account, timing and KYC corroboration.","[""LOGIN-0362"",""LOGIN-0374""]",SUPPORTING_EVIDENCE,"{""source_dataset"":""analytics/crypto_graphframes_exact_relationships.csv""}",2026.07.18.1
CRYPTO_KENNEL_LONG_CON,GF-0160,GF-DEVICE,SAME_DEVICE,LOGIN-0374,LOGIN-0386,device_id,DEV-GROWTH-02,norm-v1,CURATED_APPROXIMATION,GRAPHFRAMES_EXACT_MATCH,false,SENIOR_V1_TO_CANONICAL_V1,APPROVED,"Shared devices require account, timing and KYC corroboration.","[""LOGIN-0374"",""LOGIN-0386""]",SUPPORTING_EVIDENCE,"{""source_dataset"":""analytics/crypto_graphframes_exact_relationships.csv""}",2026.07.18.1
CRYPTO_KENNEL_LONG_CON,GF-0161,GF-DEVICE,SAME_DEVICE,LOGIN-0386,LOGIN-0398,device_id,DEV-GROWTH-02,norm-v1,CURATED_APPROXIMATION,GRAPHFRAMES_EXACT_MATCH,false,SENIOR_V1_TO_CANONICAL_V1,APPROVED,"Shared devices require account, timing and KYC corroboration.","[""LOGIN-0386"",""LOGIN-0398""]",SUPPORTING_EVIDENCE,"{""source_dataset"":""analytics/crypto_graphframes_exact_relationships.csv""}",2026.07.18.1
CRYPTO_KENNEL_LONG_CON,GF-0162,GF-DEVICE,SAME_DEVICE,LOGIN-0398,LOGIN-0410,device_id,DEV-GROWTH-02,norm-v1,CURATED_APPROXIMATION,GRAPHFRAMES_EXACT_MATCH,false,SENIOR_V1_TO_CANONICAL_V1,APPROVED,"Shared devices require account, timing and KYC corroboration.","[""LOGIN-0398"",""LOGIN-0410""]",SUPPORTING_EVIDENCE,"{""source_dataset"":""analytics/crypto_graphframes_exact_relationships.csv""}",2026.07.18.1
CRYPTO_KENNEL_LONG_CON,GF-0163,GF-DEVICE,SAME_DEVICE,LOGIN-0410,LOGIN-0422,device_id,DEV-GROWTH-02,norm-v1,CURATED_APPROXIMATION,GRAPHFRAMES_EXACT_MATCH,false,SENIOR_V1_TO_CANONICAL_V1,APPROVED,"Shared devices require account, timing and KYC corroboration.","[""LOGIN-0410"",""LOGIN-0422""]",SUPPORTING_EVIDENCE,"{""source_dataset"":""analytics/crypto_graphframes_exact_relationships.csv""}",2026.07.18.1
CRYPTO_KENNEL_LONG_CON,GF-0164,GF-DEVICE,SAME_DEVICE,LOGIN-0422,LOGIN-0446,device_id,DEV-GROWTH-02,norm-v1,CURATED_APPROXIMATION,GRAPHFRAMES_EXACT_MATCH,false,SENIOR_V1_TO_CANONICAL_V1,APPROVED,"Shared devices require account, timing and KYC corroboration.","[""LOGIN-0422"",""LOGIN-0446""]",SUPPORTING_EVIDENCE,"{""source_dataset"":""analytics/crypto_graphframes_exact_relationships.csv""}",2026.07.18.1
CRYPTO_KENNEL_LONG_CON,GF-0165,GF-DEVICE,SAME_DEVICE,LOGIN-0003,LOGIN-0015,device_id,DEV-TREASURY-04,norm-v1,CURATED_APPROXIMATION,GRAPHFRAMES_EXACT_MATCH,false,SENIOR_V1_TO_CANONICAL_V1,APPROVED,"Shared devices require account, timing and KYC corroboration.","[""LOGIN-0003"",""LOGIN-0015""]",SUPPORTING_EVIDENCE,"{""source_dataset"":""analytics/crypto_graphframes_exact_relationships.csv""}",2026.07.18.1
CRYPTO_KENNEL_LONG_CON,GF-0166,GF-DEVICE,SAME_DEVICE,LOGIN-0015,LOGIN-0027,device_id,DEV-TREASURY-04,norm-v1,CURATED_APPROXIMATION,GRAPHFRAMES_EXACT_MATCH,false,SENIOR_V1_TO_CANONICAL_V1,APPROVED,"Shared devices require account, timing and KYC corroboration.","[""LOGIN-0015"",""LOGIN-0027""]",SUPPORTING_EVIDENCE,"{""source_dataset"":""analytics/crypto_graphframes_exact_relationships.csv""}",2026.07.18.1
CRYPTO_KENNEL_LONG_CON,GF-0167,GF-DEVICE,SAME_DEVICE,LOGIN-0027,LOGIN-0039,device_id,DEV-TREASURY-04,norm-v1,CURATED_APPROXIMATION,GRAPHFRAMES_EXACT_MATCH,false,SENIOR_V1_TO_CANONICAL_V1,APPROVED,"Shared devices require account, timing and KYC corroboration.","[""LOGIN-0027"",""LOGIN-0039""]",SUPPORTING_EVIDENCE,"{""source_dataset"":""analytics/crypto_graphframes_exact_relationships.csv""}",2026.07.18.1
CRYPTO_KENNEL_LONG_CON,GF-0168,GF-DEVICE,SAME_DEVICE,LOGIN-0039,LOGIN-0051,device_id,DEV-TREASURY-04,norm-v1,CURATED_APPROXIMATION,GRAPHFRAMES_EXACT_MATCH,false,SENIOR_V1_TO_CANONICAL_V1,APPROVED,"Shared devices require account, timing and KYC corroboration.","[""LOGIN-0039"",""LOGIN-0051""]",SUPPORTING_EVIDENCE,"{""source_dataset"":""analytics/crypto_graphframes_exact_relationships.csv""}",2026.07.18.1
CRYPTO_KENNEL_LONG_CON,GF-0169,GF-DEVICE,SAME_DEVICE,LOGIN-0051,LOGIN-0063,device_id,DEV-TREASURY-04,norm-v1,CURATED_APPROXIMATION,GRAPHFRAMES_EXACT_MATCH,false,SENIOR_V1_TO_CANONICAL_V1,APPROVED,"Shared devices require account, timing and KYC corroboration.","[""LOGIN-0051"",""LOGIN-0063""]",SUPPORTING_EVIDENCE,"{""source_dataset"":""analytics/crypto_graphframes_exact_relationships.csv""}",2026.07.18.1
CRYPTO_KENNEL_LONG_CON,GF-0170,GF-DEVICE,SAME_DEVICE,LOGIN-0063,LOGIN-0075,device_id,DEV-TREASURY-04,norm-v1,CURATED_APPROXIMATION,GRAPHFRAMES_EXACT_MATCH,false,SENIOR_V1_TO_CANONICAL_V1,APPROVED,"Shared devices require account, timing and KYC corroboration.","[""LOGIN-0063"",""LOGIN-0075""]",SUPPORTING_EVIDENCE,"{""source_dataset"":""analytics/crypto_graphframes_exact_relationships.csv""}",2026.07.18.1
CRYPTO_KENNEL_LONG_CON,GF-0171,GF-DEVICE,SAME_DEVICE,LOGIN-0075,LOGIN-0087,device_id,DEV-TREASURY-04,norm-v1,CURATED_APPROXIMATION,GRAPHFRAMES_EXACT_MATCH,false,SENIOR_V1_TO_CANONICAL_V1,APPROVED,"Shared devices require account, timing and KYC corroboration.","[""LOGIN-0075"",""LOGIN-0087""]",SUPPORTING_EVIDENCE,"{""source_dataset"":""analytics/crypto_graphframes_exact_relationships.csv""}",2026.07.18.1
CRYPTO_KENNEL_LONG_CON,GF-0172,GF-DEVICE,SAME_DEVICE,LOGIN-0087,LOGIN-0099,device_id,DEV-TREASURY-04,norm-v1,CURATED_APPROXIMATION,GRAPHFRAMES_EXACT_MATCH,false,SENIOR_V1_TO_CANONICAL_V1,APPROVED,"Shared devices require account, timing and KYC corroboration.","[""LOGIN-0087"",""LOGIN-0099""]",SUPPORTING_EVIDENCE,"{""source_dataset"":""analytics/crypto_graphframes_exact_relationships.csv""}",2026.07.18.1
CRYPTO_KENNEL_LONG_CON,GF-0173,GF-DEVICE,SAME_DEVICE,LOGIN-0099,LOGIN-0111,device_id,DEV-TREASURY-04,norm-v1,CURATED_APPROXIMATION,GRAPHFRAMES_EXACT_MATCH,false,SENIOR_V1_TO_CANONICAL_V1,APPROVED,"Shared devices require account, timing and KYC corroboration.","[""LOGIN-0099"",""LOGIN-0111""]",SUPPORTING_EVIDENCE,"{""source_dataset"":""analytics/crypto_graphframes_exact_relationships.csv""}",2026.07.18.1
CRYPTO_KENNEL_LONG_CON,GF-0174,GF-DEVICE,SAME_DEVICE,LOGIN-0111,LOGIN-0123,device_id,DEV-TREASURY-04,norm-v1,CURATED_APPROXIMATION,GRAPHFRAMES_EXACT_MATCH,false,SENIOR_V1_TO_CANONICAL_V1,APPROVED,"Shared devices require account, timing and KYC corroboration.","[""LOGIN-0111"",""LOGIN-0123""]",SUPPORTING_EVIDENCE,"{""source_dataset"":""analytics/crypto_graphframes_exact_relationships.csv""}",2026.07.18.1
CRYPTO_KENNEL_LONG_CON,GF-0175,GF-DEVICE,SAME_DEVICE,LOGIN-0123,LOGIN-0135,device_id,DEV-TREASURY-04,norm-v1,CURATED_APPROXIMATION,GRAPHFRAMES_EXACT_MATCH,false,SENIOR_V1_TO_CANONICAL_V1,APPROVED,"Shared devices require account, timing and KYC corroboration.","[""LOGIN-0123"",""LOGIN-0135""]",SUPPORTING_EVIDENCE,"{""source_dataset"":""analytics/crypto_graphframes_exact_relationships.csv""}",2026.07.18.1
CRYPTO_KENNEL_LONG_CON,GF-0176,GF-DEVICE,SAME_DEVICE,LOGIN-0135,LOGIN-0147,device_id,DEV-TREASURY-04,norm-v1,CURATED_APPROXIMATION,GRAPHFRAMES_EXACT_MATCH,false,SENIOR_V1_TO_CANONICAL_V1,APPROVED,"Shared devices require account, timing and KYC corroboration.","[""LOGIN-0135"",""LOGIN-0147""]",SUPPORTING_EVIDENCE,"{""source_dataset"":""analytics/crypto_graphframes_exact_relationships.csv""}",2026.07.18.1
CRYPTO_KENNEL_LONG_CON,GF-0177,GF-DEVICE,SAME_DEVICE,LOGIN-0147,LOGIN-0159,device_id,DEV-TREASURY-04,norm-v1,CURATED_APPROXIMATION,GRAPHFRAMES_EXACT_MATCH,false,SENIOR_V1_TO_CANONICAL_V1,APPROVED,"Shared devices require account, timing and KYC corroboration.","[""LOGIN-0147"",""LOGIN-0159""]",SUPPORTING_EVIDENCE,"{""source_dataset"":""analytics/crypto_graphframes_exact_relationships.csv""}",2026.07.18.1
CRYPTO_KENNEL_LONG_CON,GF-0178,GF-DEVICE,SAME_DEVICE,LOGIN-0159,LOGIN-0171,device_id,DEV-TREASURY-04,norm-v1,CURATED_APPROXIMATION,GRAPHFRAMES_EXACT_MATCH,false,SENIOR_V1_TO_CANONICAL_V1,APPROVED,"Shared devices require account, timing and KYC corroboration.","[""LOGIN-0159"",""LOGIN-0171""]",SUPPORTING_EVIDENCE,"{""source_dataset"":""analytics/crypto_graphframes_exact_relationships.csv""}",2026.07.18.1
CRYPTO_KENNEL_LONG_CON,GF-0179,GF-DEVICE,SAME_DEVICE,LOGIN-0171,LOGIN-0183,device_id,DEV-TREASURY-04,norm-v1,CURATED_APPROXIMATION,GRAPHFRAMES_EXACT_MATCH,false,SENIOR_V1_TO_CANONICAL_V1,APPROVED,"Shared devices require account, timing and KYC corroboration.","[""LOGIN-0171"",""LOGIN-0183""]",SUPPORTING_EVIDENCE,"{""source_dataset"":""analytics/crypto_graphframes_exact_relationships.csv""}",2026.07.18.1
CRYPTO_KENNEL_LONG_CON,GF-0180,GF-DEVICE,SAME_DEVICE,LOGIN-0183,LOGIN-0195,device_id,DEV-TREASURY-04,norm-v1,CURATED_APPROXIMATION,GRAPHFRAMES_EXACT_MATCH,false,SENIOR_V1_TO_CANONICAL_V1,APPROVED,"Shared devices require account, timing and KYC corroboration.","[""LOGIN-0183"",""LOGIN-0195""]",SUPPORTING_EVIDENCE,"{""source_dataset"":""analytics/crypto_graphframes_exact_relationships.csv""}",2026.07.18.1
CRYPTO_KENNEL_LONG_CON,GF-0181,GF-DEVICE,SAME_DEVICE,LOGIN-0195,LOGIN-0207,device_id,DEV-TREASURY-04,norm-v1,CURATED_APPROXIMATION,GRAPHFRAMES_EXACT_MATCH,false,SENIOR_V1_TO_CANONICAL_V1,APPROVED,"Shared devices require account, timing and KYC corroboration.","[""LOGIN-0195"",""LOGIN-0207""]",SUPPORTING_EVIDENCE,"{""source_dataset"":""analytics/crypto_graphframes_exact_relationships.csv""}",2026.07.18.1
CRYPTO_KENNEL_LONG_CON,GF-0182,GF-DEVICE,SAME_DEVICE,LOGIN-0207,LOGIN-0219,device_id,DEV-TREASURY-04,norm-v1,CURATED_APPROXIMATION,GRAPHFRAMES_EXACT_MATCH,false,SENIOR_V1_TO_CANONICAL_V1,APPROVED,"Shared devices require account, timing and KYC corroboration.","[""LOGIN-0207"",""LOGIN-0219""]",SUPPORTING_EVIDENCE,"{""source_dataset"":""analytics/crypto_graphframes_exact_relationships.csv""}",2026.07.18.1
CRYPTO_KENNEL_LONG_CON,GF-0183,GF-DEVICE,SAME_DEVICE,LOGIN-0219,LOGIN-0231,device_id,DEV-TREASURY-04,norm-v1,CURATED_APPROXIMATION,GRAPHFRAMES_EXACT_MATCH,false,SENIOR_V1_TO_CANONICAL_V1,APPROVED,"Shared devices require account, timing and KYC corroboration.","[""LOGIN-0219"",""LOGIN-0231""]",SUPPORTING_EVIDENCE,"{""source_dataset"":""analytics/crypto_graphframes_exact_relationships.csv""}",2026.07.18.1
CRYPTO_KENNEL_LONG_CON,GF-0184,GF-DEVICE,SAME_DEVICE,LOGIN-0231,LOGIN-0243,device_id,DEV-TREASURY-04,norm-v1,CURATED_APPROXIMATION,GRAPHFRAMES_EXACT_MATCH,false,SENIOR_V1_TO_CANONICAL_V1,APPROVED,"Shared devices require account, timing and KYC corroboration.","[""LOGIN-0231"",""LOGIN-0243""]",SUPPORTING_EVIDENCE,"{""source_dataset"":""analytics/crypto_graphframes_exact_relationships.csv""}",2026.07.18.1
CRYPTO_KENNEL_LONG_CON,GF-0185,GF-DEVICE,SAME_DEVICE,LOGIN-0243,LOGIN-0255,device_id,DEV-TREASURY-04,norm-v1,CURATED_APPROXIMATION,GRAPHFRAMES_EXACT_MATCH,false,SENIOR_V1_TO_CANONICAL_V1,APPROVED,"Shared devices require account, timing and KYC corroboration.","[""LOGIN-0243"",""LOGIN-0255""]",SUPPORTING_EVIDENCE,"{""source_dataset"":""analytics/crypto_graphframes_exact_relationships.csv""}",2026.07.18.1
CRYPTO_KENNEL_LONG_CON,GF-0186,GF-DEVICE,SAME_DEVICE,LOGIN-0255,LOGIN-0267,device_id,DEV-TREASURY-04,norm-v1,CURATED_APPROXIMATION,GRAPHFRAMES_EXACT_MATCH,false,SENIOR_V1_TO_CANONICAL_V1,APPROVED,"Shared devices require account, timing and KYC corroboration.","[""LOGIN-0255"",""LOGIN-0267""]",SUPPORTING_EVIDENCE,"{""source_dataset"":""analytics/crypto_graphframes_exact_relationships.csv""}",2026.07.18.1
CRYPTO_KENNEL_LONG_CON,GF-0187,GF-DEVICE,SAME_DEVICE,LOGIN-0267,LOGIN-0279,device_id,DEV-TREASURY-04,norm-v1,CURATED_APPROXIMATION,GRAPHFRAMES_EXACT_MATCH,false,SENIOR_V1_TO_CANONICAL_V1,APPROVED,"Shared devices require account, timing and KYC corroboration.","[""LOGIN-0267"",""LOGIN-0279""]",SUPPORTING_EVIDENCE,"{""source_dataset"":""analytics/crypto_graphframes_exact_relationships.csv""}",2026.07.18.1
CRYPTO_KENNEL_LONG_CON,GF-0188,GF-DEVICE,SAME_DEVICE,LOGIN-0279,LOGIN-0291,device_id,DEV-TREASURY-04,norm-v1,CURATED_APPROXIMATION,GRAPHFRAMES_EXACT_MATCH,false,SENIOR_V1_TO_CANONICAL_V1,APPROVED,"Shared devices require account, timing and KYC corroboration.","[""LOGIN-0279"",""LOGIN-0291""]",SUPPORTING_EVIDENCE,"{""source_dataset"":""analytics/crypto_graphframes_exact_relationships.csv""}",2026.07.18.1
CRYPTO_KENNEL_LONG_CON,GF-0189,GF-DEVICE,SAME_DEVICE,LOGIN-0291,LOGIN-0303,device_id,DEV-TREASURY-04,norm-v1,CURATED_APPROXIMATION,GRAPHFRAMES_EXACT_MATCH,false,SENIOR_V1_TO_CANONICAL_V1,APPROVED,"Shared devices require account, timing and KYC corroboration.","[""LOGIN-0291"",""LOGIN-0303""]",SUPPORTING_EVIDENCE,"{""source_dataset"":""analytics/crypto_graphframes_exact_relationships.csv""}",2026.07.18.1
CRYPTO_KENNEL_LONG_CON,GF-0190,GF-DEVICE,SAME_DEVICE,LOGIN-0303,LOGIN-0327,device_id,DEV-TREASURY-04,norm-v1,CURATED_APPROXIMATION,GRAPHFRAMES_EXACT_MATCH,false,SENIOR_V1_TO_CANONICAL_V1,APPROVED,"Shared devices require account, timing and KYC corroboration.","[""LOGIN-0303"",""LOGIN-0327""]",SUPPORTING_EVIDENCE,"{""source_dataset"":""analytics/crypto_graphframes_exact_relationships.csv""}",2026.07.18.1
CRYPTO_KENNEL_LONG_CON,GF-0191,GF-DEVICE,SAME_DEVICE,LOGIN-0327,LOGIN-0339,device_id,DEV-TREASURY-04,norm-v1,CURATED_APPROXIMATION,GRAPHFRAMES_EXACT_MATCH,false,SENIOR_V1_TO_CANONICAL_V1,APPROVED,"Shared devices require account, timing and KYC corroboration.","[""LOGIN-0327"",""LOGIN-0339""]",SUPPORTING_EVIDENCE,"{""source_dataset"":""analytics/crypto_graphframes_exact_relationships.csv""}",2026.07.18.1
CRYPTO_KENNEL_LONG_CON,GF-0192,GF-DEVICE,SAME_DEVICE,LOGIN-0339,LOGIN-0351,device_id,DEV-TREASURY-04,norm-v1,CURATED_APPROXIMATION,GRAPHFRAMES_EXACT_MATCH,false,SENIOR_V1_TO_CANONICAL_V1,APPROVED,"Shared devices require account, timing and KYC corroboration.","[""LOGIN-0339"",""LOGIN-0351""]",SUPPORTING_EVIDENCE,"{""source_dataset"":""analytics/crypto_graphframes_exact_relationships.csv""}",2026.07.18.1
CRYPTO_KENNEL_LONG_CON,GF-0193,GF-DEVICE,SAME_DEVICE,LOGIN-0351,LOGIN-0363,device_id,DEV-TREASURY-04,norm-v1,CURATED_APPROXIMATION,GRAPHFRAMES_EXACT_MATCH,false,SENIOR_V1_TO_CANONICAL_V1,APPROVED,"Shared devices require account, timing and KYC corroboration.","[""LOGIN-0351"",""LOGIN-0363""]",SUPPORTING_EVIDENCE,"{""source_dataset"":""analytics/crypto_graphframes_exact_relationships.csv""}",2026.07.18.1
CRYPTO_KENNEL_LONG_CON,GF-0194,GF-DEVICE,SAME_DEVICE,LOGIN-0363,LOGIN-0375,device_id,DEV-TREASURY-04,norm-v1,CURATED_APPROXIMATION,GRAPHFRAMES_EXACT_MATCH,false,SENIOR_V1_TO_CANONICAL_V1,APPROVED,"Shared devices require account, timing and KYC corroboration.","[""LOGIN-0363"",""LOGIN-0375""]",SUPPORTING_EVIDENCE,"{""source_dataset"":""analytics/crypto_graphframes_exact_relationships.csv""}",2026.07.18.1
CRYPTO_KENNEL_LONG_CON,GF-0195,GF-DEVICE,SAME_DEVICE,LOGIN-0375,LOGIN-0387,device_id,DEV-TREASURY-04,norm-v1,CURATED_APPROXIMATION,GRAPHFRAMES_EXACT_MATCH,false,SENIOR_V1_TO_CANONICAL_V1,APPROVED,"Shared devices require account, timing and KYC corroboration.","[""LOGIN-0375"",""LOGIN-0387""]",SUPPORTING_EVIDENCE,"{""source_dataset"":""analytics/crypto_graphframes_exact_relationships.csv""}",2026.07.18.1
CRYPTO_KENNEL_LONG_CON,GF-0196,GF-DEVICE,SAME_DEVICE,LOGIN-0387,LOGIN-0411,device_id,DEV-TREASURY-04,norm-v1,CURATED_APPROXIMATION,GRAPHFRAMES_EXACT_MATCH,false,SENIOR_V1_TO_CANONICAL_V1,APPROVED,"Shared devices require account, timing and KYC corroboration.","[""LOGIN-0387"",""LOGIN-0411""]",SUPPORTING_EVIDENCE,"{""source_dataset"":""analytics/crypto_graphframes_exact_relationships.csv""}",2026.07.18.1
CRYPTO_KENNEL_LONG_CON,GF-0197,GF-DEVICE,SAME_DEVICE,LOGIN-0411,LOGIN-0423,device_id,DEV-TREASURY-04,norm-v1,CURATED_APPROXIMATION,GRAPHFRAMES_EXACT_MATCH,false,SENIOR_V1_TO_CANONICAL_V1,APPROVED,"Shared devices require account, timing and KYC corroboration.","[""LOGIN-0411"",""LOGIN-0423""]",SUPPORTING_EVIDENCE,"{""source_dataset"":""analytics/crypto_graphframes_exact_relationships.csv""}",2026.07.18.1
CRYPTO_KENNEL_LONG_CON,GF-0198,GF-DEVICE,SAME_DEVICE,LOGIN-0423,LOGIN-0435,device_id,DEV-TREASURY-04,norm-v1,CURATED_APPROXIMATION,GRAPHFRAMES_EXACT_MATCH,false,SENIOR_V1_TO_CANONICAL_V1,APPROVED,"Shared devices require account, timing and KYC corroboration.","[""LOGIN-0423"",""LOGIN-0435""]",SUPPORTING_EVIDENCE,"{""source_dataset"":""analytics/crypto_graphframes_exact_relationships.csv""}",2026.07.18.1
CRYPTO_KENNEL_LONG_CON,GF-0199,GF-DEVICE,SAME_DEVICE,LOGIN-0435,LOGIN-0447,device_id,DEV-TREASURY-04,norm-v1,CURATED_APPROXIMATION,GRAPHFRAMES_EXACT_MATCH,false,SENIOR_V1_TO_CANONICAL_V1,APPROVED,"Shared devices require account, timing and KYC corroboration.","[""LOGIN-0435"",""LOGIN-0447""]",SUPPORTING_EVIDENCE,"{""source_dataset"":""analytics/crypto_graphframes_exact_relationships.csv""}",2026.07.18.1
CRYPTO_KENNEL_LONG_CON,GF-0200,GF-DEVICE,SAME_DEVICE,LOGIN-0004,LOGIN-0016,device_id,DEV-OTC-07,norm-v1,CURATED_APPROXIMATION,GRAPHFRAMES_EXACT_MATCH,false,SENIOR_V1_TO_CANONICAL_V1,APPROVED,"Shared devices require account, timing and KYC corroboration.","[""LOGIN-0004"",""LOGIN-0016""]",SUPPORTING_EVIDENCE,"{""source_dataset"":""analytics/crypto_graphframes_exact_relationships.csv""}",2026.07.18.1
CRYPTO_KENNEL_LONG_CON,GF-0201,GF-DEVICE,SAME_DEVICE,LOGIN-0016,LOGIN-0028,device_id,DEV-OTC-07,norm-v1,CURATED_APPROXIMATION,GRAPHFRAMES_EXACT_MATCH,false,SENIOR_V1_TO_CANONICAL_V1,APPROVED,"Shared devices require account, timing and KYC corroboration.","[""LOGIN-0016"",""LOGIN-0028""]",SUPPORTING_EVIDENCE,"{""source_dataset"":""analytics/crypto_graphframes_exact_relationships.csv""}",2026.07.18.1
CRYPTO_KENNEL_LONG_CON,GF-0202,GF-DEVICE,SAME_DEVICE,LOGIN-0028,LOGIN-0040,device_id,DEV-OTC-07,norm-v1,CURATED_APPROXIMATION,GRAPHFRAMES_EXACT_MATCH,false,SENIOR_V1_TO_CANONICAL_V1,APPROVED,"Shared devices require account, timing and KYC corroboration.","[""LOGIN-0028"",""LOGIN-0040""]",SUPPORTING_EVIDENCE,"{""source_dataset"":""analytics/crypto_graphframes_exact_relationships.csv""}",2026.07.18.1
CRYPTO_KENNEL_LONG_CON,GF-0203,GF-DEVICE,SAME_DEVICE,LOGIN-0040,LOGIN-0052,device_id,DEV-OTC-07,norm-v1,CURATED_APPROXIMATION,GRAPHFRAMES_EXACT_MATCH,false,SENIOR_V1_TO_CANONICAL_V1,APPROVED,"Shared devices require account, timing and KYC corroboration.","[""LOGIN-0040"",""LOGIN-0052""]",SUPPORTING_EVIDENCE,"{""source_dataset"":""analytics/crypto_graphframes_exact_relationships.csv""}",2026.07.18.1
CRYPTO_KENNEL_LONG_CON,GF-0204,GF-DEVICE,SAME_DEVICE,LOGIN-0052,LOGIN-0064,device_id,DEV-OTC-07,norm-v1,CURATED_APPROXIMATION,GRAPHFRAMES_EXACT_MATCH,false,SENIOR_V1_TO_CANONICAL_V1,APPROVED,"Shared devices require account, timing and KYC corroboration.","[""LOGIN-0052"",""LOGIN-0064""]",SUPPORTING_EVIDENCE,"{""source_dataset"":""analytics/crypto_graphframes_exact_relationships.csv""}",2026.07.18.1
CRYPTO_KENNEL_LONG_CON,GF-0205,GF-DEVICE,SAME_DEVICE,LOGIN-0064,LOGIN-0076,device_id,DEV-OTC-07,norm-v1,CURATED_APPROXIMATION,GRAPHFRAMES_EXACT_MATCH,false,SENIOR_V1_TO_CANONICAL_V1,APPROVED,"Shared devices require account, timing and KYC corroboration.","[""LOGIN-0064"",""LOGIN-0076""]",SUPPORTING_EVIDENCE,"{""source_dataset"":""analytics/crypto_graphframes_exact_relationships.csv""}",2026.07.18.1
CRYPTO_KENNEL_LONG_CON,GF-0206,GF-DEVICE,SAME_DEVICE,LOGIN-0076,LOGIN-0088,device_id,DEV-OTC-07,norm-v1,CURATED_APPROXIMATION,GRAPHFRAMES_EXACT_MATCH,false,SENIOR_V1_TO_CANONICAL_V1,APPROVED,"Shared devices require account, timing and KYC corroboration.","[""LOGIN-0076"",""LOGIN-0088""]",SUPPORTING_EVIDENCE,"{""source_dataset"":""analytics/crypto_graphframes_exact_relationships.csv""}",2026.07.18.1
CRYPTO_KENNEL_LONG_CON,GF-0207,GF-DEVICE,SAME_DEVICE,LOGIN-0088,LOGIN-0100,device_id,DEV-OTC-07,norm-v1,CURATED_APPROXIMATION,GRAPHFRAMES_EXACT_MATCH,false,SENIOR_V1_TO_CANONICAL_V1,APPROVED,"Shared devices require account, timing and KYC corroboration.","[""LOGIN-0088"",""LOGIN-0100""]",SUPPORTING_EVIDENCE,"{""source_dataset"":""analytics/crypto_graphframes_exact_relationships.csv""}",2026.07.18.1
CRYPTO_KENNEL_LONG_CON,GF-0208,GF-DEVICE,SAME_DEVICE,LOGIN-0100,LOGIN-0112,device_id,DEV-OTC-07,norm-v1,CURATED_APPROXIMATION,GRAPHFRAMES_EXACT_MATCH,false,SENIOR_V1_TO_CANONICAL_V1,APPROVED,"Shared devices require account, timing and KYC corroboration.","[""LOGIN-0100"",""LOGIN-0112""]",SUPPORTING_EVIDENCE,"{""source_dataset"":""analytics/crypto_graphframes_exact_relationships.csv""}",2026.07.18.1
CRYPTO_KENNEL_LONG_CON,GF-0209,GF-DEVICE,SAME_DEVICE,LOGIN-0112,LOGIN-0124,device_id,DEV-OTC-07,norm-v1,CURATED_APPROXIMATION,GRAPHFRAMES_EXACT_MATCH,false,SENIOR_V1_TO_CANONICAL_V1,APPROVED,"Shared devices require account, timing and KYC corroboration.","[""LOGIN-0112"",""LOGIN-0124""]",SUPPORTING_EVIDENCE,"{""source_dataset"":""analytics/crypto_graphframes_exact_relationships.csv""}",2026.07.18.1
CRYPTO_KENNEL_LONG_CON,GF-0210,GF-DEVICE,SAME_DEVICE,LOGIN-0124,LOGIN-0136,device_id,DEV-OTC-07,norm-v1,CURATED_APPROXIMATION,GRAPHFRAMES_EXACT_MATCH,false,SENIOR_V1_TO_CANONICAL_V1,APPROVED,"Shared devices require account, timing and KYC corroboration.","[""LOGIN-0124"",""LOGIN-0136""]",SUPPORTING_EVIDENCE,"{""source_dataset"":""analytics/crypto_graphframes_exact_relationships.csv""}",2026.07.18.1
CRYPTO_KENNEL_LONG_CON,GF-0211,GF-DEVICE,SAME_DEVICE,LOGIN-0136,LOGIN-0148,device_id,DEV-OTC-07,norm-v1,CURATED_APPROXIMATION,GRAPHFRAMES_EXACT_MATCH,false,SENIOR_V1_TO_CANONICAL_V1,APPROVED,"Shared devices require account, timing and KYC corroboration.","[""LOGIN-0136"",""LOGIN-0148""]",SUPPORTING_EVIDENCE,"{""source_dataset"":""analytics/crypto_graphframes_exact_relationships.csv""}",2026.07.18.1
CRYPTO_KENNEL_LONG_CON,GF-0212,GF-DEVICE,SAME_DEVICE,LOGIN-0148,LOGIN-0160,device_id,DEV-OTC-07,norm-v1,CURATED_APPROXIMATION,GRAPHFRAMES_EXACT_MATCH,false,SENIOR_V1_TO_CANONICAL_V1,APPROVED,"Shared devices require account, timing and KYC corroboration.","[""LOGIN-0148"",""LOGIN-0160""]",SUPPORTING_EVIDENCE,"{""source_dataset"":""analytics/crypto_graphframes_exact_relationships.csv""}",2026.07.18.1
CRYPTO_KENNEL_LONG_CON,GF-0213,GF-DEVICE,SAME_DEVICE,LOGIN-0160,LOGIN-0172,device_id,DEV-OTC-07,norm-v1,CURATED_APPROXIMATION,GRAPHFRAMES_EXACT_MATCH,false,SENIOR_V1_TO_CANONICAL_V1,APPROVED,"Shared devices require account, timing and KYC corroboration.","[""LOGIN-0160"",""LOGIN-0172""]",SUPPORTING_EVIDENCE,"{""source_dataset"":""analytics/crypto_graphframes_exact_relationships.csv""}",2026.07.18.1
CRYPTO_KENNEL_LONG_CON,GF-0214,GF-DEVICE,SAME_DEVICE,LOGIN-0172,LOGIN-0184,device_id,DEV-OTC-07,norm-v1,CURATED_APPROXIMATION,GRAPHFRAMES_EXACT_MATCH,false,SENIOR_V1_TO_CANONICAL_V1,APPROVED,"Shared devices require account, timing and KYC corroboration.","[""LOGIN-0172"",""LOGIN-0184""]",SUPPORTING_EVIDENCE,"{""source_dataset"":""analytics/crypto_graphframes_exact_relationships.csv""}",2026.07.18.1
CRYPTO_KENNEL_LONG_CON,GF-0215,GF-DEVICE,SAME_DEVICE,LOGIN-0184,LOGIN-0196,device_id,DEV-OTC-07,norm-v1,CURATED_APPROXIMATION,GRAPHFRAMES_EXACT_MATCH,false,SENIOR_V1_TO_CANONICAL_V1,APPROVED,"Shared devices require account, timing and KYC corroboration.","[""LOGIN-0184"",""LOGIN-0196""]",SUPPORTING_EVIDENCE,"{""source_dataset"":""analytics/crypto_graphframes_exact_relationships.csv""}",2026.07.18.1
CRYPTO_KENNEL_LONG_CON,GF-0216,GF-DEVICE,SAME_DEVICE,LOGIN-0196,LOGIN-0208,device_id,DEV-OTC-07,norm-v1,CURATED_APPROXIMATION,GRAPHFRAMES_EXACT_MATCH,false,SENIOR_V1_TO_CANONICAL_V1,APPROVED,"Shared devices require account, timing and KYC corroboration.","[""LOGIN-0196"",""LOGIN-0208""]",SUPPORTING_EVIDENCE,"{""source_dataset"":""analytics/crypto_graphframes_exact_relationships.csv""}",2026.07.18.1
CRYPTO_KENNEL_LONG_CON,GF-0217,GF-DEVICE,SAME_DEVICE,LOGIN-0208,LOGIN-0220,device_id,DEV-OTC-07,norm-v1,CURATED_APPROXIMATION,GRAPHFRAMES_EXACT_MATCH,false,SENIOR_V1_TO_CANONICAL_V1,APPROVED,"Shared devices require account, timing and KYC corroboration.","[""LOGIN-0208"",""LOGIN-0220""]",SUPPORTING_EVIDENCE,"{""source_dataset"":""analytics/crypto_graphframes_exact_relationships.csv""}",2026.07.18.1
CRYPTO_KENNEL_LONG_CON,GF-0218,GF-DEVICE,SAME_DEVICE,LOGIN-0220,LOGIN-0232,device_id,DEV-OTC-07,norm-v1,CURATED_APPROXIMATION,GRAPHFRAMES_EXACT_MATCH,false,SENIOR_V1_TO_CANONICAL_V1,APPROVED,"Shared devices require account, timing and KYC corroboration.","[""LOGIN-0220"",""LOGIN-0232""]",SUPPORTING_EVIDENCE,"{""source_dataset"":""analytics/crypto_graphframes_exact_relationships.csv""}",2026.07.18.1
CRYPTO_KENNEL_LONG_CON,GF-0219,GF-DEVICE,SAME_DEVICE,LOGIN-0232,LOGIN-0244,device_id,DEV-OTC-07,norm-v1,CURATED_APPROXIMATION,GRAPHFRAMES_EXACT_MATCH,false,SENIOR_V1_TO_CANONICAL_V1,APPROVED,"Shared devices require account, timing and KYC corroboration.","[""LOGIN-0232"",""LOGIN-0244""]",SUPPORTING_EVIDENCE,"{""source_dataset"":""analytics/crypto_graphframes_exact_relationships.csv""}",2026.07.18.1
CRYPTO_KENNEL_LONG_CON,GF-0220,GF-DEVICE,SAME_DEVICE,LOGIN-0244,LOGIN-0256,device_id,DEV-OTC-07,norm-v1,CURATED_APPROXIMATION,GRAPHFRAMES_EXACT_MATCH,false,SENIOR_V1_TO_CANONICAL_V1,APPROVED,"Shared devices require account, timing and KYC corroboration.","[""LOGIN-0244"",""LOGIN-0256""]",SUPPORTING_EVIDENCE,"{""source_dataset"":""analytics/crypto_graphframes_exact_relationships.csv""}",2026.07.18.1
CRYPTO_KENNEL_LONG_CON,GF-0221,GF-DEVICE,SAME_DEVICE,LOGIN-0256,LOGIN-0268,device_id,DEV-OTC-07,norm-v1,CURATED_APPROXIMATION,GRAPHFRAMES_EXACT_MATCH,false,SENIOR_V1_TO_CANONICAL_V1,APPROVED,"Shared devices require account, timing and KYC corroboration.","[""LOGIN-0256"",""LOGIN-0268""]",SUPPORTING_EVIDENCE,"{""source_dataset"":""analytics/crypto_graphframes_exact_relationships.csv""}",2026.07.18.1
CRYPTO_KENNEL_LONG_CON,GF-0222,GF-DEVICE,SAME_DEVICE,LOGIN-0268,LOGIN-0280,device_id,DEV-OTC-07,norm-v1,CURATED_APPROXIMATION,GRAPHFRAMES_EXACT_MATCH,false,SENIOR_V1_TO_CANONICAL_V1,APPROVED,"Shared devices require account, timing and KYC corroboration.","[""LOGIN-0268"",""LOGIN-0280""]",SUPPORTING_EVIDENCE,"{""source_dataset"":""analytics/crypto_graphframes_exact_relationships.csv""}",2026.07.18.1
CRYPTO_KENNEL_LONG_CON,GF-0223,GF-DEVICE,SAME_DEVICE,LOGIN-0280,LOGIN-0292,device_id,DEV-OTC-07,norm-v1,CURATED_APPROXIMATION,GRAPHFRAMES_EXACT_MATCH,false,SENIOR_V1_TO_CANONICAL_V1,APPROVED,"Shared devices require account, timing and KYC corroboration.","[""LOGIN-0280"",""LOGIN-0292""]",SUPPORTING_EVIDENCE,"{""source_dataset"":""analytics/crypto_graphframes_exact_relationships.csv""}",2026.07.18.1
CRYPTO_KENNEL_LONG_CON,GF-0224,GF-DEVICE,SAME_DEVICE,LOGIN-0292,LOGIN-0304,device_id,DEV-OTC-07,norm-v1,CURATED_APPROXIMATION,GRAPHFRAMES_EXACT_MATCH,false,SENIOR_V1_TO_CANONICAL_V1,APPROVED,"Shared devices require account, timing and KYC corroboration.","[""LOGIN-0292"",""LOGIN-0304""]",SUPPORTING_EVIDENCE,"{""source_dataset"":""analytics/crypto_graphframes_exact_relationships.csv""}",2026.07.18.1
CRYPTO_KENNEL_LONG_CON,GF-0225,GF-DEVICE,SAME_DEVICE,LOGIN-0304,LOGIN-0316,device_id,DEV-OTC-07,norm-v1,CURATED_APPROXIMATION,GRAPHFRAMES_EXACT_MATCH,false,SENIOR_V1_TO_CANONICAL_V1,APPROVED,"Shared devices require account, timing and KYC corroboration.","[""LOGIN-0304"",""LOGIN-0316""]",SUPPORTING_EVIDENCE,"{""source_dataset"":""analytics/crypto_graphframes_exact_relationships.csv""}",2026.07.18.1
CRYPTO_KENNEL_LONG_CON,GF-0226,GF-DEVICE,SAME_DEVICE,LOGIN-0316,LOGIN-0328,device_id,DEV-OTC-07,norm-v1,CURATED_APPROXIMATION,GRAPHFRAMES_EXACT_MATCH,false,SENIOR_V1_TO_CANONICAL_V1,APPROVED,"Shared devices require account, timing and KYC corroboration.","[""LOGIN-0316"",""LOGIN-0328""]",SUPPORTING_EVIDENCE,"{""source_dataset"":""analytics/crypto_graphframes_exact_relationships.csv""}",2026.07.18.1
CRYPTO_KENNEL_LONG_CON,GF-0227,GF-DEVICE,SAME_DEVICE,LOGIN-0328,LOGIN-0340,device_id,DEV-OTC-07,norm-v1,CURATED_APPROXIMATION,GRAPHFRAMES_EXACT_MATCH,false,SENIOR_V1_TO_CANONICAL_V1,APPROVED,"Shared devices require account, timing and KYC corroboration.","[""LOGIN-0328"",""LOGIN-0340""]",SUPPORTING_EVIDENCE,"{""source_dataset"":""analytics/crypto_graphframes_exact_relationships.csv""}",2026.07.18.1
CRYPTO_KENNEL_LONG_CON,GF-0228,GF-DEVICE,SAME_DEVICE,LOGIN-0340,LOGIN-0352,device_id,DEV-OTC-07,norm-v1,CURATED_APPROXIMATION,GRAPHFRAMES_EXACT_MATCH,false,SENIOR_V1_TO_CANONICAL_V1,APPROVED,"Shared devices require account, timing and KYC corroboration.","[""LOGIN-0340"",""LOGIN-0352""]",SUPPORTING_EVIDENCE,"{""source_dataset"":""analytics/crypto_graphframes_exact_relationships.csv""}",2026.07.18.1
CRYPTO_KENNEL_LONG_CON,GF-0229,GF-DEVICE,SAME_DEVICE,LOGIN-0352,LOGIN-0376,device_id,DEV-OTC-07,norm-v1,CURATED_APPROXIMATION,GRAPHFRAMES_EXACT_MATCH,false,SENIOR_V1_TO_CANONICAL_V1,APPROVED,"Shared devices require account, timing and KYC corroboration.","[""LOGIN-0352"",""LOGIN-0376""]",SUPPORTING_EVIDENCE,"{""source_dataset"":""analytics/crypto_graphframes_exact_relationships.csv""}",2026.07.18.1
CRYPTO_KENNEL_LONG_CON,GF-0230,GF-DEVICE,SAME_DEVICE,LOGIN-0376,LOGIN-0388,device_id,DEV-OTC-07,norm-v1,CURATED_APPROXIMATION,GRAPHFRAMES_EXACT_MATCH,false,SENIOR_V1_TO_CANONICAL_V1,APPROVED,"Shared devices require account, timing and KYC corroboration.","[""LOGIN-0376"",""LOGIN-0388""]",SUPPORTING_EVIDENCE,"{""source_dataset"":""analytics/crypto_graphframes_exact_relationships.csv""}",2026.07.18.1
CRYPTO_KENNEL_LONG_CON,GF-0231,GF-DEVICE,SAME_DEVICE,LOGIN-0388,LOGIN-0400,device_id,DEV-OTC-07,norm-v1,CURATED_APPROXIMATION,GRAPHFRAMES_EXACT_MATCH,false,SENIOR_V1_TO_CANONICAL_V1,APPROVED,"Shared devices require account, timing and KYC corroboration.","[""LOGIN-0388"",""LOGIN-0400""]",SUPPORTING_EVIDENCE,"{""source_dataset"":""analytics/crypto_graphframes_exact_relationships.csv""}",2026.07.18.1
CRYPTO_KENNEL_LONG_CON,GF-0232,GF-DEVICE,SAME_DEVICE,LOGIN-0400,LOGIN-0412,device_id,DEV-OTC-07,norm-v1,CURATED_APPROXIMATION,GRAPHFRAMES_EXACT_MATCH,false,SENIOR_V1_TO_CANONICAL_V1,APPROVED,"Shared devices require account, timing and KYC corroboration.","[""LOGIN-0400"",""LOGIN-0412""]",SUPPORTING_EVIDENCE,"{""source_dataset"":""analytics/crypto_graphframes_exact_relationships.csv""}",2026.07.18.1
CRYPTO_KENNEL_LONG_CON,GF-0233,GF-DEVICE,SAME_DEVICE,LOGIN-0412,LOGIN-0424,device_id,DEV-OTC-07,norm-v1,CURATED_APPROXIMATION,GRAPHFRAMES_EXACT_MATCH,false,SENIOR_V1_TO_CANONICAL_V1,APPROVED,"Shared devices require account, timing and KYC corroboration.","[""LOGIN-0412"",""LOGIN-0424""]",SUPPORTING_EVIDENCE,"{""source_dataset"":""analytics/crypto_graphframes_exact_relationships.csv""}",2026.07.18.1
CRYPTO_KENNEL_LONG_CON,GF-0234,GF-DEVICE,SAME_DEVICE,LOGIN-0424,LOGIN-0436,device_id,DEV-OTC-07,norm-v1,CURATED_APPROXIMATION,GRAPHFRAMES_EXACT_MATCH,false,SENIOR_V1_TO_CANONICAL_V1,APPROVED,"Shared devices require account, timing and KYC corroboration.","[""LOGIN-0424"",""LOGIN-0436""]",SUPPORTING_EVIDENCE,"{""source_dataset"":""analytics/crypto_graphframes_exact_relationships.csv""}",2026.07.18.1
CRYPTO_KENNEL_LONG_CON,GF-0235,GF-DEVICE,SAME_DEVICE,LOGIN-0005,LOGIN-0017,device_id,DEV-SIGNAL-03,norm-v1,CURATED_APPROXIMATION,GRAPHFRAMES_EXACT_MATCH,false,SENIOR_V1_TO_CANONICAL_V1,APPROVED,"Shared devices require account, timing and KYC corroboration.","[""LOGIN-0005"",""LOGIN-0017""]",SUPPORTING_EVIDENCE,"{""source_dataset"":""analytics/crypto_graphframes_exact_relationships.csv""}",2026.07.18.1
CRYPTO_KENNEL_LONG_CON,GF-0236,GF-DEVICE,SAME_DEVICE,LOGIN-0017,LOGIN-0029,device_id,DEV-SIGNAL-03,norm-v1,CURATED_APPROXIMATION,GRAPHFRAMES_EXACT_MATCH,false,SENIOR_V1_TO_CANONICAL_V1,APPROVED,"Shared devices require account, timing and KYC corroboration.","[""LOGIN-0017"",""LOGIN-0029""]",SUPPORTING_EVIDENCE,"{""source_dataset"":""analytics/crypto_graphframes_exact_relationships.csv""}",2026.07.18.1
CRYPTO_KENNEL_LONG_CON,GF-0237,GF-DEVICE,SAME_DEVICE,LOGIN-0029,LOGIN-0041,device_id,DEV-SIGNAL-03,norm-v1,CURATED_APPROXIMATION,GRAPHFRAMES_EXACT_MATCH,false,SENIOR_V1_TO_CANONICAL_V1,APPROVED,"Shared devices require account, timing and KYC corroboration.","[""LOGIN-0029"",""LOGIN-0041""]",SUPPORTING_EVIDENCE,"{""source_dataset"":""analytics/crypto_graphframes_exact_relationships.csv""}",2026.07.18.1
CRYPTO_KENNEL_LONG_CON,GF-0238,GF-DEVICE,SAME_DEVICE,LOGIN-0041,LOGIN-0053,device_id,DEV-SIGNAL-03,norm-v1,CURATED_APPROXIMATION,GRAPHFRAMES_EXACT_MATCH,false,SENIOR_V1_TO_CANONICAL_V1,APPROVED,"Shared devices require account, timing and KYC corroboration.","[""LOGIN-0041"",""LOGIN-0053""]",SUPPORTING_EVIDENCE,"{""source_dataset"":""analytics/crypto_graphframes_exact_relationships.csv""}",2026.07.18.1
CRYPTO_KENNEL_LONG_CON,GF-0239,GF-DEVICE,SAME_DEVICE,LOGIN-0053,LOGIN-0065,device_id,DEV-SIGNAL-03,norm-v1,CURATED_APPROXIMATION,GRAPHFRAMES_EXACT_MATCH,false,SENIOR_V1_TO_CANONICAL_V1,APPROVED,"Shared devices require account, timing and KYC corroboration.","[""LOGIN-0053"",""LOGIN-0065""]",SUPPORTING_EVIDENCE,"{""source_dataset"":""analytics/crypto_graphframes_exact_relationships.csv""}",2026.07.18.1
CRYPTO_KENNEL_LONG_CON,GF-0240,GF-DEVICE,SAME_DEVICE,LOGIN-0065,LOGIN-0077,device_id,DEV-SIGNAL-03,norm-v1,CURATED_APPROXIMATION,GRAPHFRAMES_EXACT_MATCH,false,SENIOR_V1_TO_CANONICAL_V1,APPROVED,"Shared devices require account, timing and KYC corroboration.","[""LOGIN-0065"",""LOGIN-0077""]",SUPPORTING_EVIDENCE,"{""source_dataset"":""analytics/crypto_graphframes_exact_relationships.csv""}",2026.07.18.1
CRYPTO_KENNEL_LONG_CON,GF-0241,GF-DEVICE,SAME_DEVICE,LOGIN-0077,LOGIN-0089,device_id,DEV-SIGNAL-03,norm-v1,CURATED_APPROXIMATION,GRAPHFRAMES_EXACT_MATCH,false,SENIOR_V1_TO_CANONICAL_V1,APPROVED,"Shared devices require account, timing and KYC corroboration.","[""LOGIN-0077"",""LOGIN-0089""]",SUPPORTING_EVIDENCE,"{""source_dataset"":""analytics/crypto_graphframes_exact_relationships.csv""}",2026.07.18.1
CRYPTO_KENNEL_LONG_CON,GF-0242,GF-DEVICE,SAME_DEVICE,LOGIN-0089,LOGIN-0101,device_id,DEV-SIGNAL-03,norm-v1,CURATED_APPROXIMATION,GRAPHFRAMES_EXACT_MATCH,false,SENIOR_V1_TO_CANONICAL_V1,APPROVED,"Shared devices require account, timing and KYC corroboration.","[""LOGIN-0089"",""LOGIN-0101""]",SUPPORTING_EVIDENCE,"{""source_dataset"":""analytics/crypto_graphframes_exact_relationships.csv""}",2026.07.18.1
CRYPTO_KENNEL_LONG_CON,GF-0243,GF-DEVICE,SAME_DEVICE,LOGIN-0101,LOGIN-0113,device_id,DEV-SIGNAL-03,norm-v1,CURATED_APPROXIMATION,GRAPHFRAMES_EXACT_MATCH,false,SENIOR_V1_TO_CANONICAL_V1,APPROVED,"Shared devices require account, timing and KYC corroboration.","[""LOGIN-0101"",""LOGIN-0113""]",SUPPORTING_EVIDENCE,"{""source_dataset"":""analytics/crypto_graphframes_exact_relationships.csv""}",2026.07.18.1
CRYPTO_KENNEL_LONG_CON,GF-0244,GF-DEVICE,SAME_DEVICE,LOGIN-0113,LOGIN-0125,device_id,DEV-SIGNAL-03,norm-v1,CURATED_APPROXIMATION,GRAPHFRAMES_EXACT_MATCH,false,SENIOR_V1_TO_CANONICAL_V1,APPROVED,"Shared devices require account, timing and KYC corroboration.","[""LOGIN-0113"",""LOGIN-0125""]",SUPPORTING_EVIDENCE,"{""source_dataset"":""analytics/crypto_graphframes_exact_relationships.csv""}",2026.07.18.1
CRYPTO_KENNEL_LONG_CON,GF-0245,GF-DEVICE,SAME_DEVICE,LOGIN-0125,LOGIN-0137,device_id,DEV-SIGNAL-03,norm-v1,CURATED_APPROXIMATION,GRAPHFRAMES_EXACT_MATCH,false,SENIOR_V1_TO_CANONICAL_V1,APPROVED,"Shared devices require account, timing and KYC corroboration.","[""LOGIN-0125"",""LOGIN-0137""]",SUPPORTING_EVIDENCE,"{""source_dataset"":""analytics/crypto_graphframes_exact_relationships.csv""}",2026.07.18.1
CRYPTO_KENNEL_LONG_CON,GF-0246,GF-DEVICE,SAME_DEVICE,LOGIN-0137,LOGIN-0149,device_id,DEV-SIGNAL-03,norm-v1,CURATED_APPROXIMATION,GRAPHFRAMES_EXACT_MATCH,false,SENIOR_V1_TO_CANONICAL_V1,APPROVED,"Shared devices require account, timing and KYC corroboration.","[""LOGIN-0137"",""LOGIN-0149""]",SUPPORTING_EVIDENCE,"{""source_dataset"":""analytics/crypto_graphframes_exact_relationships.csv""}",2026.07.18.1
CRYPTO_KENNEL_LONG_CON,GF-0247,GF-DEVICE,SAME_DEVICE,LOGIN-0149,LOGIN-0161,device_id,DEV-SIGNAL-03,norm-v1,CURATED_APPROXIMATION,GRAPHFRAMES_EXACT_MATCH,false,SENIOR_V1_TO_CANONICAL_V1,APPROVED,"Shared devices require account, timing and KYC corroboration.","[""LOGIN-0149"",""LOGIN-0161""]",SUPPORTING_EVIDENCE,"{""source_dataset"":""analytics/crypto_graphframes_exact_relationships.csv""}",2026.07.18.1
CRYPTO_KENNEL_LONG_CON,GF-0248,GF-DEVICE,SAME_DEVICE,LOGIN-0161,LOGIN-0173,device_id,DEV-SIGNAL-03,norm-v1,CURATED_APPROXIMATION,GRAPHFRAMES_EXACT_MATCH,false,SENIOR_V1_TO_CANONICAL_V1,APPROVED,"Shared devices require account, timing and KYC corroboration.","[""LOGIN-0161"",""LOGIN-0173""]",SUPPORTING_EVIDENCE,"{""source_dataset"":""analytics/crypto_graphframes_exact_relationships.csv""}",2026.07.18.1
CRYPTO_KENNEL_LONG_CON,GF-0249,GF-DEVICE,SAME_DEVICE,LOGIN-0173,LOGIN-0185,device_id,DEV-SIGNAL-03,norm-v1,CURATED_APPROXIMATION,GRAPHFRAMES_EXACT_MATCH,false,SENIOR_V1_TO_CANONICAL_V1,APPROVED,"Shared devices require account, timing and KYC corroboration.","[""LOGIN-0173"",""LOGIN-0185""]",SUPPORTING_EVIDENCE,"{""source_dataset"":""analytics/crypto_graphframes_exact_relationships.csv""}",2026.07.18.1
CRYPTO_KENNEL_LONG_CON,GF-0250,GF-DEVICE,SAME_DEVICE,LOGIN-0185,LOGIN-0197,device_id,DEV-SIGNAL-03,norm-v1,CURATED_APPROXIMATION,GRAPHFRAMES_EXACT_MATCH,false,SENIOR_V1_TO_CANONICAL_V1,APPROVED,"Shared devices require account, timing and KYC corroboration.","[""LOGIN-0185"",""LOGIN-0197""]",SUPPORTING_EVIDENCE,"{""source_dataset"":""analytics/crypto_graphframes_exact_relationships.csv""}",2026.07.18.1
CRYPTO_KENNEL_LONG_CON,GF-0251,GF-DEVICE,SAME_DEVICE,LOGIN-0197,LOGIN-0209,device_id,DEV-SIGNAL-03,norm-v1,CURATED_APPROXIMATION,GRAPHFRAMES_EXACT_MATCH,false,SENIOR_V1_TO_CANONICAL_V1,APPROVED,"Shared devices require account, timing and KYC corroboration.","[""LOGIN-0197"",""LOGIN-0209""]",SUPPORTING_EVIDENCE,"{""source_dataset"":""analytics/crypto_graphframes_exact_relationships.csv""}",2026.07.18.1
CRYPTO_KENNEL_LONG_CON,GF-0252,GF-DEVICE,SAME_DEVICE,LOGIN-0209,LOGIN-0221,device_id,DEV-SIGNAL-03,norm-v1,CURATED_APPROXIMATION,GRAPHFRAMES_EXACT_MATCH,false,SENIOR_V1_TO_CANONICAL_V1,APPROVED,"Shared devices require account, timing and KYC corroboration.","[""LOGIN-0209"",""LOGIN-0221""]",SUPPORTING_EVIDENCE,"{""source_dataset"":""analytics/crypto_graphframes_exact_relationships.csv""}",2026.07.18.1
CRYPTO_KENNEL_LONG_CON,GF-0253,GF-DEVICE,SAME_DEVICE,LOGIN-0221,LOGIN-0233,device_id,DEV-SIGNAL-03,norm-v1,CURATED_APPROXIMATION,GRAPHFRAMES_EXACT_MATCH,false,SENIOR_V1_TO_CANONICAL_V1,APPROVED,"Shared devices require account, timing and KYC corroboration.","[""LOGIN-0221"",""LOGIN-0233""]",SUPPORTING_EVIDENCE,"{""source_dataset"":""analytics/crypto_graphframes_exact_relationships.csv""}",2026.07.18.1
CRYPTO_KENNEL_LONG_CON,GF-0254,GF-DEVICE,SAME_DEVICE,LOGIN-0233,LOGIN-0245,device_id,DEV-SIGNAL-03,norm-v1,CURATED_APPROXIMATION,GRAPHFRAMES_EXACT_MATCH,false,SENIOR_V1_TO_CANONICAL_V1,APPROVED,"Shared devices require account, timing and KYC corroboration.","[""LOGIN-0233"",""LOGIN-0245""]",SUPPORTING_EVIDENCE,"{""source_dataset"":""analytics/crypto_graphframes_exact_relationships.csv""}",2026.07.18.1
CRYPTO_KENNEL_LONG_CON,GF-0255,GF-DEVICE,SAME_DEVICE,LOGIN-0245,LOGIN-0257,device_id,DEV-SIGNAL-03,norm-v1,CURATED_APPROXIMATION,GRAPHFRAMES_EXACT_MATCH,false,SENIOR_V1_TO_CANONICAL_V1,APPROVED,"Shared devices require account, timing and KYC corroboration.","[""LOGIN-0245"",""LOGIN-0257""]",SUPPORTING_EVIDENCE,"{""source_dataset"":""analytics/crypto_graphframes_exact_relationships.csv""}",2026.07.18.1
CRYPTO_KENNEL_LONG_CON,GF-0256,GF-DEVICE,SAME_DEVICE,LOGIN-0257,LOGIN-0269,device_id,DEV-SIGNAL-03,norm-v1,CURATED_APPROXIMATION,GRAPHFRAMES_EXACT_MATCH,false,SENIOR_V1_TO_CANONICAL_V1,APPROVED,"Shared devices require account, timing and KYC corroboration.","[""LOGIN-0257"",""LOGIN-0269""]",SUPPORTING_EVIDENCE,"{""source_dataset"":""analytics/crypto_graphframes_exact_relationships.csv""}",2026.07.18.1
CRYPTO_KENNEL_LONG_CON,GF-0257,GF-DEVICE,SAME_DEVICE,LOGIN-0269,LOGIN-0281,device_id,DEV-SIGNAL-03,norm-v1,CURATED_APPROXIMATION,GRAPHFRAMES_EXACT_MATCH,false,SENIOR_V1_TO_CANONICAL_V1,APPROVED,"Shared devices require account, timing and KYC corroboration.","[""LOGIN-0269"",""LOGIN-0281""]",SUPPORTING_EVIDENCE,"{""source_dataset"":""analytics/crypto_graphframes_exact_relationships.csv""}",2026.07.18.1
CRYPTO_KENNEL_LONG_CON,GF-0258,GF-DEVICE,SAME_DEVICE,LOGIN-0281,LOGIN-0293,device_id,DEV-SIGNAL-03,norm-v1,CURATED_APPROXIMATION,GRAPHFRAMES_EXACT_MATCH,false,SENIOR_V1_TO_CANONICAL_V1,APPROVED,"Shared devices require account, timing and KYC corroboration.","[""LOGIN-0281"",""LOGIN-0293""]",SUPPORTING_EVIDENCE,"{""source_dataset"":""analytics/crypto_graphframes_exact_relationships.csv""}",2026.07.18.1
CRYPTO_KENNEL_LONG_CON,GF-0259,GF-DEVICE,SAME_DEVICE,LOGIN-0293,LOGIN-0305,device_id,DEV-SIGNAL-03,norm-v1,CURATED_APPROXIMATION,GRAPHFRAMES_EXACT_MATCH,false,SENIOR_V1_TO_CANONICAL_V1,APPROVED,"Shared devices require account, timing and KYC corroboration.","[""LOGIN-0293"",""LOGIN-0305""]",SUPPORTING_EVIDENCE,"{""source_dataset"":""analytics/crypto_graphframes_exact_relationships.csv""}",2026.07.18.1
CRYPTO_KENNEL_LONG_CON,GF-0260,GF-DEVICE,SAME_DEVICE,LOGIN-0305,LOGIN-0317,device_id,DEV-SIGNAL-03,norm-v1,CURATED_APPROXIMATION,GRAPHFRAMES_EXACT_MATCH,false,SENIOR_V1_TO_CANONICAL_V1,APPROVED,"Shared devices require account, timing and KYC corroboration.","[""LOGIN-0305"",""LOGIN-0317""]",SUPPORTING_EVIDENCE,"{""source_dataset"":""analytics/crypto_graphframes_exact_relationships.csv""}",2026.07.18.1
CRYPTO_KENNEL_LONG_CON,GF-0261,GF-DEVICE,SAME_DEVICE,LOGIN-0317,LOGIN-0341,device_id,DEV-SIGNAL-03,norm-v1,CURATED_APPROXIMATION,GRAPHFRAMES_EXACT_MATCH,false,SENIOR_V1_TO_CANONICAL_V1,APPROVED,"Shared devices require account, timing and KYC corroboration.","[""LOGIN-0317"",""LOGIN-0341""]",SUPPORTING_EVIDENCE,"{""source_dataset"":""analytics/crypto_graphframes_exact_relationships.csv""}",2026.07.18.1
CRYPTO_KENNEL_LONG_CON,GF-0262,GF-DEVICE,SAME_DEVICE,LOGIN-0341,LOGIN-0353,device_id,DEV-SIGNAL-03,norm-v1,CURATED_APPROXIMATION,GRAPHFRAMES_EXACT_MATCH,false,SENIOR_V1_TO_CANONICAL_V1,APPROVED,"Shared devices require account, timing and KYC corroboration.","[""LOGIN-0341"",""LOGIN-0353""]",SUPPORTING_EVIDENCE,"{""source_dataset"":""analytics/crypto_graphframes_exact_relationships.csv""}",2026.07.18.1
CRYPTO_KENNEL_LONG_CON,GF-0263,GF-DEVICE,SAME_DEVICE,LOGIN-0353,LOGIN-0365,device_id,DEV-SIGNAL-03,norm-v1,CURATED_APPROXIMATION,GRAPHFRAMES_EXACT_MATCH,false,SENIOR_V1_TO_CANONICAL_V1,APPROVED,"Shared devices require account, timing and KYC corroboration.","[""LOGIN-0353"",""LOGIN-0365""]",SUPPORTING_EVIDENCE,"{""source_dataset"":""analytics/crypto_graphframes_exact_relationships.csv""}",2026.07.18.1
CRYPTO_KENNEL_LONG_CON,GF-0264,GF-DEVICE,SAME_DEVICE,LOGIN-0365,LOGIN-0377,device_id,DEV-SIGNAL-03,norm-v1,CURATED_APPROXIMATION,GRAPHFRAMES_EXACT_MATCH,false,SENIOR_V1_TO_CANONICAL_V1,APPROVED,"Shared devices require account, timing and KYC corroboration.","[""LOGIN-0365"",""LOGIN-0377""]",SUPPORTING_EVIDENCE,"{""source_dataset"":""analytics/crypto_graphframes_exact_relationships.csv""}",2026.07.18.1
CRYPTO_KENNEL_LONG_CON,GF-0265,GF-DEVICE,SAME_DEVICE,LOGIN-0377,LOGIN-0389,device_id,DEV-SIGNAL-03,norm-v1,CURATED_APPROXIMATION,GRAPHFRAMES_EXACT_MATCH,false,SENIOR_V1_TO_CANONICAL_V1,APPROVED,"Shared devices require account, timing and KYC corroboration.","[""LOGIN-0377"",""LOGIN-0389""]",SUPPORTING_EVIDENCE,"{""source_dataset"":""analytics/crypto_graphframes_exact_relationships.csv""}",2026.07.18.1
CRYPTO_KENNEL_LONG_CON,GF-0266,GF-DEVICE,SAME_DEVICE,LOGIN-0389,LOGIN-0401,device_id,DEV-SIGNAL-03,norm-v1,CURATED_APPROXIMATION,GRAPHFRAMES_EXACT_MATCH,false,SENIOR_V1_TO_CANONICAL_V1,APPROVED,"Shared devices require account, timing and KYC corroboration.","[""LOGIN-0389"",""LOGIN-0401""]",SUPPORTING_EVIDENCE,"{""source_dataset"":""analytics/crypto_graphframes_exact_relationships.csv""}",2026.07.18.1
CRYPTO_KENNEL_LONG_CON,GF-0267,GF-DEVICE,SAME_DEVICE,LOGIN-0401,LOGIN-0425,device_id,DEV-SIGNAL-03,norm-v1,CURATED_APPROXIMATION,GRAPHFRAMES_EXACT_MATCH,false,SENIOR_V1_TO_CANONICAL_V1,APPROVED,"Shared devices require account, timing and KYC corroboration.","[""LOGIN-0401"",""LOGIN-0425""]",SUPPORTING_EVIDENCE,"{""source_dataset"":""analytics/crypto_graphframes_exact_relationships.csv""}",2026.07.18.1
CRYPTO_KENNEL_LONG_CON,GF-0268,GF-DEVICE,SAME_DEVICE,LOGIN-0425,LOGIN-0437,device_id,DEV-SIGNAL-03,norm-v1,CURATED_APPROXIMATION,GRAPHFRAMES_EXACT_MATCH,false,SENIOR_V1_TO_CANONICAL_V1,APPROVED,"Shared devices require account, timing and KYC corroboration.","[""LOGIN-0425"",""LOGIN-0437""]",SUPPORTING_EVIDENCE,"{""source_dataset"":""analytics/crypto_graphframes_exact_relationships.csv""}",2026.07.18.1
CRYPTO_KENNEL_LONG_CON,GF-0269,GF-DEVICE,SAME_DEVICE,LOGIN-0437,LOGIN-0449,device_id,DEV-SIGNAL-03,norm-v1,CURATED_APPROXIMATION,GRAPHFRAMES_EXACT_MATCH,false,SENIOR_V1_TO_CANONICAL_V1,APPROVED,"Shared devices require account, timing and KYC corroboration.","[""LOGIN-0437"",""LOGIN-0449""]",SUPPORTING_EVIDENCE,"{""source_dataset"":""analytics/crypto_graphframes_exact_relationships.csv""}",2026.07.18.1
CRYPTO_KENNEL_LONG_CON,GF-0270,GF-DEVICE,SAME_DEVICE,LOGIN-0006,LOGIN-0018,device_id,DEV-CONTRACT-05,norm-v1,CURATED_APPROXIMATION,GRAPHFRAMES_EXACT_MATCH,false,SENIOR_V1_TO_CANONICAL_V1,APPROVED,"Shared devices require account, timing and KYC corroboration.","[""LOGIN-0006"",""LOGIN-0018""]",SUPPORTING_EVIDENCE,"{""source_dataset"":""analytics/crypto_graphframes_exact_relationships.csv""}",2026.07.18.1
CRYPTO_KENNEL_LONG_CON,GF-0271,GF-DEVICE,SAME_DEVICE,LOGIN-0018,LOGIN-0030,device_id,DEV-CONTRACT-05,norm-v1,CURATED_APPROXIMATION,GRAPHFRAMES_EXACT_MATCH,false,SENIOR_V1_TO_CANONICAL_V1,APPROVED,"Shared devices require account, timing and KYC corroboration.","[""LOGIN-0018"",""LOGIN-0030""]",SUPPORTING_EVIDENCE,"{""source_dataset"":""analytics/crypto_graphframes_exact_relationships.csv""}",2026.07.18.1
CRYPTO_KENNEL_LONG_CON,GF-0272,GF-DEVICE,SAME_DEVICE,LOGIN-0030,LOGIN-0042,device_id,DEV-CONTRACT-05,norm-v1,CURATED_APPROXIMATION,GRAPHFRAMES_EXACT_MATCH,false,SENIOR_V1_TO_CANONICAL_V1,APPROVED,"Shared devices require account, timing and KYC corroboration.","[""LOGIN-0030"",""LOGIN-0042""]",SUPPORTING_EVIDENCE,"{""source_dataset"":""analytics/crypto_graphframes_exact_relationships.csv""}",2026.07.18.1
CRYPTO_KENNEL_LONG_CON,GF-0273,GF-DEVICE,SAME_DEVICE,LOGIN-0042,LOGIN-0054,device_id,DEV-CONTRACT-05,norm-v1,CURATED_APPROXIMATION,GRAPHFRAMES_EXACT_MATCH,false,SENIOR_V1_TO_CANONICAL_V1,APPROVED,"Shared devices require account, timing and KYC corroboration.","[""LOGIN-0042"",""LOGIN-0054""]",SUPPORTING_EVIDENCE,"{""source_dataset"":""analytics/crypto_graphframes_exact_relationships.csv""}",2026.07.18.1
CRYPTO_KENNEL_LONG_CON,GF-0274,GF-DEVICE,SAME_DEVICE,LOGIN-0054,LOGIN-0066,device_id,DEV-CONTRACT-05,norm-v1,CURATED_APPROXIMATION,GRAPHFRAMES_EXACT_MATCH,false,SENIOR_V1_TO_CANONICAL_V1,APPROVED,"Shared devices require account, timing and KYC corroboration.","[""LOGIN-0054"",""LOGIN-0066""]",SUPPORTING_EVIDENCE,"{""source_dataset"":""analytics/crypto_graphframes_exact_relationships.csv""}",2026.07.18.1
CRYPTO_KENNEL_LONG_CON,GF-0275,GF-DEVICE,SAME_DEVICE,LOGIN-0066,LOGIN-0078,device_id,DEV-CONTRACT-05,norm-v1,CURATED_APPROXIMATION,GRAPHFRAMES_EXACT_MATCH,false,SENIOR_V1_TO_CANONICAL_V1,APPROVED,"Shared devices require account, timing and KYC corroboration.","[""LOGIN-0066"",""LOGIN-0078""]",SUPPORTING_EVIDENCE,"{""source_dataset"":""analytics/crypto_graphframes_exact_relationships.csv""}",2026.07.18.1
CRYPTO_KENNEL_LONG_CON,GF-0276,GF-DEVICE,SAME_DEVICE,LOGIN-0078,LOGIN-0090,device_id,DEV-CONTRACT-05,norm-v1,CURATED_APPROXIMATION,GRAPHFRAMES_EXACT_MATCH,false,SENIOR_V1_TO_CANONICAL_V1,APPROVED,"Shared devices require account, timing and KYC corroboration.","[""LOGIN-0078"",""LOGIN-0090""]",SUPPORTING_EVIDENCE,"{""source_dataset"":""analytics/crypto_graphframes_exact_relationships.csv""}",2026.07.18.1
CRYPTO_KENNEL_LONG_CON,GF-0277,GF-DEVICE,SAME_DEVICE,LOGIN-0090,LOGIN-0102,device_id,DEV-CONTRACT-05,norm-v1,CURATED_APPROXIMATION,GRAPHFRAMES_EXACT_MATCH,false,SENIOR_V1_TO_CANONICAL_V1,APPROVED,"Shared devices require account, timing and KYC corroboration.","[""LOGIN-0090"",""LOGIN-0102""]",SUPPORTING_EVIDENCE,"{""source_dataset"":""analytics/crypto_graphframes_exact_relationships.csv""}",2026.07.18.1
CRYPTO_KENNEL_LONG_CON,GF-0278,GF-DEVICE,SAME_DEVICE,LOGIN-0102,LOGIN-0114,device_id,DEV-CONTRACT-05,norm-v1,CURATED_APPROXIMATION,GRAPHFRAMES_EXACT_MATCH,false,SENIOR_V1_TO_CANONICAL_V1,APPROVED,"Shared devices require account, timing and KYC corroboration.","[""LOGIN-0102"",""LOGIN-0114""]",SUPPORTING_EVIDENCE,"{""source_dataset"":""analytics/crypto_graphframes_exact_relationships.csv""}",2026.07.18.1
CRYPTO_KENNEL_LONG_CON,GF-0279,GF-DEVICE,SAME_DEVICE,LOGIN-0114,LOGIN-0126,device_id,DEV-CONTRACT-05,norm-v1,CURATED_APPROXIMATION,GRAPHFRAMES_EXACT_MATCH,false,SENIOR_V1_TO_CANONICAL_V1,APPROVED,"Shared devices require account, timing and KYC corroboration.","[""LOGIN-0114"",""LOGIN-0126""]",SUPPORTING_EVIDENCE,"{""source_dataset"":""analytics/crypto_graphframes_exact_relationships.csv""}",2026.07.18.1
CRYPTO_KENNEL_LONG_CON,GF-0280,GF-DEVICE,SAME_DEVICE,LOGIN-0126,LOGIN-0138,device_id,DEV-CONTRACT-05,norm-v1,CURATED_APPROXIMATION,GRAPHFRAMES_EXACT_MATCH,false,SENIOR_V1_TO_CANONICAL_V1,APPROVED,"Shared devices require account, timing and KYC corroboration.","[""LOGIN-0126"",""LOGIN-0138""]",SUPPORTING_EVIDENCE,"{""source_dataset"":""analytics/crypto_graphframes_exact_relationships.csv""}",2026.07.18.1
CRYPTO_KENNEL_LONG_CON,GF-0281,GF-DEVICE,SAME_DEVICE,LOGIN-0138,LOGIN-0150,device_id,DEV-CONTRACT-05,norm-v1,CURATED_APPROXIMATION,GRAPHFRAMES_EXACT_MATCH,false,SENIOR_V1_TO_CANONICAL_V1,APPROVED,"Shared devices require account, timing and KYC corroboration.","[""LOGIN-0138"",""LOGIN-0150""]",SUPPORTING_EVIDENCE,"{""source_dataset"":""analytics/crypto_graphframes_exact_relationships.csv""}",2026.07.18.1
CRYPTO_KENNEL_LONG_CON,GF-0282,GF-DEVICE,SAME_DEVICE,LOGIN-0150,LOGIN-0162,device_id,DEV-CONTRACT-05,norm-v1,CURATED_APPROXIMATION,GRAPHFRAMES_EXACT_MATCH,false,SENIOR_V1_TO_CANONICAL_V1,APPROVED,"Shared devices require account, timing and KYC corroboration.","[""LOGIN-0150"",""LOGIN-0162""]",SUPPORTING_EVIDENCE,"{""source_dataset"":""analytics/crypto_graphframes_exact_relationships.csv""}",2026.07.18.1
CRYPTO_KENNEL_LONG_CON,GF-0283,GF-DEVICE,SAME_DEVICE,LOGIN-0162,LOGIN-0174,device_id,DEV-CONTRACT-05,norm-v1,CURATED_APPROXIMATION,GRAPHFRAMES_EXACT_MATCH,false,SENIOR_V1_TO_CANONICAL_V1,APPROVED,"Shared devices require account, timing and KYC corroboration.","[""LOGIN-0162"",""LOGIN-0174""]",SUPPORTING_EVIDENCE,"{""source_dataset"":""analytics/crypto_graphframes_exact_relationships.csv""}",2026.07.18.1
CRYPTO_KENNEL_LONG_CON,GF-0284,GF-DEVICE,SAME_DEVICE,LOGIN-0174,LOGIN-0186,device_id,DEV-CONTRACT-05,norm-v1,CURATED_APPROXIMATION,GRAPHFRAMES_EXACT_MATCH,false,SENIOR_V1_TO_CANONICAL_V1,APPROVED,"Shared devices require account, timing and KYC corroboration.","[""LOGIN-0174"",""LOGIN-0186""]",SUPPORTING_EVIDENCE,"{""source_dataset"":""analytics/crypto_graphframes_exact_relationships.csv""}",2026.07.18.1
CRYPTO_KENNEL_LONG_CON,GF-0285,GF-DEVICE,SAME_DEVICE,LOGIN-0186,LOGIN-0198,device_id,DEV-CONTRACT-05,norm-v1,CURATED_APPROXIMATION,GRAPHFRAMES_EXACT_MATCH,false,SENIOR_V1_TO_CANONICAL_V1,APPROVED,"Shared devices require account, timing and KYC corroboration.","[""LOGIN-0186"",""LOGIN-0198""]",SUPPORTING_EVIDENCE,"{""source_dataset"":""analytics/crypto_graphframes_exact_relationships.csv""}",2026.07.18.1
CRYPTO_KENNEL_LONG_CON,GF-0286,GF-DEVICE,SAME_DEVICE,LOGIN-0198,LOGIN-0210,device_id,DEV-CONTRACT-05,norm-v1,CURATED_APPROXIMATION,GRAPHFRAMES_EXACT_MATCH,false,SENIOR_V1_TO_CANONICAL_V1,APPROVED,"Shared devices require account, timing and KYC corroboration.","[""LOGIN-0198"",""LOGIN-0210""]",SUPPORTING_EVIDENCE,"{""source_dataset"":""analytics/crypto_graphframes_exact_relationships.csv""}",2026.07.18.1
CRYPTO_KENNEL_LONG_CON,GF-0287,GF-DEVICE,SAME_DEVICE,LOGIN-0210,LOGIN-0222,device_id,DEV-CONTRACT-05,norm-v1,CURATED_APPROXIMATION,GRAPHFRAMES_EXACT_MATCH,false,SENIOR_V1_TO_CANONICAL_V1,APPROVED,"Shared devices require account, timing and KYC corroboration.","[""LOGIN-0210"",""LOGIN-0222""]",SUPPORTING_EVIDENCE,"{""source_dataset"":""analytics/crypto_graphframes_exact_relationships.csv""}",2026.07.18.1
CRYPTO_KENNEL_LONG_CON,GF-0288,GF-DEVICE,SAME_DEVICE,LOGIN-0222,LOGIN-0234,device_id,DEV-CONTRACT-05,norm-v1,CURATED_APPROXIMATION,GRAPHFRAMES_EXACT_MATCH,false,SENIOR_V1_TO_CANONICAL_V1,APPROVED,"Shared devices require account, timing and KYC corroboration.","[""LOGIN-0222"",""LOGIN-0234""]",SUPPORTING_EVIDENCE,"{""source_dataset"":""analytics/crypto_graphframes_exact_relationships.csv""}",2026.07.18.1
CRYPTO_KENNEL_LONG_CON,GF-0289,GF-DEVICE,SAME_DEVICE,LOGIN-0234,LOGIN-0246,device_id,DEV-CONTRACT-05,norm-v1,CURATED_APPROXIMATION,GRAPHFRAMES_EXACT_MATCH,false,SENIOR_V1_TO_CANONICAL_V1,APPROVED,"Shared devices require account, timing and KYC corroboration.","[""LOGIN-0234"",""LOGIN-0246""]",SUPPORTING_EVIDENCE,"{""source_dataset"":""analytics/crypto_graphframes_exact_relationships.csv""}",2026.07.18.1
CRYPTO_KENNEL_LONG_CON,GF-0290,GF-DEVICE,SAME_DEVICE,LOGIN-0246,LOGIN-0258,device_id,DEV-CONTRACT-05,norm-v1,CURATED_APPROXIMATION,GRAPHFRAMES_EXACT_MATCH,false,SENIOR_V1_TO_CANONICAL_V1,APPROVED,"Shared devices require account, timing and KYC corroboration.","[""LOGIN-0246"",""LOGIN-0258""]",SUPPORTING_EVIDENCE,"{""source_dataset"":""analytics/crypto_graphframes_exact_relationships.csv""}",2026.07.18.1
CRYPTO_KENNEL_LONG_CON,GF-0291,GF-DEVICE,SAME_DEVICE,LOGIN-0258,LOGIN-0270,device_id,DEV-CONTRACT-05,norm-v1,CURATED_APPROXIMATION,GRAPHFRAMES_EXACT_MATCH,false,SENIOR_V1_TO_CANONICAL_V1,APPROVED,"Shared devices require account, timing and KYC corroboration.","[""LOGIN-0258"",""LOGIN-0270""]",SUPPORTING_EVIDENCE,"{""source_dataset"":""analytics/crypto_graphframes_exact_relationships.csv""}",2026.07.18.1
CRYPTO_KENNEL_LONG_CON,GF-0292,GF-DEVICE,SAME_DEVICE,LOGIN-0270,LOGIN-0282,device_id,DEV-CONTRACT-05,norm-v1,CURATED_APPROXIMATION,GRAPHFRAMES_EXACT_MATCH,false,SENIOR_V1_TO_CANONICAL_V1,APPROVED,"Shared devices require account, timing and KYC corroboration.","[""LOGIN-0270"",""LOGIN-0282""]",SUPPORTING_EVIDENCE,"{""source_dataset"":""analytics/crypto_graphframes_exact_relationships.csv""}",2026.07.18.1
CRYPTO_KENNEL_LONG_CON,GF-0293,GF-DEVICE,SAME_DEVICE,LOGIN-0282,LOGIN-0294,device_id,DEV-CONTRACT-05,norm-v1,CURATED_APPROXIMATION,GRAPHFRAMES_EXACT_MATCH,false,SENIOR_V1_TO_CANONICAL_V1,APPROVED,"Shared devices require account, timing and KYC corroboration.","[""LOGIN-0282"",""LOGIN-0294""]",SUPPORTING_EVIDENCE,"{""source_dataset"":""analytics/crypto_graphframes_exact_relationships.csv""}",2026.07.18.1
CRYPTO_KENNEL_LONG_CON,GF-0294,GF-DEVICE,SAME_DEVICE,LOGIN-0294,LOGIN-0306,device_id,DEV-CONTRACT-05,norm-v1,CURATED_APPROXIMATION,GRAPHFRAMES_EXACT_MATCH,false,SENIOR_V1_TO_CANONICAL_V1,APPROVED,"Shared devices require account, timing and KYC corroboration.","[""LOGIN-0294"",""LOGIN-0306""]",SUPPORTING_EVIDENCE,"{""source_dataset"":""analytics/crypto_graphframes_exact_relationships.csv""}",2026.07.18.1
CRYPTO_KENNEL_LONG_CON,GF-0295,GF-DEVICE,SAME_DEVICE,LOGIN-0306,LOGIN-0318,device_id,DEV-CONTRACT-05,norm-v1,CURATED_APPROXIMATION,GRAPHFRAMES_EXACT_MATCH,false,SENIOR_V1_TO_CANONICAL_V1,APPROVED,"Shared devices require account, timing and KYC corroboration.","[""LOGIN-0306"",""LOGIN-0318""]",SUPPORTING_EVIDENCE,"{""source_dataset"":""analytics/crypto_graphframes_exact_relationships.csv""}",2026.07.18.1
CRYPTO_KENNEL_LONG_CON,GF-0296,GF-DEVICE,SAME_DEVICE,LOGIN-0318,LOGIN-0330,device_id,DEV-CONTRACT-05,norm-v1,CURATED_APPROXIMATION,GRAPHFRAMES_EXACT_MATCH,false,SENIOR_V1_TO_CANONICAL_V1,APPROVED,"Shared devices require account, timing and KYC corroboration.","[""LOGIN-0318"",""LOGIN-0330""]",SUPPORTING_EVIDENCE,"{""source_dataset"":""analytics/crypto_graphframes_exact_relationships.csv""}",2026.07.18.1
CRYPTO_KENNEL_LONG_CON,GF-0297,GF-DEVICE,SAME_DEVICE,LOGIN-0330,LOGIN-0342,device_id,DEV-CONTRACT-05,norm-v1,CURATED_APPROXIMATION,GRAPHFRAMES_EXACT_MATCH,false,SENIOR_V1_TO_CANONICAL_V1,APPROVED,"Shared devices require account, timing and KYC corroboration.","[""LOGIN-0330"",""LOGIN-0342""]",SUPPORTING_EVIDENCE,"{""source_dataset"":""analytics/crypto_graphframes_exact_relationships.csv""}",2026.07.18.1
CRYPTO_KENNEL_LONG_CON,GF-0298,GF-DEVICE,SAME_DEVICE,LOGIN-0342,LOGIN-0354,device_id,DEV-CONTRACT-05,norm-v1,CURATED_APPROXIMATION,GRAPHFRAMES_EXACT_MATCH,false,SENIOR_V1_TO_CANONICAL_V1,APPROVED,"Shared devices require account, timing and KYC corroboration.","[""LOGIN-0342"",""LOGIN-0354""]",SUPPORTING_EVIDENCE,"{""source_dataset"":""analytics/crypto_graphframes_exact_relationships.csv""}",2026.07.18.1
CRYPTO_KENNEL_LONG_CON,GF-0299,GF-DEVICE,SAME_DEVICE,LOGIN-0354,LOGIN-0366,device_id,DEV-CONTRACT-05,norm-v1,CURATED_APPROXIMATION,GRAPHFRAMES_EXACT_MATCH,false,SENIOR_V1_TO_CANONICAL_V1,APPROVED,"Shared devices require account, timing and KYC corroboration.","[""LOGIN-0354"",""LOGIN-0366""]",SUPPORTING_EVIDENCE,"{""source_dataset"":""analytics/crypto_graphframes_exact_relationships.csv""}",2026.07.18.1
CRYPTO_KENNEL_LONG_CON,GF-0300,GF-DEVICE,SAME_DEVICE,LOGIN-0366,LOGIN-0390,device_id,DEV-CONTRACT-05,norm-v1,CURATED_APPROXIMATION,GRAPHFRAMES_EXACT_MATCH,false,SENIOR_V1_TO_CANONICAL_V1,APPROVED,"Shared devices require account, timing and KYC corroboration.","[""LOGIN-0366"",""LOGIN-0390""]",SUPPORTING_EVIDENCE,"{""source_dataset"":""analytics/crypto_graphframes_exact_relationships.csv""}",2026.07.18.1
CRYPTO_KENNEL_LONG_CON,GF-0301,GF-DEVICE,SAME_DEVICE,LOGIN-0390,LOGIN-0402,device_id,DEV-CONTRACT-05,norm-v1,CURATED_APPROXIMATION,GRAPHFRAMES_EXACT_MATCH,false,SENIOR_V1_TO_CANONICAL_V1,APPROVED,"Shared devices require account, timing and KYC corroboration.","[""LOGIN-0390"",""LOGIN-0402""]",SUPPORTING_EVIDENCE,"{""source_dataset"":""analytics/crypto_graphframes_exact_relationships.csv""}",2026.07.18.1
CRYPTO_KENNEL_LONG_CON,GF-0302,GF-DEVICE,SAME_DEVICE,LOGIN-0402,LOGIN-0414,device_id,DEV-CONTRACT-05,norm-v1,CURATED_APPROXIMATION,GRAPHFRAMES_EXACT_MATCH,false,SENIOR_V1_TO_CANONICAL_V1,APPROVED,"Shared devices require account, timing and KYC corroboration.","[""LOGIN-0402"",""LOGIN-0414""]",SUPPORTING_EVIDENCE,"{""source_dataset"":""analytics/crypto_graphframes_exact_relationships.csv""}",2026.07.18.1
CRYPTO_KENNEL_LONG_CON,GF-0303,GF-DEVICE,SAME_DEVICE,LOGIN-0414,LOGIN-0426,device_id,DEV-CONTRACT-05,norm-v1,CURATED_APPROXIMATION,GRAPHFRAMES_EXACT_MATCH,false,SENIOR_V1_TO_CANONICAL_V1,APPROVED,"Shared devices require account, timing and KYC corroboration.","[""LOGIN-0414"",""LOGIN-0426""]",SUPPORTING_EVIDENCE,"{""source_dataset"":""analytics/crypto_graphframes_exact_relationships.csv""}",2026.07.18.1
CRYPTO_KENNEL_LONG_CON,GF-0304,GF-DEVICE,SAME_DEVICE,LOGIN-0426,LOGIN-0438,device_id,DEV-CONTRACT-05,norm-v1,CURATED_APPROXIMATION,GRAPHFRAMES_EXACT_MATCH,false,SENIOR_V1_TO_CANONICAL_V1,APPROVED,"Shared devices require account, timing and KYC corroboration.","[""LOGIN-0426"",""LOGIN-0438""]",SUPPORTING_EVIDENCE,"{""source_dataset"":""analytics/crypto_graphframes_exact_relationships.csv""}",2026.07.18.1
CRYPTO_KENNEL_LONG_CON,GF-0305,GF-IP,SAME_LOGIN_IP,LOGIN-0001,LOGIN-0002,ip_address,198.51.100.87,norm-v1,CURATED_APPROXIMATION,GRAPHFRAMES_EXACT_MATCH,false,SENIOR_V1_TO_CANONICAL_V1,APPROVED,"Shared IP may be an office, VPN, carrier gateway or public network.","[""LOGIN-0001"",""LOGIN-0002""]",SUPPORTING_EVIDENCE,"{""source_dataset"":""analytics/crypto_graphframes_exact_relationships.csv""}",2026.07.18.1
CRYPTO_KENNEL_LONG_CON,GF-0306,GF-IP,SAME_LOGIN_IP,LOGIN-0002,LOGIN-0005,ip_address,198.51.100.87,norm-v1,CURATED_APPROXIMATION,GRAPHFRAMES_EXACT_MATCH,false,SENIOR_V1_TO_CANONICAL_V1,APPROVED,"Shared IP may be an office, VPN, carrier gateway or public network.","[""LOGIN-0002"",""LOGIN-0005""]",SUPPORTING_EVIDENCE,"{""source_dataset"":""analytics/crypto_graphframes_exact_relationships.csv""}",2026.07.18.1
CRYPTO_KENNEL_LONG_CON,GF-0307,GF-IP,SAME_LOGIN_IP,LOGIN-0005,LOGIN-0006,ip_address,198.51.100.87,norm-v1,CURATED_APPROXIMATION,GRAPHFRAMES_EXACT_MATCH,false,SENIOR_V1_TO_CANONICAL_V1,APPROVED,"Shared IP may be an office, VPN, carrier gateway or public network.","[""LOGIN-0005"",""LOGIN-0006""]",SUPPORTING_EVIDENCE,"{""source_dataset"":""analytics/crypto_graphframes_exact_relationships.csv""}",2026.07.18.1
CRYPTO_KENNEL_LONG_CON,GF-0308,GF-IP,SAME_LOGIN_IP,LOGIN-0006,LOGIN-0013,ip_address,198.51.100.87,norm-v1,CURATED_APPROXIMATION,GRAPHFRAMES_EXACT_MATCH,false,SENIOR_V1_TO_CANONICAL_V1,APPROVED,"Shared IP may be an office, VPN, carrier gateway or public network.","[""LOGIN-0006"",""LOGIN-0013""]",SUPPORTING_EVIDENCE,"{""source_dataset"":""analytics/crypto_graphframes_exact_relationships.csv""}",2026.07.18.1
CRYPTO_KENNEL_LONG_CON,GF-0309,GF-IP,SAME_LOGIN_IP,LOGIN-0013,LOGIN-0014,ip_address,198.51.100.87,norm-v1,CURATED_APPROXIMATION,GRAPHFRAMES_EXACT_MATCH,false,SENIOR_V1_TO_CANONICAL_V1,APPROVED,"Shared IP may be an office, VPN, carrier gateway or public network.","[""LOGIN-0013"",""LOGIN-0014""]",SUPPORTING_EVIDENCE,"{""source_dataset"":""analytics/crypto_graphframes_exact_relationships.csv""}",2026.07.18.1
CRYPTO_KENNEL_LONG_CON,GF-0310,GF-IP,SAME_LOGIN_IP,LOGIN-0014,LOGIN-0017,ip_address,198.51.100.87,norm-v1,CURATED_APPROXIMATION,GRAPHFRAMES_EXACT_MATCH,false,SENIOR_V1_TO_CANONICAL_V1,APPROVED,"Shared IP may be an office, VPN, carrier gateway or public network.","[""LOGIN-0014"",""LOGIN-0017""]",SUPPORTING_EVIDENCE,"{""source_dataset"":""analytics/crypto_graphframes_exact_relationships.csv""}",2026.07.18.1
CRYPTO_KENNEL_LONG_CON,GF-0311,GF-IP,SAME_LOGIN_IP,LOGIN-0017,LOGIN-0018,ip_address,198.51.100.87,norm-v1,CURATED_APPROXIMATION,GRAPHFRAMES_EXACT_MATCH,false,SENIOR_V1_TO_CANONICAL_V1,APPROVED,"Shared IP may be an office, VPN, carrier gateway or public network.","[""LOGIN-0017"",""LOGIN-0018""]",SUPPORTING_EVIDENCE,"{""source_dataset"":""analytics/crypto_graphframes_exact_relationships.csv""}",2026.07.18.1
CRYPTO_KENNEL_LONG_CON,GF-0312,GF-IP,SAME_LOGIN_IP,LOGIN-0018,LOGIN-0025,ip_address,198.51.100.87,norm-v1,CURATED_APPROXIMATION,GRAPHFRAMES_EXACT_MATCH,false,SENIOR_V1_TO_CANONICAL_V1,APPROVED,"Shared IP may be an office, VPN, carrier gateway or public network.","[""LOGIN-0018"",""LOGIN-0025""]",SUPPORTING_EVIDENCE,"{""source_dataset"":""analytics/crypto_graphframes_exact_relationships.csv""}",2026.07.18.1
CRYPTO_KENNEL_LONG_CON,GF-0313,GF-IP,SAME_LOGIN_IP,LOGIN-0025,LOGIN-0026,ip_address,198.51.100.87,norm-v1,CURATED_APPROXIMATION,GRAPHFRAMES_EXACT_MATCH,false,SENIOR_V1_TO_CANONICAL_V1,APPROVED,"Shared IP may be an office, VPN, carrier gateway or public network.","[""LOGIN-0025"",""LOGIN-0026""]",SUPPORTING_EVIDENCE,"{""source_dataset"":""analytics/crypto_graphframes_exact_relationships.csv""}",2026.07.18.1
CRYPTO_KENNEL_LONG_CON,GF-0314,GF-IP,SAME_LOGIN_IP,LOGIN-0026,LOGIN-0029,ip_address,198.51.100.87,norm-v1,CURATED_APPROXIMATION,GRAPHFRAMES_EXACT_MATCH,false,SENIOR_V1_TO_CANONICAL_V1,APPROVED,"Shared IP may be an office, VPN, carrier gateway or public network.","[""LOGIN-0026"",""LOGIN-0029""]",SUPPORTING_EVIDENCE,"{""source_dataset"":""analytics/crypto_graphframes_exact_relationships.csv""}",2026.07.18.1
CRYPTO_KENNEL_LONG_CON,GF-0315,GF-IP,SAME_LOGIN_IP,LOGIN-0029,LOGIN-0030,ip_address,198.51.100.87,norm-v1,CURATED_APPROXIMATION,GRAPHFRAMES_EXACT_MATCH,false,SENIOR_V1_TO_CANONICAL_V1,APPROVED,"Shared IP may be an office, VPN, carrier gateway or public network.","[""LOGIN-0029"",""LOGIN-0030""]",SUPPORTING_EVIDENCE,"{""source_dataset"":""analytics/crypto_graphframes_exact_relationships.csv""}",2026.07.18.1
CRYPTO_KENNEL_LONG_CON,GF-0316,GF-IP,SAME_LOGIN_IP,LOGIN-0030,LOGIN-0037,ip_address,198.51.100.87,norm-v1,CURATED_APPROXIMATION,GRAPHFRAMES_EXACT_MATCH,false,SENIOR_V1_TO_CANONICAL_V1,APPROVED,"Shared IP may be an office, VPN, carrier gateway or public network.","[""LOGIN-0030"",""LOGIN-0037""]",SUPPORTING_EVIDENCE,"{""source_dataset"":""analytics/crypto_graphframes_exact_relationships.csv""}",2026.07.18.1
CRYPTO_KENNEL_LONG_CON,GF-0317,GF-IP,SAME_LOGIN_IP,LOGIN-0037,LOGIN-0038,ip_address,198.51.100.87,norm-v1,CURATED_APPROXIMATION,GRAPHFRAMES_EXACT_MATCH,false,SENIOR_V1_TO_CANONICAL_V1,APPROVED,"Shared IP may be an office, VPN, carrier gateway or public network.","[""LOGIN-0037"",""LOGIN-0038""]",SUPPORTING_EVIDENCE,"{""source_dataset"":""analytics/crypto_graphframes_exact_relationships.csv""}",2026.07.18.1
CRYPTO_KENNEL_LONG_CON,GF-0318,GF-IP,SAME_LOGIN_IP,LOGIN-0038,LOGIN-0041,ip_address,198.51.100.87,norm-v1,CURATED_APPROXIMATION,GRAPHFRAMES_EXACT_MATCH,false,SENIOR_V1_TO_CANONICAL_V1,APPROVED,"Shared IP may be an office, VPN, carrier gateway or public network.","[""LOGIN-0038"",""LOGIN-0041""]",SUPPORTING_EVIDENCE,"{""source_dataset"":""analytics/crypto_graphframes_exact_relationships.csv""}",2026.07.18.1
CRYPTO_KENNEL_LONG_CON,GF-0319,GF-IP,SAME_LOGIN_IP,LOGIN-0041,LOGIN-0042,ip_address,198.51.100.87,norm-v1,CURATED_APPROXIMATION,GRAPHFRAMES_EXACT_MATCH,false,SENIOR_V1_TO_CANONICAL_V1,APPROVED,"Shared IP may be an office, VPN, carrier gateway or public network.","[""LOGIN-0041"",""LOGIN-0042""]",SUPPORTING_EVIDENCE,"{""source_dataset"":""analytics/crypto_graphframes_exact_relationships.csv""}",2026.07.18.1
CRYPTO_KENNEL_LONG_CON,GF-0320,GF-IP,SAME_LOGIN_IP,LOGIN-0042,LOGIN-0049,ip_address,198.51.100.87,norm-v1,CURATED_APPROXIMATION,GRAPHFRAMES_EXACT_MATCH,false,SENIOR_V1_TO_CANONICAL_V1,APPROVED,"Shared IP may be an office, VPN, carrier gateway or public network.","[""LOGIN-0042"",""LOGIN-0049""]",SUPPORTING_EVIDENCE,"{""source_dataset"":""analytics/crypto_graphframes_exact_relationships.csv""}",2026.07.18.1
CRYPTO_KENNEL_LONG_CON,GF-0321,GF-IP,SAME_LOGIN_IP,LOGIN-0049,LOGIN-0050,ip_address,198.51.100.87,norm-v1,CURATED_APPROXIMATION,GRAPHFRAMES_EXACT_MATCH,false,SENIOR_V1_TO_CANONICAL_V1,APPROVED,"Shared IP may be an office, VPN, carrier gateway or public network.","[""LOGIN-0049"",""LOGIN-0050""]",SUPPORTING_EVIDENCE,"{""source_dataset"":""analytics/crypto_graphframes_exact_relationships.csv""}",2026.07.18.1
CRYPTO_KENNEL_LONG_CON,GF-0322,GF-IP,SAME_LOGIN_IP,LOGIN-0050,LOGIN-0053,ip_address,198.51.100.87,norm-v1,CURATED_APPROXIMATION,GRAPHFRAMES_EXACT_MATCH,false,SENIOR_V1_TO_CANONICAL_V1,APPROVED,"Shared IP may be an office, VPN, carrier gateway or public network.","[""LOGIN-0050"",""LOGIN-0053""]",SUPPORTING_EVIDENCE,"{""source_dataset"":""analytics/crypto_graphframes_exact_relationships.csv""}",2026.07.18.1
CRYPTO_KENNEL_LONG_CON,GF-0323,GF-IP,SAME_LOGIN_IP,LOGIN-0053,LOGIN-0054,ip_address,198.51.100.87,norm-v1,CURATED_APPROXIMATION,GRAPHFRAMES_EXACT_MATCH,false,SENIOR_V1_TO_CANONICAL_V1,APPROVED,"Shared IP may be an office, VPN, carrier gateway or public network.","[""LOGIN-0053"",""LOGIN-0054""]",SUPPORTING_EVIDENCE,"{""source_dataset"":""analytics/crypto_graphframes_exact_relationships.csv""}",2026.07.18.1
CRYPTO_KENNEL_LONG_CON,GF-0324,GF-IP,SAME_LOGIN_IP,LOGIN-0054,LOGIN-0061,ip_address,198.51.100.87,norm-v1,CURATED_APPROXIMATION,GRAPHFRAMES_EXACT_MATCH,false,SENIOR_V1_TO_CANONICAL_V1,APPROVED,"Shared IP may be an office, VPN, carrier gateway or public network.","[""LOGIN-0054"",""LOGIN-0061""]",SUPPORTING_EVIDENCE,"{""source_dataset"":""analytics/crypto_graphframes_exact_relationships.csv""}",2026.07.18.1
CRYPTO_KENNEL_LONG_CON,GF-0325,GF-IP,SAME_LOGIN_IP,LOGIN-0061,LOGIN-0062,ip_address,198.51.100.87,norm-v1,CURATED_APPROXIMATION,GRAPHFRAMES_EXACT_MATCH,false,SENIOR_V1_TO_CANONICAL_V1,APPROVED,"Shared IP may be an office, VPN, carrier gateway or public network.","[""LOGIN-0061"",""LOGIN-0062""]",SUPPORTING_EVIDENCE,"{""source_dataset"":""analytics/crypto_graphframes_exact_relationships.csv""}",2026.07.18.1
CRYPTO_KENNEL_LONG_CON,GF-0326,GF-IP,SAME_LOGIN_IP,LOGIN-0062,LOGIN-0065,ip_address,198.51.100.87,norm-v1,CURATED_APPROXIMATION,GRAPHFRAMES_EXACT_MATCH,false,SENIOR_V1_TO_CANONICAL_V1,APPROVED,"Shared IP may be an office, VPN, carrier gateway or public network.","[""LOGIN-0062"",""LOGIN-0065""]",SUPPORTING_EVIDENCE,"{""source_dataset"":""analytics/crypto_graphframes_exact_relationships.csv""}",2026.07.18.1
CRYPTO_KENNEL_LONG_CON,GF-0327,GF-IP,SAME_LOGIN_IP,LOGIN-0065,LOGIN-0066,ip_address,198.51.100.87,norm-v1,CURATED_APPROXIMATION,GRAPHFRAMES_EXACT_MATCH,false,SENIOR_V1_TO_CANONICAL_V1,APPROVED,"Shared IP may be an office, VPN, carrier gateway or public network.","[""LOGIN-0065"",""LOGIN-0066""]",SUPPORTING_EVIDENCE,"{""source_dataset"":""analytics/crypto_graphframes_exact_relationships.csv""}",2026.07.18.1
CRYPTO_KENNEL_LONG_CON,GF-0328,GF-IP,SAME_LOGIN_IP,LOGIN-0066,LOGIN-0073,ip_address,198.51.100.87,norm-v1,CURATED_APPROXIMATION,GRAPHFRAMES_EXACT_MATCH,false,SENIOR_V1_TO_CANONICAL_V1,APPROVED,"Shared IP may be an office, VPN, carrier gateway or public network.","[""LOGIN-0066"",""LOGIN-0073""]",SUPPORTING_EVIDENCE,"{""source_dataset"":""analytics/crypto_graphframes_exact_relationships.csv""}",2026.07.18.1
CRYPTO_KENNEL_LONG_CON,GF-0329,GF-IP,SAME_LOGIN_IP,LOGIN-0073,LOGIN-0074,ip_address,198.51.100.87,norm-v1,CURATED_APPROXIMATION,GRAPHFRAMES_EXACT_MATCH,false,SENIOR_V1_TO_CANONICAL_V1,APPROVED,"Shared IP may be an office, VPN, carrier gateway or public network.","[""LOGIN-0073"",""LOGIN-0074""]",SUPPORTING_EVIDENCE,"{""source_dataset"":""analytics/crypto_graphframes_exact_relationships.csv""}",2026.07.18.1
CRYPTO_KENNEL_LONG_CON,GF-0330,GF-IP,SAME_LOGIN_IP,LOGIN-0074,LOGIN-0077,ip_address,198.51.100.87,norm-v1,CURATED_APPROXIMATION,GRAPHFRAMES_EXACT_MATCH,false,SENIOR_V1_TO_CANONICAL_V1,APPROVED,"Shared IP may be an office, VPN, carrier gateway or public network.","[""LOGIN-0074"",""LOGIN-0077""]",SUPPORTING_EVIDENCE,"{""source_dataset"":""analytics/crypto_graphframes_exact_relationships.csv""}",2026.07.18.1
CRYPTO_KENNEL_LONG_CON,GF-0331,GF-IP,SAME_LOGIN_IP,LOGIN-0077,LOGIN-0078,ip_address,198.51.100.87,norm-v1,CURATED_APPROXIMATION,GRAPHFRAMES_EXACT_MATCH,false,SENIOR_V1_TO_CANONICAL_V1,APPROVED,"Shared IP may be an office, VPN, carrier gateway or public network.","[""LOGIN-0077"",""LOGIN-0078""]",SUPPORTING_EVIDENCE,"{""source_dataset"":""analytics/crypto_graphframes_exact_relationships.csv""}",2026.07.18.1
CRYPTO_KENNEL_LONG_CON,GF-0332,GF-IP,SAME_LOGIN_IP,LOGIN-0078,LOGIN-0085,ip_address,198.51.100.87,norm-v1,CURATED_APPROXIMATION,GRAPHFRAMES_EXACT_MATCH,false,SENIOR_V1_TO_CANONICAL_V1,APPROVED,"Shared IP may be an office, VPN, carrier gateway or public network.","[""LOGIN-0078"",""LOGIN-0085""]",SUPPORTING_EVIDENCE,"{""source_dataset"":""analytics/crypto_graphframes_exact_relationships.csv""}",2026.07.18.1
CRYPTO_KENNEL_LONG_CON,GF-0333,GF-IP,SAME_LOGIN_IP,LOGIN-0085,LOGIN-0086,ip_address,198.51.100.87,norm-v1,CURATED_APPROXIMATION,GRAPHFRAMES_EXACT_MATCH,false,SENIOR_V1_TO_CANONICAL_V1,APPROVED,"Shared IP may be an office, VPN, carrier gateway or public network.","[""LOGIN-0085"",""LOGIN-0086""]",SUPPORTING_EVIDENCE,"{""source_dataset"":""analytics/crypto_graphframes_exact_relationships.csv""}",2026.07.18.1
CRYPTO_KENNEL_LONG_CON,GF-0334,GF-IP,SAME_LOGIN_IP,LOGIN-0086,LOGIN-0089,ip_address,198.51.100.87,norm-v1,CURATED_APPROXIMATION,GRAPHFRAMES_EXACT_MATCH,false,SENIOR_V1_TO_CANONICAL_V1,APPROVED,"Shared IP may be an office, VPN, carrier gateway or public network.","[""LOGIN-0086"",""LOGIN-0089""]",SUPPORTING_EVIDENCE,"{""source_dataset"":""analytics/crypto_graphframes_exact_relationships.csv""}",2026.07.18.1
CRYPTO_KENNEL_LONG_CON,GF-0335,GF-IP,SAME_LOGIN_IP,LOGIN-0004,LOGIN-0016,ip_address,198.51.100.93,norm-v1,CURATED_APPROXIMATION,GRAPHFRAMES_EXACT_MATCH,false,SENIOR_V1_TO_CANONICAL_V1,APPROVED,"Shared IP may be an office, VPN, carrier gateway or public network.","[""LOGIN-0004"",""LOGIN-0016""]",SUPPORTING_EVIDENCE,"{""source_dataset"":""analytics/crypto_graphframes_exact_relationships.csv""}",2026.07.18.1
CRYPTO_KENNEL_LONG_CON,GF-0336,GF-IP,SAME_LOGIN_IP,LOGIN-0016,LOGIN-0028,ip_address,198.51.100.93,norm-v1,CURATED_APPROXIMATION,GRAPHFRAMES_EXACT_MATCH,false,SENIOR_V1_TO_CANONICAL_V1,APPROVED,"Shared IP may be an office, VPN, carrier gateway or public network.","[""LOGIN-0016"",""LOGIN-0028""]",SUPPORTING_EVIDENCE,"{""source_dataset"":""analytics/crypto_graphframes_exact_relationships.csv""}",2026.07.18.1
CRYPTO_KENNEL_LONG_CON,GF-0337,GF-IP,SAME_LOGIN_IP,LOGIN-0028,LOGIN-0040,ip_address,198.51.100.93,norm-v1,CURATED_APPROXIMATION,GRAPHFRAMES_EXACT_MATCH,false,SENIOR_V1_TO_CANONICAL_V1,APPROVED,"Shared IP may be an office, VPN, carrier gateway or public network.","[""LOGIN-0028"",""LOGIN-0040""]",SUPPORTING_EVIDENCE,"{""source_dataset"":""analytics/crypto_graphframes_exact_relationships.csv""}",2026.07.18.1
CRYPTO_KENNEL_LONG_CON,GF-0338,GF-IP,SAME_LOGIN_IP,LOGIN-0040,LOGIN-0052,ip_address,198.51.100.93,norm-v1,CURATED_APPROXIMATION,GRAPHFRAMES_EXACT_MATCH,false,SENIOR_V1_TO_CANONICAL_V1,APPROVED,"Shared IP may be an office, VPN, carrier gateway or public network.","[""LOGIN-0040"",""LOGIN-0052""]",SUPPORTING_EVIDENCE,"{""source_dataset"":""analytics/crypto_graphframes_exact_relationships.csv""}",2026.07.18.1
CRYPTO_KENNEL_LONG_CON,GF-0339,GF-IP,SAME_LOGIN_IP,LOGIN-0052,LOGIN-0064,ip_address,198.51.100.93,norm-v1,CURATED_APPROXIMATION,GRAPHFRAMES_EXACT_MATCH,false,SENIOR_V1_TO_CANONICAL_V1,APPROVED,"Shared IP may be an office, VPN, carrier gateway or public network.","[""LOGIN-0052"",""LOGIN-0064""]",SUPPORTING_EVIDENCE,"{""source_dataset"":""analytics/crypto_graphframes_exact_relationships.csv""}",2026.07.18.1
CRYPTO_KENNEL_LONG_CON,GF-0340,GF-IP,SAME_LOGIN_IP,LOGIN-0064,LOGIN-0076,ip_address,198.51.100.93,norm-v1,CURATED_APPROXIMATION,GRAPHFRAMES_EXACT_MATCH,false,SENIOR_V1_TO_CANONICAL_V1,APPROVED,"Shared IP may be an office, VPN, carrier gateway or public network.","[""LOGIN-0064"",""LOGIN-0076""]",SUPPORTING_EVIDENCE,"{""source_dataset"":""analytics/crypto_graphframes_exact_relationships.csv""}",2026.07.18.1
CRYPTO_KENNEL_LONG_CON,GF-0341,GF-IP,SAME_LOGIN_IP,LOGIN-0076,LOGIN-0088,ip_address,198.51.100.93,norm-v1,CURATED_APPROXIMATION,GRAPHFRAMES_EXACT_MATCH,false,SENIOR_V1_TO_CANONICAL_V1,APPROVED,"Shared IP may be an office, VPN, carrier gateway or public network.","[""LOGIN-0076"",""LOGIN-0088""]",SUPPORTING_EVIDENCE,"{""source_dataset"":""analytics/crypto_graphframes_exact_relationships.csv""}",2026.07.18.1
CRYPTO_KENNEL_LONG_CON,GF-0342,GF-IP,SAME_LOGIN_IP,LOGIN-0088,LOGIN-0100,ip_address,198.51.100.93,norm-v1,CURATED_APPROXIMATION,GRAPHFRAMES_EXACT_MATCH,false,SENIOR_V1_TO_CANONICAL_V1,APPROVED,"Shared IP may be an office, VPN, carrier gateway or public network.","[""LOGIN-0088"",""LOGIN-0100""]",SUPPORTING_EVIDENCE,"{""source_dataset"":""analytics/crypto_graphframes_exact_relationships.csv""}",2026.07.18.1
CRYPTO_KENNEL_LONG_CON,GF-0343,GF-IP,SAME_LOGIN_IP,LOGIN-0100,LOGIN-0112,ip_address,198.51.100.93,norm-v1,CURATED_APPROXIMATION,GRAPHFRAMES_EXACT_MATCH,false,SENIOR_V1_TO_CANONICAL_V1,APPROVED,"Shared IP may be an office, VPN, carrier gateway or public network.","[""LOGIN-0100"",""LOGIN-0112""]",SUPPORTING_EVIDENCE,"{""source_dataset"":""analytics/crypto_graphframes_exact_relationships.csv""}",2026.07.18.1
CRYPTO_KENNEL_LONG_CON,GF-0344,GF-IP,SAME_LOGIN_IP,LOGIN-0112,LOGIN-0124,ip_address,198.51.100.93,norm-v1,CURATED_APPROXIMATION,GRAPHFRAMES_EXACT_MATCH,false,SENIOR_V1_TO_CANONICAL_V1,APPROVED,"Shared IP may be an office, VPN, carrier gateway or public network.","[""LOGIN-0112"",""LOGIN-0124""]",SUPPORTING_EVIDENCE,"{""source_dataset"":""analytics/crypto_graphframes_exact_relationships.csv""}",2026.07.18.1
CRYPTO_KENNEL_LONG_CON,GF-0345,GF-IP,SAME_LOGIN_IP,LOGIN-0124,LOGIN-0136,ip_address,198.51.100.93,norm-v1,CURATED_APPROXIMATION,GRAPHFRAMES_EXACT_MATCH,false,SENIOR_V1_TO_CANONICAL_V1,APPROVED,"Shared IP may be an office, VPN, carrier gateway or public network.","[""LOGIN-0124"",""LOGIN-0136""]",SUPPORTING_EVIDENCE,"{""source_dataset"":""analytics/crypto_graphframes_exact_relationships.csv""}",2026.07.18.1
CRYPTO_KENNEL_LONG_CON,GF-0346,GF-IP,SAME_LOGIN_IP,LOGIN-0136,LOGIN-0148,ip_address,198.51.100.93,norm-v1,CURATED_APPROXIMATION,GRAPHFRAMES_EXACT_MATCH,false,SENIOR_V1_TO_CANONICAL_V1,APPROVED,"Shared IP may be an office, VPN, carrier gateway or public network.","[""LOGIN-0136"",""LOGIN-0148""]",SUPPORTING_EVIDENCE,"{""source_dataset"":""analytics/crypto_graphframes_exact_relationships.csv""}",2026.07.18.1
CRYPTO_KENNEL_LONG_CON,GF-0347,GF-IP,SAME_LOGIN_IP,LOGIN-0148,LOGIN-0160,ip_address,198.51.100.93,norm-v1,CURATED_APPROXIMATION,GRAPHFRAMES_EXACT_MATCH,false,SENIOR_V1_TO_CANONICAL_V1,APPROVED,"Shared IP may be an office, VPN, carrier gateway or public network.","[""LOGIN-0148"",""LOGIN-0160""]",SUPPORTING_EVIDENCE,"{""source_dataset"":""analytics/crypto_graphframes_exact_relationships.csv""}",2026.07.18.1
CRYPTO_KENNEL_LONG_CON,GF-0348,GF-IP,SAME_LOGIN_IP,LOGIN-0160,LOGIN-0172,ip_address,198.51.100.93,norm-v1,CURATED_APPROXIMATION,GRAPHFRAMES_EXACT_MATCH,false,SENIOR_V1_TO_CANONICAL_V1,APPROVED,"Shared IP may be an office, VPN, carrier gateway or public network.","[""LOGIN-0160"",""LOGIN-0172""]",SUPPORTING_EVIDENCE,"{""source_dataset"":""analytics/crypto_graphframes_exact_relationships.csv""}",2026.07.18.1
CRYPTO_KENNEL_LONG_CON,GF-0349,GF-IP,SAME_LOGIN_IP,LOGIN-0172,LOGIN-0184,ip_address,198.51.100.93,norm-v1,CURATED_APPROXIMATION,GRAPHFRAMES_EXACT_MATCH,false,SENIOR_V1_TO_CANONICAL_V1,APPROVED,"Shared IP may be an office, VPN, carrier gateway or public network.","[""LOGIN-0172"",""LOGIN-0184""]",SUPPORTING_EVIDENCE,"{""source_dataset"":""analytics/crypto_graphframes_exact_relationships.csv""}",2026.07.18.1
CRYPTO_KENNEL_LONG_CON,GF-0350,GF-IP,SAME_LOGIN_IP,LOGIN-0184,LOGIN-0196,ip_address,198.51.100.93,norm-v1,CURATED_APPROXIMATION,GRAPHFRAMES_EXACT_MATCH,false,SENIOR_V1_TO_CANONICAL_V1,APPROVED,"Shared IP may be an office, VPN, carrier gateway or public network.","[""LOGIN-0184"",""LOGIN-0196""]",SUPPORTING_EVIDENCE,"{""source_dataset"":""analytics/crypto_graphframes_exact_relationships.csv""}",2026.07.18.1
CRYPTO_KENNEL_LONG_CON,GF-0351,GF-IP,SAME_LOGIN_IP,LOGIN-0196,LOGIN-0208,ip_address,198.51.100.93,norm-v1,CURATED_APPROXIMATION,GRAPHFRAMES_EXACT_MATCH,false,SENIOR_V1_TO_CANONICAL_V1,APPROVED,"Shared IP may be an office, VPN, carrier gateway or public network.","[""LOGIN-0196"",""LOGIN-0208""]",SUPPORTING_EVIDENCE,"{""source_dataset"":""analytics/crypto_graphframes_exact_relationships.csv""}",2026.07.18.1
CRYPTO_KENNEL_LONG_CON,GF-0352,GF-IP,SAME_LOGIN_IP,LOGIN-0208,LOGIN-0220,ip_address,198.51.100.93,norm-v1,CURATED_APPROXIMATION,GRAPHFRAMES_EXACT_MATCH,false,SENIOR_V1_TO_CANONICAL_V1,APPROVED,"Shared IP may be an office, VPN, carrier gateway or public network.","[""LOGIN-0208"",""LOGIN-0220""]",SUPPORTING_EVIDENCE,"{""source_dataset"":""analytics/crypto_graphframes_exact_relationships.csv""}",2026.07.18.1
CRYPTO_KENNEL_LONG_CON,GF-0353,GF-IP,SAME_LOGIN_IP,LOGIN-0220,LOGIN-0232,ip_address,198.51.100.93,norm-v1,CURATED_APPROXIMATION,GRAPHFRAMES_EXACT_MATCH,false,SENIOR_V1_TO_CANONICAL_V1,APPROVED,"Shared IP may be an office, VPN, carrier gateway or public network.","[""LOGIN-0220"",""LOGIN-0232""]",SUPPORTING_EVIDENCE,"{""source_dataset"":""analytics/crypto_graphframes_exact_relationships.csv""}",2026.07.18.1
CRYPTO_KENNEL_LONG_CON,GF-0354,GF-IP,SAME_LOGIN_IP,LOGIN-0232,LOGIN-0244,ip_address,198.51.100.93,norm-v1,CURATED_APPROXIMATION,GRAPHFRAMES_EXACT_MATCH,false,SENIOR_V1_TO_CANONICAL_V1,APPROVED,"Shared IP may be an office, VPN, carrier gateway or public network.","[""LOGIN-0232"",""LOGIN-0244""]",SUPPORTING_EVIDENCE,"{""source_dataset"":""analytics/crypto_graphframes_exact_relationships.csv""}",2026.07.18.1
CRYPTO_KENNEL_LONG_CON,GF-0355,GF-IP,SAME_LOGIN_IP,LOGIN-0244,LOGIN-0256,ip_address,198.51.100.93,norm-v1,CURATED_APPROXIMATION,GRAPHFRAMES_EXACT_MATCH,false,SENIOR_V1_TO_CANONICAL_V1,APPROVED,"Shared IP may be an office, VPN, carrier gateway or public network.","[""LOGIN-0244"",""LOGIN-0256""]",SUPPORTING_EVIDENCE,"{""source_dataset"":""analytics/crypto_graphframes_exact_relationships.csv""}",2026.07.18.1
CRYPTO_KENNEL_LONG_CON,GF-0356,GF-IP,SAME_LOGIN_IP,LOGIN-0256,LOGIN-0268,ip_address,198.51.100.93,norm-v1,CURATED_APPROXIMATION,GRAPHFRAMES_EXACT_MATCH,false,SENIOR_V1_TO_CANONICAL_V1,APPROVED,"Shared IP may be an office, VPN, carrier gateway or public network.","[""LOGIN-0256"",""LOGIN-0268""]",SUPPORTING_EVIDENCE,"{""source_dataset"":""analytics/crypto_graphframes_exact_relationships.csv""}",2026.07.18.1
CRYPTO_KENNEL_LONG_CON,GF-0357,GF-IP,SAME_LOGIN_IP,LOGIN-0268,LOGIN-0280,ip_address,198.51.100.93,norm-v1,CURATED_APPROXIMATION,GRAPHFRAMES_EXACT_MATCH,false,SENIOR_V1_TO_CANONICAL_V1,APPROVED,"Shared IP may be an office, VPN, carrier gateway or public network.","[""LOGIN-0268"",""LOGIN-0280""]",SUPPORTING_EVIDENCE,"{""source_dataset"":""analytics/crypto_graphframes_exact_relationships.csv""}",2026.07.18.1
CRYPTO_KENNEL_LONG_CON,GF-0358,GF-IP,SAME_LOGIN_IP,LOGIN-0280,LOGIN-0292,ip_address,198.51.100.93,norm-v1,CURATED_APPROXIMATION,GRAPHFRAMES_EXACT_MATCH,false,SENIOR_V1_TO_CANONICAL_V1,APPROVED,"Shared IP may be an office, VPN, carrier gateway or public network.","[""LOGIN-0280"",""LOGIN-0292""]",SUPPORTING_EVIDENCE,"{""source_dataset"":""analytics/crypto_graphframes_exact_relationships.csv""}",2026.07.18.1
CRYPTO_KENNEL_LONG_CON,GF-0359,GF-IP,SAME_LOGIN_IP,LOGIN-0292,LOGIN-0304,ip_address,198.51.100.93,norm-v1,CURATED_APPROXIMATION,GRAPHFRAMES_EXACT_MATCH,false,SENIOR_V1_TO_CANONICAL_V1,APPROVED,"Shared IP may be an office, VPN, carrier gateway or public network.","[""LOGIN-0292"",""LOGIN-0304""]",SUPPORTING_EVIDENCE,"{""source_dataset"":""analytics/crypto_graphframes_exact_relationships.csv""}",2026.07.18.1
CRYPTO_KENNEL_LONG_CON,GF-0360,GF-IP,SAME_LOGIN_IP,LOGIN-0304,LOGIN-0316,ip_address,198.51.100.93,norm-v1,CURATED_APPROXIMATION,GRAPHFRAMES_EXACT_MATCH,false,SENIOR_V1_TO_CANONICAL_V1,APPROVED,"Shared IP may be an office, VPN, carrier gateway or public network.","[""LOGIN-0304"",""LOGIN-0316""]",SUPPORTING_EVIDENCE,"{""source_dataset"":""analytics/crypto_graphframes_exact_relationships.csv""}",2026.07.18.1
CRYPTO_KENNEL_LONG_CON,GF-0361,GF-IP,SAME_LOGIN_IP,LOGIN-0316,LOGIN-0328,ip_address,198.51.100.93,norm-v1,CURATED_APPROXIMATION,GRAPHFRAMES_EXACT_MATCH,false,SENIOR_V1_TO_CANONICAL_V1,APPROVED,"Shared IP may be an office, VPN, carrier gateway or public network.","[""LOGIN-0316"",""LOGIN-0328""]",SUPPORTING_EVIDENCE,"{""source_dataset"":""analytics/crypto_graphframes_exact_relationships.csv""}",2026.07.18.1
CRYPTO_KENNEL_LONG_CON,GF-0362,GF-IP,SAME_LOGIN_IP,LOGIN-0328,LOGIN-0340,ip_address,198.51.100.93,norm-v1,CURATED_APPROXIMATION,GRAPHFRAMES_EXACT_MATCH,false,SENIOR_V1_TO_CANONICAL_V1,APPROVED,"Shared IP may be an office, VPN, carrier gateway or public network.","[""LOGIN-0328"",""LOGIN-0340""]",SUPPORTING_EVIDENCE,"{""source_dataset"":""analytics/crypto_graphframes_exact_relationships.csv""}",2026.07.18.1
CRYPTO_KENNEL_LONG_CON,GF-0363,GF-IP,SAME_LOGIN_IP,LOGIN-0340,LOGIN-0352,ip_address,198.51.100.93,norm-v1,CURATED_APPROXIMATION,GRAPHFRAMES_EXACT_MATCH,false,SENIOR_V1_TO_CANONICAL_V1,APPROVED,"Shared IP may be an office, VPN, carrier gateway or public network.","[""LOGIN-0340"",""LOGIN-0352""]",SUPPORTING_EVIDENCE,"{""source_dataset"":""analytics/crypto_graphframes_exact_relationships.csv""}",2026.07.18.1
CRYPTO_KENNEL_LONG_CON,GF-0364,GF-IP,SAME_LOGIN_IP,LOGIN-0352,LOGIN-0364,ip_address,198.51.100.93,norm-v1,CURATED_APPROXIMATION,GRAPHFRAMES_EXACT_MATCH,false,SENIOR_V1_TO_CANONICAL_V1,APPROVED,"Shared IP may be an office, VPN, carrier gateway or public network.","[""LOGIN-0352"",""LOGIN-0364""]",SUPPORTING_EVIDENCE,"{""source_dataset"":""analytics/crypto_graphframes_exact_relationships.csv""}",2026.07.18.1
CRYPTO_KENNEL_LONG_CON,GF-0365,GF-IP,SAME_LOGIN_IP,LOGIN-0003,LOGIN-0015,ip_address,203.0.113.201,norm-v1,CURATED_APPROXIMATION,GRAPHFRAMES_EXACT_MATCH,false,SENIOR_V1_TO_CANONICAL_V1,APPROVED,"Shared IP may be an office, VPN, carrier gateway or public network.","[""LOGIN-0003"",""LOGIN-0015""]",SUPPORTING_EVIDENCE,"{""source_dataset"":""analytics/crypto_graphframes_exact_relationships.csv""}",2026.07.18.1
CRYPTO_KENNEL_LONG_CON,GF-0366,GF-IP,SAME_LOGIN_IP,LOGIN-0015,LOGIN-0027,ip_address,203.0.113.201,norm-v1,CURATED_APPROXIMATION,GRAPHFRAMES_EXACT_MATCH,false,SENIOR_V1_TO_CANONICAL_V1,APPROVED,"Shared IP may be an office, VPN, carrier gateway or public network.","[""LOGIN-0015"",""LOGIN-0027""]",SUPPORTING_EVIDENCE,"{""source_dataset"":""analytics/crypto_graphframes_exact_relationships.csv""}",2026.07.18.1
CRYPTO_KENNEL_LONG_CON,GF-0367,GF-IP,SAME_LOGIN_IP,LOGIN-0027,LOGIN-0039,ip_address,203.0.113.201,norm-v1,CURATED_APPROXIMATION,GRAPHFRAMES_EXACT_MATCH,false,SENIOR_V1_TO_CANONICAL_V1,APPROVED,"Shared IP may be an office, VPN, carrier gateway or public network.","[""LOGIN-0027"",""LOGIN-0039""]",SUPPORTING_EVIDENCE,"{""source_dataset"":""analytics/crypto_graphframes_exact_relationships.csv""}",2026.07.18.1
CRYPTO_KENNEL_LONG_CON,GF-0368,GF-IP,SAME_LOGIN_IP,LOGIN-0039,LOGIN-0051,ip_address,203.0.113.201,norm-v1,CURATED_APPROXIMATION,GRAPHFRAMES_EXACT_MATCH,false,SENIOR_V1_TO_CANONICAL_V1,APPROVED,"Shared IP may be an office, VPN, carrier gateway or public network.","[""LOGIN-0039"",""LOGIN-0051""]",SUPPORTING_EVIDENCE,"{""source_dataset"":""analytics/crypto_graphframes_exact_relationships.csv""}",2026.07.18.1
CRYPTO_KENNEL_LONG_CON,GF-0369,GF-IP,SAME_LOGIN_IP,LOGIN-0051,LOGIN-0063,ip_address,203.0.113.201,norm-v1,CURATED_APPROXIMATION,GRAPHFRAMES_EXACT_MATCH,false,SENIOR_V1_TO_CANONICAL_V1,APPROVED,"Shared IP may be an office, VPN, carrier gateway or public network.","[""LOGIN-0051"",""LOGIN-0063""]",SUPPORTING_EVIDENCE,"{""source_dataset"":""analytics/crypto_graphframes_exact_relationships.csv""}",2026.07.18.1
CRYPTO_KENNEL_LONG_CON,GF-0370,GF-IP,SAME_LOGIN_IP,LOGIN-0063,LOGIN-0075,ip_address,203.0.113.201,norm-v1,CURATED_APPROXIMATION,GRAPHFRAMES_EXACT_MATCH,false,SENIOR_V1_TO_CANONICAL_V1,APPROVED,"Shared IP may be an office, VPN, carrier gateway or public network.","[""LOGIN-0063"",""LOGIN-0075""]",SUPPORTING_EVIDENCE,"{""source_dataset"":""analytics/crypto_graphframes_exact_relationships.csv""}",2026.07.18.1
CRYPTO_KENNEL_LONG_CON,GF-0371,GF-IP,SAME_LOGIN_IP,LOGIN-0075,LOGIN-0087,ip_address,203.0.113.201,norm-v1,CURATED_APPROXIMATION,GRAPHFRAMES_EXACT_MATCH,false,SENIOR_V1_TO_CANONICAL_V1,APPROVED,"Shared IP may be an office, VPN, carrier gateway or public network.","[""LOGIN-0075"",""LOGIN-0087""]",SUPPORTING_EVIDENCE,"{""source_dataset"":""analytics/crypto_graphframes_exact_relationships.csv""}",2026.07.18.1
CRYPTO_KENNEL_LONG_CON,GF-0372,GF-IP,SAME_LOGIN_IP,LOGIN-0087,LOGIN-0099,ip_address,203.0.113.201,norm-v1,CURATED_APPROXIMATION,GRAPHFRAMES_EXACT_MATCH,false,SENIOR_V1_TO_CANONICAL_V1,APPROVED,"Shared IP may be an office, VPN, carrier gateway or public network.","[""LOGIN-0087"",""LOGIN-0099""]",SUPPORTING_EVIDENCE,"{""source_dataset"":""analytics/crypto_graphframes_exact_relationships.csv""}",2026.07.18.1
CRYPTO_KENNEL_LONG_CON,GF-0373,GF-IP,SAME_LOGIN_IP,LOGIN-0099,LOGIN-0111,ip_address,203.0.113.201,norm-v1,CURATED_APPROXIMATION,GRAPHFRAMES_EXACT_MATCH,false,SENIOR_V1_TO_CANONICAL_V1,APPROVED,"Shared IP may be an office, VPN, carrier gateway or public network.","[""LOGIN-0099"",""LOGIN-0111""]",SUPPORTING_EVIDENCE,"{""source_dataset"":""analytics/crypto_graphframes_exact_relationships.csv""}",2026.07.18.1
CRYPTO_KENNEL_LONG_CON,GF-0374,GF-IP,SAME_LOGIN_IP,LOGIN-0111,LOGIN-0123,ip_address,203.0.113.201,norm-v1,CURATED_APPROXIMATION,GRAPHFRAMES_EXACT_MATCH,false,SENIOR_V1_TO_CANONICAL_V1,APPROVED,"Shared IP may be an office, VPN, carrier gateway or public network.","[""LOGIN-0111"",""LOGIN-0123""]",SUPPORTING_EVIDENCE,"{""source_dataset"":""analytics/crypto_graphframes_exact_relationships.csv""}",2026.07.18.1
CRYPTO_KENNEL_LONG_CON,GF-0375,GF-IP,SAME_LOGIN_IP,LOGIN-0123,LOGIN-0135,ip_address,203.0.113.201,norm-v1,CURATED_APPROXIMATION,GRAPHFRAMES_EXACT_MATCH,false,SENIOR_V1_TO_CANONICAL_V1,APPROVED,"Shared IP may be an office, VPN, carrier gateway or public network.","[""LOGIN-0123"",""LOGIN-0135""]",SUPPORTING_EVIDENCE,"{""source_dataset"":""analytics/crypto_graphframes_exact_relationships.csv""}",2026.07.18.1
CRYPTO_KENNEL_LONG_CON,GF-0376,GF-IP,SAME_LOGIN_IP,LOGIN-0135,LOGIN-0147,ip_address,203.0.113.201,norm-v1,CURATED_APPROXIMATION,GRAPHFRAMES_EXACT_MATCH,false,SENIOR_V1_TO_CANONICAL_V1,APPROVED,"Shared IP may be an office, VPN, carrier gateway or public network.","[""LOGIN-0135"",""LOGIN-0147""]",SUPPORTING_EVIDENCE,"{""source_dataset"":""analytics/crypto_graphframes_exact_relationships.csv""}",2026.07.18.1
CRYPTO_KENNEL_LONG_CON,GF-0377,GF-IP,SAME_LOGIN_IP,LOGIN-0147,LOGIN-0159,ip_address,203.0.113.201,norm-v1,CURATED_APPROXIMATION,GRAPHFRAMES_EXACT_MATCH,false,SENIOR_V1_TO_CANONICAL_V1,APPROVED,"Shared IP may be an office, VPN, carrier gateway or public network.","[""LOGIN-0147"",""LOGIN-0159""]",SUPPORTING_EVIDENCE,"{""source_dataset"":""analytics/crypto_graphframes_exact_relationships.csv""}",2026.07.18.1
CRYPTO_KENNEL_LONG_CON,GF-0378,GF-IP,SAME_LOGIN_IP,LOGIN-0159,LOGIN-0171,ip_address,203.0.113.201,norm-v1,CURATED_APPROXIMATION,GRAPHFRAMES_EXACT_MATCH,false,SENIOR_V1_TO_CANONICAL_V1,APPROVED,"Shared IP may be an office, VPN, carrier gateway or public network.","[""LOGIN-0159"",""LOGIN-0171""]",SUPPORTING_EVIDENCE,"{""source_dataset"":""analytics/crypto_graphframes_exact_relationships.csv""}",2026.07.18.1
CRYPTO_KENNEL_LONG_CON,GF-0379,GF-IP,SAME_LOGIN_IP,LOGIN-0171,LOGIN-0183,ip_address,203.0.113.201,norm-v1,CURATED_APPROXIMATION,GRAPHFRAMES_EXACT_MATCH,false,SENIOR_V1_TO_CANONICAL_V1,APPROVED,"Shared IP may be an office, VPN, carrier gateway or public network.","[""LOGIN-0171"",""LOGIN-0183""]",SUPPORTING_EVIDENCE,"{""source_dataset"":""analytics/crypto_graphframes_exact_relationships.csv""}",2026.07.18.1
CRYPTO_KENNEL_LONG_CON,GF-0380,GF-IP,SAME_LOGIN_IP,LOGIN-0183,LOGIN-0195,ip_address,203.0.113.201,norm-v1,CURATED_APPROXIMATION,GRAPHFRAMES_EXACT_MATCH,false,SENIOR_V1_TO_CANONICAL_V1,APPROVED,"Shared IP may be an office, VPN, carrier gateway or public network.","[""LOGIN-0183"",""LOGIN-0195""]",SUPPORTING_EVIDENCE,"{""source_dataset"":""analytics/crypto_graphframes_exact_relationships.csv""}",2026.07.18.1
CRYPTO_KENNEL_LONG_CON,GF-0381,GF-IP,SAME_LOGIN_IP,LOGIN-0195,LOGIN-0207,ip_address,203.0.113.201,norm-v1,CURATED_APPROXIMATION,GRAPHFRAMES_EXACT_MATCH,false,SENIOR_V1_TO_CANONICAL_V1,APPROVED,"Shared IP may be an office, VPN, carrier gateway or public network.","[""LOGIN-0195"",""LOGIN-0207""]",SUPPORTING_EVIDENCE,"{""source_dataset"":""analytics/crypto_graphframes_exact_relationships.csv""}",2026.07.18.1
CRYPTO_KENNEL_LONG_CON,GF-0382,GF-IP,SAME_LOGIN_IP,LOGIN-0207,LOGIN-0219,ip_address,203.0.113.201,norm-v1,CURATED_APPROXIMATION,GRAPHFRAMES_EXACT_MATCH,false,SENIOR_V1_TO_CANONICAL_V1,APPROVED,"Shared IP may be an office, VPN, carrier gateway or public network.","[""LOGIN-0207"",""LOGIN-0219""]",SUPPORTING_EVIDENCE,"{""source_dataset"":""analytics/crypto_graphframes_exact_relationships.csv""}",2026.07.18.1
CRYPTO_KENNEL_LONG_CON,GF-0383,GF-IP,SAME_LOGIN_IP,LOGIN-0219,LOGIN-0231,ip_address,203.0.113.201,norm-v1,CURATED_APPROXIMATION,GRAPHFRAMES_EXACT_MATCH,false,SENIOR_V1_TO_CANONICAL_V1,APPROVED,"Shared IP may be an office, VPN, carrier gateway or public network.","[""LOGIN-0219"",""LOGIN-0231""]",SUPPORTING_EVIDENCE,"{""source_dataset"":""analytics/crypto_graphframes_exact_relationships.csv""}",2026.07.18.1
CRYPTO_KENNEL_LONG_CON,GF-0384,GF-IP,SAME_LOGIN_IP,LOGIN-0231,LOGIN-0243,ip_address,203.0.113.201,norm-v1,CURATED_APPROXIMATION,GRAPHFRAMES_EXACT_MATCH,false,SENIOR_V1_TO_CANONICAL_V1,APPROVED,"Shared IP may be an office, VPN, carrier gateway or public network.","[""LOGIN-0231"",""LOGIN-0243""]",SUPPORTING_EVIDENCE,"{""source_dataset"":""analytics/crypto_graphframes_exact_relationships.csv""}",2026.07.18.1
CRYPTO_KENNEL_LONG_CON,GF-0385,GF-IP,SAME_LOGIN_IP,LOGIN-0243,LOGIN-0255,ip_address,203.0.113.201,norm-v1,CURATED_APPROXIMATION,GRAPHFRAMES_EXACT_MATCH,false,SENIOR_V1_TO_CANONICAL_V1,APPROVED,"Shared IP may be an office, VPN, carrier gateway or public network.","[""LOGIN-0243"",""LOGIN-0255""]",SUPPORTING_EVIDENCE,"{""source_dataset"":""analytics/crypto_graphframes_exact_relationships.csv""}",2026.07.18.1
CRYPTO_KENNEL_LONG_CON,GF-0386,GF-IP,SAME_LOGIN_IP,LOGIN-0255,LOGIN-0267,ip_address,203.0.113.201,norm-v1,CURATED_APPROXIMATION,GRAPHFRAMES_EXACT_MATCH,false,SENIOR_V1_TO_CANONICAL_V1,APPROVED,"Shared IP may be an office, VPN, carrier gateway or public network.","[""LOGIN-0255"",""LOGIN-0267""]",SUPPORTING_EVIDENCE,"{""source_dataset"":""analytics/crypto_graphframes_exact_relationships.csv""}",2026.07.18.1
CRYPTO_KENNEL_LONG_CON,GF-0387,GF-IP,SAME_LOGIN_IP,LOGIN-0267,LOGIN-0279,ip_address,203.0.113.201,norm-v1,CURATED_APPROXIMATION,GRAPHFRAMES_EXACT_MATCH,false,SENIOR_V1_TO_CANONICAL_V1,APPROVED,"Shared IP may be an office, VPN, carrier gateway or public network.","[""LOGIN-0267"",""LOGIN-0279""]",SUPPORTING_EVIDENCE,"{""source_dataset"":""analytics/crypto_graphframes_exact_relationships.csv""}",2026.07.18.1
CRYPTO_KENNEL_LONG_CON,GF-0388,GF-IP,SAME_LOGIN_IP,LOGIN-0279,LOGIN-0291,ip_address,203.0.113.201,norm-v1,CURATED_APPROXIMATION,GRAPHFRAMES_EXACT_MATCH,false,SENIOR_V1_TO_CANONICAL_V1,APPROVED,"Shared IP may be an office, VPN, carrier gateway or public network.","[""LOGIN-0279"",""LOGIN-0291""]",SUPPORTING_EVIDENCE,"{""source_dataset"":""analytics/crypto_graphframes_exact_relationships.csv""}",2026.07.18.1
CRYPTO_KENNEL_LONG_CON,GF-0389,GF-IP,SAME_LOGIN_IP,LOGIN-0291,LOGIN-0303,ip_address,203.0.113.201,norm-v1,CURATED_APPROXIMATION,GRAPHFRAMES_EXACT_MATCH,false,SENIOR_V1_TO_CANONICAL_V1,APPROVED,"Shared IP may be an office, VPN, carrier gateway or public network.","[""LOGIN-0291"",""LOGIN-0303""]",SUPPORTING_EVIDENCE,"{""source_dataset"":""analytics/crypto_graphframes_exact_relationships.csv""}",2026.07.18.1
CRYPTO_KENNEL_LONG_CON,GF-0390,GF-IP,SAME_LOGIN_IP,LOGIN-0303,LOGIN-0315,ip_address,203.0.113.201,norm-v1,CURATED_APPROXIMATION,GRAPHFRAMES_EXACT_MATCH,false,SENIOR_V1_TO_CANONICAL_V1,APPROVED,"Shared IP may be an office, VPN, carrier gateway or public network.","[""LOGIN-0303"",""LOGIN-0315""]",SUPPORTING_EVIDENCE,"{""source_dataset"":""analytics/crypto_graphframes_exact_relationships.csv""}",2026.07.18.1
CRYPTO_KENNEL_LONG_CON,GF-0391,GF-IP,SAME_LOGIN_IP,LOGIN-0315,LOGIN-0327,ip_address,203.0.113.201,norm-v1,CURATED_APPROXIMATION,GRAPHFRAMES_EXACT_MATCH,false,SENIOR_V1_TO_CANONICAL_V1,APPROVED,"Shared IP may be an office, VPN, carrier gateway or public network.","[""LOGIN-0315"",""LOGIN-0327""]",SUPPORTING_EVIDENCE,"{""source_dataset"":""analytics/crypto_graphframes_exact_relationships.csv""}",2026.07.18.1
CRYPTO_KENNEL_LONG_CON,GF-0392,GF-IP,SAME_LOGIN_IP,LOGIN-0327,LOGIN-0339,ip_address,203.0.113.201,norm-v1,CURATED_APPROXIMATION,GRAPHFRAMES_EXACT_MATCH,false,SENIOR_V1_TO_CANONICAL_V1,APPROVED,"Shared IP may be an office, VPN, carrier gateway or public network.","[""LOGIN-0327"",""LOGIN-0339""]",SUPPORTING_EVIDENCE,"{""source_dataset"":""analytics/crypto_graphframes_exact_relationships.csv""}",2026.07.18.1
CRYPTO_KENNEL_LONG_CON,GF-0393,GF-IP,SAME_LOGIN_IP,LOGIN-0339,LOGIN-0351,ip_address,203.0.113.201,norm-v1,CURATED_APPROXIMATION,GRAPHFRAMES_EXACT_MATCH,false,SENIOR_V1_TO_CANONICAL_V1,APPROVED,"Shared IP may be an office, VPN, carrier gateway or public network.","[""LOGIN-0339"",""LOGIN-0351""]",SUPPORTING_EVIDENCE,"{""source_dataset"":""analytics/crypto_graphframes_exact_relationships.csv""}",2026.07.18.1
CRYPTO_KENNEL_LONG_CON,GF-0394,GF-IP,SAME_LOGIN_IP,LOGIN-0351,LOGIN-0363,ip_address,203.0.113.201,norm-v1,CURATED_APPROXIMATION,GRAPHFRAMES_EXACT_MATCH,false,SENIOR_V1_TO_CANONICAL_V1,APPROVED,"Shared IP may be an office, VPN, carrier gateway or public network.","[""LOGIN-0351"",""LOGIN-0363""]",SUPPORTING_EVIDENCE,"{""source_dataset"":""analytics/crypto_graphframes_exact_relationships.csv""}",2026.07.18.1
CRYPTO_KENNEL_LONG_CON,GF-0395,GF-IP,SAME_LOGIN_IP,LOGIN-0009,LOGIN-0011,ip_address,198.51.100.54,norm-v1,CURATED_APPROXIMATION,GRAPHFRAMES_EXACT_MATCH,false,SENIOR_V1_TO_CANONICAL_V1,APPROVED,"Shared IP may be an office, VPN, carrier gateway or public network.","[""LOGIN-0009"",""LOGIN-0011""]",AMBIGUOUS_EVIDENCE,"{""source_dataset"":""analytics/crypto_graphframes_exact_relationships.csv""}",2026.07.18.1
CRYPTO_KENNEL_LONG_CON,GF-0396,GF-IP,SAME_LOGIN_IP,LOGIN-0011,LOGIN-0012,ip_address,198.51.100.54,norm-v1,CURATED_APPROXIMATION,GRAPHFRAMES_EXACT_MATCH,false,SENIOR_V1_TO_CANONICAL_V1,APPROVED,"Shared IP may be an office, VPN, carrier gateway or public network.","[""LOGIN-0011"",""LOGIN-0012""]",AMBIGUOUS_EVIDENCE,"{""source_dataset"":""analytics/crypto_graphframes_exact_relationships.csv""}",2026.07.18.1
CRYPTO_KENNEL_LONG_CON,GF-0397,GF-IP,SAME_LOGIN_IP,LOGIN-0012,LOGIN-0021,ip_address,198.51.100.54,norm-v1,CURATED_APPROXIMATION,GRAPHFRAMES_EXACT_MATCH,false,SENIOR_V1_TO_CANONICAL_V1,APPROVED,"Shared IP may be an office, VPN, carrier gateway or public network.","[""LOGIN-0012"",""LOGIN-0021""]",AMBIGUOUS_EVIDENCE,"{""source_dataset"":""analytics/crypto_graphframes_exact_relationships.csv""}",2026.07.18.1
CRYPTO_KENNEL_LONG_CON,GF-0398,GF-IP,SAME_LOGIN_IP,LOGIN-0021,LOGIN-0022,ip_address,198.51.100.54,norm-v1,CURATED_APPROXIMATION,GRAPHFRAMES_EXACT_MATCH,false,SENIOR_V1_TO_CANONICAL_V1,APPROVED,"Shared IP may be an office, VPN, carrier gateway or public network.","[""LOGIN-0021"",""LOGIN-0022""]",AMBIGUOUS_EVIDENCE,"{""source_dataset"":""analytics/crypto_graphframes_exact_relationships.csv""}",2026.07.18.1
CRYPTO_KENNEL_LONG_CON,GF-0399,GF-IP,SAME_LOGIN_IP,LOGIN-0022,LOGIN-0023,ip_address,198.51.100.54,norm-v1,CURATED_APPROXIMATION,GRAPHFRAMES_EXACT_MATCH,false,SENIOR_V1_TO_CANONICAL_V1,APPROVED,"Shared IP may be an office, VPN, carrier gateway or public network.","[""LOGIN-0022"",""LOGIN-0023""]",AMBIGUOUS_EVIDENCE,"{""source_dataset"":""analytics/crypto_graphframes_exact_relationships.csv""}",2026.07.18.1
CRYPTO_KENNEL_LONG_CON,GF-0400,GF-IP,SAME_LOGIN_IP,LOGIN-0023,LOGIN-0024,ip_address,198.51.100.54,norm-v1,CURATED_APPROXIMATION,GRAPHFRAMES_EXACT_MATCH,false,SENIOR_V1_TO_CANONICAL_V1,APPROVED,"Shared IP may be an office, VPN, carrier gateway or public network.","[""LOGIN-0023"",""LOGIN-0024""]",AMBIGUOUS_EVIDENCE,"{""source_dataset"":""analytics/crypto_graphframes_exact_relationships.csv""}",2026.07.18.1
CRYPTO_KENNEL_LONG_CON,GF-0401,GF-IP,SAME_LOGIN_IP,LOGIN-0024,LOGIN-0033,ip_address,198.51.100.54,norm-v1,CURATED_APPROXIMATION,GRAPHFRAMES_EXACT_MATCH,false,SENIOR_V1_TO_CANONICAL_V1,APPROVED,"Shared IP may be an office, VPN, carrier gateway or public network.","[""LOGIN-0024"",""LOGIN-0033""]",AMBIGUOUS_EVIDENCE,"{""source_dataset"":""analytics/crypto_graphframes_exact_relationships.csv""}",2026.07.18.1
CRYPTO_KENNEL_LONG_CON,GF-0402,GF-IP,SAME_LOGIN_IP,LOGIN-0033,LOGIN-0034,ip_address,198.51.100.54,norm-v1,CURATED_APPROXIMATION,GRAPHFRAMES_EXACT_MATCH,false,SENIOR_V1_TO_CANONICAL_V1,APPROVED,"Shared IP may be an office, VPN, carrier gateway or public network.","[""LOGIN-0033"",""LOGIN-0034""]",AMBIGUOUS_EVIDENCE,"{""source_dataset"":""analytics/crypto_graphframes_exact_relationships.csv""}",2026.07.18.1
CRYPTO_KENNEL_LONG_CON,GF-0403,GF-IP,SAME_LOGIN_IP,LOGIN-0034,LOGIN-0036,ip_address,198.51.100.54,norm-v1,CURATED_APPROXIMATION,GRAPHFRAMES_EXACT_MATCH,false,SENIOR_V1_TO_CANONICAL_V1,APPROVED,"Shared IP may be an office, VPN, carrier gateway or public network.","[""LOGIN-0034"",""LOGIN-0036""]",AMBIGUOUS_EVIDENCE,"{""source_dataset"":""analytics/crypto_graphframes_exact_relationships.csv""}",2026.07.18.1
CRYPTO_KENNEL_LONG_CON,GF-0404,GF-IP,SAME_LOGIN_IP,LOGIN-0036,LOGIN-0046,ip_address,198.51.100.54,norm-v1,CURATED_APPROXIMATION,GRAPHFRAMES_EXACT_MATCH,false,SENIOR_V1_TO_CANONICAL_V1,APPROVED,"Shared IP may be an office, VPN, carrier gateway or public network.","[""LOGIN-0036"",""LOGIN-0046""]",AMBIGUOUS_EVIDENCE,"{""source_dataset"":""analytics/crypto_graphframes_exact_relationships.csv""}",2026.07.18.1
CRYPTO_KENNEL_LONG_CON,GF-0405,GF-IP,SAME_LOGIN_IP,LOGIN-0046,LOGIN-0047,ip_address,198.51.100.54,norm-v1,CURATED_APPROXIMATION,GRAPHFRAMES_EXACT_MATCH,false,SENIOR_V1_TO_CANONICAL_V1,APPROVED,"Shared IP may be an office, VPN, carrier gateway or public network.","[""LOGIN-0046"",""LOGIN-0047""]",AMBIGUOUS_EVIDENCE,"{""source_dataset"":""analytics/crypto_graphframes_exact_relationships.csv""}",2026.07.18.1
CRYPTO_KENNEL_LONG_CON,GF-0406,GF-IP,SAME_LOGIN_IP,LOGIN-0047,LOGIN-0048,ip_address,198.51.100.54,norm-v1,CURATED_APPROXIMATION,GRAPHFRAMES_EXACT_MATCH,false,SENIOR_V1_TO_CANONICAL_V1,APPROVED,"Shared IP may be an office, VPN, carrier gateway or public network.","[""LOGIN-0047"",""LOGIN-0048""]",AMBIGUOUS_EVIDENCE,"{""source_dataset"":""analytics/crypto_graphframes_exact_relationships.csv""}",2026.07.18.1
CRYPTO_KENNEL_LONG_CON,GF-0407,GF-IP,SAME_LOGIN_IP,LOGIN-0048,LOGIN-0057,ip_address,198.51.100.54,norm-v1,CURATED_APPROXIMATION,GRAPHFRAMES_EXACT_MATCH,false,SENIOR_V1_TO_CANONICAL_V1,APPROVED,"Shared IP may be an office, VPN, carrier gateway or public network.","[""LOGIN-0048"",""LOGIN-0057""]",AMBIGUOUS_EVIDENCE,"{""source_dataset"":""analytics/crypto_graphframes_exact_relationships.csv""}",2026.07.18.1
CRYPTO_KENNEL_LONG_CON,GF-0408,GF-IP,SAME_LOGIN_IP,LOGIN-0057,LOGIN-0058,ip_address,198.51.100.54,norm-v1,CURATED_APPROXIMATION,GRAPHFRAMES_EXACT_MATCH,false,SENIOR_V1_TO_CANONICAL_V1,APPROVED,"Shared IP may be an office, VPN, carrier gateway or public network.","[""LOGIN-0057"",""LOGIN-0058""]",AMBIGUOUS_EVIDENCE,"{""source_dataset"":""analytics/crypto_graphframes_exact_relationships.csv""}",2026.07.18.1
CRYPTO_KENNEL_LONG_CON,GF-0409,GF-IP,SAME_LOGIN_IP,LOGIN-0058,LOGIN-0059,ip_address,198.51.100.54,norm-v1,CURATED_APPROXIMATION,GRAPHFRAMES_EXACT_MATCH,false,SENIOR_V1_TO_CANONICAL_V1,APPROVED,"Shared IP may be an office, VPN, carrier gateway or public network.","[""LOGIN-0058"",""LOGIN-0059""]",AMBIGUOUS_EVIDENCE,"{""source_dataset"":""analytics/crypto_graphframes_exact_relationships.csv""}",2026.07.18.1
CRYPTO_KENNEL_LONG_CON,GF-0410,GF-IP,SAME_LOGIN_IP,LOGIN-0059,LOGIN-0069,ip_address,198.51.100.54,norm-v1,CURATED_APPROXIMATION,GRAPHFRAMES_EXACT_MATCH,false,SENIOR_V1_TO_CANONICAL_V1,APPROVED,"Shared IP may be an office, VPN, carrier gateway or public network.","[""LOGIN-0059"",""LOGIN-0069""]",AMBIGUOUS_EVIDENCE,"{""source_dataset"":""analytics/crypto_graphframes_exact_relationships.csv""}",2026.07.18.1
CRYPTO_KENNEL_LONG_CON,GF-0411,GF-IP,SAME_LOGIN_IP,LOGIN-0069,LOGIN-0071,ip_address,198.51.100.54,norm-v1,CURATED_APPROXIMATION,GRAPHFRAMES_EXACT_MATCH,false,SENIOR_V1_TO_CANONICAL_V1,APPROVED,"Shared IP may be an office, VPN, carrier gateway or public network.","[""LOGIN-0069"",""LOGIN-0071""]",AMBIGUOUS_EVIDENCE,"{""source_dataset"":""analytics/crypto_graphframes_exact_relationships.csv""}",2026.07.18.1
CRYPTO_KENNEL_LONG_CON,GF-0412,GF-IP,SAME_LOGIN_IP,LOGIN-0071,LOGIN-0072,ip_address,198.51.100.54,norm-v1,CURATED_APPROXIMATION,GRAPHFRAMES_EXACT_MATCH,false,SENIOR_V1_TO_CANONICAL_V1,APPROVED,"Shared IP may be an office, VPN, carrier gateway or public network.","[""LOGIN-0071"",""LOGIN-0072""]",AMBIGUOUS_EVIDENCE,"{""source_dataset"":""analytics/crypto_graphframes_exact_relationships.csv""}",2026.07.18.1
CRYPTO_KENNEL_LONG_CON,GF-0413,GF-IP,SAME_LOGIN_IP,LOGIN-0072,LOGIN-0081,ip_address,198.51.100.54,norm-v1,CURATED_APPROXIMATION,GRAPHFRAMES_EXACT_MATCH,false,SENIOR_V1_TO_CANONICAL_V1,APPROVED,"Shared IP may be an office, VPN, carrier gateway or public network.","[""LOGIN-0072"",""LOGIN-0081""]",AMBIGUOUS_EVIDENCE,"{""source_dataset"":""analytics/crypto_graphframes_exact_relationships.csv""}",2026.07.18.1
CRYPTO_KENNEL_LONG_CON,GF-0414,GF-IP,SAME_LOGIN_IP,LOGIN-0081,LOGIN-0082,ip_address,198.51.100.54,norm-v1,CURATED_APPROXIMATION,GRAPHFRAMES_EXACT_MATCH,false,SENIOR_V1_TO_CANONICAL_V1,APPROVED,"Shared IP may be an office, VPN, carrier gateway or public network.","[""LOGIN-0081"",""LOGIN-0082""]",AMBIGUOUS_EVIDENCE,"{""source_dataset"":""analytics/crypto_graphframes_exact_relationships.csv""}",2026.07.18.1
CRYPTO_KENNEL_LONG_CON,GF-0415,GF-IP,SAME_LOGIN_IP,LOGIN-0082,LOGIN-0083,ip_address,198.51.100.54,norm-v1,CURATED_APPROXIMATION,GRAPHFRAMES_EXACT_MATCH,false,SENIOR_V1_TO_CANONICAL_V1,APPROVED,"Shared IP may be an office, VPN, carrier gateway or public network.","[""LOGIN-0082"",""LOGIN-0083""]",AMBIGUOUS_EVIDENCE,"{""source_dataset"":""analytics/crypto_graphframes_exact_relationships.csv""}",2026.07.18.1
CRYPTO_KENNEL_LONG_CON,GF-0416,GF-IP,SAME_LOGIN_IP,LOGIN-0083,LOGIN-0084,ip_address,198.51.100.54,norm-v1,CURATED_APPROXIMATION,GRAPHFRAMES_EXACT_MATCH,false,SENIOR_V1_TO_CANONICAL_V1,APPROVED,"Shared IP may be an office, VPN, carrier gateway or public network.","[""LOGIN-0083"",""LOGIN-0084""]",AMBIGUOUS_EVIDENCE,"{""source_dataset"":""analytics/crypto_graphframes_exact_relationships.csv""}",2026.07.18.1
CRYPTO_KENNEL_LONG_CON,GF-0417,GF-IP,SAME_LOGIN_IP,LOGIN-0084,LOGIN-0093,ip_address,198.51.100.54,norm-v1,CURATED_APPROXIMATION,GRAPHFRAMES_EXACT_MATCH,false,SENIOR_V1_TO_CANONICAL_V1,APPROVED,"Shared IP may be an office, VPN, carrier gateway or public network.","[""LOGIN-0084"",""LOGIN-0093""]",AMBIGUOUS_EVIDENCE,"{""source_dataset"":""analytics/crypto_graphframes_exact_relationships.csv""}",2026.07.18.1
CRYPTO_KENNEL_LONG_CON,GF-0418,GF-IP,SAME_LOGIN_IP,LOGIN-0093,LOGIN-0094,ip_address,198.51.100.54,norm-v1,CURATED_APPROXIMATION,GRAPHFRAMES_EXACT_MATCH,false,SENIOR_V1_TO_CANONICAL_V1,APPROVED,"Shared IP may be an office, VPN, carrier gateway or public network.","[""LOGIN-0093"",""LOGIN-0094""]",AMBIGUOUS_EVIDENCE,"{""source_dataset"":""analytics/crypto_graphframes_exact_relationships.csv""}",2026.07.18.1
CRYPTO_KENNEL_LONG_CON,GF-0419,GF-IP,SAME_LOGIN_IP,LOGIN-0094,LOGIN-0096,ip_address,198.51.100.54,norm-v1,CURATED_APPROXIMATION,GRAPHFRAMES_EXACT_MATCH,false,SENIOR_V1_TO_CANONICAL_V1,APPROVED,"Shared IP may be an office, VPN, carrier gateway or public network.","[""LOGIN-0094"",""LOGIN-0096""]",AMBIGUOUS_EVIDENCE,"{""source_dataset"":""analytics/crypto_graphframes_exact_relationships.csv""}",2026.07.18.1
CRYPTO_KENNEL_LONG_CON,GF-0420,GF-IP,SAME_LOGIN_IP,LOGIN-0096,LOGIN-0106,ip_address,198.51.100.54,norm-v1,CURATED_APPROXIMATION,GRAPHFRAMES_EXACT_MATCH,false,SENIOR_V1_TO_CANONICAL_V1,APPROVED,"Shared IP may be an office, VPN, carrier gateway or public network.","[""LOGIN-0096"",""LOGIN-0106""]",AMBIGUOUS_EVIDENCE,"{""source_dataset"":""analytics/crypto_graphframes_exact_relationships.csv""}",2026.07.18.1
CRYPTO_KENNEL_LONG_CON,GF-0421,GF-IP,SAME_LOGIN_IP,LOGIN-0106,LOGIN-0107,ip_address,198.51.100.54,norm-v1,CURATED_APPROXIMATION,GRAPHFRAMES_EXACT_MATCH,false,SENIOR_V1_TO_CANONICAL_V1,APPROVED,"Shared IP may be an office, VPN, carrier gateway or public network.","[""LOGIN-0106"",""LOGIN-0107""]",AMBIGUOUS_EVIDENCE,"{""source_dataset"":""analytics/crypto_graphframes_exact_relationships.csv""}",2026.07.18.1
CRYPTO_KENNEL_LONG_CON,GF-0422,GF-IP,SAME_LOGIN_IP,LOGIN-0107,LOGIN-0108,ip_address,198.51.100.54,norm-v1,CURATED_APPROXIMATION,GRAPHFRAMES_EXACT_MATCH,false,SENIOR_V1_TO_CANONICAL_V1,APPROVED,"Shared IP may be an office, VPN, carrier gateway or public network.","[""LOGIN-0107"",""LOGIN-0108""]",AMBIGUOUS_EVIDENCE,"{""source_dataset"":""analytics/crypto_graphframes_exact_relationships.csv""}",2026.07.18.1
CRYPTO_KENNEL_LONG_CON,GF-0423,GF-IP,SAME_LOGIN_IP,LOGIN-0108,LOGIN-0117,ip_address,198.51.100.54,norm-v1,CURATED_APPROXIMATION,GRAPHFRAMES_EXACT_MATCH,false,SENIOR_V1_TO_CANONICAL_V1,APPROVED,"Shared IP may be an office, VPN, carrier gateway or public network.","[""LOGIN-0108"",""LOGIN-0117""]",AMBIGUOUS_EVIDENCE,"{""source_dataset"":""analytics/crypto_graphframes_exact_relationships.csv""}",2026.07.18.1
CRYPTO_KENNEL_LONG_CON,GF-0424,GF-IP,SAME_LOGIN_IP,LOGIN-0117,LOGIN-0118,ip_address,198.51.100.54,norm-v1,CURATED_APPROXIMATION,GRAPHFRAMES_EXACT_MATCH,false,SENIOR_V1_TO_CANONICAL_V1,APPROVED,"Shared IP may be an office, VPN, carrier gateway or public network.","[""LOGIN-0117"",""LOGIN-0118""]",AMBIGUOUS_EVIDENCE,"{""source_dataset"":""analytics/crypto_graphframes_exact_relationships.csv""}",2026.07.18.1
CRYPTO_KENNEL_LONG_CON,GF-0425,GF-MSG,SAME_MESSAGE_TEMPLATE,MSG-00001,MSG-00287,message_content_hash,chat-template-001,norm-v1,CURATED_APPROXIMATION,GRAPHFRAMES_EXACT_MATCH,false,SENIOR_V1_TO_CANONICAL_V1,APPROVED,Template reuse supports coordination; common educational phrases require corroboration.,"[""MSG-00001"",""MSG-00287""]",SUPPORTING_EVIDENCE,"{""source_dataset"":""analytics/crypto_graphframes_exact_relationships.csv""}",2026.07.18.1
CRYPTO_KENNEL_LONG_CON,GF-0426,GF-MSG,SAME_MESSAGE_TEMPLATE,MSG-00002,MSG-00288,message_content_hash,chat-template-002,norm-v1,CURATED_APPROXIMATION,GRAPHFRAMES_EXACT_MATCH,false,SENIOR_V1_TO_CANONICAL_V1,APPROVED,Template reuse supports coordination; common educational phrases require corroboration.,"[""MSG-00002"",""MSG-00288""]",SUPPORTING_EVIDENCE,"{""source_dataset"":""analytics/crypto_graphframes_exact_relationships.csv""}",2026.07.18.1
CRYPTO_KENNEL_LONG_CON,GF-0427,GF-MSG,SAME_MESSAGE_TEMPLATE,MSG-00004,MSG-00290,message_content_hash,chat-template-004,norm-v1,CURATED_APPROXIMATION,GRAPHFRAMES_EXACT_MATCH,false,SENIOR_V1_TO_CANONICAL_V1,APPROVED,Template reuse supports coordination; common educational phrases require corroboration.,"[""MSG-00004"",""MSG-00290""]",SUPPORTING_EVIDENCE,"{""source_dataset"":""analytics/crypto_graphframes_exact_relationships.csv""}",2026.07.18.1
CRYPTO_KENNEL_LONG_CON,GF-0428,GF-MSG,SAME_MESSAGE_TEMPLATE,MSG-00005,MSG-00291,message_content_hash,chat-template-005,norm-v1,CURATED_APPROXIMATION,GRAPHFRAMES_EXACT_MATCH,false,SENIOR_V1_TO_CANONICAL_V1,APPROVED,Template reuse supports coordination; common educational phrases require corroboration.,"[""MSG-00005"",""MSG-00291""]",SUPPORTING_EVIDENCE,"{""source_dataset"":""analytics/crypto_graphframes_exact_relationships.csv""}",2026.07.18.1
CRYPTO_KENNEL_LONG_CON,GF-0429,GF-MSG,SAME_MESSAGE_TEMPLATE,MSG-00007,MSG-00292,message_content_hash,chat-template-007,norm-v1,CURATED_APPROXIMATION,GRAPHFRAMES_EXACT_MATCH,false,SENIOR_V1_TO_CANONICAL_V1,APPROVED,Template reuse supports coordination; common educational phrases require corroboration.,"[""MSG-00007"",""MSG-00292""]",SUPPORTING_EVIDENCE,"{""source_dataset"":""analytics/crypto_graphframes_exact_relationships.csv""}",2026.07.18.1
CRYPTO_KENNEL_LONG_CON,GF-0430,GF-MSG,SAME_MESSAGE_TEMPLATE,MSG-00008,MSG-00294,message_content_hash,chat-template-008,norm-v1,CURATED_APPROXIMATION,GRAPHFRAMES_EXACT_MATCH,false,SENIOR_V1_TO_CANONICAL_V1,APPROVED,Template reuse supports coordination; common educational phrases require corroboration.,"[""MSG-00008"",""MSG-00294""]",SUPPORTING_EVIDENCE,"{""source_dataset"":""analytics/crypto_graphframes_exact_relationships.csv""}",2026.07.18.1
CRYPTO_KENNEL_LONG_CON,GF-0431,GF-MSG,SAME_MESSAGE_TEMPLATE,MSG-00010,MSG-00295,message_content_hash,chat-template-010,norm-v1,CURATED_APPROXIMATION,GRAPHFRAMES_EXACT_MATCH,false,SENIOR_V1_TO_CANONICAL_V1,APPROVED,Template reuse supports coordination; common educational phrases require corroboration.,"[""MSG-00010"",""MSG-00295""]",SUPPORTING_EVIDENCE,"{""source_dataset"":""analytics/crypto_graphframes_exact_relationships.csv""}",2026.07.18.1
CRYPTO_KENNEL_LONG_CON,GF-0432,GF-MSG,SAME_MESSAGE_TEMPLATE,MSG-00011,MSG-00297,message_content_hash,chat-template-002,norm-v1,CURATED_APPROXIMATION,GRAPHFRAMES_EXACT_MATCH,false,SENIOR_V1_TO_CANONICAL_V1,APPROVED,Template reuse supports coordination; common educational phrases require corroboration.,"[""MSG-00011"",""MSG-00297""]",SUPPORTING_EVIDENCE,"{""source_dataset"":""analytics/crypto_graphframes_exact_relationships.csv""}",2026.07.18.1
CRYPTO_KENNEL_LONG_CON,GF-0433,GF-MSG,SAME_MESSAGE_TEMPLATE,MSG-00012,MSG-00298,message_content_hash,chat-template-003,norm-v1,CURATED_APPROXIMATION,GRAPHFRAMES_EXACT_MATCH,false,SENIOR_V1_TO_CANONICAL_V1,APPROVED,Template reuse supports coordination; common educational phrases require corroboration.,"[""MSG-00012"",""MSG-00298""]",SUPPORTING_EVIDENCE,"{""source_dataset"":""analytics/crypto_graphframes_exact_relationships.csv""}",2026.07.18.1
CRYPTO_KENNEL_LONG_CON,GF-0434,GF-MSG,SAME_MESSAGE_TEMPLATE,MSG-00014,MSG-00300,message_content_hash,chat-template-005,norm-v1,CURATED_APPROXIMATION,GRAPHFRAMES_EXACT_MATCH,false,SENIOR_V1_TO_CANONICAL_V1,APPROVED,Template reuse supports coordination; common educational phrases require corroboration.,"[""MSG-00014"",""MSG-00300""]",SUPPORTING_EVIDENCE,"{""source_dataset"":""analytics/crypto_graphframes_exact_relationships.csv""}",2026.07.18.1
CRYPTO_KENNEL_LONG_CON,GF-0435,GF-MSG,SAME_MESSAGE_TEMPLATE,MSG-00015,MSG-00301,message_content_hash,chat-template-006,norm-v1,CURATED_APPROXIMATION,GRAPHFRAMES_EXACT_MATCH,false,SENIOR_V1_TO_CANONICAL_V1,APPROVED,Template reuse supports coordination; common educational phrases require corroboration.,"[""MSG-00015"",""MSG-00301""]",SUPPORTING_EVIDENCE,"{""source_dataset"":""analytics/crypto_graphframes_exact_relationships.csv""}",2026.07.18.1
CRYPTO_KENNEL_LONG_CON,GF-0436,GF-MSG,SAME_MESSAGE_TEMPLATE,MSG-00017,MSG-00302,message_content_hash,chat-template-008,norm-v1,CURATED_APPROXIMATION,GRAPHFRAMES_EXACT_MATCH,false,SENIOR_V1_TO_CANONICAL_V1,APPROVED,Template reuse supports coordination; common educational phrases require corroboration.,"[""MSG-00017"",""MSG-00302""]",SUPPORTING_EVIDENCE,"{""source_dataset"":""analytics/crypto_graphframes_exact_relationships.csv""}",2026.07.18.1
CRYPTO_KENNEL_LONG_CON,GF-0437,GF-MSG,SAME_MESSAGE_TEMPLATE,MSG-00018,MSG-00304,message_content_hash,chat-template-009,norm-v1,CURATED_APPROXIMATION,GRAPHFRAMES_EXACT_MATCH,false,SENIOR_V1_TO_CANONICAL_V1,APPROVED,Template reuse supports coordination; common educational phrases require corroboration.,"[""MSG-00018"",""MSG-00304""]",SUPPORTING_EVIDENCE,"{""source_dataset"":""analytics/crypto_graphframes_exact_relationships.csv""}",2026.07.18.1
CRYPTO_KENNEL_LONG_CON,GF-0438,GF-MSG,SAME_MESSAGE_TEMPLATE,MSG-00020,MSG-00305,message_content_hash,chat-template-011,norm-v1,CURATED_APPROXIMATION,GRAPHFRAMES_EXACT_MATCH,false,SENIOR_V1_TO_CANONICAL_V1,APPROVED,Template reuse supports coordination; common educational phrases require corroboration.,"[""MSG-00020"",""MSG-00305""]",SUPPORTING_EVIDENCE,"{""source_dataset"":""analytics/crypto_graphframes_exact_relationships.csv""}",2026.07.18.1
CRYPTO_KENNEL_LONG_CON,GF-0439,GF-MSG,SAME_MESSAGE_TEMPLATE,MSG-00021,MSG-00307,message_content_hash,chat-template-003,norm-v1,CURATED_APPROXIMATION,GRAPHFRAMES_EXACT_MATCH,false,SENIOR_V1_TO_CANONICAL_V1,APPROVED,Template reuse supports coordination; common educational phrases require corroboration.,"[""MSG-00021"",""MSG-00307""]",SUPPORTING_EVIDENCE,"{""source_dataset"":""analytics/crypto_graphframes_exact_relationships.csv""}",2026.07.18.1
CRYPTO_KENNEL_LONG_CON,GF-0440,GF-MSG,SAME_MESSAGE_TEMPLATE,MSG-00022,MSG-00308,message_content_hash,chat-template-004,norm-v1,CURATED_APPROXIMATION,GRAPHFRAMES_EXACT_MATCH,false,SENIOR_V1_TO_CANONICAL_V1,APPROVED,Template reuse supports coordination; common educational phrases require corroboration.,"[""MSG-00022"",""MSG-00308""]",SUPPORTING_EVIDENCE,"{""source_dataset"":""analytics/crypto_graphframes_exact_relationships.csv""}",2026.07.18.1
CRYPTO_KENNEL_LONG_CON,GF-0441,GF-MSG,SAME_MESSAGE_TEMPLATE,MSG-00024,MSG-00310,message_content_hash,chat-template-006,norm-v1,CURATED_APPROXIMATION,GRAPHFRAMES_EXACT_MATCH,false,SENIOR_V1_TO_CANONICAL_V1,APPROVED,Template reuse supports coordination; common educational phrases require corroboration.,"[""MSG-00024"",""MSG-00310""]",SUPPORTING_EVIDENCE,"{""source_dataset"":""analytics/crypto_graphframes_exact_relationships.csv""}",2026.07.18.1
CRYPTO_KENNEL_LONG_CON,GF-0442,GF-MSG,SAME_MESSAGE_TEMPLATE,MSG-00025,MSG-00311,message_content_hash,chat-template-007,norm-v1,CURATED_APPROXIMATION,GRAPHFRAMES_EXACT_MATCH,false,SENIOR_V1_TO_CANONICAL_V1,APPROVED,Template reuse supports coordination; common educational phrases require corroboration.,"[""MSG-00025"",""MSG-00311""]",SUPPORTING_EVIDENCE,"{""source_dataset"":""analytics/crypto_graphframes_exact_relationships.csv""}",2026.07.18.1
CRYPTO_KENNEL_LONG_CON,GF-0443,GF-MSG,SAME_MESSAGE_TEMPLATE,MSG-00027,MSG-00312,message_content_hash,chat-template-009,norm-v1,CURATED_APPROXIMATION,GRAPHFRAMES_EXACT_MATCH,false,SENIOR_V1_TO_CANONICAL_V1,APPROVED,Template reuse supports coordination; common educational phrases require corroboration.,"[""MSG-00027"",""MSG-00312""]",SUPPORTING_EVIDENCE,"{""source_dataset"":""analytics/crypto_graphframes_exact_relationships.csv""}",2026.07.18.1
CRYPTO_KENNEL_LONG_CON,GF-0444,GF-MSG,SAME_MESSAGE_TEMPLATE,MSG-00028,MSG-00314,message_content_hash,chat-template-010,norm-v1,CURATED_APPROXIMATION,GRAPHFRAMES_EXACT_MATCH,false,SENIOR_V1_TO_CANONICAL_V1,APPROVED,Template reuse supports coordination; common educational phrases require corroboration.,"[""MSG-00028"",""MSG-00314""]",SUPPORTING_EVIDENCE,"{""source_dataset"":""analytics/crypto_graphframes_exact_relationships.csv""}",2026.07.18.1
CRYPTO_KENNEL_LONG_CON,GF-0445,GF-MSG,SAME_MESSAGE_TEMPLATE,MSG-00030,MSG-00315,message_content_hash,chat-template-012,norm-v1,CURATED_APPROXIMATION,GRAPHFRAMES_EXACT_MATCH,false,SENIOR_V1_TO_CANONICAL_V1,APPROVED,Template reuse supports coordination; common educational phrases require corroboration.,"[""MSG-00030"",""MSG-00315""]",SUPPORTING_EVIDENCE,"{""source_dataset"":""analytics/crypto_graphframes_exact_relationships.csv""}",2026.07.18.1
CRYPTO_KENNEL_LONG_CON,GF-0446,GF-MSG,SAME_MESSAGE_TEMPLATE,MSG-00031,MSG-00317,message_content_hash,chat-template-004,norm-v1,CURATED_APPROXIMATION,GRAPHFRAMES_EXACT_MATCH,false,SENIOR_V1_TO_CANONICAL_V1,APPROVED,Template reuse supports coordination; common educational phrases require corroboration.,"[""MSG-00031"",""MSG-00317""]",SUPPORTING_EVIDENCE,"{""source_dataset"":""analytics/crypto_graphframes_exact_relationships.csv""}",2026.07.18.1
CRYPTO_KENNEL_LONG_CON,GF-0447,GF-MSG,SAME_MESSAGE_TEMPLATE,MSG-00032,MSG-00318,message_content_hash,chat-template-005,norm-v1,CURATED_APPROXIMATION,GRAPHFRAMES_EXACT_MATCH,false,SENIOR_V1_TO_CANONICAL_V1,APPROVED,Template reuse supports coordination; common educational phrases require corroboration.,"[""MSG-00032"",""MSG-00318""]",SUPPORTING_EVIDENCE,"{""source_dataset"":""analytics/crypto_graphframes_exact_relationships.csv""}",2026.07.18.1
CRYPTO_KENNEL_LONG_CON,GF-0448,GF-MSG,SAME_MESSAGE_TEMPLATE,MSG-00034,MSG-00320,message_content_hash,chat-template-007,norm-v1,CURATED_APPROXIMATION,GRAPHFRAMES_EXACT_MATCH,false,SENIOR_V1_TO_CANONICAL_V1,APPROVED,Template reuse supports coordination; common educational phrases require corroboration.,"[""MSG-00034"",""MSG-00320""]",SUPPORTING_EVIDENCE,"{""source_dataset"":""analytics/crypto_graphframes_exact_relationships.csv""}",2026.07.18.1
CRYPTO_KENNEL_LONG_CON,GF-0449,GF-MSG,SAME_MESSAGE_TEMPLATE,MSG-00035,MSG-00321,message_content_hash,chat-template-008,norm-v1,CURATED_APPROXIMATION,GRAPHFRAMES_EXACT_MATCH,false,SENIOR_V1_TO_CANONICAL_V1,APPROVED,Template reuse supports coordination; common educational phrases require corroboration.,"[""MSG-00035"",""MSG-00321""]",SUPPORTING_EVIDENCE,"{""source_dataset"":""analytics/crypto_graphframes_exact_relationships.csv""}",2026.07.18.1
CRYPTO_KENNEL_LONG_CON,GF-0450,GF-MSG,SAME_MESSAGE_TEMPLATE,MSG-00037,MSG-00322,message_content_hash,chat-template-010,norm-v1,CURATED_APPROXIMATION,GRAPHFRAMES_EXACT_MATCH,false,SENIOR_V1_TO_CANONICAL_V1,APPROVED,Template reuse supports coordination; common educational phrases require corroboration.,"[""MSG-00037"",""MSG-00322""]",SUPPORTING_EVIDENCE,"{""source_dataset"":""analytics/crypto_graphframes_exact_relationships.csv""}",2026.07.18.1
CRYPTO_KENNEL_LONG_CON,GF-0451,GF-MSG,SAME_MESSAGE_TEMPLATE,MSG-00038,MSG-00324,message_content_hash,chat-template-011,norm-v1,CURATED_APPROXIMATION,GRAPHFRAMES_EXACT_MATCH,false,SENIOR_V1_TO_CANONICAL_V1,APPROVED,Template reuse supports coordination; common educational phrases require corroboration.,"[""MSG-00038"",""MSG-00324""]",SUPPORTING_EVIDENCE,"{""source_dataset"":""analytics/crypto_graphframes_exact_relationships.csv""}",2026.07.18.1
CRYPTO_KENNEL_LONG_CON,GF-0452,GF-MSG,SAME_MESSAGE_TEMPLATE,MSG-00040,MSG-00325,message_content_hash,chat-template-013,norm-v1,CURATED_APPROXIMATION,GRAPHFRAMES_EXACT_MATCH,false,SENIOR_V1_TO_CANONICAL_V1,APPROVED,Template reuse supports coordination; common educational phrases require corroboration.,"[""MSG-00040"",""MSG-00325""]",SUPPORTING_EVIDENCE,"{""source_dataset"":""analytics/crypto_graphframes_exact_relationships.csv""}",2026.07.18.1
CRYPTO_KENNEL_LONG_CON,GF-0453,GF-MSG,SAME_MESSAGE_TEMPLATE,MSG-00041,MSG-00327,message_content_hash,chat-template-005,norm-v1,CURATED_APPROXIMATION,GRAPHFRAMES_EXACT_MATCH,false,SENIOR_V1_TO_CANONICAL_V1,APPROVED,Template reuse supports coordination; common educational phrases require corroboration.,"[""MSG-00041"",""MSG-00327""]",SUPPORTING_EVIDENCE,"{""source_dataset"":""analytics/crypto_graphframes_exact_relationships.csv""}",2026.07.18.1
CRYPTO_KENNEL_LONG_CON,GF-0454,GF-MSG,SAME_MESSAGE_TEMPLATE,MSG-00042,MSG-00328,message_content_hash,chat-template-006,norm-v1,CURATED_APPROXIMATION,GRAPHFRAMES_EXACT_MATCH,false,SENIOR_V1_TO_CANONICAL_V1,APPROVED,Template reuse supports coordination; common educational phrases require corroboration.,"[""MSG-00042"",""MSG-00328""]",SUPPORTING_EVIDENCE,"{""source_dataset"":""analytics/crypto_graphframes_exact_relationships.csv""}",2026.07.18.1
CRYPTO_KENNEL_LONG_CON,GF-0455,GF-MSG,SAME_MESSAGE_TEMPLATE,MSG-00044,MSG-00330,message_content_hash,chat-template-008,norm-v1,CURATED_APPROXIMATION,GRAPHFRAMES_EXACT_MATCH,false,SENIOR_V1_TO_CANONICAL_V1,APPROVED,Template reuse supports coordination; common educational phrases require corroboration.,"[""MSG-00044"",""MSG-00330""]",SUPPORTING_EVIDENCE,"{""source_dataset"":""analytics/crypto_graphframes_exact_relationships.csv""}",2026.07.18.1
CRYPTO_KENNEL_LONG_CON,GF-0456,GF-MSG,SAME_MESSAGE_TEMPLATE,MSG-00045,MSG-00331,message_content_hash,chat-template-009,norm-v1,CURATED_APPROXIMATION,GRAPHFRAMES_EXACT_MATCH,false,SENIOR_V1_TO_CANONICAL_V1,APPROVED,Template reuse supports coordination; common educational phrases require corroboration.,"[""MSG-00045"",""MSG-00331""]",SUPPORTING_EVIDENCE,"{""source_dataset"":""analytics/crypto_graphframes_exact_relationships.csv""}",2026.07.18.1
CRYPTO_KENNEL_LONG_CON,GF-0457,GF-MSG,SAME_MESSAGE_TEMPLATE,MSG-00047,MSG-00332,message_content_hash,chat-template-011,norm-v1,CURATED_APPROXIMATION,GRAPHFRAMES_EXACT_MATCH,false,SENIOR_V1_TO_CANONICAL_V1,APPROVED,Template reuse supports coordination; common educational phrases require corroboration.,"[""MSG-00047"",""MSG-00332""]",SUPPORTING_EVIDENCE,"{""source_dataset"":""analytics/crypto_graphframes_exact_relationships.csv""}",2026.07.18.1
CRYPTO_KENNEL_LONG_CON,GF-0458,GF-MSG,SAME_MESSAGE_TEMPLATE,MSG-00048,MSG-00334,message_content_hash,chat-template-012,norm-v1,CURATED_APPROXIMATION,GRAPHFRAMES_EXACT_MATCH,false,SENIOR_V1_TO_CANONICAL_V1,APPROVED,Template reuse supports coordination; common educational phrases require corroboration.,"[""MSG-00048"",""MSG-00334""]",SUPPORTING_EVIDENCE,"{""source_dataset"":""analytics/crypto_graphframes_exact_relationships.csv""}",2026.07.18.1
CRYPTO_KENNEL_LONG_CON,GF-0459,GF-MSG,SAME_MESSAGE_TEMPLATE,MSG-00050,MSG-00335,message_content_hash,chat-template-014,norm-v1,CURATED_APPROXIMATION,GRAPHFRAMES_EXACT_MATCH,false,SENIOR_V1_TO_CANONICAL_V1,APPROVED,Template reuse supports coordination; common educational phrases require corroboration.,"[""MSG-00050"",""MSG-00335""]",SUPPORTING_EVIDENCE,"{""source_dataset"":""analytics/crypto_graphframes_exact_relationships.csv""}",2026.07.18.1
CRYPTO_KENNEL_LONG_CON,GF-0460,GF-MSG,SAME_MESSAGE_TEMPLATE,MSG-00051,MSG-00337,message_content_hash,chat-template-006,norm-v1,CURATED_APPROXIMATION,GRAPHFRAMES_EXACT_MATCH,false,SENIOR_V1_TO_CANONICAL_V1,APPROVED,Template reuse supports coordination; common educational phrases require corroboration.,"[""MSG-00051"",""MSG-00337""]",SUPPORTING_EVIDENCE,"{""source_dataset"":""analytics/crypto_graphframes_exact_relationships.csv""}",2026.07.18.1
CRYPTO_KENNEL_LONG_CON,GF-0461,GF-MSG,SAME_MESSAGE_TEMPLATE,MSG-00052,MSG-00338,message_content_hash,chat-template-007,norm-v1,CURATED_APPROXIMATION,GRAPHFRAMES_EXACT_MATCH,false,SENIOR_V1_TO_CANONICAL_V1,APPROVED,Template reuse supports coordination; common educational phrases require corroboration.,"[""MSG-00052"",""MSG-00338""]",SUPPORTING_EVIDENCE,"{""source_dataset"":""analytics/crypto_graphframes_exact_relationships.csv""}",2026.07.18.1
CRYPTO_KENNEL_LONG_CON,GF-0462,GF-MSG,SAME_MESSAGE_TEMPLATE,MSG-00054,MSG-00340,message_content_hash,chat-template-009,norm-v1,CURATED_APPROXIMATION,GRAPHFRAMES_EXACT_MATCH,false,SENIOR_V1_TO_CANONICAL_V1,APPROVED,Template reuse supports coordination; common educational phrases require corroboration.,"[""MSG-00054"",""MSG-00340""]",SUPPORTING_EVIDENCE,"{""source_dataset"":""analytics/crypto_graphframes_exact_relationships.csv""}",2026.07.18.1
CRYPTO_KENNEL_LONG_CON,GF-0463,GF-MSG,SAME_MESSAGE_TEMPLATE,MSG-00055,MSG-00341,message_content_hash,chat-template-010,norm-v1,CURATED_APPROXIMATION,GRAPHFRAMES_EXACT_MATCH,false,SENIOR_V1_TO_CANONICAL_V1,APPROVED,Template reuse supports coordination; common educational phrases require corroboration.,"[""MSG-00055"",""MSG-00341""]",SUPPORTING_EVIDENCE,"{""source_dataset"":""analytics/crypto_graphframes_exact_relationships.csv""}",2026.07.18.1
CRYPTO_KENNEL_LONG_CON,GF-0464,GF-MSG,SAME_MESSAGE_TEMPLATE,MSG-00057,MSG-00342,message_content_hash,chat-template-012,norm-v1,CURATED_APPROXIMATION,GRAPHFRAMES_EXACT_MATCH,false,SENIOR_V1_TO_CANONICAL_V1,APPROVED,Template reuse supports coordination; common educational phrases require corroboration.,"[""MSG-00057"",""MSG-00342""]",SUPPORTING_EVIDENCE,"{""source_dataset"":""analytics/crypto_graphframes_exact_relationships.csv""}",2026.07.18.1
CRYPTO_KENNEL_LONG_CON,GF-0465,GF-MSG,SAME_MESSAGE_TEMPLATE,MSG-00058,MSG-00344,message_content_hash,chat-template-013,norm-v1,CURATED_APPROXIMATION,GRAPHFRAMES_EXACT_MATCH,false,SENIOR_V1_TO_CANONICAL_V1,APPROVED,Template reuse supports coordination; common educational phrases require corroboration.,"[""MSG-00058"",""MSG-00344""]",SUPPORTING_EVIDENCE,"{""source_dataset"":""analytics/crypto_graphframes_exact_relationships.csv""}",2026.07.18.1
CRYPTO_KENNEL_LONG_CON,GF-0466,GF-MSG,SAME_MESSAGE_TEMPLATE,MSG-00060,MSG-00345,message_content_hash,chat-template-015,norm-v1,CURATED_APPROXIMATION,GRAPHFRAMES_EXACT_MATCH,false,SENIOR_V1_TO_CANONICAL_V1,APPROVED,Template reuse supports coordination; common educational phrases require corroboration.,"[""MSG-00060"",""MSG-00345""]",SUPPORTING_EVIDENCE,"{""source_dataset"":""analytics/crypto_graphframes_exact_relationships.csv""}",2026.07.18.1
CRYPTO_KENNEL_LONG_CON,GF-0467,GF-MSG,SAME_MESSAGE_TEMPLATE,MSG-00061,MSG-00347,message_content_hash,chat-template-007,norm-v1,CURATED_APPROXIMATION,GRAPHFRAMES_EXACT_MATCH,false,SENIOR_V1_TO_CANONICAL_V1,APPROVED,Template reuse supports coordination; common educational phrases require corroboration.,"[""MSG-00061"",""MSG-00347""]",SUPPORTING_EVIDENCE,"{""source_dataset"":""analytics/crypto_graphframes_exact_relationships.csv""}",2026.07.18.1
CRYPTO_KENNEL_LONG_CON,GF-0468,GF-MSG,SAME_MESSAGE_TEMPLATE,MSG-00062,MSG-00348,message_content_hash,chat-template-008,norm-v1,CURATED_APPROXIMATION,GRAPHFRAMES_EXACT_MATCH,false,SENIOR_V1_TO_CANONICAL_V1,APPROVED,Template reuse supports coordination; common educational phrases require corroboration.,"[""MSG-00062"",""MSG-00348""]",SUPPORTING_EVIDENCE,"{""source_dataset"":""analytics/crypto_graphframes_exact_relationships.csv""}",2026.07.18.1
CRYPTO_KENNEL_LONG_CON,GF-0469,GF-MSG,SAME_MESSAGE_TEMPLATE,MSG-00064,MSG-00350,message_content_hash,chat-template-010,norm-v1,CURATED_APPROXIMATION,GRAPHFRAMES_EXACT_MATCH,false,SENIOR_V1_TO_CANONICAL_V1,APPROVED,Template reuse supports coordination; common educational phrases require corroboration.,"[""MSG-00064"",""MSG-00350""]",SUPPORTING_EVIDENCE,"{""source_dataset"":""analytics/crypto_graphframes_exact_relationships.csv""}",2026.07.18.1
CRYPTO_KENNEL_LONG_CON,GF-0470,GF-MSG,SAME_MESSAGE_TEMPLATE,MSG-00065,MSG-00351,message_content_hash,chat-template-011,norm-v1,CURATED_APPROXIMATION,GRAPHFRAMES_EXACT_MATCH,false,SENIOR_V1_TO_CANONICAL_V1,APPROVED,Template reuse supports coordination; common educational phrases require corroboration.,"[""MSG-00065"",""MSG-00351""]",SUPPORTING_EVIDENCE,"{""source_dataset"":""analytics/crypto_graphframes_exact_relationships.csv""}",2026.07.18.1
CRYPTO_KENNEL_LONG_CON,GF-0471,GF-MSG,SAME_MESSAGE_TEMPLATE,MSG-00067,MSG-00352,message_content_hash,chat-template-013,norm-v1,CURATED_APPROXIMATION,GRAPHFRAMES_EXACT_MATCH,false,SENIOR_V1_TO_CANONICAL_V1,APPROVED,Template reuse supports coordination; common educational phrases require corroboration.,"[""MSG-00067"",""MSG-00352""]",SUPPORTING_EVIDENCE,"{""source_dataset"":""analytics/crypto_graphframes_exact_relationships.csv""}",2026.07.18.1
CRYPTO_KENNEL_LONG_CON,GF-0472,GF-MSG,SAME_MESSAGE_TEMPLATE,MSG-00068,MSG-00354,message_content_hash,chat-template-014,norm-v1,CURATED_APPROXIMATION,GRAPHFRAMES_EXACT_MATCH,false,SENIOR_V1_TO_CANONICAL_V1,APPROVED,Template reuse supports coordination; common educational phrases require corroboration.,"[""MSG-00068"",""MSG-00354""]",SUPPORTING_EVIDENCE,"{""source_dataset"":""analytics/crypto_graphframes_exact_relationships.csv""}",2026.07.18.1
CRYPTO_KENNEL_LONG_CON,GF-0473,GF-MSG,SAME_MESSAGE_TEMPLATE,MSG-00070,MSG-00355,message_content_hash,chat-template-016,norm-v1,CURATED_APPROXIMATION,GRAPHFRAMES_EXACT_MATCH,false,SENIOR_V1_TO_CANONICAL_V1,APPROVED,Template reuse supports coordination; common educational phrases require corroboration.,"[""MSG-00070"",""MSG-00355""]",SUPPORTING_EVIDENCE,"{""source_dataset"":""analytics/crypto_graphframes_exact_relationships.csv""}",2026.07.18.1
CRYPTO_KENNEL_LONG_CON,GF-0474,GF-MSG,SAME_MESSAGE_TEMPLATE,MSG-00071,MSG-00357,message_content_hash,chat-template-008,norm-v1,CURATED_APPROXIMATION,GRAPHFRAMES_EXACT_MATCH,false,SENIOR_V1_TO_CANONICAL_V1,APPROVED,Template reuse supports coordination; common educational phrases require corroboration.,"[""MSG-00071"",""MSG-00357""]",SUPPORTING_EVIDENCE,"{""source_dataset"":""analytics/crypto_graphframes_exact_relationships.csv""}",2026.07.18.1
CRYPTO_KENNEL_LONG_CON,GF-0475,GF-MSG,SAME_MESSAGE_TEMPLATE,MSG-00072,MSG-00358,message_content_hash,chat-template-009,norm-v1,CURATED_APPROXIMATION,GRAPHFRAMES_EXACT_MATCH,false,SENIOR_V1_TO_CANONICAL_V1,APPROVED,Template reuse supports coordination; common educational phrases require corroboration.,"[""MSG-00072"",""MSG-00358""]",SUPPORTING_EVIDENCE,"{""source_dataset"":""analytics/crypto_graphframes_exact_relationships.csv""}",2026.07.18.1
CRYPTO_KENNEL_LONG_CON,GF-0476,GF-MSG,SAME_MESSAGE_TEMPLATE,MSG-00074,MSG-00360,message_content_hash,chat-template-011,norm-v1,CURATED_APPROXIMATION,GRAPHFRAMES_EXACT_MATCH,false,SENIOR_V1_TO_CANONICAL_V1,APPROVED,Template reuse supports coordination; common educational phrases require corroboration.,"[""MSG-00074"",""MSG-00360""]",SUPPORTING_EVIDENCE,"{""source_dataset"":""analytics/crypto_graphframes_exact_relationships.csv""}",2026.07.18.1
CRYPTO_KENNEL_LONG_CON,GF-0477,GF-MSG,SAME_MESSAGE_TEMPLATE,MSG-00075,MSG-00361,message_content_hash,chat-template-012,norm-v1,CURATED_APPROXIMATION,GRAPHFRAMES_EXACT_MATCH,false,SENIOR_V1_TO_CANONICAL_V1,APPROVED,Template reuse supports coordination; common educational phrases require corroboration.,"[""MSG-00075"",""MSG-00361""]",SUPPORTING_EVIDENCE,"{""source_dataset"":""analytics/crypto_graphframes_exact_relationships.csv""}",2026.07.18.1
CRYPTO_KENNEL_LONG_CON,GF-0478,GF-MSG,SAME_MESSAGE_TEMPLATE,MSG-00077,MSG-00362,message_content_hash,chat-template-014,norm-v1,CURATED_APPROXIMATION,GRAPHFRAMES_EXACT_MATCH,false,SENIOR_V1_TO_CANONICAL_V1,APPROVED,Template reuse supports coordination; common educational phrases require corroboration.,"[""MSG-00077"",""MSG-00362""]",SUPPORTING_EVIDENCE,"{""source_dataset"":""analytics/crypto_graphframes_exact_relationships.csv""}",2026.07.18.1
CRYPTO_KENNEL_LONG_CON,GF-0479,GF-MSG,SAME_MESSAGE_TEMPLATE,MSG-00078,MSG-00364,message_content_hash,chat-template-015,norm-v1,CURATED_APPROXIMATION,GRAPHFRAMES_EXACT_MATCH,false,SENIOR_V1_TO_CANONICAL_V1,APPROVED,Template reuse supports coordination; common educational phrases require corroboration.,"[""MSG-00078"",""MSG-00364""]",SUPPORTING_EVIDENCE,"{""source_dataset"":""analytics/crypto_graphframes_exact_relationships.csv""}",2026.07.18.1
CRYPTO_KENNEL_LONG_CON,GF-0480,GF-MSG,SAME_MESSAGE_TEMPLATE,MSG-00080,MSG-00365,message_content_hash,chat-template-017,norm-v1,CURATED_APPROXIMATION,GRAPHFRAMES_EXACT_MATCH,false,SENIOR_V1_TO_CANONICAL_V1,APPROVED,Template reuse supports coordination; common educational phrases require corroboration.,"[""MSG-00080"",""MSG-00365""]",SUPPORTING_EVIDENCE,"{""source_dataset"":""analytics/crypto_graphframes_exact_relationships.csv""}",2026.07.18.1
CRYPTO_KENNEL_LONG_CON,GF-0481,GF-MSG,SAME_MESSAGE_TEMPLATE,MSG-00081,MSG-00367,message_content_hash,chat-template-009,norm-v1,CURATED_APPROXIMATION,GRAPHFRAMES_EXACT_MATCH,false,SENIOR_V1_TO_CANONICAL_V1,APPROVED,Template reuse supports coordination; common educational phrases require corroboration.,"[""MSG-00081"",""MSG-00367""]",SUPPORTING_EVIDENCE,"{""source_dataset"":""analytics/crypto_graphframes_exact_relationships.csv""}",2026.07.18.1
CRYPTO_KENNEL_LONG_CON,GF-0482,GF-MSG,SAME_MESSAGE_TEMPLATE,MSG-00082,MSG-00368,message_content_hash,chat-template-010,norm-v1,CURATED_APPROXIMATION,GRAPHFRAMES_EXACT_MATCH,false,SENIOR_V1_TO_CANONICAL_V1,APPROVED,Template reuse supports coordination; common educational phrases require corroboration.,"[""MSG-00082"",""MSG-00368""]",SUPPORTING_EVIDENCE,"{""source_dataset"":""analytics/crypto_graphframes_exact_relationships.csv""}",2026.07.18.1
CRYPTO_KENNEL_LONG_CON,GF-0483,GF-MSG,SAME_MESSAGE_TEMPLATE,MSG-00084,MSG-00370,message_content_hash,chat-template-012,norm-v1,CURATED_APPROXIMATION,GRAPHFRAMES_EXACT_MATCH,false,SENIOR_V1_TO_CANONICAL_V1,APPROVED,Template reuse supports coordination; common educational phrases require corroboration.,"[""MSG-00084"",""MSG-00370""]",SUPPORTING_EVIDENCE,"{""source_dataset"":""analytics/crypto_graphframes_exact_relationships.csv""}",2026.07.18.1
CRYPTO_KENNEL_LONG_CON,GF-0484,GF-MSG,SAME_MESSAGE_TEMPLATE,MSG-00085,MSG-00371,message_content_hash,chat-template-013,norm-v1,CURATED_APPROXIMATION,GRAPHFRAMES_EXACT_MATCH,false,SENIOR_V1_TO_CANONICAL_V1,APPROVED,Template reuse supports coordination; common educational phrases require corroboration.,"[""MSG-00085"",""MSG-00371""]",SUPPORTING_EVIDENCE,"{""source_dataset"":""analytics/crypto_graphframes_exact_relationships.csv""}",2026.07.18.1
CRYPTO_KENNEL_LONG_CON,GF-0485,GF-MSG,SAME_MESSAGE_TEMPLATE,MSG-00087,MSG-00372,message_content_hash,chat-template-015,norm-v1,CURATED_APPROXIMATION,GRAPHFRAMES_EXACT_MATCH,false,SENIOR_V1_TO_CANONICAL_V1,APPROVED,Template reuse supports coordination; common educational phrases require corroboration.,"[""MSG-00087"",""MSG-00372""]",SUPPORTING_EVIDENCE,"{""source_dataset"":""analytics/crypto_graphframes_exact_relationships.csv""}",2026.07.18.1
CRYPTO_KENNEL_LONG_CON,GF-0486,GF-MSG,SAME_MESSAGE_TEMPLATE,MSG-00088,MSG-00374,message_content_hash,chat-template-016,norm-v1,CURATED_APPROXIMATION,GRAPHFRAMES_EXACT_MATCH,false,SENIOR_V1_TO_CANONICAL_V1,APPROVED,Template reuse supports coordination; common educational phrases require corroboration.,"[""MSG-00088"",""MSG-00374""]",SUPPORTING_EVIDENCE,"{""source_dataset"":""analytics/crypto_graphframes_exact_relationships.csv""}",2026.07.18.1
CRYPTO_KENNEL_LONG_CON,GF-0487,GF-MSG,SAME_MESSAGE_TEMPLATE,MSG-00090,MSG-00375,message_content_hash,chat-template-018,norm-v1,CURATED_APPROXIMATION,GRAPHFRAMES_EXACT_MATCH,false,SENIOR_V1_TO_CANONICAL_V1,APPROVED,Template reuse supports coordination; common educational phrases require corroboration.,"[""MSG-00090"",""MSG-00375""]",SUPPORTING_EVIDENCE,"{""source_dataset"":""analytics/crypto_graphframes_exact_relationships.csv""}",2026.07.18.1
CRYPTO_KENNEL_LONG_CON,GF-0488,GF-MSG,SAME_MESSAGE_TEMPLATE,MSG-00091,MSG-00377,message_content_hash,chat-template-010,norm-v1,CURATED_APPROXIMATION,GRAPHFRAMES_EXACT_MATCH,false,SENIOR_V1_TO_CANONICAL_V1,APPROVED,Template reuse supports coordination; common educational phrases require corroboration.,"[""MSG-00091"",""MSG-00377""]",SUPPORTING_EVIDENCE,"{""source_dataset"":""analytics/crypto_graphframes_exact_relationships.csv""}",2026.07.18.1
CRYPTO_KENNEL_LONG_CON,GF-0489,GF-MSG,SAME_MESSAGE_TEMPLATE,MSG-00092,MSG-00378,message_content_hash,chat-template-011,norm-v1,CURATED_APPROXIMATION,GRAPHFRAMES_EXACT_MATCH,false,SENIOR_V1_TO_CANONICAL_V1,APPROVED,Template reuse supports coordination; common educational phrases require corroboration.,"[""MSG-00092"",""MSG-00378""]",SUPPORTING_EVIDENCE,"{""source_dataset"":""analytics/crypto_graphframes_exact_relationships.csv""}",2026.07.18.1
CRYPTO_KENNEL_LONG_CON,GF-0490,GF-MSG,SAME_MESSAGE_TEMPLATE,MSG-00094,MSG-00380,message_content_hash,chat-template-013,norm-v1,CURATED_APPROXIMATION,GRAPHFRAMES_EXACT_MATCH,false,SENIOR_V1_TO_CANONICAL_V1,APPROVED,Template reuse supports coordination; common educational phrases require corroboration.,"[""MSG-00094"",""MSG-00380""]",SUPPORTING_EVIDENCE,"{""source_dataset"":""analytics/crypto_graphframes_exact_relationships.csv""}",2026.07.18.1
CRYPTO_KENNEL_LONG_CON,GF-0491,GF-MSG,SAME_MESSAGE_TEMPLATE,MSG-00095,MSG-00381,message_content_hash,chat-template-014,norm-v1,CURATED_APPROXIMATION,GRAPHFRAMES_EXACT_MATCH,false,SENIOR_V1_TO_CANONICAL_V1,APPROVED,Template reuse supports coordination; common educational phrases require corroboration.,"[""MSG-00095"",""MSG-00381""]",SUPPORTING_EVIDENCE,"{""source_dataset"":""analytics/crypto_graphframes_exact_relationships.csv""}",2026.07.18.1
CRYPTO_KENNEL_LONG_CON,GF-0492,GF-MSG,SAME_MESSAGE_TEMPLATE,MSG-00097,MSG-00382,message_content_hash,chat-template-016,norm-v1,CURATED_APPROXIMATION,GRAPHFRAMES_EXACT_MATCH,false,SENIOR_V1_TO_CANONICAL_V1,APPROVED,Template reuse supports coordination; common educational phrases require corroboration.,"[""MSG-00097"",""MSG-00382""]",SUPPORTING_EVIDENCE,"{""source_dataset"":""analytics/crypto_graphframes_exact_relationships.csv""}",2026.07.18.1
CRYPTO_KENNEL_LONG_CON,GF-0493,GF-MSG,SAME_MESSAGE_TEMPLATE,MSG-00098,MSG-00384,message_content_hash,chat-template-017,norm-v1,CURATED_APPROXIMATION,GRAPHFRAMES_EXACT_MATCH,false,SENIOR_V1_TO_CANONICAL_V1,APPROVED,Template reuse supports coordination; common educational phrases require corroboration.,"[""MSG-00098"",""MSG-00384""]",SUPPORTING_EVIDENCE,"{""source_dataset"":""analytics/crypto_graphframes_exact_relationships.csv""}",2026.07.18.1
CRYPTO_KENNEL_LONG_CON,GF-0494,GF-MSG,SAME_MESSAGE_TEMPLATE,MSG-00100,MSG-00385,message_content_hash,chat-template-019,norm-v1,CURATED_APPROXIMATION,GRAPHFRAMES_EXACT_MATCH,false,SENIOR_V1_TO_CANONICAL_V1,APPROVED,Template reuse supports coordination; common educational phrases require corroboration.,"[""MSG-00100"",""MSG-00385""]",SUPPORTING_EVIDENCE,"{""source_dataset"":""analytics/crypto_graphframes_exact_relationships.csv""}",2026.07.18.1
CRYPTO_KENNEL_LONG_CON,GF-0495,GF-MSG,SAME_MESSAGE_TEMPLATE,MSG-00101,MSG-00387,message_content_hash,chat-template-011,norm-v1,CURATED_APPROXIMATION,GRAPHFRAMES_EXACT_MATCH,false,SENIOR_V1_TO_CANONICAL_V1,APPROVED,Template reuse supports coordination; common educational phrases require corroboration.,"[""MSG-00101"",""MSG-00387""]",SUPPORTING_EVIDENCE,"{""source_dataset"":""analytics/crypto_graphframes_exact_relationships.csv""}",2026.07.18.1
CRYPTO_KENNEL_LONG_CON,GF-0496,GF-MSG,SAME_MESSAGE_TEMPLATE,MSG-00102,MSG-00388,message_content_hash,chat-template-012,norm-v1,CURATED_APPROXIMATION,GRAPHFRAMES_EXACT_MATCH,false,SENIOR_V1_TO_CANONICAL_V1,APPROVED,Template reuse supports coordination; common educational phrases require corroboration.,"[""MSG-00102"",""MSG-00388""]",SUPPORTING_EVIDENCE,"{""source_dataset"":""analytics/crypto_graphframes_exact_relationships.csv""}",2026.07.18.1
CRYPTO_KENNEL_LONG_CON,GF-0497,GF-MSG,SAME_MESSAGE_TEMPLATE,MSG-00104,MSG-00390,message_content_hash,chat-template-014,norm-v1,CURATED_APPROXIMATION,GRAPHFRAMES_EXACT_MATCH,false,SENIOR_V1_TO_CANONICAL_V1,APPROVED,Template reuse supports coordination; common educational phrases require corroboration.,"[""MSG-00104"",""MSG-00390""]",SUPPORTING_EVIDENCE,"{""source_dataset"":""analytics/crypto_graphframes_exact_relationships.csv""}",2026.07.18.1
CRYPTO_KENNEL_LONG_CON,GF-0498,GF-MSG,SAME_MESSAGE_TEMPLATE,MSG-00105,MSG-00391,message_content_hash,chat-template-015,norm-v1,CURATED_APPROXIMATION,GRAPHFRAMES_EXACT_MATCH,false,SENIOR_V1_TO_CANONICAL_V1,APPROVED,Template reuse supports coordination; common educational phrases require corroboration.,"[""MSG-00105"",""MSG-00391""]",SUPPORTING_EVIDENCE,"{""source_dataset"":""analytics/crypto_graphframes_exact_relationships.csv""}",2026.07.18.1
CRYPTO_KENNEL_LONG_CON,GF-0499,GF-MSG,SAME_MESSAGE_TEMPLATE,MSG-00107,MSG-00392,message_content_hash,chat-template-017,norm-v1,CURATED_APPROXIMATION,GRAPHFRAMES_EXACT_MATCH,false,SENIOR_V1_TO_CANONICAL_V1,APPROVED,Template reuse supports coordination; common educational phrases require corroboration.,"[""MSG-00107"",""MSG-00392""]",SUPPORTING_EVIDENCE,"{""source_dataset"":""analytics/crypto_graphframes_exact_relationships.csv""}",2026.07.18.1
CRYPTO_KENNEL_LONG_CON,GF-0500,GF-MSG,SAME_MESSAGE_TEMPLATE,MSG-00108,MSG-00394,message_content_hash,chat-template-018,norm-v1,CURATED_APPROXIMATION,GRAPHFRAMES_EXACT_MATCH,false,SENIOR_V1_TO_CANONICAL_V1,APPROVED,Template reuse supports coordination; common educational phrases require corroboration.,"[""MSG-00108"",""MSG-00394""]",SUPPORTING_EVIDENCE,"{""source_dataset"":""analytics/crypto_graphframes_exact_relationships.csv""}",2026.07.18.1
CRYPTO_KENNEL_LONG_CON,GF-0501,GF-MSG,SAME_MESSAGE_TEMPLATE,MSG-00110,MSG-00395,message_content_hash,chat-template-020,norm-v1,CURATED_APPROXIMATION,GRAPHFRAMES_EXACT_MATCH,false,SENIOR_V1_TO_CANONICAL_V1,APPROVED,Template reuse supports coordination; common educational phrases require corroboration.,"[""MSG-00110"",""MSG-00395""]",SUPPORTING_EVIDENCE,"{""source_dataset"":""analytics/crypto_graphframes_exact_relationships.csv""}",2026.07.18.1
CRYPTO_KENNEL_LONG_CON,GF-0502,GF-MSG,SAME_MESSAGE_TEMPLATE,MSG-00111,MSG-00397,message_content_hash,chat-template-012,norm-v1,CURATED_APPROXIMATION,GRAPHFRAMES_EXACT_MATCH,false,SENIOR_V1_TO_CANONICAL_V1,APPROVED,Template reuse supports coordination; common educational phrases require corroboration.,"[""MSG-00111"",""MSG-00397""]",SUPPORTING_EVIDENCE,"{""source_dataset"":""analytics/crypto_graphframes_exact_relationships.csv""}",2026.07.18.1
CRYPTO_KENNEL_LONG_CON,GF-0503,GF-MSG,SAME_MESSAGE_TEMPLATE,MSG-00112,MSG-00398,message_content_hash,chat-template-013,norm-v1,CURATED_APPROXIMATION,GRAPHFRAMES_EXACT_MATCH,false,SENIOR_V1_TO_CANONICAL_V1,APPROVED,Template reuse supports coordination; common educational phrases require corroboration.,"[""MSG-00112"",""MSG-00398""]",SUPPORTING_EVIDENCE,"{""source_dataset"":""analytics/crypto_graphframes_exact_relationships.csv""}",2026.07.18.1
CRYPTO_KENNEL_LONG_CON,GF-0504,GF-MSG,SAME_MESSAGE_TEMPLATE,MSG-00114,MSG-00400,message_content_hash,chat-template-015,norm-v1,CURATED_APPROXIMATION,GRAPHFRAMES_EXACT_MATCH,false,SENIOR_V1_TO_CANONICAL_V1,APPROVED,Template reuse supports coordination; common educational phrases require corroboration.,"[""MSG-00114"",""MSG-00400""]",SUPPORTING_EVIDENCE,"{""source_dataset"":""analytics/crypto_graphframes_exact_relationships.csv""}",2026.07.18.1
CRYPTO_KENNEL_LONG_CON,GF-0505,GF-MSG,SAME_MESSAGE_TEMPLATE,MSG-00115,MSG-00401,message_content_hash,chat-template-016,norm-v1,CURATED_APPROXIMATION,GRAPHFRAMES_EXACT_MATCH,false,SENIOR_V1_TO_CANONICAL_V1,APPROVED,Template reuse supports coordination; common educational phrases require corroboration.,"[""MSG-00115"",""MSG-00401""]",SUPPORTING_EVIDENCE,"{""source_dataset"":""analytics/crypto_graphframes_exact_relationships.csv""}",2026.07.18.1
CRYPTO_KENNEL_LONG_CON,GF-0506,GF-MSG,SAME_MESSAGE_TEMPLATE,MSG-00117,MSG-00402,message_content_hash,chat-template-018,norm-v1,CURATED_APPROXIMATION,GRAPHFRAMES_EXACT_MATCH,false,SENIOR_V1_TO_CANONICAL_V1,APPROVED,Template reuse supports coordination; common educational phrases require corroboration.,"[""MSG-00117"",""MSG-00402""]",SUPPORTING_EVIDENCE,"{""source_dataset"":""analytics/crypto_graphframes_exact_relationships.csv""}",2026.07.18.1
CRYPTO_KENNEL_LONG_CON,GF-0507,GF-MSG,SAME_MESSAGE_TEMPLATE,MSG-00118,MSG-00404,message_content_hash,chat-template-019,norm-v1,CURATED_APPROXIMATION,GRAPHFRAMES_EXACT_MATCH,false,SENIOR_V1_TO_CANONICAL_V1,APPROVED,Template reuse supports coordination; common educational phrases require corroboration.,"[""MSG-00118"",""MSG-00404""]",SUPPORTING_EVIDENCE,"{""source_dataset"":""analytics/crypto_graphframes_exact_relationships.csv""}",2026.07.18.1
CRYPTO_KENNEL_LONG_CON,GF-0508,GF-MSG,SAME_MESSAGE_TEMPLATE,MSG-00120,MSG-00405,message_content_hash,chat-template-001,norm-v1,CURATED_APPROXIMATION,GRAPHFRAMES_EXACT_MATCH,false,SENIOR_V1_TO_CANONICAL_V1,APPROVED,Template reuse supports coordination; common educational phrases require corroboration.,"[""MSG-00120"",""MSG-00405""]",SUPPORTING_EVIDENCE,"{""source_dataset"":""analytics/crypto_graphframes_exact_relationships.csv""}",2026.07.18.1
CRYPTO_KENNEL_LONG_CON,GF-0509,GF-MSG,SAME_MESSAGE_TEMPLATE,MSG-00121,MSG-00407,message_content_hash,chat-template-013,norm-v1,CURATED_APPROXIMATION,GRAPHFRAMES_EXACT_MATCH,false,SENIOR_V1_TO_CANONICAL_V1,APPROVED,Template reuse supports coordination; common educational phrases require corroboration.,"[""MSG-00121"",""MSG-00407""]",SUPPORTING_EVIDENCE,"{""source_dataset"":""analytics/crypto_graphframes_exact_relationships.csv""}",2026.07.18.1
CRYPTO_KENNEL_LONG_CON,GF-0510,GF-MSG,SAME_MESSAGE_TEMPLATE,MSG-00122,MSG-00408,message_content_hash,chat-template-014,norm-v1,CURATED_APPROXIMATION,GRAPHFRAMES_EXACT_MATCH,false,SENIOR_V1_TO_CANONICAL_V1,APPROVED,Template reuse supports coordination; common educational phrases require corroboration.,"[""MSG-00122"",""MSG-00408""]",SUPPORTING_EVIDENCE,"{""source_dataset"":""analytics/crypto_graphframes_exact_relationships.csv""}",2026.07.18.1
CRYPTO_KENNEL_LONG_CON,GF-0511,GF-MSG,SAME_MESSAGE_TEMPLATE,MSG-00124,MSG-00410,message_content_hash,chat-template-016,norm-v1,CURATED_APPROXIMATION,GRAPHFRAMES_EXACT_MATCH,false,SENIOR_V1_TO_CANONICAL_V1,APPROVED,Template reuse supports coordination; common educational phrases require corroboration.,"[""MSG-00124"",""MSG-00410""]",SUPPORTING_EVIDENCE,"{""source_dataset"":""analytics/crypto_graphframes_exact_relationships.csv""}",2026.07.18.1
CRYPTO_KENNEL_LONG_CON,GF-0512,GF-MSG,SAME_MESSAGE_TEMPLATE,MSG-00125,MSG-00411,message_content_hash,chat-template-017,norm-v1,CURATED_APPROXIMATION,GRAPHFRAMES_EXACT_MATCH,false,SENIOR_V1_TO_CANONICAL_V1,APPROVED,Template reuse supports coordination; common educational phrases require corroboration.,"[""MSG-00125"",""MSG-00411""]",SUPPORTING_EVIDENCE,"{""source_dataset"":""analytics/crypto_graphframes_exact_relationships.csv""}",2026.07.18.1
CRYPTO_KENNEL_LONG_CON,GF-0513,GF-MSG,SAME_MESSAGE_TEMPLATE,MSG-00127,MSG-00412,message_content_hash,chat-template-019,norm-v1,CURATED_APPROXIMATION,GRAPHFRAMES_EXACT_MATCH,false,SENIOR_V1_TO_CANONICAL_V1,APPROVED,Template reuse supports coordination; common educational phrases require corroboration.,"[""MSG-00127"",""MSG-00412""]",SUPPORTING_EVIDENCE,"{""source_dataset"":""analytics/crypto_graphframes_exact_relationships.csv""}",2026.07.18.1
CRYPTO_KENNEL_LONG_CON,GF-0514,GF-MSG,SAME_MESSAGE_TEMPLATE,MSG-00128,MSG-00414,message_content_hash,chat-template-020,norm-v1,CURATED_APPROXIMATION,GRAPHFRAMES_EXACT_MATCH,false,SENIOR_V1_TO_CANONICAL_V1,APPROVED,Template reuse supports coordination; common educational phrases require corroboration.,"[""MSG-00128"",""MSG-00414""]",SUPPORTING_EVIDENCE,"{""source_dataset"":""analytics/crypto_graphframes_exact_relationships.csv""}",2026.07.18.1
CRYPTO_KENNEL_LONG_CON,GF-0515,GF-MSG,SAME_MESSAGE_TEMPLATE,MSG-00130,MSG-00415,message_content_hash,chat-template-002,norm-v1,CURATED_APPROXIMATION,GRAPHFRAMES_EXACT_MATCH,false,SENIOR_V1_TO_CANONICAL_V1,APPROVED,Template reuse supports coordination; common educational phrases require corroboration.,"[""MSG-00130"",""MSG-00415""]",SUPPORTING_EVIDENCE,"{""source_dataset"":""analytics/crypto_graphframes_exact_relationships.csv""}",2026.07.18.1
CRYPTO_KENNEL_LONG_CON,GF-0516,GF-MSG,SAME_MESSAGE_TEMPLATE,MSG-00131,MSG-00417,message_content_hash,chat-template-014,norm-v1,CURATED_APPROXIMATION,GRAPHFRAMES_EXACT_MATCH,false,SENIOR_V1_TO_CANONICAL_V1,APPROVED,Template reuse supports coordination; common educational phrases require corroboration.,"[""MSG-00131"",""MSG-00417""]",SUPPORTING_EVIDENCE,"{""source_dataset"":""analytics/crypto_graphframes_exact_relationships.csv""}",2026.07.18.1
CRYPTO_KENNEL_LONG_CON,GF-0517,GF-MSG,SAME_MESSAGE_TEMPLATE,MSG-00132,MSG-00418,message_content_hash,chat-template-015,norm-v1,CURATED_APPROXIMATION,GRAPHFRAMES_EXACT_MATCH,false,SENIOR_V1_TO_CANONICAL_V1,APPROVED,Template reuse supports coordination; common educational phrases require corroboration.,"[""MSG-00132"",""MSG-00418""]",SUPPORTING_EVIDENCE,"{""source_dataset"":""analytics/crypto_graphframes_exact_relationships.csv""}",2026.07.18.1
CRYPTO_KENNEL_LONG_CON,GF-0518,GF-MSG,SAME_MESSAGE_TEMPLATE,MSG-00134,MSG-00420,message_content_hash,chat-template-017,norm-v1,CURATED_APPROXIMATION,GRAPHFRAMES_EXACT_MATCH,false,SENIOR_V1_TO_CANONICAL_V1,APPROVED,Template reuse supports coordination; common educational phrases require corroboration.,"[""MSG-00134"",""MSG-00420""]",SUPPORTING_EVIDENCE,"{""source_dataset"":""analytics/crypto_graphframes_exact_relationships.csv""}",2026.07.18.1
CRYPTO_KENNEL_LONG_CON,GF-0519,GF-MSG,SAME_MESSAGE_TEMPLATE,MSG-00135,MSG-00421,message_content_hash,chat-template-018,norm-v1,CURATED_APPROXIMATION,GRAPHFRAMES_EXACT_MATCH,false,SENIOR_V1_TO_CANONICAL_V1,APPROVED,Template reuse supports coordination; common educational phrases require corroboration.,"[""MSG-00135"",""MSG-00421""]",SUPPORTING_EVIDENCE,"{""source_dataset"":""analytics/crypto_graphframes_exact_relationships.csv""}",2026.07.18.1
CRYPTO_KENNEL_LONG_CON,GF-0520,GF-MSG,SAME_MESSAGE_TEMPLATE,MSG-00137,MSG-00422,message_content_hash,chat-template-020,norm-v1,CURATED_APPROXIMATION,GRAPHFRAMES_EXACT_MATCH,false,SENIOR_V1_TO_CANONICAL_V1,APPROVED,Template reuse supports coordination; common educational phrases require corroboration.,"[""MSG-00137"",""MSG-00422""]",SUPPORTING_EVIDENCE,"{""source_dataset"":""analytics/crypto_graphframes_exact_relationships.csv""}",2026.07.18.1
CRYPTO_KENNEL_LONG_CON,GF-0521,GF-MSG,SAME_MESSAGE_TEMPLATE,MSG-00138,MSG-00424,message_content_hash,chat-template-001,norm-v1,CURATED_APPROXIMATION,GRAPHFRAMES_EXACT_MATCH,false,SENIOR_V1_TO_CANONICAL_V1,APPROVED,Template reuse supports coordination; common educational phrases require corroboration.,"[""MSG-00138"",""MSG-00424""]",SUPPORTING_EVIDENCE,"{""source_dataset"":""analytics/crypto_graphframes_exact_relationships.csv""}",2026.07.18.1
CRYPTO_KENNEL_LONG_CON,GF-0522,GF-MSG,SAME_MESSAGE_TEMPLATE,MSG-00140,MSG-00425,message_content_hash,chat-template-003,norm-v1,CURATED_APPROXIMATION,GRAPHFRAMES_EXACT_MATCH,false,SENIOR_V1_TO_CANONICAL_V1,APPROVED,Template reuse supports coordination; common educational phrases require corroboration.,"[""MSG-00140"",""MSG-00425""]",SUPPORTING_EVIDENCE,"{""source_dataset"":""analytics/crypto_graphframes_exact_relationships.csv""}",2026.07.18.1
CRYPTO_KENNEL_LONG_CON,GF-0523,GF-MSG,SAME_MESSAGE_TEMPLATE,MSG-00141,MSG-00427,message_content_hash,chat-template-015,norm-v1,CURATED_APPROXIMATION,GRAPHFRAMES_EXACT_MATCH,false,SENIOR_V1_TO_CANONICAL_V1,APPROVED,Template reuse supports coordination; common educational phrases require corroboration.,"[""MSG-00141"",""MSG-00427""]",SUPPORTING_EVIDENCE,"{""source_dataset"":""analytics/crypto_graphframes_exact_relationships.csv""}",2026.07.18.1
CRYPTO_KENNEL_LONG_CON,GF-0524,GF-MSG,SAME_MESSAGE_TEMPLATE,MSG-00142,MSG-00428,message_content_hash,chat-template-016,norm-v1,CURATED_APPROXIMATION,GRAPHFRAMES_EXACT_MATCH,false,SENIOR_V1_TO_CANONICAL_V1,APPROVED,Template reuse supports coordination; common educational phrases require corroboration.,"[""MSG-00142"",""MSG-00428""]",SUPPORTING_EVIDENCE,"{""source_dataset"":""analytics/crypto_graphframes_exact_relationships.csv""}",2026.07.18.1
CRYPTO_KENNEL_LONG_CON,GF-0525,GF-MSG,SAME_MESSAGE_TEMPLATE,MSG-00144,MSG-00430,message_content_hash,chat-template-018,norm-v1,CURATED_APPROXIMATION,GRAPHFRAMES_EXACT_MATCH,false,SENIOR_V1_TO_CANONICAL_V1,APPROVED,Template reuse supports coordination; common educational phrases require corroboration.,"[""MSG-00144"",""MSG-00430""]",SUPPORTING_EVIDENCE,"{""source_dataset"":""analytics/crypto_graphframes_exact_relationships.csv""}",2026.07.18.1
CRYPTO_KENNEL_LONG_CON,GF-0526,GF-MSG,SAME_MESSAGE_TEMPLATE,MSG-00145,MSG-00431,message_content_hash,chat-template-019,norm-v1,CURATED_APPROXIMATION,GRAPHFRAMES_EXACT_MATCH,false,SENIOR_V1_TO_CANONICAL_V1,APPROVED,Template reuse supports coordination; common educational phrases require corroboration.,"[""MSG-00145"",""MSG-00431""]",SUPPORTING_EVIDENCE,"{""source_dataset"":""analytics/crypto_graphframes_exact_relationships.csv""}",2026.07.18.1
CRYPTO_KENNEL_LONG_CON,GF-0527,GF-MSG,SAME_MESSAGE_TEMPLATE,MSG-00147,MSG-00432,message_content_hash,chat-template-001,norm-v1,CURATED_APPROXIMATION,GRAPHFRAMES_EXACT_MATCH,false,SENIOR_V1_TO_CANONICAL_V1,APPROVED,Template reuse supports coordination; common educational phrases require corroboration.,"[""MSG-00147"",""MSG-00432""]",SUPPORTING_EVIDENCE,"{""source_dataset"":""analytics/crypto_graphframes_exact_relationships.csv""}",2026.07.18.1
CRYPTO_KENNEL_LONG_CON,GF-0528,GF-MSG,SAME_MESSAGE_TEMPLATE,MSG-00148,MSG-00434,message_content_hash,chat-template-002,norm-v1,CURATED_APPROXIMATION,GRAPHFRAMES_EXACT_MATCH,false,SENIOR_V1_TO_CANONICAL_V1,APPROVED,Template reuse supports coordination; common educational phrases require corroboration.,"[""MSG-00148"",""MSG-00434""]",SUPPORTING_EVIDENCE,"{""source_dataset"":""analytics/crypto_graphframes_exact_relationships.csv""}",2026.07.18.1
CRYPTO_KENNEL_LONG_CON,GF-0529,GF-MSG,SAME_MESSAGE_TEMPLATE,MSG-00150,MSG-00435,message_content_hash,chat-template-004,norm-v1,CURATED_APPROXIMATION,GRAPHFRAMES_EXACT_MATCH,false,SENIOR_V1_TO_CANONICAL_V1,APPROVED,Template reuse supports coordination; common educational phrases require corroboration.,"[""MSG-00150"",""MSG-00435""]",SUPPORTING_EVIDENCE,"{""source_dataset"":""analytics/crypto_graphframes_exact_relationships.csv""}",2026.07.18.1
CRYPTO_KENNEL_LONG_CON,GF-0530,GF-MSG,SAME_MESSAGE_TEMPLATE,MSG-00151,MSG-00437,message_content_hash,chat-template-016,norm-v1,CURATED_APPROXIMATION,GRAPHFRAMES_EXACT_MATCH,false,SENIOR_V1_TO_CANONICAL_V1,APPROVED,Template reuse supports coordination; common educational phrases require corroboration.,"[""MSG-00151"",""MSG-00437""]",SUPPORTING_EVIDENCE,"{""source_dataset"":""analytics/crypto_graphframes_exact_relationships.csv""}",2026.07.18.1
CRYPTO_KENNEL_LONG_CON,GF-0531,GF-MSG,SAME_MESSAGE_TEMPLATE,MSG-00152,MSG-00438,message_content_hash,chat-template-017,norm-v1,CURATED_APPROXIMATION,GRAPHFRAMES_EXACT_MATCH,false,SENIOR_V1_TO_CANONICAL_V1,APPROVED,Template reuse supports coordination; common educational phrases require corroboration.,"[""MSG-00152"",""MSG-00438""]",SUPPORTING_EVIDENCE,"{""source_dataset"":""analytics/crypto_graphframes_exact_relationships.csv""}",2026.07.18.1
CRYPTO_KENNEL_LONG_CON,GF-0532,GF-MSG,SAME_MESSAGE_TEMPLATE,MSG-00154,MSG-00440,message_content_hash,chat-template-019,norm-v1,CURATED_APPROXIMATION,GRAPHFRAMES_EXACT_MATCH,false,SENIOR_V1_TO_CANONICAL_V1,APPROVED,Template reuse supports coordination; common educational phrases require corroboration.,"[""MSG-00154"",""MSG-00440""]",SUPPORTING_EVIDENCE,"{""source_dataset"":""analytics/crypto_graphframes_exact_relationships.csv""}",2026.07.18.1
CRYPTO_KENNEL_LONG_CON,GF-0533,GF-MSG,SAME_MESSAGE_TEMPLATE,MSG-00155,MSG-00441,message_content_hash,chat-template-020,norm-v1,CURATED_APPROXIMATION,GRAPHFRAMES_EXACT_MATCH,false,SENIOR_V1_TO_CANONICAL_V1,APPROVED,Template reuse supports coordination; common educational phrases require corroboration.,"[""MSG-00155"",""MSG-00441""]",SUPPORTING_EVIDENCE,"{""source_dataset"":""analytics/crypto_graphframes_exact_relationships.csv""}",2026.07.18.1
CRYPTO_KENNEL_LONG_CON,GF-0534,GF-MSG,SAME_MESSAGE_TEMPLATE,MSG-00157,MSG-00442,message_content_hash,chat-template-002,norm-v1,CURATED_APPROXIMATION,GRAPHFRAMES_EXACT_MATCH,false,SENIOR_V1_TO_CANONICAL_V1,APPROVED,Template reuse supports coordination; common educational phrases require corroboration.,"[""MSG-00157"",""MSG-00442""]",SUPPORTING_EVIDENCE,"{""source_dataset"":""analytics/crypto_graphframes_exact_relationships.csv""}",2026.07.18.1
CRYPTO_KENNEL_LONG_CON,GF-0535,GF-MSG,SAME_MESSAGE_TEMPLATE,MSG-00158,MSG-00444,message_content_hash,chat-template-003,norm-v1,CURATED_APPROXIMATION,GRAPHFRAMES_EXACT_MATCH,false,SENIOR_V1_TO_CANONICAL_V1,APPROVED,Template reuse supports coordination; common educational phrases require corroboration.,"[""MSG-00158"",""MSG-00444""]",SUPPORTING_EVIDENCE,"{""source_dataset"":""analytics/crypto_graphframes_exact_relationships.csv""}",2026.07.18.1
CRYPTO_KENNEL_LONG_CON,GF-0536,GF-MSG,SAME_MESSAGE_TEMPLATE,MSG-00160,MSG-00445,message_content_hash,chat-template-005,norm-v1,CURATED_APPROXIMATION,GRAPHFRAMES_EXACT_MATCH,false,SENIOR_V1_TO_CANONICAL_V1,APPROVED,Template reuse supports coordination; common educational phrases require corroboration.,"[""MSG-00160"",""MSG-00445""]",SUPPORTING_EVIDENCE,"{""source_dataset"":""analytics/crypto_graphframes_exact_relationships.csv""}",2026.07.18.1
CRYPTO_KENNEL_LONG_CON,GF-0537,GF-MSG,SAME_MESSAGE_TEMPLATE,MSG-00161,MSG-00447,message_content_hash,chat-template-017,norm-v1,CURATED_APPROXIMATION,GRAPHFRAMES_EXACT_MATCH,false,SENIOR_V1_TO_CANONICAL_V1,APPROVED,Template reuse supports coordination; common educational phrases require corroboration.,"[""MSG-00161"",""MSG-00447""]",SUPPORTING_EVIDENCE,"{""source_dataset"":""analytics/crypto_graphframes_exact_relationships.csv""}",2026.07.18.1
CRYPTO_KENNEL_LONG_CON,GF-0538,GF-MSG,SAME_MESSAGE_TEMPLATE,MSG-00162,MSG-00448,message_content_hash,chat-template-018,norm-v1,CURATED_APPROXIMATION,GRAPHFRAMES_EXACT_MATCH,false,SENIOR_V1_TO_CANONICAL_V1,APPROVED,Template reuse supports coordination; common educational phrases require corroboration.,"[""MSG-00162"",""MSG-00448""]",SUPPORTING_EVIDENCE,"{""source_dataset"":""analytics/crypto_graphframes_exact_relationships.csv""}",2026.07.18.1
CRYPTO_KENNEL_LONG_CON,GF-0539,GF-MSG,SAME_MESSAGE_TEMPLATE,MSG-00164,MSG-00450,message_content_hash,chat-template-020,norm-v1,CURATED_APPROXIMATION,GRAPHFRAMES_EXACT_MATCH,false,SENIOR_V1_TO_CANONICAL_V1,APPROVED,Template reuse supports coordination; common educational phrases require corroboration.,"[""MSG-00164"",""MSG-00450""]",SUPPORTING_EVIDENCE,"{""source_dataset"":""analytics/crypto_graphframes_exact_relationships.csv""}",2026.07.18.1
CRYPTO_KENNEL_LONG_CON,GF-0540,GF-MSG,SAME_MESSAGE_TEMPLATE,MSG-00165,MSG-00451,message_content_hash,chat-template-001,norm-v1,CURATED_APPROXIMATION,GRAPHFRAMES_EXACT_MATCH,false,SENIOR_V1_TO_CANONICAL_V1,APPROVED,Template reuse supports coordination; common educational phrases require corroboration.,"[""MSG-00165"",""MSG-00451""]",SUPPORTING_EVIDENCE,"{""source_dataset"":""analytics/crypto_graphframes_exact_relationships.csv""}",2026.07.18.1
CRYPTO_KENNEL_LONG_CON,GF-0541,GF-MSG,SAME_MESSAGE_TEMPLATE,MSG-00167,MSG-00452,message_content_hash,chat-template-003,norm-v1,CURATED_APPROXIMATION,GRAPHFRAMES_EXACT_MATCH,false,SENIOR_V1_TO_CANONICAL_V1,APPROVED,Template reuse supports coordination; common educational phrases require corroboration.,"[""MSG-00167"",""MSG-00452""]",SUPPORTING_EVIDENCE,"{""source_dataset"":""analytics/crypto_graphframes_exact_relationships.csv""}",2026.07.18.1
CRYPTO_KENNEL_LONG_CON,GF-0542,GF-MSG,SAME_MESSAGE_TEMPLATE,MSG-00168,MSG-00454,message_content_hash,chat-template-004,norm-v1,CURATED_APPROXIMATION,GRAPHFRAMES_EXACT_MATCH,false,SENIOR_V1_TO_CANONICAL_V1,APPROVED,Template reuse supports coordination; common educational phrases require corroboration.,"[""MSG-00168"",""MSG-00454""]",SUPPORTING_EVIDENCE,"{""source_dataset"":""analytics/crypto_graphframes_exact_relationships.csv""}",2026.07.18.1
CRYPTO_KENNEL_LONG_CON,GF-0543,GF-MSG,SAME_MESSAGE_TEMPLATE,MSG-00170,MSG-00455,message_content_hash,chat-template-006,norm-v1,CURATED_APPROXIMATION,GRAPHFRAMES_EXACT_MATCH,false,SENIOR_V1_TO_CANONICAL_V1,APPROVED,Template reuse supports coordination; common educational phrases require corroboration.,"[""MSG-00170"",""MSG-00455""]",SUPPORTING_EVIDENCE,"{""source_dataset"":""analytics/crypto_graphframes_exact_relationships.csv""}",2026.07.18.1
CRYPTO_KENNEL_LONG_CON,GF-0544,GF-MSG,SAME_MESSAGE_TEMPLATE,MSG-00171,MSG-00457,message_content_hash,chat-template-018,norm-v1,CURATED_APPROXIMATION,GRAPHFRAMES_EXACT_MATCH,false,SENIOR_V1_TO_CANONICAL_V1,APPROVED,Template reuse supports coordination; common educational phrases require corroboration.,"[""MSG-00171"",""MSG-00457""]",SUPPORTING_EVIDENCE,"{""source_dataset"":""analytics/crypto_graphframes_exact_relationships.csv""}",2026.07.18.1
CRYPTO_KENNEL_LONG_CON,GF-0545,GF-MSG,SAME_MESSAGE_TEMPLATE,MSG-00172,MSG-00458,message_content_hash,chat-template-019,norm-v1,CURATED_APPROXIMATION,GRAPHFRAMES_EXACT_MATCH,false,SENIOR_V1_TO_CANONICAL_V1,APPROVED,Template reuse supports coordination; common educational phrases require corroboration.,"[""MSG-00172"",""MSG-00458""]",SUPPORTING_EVIDENCE,"{""source_dataset"":""analytics/crypto_graphframes_exact_relationships.csv""}",2026.07.18.1
CRYPTO_KENNEL_LONG_CON,GF-0546,GF-MSG,SAME_MESSAGE_TEMPLATE,MSG-00174,MSG-00460,message_content_hash,chat-template-001,norm-v1,CURATED_APPROXIMATION,GRAPHFRAMES_EXACT_MATCH,false,SENIOR_V1_TO_CANONICAL_V1,APPROVED,Template reuse supports coordination; common educational phrases require corroboration.,"[""MSG-00174"",""MSG-00460""]",SUPPORTING_EVIDENCE,"{""source_dataset"":""analytics/crypto_graphframes_exact_relationships.csv""}",2026.07.18.1
CRYPTO_KENNEL_LONG_CON,GF-0547,GF-MSG,SAME_MESSAGE_TEMPLATE,MSG-00175,MSG-00461,message_content_hash,chat-template-002,norm-v1,CURATED_APPROXIMATION,GRAPHFRAMES_EXACT_MATCH,false,SENIOR_V1_TO_CANONICAL_V1,APPROVED,Template reuse supports coordination; common educational phrases require corroboration.,"[""MSG-00175"",""MSG-00461""]",SUPPORTING_EVIDENCE,"{""source_dataset"":""analytics/crypto_graphframes_exact_relationships.csv""}",2026.07.18.1
CRYPTO_KENNEL_LONG_CON,GF-0548,GF-MSG,SAME_MESSAGE_TEMPLATE,MSG-00177,MSG-00462,message_content_hash,chat-template-004,norm-v1,CURATED_APPROXIMATION,GRAPHFRAMES_EXACT_MATCH,false,SENIOR_V1_TO_CANONICAL_V1,APPROVED,Template reuse supports coordination; common educational phrases require corroboration.,"[""MSG-00177"",""MSG-00462""]",SUPPORTING_EVIDENCE,"{""source_dataset"":""analytics/crypto_graphframes_exact_relationships.csv""}",2026.07.18.1
CRYPTO_KENNEL_LONG_CON,GF-0549,GF-MSG,SAME_MESSAGE_TEMPLATE,MSG-00178,MSG-00464,message_content_hash,chat-template-005,norm-v1,CURATED_APPROXIMATION,GRAPHFRAMES_EXACT_MATCH,false,SENIOR_V1_TO_CANONICAL_V1,APPROVED,Template reuse supports coordination; common educational phrases require corroboration.,"[""MSG-00178"",""MSG-00464""]",SUPPORTING_EVIDENCE,"{""source_dataset"":""analytics/crypto_graphframes_exact_relationships.csv""}",2026.07.18.1
CRYPTO_KENNEL_LONG_CON,GF-0550,GF-MSG,SAME_MESSAGE_TEMPLATE,MSG-00180,MSG-00465,message_content_hash,chat-template-007,norm-v1,CURATED_APPROXIMATION,GRAPHFRAMES_EXACT_MATCH,false,SENIOR_V1_TO_CANONICAL_V1,APPROVED,Template reuse supports coordination; common educational phrases require corroboration.,"[""MSG-00180"",""MSG-00465""]",SUPPORTING_EVIDENCE,"{""source_dataset"":""analytics/crypto_graphframes_exact_relationships.csv""}",2026.07.18.1
CRYPTO_KENNEL_LONG_CON,GF-0551,GF-MSG,SAME_MESSAGE_TEMPLATE,MSG-00181,MSG-00467,message_content_hash,chat-template-019,norm-v1,CURATED_APPROXIMATION,GRAPHFRAMES_EXACT_MATCH,false,SENIOR_V1_TO_CANONICAL_V1,APPROVED,Template reuse supports coordination; common educational phrases require corroboration.,"[""MSG-00181"",""MSG-00467""]",SUPPORTING_EVIDENCE,"{""source_dataset"":""analytics/crypto_graphframes_exact_relationships.csv""}",2026.07.18.1
CRYPTO_KENNEL_LONG_CON,GF-0552,GF-MSG,SAME_MESSAGE_TEMPLATE,MSG-00182,MSG-00468,message_content_hash,chat-template-020,norm-v1,CURATED_APPROXIMATION,GRAPHFRAMES_EXACT_MATCH,false,SENIOR_V1_TO_CANONICAL_V1,APPROVED,Template reuse supports coordination; common educational phrases require corroboration.,"[""MSG-00182"",""MSG-00468""]",SUPPORTING_EVIDENCE,"{""source_dataset"":""analytics/crypto_graphframes_exact_relationships.csv""}",2026.07.18.1
CRYPTO_KENNEL_LONG_CON,GF-0553,GF-MSG,SAME_MESSAGE_TEMPLATE,MSG-00184,MSG-00470,message_content_hash,chat-template-002,norm-v1,CURATED_APPROXIMATION,GRAPHFRAMES_EXACT_MATCH,false,SENIOR_V1_TO_CANONICAL_V1,APPROVED,Template reuse supports coordination; common educational phrases require corroboration.,"[""MSG-00184"",""MSG-00470""]",SUPPORTING_EVIDENCE,"{""source_dataset"":""analytics/crypto_graphframes_exact_relationships.csv""}",2026.07.18.1
CRYPTO_KENNEL_LONG_CON,GF-0554,GF-MSG,SAME_MESSAGE_TEMPLATE,MSG-00185,MSG-00471,message_content_hash,chat-template-003,norm-v1,CURATED_APPROXIMATION,GRAPHFRAMES_EXACT_MATCH,false,SENIOR_V1_TO_CANONICAL_V1,APPROVED,Template reuse supports coordination; common educational phrases require corroboration.,"[""MSG-00185"",""MSG-00471""]",SUPPORTING_EVIDENCE,"{""source_dataset"":""analytics/crypto_graphframes_exact_relationships.csv""}",2026.07.18.1
CRYPTO_KENNEL_LONG_CON,GF-0555,GF-MSG,SAME_MESSAGE_TEMPLATE,MSG-00187,MSG-00472,message_content_hash,chat-template-005,norm-v1,CURATED_APPROXIMATION,GRAPHFRAMES_EXACT_MATCH,false,SENIOR_V1_TO_CANONICAL_V1,APPROVED,Template reuse supports coordination; common educational phrases require corroboration.,"[""MSG-00187"",""MSG-00472""]",SUPPORTING_EVIDENCE,"{""source_dataset"":""analytics/crypto_graphframes_exact_relationships.csv""}",2026.07.18.1
CRYPTO_KENNEL_LONG_CON,GF-0556,GF-MSG,SAME_MESSAGE_TEMPLATE,MSG-00188,MSG-00474,message_content_hash,chat-template-006,norm-v1,CURATED_APPROXIMATION,GRAPHFRAMES_EXACT_MATCH,false,SENIOR_V1_TO_CANONICAL_V1,APPROVED,Template reuse supports coordination; common educational phrases require corroboration.,"[""MSG-00188"",""MSG-00474""]",SUPPORTING_EVIDENCE,"{""source_dataset"":""analytics/crypto_graphframes_exact_relationships.csv""}",2026.07.18.1
CRYPTO_KENNEL_LONG_CON,GF-0557,GF-MSG,SAME_MESSAGE_TEMPLATE,MSG-00190,MSG-00475,message_content_hash,chat-template-008,norm-v1,CURATED_APPROXIMATION,GRAPHFRAMES_EXACT_MATCH,false,SENIOR_V1_TO_CANONICAL_V1,APPROVED,Template reuse supports coordination; common educational phrases require corroboration.,"[""MSG-00190"",""MSG-00475""]",SUPPORTING_EVIDENCE,"{""source_dataset"":""analytics/crypto_graphframes_exact_relationships.csv""}",2026.07.18.1
CRYPTO_KENNEL_LONG_CON,GF-0558,GF-MSG,SAME_MESSAGE_TEMPLATE,MSG-00191,MSG-00477,message_content_hash,chat-template-020,norm-v1,CURATED_APPROXIMATION,GRAPHFRAMES_EXACT_MATCH,false,SENIOR_V1_TO_CANONICAL_V1,APPROVED,Template reuse supports coordination; common educational phrases require corroboration.,"[""MSG-00191"",""MSG-00477""]",SUPPORTING_EVIDENCE,"{""source_dataset"":""analytics/crypto_graphframes_exact_relationships.csv""}",2026.07.18.1
CRYPTO_KENNEL_LONG_CON,GF-0559,GF-MSG,SAME_MESSAGE_TEMPLATE,MSG-00192,MSG-00478,message_content_hash,chat-template-001,norm-v1,CURATED_APPROXIMATION,GRAPHFRAMES_EXACT_MATCH,false,SENIOR_V1_TO_CANONICAL_V1,APPROVED,Template reuse supports coordination; common educational phrases require corroboration.,"[""MSG-00192"",""MSG-00478""]",SUPPORTING_EVIDENCE,"{""source_dataset"":""analytics/crypto_graphframes_exact_relationships.csv""}",2026.07.18.1
CRYPTO_KENNEL_LONG_CON,GF-0560,GF-MSG,SAME_MESSAGE_TEMPLATE,MSG-00194,MSG-00480,message_content_hash,chat-template-003,norm-v1,CURATED_APPROXIMATION,GRAPHFRAMES_EXACT_MATCH,false,SENIOR_V1_TO_CANONICAL_V1,APPROVED,Template reuse supports coordination; common educational phrases require corroboration.,"[""MSG-00194"",""MSG-00480""]",SUPPORTING_EVIDENCE,"{""source_dataset"":""analytics/crypto_graphframes_exact_relationships.csv""}",2026.07.18.1
CRYPTO_KENNEL_LONG_CON,GF-0561,GF-MSG,SAME_MESSAGE_TEMPLATE,MSG-00195,MSG-00481,message_content_hash,chat-template-004,norm-v1,CURATED_APPROXIMATION,GRAPHFRAMES_EXACT_MATCH,false,SENIOR_V1_TO_CANONICAL_V1,APPROVED,Template reuse supports coordination; common educational phrases require corroboration.,"[""MSG-00195"",""MSG-00481""]",SUPPORTING_EVIDENCE,"{""source_dataset"":""analytics/crypto_graphframes_exact_relationships.csv""}",2026.07.18.1
CRYPTO_KENNEL_LONG_CON,GF-0562,GF-MSG,SAME_MESSAGE_TEMPLATE,MSG-00197,MSG-00482,message_content_hash,chat-template-006,norm-v1,CURATED_APPROXIMATION,GRAPHFRAMES_EXACT_MATCH,false,SENIOR_V1_TO_CANONICAL_V1,APPROVED,Template reuse supports coordination; common educational phrases require corroboration.,"[""MSG-00197"",""MSG-00482""]",SUPPORTING_EVIDENCE,"{""source_dataset"":""analytics/crypto_graphframes_exact_relationships.csv""}",2026.07.18.1
CRYPTO_KENNEL_LONG_CON,GF-0563,GF-MSG,SAME_MESSAGE_TEMPLATE,MSG-00198,MSG-00484,message_content_hash,chat-template-007,norm-v1,CURATED_APPROXIMATION,GRAPHFRAMES_EXACT_MATCH,false,SENIOR_V1_TO_CANONICAL_V1,APPROVED,Template reuse supports coordination; common educational phrases require corroboration.,"[""MSG-00198"",""MSG-00484""]",SUPPORTING_EVIDENCE,"{""source_dataset"":""analytics/crypto_graphframes_exact_relationships.csv""}",2026.07.18.1
CRYPTO_KENNEL_LONG_CON,GF-0564,GF-MSG,SAME_MESSAGE_TEMPLATE,MSG-00200,MSG-00485,message_content_hash,chat-template-009,norm-v1,CURATED_APPROXIMATION,GRAPHFRAMES_EXACT_MATCH,false,SENIOR_V1_TO_CANONICAL_V1,APPROVED,Template reuse supports coordination; common educational phrases require corroboration.,"[""MSG-00200"",""MSG-00485""]",SUPPORTING_EVIDENCE,"{""source_dataset"":""analytics/crypto_graphframes_exact_relationships.csv""}",2026.07.18.1
CRYPTO_KENNEL_LONG_CON,GF-0565,GF-MSG,SAME_MESSAGE_TEMPLATE,MSG-00201,MSG-00487,message_content_hash,chat-template-001,norm-v1,CURATED_APPROXIMATION,GRAPHFRAMES_EXACT_MATCH,false,SENIOR_V1_TO_CANONICAL_V1,APPROVED,Template reuse supports coordination; common educational phrases require corroboration.,"[""MSG-00201"",""MSG-00487""]",SUPPORTING_EVIDENCE,"{""source_dataset"":""analytics/crypto_graphframes_exact_relationships.csv""}",2026.07.18.1
CRYPTO_KENNEL_LONG_CON,GF-0566,GF-MSG,SAME_MESSAGE_TEMPLATE,MSG-00202,MSG-00488,message_content_hash,chat-template-002,norm-v1,CURATED_APPROXIMATION,GRAPHFRAMES_EXACT_MATCH,false,SENIOR_V1_TO_CANONICAL_V1,APPROVED,Template reuse supports coordination; common educational phrases require corroboration.,"[""MSG-00202"",""MSG-00488""]",SUPPORTING_EVIDENCE,"{""source_dataset"":""analytics/crypto_graphframes_exact_relationships.csv""}",2026.07.18.1
CRYPTO_KENNEL_LONG_CON,GF-0567,GF-MSG,SAME_MESSAGE_TEMPLATE,MSG-00204,MSG-00490,message_content_hash,chat-template-004,norm-v1,CURATED_APPROXIMATION,GRAPHFRAMES_EXACT_MATCH,false,SENIOR_V1_TO_CANONICAL_V1,APPROVED,Template reuse supports coordination; common educational phrases require corroboration.,"[""MSG-00204"",""MSG-00490""]",SUPPORTING_EVIDENCE,"{""source_dataset"":""analytics/crypto_graphframes_exact_relationships.csv""}",2026.07.18.1
CRYPTO_KENNEL_LONG_CON,GF-0568,GF-MSG,SAME_MESSAGE_TEMPLATE,MSG-00205,MSG-00491,message_content_hash,chat-template-005,norm-v1,CURATED_APPROXIMATION,GRAPHFRAMES_EXACT_MATCH,false,SENIOR_V1_TO_CANONICAL_V1,APPROVED,Template reuse supports coordination; common educational phrases require corroboration.,"[""MSG-00205"",""MSG-00491""]",SUPPORTING_EVIDENCE,"{""source_dataset"":""analytics/crypto_graphframes_exact_relationships.csv""}",2026.07.18.1
CRYPTO_KENNEL_LONG_CON,GF-0569,GF-MSG,SAME_MESSAGE_TEMPLATE,MSG-00207,MSG-00492,message_content_hash,chat-template-007,norm-v1,CURATED_APPROXIMATION,GRAPHFRAMES_EXACT_MATCH,false,SENIOR_V1_TO_CANONICAL_V1,APPROVED,Template reuse supports coordination; common educational phrases require corroboration.,"[""MSG-00207"",""MSG-00492""]",SUPPORTING_EVIDENCE,"{""source_dataset"":""analytics/crypto_graphframes_exact_relationships.csv""}",2026.07.18.1
CRYPTO_KENNEL_LONG_CON,GF-0570,GF-MSG,SAME_MESSAGE_TEMPLATE,MSG-00208,MSG-00494,message_content_hash,chat-template-008,norm-v1,CURATED_APPROXIMATION,GRAPHFRAMES_EXACT_MATCH,false,SENIOR_V1_TO_CANONICAL_V1,APPROVED,Template reuse supports coordination; common educational phrases require corroboration.,"[""MSG-00208"",""MSG-00494""]",SUPPORTING_EVIDENCE,"{""source_dataset"":""analytics/crypto_graphframes_exact_relationships.csv""}",2026.07.18.1
CRYPTO_KENNEL_LONG_CON,GF-0571,GF-MSG,SAME_MESSAGE_TEMPLATE,MSG-00210,MSG-00495,message_content_hash,chat-template-010,norm-v1,CURATED_APPROXIMATION,GRAPHFRAMES_EXACT_MATCH,false,SENIOR_V1_TO_CANONICAL_V1,APPROVED,Template reuse supports coordination; common educational phrases require corroboration.,"[""MSG-00210"",""MSG-00495""]",SUPPORTING_EVIDENCE,"{""source_dataset"":""analytics/crypto_graphframes_exact_relationships.csv""}",2026.07.18.1
CRYPTO_KENNEL_LONG_CON,GF-0572,GF-MSG,SAME_MESSAGE_TEMPLATE,MSG-00211,MSG-00497,message_content_hash,chat-template-002,norm-v1,CURATED_APPROXIMATION,GRAPHFRAMES_EXACT_MATCH,false,SENIOR_V1_TO_CANONICAL_V1,APPROVED,Template reuse supports coordination; common educational phrases require corroboration.,"[""MSG-00211"",""MSG-00497""]",SUPPORTING_EVIDENCE,"{""source_dataset"":""analytics/crypto_graphframes_exact_relationships.csv""}",2026.07.18.1
CRYPTO_KENNEL_LONG_CON,GF-0573,GF-MSG,SAME_MESSAGE_TEMPLATE,MSG-00212,MSG-00498,message_content_hash,chat-template-003,norm-v1,CURATED_APPROXIMATION,GRAPHFRAMES_EXACT_MATCH,false,SENIOR_V1_TO_CANONICAL_V1,APPROVED,Template reuse supports coordination; common educational phrases require corroboration.,"[""MSG-00212"",""MSG-00498""]",SUPPORTING_EVIDENCE,"{""source_dataset"":""analytics/crypto_graphframes_exact_relationships.csv""}",2026.07.18.1
CRYPTO_KENNEL_LONG_CON,GF-0574,GF-MSG,SAME_MESSAGE_TEMPLATE,MSG-00214,MSG-00500,message_content_hash,chat-template-005,norm-v1,CURATED_APPROXIMATION,GRAPHFRAMES_EXACT_MATCH,false,SENIOR_V1_TO_CANONICAL_V1,APPROVED,Template reuse supports coordination; common educational phrases require corroboration.,"[""MSG-00214"",""MSG-00500""]",SUPPORTING_EVIDENCE,"{""source_dataset"":""analytics/crypto_graphframes_exact_relationships.csv""}",2026.07.18.1
CRYPTO_KENNEL_LONG_CON,GF-0575,GF-MSG,SAME_MESSAGE_TEMPLATE,MSG-00215,MSG-00501,message_content_hash,chat-template-006,norm-v1,CURATED_APPROXIMATION,GRAPHFRAMES_EXACT_MATCH,false,SENIOR_V1_TO_CANONICAL_V1,APPROVED,Template reuse supports coordination; common educational phrases require corroboration.,"[""MSG-00215"",""MSG-00501""]",SUPPORTING_EVIDENCE,"{""source_dataset"":""analytics/crypto_graphframes_exact_relationships.csv""}",2026.07.18.1
CRYPTO_KENNEL_LONG_CON,GF-0576,GF-MSG,SAME_MESSAGE_TEMPLATE,MSG-00217,MSG-00502,message_content_hash,chat-template-008,norm-v1,CURATED_APPROXIMATION,GRAPHFRAMES_EXACT_MATCH,false,SENIOR_V1_TO_CANONICAL_V1,APPROVED,Template reuse supports coordination; common educational phrases require corroboration.,"[""MSG-00217"",""MSG-00502""]",SUPPORTING_EVIDENCE,"{""source_dataset"":""analytics/crypto_graphframes_exact_relationships.csv""}",2026.07.18.1
CRYPTO_KENNEL_LONG_CON,GF-0577,GF-MSG,SAME_MESSAGE_TEMPLATE,MSG-00218,MSG-00504,message_content_hash,chat-template-009,norm-v1,CURATED_APPROXIMATION,GRAPHFRAMES_EXACT_MATCH,false,SENIOR_V1_TO_CANONICAL_V1,APPROVED,Template reuse supports coordination; common educational phrases require corroboration.,"[""MSG-00218"",""MSG-00504""]",SUPPORTING_EVIDENCE,"{""source_dataset"":""analytics/crypto_graphframes_exact_relationships.csv""}",2026.07.18.1
CRYPTO_KENNEL_LONG_CON,GF-0578,GF-MSG,SAME_MESSAGE_TEMPLATE,MSG-00220,MSG-00505,message_content_hash,chat-template-011,norm-v1,CURATED_APPROXIMATION,GRAPHFRAMES_EXACT_MATCH,false,SENIOR_V1_TO_CANONICAL_V1,APPROVED,Template reuse supports coordination; common educational phrases require corroboration.,"[""MSG-00220"",""MSG-00505""]",SUPPORTING_EVIDENCE,"{""source_dataset"":""analytics/crypto_graphframes_exact_relationships.csv""}",2026.07.18.1
CRYPTO_KENNEL_LONG_CON,GF-0579,GF-MSG,SAME_MESSAGE_TEMPLATE,MSG-00221,MSG-00507,message_content_hash,chat-template-003,norm-v1,CURATED_APPROXIMATION,GRAPHFRAMES_EXACT_MATCH,false,SENIOR_V1_TO_CANONICAL_V1,APPROVED,Template reuse supports coordination; common educational phrases require corroboration.,"[""MSG-00221"",""MSG-00507""]",SUPPORTING_EVIDENCE,"{""source_dataset"":""analytics/crypto_graphframes_exact_relationships.csv""}",2026.07.18.1
CRYPTO_KENNEL_LONG_CON,GF-0580,GF-MSG,SAME_MESSAGE_TEMPLATE,MSG-00222,MSG-00508,message_content_hash,chat-template-004,norm-v1,CURATED_APPROXIMATION,GRAPHFRAMES_EXACT_MATCH,false,SENIOR_V1_TO_CANONICAL_V1,APPROVED,Template reuse supports coordination; common educational phrases require corroboration.,"[""MSG-00222"",""MSG-00508""]",SUPPORTING_EVIDENCE,"{""source_dataset"":""analytics/crypto_graphframes_exact_relationships.csv""}",2026.07.18.1
CRYPTO_KENNEL_LONG_CON,GF-0581,GF-MSG,SAME_MESSAGE_TEMPLATE,MSG-00224,MSG-00510,message_content_hash,chat-template-006,norm-v1,CURATED_APPROXIMATION,GRAPHFRAMES_EXACT_MATCH,false,SENIOR_V1_TO_CANONICAL_V1,APPROVED,Template reuse supports coordination; common educational phrases require corroboration.,"[""MSG-00224"",""MSG-00510""]",SUPPORTING_EVIDENCE,"{""source_dataset"":""analytics/crypto_graphframes_exact_relationships.csv""}",2026.07.18.1
CRYPTO_KENNEL_LONG_CON,GF-0582,GF-MSG,SAME_MESSAGE_TEMPLATE,MSG-00225,MSG-00511,message_content_hash,chat-template-007,norm-v1,CURATED_APPROXIMATION,GRAPHFRAMES_EXACT_MATCH,false,SENIOR_V1_TO_CANONICAL_V1,APPROVED,Template reuse supports coordination; common educational phrases require corroboration.,"[""MSG-00225"",""MSG-00511""]",SUPPORTING_EVIDENCE,"{""source_dataset"":""analytics/crypto_graphframes_exact_relationships.csv""}",2026.07.18.1
CRYPTO_KENNEL_LONG_CON,GF-0583,GF-MSG,SAME_MESSAGE_TEMPLATE,MSG-00227,MSG-00512,message_content_hash,chat-template-009,norm-v1,CURATED_APPROXIMATION,GRAPHFRAMES_EXACT_MATCH,false,SENIOR_V1_TO_CANONICAL_V1,APPROVED,Template reuse supports coordination; common educational phrases require corroboration.,"[""MSG-00227"",""MSG-00512""]",SUPPORTING_EVIDENCE,"{""source_dataset"":""analytics/crypto_graphframes_exact_relationships.csv""}",2026.07.18.1
CRYPTO_KENNEL_LONG_CON,GF-0584,GF-MSG,SAME_MESSAGE_TEMPLATE,MSG-00228,MSG-00514,message_content_hash,chat-template-010,norm-v1,CURATED_APPROXIMATION,GRAPHFRAMES_EXACT_MATCH,false,SENIOR_V1_TO_CANONICAL_V1,APPROVED,Template reuse supports coordination; common educational phrases require corroboration.,"[""MSG-00228"",""MSG-00514""]",SUPPORTING_EVIDENCE,"{""source_dataset"":""analytics/crypto_graphframes_exact_relationships.csv""}",2026.07.18.1
CRYPTO_KENNEL_LONG_CON,GF-0585,GF-MSG,SAME_MESSAGE_TEMPLATE,MSG-00230,MSG-00515,message_content_hash,chat-template-012,norm-v1,CURATED_APPROXIMATION,GRAPHFRAMES_EXACT_MATCH,false,SENIOR_V1_TO_CANONICAL_V1,APPROVED,Template reuse supports coordination; common educational phrases require corroboration.,"[""MSG-00230"",""MSG-00515""]",SUPPORTING_EVIDENCE,"{""source_dataset"":""analytics/crypto_graphframes_exact_relationships.csv""}",2026.07.18.1
CRYPTO_KENNEL_LONG_CON,GF-0586,GF-MSG,SAME_MESSAGE_TEMPLATE,MSG-00231,MSG-00517,message_content_hash,chat-template-004,norm-v1,CURATED_APPROXIMATION,GRAPHFRAMES_EXACT_MATCH,false,SENIOR_V1_TO_CANONICAL_V1,APPROVED,Template reuse supports coordination; common educational phrases require corroboration.,"[""MSG-00231"",""MSG-00517""]",SUPPORTING_EVIDENCE,"{""source_dataset"":""analytics/crypto_graphframes_exact_relationships.csv""}",2026.07.18.1
CRYPTO_KENNEL_LONG_CON,GF-0587,GF-MSG,SAME_MESSAGE_TEMPLATE,MSG-00232,MSG-00518,message_content_hash,chat-template-005,norm-v1,CURATED_APPROXIMATION,GRAPHFRAMES_EXACT_MATCH,false,SENIOR_V1_TO_CANONICAL_V1,APPROVED,Template reuse supports coordination; common educational phrases require corroboration.,"[""MSG-00232"",""MSG-00518""]",SUPPORTING_EVIDENCE,"{""source_dataset"":""analytics/crypto_graphframes_exact_relationships.csv""}",2026.07.18.1
CRYPTO_KENNEL_LONG_CON,GF-0588,GF-MSG,SAME_MESSAGE_TEMPLATE,MSG-00234,MSG-00520,message_content_hash,chat-template-007,norm-v1,CURATED_APPROXIMATION,GRAPHFRAMES_EXACT_MATCH,false,SENIOR_V1_TO_CANONICAL_V1,APPROVED,Template reuse supports coordination; common educational phrases require corroboration.,"[""MSG-00234"",""MSG-00520""]",SUPPORTING_EVIDENCE,"{""source_dataset"":""analytics/crypto_graphframes_exact_relationships.csv""}",2026.07.18.1
CRYPTO_KENNEL_LONG_CON,GF-0589,GF-MSG,SAME_MESSAGE_TEMPLATE,MSG-00235,MSG-00521,message_content_hash,chat-template-008,norm-v1,CURATED_APPROXIMATION,GRAPHFRAMES_EXACT_MATCH,false,SENIOR_V1_TO_CANONICAL_V1,APPROVED,Template reuse supports coordination; common educational phrases require corroboration.,"[""MSG-00235"",""MSG-00521""]",SUPPORTING_EVIDENCE,"{""source_dataset"":""analytics/crypto_graphframes_exact_relationships.csv""}",2026.07.18.1
CRYPTO_KENNEL_LONG_CON,GF-0590,GF-MSG,SAME_MESSAGE_TEMPLATE,MSG-00237,MSG-00522,message_content_hash,chat-template-010,norm-v1,CURATED_APPROXIMATION,GRAPHFRAMES_EXACT_MATCH,false,SENIOR_V1_TO_CANONICAL_V1,APPROVED,Template reuse supports coordination; common educational phrases require corroboration.,"[""MSG-00237"",""MSG-00522""]",SUPPORTING_EVIDENCE,"{""source_dataset"":""analytics/crypto_graphframes_exact_relationships.csv""}",2026.07.18.1
CRYPTO_KENNEL_LONG_CON,GF-0591,GF-MSG,SAME_MESSAGE_TEMPLATE,MSG-00238,MSG-00524,message_content_hash,chat-template-011,norm-v1,CURATED_APPROXIMATION,GRAPHFRAMES_EXACT_MATCH,false,SENIOR_V1_TO_CANONICAL_V1,APPROVED,Template reuse supports coordination; common educational phrases require corroboration.,"[""MSG-00238"",""MSG-00524""]",SUPPORTING_EVIDENCE,"{""source_dataset"":""analytics/crypto_graphframes_exact_relationships.csv""}",2026.07.18.1
CRYPTO_KENNEL_LONG_CON,GF-0592,GF-MSG,SAME_MESSAGE_TEMPLATE,MSG-00240,MSG-00525,message_content_hash,chat-template-013,norm-v1,CURATED_APPROXIMATION,GRAPHFRAMES_EXACT_MATCH,false,SENIOR_V1_TO_CANONICAL_V1,APPROVED,Template reuse supports coordination; common educational phrases require corroboration.,"[""MSG-00240"",""MSG-00525""]",SUPPORTING_EVIDENCE,"{""source_dataset"":""analytics/crypto_graphframes_exact_relationships.csv""}",2026.07.18.1
CRYPTO_KENNEL_LONG_CON,GF-0593,GF-MSG,SAME_MESSAGE_TEMPLATE,MSG-00241,MSG-00527,message_content_hash,chat-template-005,norm-v1,CURATED_APPROXIMATION,GRAPHFRAMES_EXACT_MATCH,false,SENIOR_V1_TO_CANONICAL_V1,APPROVED,Template reuse supports coordination; common educational phrases require corroboration.,"[""MSG-00241"",""MSG-00527""]",SUPPORTING_EVIDENCE,"{""source_dataset"":""analytics/crypto_graphframes_exact_relationships.csv""}",2026.07.18.1
CRYPTO_KENNEL_LONG_CON,GF-0594,GF-MSG,SAME_MESSAGE_TEMPLATE,MSG-00242,MSG-00528,message_content_hash,chat-template-006,norm-v1,CURATED_APPROXIMATION,GRAPHFRAMES_EXACT_MATCH,false,SENIOR_V1_TO_CANONICAL_V1,APPROVED,Template reuse supports coordination; common educational phrases require corroboration.,"[""MSG-00242"",""MSG-00528""]",SUPPORTING_EVIDENCE,"{""source_dataset"":""analytics/crypto_graphframes_exact_relationships.csv""}",2026.07.18.1
CRYPTO_KENNEL_LONG_CON,GF-0595,GF-MSG,SAME_MESSAGE_TEMPLATE,MSG-00244,MSG-00530,message_content_hash,chat-template-008,norm-v1,CURATED_APPROXIMATION,GRAPHFRAMES_EXACT_MATCH,false,SENIOR_V1_TO_CANONICAL_V1,APPROVED,Template reuse supports coordination; common educational phrases require corroboration.,"[""MSG-00244"",""MSG-00530""]",SUPPORTING_EVIDENCE,"{""source_dataset"":""analytics/crypto_graphframes_exact_relationships.csv""}",2026.07.18.1
CRYPTO_KENNEL_LONG_CON,GF-0596,GF-MSG,SAME_MESSAGE_TEMPLATE,MSG-00245,MSG-00531,message_content_hash,chat-template-009,norm-v1,CURATED_APPROXIMATION,GRAPHFRAMES_EXACT_MATCH,false,SENIOR_V1_TO_CANONICAL_V1,APPROVED,Template reuse supports coordination; common educational phrases require corroboration.,"[""MSG-00245"",""MSG-00531""]",SUPPORTING_EVIDENCE,"{""source_dataset"":""analytics/crypto_graphframes_exact_relationships.csv""}",2026.07.18.1
CRYPTO_KENNEL_LONG_CON,GF-0597,GF-MSG,SAME_MESSAGE_TEMPLATE,MSG-00247,MSG-00532,message_content_hash,chat-template-011,norm-v1,CURATED_APPROXIMATION,GRAPHFRAMES_EXACT_MATCH,false,SENIOR_V1_TO_CANONICAL_V1,APPROVED,Template reuse supports coordination; common educational phrases require corroboration.,"[""MSG-00247"",""MSG-00532""]",SUPPORTING_EVIDENCE,"{""source_dataset"":""analytics/crypto_graphframes_exact_relationships.csv""}",2026.07.18.1
CRYPTO_KENNEL_LONG_CON,GF-0598,GF-MSG,SAME_MESSAGE_TEMPLATE,MSG-00248,MSG-00534,message_content_hash,chat-template-012,norm-v1,CURATED_APPROXIMATION,GRAPHFRAMES_EXACT_MATCH,false,SENIOR_V1_TO_CANONICAL_V1,APPROVED,Template reuse supports coordination; common educational phrases require corroboration.,"[""MSG-00248"",""MSG-00534""]",SUPPORTING_EVIDENCE,"{""source_dataset"":""analytics/crypto_graphframes_exact_relationships.csv""}",2026.07.18.1
CRYPTO_KENNEL_LONG_CON,GF-0599,GF-MSG,SAME_MESSAGE_TEMPLATE,MSG-00250,MSG-00535,message_content_hash,chat-template-014,norm-v1,CURATED_APPROXIMATION,GRAPHFRAMES_EXACT_MATCH,false,SENIOR_V1_TO_CANONICAL_V1,APPROVED,Template reuse supports coordination; common educational phrases require corroboration.,"[""MSG-00250"",""MSG-00535""]",SUPPORTING_EVIDENCE,"{""source_dataset"":""analytics/crypto_graphframes_exact_relationships.csv""}",2026.07.18.1
CRYPTO_KENNEL_LONG_CON,GF-0600,GF-MSG,SAME_MESSAGE_TEMPLATE,MSG-00251,MSG-00537,message_content_hash,chat-template-006,norm-v1,CURATED_APPROXIMATION,GRAPHFRAMES_EXACT_MATCH,false,SENIOR_V1_TO_CANONICAL_V1,APPROVED,Template reuse supports coordination; common educational phrases require corroboration.,"[""MSG-00251"",""MSG-00537""]",SUPPORTING_EVIDENCE,"{""source_dataset"":""analytics/crypto_graphframes_exact_relationships.csv""}",2026.07.18.1
CRYPTO_KENNEL_LONG_CON,GF-0601,GF-MSG,SAME_MESSAGE_TEMPLATE,MSG-00252,MSG-00538,message_content_hash,chat-template-007,norm-v1,CURATED_APPROXIMATION,GRAPHFRAMES_EXACT_MATCH,false,SENIOR_V1_TO_CANONICAL_V1,APPROVED,Template reuse supports coordination; common educational phrases require corroboration.,"[""MSG-00252"",""MSG-00538""]",SUPPORTING_EVIDENCE,"{""source_dataset"":""analytics/crypto_graphframes_exact_relationships.csv""}",2026.07.18.1
CRYPTO_KENNEL_LONG_CON,GF-0602,GF-MSG,SAME_MESSAGE_TEMPLATE,MSG-00254,MSG-00540,message_content_hash,chat-template-009,norm-v1,CURATED_APPROXIMATION,GRAPHFRAMES_EXACT_MATCH,false,SENIOR_V1_TO_CANONICAL_V1,APPROVED,Template reuse supports coordination; common educational phrases require corroboration.,"[""MSG-00254"",""MSG-00540""]",SUPPORTING_EVIDENCE,"{""source_dataset"":""analytics/crypto_graphframes_exact_relationships.csv""}",2026.07.18.1
CRYPTO_KENNEL_LONG_CON,GF-0603,GF-MSG,SAME_MESSAGE_TEMPLATE,MSG-00255,MSG-00541,message_content_hash,chat-template-010,norm-v1,CURATED_APPROXIMATION,GRAPHFRAMES_EXACT_MATCH,false,SENIOR_V1_TO_CANONICAL_V1,APPROVED,Template reuse supports coordination; common educational phrases require corroboration.,"[""MSG-00255"",""MSG-00541""]",SUPPORTING_EVIDENCE,"{""source_dataset"":""analytics/crypto_graphframes_exact_relationships.csv""}",2026.07.18.1
CRYPTO_KENNEL_LONG_CON,GF-0604,GF-MSG,SAME_MESSAGE_TEMPLATE,MSG-00257,MSG-00542,message_content_hash,chat-template-012,norm-v1,CURATED_APPROXIMATION,GRAPHFRAMES_EXACT_MATCH,false,SENIOR_V1_TO_CANONICAL_V1,APPROVED,Template reuse supports coordination; common educational phrases require corroboration.,"[""MSG-00257"",""MSG-00542""]",SUPPORTING_EVIDENCE,"{""source_dataset"":""analytics/crypto_graphframes_exact_relationships.csv""}",2026.07.18.1
CRYPTO_KENNEL_LONG_CON,GF-0605,GF-MSG,SAME_MESSAGE_TEMPLATE,MSG-00258,MSG-00544,message_content_hash,chat-template-013,norm-v1,CURATED_APPROXIMATION,GRAPHFRAMES_EXACT_MATCH,false,SENIOR_V1_TO_CANONICAL_V1,APPROVED,Template reuse supports coordination; common educational phrases require corroboration.,"[""MSG-00258"",""MSG-00544""]",SUPPORTING_EVIDENCE,"{""source_dataset"":""analytics/crypto_graphframes_exact_relationships.csv""}",2026.07.18.1
CRYPTO_KENNEL_LONG_CON,GF-0606,GF-MSG,SAME_MESSAGE_TEMPLATE,MSG-00260,MSG-00545,message_content_hash,chat-template-015,norm-v1,CURATED_APPROXIMATION,GRAPHFRAMES_EXACT_MATCH,false,SENIOR_V1_TO_CANONICAL_V1,APPROVED,Template reuse supports coordination; common educational phrases require corroboration.,"[""MSG-00260"",""MSG-00545""]",SUPPORTING_EVIDENCE,"{""source_dataset"":""analytics/crypto_graphframes_exact_relationships.csv""}",2026.07.18.1
CRYPTO_KENNEL_LONG_CON,GF-0607,GF-MSG,SAME_MESSAGE_TEMPLATE,MSG-00261,MSG-00547,message_content_hash,chat-template-007,norm-v1,CURATED_APPROXIMATION,GRAPHFRAMES_EXACT_MATCH,false,SENIOR_V1_TO_CANONICAL_V1,APPROVED,Template reuse supports coordination; common educational phrases require corroboration.,"[""MSG-00261"",""MSG-00547""]",SUPPORTING_EVIDENCE,"{""source_dataset"":""analytics/crypto_graphframes_exact_relationships.csv""}",2026.07.18.1
CRYPTO_KENNEL_LONG_CON,GF-0608,GF-MSG,SAME_MESSAGE_TEMPLATE,MSG-00262,MSG-00548,message_content_hash,chat-template-008,norm-v1,CURATED_APPROXIMATION,GRAPHFRAMES_EXACT_MATCH,false,SENIOR_V1_TO_CANONICAL_V1,APPROVED,Template reuse supports coordination; common educational phrases require corroboration.,"[""MSG-00262"",""MSG-00548""]",SUPPORTING_EVIDENCE,"{""source_dataset"":""analytics/crypto_graphframes_exact_relationships.csv""}",2026.07.18.1
CRYPTO_KENNEL_LONG_CON,GF-0609,GF-MSG,SAME_MESSAGE_TEMPLATE,MSG-00264,MSG-00550,message_content_hash,chat-template-010,norm-v1,CURATED_APPROXIMATION,GRAPHFRAMES_EXACT_MATCH,false,SENIOR_V1_TO_CANONICAL_V1,APPROVED,Template reuse supports coordination; common educational phrases require corroboration.,"[""MSG-00264"",""MSG-00550""]",SUPPORTING_EVIDENCE,"{""source_dataset"":""analytics/crypto_graphframes_exact_relationships.csv""}",2026.07.18.1
CRYPTO_KENNEL_LONG_CON,GF-0610,GF-MSG,SAME_MESSAGE_TEMPLATE,MSG-00265,MSG-00551,message_content_hash,chat-template-011,norm-v1,CURATED_APPROXIMATION,GRAPHFRAMES_EXACT_MATCH,false,SENIOR_V1_TO_CANONICAL_V1,APPROVED,Template reuse supports coordination; common educational phrases require corroboration.,"[""MSG-00265"",""MSG-00551""]",SUPPORTING_EVIDENCE,"{""source_dataset"":""analytics/crypto_graphframes_exact_relationships.csv""}",2026.07.18.1
CRYPTO_KENNEL_LONG_CON,GF-0611,GF-MSG,SAME_MESSAGE_TEMPLATE,MSG-00267,MSG-00552,message_content_hash,chat-template-013,norm-v1,CURATED_APPROXIMATION,GRAPHFRAMES_EXACT_MATCH,false,SENIOR_V1_TO_CANONICAL_V1,APPROVED,Template reuse supports coordination; common educational phrases require corroboration.,"[""MSG-00267"",""MSG-00552""]",SUPPORTING_EVIDENCE,"{""source_dataset"":""analytics/crypto_graphframes_exact_relationships.csv""}",2026.07.18.1
CRYPTO_KENNEL_LONG_CON,GF-0612,GF-MSG,SAME_MESSAGE_TEMPLATE,MSG-00268,MSG-00554,message_content_hash,chat-template-014,norm-v1,CURATED_APPROXIMATION,GRAPHFRAMES_EXACT_MATCH,false,SENIOR_V1_TO_CANONICAL_V1,APPROVED,Template reuse supports coordination; common educational phrases require corroboration.,"[""MSG-00268"",""MSG-00554""]",SUPPORTING_EVIDENCE,"{""source_dataset"":""analytics/crypto_graphframes_exact_relationships.csv""}",2026.07.18.1
CRYPTO_KENNEL_LONG_CON,GF-0613,GF-MSG,SAME_MESSAGE_TEMPLATE,MSG-00270,MSG-00555,message_content_hash,chat-template-016,norm-v1,CURATED_APPROXIMATION,GRAPHFRAMES_EXACT_MATCH,false,SENIOR_V1_TO_CANONICAL_V1,APPROVED,Template reuse supports coordination; common educational phrases require corroboration.,"[""MSG-00270"",""MSG-00555""]",SUPPORTING_EVIDENCE,"{""source_dataset"":""analytics/crypto_graphframes_exact_relationships.csv""}",2026.07.18.1
CRYPTO_KENNEL_LONG_CON,GF-0614,GF-MSG,SAME_MESSAGE_TEMPLATE,MSG-00271,MSG-00557,message_content_hash,chat-template-008,norm-v1,CURATED_APPROXIMATION,GRAPHFRAMES_EXACT_MATCH,false,SENIOR_V1_TO_CANONICAL_V1,APPROVED,Template reuse supports coordination; common educational phrases require corroboration.,"[""MSG-00271"",""MSG-00557""]",SUPPORTING_EVIDENCE,"{""source_dataset"":""analytics/crypto_graphframes_exact_relationships.csv""}",2026.07.18.1
CRYPTO_KENNEL_LONG_CON,GF-0615,GF-MSG,SAME_MESSAGE_TEMPLATE,MSG-00272,MSG-00558,message_content_hash,chat-template-009,norm-v1,CURATED_APPROXIMATION,GRAPHFRAMES_EXACT_MATCH,false,SENIOR_V1_TO_CANONICAL_V1,APPROVED,Template reuse supports coordination; common educational phrases require corroboration.,"[""MSG-00272"",""MSG-00558""]",SUPPORTING_EVIDENCE,"{""source_dataset"":""analytics/crypto_graphframes_exact_relationships.csv""}",2026.07.18.1
CRYPTO_KENNEL_LONG_CON,GF-0616,GF-MSG,SAME_MESSAGE_TEMPLATE,MSG-00274,MSG-00560,message_content_hash,chat-template-011,norm-v1,CURATED_APPROXIMATION,GRAPHFRAMES_EXACT_MATCH,false,SENIOR_V1_TO_CANONICAL_V1,APPROVED,Template reuse supports coordination; common educational phrases require corroboration.,"[""MSG-00274"",""MSG-00560""]",SUPPORTING_EVIDENCE,"{""source_dataset"":""analytics/crypto_graphframes_exact_relationships.csv""}",2026.07.18.1
CRYPTO_KENNEL_LONG_CON,GF-0617,GF-MSG,SAME_MESSAGE_TEMPLATE,MSG-00275,MSG-00561,message_content_hash,chat-template-012,norm-v1,CURATED_APPROXIMATION,GRAPHFRAMES_EXACT_MATCH,false,SENIOR_V1_TO_CANONICAL_V1,APPROVED,Template reuse supports coordination; common educational phrases require corroboration.,"[""MSG-00275"",""MSG-00561""]",SUPPORTING_EVIDENCE,"{""source_dataset"":""analytics/crypto_graphframes_exact_relationships.csv""}",2026.07.18.1
CRYPTO_KENNEL_LONG_CON,GF-0618,GF-MSG,SAME_MESSAGE_TEMPLATE,MSG-00277,MSG-00562,message_content_hash,chat-template-014,norm-v1,CURATED_APPROXIMATION,GRAPHFRAMES_EXACT_MATCH,false,SENIOR_V1_TO_CANONICAL_V1,APPROVED,Template reuse supports coordination; common educational phrases require corroboration.,"[""MSG-00277"",""MSG-00562""]",SUPPORTING_EVIDENCE,"{""source_dataset"":""analytics/crypto_graphframes_exact_relationships.csv""}",2026.07.18.1
CRYPTO_KENNEL_LONG_CON,GF-0619,GF-MSG,SAME_MESSAGE_TEMPLATE,MSG-00278,MSG-00564,message_content_hash,chat-template-015,norm-v1,CURATED_APPROXIMATION,GRAPHFRAMES_EXACT_MATCH,false,SENIOR_V1_TO_CANONICAL_V1,APPROVED,Template reuse supports coordination; common educational phrases require corroboration.,"[""MSG-00278"",""MSG-00564""]",SUPPORTING_EVIDENCE,"{""source_dataset"":""analytics/crypto_graphframes_exact_relationships.csv""}",2026.07.18.1
CRYPTO_KENNEL_LONG_CON,GF-0620,GF-MSG,SAME_MESSAGE_TEMPLATE,MSG-00280,MSG-00565,message_content_hash,chat-template-017,norm-v1,CURATED_APPROXIMATION,GRAPHFRAMES_EXACT_MATCH,false,SENIOR_V1_TO_CANONICAL_V1,APPROVED,Template reuse supports coordination; common educational phrases require corroboration.,"[""MSG-00280"",""MSG-00565""]",SUPPORTING_EVIDENCE,"{""source_dataset"":""analytics/crypto_graphframes_exact_relationships.csv""}",2026.07.18.1
CRYPTO_KENNEL_LONG_CON,GF-0621,GF-MSG,SAME_MESSAGE_TEMPLATE,MSG-00281,MSG-00567,message_content_hash,chat-template-009,norm-v1,CURATED_APPROXIMATION,GRAPHFRAMES_EXACT_MATCH,false,SENIOR_V1_TO_CANONICAL_V1,APPROVED,Template reuse supports coordination; common educational phrases require corroboration.,"[""MSG-00281"",""MSG-00567""]",SUPPORTING_EVIDENCE,"{""source_dataset"":""analytics/crypto_graphframes_exact_relationships.csv""}",2026.07.18.1
CRYPTO_KENNEL_LONG_CON,GF-0622,GF-MSG,SAME_MESSAGE_TEMPLATE,MSG-00282,MSG-00568,message_content_hash,chat-template-010,norm-v1,CURATED_APPROXIMATION,GRAPHFRAMES_EXACT_MATCH,false,SENIOR_V1_TO_CANONICAL_V1,APPROVED,Template reuse supports coordination; common educational phrases require corroboration.,"[""MSG-00282"",""MSG-00568""]",SUPPORTING_EVIDENCE,"{""source_dataset"":""analytics/crypto_graphframes_exact_relationships.csv""}",2026.07.18.1
CRYPTO_KENNEL_LONG_CON,GF-0623,GF-MSG,SAME_MESSAGE_TEMPLATE,MSG-00284,MSG-00570,message_content_hash,chat-template-012,norm-v1,CURATED_APPROXIMATION,GRAPHFRAMES_EXACT_MATCH,false,SENIOR_V1_TO_CANONICAL_V1,APPROVED,Template reuse supports coordination; common educational phrases require corroboration.,"[""MSG-00284"",""MSG-00570""]",SUPPORTING_EVIDENCE,"{""source_dataset"":""analytics/crypto_graphframes_exact_relationships.csv""}",2026.07.18.1
CRYPTO_KENNEL_LONG_CON,GF-0624,GF-MSG,SAME_MESSAGE_TEMPLATE,MSG-00285,MSG-00571,message_content_hash,chat-template-013,norm-v1,CURATED_APPROXIMATION,GRAPHFRAMES_EXACT_MATCH,false,SENIOR_V1_TO_CANONICAL_V1,APPROVED,Template reuse supports coordination; common educational phrases require corroboration.,"[""MSG-00285"",""MSG-00571""]",SUPPORTING_EVIDENCE,"{""source_dataset"":""analytics/crypto_graphframes_exact_relationships.csv""}",2026.07.18.1
CRYPTO_KENNEL_LONG_CON,GF-0625,GF-MSG,SAME_MESSAGE_TEMPLATE,MSG-00287,MSG-00572,message_content_hash,chat-template-015,norm-v1,CURATED_APPROXIMATION,GRAPHFRAMES_EXACT_MATCH,false,SENIOR_V1_TO_CANONICAL_V1,APPROVED,Template reuse supports coordination; common educational phrases require corroboration.,"[""MSG-00287"",""MSG-00572""]",SUPPORTING_EVIDENCE,"{""source_dataset"":""analytics/crypto_graphframes_exact_relationships.csv""}",2026.07.18.1
CRYPTO_KENNEL_LONG_CON,GF-0626,GF-MSG,SAME_MESSAGE_TEMPLATE,MSG-00288,MSG-00574,message_content_hash,chat-template-016,norm-v1,CURATED_APPROXIMATION,GRAPHFRAMES_EXACT_MATCH,false,SENIOR_V1_TO_CANONICAL_V1,APPROVED,Template reuse supports coordination; common educational phrases require corroboration.,"[""MSG-00288"",""MSG-00574""]",SUPPORTING_EVIDENCE,"{""source_dataset"":""analytics/crypto_graphframes_exact_relationships.csv""}",2026.07.18.1
CRYPTO_KENNEL_LONG_CON,GF-0627,GF-MSG,SAME_MESSAGE_TEMPLATE,MSG-00290,MSG-00575,message_content_hash,chat-template-018,norm-v1,CURATED_APPROXIMATION,GRAPHFRAMES_EXACT_MATCH,false,SENIOR_V1_TO_CANONICAL_V1,APPROVED,Template reuse supports coordination; common educational phrases require corroboration.,"[""MSG-00290"",""MSG-00575""]",SUPPORTING_EVIDENCE,"{""source_dataset"":""analytics/crypto_graphframes_exact_relationships.csv""}",2026.07.18.1
CRYPTO_KENNEL_LONG_CON,GF-0628,GF-MSG,SAME_MESSAGE_TEMPLATE,MSG-00291,MSG-00577,message_content_hash,chat-template-010,norm-v1,CURATED_APPROXIMATION,GRAPHFRAMES_EXACT_MATCH,false,SENIOR_V1_TO_CANONICAL_V1,APPROVED,Template reuse supports coordination; common educational phrases require corroboration.,"[""MSG-00291"",""MSG-00577""]",SUPPORTING_EVIDENCE,"{""source_dataset"":""analytics/crypto_graphframes_exact_relationships.csv""}",2026.07.18.1
CRYPTO_KENNEL_LONG_CON,GF-0629,GF-MSG,SAME_MESSAGE_TEMPLATE,MSG-00292,MSG-00578,message_content_hash,chat-template-011,norm-v1,CURATED_APPROXIMATION,GRAPHFRAMES_EXACT_MATCH,false,SENIOR_V1_TO_CANONICAL_V1,APPROVED,Template reuse supports coordination; common educational phrases require corroboration.,"[""MSG-00292"",""MSG-00578""]",SUPPORTING_EVIDENCE,"{""source_dataset"":""analytics/crypto_graphframes_exact_relationships.csv""}",2026.07.18.1
CRYPTO_KENNEL_LONG_CON,GF-0630,GF-MSG,SAME_MESSAGE_TEMPLATE,MSG-00294,MSG-00580,message_content_hash,chat-template-013,norm-v1,CURATED_APPROXIMATION,GRAPHFRAMES_EXACT_MATCH,false,SENIOR_V1_TO_CANONICAL_V1,APPROVED,Template reuse supports coordination; common educational phrases require corroboration.,"[""MSG-00294"",""MSG-00580""]",SUPPORTING_EVIDENCE,"{""source_dataset"":""analytics/crypto_graphframes_exact_relationships.csv""}",2026.07.18.1
CRYPTO_KENNEL_LONG_CON,GF-0631,GF-MSG,SAME_MESSAGE_TEMPLATE,MSG-00295,MSG-00581,message_content_hash,chat-template-014,norm-v1,CURATED_APPROXIMATION,GRAPHFRAMES_EXACT_MATCH,false,SENIOR_V1_TO_CANONICAL_V1,APPROVED,Template reuse supports coordination; common educational phrases require corroboration.,"[""MSG-00295"",""MSG-00581""]",SUPPORTING_EVIDENCE,"{""source_dataset"":""analytics/crypto_graphframes_exact_relationships.csv""}",2026.07.18.1
CRYPTO_KENNEL_LONG_CON,GF-0632,GF-MSG,SAME_MESSAGE_TEMPLATE,MSG-00297,MSG-00582,message_content_hash,chat-template-016,norm-v1,CURATED_APPROXIMATION,GRAPHFRAMES_EXACT_MATCH,false,SENIOR_V1_TO_CANONICAL_V1,APPROVED,Template reuse supports coordination; common educational phrases require corroboration.,"[""MSG-00297"",""MSG-00582""]",SUPPORTING_EVIDENCE,"{""source_dataset"":""analytics/crypto_graphframes_exact_relationships.csv""}",2026.07.18.1
CRYPTO_KENNEL_LONG_CON,GF-0633,GF-MSG,SAME_MESSAGE_TEMPLATE,MSG-00298,MSG-00584,message_content_hash,chat-template-017,norm-v1,CURATED_APPROXIMATION,GRAPHFRAMES_EXACT_MATCH,false,SENIOR_V1_TO_CANONICAL_V1,APPROVED,Template reuse supports coordination; common educational phrases require corroboration.,"[""MSG-00298"",""MSG-00584""]",SUPPORTING_EVIDENCE,"{""source_dataset"":""analytics/crypto_graphframes_exact_relationships.csv""}",2026.07.18.1
CRYPTO_KENNEL_LONG_CON,GF-0634,GF-MSG,SAME_MESSAGE_TEMPLATE,MSG-00300,MSG-00585,message_content_hash,chat-template-019,norm-v1,CURATED_APPROXIMATION,GRAPHFRAMES_EXACT_MATCH,false,SENIOR_V1_TO_CANONICAL_V1,APPROVED,Template reuse supports coordination; common educational phrases require corroboration.,"[""MSG-00300"",""MSG-00585""]",SUPPORTING_EVIDENCE,"{""source_dataset"":""analytics/crypto_graphframes_exact_relationships.csv""}",2026.07.18.1
CRYPTO_KENNEL_LONG_CON,GF-0635,GF-MSG,SAME_MESSAGE_TEMPLATE,MSG-00301,MSG-00587,message_content_hash,chat-template-011,norm-v1,CURATED_APPROXIMATION,GRAPHFRAMES_EXACT_MATCH,false,SENIOR_V1_TO_CANONICAL_V1,APPROVED,Template reuse supports coordination; common educational phrases require corroboration.,"[""MSG-00301"",""MSG-00587""]",SUPPORTING_EVIDENCE,"{""source_dataset"":""analytics/crypto_graphframes_exact_relationships.csv""}",2026.07.18.1
CRYPTO_KENNEL_LONG_CON,GF-0636,GF-MSG,SAME_MESSAGE_TEMPLATE,MSG-00302,MSG-00588,message_content_hash,chat-template-012,norm-v1,CURATED_APPROXIMATION,GRAPHFRAMES_EXACT_MATCH,false,SENIOR_V1_TO_CANONICAL_V1,APPROVED,Template reuse supports coordination; common educational phrases require corroboration.,"[""MSG-00302"",""MSG-00588""]",SUPPORTING_EVIDENCE,"{""source_dataset"":""analytics/crypto_graphframes_exact_relationships.csv""}",2026.07.18.1
CRYPTO_KENNEL_LONG_CON,GF-0637,GF-MSG,SAME_MESSAGE_TEMPLATE,MSG-00304,MSG-00590,message_content_hash,chat-template-014,norm-v1,CURATED_APPROXIMATION,GRAPHFRAMES_EXACT_MATCH,false,SENIOR_V1_TO_CANONICAL_V1,APPROVED,Template reuse supports coordination; common educational phrases require corroboration.,"[""MSG-00304"",""MSG-00590""]",SUPPORTING_EVIDENCE,"{""source_dataset"":""analytics/crypto_graphframes_exact_relationships.csv""}",2026.07.18.1
CRYPTO_KENNEL_LONG_CON,GF-0638,GF-MSG,SAME_MESSAGE_TEMPLATE,MSG-00305,MSG-00591,message_content_hash,chat-template-015,norm-v1,CURATED_APPROXIMATION,GRAPHFRAMES_EXACT_MATCH,false,SENIOR_V1_TO_CANONICAL_V1,APPROVED,Template reuse supports coordination; common educational phrases require corroboration.,"[""MSG-00305"",""MSG-00591""]",SUPPORTING_EVIDENCE,"{""source_dataset"":""analytics/crypto_graphframes_exact_relationships.csv""}",2026.07.18.1
CRYPTO_KENNEL_LONG_CON,GF-0639,GF-MSG,SAME_MESSAGE_TEMPLATE,MSG-00307,MSG-00592,message_content_hash,chat-template-017,norm-v1,CURATED_APPROXIMATION,GRAPHFRAMES_EXACT_MATCH,false,SENIOR_V1_TO_CANONICAL_V1,APPROVED,Template reuse supports coordination; common educational phrases require corroboration.,"[""MSG-00307"",""MSG-00592""]",SUPPORTING_EVIDENCE,"{""source_dataset"":""analytics/crypto_graphframes_exact_relationships.csv""}",2026.07.18.1
CRYPTO_KENNEL_LONG_CON,GF-0640,GF-MSG,SAME_MESSAGE_TEMPLATE,MSG-00308,MSG-00594,message_content_hash,chat-template-018,norm-v1,CURATED_APPROXIMATION,GRAPHFRAMES_EXACT_MATCH,false,SENIOR_V1_TO_CANONICAL_V1,APPROVED,Template reuse supports coordination; common educational phrases require corroboration.,"[""MSG-00308"",""MSG-00594""]",SUPPORTING_EVIDENCE,"{""source_dataset"":""analytics/crypto_graphframes_exact_relationships.csv""}",2026.07.18.1
CRYPTO_KENNEL_LONG_CON,GF-0641,GF-MSG,SAME_MESSAGE_TEMPLATE,MSG-00310,MSG-00595,message_content_hash,chat-template-020,norm-v1,CURATED_APPROXIMATION,GRAPHFRAMES_EXACT_MATCH,false,SENIOR_V1_TO_CANONICAL_V1,APPROVED,Template reuse supports coordination; common educational phrases require corroboration.,"[""MSG-00310"",""MSG-00595""]",SUPPORTING_EVIDENCE,"{""source_dataset"":""analytics/crypto_graphframes_exact_relationships.csv""}",2026.07.18.1
CRYPTO_KENNEL_LONG_CON,GF-0642,GF-MSG,SAME_MESSAGE_TEMPLATE,MSG-00311,MSG-00597,message_content_hash,chat-template-012,norm-v1,CURATED_APPROXIMATION,GRAPHFRAMES_EXACT_MATCH,false,SENIOR_V1_TO_CANONICAL_V1,APPROVED,Template reuse supports coordination; common educational phrases require corroboration.,"[""MSG-00311"",""MSG-00597""]",SUPPORTING_EVIDENCE,"{""source_dataset"":""analytics/crypto_graphframes_exact_relationships.csv""}",2026.07.18.1
CRYPTO_KENNEL_LONG_CON,GF-0643,GF-MSG,SAME_MESSAGE_TEMPLATE,MSG-00312,MSG-00598,message_content_hash,chat-template-013,norm-v1,CURATED_APPROXIMATION,GRAPHFRAMES_EXACT_MATCH,false,SENIOR_V1_TO_CANONICAL_V1,APPROVED,Template reuse supports coordination; common educational phrases require corroboration.,"[""MSG-00312"",""MSG-00598""]",SUPPORTING_EVIDENCE,"{""source_dataset"":""analytics/crypto_graphframes_exact_relationships.csv""}",2026.07.18.1
CRYPTO_KENNEL_LONG_CON,GF-0644,GF-MSG,SAME_MESSAGE_TEMPLATE,MSG-00314,MSG-00600,message_content_hash,chat-template-015,norm-v1,CURATED_APPROXIMATION,GRAPHFRAMES_EXACT_MATCH,false,SENIOR_V1_TO_CANONICAL_V1,APPROVED,Template reuse supports coordination; common educational phrases require corroboration.,"[""MSG-00314"",""MSG-00600""]",SUPPORTING_EVIDENCE,"{""source_dataset"":""analytics/crypto_graphframes_exact_relationships.csv""}",2026.07.18.1
CRYPTO_KENNEL_LONG_CON,GF-0645,GF-MSG,SAME_MESSAGE_TEMPLATE,MSG-00315,MSG-00601,message_content_hash,chat-template-016,norm-v1,CURATED_APPROXIMATION,GRAPHFRAMES_EXACT_MATCH,false,SENIOR_V1_TO_CANONICAL_V1,APPROVED,Template reuse supports coordination; common educational phrases require corroboration.,"[""MSG-00315"",""MSG-00601""]",SUPPORTING_EVIDENCE,"{""source_dataset"":""analytics/crypto_graphframes_exact_relationships.csv""}",2026.07.18.1
CRYPTO_KENNEL_LONG_CON,GF-0646,GF-MSG,SAME_MESSAGE_TEMPLATE,MSG-00317,MSG-00602,message_content_hash,chat-template-018,norm-v1,CURATED_APPROXIMATION,GRAPHFRAMES_EXACT_MATCH,false,SENIOR_V1_TO_CANONICAL_V1,APPROVED,Template reuse supports coordination; common educational phrases require corroboration.,"[""MSG-00317"",""MSG-00602""]",SUPPORTING_EVIDENCE,"{""source_dataset"":""analytics/crypto_graphframes_exact_relationships.csv""}",2026.07.18.1
CRYPTO_KENNEL_LONG_CON,GF-0647,GF-MSG,SAME_MESSAGE_TEMPLATE,MSG-00318,MSG-00604,message_content_hash,chat-template-019,norm-v1,CURATED_APPROXIMATION,GRAPHFRAMES_EXACT_MATCH,false,SENIOR_V1_TO_CANONICAL_V1,APPROVED,Template reuse supports coordination; common educational phrases require corroboration.,"[""MSG-00318"",""MSG-00604""]",SUPPORTING_EVIDENCE,"{""source_dataset"":""analytics/crypto_graphframes_exact_relationships.csv""}",2026.07.18.1
CRYPTO_KENNEL_LONG_CON,GF-0648,GF-MSG,SAME_MESSAGE_TEMPLATE,MSG-00320,MSG-00605,message_content_hash,chat-template-001,norm-v1,CURATED_APPROXIMATION,GRAPHFRAMES_EXACT_MATCH,false,SENIOR_V1_TO_CANONICAL_V1,APPROVED,Template reuse supports coordination; common educational phrases require corroboration.,"[""MSG-00320"",""MSG-00605""]",SUPPORTING_EVIDENCE,"{""source_dataset"":""analytics/crypto_graphframes_exact_relationships.csv""}",2026.07.18.1
CRYPTO_KENNEL_LONG_CON,GF-0649,GF-MSG,SAME_MESSAGE_TEMPLATE,MSG-00321,MSG-00607,message_content_hash,chat-template-013,norm-v1,CURATED_APPROXIMATION,GRAPHFRAMES_EXACT_MATCH,false,SENIOR_V1_TO_CANONICAL_V1,APPROVED,Template reuse supports coordination; common educational phrases require corroboration.,"[""MSG-00321"",""MSG-00607""]",SUPPORTING_EVIDENCE,"{""source_dataset"":""analytics/crypto_graphframes_exact_relationships.csv""}",2026.07.18.1
CRYPTO_KENNEL_LONG_CON,GF-0650,GF-MSG,SAME_MESSAGE_TEMPLATE,MSG-00322,MSG-00608,message_content_hash,chat-template-014,norm-v1,CURATED_APPROXIMATION,GRAPHFRAMES_EXACT_MATCH,false,SENIOR_V1_TO_CANONICAL_V1,APPROVED,Template reuse supports coordination; common educational phrases require corroboration.,"[""MSG-00322"",""MSG-00608""]",SUPPORTING_EVIDENCE,"{""source_dataset"":""analytics/crypto_graphframes_exact_relationships.csv""}",2026.07.18.1
CRYPTO_KENNEL_LONG_CON,GF-0651,GF-MSG,SAME_MESSAGE_TEMPLATE,MSG-00324,MSG-00610,message_content_hash,chat-template-016,norm-v1,CURATED_APPROXIMATION,GRAPHFRAMES_EXACT_MATCH,false,SENIOR_V1_TO_CANONICAL_V1,APPROVED,Template reuse supports coordination; common educational phrases require corroboration.,"[""MSG-00324"",""MSG-00610""]",SUPPORTING_EVIDENCE,"{""source_dataset"":""analytics/crypto_graphframes_exact_relationships.csv""}",2026.07.18.1
CRYPTO_KENNEL_LONG_CON,GF-0652,GF-MSG,SAME_MESSAGE_TEMPLATE,MSG-00325,MSG-00611,message_content_hash,chat-template-017,norm-v1,CURATED_APPROXIMATION,GRAPHFRAMES_EXACT_MATCH,false,SENIOR_V1_TO_CANONICAL_V1,APPROVED,Template reuse supports coordination; common educational phrases require corroboration.,"[""MSG-00325"",""MSG-00611""]",SUPPORTING_EVIDENCE,"{""source_dataset"":""analytics/crypto_graphframes_exact_relationships.csv""}",2026.07.18.1
CRYPTO_KENNEL_LONG_CON,GF-0653,GF-MSG,SAME_MESSAGE_TEMPLATE,MSG-00327,MSG-00612,message_content_hash,chat-template-019,norm-v1,CURATED_APPROXIMATION,GRAPHFRAMES_EXACT_MATCH,false,SENIOR_V1_TO_CANONICAL_V1,APPROVED,Template reuse supports coordination; common educational phrases require corroboration.,"[""MSG-00327"",""MSG-00612""]",SUPPORTING_EVIDENCE,"{""source_dataset"":""analytics/crypto_graphframes_exact_relationships.csv""}",2026.07.18.1
CRYPTO_KENNEL_LONG_CON,GF-0654,GF-MSG,SAME_MESSAGE_TEMPLATE,MSG-00328,MSG-00614,message_content_hash,chat-template-020,norm-v1,CURATED_APPROXIMATION,GRAPHFRAMES_EXACT_MATCH,false,SENIOR_V1_TO_CANONICAL_V1,APPROVED,Template reuse supports coordination; common educational phrases require corroboration.,"[""MSG-00328"",""MSG-00614""]",SUPPORTING_EVIDENCE,"{""source_dataset"":""analytics/crypto_graphframes_exact_relationships.csv""}",2026.07.18.1
CRYPTO_KENNEL_LONG_CON,GF-0655,GF-MSG,SAME_MESSAGE_TEMPLATE,MSG-00330,MSG-00615,message_content_hash,chat-template-002,norm-v1,CURATED_APPROXIMATION,GRAPHFRAMES_EXACT_MATCH,false,SENIOR_V1_TO_CANONICAL_V1,APPROVED,Template reuse supports coordination; common educational phrases require corroboration.,"[""MSG-00330"",""MSG-00615""]",SUPPORTING_EVIDENCE,"{""source_dataset"":""analytics/crypto_graphframes_exact_relationships.csv""}",2026.07.18.1
CRYPTO_KENNEL_LONG_CON,GF-0656,GF-MSG,SAME_MESSAGE_TEMPLATE,MSG-00331,MSG-00617,message_content_hash,chat-template-014,norm-v1,CURATED_APPROXIMATION,GRAPHFRAMES_EXACT_MATCH,false,SENIOR_V1_TO_CANONICAL_V1,APPROVED,Template reuse supports coordination; common educational phrases require corroboration.,"[""MSG-00331"",""MSG-00617""]",SUPPORTING_EVIDENCE,"{""source_dataset"":""analytics/crypto_graphframes_exact_relationships.csv""}",2026.07.18.1
CRYPTO_KENNEL_LONG_CON,GF-0657,GF-MSG,SAME_MESSAGE_TEMPLATE,MSG-00332,MSG-00618,message_content_hash,chat-template-015,norm-v1,CURATED_APPROXIMATION,GRAPHFRAMES_EXACT_MATCH,false,SENIOR_V1_TO_CANONICAL_V1,APPROVED,Template reuse supports coordination; common educational phrases require corroboration.,"[""MSG-00332"",""MSG-00618""]",SUPPORTING_EVIDENCE,"{""source_dataset"":""analytics/crypto_graphframes_exact_relationships.csv""}",2026.07.18.1
CRYPTO_KENNEL_LONG_CON,GF-0658,GF-MSG,SAME_MESSAGE_TEMPLATE,MSG-00334,MSG-00620,message_content_hash,chat-template-017,norm-v1,CURATED_APPROXIMATION,GRAPHFRAMES_EXACT_MATCH,false,SENIOR_V1_TO_CANONICAL_V1,APPROVED,Template reuse supports coordination; common educational phrases require corroboration.,"[""MSG-00334"",""MSG-00620""]",SUPPORTING_EVIDENCE,"{""source_dataset"":""analytics/crypto_graphframes_exact_relationships.csv""}",2026.07.18.1
CRYPTO_KENNEL_LONG_CON,GF-0659,GF-MSG,SAME_MESSAGE_TEMPLATE,MSG-00335,MSG-00621,message_content_hash,chat-template-018,norm-v1,CURATED_APPROXIMATION,GRAPHFRAMES_EXACT_MATCH,false,SENIOR_V1_TO_CANONICAL_V1,APPROVED,Template reuse supports coordination; common educational phrases require corroboration.,"[""MSG-00335"",""MSG-00621""]",SUPPORTING_EVIDENCE,"{""source_dataset"":""analytics/crypto_graphframes_exact_relationships.csv""}",2026.07.18.1
CRYPTO_KENNEL_LONG_CON,GF-0660,GF-MSG,SAME_MESSAGE_TEMPLATE,MSG-00337,MSG-00622,message_content_hash,chat-template-020,norm-v1,CURATED_APPROXIMATION,GRAPHFRAMES_EXACT_MATCH,false,SENIOR_V1_TO_CANONICAL_V1,APPROVED,Template reuse supports coordination; common educational phrases require corroboration.,"[""MSG-00337"",""MSG-00622""]",SUPPORTING_EVIDENCE,"{""source_dataset"":""analytics/crypto_graphframes_exact_relationships.csv""}",2026.07.18.1
CRYPTO_KENNEL_LONG_CON,GF-0661,GF-MSG,SAME_MESSAGE_TEMPLATE,MSG-00338,MSG-00624,message_content_hash,chat-template-001,norm-v1,CURATED_APPROXIMATION,GRAPHFRAMES_EXACT_MATCH,false,SENIOR_V1_TO_CANONICAL_V1,APPROVED,Template reuse supports coordination; common educational phrases require corroboration.,"[""MSG-00338"",""MSG-00624""]",SUPPORTING_EVIDENCE,"{""source_dataset"":""analytics/crypto_graphframes_exact_relationships.csv""}",2026.07.18.1
CRYPTO_KENNEL_LONG_CON,GF-0662,GF-MSG,SAME_MESSAGE_TEMPLATE,MSG-00340,MSG-00625,message_content_hash,chat-template-003,norm-v1,CURATED_APPROXIMATION,GRAPHFRAMES_EXACT_MATCH,false,SENIOR_V1_TO_CANONICAL_V1,APPROVED,Template reuse supports coordination; common educational phrases require corroboration.,"[""MSG-00340"",""MSG-00625""]",SUPPORTING_EVIDENCE,"{""source_dataset"":""analytics/crypto_graphframes_exact_relationships.csv""}",2026.07.18.1
CRYPTO_KENNEL_LONG_CON,GF-0663,GF-MSG,SAME_MESSAGE_TEMPLATE,MSG-00341,MSG-00627,message_content_hash,chat-template-015,norm-v1,CURATED_APPROXIMATION,GRAPHFRAMES_EXACT_MATCH,false,SENIOR_V1_TO_CANONICAL_V1,APPROVED,Template reuse supports coordination; common educational phrases require corroboration.,"[""MSG-00341"",""MSG-00627""]",SUPPORTING_EVIDENCE,"{""source_dataset"":""analytics/crypto_graphframes_exact_relationships.csv""}",2026.07.18.1
CRYPTO_KENNEL_LONG_CON,GF-0664,GF-MSG,SAME_MESSAGE_TEMPLATE,MSG-00342,MSG-00628,message_content_hash,chat-template-016,norm-v1,CURATED_APPROXIMATION,GRAPHFRAMES_EXACT_MATCH,false,SENIOR_V1_TO_CANONICAL_V1,APPROVED,Template reuse supports coordination; common educational phrases require corroboration.,"[""MSG-00342"",""MSG-00628""]",SUPPORTING_EVIDENCE,"{""source_dataset"":""analytics/crypto_graphframes_exact_relationships.csv""}",2026.07.18.1
CRYPTO_KENNEL_LONG_CON,GF-0665,GF-MSG,SAME_MESSAGE_TEMPLATE,MSG-00344,MSG-00630,message_content_hash,chat-template-018,norm-v1,CURATED_APPROXIMATION,GRAPHFRAMES_EXACT_MATCH,false,SENIOR_V1_TO_CANONICAL_V1,APPROVED,Template reuse supports coordination; common educational phrases require corroboration.,"[""MSG-00344"",""MSG-00630""]",SUPPORTING_EVIDENCE,"{""source_dataset"":""analytics/crypto_graphframes_exact_relationships.csv""}",2026.07.18.1
CRYPTO_KENNEL_LONG_CON,GF-0666,GF-MSG,SAME_MESSAGE_TEMPLATE,MSG-00345,MSG-00631,message_content_hash,chat-template-019,norm-v1,CURATED_APPROXIMATION,GRAPHFRAMES_EXACT_MATCH,false,SENIOR_V1_TO_CANONICAL_V1,APPROVED,Template reuse supports coordination; common educational phrases require corroboration.,"[""MSG-00345"",""MSG-00631""]",SUPPORTING_EVIDENCE,"{""source_dataset"":""analytics/crypto_graphframes_exact_relationships.csv""}",2026.07.18.1
CRYPTO_KENNEL_LONG_CON,GF-0667,GF-MSG,SAME_MESSAGE_TEMPLATE,MSG-00347,MSG-00632,message_content_hash,chat-template-001,norm-v1,CURATED_APPROXIMATION,GRAPHFRAMES_EXACT_MATCH,false,SENIOR_V1_TO_CANONICAL_V1,APPROVED,Template reuse supports coordination; common educational phrases require corroboration.,"[""MSG-00347"",""MSG-00632""]",SUPPORTING_EVIDENCE,"{""source_dataset"":""analytics/crypto_graphframes_exact_relationships.csv""}",2026.07.18.1
CRYPTO_KENNEL_LONG_CON,GF-0668,GF-MSG,SAME_MESSAGE_TEMPLATE,MSG-00348,MSG-00634,message_content_hash,chat-template-002,norm-v1,CURATED_APPROXIMATION,GRAPHFRAMES_EXACT_MATCH,false,SENIOR_V1_TO_CANONICAL_V1,APPROVED,Template reuse supports coordination; common educational phrases require corroboration.,"[""MSG-00348"",""MSG-00634""]",SUPPORTING_EVIDENCE,"{""source_dataset"":""analytics/crypto_graphframes_exact_relationships.csv""}",2026.07.18.1
CRYPTO_KENNEL_LONG_CON,GF-0669,GF-MSG,SAME_MESSAGE_TEMPLATE,MSG-00350,MSG-00635,message_content_hash,chat-template-004,norm-v1,CURATED_APPROXIMATION,GRAPHFRAMES_EXACT_MATCH,false,SENIOR_V1_TO_CANONICAL_V1,APPROVED,Template reuse supports coordination; common educational phrases require corroboration.,"[""MSG-00350"",""MSG-00635""]",SUPPORTING_EVIDENCE,"{""source_dataset"":""analytics/crypto_graphframes_exact_relationships.csv""}",2026.07.18.1
CRYPTO_KENNEL_LONG_CON,GF-0670,GF-MSG,SAME_MESSAGE_TEMPLATE,MSG-00351,MSG-00637,message_content_hash,chat-template-016,norm-v1,CURATED_APPROXIMATION,GRAPHFRAMES_EXACT_MATCH,false,SENIOR_V1_TO_CANONICAL_V1,APPROVED,Template reuse supports coordination; common educational phrases require corroboration.,"[""MSG-00351"",""MSG-00637""]",SUPPORTING_EVIDENCE,"{""source_dataset"":""analytics/crypto_graphframes_exact_relationships.csv""}",2026.07.18.1
CRYPTO_KENNEL_LONG_CON,GF-0671,GF-MSG,SAME_MESSAGE_TEMPLATE,MSG-00352,MSG-00638,message_content_hash,chat-template-017,norm-v1,CURATED_APPROXIMATION,GRAPHFRAMES_EXACT_MATCH,false,SENIOR_V1_TO_CANONICAL_V1,APPROVED,Template reuse supports coordination; common educational phrases require corroboration.,"[""MSG-00352"",""MSG-00638""]",SUPPORTING_EVIDENCE,"{""source_dataset"":""analytics/crypto_graphframes_exact_relationships.csv""}",2026.07.18.1
CRYPTO_KENNEL_LONG_CON,GF-0672,GF-MSG,SAME_MESSAGE_TEMPLATE,MSG-00354,MSG-00640,message_content_hash,chat-template-019,norm-v1,CURATED_APPROXIMATION,GRAPHFRAMES_EXACT_MATCH,false,SENIOR_V1_TO_CANONICAL_V1,APPROVED,Template reuse supports coordination; common educational phrases require corroboration.,"[""MSG-00354"",""MSG-00640""]",SUPPORTING_EVIDENCE,"{""source_dataset"":""analytics/crypto_graphframes_exact_relationships.csv""}",2026.07.18.1
CRYPTO_KENNEL_LONG_CON,GF-0673,GF-MSG,SAME_MESSAGE_TEMPLATE,MSG-00355,MSG-00641,message_content_hash,chat-template-020,norm-v1,CURATED_APPROXIMATION,GRAPHFRAMES_EXACT_MATCH,false,SENIOR_V1_TO_CANONICAL_V1,APPROVED,Template reuse supports coordination; common educational phrases require corroboration.,"[""MSG-00355"",""MSG-00641""]",SUPPORTING_EVIDENCE,"{""source_dataset"":""analytics/crypto_graphframes_exact_relationships.csv""}",2026.07.18.1
CRYPTO_KENNEL_LONG_CON,GF-0674,GF-MSG,SAME_MESSAGE_TEMPLATE,MSG-00357,MSG-00642,message_content_hash,chat-template-002,norm-v1,CURATED_APPROXIMATION,GRAPHFRAMES_EXACT_MATCH,false,SENIOR_V1_TO_CANONICAL_V1,APPROVED,Template reuse supports coordination; common educational phrases require corroboration.,"[""MSG-00357"",""MSG-00642""]",SUPPORTING_EVIDENCE,"{""source_dataset"":""analytics/crypto_graphframes_exact_relationships.csv""}",2026.07.18.1
CRYPTO_KENNEL_LONG_CON,GF-0675,GF-SUPPORT,SAME_SUPPORT_TEMPLATE,TKT-0001,TKT-0015,support_response_template_hash,support-template-001,norm-v1,CURATED_APPROXIMATION,GRAPHFRAMES_EXACT_MATCH,false,SENIOR_V1_TO_CANONICAL_V1,APPROVED,Support templates can be normal; external fee demands determine significance.,"[""TKT-0001"",""TKT-0015""]",SUPPORTING_EVIDENCE,"{""source_dataset"":""analytics/crypto_graphframes_exact_relationships.csv""}",2026.07.18.1
CRYPTO_KENNEL_LONG_CON,GF-0676,GF-SUPPORT,SAME_SUPPORT_TEMPLATE,TKT-0002,TKT-0016,support_response_template_hash,support-template-002,norm-v1,CURATED_APPROXIMATION,GRAPHFRAMES_EXACT_MATCH,false,SENIOR_V1_TO_CANONICAL_V1,APPROVED,Support templates can be normal; external fee demands determine significance.,"[""TKT-0002"",""TKT-0016""]",SUPPORTING_EVIDENCE,"{""source_dataset"":""analytics/crypto_graphframes_exact_relationships.csv""}",2026.07.18.1
CRYPTO_KENNEL_LONG_CON,GF-0677,GF-SUPPORT,SAME_SUPPORT_TEMPLATE,TKT-0003,TKT-0017,support_response_template_hash,support-template-003,norm-v1,CURATED_APPROXIMATION,GRAPHFRAMES_EXACT_MATCH,false,SENIOR_V1_TO_CANONICAL_V1,APPROVED,Support templates can be normal; external fee demands determine significance.,"[""TKT-0003"",""TKT-0017""]",SUPPORTING_EVIDENCE,"{""source_dataset"":""analytics/crypto_graphframes_exact_relationships.csv""}",2026.07.18.1
CRYPTO_KENNEL_LONG_CON,GF-0678,GF-SUPPORT,SAME_SUPPORT_TEMPLATE,TKT-0004,TKT-0018,support_response_template_hash,support-template-004,norm-v1,CURATED_APPROXIMATION,GRAPHFRAMES_EXACT_MATCH,false,SENIOR_V1_TO_CANONICAL_V1,APPROVED,Support templates can be normal; external fee demands determine significance.,"[""TKT-0004"",""TKT-0018""]",SUPPORTING_EVIDENCE,"{""source_dataset"":""analytics/crypto_graphframes_exact_relationships.csv""}",2026.07.18.1
CRYPTO_KENNEL_LONG_CON,GF-0679,GF-SUPPORT,SAME_SUPPORT_TEMPLATE,TKT-0005,TKT-0019,support_response_template_hash,support-template-005,norm-v1,CURATED_APPROXIMATION,GRAPHFRAMES_EXACT_MATCH,false,SENIOR_V1_TO_CANONICAL_V1,APPROVED,Support templates can be normal; external fee demands determine significance.,"[""TKT-0005"",""TKT-0019""]",SUPPORTING_EVIDENCE,"{""source_dataset"":""analytics/crypto_graphframes_exact_relationships.csv""}",2026.07.18.1
CRYPTO_KENNEL_LONG_CON,GF-0680,GF-SUPPORT,SAME_SUPPORT_TEMPLATE,TKT-0006,TKT-0020,support_response_template_hash,support-template-006,norm-v1,CURATED_APPROXIMATION,GRAPHFRAMES_EXACT_MATCH,false,SENIOR_V1_TO_CANONICAL_V1,APPROVED,Support templates can be normal; external fee demands determine significance.,"[""TKT-0006"",""TKT-0020""]",SUPPORTING_EVIDENCE,"{""source_dataset"":""analytics/crypto_graphframes_exact_relationships.csv""}",2026.07.18.1
CRYPTO_KENNEL_LONG_CON,GF-0681,GF-SUPPORT,SAME_SUPPORT_TEMPLATE,TKT-0007,TKT-0021,support_response_template_hash,support-template-007,norm-v1,CURATED_APPROXIMATION,GRAPHFRAMES_EXACT_MATCH,false,SENIOR_V1_TO_CANONICAL_V1,APPROVED,Support templates can be normal; external fee demands determine significance.,"[""TKT-0007"",""TKT-0021""]",SUPPORTING_EVIDENCE,"{""source_dataset"":""analytics/crypto_graphframes_exact_relationships.csv""}",2026.07.18.1
CRYPTO_KENNEL_LONG_CON,GF-0682,GF-SUPPORT,SAME_SUPPORT_TEMPLATE,TKT-0008,TKT-0022,support_response_template_hash,support-template-008,norm-v1,CURATED_APPROXIMATION,GRAPHFRAMES_EXACT_MATCH,false,SENIOR_V1_TO_CANONICAL_V1,APPROVED,Support templates can be normal; external fee demands determine significance.,"[""TKT-0008"",""TKT-0022""]",SUPPORTING_EVIDENCE,"{""source_dataset"":""analytics/crypto_graphframes_exact_relationships.csv""}",2026.07.18.1
CRYPTO_KENNEL_LONG_CON,GF-0683,GF-SUPPORT,SAME_SUPPORT_TEMPLATE,TKT-0009,TKT-0023,support_response_template_hash,support-template-009,norm-v1,CURATED_APPROXIMATION,GRAPHFRAMES_EXACT_MATCH,false,SENIOR_V1_TO_CANONICAL_V1,APPROVED,Support templates can be normal; external fee demands determine significance.,"[""TKT-0009"",""TKT-0023""]",SUPPORTING_EVIDENCE,"{""source_dataset"":""analytics/crypto_graphframes_exact_relationships.csv""}",2026.07.18.1
CRYPTO_KENNEL_LONG_CON,GF-0684,GF-SUPPORT,SAME_SUPPORT_TEMPLATE,TKT-0010,TKT-0024,support_response_template_hash,support-template-010,norm-v1,CURATED_APPROXIMATION,GRAPHFRAMES_EXACT_MATCH,false,SENIOR_V1_TO_CANONICAL_V1,APPROVED,Support templates can be normal; external fee demands determine significance.,"[""TKT-0010"",""TKT-0024""]",SUPPORTING_EVIDENCE,"{""source_dataset"":""analytics/crypto_graphframes_exact_relationships.csv""}",2026.07.18.1
CRYPTO_KENNEL_LONG_CON,GF-0685,GF-SUPPORT,SAME_SUPPORT_TEMPLATE,TKT-0011,TKT-0025,support_response_template_hash,support-template-011,norm-v1,CURATED_APPROXIMATION,GRAPHFRAMES_EXACT_MATCH,false,SENIOR_V1_TO_CANONICAL_V1,APPROVED,Support templates can be normal; external fee demands determine significance.,"[""TKT-0011"",""TKT-0025""]",SUPPORTING_EVIDENCE,"{""source_dataset"":""analytics/crypto_graphframes_exact_relationships.csv""}",2026.07.18.1
CRYPTO_KENNEL_LONG_CON,GF-0686,GF-SUPPORT,SAME_SUPPORT_TEMPLATE,TKT-0012,TKT-0026,support_response_template_hash,support-template-012,norm-v1,CURATED_APPROXIMATION,GRAPHFRAMES_EXACT_MATCH,false,SENIOR_V1_TO_CANONICAL_V1,APPROVED,Support templates can be normal; external fee demands determine significance.,"[""TKT-0012"",""TKT-0026""]",SUPPORTING_EVIDENCE,"{""source_dataset"":""analytics/crypto_graphframes_exact_relationships.csv""}",2026.07.18.1
CRYPTO_KENNEL_LONG_CON,GF-0687,GF-SUPPORT,SAME_SUPPORT_TEMPLATE,TKT-0013,TKT-0027,support_response_template_hash,support-template-013,norm-v1,CURATED_APPROXIMATION,GRAPHFRAMES_EXACT_MATCH,false,SENIOR_V1_TO_CANONICAL_V1,APPROVED,Support templates can be normal; external fee demands determine significance.,"[""TKT-0013"",""TKT-0027""]",SUPPORTING_EVIDENCE,"{""source_dataset"":""analytics/crypto_graphframes_exact_relationships.csv""}",2026.07.18.1
CRYPTO_KENNEL_LONG_CON,GF-0688,GF-SUPPORT,SAME_SUPPORT_TEMPLATE,TKT-0014,TKT-0028,support_response_template_hash,support-template-014,norm-v1,CURATED_APPROXIMATION,GRAPHFRAMES_EXACT_MATCH,false,SENIOR_V1_TO_CANONICAL_V1,APPROVED,Support templates can be normal; external fee demands determine significance.,"[""TKT-0014"",""TKT-0028""]",SUPPORTING_EVIDENCE,"{""source_dataset"":""analytics/crypto_graphframes_exact_relationships.csv""}",2026.07.18.1
CRYPTO_KENNEL_LONG_CON,GF-0689,GF-SUPPORT,SAME_SUPPORT_TEMPLATE,TKT-0015,TKT-0029,support_response_template_hash,support-template-001,norm-v1,CURATED_APPROXIMATION,GRAPHFRAMES_EXACT_MATCH,false,SENIOR_V1_TO_CANONICAL_V1,APPROVED,Support templates can be normal; external fee demands determine significance.,"[""TKT-0015"",""TKT-0029""]",SUPPORTING_EVIDENCE,"{""source_dataset"":""analytics/crypto_graphframes_exact_relationships.csv""}",2026.07.18.1
CRYPTO_KENNEL_LONG_CON,GF-0690,GF-SUPPORT,SAME_SUPPORT_TEMPLATE,TKT-0016,TKT-0030,support_response_template_hash,support-template-002,norm-v1,CURATED_APPROXIMATION,GRAPHFRAMES_EXACT_MATCH,false,SENIOR_V1_TO_CANONICAL_V1,APPROVED,Support templates can be normal; external fee demands determine significance.,"[""TKT-0016"",""TKT-0030""]",SUPPORTING_EVIDENCE,"{""source_dataset"":""analytics/crypto_graphframes_exact_relationships.csv""}",2026.07.18.1
CRYPTO_KENNEL_LONG_CON,GF-0691,GF-SUPPORT,SAME_SUPPORT_TEMPLATE,TKT-0017,TKT-0031,support_response_template_hash,support-template-003,norm-v1,CURATED_APPROXIMATION,GRAPHFRAMES_EXACT_MATCH,false,SENIOR_V1_TO_CANONICAL_V1,APPROVED,Support templates can be normal; external fee demands determine significance.,"[""TKT-0017"",""TKT-0031""]",SUPPORTING_EVIDENCE,"{""source_dataset"":""analytics/crypto_graphframes_exact_relationships.csv""}",2026.07.18.1
CRYPTO_KENNEL_LONG_CON,GF-0692,GF-SUPPORT,SAME_SUPPORT_TEMPLATE,TKT-0018,TKT-0032,support_response_template_hash,support-template-004,norm-v1,CURATED_APPROXIMATION,GRAPHFRAMES_EXACT_MATCH,false,SENIOR_V1_TO_CANONICAL_V1,APPROVED,Support templates can be normal; external fee demands determine significance.,"[""TKT-0018"",""TKT-0032""]",SUPPORTING_EVIDENCE,"{""source_dataset"":""analytics/crypto_graphframes_exact_relationships.csv""}",2026.07.18.1
CRYPTO_KENNEL_LONG_CON,GF-0693,GF-SUPPORT,SAME_SUPPORT_TEMPLATE,TKT-0019,TKT-0033,support_response_template_hash,support-template-005,norm-v1,CURATED_APPROXIMATION,GRAPHFRAMES_EXACT_MATCH,false,SENIOR_V1_TO_CANONICAL_V1,APPROVED,Support templates can be normal; external fee demands determine significance.,"[""TKT-0019"",""TKT-0033""]",SUPPORTING_EVIDENCE,"{""source_dataset"":""analytics/crypto_graphframes_exact_relationships.csv""}",2026.07.18.1
CRYPTO_KENNEL_LONG_CON,GF-0694,GF-SUPPORT,SAME_SUPPORT_TEMPLATE,TKT-0020,TKT-0034,support_response_template_hash,support-template-006,norm-v1,CURATED_APPROXIMATION,GRAPHFRAMES_EXACT_MATCH,false,SENIOR_V1_TO_CANONICAL_V1,APPROVED,Support templates can be normal; external fee demands determine significance.,"[""TKT-0020"",""TKT-0034""]",SUPPORTING_EVIDENCE,"{""source_dataset"":""analytics/crypto_graphframes_exact_relationships.csv""}",2026.07.18.1
CRYPTO_KENNEL_LONG_CON,GF-0695,GF-SUPPORT,SAME_SUPPORT_TEMPLATE,TKT-0021,TKT-0035,support_response_template_hash,support-template-007,norm-v1,CURATED_APPROXIMATION,GRAPHFRAMES_EXACT_MATCH,false,SENIOR_V1_TO_CANONICAL_V1,APPROVED,Support templates can be normal; external fee demands determine significance.,"[""TKT-0021"",""TKT-0035""]",SUPPORTING_EVIDENCE,"{""source_dataset"":""analytics/crypto_graphframes_exact_relationships.csv""}",2026.07.18.1
CRYPTO_KENNEL_LONG_CON,GF-0696,GF-SUPPORT,SAME_SUPPORT_TEMPLATE,TKT-0022,TKT-0036,support_response_template_hash,support-template-008,norm-v1,CURATED_APPROXIMATION,GRAPHFRAMES_EXACT_MATCH,false,SENIOR_V1_TO_CANONICAL_V1,APPROVED,Support templates can be normal; external fee demands determine significance.,"[""TKT-0022"",""TKT-0036""]",SUPPORTING_EVIDENCE,"{""source_dataset"":""analytics/crypto_graphframes_exact_relationships.csv""}",2026.07.18.1
CRYPTO_KENNEL_LONG_CON,GF-0697,GF-SUPPORT,SAME_SUPPORT_TEMPLATE,TKT-0023,TKT-0037,support_response_template_hash,support-template-009,norm-v1,CURATED_APPROXIMATION,GRAPHFRAMES_EXACT_MATCH,false,SENIOR_V1_TO_CANONICAL_V1,APPROVED,Support templates can be normal; external fee demands determine significance.,"[""TKT-0023"",""TKT-0037""]",SUPPORTING_EVIDENCE,"{""source_dataset"":""analytics/crypto_graphframes_exact_relationships.csv""}",2026.07.18.1
CRYPTO_KENNEL_LONG_CON,GF-0698,GF-SUPPORT,SAME_SUPPORT_TEMPLATE,TKT-0024,TKT-0038,support_response_template_hash,support-template-010,norm-v1,CURATED_APPROXIMATION,GRAPHFRAMES_EXACT_MATCH,false,SENIOR_V1_TO_CANONICAL_V1,APPROVED,Support templates can be normal; external fee demands determine significance.,"[""TKT-0024"",""TKT-0038""]",SUPPORTING_EVIDENCE,"{""source_dataset"":""analytics/crypto_graphframes_exact_relationships.csv""}",2026.07.18.1
CRYPTO_KENNEL_LONG_CON,GF-0699,GF-SUPPORT,SAME_SUPPORT_TEMPLATE,TKT-0025,TKT-0039,support_response_template_hash,support-template-011,norm-v1,CURATED_APPROXIMATION,GRAPHFRAMES_EXACT_MATCH,false,SENIOR_V1_TO_CANONICAL_V1,APPROVED,Support templates can be normal; external fee demands determine significance.,"[""TKT-0025"",""TKT-0039""]",SUPPORTING_EVIDENCE,"{""source_dataset"":""analytics/crypto_graphframes_exact_relationships.csv""}",2026.07.18.1
CRYPTO_KENNEL_LONG_CON,GF-0700,GF-SUPPORT,SAME_SUPPORT_TEMPLATE,TKT-0026,TKT-0040,support_response_template_hash,support-template-012,norm-v1,CURATED_APPROXIMATION,GRAPHFRAMES_EXACT_MATCH,false,SENIOR_V1_TO_CANONICAL_V1,APPROVED,Support templates can be normal; external fee demands determine significance.,"[""TKT-0026"",""TKT-0040""]",SUPPORTING_EVIDENCE,"{""source_dataset"":""analytics/crypto_graphframes_exact_relationships.csv""}",2026.07.18.1
CRYPTO_KENNEL_LONG_CON,GF-0701,GF-SUPPORT,SAME_SUPPORT_TEMPLATE,TKT-0027,TKT-0041,support_response_template_hash,support-template-013,norm-v1,CURATED_APPROXIMATION,GRAPHFRAMES_EXACT_MATCH,false,SENIOR_V1_TO_CANONICAL_V1,APPROVED,Support templates can be normal; external fee demands determine significance.,"[""TKT-0027"",""TKT-0041""]",SUPPORTING_EVIDENCE,"{""source_dataset"":""analytics/crypto_graphframes_exact_relationships.csv""}",2026.07.18.1
CRYPTO_KENNEL_LONG_CON,GF-0702,GF-SUPPORT,SAME_SUPPORT_TEMPLATE,TKT-0028,TKT-0042,support_response_template_hash,support-template-014,norm-v1,CURATED_APPROXIMATION,GRAPHFRAMES_EXACT_MATCH,false,SENIOR_V1_TO_CANONICAL_V1,APPROVED,Support templates can be normal; external fee demands determine significance.,"[""TKT-0028"",""TKT-0042""]",SUPPORTING_EVIDENCE,"{""source_dataset"":""analytics/crypto_graphframes_exact_relationships.csv""}",2026.07.18.1
CRYPTO_KENNEL_LONG_CON,GF-0703,GF-SUPPORT,SAME_SUPPORT_TEMPLATE,TKT-0029,TKT-0043,support_response_template_hash,support-template-001,norm-v1,CURATED_APPROXIMATION,GRAPHFRAMES_EXACT_MATCH,false,SENIOR_V1_TO_CANONICAL_V1,APPROVED,Support templates can be normal; external fee demands determine significance.,"[""TKT-0029"",""TKT-0043""]",SUPPORTING_EVIDENCE,"{""source_dataset"":""analytics/crypto_graphframes_exact_relationships.csv""}",2026.07.18.1
CRYPTO_KENNEL_LONG_CON,GF-0704,GF-SUPPORT,SAME_SUPPORT_TEMPLATE,TKT-0030,TKT-0044,support_response_template_hash,support-template-002,norm-v1,CURATED_APPROXIMATION,GRAPHFRAMES_EXACT_MATCH,false,SENIOR_V1_TO_CANONICAL_V1,APPROVED,Support templates can be normal; external fee demands determine significance.,"[""TKT-0030"",""TKT-0044""]",SUPPORTING_EVIDENCE,"{""source_dataset"":""analytics/crypto_graphframes_exact_relationships.csv""}",2026.07.18.1
CRYPTO_KENNEL_LONG_CON,GF-0705,GF-SUPPORT,SAME_SUPPORT_TEMPLATE,TKT-0031,TKT-0045,support_response_template_hash,support-template-003,norm-v1,CURATED_APPROXIMATION,GRAPHFRAMES_EXACT_MATCH,false,SENIOR_V1_TO_CANONICAL_V1,APPROVED,Support templates can be normal; external fee demands determine significance.,"[""TKT-0031"",""TKT-0045""]",SUPPORTING_EVIDENCE,"{""source_dataset"":""analytics/crypto_graphframes_exact_relationships.csv""}",2026.07.18.1
CRYPTO_KENNEL_LONG_CON,GF-0706,GF-SUPPORT,SAME_SUPPORT_TEMPLATE,TKT-0032,TKT-0046,support_response_template_hash,support-template-004,norm-v1,CURATED_APPROXIMATION,GRAPHFRAMES_EXACT_MATCH,false,SENIOR_V1_TO_CANONICAL_V1,APPROVED,Support templates can be normal; external fee demands determine significance.,"[""TKT-0032"",""TKT-0046""]",SUPPORTING_EVIDENCE,"{""source_dataset"":""analytics/crypto_graphframes_exact_relationships.csv""}",2026.07.18.1
CRYPTO_KENNEL_LONG_CON,GF-0707,GF-SUPPORT,SAME_SUPPORT_TEMPLATE,TKT-0033,TKT-0047,support_response_template_hash,support-template-005,norm-v1,CURATED_APPROXIMATION,GRAPHFRAMES_EXACT_MATCH,false,SENIOR_V1_TO_CANONICAL_V1,APPROVED,Support templates can be normal; external fee demands determine significance.,"[""TKT-0033"",""TKT-0047""]",SUPPORTING_EVIDENCE,"{""source_dataset"":""analytics/crypto_graphframes_exact_relationships.csv""}",2026.07.18.1
CRYPTO_KENNEL_LONG_CON,GF-0708,GF-SUPPORT,SAME_SUPPORT_TEMPLATE,TKT-0034,TKT-0048,support_response_template_hash,support-template-006,norm-v1,CURATED_APPROXIMATION,GRAPHFRAMES_EXACT_MATCH,false,SENIOR_V1_TO_CANONICAL_V1,APPROVED,Support templates can be normal; external fee demands determine significance.,"[""TKT-0034"",""TKT-0048""]",SUPPORTING_EVIDENCE,"{""source_dataset"":""analytics/crypto_graphframes_exact_relationships.csv""}",2026.07.18.1
CRYPTO_KENNEL_LONG_CON,GF-0709,GF-SUPPORT,SAME_SUPPORT_TEMPLATE,TKT-0035,TKT-0049,support_response_template_hash,support-template-007,norm-v1,CURATED_APPROXIMATION,GRAPHFRAMES_EXACT_MATCH,false,SENIOR_V1_TO_CANONICAL_V1,APPROVED,Support templates can be normal; external fee demands determine significance.,"[""TKT-0035"",""TKT-0049""]",SUPPORTING_EVIDENCE,"{""source_dataset"":""analytics/crypto_graphframes_exact_relationships.csv""}",2026.07.18.1
CRYPTO_KENNEL_LONG_CON,GF-0710,GF-SUPPORT,SAME_SUPPORT_TEMPLATE,TKT-0036,TKT-0050,support_response_template_hash,support-template-008,norm-v1,CURATED_APPROXIMATION,GRAPHFRAMES_EXACT_MATCH,false,SENIOR_V1_TO_CANONICAL_V1,APPROVED,Support templates can be normal; external fee demands determine significance.,"[""TKT-0036"",""TKT-0050""]",SUPPORTING_EVIDENCE,"{""source_dataset"":""analytics/crypto_graphframes_exact_relationships.csv""}",2026.07.18.1
CRYPTO_KENNEL_LONG_CON,GF-0711,GF-SUPPORT,SAME_SUPPORT_TEMPLATE,TKT-0037,TKT-0051,support_response_template_hash,support-template-009,norm-v1,CURATED_APPROXIMATION,GRAPHFRAMES_EXACT_MATCH,false,SENIOR_V1_TO_CANONICAL_V1,APPROVED,Support templates can be normal; external fee demands determine significance.,"[""TKT-0037"",""TKT-0051""]",SUPPORTING_EVIDENCE,"{""source_dataset"":""analytics/crypto_graphframes_exact_relationships.csv""}",2026.07.18.1
CRYPTO_KENNEL_LONG_CON,GF-0712,GF-SUPPORT,SAME_SUPPORT_TEMPLATE,TKT-0038,TKT-0052,support_response_template_hash,support-template-010,norm-v1,CURATED_APPROXIMATION,GRAPHFRAMES_EXACT_MATCH,false,SENIOR_V1_TO_CANONICAL_V1,APPROVED,Support templates can be normal; external fee demands determine significance.,"[""TKT-0038"",""TKT-0052""]",SUPPORTING_EVIDENCE,"{""source_dataset"":""analytics/crypto_graphframes_exact_relationships.csv""}",2026.07.18.1
CRYPTO_KENNEL_LONG_CON,GF-0713,GF-SUPPORT,SAME_SUPPORT_TEMPLATE,TKT-0039,TKT-0053,support_response_template_hash,support-template-011,norm-v1,CURATED_APPROXIMATION,GRAPHFRAMES_EXACT_MATCH,false,SENIOR_V1_TO_CANONICAL_V1,APPROVED,Support templates can be normal; external fee demands determine significance.,"[""TKT-0039"",""TKT-0053""]",SUPPORTING_EVIDENCE,"{""source_dataset"":""analytics/crypto_graphframes_exact_relationships.csv""}",2026.07.18.1
CRYPTO_KENNEL_LONG_CON,GF-0714,GF-SUPPORT,SAME_SUPPORT_TEMPLATE,TKT-0040,TKT-0054,support_response_template_hash,support-template-012,norm-v1,CURATED_APPROXIMATION,GRAPHFRAMES_EXACT_MATCH,false,SENIOR_V1_TO_CANONICAL_V1,APPROVED,Support templates can be normal; external fee demands determine significance.,"[""TKT-0040"",""TKT-0054""]",SUPPORTING_EVIDENCE,"{""source_dataset"":""analytics/crypto_graphframes_exact_relationships.csv""}",2026.07.18.1
CRYPTO_KENNEL_LONG_CON,GF-0715,GF-SUPPORT,SAME_SUPPORT_TEMPLATE,TKT-0041,TKT-0055,support_response_template_hash,support-template-013,norm-v1,CURATED_APPROXIMATION,GRAPHFRAMES_EXACT_MATCH,false,SENIOR_V1_TO_CANONICAL_V1,APPROVED,Support templates can be normal; external fee demands determine significance.,"[""TKT-0041"",""TKT-0055""]",SUPPORTING_EVIDENCE,"{""source_dataset"":""analytics/crypto_graphframes_exact_relationships.csv""}",2026.07.18.1
CRYPTO_KENNEL_LONG_CON,GF-0716,GF-SUPPORT,SAME_SUPPORT_TEMPLATE,TKT-0042,TKT-0056,support_response_template_hash,support-template-014,norm-v1,CURATED_APPROXIMATION,GRAPHFRAMES_EXACT_MATCH,false,SENIOR_V1_TO_CANONICAL_V1,APPROVED,Support templates can be normal; external fee demands determine significance.,"[""TKT-0042"",""TKT-0056""]",SUPPORTING_EVIDENCE,"{""source_dataset"":""analytics/crypto_graphframes_exact_relationships.csv""}",2026.07.18.1
CRYPTO_KENNEL_LONG_CON,GF-0717,GF-SUPPORT,SAME_SUPPORT_TEMPLATE,TKT-0043,TKT-0057,support_response_template_hash,support-template-001,norm-v1,CURATED_APPROXIMATION,GRAPHFRAMES_EXACT_MATCH,false,SENIOR_V1_TO_CANONICAL_V1,APPROVED,Support templates can be normal; external fee demands determine significance.,"[""TKT-0043"",""TKT-0057""]",SUPPORTING_EVIDENCE,"{""source_dataset"":""analytics/crypto_graphframes_exact_relationships.csv""}",2026.07.18.1
CRYPTO_KENNEL_LONG_CON,GF-0718,GF-SUPPORT,SAME_SUPPORT_TEMPLATE,TKT-0044,TKT-0058,support_response_template_hash,support-template-002,norm-v1,CURATED_APPROXIMATION,GRAPHFRAMES_EXACT_MATCH,false,SENIOR_V1_TO_CANONICAL_V1,APPROVED,Support templates can be normal; external fee demands determine significance.,"[""TKT-0044"",""TKT-0058""]",SUPPORTING_EVIDENCE,"{""source_dataset"":""analytics/crypto_graphframes_exact_relationships.csv""}",2026.07.18.1
CRYPTO_KENNEL_LONG_CON,GF-0719,GF-SUPPORT,SAME_SUPPORT_TEMPLATE,TKT-0045,TKT-0059,support_response_template_hash,support-template-003,norm-v1,CURATED_APPROXIMATION,GRAPHFRAMES_EXACT_MATCH,false,SENIOR_V1_TO_CANONICAL_V1,APPROVED,Support templates can be normal; external fee demands determine significance.,"[""TKT-0045"",""TKT-0059""]",SUPPORTING_EVIDENCE,"{""source_dataset"":""analytics/crypto_graphframes_exact_relationships.csv""}",2026.07.18.1
CRYPTO_KENNEL_LONG_CON,GF-0720,GF-SUPPORT,SAME_SUPPORT_TEMPLATE,TKT-0046,TKT-0060,support_response_template_hash,support-template-004,norm-v1,CURATED_APPROXIMATION,GRAPHFRAMES_EXACT_MATCH,false,SENIOR_V1_TO_CANONICAL_V1,APPROVED,Support templates can be normal; external fee demands determine significance.,"[""TKT-0046"",""TKT-0060""]",SUPPORTING_EVIDENCE,"{""source_dataset"":""analytics/crypto_graphframes_exact_relationships.csv""}",2026.07.18.1
CRYPTO_KENNEL_LONG_CON,GF-0721,GF-SUPPORT,SAME_SUPPORT_TEMPLATE,TKT-0047,TKT-0061,support_response_template_hash,support-template-005,norm-v1,CURATED_APPROXIMATION,GRAPHFRAMES_EXACT_MATCH,false,SENIOR_V1_TO_CANONICAL_V1,APPROVED,Support templates can be normal; external fee demands determine significance.,"[""TKT-0047"",""TKT-0061""]",SUPPORTING_EVIDENCE,"{""source_dataset"":""analytics/crypto_graphframes_exact_relationships.csv""}",2026.07.18.1
CRYPTO_KENNEL_LONG_CON,GF-0722,GF-SUPPORT,SAME_SUPPORT_TEMPLATE,TKT-0048,TKT-0062,support_response_template_hash,support-template-006,norm-v1,CURATED_APPROXIMATION,GRAPHFRAMES_EXACT_MATCH,false,SENIOR_V1_TO_CANONICAL_V1,APPROVED,Support templates can be normal; external fee demands determine significance.,"[""TKT-0048"",""TKT-0062""]",SUPPORTING_EVIDENCE,"{""source_dataset"":""analytics/crypto_graphframes_exact_relationships.csv""}",2026.07.18.1
CRYPTO_KENNEL_LONG_CON,GF-0723,GF-SUPPORT,SAME_SUPPORT_TEMPLATE,TKT-0049,TKT-0063,support_response_template_hash,support-template-007,norm-v1,CURATED_APPROXIMATION,GRAPHFRAMES_EXACT_MATCH,false,SENIOR_V1_TO_CANONICAL_V1,APPROVED,Support templates can be normal; external fee demands determine significance.,"[""TKT-0049"",""TKT-0063""]",SUPPORTING_EVIDENCE,"{""source_dataset"":""analytics/crypto_graphframes_exact_relationships.csv""}",2026.07.18.1
CRYPTO_KENNEL_LONG_CON,GF-0724,GF-SUPPORT,SAME_SUPPORT_TEMPLATE,TKT-0050,TKT-0064,support_response_template_hash,support-template-008,norm-v1,CURATED_APPROXIMATION,GRAPHFRAMES_EXACT_MATCH,false,SENIOR_V1_TO_CANONICAL_V1,APPROVED,Support templates can be normal; external fee demands determine significance.,"[""TKT-0050"",""TKT-0064""]",SUPPORTING_EVIDENCE,"{""source_dataset"":""analytics/crypto_graphframes_exact_relationships.csv""}",2026.07.18.1
CRYPTO_KENNEL_LONG_CON,GF-0725,GF-SUPPORT,SAME_SUPPORT_TEMPLATE,TKT-0051,TKT-0065,support_response_template_hash,support-template-009,norm-v1,CURATED_APPROXIMATION,GRAPHFRAMES_EXACT_MATCH,false,SENIOR_V1_TO_CANONICAL_V1,APPROVED,Support templates can be normal; external fee demands determine significance.,"[""TKT-0051"",""TKT-0065""]",SUPPORTING_EVIDENCE,"{""source_dataset"":""analytics/crypto_graphframes_exact_relationships.csv""}",2026.07.18.1
CRYPTO_KENNEL_LONG_CON,GF-0726,GF-SUPPORT,SAME_SUPPORT_TEMPLATE,TKT-0052,TKT-0066,support_response_template_hash,support-template-010,norm-v1,CURATED_APPROXIMATION,GRAPHFRAMES_EXACT_MATCH,false,SENIOR_V1_TO_CANONICAL_V1,APPROVED,Support templates can be normal; external fee demands determine significance.,"[""TKT-0052"",""TKT-0066""]",SUPPORTING_EVIDENCE,"{""source_dataset"":""analytics/crypto_graphframes_exact_relationships.csv""}",2026.07.18.1
CRYPTO_KENNEL_LONG_CON,GF-0727,GF-SUPPORT,SAME_SUPPORT_TEMPLATE,TKT-0053,TKT-0067,support_response_template_hash,support-template-011,norm-v1,CURATED_APPROXIMATION,GRAPHFRAMES_EXACT_MATCH,false,SENIOR_V1_TO_CANONICAL_V1,APPROVED,Support templates can be normal; external fee demands determine significance.,"[""TKT-0053"",""TKT-0067""]",SUPPORTING_EVIDENCE,"{""source_dataset"":""analytics/crypto_graphframes_exact_relationships.csv""}",2026.07.18.1
CRYPTO_KENNEL_LONG_CON,GF-0728,GF-SUPPORT,SAME_SUPPORT_TEMPLATE,TKT-0054,TKT-0068,support_response_template_hash,support-template-012,norm-v1,CURATED_APPROXIMATION,GRAPHFRAMES_EXACT_MATCH,false,SENIOR_V1_TO_CANONICAL_V1,APPROVED,Support templates can be normal; external fee demands determine significance.,"[""TKT-0054"",""TKT-0068""]",SUPPORTING_EVIDENCE,"{""source_dataset"":""analytics/crypto_graphframes_exact_relationships.csv""}",2026.07.18.1
CRYPTO_KENNEL_LONG_CON,GF-0729,GF-SUPPORT,SAME_SUPPORT_TEMPLATE,TKT-0055,TKT-0069,support_response_template_hash,support-template-013,norm-v1,CURATED_APPROXIMATION,GRAPHFRAMES_EXACT_MATCH,false,SENIOR_V1_TO_CANONICAL_V1,APPROVED,Support templates can be normal; external fee demands determine significance.,"[""TKT-0055"",""TKT-0069""]",SUPPORTING_EVIDENCE,"{""source_dataset"":""analytics/crypto_graphframes_exact_relationships.csv""}",2026.07.18.1
CRYPTO_KENNEL_LONG_CON,GF-0730,GF-SUPPORT,SAME_SUPPORT_TEMPLATE,TKT-0056,TKT-0070,support_response_template_hash,support-template-014,norm-v1,CURATED_APPROXIMATION,GRAPHFRAMES_EXACT_MATCH,false,SENIOR_V1_TO_CANONICAL_V1,APPROVED,Support templates can be normal; external fee demands determine significance.,"[""TKT-0056"",""TKT-0070""]",SUPPORTING_EVIDENCE,"{""source_dataset"":""analytics/crypto_graphframes_exact_relationships.csv""}",2026.07.18.1
CRYPTO_KENNEL_LONG_CON,GF-0731,GF-SUPPORT,SAME_SUPPORT_TEMPLATE,TKT-0057,TKT-0071,support_response_template_hash,support-template-001,norm-v1,CURATED_APPROXIMATION,GRAPHFRAMES_EXACT_MATCH,false,SENIOR_V1_TO_CANONICAL_V1,APPROVED,Support templates can be normal; external fee demands determine significance.,"[""TKT-0057"",""TKT-0071""]",SUPPORTING_EVIDENCE,"{""source_dataset"":""analytics/crypto_graphframes_exact_relationships.csv""}",2026.07.18.1
CRYPTO_KENNEL_LONG_CON,GF-0732,GF-SUPPORT,SAME_SUPPORT_TEMPLATE,TKT-0058,TKT-0072,support_response_template_hash,support-template-002,norm-v1,CURATED_APPROXIMATION,GRAPHFRAMES_EXACT_MATCH,false,SENIOR_V1_TO_CANONICAL_V1,APPROVED,Support templates can be normal; external fee demands determine significance.,"[""TKT-0058"",""TKT-0072""]",SUPPORTING_EVIDENCE,"{""source_dataset"":""analytics/crypto_graphframes_exact_relationships.csv""}",2026.07.18.1
CRYPTO_KENNEL_LONG_CON,GF-0733,GF-SUPPORT,SAME_SUPPORT_TEMPLATE,TKT-0059,TKT-0073,support_response_template_hash,support-template-003,norm-v1,CURATED_APPROXIMATION,GRAPHFRAMES_EXACT_MATCH,false,SENIOR_V1_TO_CANONICAL_V1,APPROVED,Support templates can be normal; external fee demands determine significance.,"[""TKT-0059"",""TKT-0073""]",SUPPORTING_EVIDENCE,"{""source_dataset"":""analytics/crypto_graphframes_exact_relationships.csv""}",2026.07.18.1
CRYPTO_KENNEL_LONG_CON,GF-0734,GF-SUPPORT,SAME_SUPPORT_TEMPLATE,TKT-0060,TKT-0074,support_response_template_hash,support-template-004,norm-v1,CURATED_APPROXIMATION,GRAPHFRAMES_EXACT_MATCH,false,SENIOR_V1_TO_CANONICAL_V1,APPROVED,Support templates can be normal; external fee demands determine significance.,"[""TKT-0060"",""TKT-0074""]",SUPPORTING_EVIDENCE,"{""source_dataset"":""analytics/crypto_graphframes_exact_relationships.csv""}",2026.07.18.1
CRYPTO_KENNEL_LONG_CON,GF-0735,GF-SUPPORT,SAME_SUPPORT_TEMPLATE,TKT-0061,TKT-0075,support_response_template_hash,support-template-005,norm-v1,CURATED_APPROXIMATION,GRAPHFRAMES_EXACT_MATCH,false,SENIOR_V1_TO_CANONICAL_V1,APPROVED,Support templates can be normal; external fee demands determine significance.,"[""TKT-0061"",""TKT-0075""]",SUPPORTING_EVIDENCE,"{""source_dataset"":""analytics/crypto_graphframes_exact_relationships.csv""}",2026.07.18.1
CRYPTO_KENNEL_LONG_CON,GF-0736,GF-SUPPORT,SAME_SUPPORT_TEMPLATE,TKT-0062,TKT-0076,support_response_template_hash,support-template-006,norm-v1,CURATED_APPROXIMATION,GRAPHFRAMES_EXACT_MATCH,false,SENIOR_V1_TO_CANONICAL_V1,APPROVED,Support templates can be normal; external fee demands determine significance.,"[""TKT-0062"",""TKT-0076""]",SUPPORTING_EVIDENCE,"{""source_dataset"":""analytics/crypto_graphframes_exact_relationships.csv""}",2026.07.18.1
CRYPTO_KENNEL_LONG_CON,GF-0737,GF-SUPPORT,SAME_SUPPORT_TEMPLATE,TKT-0063,TKT-0077,support_response_template_hash,support-template-007,norm-v1,CURATED_APPROXIMATION,GRAPHFRAMES_EXACT_MATCH,false,SENIOR_V1_TO_CANONICAL_V1,APPROVED,Support templates can be normal; external fee demands determine significance.,"[""TKT-0063"",""TKT-0077""]",SUPPORTING_EVIDENCE,"{""source_dataset"":""analytics/crypto_graphframes_exact_relationships.csv""}",2026.07.18.1
CRYPTO_KENNEL_LONG_CON,GF-0738,GF-SUPPORT,SAME_SUPPORT_TEMPLATE,TKT-0064,TKT-0078,support_response_template_hash,support-template-008,norm-v1,CURATED_APPROXIMATION,GRAPHFRAMES_EXACT_MATCH,false,SENIOR_V1_TO_CANONICAL_V1,APPROVED,Support templates can be normal; external fee demands determine significance.,"[""TKT-0064"",""TKT-0078""]",SUPPORTING_EVIDENCE,"{""source_dataset"":""analytics/crypto_graphframes_exact_relationships.csv""}",2026.07.18.1
CRYPTO_KENNEL_LONG_CON,GF-0739,GF-SUPPORT,SAME_SUPPORT_TEMPLATE,TKT-0065,TKT-0079,support_response_template_hash,support-template-009,norm-v1,CURATED_APPROXIMATION,GRAPHFRAMES_EXACT_MATCH,false,SENIOR_V1_TO_CANONICAL_V1,APPROVED,Support templates can be normal; external fee demands determine significance.,"[""TKT-0065"",""TKT-0079""]",SUPPORTING_EVIDENCE,"{""source_dataset"":""analytics/crypto_graphframes_exact_relationships.csv""}",2026.07.18.1
CRYPTO_KENNEL_LONG_CON,GF-0740,GF-SUPPORT,SAME_SUPPORT_TEMPLATE,TKT-0066,TKT-0080,support_response_template_hash,support-template-010,norm-v1,CURATED_APPROXIMATION,GRAPHFRAMES_EXACT_MATCH,false,SENIOR_V1_TO_CANONICAL_V1,APPROVED,Support templates can be normal; external fee demands determine significance.,"[""TKT-0066"",""TKT-0080""]",SUPPORTING_EVIDENCE,"{""source_dataset"":""analytics/crypto_graphframes_exact_relationships.csv""}",2026.07.18.1
CRYPTO_KENNEL_LONG_CON,GF-0741,GF-SUPPORT,SAME_SUPPORT_TEMPLATE,TKT-0067,TKT-0081,support_response_template_hash,support-template-011,norm-v1,CURATED_APPROXIMATION,GRAPHFRAMES_EXACT_MATCH,false,SENIOR_V1_TO_CANONICAL_V1,APPROVED,Support templates can be normal; external fee demands determine significance.,"[""TKT-0067"",""TKT-0081""]",SUPPORTING_EVIDENCE,"{""source_dataset"":""analytics/crypto_graphframes_exact_relationships.csv""}",2026.07.18.1
CRYPTO_KENNEL_LONG_CON,GF-0742,GF-SUPPORT,SAME_SUPPORT_TEMPLATE,TKT-0068,TKT-0082,support_response_template_hash,support-template-012,norm-v1,CURATED_APPROXIMATION,GRAPHFRAMES_EXACT_MATCH,false,SENIOR_V1_TO_CANONICAL_V1,APPROVED,Support templates can be normal; external fee demands determine significance.,"[""TKT-0068"",""TKT-0082""]",SUPPORTING_EVIDENCE,"{""source_dataset"":""analytics/crypto_graphframes_exact_relationships.csv""}",2026.07.18.1
CRYPTO_KENNEL_LONG_CON,GF-0743,GF-SUPPORT,SAME_SUPPORT_TEMPLATE,TKT-0069,TKT-0083,support_response_template_hash,support-template-013,norm-v1,CURATED_APPROXIMATION,GRAPHFRAMES_EXACT_MATCH,false,SENIOR_V1_TO_CANONICAL_V1,APPROVED,Support templates can be normal; external fee demands determine significance.,"[""TKT-0069"",""TKT-0083""]",SUPPORTING_EVIDENCE,"{""source_dataset"":""analytics/crypto_graphframes_exact_relationships.csv""}",2026.07.18.1
CRYPTO_KENNEL_LONG_CON,GF-0744,GF-SUPPORT,SAME_SUPPORT_TEMPLATE,TKT-0070,TKT-0084,support_response_template_hash,support-template-014,norm-v1,CURATED_APPROXIMATION,GRAPHFRAMES_EXACT_MATCH,false,SENIOR_V1_TO_CANONICAL_V1,APPROVED,Support templates can be normal; external fee demands determine significance.,"[""TKT-0070"",""TKT-0084""]",SUPPORTING_EVIDENCE,"{""source_dataset"":""analytics/crypto_graphframes_exact_relationships.csv""}",2026.07.18.1
CRYPTO_KENNEL_LONG_CON,GF-0745,GF-SUPPORT,SAME_SUPPORT_TEMPLATE,TKT-0071,TKT-0085,support_response_template_hash,support-template-001,norm-v1,CURATED_APPROXIMATION,GRAPHFRAMES_EXACT_MATCH,false,SENIOR_V1_TO_CANONICAL_V1,APPROVED,Support templates can be normal; external fee demands determine significance.,"[""TKT-0071"",""TKT-0085""]",SUPPORTING_EVIDENCE,"{""source_dataset"":""analytics/crypto_graphframes_exact_relationships.csv""}",2026.07.18.1
CRYPTO_KENNEL_LONG_CON,GF-0746,GF-SUPPORT,SAME_SUPPORT_TEMPLATE,TKT-0072,TKT-0086,support_response_template_hash,support-template-002,norm-v1,CURATED_APPROXIMATION,GRAPHFRAMES_EXACT_MATCH,false,SENIOR_V1_TO_CANONICAL_V1,APPROVED,Support templates can be normal; external fee demands determine significance.,"[""TKT-0072"",""TKT-0086""]",SUPPORTING_EVIDENCE,"{""source_dataset"":""analytics/crypto_graphframes_exact_relationships.csv""}",2026.07.18.1
CRYPTO_KENNEL_LONG_CON,GF-0747,GF-SUPPORT,SAME_SUPPORT_TEMPLATE,TKT-0073,TKT-0087,support_response_template_hash,support-template-003,norm-v1,CURATED_APPROXIMATION,GRAPHFRAMES_EXACT_MATCH,false,SENIOR_V1_TO_CANONICAL_V1,APPROVED,Support templates can be normal; external fee demands determine significance.,"[""TKT-0073"",""TKT-0087""]",SUPPORTING_EVIDENCE,"{""source_dataset"":""analytics/crypto_graphframes_exact_relationships.csv""}",2026.07.18.1
CRYPTO_KENNEL_LONG_CON,GF-0748,GF-SUPPORT,SAME_SUPPORT_TEMPLATE,TKT-0074,TKT-0088,support_response_template_hash,support-template-004,norm-v1,CURATED_APPROXIMATION,GRAPHFRAMES_EXACT_MATCH,false,SENIOR_V1_TO_CANONICAL_V1,APPROVED,Support templates can be normal; external fee demands determine significance.,"[""TKT-0074"",""TKT-0088""]",SUPPORTING_EVIDENCE,"{""source_dataset"":""analytics/crypto_graphframes_exact_relationships.csv""}",2026.07.18.1
CRYPTO_KENNEL_LONG_CON,GF-0749,GF-SUPPORT,SAME_SUPPORT_TEMPLATE,TKT-0075,TKT-0089,support_response_template_hash,support-template-005,norm-v1,CURATED_APPROXIMATION,GRAPHFRAMES_EXACT_MATCH,false,SENIOR_V1_TO_CANONICAL_V1,APPROVED,Support templates can be normal; external fee demands determine significance.,"[""TKT-0075"",""TKT-0089""]",SUPPORTING_EVIDENCE,"{""source_dataset"":""analytics/crypto_graphframes_exact_relationships.csv""}",2026.07.18.1
CRYPTO_KENNEL_LONG_CON,GF-0750,GF-SUPPORT,SAME_SUPPORT_TEMPLATE,TKT-0076,TKT-0090,support_response_template_hash,support-template-006,norm-v1,CURATED_APPROXIMATION,GRAPHFRAMES_EXACT_MATCH,false,SENIOR_V1_TO_CANONICAL_V1,APPROVED,Support templates can be normal; external fee demands determine significance.,"[""TKT-0076"",""TKT-0090""]",SUPPORTING_EVIDENCE,"{""source_dataset"":""analytics/crypto_graphframes_exact_relationships.csv""}",2026.07.18.1
CRYPTO_KENNEL_LONG_CON,GF-0751,GF-SUPPORT,SAME_SUPPORT_TEMPLATE,TKT-0077,TKT-0091,support_response_template_hash,support-template-007,norm-v1,CURATED_APPROXIMATION,GRAPHFRAMES_EXACT_MATCH,false,SENIOR_V1_TO_CANONICAL_V1,APPROVED,Support templates can be normal; external fee demands determine significance.,"[""TKT-0077"",""TKT-0091""]",SUPPORTING_EVIDENCE,"{""source_dataset"":""analytics/crypto_graphframes_exact_relationships.csv""}",2026.07.18.1
CRYPTO_KENNEL_LONG_CON,GF-0752,GF-SUPPORT,SAME_SUPPORT_TEMPLATE,TKT-0078,TKT-0092,support_response_template_hash,support-template-008,norm-v1,CURATED_APPROXIMATION,GRAPHFRAMES_EXACT_MATCH,false,SENIOR_V1_TO_CANONICAL_V1,APPROVED,Support templates can be normal; external fee demands determine significance.,"[""TKT-0078"",""TKT-0092""]",SUPPORTING_EVIDENCE,"{""source_dataset"":""analytics/crypto_graphframes_exact_relationships.csv""}",2026.07.18.1
CRYPTO_KENNEL_LONG_CON,GF-0753,GF-SUPPORT,SAME_SUPPORT_TEMPLATE,TKT-0079,TKT-0093,support_response_template_hash,support-template-009,norm-v1,CURATED_APPROXIMATION,GRAPHFRAMES_EXACT_MATCH,false,SENIOR_V1_TO_CANONICAL_V1,APPROVED,Support templates can be normal; external fee demands determine significance.,"[""TKT-0079"",""TKT-0093""]",SUPPORTING_EVIDENCE,"{""source_dataset"":""analytics/crypto_graphframes_exact_relationships.csv""}",2026.07.18.1
CRYPTO_KENNEL_LONG_CON,GF-0754,GF-SUPPORT,SAME_SUPPORT_TEMPLATE,TKT-0080,TKT-0094,support_response_template_hash,support-template-010,norm-v1,CURATED_APPROXIMATION,GRAPHFRAMES_EXACT_MATCH,false,SENIOR_V1_TO_CANONICAL_V1,APPROVED,Support templates can be normal; external fee demands determine significance.,"[""TKT-0080"",""TKT-0094""]",SUPPORTING_EVIDENCE,"{""source_dataset"":""analytics/crypto_graphframes_exact_relationships.csv""}",2026.07.18.1
CRYPTO_KENNEL_LONG_CON,GF-0755,GF-SUPPORT,SAME_SUPPORT_TEMPLATE,TKT-0081,TKT-0095,support_response_template_hash,support-template-011,norm-v1,CURATED_APPROXIMATION,GRAPHFRAMES_EXACT_MATCH,false,SENIOR_V1_TO_CANONICAL_V1,APPROVED,Support templates can be normal; external fee demands determine significance.,"[""TKT-0081"",""TKT-0095""]",SUPPORTING_EVIDENCE,"{""source_dataset"":""analytics/crypto_graphframes_exact_relationships.csv""}",2026.07.18.1
CRYPTO_KENNEL_LONG_CON,GF-0756,GF-SUPPORT,SAME_SUPPORT_TEMPLATE,TKT-0082,TKT-0096,support_response_template_hash,support-template-012,norm-v1,CURATED_APPROXIMATION,GRAPHFRAMES_EXACT_MATCH,false,SENIOR_V1_TO_CANONICAL_V1,APPROVED,Support templates can be normal; external fee demands determine significance.,"[""TKT-0082"",""TKT-0096""]",SUPPORTING_EVIDENCE,"{""source_dataset"":""analytics/crypto_graphframes_exact_relationships.csv""}",2026.07.18.1
CRYPTO_KENNEL_LONG_CON,GF-0757,GF-SUPPORT,SAME_SUPPORT_TEMPLATE,TKT-0083,TKT-0097,support_response_template_hash,support-template-013,norm-v1,CURATED_APPROXIMATION,GRAPHFRAMES_EXACT_MATCH,false,SENIOR_V1_TO_CANONICAL_V1,APPROVED,Support templates can be normal; external fee demands determine significance.,"[""TKT-0083"",""TKT-0097""]",SUPPORTING_EVIDENCE,"{""source_dataset"":""analytics/crypto_graphframes_exact_relationships.csv""}",2026.07.18.1
CRYPTO_KENNEL_LONG_CON,GF-0758,GF-SUPPORT,SAME_SUPPORT_TEMPLATE,TKT-0084,TKT-0098,support_response_template_hash,support-template-014,norm-v1,CURATED_APPROXIMATION,GRAPHFRAMES_EXACT_MATCH,false,SENIOR_V1_TO_CANONICAL_V1,APPROVED,Support templates can be normal; external fee demands determine significance.,"[""TKT-0084"",""TKT-0098""]",SUPPORTING_EVIDENCE,"{""source_dataset"":""analytics/crypto_graphframes_exact_relationships.csv""}",2026.07.18.1
CRYPTO_KENNEL_LONG_CON,GF-0759,GF-SUPPORT,SAME_SUPPORT_TEMPLATE,TKT-0085,TKT-0099,support_response_template_hash,support-template-001,norm-v1,CURATED_APPROXIMATION,GRAPHFRAMES_EXACT_MATCH,false,SENIOR_V1_TO_CANONICAL_V1,APPROVED,Support templates can be normal; external fee demands determine significance.,"[""TKT-0085"",""TKT-0099""]",SUPPORTING_EVIDENCE,"{""source_dataset"":""analytics/crypto_graphframes_exact_relationships.csv""}",2026.07.18.1
CRYPTO_KENNEL_LONG_CON,GF-0760,GF-SUPPORT,SAME_SUPPORT_TEMPLATE,TKT-0086,TKT-0100,support_response_template_hash,support-template-002,norm-v1,CURATED_APPROXIMATION,GRAPHFRAMES_EXACT_MATCH,false,SENIOR_V1_TO_CANONICAL_V1,APPROVED,Support templates can be normal; external fee demands determine significance.,"[""TKT-0086"",""TKT-0100""]",SUPPORTING_EVIDENCE,"{""source_dataset"":""analytics/crypto_graphframes_exact_relationships.csv""}",2026.07.18.1
CRYPTO_KENNEL_LONG_CON,GF-0761,GF-SUPPORT,SAME_SUPPORT_TEMPLATE,TKT-0087,TKT-0101,support_response_template_hash,support-template-003,norm-v1,CURATED_APPROXIMATION,GRAPHFRAMES_EXACT_MATCH,false,SENIOR_V1_TO_CANONICAL_V1,APPROVED,Support templates can be normal; external fee demands determine significance.,"[""TKT-0087"",""TKT-0101""]",SUPPORTING_EVIDENCE,"{""source_dataset"":""analytics/crypto_graphframes_exact_relationships.csv""}",2026.07.18.1
CRYPTO_KENNEL_LONG_CON,GF-0762,GF-SUPPORT,SAME_SUPPORT_TEMPLATE,TKT-0088,TKT-0102,support_response_template_hash,support-template-004,norm-v1,CURATED_APPROXIMATION,GRAPHFRAMES_EXACT_MATCH,false,SENIOR_V1_TO_CANONICAL_V1,APPROVED,Support templates can be normal; external fee demands determine significance.,"[""TKT-0088"",""TKT-0102""]",SUPPORTING_EVIDENCE,"{""source_dataset"":""analytics/crypto_graphframes_exact_relationships.csv""}",2026.07.18.1
CRYPTO_KENNEL_LONG_CON,GF-0763,GF-SUPPORT,SAME_SUPPORT_TEMPLATE,TKT-0089,TKT-0103,support_response_template_hash,support-template-005,norm-v1,CURATED_APPROXIMATION,GRAPHFRAMES_EXACT_MATCH,false,SENIOR_V1_TO_CANONICAL_V1,APPROVED,Support templates can be normal; external fee demands determine significance.,"[""TKT-0089"",""TKT-0103""]",SUPPORTING_EVIDENCE,"{""source_dataset"":""analytics/crypto_graphframes_exact_relationships.csv""}",2026.07.18.1
CRYPTO_KENNEL_LONG_CON,GF-0764,GF-SUPPORT,SAME_SUPPORT_TEMPLATE,TKT-0090,TKT-0104,support_response_template_hash,support-template-006,norm-v1,CURATED_APPROXIMATION,GRAPHFRAMES_EXACT_MATCH,false,SENIOR_V1_TO_CANONICAL_V1,APPROVED,Support templates can be normal; external fee demands determine significance.,"[""TKT-0090"",""TKT-0104""]",SUPPORTING_EVIDENCE,"{""source_dataset"":""analytics/crypto_graphframes_exact_relationships.csv""}",2026.07.18.1
CRYPTO_KENNEL_LONG_CON,GF-0765,GF-SUPPORT,SAME_SUPPORT_TEMPLATE,TKT-0091,TKT-0105,support_response_template_hash,support-template-007,norm-v1,CURATED_APPROXIMATION,GRAPHFRAMES_EXACT_MATCH,false,SENIOR_V1_TO_CANONICAL_V1,APPROVED,Support templates can be normal; external fee demands determine significance.,"[""TKT-0091"",""TKT-0105""]",SUPPORTING_EVIDENCE,"{""source_dataset"":""analytics/crypto_graphframes_exact_relationships.csv""}",2026.07.18.1
CRYPTO_KENNEL_LONG_CON,GF-0766,GF-SUPPORT,SAME_SUPPORT_TEMPLATE,TKT-0092,TKT-0106,support_response_template_hash,support-template-008,norm-v1,CURATED_APPROXIMATION,GRAPHFRAMES_EXACT_MATCH,false,SENIOR_V1_TO_CANONICAL_V1,APPROVED,Support templates can be normal; external fee demands determine significance.,"[""TKT-0092"",""TKT-0106""]",SUPPORTING_EVIDENCE,"{""source_dataset"":""analytics/crypto_graphframes_exact_relationships.csv""}",2026.07.18.1
CRYPTO_KENNEL_LONG_CON,GF-0767,GF-SUPPORT,SAME_SUPPORT_TEMPLATE,TKT-0093,TKT-0107,support_response_template_hash,support-template-009,norm-v1,CURATED_APPROXIMATION,GRAPHFRAMES_EXACT_MATCH,false,SENIOR_V1_TO_CANONICAL_V1,APPROVED,Support templates can be normal; external fee demands determine significance.,"[""TKT-0093"",""TKT-0107""]",SUPPORTING_EVIDENCE,"{""source_dataset"":""analytics/crypto_graphframes_exact_relationships.csv""}",2026.07.18.1
CRYPTO_KENNEL_LONG_CON,GF-0768,GF-SUPPORT,SAME_SUPPORT_TEMPLATE,TKT-0094,TKT-0108,support_response_template_hash,support-template-010,norm-v1,CURATED_APPROXIMATION,GRAPHFRAMES_EXACT_MATCH,false,SENIOR_V1_TO_CANONICAL_V1,APPROVED,Support templates can be normal; external fee demands determine significance.,"[""TKT-0094"",""TKT-0108""]",SUPPORTING_EVIDENCE,"{""source_dataset"":""analytics/crypto_graphframes_exact_relationships.csv""}",2026.07.18.1
CRYPTO_KENNEL_LONG_CON,GF-0769,GF-SUPPORT,SAME_SUPPORT_TEMPLATE,TKT-0095,TKT-0109,support_response_template_hash,support-template-011,norm-v1,CURATED_APPROXIMATION,GRAPHFRAMES_EXACT_MATCH,false,SENIOR_V1_TO_CANONICAL_V1,APPROVED,Support templates can be normal; external fee demands determine significance.,"[""TKT-0095"",""TKT-0109""]",SUPPORTING_EVIDENCE,"{""source_dataset"":""analytics/crypto_graphframes_exact_relationships.csv""}",2026.07.18.1
CRYPTO_KENNEL_LONG_CON,GF-0770,GF-SUPPORT,SAME_SUPPORT_TEMPLATE,TKT-0096,TKT-0110,support_response_template_hash,support-template-012,norm-v1,CURATED_APPROXIMATION,GRAPHFRAMES_EXACT_MATCH,false,SENIOR_V1_TO_CANONICAL_V1,APPROVED,Support templates can be normal; external fee demands determine significance.,"[""TKT-0096"",""TKT-0110""]",SUPPORTING_EVIDENCE,"{""source_dataset"":""analytics/crypto_graphframes_exact_relationships.csv""}",2026.07.18.1
CRYPTO_KENNEL_LONG_CON,GF-0771,GF-SUPPORT,SAME_SUPPORT_TEMPLATE,TKT-0097,TKT-0111,support_response_template_hash,support-template-013,norm-v1,CURATED_APPROXIMATION,GRAPHFRAMES_EXACT_MATCH,false,SENIOR_V1_TO_CANONICAL_V1,APPROVED,Support templates can be normal; external fee demands determine significance.,"[""TKT-0097"",""TKT-0111""]",SUPPORTING_EVIDENCE,"{""source_dataset"":""analytics/crypto_graphframes_exact_relationships.csv""}",2026.07.18.1
CRYPTO_KENNEL_LONG_CON,GF-0772,GF-SUPPORT,SAME_SUPPORT_TEMPLATE,TKT-0098,TKT-0112,support_response_template_hash,support-template-014,norm-v1,CURATED_APPROXIMATION,GRAPHFRAMES_EXACT_MATCH,false,SENIOR_V1_TO_CANONICAL_V1,APPROVED,Support templates can be normal; external fee demands determine significance.,"[""TKT-0098"",""TKT-0112""]",SUPPORTING_EVIDENCE,"{""source_dataset"":""analytics/crypto_graphframes_exact_relationships.csv""}",2026.07.18.1
CRYPTO_KENNEL_LONG_CON,GF-0773,GF-SUPPORT,SAME_SUPPORT_TEMPLATE,TKT-0099,TKT-0113,support_response_template_hash,support-template-001,norm-v1,CURATED_APPROXIMATION,GRAPHFRAMES_EXACT_MATCH,false,SENIOR_V1_TO_CANONICAL_V1,APPROVED,Support templates can be normal; external fee demands determine significance.,"[""TKT-0099"",""TKT-0113""]",SUPPORTING_EVIDENCE,"{""source_dataset"":""analytics/crypto_graphframes_exact_relationships.csv""}",2026.07.18.1
CRYPTO_KENNEL_LONG_CON,GF-0774,GF-SUPPORT,SAME_SUPPORT_TEMPLATE,TKT-0100,TKT-0114,support_response_template_hash,support-template-002,norm-v1,CURATED_APPROXIMATION,GRAPHFRAMES_EXACT_MATCH,false,SENIOR_V1_TO_CANONICAL_V1,APPROVED,Support templates can be normal; external fee demands determine significance.,"[""TKT-0100"",""TKT-0114""]",SUPPORTING_EVIDENCE,"{""source_dataset"":""analytics/crypto_graphframes_exact_relationships.csv""}",2026.07.18.1
CRYPTO_KENNEL_LONG_CON,GF-0775,GF-SUPPORT,SAME_SUPPORT_TEMPLATE,TKT-0101,TKT-0115,support_response_template_hash,support-template-003,norm-v1,CURATED_APPROXIMATION,GRAPHFRAMES_EXACT_MATCH,false,SENIOR_V1_TO_CANONICAL_V1,APPROVED,Support templates can be normal; external fee demands determine significance.,"[""TKT-0101"",""TKT-0115""]",SUPPORTING_EVIDENCE,"{""source_dataset"":""analytics/crypto_graphframes_exact_relationships.csv""}",2026.07.18.1
CRYPTO_KENNEL_LONG_CON,GF-0776,GF-SUPPORT,SAME_SUPPORT_TEMPLATE,TKT-0102,TKT-0116,support_response_template_hash,support-template-004,norm-v1,CURATED_APPROXIMATION,GRAPHFRAMES_EXACT_MATCH,false,SENIOR_V1_TO_CANONICAL_V1,APPROVED,Support templates can be normal; external fee demands determine significance.,"[""TKT-0102"",""TKT-0116""]",SUPPORTING_EVIDENCE,"{""source_dataset"":""analytics/crypto_graphframes_exact_relationships.csv""}",2026.07.18.1
CRYPTO_KENNEL_LONG_CON,GF-0777,GF-SUPPORT,SAME_SUPPORT_TEMPLATE,TKT-0103,TKT-0117,support_response_template_hash,support-template-005,norm-v1,CURATED_APPROXIMATION,GRAPHFRAMES_EXACT_MATCH,false,SENIOR_V1_TO_CANONICAL_V1,APPROVED,Support templates can be normal; external fee demands determine significance.,"[""TKT-0103"",""TKT-0117""]",SUPPORTING_EVIDENCE,"{""source_dataset"":""analytics/crypto_graphframes_exact_relationships.csv""}",2026.07.18.1
CRYPTO_KENNEL_LONG_CON,GF-0778,GF-SUPPORT,SAME_SUPPORT_TEMPLATE,TKT-0104,TKT-0118,support_response_template_hash,support-template-006,norm-v1,CURATED_APPROXIMATION,GRAPHFRAMES_EXACT_MATCH,false,SENIOR_V1_TO_CANONICAL_V1,APPROVED,Support templates can be normal; external fee demands determine significance.,"[""TKT-0104"",""TKT-0118""]",SUPPORTING_EVIDENCE,"{""source_dataset"":""analytics/crypto_graphframes_exact_relationships.csv""}",2026.07.18.1
CRYPTO_KENNEL_LONG_CON,GF-0779,GF-SUPPORT,SAME_SUPPORT_TEMPLATE,TKT-0105,TKT-0119,support_response_template_hash,support-template-007,norm-v1,CURATED_APPROXIMATION,GRAPHFRAMES_EXACT_MATCH,false,SENIOR_V1_TO_CANONICAL_V1,APPROVED,Support templates can be normal; external fee demands determine significance.,"[""TKT-0105"",""TKT-0119""]",SUPPORTING_EVIDENCE,"{""source_dataset"":""analytics/crypto_graphframes_exact_relationships.csv""}",2026.07.18.1
CRYPTO_KENNEL_LONG_CON,GF-0780,GF-SUPPORT,SAME_SUPPORT_TEMPLATE,TKT-0106,TKT-0120,support_response_template_hash,support-template-008,norm-v1,CURATED_APPROXIMATION,GRAPHFRAMES_EXACT_MATCH,false,SENIOR_V1_TO_CANONICAL_V1,APPROVED,Support templates can be normal; external fee demands determine significance.,"[""TKT-0106"",""TKT-0120""]",SUPPORTING_EVIDENCE,"{""source_dataset"":""analytics/crypto_graphframes_exact_relationships.csv""}",2026.07.18.1
CRYPTO_KENNEL_LONG_CON,GF-0781,GF-SUPPORT,SAME_SUPPORT_TEMPLATE,TKT-0107,TKT-0121,support_response_template_hash,support-template-009,norm-v1,CURATED_APPROXIMATION,GRAPHFRAMES_EXACT_MATCH,false,SENIOR_V1_TO_CANONICAL_V1,APPROVED,Support templates can be normal; external fee demands determine significance.,"[""TKT-0107"",""TKT-0121""]",SUPPORTING_EVIDENCE,"{""source_dataset"":""analytics/crypto_graphframes_exact_relationships.csv""}",2026.07.18.1
CRYPTO_KENNEL_LONG_CON,GF-0782,GF-SUPPORT,SAME_SUPPORT_TEMPLATE,TKT-0108,TKT-0122,support_response_template_hash,support-template-010,norm-v1,CURATED_APPROXIMATION,GRAPHFRAMES_EXACT_MATCH,false,SENIOR_V1_TO_CANONICAL_V1,APPROVED,Support templates can be normal; external fee demands determine significance.,"[""TKT-0108"",""TKT-0122""]",SUPPORTING_EVIDENCE,"{""source_dataset"":""analytics/crypto_graphframes_exact_relationships.csv""}",2026.07.18.1
CRYPTO_KENNEL_LONG_CON,GF-0783,GF-SUPPORT,SAME_SUPPORT_TEMPLATE,TKT-0109,TKT-0123,support_response_template_hash,support-template-011,norm-v1,CURATED_APPROXIMATION,GRAPHFRAMES_EXACT_MATCH,false,SENIOR_V1_TO_CANONICAL_V1,APPROVED,Support templates can be normal; external fee demands determine significance.,"[""TKT-0109"",""TKT-0123""]",SUPPORTING_EVIDENCE,"{""source_dataset"":""analytics/crypto_graphframes_exact_relationships.csv""}",2026.07.18.1
CRYPTO_KENNEL_LONG_CON,GF-0784,GF-SUPPORT,SAME_SUPPORT_TEMPLATE,TKT-0110,TKT-0124,support_response_template_hash,support-template-012,norm-v1,CURATED_APPROXIMATION,GRAPHFRAMES_EXACT_MATCH,false,SENIOR_V1_TO_CANONICAL_V1,APPROVED,Support templates can be normal; external fee demands determine significance.,"[""TKT-0110"",""TKT-0124""]",SUPPORTING_EVIDENCE,"{""source_dataset"":""analytics/crypto_graphframes_exact_relationships.csv""}",2026.07.18.1
CRYPTO_KENNEL_LONG_CON,GF-0785,GF-SUPPORT,SAME_SUPPORT_TEMPLATE,TKT-0111,TKT-0125,support_response_template_hash,support-template-013,norm-v1,CURATED_APPROXIMATION,GRAPHFRAMES_EXACT_MATCH,false,SENIOR_V1_TO_CANONICAL_V1,APPROVED,Support templates can be normal; external fee demands determine significance.,"[""TKT-0111"",""TKT-0125""]",SUPPORTING_EVIDENCE,"{""source_dataset"":""analytics/crypto_graphframes_exact_relationships.csv""}",2026.07.18.1
CRYPTO_KENNEL_LONG_CON,GF-0786,GF-SUPPORT,SAME_SUPPORT_TEMPLATE,TKT-0112,TKT-0126,support_response_template_hash,support-template-014,norm-v1,CURATED_APPROXIMATION,GRAPHFRAMES_EXACT_MATCH,false,SENIOR_V1_TO_CANONICAL_V1,APPROVED,Support templates can be normal; external fee demands determine significance.,"[""TKT-0112"",""TKT-0126""]",SUPPORTING_EVIDENCE,"{""source_dataset"":""analytics/crypto_graphframes_exact_relationships.csv""}",2026.07.18.1
CRYPTO_KENNEL_LONG_CON,GF-0787,GF-SUPPORT,SAME_SUPPORT_TEMPLATE,TKT-0113,TKT-0127,support_response_template_hash,support-template-001,norm-v1,CURATED_APPROXIMATION,GRAPHFRAMES_EXACT_MATCH,false,SENIOR_V1_TO_CANONICAL_V1,APPROVED,Support templates can be normal; external fee demands determine significance.,"[""TKT-0113"",""TKT-0127""]",SUPPORTING_EVIDENCE,"{""source_dataset"":""analytics/crypto_graphframes_exact_relationships.csv""}",2026.07.18.1
CRYPTO_KENNEL_LONG_CON,GF-0788,GF-SUPPORT,SAME_SUPPORT_TEMPLATE,TKT-0114,TKT-0128,support_response_template_hash,support-template-002,norm-v1,CURATED_APPROXIMATION,GRAPHFRAMES_EXACT_MATCH,false,SENIOR_V1_TO_CANONICAL_V1,APPROVED,Support templates can be normal; external fee demands determine significance.,"[""TKT-0114"",""TKT-0128""]",SUPPORTING_EVIDENCE,"{""source_dataset"":""analytics/crypto_graphframes_exact_relationships.csv""}",2026.07.18.1
CRYPTO_KENNEL_LONG_CON,GF-0789,GF-SUPPORT,SAME_SUPPORT_TEMPLATE,TKT-0115,TKT-0129,support_response_template_hash,support-template-003,norm-v1,CURATED_APPROXIMATION,GRAPHFRAMES_EXACT_MATCH,false,SENIOR_V1_TO_CANONICAL_V1,APPROVED,Support templates can be normal; external fee demands determine significance.,"[""TKT-0115"",""TKT-0129""]",SUPPORTING_EVIDENCE,"{""source_dataset"":""analytics/crypto_graphframes_exact_relationships.csv""}",2026.07.18.1
CRYPTO_KENNEL_LONG_CON,GF-0790,GF-SUPPORT,SAME_SUPPORT_TEMPLATE,TKT-0116,TKT-0130,support_response_template_hash,support-template-004,norm-v1,CURATED_APPROXIMATION,GRAPHFRAMES_EXACT_MATCH,false,SENIOR_V1_TO_CANONICAL_V1,APPROVED,Support templates can be normal; external fee demands determine significance.,"[""TKT-0116"",""TKT-0130""]",SUPPORTING_EVIDENCE,"{""source_dataset"":""analytics/crypto_graphframes_exact_relationships.csv""}",2026.07.18.1
CRYPTO_KENNEL_LONG_CON,GF-0791,GF-SUPPORT,SAME_SUPPORT_TEMPLATE,TKT-0117,TKT-0131,support_response_template_hash,support-template-005,norm-v1,CURATED_APPROXIMATION,GRAPHFRAMES_EXACT_MATCH,false,SENIOR_V1_TO_CANONICAL_V1,APPROVED,Support templates can be normal; external fee demands determine significance.,"[""TKT-0117"",""TKT-0131""]",SUPPORTING_EVIDENCE,"{""source_dataset"":""analytics/crypto_graphframes_exact_relationships.csv""}",2026.07.18.1
CRYPTO_KENNEL_LONG_CON,GF-0792,GF-SUPPORT,SAME_SUPPORT_TEMPLATE,TKT-0118,TKT-0132,support_response_template_hash,support-template-006,norm-v1,CURATED_APPROXIMATION,GRAPHFRAMES_EXACT_MATCH,false,SENIOR_V1_TO_CANONICAL_V1,APPROVED,Support templates can be normal; external fee demands determine significance.,"[""TKT-0118"",""TKT-0132""]",SUPPORTING_EVIDENCE,"{""source_dataset"":""analytics/crypto_graphframes_exact_relationships.csv""}",2026.07.18.1
CRYPTO_KENNEL_LONG_CON,GF-0793,GF-SUPPORT,SAME_SUPPORT_TEMPLATE,TKT-0119,TKT-0133,support_response_template_hash,support-template-007,norm-v1,CURATED_APPROXIMATION,GRAPHFRAMES_EXACT_MATCH,false,SENIOR_V1_TO_CANONICAL_V1,APPROVED,Support templates can be normal; external fee demands determine significance.,"[""TKT-0119"",""TKT-0133""]",SUPPORTING_EVIDENCE,"{""source_dataset"":""analytics/crypto_graphframes_exact_relationships.csv""}",2026.07.18.1
CRYPTO_KENNEL_LONG_CON,GF-0794,GF-SUPPORT,SAME_SUPPORT_TEMPLATE,TKT-0120,TKT-0134,support_response_template_hash,support-template-008,norm-v1,CURATED_APPROXIMATION,GRAPHFRAMES_EXACT_MATCH,false,SENIOR_V1_TO_CANONICAL_V1,APPROVED,Support templates can be normal; external fee demands determine significance.,"[""TKT-0120"",""TKT-0134""]",SUPPORTING_EVIDENCE,"{""source_dataset"":""analytics/crypto_graphframes_exact_relationships.csv""}",2026.07.18.1
CRYPTO_KENNEL_LONG_CON,GF-0795,GF-SUPPORT,SAME_SUPPORT_TEMPLATE,TKT-0121,TKT-0135,support_response_template_hash,support-template-009,norm-v1,CURATED_APPROXIMATION,GRAPHFRAMES_EXACT_MATCH,false,SENIOR_V1_TO_CANONICAL_V1,APPROVED,Support templates can be normal; external fee demands determine significance.,"[""TKT-0121"",""TKT-0135""]",SUPPORTING_EVIDENCE,"{""source_dataset"":""analytics/crypto_graphframes_exact_relationships.csv""}",2026.07.18.1
CRYPTO_KENNEL_LONG_CON,GF-0796,GF-SUPPORT,SAME_SUPPORT_TEMPLATE,TKT-0122,TKT-0136,support_response_template_hash,support-template-010,norm-v1,CURATED_APPROXIMATION,GRAPHFRAMES_EXACT_MATCH,false,SENIOR_V1_TO_CANONICAL_V1,APPROVED,Support templates can be normal; external fee demands determine significance.,"[""TKT-0122"",""TKT-0136""]",SUPPORTING_EVIDENCE,"{""source_dataset"":""analytics/crypto_graphframes_exact_relationships.csv""}",2026.07.18.1
CRYPTO_KENNEL_LONG_CON,GF-0797,GF-SUPPORT,SAME_SUPPORT_TEMPLATE,TKT-0123,TKT-0137,support_response_template_hash,support-template-011,norm-v1,CURATED_APPROXIMATION,GRAPHFRAMES_EXACT_MATCH,false,SENIOR_V1_TO_CANONICAL_V1,APPROVED,Support templates can be normal; external fee demands determine significance.,"[""TKT-0123"",""TKT-0137""]",SUPPORTING_EVIDENCE,"{""source_dataset"":""analytics/crypto_graphframes_exact_relationships.csv""}",2026.07.18.1
CRYPTO_KENNEL_LONG_CON,GF-0798,GF-SUPPORT,SAME_SUPPORT_TEMPLATE,TKT-0124,TKT-0138,support_response_template_hash,support-template-012,norm-v1,CURATED_APPROXIMATION,GRAPHFRAMES_EXACT_MATCH,false,SENIOR_V1_TO_CANONICAL_V1,APPROVED,Support templates can be normal; external fee demands determine significance.,"[""TKT-0124"",""TKT-0138""]",SUPPORTING_EVIDENCE,"{""source_dataset"":""analytics/crypto_graphframes_exact_relationships.csv""}",2026.07.18.1
CRYPTO_KENNEL_LONG_CON,GF-0799,GF-SUPPORT,SAME_SUPPORT_TEMPLATE,TKT-0125,TKT-0139,support_response_template_hash,support-template-013,norm-v1,CURATED_APPROXIMATION,GRAPHFRAMES_EXACT_MATCH,false,SENIOR_V1_TO_CANONICAL_V1,APPROVED,Support templates can be normal; external fee demands determine significance.,"[""TKT-0125"",""TKT-0139""]",SUPPORTING_EVIDENCE,"{""source_dataset"":""analytics/crypto_graphframes_exact_relationships.csv""}",2026.07.18.1
CRYPTO_KENNEL_LONG_CON,GF-0800,GF-SUPPORT,SAME_SUPPORT_TEMPLATE,TKT-0126,TKT-0140,support_response_template_hash,support-template-014,norm-v1,CURATED_APPROXIMATION,GRAPHFRAMES_EXACT_MATCH,false,SENIOR_V1_TO_CANONICAL_V1,APPROVED,Support templates can be normal; external fee demands determine significance.,"[""TKT-0126"",""TKT-0140""]",SUPPORTING_EVIDENCE,"{""source_dataset"":""analytics/crypto_graphframes_exact_relationships.csv""}",2026.07.18.1
CRYPTO_KENNEL_LONG_CON,GF-0801,GF-SUPPORT,SAME_SUPPORT_TEMPLATE,TKT-0127,TKT-0141,support_response_template_hash,support-template-001,norm-v1,CURATED_APPROXIMATION,GRAPHFRAMES_EXACT_MATCH,false,SENIOR_V1_TO_CANONICAL_V1,APPROVED,Support templates can be normal; external fee demands determine significance.,"[""TKT-0127"",""TKT-0141""]",SUPPORTING_EVIDENCE,"{""source_dataset"":""analytics/crypto_graphframes_exact_relationships.csv""}",2026.07.18.1
CRYPTO_KENNEL_LONG_CON,GF-0802,GF-SUPPORT,SAME_SUPPORT_TEMPLATE,TKT-0128,TKT-0142,support_response_template_hash,support-template-002,norm-v1,CURATED_APPROXIMATION,GRAPHFRAMES_EXACT_MATCH,false,SENIOR_V1_TO_CANONICAL_V1,APPROVED,Support templates can be normal; external fee demands determine significance.,"[""TKT-0128"",""TKT-0142""]",SUPPORTING_EVIDENCE,"{""source_dataset"":""analytics/crypto_graphframes_exact_relationships.csv""}",2026.07.18.1
CRYPTO_KENNEL_LONG_CON,GF-0803,GF-SUPPORT,SAME_SUPPORT_TEMPLATE,TKT-0129,TKT-0143,support_response_template_hash,support-template-003,norm-v1,CURATED_APPROXIMATION,GRAPHFRAMES_EXACT_MATCH,false,SENIOR_V1_TO_CANONICAL_V1,APPROVED,Support templates can be normal; external fee demands determine significance.,"[""TKT-0129"",""TKT-0143""]",SUPPORTING_EVIDENCE,"{""source_dataset"":""analytics/crypto_graphframes_exact_relationships.csv""}",2026.07.18.1
CRYPTO_KENNEL_LONG_CON,GF-0804,GF-SUPPORT,SAME_SUPPORT_TEMPLATE,TKT-0130,TKT-0144,support_response_template_hash,support-template-004,norm-v1,CURATED_APPROXIMATION,GRAPHFRAMES_EXACT_MATCH,false,SENIOR_V1_TO_CANONICAL_V1,APPROVED,Support templates can be normal; external fee demands determine significance.,"[""TKT-0130"",""TKT-0144""]",SUPPORTING_EVIDENCE,"{""source_dataset"":""analytics/crypto_graphframes_exact_relationships.csv""}",2026.07.18.1
CRYPTO_KENNEL_LONG_CON,GF-0805,GF-SUPPORT,SAME_SUPPORT_TEMPLATE,TKT-0131,TKT-0145,support_response_template_hash,support-template-005,norm-v1,CURATED_APPROXIMATION,GRAPHFRAMES_EXACT_MATCH,false,SENIOR_V1_TO_CANONICAL_V1,APPROVED,Support templates can be normal; external fee demands determine significance.,"[""TKT-0131"",""TKT-0145""]",SUPPORTING_EVIDENCE,"{""source_dataset"":""analytics/crypto_graphframes_exact_relationships.csv""}",2026.07.18.1
CRYPTO_KENNEL_LONG_CON,GF-0806,GF-SUPPORT,SAME_SUPPORT_TEMPLATE,TKT-0132,TKT-0146,support_response_template_hash,support-template-006,norm-v1,CURATED_APPROXIMATION,GRAPHFRAMES_EXACT_MATCH,false,SENIOR_V1_TO_CANONICAL_V1,APPROVED,Support templates can be normal; external fee demands determine significance.,"[""TKT-0132"",""TKT-0146""]",SUPPORTING_EVIDENCE,"{""source_dataset"":""analytics/crypto_graphframes_exact_relationships.csv""}",2026.07.18.1
CRYPTO_KENNEL_LONG_CON,GF-0807,GF-SUPPORT,SAME_SUPPORT_TEMPLATE,TKT-0133,TKT-0147,support_response_template_hash,support-template-007,norm-v1,CURATED_APPROXIMATION,GRAPHFRAMES_EXACT_MATCH,false,SENIOR_V1_TO_CANONICAL_V1,APPROVED,Support templates can be normal; external fee demands determine significance.,"[""TKT-0133"",""TKT-0147""]",SUPPORTING_EVIDENCE,"{""source_dataset"":""analytics/crypto_graphframes_exact_relationships.csv""}",2026.07.18.1
CRYPTO_KENNEL_LONG_CON,GF-0808,GF-SUPPORT,SAME_SUPPORT_TEMPLATE,TKT-0134,TKT-0148,support_response_template_hash,support-template-008,norm-v1,CURATED_APPROXIMATION,GRAPHFRAMES_EXACT_MATCH,false,SENIOR_V1_TO_CANONICAL_V1,APPROVED,Support templates can be normal; external fee demands determine significance.,"[""TKT-0134"",""TKT-0148""]",SUPPORTING_EVIDENCE,"{""source_dataset"":""analytics/crypto_graphframes_exact_relationships.csv""}",2026.07.18.1
CRYPTO_KENNEL_LONG_CON,GF-0809,GF-SUPPORT,SAME_SUPPORT_TEMPLATE,TKT-0135,TKT-0149,support_response_template_hash,support-template-009,norm-v1,CURATED_APPROXIMATION,GRAPHFRAMES_EXACT_MATCH,false,SENIOR_V1_TO_CANONICAL_V1,APPROVED,Support templates can be normal; external fee demands determine significance.,"[""TKT-0135"",""TKT-0149""]",SUPPORTING_EVIDENCE,"{""source_dataset"":""analytics/crypto_graphframes_exact_relationships.csv""}",2026.07.18.1
CRYPTO_KENNEL_LONG_CON,GF-0810,GF-SUPPORT,SAME_SUPPORT_TEMPLATE,TKT-0136,TKT-0150,support_response_template_hash,support-template-010,norm-v1,CURATED_APPROXIMATION,GRAPHFRAMES_EXACT_MATCH,false,SENIOR_V1_TO_CANONICAL_V1,APPROVED,Support templates can be normal; external fee demands determine significance.,"[""TKT-0136"",""TKT-0150""]",SUPPORTING_EVIDENCE,"{""source_dataset"":""analytics/crypto_graphframes_exact_relationships.csv""}",2026.07.18.1
CRYPTO_KENNEL_LONG_CON,GF-0811,GF-SUPPORT,SAME_SUPPORT_TEMPLATE,TKT-0137,TKT-0001,support_response_template_hash,support-template-011,norm-v1,CURATED_APPROXIMATION,GRAPHFRAMES_EXACT_MATCH,false,SENIOR_V1_TO_CANONICAL_V1,APPROVED,Support templates can be normal; external fee demands determine significance.,"[""TKT-0137"",""TKT-0001""]",SUPPORTING_EVIDENCE,"{""source_dataset"":""analytics/crypto_graphframes_exact_relationships.csv""}",2026.07.18.1
CRYPTO_KENNEL_LONG_CON,GF-0812,GF-SUPPORT,SAME_SUPPORT_TEMPLATE,TKT-0138,TKT-0002,support_response_template_hash,support-template-012,norm-v1,CURATED_APPROXIMATION,GRAPHFRAMES_EXACT_MATCH,false,SENIOR_V1_TO_CANONICAL_V1,APPROVED,Support templates can be normal; external fee demands determine significance.,"[""TKT-0138"",""TKT-0002""]",SUPPORTING_EVIDENCE,"{""source_dataset"":""analytics/crypto_graphframes_exact_relationships.csv""}",2026.07.18.1
CRYPTO_KENNEL_LONG_CON,GF-0813,GF-SUPPORT,SAME_SUPPORT_TEMPLATE,TKT-0139,TKT-0003,support_response_template_hash,support-template-013,norm-v1,CURATED_APPROXIMATION,GRAPHFRAMES_EXACT_MATCH,false,SENIOR_V1_TO_CANONICAL_V1,APPROVED,Support templates can be normal; external fee demands determine significance.,"[""TKT-0139"",""TKT-0003""]",SUPPORTING_EVIDENCE,"{""source_dataset"":""analytics/crypto_graphframes_exact_relationships.csv""}",2026.07.18.1
CRYPTO_KENNEL_LONG_CON,GF-0814,GF-SUPPORT,SAME_SUPPORT_TEMPLATE,TKT-0140,TKT-0004,support_response_template_hash,support-template-014,norm-v1,CURATED_APPROXIMATION,GRAPHFRAMES_EXACT_MATCH,false,SENIOR_V1_TO_CANONICAL_V1,APPROVED,Support templates can be normal; external fee demands determine significance.,"[""TKT-0140"",""TKT-0004""]",SUPPORTING_EVIDENCE,"{""source_dataset"":""analytics/crypto_graphframes_exact_relationships.csv""}",2026.07.18.1
CRYPTO_KENNEL_LONG_CON,GF-0815,GF-SUPPORT,SAME_SUPPORT_TEMPLATE,TKT-0141,TKT-0005,support_response_template_hash,support-template-001,norm-v1,CURATED_APPROXIMATION,GRAPHFRAMES_EXACT_MATCH,false,SENIOR_V1_TO_CANONICAL_V1,APPROVED,Support templates can be normal; external fee demands determine significance.,"[""TKT-0141"",""TKT-0005""]",SUPPORTING_EVIDENCE,"{""source_dataset"":""analytics/crypto_graphframes_exact_relationships.csv""}",2026.07.18.1
CRYPTO_KENNEL_LONG_CON,GF-0816,GF-SUPPORT,SAME_SUPPORT_TEMPLATE,TKT-0142,TKT-0006,support_response_template_hash,support-template-002,norm-v1,CURATED_APPROXIMATION,GRAPHFRAMES_EXACT_MATCH,false,SENIOR_V1_TO_CANONICAL_V1,APPROVED,Support templates can be normal; external fee demands determine significance.,"[""TKT-0142"",""TKT-0006""]",SUPPORTING_EVIDENCE,"{""source_dataset"":""analytics/crypto_graphframes_exact_relationships.csv""}",2026.07.18.1
CRYPTO_KENNEL_LONG_CON,GF-0817,GF-SUPPORT,SAME_SUPPORT_TEMPLATE,TKT-0143,TKT-0007,support_response_template_hash,support-template-003,norm-v1,CURATED_APPROXIMATION,GRAPHFRAMES_EXACT_MATCH,false,SENIOR_V1_TO_CANONICAL_V1,APPROVED,Support templates can be normal; external fee demands determine significance.,"[""TKT-0143"",""TKT-0007""]",SUPPORTING_EVIDENCE,"{""source_dataset"":""analytics/crypto_graphframes_exact_relationships.csv""}",2026.07.18.1
CRYPTO_KENNEL_LONG_CON,GF-0818,GF-SUPPORT,SAME_SUPPORT_TEMPLATE,TKT-0144,TKT-0008,support_response_template_hash,support-template-004,norm-v1,CURATED_APPROXIMATION,GRAPHFRAMES_EXACT_MATCH,false,SENIOR_V1_TO_CANONICAL_V1,APPROVED,Support templates can be normal; external fee demands determine significance.,"[""TKT-0144"",""TKT-0008""]",SUPPORTING_EVIDENCE,"{""source_dataset"":""analytics/crypto_graphframes_exact_relationships.csv""}",2026.07.18.1
CRYPTO_KENNEL_LONG_CON,GF-0819,GF-SUPPORT,SAME_SUPPORT_TEMPLATE,TKT-0145,TKT-0009,support_response_template_hash,support-template-005,norm-v1,CURATED_APPROXIMATION,GRAPHFRAMES_EXACT_MATCH,false,SENIOR_V1_TO_CANONICAL_V1,APPROVED,Support templates can be normal; external fee demands determine significance.,"[""TKT-0145"",""TKT-0009""]",SUPPORTING_EVIDENCE,"{""source_dataset"":""analytics/crypto_graphframes_exact_relationships.csv""}",2026.07.18.1
CRYPTO_KENNEL_LONG_CON,GF-0820,GF-SUPPORT,SAME_SUPPORT_TEMPLATE,TKT-0146,TKT-0010,support_response_template_hash,support-template-006,norm-v1,CURATED_APPROXIMATION,GRAPHFRAMES_EXACT_MATCH,false,SENIOR_V1_TO_CANONICAL_V1,APPROVED,Support templates can be normal; external fee demands determine significance.,"[""TKT-0146"",""TKT-0010""]",SUPPORTING_EVIDENCE,"{""source_dataset"":""analytics/crypto_graphframes_exact_relationships.csv""}",2026.07.18.1
CRYPTO_KENNEL_LONG_CON,GF-0821,GF-SUPPORT,SAME_SUPPORT_TEMPLATE,TKT-0147,TKT-0011,support_response_template_hash,support-template-007,norm-v1,CURATED_APPROXIMATION,GRAPHFRAMES_EXACT_MATCH,false,SENIOR_V1_TO_CANONICAL_V1,APPROVED,Support templates can be normal; external fee demands determine significance.,"[""TKT-0147"",""TKT-0011""]",SUPPORTING_EVIDENCE,"{""source_dataset"":""analytics/crypto_graphframes_exact_relationships.csv""}",2026.07.18.1
CRYPTO_KENNEL_LONG_CON,GF-0822,GF-SUPPORT,SAME_SUPPORT_TEMPLATE,TKT-0148,TKT-0012,support_response_template_hash,support-template-008,norm-v1,CURATED_APPROXIMATION,GRAPHFRAMES_EXACT_MATCH,false,SENIOR_V1_TO_CANONICAL_V1,APPROVED,Support templates can be normal; external fee demands determine significance.,"[""TKT-0148"",""TKT-0012""]",SUPPORTING_EVIDENCE,"{""source_dataset"":""analytics/crypto_graphframes_exact_relationships.csv""}",2026.07.18.1
CRYPTO_KENNEL_LONG_CON,GF-0823,GF-SUPPORT,SAME_SUPPORT_TEMPLATE,TKT-0149,TKT-0013,support_response_template_hash,support-template-009,norm-v1,CURATED_APPROXIMATION,GRAPHFRAMES_EXACT_MATCH,false,SENIOR_V1_TO_CANONICAL_V1,APPROVED,Support templates can be normal; external fee demands determine significance.,"[""TKT-0149"",""TKT-0013""]",SUPPORTING_EVIDENCE,"{""source_dataset"":""analytics/crypto_graphframes_exact_relationships.csv""}",2026.07.18.1
CRYPTO_KENNEL_LONG_CON,GF-0824,GF-SUPPORT,SAME_SUPPORT_TEMPLATE,TKT-0150,TKT-0014,support_response_template_hash,support-template-010,norm-v1,CURATED_APPROXIMATION,GRAPHFRAMES_EXACT_MATCH,false,SENIOR_V1_TO_CANONICAL_V1,APPROVED,Support templates can be normal; external fee demands determine significance.,"[""TKT-0150"",""TKT-0014""]",SUPPORTING_EVIDENCE,"{""source_dataset"":""analytics/crypto_graphframes_exact_relationships.csv""}",2026.07.18.1
CRYPTO_KENNEL_LONG_CON,GF-0825,GF-DEPOSIT,SAME_DEPOSIT_WALLET,DEP-0001,DEP-0031,assigned_destination,W-PLATFORM-DEPOSIT,norm-v1,CURATED_APPROXIMATION,GRAPHFRAMES_EXACT_MATCH,false,SENIOR_V1_TO_CANONICAL_V1,APPROVED,Shared destinations can be normal for omnibus platforms; downstream movement matters.,"[""DEP-0001"",""DEP-0031""]",SUPPORTING_EVIDENCE,"{""source_dataset"":""analytics/crypto_graphframes_exact_relationships.csv""}",2026.07.18.1
CRYPTO_KENNEL_LONG_CON,GF-0826,GF-DEPOSIT,SAME_BANK_BENEFICIARY,DEP-0002,DEP-0032,assigned_destination,A-HARBOR-7710,norm-v1,CURATED_APPROXIMATION,GRAPHFRAMES_EXACT_MATCH,false,SENIOR_V1_TO_CANONICAL_V1,APPROVED,Shared destinations can be normal for omnibus platforms; downstream movement matters.,"[""DEP-0002"",""DEP-0032""]",SUPPORTING_EVIDENCE,"{""source_dataset"":""analytics/crypto_graphframes_exact_relationships.csv""}",2026.07.18.1
CRYPTO_KENNEL_LONG_CON,GF-0827,GF-DEPOSIT,SAME_BANK_BENEFICIARY,DEP-0003,DEP-0033,assigned_destination,A-CRYPTO-6100,norm-v1,CURATED_APPROXIMATION,GRAPHFRAMES_EXACT_MATCH,false,SENIOR_V1_TO_CANONICAL_V1,APPROVED,Shared destinations can be normal for omnibus platforms; downstream movement matters.,"[""DEP-0003"",""DEP-0033""]",SUPPORTING_EVIDENCE,"{""source_dataset"":""analytics/crypto_graphframes_exact_relationships.csv""}",2026.07.18.1
CRYPTO_KENNEL_LONG_CON,GF-0828,GF-DEPOSIT,SAME_DEPOSIT_WALLET,DEP-0004,DEP-0034,assigned_destination,W-PLATFORM-DEPOSIT,norm-v1,CURATED_APPROXIMATION,GRAPHFRAMES_EXACT_MATCH,false,SENIOR_V1_TO_CANONICAL_V1,APPROVED,Shared destinations can be normal for omnibus platforms; downstream movement matters.,"[""DEP-0004"",""DEP-0034""]",SUPPORTING_EVIDENCE,"{""source_dataset"":""analytics/crypto_graphframes_exact_relationships.csv""}",2026.07.18.1
CRYPTO_KENNEL_LONG_CON,GF-0829,GF-DEPOSIT,SAME_BANK_BENEFICIARY,DEP-0005,DEP-0035,assigned_destination,A-HARBOR-7710,norm-v1,CURATED_APPROXIMATION,GRAPHFRAMES_EXACT_MATCH,false,SENIOR_V1_TO_CANONICAL_V1,APPROVED,Shared destinations can be normal for omnibus platforms; downstream movement matters.,"[""DEP-0005"",""DEP-0035""]",SUPPORTING_EVIDENCE,"{""source_dataset"":""analytics/crypto_graphframes_exact_relationships.csv""}",2026.07.18.1
CRYPTO_KENNEL_LONG_CON,GF-0830,GF-DEPOSIT,SAME_BANK_BENEFICIARY,DEP-0006,DEP-0036,assigned_destination,A-CRYPTO-6100,norm-v1,CURATED_APPROXIMATION,GRAPHFRAMES_EXACT_MATCH,false,SENIOR_V1_TO_CANONICAL_V1,APPROVED,Shared destinations can be normal for omnibus platforms; downstream movement matters.,"[""DEP-0006"",""DEP-0036""]",SUPPORTING_EVIDENCE,"{""source_dataset"":""analytics/crypto_graphframes_exact_relationships.csv""}",2026.07.18.1
CRYPTO_KENNEL_LONG_CON,GF-0831,GF-DEPOSIT,SAME_DEPOSIT_WALLET,DEP-0007,DEP-0037,assigned_destination,W-PLATFORM-DEPOSIT,norm-v1,CURATED_APPROXIMATION,GRAPHFRAMES_EXACT_MATCH,false,SENIOR_V1_TO_CANONICAL_V1,APPROVED,Shared destinations can be normal for omnibus platforms; downstream movement matters.,"[""DEP-0007"",""DEP-0037""]",SUPPORTING_EVIDENCE,"{""source_dataset"":""analytics/crypto_graphframes_exact_relationships.csv""}",2026.07.18.1
CRYPTO_KENNEL_LONG_CON,GF-0832,GF-DEPOSIT,SAME_BANK_BENEFICIARY,DEP-0008,DEP-0038,assigned_destination,A-HARBOR-7710,norm-v1,CURATED_APPROXIMATION,GRAPHFRAMES_EXACT_MATCH,false,SENIOR_V1_TO_CANONICAL_V1,APPROVED,Shared destinations can be normal for omnibus platforms; downstream movement matters.,"[""DEP-0008"",""DEP-0038""]",SUPPORTING_EVIDENCE,"{""source_dataset"":""analytics/crypto_graphframes_exact_relationships.csv""}",2026.07.18.1
CRYPTO_KENNEL_LONG_CON,GF-0833,GF-DEPOSIT,SAME_BANK_BENEFICIARY,DEP-0009,DEP-0039,assigned_destination,A-CRYPTO-6100,norm-v1,CURATED_APPROXIMATION,GRAPHFRAMES_EXACT_MATCH,false,SENIOR_V1_TO_CANONICAL_V1,APPROVED,Shared destinations can be normal for omnibus platforms; downstream movement matters.,"[""DEP-0009"",""DEP-0039""]",SUPPORTING_EVIDENCE,"{""source_dataset"":""analytics/crypto_graphframes_exact_relationships.csv""}",2026.07.18.1
CRYPTO_KENNEL_LONG_CON,GF-0834,GF-DEPOSIT,SAME_DEPOSIT_WALLET,DEP-0010,DEP-0040,assigned_destination,W-PLATFORM-DEPOSIT,norm-v1,CURATED_APPROXIMATION,GRAPHFRAMES_EXACT_MATCH,false,SENIOR_V1_TO_CANONICAL_V1,APPROVED,Shared destinations can be normal for omnibus platforms; downstream movement matters.,"[""DEP-0010"",""DEP-0040""]",SUPPORTING_EVIDENCE,"{""source_dataset"":""analytics/crypto_graphframes_exact_relationships.csv""}",2026.07.18.1
CRYPTO_KENNEL_LONG_CON,GF-0835,GF-DEPOSIT,SAME_BANK_BENEFICIARY,DEP-0011,DEP-0041,assigned_destination,A-HARBOR-7710,norm-v1,CURATED_APPROXIMATION,GRAPHFRAMES_EXACT_MATCH,false,SENIOR_V1_TO_CANONICAL_V1,APPROVED,Shared destinations can be normal for omnibus platforms; downstream movement matters.,"[""DEP-0011"",""DEP-0041""]",SUPPORTING_EVIDENCE,"{""source_dataset"":""analytics/crypto_graphframes_exact_relationships.csv""}",2026.07.18.1
CRYPTO_KENNEL_LONG_CON,GF-0836,GF-DEPOSIT,SAME_BANK_BENEFICIARY,DEP-0012,DEP-0042,assigned_destination,A-CRYPTO-6100,norm-v1,CURATED_APPROXIMATION,GRAPHFRAMES_EXACT_MATCH,false,SENIOR_V1_TO_CANONICAL_V1,APPROVED,Shared destinations can be normal for omnibus platforms; downstream movement matters.,"[""DEP-0012"",""DEP-0042""]",SUPPORTING_EVIDENCE,"{""source_dataset"":""analytics/crypto_graphframes_exact_relationships.csv""}",2026.07.18.1
CRYPTO_KENNEL_LONG_CON,GF-0837,GF-DEPOSIT,SAME_DEPOSIT_WALLET,DEP-0013,DEP-0043,assigned_destination,W-PLATFORM-DEPOSIT,norm-v1,CURATED_APPROXIMATION,GRAPHFRAMES_EXACT_MATCH,false,SENIOR_V1_TO_CANONICAL_V1,APPROVED,Shared destinations can be normal for omnibus platforms; downstream movement matters.,"[""DEP-0013"",""DEP-0043""]",SUPPORTING_EVIDENCE,"{""source_dataset"":""analytics/crypto_graphframes_exact_relationships.csv""}",2026.07.18.1
CRYPTO_KENNEL_LONG_CON,GF-0838,GF-DEPOSIT,SAME_BANK_BENEFICIARY,DEP-0014,DEP-0044,assigned_destination,A-HARBOR-7710,norm-v1,CURATED_APPROXIMATION,GRAPHFRAMES_EXACT_MATCH,false,SENIOR_V1_TO_CANONICAL_V1,APPROVED,Shared destinations can be normal for omnibus platforms; downstream movement matters.,"[""DEP-0014"",""DEP-0044""]",SUPPORTING_EVIDENCE,"{""source_dataset"":""analytics/crypto_graphframes_exact_relationships.csv""}",2026.07.18.1
CRYPTO_KENNEL_LONG_CON,GF-0839,GF-DEPOSIT,SAME_BANK_BENEFICIARY,DEP-0015,DEP-0045,assigned_destination,A-CRYPTO-6100,norm-v1,CURATED_APPROXIMATION,GRAPHFRAMES_EXACT_MATCH,false,SENIOR_V1_TO_CANONICAL_V1,APPROVED,Shared destinations can be normal for omnibus platforms; downstream movement matters.,"[""DEP-0015"",""DEP-0045""]",SUPPORTING_EVIDENCE,"{""source_dataset"":""analytics/crypto_graphframes_exact_relationships.csv""}",2026.07.18.1
CRYPTO_KENNEL_LONG_CON,GF-0840,GF-DEPOSIT,SAME_DEPOSIT_WALLET,DEP-0016,DEP-0046,assigned_destination,W-PLATFORM-DEPOSIT,norm-v1,CURATED_APPROXIMATION,GRAPHFRAMES_EXACT_MATCH,false,SENIOR_V1_TO_CANONICAL_V1,APPROVED,Shared destinations can be normal for omnibus platforms; downstream movement matters.,"[""DEP-0016"",""DEP-0046""]",SUPPORTING_EVIDENCE,"{""source_dataset"":""analytics/crypto_graphframes_exact_relationships.csv""}",2026.07.18.1
CRYPTO_KENNEL_LONG_CON,GF-0841,GF-DEPOSIT,SAME_BANK_BENEFICIARY,DEP-0017,DEP-0047,assigned_destination,A-HARBOR-7710,norm-v1,CURATED_APPROXIMATION,GRAPHFRAMES_EXACT_MATCH,false,SENIOR_V1_TO_CANONICAL_V1,APPROVED,Shared destinations can be normal for omnibus platforms; downstream movement matters.,"[""DEP-0017"",""DEP-0047""]",SUPPORTING_EVIDENCE,"{""source_dataset"":""analytics/crypto_graphframes_exact_relationships.csv""}",2026.07.18.1
CRYPTO_KENNEL_LONG_CON,GF-0842,GF-DEPOSIT,SAME_BANK_BENEFICIARY,DEP-0018,DEP-0048,assigned_destination,A-CRYPTO-6100,norm-v1,CURATED_APPROXIMATION,GRAPHFRAMES_EXACT_MATCH,false,SENIOR_V1_TO_CANONICAL_V1,APPROVED,Shared destinations can be normal for omnibus platforms; downstream movement matters.,"[""DEP-0018"",""DEP-0048""]",SUPPORTING_EVIDENCE,"{""source_dataset"":""analytics/crypto_graphframes_exact_relationships.csv""}",2026.07.18.1
CRYPTO_KENNEL_LONG_CON,GF-0843,GF-DEPOSIT,SAME_DEPOSIT_WALLET,DEP-0019,DEP-0049,assigned_destination,W-PLATFORM-DEPOSIT,norm-v1,CURATED_APPROXIMATION,GRAPHFRAMES_EXACT_MATCH,false,SENIOR_V1_TO_CANONICAL_V1,APPROVED,Shared destinations can be normal for omnibus platforms; downstream movement matters.,"[""DEP-0019"",""DEP-0049""]",SUPPORTING_EVIDENCE,"{""source_dataset"":""analytics/crypto_graphframes_exact_relationships.csv""}",2026.07.18.1
CRYPTO_KENNEL_LONG_CON,GF-0844,GF-DEPOSIT,SAME_BANK_BENEFICIARY,DEP-0020,DEP-0050,assigned_destination,A-HARBOR-7710,norm-v1,CURATED_APPROXIMATION,GRAPHFRAMES_EXACT_MATCH,false,SENIOR_V1_TO_CANONICAL_V1,APPROVED,Shared destinations can be normal for omnibus platforms; downstream movement matters.,"[""DEP-0020"",""DEP-0050""]",SUPPORTING_EVIDENCE,"{""source_dataset"":""analytics/crypto_graphframes_exact_relationships.csv""}",2026.07.18.1
CRYPTO_KENNEL_LONG_CON,GF-0845,GF-DEPOSIT,SAME_BANK_BENEFICIARY,DEP-0021,DEP-0051,assigned_destination,A-CRYPTO-6100,norm-v1,CURATED_APPROXIMATION,GRAPHFRAMES_EXACT_MATCH,false,SENIOR_V1_TO_CANONICAL_V1,APPROVED,Shared destinations can be normal for omnibus platforms; downstream movement matters.,"[""DEP-0021"",""DEP-0051""]",SUPPORTING_EVIDENCE,"{""source_dataset"":""analytics/crypto_graphframes_exact_relationships.csv""}",2026.07.18.1
CRYPTO_KENNEL_LONG_CON,GF-0846,GF-DEPOSIT,SAME_DEPOSIT_WALLET,DEP-0022,DEP-0052,assigned_destination,W-PLATFORM-DEPOSIT,norm-v1,CURATED_APPROXIMATION,GRAPHFRAMES_EXACT_MATCH,false,SENIOR_V1_TO_CANONICAL_V1,APPROVED,Shared destinations can be normal for omnibus platforms; downstream movement matters.,"[""DEP-0022"",""DEP-0052""]",SUPPORTING_EVIDENCE,"{""source_dataset"":""analytics/crypto_graphframes_exact_relationships.csv""}",2026.07.18.1
CRYPTO_KENNEL_LONG_CON,GF-0847,GF-DEPOSIT,SAME_BANK_BENEFICIARY,DEP-0023,DEP-0053,assigned_destination,A-HARBOR-7710,norm-v1,CURATED_APPROXIMATION,GRAPHFRAMES_EXACT_MATCH,false,SENIOR_V1_TO_CANONICAL_V1,APPROVED,Shared destinations can be normal for omnibus platforms; downstream movement matters.,"[""DEP-0023"",""DEP-0053""]",SUPPORTING_EVIDENCE,"{""source_dataset"":""analytics/crypto_graphframes_exact_relationships.csv""}",2026.07.18.1
CRYPTO_KENNEL_LONG_CON,GF-0848,GF-DEPOSIT,SAME_BANK_BENEFICIARY,DEP-0024,DEP-0054,assigned_destination,A-CRYPTO-6100,norm-v1,CURATED_APPROXIMATION,GRAPHFRAMES_EXACT_MATCH,false,SENIOR_V1_TO_CANONICAL_V1,APPROVED,Shared destinations can be normal for omnibus platforms; downstream movement matters.,"[""DEP-0024"",""DEP-0054""]",SUPPORTING_EVIDENCE,"{""source_dataset"":""analytics/crypto_graphframes_exact_relationships.csv""}",2026.07.18.1
CRYPTO_KENNEL_LONG_CON,GF-0849,GF-DEPOSIT,SAME_DEPOSIT_WALLET,DEP-0025,DEP-0055,assigned_destination,W-PLATFORM-DEPOSIT,norm-v1,CURATED_APPROXIMATION,GRAPHFRAMES_EXACT_MATCH,false,SENIOR_V1_TO_CANONICAL_V1,APPROVED,Shared destinations can be normal for omnibus platforms; downstream movement matters.,"[""DEP-0025"",""DEP-0055""]",SUPPORTING_EVIDENCE,"{""source_dataset"":""analytics/crypto_graphframes_exact_relationships.csv""}",2026.07.18.1
CRYPTO_KENNEL_LONG_CON,GF-0850,GF-DEPOSIT,SAME_BANK_BENEFICIARY,DEP-0026,DEP-0056,assigned_destination,A-HARBOR-7710,norm-v1,CURATED_APPROXIMATION,GRAPHFRAMES_EXACT_MATCH,false,SENIOR_V1_TO_CANONICAL_V1,APPROVED,Shared destinations can be normal for omnibus platforms; downstream movement matters.,"[""DEP-0026"",""DEP-0056""]",SUPPORTING_EVIDENCE,"{""source_dataset"":""analytics/crypto_graphframes_exact_relationships.csv""}",2026.07.18.1
CRYPTO_KENNEL_LONG_CON,GF-0851,GF-DEPOSIT,SAME_BANK_BENEFICIARY,DEP-0027,DEP-0057,assigned_destination,A-CRYPTO-6100,norm-v1,CURATED_APPROXIMATION,GRAPHFRAMES_EXACT_MATCH,false,SENIOR_V1_TO_CANONICAL_V1,APPROVED,Shared destinations can be normal for omnibus platforms; downstream movement matters.,"[""DEP-0027"",""DEP-0057""]",SUPPORTING_EVIDENCE,"{""source_dataset"":""analytics/crypto_graphframes_exact_relationships.csv""}",2026.07.18.1
CRYPTO_KENNEL_LONG_CON,GF-0852,GF-DEPOSIT,SAME_DEPOSIT_WALLET,DEP-0028,DEP-0058,assigned_destination,W-PLATFORM-DEPOSIT,norm-v1,CURATED_APPROXIMATION,GRAPHFRAMES_EXACT_MATCH,false,SENIOR_V1_TO_CANONICAL_V1,APPROVED,Shared destinations can be normal for omnibus platforms; downstream movement matters.,"[""DEP-0028"",""DEP-0058""]",SUPPORTING_EVIDENCE,"{""source_dataset"":""analytics/crypto_graphframes_exact_relationships.csv""}",2026.07.18.1
CRYPTO_KENNEL_LONG_CON,GF-0853,GF-DEPOSIT,SAME_BANK_BENEFICIARY,DEP-0029,DEP-0059,assigned_destination,A-HARBOR-7710,norm-v1,CURATED_APPROXIMATION,GRAPHFRAMES_EXACT_MATCH,false,SENIOR_V1_TO_CANONICAL_V1,APPROVED,Shared destinations can be normal for omnibus platforms; downstream movement matters.,"[""DEP-0029"",""DEP-0059""]",SUPPORTING_EVIDENCE,"{""source_dataset"":""analytics/crypto_graphframes_exact_relationships.csv""}",2026.07.18.1
CRYPTO_KENNEL_LONG_CON,GF-0854,GF-DEPOSIT,SAME_BANK_BENEFICIARY,DEP-0030,DEP-0060,assigned_destination,A-CRYPTO-6100,norm-v1,CURATED_APPROXIMATION,GRAPHFRAMES_EXACT_MATCH,false,SENIOR_V1_TO_CANONICAL_V1,APPROVED,Shared destinations can be normal for omnibus platforms; downstream movement matters.,"[""DEP-0030"",""DEP-0060""]",SUPPORTING_EVIDENCE,"{""source_dataset"":""analytics/crypto_graphframes_exact_relationships.csv""}",2026.07.18.1
CRYPTO_KENNEL_LONG_CON,GF-0855,GF-DEPOSIT,SAME_DEPOSIT_WALLET,DEP-0031,DEP-0061,assigned_destination,W-PLATFORM-DEPOSIT,norm-v1,CURATED_APPROXIMATION,GRAPHFRAMES_EXACT_MATCH,false,SENIOR_V1_TO_CANONICAL_V1,APPROVED,Shared destinations can be normal for omnibus platforms; downstream movement matters.,"[""DEP-0031"",""DEP-0061""]",SUPPORTING_EVIDENCE,"{""source_dataset"":""analytics/crypto_graphframes_exact_relationships.csv""}",2026.07.18.1
CRYPTO_KENNEL_LONG_CON,GF-0856,GF-DEPOSIT,SAME_BANK_BENEFICIARY,DEP-0032,DEP-0062,assigned_destination,A-HARBOR-7710,norm-v1,CURATED_APPROXIMATION,GRAPHFRAMES_EXACT_MATCH,false,SENIOR_V1_TO_CANONICAL_V1,APPROVED,Shared destinations can be normal for omnibus platforms; downstream movement matters.,"[""DEP-0032"",""DEP-0062""]",SUPPORTING_EVIDENCE,"{""source_dataset"":""analytics/crypto_graphframes_exact_relationships.csv""}",2026.07.18.1
CRYPTO_KENNEL_LONG_CON,GF-0857,GF-DEPOSIT,SAME_BANK_BENEFICIARY,DEP-0033,DEP-0063,assigned_destination,A-CRYPTO-6100,norm-v1,CURATED_APPROXIMATION,GRAPHFRAMES_EXACT_MATCH,false,SENIOR_V1_TO_CANONICAL_V1,APPROVED,Shared destinations can be normal for omnibus platforms; downstream movement matters.,"[""DEP-0033"",""DEP-0063""]",SUPPORTING_EVIDENCE,"{""source_dataset"":""analytics/crypto_graphframes_exact_relationships.csv""}",2026.07.18.1
CRYPTO_KENNEL_LONG_CON,GF-0858,GF-DEPOSIT,SAME_DEPOSIT_WALLET,DEP-0034,DEP-0064,assigned_destination,W-PLATFORM-DEPOSIT,norm-v1,CURATED_APPROXIMATION,GRAPHFRAMES_EXACT_MATCH,false,SENIOR_V1_TO_CANONICAL_V1,APPROVED,Shared destinations can be normal for omnibus platforms; downstream movement matters.,"[""DEP-0034"",""DEP-0064""]",SUPPORTING_EVIDENCE,"{""source_dataset"":""analytics/crypto_graphframes_exact_relationships.csv""}",2026.07.18.1
CRYPTO_KENNEL_LONG_CON,GF-0859,GF-DEPOSIT,SAME_BANK_BENEFICIARY,DEP-0035,DEP-0065,assigned_destination,A-HARBOR-7710,norm-v1,CURATED_APPROXIMATION,GRAPHFRAMES_EXACT_MATCH,false,SENIOR_V1_TO_CANONICAL_V1,APPROVED,Shared destinations can be normal for omnibus platforms; downstream movement matters.,"[""DEP-0035"",""DEP-0065""]",SUPPORTING_EVIDENCE,"{""source_dataset"":""analytics/crypto_graphframes_exact_relationships.csv""}",2026.07.18.1
CRYPTO_KENNEL_LONG_CON,GF-0860,GF-DEPOSIT,SAME_BANK_BENEFICIARY,DEP-0036,DEP-0066,assigned_destination,A-CRYPTO-6100,norm-v1,CURATED_APPROXIMATION,GRAPHFRAMES_EXACT_MATCH,false,SENIOR_V1_TO_CANONICAL_V1,APPROVED,Shared destinations can be normal for omnibus platforms; downstream movement matters.,"[""DEP-0036"",""DEP-0066""]",SUPPORTING_EVIDENCE,"{""source_dataset"":""analytics/crypto_graphframes_exact_relationships.csv""}",2026.07.18.1
CRYPTO_KENNEL_LONG_CON,GF-0861,GF-DEPOSIT,SAME_DEPOSIT_WALLET,DEP-0037,DEP-0067,assigned_destination,W-PLATFORM-DEPOSIT,norm-v1,CURATED_APPROXIMATION,GRAPHFRAMES_EXACT_MATCH,false,SENIOR_V1_TO_CANONICAL_V1,APPROVED,Shared destinations can be normal for omnibus platforms; downstream movement matters.,"[""DEP-0037"",""DEP-0067""]",SUPPORTING_EVIDENCE,"{""source_dataset"":""analytics/crypto_graphframes_exact_relationships.csv""}",2026.07.18.1
CRYPTO_KENNEL_LONG_CON,GF-0862,GF-DEPOSIT,SAME_BANK_BENEFICIARY,DEP-0038,DEP-0068,assigned_destination,A-HARBOR-7710,norm-v1,CURATED_APPROXIMATION,GRAPHFRAMES_EXACT_MATCH,false,SENIOR_V1_TO_CANONICAL_V1,APPROVED,Shared destinations can be normal for omnibus platforms; downstream movement matters.,"[""DEP-0038"",""DEP-0068""]",SUPPORTING_EVIDENCE,"{""source_dataset"":""analytics/crypto_graphframes_exact_relationships.csv""}",2026.07.18.1
CRYPTO_KENNEL_LONG_CON,GF-0863,GF-DEPOSIT,SAME_BANK_BENEFICIARY,DEP-0039,DEP-0069,assigned_destination,A-CRYPTO-6100,norm-v1,CURATED_APPROXIMATION,GRAPHFRAMES_EXACT_MATCH,false,SENIOR_V1_TO_CANONICAL_V1,APPROVED,Shared destinations can be normal for omnibus platforms; downstream movement matters.,"[""DEP-0039"",""DEP-0069""]",SUPPORTING_EVIDENCE,"{""source_dataset"":""analytics/crypto_graphframes_exact_relationships.csv""}",2026.07.18.1
CRYPTO_KENNEL_LONG_CON,GF-0864,GF-DEPOSIT,SAME_DEPOSIT_WALLET,DEP-0040,DEP-0070,assigned_destination,W-PLATFORM-DEPOSIT,norm-v1,CURATED_APPROXIMATION,GRAPHFRAMES_EXACT_MATCH,false,SENIOR_V1_TO_CANONICAL_V1,APPROVED,Shared destinations can be normal for omnibus platforms; downstream movement matters.,"[""DEP-0040"",""DEP-0070""]",SUPPORTING_EVIDENCE,"{""source_dataset"":""analytics/crypto_graphframes_exact_relationships.csv""}",2026.07.18.1
CRYPTO_KENNEL_LONG_CON,GF-0865,GF-DEPOSIT,SAME_BANK_BENEFICIARY,DEP-0041,DEP-0071,assigned_destination,A-HARBOR-7710,norm-v1,CURATED_APPROXIMATION,GRAPHFRAMES_EXACT_MATCH,false,SENIOR_V1_TO_CANONICAL_V1,APPROVED,Shared destinations can be normal for omnibus platforms; downstream movement matters.,"[""DEP-0041"",""DEP-0071""]",SUPPORTING_EVIDENCE,"{""source_dataset"":""analytics/crypto_graphframes_exact_relationships.csv""}",2026.07.18.1
CRYPTO_KENNEL_LONG_CON,GF-0866,GF-DEPOSIT,SAME_BANK_BENEFICIARY,DEP-0042,DEP-0072,assigned_destination,A-CRYPTO-6100,norm-v1,CURATED_APPROXIMATION,GRAPHFRAMES_EXACT_MATCH,false,SENIOR_V1_TO_CANONICAL_V1,APPROVED,Shared destinations can be normal for omnibus platforms; downstream movement matters.,"[""DEP-0042"",""DEP-0072""]",SUPPORTING_EVIDENCE,"{""source_dataset"":""analytics/crypto_graphframes_exact_relationships.csv""}",2026.07.18.1
CRYPTO_KENNEL_LONG_CON,GF-0867,GF-DEPOSIT,SAME_DEPOSIT_WALLET,DEP-0043,DEP-0073,assigned_destination,W-PLATFORM-DEPOSIT,norm-v1,CURATED_APPROXIMATION,GRAPHFRAMES_EXACT_MATCH,false,SENIOR_V1_TO_CANONICAL_V1,APPROVED,Shared destinations can be normal for omnibus platforms; downstream movement matters.,"[""DEP-0043"",""DEP-0073""]",SUPPORTING_EVIDENCE,"{""source_dataset"":""analytics/crypto_graphframes_exact_relationships.csv""}",2026.07.18.1
CRYPTO_KENNEL_LONG_CON,GF-0868,GF-DEPOSIT,SAME_BANK_BENEFICIARY,DEP-0044,DEP-0074,assigned_destination,A-HARBOR-7710,norm-v1,CURATED_APPROXIMATION,GRAPHFRAMES_EXACT_MATCH,false,SENIOR_V1_TO_CANONICAL_V1,APPROVED,Shared destinations can be normal for omnibus platforms; downstream movement matters.,"[""DEP-0044"",""DEP-0074""]",SUPPORTING_EVIDENCE,"{""source_dataset"":""analytics/crypto_graphframes_exact_relationships.csv""}",2026.07.18.1
CRYPTO_KENNEL_LONG_CON,GF-0869,GF-DEPOSIT,SAME_BANK_BENEFICIARY,DEP-0045,DEP-0075,assigned_destination,A-CRYPTO-6100,norm-v1,CURATED_APPROXIMATION,GRAPHFRAMES_EXACT_MATCH,false,SENIOR_V1_TO_CANONICAL_V1,APPROVED,Shared destinations can be normal for omnibus platforms; downstream movement matters.,"[""DEP-0045"",""DEP-0075""]",SUPPORTING_EVIDENCE,"{""source_dataset"":""analytics/crypto_graphframes_exact_relationships.csv""}",2026.07.18.1
CRYPTO_KENNEL_LONG_CON,GF-0870,GF-DEPOSIT,SAME_DEPOSIT_WALLET,DEP-0046,DEP-0076,assigned_destination,W-PLATFORM-DEPOSIT,norm-v1,CURATED_APPROXIMATION,GRAPHFRAMES_EXACT_MATCH,false,SENIOR_V1_TO_CANONICAL_V1,APPROVED,Shared destinations can be normal for omnibus platforms; downstream movement matters.,"[""DEP-0046"",""DEP-0076""]",SUPPORTING_EVIDENCE,"{""source_dataset"":""analytics/crypto_graphframes_exact_relationships.csv""}",2026.07.18.1
CRYPTO_KENNEL_LONG_CON,GF-0871,GF-DEPOSIT,SAME_BANK_BENEFICIARY,DEP-0047,DEP-0077,assigned_destination,A-HARBOR-7710,norm-v1,CURATED_APPROXIMATION,GRAPHFRAMES_EXACT_MATCH,false,SENIOR_V1_TO_CANONICAL_V1,APPROVED,Shared destinations can be normal for omnibus platforms; downstream movement matters.,"[""DEP-0047"",""DEP-0077""]",SUPPORTING_EVIDENCE,"{""source_dataset"":""analytics/crypto_graphframes_exact_relationships.csv""}",2026.07.18.1
CRYPTO_KENNEL_LONG_CON,GF-0872,GF-DEPOSIT,SAME_BANK_BENEFICIARY,DEP-0048,DEP-0078,assigned_destination,A-CRYPTO-6100,norm-v1,CURATED_APPROXIMATION,GRAPHFRAMES_EXACT_MATCH,false,SENIOR_V1_TO_CANONICAL_V1,APPROVED,Shared destinations can be normal for omnibus platforms; downstream movement matters.,"[""DEP-0048"",""DEP-0078""]",SUPPORTING_EVIDENCE,"{""source_dataset"":""analytics/crypto_graphframes_exact_relationships.csv""}",2026.07.18.1
CRYPTO_KENNEL_LONG_CON,GF-0873,GF-DEPOSIT,SAME_DEPOSIT_WALLET,DEP-0049,DEP-0079,assigned_destination,W-PLATFORM-DEPOSIT,norm-v1,CURATED_APPROXIMATION,GRAPHFRAMES_EXACT_MATCH,false,SENIOR_V1_TO_CANONICAL_V1,APPROVED,Shared destinations can be normal for omnibus platforms; downstream movement matters.,"[""DEP-0049"",""DEP-0079""]",SUPPORTING_EVIDENCE,"{""source_dataset"":""analytics/crypto_graphframes_exact_relationships.csv""}",2026.07.18.1
CRYPTO_KENNEL_LONG_CON,GF-0874,GF-DEPOSIT,SAME_BANK_BENEFICIARY,DEP-0050,DEP-0080,assigned_destination,A-HARBOR-7710,norm-v1,CURATED_APPROXIMATION,GRAPHFRAMES_EXACT_MATCH,false,SENIOR_V1_TO_CANONICAL_V1,APPROVED,Shared destinations can be normal for omnibus platforms; downstream movement matters.,"[""DEP-0050"",""DEP-0080""]",SUPPORTING_EVIDENCE,"{""source_dataset"":""analytics/crypto_graphframes_exact_relationships.csv""}",2026.07.18.1
CRYPTO_KENNEL_LONG_CON,GF-0875,GF-DEPOSIT,SAME_BANK_BENEFICIARY,DEP-0051,DEP-0081,assigned_destination,A-CRYPTO-6100,norm-v1,CURATED_APPROXIMATION,GRAPHFRAMES_EXACT_MATCH,false,SENIOR_V1_TO_CANONICAL_V1,APPROVED,Shared destinations can be normal for omnibus platforms; downstream movement matters.,"[""DEP-0051"",""DEP-0081""]",SUPPORTING_EVIDENCE,"{""source_dataset"":""analytics/crypto_graphframes_exact_relationships.csv""}",2026.07.18.1
CRYPTO_KENNEL_LONG_CON,GF-0876,GF-DEPOSIT,SAME_DEPOSIT_WALLET,DEP-0052,DEP-0082,assigned_destination,W-PLATFORM-DEPOSIT,norm-v1,CURATED_APPROXIMATION,GRAPHFRAMES_EXACT_MATCH,false,SENIOR_V1_TO_CANONICAL_V1,APPROVED,Shared destinations can be normal for omnibus platforms; downstream movement matters.,"[""DEP-0052"",""DEP-0082""]",SUPPORTING_EVIDENCE,"{""source_dataset"":""analytics/crypto_graphframes_exact_relationships.csv""}",2026.07.18.1
CRYPTO_KENNEL_LONG_CON,GF-0877,GF-DEPOSIT,SAME_BANK_BENEFICIARY,DEP-0053,DEP-0083,assigned_destination,A-HARBOR-7710,norm-v1,CURATED_APPROXIMATION,GRAPHFRAMES_EXACT_MATCH,false,SENIOR_V1_TO_CANONICAL_V1,APPROVED,Shared destinations can be normal for omnibus platforms; downstream movement matters.,"[""DEP-0053"",""DEP-0083""]",SUPPORTING_EVIDENCE,"{""source_dataset"":""analytics/crypto_graphframes_exact_relationships.csv""}",2026.07.18.1
CRYPTO_KENNEL_LONG_CON,GF-0878,GF-DEPOSIT,SAME_BANK_BENEFICIARY,DEP-0054,DEP-0084,assigned_destination,A-CRYPTO-6100,norm-v1,CURATED_APPROXIMATION,GRAPHFRAMES_EXACT_MATCH,false,SENIOR_V1_TO_CANONICAL_V1,APPROVED,Shared destinations can be normal for omnibus platforms; downstream movement matters.,"[""DEP-0054"",""DEP-0084""]",SUPPORTING_EVIDENCE,"{""source_dataset"":""analytics/crypto_graphframes_exact_relationships.csv""}",2026.07.18.1
CRYPTO_KENNEL_LONG_CON,GF-0879,GF-DEPOSIT,SAME_DEPOSIT_WALLET,DEP-0055,DEP-0085,assigned_destination,W-PLATFORM-DEPOSIT,norm-v1,CURATED_APPROXIMATION,GRAPHFRAMES_EXACT_MATCH,false,SENIOR_V1_TO_CANONICAL_V1,APPROVED,Shared destinations can be normal for omnibus platforms; downstream movement matters.,"[""DEP-0055"",""DEP-0085""]",SUPPORTING_EVIDENCE,"{""source_dataset"":""analytics/crypto_graphframes_exact_relationships.csv""}",2026.07.18.1
CRYPTO_KENNEL_LONG_CON,GF-0880,GF-DEPOSIT,SAME_BANK_BENEFICIARY,DEP-0056,DEP-0086,assigned_destination,A-HARBOR-7710,norm-v1,CURATED_APPROXIMATION,GRAPHFRAMES_EXACT_MATCH,false,SENIOR_V1_TO_CANONICAL_V1,APPROVED,Shared destinations can be normal for omnibus platforms; downstream movement matters.,"[""DEP-0056"",""DEP-0086""]",SUPPORTING_EVIDENCE,"{""source_dataset"":""analytics/crypto_graphframes_exact_relationships.csv""}",2026.07.18.1
CRYPTO_KENNEL_LONG_CON,GF-0881,GF-DEPOSIT,SAME_BANK_BENEFICIARY,DEP-0057,DEP-0087,assigned_destination,A-CRYPTO-6100,norm-v1,CURATED_APPROXIMATION,GRAPHFRAMES_EXACT_MATCH,false,SENIOR_V1_TO_CANONICAL_V1,APPROVED,Shared destinations can be normal for omnibus platforms; downstream movement matters.,"[""DEP-0057"",""DEP-0087""]",SUPPORTING_EVIDENCE,"{""source_dataset"":""analytics/crypto_graphframes_exact_relationships.csv""}",2026.07.18.1
CRYPTO_KENNEL_LONG_CON,GF-0882,GF-DEPOSIT,SAME_DEPOSIT_WALLET,DEP-0058,DEP-0088,assigned_destination,W-PLATFORM-DEPOSIT,norm-v1,CURATED_APPROXIMATION,GRAPHFRAMES_EXACT_MATCH,false,SENIOR_V1_TO_CANONICAL_V1,APPROVED,Shared destinations can be normal for omnibus platforms; downstream movement matters.,"[""DEP-0058"",""DEP-0088""]",SUPPORTING_EVIDENCE,"{""source_dataset"":""analytics/crypto_graphframes_exact_relationships.csv""}",2026.07.18.1
CRYPTO_KENNEL_LONG_CON,GF-0883,GF-DEPOSIT,SAME_BANK_BENEFICIARY,DEP-0059,DEP-0089,assigned_destination,A-HARBOR-7710,norm-v1,CURATED_APPROXIMATION,GRAPHFRAMES_EXACT_MATCH,false,SENIOR_V1_TO_CANONICAL_V1,APPROVED,Shared destinations can be normal for omnibus platforms; downstream movement matters.,"[""DEP-0059"",""DEP-0089""]",SUPPORTING_EVIDENCE,"{""source_dataset"":""analytics/crypto_graphframes_exact_relationships.csv""}",2026.07.18.1
CRYPTO_KENNEL_LONG_CON,GF-0884,GF-DEPOSIT,SAME_BANK_BENEFICIARY,DEP-0060,DEP-0090,assigned_destination,A-CRYPTO-6100,norm-v1,CURATED_APPROXIMATION,GRAPHFRAMES_EXACT_MATCH,false,SENIOR_V1_TO_CANONICAL_V1,APPROVED,Shared destinations can be normal for omnibus platforms; downstream movement matters.,"[""DEP-0060"",""DEP-0090""]",SUPPORTING_EVIDENCE,"{""source_dataset"":""analytics/crypto_graphframes_exact_relationships.csv""}",2026.07.18.1
CRYPTO_KENNEL_LONG_CON,GF-0885,GF-DEPOSIT,SAME_DEPOSIT_WALLET,DEP-0061,DEP-0091,assigned_destination,W-PLATFORM-DEPOSIT,norm-v1,CURATED_APPROXIMATION,GRAPHFRAMES_EXACT_MATCH,false,SENIOR_V1_TO_CANONICAL_V1,APPROVED,Shared destinations can be normal for omnibus platforms; downstream movement matters.,"[""DEP-0061"",""DEP-0091""]",SUPPORTING_EVIDENCE,"{""source_dataset"":""analytics/crypto_graphframes_exact_relationships.csv""}",2026.07.18.1
CRYPTO_KENNEL_LONG_CON,GF-0886,GF-DEPOSIT,SAME_BANK_BENEFICIARY,DEP-0062,DEP-0092,assigned_destination,A-HARBOR-7710,norm-v1,CURATED_APPROXIMATION,GRAPHFRAMES_EXACT_MATCH,false,SENIOR_V1_TO_CANONICAL_V1,APPROVED,Shared destinations can be normal for omnibus platforms; downstream movement matters.,"[""DEP-0062"",""DEP-0092""]",SUPPORTING_EVIDENCE,"{""source_dataset"":""analytics/crypto_graphframes_exact_relationships.csv""}",2026.07.18.1
CRYPTO_KENNEL_LONG_CON,GF-0887,GF-DEPOSIT,SAME_BANK_BENEFICIARY,DEP-0063,DEP-0093,assigned_destination,A-CRYPTO-6100,norm-v1,CURATED_APPROXIMATION,GRAPHFRAMES_EXACT_MATCH,false,SENIOR_V1_TO_CANONICAL_V1,APPROVED,Shared destinations can be normal for omnibus platforms; downstream movement matters.,"[""DEP-0063"",""DEP-0093""]",SUPPORTING_EVIDENCE,"{""source_dataset"":""analytics/crypto_graphframes_exact_relationships.csv""}",2026.07.18.1
CRYPTO_KENNEL_LONG_CON,GF-0888,GF-DEPOSIT,SAME_DEPOSIT_WALLET,DEP-0064,DEP-0094,assigned_destination,W-PLATFORM-DEPOSIT,norm-v1,CURATED_APPROXIMATION,GRAPHFRAMES_EXACT_MATCH,false,SENIOR_V1_TO_CANONICAL_V1,APPROVED,Shared destinations can be normal for omnibus platforms; downstream movement matters.,"[""DEP-0064"",""DEP-0094""]",SUPPORTING_EVIDENCE,"{""source_dataset"":""analytics/crypto_graphframes_exact_relationships.csv""}",2026.07.18.1
CRYPTO_KENNEL_LONG_CON,GF-0889,GF-DEPOSIT,SAME_BANK_BENEFICIARY,DEP-0065,DEP-0095,assigned_destination,A-HARBOR-7710,norm-v1,CURATED_APPROXIMATION,GRAPHFRAMES_EXACT_MATCH,false,SENIOR_V1_TO_CANONICAL_V1,APPROVED,Shared destinations can be normal for omnibus platforms; downstream movement matters.,"[""DEP-0065"",""DEP-0095""]",SUPPORTING_EVIDENCE,"{""source_dataset"":""analytics/crypto_graphframes_exact_relationships.csv""}",2026.07.18.1
CRYPTO_KENNEL_LONG_CON,GF-0890,GF-DEPOSIT,SAME_BANK_BENEFICIARY,DEP-0066,DEP-0096,assigned_destination,A-CRYPTO-6100,norm-v1,CURATED_APPROXIMATION,GRAPHFRAMES_EXACT_MATCH,false,SENIOR_V1_TO_CANONICAL_V1,APPROVED,Shared destinations can be normal for omnibus platforms; downstream movement matters.,"[""DEP-0066"",""DEP-0096""]",SUPPORTING_EVIDENCE,"{""source_dataset"":""analytics/crypto_graphframes_exact_relationships.csv""}",2026.07.18.1
CRYPTO_KENNEL_LONG_CON,GF-0891,GF-DEPOSIT,SAME_DEPOSIT_WALLET,DEP-0067,DEP-0097,assigned_destination,W-PLATFORM-DEPOSIT,norm-v1,CURATED_APPROXIMATION,GRAPHFRAMES_EXACT_MATCH,false,SENIOR_V1_TO_CANONICAL_V1,APPROVED,Shared destinations can be normal for omnibus platforms; downstream movement matters.,"[""DEP-0067"",""DEP-0097""]",SUPPORTING_EVIDENCE,"{""source_dataset"":""analytics/crypto_graphframes_exact_relationships.csv""}",2026.07.18.1
CRYPTO_KENNEL_LONG_CON,GF-0892,GF-DEPOSIT,SAME_BANK_BENEFICIARY,DEP-0068,DEP-0098,assigned_destination,A-HARBOR-7710,norm-v1,CURATED_APPROXIMATION,GRAPHFRAMES_EXACT_MATCH,false,SENIOR_V1_TO_CANONICAL_V1,APPROVED,Shared destinations can be normal for omnibus platforms; downstream movement matters.,"[""DEP-0068"",""DEP-0098""]",SUPPORTING_EVIDENCE,"{""source_dataset"":""analytics/crypto_graphframes_exact_relationships.csv""}",2026.07.18.1
CRYPTO_KENNEL_LONG_CON,GF-0893,GF-DEPOSIT,SAME_BANK_BENEFICIARY,DEP-0069,DEP-0099,assigned_destination,A-CRYPTO-6100,norm-v1,CURATED_APPROXIMATION,GRAPHFRAMES_EXACT_MATCH,false,SENIOR_V1_TO_CANONICAL_V1,APPROVED,Shared destinations can be normal for omnibus platforms; downstream movement matters.,"[""DEP-0069"",""DEP-0099""]",SUPPORTING_EVIDENCE,"{""source_dataset"":""analytics/crypto_graphframes_exact_relationships.csv""}",2026.07.18.1
CRYPTO_KENNEL_LONG_CON,GF-0894,GF-DEPOSIT,SAME_DEPOSIT_WALLET,DEP-0070,DEP-0100,assigned_destination,W-PLATFORM-DEPOSIT,norm-v1,CURATED_APPROXIMATION,GRAPHFRAMES_EXACT_MATCH,false,SENIOR_V1_TO_CANONICAL_V1,APPROVED,Shared destinations can be normal for omnibus platforms; downstream movement matters.,"[""DEP-0070"",""DEP-0100""]",SUPPORTING_EVIDENCE,"{""source_dataset"":""analytics/crypto_graphframes_exact_relationships.csv""}",2026.07.18.1
CRYPTO_KENNEL_LONG_CON,GF-0895,GF-DEPOSIT,SAME_BANK_BENEFICIARY,DEP-0071,DEP-0101,assigned_destination,A-HARBOR-7710,norm-v1,CURATED_APPROXIMATION,GRAPHFRAMES_EXACT_MATCH,false,SENIOR_V1_TO_CANONICAL_V1,APPROVED,Shared destinations can be normal for omnibus platforms; downstream movement matters.,"[""DEP-0071"",""DEP-0101""]",SUPPORTING_EVIDENCE,"{""source_dataset"":""analytics/crypto_graphframes_exact_relationships.csv""}",2026.07.18.1
CRYPTO_KENNEL_LONG_CON,GF-0896,GF-DEPOSIT,SAME_BANK_BENEFICIARY,DEP-0072,DEP-0102,assigned_destination,A-CRYPTO-6100,norm-v1,CURATED_APPROXIMATION,GRAPHFRAMES_EXACT_MATCH,false,SENIOR_V1_TO_CANONICAL_V1,APPROVED,Shared destinations can be normal for omnibus platforms; downstream movement matters.,"[""DEP-0072"",""DEP-0102""]",SUPPORTING_EVIDENCE,"{""source_dataset"":""analytics/crypto_graphframes_exact_relationships.csv""}",2026.07.18.1
CRYPTO_KENNEL_LONG_CON,GF-0897,GF-DEPOSIT,SAME_DEPOSIT_WALLET,DEP-0073,DEP-0103,assigned_destination,W-PLATFORM-DEPOSIT,norm-v1,CURATED_APPROXIMATION,GRAPHFRAMES_EXACT_MATCH,false,SENIOR_V1_TO_CANONICAL_V1,APPROVED,Shared destinations can be normal for omnibus platforms; downstream movement matters.,"[""DEP-0073"",""DEP-0103""]",SUPPORTING_EVIDENCE,"{""source_dataset"":""analytics/crypto_graphframes_exact_relationships.csv""}",2026.07.18.1
CRYPTO_KENNEL_LONG_CON,GF-0898,GF-DEPOSIT,SAME_BANK_BENEFICIARY,DEP-0074,DEP-0104,assigned_destination,A-HARBOR-7710,norm-v1,CURATED_APPROXIMATION,GRAPHFRAMES_EXACT_MATCH,false,SENIOR_V1_TO_CANONICAL_V1,APPROVED,Shared destinations can be normal for omnibus platforms; downstream movement matters.,"[""DEP-0074"",""DEP-0104""]",SUPPORTING_EVIDENCE,"{""source_dataset"":""analytics/crypto_graphframes_exact_relationships.csv""}",2026.07.18.1
CRYPTO_KENNEL_LONG_CON,GF-0899,GF-DEPOSIT,SAME_BANK_BENEFICIARY,DEP-0075,DEP-0105,assigned_destination,A-CRYPTO-6100,norm-v1,CURATED_APPROXIMATION,GRAPHFRAMES_EXACT_MATCH,false,SENIOR_V1_TO_CANONICAL_V1,APPROVED,Shared destinations can be normal for omnibus platforms; downstream movement matters.,"[""DEP-0075"",""DEP-0105""]",SUPPORTING_EVIDENCE,"{""source_dataset"":""analytics/crypto_graphframes_exact_relationships.csv""}",2026.07.18.1
CRYPTO_KENNEL_LONG_CON,GF-0900,GF-DEPOSIT,SAME_DEPOSIT_WALLET,DEP-0076,DEP-0106,assigned_destination,W-PLATFORM-DEPOSIT,norm-v1,CURATED_APPROXIMATION,GRAPHFRAMES_EXACT_MATCH,false,SENIOR_V1_TO_CANONICAL_V1,APPROVED,Shared destinations can be normal for omnibus platforms; downstream movement matters.,"[""DEP-0076"",""DEP-0106""]",SUPPORTING_EVIDENCE,"{""source_dataset"":""analytics/crypto_graphframes_exact_relationships.csv""}",2026.07.18.1
CRYPTO_KENNEL_LONG_CON,GF-0901,GF-DEPOSIT,SAME_BANK_BENEFICIARY,DEP-0077,DEP-0107,assigned_destination,A-HARBOR-7710,norm-v1,CURATED_APPROXIMATION,GRAPHFRAMES_EXACT_MATCH,false,SENIOR_V1_TO_CANONICAL_V1,APPROVED,Shared destinations can be normal for omnibus platforms; downstream movement matters.,"[""DEP-0077"",""DEP-0107""]",SUPPORTING_EVIDENCE,"{""source_dataset"":""analytics/crypto_graphframes_exact_relationships.csv""}",2026.07.18.1
CRYPTO_KENNEL_LONG_CON,GF-0902,GF-DEPOSIT,SAME_BANK_BENEFICIARY,DEP-0078,DEP-0108,assigned_destination,A-CRYPTO-6100,norm-v1,CURATED_APPROXIMATION,GRAPHFRAMES_EXACT_MATCH,false,SENIOR_V1_TO_CANONICAL_V1,APPROVED,Shared destinations can be normal for omnibus platforms; downstream movement matters.,"[""DEP-0078"",""DEP-0108""]",SUPPORTING_EVIDENCE,"{""source_dataset"":""analytics/crypto_graphframes_exact_relationships.csv""}",2026.07.18.1
CRYPTO_KENNEL_LONG_CON,GF-0903,GF-DEPOSIT,SAME_DEPOSIT_WALLET,DEP-0079,DEP-0109,assigned_destination,W-PLATFORM-DEPOSIT,norm-v1,CURATED_APPROXIMATION,GRAPHFRAMES_EXACT_MATCH,false,SENIOR_V1_TO_CANONICAL_V1,APPROVED,Shared destinations can be normal for omnibus platforms; downstream movement matters.,"[""DEP-0079"",""DEP-0109""]",SUPPORTING_EVIDENCE,"{""source_dataset"":""analytics/crypto_graphframes_exact_relationships.csv""}",2026.07.18.1
CRYPTO_KENNEL_LONG_CON,GF-0904,GF-DEPOSIT,SAME_BANK_BENEFICIARY,DEP-0080,DEP-0110,assigned_destination,A-HARBOR-7710,norm-v1,CURATED_APPROXIMATION,GRAPHFRAMES_EXACT_MATCH,false,SENIOR_V1_TO_CANONICAL_V1,APPROVED,Shared destinations can be normal for omnibus platforms; downstream movement matters.,"[""DEP-0080"",""DEP-0110""]",SUPPORTING_EVIDENCE,"{""source_dataset"":""analytics/crypto_graphframes_exact_relationships.csv""}",2026.07.18.1
CRYPTO_KENNEL_LONG_CON,GF-0905,GF-DEPOSIT,SAME_BANK_BENEFICIARY,DEP-0081,DEP-0111,assigned_destination,A-CRYPTO-6100,norm-v1,CURATED_APPROXIMATION,GRAPHFRAMES_EXACT_MATCH,false,SENIOR_V1_TO_CANONICAL_V1,APPROVED,Shared destinations can be normal for omnibus platforms; downstream movement matters.,"[""DEP-0081"",""DEP-0111""]",SUPPORTING_EVIDENCE,"{""source_dataset"":""analytics/crypto_graphframes_exact_relationships.csv""}",2026.07.18.1
CRYPTO_KENNEL_LONG_CON,GF-0906,GF-DEPOSIT,SAME_DEPOSIT_WALLET,DEP-0082,DEP-0112,assigned_destination,W-PLATFORM-DEPOSIT,norm-v1,CURATED_APPROXIMATION,GRAPHFRAMES_EXACT_MATCH,false,SENIOR_V1_TO_CANONICAL_V1,APPROVED,Shared destinations can be normal for omnibus platforms; downstream movement matters.,"[""DEP-0082"",""DEP-0112""]",SUPPORTING_EVIDENCE,"{""source_dataset"":""analytics/crypto_graphframes_exact_relationships.csv""}",2026.07.18.1
CRYPTO_KENNEL_LONG_CON,GF-0907,GF-DEPOSIT,SAME_BANK_BENEFICIARY,DEP-0083,DEP-0113,assigned_destination,A-HARBOR-7710,norm-v1,CURATED_APPROXIMATION,GRAPHFRAMES_EXACT_MATCH,false,SENIOR_V1_TO_CANONICAL_V1,APPROVED,Shared destinations can be normal for omnibus platforms; downstream movement matters.,"[""DEP-0083"",""DEP-0113""]",SUPPORTING_EVIDENCE,"{""source_dataset"":""analytics/crypto_graphframes_exact_relationships.csv""}",2026.07.18.1
CRYPTO_KENNEL_LONG_CON,GF-0908,GF-DEPOSIT,SAME_BANK_BENEFICIARY,DEP-0084,DEP-0114,assigned_destination,A-CRYPTO-6100,norm-v1,CURATED_APPROXIMATION,GRAPHFRAMES_EXACT_MATCH,false,SENIOR_V1_TO_CANONICAL_V1,APPROVED,Shared destinations can be normal for omnibus platforms; downstream movement matters.,"[""DEP-0084"",""DEP-0114""]",SUPPORTING_EVIDENCE,"{""source_dataset"":""analytics/crypto_graphframes_exact_relationships.csv""}",2026.07.18.1
CRYPTO_KENNEL_LONG_CON,GF-0909,GF-DEPOSIT,SAME_DEPOSIT_WALLET,DEP-0085,DEP-0115,assigned_destination,W-PLATFORM-DEPOSIT,norm-v1,CURATED_APPROXIMATION,GRAPHFRAMES_EXACT_MATCH,false,SENIOR_V1_TO_CANONICAL_V1,APPROVED,Shared destinations can be normal for omnibus platforms; downstream movement matters.,"[""DEP-0085"",""DEP-0115""]",SUPPORTING_EVIDENCE,"{""source_dataset"":""analytics/crypto_graphframes_exact_relationships.csv""}",2026.07.18.1
CRYPTO_KENNEL_LONG_CON,GF-0910,GF-DEPOSIT,SAME_BANK_BENEFICIARY,DEP-0086,DEP-0116,assigned_destination,A-HARBOR-7710,norm-v1,CURATED_APPROXIMATION,GRAPHFRAMES_EXACT_MATCH,false,SENIOR_V1_TO_CANONICAL_V1,APPROVED,Shared destinations can be normal for omnibus platforms; downstream movement matters.,"[""DEP-0086"",""DEP-0116""]",SUPPORTING_EVIDENCE,"{""source_dataset"":""analytics/crypto_graphframes_exact_relationships.csv""}",2026.07.18.1
CRYPTO_KENNEL_LONG_CON,GF-0911,GF-DEPOSIT,SAME_BANK_BENEFICIARY,DEP-0087,DEP-0117,assigned_destination,A-CRYPTO-6100,norm-v1,CURATED_APPROXIMATION,GRAPHFRAMES_EXACT_MATCH,false,SENIOR_V1_TO_CANONICAL_V1,APPROVED,Shared destinations can be normal for omnibus platforms; downstream movement matters.,"[""DEP-0087"",""DEP-0117""]",SUPPORTING_EVIDENCE,"{""source_dataset"":""analytics/crypto_graphframes_exact_relationships.csv""}",2026.07.18.1
CRYPTO_KENNEL_LONG_CON,GF-0912,GF-DEPOSIT,SAME_DEPOSIT_WALLET,DEP-0088,DEP-0118,assigned_destination,W-PLATFORM-DEPOSIT,norm-v1,CURATED_APPROXIMATION,GRAPHFRAMES_EXACT_MATCH,false,SENIOR_V1_TO_CANONICAL_V1,APPROVED,Shared destinations can be normal for omnibus platforms; downstream movement matters.,"[""DEP-0088"",""DEP-0118""]",SUPPORTING_EVIDENCE,"{""source_dataset"":""analytics/crypto_graphframes_exact_relationships.csv""}",2026.07.18.1
CRYPTO_KENNEL_LONG_CON,GF-0913,GF-DEPOSIT,SAME_BANK_BENEFICIARY,DEP-0089,DEP-0119,assigned_destination,A-HARBOR-7710,norm-v1,CURATED_APPROXIMATION,GRAPHFRAMES_EXACT_MATCH,false,SENIOR_V1_TO_CANONICAL_V1,APPROVED,Shared destinations can be normal for omnibus platforms; downstream movement matters.,"[""DEP-0089"",""DEP-0119""]",SUPPORTING_EVIDENCE,"{""source_dataset"":""analytics/crypto_graphframes_exact_relationships.csv""}",2026.07.18.1
CRYPTO_KENNEL_LONG_CON,GF-0914,GF-DEPOSIT,SAME_BANK_BENEFICIARY,DEP-0090,DEP-0120,assigned_destination,A-CRYPTO-6100,norm-v1,CURATED_APPROXIMATION,GRAPHFRAMES_EXACT_MATCH,false,SENIOR_V1_TO_CANONICAL_V1,APPROVED,Shared destinations can be normal for omnibus platforms; downstream movement matters.,"[""DEP-0090"",""DEP-0120""]",SUPPORTING_EVIDENCE,"{""source_dataset"":""analytics/crypto_graphframes_exact_relationships.csv""}",2026.07.18.1
CRYPTO_KENNEL_LONG_CON,GF-0915,GF-DEPOSIT,SAME_DEPOSIT_WALLET,DEP-0091,DEP-0121,assigned_destination,W-PLATFORM-DEPOSIT,norm-v1,CURATED_APPROXIMATION,GRAPHFRAMES_EXACT_MATCH,false,SENIOR_V1_TO_CANONICAL_V1,APPROVED,Shared destinations can be normal for omnibus platforms; downstream movement matters.,"[""DEP-0091"",""DEP-0121""]",SUPPORTING_EVIDENCE,"{""source_dataset"":""analytics/crypto_graphframes_exact_relationships.csv""}",2026.07.18.1
CRYPTO_KENNEL_LONG_CON,GF-0916,GF-DEPOSIT,SAME_BANK_BENEFICIARY,DEP-0092,DEP-0122,assigned_destination,A-HARBOR-7710,norm-v1,CURATED_APPROXIMATION,GRAPHFRAMES_EXACT_MATCH,false,SENIOR_V1_TO_CANONICAL_V1,APPROVED,Shared destinations can be normal for omnibus platforms; downstream movement matters.,"[""DEP-0092"",""DEP-0122""]",SUPPORTING_EVIDENCE,"{""source_dataset"":""analytics/crypto_graphframes_exact_relationships.csv""}",2026.07.18.1
CRYPTO_KENNEL_LONG_CON,GF-0917,GF-DEPOSIT,SAME_BANK_BENEFICIARY,DEP-0093,DEP-0123,assigned_destination,A-CRYPTO-6100,norm-v1,CURATED_APPROXIMATION,GRAPHFRAMES_EXACT_MATCH,false,SENIOR_V1_TO_CANONICAL_V1,APPROVED,Shared destinations can be normal for omnibus platforms; downstream movement matters.,"[""DEP-0093"",""DEP-0123""]",SUPPORTING_EVIDENCE,"{""source_dataset"":""analytics/crypto_graphframes_exact_relationships.csv""}",2026.07.18.1
CRYPTO_KENNEL_LONG_CON,GF-0918,GF-DEPOSIT,SAME_DEPOSIT_WALLET,DEP-0094,DEP-0124,assigned_destination,W-PLATFORM-DEPOSIT,norm-v1,CURATED_APPROXIMATION,GRAPHFRAMES_EXACT_MATCH,false,SENIOR_V1_TO_CANONICAL_V1,APPROVED,Shared destinations can be normal for omnibus platforms; downstream movement matters.,"[""DEP-0094"",""DEP-0124""]",SUPPORTING_EVIDENCE,"{""source_dataset"":""analytics/crypto_graphframes_exact_relationships.csv""}",2026.07.18.1
CRYPTO_KENNEL_LONG_CON,GF-0919,GF-DEPOSIT,SAME_BANK_BENEFICIARY,DEP-0095,DEP-0125,assigned_destination,A-HARBOR-7710,norm-v1,CURATED_APPROXIMATION,GRAPHFRAMES_EXACT_MATCH,false,SENIOR_V1_TO_CANONICAL_V1,APPROVED,Shared destinations can be normal for omnibus platforms; downstream movement matters.,"[""DEP-0095"",""DEP-0125""]",SUPPORTING_EVIDENCE,"{""source_dataset"":""analytics/crypto_graphframes_exact_relationships.csv""}",2026.07.18.1
CRYPTO_KENNEL_LONG_CON,GF-0920,GF-DEPOSIT,SAME_BANK_BENEFICIARY,DEP-0096,DEP-0126,assigned_destination,A-CRYPTO-6100,norm-v1,CURATED_APPROXIMATION,GRAPHFRAMES_EXACT_MATCH,false,SENIOR_V1_TO_CANONICAL_V1,APPROVED,Shared destinations can be normal for omnibus platforms; downstream movement matters.,"[""DEP-0096"",""DEP-0126""]",SUPPORTING_EVIDENCE,"{""source_dataset"":""analytics/crypto_graphframes_exact_relationships.csv""}",2026.07.18.1
CRYPTO_KENNEL_LONG_CON,GF-0921,GF-DEPOSIT,SAME_DEPOSIT_WALLET,DEP-0097,DEP-0127,assigned_destination,W-PLATFORM-DEPOSIT,norm-v1,CURATED_APPROXIMATION,GRAPHFRAMES_EXACT_MATCH,false,SENIOR_V1_TO_CANONICAL_V1,APPROVED,Shared destinations can be normal for omnibus platforms; downstream movement matters.,"[""DEP-0097"",""DEP-0127""]",SUPPORTING_EVIDENCE,"{""source_dataset"":""analytics/crypto_graphframes_exact_relationships.csv""}",2026.07.18.1
CRYPTO_KENNEL_LONG_CON,GF-0922,GF-DEPOSIT,SAME_BANK_BENEFICIARY,DEP-0098,DEP-0128,assigned_destination,A-HARBOR-7710,norm-v1,CURATED_APPROXIMATION,GRAPHFRAMES_EXACT_MATCH,false,SENIOR_V1_TO_CANONICAL_V1,APPROVED,Shared destinations can be normal for omnibus platforms; downstream movement matters.,"[""DEP-0098"",""DEP-0128""]",SUPPORTING_EVIDENCE,"{""source_dataset"":""analytics/crypto_graphframes_exact_relationships.csv""}",2026.07.18.1
CRYPTO_KENNEL_LONG_CON,GF-0923,GF-DEPOSIT,SAME_BANK_BENEFICIARY,DEP-0099,DEP-0129,assigned_destination,A-CRYPTO-6100,norm-v1,CURATED_APPROXIMATION,GRAPHFRAMES_EXACT_MATCH,false,SENIOR_V1_TO_CANONICAL_V1,APPROVED,Shared destinations can be normal for omnibus platforms; downstream movement matters.,"[""DEP-0099"",""DEP-0129""]",SUPPORTING_EVIDENCE,"{""source_dataset"":""analytics/crypto_graphframes_exact_relationships.csv""}",2026.07.18.1
CRYPTO_KENNEL_LONG_CON,GF-0924,GF-DEPOSIT,SAME_DEPOSIT_WALLET,DEP-0100,DEP-0130,assigned_destination,W-PLATFORM-DEPOSIT,norm-v1,CURATED_APPROXIMATION,GRAPHFRAMES_EXACT_MATCH,false,SENIOR_V1_TO_CANONICAL_V1,APPROVED,Shared destinations can be normal for omnibus platforms; downstream movement matters.,"[""DEP-0100"",""DEP-0130""]",SUPPORTING_EVIDENCE,"{""source_dataset"":""analytics/crypto_graphframes_exact_relationships.csv""}",2026.07.18.1
CRYPTO_KENNEL_LONG_CON,GF-0925,GF-DEPOSIT,SAME_BANK_BENEFICIARY,DEP-0101,DEP-0131,assigned_destination,A-HARBOR-7710,norm-v1,CURATED_APPROXIMATION,GRAPHFRAMES_EXACT_MATCH,false,SENIOR_V1_TO_CANONICAL_V1,APPROVED,Shared destinations can be normal for omnibus platforms; downstream movement matters.,"[""DEP-0101"",""DEP-0131""]",SUPPORTING_EVIDENCE,"{""source_dataset"":""analytics/crypto_graphframes_exact_relationships.csv""}",2026.07.18.1
CRYPTO_KENNEL_LONG_CON,GF-0926,GF-DEPOSIT,SAME_BANK_BENEFICIARY,DEP-0102,DEP-0132,assigned_destination,A-CRYPTO-6100,norm-v1,CURATED_APPROXIMATION,GRAPHFRAMES_EXACT_MATCH,false,SENIOR_V1_TO_CANONICAL_V1,APPROVED,Shared destinations can be normal for omnibus platforms; downstream movement matters.,"[""DEP-0102"",""DEP-0132""]",SUPPORTING_EVIDENCE,"{""source_dataset"":""analytics/crypto_graphframes_exact_relationships.csv""}",2026.07.18.1
CRYPTO_KENNEL_LONG_CON,GF-0927,GF-DEPOSIT,SAME_DEPOSIT_WALLET,DEP-0103,DEP-0133,assigned_destination,W-PLATFORM-DEPOSIT,norm-v1,CURATED_APPROXIMATION,GRAPHFRAMES_EXACT_MATCH,false,SENIOR_V1_TO_CANONICAL_V1,APPROVED,Shared destinations can be normal for omnibus platforms; downstream movement matters.,"[""DEP-0103"",""DEP-0133""]",SUPPORTING_EVIDENCE,"{""source_dataset"":""analytics/crypto_graphframes_exact_relationships.csv""}",2026.07.18.1
CRYPTO_KENNEL_LONG_CON,GF-0928,GF-DEPOSIT,SAME_BANK_BENEFICIARY,DEP-0104,DEP-0134,assigned_destination,A-HARBOR-7710,norm-v1,CURATED_APPROXIMATION,GRAPHFRAMES_EXACT_MATCH,false,SENIOR_V1_TO_CANONICAL_V1,APPROVED,Shared destinations can be normal for omnibus platforms; downstream movement matters.,"[""DEP-0104"",""DEP-0134""]",SUPPORTING_EVIDENCE,"{""source_dataset"":""analytics/crypto_graphframes_exact_relationships.csv""}",2026.07.18.1
CRYPTO_KENNEL_LONG_CON,GF-0929,GF-DEPOSIT,SAME_BANK_BENEFICIARY,DEP-0105,DEP-0135,assigned_destination,A-CRYPTO-6100,norm-v1,CURATED_APPROXIMATION,GRAPHFRAMES_EXACT_MATCH,false,SENIOR_V1_TO_CANONICAL_V1,APPROVED,Shared destinations can be normal for omnibus platforms; downstream movement matters.,"[""DEP-0105"",""DEP-0135""]",SUPPORTING_EVIDENCE,"{""source_dataset"":""analytics/crypto_graphframes_exact_relationships.csv""}",2026.07.18.1
CRYPTO_KENNEL_LONG_CON,GF-0930,GF-DEPOSIT,SAME_DEPOSIT_WALLET,DEP-0106,DEP-0136,assigned_destination,W-PLATFORM-DEPOSIT,norm-v1,CURATED_APPROXIMATION,GRAPHFRAMES_EXACT_MATCH,false,SENIOR_V1_TO_CANONICAL_V1,APPROVED,Shared destinations can be normal for omnibus platforms; downstream movement matters.,"[""DEP-0106"",""DEP-0136""]",SUPPORTING_EVIDENCE,"{""source_dataset"":""analytics/crypto_graphframes_exact_relationships.csv""}",2026.07.18.1
CRYPTO_KENNEL_LONG_CON,GF-0931,GF-DEPOSIT,SAME_BANK_BENEFICIARY,DEP-0107,DEP-0137,assigned_destination,A-HARBOR-7710,norm-v1,CURATED_APPROXIMATION,GRAPHFRAMES_EXACT_MATCH,false,SENIOR_V1_TO_CANONICAL_V1,APPROVED,Shared destinations can be normal for omnibus platforms; downstream movement matters.,"[""DEP-0107"",""DEP-0137""]",SUPPORTING_EVIDENCE,"{""source_dataset"":""analytics/crypto_graphframes_exact_relationships.csv""}",2026.07.18.1
CRYPTO_KENNEL_LONG_CON,GF-0932,GF-DEPOSIT,SAME_BANK_BENEFICIARY,DEP-0108,DEP-0138,assigned_destination,A-CRYPTO-6100,norm-v1,CURATED_APPROXIMATION,GRAPHFRAMES_EXACT_MATCH,false,SENIOR_V1_TO_CANONICAL_V1,APPROVED,Shared destinations can be normal for omnibus platforms; downstream movement matters.,"[""DEP-0108"",""DEP-0138""]",SUPPORTING_EVIDENCE,"{""source_dataset"":""analytics/crypto_graphframes_exact_relationships.csv""}",2026.07.18.1
CRYPTO_KENNEL_LONG_CON,GF-0933,GF-DEPOSIT,SAME_DEPOSIT_WALLET,DEP-0109,DEP-0139,assigned_destination,W-PLATFORM-DEPOSIT,norm-v1,CURATED_APPROXIMATION,GRAPHFRAMES_EXACT_MATCH,false,SENIOR_V1_TO_CANONICAL_V1,APPROVED,Shared destinations can be normal for omnibus platforms; downstream movement matters.,"[""DEP-0109"",""DEP-0139""]",SUPPORTING_EVIDENCE,"{""source_dataset"":""analytics/crypto_graphframes_exact_relationships.csv""}",2026.07.18.1
CRYPTO_KENNEL_LONG_CON,GF-0934,GF-DEPOSIT,SAME_BANK_BENEFICIARY,DEP-0110,DEP-0140,assigned_destination,A-HARBOR-7710,norm-v1,CURATED_APPROXIMATION,GRAPHFRAMES_EXACT_MATCH,false,SENIOR_V1_TO_CANONICAL_V1,APPROVED,Shared destinations can be normal for omnibus platforms; downstream movement matters.,"[""DEP-0110"",""DEP-0140""]",SUPPORTING_EVIDENCE,"{""source_dataset"":""analytics/crypto_graphframes_exact_relationships.csv""}",2026.07.18.1
CRYPTO_KENNEL_LONG_CON,GF-0935,GF-DEPOSIT,SAME_BANK_BENEFICIARY,DEP-0111,DEP-0141,assigned_destination,A-CRYPTO-6100,norm-v1,CURATED_APPROXIMATION,GRAPHFRAMES_EXACT_MATCH,false,SENIOR_V1_TO_CANONICAL_V1,APPROVED,Shared destinations can be normal for omnibus platforms; downstream movement matters.,"[""DEP-0111"",""DEP-0141""]",SUPPORTING_EVIDENCE,"{""source_dataset"":""analytics/crypto_graphframes_exact_relationships.csv""}",2026.07.18.1
CRYPTO_KENNEL_LONG_CON,GF-0936,GF-DEPOSIT,SAME_DEPOSIT_WALLET,DEP-0112,DEP-0142,assigned_destination,W-PLATFORM-DEPOSIT,norm-v1,CURATED_APPROXIMATION,GRAPHFRAMES_EXACT_MATCH,false,SENIOR_V1_TO_CANONICAL_V1,APPROVED,Shared destinations can be normal for omnibus platforms; downstream movement matters.,"[""DEP-0112"",""DEP-0142""]",SUPPORTING_EVIDENCE,"{""source_dataset"":""analytics/crypto_graphframes_exact_relationships.csv""}",2026.07.18.1
CRYPTO_KENNEL_LONG_CON,GF-0937,GF-DEPOSIT,SAME_BANK_BENEFICIARY,DEP-0113,DEP-0143,assigned_destination,A-HARBOR-7710,norm-v1,CURATED_APPROXIMATION,GRAPHFRAMES_EXACT_MATCH,false,SENIOR_V1_TO_CANONICAL_V1,APPROVED,Shared destinations can be normal for omnibus platforms; downstream movement matters.,"[""DEP-0113"",""DEP-0143""]",SUPPORTING_EVIDENCE,"{""source_dataset"":""analytics/crypto_graphframes_exact_relationships.csv""}",2026.07.18.1
CRYPTO_KENNEL_LONG_CON,GF-0938,GF-DEPOSIT,SAME_BANK_BENEFICIARY,DEP-0114,DEP-0144,assigned_destination,A-CRYPTO-6100,norm-v1,CURATED_APPROXIMATION,GRAPHFRAMES_EXACT_MATCH,false,SENIOR_V1_TO_CANONICAL_V1,APPROVED,Shared destinations can be normal for omnibus platforms; downstream movement matters.,"[""DEP-0114"",""DEP-0144""]",SUPPORTING_EVIDENCE,"{""source_dataset"":""analytics/crypto_graphframes_exact_relationships.csv""}",2026.07.18.1
CRYPTO_KENNEL_LONG_CON,GF-0939,GF-DEPOSIT,SAME_DEPOSIT_WALLET,DEP-0115,DEP-0145,assigned_destination,W-PLATFORM-DEPOSIT,norm-v1,CURATED_APPROXIMATION,GRAPHFRAMES_EXACT_MATCH,false,SENIOR_V1_TO_CANONICAL_V1,APPROVED,Shared destinations can be normal for omnibus platforms; downstream movement matters.,"[""DEP-0115"",""DEP-0145""]",SUPPORTING_EVIDENCE,"{""source_dataset"":""analytics/crypto_graphframes_exact_relationships.csv""}",2026.07.18.1
CRYPTO_KENNEL_LONG_CON,GF-0940,GF-DEPOSIT,SAME_BANK_BENEFICIARY,DEP-0116,DEP-0146,assigned_destination,A-HARBOR-7710,norm-v1,CURATED_APPROXIMATION,GRAPHFRAMES_EXACT_MATCH,false,SENIOR_V1_TO_CANONICAL_V1,APPROVED,Shared destinations can be normal for omnibus platforms; downstream movement matters.,"[""DEP-0116"",""DEP-0146""]",SUPPORTING_EVIDENCE,"{""source_dataset"":""analytics/crypto_graphframes_exact_relationships.csv""}",2026.07.18.1
CRYPTO_KENNEL_LONG_CON,GF-0941,GF-DEPOSIT,SAME_BANK_BENEFICIARY,DEP-0117,DEP-0147,assigned_destination,A-CRYPTO-6100,norm-v1,CURATED_APPROXIMATION,GRAPHFRAMES_EXACT_MATCH,false,SENIOR_V1_TO_CANONICAL_V1,APPROVED,Shared destinations can be normal for omnibus platforms; downstream movement matters.,"[""DEP-0117"",""DEP-0147""]",SUPPORTING_EVIDENCE,"{""source_dataset"":""analytics/crypto_graphframes_exact_relationships.csv""}",2026.07.18.1
CRYPTO_KENNEL_LONG_CON,GF-0942,GF-DEPOSIT,SAME_DEPOSIT_WALLET,DEP-0118,DEP-0148,assigned_destination,W-PLATFORM-DEPOSIT,norm-v1,CURATED_APPROXIMATION,GRAPHFRAMES_EXACT_MATCH,false,SENIOR_V1_TO_CANONICAL_V1,APPROVED,Shared destinations can be normal for omnibus platforms; downstream movement matters.,"[""DEP-0118"",""DEP-0148""]",SUPPORTING_EVIDENCE,"{""source_dataset"":""analytics/crypto_graphframes_exact_relationships.csv""}",2026.07.18.1
CRYPTO_KENNEL_LONG_CON,GF-0943,GF-DEPOSIT,SAME_BANK_BENEFICIARY,DEP-0119,DEP-0149,assigned_destination,A-HARBOR-7710,norm-v1,CURATED_APPROXIMATION,GRAPHFRAMES_EXACT_MATCH,false,SENIOR_V1_TO_CANONICAL_V1,APPROVED,Shared destinations can be normal for omnibus platforms; downstream movement matters.,"[""DEP-0119"",""DEP-0149""]",SUPPORTING_EVIDENCE,"{""source_dataset"":""analytics/crypto_graphframes_exact_relationships.csv""}",2026.07.18.1
CRYPTO_KENNEL_LONG_CON,GF-0944,GF-DEPOSIT,SAME_BANK_BENEFICIARY,DEP-0120,DEP-0150,assigned_destination,A-CRYPTO-6100,norm-v1,CURATED_APPROXIMATION,GRAPHFRAMES_EXACT_MATCH,false,SENIOR_V1_TO_CANONICAL_V1,APPROVED,Shared destinations can be normal for omnibus platforms; downstream movement matters.,"[""DEP-0120"",""DEP-0150""]",SUPPORTING_EVIDENCE,"{""source_dataset"":""analytics/crypto_graphframes_exact_relationships.csv""}",2026.07.18.1
CRYPTO_KENNEL_LONG_CON,GF-0945,GF-FEE,SAME_FEE_WALLET,WDR-0001,WDR-0021,fee_wallet_id,W-ROUTER-01,norm-v1,CURATED_APPROXIMATION,GRAPHFRAMES_EXACT_MATCH,false,SENIOR_V1_TO_CANONICAL_V1,APPROVED,Repeated fee destinations support a common release-fee process; verify legitimacy.,"[""WDR-0001"",""WDR-0021""]",SUPPORTING_EVIDENCE,"{""source_dataset"":""analytics/crypto_graphframes_exact_relationships.csv""}",2026.07.18.1
CRYPTO_KENNEL_LONG_CON,GF-0946,GF-FEE,SAME_FEE_WALLET,WDR-0002,WDR-0022,fee_wallet_id,W-ROUTER-01,norm-v1,CURATED_APPROXIMATION,GRAPHFRAMES_EXACT_MATCH,false,SENIOR_V1_TO_CANONICAL_V1,APPROVED,Repeated fee destinations support a common release-fee process; verify legitimacy.,"[""WDR-0002"",""WDR-0022""]",SUPPORTING_EVIDENCE,"{""source_dataset"":""analytics/crypto_graphframes_exact_relationships.csv""}",2026.07.18.1
CRYPTO_KENNEL_LONG_CON,GF-0947,GF-FEE,SAME_FEE_WALLET,WDR-0003,WDR-0023,fee_wallet_id,W-OFFSHORE-01,norm-v1,CURATED_APPROXIMATION,GRAPHFRAMES_EXACT_MATCH,false,SENIOR_V1_TO_CANONICAL_V1,APPROVED,Repeated fee destinations support a common release-fee process; verify legitimacy.,"[""WDR-0003"",""WDR-0023""]",SUPPORTING_EVIDENCE,"{""source_dataset"":""analytics/crypto_graphframes_exact_relationships.csv""}",2026.07.18.1
CRYPTO_KENNEL_LONG_CON,GF-0948,GF-FEE,SAME_FEE_WALLET,WDR-0004,WDR-0024,fee_wallet_id,W-ROUTER-01,norm-v1,CURATED_APPROXIMATION,GRAPHFRAMES_EXACT_MATCH,false,SENIOR_V1_TO_CANONICAL_V1,APPROVED,Repeated fee destinations support a common release-fee process; verify legitimacy.,"[""WDR-0004"",""WDR-0024""]",SUPPORTING_EVIDENCE,"{""source_dataset"":""analytics/crypto_graphframes_exact_relationships.csv""}",2026.07.18.1
CRYPTO_KENNEL_LONG_CON,GF-0949,GF-FEE,SAME_FEE_WALLET,WDR-0005,WDR-0025,fee_wallet_id,W-ROUTER-01,norm-v1,CURATED_APPROXIMATION,GRAPHFRAMES_EXACT_MATCH,false,SENIOR_V1_TO_CANONICAL_V1,APPROVED,Repeated fee destinations support a common release-fee process; verify legitimacy.,"[""WDR-0005"",""WDR-0025""]",SUPPORTING_EVIDENCE,"{""source_dataset"":""analytics/crypto_graphframes_exact_relationships.csv""}",2026.07.18.1
CRYPTO_KENNEL_LONG_CON,GF-0950,GF-FEE,SAME_FEE_WALLET,WDR-0006,WDR-0026,fee_wallet_id,W-OFFSHORE-01,norm-v1,CURATED_APPROXIMATION,GRAPHFRAMES_EXACT_MATCH,false,SENIOR_V1_TO_CANONICAL_V1,APPROVED,Repeated fee destinations support a common release-fee process; verify legitimacy.,"[""WDR-0006"",""WDR-0026""]",SUPPORTING_EVIDENCE,"{""source_dataset"":""analytics/crypto_graphframes_exact_relationships.csv""}",2026.07.18.1
CRYPTO_KENNEL_LONG_CON,GF-0951,GF-FEE,SAME_FEE_WALLET,WDR-0007,WDR-0027,fee_wallet_id,W-ROUTER-01,norm-v1,CURATED_APPROXIMATION,GRAPHFRAMES_EXACT_MATCH,false,SENIOR_V1_TO_CANONICAL_V1,APPROVED,Repeated fee destinations support a common release-fee process; verify legitimacy.,"[""WDR-0007"",""WDR-0027""]",SUPPORTING_EVIDENCE,"{""source_dataset"":""analytics/crypto_graphframes_exact_relationships.csv""}",2026.07.18.1
CRYPTO_KENNEL_LONG_CON,GF-0952,GF-FEE,SAME_FEE_WALLET,WDR-0008,WDR-0028,fee_wallet_id,W-ROUTER-01,norm-v1,CURATED_APPROXIMATION,GRAPHFRAMES_EXACT_MATCH,false,SENIOR_V1_TO_CANONICAL_V1,APPROVED,Repeated fee destinations support a common release-fee process; verify legitimacy.,"[""WDR-0008"",""WDR-0028""]",SUPPORTING_EVIDENCE,"{""source_dataset"":""analytics/crypto_graphframes_exact_relationships.csv""}",2026.07.18.1
CRYPTO_KENNEL_LONG_CON,GF-0953,GF-FEE,SAME_FEE_WALLET,WDR-0009,WDR-0029,fee_wallet_id,W-OFFSHORE-01,norm-v1,CURATED_APPROXIMATION,GRAPHFRAMES_EXACT_MATCH,false,SENIOR_V1_TO_CANONICAL_V1,APPROVED,Repeated fee destinations support a common release-fee process; verify legitimacy.,"[""WDR-0009"",""WDR-0029""]",SUPPORTING_EVIDENCE,"{""source_dataset"":""analytics/crypto_graphframes_exact_relationships.csv""}",2026.07.18.1
CRYPTO_KENNEL_LONG_CON,GF-0954,GF-FEE,SAME_FEE_WALLET,WDR-0010,WDR-0030,fee_wallet_id,W-ROUTER-01,norm-v1,CURATED_APPROXIMATION,GRAPHFRAMES_EXACT_MATCH,false,SENIOR_V1_TO_CANONICAL_V1,APPROVED,Repeated fee destinations support a common release-fee process; verify legitimacy.,"[""WDR-0010"",""WDR-0030""]",SUPPORTING_EVIDENCE,"{""source_dataset"":""analytics/crypto_graphframes_exact_relationships.csv""}",2026.07.18.1
CRYPTO_KENNEL_LONG_CON,GF-0955,GF-FEE,SAME_FEE_WALLET,WDR-0011,WDR-0031,fee_wallet_id,W-ROUTER-01,norm-v1,CURATED_APPROXIMATION,GRAPHFRAMES_EXACT_MATCH,false,SENIOR_V1_TO_CANONICAL_V1,APPROVED,Repeated fee destinations support a common release-fee process; verify legitimacy.,"[""WDR-0011"",""WDR-0031""]",SUPPORTING_EVIDENCE,"{""source_dataset"":""analytics/crypto_graphframes_exact_relationships.csv""}",2026.07.18.1
CRYPTO_KENNEL_LONG_CON,GF-0956,GF-FEE,SAME_FEE_WALLET,WDR-0012,WDR-0032,fee_wallet_id,W-OFFSHORE-01,norm-v1,CURATED_APPROXIMATION,GRAPHFRAMES_EXACT_MATCH,false,SENIOR_V1_TO_CANONICAL_V1,APPROVED,Repeated fee destinations support a common release-fee process; verify legitimacy.,"[""WDR-0012"",""WDR-0032""]",SUPPORTING_EVIDENCE,"{""source_dataset"":""analytics/crypto_graphframes_exact_relationships.csv""}",2026.07.18.1
CRYPTO_KENNEL_LONG_CON,GF-0957,GF-FEE,SAME_FEE_WALLET,WDR-0013,WDR-0033,fee_wallet_id,W-ROUTER-01,norm-v1,CURATED_APPROXIMATION,GRAPHFRAMES_EXACT_MATCH,false,SENIOR_V1_TO_CANONICAL_V1,APPROVED,Repeated fee destinations support a common release-fee process; verify legitimacy.,"[""WDR-0013"",""WDR-0033""]",SUPPORTING_EVIDENCE,"{""source_dataset"":""analytics/crypto_graphframes_exact_relationships.csv""}",2026.07.18.1
CRYPTO_KENNEL_LONG_CON,GF-0958,GF-FEE,SAME_FEE_WALLET,WDR-0014,WDR-0034,fee_wallet_id,W-ROUTER-01,norm-v1,CURATED_APPROXIMATION,GRAPHFRAMES_EXACT_MATCH,false,SENIOR_V1_TO_CANONICAL_V1,APPROVED,Repeated fee destinations support a common release-fee process; verify legitimacy.,"[""WDR-0014"",""WDR-0034""]",SUPPORTING_EVIDENCE,"{""source_dataset"":""analytics/crypto_graphframes_exact_relationships.csv""}",2026.07.18.1
CRYPTO_KENNEL_LONG_CON,GF-0959,GF-FEE,SAME_FEE_WALLET,WDR-0015,WDR-0035,fee_wallet_id,W-OFFSHORE-01,norm-v1,CURATED_APPROXIMATION,GRAPHFRAMES_EXACT_MATCH,false,SENIOR_V1_TO_CANONICAL_V1,APPROVED,Repeated fee destinations support a common release-fee process; verify legitimacy.,"[""WDR-0015"",""WDR-0035""]",SUPPORTING_EVIDENCE,"{""source_dataset"":""analytics/crypto_graphframes_exact_relationships.csv""}",2026.07.18.1
CRYPTO_KENNEL_LONG_CON,GF-0960,GF-FEE,SAME_FEE_WALLET,WDR-0016,WDR-0036,fee_wallet_id,W-ROUTER-01,norm-v1,CURATED_APPROXIMATION,GRAPHFRAMES_EXACT_MATCH,false,SENIOR_V1_TO_CANONICAL_V1,APPROVED,Repeated fee destinations support a common release-fee process; verify legitimacy.,"[""WDR-0016"",""WDR-0036""]",SUPPORTING_EVIDENCE,"{""source_dataset"":""analytics/crypto_graphframes_exact_relationships.csv""}",2026.07.18.1
CRYPTO_KENNEL_LONG_CON,GF-0961,GF-FEE,SAME_FEE_WALLET,WDR-0017,WDR-0037,fee_wallet_id,W-ROUTER-01,norm-v1,CURATED_APPROXIMATION,GRAPHFRAMES_EXACT_MATCH,false,SENIOR_V1_TO_CANONICAL_V1,APPROVED,Repeated fee destinations support a common release-fee process; verify legitimacy.,"[""WDR-0017"",""WDR-0037""]",SUPPORTING_EVIDENCE,"{""source_dataset"":""analytics/crypto_graphframes_exact_relationships.csv""}",2026.07.18.1
CRYPTO_KENNEL_LONG_CON,GF-0962,GF-FEE,SAME_FEE_WALLET,WDR-0018,WDR-0038,fee_wallet_id,W-OFFSHORE-01,norm-v1,CURATED_APPROXIMATION,GRAPHFRAMES_EXACT_MATCH,false,SENIOR_V1_TO_CANONICAL_V1,APPROVED,Repeated fee destinations support a common release-fee process; verify legitimacy.,"[""WDR-0018"",""WDR-0038""]",SUPPORTING_EVIDENCE,"{""source_dataset"":""analytics/crypto_graphframes_exact_relationships.csv""}",2026.07.18.1
CRYPTO_KENNEL_LONG_CON,GF-0963,GF-FEE,SAME_FEE_WALLET,WDR-0019,WDR-0039,fee_wallet_id,W-ROUTER-01,norm-v1,CURATED_APPROXIMATION,GRAPHFRAMES_EXACT_MATCH,false,SENIOR_V1_TO_CANONICAL_V1,APPROVED,Repeated fee destinations support a common release-fee process; verify legitimacy.,"[""WDR-0019"",""WDR-0039""]",SUPPORTING_EVIDENCE,"{""source_dataset"":""analytics/crypto_graphframes_exact_relationships.csv""}",2026.07.18.1
CRYPTO_KENNEL_LONG_CON,GF-0964,GF-FEE,SAME_FEE_WALLET,WDR-0020,WDR-0040,fee_wallet_id,W-ROUTER-01,norm-v1,CURATED_APPROXIMATION,GRAPHFRAMES_EXACT_MATCH,false,SENIOR_V1_TO_CANONICAL_V1,APPROVED,Repeated fee destinations support a common release-fee process; verify legitimacy.,"[""WDR-0020"",""WDR-0040""]",SUPPORTING_EVIDENCE,"{""source_dataset"":""analytics/crypto_graphframes_exact_relationships.csv""}",2026.07.18.1
CRYPTO_KENNEL_LONG_CON,GF-0965,GF-FEE,SAME_FEE_WALLET,WDR-0021,WDR-0041,fee_wallet_id,W-OFFSHORE-01,norm-v1,CURATED_APPROXIMATION,GRAPHFRAMES_EXACT_MATCH,false,SENIOR_V1_TO_CANONICAL_V1,APPROVED,Repeated fee destinations support a common release-fee process; verify legitimacy.,"[""WDR-0021"",""WDR-0041""]",SUPPORTING_EVIDENCE,"{""source_dataset"":""analytics/crypto_graphframes_exact_relationships.csv""}",2026.07.18.1
CRYPTO_KENNEL_LONG_CON,GF-0966,GF-FEE,SAME_FEE_WALLET,WDR-0022,WDR-0042,fee_wallet_id,W-ROUTER-01,norm-v1,CURATED_APPROXIMATION,GRAPHFRAMES_EXACT_MATCH,false,SENIOR_V1_TO_CANONICAL_V1,APPROVED,Repeated fee destinations support a common release-fee process; verify legitimacy.,"[""WDR-0022"",""WDR-0042""]",SUPPORTING_EVIDENCE,"{""source_dataset"":""analytics/crypto_graphframes_exact_relationships.csv""}",2026.07.18.1
CRYPTO_KENNEL_LONG_CON,GF-0967,GF-FEE,SAME_FEE_WALLET,WDR-0023,WDR-0043,fee_wallet_id,W-ROUTER-01,norm-v1,CURATED_APPROXIMATION,GRAPHFRAMES_EXACT_MATCH,false,SENIOR_V1_TO_CANONICAL_V1,APPROVED,Repeated fee destinations support a common release-fee process; verify legitimacy.,"[""WDR-0023"",""WDR-0043""]",SUPPORTING_EVIDENCE,"{""source_dataset"":""analytics/crypto_graphframes_exact_relationships.csv""}",2026.07.18.1
CRYPTO_KENNEL_LONG_CON,GF-0968,GF-FEE,SAME_FEE_WALLET,WDR-0024,WDR-0044,fee_wallet_id,W-OFFSHORE-01,norm-v1,CURATED_APPROXIMATION,GRAPHFRAMES_EXACT_MATCH,false,SENIOR_V1_TO_CANONICAL_V1,APPROVED,Repeated fee destinations support a common release-fee process; verify legitimacy.,"[""WDR-0024"",""WDR-0044""]",SUPPORTING_EVIDENCE,"{""source_dataset"":""analytics/crypto_graphframes_exact_relationships.csv""}",2026.07.18.1
CRYPTO_KENNEL_LONG_CON,GF-0969,GF-FEE,SAME_FEE_WALLET,WDR-0025,WDR-0045,fee_wallet_id,W-ROUTER-01,norm-v1,CURATED_APPROXIMATION,GRAPHFRAMES_EXACT_MATCH,false,SENIOR_V1_TO_CANONICAL_V1,APPROVED,Repeated fee destinations support a common release-fee process; verify legitimacy.,"[""WDR-0025"",""WDR-0045""]",SUPPORTING_EVIDENCE,"{""source_dataset"":""analytics/crypto_graphframes_exact_relationships.csv""}",2026.07.18.1
CRYPTO_KENNEL_LONG_CON,GF-0970,GF-FEE,SAME_FEE_WALLET,WDR-0026,WDR-0046,fee_wallet_id,W-ROUTER-01,norm-v1,CURATED_APPROXIMATION,GRAPHFRAMES_EXACT_MATCH,false,SENIOR_V1_TO_CANONICAL_V1,APPROVED,Repeated fee destinations support a common release-fee process; verify legitimacy.,"[""WDR-0026"",""WDR-0046""]",SUPPORTING_EVIDENCE,"{""source_dataset"":""analytics/crypto_graphframes_exact_relationships.csv""}",2026.07.18.1
CRYPTO_KENNEL_LONG_CON,GF-0971,GF-FEE,SAME_FEE_WALLET,WDR-0027,WDR-0047,fee_wallet_id,W-OFFSHORE-01,norm-v1,CURATED_APPROXIMATION,GRAPHFRAMES_EXACT_MATCH,false,SENIOR_V1_TO_CANONICAL_V1,APPROVED,Repeated fee destinations support a common release-fee process; verify legitimacy.,"[""WDR-0027"",""WDR-0047""]",SUPPORTING_EVIDENCE,"{""source_dataset"":""analytics/crypto_graphframes_exact_relationships.csv""}",2026.07.18.1
CRYPTO_KENNEL_LONG_CON,GF-0972,GF-FEE,SAME_FEE_WALLET,WDR-0028,WDR-0048,fee_wallet_id,W-ROUTER-01,norm-v1,CURATED_APPROXIMATION,GRAPHFRAMES_EXACT_MATCH,false,SENIOR_V1_TO_CANONICAL_V1,APPROVED,Repeated fee destinations support a common release-fee process; verify legitimacy.,"[""WDR-0028"",""WDR-0048""]",SUPPORTING_EVIDENCE,"{""source_dataset"":""analytics/crypto_graphframes_exact_relationships.csv""}",2026.07.18.1
CRYPTO_KENNEL_LONG_CON,GF-0973,GF-FEE,SAME_FEE_WALLET,WDR-0029,WDR-0049,fee_wallet_id,W-ROUTER-01,norm-v1,CURATED_APPROXIMATION,GRAPHFRAMES_EXACT_MATCH,false,SENIOR_V1_TO_CANONICAL_V1,APPROVED,Repeated fee destinations support a common release-fee process; verify legitimacy.,"[""WDR-0029"",""WDR-0049""]",SUPPORTING_EVIDENCE,"{""source_dataset"":""analytics/crypto_graphframes_exact_relationships.csv""}",2026.07.18.1
CRYPTO_KENNEL_LONG_CON,GF-0974,GF-FEE,SAME_FEE_WALLET,WDR-0030,WDR-0050,fee_wallet_id,W-OFFSHORE-01,norm-v1,CURATED_APPROXIMATION,GRAPHFRAMES_EXACT_MATCH,false,SENIOR_V1_TO_CANONICAL_V1,APPROVED,Repeated fee destinations support a common release-fee process; verify legitimacy.,"[""WDR-0030"",""WDR-0050""]",SUPPORTING_EVIDENCE,"{""source_dataset"":""analytics/crypto_graphframes_exact_relationships.csv""}",2026.07.18.1
CRYPTO_KENNEL_LONG_CON,GF-0975,GF-FEE,SAME_FEE_WALLET,WDR-0031,WDR-0051,fee_wallet_id,W-ROUTER-01,norm-v1,CURATED_APPROXIMATION,GRAPHFRAMES_EXACT_MATCH,false,SENIOR_V1_TO_CANONICAL_V1,APPROVED,Repeated fee destinations support a common release-fee process; verify legitimacy.,"[""WDR-0031"",""WDR-0051""]",SUPPORTING_EVIDENCE,"{""source_dataset"":""analytics/crypto_graphframes_exact_relationships.csv""}",2026.07.18.1
CRYPTO_KENNEL_LONG_CON,GF-0976,GF-FEE,SAME_FEE_WALLET,WDR-0032,WDR-0052,fee_wallet_id,W-ROUTER-01,norm-v1,CURATED_APPROXIMATION,GRAPHFRAMES_EXACT_MATCH,false,SENIOR_V1_TO_CANONICAL_V1,APPROVED,Repeated fee destinations support a common release-fee process; verify legitimacy.,"[""WDR-0032"",""WDR-0052""]",SUPPORTING_EVIDENCE,"{""source_dataset"":""analytics/crypto_graphframes_exact_relationships.csv""}",2026.07.18.1
CRYPTO_KENNEL_LONG_CON,GF-0977,GF-FEE,SAME_FEE_WALLET,WDR-0033,WDR-0053,fee_wallet_id,W-OFFSHORE-01,norm-v1,CURATED_APPROXIMATION,GRAPHFRAMES_EXACT_MATCH,false,SENIOR_V1_TO_CANONICAL_V1,APPROVED,Repeated fee destinations support a common release-fee process; verify legitimacy.,"[""WDR-0033"",""WDR-0053""]",SUPPORTING_EVIDENCE,"{""source_dataset"":""analytics/crypto_graphframes_exact_relationships.csv""}",2026.07.18.1
CRYPTO_KENNEL_LONG_CON,GF-0978,GF-FEE,SAME_FEE_WALLET,WDR-0034,WDR-0054,fee_wallet_id,W-ROUTER-01,norm-v1,CURATED_APPROXIMATION,GRAPHFRAMES_EXACT_MATCH,false,SENIOR_V1_TO_CANONICAL_V1,APPROVED,Repeated fee destinations support a common release-fee process; verify legitimacy.,"[""WDR-0034"",""WDR-0054""]",SUPPORTING_EVIDENCE,"{""source_dataset"":""analytics/crypto_graphframes_exact_relationships.csv""}",2026.07.18.1
CRYPTO_KENNEL_LONG_CON,GF-0979,GF-FEE,SAME_FEE_WALLET,WDR-0035,WDR-0055,fee_wallet_id,W-ROUTER-01,norm-v1,CURATED_APPROXIMATION,GRAPHFRAMES_EXACT_MATCH,false,SENIOR_V1_TO_CANONICAL_V1,APPROVED,Repeated fee destinations support a common release-fee process; verify legitimacy.,"[""WDR-0035"",""WDR-0055""]",SUPPORTING_EVIDENCE,"{""source_dataset"":""analytics/crypto_graphframes_exact_relationships.csv""}",2026.07.18.1
CRYPTO_KENNEL_LONG_CON,GF-0980,GF-FEE,SAME_FEE_WALLET,WDR-0036,WDR-0056,fee_wallet_id,W-OFFSHORE-01,norm-v1,CURATED_APPROXIMATION,GRAPHFRAMES_EXACT_MATCH,false,SENIOR_V1_TO_CANONICAL_V1,APPROVED,Repeated fee destinations support a common release-fee process; verify legitimacy.,"[""WDR-0036"",""WDR-0056""]",SUPPORTING_EVIDENCE,"{""source_dataset"":""analytics/crypto_graphframes_exact_relationships.csv""}",2026.07.18.1
CRYPTO_KENNEL_LONG_CON,GF-0981,GF-FEE,SAME_FEE_WALLET,WDR-0037,WDR-0057,fee_wallet_id,W-ROUTER-01,norm-v1,CURATED_APPROXIMATION,GRAPHFRAMES_EXACT_MATCH,false,SENIOR_V1_TO_CANONICAL_V1,APPROVED,Repeated fee destinations support a common release-fee process; verify legitimacy.,"[""WDR-0037"",""WDR-0057""]",SUPPORTING_EVIDENCE,"{""source_dataset"":""analytics/crypto_graphframes_exact_relationships.csv""}",2026.07.18.1
CRYPTO_KENNEL_LONG_CON,GF-0982,GF-FEE,SAME_FEE_WALLET,WDR-0038,WDR-0058,fee_wallet_id,W-ROUTER-01,norm-v1,CURATED_APPROXIMATION,GRAPHFRAMES_EXACT_MATCH,false,SENIOR_V1_TO_CANONICAL_V1,APPROVED,Repeated fee destinations support a common release-fee process; verify legitimacy.,"[""WDR-0038"",""WDR-0058""]",SUPPORTING_EVIDENCE,"{""source_dataset"":""analytics/crypto_graphframes_exact_relationships.csv""}",2026.07.18.1
CRYPTO_KENNEL_LONG_CON,GF-0983,GF-FEE,SAME_FEE_WALLET,WDR-0039,WDR-0059,fee_wallet_id,W-OFFSHORE-01,norm-v1,CURATED_APPROXIMATION,GRAPHFRAMES_EXACT_MATCH,false,SENIOR_V1_TO_CANONICAL_V1,APPROVED,Repeated fee destinations support a common release-fee process; verify legitimacy.,"[""WDR-0039"",""WDR-0059""]",SUPPORTING_EVIDENCE,"{""source_dataset"":""analytics/crypto_graphframes_exact_relationships.csv""}",2026.07.18.1
CRYPTO_KENNEL_LONG_CON,GF-0984,GF-FEE,SAME_FEE_WALLET,WDR-0040,WDR-0060,fee_wallet_id,W-ROUTER-01,norm-v1,CURATED_APPROXIMATION,GRAPHFRAMES_EXACT_MATCH,false,SENIOR_V1_TO_CANONICAL_V1,APPROVED,Repeated fee destinations support a common release-fee process; verify legitimacy.,"[""WDR-0040"",""WDR-0060""]",SUPPORTING_EVIDENCE,"{""source_dataset"":""analytics/crypto_graphframes_exact_relationships.csv""}",2026.07.18.1
CRYPTO_KENNEL_LONG_CON,GF-0985,GF-FEE,SAME_FEE_WALLET,WDR-0041,WDR-0061,fee_wallet_id,W-ROUTER-01,norm-v1,CURATED_APPROXIMATION,GRAPHFRAMES_EXACT_MATCH,false,SENIOR_V1_TO_CANONICAL_V1,APPROVED,Repeated fee destinations support a common release-fee process; verify legitimacy.,"[""WDR-0041"",""WDR-0061""]",SUPPORTING_EVIDENCE,"{""source_dataset"":""analytics/crypto_graphframes_exact_relationships.csv""}",2026.07.18.1
CRYPTO_KENNEL_LONG_CON,GF-0986,GF-FEE,SAME_FEE_WALLET,WDR-0042,WDR-0062,fee_wallet_id,W-OFFSHORE-01,norm-v1,CURATED_APPROXIMATION,GRAPHFRAMES_EXACT_MATCH,false,SENIOR_V1_TO_CANONICAL_V1,APPROVED,Repeated fee destinations support a common release-fee process; verify legitimacy.,"[""WDR-0042"",""WDR-0062""]",SUPPORTING_EVIDENCE,"{""source_dataset"":""analytics/crypto_graphframes_exact_relationships.csv""}",2026.07.18.1
CRYPTO_KENNEL_LONG_CON,GF-0987,GF-FEE,SAME_FEE_WALLET,WDR-0043,WDR-0063,fee_wallet_id,W-ROUTER-01,norm-v1,CURATED_APPROXIMATION,GRAPHFRAMES_EXACT_MATCH,false,SENIOR_V1_TO_CANONICAL_V1,APPROVED,Repeated fee destinations support a common release-fee process; verify legitimacy.,"[""WDR-0043"",""WDR-0063""]",SUPPORTING_EVIDENCE,"{""source_dataset"":""analytics/crypto_graphframes_exact_relationships.csv""}",2026.07.18.1
CRYPTO_KENNEL_LONG_CON,GF-0988,GF-FEE,SAME_FEE_WALLET,WDR-0044,WDR-0064,fee_wallet_id,W-ROUTER-01,norm-v1,CURATED_APPROXIMATION,GRAPHFRAMES_EXACT_MATCH,false,SENIOR_V1_TO_CANONICAL_V1,APPROVED,Repeated fee destinations support a common release-fee process; verify legitimacy.,"[""WDR-0044"",""WDR-0064""]",SUPPORTING_EVIDENCE,"{""source_dataset"":""analytics/crypto_graphframes_exact_relationships.csv""}",2026.07.18.1
CRYPTO_KENNEL_LONG_CON,GF-0989,GF-FEE,SAME_FEE_WALLET,WDR-0045,WDR-0065,fee_wallet_id,W-OFFSHORE-01,norm-v1,CURATED_APPROXIMATION,GRAPHFRAMES_EXACT_MATCH,false,SENIOR_V1_TO_CANONICAL_V1,APPROVED,Repeated fee destinations support a common release-fee process; verify legitimacy.,"[""WDR-0045"",""WDR-0065""]",SUPPORTING_EVIDENCE,"{""source_dataset"":""analytics/crypto_graphframes_exact_relationships.csv""}",2026.07.18.1
CRYPTO_KENNEL_LONG_CON,GF-0990,GF-FEE,SAME_FEE_WALLET,WDR-0046,WDR-0066,fee_wallet_id,W-ROUTER-01,norm-v1,CURATED_APPROXIMATION,GRAPHFRAMES_EXACT_MATCH,false,SENIOR_V1_TO_CANONICAL_V1,APPROVED,Repeated fee destinations support a common release-fee process; verify legitimacy.,"[""WDR-0046"",""WDR-0066""]",SUPPORTING_EVIDENCE,"{""source_dataset"":""analytics/crypto_graphframes_exact_relationships.csv""}",2026.07.18.1
CRYPTO_KENNEL_LONG_CON,GF-0991,GF-FEE,SAME_FEE_WALLET,WDR-0047,WDR-0067,fee_wallet_id,W-ROUTER-01,norm-v1,CURATED_APPROXIMATION,GRAPHFRAMES_EXACT_MATCH,false,SENIOR_V1_TO_CANONICAL_V1,APPROVED,Repeated fee destinations support a common release-fee process; verify legitimacy.,"[""WDR-0047"",""WDR-0067""]",SUPPORTING_EVIDENCE,"{""source_dataset"":""analytics/crypto_graphframes_exact_relationships.csv""}",2026.07.18.1
CRYPTO_KENNEL_LONG_CON,GF-0992,GF-FEE,SAME_FEE_WALLET,WDR-0048,WDR-0068,fee_wallet_id,W-OFFSHORE-01,norm-v1,CURATED_APPROXIMATION,GRAPHFRAMES_EXACT_MATCH,false,SENIOR_V1_TO_CANONICAL_V1,APPROVED,Repeated fee destinations support a common release-fee process; verify legitimacy.,"[""WDR-0048"",""WDR-0068""]",SUPPORTING_EVIDENCE,"{""source_dataset"":""analytics/crypto_graphframes_exact_relationships.csv""}",2026.07.18.1
CRYPTO_KENNEL_LONG_CON,GF-0993,GF-FEE,SAME_FEE_WALLET,WDR-0049,WDR-0069,fee_wallet_id,W-ROUTER-01,norm-v1,CURATED_APPROXIMATION,GRAPHFRAMES_EXACT_MATCH,false,SENIOR_V1_TO_CANONICAL_V1,APPROVED,Repeated fee destinations support a common release-fee process; verify legitimacy.,"[""WDR-0049"",""WDR-0069""]",SUPPORTING_EVIDENCE,"{""source_dataset"":""analytics/crypto_graphframes_exact_relationships.csv""}",2026.07.18.1
CRYPTO_KENNEL_LONG_CON,GF-0994,GF-FEE,SAME_FEE_WALLET,WDR-0050,WDR-0070,fee_wallet_id,W-ROUTER-01,norm-v1,CURATED_APPROXIMATION,GRAPHFRAMES_EXACT_MATCH,false,SENIOR_V1_TO_CANONICAL_V1,APPROVED,Repeated fee destinations support a common release-fee process; verify legitimacy.,"[""WDR-0050"",""WDR-0070""]",SUPPORTING_EVIDENCE,"{""source_dataset"":""analytics/crypto_graphframes_exact_relationships.csv""}",2026.07.18.1
CRYPTO_KENNEL_LONG_CON,GF-0995,GF-FEE,SAME_FEE_WALLET,WDR-0051,WDR-0071,fee_wallet_id,W-OFFSHORE-01,norm-v1,CURATED_APPROXIMATION,GRAPHFRAMES_EXACT_MATCH,false,SENIOR_V1_TO_CANONICAL_V1,APPROVED,Repeated fee destinations support a common release-fee process; verify legitimacy.,"[""WDR-0051"",""WDR-0071""]",SUPPORTING_EVIDENCE,"{""source_dataset"":""analytics/crypto_graphframes_exact_relationships.csv""}",2026.07.18.1
CRYPTO_KENNEL_LONG_CON,GF-0996,GF-FEE,SAME_FEE_WALLET,WDR-0052,WDR-0072,fee_wallet_id,W-ROUTER-01,norm-v1,CURATED_APPROXIMATION,GRAPHFRAMES_EXACT_MATCH,false,SENIOR_V1_TO_CANONICAL_V1,APPROVED,Repeated fee destinations support a common release-fee process; verify legitimacy.,"[""WDR-0052"",""WDR-0072""]",SUPPORTING_EVIDENCE,"{""source_dataset"":""analytics/crypto_graphframes_exact_relationships.csv""}",2026.07.18.1
CRYPTO_KENNEL_LONG_CON,GF-0997,GF-FEE,SAME_FEE_WALLET,WDR-0053,WDR-0073,fee_wallet_id,W-ROUTER-01,norm-v1,CURATED_APPROXIMATION,GRAPHFRAMES_EXACT_MATCH,false,SENIOR_V1_TO_CANONICAL_V1,APPROVED,Repeated fee destinations support a common release-fee process; verify legitimacy.,"[""WDR-0053"",""WDR-0073""]",SUPPORTING_EVIDENCE,"{""source_dataset"":""analytics/crypto_graphframes_exact_relationships.csv""}",2026.07.18.1
CRYPTO_KENNEL_LONG_CON,GF-0998,GF-FEE,SAME_FEE_WALLET,WDR-0054,WDR-0074,fee_wallet_id,W-OFFSHORE-01,norm-v1,CURATED_APPROXIMATION,GRAPHFRAMES_EXACT_MATCH,false,SENIOR_V1_TO_CANONICAL_V1,APPROVED,Repeated fee destinations support a common release-fee process; verify legitimacy.,"[""WDR-0054"",""WDR-0074""]",SUPPORTING_EVIDENCE,"{""source_dataset"":""analytics/crypto_graphframes_exact_relationships.csv""}",2026.07.18.1
CRYPTO_KENNEL_LONG_CON,GF-0999,GF-FEE,SAME_FEE_WALLET,WDR-0055,WDR-0075,fee_wallet_id,W-ROUTER-01,norm-v1,CURATED_APPROXIMATION,GRAPHFRAMES_EXACT_MATCH,false,SENIOR_V1_TO_CANONICAL_V1,APPROVED,Repeated fee destinations support a common release-fee process; verify legitimacy.,"[""WDR-0055"",""WDR-0075""]",SUPPORTING_EVIDENCE,"{""source_dataset"":""analytics/crypto_graphframes_exact_relationships.csv""}",2026.07.18.1
CRYPTO_KENNEL_LONG_CON,GF-1000,GF-FEE,SAME_FEE_WALLET,WDR-0056,WDR-0076,fee_wallet_id,W-ROUTER-01,norm-v1,CURATED_APPROXIMATION,GRAPHFRAMES_EXACT_MATCH,false,SENIOR_V1_TO_CANONICAL_V1,APPROVED,Repeated fee destinations support a common release-fee process; verify legitimacy.,"[""WDR-0056"",""WDR-0076""]",SUPPORTING_EVIDENCE,"{""source_dataset"":""analytics/crypto_graphframes_exact_relationships.csv""}",2026.07.18.1
CRYPTO_KENNEL_LONG_CON,GF-1001,GF-FEE,SAME_FEE_WALLET,WDR-0057,WDR-0077,fee_wallet_id,W-OFFSHORE-01,norm-v1,CURATED_APPROXIMATION,GRAPHFRAMES_EXACT_MATCH,false,SENIOR_V1_TO_CANONICAL_V1,APPROVED,Repeated fee destinations support a common release-fee process; verify legitimacy.,"[""WDR-0057"",""WDR-0077""]",SUPPORTING_EVIDENCE,"{""source_dataset"":""analytics/crypto_graphframes_exact_relationships.csv""}",2026.07.18.1
CRYPTO_KENNEL_LONG_CON,GF-1002,GF-FEE,SAME_FEE_WALLET,WDR-0058,WDR-0078,fee_wallet_id,W-ROUTER-01,norm-v1,CURATED_APPROXIMATION,GRAPHFRAMES_EXACT_MATCH,false,SENIOR_V1_TO_CANONICAL_V1,APPROVED,Repeated fee destinations support a common release-fee process; verify legitimacy.,"[""WDR-0058"",""WDR-0078""]",SUPPORTING_EVIDENCE,"{""source_dataset"":""analytics/crypto_graphframes_exact_relationships.csv""}",2026.07.18.1
CRYPTO_KENNEL_LONG_CON,GF-1003,GF-FEE,SAME_FEE_WALLET,WDR-0059,WDR-0079,fee_wallet_id,W-ROUTER-01,norm-v1,CURATED_APPROXIMATION,GRAPHFRAMES_EXACT_MATCH,false,SENIOR_V1_TO_CANONICAL_V1,APPROVED,Repeated fee destinations support a common release-fee process; verify legitimacy.,"[""WDR-0059"",""WDR-0079""]",SUPPORTING_EVIDENCE,"{""source_dataset"":""analytics/crypto_graphframes_exact_relationships.csv""}",2026.07.18.1
CRYPTO_KENNEL_LONG_CON,GF-1004,GF-FEE,SAME_FEE_WALLET,WDR-0060,WDR-0080,fee_wallet_id,W-OFFSHORE-01,norm-v1,CURATED_APPROXIMATION,GRAPHFRAMES_EXACT_MATCH,false,SENIOR_V1_TO_CANONICAL_V1,APPROVED,Repeated fee destinations support a common release-fee process; verify legitimacy.,"[""WDR-0060"",""WDR-0080""]",SUPPORTING_EVIDENCE,"{""source_dataset"":""analytics/crypto_graphframes_exact_relationships.csv""}",2026.07.18.1
CRYPTO_KENNEL_LONG_CON,GF-1005,GF-FEE,SAME_FEE_WALLET,WDR-0061,WDR-0081,fee_wallet_id,W-ROUTER-01,norm-v1,CURATED_APPROXIMATION,GRAPHFRAMES_EXACT_MATCH,false,SENIOR_V1_TO_CANONICAL_V1,APPROVED,Repeated fee destinations support a common release-fee process; verify legitimacy.,"[""WDR-0061"",""WDR-0081""]",SUPPORTING_EVIDENCE,"{""source_dataset"":""analytics/crypto_graphframes_exact_relationships.csv""}",2026.07.18.1
CRYPTO_KENNEL_LONG_CON,GF-1006,GF-FEE,SAME_FEE_WALLET,WDR-0062,WDR-0082,fee_wallet_id,W-ROUTER-01,norm-v1,CURATED_APPROXIMATION,GRAPHFRAMES_EXACT_MATCH,false,SENIOR_V1_TO_CANONICAL_V1,APPROVED,Repeated fee destinations support a common release-fee process; verify legitimacy.,"[""WDR-0062"",""WDR-0082""]",SUPPORTING_EVIDENCE,"{""source_dataset"":""analytics/crypto_graphframes_exact_relationships.csv""}",2026.07.18.1
CRYPTO_KENNEL_LONG_CON,GF-1007,GF-FEE,SAME_FEE_WALLET,WDR-0063,WDR-0083,fee_wallet_id,W-OFFSHORE-01,norm-v1,CURATED_APPROXIMATION,GRAPHFRAMES_EXACT_MATCH,false,SENIOR_V1_TO_CANONICAL_V1,APPROVED,Repeated fee destinations support a common release-fee process; verify legitimacy.,"[""WDR-0063"",""WDR-0083""]",SUPPORTING_EVIDENCE,"{""source_dataset"":""analytics/crypto_graphframes_exact_relationships.csv""}",2026.07.18.1
CRYPTO_KENNEL_LONG_CON,GF-1008,GF-FEE,SAME_FEE_WALLET,WDR-0064,WDR-0084,fee_wallet_id,W-ROUTER-01,norm-v1,CURATED_APPROXIMATION,GRAPHFRAMES_EXACT_MATCH,false,SENIOR_V1_TO_CANONICAL_V1,APPROVED,Repeated fee destinations support a common release-fee process; verify legitimacy.,"[""WDR-0064"",""WDR-0084""]",SUPPORTING_EVIDENCE,"{""source_dataset"":""analytics/crypto_graphframes_exact_relationships.csv""}",2026.07.18.1
CRYPTO_KENNEL_LONG_CON,GF-1009,GF-FEE,SAME_FEE_WALLET,WDR-0065,WDR-0085,fee_wallet_id,W-ROUTER-01,norm-v1,CURATED_APPROXIMATION,GRAPHFRAMES_EXACT_MATCH,false,SENIOR_V1_TO_CANONICAL_V1,APPROVED,Repeated fee destinations support a common release-fee process; verify legitimacy.,"[""WDR-0065"",""WDR-0085""]",SUPPORTING_EVIDENCE,"{""source_dataset"":""analytics/crypto_graphframes_exact_relationships.csv""}",2026.07.18.1
CRYPTO_KENNEL_LONG_CON,GF-1010,GF-FEE,SAME_FEE_WALLET,WDR-0066,WDR-0086,fee_wallet_id,W-OFFSHORE-01,norm-v1,CURATED_APPROXIMATION,GRAPHFRAMES_EXACT_MATCH,false,SENIOR_V1_TO_CANONICAL_V1,APPROVED,Repeated fee destinations support a common release-fee process; verify legitimacy.,"[""WDR-0066"",""WDR-0086""]",SUPPORTING_EVIDENCE,"{""source_dataset"":""analytics/crypto_graphframes_exact_relationships.csv""}",2026.07.18.1
CRYPTO_KENNEL_LONG_CON,GF-1011,GF-FEE,SAME_FEE_WALLET,WDR-0067,WDR-0087,fee_wallet_id,W-ROUTER-01,norm-v1,CURATED_APPROXIMATION,GRAPHFRAMES_EXACT_MATCH,false,SENIOR_V1_TO_CANONICAL_V1,APPROVED,Repeated fee destinations support a common release-fee process; verify legitimacy.,"[""WDR-0067"",""WDR-0087""]",SUPPORTING_EVIDENCE,"{""source_dataset"":""analytics/crypto_graphframes_exact_relationships.csv""}",2026.07.18.1
CRYPTO_KENNEL_LONG_CON,GF-1012,GF-FEE,SAME_FEE_WALLET,WDR-0068,WDR-0088,fee_wallet_id,W-ROUTER-01,norm-v1,CURATED_APPROXIMATION,GRAPHFRAMES_EXACT_MATCH,false,SENIOR_V1_TO_CANONICAL_V1,APPROVED,Repeated fee destinations support a common release-fee process; verify legitimacy.,"[""WDR-0068"",""WDR-0088""]",SUPPORTING_EVIDENCE,"{""source_dataset"":""analytics/crypto_graphframes_exact_relationships.csv""}",2026.07.18.1
CRYPTO_KENNEL_LONG_CON,GF-1013,GF-FEE,SAME_FEE_WALLET,WDR-0069,WDR-0089,fee_wallet_id,W-OFFSHORE-01,norm-v1,CURATED_APPROXIMATION,GRAPHFRAMES_EXACT_MATCH,false,SENIOR_V1_TO_CANONICAL_V1,APPROVED,Repeated fee destinations support a common release-fee process; verify legitimacy.,"[""WDR-0069"",""WDR-0089""]",SUPPORTING_EVIDENCE,"{""source_dataset"":""analytics/crypto_graphframes_exact_relationships.csv""}",2026.07.18.1
CRYPTO_KENNEL_LONG_CON,GF-1014,GF-FEE,SAME_FEE_WALLET,WDR-0070,WDR-0090,fee_wallet_id,W-ROUTER-01,norm-v1,CURATED_APPROXIMATION,GRAPHFRAMES_EXACT_MATCH,false,SENIOR_V1_TO_CANONICAL_V1,APPROVED,Repeated fee destinations support a common release-fee process; verify legitimacy.,"[""WDR-0070"",""WDR-0090""]",SUPPORTING_EVIDENCE,"{""source_dataset"":""analytics/crypto_graphframes_exact_relationships.csv""}",2026.07.18.1
CRYPTO_KENNEL_LONG_CON,GF-1015,GF-FEE,SAME_FEE_WALLET,WDR-0071,WDR-0091,fee_wallet_id,W-ROUTER-01,norm-v1,CURATED_APPROXIMATION,GRAPHFRAMES_EXACT_MATCH,false,SENIOR_V1_TO_CANONICAL_V1,APPROVED,Repeated fee destinations support a common release-fee process; verify legitimacy.,"[""WDR-0071"",""WDR-0091""]",SUPPORTING_EVIDENCE,"{""source_dataset"":""analytics/crypto_graphframes_exact_relationships.csv""}",2026.07.18.1
CRYPTO_KENNEL_LONG_CON,GF-1016,GF-FEE,SAME_FEE_WALLET,WDR-0072,WDR-0092,fee_wallet_id,W-OFFSHORE-01,norm-v1,CURATED_APPROXIMATION,GRAPHFRAMES_EXACT_MATCH,false,SENIOR_V1_TO_CANONICAL_V1,APPROVED,Repeated fee destinations support a common release-fee process; verify legitimacy.,"[""WDR-0072"",""WDR-0092""]",SUPPORTING_EVIDENCE,"{""source_dataset"":""analytics/crypto_graphframes_exact_relationships.csv""}",2026.07.18.1
CRYPTO_KENNEL_LONG_CON,GF-1017,GF-FEE,SAME_FEE_WALLET,WDR-0073,WDR-0093,fee_wallet_id,W-ROUTER-01,norm-v1,CURATED_APPROXIMATION,GRAPHFRAMES_EXACT_MATCH,false,SENIOR_V1_TO_CANONICAL_V1,APPROVED,Repeated fee destinations support a common release-fee process; verify legitimacy.,"[""WDR-0073"",""WDR-0093""]",SUPPORTING_EVIDENCE,"{""source_dataset"":""analytics/crypto_graphframes_exact_relationships.csv""}",2026.07.18.1
CRYPTO_KENNEL_LONG_CON,GF-1018,GF-FEE,SAME_FEE_WALLET,WDR-0074,WDR-0094,fee_wallet_id,W-ROUTER-01,norm-v1,CURATED_APPROXIMATION,GRAPHFRAMES_EXACT_MATCH,false,SENIOR_V1_TO_CANONICAL_V1,APPROVED,Repeated fee destinations support a common release-fee process; verify legitimacy.,"[""WDR-0074"",""WDR-0094""]",SUPPORTING_EVIDENCE,"{""source_dataset"":""analytics/crypto_graphframes_exact_relationships.csv""}",2026.07.18.1
CRYPTO_KENNEL_LONG_CON,GF-1019,GF-FEE,SAME_FEE_WALLET,WDR-0075,WDR-0095,fee_wallet_id,W-OFFSHORE-01,norm-v1,CURATED_APPROXIMATION,GRAPHFRAMES_EXACT_MATCH,false,SENIOR_V1_TO_CANONICAL_V1,APPROVED,Repeated fee destinations support a common release-fee process; verify legitimacy.,"[""WDR-0075"",""WDR-0095""]",SUPPORTING_EVIDENCE,"{""source_dataset"":""analytics/crypto_graphframes_exact_relationships.csv""}",2026.07.18.1
CRYPTO_KENNEL_LONG_CON,GF-1020,GF-FEE,SAME_FEE_WALLET,WDR-0076,WDR-0096,fee_wallet_id,W-ROUTER-01,norm-v1,CURATED_APPROXIMATION,GRAPHFRAMES_EXACT_MATCH,false,SENIOR_V1_TO_CANONICAL_V1,APPROVED,Repeated fee destinations support a common release-fee process; verify legitimacy.,"[""WDR-0076"",""WDR-0096""]",SUPPORTING_EVIDENCE,"{""source_dataset"":""analytics/crypto_graphframes_exact_relationships.csv""}",2026.07.18.1
CRYPTO_KENNEL_LONG_CON,GF-1021,GF-FEE,SAME_FEE_WALLET,WDR-0077,WDR-0097,fee_wallet_id,W-ROUTER-01,norm-v1,CURATED_APPROXIMATION,GRAPHFRAMES_EXACT_MATCH,false,SENIOR_V1_TO_CANONICAL_V1,APPROVED,Repeated fee destinations support a common release-fee process; verify legitimacy.,"[""WDR-0077"",""WDR-0097""]",SUPPORTING_EVIDENCE,"{""source_dataset"":""analytics/crypto_graphframes_exact_relationships.csv""}",2026.07.18.1
CRYPTO_KENNEL_LONG_CON,GF-1022,GF-FEE,SAME_FEE_WALLET,WDR-0078,WDR-0098,fee_wallet_id,W-OFFSHORE-01,norm-v1,CURATED_APPROXIMATION,GRAPHFRAMES_EXACT_MATCH,false,SENIOR_V1_TO_CANONICAL_V1,APPROVED,Repeated fee destinations support a common release-fee process; verify legitimacy.,"[""WDR-0078"",""WDR-0098""]",SUPPORTING_EVIDENCE,"{""source_dataset"":""analytics/crypto_graphframes_exact_relationships.csv""}",2026.07.18.1
CRYPTO_KENNEL_LONG_CON,GF-1023,GF-FEE,SAME_FEE_WALLET,WDR-0079,WDR-0099,fee_wallet_id,W-ROUTER-01,norm-v1,CURATED_APPROXIMATION,GRAPHFRAMES_EXACT_MATCH,false,SENIOR_V1_TO_CANONICAL_V1,APPROVED,Repeated fee destinations support a common release-fee process; verify legitimacy.,"[""WDR-0079"",""WDR-0099""]",SUPPORTING_EVIDENCE,"{""source_dataset"":""analytics/crypto_graphframes_exact_relationships.csv""}",2026.07.18.1
CRYPTO_KENNEL_LONG_CON,GF-1024,GF-FEE,SAME_FEE_WALLET,WDR-0080,WDR-0100,fee_wallet_id,W-ROUTER-01,norm-v1,CURATED_APPROXIMATION,GRAPHFRAMES_EXACT_MATCH,false,SENIOR_V1_TO_CANONICAL_V1,APPROVED,Repeated fee destinations support a common release-fee process; verify legitimacy.,"[""WDR-0080"",""WDR-0100""]",SUPPORTING_EVIDENCE,"{""source_dataset"":""analytics/crypto_graphframes_exact_relationships.csv""}",2026.07.18.1
CRYPTO_KENNEL_LONG_CON,GF-1025,GF-FEE,SAME_FEE_WALLET,WDR-0081,WDR-0101,fee_wallet_id,W-OFFSHORE-01,norm-v1,CURATED_APPROXIMATION,GRAPHFRAMES_EXACT_MATCH,false,SENIOR_V1_TO_CANONICAL_V1,APPROVED,Repeated fee destinations support a common release-fee process; verify legitimacy.,"[""WDR-0081"",""WDR-0101""]",SUPPORTING_EVIDENCE,"{""source_dataset"":""analytics/crypto_graphframes_exact_relationships.csv""}",2026.07.18.1
CRYPTO_KENNEL_LONG_CON,GF-1026,GF-FEE,SAME_FEE_WALLET,WDR-0082,WDR-0102,fee_wallet_id,W-ROUTER-01,norm-v1,CURATED_APPROXIMATION,GRAPHFRAMES_EXACT_MATCH,false,SENIOR_V1_TO_CANONICAL_V1,APPROVED,Repeated fee destinations support a common release-fee process; verify legitimacy.,"[""WDR-0082"",""WDR-0102""]",SUPPORTING_EVIDENCE,"{""source_dataset"":""analytics/crypto_graphframes_exact_relationships.csv""}",2026.07.18.1
CRYPTO_KENNEL_LONG_CON,GF-1027,GF-FEE,SAME_FEE_WALLET,WDR-0083,WDR-0103,fee_wallet_id,W-ROUTER-01,norm-v1,CURATED_APPROXIMATION,GRAPHFRAMES_EXACT_MATCH,false,SENIOR_V1_TO_CANONICAL_V1,APPROVED,Repeated fee destinations support a common release-fee process; verify legitimacy.,"[""WDR-0083"",""WDR-0103""]",SUPPORTING_EVIDENCE,"{""source_dataset"":""analytics/crypto_graphframes_exact_relationships.csv""}",2026.07.18.1
CRYPTO_KENNEL_LONG_CON,GF-1028,GF-FEE,SAME_FEE_WALLET,WDR-0084,WDR-0104,fee_wallet_id,W-OFFSHORE-01,norm-v1,CURATED_APPROXIMATION,GRAPHFRAMES_EXACT_MATCH,false,SENIOR_V1_TO_CANONICAL_V1,APPROVED,Repeated fee destinations support a common release-fee process; verify legitimacy.,"[""WDR-0084"",""WDR-0104""]",SUPPORTING_EVIDENCE,"{""source_dataset"":""analytics/crypto_graphframes_exact_relationships.csv""}",2026.07.18.1
CRYPTO_KENNEL_LONG_CON,GF-1029,GF-FEE,SAME_FEE_WALLET,WDR-0085,WDR-0105,fee_wallet_id,W-ROUTER-01,norm-v1,CURATED_APPROXIMATION,GRAPHFRAMES_EXACT_MATCH,false,SENIOR_V1_TO_CANONICAL_V1,APPROVED,Repeated fee destinations support a common release-fee process; verify legitimacy.,"[""WDR-0085"",""WDR-0105""]",SUPPORTING_EVIDENCE,"{""source_dataset"":""analytics/crypto_graphframes_exact_relationships.csv""}",2026.07.18.1
CRYPTO_KENNEL_LONG_CON,GF-1030,GF-FEE,SAME_FEE_WALLET,WDR-0086,WDR-0106,fee_wallet_id,W-ROUTER-01,norm-v1,CURATED_APPROXIMATION,GRAPHFRAMES_EXACT_MATCH,false,SENIOR_V1_TO_CANONICAL_V1,APPROVED,Repeated fee destinations support a common release-fee process; verify legitimacy.,"[""WDR-0086"",""WDR-0106""]",SUPPORTING_EVIDENCE,"{""source_dataset"":""analytics/crypto_graphframes_exact_relationships.csv""}",2026.07.18.1
CRYPTO_KENNEL_LONG_CON,GF-1031,GF-FEE,SAME_FEE_WALLET,WDR-0087,WDR-0107,fee_wallet_id,W-OFFSHORE-01,norm-v1,CURATED_APPROXIMATION,GRAPHFRAMES_EXACT_MATCH,false,SENIOR_V1_TO_CANONICAL_V1,APPROVED,Repeated fee destinations support a common release-fee process; verify legitimacy.,"[""WDR-0087"",""WDR-0107""]",SUPPORTING_EVIDENCE,"{""source_dataset"":""analytics/crypto_graphframes_exact_relationships.csv""}",2026.07.18.1
CRYPTO_KENNEL_LONG_CON,GF-1032,GF-FEE,SAME_FEE_WALLET,WDR-0088,WDR-0108,fee_wallet_id,W-ROUTER-01,norm-v1,CURATED_APPROXIMATION,GRAPHFRAMES_EXACT_MATCH,false,SENIOR_V1_TO_CANONICAL_V1,APPROVED,Repeated fee destinations support a common release-fee process; verify legitimacy.,"[""WDR-0088"",""WDR-0108""]",SUPPORTING_EVIDENCE,"{""source_dataset"":""analytics/crypto_graphframes_exact_relationships.csv""}",2026.07.18.1
CRYPTO_KENNEL_LONG_CON,GF-1033,GF-FEE,SAME_FEE_WALLET,WDR-0089,WDR-0109,fee_wallet_id,W-ROUTER-01,norm-v1,CURATED_APPROXIMATION,GRAPHFRAMES_EXACT_MATCH,false,SENIOR_V1_TO_CANONICAL_V1,APPROVED,Repeated fee destinations support a common release-fee process; verify legitimacy.,"[""WDR-0089"",""WDR-0109""]",SUPPORTING_EVIDENCE,"{""source_dataset"":""analytics/crypto_graphframes_exact_relationships.csv""}",2026.07.18.1
CRYPTO_KENNEL_LONG_CON,GF-1034,GF-FEE,SAME_FEE_WALLET,WDR-0090,WDR-0110,fee_wallet_id,W-OFFSHORE-01,norm-v1,CURATED_APPROXIMATION,GRAPHFRAMES_EXACT_MATCH,false,SENIOR_V1_TO_CANONICAL_V1,APPROVED,Repeated fee destinations support a common release-fee process; verify legitimacy.,"[""WDR-0090"",""WDR-0110""]",SUPPORTING_EVIDENCE,"{""source_dataset"":""analytics/crypto_graphframes_exact_relationships.csv""}",2026.07.18.1
CRYPTO_KENNEL_LONG_CON,GF-1035,GF-FEE,SAME_FEE_WALLET,WDR-0091,WDR-0111,fee_wallet_id,W-ROUTER-01,norm-v1,CURATED_APPROXIMATION,GRAPHFRAMES_EXACT_MATCH,false,SENIOR_V1_TO_CANONICAL_V1,APPROVED,Repeated fee destinations support a common release-fee process; verify legitimacy.,"[""WDR-0091"",""WDR-0111""]",SUPPORTING_EVIDENCE,"{""source_dataset"":""analytics/crypto_graphframes_exact_relationships.csv""}",2026.07.18.1
CRYPTO_KENNEL_LONG_CON,GF-1036,GF-FEE,SAME_FEE_WALLET,WDR-0092,WDR-0112,fee_wallet_id,W-ROUTER-01,norm-v1,CURATED_APPROXIMATION,GRAPHFRAMES_EXACT_MATCH,false,SENIOR_V1_TO_CANONICAL_V1,APPROVED,Repeated fee destinations support a common release-fee process; verify legitimacy.,"[""WDR-0092"",""WDR-0112""]",SUPPORTING_EVIDENCE,"{""source_dataset"":""analytics/crypto_graphframes_exact_relationships.csv""}",2026.07.18.1
CRYPTO_KENNEL_LONG_CON,GF-1037,GF-FEE,SAME_FEE_WALLET,WDR-0093,WDR-0113,fee_wallet_id,W-OFFSHORE-01,norm-v1,CURATED_APPROXIMATION,GRAPHFRAMES_EXACT_MATCH,false,SENIOR_V1_TO_CANONICAL_V1,APPROVED,Repeated fee destinations support a common release-fee process; verify legitimacy.,"[""WDR-0093"",""WDR-0113""]",SUPPORTING_EVIDENCE,"{""source_dataset"":""analytics/crypto_graphframes_exact_relationships.csv""}",2026.07.18.1
CRYPTO_KENNEL_LONG_CON,GF-1038,GF-FEE,SAME_FEE_WALLET,WDR-0094,WDR-0114,fee_wallet_id,W-ROUTER-01,norm-v1,CURATED_APPROXIMATION,GRAPHFRAMES_EXACT_MATCH,false,SENIOR_V1_TO_CANONICAL_V1,APPROVED,Repeated fee destinations support a common release-fee process; verify legitimacy.,"[""WDR-0094"",""WDR-0114""]",SUPPORTING_EVIDENCE,"{""source_dataset"":""analytics/crypto_graphframes_exact_relationships.csv""}",2026.07.18.1
CRYPTO_KENNEL_LONG_CON,GF-1039,GF-FEE,SAME_FEE_WALLET,WDR-0095,WDR-0115,fee_wallet_id,W-ROUTER-01,norm-v1,CURATED_APPROXIMATION,GRAPHFRAMES_EXACT_MATCH,false,SENIOR_V1_TO_CANONICAL_V1,APPROVED,Repeated fee destinations support a common release-fee process; verify legitimacy.,"[""WDR-0095"",""WDR-0115""]",SUPPORTING_EVIDENCE,"{""source_dataset"":""analytics/crypto_graphframes_exact_relationships.csv""}",2026.07.18.1
CRYPTO_KENNEL_LONG_CON,GF-1040,GF-FEE,SAME_FEE_WALLET,WDR-0096,WDR-0116,fee_wallet_id,W-OFFSHORE-01,norm-v1,CURATED_APPROXIMATION,GRAPHFRAMES_EXACT_MATCH,false,SENIOR_V1_TO_CANONICAL_V1,APPROVED,Repeated fee destinations support a common release-fee process; verify legitimacy.,"[""WDR-0096"",""WDR-0116""]",SUPPORTING_EVIDENCE,"{""source_dataset"":""analytics/crypto_graphframes_exact_relationships.csv""}",2026.07.18.1
CRYPTO_KENNEL_LONG_CON,GF-1041,GF-FEE,SAME_FEE_WALLET,WDR-0097,WDR-0117,fee_wallet_id,W-ROUTER-01,norm-v1,CURATED_APPROXIMATION,GRAPHFRAMES_EXACT_MATCH,false,SENIOR_V1_TO_CANONICAL_V1,APPROVED,Repeated fee destinations support a common release-fee process; verify legitimacy.,"[""WDR-0097"",""WDR-0117""]",SUPPORTING_EVIDENCE,"{""source_dataset"":""analytics/crypto_graphframes_exact_relationships.csv""}",2026.07.18.1
CRYPTO_KENNEL_LONG_CON,GF-1042,GF-FEE,SAME_FEE_WALLET,WDR-0098,WDR-0118,fee_wallet_id,W-ROUTER-01,norm-v1,CURATED_APPROXIMATION,GRAPHFRAMES_EXACT_MATCH,false,SENIOR_V1_TO_CANONICAL_V1,APPROVED,Repeated fee destinations support a common release-fee process; verify legitimacy.,"[""WDR-0098"",""WDR-0118""]",SUPPORTING_EVIDENCE,"{""source_dataset"":""analytics/crypto_graphframes_exact_relationships.csv""}",2026.07.18.1
CRYPTO_KENNEL_LONG_CON,GF-1043,GF-FEE,SAME_FEE_WALLET,WDR-0099,WDR-0119,fee_wallet_id,W-OFFSHORE-01,norm-v1,CURATED_APPROXIMATION,GRAPHFRAMES_EXACT_MATCH,false,SENIOR_V1_TO_CANONICAL_V1,APPROVED,Repeated fee destinations support a common release-fee process; verify legitimacy.,"[""WDR-0099"",""WDR-0119""]",SUPPORTING_EVIDENCE,"{""source_dataset"":""analytics/crypto_graphframes_exact_relationships.csv""}",2026.07.18.1
CRYPTO_KENNEL_LONG_CON,GF-1044,GF-FEE,SAME_FEE_WALLET,WDR-0100,WDR-0120,fee_wallet_id,W-ROUTER-01,norm-v1,CURATED_APPROXIMATION,GRAPHFRAMES_EXACT_MATCH,false,SENIOR_V1_TO_CANONICAL_V1,APPROVED,Repeated fee destinations support a common release-fee process; verify legitimacy.,"[""WDR-0100"",""WDR-0120""]",SUPPORTING_EVIDENCE,"{""source_dataset"":""analytics/crypto_graphframes_exact_relationships.csv""}",2026.07.18.1
CRYPTO_KENNEL_LONG_CON,GF-1045,GF-FEE,SAME_FEE_WALLET,WDR-0101,WDR-0121,fee_wallet_id,W-ROUTER-01,norm-v1,CURATED_APPROXIMATION,GRAPHFRAMES_EXACT_MATCH,false,SENIOR_V1_TO_CANONICAL_V1,APPROVED,Repeated fee destinations support a common release-fee process; verify legitimacy.,"[""WDR-0101"",""WDR-0121""]",SUPPORTING_EVIDENCE,"{""source_dataset"":""analytics/crypto_graphframes_exact_relationships.csv""}",2026.07.18.1
CRYPTO_KENNEL_LONG_CON,GF-1046,GF-FEE,SAME_FEE_WALLET,WDR-0102,WDR-0122,fee_wallet_id,W-OFFSHORE-01,norm-v1,CURATED_APPROXIMATION,GRAPHFRAMES_EXACT_MATCH,false,SENIOR_V1_TO_CANONICAL_V1,APPROVED,Repeated fee destinations support a common release-fee process; verify legitimacy.,"[""WDR-0102"",""WDR-0122""]",SUPPORTING_EVIDENCE,"{""source_dataset"":""analytics/crypto_graphframes_exact_relationships.csv""}",2026.07.18.1
CRYPTO_KENNEL_LONG_CON,GF-1047,GF-FEE,SAME_FEE_WALLET,WDR-0103,WDR-0123,fee_wallet_id,W-ROUTER-01,norm-v1,CURATED_APPROXIMATION,GRAPHFRAMES_EXACT_MATCH,false,SENIOR_V1_TO_CANONICAL_V1,APPROVED,Repeated fee destinations support a common release-fee process; verify legitimacy.,"[""WDR-0103"",""WDR-0123""]",SUPPORTING_EVIDENCE,"{""source_dataset"":""analytics/crypto_graphframes_exact_relationships.csv""}",2026.07.18.1
CRYPTO_KENNEL_LONG_CON,GF-1048,GF-FEE,SAME_FEE_WALLET,WDR-0104,WDR-0124,fee_wallet_id,W-ROUTER-01,norm-v1,CURATED_APPROXIMATION,GRAPHFRAMES_EXACT_MATCH,false,SENIOR_V1_TO_CANONICAL_V1,APPROVED,Repeated fee destinations support a common release-fee process; verify legitimacy.,"[""WDR-0104"",""WDR-0124""]",SUPPORTING_EVIDENCE,"{""source_dataset"":""analytics/crypto_graphframes_exact_relationships.csv""}",2026.07.18.1
CRYPTO_KENNEL_LONG_CON,GF-1049,GF-FEE,SAME_FEE_WALLET,WDR-0105,WDR-0125,fee_wallet_id,W-OFFSHORE-01,norm-v1,CURATED_APPROXIMATION,GRAPHFRAMES_EXACT_MATCH,false,SENIOR_V1_TO_CANONICAL_V1,APPROVED,Repeated fee destinations support a common release-fee process; verify legitimacy.,"[""WDR-0105"",""WDR-0125""]",SUPPORTING_EVIDENCE,"{""source_dataset"":""analytics/crypto_graphframes_exact_relationships.csv""}",2026.07.18.1
CRYPTO_KENNEL_LONG_CON,GF-1050,GF-FEE,SAME_FEE_WALLET,WDR-0106,WDR-0126,fee_wallet_id,W-ROUTER-01,norm-v1,CURATED_APPROXIMATION,GRAPHFRAMES_EXACT_MATCH,false,SENIOR_V1_TO_CANONICAL_V1,APPROVED,Repeated fee destinations support a common release-fee process; verify legitimacy.,"[""WDR-0106"",""WDR-0126""]",SUPPORTING_EVIDENCE,"{""source_dataset"":""analytics/crypto_graphframes_exact_relationships.csv""}",2026.07.18.1
CRYPTO_KENNEL_LONG_CON,GF-1051,GF-FEE,SAME_FEE_WALLET,WDR-0107,WDR-0127,fee_wallet_id,W-ROUTER-01,norm-v1,CURATED_APPROXIMATION,GRAPHFRAMES_EXACT_MATCH,false,SENIOR_V1_TO_CANONICAL_V1,APPROVED,Repeated fee destinations support a common release-fee process; verify legitimacy.,"[""WDR-0107"",""WDR-0127""]",SUPPORTING_EVIDENCE,"{""source_dataset"":""analytics/crypto_graphframes_exact_relationships.csv""}",2026.07.18.1
CRYPTO_KENNEL_LONG_CON,GF-1052,GF-FEE,SAME_FEE_WALLET,WDR-0108,WDR-0128,fee_wallet_id,W-OFFSHORE-01,norm-v1,CURATED_APPROXIMATION,GRAPHFRAMES_EXACT_MATCH,false,SENIOR_V1_TO_CANONICAL_V1,APPROVED,Repeated fee destinations support a common release-fee process; verify legitimacy.,"[""WDR-0108"",""WDR-0128""]",SUPPORTING_EVIDENCE,"{""source_dataset"":""analytics/crypto_graphframes_exact_relationships.csv""}",2026.07.18.1
CRYPTO_KENNEL_LONG_CON,GF-1053,GF-FEE,SAME_FEE_WALLET,WDR-0109,WDR-0129,fee_wallet_id,W-ROUTER-01,norm-v1,CURATED_APPROXIMATION,GRAPHFRAMES_EXACT_MATCH,false,SENIOR_V1_TO_CANONICAL_V1,APPROVED,Repeated fee destinations support a common release-fee process; verify legitimacy.,"[""WDR-0109"",""WDR-0129""]",SUPPORTING_EVIDENCE,"{""source_dataset"":""analytics/crypto_graphframes_exact_relationships.csv""}",2026.07.18.1
CRYPTO_KENNEL_LONG_CON,GF-1054,GF-FEE,SAME_FEE_WALLET,WDR-0110,WDR-0130,fee_wallet_id,W-ROUTER-01,norm-v1,CURATED_APPROXIMATION,GRAPHFRAMES_EXACT_MATCH,false,SENIOR_V1_TO_CANONICAL_V1,APPROVED,Repeated fee destinations support a common release-fee process; verify legitimacy.,"[""WDR-0110"",""WDR-0130""]",SUPPORTING_EVIDENCE,"{""source_dataset"":""analytics/crypto_graphframes_exact_relationships.csv""}",2026.07.18.1
CRYPTO_KENNEL_LONG_CON,GF-1055,GF-FEE,SAME_FEE_WALLET,WDR-0111,WDR-0131,fee_wallet_id,W-OFFSHORE-01,norm-v1,CURATED_APPROXIMATION,GRAPHFRAMES_EXACT_MATCH,false,SENIOR_V1_TO_CANONICAL_V1,APPROVED,Repeated fee destinations support a common release-fee process; verify legitimacy.,"[""WDR-0111"",""WDR-0131""]",SUPPORTING_EVIDENCE,"{""source_dataset"":""analytics/crypto_graphframes_exact_relationships.csv""}",2026.07.18.1
CRYPTO_KENNEL_LONG_CON,GF-1056,GF-FEE,SAME_FEE_WALLET,WDR-0112,WDR-0132,fee_wallet_id,W-ROUTER-01,norm-v1,CURATED_APPROXIMATION,GRAPHFRAMES_EXACT_MATCH,false,SENIOR_V1_TO_CANONICAL_V1,APPROVED,Repeated fee destinations support a common release-fee process; verify legitimacy.,"[""WDR-0112"",""WDR-0132""]",SUPPORTING_EVIDENCE,"{""source_dataset"":""analytics/crypto_graphframes_exact_relationships.csv""}",2026.07.18.1
CRYPTO_KENNEL_LONG_CON,GF-1057,GF-FEE,SAME_FEE_WALLET,WDR-0113,WDR-0133,fee_wallet_id,W-ROUTER-01,norm-v1,CURATED_APPROXIMATION,GRAPHFRAMES_EXACT_MATCH,false,SENIOR_V1_TO_CANONICAL_V1,APPROVED,Repeated fee destinations support a common release-fee process; verify legitimacy.,"[""WDR-0113"",""WDR-0133""]",SUPPORTING_EVIDENCE,"{""source_dataset"":""analytics/crypto_graphframes_exact_relationships.csv""}",2026.07.18.1
CRYPTO_KENNEL_LONG_CON,GF-1058,GF-FEE,SAME_FEE_WALLET,WDR-0114,WDR-0134,fee_wallet_id,W-OFFSHORE-01,norm-v1,CURATED_APPROXIMATION,GRAPHFRAMES_EXACT_MATCH,false,SENIOR_V1_TO_CANONICAL_V1,APPROVED,Repeated fee destinations support a common release-fee process; verify legitimacy.,"[""WDR-0114"",""WDR-0134""]",SUPPORTING_EVIDENCE,"{""source_dataset"":""analytics/crypto_graphframes_exact_relationships.csv""}",2026.07.18.1
CRYPTO_KENNEL_LONG_CON,GF-1059,GF-FEE,SAME_FEE_WALLET,WDR-0115,WDR-0135,fee_wallet_id,W-ROUTER-01,norm-v1,CURATED_APPROXIMATION,GRAPHFRAMES_EXACT_MATCH,false,SENIOR_V1_TO_CANONICAL_V1,APPROVED,Repeated fee destinations support a common release-fee process; verify legitimacy.,"[""WDR-0115"",""WDR-0135""]",SUPPORTING_EVIDENCE,"{""source_dataset"":""analytics/crypto_graphframes_exact_relationships.csv""}",2026.07.18.1
CRYPTO_KENNEL_LONG_CON,GF-1060,GF-FEE,SAME_FEE_WALLET,WDR-0116,WDR-0136,fee_wallet_id,W-ROUTER-01,norm-v1,CURATED_APPROXIMATION,GRAPHFRAMES_EXACT_MATCH,false,SENIOR_V1_TO_CANONICAL_V1,APPROVED,Repeated fee destinations support a common release-fee process; verify legitimacy.,"[""WDR-0116"",""WDR-0136""]",SUPPORTING_EVIDENCE,"{""source_dataset"":""analytics/crypto_graphframes_exact_relationships.csv""}",2026.07.18.1
CRYPTO_KENNEL_LONG_CON,GF-1061,GF-FEE,SAME_FEE_WALLET,WDR-0117,WDR-0137,fee_wallet_id,W-OFFSHORE-01,norm-v1,CURATED_APPROXIMATION,GRAPHFRAMES_EXACT_MATCH,false,SENIOR_V1_TO_CANONICAL_V1,APPROVED,Repeated fee destinations support a common release-fee process; verify legitimacy.,"[""WDR-0117"",""WDR-0137""]",SUPPORTING_EVIDENCE,"{""source_dataset"":""analytics/crypto_graphframes_exact_relationships.csv""}",2026.07.18.1
CRYPTO_KENNEL_LONG_CON,GF-1062,GF-FEE,SAME_FEE_WALLET,WDR-0118,WDR-0138,fee_wallet_id,W-ROUTER-01,norm-v1,CURATED_APPROXIMATION,GRAPHFRAMES_EXACT_MATCH,false,SENIOR_V1_TO_CANONICAL_V1,APPROVED,Repeated fee destinations support a common release-fee process; verify legitimacy.,"[""WDR-0118"",""WDR-0138""]",SUPPORTING_EVIDENCE,"{""source_dataset"":""analytics/crypto_graphframes_exact_relationships.csv""}",2026.07.18.1
CRYPTO_KENNEL_LONG_CON,GF-1063,GF-FEE,SAME_FEE_WALLET,WDR-0119,WDR-0139,fee_wallet_id,W-ROUTER-01,norm-v1,CURATED_APPROXIMATION,GRAPHFRAMES_EXACT_MATCH,false,SENIOR_V1_TO_CANONICAL_V1,APPROVED,Repeated fee destinations support a common release-fee process; verify legitimacy.,"[""WDR-0119"",""WDR-0139""]",SUPPORTING_EVIDENCE,"{""source_dataset"":""analytics/crypto_graphframes_exact_relationships.csv""}",2026.07.18.1
CRYPTO_KENNEL_LONG_CON,GF-1064,GF-FEE,SAME_FEE_WALLET,WDR-0120,WDR-0140,fee_wallet_id,W-OFFSHORE-01,norm-v1,CURATED_APPROXIMATION,GRAPHFRAMES_EXACT_MATCH,false,SENIOR_V1_TO_CANONICAL_V1,APPROVED,Repeated fee destinations support a common release-fee process; verify legitimacy.,"[""WDR-0120"",""WDR-0140""]",SUPPORTING_EVIDENCE,"{""source_dataset"":""analytics/crypto_graphframes_exact_relationships.csv""}",2026.07.18.1
CRYPTO_KENNEL_LONG_CON,GF-1065,GF-PRICE,SAME_PRICE_CURVE_FINGERPRINT,PRICE-0001,PRICE-0013,price_curve_fingerprint,curve-manipulated-01,norm-v1,CURATED_APPROXIMATION,GRAPHFRAMES_EXACT_MATCH,false,SENIOR_V1_TO_CANONICAL_V1,APPROVED,Matching price curves require independent market comparison.,"[""PRICE-0001"",""PRICE-0013""]",SUPPORTING_EVIDENCE,"{""source_dataset"":""analytics/crypto_graphframes_exact_relationships.csv""}",2026.07.18.1
CRYPTO_KENNEL_LONG_CON,GF-1066,GF-PRICE,SAME_PRICE_CURVE_FINGERPRINT,PRICE-0002,PRICE-0014,price_curve_fingerprint,curve-manipulated-02,norm-v1,CURATED_APPROXIMATION,GRAPHFRAMES_EXACT_MATCH,false,SENIOR_V1_TO_CANONICAL_V1,APPROVED,Matching price curves require independent market comparison.,"[""PRICE-0002"",""PRICE-0014""]",SUPPORTING_EVIDENCE,"{""source_dataset"":""analytics/crypto_graphframes_exact_relationships.csv""}",2026.07.18.1
CRYPTO_KENNEL_LONG_CON,GF-1067,GF-PRICE,SAME_PRICE_CURVE_FINGERPRINT,PRICE-0003,PRICE-0015,price_curve_fingerprint,curve-market-TOK-USDB,norm-v1,CURATED_APPROXIMATION,GRAPHFRAMES_EXACT_MATCH,false,SENIOR_V1_TO_CANONICAL_V1,APPROVED,Matching price curves require independent market comparison.,"[""PRICE-0003"",""PRICE-0015""]",SUPPORTING_EVIDENCE,"{""source_dataset"":""analytics/crypto_graphframes_exact_relationships.csv""}",2026.07.18.1
CRYPTO_KENNEL_LONG_CON,GF-1068,GF-PRICE,SAME_PRICE_CURVE_FINGERPRINT,PRICE-0004,PRICE-0016,price_curve_fingerprint,curve-market-TOK-PAW,norm-v1,CURATED_APPROXIMATION,GRAPHFRAMES_EXACT_MATCH,false,SENIOR_V1_TO_CANONICAL_V1,APPROVED,Matching price curves require independent market comparison.,"[""PRICE-0004"",""PRICE-0016""]",SUPPORTING_EVIDENCE,"{""source_dataset"":""analytics/crypto_graphframes_exact_relationships.csv""}",2026.07.18.1
CRYPTO_KENNEL_LONG_CON,GF-1069,GF-PRICE,SAME_PRICE_CURVE_FINGERPRINT,PRICE-0005,PRICE-0017,price_curve_fingerprint,curve-market-TOK-CLEAR,norm-v1,CURATED_APPROXIMATION,GRAPHFRAMES_EXACT_MATCH,false,SENIOR_V1_TO_CANONICAL_V1,APPROVED,Matching price curves require independent market comparison.,"[""PRICE-0005"",""PRICE-0017""]",SUPPORTING_EVIDENCE,"{""source_dataset"":""analytics/crypto_graphframes_exact_relationships.csv""}",2026.07.18.1
CRYPTO_KENNEL_LONG_CON,GF-1070,GF-PRICE,SAME_PRICE_CURVE_FINGERPRINT,PRICE-0006,PRICE-0018,price_curve_fingerprint,curve-market-TOK-REEF,norm-v1,CURATED_APPROXIMATION,GRAPHFRAMES_EXACT_MATCH,false,SENIOR_V1_TO_CANONICAL_V1,APPROVED,Matching price curves require independent market comparison.,"[""PRICE-0006"",""PRICE-0018""]",SUPPORTING_EVIDENCE,"{""source_dataset"":""analytics/crypto_graphframes_exact_relationships.csv""}",2026.07.18.1
CRYPTO_KENNEL_LONG_CON,GF-1071,GF-PRICE,SAME_PRICE_CURVE_FINGERPRINT,PRICE-0007,PRICE-0019,price_curve_fingerprint,curve-benign-TOK-KENNELS,norm-v1,CURATED_APPROXIMATION,GRAPHFRAMES_EXACT_MATCH,false,SENIOR_V1_TO_CANONICAL_V1,APPROVED,Matching price curves require independent market comparison.,"[""PRICE-0007"",""PRICE-0019""]",SUPPORTING_EVIDENCE,"{""source_dataset"":""analytics/crypto_graphframes_exact_relationships.csv""}",2026.07.18.1
CRYPTO_KENNEL_LONG_CON,GF-1072,GF-PRICE,SAME_PRICE_CURVE_FINGERPRINT,PRICE-0008,PRICE-0020,price_curve_fingerprint,curve-benign-TOK-BONESTORE,norm-v1,CURATED_APPROXIMATION,GRAPHFRAMES_EXACT_MATCH,false,SENIOR_V1_TO_CANONICAL_V1,APPROVED,Matching price curves require independent market comparison.,"[""PRICE-0008"",""PRICE-0020""]",SUPPORTING_EVIDENCE,"{""source_dataset"":""analytics/crypto_graphframes_exact_relationships.csv""}",2026.07.18.1
CRYPTO_KENNEL_LONG_CON,GF-1073,GF-PRICE,SAME_PRICE_CURVE_FINGERPRINT,PRICE-0009,PRICE-0021,price_curve_fingerprint,curve-manipulated-09,norm-v1,CURATED_APPROXIMATION,GRAPHFRAMES_EXACT_MATCH,false,SENIOR_V1_TO_CANONICAL_V1,APPROVED,Matching price curves require independent market comparison.,"[""PRICE-0009"",""PRICE-0021""]",SUPPORTING_EVIDENCE,"{""source_dataset"":""analytics/crypto_graphframes_exact_relationships.csv""}",2026.07.18.1
CRYPTO_KENNEL_LONG_CON,GF-1074,GF-PRICE,SAME_PRICE_CURVE_FINGERPRINT,PRICE-0010,PRICE-0022,price_curve_fingerprint,curve-manipulated-10,norm-v1,CURATED_APPROXIMATION,GRAPHFRAMES_EXACT_MATCH,false,SENIOR_V1_TO_CANONICAL_V1,APPROVED,Matching price curves require independent market comparison.,"[""PRICE-0010"",""PRICE-0022""]",SUPPORTING_EVIDENCE,"{""source_dataset"":""analytics/crypto_graphframes_exact_relationships.csv""}",2026.07.18.1
CRYPTO_KENNEL_LONG_CON,GF-1075,GF-PRICE,SAME_PRICE_CURVE_FINGERPRINT,PRICE-0011,PRICE-0023,price_curve_fingerprint,curve-market-TOK-USDB,norm-v1,CURATED_APPROXIMATION,GRAPHFRAMES_EXACT_MATCH,false,SENIOR_V1_TO_CANONICAL_V1,APPROVED,Matching price curves require independent market comparison.,"[""PRICE-0011"",""PRICE-0023""]",SUPPORTING_EVIDENCE,"{""source_dataset"":""analytics/crypto_graphframes_exact_relationships.csv""}",2026.07.18.1
CRYPTO_KENNEL_LONG_CON,GF-1076,GF-PRICE,SAME_PRICE_CURVE_FINGERPRINT,PRICE-0012,PRICE-0024,price_curve_fingerprint,curve-market-TOK-PAW,norm-v1,CURATED_APPROXIMATION,GRAPHFRAMES_EXACT_MATCH,false,SENIOR_V1_TO_CANONICAL_V1,APPROVED,Matching price curves require independent market comparison.,"[""PRICE-0012"",""PRICE-0024""]",SUPPORTING_EVIDENCE,"{""source_dataset"":""analytics/crypto_graphframes_exact_relationships.csv""}",2026.07.18.1
CRYPTO_KENNEL_LONG_CON,GF-1077,GF-PRICE,SAME_PRICE_CURVE_FINGERPRINT,PRICE-0013,PRICE-0025,price_curve_fingerprint,curve-market-TOK-CLEAR,norm-v1,CURATED_APPROXIMATION,GRAPHFRAMES_EXACT_MATCH,false,SENIOR_V1_TO_CANONICAL_V1,APPROVED,Matching price curves require independent market comparison.,"[""PRICE-0013"",""PRICE-0025""]",SUPPORTING_EVIDENCE,"{""source_dataset"":""analytics/crypto_graphframes_exact_relationships.csv""}",2026.07.18.1
CRYPTO_KENNEL_LONG_CON,GF-1078,GF-PRICE,SAME_PRICE_CURVE_FINGERPRINT,PRICE-0014,PRICE-0026,price_curve_fingerprint,curve-market-TOK-REEF,norm-v1,CURATED_APPROXIMATION,GRAPHFRAMES_EXACT_MATCH,false,SENIOR_V1_TO_CANONICAL_V1,APPROVED,Matching price curves require independent market comparison.,"[""PRICE-0014"",""PRICE-0026""]",SUPPORTING_EVIDENCE,"{""source_dataset"":""analytics/crypto_graphframes_exact_relationships.csv""}",2026.07.18.1
CRYPTO_KENNEL_LONG_CON,GF-1079,GF-PRICE,SAME_PRICE_CURVE_FINGERPRINT,PRICE-0015,PRICE-0027,price_curve_fingerprint,curve-benign-TOK-KENNELS,norm-v1,CURATED_APPROXIMATION,GRAPHFRAMES_EXACT_MATCH,false,SENIOR_V1_TO_CANONICAL_V1,APPROVED,Matching price curves require independent market comparison.,"[""PRICE-0015"",""PRICE-0027""]",SUPPORTING_EVIDENCE,"{""source_dataset"":""analytics/crypto_graphframes_exact_relationships.csv""}",2026.07.18.1
CRYPTO_KENNEL_LONG_CON,GF-1080,GF-PRICE,SAME_PRICE_CURVE_FINGERPRINT,PRICE-0016,PRICE-0028,price_curve_fingerprint,curve-benign-TOK-BONESTORE,norm-v1,CURATED_APPROXIMATION,GRAPHFRAMES_EXACT_MATCH,false,SENIOR_V1_TO_CANONICAL_V1,APPROVED,Matching price curves require independent market comparison.,"[""PRICE-0016"",""PRICE-0028""]",SUPPORTING_EVIDENCE,"{""source_dataset"":""analytics/crypto_graphframes_exact_relationships.csv""}",2026.07.18.1
CRYPTO_KENNEL_LONG_CON,GF-1081,GF-PRICE,SAME_PRICE_CURVE_FINGERPRINT,PRICE-0017,PRICE-0029,price_curve_fingerprint,curve-manipulated-05,norm-v1,CURATED_APPROXIMATION,GRAPHFRAMES_EXACT_MATCH,false,SENIOR_V1_TO_CANONICAL_V1,APPROVED,Matching price curves require independent market comparison.,"[""PRICE-0017"",""PRICE-0029""]",SUPPORTING_EVIDENCE,"{""source_dataset"":""analytics/crypto_graphframes_exact_relationships.csv""}",2026.07.18.1
CRYPTO_KENNEL_LONG_CON,GF-1082,GF-PRICE,SAME_PRICE_CURVE_FINGERPRINT,PRICE-0018,PRICE-0030,price_curve_fingerprint,curve-manipulated-06,norm-v1,CURATED_APPROXIMATION,GRAPHFRAMES_EXACT_MATCH,false,SENIOR_V1_TO_CANONICAL_V1,APPROVED,Matching price curves require independent market comparison.,"[""PRICE-0018"",""PRICE-0030""]",SUPPORTING_EVIDENCE,"{""source_dataset"":""analytics/crypto_graphframes_exact_relationships.csv""}",2026.07.18.1
CRYPTO_KENNEL_LONG_CON,GF-1083,GF-PRICE,SAME_PRICE_CURVE_FINGERPRINT,PRICE-0019,PRICE-0031,price_curve_fingerprint,curve-market-TOK-USDB,norm-v1,CURATED_APPROXIMATION,GRAPHFRAMES_EXACT_MATCH,false,SENIOR_V1_TO_CANONICAL_V1,APPROVED,Matching price curves require independent market comparison.,"[""PRICE-0019"",""PRICE-0031""]",SUPPORTING_EVIDENCE,"{""source_dataset"":""analytics/crypto_graphframes_exact_relationships.csv""}",2026.07.18.1
CRYPTO_KENNEL_LONG_CON,GF-1084,GF-PRICE,SAME_PRICE_CURVE_FINGERPRINT,PRICE-0020,PRICE-0032,price_curve_fingerprint,curve-market-TOK-PAW,norm-v1,CURATED_APPROXIMATION,GRAPHFRAMES_EXACT_MATCH,false,SENIOR_V1_TO_CANONICAL_V1,APPROVED,Matching price curves require independent market comparison.,"[""PRICE-0020"",""PRICE-0032""]",SUPPORTING_EVIDENCE,"{""source_dataset"":""analytics/crypto_graphframes_exact_relationships.csv""}",2026.07.18.1
CRYPTO_KENNEL_LONG_CON,GF-1085,GF-PRICE,SAME_PRICE_CURVE_FINGERPRINT,PRICE-0021,PRICE-0033,price_curve_fingerprint,curve-market-TOK-CLEAR,norm-v1,CURATED_APPROXIMATION,GRAPHFRAMES_EXACT_MATCH,false,SENIOR_V1_TO_CANONICAL_V1,APPROVED,Matching price curves require independent market comparison.,"[""PRICE-0021"",""PRICE-0033""]",SUPPORTING_EVIDENCE,"{""source_dataset"":""analytics/crypto_graphframes_exact_relationships.csv""}",2026.07.18.1
CRYPTO_KENNEL_LONG_CON,GF-1086,GF-PRICE,SAME_PRICE_CURVE_FINGERPRINT,PRICE-0022,PRICE-0034,price_curve_fingerprint,curve-market-TOK-REEF,norm-v1,CURATED_APPROXIMATION,GRAPHFRAMES_EXACT_MATCH,false,SENIOR_V1_TO_CANONICAL_V1,APPROVED,Matching price curves require independent market comparison.,"[""PRICE-0022"",""PRICE-0034""]",SUPPORTING_EVIDENCE,"{""source_dataset"":""analytics/crypto_graphframes_exact_relationships.csv""}",2026.07.18.1
CRYPTO_KENNEL_LONG_CON,GF-1087,GF-PRICE,SAME_PRICE_CURVE_FINGERPRINT,PRICE-0023,PRICE-0035,price_curve_fingerprint,curve-benign-TOK-KENNELS,norm-v1,CURATED_APPROXIMATION,GRAPHFRAMES_EXACT_MATCH,false,SENIOR_V1_TO_CANONICAL_V1,APPROVED,Matching price curves require independent market comparison.,"[""PRICE-0023"",""PRICE-0035""]",SUPPORTING_EVIDENCE,"{""source_dataset"":""analytics/crypto_graphframes_exact_relationships.csv""}",2026.07.18.1
CRYPTO_KENNEL_LONG_CON,GF-1088,GF-PRICE,SAME_PRICE_CURVE_FINGERPRINT,PRICE-0024,PRICE-0036,price_curve_fingerprint,curve-benign-TOK-BONESTORE,norm-v1,CURATED_APPROXIMATION,GRAPHFRAMES_EXACT_MATCH,false,SENIOR_V1_TO_CANONICAL_V1,APPROVED,Matching price curves require independent market comparison.,"[""PRICE-0024"",""PRICE-0036""]",SUPPORTING_EVIDENCE,"{""source_dataset"":""analytics/crypto_graphframes_exact_relationships.csv""}",2026.07.18.1
CRYPTO_KENNEL_LONG_CON,GF-1089,GF-PRICE,SAME_PRICE_CURVE_FINGERPRINT,PRICE-0025,PRICE-0037,price_curve_fingerprint,curve-manipulated-01,norm-v1,CURATED_APPROXIMATION,GRAPHFRAMES_EXACT_MATCH,false,SENIOR_V1_TO_CANONICAL_V1,APPROVED,Matching price curves require independent market comparison.,"[""PRICE-0025"",""PRICE-0037""]",SUPPORTING_EVIDENCE,"{""source_dataset"":""analytics/crypto_graphframes_exact_relationships.csv""}",2026.07.18.1
CRYPTO_KENNEL_LONG_CON,GF-1090,GF-PRICE,SAME_PRICE_CURVE_FINGERPRINT,PRICE-0026,PRICE-0038,price_curve_fingerprint,curve-manipulated-02,norm-v1,CURATED_APPROXIMATION,GRAPHFRAMES_EXACT_MATCH,false,SENIOR_V1_TO_CANONICAL_V1,APPROVED,Matching price curves require independent market comparison.,"[""PRICE-0026"",""PRICE-0038""]",SUPPORTING_EVIDENCE,"{""source_dataset"":""analytics/crypto_graphframes_exact_relationships.csv""}",2026.07.18.1
CRYPTO_KENNEL_LONG_CON,GF-1091,GF-PRICE,SAME_PRICE_CURVE_FINGERPRINT,PRICE-0027,PRICE-0039,price_curve_fingerprint,curve-market-TOK-USDB,norm-v1,CURATED_APPROXIMATION,GRAPHFRAMES_EXACT_MATCH,false,SENIOR_V1_TO_CANONICAL_V1,APPROVED,Matching price curves require independent market comparison.,"[""PRICE-0027"",""PRICE-0039""]",SUPPORTING_EVIDENCE,"{""source_dataset"":""analytics/crypto_graphframes_exact_relationships.csv""}",2026.07.18.1
CRYPTO_KENNEL_LONG_CON,GF-1092,GF-PRICE,SAME_PRICE_CURVE_FINGERPRINT,PRICE-0028,PRICE-0040,price_curve_fingerprint,curve-market-TOK-PAW,norm-v1,CURATED_APPROXIMATION,GRAPHFRAMES_EXACT_MATCH,false,SENIOR_V1_TO_CANONICAL_V1,APPROVED,Matching price curves require independent market comparison.,"[""PRICE-0028"",""PRICE-0040""]",SUPPORTING_EVIDENCE,"{""source_dataset"":""analytics/crypto_graphframes_exact_relationships.csv""}",2026.07.18.1
CRYPTO_KENNEL_LONG_CON,GF-1093,GF-PRICE,SAME_PRICE_CURVE_FINGERPRINT,PRICE-0029,PRICE-0041,price_curve_fingerprint,curve-market-TOK-CLEAR,norm-v1,CURATED_APPROXIMATION,GRAPHFRAMES_EXACT_MATCH,false,SENIOR_V1_TO_CANONICAL_V1,APPROVED,Matching price curves require independent market comparison.,"[""PRICE-0029"",""PRICE-0041""]",SUPPORTING_EVIDENCE,"{""source_dataset"":""analytics/crypto_graphframes_exact_relationships.csv""}",2026.07.18.1
CRYPTO_KENNEL_LONG_CON,GF-1094,GF-PRICE,SAME_PRICE_CURVE_FINGERPRINT,PRICE-0030,PRICE-0042,price_curve_fingerprint,curve-market-TOK-REEF,norm-v1,CURATED_APPROXIMATION,GRAPHFRAMES_EXACT_MATCH,false,SENIOR_V1_TO_CANONICAL_V1,APPROVED,Matching price curves require independent market comparison.,"[""PRICE-0030"",""PRICE-0042""]",SUPPORTING_EVIDENCE,"{""source_dataset"":""analytics/crypto_graphframes_exact_relationships.csv""}",2026.07.18.1
CRYPTO_KENNEL_LONG_CON,GF-1095,GF-PRICE,SAME_PRICE_CURVE_FINGERPRINT,PRICE-0031,PRICE-0043,price_curve_fingerprint,curve-benign-TOK-KENNELS,norm-v1,CURATED_APPROXIMATION,GRAPHFRAMES_EXACT_MATCH,false,SENIOR_V1_TO_CANONICAL_V1,APPROVED,Matching price curves require independent market comparison.,"[""PRICE-0031"",""PRICE-0043""]",SUPPORTING_EVIDENCE,"{""source_dataset"":""analytics/crypto_graphframes_exact_relationships.csv""}",2026.07.18.1
CRYPTO_KENNEL_LONG_CON,GF-1096,GF-PRICE,SAME_PRICE_CURVE_FINGERPRINT,PRICE-0032,PRICE-0044,price_curve_fingerprint,curve-benign-TOK-BONESTORE,norm-v1,CURATED_APPROXIMATION,GRAPHFRAMES_EXACT_MATCH,false,SENIOR_V1_TO_CANONICAL_V1,APPROVED,Matching price curves require independent market comparison.,"[""PRICE-0032"",""PRICE-0044""]",SUPPORTING_EVIDENCE,"{""source_dataset"":""analytics/crypto_graphframes_exact_relationships.csv""}",2026.07.18.1
CRYPTO_KENNEL_LONG_CON,GF-1097,GF-PRICE,SAME_PRICE_CURVE_FINGERPRINT,PRICE-0033,PRICE-0045,price_curve_fingerprint,curve-manipulated-09,norm-v1,CURATED_APPROXIMATION,GRAPHFRAMES_EXACT_MATCH,false,SENIOR_V1_TO_CANONICAL_V1,APPROVED,Matching price curves require independent market comparison.,"[""PRICE-0033"",""PRICE-0045""]",SUPPORTING_EVIDENCE,"{""source_dataset"":""analytics/crypto_graphframes_exact_relationships.csv""}",2026.07.18.1
CRYPTO_KENNEL_LONG_CON,GF-1098,GF-PRICE,SAME_PRICE_CURVE_FINGERPRINT,PRICE-0034,PRICE-0046,price_curve_fingerprint,curve-manipulated-10,norm-v1,CURATED_APPROXIMATION,GRAPHFRAMES_EXACT_MATCH,false,SENIOR_V1_TO_CANONICAL_V1,APPROVED,Matching price curves require independent market comparison.,"[""PRICE-0034"",""PRICE-0046""]",SUPPORTING_EVIDENCE,"{""source_dataset"":""analytics/crypto_graphframes_exact_relationships.csv""}",2026.07.18.1
CRYPTO_KENNEL_LONG_CON,GF-1099,GF-PRICE,SAME_PRICE_CURVE_FINGERPRINT,PRICE-0035,PRICE-0047,price_curve_fingerprint,curve-market-TOK-USDB,norm-v1,CURATED_APPROXIMATION,GRAPHFRAMES_EXACT_MATCH,false,SENIOR_V1_TO_CANONICAL_V1,APPROVED,Matching price curves require independent market comparison.,"[""PRICE-0035"",""PRICE-0047""]",SUPPORTING_EVIDENCE,"{""source_dataset"":""analytics/crypto_graphframes_exact_relationships.csv""}",2026.07.18.1
CRYPTO_KENNEL_LONG_CON,GF-1100,GF-PRICE,SAME_PRICE_CURVE_FINGERPRINT,PRICE-0036,PRICE-0048,price_curve_fingerprint,curve-market-TOK-PAW,norm-v1,CURATED_APPROXIMATION,GRAPHFRAMES_EXACT_MATCH,false,SENIOR_V1_TO_CANONICAL_V1,APPROVED,Matching price curves require independent market comparison.,"[""PRICE-0036"",""PRICE-0048""]",SUPPORTING_EVIDENCE,"{""source_dataset"":""analytics/crypto_graphframes_exact_relationships.csv""}",2026.07.18.1
CRYPTO_KENNEL_LONG_CON,GF-1101,GF-PRICE,SAME_PRICE_CURVE_FINGERPRINT,PRICE-0037,PRICE-0049,price_curve_fingerprint,curve-market-TOK-CLEAR,norm-v1,CURATED_APPROXIMATION,GRAPHFRAMES_EXACT_MATCH,false,SENIOR_V1_TO_CANONICAL_V1,APPROVED,Matching price curves require independent market comparison.,"[""PRICE-0037"",""PRICE-0049""]",SUPPORTING_EVIDENCE,"{""source_dataset"":""analytics/crypto_graphframes_exact_relationships.csv""}",2026.07.18.1
CRYPTO_KENNEL_LONG_CON,GF-1102,GF-PRICE,SAME_PRICE_CURVE_FINGERPRINT,PRICE-0038,PRICE-0050,price_curve_fingerprint,curve-market-TOK-REEF,norm-v1,CURATED_APPROXIMATION,GRAPHFRAMES_EXACT_MATCH,false,SENIOR_V1_TO_CANONICAL_V1,APPROVED,Matching price curves require independent market comparison.,"[""PRICE-0038"",""PRICE-0050""]",SUPPORTING_EVIDENCE,"{""source_dataset"":""analytics/crypto_graphframes_exact_relationships.csv""}",2026.07.18.1
CRYPTO_KENNEL_LONG_CON,GF-1103,GF-PRICE,SAME_PRICE_CURVE_FINGERPRINT,PRICE-0039,PRICE-0051,price_curve_fingerprint,curve-benign-TOK-KENNELS,norm-v1,CURATED_APPROXIMATION,GRAPHFRAMES_EXACT_MATCH,false,SENIOR_V1_TO_CANONICAL_V1,APPROVED,Matching price curves require independent market comparison.,"[""PRICE-0039"",""PRICE-0051""]",SUPPORTING_EVIDENCE,"{""source_dataset"":""analytics/crypto_graphframes_exact_relationships.csv""}",2026.07.18.1
CRYPTO_KENNEL_LONG_CON,GF-1104,GF-PRICE,SAME_PRICE_CURVE_FINGERPRINT,PRICE-0040,PRICE-0052,price_curve_fingerprint,curve-benign-TOK-BONESTORE,norm-v1,CURATED_APPROXIMATION,GRAPHFRAMES_EXACT_MATCH,false,SENIOR_V1_TO_CANONICAL_V1,APPROVED,Matching price curves require independent market comparison.,"[""PRICE-0040"",""PRICE-0052""]",SUPPORTING_EVIDENCE,"{""source_dataset"":""analytics/crypto_graphframes_exact_relationships.csv""}",2026.07.18.1
CRYPTO_KENNEL_LONG_CON,GF-1105,GF-PRICE,SAME_PRICE_CURVE_FINGERPRINT,PRICE-0041,PRICE-0053,price_curve_fingerprint,curve-manipulated-05,norm-v1,CURATED_APPROXIMATION,GRAPHFRAMES_EXACT_MATCH,false,SENIOR_V1_TO_CANONICAL_V1,APPROVED,Matching price curves require independent market comparison.,"[""PRICE-0041"",""PRICE-0053""]",SUPPORTING_EVIDENCE,"{""source_dataset"":""analytics/crypto_graphframes_exact_relationships.csv""}",2026.07.18.1
CRYPTO_KENNEL_LONG_CON,GF-1106,GF-PRICE,SAME_PRICE_CURVE_FINGERPRINT,PRICE-0042,PRICE-0054,price_curve_fingerprint,curve-manipulated-06,norm-v1,CURATED_APPROXIMATION,GRAPHFRAMES_EXACT_MATCH,false,SENIOR_V1_TO_CANONICAL_V1,APPROVED,Matching price curves require independent market comparison.,"[""PRICE-0042"",""PRICE-0054""]",SUPPORTING_EVIDENCE,"{""source_dataset"":""analytics/crypto_graphframes_exact_relationships.csv""}",2026.07.18.1
CRYPTO_KENNEL_LONG_CON,GF-1107,GF-PRICE,SAME_PRICE_CURVE_FINGERPRINT,PRICE-0043,PRICE-0055,price_curve_fingerprint,curve-market-TOK-USDB,norm-v1,CURATED_APPROXIMATION,GRAPHFRAMES_EXACT_MATCH,false,SENIOR_V1_TO_CANONICAL_V1,APPROVED,Matching price curves require independent market comparison.,"[""PRICE-0043"",""PRICE-0055""]",SUPPORTING_EVIDENCE,"{""source_dataset"":""analytics/crypto_graphframes_exact_relationships.csv""}",2026.07.18.1
CRYPTO_KENNEL_LONG_CON,GF-1108,GF-PRICE,SAME_PRICE_CURVE_FINGERPRINT,PRICE-0044,PRICE-0056,price_curve_fingerprint,curve-market-TOK-PAW,norm-v1,CURATED_APPROXIMATION,GRAPHFRAMES_EXACT_MATCH,false,SENIOR_V1_TO_CANONICAL_V1,APPROVED,Matching price curves require independent market comparison.,"[""PRICE-0044"",""PRICE-0056""]",SUPPORTING_EVIDENCE,"{""source_dataset"":""analytics/crypto_graphframes_exact_relationships.csv""}",2026.07.18.1
CRYPTO_KENNEL_LONG_CON,GF-1109,GF-PRICE,SAME_PRICE_CURVE_FINGERPRINT,PRICE-0045,PRICE-0057,price_curve_fingerprint,curve-market-TOK-CLEAR,norm-v1,CURATED_APPROXIMATION,GRAPHFRAMES_EXACT_MATCH,false,SENIOR_V1_TO_CANONICAL_V1,APPROVED,Matching price curves require independent market comparison.,"[""PRICE-0045"",""PRICE-0057""]",SUPPORTING_EVIDENCE,"{""source_dataset"":""analytics/crypto_graphframes_exact_relationships.csv""}",2026.07.18.1
CRYPTO_KENNEL_LONG_CON,GF-1110,GF-PRICE,SAME_PRICE_CURVE_FINGERPRINT,PRICE-0046,PRICE-0058,price_curve_fingerprint,curve-market-TOK-REEF,norm-v1,CURATED_APPROXIMATION,GRAPHFRAMES_EXACT_MATCH,false,SENIOR_V1_TO_CANONICAL_V1,APPROVED,Matching price curves require independent market comparison.,"[""PRICE-0046"",""PRICE-0058""]",SUPPORTING_EVIDENCE,"{""source_dataset"":""analytics/crypto_graphframes_exact_relationships.csv""}",2026.07.18.1
CRYPTO_KENNEL_LONG_CON,GF-1111,GF-PRICE,SAME_PRICE_CURVE_FINGERPRINT,PRICE-0047,PRICE-0059,price_curve_fingerprint,curve-benign-TOK-KENNELS,norm-v1,CURATED_APPROXIMATION,GRAPHFRAMES_EXACT_MATCH,false,SENIOR_V1_TO_CANONICAL_V1,APPROVED,Matching price curves require independent market comparison.,"[""PRICE-0047"",""PRICE-0059""]",SUPPORTING_EVIDENCE,"{""source_dataset"":""analytics/crypto_graphframes_exact_relationships.csv""}",2026.07.18.1
CRYPTO_KENNEL_LONG_CON,GF-1112,GF-PRICE,SAME_PRICE_CURVE_FINGERPRINT,PRICE-0048,PRICE-0060,price_curve_fingerprint,curve-benign-TOK-BONESTORE,norm-v1,CURATED_APPROXIMATION,GRAPHFRAMES_EXACT_MATCH,false,SENIOR_V1_TO_CANONICAL_V1,APPROVED,Matching price curves require independent market comparison.,"[""PRICE-0048"",""PRICE-0060""]",SUPPORTING_EVIDENCE,"{""source_dataset"":""analytics/crypto_graphframes_exact_relationships.csv""}",2026.07.18.1
CRYPTO_KENNEL_LONG_CON,GF-1113,GF-PRICE,SAME_PRICE_CURVE_FINGERPRINT,PRICE-0049,PRICE-0061,price_curve_fingerprint,curve-manipulated-01,norm-v1,CURATED_APPROXIMATION,GRAPHFRAMES_EXACT_MATCH,false,SENIOR_V1_TO_CANONICAL_V1,APPROVED,Matching price curves require independent market comparison.,"[""PRICE-0049"",""PRICE-0061""]",SUPPORTING_EVIDENCE,"{""source_dataset"":""analytics/crypto_graphframes_exact_relationships.csv""}",2026.07.18.1
CRYPTO_KENNEL_LONG_CON,GF-1114,GF-PRICE,SAME_PRICE_CURVE_FINGERPRINT,PRICE-0050,PRICE-0062,price_curve_fingerprint,curve-manipulated-02,norm-v1,CURATED_APPROXIMATION,GRAPHFRAMES_EXACT_MATCH,false,SENIOR_V1_TO_CANONICAL_V1,APPROVED,Matching price curves require independent market comparison.,"[""PRICE-0050"",""PRICE-0062""]",SUPPORTING_EVIDENCE,"{""source_dataset"":""analytics/crypto_graphframes_exact_relationships.csv""}",2026.07.18.1
CRYPTO_KENNEL_LONG_CON,GF-1115,GF-PRICE,SAME_PRICE_CURVE_FINGERPRINT,PRICE-0051,PRICE-0063,price_curve_fingerprint,curve-market-TOK-USDB,norm-v1,CURATED_APPROXIMATION,GRAPHFRAMES_EXACT_MATCH,false,SENIOR_V1_TO_CANONICAL_V1,APPROVED,Matching price curves require independent market comparison.,"[""PRICE-0051"",""PRICE-0063""]",SUPPORTING_EVIDENCE,"{""source_dataset"":""analytics/crypto_graphframes_exact_relationships.csv""}",2026.07.18.1
CRYPTO_KENNEL_LONG_CON,GF-1116,GF-PRICE,SAME_PRICE_CURVE_FINGERPRINT,PRICE-0052,PRICE-0064,price_curve_fingerprint,curve-market-TOK-PAW,norm-v1,CURATED_APPROXIMATION,GRAPHFRAMES_EXACT_MATCH,false,SENIOR_V1_TO_CANONICAL_V1,APPROVED,Matching price curves require independent market comparison.,"[""PRICE-0052"",""PRICE-0064""]",SUPPORTING_EVIDENCE,"{""source_dataset"":""analytics/crypto_graphframes_exact_relationships.csv""}",2026.07.18.1
CRYPTO_KENNEL_LONG_CON,GF-1117,GF-PRICE,SAME_PRICE_CURVE_FINGERPRINT,PRICE-0053,PRICE-0065,price_curve_fingerprint,curve-market-TOK-CLEAR,norm-v1,CURATED_APPROXIMATION,GRAPHFRAMES_EXACT_MATCH,false,SENIOR_V1_TO_CANONICAL_V1,APPROVED,Matching price curves require independent market comparison.,"[""PRICE-0053"",""PRICE-0065""]",SUPPORTING_EVIDENCE,"{""source_dataset"":""analytics/crypto_graphframes_exact_relationships.csv""}",2026.07.18.1
CRYPTO_KENNEL_LONG_CON,GF-1118,GF-PRICE,SAME_PRICE_CURVE_FINGERPRINT,PRICE-0054,PRICE-0066,price_curve_fingerprint,curve-market-TOK-REEF,norm-v1,CURATED_APPROXIMATION,GRAPHFRAMES_EXACT_MATCH,false,SENIOR_V1_TO_CANONICAL_V1,APPROVED,Matching price curves require independent market comparison.,"[""PRICE-0054"",""PRICE-0066""]",SUPPORTING_EVIDENCE,"{""source_dataset"":""analytics/crypto_graphframes_exact_relationships.csv""}",2026.07.18.1
CRYPTO_KENNEL_LONG_CON,GF-1119,GF-PRICE,SAME_PRICE_CURVE_FINGERPRINT,PRICE-0055,PRICE-0067,price_curve_fingerprint,curve-benign-TOK-KENNELS,norm-v1,CURATED_APPROXIMATION,GRAPHFRAMES_EXACT_MATCH,false,SENIOR_V1_TO_CANONICAL_V1,APPROVED,Matching price curves require independent market comparison.,"[""PRICE-0055"",""PRICE-0067""]",SUPPORTING_EVIDENCE,"{""source_dataset"":""analytics/crypto_graphframes_exact_relationships.csv""}",2026.07.18.1
CRYPTO_KENNEL_LONG_CON,GF-1120,GF-PRICE,SAME_PRICE_CURVE_FINGERPRINT,PRICE-0056,PRICE-0068,price_curve_fingerprint,curve-benign-TOK-BONESTORE,norm-v1,CURATED_APPROXIMATION,GRAPHFRAMES_EXACT_MATCH,false,SENIOR_V1_TO_CANONICAL_V1,APPROVED,Matching price curves require independent market comparison.,"[""PRICE-0056"",""PRICE-0068""]",SUPPORTING_EVIDENCE,"{""source_dataset"":""analytics/crypto_graphframes_exact_relationships.csv""}",2026.07.18.1
CRYPTO_KENNEL_LONG_CON,GF-1121,GF-PRICE,SAME_PRICE_CURVE_FINGERPRINT,PRICE-0057,PRICE-0069,price_curve_fingerprint,curve-manipulated-09,norm-v1,CURATED_APPROXIMATION,GRAPHFRAMES_EXACT_MATCH,false,SENIOR_V1_TO_CANONICAL_V1,APPROVED,Matching price curves require independent market comparison.,"[""PRICE-0057"",""PRICE-0069""]",SUPPORTING_EVIDENCE,"{""source_dataset"":""analytics/crypto_graphframes_exact_relationships.csv""}",2026.07.18.1
CRYPTO_KENNEL_LONG_CON,GF-1122,GF-PRICE,SAME_PRICE_CURVE_FINGERPRINT,PRICE-0058,PRICE-0070,price_curve_fingerprint,curve-manipulated-10,norm-v1,CURATED_APPROXIMATION,GRAPHFRAMES_EXACT_MATCH,false,SENIOR_V1_TO_CANONICAL_V1,APPROVED,Matching price curves require independent market comparison.,"[""PRICE-0058"",""PRICE-0070""]",SUPPORTING_EVIDENCE,"{""source_dataset"":""analytics/crypto_graphframes_exact_relationships.csv""}",2026.07.18.1
CRYPTO_KENNEL_LONG_CON,GF-1123,GF-PRICE,SAME_PRICE_CURVE_FINGERPRINT,PRICE-0059,PRICE-0071,price_curve_fingerprint,curve-market-TOK-USDB,norm-v1,CURATED_APPROXIMATION,GRAPHFRAMES_EXACT_MATCH,false,SENIOR_V1_TO_CANONICAL_V1,APPROVED,Matching price curves require independent market comparison.,"[""PRICE-0059"",""PRICE-0071""]",SUPPORTING_EVIDENCE,"{""source_dataset"":""analytics/crypto_graphframes_exact_relationships.csv""}",2026.07.18.1
CRYPTO_KENNEL_LONG_CON,GF-1124,GF-PRICE,SAME_PRICE_CURVE_FINGERPRINT,PRICE-0060,PRICE-0072,price_curve_fingerprint,curve-market-TOK-PAW,norm-v1,CURATED_APPROXIMATION,GRAPHFRAMES_EXACT_MATCH,false,SENIOR_V1_TO_CANONICAL_V1,APPROVED,Matching price curves require independent market comparison.,"[""PRICE-0060"",""PRICE-0072""]",SUPPORTING_EVIDENCE,"{""source_dataset"":""analytics/crypto_graphframes_exact_relationships.csv""}",2026.07.18.1
CRYPTO_KENNEL_LONG_CON,GF-1125,GF-PRICE,SAME_PRICE_CURVE_FINGERPRINT,PRICE-0061,PRICE-0073,price_curve_fingerprint,curve-market-TOK-CLEAR,norm-v1,CURATED_APPROXIMATION,GRAPHFRAMES_EXACT_MATCH,false,SENIOR_V1_TO_CANONICAL_V1,APPROVED,Matching price curves require independent market comparison.,"[""PRICE-0061"",""PRICE-0073""]",SUPPORTING_EVIDENCE,"{""source_dataset"":""analytics/crypto_graphframes_exact_relationships.csv""}",2026.07.18.1
CRYPTO_KENNEL_LONG_CON,GF-1126,GF-PRICE,SAME_PRICE_CURVE_FINGERPRINT,PRICE-0062,PRICE-0074,price_curve_fingerprint,curve-market-TOK-REEF,norm-v1,CURATED_APPROXIMATION,GRAPHFRAMES_EXACT_MATCH,false,SENIOR_V1_TO_CANONICAL_V1,APPROVED,Matching price curves require independent market comparison.,"[""PRICE-0062"",""PRICE-0074""]",SUPPORTING_EVIDENCE,"{""source_dataset"":""analytics/crypto_graphframes_exact_relationships.csv""}",2026.07.18.1
CRYPTO_KENNEL_LONG_CON,GF-1127,GF-PRICE,SAME_PRICE_CURVE_FINGERPRINT,PRICE-0063,PRICE-0075,price_curve_fingerprint,curve-benign-TOK-KENNELS,norm-v1,CURATED_APPROXIMATION,GRAPHFRAMES_EXACT_MATCH,false,SENIOR_V1_TO_CANONICAL_V1,APPROVED,Matching price curves require independent market comparison.,"[""PRICE-0063"",""PRICE-0075""]",SUPPORTING_EVIDENCE,"{""source_dataset"":""analytics/crypto_graphframes_exact_relationships.csv""}",2026.07.18.1
CRYPTO_KENNEL_LONG_CON,GF-1128,GF-PRICE,SAME_PRICE_CURVE_FINGERPRINT,PRICE-0064,PRICE-0076,price_curve_fingerprint,curve-benign-TOK-BONESTORE,norm-v1,CURATED_APPROXIMATION,GRAPHFRAMES_EXACT_MATCH,false,SENIOR_V1_TO_CANONICAL_V1,APPROVED,Matching price curves require independent market comparison.,"[""PRICE-0064"",""PRICE-0076""]",SUPPORTING_EVIDENCE,"{""source_dataset"":""analytics/crypto_graphframes_exact_relationships.csv""}",2026.07.18.1
CRYPTO_KENNEL_LONG_CON,GF-1129,GF-PRICE,SAME_PRICE_CURVE_FINGERPRINT,PRICE-0065,PRICE-0077,price_curve_fingerprint,curve-manipulated-05,norm-v1,CURATED_APPROXIMATION,GRAPHFRAMES_EXACT_MATCH,false,SENIOR_V1_TO_CANONICAL_V1,APPROVED,Matching price curves require independent market comparison.,"[""PRICE-0065"",""PRICE-0077""]",SUPPORTING_EVIDENCE,"{""source_dataset"":""analytics/crypto_graphframes_exact_relationships.csv""}",2026.07.18.1
CRYPTO_KENNEL_LONG_CON,GF-1130,GF-PRICE,SAME_PRICE_CURVE_FINGERPRINT,PRICE-0066,PRICE-0078,price_curve_fingerprint,curve-manipulated-06,norm-v1,CURATED_APPROXIMATION,GRAPHFRAMES_EXACT_MATCH,false,SENIOR_V1_TO_CANONICAL_V1,APPROVED,Matching price curves require independent market comparison.,"[""PRICE-0066"",""PRICE-0078""]",SUPPORTING_EVIDENCE,"{""source_dataset"":""analytics/crypto_graphframes_exact_relationships.csv""}",2026.07.18.1
CRYPTO_KENNEL_LONG_CON,GF-1131,GF-PRICE,SAME_PRICE_CURVE_FINGERPRINT,PRICE-0067,PRICE-0079,price_curve_fingerprint,curve-market-TOK-USDB,norm-v1,CURATED_APPROXIMATION,GRAPHFRAMES_EXACT_MATCH,false,SENIOR_V1_TO_CANONICAL_V1,APPROVED,Matching price curves require independent market comparison.,"[""PRICE-0067"",""PRICE-0079""]",SUPPORTING_EVIDENCE,"{""source_dataset"":""analytics/crypto_graphframes_exact_relationships.csv""}",2026.07.18.1
CRYPTO_KENNEL_LONG_CON,GF-1132,GF-PRICE,SAME_PRICE_CURVE_FINGERPRINT,PRICE-0068,PRICE-0080,price_curve_fingerprint,curve-market-TOK-PAW,norm-v1,CURATED_APPROXIMATION,GRAPHFRAMES_EXACT_MATCH,false,SENIOR_V1_TO_CANONICAL_V1,APPROVED,Matching price curves require independent market comparison.,"[""PRICE-0068"",""PRICE-0080""]",SUPPORTING_EVIDENCE,"{""source_dataset"":""analytics/crypto_graphframes_exact_relationships.csv""}",2026.07.18.1
CRYPTO_KENNEL_LONG_CON,GF-1133,GF-PRICE,SAME_PRICE_CURVE_FINGERPRINT,PRICE-0069,PRICE-0081,price_curve_fingerprint,curve-market-TOK-CLEAR,norm-v1,CURATED_APPROXIMATION,GRAPHFRAMES_EXACT_MATCH,false,SENIOR_V1_TO_CANONICAL_V1,APPROVED,Matching price curves require independent market comparison.,"[""PRICE-0069"",""PRICE-0081""]",SUPPORTING_EVIDENCE,"{""source_dataset"":""analytics/crypto_graphframes_exact_relationships.csv""}",2026.07.18.1
CRYPTO_KENNEL_LONG_CON,GF-1134,GF-PRICE,SAME_PRICE_CURVE_FINGERPRINT,PRICE-0070,PRICE-0082,price_curve_fingerprint,curve-market-TOK-REEF,norm-v1,CURATED_APPROXIMATION,GRAPHFRAMES_EXACT_MATCH,false,SENIOR_V1_TO_CANONICAL_V1,APPROVED,Matching price curves require independent market comparison.,"[""PRICE-0070"",""PRICE-0082""]",SUPPORTING_EVIDENCE,"{""source_dataset"":""analytics/crypto_graphframes_exact_relationships.csv""}",2026.07.18.1
CRYPTO_KENNEL_LONG_CON,GF-1135,GF-PRICE,SAME_PRICE_CURVE_FINGERPRINT,PRICE-0071,PRICE-0083,price_curve_fingerprint,curve-benign-TOK-KENNELS,norm-v1,CURATED_APPROXIMATION,GRAPHFRAMES_EXACT_MATCH,false,SENIOR_V1_TO_CANONICAL_V1,APPROVED,Matching price curves require independent market comparison.,"[""PRICE-0071"",""PRICE-0083""]",SUPPORTING_EVIDENCE,"{""source_dataset"":""analytics/crypto_graphframes_exact_relationships.csv""}",2026.07.18.1
CRYPTO_KENNEL_LONG_CON,GF-1136,GF-PRICE,SAME_PRICE_CURVE_FINGERPRINT,PRICE-0072,PRICE-0084,price_curve_fingerprint,curve-benign-TOK-BONESTORE,norm-v1,CURATED_APPROXIMATION,GRAPHFRAMES_EXACT_MATCH,false,SENIOR_V1_TO_CANONICAL_V1,APPROVED,Matching price curves require independent market comparison.,"[""PRICE-0072"",""PRICE-0084""]",SUPPORTING_EVIDENCE,"{""source_dataset"":""analytics/crypto_graphframes_exact_relationships.csv""}",2026.07.18.1
CRYPTO_KENNEL_LONG_CON,GF-1137,GF-PRICE,SAME_PRICE_CURVE_FINGERPRINT,PRICE-0073,PRICE-0085,price_curve_fingerprint,curve-manipulated-01,norm-v1,CURATED_APPROXIMATION,GRAPHFRAMES_EXACT_MATCH,false,SENIOR_V1_TO_CANONICAL_V1,APPROVED,Matching price curves require independent market comparison.,"[""PRICE-0073"",""PRICE-0085""]",SUPPORTING_EVIDENCE,"{""source_dataset"":""analytics/crypto_graphframes_exact_relationships.csv""}",2026.07.18.1
CRYPTO_KENNEL_LONG_CON,GF-1138,GF-PRICE,SAME_PRICE_CURVE_FINGERPRINT,PRICE-0074,PRICE-0086,price_curve_fingerprint,curve-manipulated-02,norm-v1,CURATED_APPROXIMATION,GRAPHFRAMES_EXACT_MATCH,false,SENIOR_V1_TO_CANONICAL_V1,APPROVED,Matching price curves require independent market comparison.,"[""PRICE-0074"",""PRICE-0086""]",SUPPORTING_EVIDENCE,"{""source_dataset"":""analytics/crypto_graphframes_exact_relationships.csv""}",2026.07.18.1
CRYPTO_KENNEL_LONG_CON,GF-1139,GF-PRICE,SAME_PRICE_CURVE_FINGERPRINT,PRICE-0075,PRICE-0087,price_curve_fingerprint,curve-market-TOK-USDB,norm-v1,CURATED_APPROXIMATION,GRAPHFRAMES_EXACT_MATCH,false,SENIOR_V1_TO_CANONICAL_V1,APPROVED,Matching price curves require independent market comparison.,"[""PRICE-0075"",""PRICE-0087""]",SUPPORTING_EVIDENCE,"{""source_dataset"":""analytics/crypto_graphframes_exact_relationships.csv""}",2026.07.18.1
CRYPTO_KENNEL_LONG_CON,GF-1140,GF-PRICE,SAME_PRICE_CURVE_FINGERPRINT,PRICE-0076,PRICE-0088,price_curve_fingerprint,curve-market-TOK-PAW,norm-v1,CURATED_APPROXIMATION,GRAPHFRAMES_EXACT_MATCH,false,SENIOR_V1_TO_CANONICAL_V1,APPROVED,Matching price curves require independent market comparison.,"[""PRICE-0076"",""PRICE-0088""]",SUPPORTING_EVIDENCE,"{""source_dataset"":""analytics/crypto_graphframes_exact_relationships.csv""}",2026.07.18.1
CRYPTO_KENNEL_LONG_CON,GF-1141,GF-PRICE,SAME_PRICE_CURVE_FINGERPRINT,PRICE-0077,PRICE-0089,price_curve_fingerprint,curve-market-TOK-CLEAR,norm-v1,CURATED_APPROXIMATION,GRAPHFRAMES_EXACT_MATCH,false,SENIOR_V1_TO_CANONICAL_V1,APPROVED,Matching price curves require independent market comparison.,"[""PRICE-0077"",""PRICE-0089""]",SUPPORTING_EVIDENCE,"{""source_dataset"":""analytics/crypto_graphframes_exact_relationships.csv""}",2026.07.18.1
CRYPTO_KENNEL_LONG_CON,GF-1142,GF-PRICE,SAME_PRICE_CURVE_FINGERPRINT,PRICE-0078,PRICE-0090,price_curve_fingerprint,curve-market-TOK-REEF,norm-v1,CURATED_APPROXIMATION,GRAPHFRAMES_EXACT_MATCH,false,SENIOR_V1_TO_CANONICAL_V1,APPROVED,Matching price curves require independent market comparison.,"[""PRICE-0078"",""PRICE-0090""]",SUPPORTING_EVIDENCE,"{""source_dataset"":""analytics/crypto_graphframes_exact_relationships.csv""}",2026.07.18.1
CRYPTO_KENNEL_LONG_CON,GF-1143,GF-PRICE,SAME_PRICE_CURVE_FINGERPRINT,PRICE-0079,PRICE-0091,price_curve_fingerprint,curve-benign-TOK-KENNELS,norm-v1,CURATED_APPROXIMATION,GRAPHFRAMES_EXACT_MATCH,false,SENIOR_V1_TO_CANONICAL_V1,APPROVED,Matching price curves require independent market comparison.,"[""PRICE-0079"",""PRICE-0091""]",SUPPORTING_EVIDENCE,"{""source_dataset"":""analytics/crypto_graphframes_exact_relationships.csv""}",2026.07.18.1
CRYPTO_KENNEL_LONG_CON,GF-1144,GF-PRICE,SAME_PRICE_CURVE_FINGERPRINT,PRICE-0080,PRICE-0092,price_curve_fingerprint,curve-benign-TOK-BONESTORE,norm-v1,CURATED_APPROXIMATION,GRAPHFRAMES_EXACT_MATCH,false,SENIOR_V1_TO_CANONICAL_V1,APPROVED,Matching price curves require independent market comparison.,"[""PRICE-0080"",""PRICE-0092""]",SUPPORTING_EVIDENCE,"{""source_dataset"":""analytics/crypto_graphframes_exact_relationships.csv""}",2026.07.18.1
CRYPTO_KENNEL_LONG_CON,GF-1145,GF-PRICE,SAME_PRICE_CURVE_FINGERPRINT,PRICE-0081,PRICE-0093,price_curve_fingerprint,curve-manipulated-09,norm-v1,CURATED_APPROXIMATION,GRAPHFRAMES_EXACT_MATCH,false,SENIOR_V1_TO_CANONICAL_V1,APPROVED,Matching price curves require independent market comparison.,"[""PRICE-0081"",""PRICE-0093""]",SUPPORTING_EVIDENCE,"{""source_dataset"":""analytics/crypto_graphframes_exact_relationships.csv""}",2026.07.18.1
CRYPTO_KENNEL_LONG_CON,GF-1146,GF-PRICE,SAME_PRICE_CURVE_FINGERPRINT,PRICE-0082,PRICE-0094,price_curve_fingerprint,curve-manipulated-10,norm-v1,CURATED_APPROXIMATION,GRAPHFRAMES_EXACT_MATCH,false,SENIOR_V1_TO_CANONICAL_V1,APPROVED,Matching price curves require independent market comparison.,"[""PRICE-0082"",""PRICE-0094""]",SUPPORTING_EVIDENCE,"{""source_dataset"":""analytics/crypto_graphframes_exact_relationships.csv""}",2026.07.18.1
CRYPTO_KENNEL_LONG_CON,GF-1147,GF-PRICE,SAME_PRICE_CURVE_FINGERPRINT,PRICE-0083,PRICE-0095,price_curve_fingerprint,curve-market-TOK-USDB,norm-v1,CURATED_APPROXIMATION,GRAPHFRAMES_EXACT_MATCH,false,SENIOR_V1_TO_CANONICAL_V1,APPROVED,Matching price curves require independent market comparison.,"[""PRICE-0083"",""PRICE-0095""]",SUPPORTING_EVIDENCE,"{""source_dataset"":""analytics/crypto_graphframes_exact_relationships.csv""}",2026.07.18.1
CRYPTO_KENNEL_LONG_CON,GF-1148,GF-PRICE,SAME_PRICE_CURVE_FINGERPRINT,PRICE-0084,PRICE-0096,price_curve_fingerprint,curve-market-TOK-PAW,norm-v1,CURATED_APPROXIMATION,GRAPHFRAMES_EXACT_MATCH,false,SENIOR_V1_TO_CANONICAL_V1,APPROVED,Matching price curves require independent market comparison.,"[""PRICE-0084"",""PRICE-0096""]",SUPPORTING_EVIDENCE,"{""source_dataset"":""analytics/crypto_graphframes_exact_relationships.csv""}",2026.07.18.1
CRYPTO_KENNEL_LONG_CON,GF-1149,GF-PRICE,SAME_PRICE_CURVE_FINGERPRINT,PRICE-0085,PRICE-0097,price_curve_fingerprint,curve-market-TOK-CLEAR,norm-v1,CURATED_APPROXIMATION,GRAPHFRAMES_EXACT_MATCH,false,SENIOR_V1_TO_CANONICAL_V1,APPROVED,Matching price curves require independent market comparison.,"[""PRICE-0085"",""PRICE-0097""]",SUPPORTING_EVIDENCE,"{""source_dataset"":""analytics/crypto_graphframes_exact_relationships.csv""}",2026.07.18.1
CRYPTO_KENNEL_LONG_CON,GF-1150,GF-PRICE,SAME_PRICE_CURVE_FINGERPRINT,PRICE-0086,PRICE-0098,price_curve_fingerprint,curve-market-TOK-REEF,norm-v1,CURATED_APPROXIMATION,GRAPHFRAMES_EXACT_MATCH,false,SENIOR_V1_TO_CANONICAL_V1,APPROVED,Matching price curves require independent market comparison.,"[""PRICE-0086"",""PRICE-0098""]",SUPPORTING_EVIDENCE,"{""source_dataset"":""analytics/crypto_graphframes_exact_relationships.csv""}",2026.07.18.1
CRYPTO_KENNEL_LONG_CON,GF-1151,GF-PRICE,SAME_PRICE_CURVE_FINGERPRINT,PRICE-0087,PRICE-0099,price_curve_fingerprint,curve-benign-TOK-KENNELS,norm-v1,CURATED_APPROXIMATION,GRAPHFRAMES_EXACT_MATCH,false,SENIOR_V1_TO_CANONICAL_V1,APPROVED,Matching price curves require independent market comparison.,"[""PRICE-0087"",""PRICE-0099""]",SUPPORTING_EVIDENCE,"{""source_dataset"":""analytics/crypto_graphframes_exact_relationships.csv""}",2026.07.18.1
CRYPTO_KENNEL_LONG_CON,GF-1152,GF-PRICE,SAME_PRICE_CURVE_FINGERPRINT,PRICE-0088,PRICE-0100,price_curve_fingerprint,curve-benign-TOK-BONESTORE,norm-v1,CURATED_APPROXIMATION,GRAPHFRAMES_EXACT_MATCH,false,SENIOR_V1_TO_CANONICAL_V1,APPROVED,Matching price curves require independent market comparison.,"[""PRICE-0088"",""PRICE-0100""]",SUPPORTING_EVIDENCE,"{""source_dataset"":""analytics/crypto_graphframes_exact_relationships.csv""}",2026.07.18.1
CRYPTO_KENNEL_LONG_CON,GF-1153,GF-PRICE,SAME_PRICE_CURVE_FINGERPRINT,PRICE-0089,PRICE-0101,price_curve_fingerprint,curve-manipulated-05,norm-v1,CURATED_APPROXIMATION,GRAPHFRAMES_EXACT_MATCH,false,SENIOR_V1_TO_CANONICAL_V1,APPROVED,Matching price curves require independent market comparison.,"[""PRICE-0089"",""PRICE-0101""]",SUPPORTING_EVIDENCE,"{""source_dataset"":""analytics/crypto_graphframes_exact_relationships.csv""}",2026.07.18.1
CRYPTO_KENNEL_LONG_CON,GF-1154,GF-PRICE,SAME_PRICE_CURVE_FINGERPRINT,PRICE-0090,PRICE-0102,price_curve_fingerprint,curve-manipulated-06,norm-v1,CURATED_APPROXIMATION,GRAPHFRAMES_EXACT_MATCH,false,SENIOR_V1_TO_CANONICAL_V1,APPROVED,Matching price curves require independent market comparison.,"[""PRICE-0090"",""PRICE-0102""]",SUPPORTING_EVIDENCE,"{""source_dataset"":""analytics/crypto_graphframes_exact_relationships.csv""}",2026.07.18.1
CRYPTO_KENNEL_LONG_CON,GF-1155,GF-PRICE,SAME_PRICE_CURVE_FINGERPRINT,PRICE-0091,PRICE-0103,price_curve_fingerprint,curve-market-TOK-USDB,norm-v1,CURATED_APPROXIMATION,GRAPHFRAMES_EXACT_MATCH,false,SENIOR_V1_TO_CANONICAL_V1,APPROVED,Matching price curves require independent market comparison.,"[""PRICE-0091"",""PRICE-0103""]",SUPPORTING_EVIDENCE,"{""source_dataset"":""analytics/crypto_graphframes_exact_relationships.csv""}",2026.07.18.1
CRYPTO_KENNEL_LONG_CON,GF-1156,GF-PRICE,SAME_PRICE_CURVE_FINGERPRINT,PRICE-0092,PRICE-0104,price_curve_fingerprint,curve-market-TOK-PAW,norm-v1,CURATED_APPROXIMATION,GRAPHFRAMES_EXACT_MATCH,false,SENIOR_V1_TO_CANONICAL_V1,APPROVED,Matching price curves require independent market comparison.,"[""PRICE-0092"",""PRICE-0104""]",SUPPORTING_EVIDENCE,"{""source_dataset"":""analytics/crypto_graphframes_exact_relationships.csv""}",2026.07.18.1
CRYPTO_KENNEL_LONG_CON,GF-1157,GF-PRICE,SAME_PRICE_CURVE_FINGERPRINT,PRICE-0093,PRICE-0105,price_curve_fingerprint,curve-market-TOK-CLEAR,norm-v1,CURATED_APPROXIMATION,GRAPHFRAMES_EXACT_MATCH,false,SENIOR_V1_TO_CANONICAL_V1,APPROVED,Matching price curves require independent market comparison.,"[""PRICE-0093"",""PRICE-0105""]",SUPPORTING_EVIDENCE,"{""source_dataset"":""analytics/crypto_graphframes_exact_relationships.csv""}",2026.07.18.1
CRYPTO_KENNEL_LONG_CON,GF-1158,GF-PRICE,SAME_PRICE_CURVE_FINGERPRINT,PRICE-0094,PRICE-0106,price_curve_fingerprint,curve-market-TOK-REEF,norm-v1,CURATED_APPROXIMATION,GRAPHFRAMES_EXACT_MATCH,false,SENIOR_V1_TO_CANONICAL_V1,APPROVED,Matching price curves require independent market comparison.,"[""PRICE-0094"",""PRICE-0106""]",SUPPORTING_EVIDENCE,"{""source_dataset"":""analytics/crypto_graphframes_exact_relationships.csv""}",2026.07.18.1
CRYPTO_KENNEL_LONG_CON,GF-1159,GF-PRICE,SAME_PRICE_CURVE_FINGERPRINT,PRICE-0095,PRICE-0107,price_curve_fingerprint,curve-benign-TOK-KENNELS,norm-v1,CURATED_APPROXIMATION,GRAPHFRAMES_EXACT_MATCH,false,SENIOR_V1_TO_CANONICAL_V1,APPROVED,Matching price curves require independent market comparison.,"[""PRICE-0095"",""PRICE-0107""]",SUPPORTING_EVIDENCE,"{""source_dataset"":""analytics/crypto_graphframes_exact_relationships.csv""}",2026.07.18.1
CRYPTO_KENNEL_LONG_CON,GF-1160,GF-PRICE,SAME_PRICE_CURVE_FINGERPRINT,PRICE-0096,PRICE-0108,price_curve_fingerprint,curve-benign-TOK-BONESTORE,norm-v1,CURATED_APPROXIMATION,GRAPHFRAMES_EXACT_MATCH,false,SENIOR_V1_TO_CANONICAL_V1,APPROVED,Matching price curves require independent market comparison.,"[""PRICE-0096"",""PRICE-0108""]",SUPPORTING_EVIDENCE,"{""source_dataset"":""analytics/crypto_graphframes_exact_relationships.csv""}",2026.07.18.1
CRYPTO_KENNEL_LONG_CON,GF-1161,GF-PRICE,SAME_PRICE_CURVE_FINGERPRINT,PRICE-0097,PRICE-0109,price_curve_fingerprint,curve-manipulated-01,norm-v1,CURATED_APPROXIMATION,GRAPHFRAMES_EXACT_MATCH,false,SENIOR_V1_TO_CANONICAL_V1,APPROVED,Matching price curves require independent market comparison.,"[""PRICE-0097"",""PRICE-0109""]",SUPPORTING_EVIDENCE,"{""source_dataset"":""analytics/crypto_graphframes_exact_relationships.csv""}",2026.07.18.1
CRYPTO_KENNEL_LONG_CON,GF-1162,GF-PRICE,SAME_PRICE_CURVE_FINGERPRINT,PRICE-0098,PRICE-0110,price_curve_fingerprint,curve-manipulated-02,norm-v1,CURATED_APPROXIMATION,GRAPHFRAMES_EXACT_MATCH,false,SENIOR_V1_TO_CANONICAL_V1,APPROVED,Matching price curves require independent market comparison.,"[""PRICE-0098"",""PRICE-0110""]",SUPPORTING_EVIDENCE,"{""source_dataset"":""analytics/crypto_graphframes_exact_relationships.csv""}",2026.07.18.1
CRYPTO_KENNEL_LONG_CON,GF-1163,GF-PRICE,SAME_PRICE_CURVE_FINGERPRINT,PRICE-0099,PRICE-0111,price_curve_fingerprint,curve-market-TOK-USDB,norm-v1,CURATED_APPROXIMATION,GRAPHFRAMES_EXACT_MATCH,false,SENIOR_V1_TO_CANONICAL_V1,APPROVED,Matching price curves require independent market comparison.,"[""PRICE-0099"",""PRICE-0111""]",SUPPORTING_EVIDENCE,"{""source_dataset"":""analytics/crypto_graphframes_exact_relationships.csv""}",2026.07.18.1
CRYPTO_KENNEL_LONG_CON,GF-1164,GF-PRICE,SAME_PRICE_CURVE_FINGERPRINT,PRICE-0100,PRICE-0112,price_curve_fingerprint,curve-market-TOK-PAW,norm-v1,CURATED_APPROXIMATION,GRAPHFRAMES_EXACT_MATCH,false,SENIOR_V1_TO_CANONICAL_V1,APPROVED,Matching price curves require independent market comparison.,"[""PRICE-0100"",""PRICE-0112""]",SUPPORTING_EVIDENCE,"{""source_dataset"":""analytics/crypto_graphframes_exact_relationships.csv""}",2026.07.18.1
CRYPTO_KENNEL_LONG_CON,GF-1165,GF-PRICE,SAME_PRICE_CURVE_FINGERPRINT,PRICE-0101,PRICE-0113,price_curve_fingerprint,curve-market-TOK-CLEAR,norm-v1,CURATED_APPROXIMATION,GRAPHFRAMES_EXACT_MATCH,false,SENIOR_V1_TO_CANONICAL_V1,APPROVED,Matching price curves require independent market comparison.,"[""PRICE-0101"",""PRICE-0113""]",SUPPORTING_EVIDENCE,"{""source_dataset"":""analytics/crypto_graphframes_exact_relationships.csv""}",2026.07.18.1
CRYPTO_KENNEL_LONG_CON,GF-1166,GF-PRICE,SAME_PRICE_CURVE_FINGERPRINT,PRICE-0102,PRICE-0114,price_curve_fingerprint,curve-market-TOK-REEF,norm-v1,CURATED_APPROXIMATION,GRAPHFRAMES_EXACT_MATCH,false,SENIOR_V1_TO_CANONICAL_V1,APPROVED,Matching price curves require independent market comparison.,"[""PRICE-0102"",""PRICE-0114""]",SUPPORTING_EVIDENCE,"{""source_dataset"":""analytics/crypto_graphframes_exact_relationships.csv""}",2026.07.18.1
CRYPTO_KENNEL_LONG_CON,GF-1167,GF-PRICE,SAME_PRICE_CURVE_FINGERPRINT,PRICE-0103,PRICE-0115,price_curve_fingerprint,curve-benign-TOK-KENNELS,norm-v1,CURATED_APPROXIMATION,GRAPHFRAMES_EXACT_MATCH,false,SENIOR_V1_TO_CANONICAL_V1,APPROVED,Matching price curves require independent market comparison.,"[""PRICE-0103"",""PRICE-0115""]",SUPPORTING_EVIDENCE,"{""source_dataset"":""analytics/crypto_graphframes_exact_relationships.csv""}",2026.07.18.1
CRYPTO_KENNEL_LONG_CON,GF-1168,GF-PRICE,SAME_PRICE_CURVE_FINGERPRINT,PRICE-0104,PRICE-0116,price_curve_fingerprint,curve-benign-TOK-BONESTORE,norm-v1,CURATED_APPROXIMATION,GRAPHFRAMES_EXACT_MATCH,false,SENIOR_V1_TO_CANONICAL_V1,APPROVED,Matching price curves require independent market comparison.,"[""PRICE-0104"",""PRICE-0116""]",SUPPORTING_EVIDENCE,"{""source_dataset"":""analytics/crypto_graphframes_exact_relationships.csv""}",2026.07.18.1
CRYPTO_KENNEL_LONG_CON,GF-1169,GF-PRICE,SAME_PRICE_CURVE_FINGERPRINT,PRICE-0105,PRICE-0117,price_curve_fingerprint,curve-manipulated-09,norm-v1,CURATED_APPROXIMATION,GRAPHFRAMES_EXACT_MATCH,false,SENIOR_V1_TO_CANONICAL_V1,APPROVED,Matching price curves require independent market comparison.,"[""PRICE-0105"",""PRICE-0117""]",SUPPORTING_EVIDENCE,"{""source_dataset"":""analytics/crypto_graphframes_exact_relationships.csv""}",2026.07.18.1
CRYPTO_KENNEL_LONG_CON,GF-1170,GF-PRICE,SAME_PRICE_CURVE_FINGERPRINT,PRICE-0106,PRICE-0118,price_curve_fingerprint,curve-manipulated-10,norm-v1,CURATED_APPROXIMATION,GRAPHFRAMES_EXACT_MATCH,false,SENIOR_V1_TO_CANONICAL_V1,APPROVED,Matching price curves require independent market comparison.,"[""PRICE-0106"",""PRICE-0118""]",SUPPORTING_EVIDENCE,"{""source_dataset"":""analytics/crypto_graphframes_exact_relationships.csv""}",2026.07.18.1
CRYPTO_KENNEL_LONG_CON,GF-1171,GF-PRICE,SAME_PRICE_CURVE_FINGERPRINT,PRICE-0107,PRICE-0119,price_curve_fingerprint,curve-market-TOK-USDB,norm-v1,CURATED_APPROXIMATION,GRAPHFRAMES_EXACT_MATCH,false,SENIOR_V1_TO_CANONICAL_V1,APPROVED,Matching price curves require independent market comparison.,"[""PRICE-0107"",""PRICE-0119""]",SUPPORTING_EVIDENCE,"{""source_dataset"":""analytics/crypto_graphframes_exact_relationships.csv""}",2026.07.18.1
CRYPTO_KENNEL_LONG_CON,GF-1172,GF-PRICE,SAME_PRICE_CURVE_FINGERPRINT,PRICE-0108,PRICE-0120,price_curve_fingerprint,curve-market-TOK-PAW,norm-v1,CURATED_APPROXIMATION,GRAPHFRAMES_EXACT_MATCH,false,SENIOR_V1_TO_CANONICAL_V1,APPROVED,Matching price curves require independent market comparison.,"[""PRICE-0108"",""PRICE-0120""]",SUPPORTING_EVIDENCE,"{""source_dataset"":""analytics/crypto_graphframes_exact_relationships.csv""}",2026.07.18.1
CRYPTO_KENNEL_LONG_CON,GF-1173,GF-PRICE,SAME_PRICE_CURVE_FINGERPRINT,PRICE-0109,PRICE-0121,price_curve_fingerprint,curve-market-TOK-CLEAR,norm-v1,CURATED_APPROXIMATION,GRAPHFRAMES_EXACT_MATCH,false,SENIOR_V1_TO_CANONICAL_V1,APPROVED,Matching price curves require independent market comparison.,"[""PRICE-0109"",""PRICE-0121""]",SUPPORTING_EVIDENCE,"{""source_dataset"":""analytics/crypto_graphframes_exact_relationships.csv""}",2026.07.18.1
CRYPTO_KENNEL_LONG_CON,GF-1174,GF-PRICE,SAME_PRICE_CURVE_FINGERPRINT,PRICE-0110,PRICE-0122,price_curve_fingerprint,curve-market-TOK-REEF,norm-v1,CURATED_APPROXIMATION,GRAPHFRAMES_EXACT_MATCH,false,SENIOR_V1_TO_CANONICAL_V1,APPROVED,Matching price curves require independent market comparison.,"[""PRICE-0110"",""PRICE-0122""]",SUPPORTING_EVIDENCE,"{""source_dataset"":""analytics/crypto_graphframes_exact_relationships.csv""}",2026.07.18.1
CRYPTO_KENNEL_LONG_CON,GF-1175,GF-PRICE,SAME_PRICE_CURVE_FINGERPRINT,PRICE-0111,PRICE-0123,price_curve_fingerprint,curve-benign-TOK-KENNELS,norm-v1,CURATED_APPROXIMATION,GRAPHFRAMES_EXACT_MATCH,false,SENIOR_V1_TO_CANONICAL_V1,APPROVED,Matching price curves require independent market comparison.,"[""PRICE-0111"",""PRICE-0123""]",SUPPORTING_EVIDENCE,"{""source_dataset"":""analytics/crypto_graphframes_exact_relationships.csv""}",2026.07.18.1
CRYPTO_KENNEL_LONG_CON,GF-1176,GF-PRICE,SAME_PRICE_CURVE_FINGERPRINT,PRICE-0112,PRICE-0124,price_curve_fingerprint,curve-benign-TOK-BONESTORE,norm-v1,CURATED_APPROXIMATION,GRAPHFRAMES_EXACT_MATCH,false,SENIOR_V1_TO_CANONICAL_V1,APPROVED,Matching price curves require independent market comparison.,"[""PRICE-0112"",""PRICE-0124""]",SUPPORTING_EVIDENCE,"{""source_dataset"":""analytics/crypto_graphframes_exact_relationships.csv""}",2026.07.18.1
CRYPTO_KENNEL_LONG_CON,GF-1177,GF-PRICE,SAME_PRICE_CURVE_FINGERPRINT,PRICE-0113,PRICE-0125,price_curve_fingerprint,curve-manipulated-05,norm-v1,CURATED_APPROXIMATION,GRAPHFRAMES_EXACT_MATCH,false,SENIOR_V1_TO_CANONICAL_V1,APPROVED,Matching price curves require independent market comparison.,"[""PRICE-0113"",""PRICE-0125""]",SUPPORTING_EVIDENCE,"{""source_dataset"":""analytics/crypto_graphframes_exact_relationships.csv""}",2026.07.18.1
CRYPTO_KENNEL_LONG_CON,GF-1178,GF-PRICE,SAME_PRICE_CURVE_FINGERPRINT,PRICE-0114,PRICE-0126,price_curve_fingerprint,curve-manipulated-06,norm-v1,CURATED_APPROXIMATION,GRAPHFRAMES_EXACT_MATCH,false,SENIOR_V1_TO_CANONICAL_V1,APPROVED,Matching price curves require independent market comparison.,"[""PRICE-0114"",""PRICE-0126""]",SUPPORTING_EVIDENCE,"{""source_dataset"":""analytics/crypto_graphframes_exact_relationships.csv""}",2026.07.18.1
CRYPTO_KENNEL_LONG_CON,GF-1179,GF-PRICE,SAME_PRICE_CURVE_FINGERPRINT,PRICE-0115,PRICE-0127,price_curve_fingerprint,curve-market-TOK-USDB,norm-v1,CURATED_APPROXIMATION,GRAPHFRAMES_EXACT_MATCH,false,SENIOR_V1_TO_CANONICAL_V1,APPROVED,Matching price curves require independent market comparison.,"[""PRICE-0115"",""PRICE-0127""]",SUPPORTING_EVIDENCE,"{""source_dataset"":""analytics/crypto_graphframes_exact_relationships.csv""}",2026.07.18.1
CRYPTO_KENNEL_LONG_CON,GF-1180,GF-PRICE,SAME_PRICE_CURVE_FINGERPRINT,PRICE-0116,PRICE-0128,price_curve_fingerprint,curve-market-TOK-PAW,norm-v1,CURATED_APPROXIMATION,GRAPHFRAMES_EXACT_MATCH,false,SENIOR_V1_TO_CANONICAL_V1,APPROVED,Matching price curves require independent market comparison.,"[""PRICE-0116"",""PRICE-0128""]",SUPPORTING_EVIDENCE,"{""source_dataset"":""analytics/crypto_graphframes_exact_relationships.csv""}",2026.07.18.1
CRYPTO_KENNEL_LONG_CON,GF-1181,GF-PRICE,SAME_PRICE_CURVE_FINGERPRINT,PRICE-0117,PRICE-0129,price_curve_fingerprint,curve-market-TOK-CLEAR,norm-v1,CURATED_APPROXIMATION,GRAPHFRAMES_EXACT_MATCH,false,SENIOR_V1_TO_CANONICAL_V1,APPROVED,Matching price curves require independent market comparison.,"[""PRICE-0117"",""PRICE-0129""]",SUPPORTING_EVIDENCE,"{""source_dataset"":""analytics/crypto_graphframes_exact_relationships.csv""}",2026.07.18.1
CRYPTO_KENNEL_LONG_CON,GF-1182,GF-PRICE,SAME_PRICE_CURVE_FINGERPRINT,PRICE-0118,PRICE-0130,price_curve_fingerprint,curve-market-TOK-REEF,norm-v1,CURATED_APPROXIMATION,GRAPHFRAMES_EXACT_MATCH,false,SENIOR_V1_TO_CANONICAL_V1,APPROVED,Matching price curves require independent market comparison.,"[""PRICE-0118"",""PRICE-0130""]",SUPPORTING_EVIDENCE,"{""source_dataset"":""analytics/crypto_graphframes_exact_relationships.csv""}",2026.07.18.1
CRYPTO_KENNEL_LONG_CON,GF-1183,GF-PRICE,SAME_PRICE_CURVE_FINGERPRINT,PRICE-0119,PRICE-0131,price_curve_fingerprint,curve-benign-TOK-KENNELS,norm-v1,CURATED_APPROXIMATION,GRAPHFRAMES_EXACT_MATCH,false,SENIOR_V1_TO_CANONICAL_V1,APPROVED,Matching price curves require independent market comparison.,"[""PRICE-0119"",""PRICE-0131""]",SUPPORTING_EVIDENCE,"{""source_dataset"":""analytics/crypto_graphframes_exact_relationships.csv""}",2026.07.18.1
CRYPTO_KENNEL_LONG_CON,GF-1184,GF-PRICE,SAME_PRICE_CURVE_FINGERPRINT,PRICE-0120,PRICE-0132,price_curve_fingerprint,curve-benign-TOK-BONESTORE,norm-v1,CURATED_APPROXIMATION,GRAPHFRAMES_EXACT_MATCH,false,SENIOR_V1_TO_CANONICAL_V1,APPROVED,Matching price curves require independent market comparison.,"[""PRICE-0120"",""PRICE-0132""]",SUPPORTING_EVIDENCE,"{""source_dataset"":""analytics/crypto_graphframes_exact_relationships.csv""}",2026.07.18.1
CRYPTO_KENNEL_LONG_CON,GF-1185,GF-PRICE,SAME_PRICE_CURVE_FINGERPRINT,PRICE-0121,PRICE-0133,price_curve_fingerprint,curve-manipulated-01,norm-v1,CURATED_APPROXIMATION,GRAPHFRAMES_EXACT_MATCH,false,SENIOR_V1_TO_CANONICAL_V1,APPROVED,Matching price curves require independent market comparison.,"[""PRICE-0121"",""PRICE-0133""]",SUPPORTING_EVIDENCE,"{""source_dataset"":""analytics/crypto_graphframes_exact_relationships.csv""}",2026.07.18.1
CRYPTO_KENNEL_LONG_CON,GF-1186,GF-PRICE,SAME_PRICE_CURVE_FINGERPRINT,PRICE-0122,PRICE-0134,price_curve_fingerprint,curve-manipulated-02,norm-v1,CURATED_APPROXIMATION,GRAPHFRAMES_EXACT_MATCH,false,SENIOR_V1_TO_CANONICAL_V1,APPROVED,Matching price curves require independent market comparison.,"[""PRICE-0122"",""PRICE-0134""]",SUPPORTING_EVIDENCE,"{""source_dataset"":""analytics/crypto_graphframes_exact_relationships.csv""}",2026.07.18.1
CRYPTO_KENNEL_LONG_CON,GF-1187,GF-PRICE,SAME_PRICE_CURVE_FINGERPRINT,PRICE-0123,PRICE-0135,price_curve_fingerprint,curve-market-TOK-USDB,norm-v1,CURATED_APPROXIMATION,GRAPHFRAMES_EXACT_MATCH,false,SENIOR_V1_TO_CANONICAL_V1,APPROVED,Matching price curves require independent market comparison.,"[""PRICE-0123"",""PRICE-0135""]",SUPPORTING_EVIDENCE,"{""source_dataset"":""analytics/crypto_graphframes_exact_relationships.csv""}",2026.07.18.1
CRYPTO_KENNEL_LONG_CON,GF-1188,GF-PRICE,SAME_PRICE_CURVE_FINGERPRINT,PRICE-0124,PRICE-0136,price_curve_fingerprint,curve-market-TOK-PAW,norm-v1,CURATED_APPROXIMATION,GRAPHFRAMES_EXACT_MATCH,false,SENIOR_V1_TO_CANONICAL_V1,APPROVED,Matching price curves require independent market comparison.,"[""PRICE-0124"",""PRICE-0136""]",SUPPORTING_EVIDENCE,"{""source_dataset"":""analytics/crypto_graphframes_exact_relationships.csv""}",2026.07.18.1
CRYPTO_KENNEL_LONG_CON,GF-1189,GF-PRICE,SAME_PRICE_CURVE_FINGERPRINT,PRICE-0125,PRICE-0137,price_curve_fingerprint,curve-market-TOK-CLEAR,norm-v1,CURATED_APPROXIMATION,GRAPHFRAMES_EXACT_MATCH,false,SENIOR_V1_TO_CANONICAL_V1,APPROVED,Matching price curves require independent market comparison.,"[""PRICE-0125"",""PRICE-0137""]",SUPPORTING_EVIDENCE,"{""source_dataset"":""analytics/crypto_graphframes_exact_relationships.csv""}",2026.07.18.1
CRYPTO_KENNEL_LONG_CON,GF-1190,GF-PRICE,SAME_PRICE_CURVE_FINGERPRINT,PRICE-0126,PRICE-0138,price_curve_fingerprint,curve-market-TOK-REEF,norm-v1,CURATED_APPROXIMATION,GRAPHFRAMES_EXACT_MATCH,false,SENIOR_V1_TO_CANONICAL_V1,APPROVED,Matching price curves require independent market comparison.,"[""PRICE-0126"",""PRICE-0138""]",SUPPORTING_EVIDENCE,"{""source_dataset"":""analytics/crypto_graphframes_exact_relationships.csv""}",2026.07.18.1
CRYPTO_KENNEL_LONG_CON,GF-1191,GF-PRICE,SAME_PRICE_CURVE_FINGERPRINT,PRICE-0127,PRICE-0139,price_curve_fingerprint,curve-benign-TOK-KENNELS,norm-v1,CURATED_APPROXIMATION,GRAPHFRAMES_EXACT_MATCH,false,SENIOR_V1_TO_CANONICAL_V1,APPROVED,Matching price curves require independent market comparison.,"[""PRICE-0127"",""PRICE-0139""]",SUPPORTING_EVIDENCE,"{""source_dataset"":""analytics/crypto_graphframes_exact_relationships.csv""}",2026.07.18.1
CRYPTO_KENNEL_LONG_CON,GF-1192,GF-PRICE,SAME_PRICE_CURVE_FINGERPRINT,PRICE-0128,PRICE-0140,price_curve_fingerprint,curve-benign-TOK-BONESTORE,norm-v1,CURATED_APPROXIMATION,GRAPHFRAMES_EXACT_MATCH,false,SENIOR_V1_TO_CANONICAL_V1,APPROVED,Matching price curves require independent market comparison.,"[""PRICE-0128"",""PRICE-0140""]",SUPPORTING_EVIDENCE,"{""source_dataset"":""analytics/crypto_graphframes_exact_relationships.csv""}",2026.07.18.1
CRYPTO_KENNEL_LONG_CON,GF-1193,GF-PRICE,SAME_PRICE_CURVE_FINGERPRINT,PRICE-0129,PRICE-0141,price_curve_fingerprint,curve-manipulated-09,norm-v1,CURATED_APPROXIMATION,GRAPHFRAMES_EXACT_MATCH,false,SENIOR_V1_TO_CANONICAL_V1,APPROVED,Matching price curves require independent market comparison.,"[""PRICE-0129"",""PRICE-0141""]",SUPPORTING_EVIDENCE,"{""source_dataset"":""analytics/crypto_graphframes_exact_relationships.csv""}",2026.07.18.1
CRYPTO_KENNEL_LONG_CON,GF-1194,GF-PRICE,SAME_PRICE_CURVE_FINGERPRINT,PRICE-0130,PRICE-0142,price_curve_fingerprint,curve-manipulated-10,norm-v1,CURATED_APPROXIMATION,GRAPHFRAMES_EXACT_MATCH,false,SENIOR_V1_TO_CANONICAL_V1,APPROVED,Matching price curves require independent market comparison.,"[""PRICE-0130"",""PRICE-0142""]",SUPPORTING_EVIDENCE,"{""source_dataset"":""analytics/crypto_graphframes_exact_relationships.csv""}",2026.07.18.1
CRYPTO_KENNEL_LONG_CON,GF-1195,GF-PRICE,SAME_PRICE_CURVE_FINGERPRINT,PRICE-0131,PRICE-0143,price_curve_fingerprint,curve-market-TOK-USDB,norm-v1,CURATED_APPROXIMATION,GRAPHFRAMES_EXACT_MATCH,false,SENIOR_V1_TO_CANONICAL_V1,APPROVED,Matching price curves require independent market comparison.,"[""PRICE-0131"",""PRICE-0143""]",SUPPORTING_EVIDENCE,"{""source_dataset"":""analytics/crypto_graphframes_exact_relationships.csv""}",2026.07.18.1
CRYPTO_KENNEL_LONG_CON,GF-1196,GF-PRICE,SAME_PRICE_CURVE_FINGERPRINT,PRICE-0132,PRICE-0144,price_curve_fingerprint,curve-market-TOK-PAW,norm-v1,CURATED_APPROXIMATION,GRAPHFRAMES_EXACT_MATCH,false,SENIOR_V1_TO_CANONICAL_V1,APPROVED,Matching price curves require independent market comparison.,"[""PRICE-0132"",""PRICE-0144""]",SUPPORTING_EVIDENCE,"{""source_dataset"":""analytics/crypto_graphframes_exact_relationships.csv""}",2026.07.18.1
CRYPTO_KENNEL_LONG_CON,GF-1197,GF-PRICE,SAME_PRICE_CURVE_FINGERPRINT,PRICE-0133,PRICE-0145,price_curve_fingerprint,curve-market-TOK-CLEAR,norm-v1,CURATED_APPROXIMATION,GRAPHFRAMES_EXACT_MATCH,false,SENIOR_V1_TO_CANONICAL_V1,APPROVED,Matching price curves require independent market comparison.,"[""PRICE-0133"",""PRICE-0145""]",SUPPORTING_EVIDENCE,"{""source_dataset"":""analytics/crypto_graphframes_exact_relationships.csv""}",2026.07.18.1
CRYPTO_KENNEL_LONG_CON,GF-1198,GF-PRICE,SAME_PRICE_CURVE_FINGERPRINT,PRICE-0134,PRICE-0146,price_curve_fingerprint,curve-market-TOK-REEF,norm-v1,CURATED_APPROXIMATION,GRAPHFRAMES_EXACT_MATCH,false,SENIOR_V1_TO_CANONICAL_V1,APPROVED,Matching price curves require independent market comparison.,"[""PRICE-0134"",""PRICE-0146""]",SUPPORTING_EVIDENCE,"{""source_dataset"":""analytics/crypto_graphframes_exact_relationships.csv""}",2026.07.18.1
CRYPTO_KENNEL_LONG_CON,GF-1199,GF-PRICE,SAME_PRICE_CURVE_FINGERPRINT,PRICE-0135,PRICE-0147,price_curve_fingerprint,curve-benign-TOK-KENNELS,norm-v1,CURATED_APPROXIMATION,GRAPHFRAMES_EXACT_MATCH,false,SENIOR_V1_TO_CANONICAL_V1,APPROVED,Matching price curves require independent market comparison.,"[""PRICE-0135"",""PRICE-0147""]",SUPPORTING_EVIDENCE,"{""source_dataset"":""analytics/crypto_graphframes_exact_relationships.csv""}",2026.07.18.1
CRYPTO_KENNEL_LONG_CON,GF-1200,GF-PRICE,SAME_PRICE_CURVE_FINGERPRINT,PRICE-0136,PRICE-0148,price_curve_fingerprint,curve-benign-TOK-BONESTORE,norm-v1,CURATED_APPROXIMATION,GRAPHFRAMES_EXACT_MATCH,false,SENIOR_V1_TO_CANONICAL_V1,APPROVED,Matching price curves require independent market comparison.,"[""PRICE-0136"",""PRICE-0148""]",SUPPORTING_EVIDENCE,"{""source_dataset"":""analytics/crypto_graphframes_exact_relationships.csv""}",2026.07.18.1
CRYPTO_KENNEL_LONG_CON,GF-1201,GF-PRICE,SAME_PRICE_CURVE_FINGERPRINT,PRICE-0137,PRICE-0149,price_curve_fingerprint,curve-manipulated-05,norm-v1,CURATED_APPROXIMATION,GRAPHFRAMES_EXACT_MATCH,false,SENIOR_V1_TO_CANONICAL_V1,APPROVED,Matching price curves require independent market comparison.,"[""PRICE-0137"",""PRICE-0149""]",SUPPORTING_EVIDENCE,"{""source_dataset"":""analytics/crypto_graphframes_exact_relationships.csv""}",2026.07.18.1
CRYPTO_KENNEL_LONG_CON,GF-1202,GF-PRICE,SAME_PRICE_CURVE_FINGERPRINT,PRICE-0138,PRICE-0150,price_curve_fingerprint,curve-manipulated-06,norm-v1,CURATED_APPROXIMATION,GRAPHFRAMES_EXACT_MATCH,false,SENIOR_V1_TO_CANONICAL_V1,APPROVED,Matching price curves require independent market comparison.,"[""PRICE-0138"",""PRICE-0150""]",SUPPORTING_EVIDENCE,"{""source_dataset"":""analytics/crypto_graphframes_exact_relationships.csv""}",2026.07.18.1
CRYPTO_KENNEL_LONG_CON,GF-1203,GF-PRICE,SAME_PRICE_CURVE_FINGERPRINT,PRICE-0139,PRICE-0151,price_curve_fingerprint,curve-market-TOK-USDB,norm-v1,CURATED_APPROXIMATION,GRAPHFRAMES_EXACT_MATCH,false,SENIOR_V1_TO_CANONICAL_V1,APPROVED,Matching price curves require independent market comparison.,"[""PRICE-0139"",""PRICE-0151""]",SUPPORTING_EVIDENCE,"{""source_dataset"":""analytics/crypto_graphframes_exact_relationships.csv""}",2026.07.18.1
CRYPTO_KENNEL_LONG_CON,GF-1204,GF-PRICE,SAME_PRICE_CURVE_FINGERPRINT,PRICE-0140,PRICE-0152,price_curve_fingerprint,curve-market-TOK-PAW,norm-v1,CURATED_APPROXIMATION,GRAPHFRAMES_EXACT_MATCH,false,SENIOR_V1_TO_CANONICAL_V1,APPROVED,Matching price curves require independent market comparison.,"[""PRICE-0140"",""PRICE-0152""]",SUPPORTING_EVIDENCE,"{""source_dataset"":""analytics/crypto_graphframes_exact_relationships.csv""}",2026.07.18.1
CRYPTO_KENNEL_LONG_CON,GF-1205,GF-PRICE,SAME_PRICE_CURVE_FINGERPRINT,PRICE-0141,PRICE-0153,price_curve_fingerprint,curve-market-TOK-CLEAR,norm-v1,CURATED_APPROXIMATION,GRAPHFRAMES_EXACT_MATCH,false,SENIOR_V1_TO_CANONICAL_V1,APPROVED,Matching price curves require independent market comparison.,"[""PRICE-0141"",""PRICE-0153""]",SUPPORTING_EVIDENCE,"{""source_dataset"":""analytics/crypto_graphframes_exact_relationships.csv""}",2026.07.18.1
CRYPTO_KENNEL_LONG_CON,GF-1206,GF-PRICE,SAME_PRICE_CURVE_FINGERPRINT,PRICE-0142,PRICE-0154,price_curve_fingerprint,curve-market-TOK-REEF,norm-v1,CURATED_APPROXIMATION,GRAPHFRAMES_EXACT_MATCH,false,SENIOR_V1_TO_CANONICAL_V1,APPROVED,Matching price curves require independent market comparison.,"[""PRICE-0142"",""PRICE-0154""]",SUPPORTING_EVIDENCE,"{""source_dataset"":""analytics/crypto_graphframes_exact_relationships.csv""}",2026.07.18.1
CRYPTO_KENNEL_LONG_CON,GF-1207,GF-PRICE,SAME_PRICE_CURVE_FINGERPRINT,PRICE-0143,PRICE-0155,price_curve_fingerprint,curve-benign-TOK-KENNELS,norm-v1,CURATED_APPROXIMATION,GRAPHFRAMES_EXACT_MATCH,false,SENIOR_V1_TO_CANONICAL_V1,APPROVED,Matching price curves require independent market comparison.,"[""PRICE-0143"",""PRICE-0155""]",SUPPORTING_EVIDENCE,"{""source_dataset"":""analytics/crypto_graphframes_exact_relationships.csv""}",2026.07.18.1
CRYPTO_KENNEL_LONG_CON,GF-1208,GF-PRICE,SAME_PRICE_CURVE_FINGERPRINT,PRICE-0144,PRICE-0156,price_curve_fingerprint,curve-benign-TOK-BONESTORE,norm-v1,CURATED_APPROXIMATION,GRAPHFRAMES_EXACT_MATCH,false,SENIOR_V1_TO_CANONICAL_V1,APPROVED,Matching price curves require independent market comparison.,"[""PRICE-0144"",""PRICE-0156""]",SUPPORTING_EVIDENCE,"{""source_dataset"":""analytics/crypto_graphframes_exact_relationships.csv""}",2026.07.18.1
CRYPTO_KENNEL_LONG_CON,GF-1209,GF-PRICE,SAME_PRICE_CURVE_FINGERPRINT,PRICE-0145,PRICE-0157,price_curve_fingerprint,curve-manipulated-01,norm-v1,CURATED_APPROXIMATION,GRAPHFRAMES_EXACT_MATCH,false,SENIOR_V1_TO_CANONICAL_V1,APPROVED,Matching price curves require independent market comparison.,"[""PRICE-0145"",""PRICE-0157""]",SUPPORTING_EVIDENCE,"{""source_dataset"":""analytics/crypto_graphframes_exact_relationships.csv""}",2026.07.18.1
CRYPTO_KENNEL_LONG_CON,GF-1210,GF-PRICE,SAME_PRICE_CURVE_FINGERPRINT,PRICE-0146,PRICE-0158,price_curve_fingerprint,curve-manipulated-02,norm-v1,CURATED_APPROXIMATION,GRAPHFRAMES_EXACT_MATCH,false,SENIOR_V1_TO_CANONICAL_V1,APPROVED,Matching price curves require independent market comparison.,"[""PRICE-0146"",""PRICE-0158""]",SUPPORTING_EVIDENCE,"{""source_dataset"":""analytics/crypto_graphframes_exact_relationships.csv""}",2026.07.18.1
CRYPTO_KENNEL_LONG_CON,GF-1211,GF-PRICE,SAME_PRICE_CURVE_FINGERPRINT,PRICE-0147,PRICE-0159,price_curve_fingerprint,curve-market-TOK-USDB,norm-v1,CURATED_APPROXIMATION,GRAPHFRAMES_EXACT_MATCH,false,SENIOR_V1_TO_CANONICAL_V1,APPROVED,Matching price curves require independent market comparison.,"[""PRICE-0147"",""PRICE-0159""]",SUPPORTING_EVIDENCE,"{""source_dataset"":""analytics/crypto_graphframes_exact_relationships.csv""}",2026.07.18.1
CRYPTO_KENNEL_LONG_CON,GF-1212,GF-PRICE,SAME_PRICE_CURVE_FINGERPRINT,PRICE-0148,PRICE-0160,price_curve_fingerprint,curve-market-TOK-PAW,norm-v1,CURATED_APPROXIMATION,GRAPHFRAMES_EXACT_MATCH,false,SENIOR_V1_TO_CANONICAL_V1,APPROVED,Matching price curves require independent market comparison.,"[""PRICE-0148"",""PRICE-0160""]",SUPPORTING_EVIDENCE,"{""source_dataset"":""analytics/crypto_graphframes_exact_relationships.csv""}",2026.07.18.1
CRYPTO_KENNEL_LONG_CON,GF-1213,GF-PRICE,SAME_PRICE_CURVE_FINGERPRINT,PRICE-0149,PRICE-0161,price_curve_fingerprint,curve-market-TOK-CLEAR,norm-v1,CURATED_APPROXIMATION,GRAPHFRAMES_EXACT_MATCH,false,SENIOR_V1_TO_CANONICAL_V1,APPROVED,Matching price curves require independent market comparison.,"[""PRICE-0149"",""PRICE-0161""]",SUPPORTING_EVIDENCE,"{""source_dataset"":""analytics/crypto_graphframes_exact_relationships.csv""}",2026.07.18.1
CRYPTO_KENNEL_LONG_CON,GF-1214,GF-PRICE,SAME_PRICE_CURVE_FINGERPRINT,PRICE-0150,PRICE-0162,price_curve_fingerprint,curve-market-TOK-REEF,norm-v1,CURATED_APPROXIMATION,GRAPHFRAMES_EXACT_MATCH,false,SENIOR_V1_TO_CANONICAL_V1,APPROVED,Matching price curves require independent market comparison.,"[""PRICE-0150"",""PRICE-0162""]",SUPPORTING_EVIDENCE,"{""source_dataset"":""analytics/crypto_graphframes_exact_relationships.csv""}",2026.07.18.1
CRYPTO_KENNEL_LONG_CON,GF-1215,GF-PRICE,SAME_PRICE_CURVE_FINGERPRINT,PRICE-0151,PRICE-0163,price_curve_fingerprint,curve-benign-TOK-KENNELS,norm-v1,CURATED_APPROXIMATION,GRAPHFRAMES_EXACT_MATCH,false,SENIOR_V1_TO_CANONICAL_V1,APPROVED,Matching price curves require independent market comparison.,"[""PRICE-0151"",""PRICE-0163""]",SUPPORTING_EVIDENCE,"{""source_dataset"":""analytics/crypto_graphframes_exact_relationships.csv""}",2026.07.18.1
CRYPTO_KENNEL_LONG_CON,GF-1216,GF-PRICE,SAME_PRICE_CURVE_FINGERPRINT,PRICE-0152,PRICE-0164,price_curve_fingerprint,curve-benign-TOK-BONESTORE,norm-v1,CURATED_APPROXIMATION,GRAPHFRAMES_EXACT_MATCH,false,SENIOR_V1_TO_CANONICAL_V1,APPROVED,Matching price curves require independent market comparison.,"[""PRICE-0152"",""PRICE-0164""]",SUPPORTING_EVIDENCE,"{""source_dataset"":""analytics/crypto_graphframes_exact_relationships.csv""}",2026.07.18.1
CRYPTO_KENNEL_LONG_CON,GF-1217,GF-PRICE,SAME_PRICE_CURVE_FINGERPRINT,PRICE-0153,PRICE-0165,price_curve_fingerprint,curve-manipulated-09,norm-v1,CURATED_APPROXIMATION,GRAPHFRAMES_EXACT_MATCH,false,SENIOR_V1_TO_CANONICAL_V1,APPROVED,Matching price curves require independent market comparison.,"[""PRICE-0153"",""PRICE-0165""]",SUPPORTING_EVIDENCE,"{""source_dataset"":""analytics/crypto_graphframes_exact_relationships.csv""}",2026.07.18.1
CRYPTO_KENNEL_LONG_CON,GF-1218,GF-PRICE,SAME_PRICE_CURVE_FINGERPRINT,PRICE-0154,PRICE-0166,price_curve_fingerprint,curve-manipulated-10,norm-v1,CURATED_APPROXIMATION,GRAPHFRAMES_EXACT_MATCH,false,SENIOR_V1_TO_CANONICAL_V1,APPROVED,Matching price curves require independent market comparison.,"[""PRICE-0154"",""PRICE-0166""]",SUPPORTING_EVIDENCE,"{""source_dataset"":""analytics/crypto_graphframes_exact_relationships.csv""}",2026.07.18.1
CRYPTO_KENNEL_LONG_CON,GF-1219,GF-PRICE,SAME_PRICE_CURVE_FINGERPRINT,PRICE-0155,PRICE-0167,price_curve_fingerprint,curve-market-TOK-USDB,norm-v1,CURATED_APPROXIMATION,GRAPHFRAMES_EXACT_MATCH,false,SENIOR_V1_TO_CANONICAL_V1,APPROVED,Matching price curves require independent market comparison.,"[""PRICE-0155"",""PRICE-0167""]",SUPPORTING_EVIDENCE,"{""source_dataset"":""analytics/crypto_graphframes_exact_relationships.csv""}",2026.07.18.1
CRYPTO_KENNEL_LONG_CON,GF-1220,GF-PRICE,SAME_PRICE_CURVE_FINGERPRINT,PRICE-0156,PRICE-0168,price_curve_fingerprint,curve-market-TOK-PAW,norm-v1,CURATED_APPROXIMATION,GRAPHFRAMES_EXACT_MATCH,false,SENIOR_V1_TO_CANONICAL_V1,APPROVED,Matching price curves require independent market comparison.,"[""PRICE-0156"",""PRICE-0168""]",SUPPORTING_EVIDENCE,"{""source_dataset"":""analytics/crypto_graphframes_exact_relationships.csv""}",2026.07.18.1
CRYPTO_KENNEL_LONG_CON,GF-1221,GF-PRICE,SAME_PRICE_CURVE_FINGERPRINT,PRICE-0157,PRICE-0169,price_curve_fingerprint,curve-market-TOK-CLEAR,norm-v1,CURATED_APPROXIMATION,GRAPHFRAMES_EXACT_MATCH,false,SENIOR_V1_TO_CANONICAL_V1,APPROVED,Matching price curves require independent market comparison.,"[""PRICE-0157"",""PRICE-0169""]",SUPPORTING_EVIDENCE,"{""source_dataset"":""analytics/crypto_graphframes_exact_relationships.csv""}",2026.07.18.1
CRYPTO_KENNEL_LONG_CON,GF-1222,GF-PRICE,SAME_PRICE_CURVE_FINGERPRINT,PRICE-0158,PRICE-0170,price_curve_fingerprint,curve-market-TOK-REEF,norm-v1,CURATED_APPROXIMATION,GRAPHFRAMES_EXACT_MATCH,false,SENIOR_V1_TO_CANONICAL_V1,APPROVED,Matching price curves require independent market comparison.,"[""PRICE-0158"",""PRICE-0170""]",SUPPORTING_EVIDENCE,"{""source_dataset"":""analytics/crypto_graphframes_exact_relationships.csv""}",2026.07.18.1
CRYPTO_KENNEL_LONG_CON,GF-1223,GF-PRICE,SAME_PRICE_CURVE_FINGERPRINT,PRICE-0159,PRICE-0171,price_curve_fingerprint,curve-benign-TOK-KENNELS,norm-v1,CURATED_APPROXIMATION,GRAPHFRAMES_EXACT_MATCH,false,SENIOR_V1_TO_CANONICAL_V1,APPROVED,Matching price curves require independent market comparison.,"[""PRICE-0159"",""PRICE-0171""]",SUPPORTING_EVIDENCE,"{""source_dataset"":""analytics/crypto_graphframes_exact_relationships.csv""}",2026.07.18.1
CRYPTO_KENNEL_LONG_CON,GF-1224,GF-PRICE,SAME_PRICE_CURVE_FINGERPRINT,PRICE-0160,PRICE-0172,price_curve_fingerprint,curve-benign-TOK-BONESTORE,norm-v1,CURATED_APPROXIMATION,GRAPHFRAMES_EXACT_MATCH,false,SENIOR_V1_TO_CANONICAL_V1,APPROVED,Matching price curves require independent market comparison.,"[""PRICE-0160"",""PRICE-0172""]",SUPPORTING_EVIDENCE,"{""source_dataset"":""analytics/crypto_graphframes_exact_relationships.csv""}",2026.07.18.1
CRYPTO_KENNEL_LONG_CON,GF-1225,GF-PRICE,SAME_PRICE_CURVE_FINGERPRINT,PRICE-0161,PRICE-0173,price_curve_fingerprint,curve-manipulated-05,norm-v1,CURATED_APPROXIMATION,GRAPHFRAMES_EXACT_MATCH,false,SENIOR_V1_TO_CANONICAL_V1,APPROVED,Matching price curves require independent market comparison.,"[""PRICE-0161"",""PRICE-0173""]",SUPPORTING_EVIDENCE,"{""source_dataset"":""analytics/crypto_graphframes_exact_relationships.csv""}",2026.07.18.1
CRYPTO_KENNEL_LONG_CON,GF-1226,GF-PRICE,SAME_PRICE_CURVE_FINGERPRINT,PRICE-0162,PRICE-0174,price_curve_fingerprint,curve-manipulated-06,norm-v1,CURATED_APPROXIMATION,GRAPHFRAMES_EXACT_MATCH,false,SENIOR_V1_TO_CANONICAL_V1,APPROVED,Matching price curves require independent market comparison.,"[""PRICE-0162"",""PRICE-0174""]",SUPPORTING_EVIDENCE,"{""source_dataset"":""analytics/crypto_graphframes_exact_relationships.csv""}",2026.07.18.1
CRYPTO_KENNEL_LONG_CON,GF-1227,GF-PRICE,SAME_PRICE_CURVE_FINGERPRINT,PRICE-0163,PRICE-0175,price_curve_fingerprint,curve-market-TOK-USDB,norm-v1,CURATED_APPROXIMATION,GRAPHFRAMES_EXACT_MATCH,false,SENIOR_V1_TO_CANONICAL_V1,APPROVED,Matching price curves require independent market comparison.,"[""PRICE-0163"",""PRICE-0175""]",SUPPORTING_EVIDENCE,"{""source_dataset"":""analytics/crypto_graphframes_exact_relationships.csv""}",2026.07.18.1
CRYPTO_KENNEL_LONG_CON,GF-1228,GF-PRICE,SAME_PRICE_CURVE_FINGERPRINT,PRICE-0164,PRICE-0176,price_curve_fingerprint,curve-market-TOK-PAW,norm-v1,CURATED_APPROXIMATION,GRAPHFRAMES_EXACT_MATCH,false,SENIOR_V1_TO_CANONICAL_V1,APPROVED,Matching price curves require independent market comparison.,"[""PRICE-0164"",""PRICE-0176""]",SUPPORTING_EVIDENCE,"{""source_dataset"":""analytics/crypto_graphframes_exact_relationships.csv""}",2026.07.18.1
CRYPTO_KENNEL_LONG_CON,GF-1229,GF-PRICE,SAME_PRICE_CURVE_FINGERPRINT,PRICE-0165,PRICE-0177,price_curve_fingerprint,curve-market-TOK-CLEAR,norm-v1,CURATED_APPROXIMATION,GRAPHFRAMES_EXACT_MATCH,false,SENIOR_V1_TO_CANONICAL_V1,APPROVED,Matching price curves require independent market comparison.,"[""PRICE-0165"",""PRICE-0177""]",SUPPORTING_EVIDENCE,"{""source_dataset"":""analytics/crypto_graphframes_exact_relationships.csv""}",2026.07.18.1
CRYPTO_KENNEL_LONG_CON,GF-1230,GF-PRICE,SAME_PRICE_CURVE_FINGERPRINT,PRICE-0166,PRICE-0178,price_curve_fingerprint,curve-market-TOK-REEF,norm-v1,CURATED_APPROXIMATION,GRAPHFRAMES_EXACT_MATCH,false,SENIOR_V1_TO_CANONICAL_V1,APPROVED,Matching price curves require independent market comparison.,"[""PRICE-0166"",""PRICE-0178""]",SUPPORTING_EVIDENCE,"{""source_dataset"":""analytics/crypto_graphframes_exact_relationships.csv""}",2026.07.18.1
CRYPTO_KENNEL_LONG_CON,GF-1231,GF-PRICE,SAME_PRICE_CURVE_FINGERPRINT,PRICE-0167,PRICE-0179,price_curve_fingerprint,curve-benign-TOK-KENNELS,norm-v1,CURATED_APPROXIMATION,GRAPHFRAMES_EXACT_MATCH,false,SENIOR_V1_TO_CANONICAL_V1,APPROVED,Matching price curves require independent market comparison.,"[""PRICE-0167"",""PRICE-0179""]",SUPPORTING_EVIDENCE,"{""source_dataset"":""analytics/crypto_graphframes_exact_relationships.csv""}",2026.07.18.1
CRYPTO_KENNEL_LONG_CON,GF-1232,GF-PRICE,SAME_PRICE_CURVE_FINGERPRINT,PRICE-0168,PRICE-0180,price_curve_fingerprint,curve-benign-TOK-BONESTORE,norm-v1,CURATED_APPROXIMATION,GRAPHFRAMES_EXACT_MATCH,false,SENIOR_V1_TO_CANONICAL_V1,APPROVED,Matching price curves require independent market comparison.,"[""PRICE-0168"",""PRICE-0180""]",SUPPORTING_EVIDENCE,"{""source_dataset"":""analytics/crypto_graphframes_exact_relationships.csv""}",2026.07.18.1
CRYPTO_KENNEL_LONG_CON,GF-1233,GF-PRICE,SAME_PRICE_CURVE_FINGERPRINT,PRICE-0169,PRICE-0181,price_curve_fingerprint,curve-manipulated-01,norm-v1,CURATED_APPROXIMATION,GRAPHFRAMES_EXACT_MATCH,false,SENIOR_V1_TO_CANONICAL_V1,APPROVED,Matching price curves require independent market comparison.,"[""PRICE-0169"",""PRICE-0181""]",SUPPORTING_EVIDENCE,"{""source_dataset"":""analytics/crypto_graphframes_exact_relationships.csv""}",2026.07.18.1
CRYPTO_KENNEL_LONG_CON,GF-1234,GF-PRICE,SAME_PRICE_CURVE_FINGERPRINT,PRICE-0170,PRICE-0182,price_curve_fingerprint,curve-manipulated-02,norm-v1,CURATED_APPROXIMATION,GRAPHFRAMES_EXACT_MATCH,false,SENIOR_V1_TO_CANONICAL_V1,APPROVED,Matching price curves require independent market comparison.,"[""PRICE-0170"",""PRICE-0182""]",SUPPORTING_EVIDENCE,"{""source_dataset"":""analytics/crypto_graphframes_exact_relationships.csv""}",2026.07.18.1
CRYPTO_KENNEL_LONG_CON,GF-1235,GF-PRICE,SAME_PRICE_CURVE_FINGERPRINT,PRICE-0171,PRICE-0183,price_curve_fingerprint,curve-market-TOK-USDB,norm-v1,CURATED_APPROXIMATION,GRAPHFRAMES_EXACT_MATCH,false,SENIOR_V1_TO_CANONICAL_V1,APPROVED,Matching price curves require independent market comparison.,"[""PRICE-0171"",""PRICE-0183""]",SUPPORTING_EVIDENCE,"{""source_dataset"":""analytics/crypto_graphframes_exact_relationships.csv""}",2026.07.18.1
CRYPTO_KENNEL_LONG_CON,GF-1236,GF-PRICE,SAME_PRICE_CURVE_FINGERPRINT,PRICE-0172,PRICE-0184,price_curve_fingerprint,curve-market-TOK-PAW,norm-v1,CURATED_APPROXIMATION,GRAPHFRAMES_EXACT_MATCH,false,SENIOR_V1_TO_CANONICAL_V1,APPROVED,Matching price curves require independent market comparison.,"[""PRICE-0172"",""PRICE-0184""]",SUPPORTING_EVIDENCE,"{""source_dataset"":""analytics/crypto_graphframes_exact_relationships.csv""}",2026.07.18.1
CRYPTO_KENNEL_LONG_CON,GF-1237,GF-PRICE,SAME_PRICE_CURVE_FINGERPRINT,PRICE-0173,PRICE-0185,price_curve_fingerprint,curve-market-TOK-CLEAR,norm-v1,CURATED_APPROXIMATION,GRAPHFRAMES_EXACT_MATCH,false,SENIOR_V1_TO_CANONICAL_V1,APPROVED,Matching price curves require independent market comparison.,"[""PRICE-0173"",""PRICE-0185""]",SUPPORTING_EVIDENCE,"{""source_dataset"":""analytics/crypto_graphframes_exact_relationships.csv""}",2026.07.18.1
CRYPTO_KENNEL_LONG_CON,GF-1238,GF-PRICE,SAME_PRICE_CURVE_FINGERPRINT,PRICE-0174,PRICE-0186,price_curve_fingerprint,curve-market-TOK-REEF,norm-v1,CURATED_APPROXIMATION,GRAPHFRAMES_EXACT_MATCH,false,SENIOR_V1_TO_CANONICAL_V1,APPROVED,Matching price curves require independent market comparison.,"[""PRICE-0174"",""PRICE-0186""]",SUPPORTING_EVIDENCE,"{""source_dataset"":""analytics/crypto_graphframes_exact_relationships.csv""}",2026.07.18.1
CRYPTO_KENNEL_LONG_CON,GF-1239,GF-PRICE,SAME_PRICE_CURVE_FINGERPRINT,PRICE-0175,PRICE-0187,price_curve_fingerprint,curve-benign-TOK-KENNELS,norm-v1,CURATED_APPROXIMATION,GRAPHFRAMES_EXACT_MATCH,false,SENIOR_V1_TO_CANONICAL_V1,APPROVED,Matching price curves require independent market comparison.,"[""PRICE-0175"",""PRICE-0187""]",SUPPORTING_EVIDENCE,"{""source_dataset"":""analytics/crypto_graphframes_exact_relationships.csv""}",2026.07.18.1
CRYPTO_KENNEL_LONG_CON,GF-1240,GF-PRICE,SAME_PRICE_CURVE_FINGERPRINT,PRICE-0176,PRICE-0188,price_curve_fingerprint,curve-benign-TOK-BONESTORE,norm-v1,CURATED_APPROXIMATION,GRAPHFRAMES_EXACT_MATCH,false,SENIOR_V1_TO_CANONICAL_V1,APPROVED,Matching price curves require independent market comparison.,"[""PRICE-0176"",""PRICE-0188""]",SUPPORTING_EVIDENCE,"{""source_dataset"":""analytics/crypto_graphframes_exact_relationships.csv""}",2026.07.18.1
CRYPTO_KENNEL_LONG_CON,GF-1241,GF-PRICE,SAME_PRICE_CURVE_FINGERPRINT,PRICE-0177,PRICE-0189,price_curve_fingerprint,curve-manipulated-09,norm-v1,CURATED_APPROXIMATION,GRAPHFRAMES_EXACT_MATCH,false,SENIOR_V1_TO_CANONICAL_V1,APPROVED,Matching price curves require independent market comparison.,"[""PRICE-0177"",""PRICE-0189""]",SUPPORTING_EVIDENCE,"{""source_dataset"":""analytics/crypto_graphframes_exact_relationships.csv""}",2026.07.18.1
CRYPTO_KENNEL_LONG_CON,GF-1242,GF-PRICE,SAME_PRICE_CURVE_FINGERPRINT,PRICE-0178,PRICE-0190,price_curve_fingerprint,curve-manipulated-10,norm-v1,CURATED_APPROXIMATION,GRAPHFRAMES_EXACT_MATCH,false,SENIOR_V1_TO_CANONICAL_V1,APPROVED,Matching price curves require independent market comparison.,"[""PRICE-0178"",""PRICE-0190""]",SUPPORTING_EVIDENCE,"{""source_dataset"":""analytics/crypto_graphframes_exact_relationships.csv""}",2026.07.18.1
CRYPTO_KENNEL_LONG_CON,GF-1243,GF-PRICE,SAME_PRICE_CURVE_FINGERPRINT,PRICE-0179,PRICE-0191,price_curve_fingerprint,curve-market-TOK-USDB,norm-v1,CURATED_APPROXIMATION,GRAPHFRAMES_EXACT_MATCH,false,SENIOR_V1_TO_CANONICAL_V1,APPROVED,Matching price curves require independent market comparison.,"[""PRICE-0179"",""PRICE-0191""]",SUPPORTING_EVIDENCE,"{""source_dataset"":""analytics/crypto_graphframes_exact_relationships.csv""}",2026.07.18.1
CRYPTO_KENNEL_LONG_CON,GF-1244,GF-PRICE,SAME_PRICE_CURVE_FINGERPRINT,PRICE-0180,PRICE-0192,price_curve_fingerprint,curve-market-TOK-PAW,norm-v1,CURATED_APPROXIMATION,GRAPHFRAMES_EXACT_MATCH,false,SENIOR_V1_TO_CANONICAL_V1,APPROVED,Matching price curves require independent market comparison.,"[""PRICE-0180"",""PRICE-0192""]",SUPPORTING_EVIDENCE,"{""source_dataset"":""analytics/crypto_graphframes_exact_relationships.csv""}",2026.07.18.1
CRYPTO_KENNEL_LONG_CON,GF-1245,GF-SWEEP,SAME_SWEEP_WALLET,CTX-SWEEP-0001,CTX-SWEEP-0026,destination_wallet_id,W-OMNIBUS,norm-v1,CURATED_APPROXIMATION,GRAPHFRAMES_EXACT_MATCH,false,SENIOR_V1_TO_CANONICAL_V1,APPROVED,Omnibus wallets can be legitimate; custody and withdrawals determine significance.,"[""CTX-SWEEP-0001"",""CTX-SWEEP-0026""]",SUPPORTING_EVIDENCE,"{""source_dataset"":""analytics/crypto_graphframes_exact_relationships.csv""}",2026.07.18.1
CRYPTO_KENNEL_LONG_CON,GF-1246,GF-SWEEP,SAME_SWEEP_WALLET,CTX-SWEEP-0002,CTX-SWEEP-0027,destination_wallet_id,W-OMNIBUS,norm-v1,CURATED_APPROXIMATION,GRAPHFRAMES_EXACT_MATCH,false,SENIOR_V1_TO_CANONICAL_V1,APPROVED,Omnibus wallets can be legitimate; custody and withdrawals determine significance.,"[""CTX-SWEEP-0002"",""CTX-SWEEP-0027""]",SUPPORTING_EVIDENCE,"{""source_dataset"":""analytics/crypto_graphframes_exact_relationships.csv""}",2026.07.18.1
CRYPTO_KENNEL_LONG_CON,GF-1247,GF-SWEEP,SAME_SWEEP_WALLET,CTX-SWEEP-0003,CTX-SWEEP-0028,destination_wallet_id,W-OMNIBUS,norm-v1,CURATED_APPROXIMATION,GRAPHFRAMES_EXACT_MATCH,false,SENIOR_V1_TO_CANONICAL_V1,APPROVED,Omnibus wallets can be legitimate; custody and withdrawals determine significance.,"[""CTX-SWEEP-0003"",""CTX-SWEEP-0028""]",SUPPORTING_EVIDENCE,"{""source_dataset"":""analytics/crypto_graphframes_exact_relationships.csv""}",2026.07.18.1
CRYPTO_KENNEL_LONG_CON,GF-1248,GF-SWEEP,SAME_SWEEP_WALLET,CTX-SWEEP-0004,CTX-SWEEP-0029,destination_wallet_id,W-OMNIBUS,norm-v1,CURATED_APPROXIMATION,GRAPHFRAMES_EXACT_MATCH,false,SENIOR_V1_TO_CANONICAL_V1,APPROVED,Omnibus wallets can be legitimate; custody and withdrawals determine significance.,"[""CTX-SWEEP-0004"",""CTX-SWEEP-0029""]",SUPPORTING_EVIDENCE,"{""source_dataset"":""analytics/crypto_graphframes_exact_relationships.csv""}",2026.07.18.1
CRYPTO_KENNEL_LONG_CON,GF-1249,GF-SWEEP,SAME_SWEEP_WALLET,CTX-SWEEP-0005,CTX-SWEEP-0030,destination_wallet_id,W-OMNIBUS,norm-v1,CURATED_APPROXIMATION,GRAPHFRAMES_EXACT_MATCH,false,SENIOR_V1_TO_CANONICAL_V1,APPROVED,Omnibus wallets can be legitimate; custody and withdrawals determine significance.,"[""CTX-SWEEP-0005"",""CTX-SWEEP-0030""]",SUPPORTING_EVIDENCE,"{""source_dataset"":""analytics/crypto_graphframes_exact_relationships.csv""}",2026.07.18.1
CRYPTO_KENNEL_LONG_CON,GF-1250,GF-SWEEP,SAME_SWEEP_WALLET,CTX-SWEEP-0006,CTX-SWEEP-0031,destination_wallet_id,W-OMNIBUS,norm-v1,CURATED_APPROXIMATION,GRAPHFRAMES_EXACT_MATCH,false,SENIOR_V1_TO_CANONICAL_V1,APPROVED,Omnibus wallets can be legitimate; custody and withdrawals determine significance.,"[""CTX-SWEEP-0006"",""CTX-SWEEP-0031""]",SUPPORTING_EVIDENCE,"{""source_dataset"":""analytics/crypto_graphframes_exact_relationships.csv""}",2026.07.18.1
CRYPTO_KENNEL_LONG_CON,GF-1251,GF-SWEEP,SAME_SWEEP_WALLET,CTX-SWEEP-0007,CTX-SWEEP-0032,destination_wallet_id,W-OMNIBUS,norm-v1,CURATED_APPROXIMATION,GRAPHFRAMES_EXACT_MATCH,false,SENIOR_V1_TO_CANONICAL_V1,APPROVED,Omnibus wallets can be legitimate; custody and withdrawals determine significance.,"[""CTX-SWEEP-0007"",""CTX-SWEEP-0032""]",SUPPORTING_EVIDENCE,"{""source_dataset"":""analytics/crypto_graphframes_exact_relationships.csv""}",2026.07.18.1
CRYPTO_KENNEL_LONG_CON,GF-1252,GF-SWEEP,SAME_SWEEP_WALLET,CTX-SWEEP-0008,CTX-SWEEP-0033,destination_wallet_id,W-OMNIBUS,norm-v1,CURATED_APPROXIMATION,GRAPHFRAMES_EXACT_MATCH,false,SENIOR_V1_TO_CANONICAL_V1,APPROVED,Omnibus wallets can be legitimate; custody and withdrawals determine significance.,"[""CTX-SWEEP-0008"",""CTX-SWEEP-0033""]",SUPPORTING_EVIDENCE,"{""source_dataset"":""analytics/crypto_graphframes_exact_relationships.csv""}",2026.07.18.1
CRYPTO_KENNEL_LONG_CON,GF-1253,GF-SWEEP,SAME_SWEEP_WALLET,CTX-SWEEP-0009,CTX-SWEEP-0034,destination_wallet_id,W-OMNIBUS,norm-v1,CURATED_APPROXIMATION,GRAPHFRAMES_EXACT_MATCH,false,SENIOR_V1_TO_CANONICAL_V1,APPROVED,Omnibus wallets can be legitimate; custody and withdrawals determine significance.,"[""CTX-SWEEP-0009"",""CTX-SWEEP-0034""]",SUPPORTING_EVIDENCE,"{""source_dataset"":""analytics/crypto_graphframes_exact_relationships.csv""}",2026.07.18.1
CRYPTO_KENNEL_LONG_CON,GF-1254,GF-SWEEP,SAME_SWEEP_WALLET,CTX-SWEEP-0010,CTX-SWEEP-0035,destination_wallet_id,W-OMNIBUS,norm-v1,CURATED_APPROXIMATION,GRAPHFRAMES_EXACT_MATCH,false,SENIOR_V1_TO_CANONICAL_V1,APPROVED,Omnibus wallets can be legitimate; custody and withdrawals determine significance.,"[""CTX-SWEEP-0010"",""CTX-SWEEP-0035""]",SUPPORTING_EVIDENCE,"{""source_dataset"":""analytics/crypto_graphframes_exact_relationships.csv""}",2026.07.18.1
CRYPTO_KENNEL_LONG_CON,GF-1255,GF-SWEEP,SAME_SWEEP_WALLET,CTX-SWEEP-0011,CTX-SWEEP-0036,destination_wallet_id,W-OMNIBUS,norm-v1,CURATED_APPROXIMATION,GRAPHFRAMES_EXACT_MATCH,false,SENIOR_V1_TO_CANONICAL_V1,APPROVED,Omnibus wallets can be legitimate; custody and withdrawals determine significance.,"[""CTX-SWEEP-0011"",""CTX-SWEEP-0036""]",SUPPORTING_EVIDENCE,"{""source_dataset"":""analytics/crypto_graphframes_exact_relationships.csv""}",2026.07.18.1
CRYPTO_KENNEL_LONG_CON,GF-1256,GF-SWEEP,SAME_SWEEP_WALLET,CTX-SWEEP-0012,CTX-SWEEP-0037,destination_wallet_id,W-OMNIBUS,norm-v1,CURATED_APPROXIMATION,GRAPHFRAMES_EXACT_MATCH,false,SENIOR_V1_TO_CANONICAL_V1,APPROVED,Omnibus wallets can be legitimate; custody and withdrawals determine significance.,"[""CTX-SWEEP-0012"",""CTX-SWEEP-0037""]",SUPPORTING_EVIDENCE,"{""source_dataset"":""analytics/crypto_graphframes_exact_relationships.csv""}",2026.07.18.1
CRYPTO_KENNEL_LONG_CON,GF-1257,GF-SWEEP,SAME_SWEEP_WALLET,CTX-SWEEP-0013,CTX-SWEEP-0038,destination_wallet_id,W-OMNIBUS,norm-v1,CURATED_APPROXIMATION,GRAPHFRAMES_EXACT_MATCH,false,SENIOR_V1_TO_CANONICAL_V1,APPROVED,Omnibus wallets can be legitimate; custody and withdrawals determine significance.,"[""CTX-SWEEP-0013"",""CTX-SWEEP-0038""]",SUPPORTING_EVIDENCE,"{""source_dataset"":""analytics/crypto_graphframes_exact_relationships.csv""}",2026.07.18.1
CRYPTO_KENNEL_LONG_CON,GF-1258,GF-SWEEP,SAME_SWEEP_WALLET,CTX-SWEEP-0014,CTX-SWEEP-0039,destination_wallet_id,W-OMNIBUS,norm-v1,CURATED_APPROXIMATION,GRAPHFRAMES_EXACT_MATCH,false,SENIOR_V1_TO_CANONICAL_V1,APPROVED,Omnibus wallets can be legitimate; custody and withdrawals determine significance.,"[""CTX-SWEEP-0014"",""CTX-SWEEP-0039""]",SUPPORTING_EVIDENCE,"{""source_dataset"":""analytics/crypto_graphframes_exact_relationships.csv""}",2026.07.18.1
CRYPTO_KENNEL_LONG_CON,GF-1259,GF-SWEEP,SAME_SWEEP_WALLET,CTX-SWEEP-0015,CTX-SWEEP-0040,destination_wallet_id,W-OMNIBUS,norm-v1,CURATED_APPROXIMATION,GRAPHFRAMES_EXACT_MATCH,false,SENIOR_V1_TO_CANONICAL_V1,APPROVED,Omnibus wallets can be legitimate; custody and withdrawals determine significance.,"[""CTX-SWEEP-0015"",""CTX-SWEEP-0040""]",SUPPORTING_EVIDENCE,"{""source_dataset"":""analytics/crypto_graphframes_exact_relationships.csv""}",2026.07.18.1
CRYPTO_KENNEL_LONG_CON,GF-1260,GF-SWEEP,SAME_SWEEP_WALLET,CTX-SWEEP-0016,CTX-SWEEP-0041,destination_wallet_id,W-OMNIBUS,norm-v1,CURATED_APPROXIMATION,GRAPHFRAMES_EXACT_MATCH,false,SENIOR_V1_TO_CANONICAL_V1,APPROVED,Omnibus wallets can be legitimate; custody and withdrawals determine significance.,"[""CTX-SWEEP-0016"",""CTX-SWEEP-0041""]",SUPPORTING_EVIDENCE,"{""source_dataset"":""analytics/crypto_graphframes_exact_relationships.csv""}",2026.07.18.1
CRYPTO_KENNEL_LONG_CON,GF-1261,GF-SWEEP,SAME_SWEEP_WALLET,CTX-SWEEP-0017,CTX-SWEEP-0042,destination_wallet_id,W-OMNIBUS,norm-v1,CURATED_APPROXIMATION,GRAPHFRAMES_EXACT_MATCH,false,SENIOR_V1_TO_CANONICAL_V1,APPROVED,Omnibus wallets can be legitimate; custody and withdrawals determine significance.,"[""CTX-SWEEP-0017"",""CTX-SWEEP-0042""]",SUPPORTING_EVIDENCE,"{""source_dataset"":""analytics/crypto_graphframes_exact_relationships.csv""}",2026.07.18.1
CRYPTO_KENNEL_LONG_CON,GF-1262,GF-SWEEP,SAME_SWEEP_WALLET,CTX-SWEEP-0018,CTX-SWEEP-0043,destination_wallet_id,W-OMNIBUS,norm-v1,CURATED_APPROXIMATION,GRAPHFRAMES_EXACT_MATCH,false,SENIOR_V1_TO_CANONICAL_V1,APPROVED,Omnibus wallets can be legitimate; custody and withdrawals determine significance.,"[""CTX-SWEEP-0018"",""CTX-SWEEP-0043""]",SUPPORTING_EVIDENCE,"{""source_dataset"":""analytics/crypto_graphframes_exact_relationships.csv""}",2026.07.18.1
CRYPTO_KENNEL_LONG_CON,GF-1263,GF-SWEEP,SAME_SWEEP_WALLET,CTX-SWEEP-0019,CTX-SWEEP-0044,destination_wallet_id,W-OMNIBUS,norm-v1,CURATED_APPROXIMATION,GRAPHFRAMES_EXACT_MATCH,false,SENIOR_V1_TO_CANONICAL_V1,APPROVED,Omnibus wallets can be legitimate; custody and withdrawals determine significance.,"[""CTX-SWEEP-0019"",""CTX-SWEEP-0044""]",SUPPORTING_EVIDENCE,"{""source_dataset"":""analytics/crypto_graphframes_exact_relationships.csv""}",2026.07.18.1
CRYPTO_KENNEL_LONG_CON,GF-1264,GF-SWEEP,SAME_SWEEP_WALLET,CTX-SWEEP-0020,CTX-SWEEP-0045,destination_wallet_id,W-OMNIBUS,norm-v1,CURATED_APPROXIMATION,GRAPHFRAMES_EXACT_MATCH,false,SENIOR_V1_TO_CANONICAL_V1,APPROVED,Omnibus wallets can be legitimate; custody and withdrawals determine significance.,"[""CTX-SWEEP-0020"",""CTX-SWEEP-0045""]",SUPPORTING_EVIDENCE,"{""source_dataset"":""analytics/crypto_graphframes_exact_relationships.csv""}",2026.07.18.1
CRYPTO_KENNEL_LONG_CON,GF-1265,GF-SWEEP,SAME_SWEEP_WALLET,CTX-SWEEP-0021,CTX-SWEEP-0046,destination_wallet_id,W-OMNIBUS,norm-v1,CURATED_APPROXIMATION,GRAPHFRAMES_EXACT_MATCH,false,SENIOR_V1_TO_CANONICAL_V1,APPROVED,Omnibus wallets can be legitimate; custody and withdrawals determine significance.,"[""CTX-SWEEP-0021"",""CTX-SWEEP-0046""]",SUPPORTING_EVIDENCE,"{""source_dataset"":""analytics/crypto_graphframes_exact_relationships.csv""}",2026.07.18.1
CRYPTO_KENNEL_LONG_CON,GF-1266,GF-SWEEP,SAME_SWEEP_WALLET,CTX-SWEEP-0022,CTX-SWEEP-0047,destination_wallet_id,W-OMNIBUS,norm-v1,CURATED_APPROXIMATION,GRAPHFRAMES_EXACT_MATCH,false,SENIOR_V1_TO_CANONICAL_V1,APPROVED,Omnibus wallets can be legitimate; custody and withdrawals determine significance.,"[""CTX-SWEEP-0022"",""CTX-SWEEP-0047""]",SUPPORTING_EVIDENCE,"{""source_dataset"":""analytics/crypto_graphframes_exact_relationships.csv""}",2026.07.18.1
CRYPTO_KENNEL_LONG_CON,GF-1267,GF-SWEEP,SAME_SWEEP_WALLET,CTX-SWEEP-0023,CTX-SWEEP-0048,destination_wallet_id,W-OMNIBUS,norm-v1,CURATED_APPROXIMATION,GRAPHFRAMES_EXACT_MATCH,false,SENIOR_V1_TO_CANONICAL_V1,APPROVED,Omnibus wallets can be legitimate; custody and withdrawals determine significance.,"[""CTX-SWEEP-0023"",""CTX-SWEEP-0048""]",SUPPORTING_EVIDENCE,"{""source_dataset"":""analytics/crypto_graphframes_exact_relationships.csv""}",2026.07.18.1
CRYPTO_KENNEL_LONG_CON,GF-1268,GF-SWEEP,SAME_SWEEP_WALLET,CTX-SWEEP-0024,CTX-SWEEP-0049,destination_wallet_id,W-OMNIBUS,norm-v1,CURATED_APPROXIMATION,GRAPHFRAMES_EXACT_MATCH,false,SENIOR_V1_TO_CANONICAL_V1,APPROVED,Omnibus wallets can be legitimate; custody and withdrawals determine significance.,"[""CTX-SWEEP-0024"",""CTX-SWEEP-0049""]",SUPPORTING_EVIDENCE,"{""source_dataset"":""analytics/crypto_graphframes_exact_relationships.csv""}",2026.07.18.1
CRYPTO_KENNEL_LONG_CON,GF-1269,GF-SWEEP,SAME_SWEEP_WALLET,CTX-SWEEP-0025,CTX-SWEEP-0050,destination_wallet_id,W-OMNIBUS,norm-v1,CURATED_APPROXIMATION,GRAPHFRAMES_EXACT_MATCH,false,SENIOR_V1_TO_CANONICAL_V1,APPROVED,Omnibus wallets can be legitimate; custody and withdrawals determine significance.,"[""CTX-SWEEP-0025"",""CTX-SWEEP-0050""]",SUPPORTING_EVIDENCE,"{""source_dataset"":""analytics/crypto_graphframes_exact_relationships.csv""}",2026.07.18.1
CRYPTO_KENNEL_LONG_CON,GF-1270,GF-SWEEP,SAME_SWEEP_WALLET,CTX-SWEEP-0026,CTX-SWEEP-0051,destination_wallet_id,W-OMNIBUS,norm-v1,CURATED_APPROXIMATION,GRAPHFRAMES_EXACT_MATCH,false,SENIOR_V1_TO_CANONICAL_V1,APPROVED,Omnibus wallets can be legitimate; custody and withdrawals determine significance.,"[""CTX-SWEEP-0026"",""CTX-SWEEP-0051""]",SUPPORTING_EVIDENCE,"{""source_dataset"":""analytics/crypto_graphframes_exact_relationships.csv""}",2026.07.18.1
CRYPTO_KENNEL_LONG_CON,GF-1271,GF-SWEEP,SAME_SWEEP_WALLET,CTX-SWEEP-0027,CTX-SWEEP-0052,destination_wallet_id,W-OMNIBUS,norm-v1,CURATED_APPROXIMATION,GRAPHFRAMES_EXACT_MATCH,false,SENIOR_V1_TO_CANONICAL_V1,APPROVED,Omnibus wallets can be legitimate; custody and withdrawals determine significance.,"[""CTX-SWEEP-0027"",""CTX-SWEEP-0052""]",SUPPORTING_EVIDENCE,"{""source_dataset"":""analytics/crypto_graphframes_exact_relationships.csv""}",2026.07.18.1
CRYPTO_KENNEL_LONG_CON,GF-1272,GF-SWEEP,SAME_SWEEP_WALLET,CTX-SWEEP-0028,CTX-SWEEP-0053,destination_wallet_id,W-OMNIBUS,norm-v1,CURATED_APPROXIMATION,GRAPHFRAMES_EXACT_MATCH,false,SENIOR_V1_TO_CANONICAL_V1,APPROVED,Omnibus wallets can be legitimate; custody and withdrawals determine significance.,"[""CTX-SWEEP-0028"",""CTX-SWEEP-0053""]",SUPPORTING_EVIDENCE,"{""source_dataset"":""analytics/crypto_graphframes_exact_relationships.csv""}",2026.07.18.1
CRYPTO_KENNEL_LONG_CON,GF-1273,GF-SWEEP,SAME_SWEEP_WALLET,CTX-SWEEP-0029,CTX-SWEEP-0054,destination_wallet_id,W-OMNIBUS,norm-v1,CURATED_APPROXIMATION,GRAPHFRAMES_EXACT_MATCH,false,SENIOR_V1_TO_CANONICAL_V1,APPROVED,Omnibus wallets can be legitimate; custody and withdrawals determine significance.,"[""CTX-SWEEP-0029"",""CTX-SWEEP-0054""]",SUPPORTING_EVIDENCE,"{""source_dataset"":""analytics/crypto_graphframes_exact_relationships.csv""}",2026.07.18.1
CRYPTO_KENNEL_LONG_CON,GF-1274,GF-SWEEP,SAME_SWEEP_WALLET,CTX-SWEEP-0030,CTX-SWEEP-0055,destination_wallet_id,W-OMNIBUS,norm-v1,CURATED_APPROXIMATION,GRAPHFRAMES_EXACT_MATCH,false,SENIOR_V1_TO_CANONICAL_V1,APPROVED,Omnibus wallets can be legitimate; custody and withdrawals determine significance.,"[""CTX-SWEEP-0030"",""CTX-SWEEP-0055""]",SUPPORTING_EVIDENCE,"{""source_dataset"":""analytics/crypto_graphframes_exact_relationships.csv""}",2026.07.18.1
CRYPTO_KENNEL_LONG_CON,GF-1275,GF-SWEEP,SAME_SWEEP_WALLET,CTX-SWEEP-0031,CTX-SWEEP-0056,destination_wallet_id,W-OMNIBUS,norm-v1,CURATED_APPROXIMATION,GRAPHFRAMES_EXACT_MATCH,false,SENIOR_V1_TO_CANONICAL_V1,APPROVED,Omnibus wallets can be legitimate; custody and withdrawals determine significance.,"[""CTX-SWEEP-0031"",""CTX-SWEEP-0056""]",SUPPORTING_EVIDENCE,"{""source_dataset"":""analytics/crypto_graphframes_exact_relationships.csv""}",2026.07.18.1
CRYPTO_KENNEL_LONG_CON,GF-1276,GF-SWEEP,SAME_SWEEP_WALLET,CTX-SWEEP-0032,CTX-SWEEP-0057,destination_wallet_id,W-OMNIBUS,norm-v1,CURATED_APPROXIMATION,GRAPHFRAMES_EXACT_MATCH,false,SENIOR_V1_TO_CANONICAL_V1,APPROVED,Omnibus wallets can be legitimate; custody and withdrawals determine significance.,"[""CTX-SWEEP-0032"",""CTX-SWEEP-0057""]",SUPPORTING_EVIDENCE,"{""source_dataset"":""analytics/crypto_graphframes_exact_relationships.csv""}",2026.07.18.1
CRYPTO_KENNEL_LONG_CON,GF-1277,GF-SWEEP,SAME_SWEEP_WALLET,CTX-SWEEP-0033,CTX-SWEEP-0058,destination_wallet_id,W-OMNIBUS,norm-v1,CURATED_APPROXIMATION,GRAPHFRAMES_EXACT_MATCH,false,SENIOR_V1_TO_CANONICAL_V1,APPROVED,Omnibus wallets can be legitimate; custody and withdrawals determine significance.,"[""CTX-SWEEP-0033"",""CTX-SWEEP-0058""]",SUPPORTING_EVIDENCE,"{""source_dataset"":""analytics/crypto_graphframes_exact_relationships.csv""}",2026.07.18.1
CRYPTO_KENNEL_LONG_CON,GF-1278,GF-SWEEP,SAME_SWEEP_WALLET,CTX-SWEEP-0034,CTX-SWEEP-0059,destination_wallet_id,W-OMNIBUS,norm-v1,CURATED_APPROXIMATION,GRAPHFRAMES_EXACT_MATCH,false,SENIOR_V1_TO_CANONICAL_V1,APPROVED,Omnibus wallets can be legitimate; custody and withdrawals determine significance.,"[""CTX-SWEEP-0034"",""CTX-SWEEP-0059""]",SUPPORTING_EVIDENCE,"{""source_dataset"":""analytics/crypto_graphframes_exact_relationships.csv""}",2026.07.18.1
CRYPTO_KENNEL_LONG_CON,GF-1279,GF-SWEEP,SAME_SWEEP_WALLET,CTX-SWEEP-0035,CTX-SWEEP-0060,destination_wallet_id,W-OMNIBUS,norm-v1,CURATED_APPROXIMATION,GRAPHFRAMES_EXACT_MATCH,false,SENIOR_V1_TO_CANONICAL_V1,APPROVED,Omnibus wallets can be legitimate; custody and withdrawals determine significance.,"[""CTX-SWEEP-0035"",""CTX-SWEEP-0060""]",SUPPORTING_EVIDENCE,"{""source_dataset"":""analytics/crypto_graphframes_exact_relationships.csv""}",2026.07.18.1
CRYPTO_KENNEL_LONG_CON,GF-1280,GF-SWEEP,SAME_SWEEP_WALLET,CTX-SWEEP-0036,CTX-SWEEP-0061,destination_wallet_id,W-OMNIBUS,norm-v1,CURATED_APPROXIMATION,GRAPHFRAMES_EXACT_MATCH,false,SENIOR_V1_TO_CANONICAL_V1,APPROVED,Omnibus wallets can be legitimate; custody and withdrawals determine significance.,"[""CTX-SWEEP-0036"",""CTX-SWEEP-0061""]",SUPPORTING_EVIDENCE,"{""source_dataset"":""analytics/crypto_graphframes_exact_relationships.csv""}",2026.07.18.1
CRYPTO_KENNEL_LONG_CON,GF-1281,GF-SWEEP,SAME_SWEEP_WALLET,CTX-SWEEP-0037,CTX-SWEEP-0062,destination_wallet_id,W-OMNIBUS,norm-v1,CURATED_APPROXIMATION,GRAPHFRAMES_EXACT_MATCH,false,SENIOR_V1_TO_CANONICAL_V1,APPROVED,Omnibus wallets can be legitimate; custody and withdrawals determine significance.,"[""CTX-SWEEP-0037"",""CTX-SWEEP-0062""]",SUPPORTING_EVIDENCE,"{""source_dataset"":""analytics/crypto_graphframes_exact_relationships.csv""}",2026.07.18.1
CRYPTO_KENNEL_LONG_CON,GF-1282,GF-SWEEP,SAME_SWEEP_WALLET,CTX-SWEEP-0038,CTX-SWEEP-0063,destination_wallet_id,W-OMNIBUS,norm-v1,CURATED_APPROXIMATION,GRAPHFRAMES_EXACT_MATCH,false,SENIOR_V1_TO_CANONICAL_V1,APPROVED,Omnibus wallets can be legitimate; custody and withdrawals determine significance.,"[""CTX-SWEEP-0038"",""CTX-SWEEP-0063""]",SUPPORTING_EVIDENCE,"{""source_dataset"":""analytics/crypto_graphframes_exact_relationships.csv""}",2026.07.18.1
CRYPTO_KENNEL_LONG_CON,GF-1283,GF-SWEEP,SAME_SWEEP_WALLET,CTX-SWEEP-0039,CTX-SWEEP-0064,destination_wallet_id,W-OMNIBUS,norm-v1,CURATED_APPROXIMATION,GRAPHFRAMES_EXACT_MATCH,false,SENIOR_V1_TO_CANONICAL_V1,APPROVED,Omnibus wallets can be legitimate; custody and withdrawals determine significance.,"[""CTX-SWEEP-0039"",""CTX-SWEEP-0064""]",SUPPORTING_EVIDENCE,"{""source_dataset"":""analytics/crypto_graphframes_exact_relationships.csv""}",2026.07.18.1
CRYPTO_KENNEL_LONG_CON,GF-1284,GF-SWEEP,SAME_SWEEP_WALLET,CTX-SWEEP-0040,CTX-SWEEP-0065,destination_wallet_id,W-OMNIBUS,norm-v1,CURATED_APPROXIMATION,GRAPHFRAMES_EXACT_MATCH,false,SENIOR_V1_TO_CANONICAL_V1,APPROVED,Omnibus wallets can be legitimate; custody and withdrawals determine significance.,"[""CTX-SWEEP-0040"",""CTX-SWEEP-0065""]",SUPPORTING_EVIDENCE,"{""source_dataset"":""analytics/crypto_graphframes_exact_relationships.csv""}",2026.07.18.1
CRYPTO_KENNEL_LONG_CON,GF-1285,GF-SWEEP,SAME_SWEEP_WALLET,CTX-SWEEP-0041,CTX-SWEEP-0066,destination_wallet_id,W-OMNIBUS,norm-v1,CURATED_APPROXIMATION,GRAPHFRAMES_EXACT_MATCH,false,SENIOR_V1_TO_CANONICAL_V1,APPROVED,Omnibus wallets can be legitimate; custody and withdrawals determine significance.,"[""CTX-SWEEP-0041"",""CTX-SWEEP-0066""]",SUPPORTING_EVIDENCE,"{""source_dataset"":""analytics/crypto_graphframes_exact_relationships.csv""}",2026.07.18.1
CRYPTO_KENNEL_LONG_CON,GF-1286,GF-SWEEP,SAME_SWEEP_WALLET,CTX-SWEEP-0042,CTX-SWEEP-0067,destination_wallet_id,W-OMNIBUS,norm-v1,CURATED_APPROXIMATION,GRAPHFRAMES_EXACT_MATCH,false,SENIOR_V1_TO_CANONICAL_V1,APPROVED,Omnibus wallets can be legitimate; custody and withdrawals determine significance.,"[""CTX-SWEEP-0042"",""CTX-SWEEP-0067""]",SUPPORTING_EVIDENCE,"{""source_dataset"":""analytics/crypto_graphframes_exact_relationships.csv""}",2026.07.18.1
CRYPTO_KENNEL_LONG_CON,GF-1287,GF-SWEEP,SAME_SWEEP_WALLET,CTX-SWEEP-0043,CTX-SWEEP-0068,destination_wallet_id,W-OMNIBUS,norm-v1,CURATED_APPROXIMATION,GRAPHFRAMES_EXACT_MATCH,false,SENIOR_V1_TO_CANONICAL_V1,APPROVED,Omnibus wallets can be legitimate; custody and withdrawals determine significance.,"[""CTX-SWEEP-0043"",""CTX-SWEEP-0068""]",SUPPORTING_EVIDENCE,"{""source_dataset"":""analytics/crypto_graphframes_exact_relationships.csv""}",2026.07.18.1
CRYPTO_KENNEL_LONG_CON,GF-1288,GF-SWEEP,SAME_SWEEP_WALLET,CTX-SWEEP-0044,CTX-SWEEP-0069,destination_wallet_id,W-OMNIBUS,norm-v1,CURATED_APPROXIMATION,GRAPHFRAMES_EXACT_MATCH,false,SENIOR_V1_TO_CANONICAL_V1,APPROVED,Omnibus wallets can be legitimate; custody and withdrawals determine significance.,"[""CTX-SWEEP-0044"",""CTX-SWEEP-0069""]",SUPPORTING_EVIDENCE,"{""source_dataset"":""analytics/crypto_graphframes_exact_relationships.csv""}",2026.07.18.1
CRYPTO_KENNEL_LONG_CON,GF-1289,GF-SWEEP,SAME_SWEEP_WALLET,CTX-SWEEP-0045,CTX-SWEEP-0070,destination_wallet_id,W-OMNIBUS,norm-v1,CURATED_APPROXIMATION,GRAPHFRAMES_EXACT_MATCH,false,SENIOR_V1_TO_CANONICAL_V1,APPROVED,Omnibus wallets can be legitimate; custody and withdrawals determine significance.,"[""CTX-SWEEP-0045"",""CTX-SWEEP-0070""]",SUPPORTING_EVIDENCE,"{""source_dataset"":""analytics/crypto_graphframes_exact_relationships.csv""}",2026.07.18.1
CRYPTO_KENNEL_LONG_CON,GF-1290,GF-SWEEP,SAME_SWEEP_WALLET,CTX-SWEEP-0046,CTX-SWEEP-0071,destination_wallet_id,W-OMNIBUS,norm-v1,CURATED_APPROXIMATION,GRAPHFRAMES_EXACT_MATCH,false,SENIOR_V1_TO_CANONICAL_V1,APPROVED,Omnibus wallets can be legitimate; custody and withdrawals determine significance.,"[""CTX-SWEEP-0046"",""CTX-SWEEP-0071""]",SUPPORTING_EVIDENCE,"{""source_dataset"":""analytics/crypto_graphframes_exact_relationships.csv""}",2026.07.18.1
CRYPTO_KENNEL_LONG_CON,GF-1291,GF-SWEEP,SAME_SWEEP_WALLET,CTX-SWEEP-0047,CTX-SWEEP-0072,destination_wallet_id,W-OMNIBUS,norm-v1,CURATED_APPROXIMATION,GRAPHFRAMES_EXACT_MATCH,false,SENIOR_V1_TO_CANONICAL_V1,APPROVED,Omnibus wallets can be legitimate; custody and withdrawals determine significance.,"[""CTX-SWEEP-0047"",""CTX-SWEEP-0072""]",SUPPORTING_EVIDENCE,"{""source_dataset"":""analytics/crypto_graphframes_exact_relationships.csv""}",2026.07.18.1
CRYPTO_KENNEL_LONG_CON,GF-1292,GF-SWEEP,SAME_SWEEP_WALLET,CTX-SWEEP-0048,CTX-SWEEP-0073,destination_wallet_id,W-OMNIBUS,norm-v1,CURATED_APPROXIMATION,GRAPHFRAMES_EXACT_MATCH,false,SENIOR_V1_TO_CANONICAL_V1,APPROVED,Omnibus wallets can be legitimate; custody and withdrawals determine significance.,"[""CTX-SWEEP-0048"",""CTX-SWEEP-0073""]",SUPPORTING_EVIDENCE,"{""source_dataset"":""analytics/crypto_graphframes_exact_relationships.csv""}",2026.07.18.1
CRYPTO_KENNEL_LONG_CON,GF-1293,GF-SWEEP,SAME_SWEEP_WALLET,CTX-SWEEP-0049,CTX-SWEEP-0074,destination_wallet_id,W-OMNIBUS,norm-v1,CURATED_APPROXIMATION,GRAPHFRAMES_EXACT_MATCH,false,SENIOR_V1_TO_CANONICAL_V1,APPROVED,Omnibus wallets can be legitimate; custody and withdrawals determine significance.,"[""CTX-SWEEP-0049"",""CTX-SWEEP-0074""]",SUPPORTING_EVIDENCE,"{""source_dataset"":""analytics/crypto_graphframes_exact_relationships.csv""}",2026.07.18.1
CRYPTO_KENNEL_LONG_CON,GF-1294,GF-SWEEP,SAME_SWEEP_WALLET,CTX-SWEEP-0050,CTX-SWEEP-0075,destination_wallet_id,W-OMNIBUS,norm-v1,CURATED_APPROXIMATION,GRAPHFRAMES_EXACT_MATCH,false,SENIOR_V1_TO_CANONICAL_V1,APPROVED,Omnibus wallets can be legitimate; custody and withdrawals determine significance.,"[""CTX-SWEEP-0050"",""CTX-SWEEP-0075""]",SUPPORTING_EVIDENCE,"{""source_dataset"":""analytics/crypto_graphframes_exact_relationships.csv""}",2026.07.18.1
CRYPTO_KENNEL_LONG_CON,GF-1295,GF-SWEEP,SAME_SWEEP_WALLET,CTX-SWEEP-0051,CTX-SWEEP-0076,destination_wallet_id,W-OMNIBUS,norm-v1,CURATED_APPROXIMATION,GRAPHFRAMES_EXACT_MATCH,false,SENIOR_V1_TO_CANONICAL_V1,APPROVED,Omnibus wallets can be legitimate; custody and withdrawals determine significance.,"[""CTX-SWEEP-0051"",""CTX-SWEEP-0076""]",SUPPORTING_EVIDENCE,"{""source_dataset"":""analytics/crypto_graphframes_exact_relationships.csv""}",2026.07.18.1
CRYPTO_KENNEL_LONG_CON,GF-1296,GF-SWEEP,SAME_SWEEP_WALLET,CTX-SWEEP-0052,CTX-SWEEP-0077,destination_wallet_id,W-OMNIBUS,norm-v1,CURATED_APPROXIMATION,GRAPHFRAMES_EXACT_MATCH,false,SENIOR_V1_TO_CANONICAL_V1,APPROVED,Omnibus wallets can be legitimate; custody and withdrawals determine significance.,"[""CTX-SWEEP-0052"",""CTX-SWEEP-0077""]",SUPPORTING_EVIDENCE,"{""source_dataset"":""analytics/crypto_graphframes_exact_relationships.csv""}",2026.07.18.1
CRYPTO_KENNEL_LONG_CON,GF-1297,GF-SWEEP,SAME_SWEEP_WALLET,CTX-SWEEP-0053,CTX-SWEEP-0078,destination_wallet_id,W-OMNIBUS,norm-v1,CURATED_APPROXIMATION,GRAPHFRAMES_EXACT_MATCH,false,SENIOR_V1_TO_CANONICAL_V1,APPROVED,Omnibus wallets can be legitimate; custody and withdrawals determine significance.,"[""CTX-SWEEP-0053"",""CTX-SWEEP-0078""]",SUPPORTING_EVIDENCE,"{""source_dataset"":""analytics/crypto_graphframes_exact_relationships.csv""}",2026.07.18.1
CRYPTO_KENNEL_LONG_CON,GF-1298,GF-SWEEP,SAME_SWEEP_WALLET,CTX-SWEEP-0054,CTX-SWEEP-0079,destination_wallet_id,W-OMNIBUS,norm-v1,CURATED_APPROXIMATION,GRAPHFRAMES_EXACT_MATCH,false,SENIOR_V1_TO_CANONICAL_V1,APPROVED,Omnibus wallets can be legitimate; custody and withdrawals determine significance.,"[""CTX-SWEEP-0054"",""CTX-SWEEP-0079""]",SUPPORTING_EVIDENCE,"{""source_dataset"":""analytics/crypto_graphframes_exact_relationships.csv""}",2026.07.18.1
CRYPTO_KENNEL_LONG_CON,GF-1299,GF-SWEEP,SAME_SWEEP_WALLET,CTX-SWEEP-0055,CTX-SWEEP-0080,destination_wallet_id,W-OMNIBUS,norm-v1,CURATED_APPROXIMATION,GRAPHFRAMES_EXACT_MATCH,false,SENIOR_V1_TO_CANONICAL_V1,APPROVED,Omnibus wallets can be legitimate; custody and withdrawals determine significance.,"[""CTX-SWEEP-0055"",""CTX-SWEEP-0080""]",SUPPORTING_EVIDENCE,"{""source_dataset"":""analytics/crypto_graphframes_exact_relationships.csv""}",2026.07.18.1
CRYPTO_KENNEL_LONG_CON,GF-1300,GF-SWEEP,SAME_SWEEP_WALLET,CTX-SWEEP-0056,CTX-SWEEP-0081,destination_wallet_id,W-OMNIBUS,norm-v1,CURATED_APPROXIMATION,GRAPHFRAMES_EXACT_MATCH,false,SENIOR_V1_TO_CANONICAL_V1,APPROVED,Omnibus wallets can be legitimate; custody and withdrawals determine significance.,"[""CTX-SWEEP-0056"",""CTX-SWEEP-0081""]",SUPPORTING_EVIDENCE,"{""source_dataset"":""analytics/crypto_graphframes_exact_relationships.csv""}",2026.07.18.1
CRYPTO_KENNEL_LONG_CON,GF-1301,GF-SWEEP,SAME_SWEEP_WALLET,CTX-SWEEP-0057,CTX-SWEEP-0082,destination_wallet_id,W-OMNIBUS,norm-v1,CURATED_APPROXIMATION,GRAPHFRAMES_EXACT_MATCH,false,SENIOR_V1_TO_CANONICAL_V1,APPROVED,Omnibus wallets can be legitimate; custody and withdrawals determine significance.,"[""CTX-SWEEP-0057"",""CTX-SWEEP-0082""]",SUPPORTING_EVIDENCE,"{""source_dataset"":""analytics/crypto_graphframes_exact_relationships.csv""}",2026.07.18.1
CRYPTO_KENNEL_LONG_CON,GF-1302,GF-SWEEP,SAME_SWEEP_WALLET,CTX-SWEEP-0058,CTX-SWEEP-0083,destination_wallet_id,W-OMNIBUS,norm-v1,CURATED_APPROXIMATION,GRAPHFRAMES_EXACT_MATCH,false,SENIOR_V1_TO_CANONICAL_V1,APPROVED,Omnibus wallets can be legitimate; custody and withdrawals determine significance.,"[""CTX-SWEEP-0058"",""CTX-SWEEP-0083""]",SUPPORTING_EVIDENCE,"{""source_dataset"":""analytics/crypto_graphframes_exact_relationships.csv""}",2026.07.18.1
CRYPTO_KENNEL_LONG_CON,GF-1303,GF-SWEEP,SAME_SWEEP_WALLET,CTX-SWEEP-0059,CTX-SWEEP-0084,destination_wallet_id,W-OMNIBUS,norm-v1,CURATED_APPROXIMATION,GRAPHFRAMES_EXACT_MATCH,false,SENIOR_V1_TO_CANONICAL_V1,APPROVED,Omnibus wallets can be legitimate; custody and withdrawals determine significance.,"[""CTX-SWEEP-0059"",""CTX-SWEEP-0084""]",SUPPORTING_EVIDENCE,"{""source_dataset"":""analytics/crypto_graphframes_exact_relationships.csv""}",2026.07.18.1
CRYPTO_KENNEL_LONG_CON,GF-1304,GF-SWEEP,SAME_SWEEP_WALLET,CTX-SWEEP-0060,CTX-SWEEP-0085,destination_wallet_id,W-OMNIBUS,norm-v1,CURATED_APPROXIMATION,GRAPHFRAMES_EXACT_MATCH,false,SENIOR_V1_TO_CANONICAL_V1,APPROVED,Omnibus wallets can be legitimate; custody and withdrawals determine significance.,"[""CTX-SWEEP-0060"",""CTX-SWEEP-0085""]",SUPPORTING_EVIDENCE,"{""source_dataset"":""analytics/crypto_graphframes_exact_relationships.csv""}",2026.07.18.1
CRYPTO_KENNEL_LONG_CON,GF-1305,GF-SWEEP,SAME_SWEEP_WALLET,CTX-SWEEP-0061,CTX-SWEEP-0086,destination_wallet_id,W-OMNIBUS,norm-v1,CURATED_APPROXIMATION,GRAPHFRAMES_EXACT_MATCH,false,SENIOR_V1_TO_CANONICAL_V1,APPROVED,Omnibus wallets can be legitimate; custody and withdrawals determine significance.,"[""CTX-SWEEP-0061"",""CTX-SWEEP-0086""]",SUPPORTING_EVIDENCE,"{""source_dataset"":""analytics/crypto_graphframes_exact_relationships.csv""}",2026.07.18.1
CRYPTO_KENNEL_LONG_CON,GF-1306,GF-SWEEP,SAME_SWEEP_WALLET,CTX-SWEEP-0062,CTX-SWEEP-0087,destination_wallet_id,W-OMNIBUS,norm-v1,CURATED_APPROXIMATION,GRAPHFRAMES_EXACT_MATCH,false,SENIOR_V1_TO_CANONICAL_V1,APPROVED,Omnibus wallets can be legitimate; custody and withdrawals determine significance.,"[""CTX-SWEEP-0062"",""CTX-SWEEP-0087""]",SUPPORTING_EVIDENCE,"{""source_dataset"":""analytics/crypto_graphframes_exact_relationships.csv""}",2026.07.18.1
CRYPTO_KENNEL_LONG_CON,GF-1307,GF-SWEEP,SAME_SWEEP_WALLET,CTX-SWEEP-0063,CTX-SWEEP-0088,destination_wallet_id,W-OMNIBUS,norm-v1,CURATED_APPROXIMATION,GRAPHFRAMES_EXACT_MATCH,false,SENIOR_V1_TO_CANONICAL_V1,APPROVED,Omnibus wallets can be legitimate; custody and withdrawals determine significance.,"[""CTX-SWEEP-0063"",""CTX-SWEEP-0088""]",SUPPORTING_EVIDENCE,"{""source_dataset"":""analytics/crypto_graphframes_exact_relationships.csv""}",2026.07.18.1
CRYPTO_KENNEL_LONG_CON,GF-1308,GF-SWEEP,SAME_SWEEP_WALLET,CTX-SWEEP-0064,CTX-SWEEP-0089,destination_wallet_id,W-OMNIBUS,norm-v1,CURATED_APPROXIMATION,GRAPHFRAMES_EXACT_MATCH,false,SENIOR_V1_TO_CANONICAL_V1,APPROVED,Omnibus wallets can be legitimate; custody and withdrawals determine significance.,"[""CTX-SWEEP-0064"",""CTX-SWEEP-0089""]",SUPPORTING_EVIDENCE,"{""source_dataset"":""analytics/crypto_graphframes_exact_relationships.csv""}",2026.07.18.1
CRYPTO_KENNEL_LONG_CON,GF-1309,GF-SWEEP,SAME_SWEEP_WALLET,CTX-SWEEP-0065,CTX-SWEEP-0090,destination_wallet_id,W-OMNIBUS,norm-v1,CURATED_APPROXIMATION,GRAPHFRAMES_EXACT_MATCH,false,SENIOR_V1_TO_CANONICAL_V1,APPROVED,Omnibus wallets can be legitimate; custody and withdrawals determine significance.,"[""CTX-SWEEP-0065"",""CTX-SWEEP-0090""]",SUPPORTING_EVIDENCE,"{""source_dataset"":""analytics/crypto_graphframes_exact_relationships.csv""}",2026.07.18.1
CRYPTO_KENNEL_LONG_CON,GF-1310,GF-SWEEP,SAME_SWEEP_WALLET,CTX-SWEEP-0066,CTX-SWEEP-0091,destination_wallet_id,W-OMNIBUS,norm-v1,CURATED_APPROXIMATION,GRAPHFRAMES_EXACT_MATCH,false,SENIOR_V1_TO_CANONICAL_V1,APPROVED,Omnibus wallets can be legitimate; custody and withdrawals determine significance.,"[""CTX-SWEEP-0066"",""CTX-SWEEP-0091""]",SUPPORTING_EVIDENCE,"{""source_dataset"":""analytics/crypto_graphframes_exact_relationships.csv""}",2026.07.18.1
CRYPTO_KENNEL_LONG_CON,GF-1311,GF-SWEEP,SAME_SWEEP_WALLET,CTX-SWEEP-0067,CTX-SWEEP-0092,destination_wallet_id,W-OMNIBUS,norm-v1,CURATED_APPROXIMATION,GRAPHFRAMES_EXACT_MATCH,false,SENIOR_V1_TO_CANONICAL_V1,APPROVED,Omnibus wallets can be legitimate; custody and withdrawals determine significance.,"[""CTX-SWEEP-0067"",""CTX-SWEEP-0092""]",SUPPORTING_EVIDENCE,"{""source_dataset"":""analytics/crypto_graphframes_exact_relationships.csv""}",2026.07.18.1
CRYPTO_KENNEL_LONG_CON,GF-1312,GF-SWEEP,SAME_SWEEP_WALLET,CTX-SWEEP-0068,CTX-SWEEP-0093,destination_wallet_id,W-OMNIBUS,norm-v1,CURATED_APPROXIMATION,GRAPHFRAMES_EXACT_MATCH,false,SENIOR_V1_TO_CANONICAL_V1,APPROVED,Omnibus wallets can be legitimate; custody and withdrawals determine significance.,"[""CTX-SWEEP-0068"",""CTX-SWEEP-0093""]",SUPPORTING_EVIDENCE,"{""source_dataset"":""analytics/crypto_graphframes_exact_relationships.csv""}",2026.07.18.1
CRYPTO_KENNEL_LONG_CON,GF-1313,GF-SWEEP,SAME_SWEEP_WALLET,CTX-SWEEP-0069,CTX-SWEEP-0094,destination_wallet_id,W-OMNIBUS,norm-v1,CURATED_APPROXIMATION,GRAPHFRAMES_EXACT_MATCH,false,SENIOR_V1_TO_CANONICAL_V1,APPROVED,Omnibus wallets can be legitimate; custody and withdrawals determine significance.,"[""CTX-SWEEP-0069"",""CTX-SWEEP-0094""]",SUPPORTING_EVIDENCE,"{""source_dataset"":""analytics/crypto_graphframes_exact_relationships.csv""}",2026.07.18.1
CRYPTO_KENNEL_LONG_CON,GF-1314,GF-SWEEP,SAME_SWEEP_WALLET,CTX-SWEEP-0070,CTX-SWEEP-0095,destination_wallet_id,W-OMNIBUS,norm-v1,CURATED_APPROXIMATION,GRAPHFRAMES_EXACT_MATCH,false,SENIOR_V1_TO_CANONICAL_V1,APPROVED,Omnibus wallets can be legitimate; custody and withdrawals determine significance.,"[""CTX-SWEEP-0070"",""CTX-SWEEP-0095""]",SUPPORTING_EVIDENCE,"{""source_dataset"":""analytics/crypto_graphframes_exact_relationships.csv""}",2026.07.18.1
CRYPTO_KENNEL_LONG_CON,GF-1315,GF-SWEEP,SAME_SWEEP_WALLET,CTX-SWEEP-0071,CTX-SWEEP-0096,destination_wallet_id,W-OMNIBUS,norm-v1,CURATED_APPROXIMATION,GRAPHFRAMES_EXACT_MATCH,false,SENIOR_V1_TO_CANONICAL_V1,APPROVED,Omnibus wallets can be legitimate; custody and withdrawals determine significance.,"[""CTX-SWEEP-0071"",""CTX-SWEEP-0096""]",SUPPORTING_EVIDENCE,"{""source_dataset"":""analytics/crypto_graphframes_exact_relationships.csv""}",2026.07.18.1
CRYPTO_KENNEL_LONG_CON,GF-1316,GF-SWEEP,SAME_SWEEP_WALLET,CTX-SWEEP-0072,CTX-SWEEP-0097,destination_wallet_id,W-OMNIBUS,norm-v1,CURATED_APPROXIMATION,GRAPHFRAMES_EXACT_MATCH,false,SENIOR_V1_TO_CANONICAL_V1,APPROVED,Omnibus wallets can be legitimate; custody and withdrawals determine significance.,"[""CTX-SWEEP-0072"",""CTX-SWEEP-0097""]",SUPPORTING_EVIDENCE,"{""source_dataset"":""analytics/crypto_graphframes_exact_relationships.csv""}",2026.07.18.1
CRYPTO_KENNEL_LONG_CON,GF-1317,GF-SWEEP,SAME_SWEEP_WALLET,CTX-SWEEP-0073,CTX-SWEEP-0098,destination_wallet_id,W-OMNIBUS,norm-v1,CURATED_APPROXIMATION,GRAPHFRAMES_EXACT_MATCH,false,SENIOR_V1_TO_CANONICAL_V1,APPROVED,Omnibus wallets can be legitimate; custody and withdrawals determine significance.,"[""CTX-SWEEP-0073"",""CTX-SWEEP-0098""]",SUPPORTING_EVIDENCE,"{""source_dataset"":""analytics/crypto_graphframes_exact_relationships.csv""}",2026.07.18.1
CRYPTO_KENNEL_LONG_CON,GF-1318,GF-SWEEP,SAME_SWEEP_WALLET,CTX-SWEEP-0074,CTX-SWEEP-0099,destination_wallet_id,W-OMNIBUS,norm-v1,CURATED_APPROXIMATION,GRAPHFRAMES_EXACT_MATCH,false,SENIOR_V1_TO_CANONICAL_V1,APPROVED,Omnibus wallets can be legitimate; custody and withdrawals determine significance.,"[""CTX-SWEEP-0074"",""CTX-SWEEP-0099""]",SUPPORTING_EVIDENCE,"{""source_dataset"":""analytics/crypto_graphframes_exact_relationships.csv""}",2026.07.18.1
CRYPTO_KENNEL_LONG_CON,GF-1319,GF-SWEEP,SAME_SWEEP_WALLET,CTX-SWEEP-0075,CTX-SWEEP-0100,destination_wallet_id,W-OMNIBUS,norm-v1,CURATED_APPROXIMATION,GRAPHFRAMES_EXACT_MATCH,false,SENIOR_V1_TO_CANONICAL_V1,APPROVED,Omnibus wallets can be legitimate; custody and withdrawals determine significance.,"[""CTX-SWEEP-0075"",""CTX-SWEEP-0100""]",SUPPORTING_EVIDENCE,"{""source_dataset"":""analytics/crypto_graphframes_exact_relationships.csv""}",2026.07.18.1
CRYPTO_KENNEL_LONG_CON,GF-1320,GF-SWEEP,SAME_SWEEP_WALLET,CTX-SWEEP-0076,CTX-SWEEP-0101,destination_wallet_id,W-OMNIBUS,norm-v1,CURATED_APPROXIMATION,GRAPHFRAMES_EXACT_MATCH,false,SENIOR_V1_TO_CANONICAL_V1,APPROVED,Omnibus wallets can be legitimate; custody and withdrawals determine significance.,"[""CTX-SWEEP-0076"",""CTX-SWEEP-0101""]",SUPPORTING_EVIDENCE,"{""source_dataset"":""analytics/crypto_graphframes_exact_relationships.csv""}",2026.07.18.1
CRYPTO_KENNEL_LONG_CON,GF-1321,GF-SWEEP,SAME_SWEEP_WALLET,CTX-SWEEP-0077,CTX-SWEEP-0102,destination_wallet_id,W-OMNIBUS,norm-v1,CURATED_APPROXIMATION,GRAPHFRAMES_EXACT_MATCH,false,SENIOR_V1_TO_CANONICAL_V1,APPROVED,Omnibus wallets can be legitimate; custody and withdrawals determine significance.,"[""CTX-SWEEP-0077"",""CTX-SWEEP-0102""]",SUPPORTING_EVIDENCE,"{""source_dataset"":""analytics/crypto_graphframes_exact_relationships.csv""}",2026.07.18.1
CRYPTO_KENNEL_LONG_CON,GF-1322,GF-SWEEP,SAME_SWEEP_WALLET,CTX-SWEEP-0078,CTX-SWEEP-0103,destination_wallet_id,W-OMNIBUS,norm-v1,CURATED_APPROXIMATION,GRAPHFRAMES_EXACT_MATCH,false,SENIOR_V1_TO_CANONICAL_V1,APPROVED,Omnibus wallets can be legitimate; custody and withdrawals determine significance.,"[""CTX-SWEEP-0078"",""CTX-SWEEP-0103""]",SUPPORTING_EVIDENCE,"{""source_dataset"":""analytics/crypto_graphframes_exact_relationships.csv""}",2026.07.18.1
CRYPTO_KENNEL_LONG_CON,GF-1323,GF-SWEEP,SAME_SWEEP_WALLET,CTX-SWEEP-0079,CTX-SWEEP-0104,destination_wallet_id,W-OMNIBUS,norm-v1,CURATED_APPROXIMATION,GRAPHFRAMES_EXACT_MATCH,false,SENIOR_V1_TO_CANONICAL_V1,APPROVED,Omnibus wallets can be legitimate; custody and withdrawals determine significance.,"[""CTX-SWEEP-0079"",""CTX-SWEEP-0104""]",SUPPORTING_EVIDENCE,"{""source_dataset"":""analytics/crypto_graphframes_exact_relationships.csv""}",2026.07.18.1
CRYPTO_KENNEL_LONG_CON,GF-1324,GF-SWEEP,SAME_SWEEP_WALLET,CTX-SWEEP-0080,CTX-SWEEP-0105,destination_wallet_id,W-OMNIBUS,norm-v1,CURATED_APPROXIMATION,GRAPHFRAMES_EXACT_MATCH,false,SENIOR_V1_TO_CANONICAL_V1,APPROVED,Omnibus wallets can be legitimate; custody and withdrawals determine significance.,"[""CTX-SWEEP-0080"",""CTX-SWEEP-0105""]",SUPPORTING_EVIDENCE,"{""source_dataset"":""analytics/crypto_graphframes_exact_relationships.csv""}",2026.07.18.1
CRYPTO_KENNEL_LONG_CON,GF-1325,GF-SWEEP,SAME_SWEEP_WALLET,CTX-SWEEP-0081,CTX-SWEEP-0106,destination_wallet_id,W-OMNIBUS,norm-v1,CURATED_APPROXIMATION,GRAPHFRAMES_EXACT_MATCH,false,SENIOR_V1_TO_CANONICAL_V1,APPROVED,Omnibus wallets can be legitimate; custody and withdrawals determine significance.,"[""CTX-SWEEP-0081"",""CTX-SWEEP-0106""]",SUPPORTING_EVIDENCE,"{""source_dataset"":""analytics/crypto_graphframes_exact_relationships.csv""}",2026.07.18.1
CRYPTO_KENNEL_LONG_CON,GF-1326,GF-SWEEP,SAME_SWEEP_WALLET,CTX-SWEEP-0082,CTX-SWEEP-0107,destination_wallet_id,W-OMNIBUS,norm-v1,CURATED_APPROXIMATION,GRAPHFRAMES_EXACT_MATCH,false,SENIOR_V1_TO_CANONICAL_V1,APPROVED,Omnibus wallets can be legitimate; custody and withdrawals determine significance.,"[""CTX-SWEEP-0082"",""CTX-SWEEP-0107""]",SUPPORTING_EVIDENCE,"{""source_dataset"":""analytics/crypto_graphframes_exact_relationships.csv""}",2026.07.18.1
CRYPTO_KENNEL_LONG_CON,GF-1327,GF-SWEEP,SAME_SWEEP_WALLET,CTX-SWEEP-0083,CTX-SWEEP-0108,destination_wallet_id,W-OMNIBUS,norm-v1,CURATED_APPROXIMATION,GRAPHFRAMES_EXACT_MATCH,false,SENIOR_V1_TO_CANONICAL_V1,APPROVED,Omnibus wallets can be legitimate; custody and withdrawals determine significance.,"[""CTX-SWEEP-0083"",""CTX-SWEEP-0108""]",SUPPORTING_EVIDENCE,"{""source_dataset"":""analytics/crypto_graphframes_exact_relationships.csv""}",2026.07.18.1
CRYPTO_KENNEL_LONG_CON,GF-1328,GF-SWEEP,SAME_SWEEP_WALLET,CTX-SWEEP-0084,CTX-SWEEP-0109,destination_wallet_id,W-OMNIBUS,norm-v1,CURATED_APPROXIMATION,GRAPHFRAMES_EXACT_MATCH,false,SENIOR_V1_TO_CANONICAL_V1,APPROVED,Omnibus wallets can be legitimate; custody and withdrawals determine significance.,"[""CTX-SWEEP-0084"",""CTX-SWEEP-0109""]",SUPPORTING_EVIDENCE,"{""source_dataset"":""analytics/crypto_graphframes_exact_relationships.csv""}",2026.07.18.1
CRYPTO_KENNEL_LONG_CON,GF-1329,GF-SWEEP,SAME_SWEEP_WALLET,CTX-SWEEP-0085,CTX-SWEEP-0110,destination_wallet_id,W-OMNIBUS,norm-v1,CURATED_APPROXIMATION,GRAPHFRAMES_EXACT_MATCH,false,SENIOR_V1_TO_CANONICAL_V1,APPROVED,Omnibus wallets can be legitimate; custody and withdrawals determine significance.,"[""CTX-SWEEP-0085"",""CTX-SWEEP-0110""]",SUPPORTING_EVIDENCE,"{""source_dataset"":""analytics/crypto_graphframes_exact_relationships.csv""}",2026.07.18.1
CRYPTO_KENNEL_LONG_CON,GF-1330,GF-SWEEP,SAME_SWEEP_WALLET,CTX-SWEEP-0086,CTX-SWEEP-0111,destination_wallet_id,W-OMNIBUS,norm-v1,CURATED_APPROXIMATION,GRAPHFRAMES_EXACT_MATCH,false,SENIOR_V1_TO_CANONICAL_V1,APPROVED,Omnibus wallets can be legitimate; custody and withdrawals determine significance.,"[""CTX-SWEEP-0086"",""CTX-SWEEP-0111""]",SUPPORTING_EVIDENCE,"{""source_dataset"":""analytics/crypto_graphframes_exact_relationships.csv""}",2026.07.18.1
CRYPTO_KENNEL_LONG_CON,GF-1331,GF-SWEEP,SAME_SWEEP_WALLET,CTX-SWEEP-0087,CTX-SWEEP-0112,destination_wallet_id,W-OMNIBUS,norm-v1,CURATED_APPROXIMATION,GRAPHFRAMES_EXACT_MATCH,false,SENIOR_V1_TO_CANONICAL_V1,APPROVED,Omnibus wallets can be legitimate; custody and withdrawals determine significance.,"[""CTX-SWEEP-0087"",""CTX-SWEEP-0112""]",SUPPORTING_EVIDENCE,"{""source_dataset"":""analytics/crypto_graphframes_exact_relationships.csv""}",2026.07.18.1
CRYPTO_KENNEL_LONG_CON,GF-1332,GF-SWEEP,SAME_SWEEP_WALLET,CTX-SWEEP-0088,CTX-SWEEP-0113,destination_wallet_id,W-OMNIBUS,norm-v1,CURATED_APPROXIMATION,GRAPHFRAMES_EXACT_MATCH,false,SENIOR_V1_TO_CANONICAL_V1,APPROVED,Omnibus wallets can be legitimate; custody and withdrawals determine significance.,"[""CTX-SWEEP-0088"",""CTX-SWEEP-0113""]",SUPPORTING_EVIDENCE,"{""source_dataset"":""analytics/crypto_graphframes_exact_relationships.csv""}",2026.07.18.1
CRYPTO_KENNEL_LONG_CON,GF-1333,GF-SWEEP,SAME_SWEEP_WALLET,CTX-SWEEP-0089,CTX-SWEEP-0114,destination_wallet_id,W-OMNIBUS,norm-v1,CURATED_APPROXIMATION,GRAPHFRAMES_EXACT_MATCH,false,SENIOR_V1_TO_CANONICAL_V1,APPROVED,Omnibus wallets can be legitimate; custody and withdrawals determine significance.,"[""CTX-SWEEP-0089"",""CTX-SWEEP-0114""]",SUPPORTING_EVIDENCE,"{""source_dataset"":""analytics/crypto_graphframes_exact_relationships.csv""}",2026.07.18.1
CRYPTO_KENNEL_LONG_CON,GF-1334,GF-SWEEP,SAME_SWEEP_WALLET,CTX-SWEEP-0090,CTX-SWEEP-0115,destination_wallet_id,W-OMNIBUS,norm-v1,CURATED_APPROXIMATION,GRAPHFRAMES_EXACT_MATCH,false,SENIOR_V1_TO_CANONICAL_V1,APPROVED,Omnibus wallets can be legitimate; custody and withdrawals determine significance.,"[""CTX-SWEEP-0090"",""CTX-SWEEP-0115""]",SUPPORTING_EVIDENCE,"{""source_dataset"":""analytics/crypto_graphframes_exact_relationships.csv""}",2026.07.18.1
CRYPTO_KENNEL_LONG_CON,GF-1335,GF-SWEEP,SAME_SWEEP_WALLET,CTX-SWEEP-0091,CTX-SWEEP-0116,destination_wallet_id,W-OMNIBUS,norm-v1,CURATED_APPROXIMATION,GRAPHFRAMES_EXACT_MATCH,false,SENIOR_V1_TO_CANONICAL_V1,APPROVED,Omnibus wallets can be legitimate; custody and withdrawals determine significance.,"[""CTX-SWEEP-0091"",""CTX-SWEEP-0116""]",SUPPORTING_EVIDENCE,"{""source_dataset"":""analytics/crypto_graphframes_exact_relationships.csv""}",2026.07.18.1
CRYPTO_KENNEL_LONG_CON,GF-1336,GF-SWEEP,SAME_SWEEP_WALLET,CTX-SWEEP-0092,CTX-SWEEP-0117,destination_wallet_id,W-OMNIBUS,norm-v1,CURATED_APPROXIMATION,GRAPHFRAMES_EXACT_MATCH,false,SENIOR_V1_TO_CANONICAL_V1,APPROVED,Omnibus wallets can be legitimate; custody and withdrawals determine significance.,"[""CTX-SWEEP-0092"",""CTX-SWEEP-0117""]",SUPPORTING_EVIDENCE,"{""source_dataset"":""analytics/crypto_graphframes_exact_relationships.csv""}",2026.07.18.1
CRYPTO_KENNEL_LONG_CON,GF-1337,GF-SWEEP,SAME_SWEEP_WALLET,CTX-SWEEP-0093,CTX-SWEEP-0118,destination_wallet_id,W-OMNIBUS,norm-v1,CURATED_APPROXIMATION,GRAPHFRAMES_EXACT_MATCH,false,SENIOR_V1_TO_CANONICAL_V1,APPROVED,Omnibus wallets can be legitimate; custody and withdrawals determine significance.,"[""CTX-SWEEP-0093"",""CTX-SWEEP-0118""]",SUPPORTING_EVIDENCE,"{""source_dataset"":""analytics/crypto_graphframes_exact_relationships.csv""}",2026.07.18.1
CRYPTO_KENNEL_LONG_CON,GF-1338,GF-SWEEP,SAME_SWEEP_WALLET,CTX-SWEEP-0094,CTX-SWEEP-0119,destination_wallet_id,W-OMNIBUS,norm-v1,CURATED_APPROXIMATION,GRAPHFRAMES_EXACT_MATCH,false,SENIOR_V1_TO_CANONICAL_V1,APPROVED,Omnibus wallets can be legitimate; custody and withdrawals determine significance.,"[""CTX-SWEEP-0094"",""CTX-SWEEP-0119""]",SUPPORTING_EVIDENCE,"{""source_dataset"":""analytics/crypto_graphframes_exact_relationships.csv""}",2026.07.18.1
CRYPTO_KENNEL_LONG_CON,GF-1339,GF-SWEEP,SAME_SWEEP_WALLET,CTX-SWEEP-0095,CTX-SWEEP-0120,destination_wallet_id,W-OMNIBUS,norm-v1,CURATED_APPROXIMATION,GRAPHFRAMES_EXACT_MATCH,false,SENIOR_V1_TO_CANONICAL_V1,APPROVED,Omnibus wallets can be legitimate; custody and withdrawals determine significance.,"[""CTX-SWEEP-0095"",""CTX-SWEEP-0120""]",SUPPORTING_EVIDENCE,"{""source_dataset"":""analytics/crypto_graphframes_exact_relationships.csv""}",2026.07.18.1
CRYPTO_KENNEL_LONG_CON,GF-1340,GF-SWEEP,SAME_SWEEP_WALLET,CTX-SWEEP-0096,CTX-SWEEP-0121,destination_wallet_id,W-OMNIBUS,norm-v1,CURATED_APPROXIMATION,GRAPHFRAMES_EXACT_MATCH,false,SENIOR_V1_TO_CANONICAL_V1,APPROVED,Omnibus wallets can be legitimate; custody and withdrawals determine significance.,"[""CTX-SWEEP-0096"",""CTX-SWEEP-0121""]",SUPPORTING_EVIDENCE,"{""source_dataset"":""analytics/crypto_graphframes_exact_relationships.csv""}",2026.07.18.1
CRYPTO_KENNEL_LONG_CON,GF-1341,GF-SWEEP,SAME_SWEEP_WALLET,CTX-SWEEP-0097,CTX-SWEEP-0122,destination_wallet_id,W-OMNIBUS,norm-v1,CURATED_APPROXIMATION,GRAPHFRAMES_EXACT_MATCH,false,SENIOR_V1_TO_CANONICAL_V1,APPROVED,Omnibus wallets can be legitimate; custody and withdrawals determine significance.,"[""CTX-SWEEP-0097"",""CTX-SWEEP-0122""]",SUPPORTING_EVIDENCE,"{""source_dataset"":""analytics/crypto_graphframes_exact_relationships.csv""}",2026.07.18.1
CRYPTO_KENNEL_LONG_CON,GF-1342,GF-SWEEP,SAME_SWEEP_WALLET,CTX-SWEEP-0098,CTX-SWEEP-0123,destination_wallet_id,W-OMNIBUS,norm-v1,CURATED_APPROXIMATION,GRAPHFRAMES_EXACT_MATCH,false,SENIOR_V1_TO_CANONICAL_V1,APPROVED,Omnibus wallets can be legitimate; custody and withdrawals determine significance.,"[""CTX-SWEEP-0098"",""CTX-SWEEP-0123""]",SUPPORTING_EVIDENCE,"{""source_dataset"":""analytics/crypto_graphframes_exact_relationships.csv""}",2026.07.18.1
CRYPTO_KENNEL_LONG_CON,GF-1343,GF-SWEEP,SAME_SWEEP_WALLET,CTX-SWEEP-0099,CTX-SWEEP-0124,destination_wallet_id,W-OMNIBUS,norm-v1,CURATED_APPROXIMATION,GRAPHFRAMES_EXACT_MATCH,false,SENIOR_V1_TO_CANONICAL_V1,APPROVED,Omnibus wallets can be legitimate; custody and withdrawals determine significance.,"[""CTX-SWEEP-0099"",""CTX-SWEEP-0124""]",SUPPORTING_EVIDENCE,"{""source_dataset"":""analytics/crypto_graphframes_exact_relationships.csv""}",2026.07.18.1
CRYPTO_KENNEL_LONG_CON,GF-1344,GF-SWEEP,SAME_SWEEP_WALLET,CTX-SWEEP-0100,CTX-SWEEP-0125,destination_wallet_id,W-OMNIBUS,norm-v1,CURATED_APPROXIMATION,GRAPHFRAMES_EXACT_MATCH,false,SENIOR_V1_TO_CANONICAL_V1,APPROVED,Omnibus wallets can be legitimate; custody and withdrawals determine significance.,"[""CTX-SWEEP-0100"",""CTX-SWEEP-0125""]",SUPPORTING_EVIDENCE,"{""source_dataset"":""analytics/crypto_graphframes_exact_relationships.csv""}",2026.07.18.1
CRYPTO_KENNEL_LONG_CON,GF-1345,GF-SWEEP,SAME_SWEEP_WALLET,CTX-SWEEP-0101,CTX-SWEEP-0126,destination_wallet_id,W-OMNIBUS,norm-v1,CURATED_APPROXIMATION,GRAPHFRAMES_EXACT_MATCH,false,SENIOR_V1_TO_CANONICAL_V1,APPROVED,Omnibus wallets can be legitimate; custody and withdrawals determine significance.,"[""CTX-SWEEP-0101"",""CTX-SWEEP-0126""]",SUPPORTING_EVIDENCE,"{""source_dataset"":""analytics/crypto_graphframes_exact_relationships.csv""}",2026.07.18.1
CRYPTO_KENNEL_LONG_CON,GF-1346,GF-SWEEP,SAME_SWEEP_WALLET,CTX-SWEEP-0102,CTX-SWEEP-0127,destination_wallet_id,W-OMNIBUS,norm-v1,CURATED_APPROXIMATION,GRAPHFRAMES_EXACT_MATCH,false,SENIOR_V1_TO_CANONICAL_V1,APPROVED,Omnibus wallets can be legitimate; custody and withdrawals determine significance.,"[""CTX-SWEEP-0102"",""CTX-SWEEP-0127""]",SUPPORTING_EVIDENCE,"{""source_dataset"":""analytics/crypto_graphframes_exact_relationships.csv""}",2026.07.18.1
CRYPTO_KENNEL_LONG_CON,GF-1347,GF-SWEEP,SAME_SWEEP_WALLET,CTX-SWEEP-0103,CTX-SWEEP-0128,destination_wallet_id,W-OMNIBUS,norm-v1,CURATED_APPROXIMATION,GRAPHFRAMES_EXACT_MATCH,false,SENIOR_V1_TO_CANONICAL_V1,APPROVED,Omnibus wallets can be legitimate; custody and withdrawals determine significance.,"[""CTX-SWEEP-0103"",""CTX-SWEEP-0128""]",SUPPORTING_EVIDENCE,"{""source_dataset"":""analytics/crypto_graphframes_exact_relationships.csv""}",2026.07.18.1
CRYPTO_KENNEL_LONG_CON,GF-1348,GF-SWEEP,SAME_SWEEP_WALLET,CTX-SWEEP-0104,CTX-SWEEP-0129,destination_wallet_id,W-OMNIBUS,norm-v1,CURATED_APPROXIMATION,GRAPHFRAMES_EXACT_MATCH,false,SENIOR_V1_TO_CANONICAL_V1,APPROVED,Omnibus wallets can be legitimate; custody and withdrawals determine significance.,"[""CTX-SWEEP-0104"",""CTX-SWEEP-0129""]",SUPPORTING_EVIDENCE,"{""source_dataset"":""analytics/crypto_graphframes_exact_relationships.csv""}",2026.07.18.1
CRYPTO_KENNEL_LONG_CON,GF-1349,GF-SWEEP,SAME_SWEEP_WALLET,CTX-SWEEP-0105,CTX-SWEEP-0130,destination_wallet_id,W-OMNIBUS,norm-v1,CURATED_APPROXIMATION,GRAPHFRAMES_EXACT_MATCH,false,SENIOR_V1_TO_CANONICAL_V1,APPROVED,Omnibus wallets can be legitimate; custody and withdrawals determine significance.,"[""CTX-SWEEP-0105"",""CTX-SWEEP-0130""]",SUPPORTING_EVIDENCE,"{""source_dataset"":""analytics/crypto_graphframes_exact_relationships.csv""}",2026.07.18.1
CRYPTO_KENNEL_LONG_CON,GF-1350,GF-SWEEP,SAME_SWEEP_WALLET,CTX-SWEEP-0106,CTX-SWEEP-0131,destination_wallet_id,W-OMNIBUS,norm-v1,CURATED_APPROXIMATION,GRAPHFRAMES_EXACT_MATCH,false,SENIOR_V1_TO_CANONICAL_V1,APPROVED,Omnibus wallets can be legitimate; custody and withdrawals determine significance.,"[""CTX-SWEEP-0106"",""CTX-SWEEP-0131""]",SUPPORTING_EVIDENCE,"{""source_dataset"":""analytics/crypto_graphframes_exact_relationships.csv""}",2026.07.18.1
CRYPTO_KENNEL_LONG_CON,GF-1351,GF-SWEEP,SAME_SWEEP_WALLET,CTX-SWEEP-0107,CTX-SWEEP-0132,destination_wallet_id,W-OMNIBUS,norm-v1,CURATED_APPROXIMATION,GRAPHFRAMES_EXACT_MATCH,false,SENIOR_V1_TO_CANONICAL_V1,APPROVED,Omnibus wallets can be legitimate; custody and withdrawals determine significance.,"[""CTX-SWEEP-0107"",""CTX-SWEEP-0132""]",SUPPORTING_EVIDENCE,"{""source_dataset"":""analytics/crypto_graphframes_exact_relationships.csv""}",2026.07.18.1
CRYPTO_KENNEL_LONG_CON,GF-1352,GF-SWEEP,SAME_SWEEP_WALLET,CTX-SWEEP-0108,CTX-SWEEP-0133,destination_wallet_id,W-OMNIBUS,norm-v1,CURATED_APPROXIMATION,GRAPHFRAMES_EXACT_MATCH,false,SENIOR_V1_TO_CANONICAL_V1,APPROVED,Omnibus wallets can be legitimate; custody and withdrawals determine significance.,"[""CTX-SWEEP-0108"",""CTX-SWEEP-0133""]",SUPPORTING_EVIDENCE,"{""source_dataset"":""analytics/crypto_graphframes_exact_relationships.csv""}",2026.07.18.1
CRYPTO_KENNEL_LONG_CON,GF-1353,GF-SWEEP,SAME_SWEEP_WALLET,CTX-SWEEP-0109,CTX-SWEEP-0134,destination_wallet_id,W-OMNIBUS,norm-v1,CURATED_APPROXIMATION,GRAPHFRAMES_EXACT_MATCH,false,SENIOR_V1_TO_CANONICAL_V1,APPROVED,Omnibus wallets can be legitimate; custody and withdrawals determine significance.,"[""CTX-SWEEP-0109"",""CTX-SWEEP-0134""]",SUPPORTING_EVIDENCE,"{""source_dataset"":""analytics/crypto_graphframes_exact_relationships.csv""}",2026.07.18.1
CRYPTO_KENNEL_LONG_CON,GF-1354,GF-SWEEP,SAME_SWEEP_WALLET,CTX-SWEEP-0110,CTX-SWEEP-0135,destination_wallet_id,W-OMNIBUS,norm-v1,CURATED_APPROXIMATION,GRAPHFRAMES_EXACT_MATCH,false,SENIOR_V1_TO_CANONICAL_V1,APPROVED,Omnibus wallets can be legitimate; custody and withdrawals determine significance.,"[""CTX-SWEEP-0110"",""CTX-SWEEP-0135""]",SUPPORTING_EVIDENCE,"{""source_dataset"":""analytics/crypto_graphframes_exact_relationships.csv""}",2026.07.18.1
CRYPTO_KENNEL_LONG_CON,GF-1355,GF-SWEEP,SAME_SWEEP_WALLET,CTX-SWEEP-0111,CTX-SWEEP-0136,destination_wallet_id,W-OMNIBUS,norm-v1,CURATED_APPROXIMATION,GRAPHFRAMES_EXACT_MATCH,false,SENIOR_V1_TO_CANONICAL_V1,APPROVED,Omnibus wallets can be legitimate; custody and withdrawals determine significance.,"[""CTX-SWEEP-0111"",""CTX-SWEEP-0136""]",SUPPORTING_EVIDENCE,"{""source_dataset"":""analytics/crypto_graphframes_exact_relationships.csv""}",2026.07.18.1
CRYPTO_KENNEL_LONG_CON,GF-1356,GF-SWEEP,SAME_SWEEP_WALLET,CTX-SWEEP-0112,CTX-SWEEP-0137,destination_wallet_id,W-OMNIBUS,norm-v1,CURATED_APPROXIMATION,GRAPHFRAMES_EXACT_MATCH,false,SENIOR_V1_TO_CANONICAL_V1,APPROVED,Omnibus wallets can be legitimate; custody and withdrawals determine significance.,"[""CTX-SWEEP-0112"",""CTX-SWEEP-0137""]",SUPPORTING_EVIDENCE,"{""source_dataset"":""analytics/crypto_graphframes_exact_relationships.csv""}",2026.07.18.1
CRYPTO_KENNEL_LONG_CON,GF-1357,GF-SWEEP,SAME_SWEEP_WALLET,CTX-SWEEP-0113,CTX-SWEEP-0138,destination_wallet_id,W-OMNIBUS,norm-v1,CURATED_APPROXIMATION,GRAPHFRAMES_EXACT_MATCH,false,SENIOR_V1_TO_CANONICAL_V1,APPROVED,Omnibus wallets can be legitimate; custody and withdrawals determine significance.,"[""CTX-SWEEP-0113"",""CTX-SWEEP-0138""]",SUPPORTING_EVIDENCE,"{""source_dataset"":""analytics/crypto_graphframes_exact_relationships.csv""}",2026.07.18.1
CRYPTO_KENNEL_LONG_CON,GF-1358,GF-SWEEP,SAME_SWEEP_WALLET,CTX-SWEEP-0114,CTX-SWEEP-0139,destination_wallet_id,W-OMNIBUS,norm-v1,CURATED_APPROXIMATION,GRAPHFRAMES_EXACT_MATCH,false,SENIOR_V1_TO_CANONICAL_V1,APPROVED,Omnibus wallets can be legitimate; custody and withdrawals determine significance.,"[""CTX-SWEEP-0114"",""CTX-SWEEP-0139""]",SUPPORTING_EVIDENCE,"{""source_dataset"":""analytics/crypto_graphframes_exact_relationships.csv""}",2026.07.18.1
CRYPTO_KENNEL_LONG_CON,GF-1359,GF-SWEEP,SAME_SWEEP_WALLET,CTX-SWEEP-0115,CTX-SWEEP-0140,destination_wallet_id,W-OMNIBUS,norm-v1,CURATED_APPROXIMATION,GRAPHFRAMES_EXACT_MATCH,false,SENIOR_V1_TO_CANONICAL_V1,APPROVED,Omnibus wallets can be legitimate; custody and withdrawals determine significance.,"[""CTX-SWEEP-0115"",""CTX-SWEEP-0140""]",SUPPORTING_EVIDENCE,"{""source_dataset"":""analytics/crypto_graphframes_exact_relationships.csv""}",2026.07.18.1
CRYPTO_KENNEL_LONG_CON,GF-1360,GF-SWEEP,SAME_SWEEP_WALLET,CTX-SWEEP-0116,CTX-SWEEP-0141,destination_wallet_id,W-OMNIBUS,norm-v1,CURATED_APPROXIMATION,GRAPHFRAMES_EXACT_MATCH,false,SENIOR_V1_TO_CANONICAL_V1,APPROVED,Omnibus wallets can be legitimate; custody and withdrawals determine significance.,"[""CTX-SWEEP-0116"",""CTX-SWEEP-0141""]",SUPPORTING_EVIDENCE,"{""source_dataset"":""analytics/crypto_graphframes_exact_relationships.csv""}",2026.07.18.1
CRYPTO_KENNEL_LONG_CON,GF-1361,GF-SWEEP,SAME_SWEEP_WALLET,CTX-SWEEP-0117,CTX-SWEEP-0142,destination_wallet_id,W-OMNIBUS,norm-v1,CURATED_APPROXIMATION,GRAPHFRAMES_EXACT_MATCH,false,SENIOR_V1_TO_CANONICAL_V1,APPROVED,Omnibus wallets can be legitimate; custody and withdrawals determine significance.,"[""CTX-SWEEP-0117"",""CTX-SWEEP-0142""]",SUPPORTING_EVIDENCE,"{""source_dataset"":""analytics/crypto_graphframes_exact_relationships.csv""}",2026.07.18.1
CRYPTO_KENNEL_LONG_CON,GF-1362,GF-SWEEP,SAME_SWEEP_WALLET,CTX-SWEEP-0118,CTX-SWEEP-0143,destination_wallet_id,W-OMNIBUS,norm-v1,CURATED_APPROXIMATION,GRAPHFRAMES_EXACT_MATCH,false,SENIOR_V1_TO_CANONICAL_V1,APPROVED,Omnibus wallets can be legitimate; custody and withdrawals determine significance.,"[""CTX-SWEEP-0118"",""CTX-SWEEP-0143""]",SUPPORTING_EVIDENCE,"{""source_dataset"":""analytics/crypto_graphframes_exact_relationships.csv""}",2026.07.18.1
CRYPTO_KENNEL_LONG_CON,GF-1363,GF-SWEEP,SAME_SWEEP_WALLET,CTX-SWEEP-0119,CTX-SWEEP-0144,destination_wallet_id,W-OMNIBUS,norm-v1,CURATED_APPROXIMATION,GRAPHFRAMES_EXACT_MATCH,false,SENIOR_V1_TO_CANONICAL_V1,APPROVED,Omnibus wallets can be legitimate; custody and withdrawals determine significance.,"[""CTX-SWEEP-0119"",""CTX-SWEEP-0144""]",SUPPORTING_EVIDENCE,"{""source_dataset"":""analytics/crypto_graphframes_exact_relationships.csv""}",2026.07.18.1
CRYPTO_KENNEL_LONG_CON,GF-1364,GF-SWEEP,SAME_SWEEP_WALLET,CTX-SWEEP-0120,CTX-SWEEP-0145,destination_wallet_id,W-OMNIBUS,norm-v1,CURATED_APPROXIMATION,GRAPHFRAMES_EXACT_MATCH,false,SENIOR_V1_TO_CANONICAL_V1,APPROVED,Omnibus wallets can be legitimate; custody and withdrawals determine significance.,"[""CTX-SWEEP-0120"",""CTX-SWEEP-0145""]",SUPPORTING_EVIDENCE,"{""source_dataset"":""analytics/crypto_graphframes_exact_relationships.csv""}",2026.07.18.1
CRYPTO_KENNEL_LONG_CON,GF-1365,GF-SWEEP,SAME_SWEEP_WALLET,CTX-SWEEP-0121,CTX-SWEEP-0146,destination_wallet_id,W-OMNIBUS,norm-v1,CURATED_APPROXIMATION,GRAPHFRAMES_EXACT_MATCH,false,SENIOR_V1_TO_CANONICAL_V1,APPROVED,Omnibus wallets can be legitimate; custody and withdrawals determine significance.,"[""CTX-SWEEP-0121"",""CTX-SWEEP-0146""]",SUPPORTING_EVIDENCE,"{""source_dataset"":""analytics/crypto_graphframes_exact_relationships.csv""}",2026.07.18.1
CRYPTO_KENNEL_LONG_CON,GF-1366,GF-SWEEP,SAME_SWEEP_WALLET,CTX-SWEEP-0122,CTX-SWEEP-0147,destination_wallet_id,W-OMNIBUS,norm-v1,CURATED_APPROXIMATION,GRAPHFRAMES_EXACT_MATCH,false,SENIOR_V1_TO_CANONICAL_V1,APPROVED,Omnibus wallets can be legitimate; custody and withdrawals determine significance.,"[""CTX-SWEEP-0122"",""CTX-SWEEP-0147""]",SUPPORTING_EVIDENCE,"{""source_dataset"":""analytics/crypto_graphframes_exact_relationships.csv""}",2026.07.18.1
CRYPTO_KENNEL_LONG_CON,GF-1367,GF-SWEEP,SAME_SWEEP_WALLET,CTX-SWEEP-0123,CTX-SWEEP-0148,destination_wallet_id,W-OMNIBUS,norm-v1,CURATED_APPROXIMATION,GRAPHFRAMES_EXACT_MATCH,false,SENIOR_V1_TO_CANONICAL_V1,APPROVED,Omnibus wallets can be legitimate; custody and withdrawals determine significance.,"[""CTX-SWEEP-0123"",""CTX-SWEEP-0148""]",SUPPORTING_EVIDENCE,"{""source_dataset"":""analytics/crypto_graphframes_exact_relationships.csv""}",2026.07.18.1
CRYPTO_KENNEL_LONG_CON,GF-1368,GF-SWEEP,SAME_SWEEP_WALLET,CTX-SWEEP-0124,CTX-SWEEP-0149,destination_wallet_id,W-OMNIBUS,norm-v1,CURATED_APPROXIMATION,GRAPHFRAMES_EXACT_MATCH,false,SENIOR_V1_TO_CANONICAL_V1,APPROVED,Omnibus wallets can be legitimate; custody and withdrawals determine significance.,"[""CTX-SWEEP-0124"",""CTX-SWEEP-0149""]",SUPPORTING_EVIDENCE,"{""source_dataset"":""analytics/crypto_graphframes_exact_relationships.csv""}",2026.07.18.1
CRYPTO_KENNEL_LONG_CON,GF-1369,GF-SWEEP,SAME_SWEEP_WALLET,CTX-SWEEP-0125,CTX-SWEEP-0150,destination_wallet_id,W-OMNIBUS,norm-v1,CURATED_APPROXIMATION,GRAPHFRAMES_EXACT_MATCH,false,SENIOR_V1_TO_CANONICAL_V1,APPROVED,Omnibus wallets can be legitimate; custody and withdrawals determine significance.,"[""CTX-SWEEP-0125"",""CTX-SWEEP-0150""]",SUPPORTING_EVIDENCE,"{""source_dataset"":""analytics/crypto_graphframes_exact_relationships.csv""}",2026.07.18.1
CRYPTO_KENNEL_LONG_CON,GF-1370,GF-SWEEP,SAME_SWEEP_WALLET,CTX-SWEEP-0126,CTX-SWEEP-0151,destination_wallet_id,W-OMNIBUS,norm-v1,CURATED_APPROXIMATION,GRAPHFRAMES_EXACT_MATCH,false,SENIOR_V1_TO_CANONICAL_V1,APPROVED,Omnibus wallets can be legitimate; custody and withdrawals determine significance.,"[""CTX-SWEEP-0126"",""CTX-SWEEP-0151""]",SUPPORTING_EVIDENCE,"{""source_dataset"":""analytics/crypto_graphframes_exact_relationships.csv""}",2026.07.18.1
CRYPTO_KENNEL_LONG_CON,GF-1371,GF-SWEEP,SAME_SWEEP_WALLET,CTX-SWEEP-0127,CTX-SWEEP-0152,destination_wallet_id,W-OMNIBUS,norm-v1,CURATED_APPROXIMATION,GRAPHFRAMES_EXACT_MATCH,false,SENIOR_V1_TO_CANONICAL_V1,APPROVED,Omnibus wallets can be legitimate; custody and withdrawals determine significance.,"[""CTX-SWEEP-0127"",""CTX-SWEEP-0152""]",SUPPORTING_EVIDENCE,"{""source_dataset"":""analytics/crypto_graphframes_exact_relationships.csv""}",2026.07.18.1
CRYPTO_KENNEL_LONG_CON,GF-1372,GF-SWEEP,SAME_SWEEP_WALLET,CTX-SWEEP-0128,CTX-SWEEP-0153,destination_wallet_id,W-OMNIBUS,norm-v1,CURATED_APPROXIMATION,GRAPHFRAMES_EXACT_MATCH,false,SENIOR_V1_TO_CANONICAL_V1,APPROVED,Omnibus wallets can be legitimate; custody and withdrawals determine significance.,"[""CTX-SWEEP-0128"",""CTX-SWEEP-0153""]",SUPPORTING_EVIDENCE,"{""source_dataset"":""analytics/crypto_graphframes_exact_relationships.csv""}",2026.07.18.1
CRYPTO_KENNEL_LONG_CON,GF-1373,GF-SWEEP,SAME_SWEEP_WALLET,CTX-SWEEP-0129,CTX-SWEEP-0154,destination_wallet_id,W-OMNIBUS,norm-v1,CURATED_APPROXIMATION,GRAPHFRAMES_EXACT_MATCH,false,SENIOR_V1_TO_CANONICAL_V1,APPROVED,Omnibus wallets can be legitimate; custody and withdrawals determine significance.,"[""CTX-SWEEP-0129"",""CTX-SWEEP-0154""]",SUPPORTING_EVIDENCE,"{""source_dataset"":""analytics/crypto_graphframes_exact_relationships.csv""}",2026.07.18.1
CRYPTO_KENNEL_LONG_CON,GF-1374,GF-SWEEP,SAME_SWEEP_WALLET,CTX-SWEEP-0130,CTX-SWEEP-0155,destination_wallet_id,W-OMNIBUS,norm-v1,CURATED_APPROXIMATION,GRAPHFRAMES_EXACT_MATCH,false,SENIOR_V1_TO_CANONICAL_V1,APPROVED,Omnibus wallets can be legitimate; custody and withdrawals determine significance.,"[""CTX-SWEEP-0130"",""CTX-SWEEP-0155""]",SUPPORTING_EVIDENCE,"{""source_dataset"":""analytics/crypto_graphframes_exact_relationships.csv""}",2026.07.18.1
CRYPTO_KENNEL_LONG_CON,GF-1375,GF-SWEEP,SAME_SWEEP_WALLET,CTX-SWEEP-0131,CTX-SWEEP-0156,destination_wallet_id,W-OMNIBUS,norm-v1,CURATED_APPROXIMATION,GRAPHFRAMES_EXACT_MATCH,false,SENIOR_V1_TO_CANONICAL_V1,APPROVED,Omnibus wallets can be legitimate; custody and withdrawals determine significance.,"[""CTX-SWEEP-0131"",""CTX-SWEEP-0156""]",SUPPORTING_EVIDENCE,"{""source_dataset"":""analytics/crypto_graphframes_exact_relationships.csv""}",2026.07.18.1
CRYPTO_KENNEL_LONG_CON,GF-1376,GF-SWEEP,SAME_SWEEP_WALLET,CTX-SWEEP-0132,CTX-SWEEP-0157,destination_wallet_id,W-OMNIBUS,norm-v1,CURATED_APPROXIMATION,GRAPHFRAMES_EXACT_MATCH,false,SENIOR_V1_TO_CANONICAL_V1,APPROVED,Omnibus wallets can be legitimate; custody and withdrawals determine significance.,"[""CTX-SWEEP-0132"",""CTX-SWEEP-0157""]",SUPPORTING_EVIDENCE,"{""source_dataset"":""analytics/crypto_graphframes_exact_relationships.csv""}",2026.07.18.1
CRYPTO_KENNEL_LONG_CON,GF-1377,GF-SWEEP,SAME_SWEEP_WALLET,CTX-SWEEP-0133,CTX-SWEEP-0158,destination_wallet_id,W-OMNIBUS,norm-v1,CURATED_APPROXIMATION,GRAPHFRAMES_EXACT_MATCH,false,SENIOR_V1_TO_CANONICAL_V1,APPROVED,Omnibus wallets can be legitimate; custody and withdrawals determine significance.,"[""CTX-SWEEP-0133"",""CTX-SWEEP-0158""]",SUPPORTING_EVIDENCE,"{""source_dataset"":""analytics/crypto_graphframes_exact_relationships.csv""}",2026.07.18.1
CRYPTO_KENNEL_LONG_CON,GF-1378,GF-SWEEP,SAME_SWEEP_WALLET,CTX-SWEEP-0134,CTX-SWEEP-0159,destination_wallet_id,W-OMNIBUS,norm-v1,CURATED_APPROXIMATION,GRAPHFRAMES_EXACT_MATCH,false,SENIOR_V1_TO_CANONICAL_V1,APPROVED,Omnibus wallets can be legitimate; custody and withdrawals determine significance.,"[""CTX-SWEEP-0134"",""CTX-SWEEP-0159""]",SUPPORTING_EVIDENCE,"{""source_dataset"":""analytics/crypto_graphframes_exact_relationships.csv""}",2026.07.18.1
CRYPTO_KENNEL_LONG_CON,GF-1379,GF-SWEEP,SAME_SWEEP_WALLET,CTX-SWEEP-0135,CTX-SWEEP-0160,destination_wallet_id,W-OMNIBUS,norm-v1,CURATED_APPROXIMATION,GRAPHFRAMES_EXACT_MATCH,false,SENIOR_V1_TO_CANONICAL_V1,APPROVED,Omnibus wallets can be legitimate; custody and withdrawals determine significance.,"[""CTX-SWEEP-0135"",""CTX-SWEEP-0160""]",SUPPORTING_EVIDENCE,"{""source_dataset"":""analytics/crypto_graphframes_exact_relationships.csv""}",2026.07.18.1
CRYPTO_KENNEL_LONG_CON,GF-1380,GF-SWEEP,SAME_SWEEP_WALLET,CTX-SWEEP-0136,CTX-SWEEP-0161,destination_wallet_id,W-OMNIBUS,norm-v1,CURATED_APPROXIMATION,GRAPHFRAMES_EXACT_MATCH,false,SENIOR_V1_TO_CANONICAL_V1,APPROVED,Omnibus wallets can be legitimate; custody and withdrawals determine significance.,"[""CTX-SWEEP-0136"",""CTX-SWEEP-0161""]",SUPPORTING_EVIDENCE,"{""source_dataset"":""analytics/crypto_graphframes_exact_relationships.csv""}",2026.07.18.1
CRYPTO_KENNEL_LONG_CON,GF-1381,GF-SWEEP,SAME_SWEEP_WALLET,CTX-SWEEP-0137,CTX-SWEEP-0162,destination_wallet_id,W-OMNIBUS,norm-v1,CURATED_APPROXIMATION,GRAPHFRAMES_EXACT_MATCH,false,SENIOR_V1_TO_CANONICAL_V1,APPROVED,Omnibus wallets can be legitimate; custody and withdrawals determine significance.,"[""CTX-SWEEP-0137"",""CTX-SWEEP-0162""]",SUPPORTING_EVIDENCE,"{""source_dataset"":""analytics/crypto_graphframes_exact_relationships.csv""}",2026.07.18.1
CRYPTO_KENNEL_LONG_CON,GF-1382,GF-SWEEP,SAME_SWEEP_WALLET,CTX-SWEEP-0138,CTX-SWEEP-0163,destination_wallet_id,W-OMNIBUS,norm-v1,CURATED_APPROXIMATION,GRAPHFRAMES_EXACT_MATCH,false,SENIOR_V1_TO_CANONICAL_V1,APPROVED,Omnibus wallets can be legitimate; custody and withdrawals determine significance.,"[""CTX-SWEEP-0138"",""CTX-SWEEP-0163""]",SUPPORTING_EVIDENCE,"{""source_dataset"":""analytics/crypto_graphframes_exact_relationships.csv""}",2026.07.18.1
CRYPTO_KENNEL_LONG_CON,GF-1383,GF-SWEEP,SAME_SWEEP_WALLET,CTX-SWEEP-0139,CTX-SWEEP-0164,destination_wallet_id,W-OMNIBUS,norm-v1,CURATED_APPROXIMATION,GRAPHFRAMES_EXACT_MATCH,false,SENIOR_V1_TO_CANONICAL_V1,APPROVED,Omnibus wallets can be legitimate; custody and withdrawals determine significance.,"[""CTX-SWEEP-0139"",""CTX-SWEEP-0164""]",SUPPORTING_EVIDENCE,"{""source_dataset"":""analytics/crypto_graphframes_exact_relationships.csv""}",2026.07.18.1
CRYPTO_KENNEL_LONG_CON,GF-1384,GF-SWEEP,SAME_SWEEP_WALLET,CTX-SWEEP-0140,CTX-SWEEP-0165,destination_wallet_id,W-OMNIBUS,norm-v1,CURATED_APPROXIMATION,GRAPHFRAMES_EXACT_MATCH,false,SENIOR_V1_TO_CANONICAL_V1,APPROVED,Omnibus wallets can be legitimate; custody and withdrawals determine significance.,"[""CTX-SWEEP-0140"",""CTX-SWEEP-0165""]",SUPPORTING_EVIDENCE,"{""source_dataset"":""analytics/crypto_graphframes_exact_relationships.csv""}",2026.07.18.1
CRYPTO_KENNEL_LONG_CON,GF-1385,GF-SWEEP,SAME_SWEEP_WALLET,CTX-SWEEP-0141,CTX-SWEEP-0166,destination_wallet_id,W-OMNIBUS,norm-v1,CURATED_APPROXIMATION,GRAPHFRAMES_EXACT_MATCH,false,SENIOR_V1_TO_CANONICAL_V1,APPROVED,Omnibus wallets can be legitimate; custody and withdrawals determine significance.,"[""CTX-SWEEP-0141"",""CTX-SWEEP-0166""]",SUPPORTING_EVIDENCE,"{""source_dataset"":""analytics/crypto_graphframes_exact_relationships.csv""}",2026.07.18.1
CRYPTO_KENNEL_LONG_CON,GF-1386,GF-SWEEP,SAME_SWEEP_WALLET,CTX-SWEEP-0142,CTX-SWEEP-0167,destination_wallet_id,W-OMNIBUS,norm-v1,CURATED_APPROXIMATION,GRAPHFRAMES_EXACT_MATCH,false,SENIOR_V1_TO_CANONICAL_V1,APPROVED,Omnibus wallets can be legitimate; custody and withdrawals determine significance.,"[""CTX-SWEEP-0142"",""CTX-SWEEP-0167""]",SUPPORTING_EVIDENCE,"{""source_dataset"":""analytics/crypto_graphframes_exact_relationships.csv""}",2026.07.18.1
CRYPTO_KENNEL_LONG_CON,GF-1387,GF-SWEEP,SAME_SWEEP_WALLET,CTX-SWEEP-0143,CTX-SWEEP-0168,destination_wallet_id,W-OMNIBUS,norm-v1,CURATED_APPROXIMATION,GRAPHFRAMES_EXACT_MATCH,false,SENIOR_V1_TO_CANONICAL_V1,APPROVED,Omnibus wallets can be legitimate; custody and withdrawals determine significance.,"[""CTX-SWEEP-0143"",""CTX-SWEEP-0168""]",SUPPORTING_EVIDENCE,"{""source_dataset"":""analytics/crypto_graphframes_exact_relationships.csv""}",2026.07.18.1
CRYPTO_KENNEL_LONG_CON,GF-1388,GF-SWEEP,SAME_SWEEP_WALLET,CTX-SWEEP-0144,CTX-SWEEP-0169,destination_wallet_id,W-OMNIBUS,norm-v1,CURATED_APPROXIMATION,GRAPHFRAMES_EXACT_MATCH,false,SENIOR_V1_TO_CANONICAL_V1,APPROVED,Omnibus wallets can be legitimate; custody and withdrawals determine significance.,"[""CTX-SWEEP-0144"",""CTX-SWEEP-0169""]",SUPPORTING_EVIDENCE,"{""source_dataset"":""analytics/crypto_graphframes_exact_relationships.csv""}",2026.07.18.1
CRYPTO_KENNEL_LONG_CON,GF-1389,GF-SWEEP,SAME_SWEEP_WALLET,CTX-SWEEP-0145,CTX-SWEEP-0170,destination_wallet_id,W-OMNIBUS,norm-v1,CURATED_APPROXIMATION,GRAPHFRAMES_EXACT_MATCH,false,SENIOR_V1_TO_CANONICAL_V1,APPROVED,Omnibus wallets can be legitimate; custody and withdrawals determine significance.,"[""CTX-SWEEP-0145"",""CTX-SWEEP-0170""]",SUPPORTING_EVIDENCE,"{""source_dataset"":""analytics/crypto_graphframes_exact_relationships.csv""}",2026.07.18.1
CRYPTO_KENNEL_LONG_CON,GF-1390,GF-SWEEP,SAME_SWEEP_WALLET,CTX-SWEEP-0146,CTX-SWEEP-0171,destination_wallet_id,W-OMNIBUS,norm-v1,CURATED_APPROXIMATION,GRAPHFRAMES_EXACT_MATCH,false,SENIOR_V1_TO_CANONICAL_V1,APPROVED,Omnibus wallets can be legitimate; custody and withdrawals determine significance.,"[""CTX-SWEEP-0146"",""CTX-SWEEP-0171""]",SUPPORTING_EVIDENCE,"{""source_dataset"":""analytics/crypto_graphframes_exact_relationships.csv""}",2026.07.18.1
CRYPTO_KENNEL_LONG_CON,GF-1391,GF-SWEEP,SAME_SWEEP_WALLET,CTX-SWEEP-0147,CTX-SWEEP-0172,destination_wallet_id,W-OMNIBUS,norm-v1,CURATED_APPROXIMATION,GRAPHFRAMES_EXACT_MATCH,false,SENIOR_V1_TO_CANONICAL_V1,APPROVED,Omnibus wallets can be legitimate; custody and withdrawals determine significance.,"[""CTX-SWEEP-0147"",""CTX-SWEEP-0172""]",SUPPORTING_EVIDENCE,"{""source_dataset"":""analytics/crypto_graphframes_exact_relationships.csv""}",2026.07.18.1
CRYPTO_KENNEL_LONG_CON,GF-1392,GF-SWEEP,SAME_SWEEP_WALLET,CTX-SWEEP-0148,CTX-SWEEP-0173,destination_wallet_id,W-OMNIBUS,norm-v1,CURATED_APPROXIMATION,GRAPHFRAMES_EXACT_MATCH,false,SENIOR_V1_TO_CANONICAL_V1,APPROVED,Omnibus wallets can be legitimate; custody and withdrawals determine significance.,"[""CTX-SWEEP-0148"",""CTX-SWEEP-0173""]",SUPPORTING_EVIDENCE,"{""source_dataset"":""analytics/crypto_graphframes_exact_relationships.csv""}",2026.07.18.1
CRYPTO_KENNEL_LONG_CON,GF-1393,GF-SWEEP,SAME_SWEEP_WALLET,CTX-SWEEP-0149,CTX-SWEEP-0174,destination_wallet_id,W-OMNIBUS,norm-v1,CURATED_APPROXIMATION,GRAPHFRAMES_EXACT_MATCH,false,SENIOR_V1_TO_CANONICAL_V1,APPROVED,Omnibus wallets can be legitimate; custody and withdrawals determine significance.,"[""CTX-SWEEP-0149"",""CTX-SWEEP-0174""]",SUPPORTING_EVIDENCE,"{""source_dataset"":""analytics/crypto_graphframes_exact_relationships.csv""}",2026.07.18.1
CRYPTO_KENNEL_LONG_CON,GF-1394,GF-SWEEP,SAME_SWEEP_WALLET,CTX-SWEEP-0150,CTX-SWEEP-0175,destination_wallet_id,W-OMNIBUS,norm-v1,CURATED_APPROXIMATION,GRAPHFRAMES_EXACT_MATCH,false,SENIOR_V1_TO_CANONICAL_V1,APPROVED,Omnibus wallets can be legitimate; custody and withdrawals determine significance.,"[""CTX-SWEEP-0150"",""CTX-SWEEP-0175""]",SUPPORTING_EVIDENCE,"{""source_dataset"":""analytics/crypto_graphframes_exact_relationships.csv""}",2026.07.18.1
CRYPTO_KENNEL_LONG_CON,GF-1395,GF-BRIDGE,SAME_BRIDGE_ROUTE,CTX-BRIDGE-0001,CTX-BRIDGE-0019,bridge_route_id,ROUTE-AZURE-01,norm-v1,CURATED_APPROXIMATION,GRAPHFRAMES_EXACT_MATCH,false,SENIOR_V1_TO_CANONICAL_V1,APPROVED,"A shared bridge route is an operational association, not proof of illicit purpose.","[""CTX-BRIDGE-0001"",""CTX-BRIDGE-0019""]",SUPPORTING_EVIDENCE,"{""source_dataset"":""analytics/crypto_graphframes_exact_relationships.csv""}",2026.07.18.1
CRYPTO_KENNEL_LONG_CON,GF-1396,GF-BRIDGE,SAME_BRIDGE_ROUTE,CTX-BRIDGE-0002,CTX-BRIDGE-0020,bridge_route_id,ROUTE-AZURE-02,norm-v1,CURATED_APPROXIMATION,GRAPHFRAMES_EXACT_MATCH,false,SENIOR_V1_TO_CANONICAL_V1,APPROVED,"A shared bridge route is an operational association, not proof of illicit purpose.","[""CTX-BRIDGE-0002"",""CTX-BRIDGE-0020""]",SUPPORTING_EVIDENCE,"{""source_dataset"":""analytics/crypto_graphframes_exact_relationships.csv""}",2026.07.18.1
CRYPTO_KENNEL_LONG_CON,GF-1397,GF-BRIDGE,SAME_BRIDGE_ROUTE,CTX-BRIDGE-0003,CTX-BRIDGE-0021,bridge_route_id,ROUTE-AZURE-03,norm-v1,CURATED_APPROXIMATION,GRAPHFRAMES_EXACT_MATCH,false,SENIOR_V1_TO_CANONICAL_V1,APPROVED,"A shared bridge route is an operational association, not proof of illicit purpose.","[""CTX-BRIDGE-0003"",""CTX-BRIDGE-0021""]",SUPPORTING_EVIDENCE,"{""source_dataset"":""analytics/crypto_graphframes_exact_relationships.csv""}",2026.07.18.1
CRYPTO_KENNEL_LONG_CON,GF-1398,GF-BRIDGE,SAME_BRIDGE_ROUTE,CTX-BRIDGE-0004,CTX-BRIDGE-0022,bridge_route_id,ROUTE-AZURE-04,norm-v1,CURATED_APPROXIMATION,GRAPHFRAMES_EXACT_MATCH,false,SENIOR_V1_TO_CANONICAL_V1,APPROVED,"A shared bridge route is an operational association, not proof of illicit purpose.","[""CTX-BRIDGE-0004"",""CTX-BRIDGE-0022""]",SUPPORTING_EVIDENCE,"{""source_dataset"":""analytics/crypto_graphframes_exact_relationships.csv""}",2026.07.18.1
CRYPTO_KENNEL_LONG_CON,GF-1399,GF-BRIDGE,SAME_BRIDGE_ROUTE,CTX-BRIDGE-0005,CTX-BRIDGE-0023,bridge_route_id,ROUTE-AZURE-05,norm-v1,CURATED_APPROXIMATION,GRAPHFRAMES_EXACT_MATCH,false,SENIOR_V1_TO_CANONICAL_V1,APPROVED,"A shared bridge route is an operational association, not proof of illicit purpose.","[""CTX-BRIDGE-0005"",""CTX-BRIDGE-0023""]",SUPPORTING_EVIDENCE,"{""source_dataset"":""analytics/crypto_graphframes_exact_relationships.csv""}",2026.07.18.1
CRYPTO_KENNEL_LONG_CON,GF-1400,GF-BRIDGE,SAME_BRIDGE_ROUTE,CTX-BRIDGE-0006,CTX-BRIDGE-0024,bridge_route_id,ROUTE-AZURE-06,norm-v1,CURATED_APPROXIMATION,GRAPHFRAMES_EXACT_MATCH,false,SENIOR_V1_TO_CANONICAL_V1,APPROVED,"A shared bridge route is an operational association, not proof of illicit purpose.","[""CTX-BRIDGE-0006"",""CTX-BRIDGE-0024""]",SUPPORTING_EVIDENCE,"{""source_dataset"":""analytics/crypto_graphframes_exact_relationships.csv""}",2026.07.18.1
CRYPTO_KENNEL_LONG_CON,GF-1401,GF-BRIDGE,SAME_BRIDGE_ROUTE,CTX-BRIDGE-0007,CTX-BRIDGE-0025,bridge_route_id,ROUTE-AZURE-01,norm-v1,CURATED_APPROXIMATION,GRAPHFRAMES_EXACT_MATCH,false,SENIOR_V1_TO_CANONICAL_V1,APPROVED,"A shared bridge route is an operational association, not proof of illicit purpose.","[""CTX-BRIDGE-0007"",""CTX-BRIDGE-0025""]",SUPPORTING_EVIDENCE,"{""source_dataset"":""analytics/crypto_graphframes_exact_relationships.csv""}",2026.07.18.1
CRYPTO_KENNEL_LONG_CON,GF-1402,GF-BRIDGE,SAME_BRIDGE_ROUTE,CTX-BRIDGE-0008,CTX-BRIDGE-0026,bridge_route_id,ROUTE-AZURE-02,norm-v1,CURATED_APPROXIMATION,GRAPHFRAMES_EXACT_MATCH,false,SENIOR_V1_TO_CANONICAL_V1,APPROVED,"A shared bridge route is an operational association, not proof of illicit purpose.","[""CTX-BRIDGE-0008"",""CTX-BRIDGE-0026""]",SUPPORTING_EVIDENCE,"{""source_dataset"":""analytics/crypto_graphframes_exact_relationships.csv""}",2026.07.18.1
CRYPTO_KENNEL_LONG_CON,GF-1403,GF-BRIDGE,SAME_BRIDGE_ROUTE,CTX-BRIDGE-0009,CTX-BRIDGE-0027,bridge_route_id,ROUTE-AZURE-03,norm-v1,CURATED_APPROXIMATION,GRAPHFRAMES_EXACT_MATCH,false,SENIOR_V1_TO_CANONICAL_V1,APPROVED,"A shared bridge route is an operational association, not proof of illicit purpose.","[""CTX-BRIDGE-0009"",""CTX-BRIDGE-0027""]",SUPPORTING_EVIDENCE,"{""source_dataset"":""analytics/crypto_graphframes_exact_relationships.csv""}",2026.07.18.1
CRYPTO_KENNEL_LONG_CON,GF-1404,GF-BRIDGE,SAME_BRIDGE_ROUTE,CTX-BRIDGE-0010,CTX-BRIDGE-0028,bridge_route_id,ROUTE-AZURE-04,norm-v1,CURATED_APPROXIMATION,GRAPHFRAMES_EXACT_MATCH,false,SENIOR_V1_TO_CANONICAL_V1,APPROVED,"A shared bridge route is an operational association, not proof of illicit purpose.","[""CTX-BRIDGE-0010"",""CTX-BRIDGE-0028""]",SUPPORTING_EVIDENCE,"{""source_dataset"":""analytics/crypto_graphframes_exact_relationships.csv""}",2026.07.18.1
CRYPTO_KENNEL_LONG_CON,GF-1405,GF-BRIDGE,SAME_BRIDGE_ROUTE,CTX-BRIDGE-0011,CTX-BRIDGE-0029,bridge_route_id,ROUTE-AZURE-05,norm-v1,CURATED_APPROXIMATION,GRAPHFRAMES_EXACT_MATCH,false,SENIOR_V1_TO_CANONICAL_V1,APPROVED,"A shared bridge route is an operational association, not proof of illicit purpose.","[""CTX-BRIDGE-0011"",""CTX-BRIDGE-0029""]",SUPPORTING_EVIDENCE,"{""source_dataset"":""analytics/crypto_graphframes_exact_relationships.csv""}",2026.07.18.1
CRYPTO_KENNEL_LONG_CON,GF-1406,GF-BRIDGE,SAME_BRIDGE_ROUTE,CTX-BRIDGE-0012,CTX-BRIDGE-0030,bridge_route_id,ROUTE-AZURE-06,norm-v1,CURATED_APPROXIMATION,GRAPHFRAMES_EXACT_MATCH,false,SENIOR_V1_TO_CANONICAL_V1,APPROVED,"A shared bridge route is an operational association, not proof of illicit purpose.","[""CTX-BRIDGE-0012"",""CTX-BRIDGE-0030""]",SUPPORTING_EVIDENCE,"{""source_dataset"":""analytics/crypto_graphframes_exact_relationships.csv""}",2026.07.18.1
CRYPTO_KENNEL_LONG_CON,GF-1407,GF-BRIDGE,SAME_BRIDGE_ROUTE,CTX-BRIDGE-0013,CTX-BRIDGE-0031,bridge_route_id,ROUTE-AZURE-01,norm-v1,CURATED_APPROXIMATION,GRAPHFRAMES_EXACT_MATCH,false,SENIOR_V1_TO_CANONICAL_V1,APPROVED,"A shared bridge route is an operational association, not proof of illicit purpose.","[""CTX-BRIDGE-0013"",""CTX-BRIDGE-0031""]",SUPPORTING_EVIDENCE,"{""source_dataset"":""analytics/crypto_graphframes_exact_relationships.csv""}",2026.07.18.1
CRYPTO_KENNEL_LONG_CON,GF-1408,GF-BRIDGE,SAME_BRIDGE_ROUTE,CTX-BRIDGE-0014,CTX-BRIDGE-0032,bridge_route_id,ROUTE-AZURE-02,norm-v1,CURATED_APPROXIMATION,GRAPHFRAMES_EXACT_MATCH,false,SENIOR_V1_TO_CANONICAL_V1,APPROVED,"A shared bridge route is an operational association, not proof of illicit purpose.","[""CTX-BRIDGE-0014"",""CTX-BRIDGE-0032""]",SUPPORTING_EVIDENCE,"{""source_dataset"":""analytics/crypto_graphframes_exact_relationships.csv""}",2026.07.18.1
CRYPTO_KENNEL_LONG_CON,GF-1409,GF-BRIDGE,SAME_BRIDGE_ROUTE,CTX-BRIDGE-0015,CTX-BRIDGE-0033,bridge_route_id,ROUTE-AZURE-03,norm-v1,CURATED_APPROXIMATION,GRAPHFRAMES_EXACT_MATCH,false,SENIOR_V1_TO_CANONICAL_V1,APPROVED,"A shared bridge route is an operational association, not proof of illicit purpose.","[""CTX-BRIDGE-0015"",""CTX-BRIDGE-0033""]",SUPPORTING_EVIDENCE,"{""source_dataset"":""analytics/crypto_graphframes_exact_relationships.csv""}",2026.07.18.1
CRYPTO_KENNEL_LONG_CON,GF-1410,GF-BRIDGE,SAME_BRIDGE_ROUTE,CTX-BRIDGE-0016,CTX-BRIDGE-0034,bridge_route_id,ROUTE-AZURE-04,norm-v1,CURATED_APPROXIMATION,GRAPHFRAMES_EXACT_MATCH,false,SENIOR_V1_TO_CANONICAL_V1,APPROVED,"A shared bridge route is an operational association, not proof of illicit purpose.","[""CTX-BRIDGE-0016"",""CTX-BRIDGE-0034""]",SUPPORTING_EVIDENCE,"{""source_dataset"":""analytics/crypto_graphframes_exact_relationships.csv""}",2026.07.18.1
CRYPTO_KENNEL_LONG_CON,GF-1411,GF-BRIDGE,SAME_BRIDGE_ROUTE,CTX-BRIDGE-0017,CTX-BRIDGE-0035,bridge_route_id,ROUTE-AZURE-05,norm-v1,CURATED_APPROXIMATION,GRAPHFRAMES_EXACT_MATCH,false,SENIOR_V1_TO_CANONICAL_V1,APPROVED,"A shared bridge route is an operational association, not proof of illicit purpose.","[""CTX-BRIDGE-0017"",""CTX-BRIDGE-0035""]",SUPPORTING_EVIDENCE,"{""source_dataset"":""analytics/crypto_graphframes_exact_relationships.csv""}",2026.07.18.1
CRYPTO_KENNEL_LONG_CON,GF-1412,GF-BRIDGE,SAME_BRIDGE_ROUTE,CTX-BRIDGE-0018,CTX-BRIDGE-0036,bridge_route_id,ROUTE-AZURE-06,norm-v1,CURATED_APPROXIMATION,GRAPHFRAMES_EXACT_MATCH,false,SENIOR_V1_TO_CANONICAL_V1,APPROVED,"A shared bridge route is an operational association, not proof of illicit purpose.","[""CTX-BRIDGE-0018"",""CTX-BRIDGE-0036""]",SUPPORTING_EVIDENCE,"{""source_dataset"":""analytics/crypto_graphframes_exact_relationships.csv""}",2026.07.18.1
CRYPTO_KENNEL_LONG_CON,GF-1413,GF-BRIDGE,SAME_BRIDGE_ROUTE,CTX-BRIDGE-0019,CTX-BRIDGE-0037,bridge_route_id,ROUTE-AZURE-01,norm-v1,CURATED_APPROXIMATION,GRAPHFRAMES_EXACT_MATCH,false,SENIOR_V1_TO_CANONICAL_V1,APPROVED,"A shared bridge route is an operational association, not proof of illicit purpose.","[""CTX-BRIDGE-0019"",""CTX-BRIDGE-0037""]",SUPPORTING_EVIDENCE,"{""source_dataset"":""analytics/crypto_graphframes_exact_relationships.csv""}",2026.07.18.1
CRYPTO_KENNEL_LONG_CON,GF-1414,GF-BRIDGE,SAME_BRIDGE_ROUTE,CTX-BRIDGE-0020,CTX-BRIDGE-0038,bridge_route_id,ROUTE-AZURE-02,norm-v1,CURATED_APPROXIMATION,GRAPHFRAMES_EXACT_MATCH,false,SENIOR_V1_TO_CANONICAL_V1,APPROVED,"A shared bridge route is an operational association, not proof of illicit purpose.","[""CTX-BRIDGE-0020"",""CTX-BRIDGE-0038""]",SUPPORTING_EVIDENCE,"{""source_dataset"":""analytics/crypto_graphframes_exact_relationships.csv""}",2026.07.18.1
CRYPTO_KENNEL_LONG_CON,GF-1415,GF-BRIDGE,SAME_BRIDGE_ROUTE,CTX-BRIDGE-0021,CTX-BRIDGE-0039,bridge_route_id,ROUTE-AZURE-03,norm-v1,CURATED_APPROXIMATION,GRAPHFRAMES_EXACT_MATCH,false,SENIOR_V1_TO_CANONICAL_V1,APPROVED,"A shared bridge route is an operational association, not proof of illicit purpose.","[""CTX-BRIDGE-0021"",""CTX-BRIDGE-0039""]",SUPPORTING_EVIDENCE,"{""source_dataset"":""analytics/crypto_graphframes_exact_relationships.csv""}",2026.07.18.1
CRYPTO_KENNEL_LONG_CON,GF-1416,GF-BRIDGE,SAME_BRIDGE_ROUTE,CTX-BRIDGE-0022,CTX-BRIDGE-0040,bridge_route_id,ROUTE-AZURE-04,norm-v1,CURATED_APPROXIMATION,GRAPHFRAMES_EXACT_MATCH,false,SENIOR_V1_TO_CANONICAL_V1,APPROVED,"A shared bridge route is an operational association, not proof of illicit purpose.","[""CTX-BRIDGE-0022"",""CTX-BRIDGE-0040""]",SUPPORTING_EVIDENCE,"{""source_dataset"":""analytics/crypto_graphframes_exact_relationships.csv""}",2026.07.18.1
CRYPTO_KENNEL_LONG_CON,GF-1417,GF-BRIDGE,SAME_BRIDGE_ROUTE,CTX-BRIDGE-0023,CTX-BRIDGE-0041,bridge_route_id,ROUTE-AZURE-05,norm-v1,CURATED_APPROXIMATION,GRAPHFRAMES_EXACT_MATCH,false,SENIOR_V1_TO_CANONICAL_V1,APPROVED,"A shared bridge route is an operational association, not proof of illicit purpose.","[""CTX-BRIDGE-0023"",""CTX-BRIDGE-0041""]",SUPPORTING_EVIDENCE,"{""source_dataset"":""analytics/crypto_graphframes_exact_relationships.csv""}",2026.07.18.1
CRYPTO_KENNEL_LONG_CON,GF-1418,GF-BRIDGE,SAME_BRIDGE_ROUTE,CTX-BRIDGE-0024,CTX-BRIDGE-0042,bridge_route_id,ROUTE-AZURE-06,norm-v1,CURATED_APPROXIMATION,GRAPHFRAMES_EXACT_MATCH,false,SENIOR_V1_TO_CANONICAL_V1,APPROVED,"A shared bridge route is an operational association, not proof of illicit purpose.","[""CTX-BRIDGE-0024"",""CTX-BRIDGE-0042""]",SUPPORTING_EVIDENCE,"{""source_dataset"":""analytics/crypto_graphframes_exact_relationships.csv""}",2026.07.18.1
CRYPTO_KENNEL_LONG_CON,GF-1419,GF-BRIDGE,SAME_BRIDGE_ROUTE,CTX-BRIDGE-0025,CTX-BRIDGE-0043,bridge_route_id,ROUTE-AZURE-01,norm-v1,CURATED_APPROXIMATION,GRAPHFRAMES_EXACT_MATCH,false,SENIOR_V1_TO_CANONICAL_V1,APPROVED,"A shared bridge route is an operational association, not proof of illicit purpose.","[""CTX-BRIDGE-0025"",""CTX-BRIDGE-0043""]",SUPPORTING_EVIDENCE,"{""source_dataset"":""analytics/crypto_graphframes_exact_relationships.csv""}",2026.07.18.1
CRYPTO_KENNEL_LONG_CON,GF-1420,GF-BRIDGE,SAME_BRIDGE_ROUTE,CTX-BRIDGE-0026,CTX-BRIDGE-0044,bridge_route_id,ROUTE-AZURE-02,norm-v1,CURATED_APPROXIMATION,GRAPHFRAMES_EXACT_MATCH,false,SENIOR_V1_TO_CANONICAL_V1,APPROVED,"A shared bridge route is an operational association, not proof of illicit purpose.","[""CTX-BRIDGE-0026"",""CTX-BRIDGE-0044""]",SUPPORTING_EVIDENCE,"{""source_dataset"":""analytics/crypto_graphframes_exact_relationships.csv""}",2026.07.18.1
CRYPTO_KENNEL_LONG_CON,GF-1421,GF-BRIDGE,SAME_BRIDGE_ROUTE,CTX-BRIDGE-0027,CTX-BRIDGE-0045,bridge_route_id,ROUTE-AZURE-03,norm-v1,CURATED_APPROXIMATION,GRAPHFRAMES_EXACT_MATCH,false,SENIOR_V1_TO_CANONICAL_V1,APPROVED,"A shared bridge route is an operational association, not proof of illicit purpose.","[""CTX-BRIDGE-0027"",""CTX-BRIDGE-0045""]",SUPPORTING_EVIDENCE,"{""source_dataset"":""analytics/crypto_graphframes_exact_relationships.csv""}",2026.07.18.1
CRYPTO_KENNEL_LONG_CON,GF-1422,GF-BRIDGE,SAME_BRIDGE_ROUTE,CTX-BRIDGE-0028,CTX-BRIDGE-0046,bridge_route_id,ROUTE-AZURE-04,norm-v1,CURATED_APPROXIMATION,GRAPHFRAMES_EXACT_MATCH,false,SENIOR_V1_TO_CANONICAL_V1,APPROVED,"A shared bridge route is an operational association, not proof of illicit purpose.","[""CTX-BRIDGE-0028"",""CTX-BRIDGE-0046""]",SUPPORTING_EVIDENCE,"{""source_dataset"":""analytics/crypto_graphframes_exact_relationships.csv""}",2026.07.18.1
CRYPTO_KENNEL_LONG_CON,GF-1423,GF-BRIDGE,SAME_BRIDGE_ROUTE,CTX-BRIDGE-0029,CTX-BRIDGE-0047,bridge_route_id,ROUTE-AZURE-05,norm-v1,CURATED_APPROXIMATION,GRAPHFRAMES_EXACT_MATCH,false,SENIOR_V1_TO_CANONICAL_V1,APPROVED,"A shared bridge route is an operational association, not proof of illicit purpose.","[""CTX-BRIDGE-0029"",""CTX-BRIDGE-0047""]",SUPPORTING_EVIDENCE,"{""source_dataset"":""analytics/crypto_graphframes_exact_relationships.csv""}",2026.07.18.1
CRYPTO_KENNEL_LONG_CON,GF-1424,GF-BRIDGE,SAME_BRIDGE_ROUTE,CTX-BRIDGE-0030,CTX-BRIDGE-0048,bridge_route_id,ROUTE-AZURE-06,norm-v1,CURATED_APPROXIMATION,GRAPHFRAMES_EXACT_MATCH,false,SENIOR_V1_TO_CANONICAL_V1,APPROVED,"A shared bridge route is an operational association, not proof of illicit purpose.","[""CTX-BRIDGE-0030"",""CTX-BRIDGE-0048""]",SUPPORTING_EVIDENCE,"{""source_dataset"":""analytics/crypto_graphframes_exact_relationships.csv""}",2026.07.18.1
CRYPTO_KENNEL_LONG_CON,GF-1425,GF-BRIDGE,SAME_BRIDGE_ROUTE,CTX-BRIDGE-0031,CTX-BRIDGE-0049,bridge_route_id,ROUTE-AZURE-01,norm-v1,CURATED_APPROXIMATION,GRAPHFRAMES_EXACT_MATCH,false,SENIOR_V1_TO_CANONICAL_V1,APPROVED,"A shared bridge route is an operational association, not proof of illicit purpose.","[""CTX-BRIDGE-0031"",""CTX-BRIDGE-0049""]",SUPPORTING_EVIDENCE,"{""source_dataset"":""analytics/crypto_graphframes_exact_relationships.csv""}",2026.07.18.1
CRYPTO_KENNEL_LONG_CON,GF-1426,GF-BRIDGE,SAME_BRIDGE_ROUTE,CTX-BRIDGE-0032,CTX-BRIDGE-0050,bridge_route_id,ROUTE-AZURE-02,norm-v1,CURATED_APPROXIMATION,GRAPHFRAMES_EXACT_MATCH,false,SENIOR_V1_TO_CANONICAL_V1,APPROVED,"A shared bridge route is an operational association, not proof of illicit purpose.","[""CTX-BRIDGE-0032"",""CTX-BRIDGE-0050""]",SUPPORTING_EVIDENCE,"{""source_dataset"":""analytics/crypto_graphframes_exact_relationships.csv""}",2026.07.18.1
CRYPTO_KENNEL_LONG_CON,GF-1427,GF-BRIDGE,SAME_BRIDGE_ROUTE,CTX-BRIDGE-0033,CTX-BRIDGE-0051,bridge_route_id,ROUTE-AZURE-03,norm-v1,CURATED_APPROXIMATION,GRAPHFRAMES_EXACT_MATCH,false,SENIOR_V1_TO_CANONICAL_V1,APPROVED,"A shared bridge route is an operational association, not proof of illicit purpose.","[""CTX-BRIDGE-0033"",""CTX-BRIDGE-0051""]",SUPPORTING_EVIDENCE,"{""source_dataset"":""analytics/crypto_graphframes_exact_relationships.csv""}",2026.07.18.1
CRYPTO_KENNEL_LONG_CON,GF-1428,GF-BRIDGE,SAME_BRIDGE_ROUTE,CTX-BRIDGE-0034,CTX-BRIDGE-0052,bridge_route_id,ROUTE-AZURE-04,norm-v1,CURATED_APPROXIMATION,GRAPHFRAMES_EXACT_MATCH,false,SENIOR_V1_TO_CANONICAL_V1,APPROVED,"A shared bridge route is an operational association, not proof of illicit purpose.","[""CTX-BRIDGE-0034"",""CTX-BRIDGE-0052""]",SUPPORTING_EVIDENCE,"{""source_dataset"":""analytics/crypto_graphframes_exact_relationships.csv""}",2026.07.18.1
CRYPTO_KENNEL_LONG_CON,GF-1429,GF-BRIDGE,SAME_BRIDGE_ROUTE,CTX-BRIDGE-0035,CTX-BRIDGE-0053,bridge_route_id,ROUTE-AZURE-05,norm-v1,CURATED_APPROXIMATION,GRAPHFRAMES_EXACT_MATCH,false,SENIOR_V1_TO_CANONICAL_V1,APPROVED,"A shared bridge route is an operational association, not proof of illicit purpose.","[""CTX-BRIDGE-0035"",""CTX-BRIDGE-0053""]",SUPPORTING_EVIDENCE,"{""source_dataset"":""analytics/crypto_graphframes_exact_relationships.csv""}",2026.07.18.1
CRYPTO_KENNEL_LONG_CON,GF-1430,GF-BRIDGE,SAME_BRIDGE_ROUTE,CTX-BRIDGE-0036,CTX-BRIDGE-0054,bridge_route_id,ROUTE-AZURE-06,norm-v1,CURATED_APPROXIMATION,GRAPHFRAMES_EXACT_MATCH,false,SENIOR_V1_TO_CANONICAL_V1,APPROVED,"A shared bridge route is an operational association, not proof of illicit purpose.","[""CTX-BRIDGE-0036"",""CTX-BRIDGE-0054""]",SUPPORTING_EVIDENCE,"{""source_dataset"":""analytics/crypto_graphframes_exact_relationships.csv""}",2026.07.18.1
CRYPTO_KENNEL_LONG_CON,GF-1431,GF-BRIDGE,SAME_BRIDGE_ROUTE,CTX-BRIDGE-0037,CTX-BRIDGE-0055,bridge_route_id,ROUTE-AZURE-01,norm-v1,CURATED_APPROXIMATION,GRAPHFRAMES_EXACT_MATCH,false,SENIOR_V1_TO_CANONICAL_V1,APPROVED,"A shared bridge route is an operational association, not proof of illicit purpose.","[""CTX-BRIDGE-0037"",""CTX-BRIDGE-0055""]",SUPPORTING_EVIDENCE,"{""source_dataset"":""analytics/crypto_graphframes_exact_relationships.csv""}",2026.07.18.1
CRYPTO_KENNEL_LONG_CON,GF-1432,GF-BRIDGE,SAME_BRIDGE_ROUTE,CTX-BRIDGE-0038,CTX-BRIDGE-0056,bridge_route_id,ROUTE-AZURE-02,norm-v1,CURATED_APPROXIMATION,GRAPHFRAMES_EXACT_MATCH,false,SENIOR_V1_TO_CANONICAL_V1,APPROVED,"A shared bridge route is an operational association, not proof of illicit purpose.","[""CTX-BRIDGE-0038"",""CTX-BRIDGE-0056""]",SUPPORTING_EVIDENCE,"{""source_dataset"":""analytics/crypto_graphframes_exact_relationships.csv""}",2026.07.18.1
CRYPTO_KENNEL_LONG_CON,GF-1433,GF-BRIDGE,SAME_BRIDGE_ROUTE,CTX-BRIDGE-0039,CTX-BRIDGE-0057,bridge_route_id,ROUTE-AZURE-03,norm-v1,CURATED_APPROXIMATION,GRAPHFRAMES_EXACT_MATCH,false,SENIOR_V1_TO_CANONICAL_V1,APPROVED,"A shared bridge route is an operational association, not proof of illicit purpose.","[""CTX-BRIDGE-0039"",""CTX-BRIDGE-0057""]",SUPPORTING_EVIDENCE,"{""source_dataset"":""analytics/crypto_graphframes_exact_relationships.csv""}",2026.07.18.1
CRYPTO_KENNEL_LONG_CON,GF-1434,GF-BRIDGE,SAME_BRIDGE_ROUTE,CTX-BRIDGE-0040,CTX-BRIDGE-0058,bridge_route_id,ROUTE-AZURE-04,norm-v1,CURATED_APPROXIMATION,GRAPHFRAMES_EXACT_MATCH,false,SENIOR_V1_TO_CANONICAL_V1,APPROVED,"A shared bridge route is an operational association, not proof of illicit purpose.","[""CTX-BRIDGE-0040"",""CTX-BRIDGE-0058""]",SUPPORTING_EVIDENCE,"{""source_dataset"":""analytics/crypto_graphframes_exact_relationships.csv""}",2026.07.18.1
CRYPTO_KENNEL_LONG_CON,GF-1435,GF-BRIDGE,SAME_BRIDGE_ROUTE,CTX-BRIDGE-0041,CTX-BRIDGE-0059,bridge_route_id,ROUTE-AZURE-05,norm-v1,CURATED_APPROXIMATION,GRAPHFRAMES_EXACT_MATCH,false,SENIOR_V1_TO_CANONICAL_V1,APPROVED,"A shared bridge route is an operational association, not proof of illicit purpose.","[""CTX-BRIDGE-0041"",""CTX-BRIDGE-0059""]",SUPPORTING_EVIDENCE,"{""source_dataset"":""analytics/crypto_graphframes_exact_relationships.csv""}",2026.07.18.1
CRYPTO_KENNEL_LONG_CON,GF-1436,GF-BRIDGE,SAME_BRIDGE_ROUTE,CTX-BRIDGE-0042,CTX-BRIDGE-0060,bridge_route_id,ROUTE-AZURE-06,norm-v1,CURATED_APPROXIMATION,GRAPHFRAMES_EXACT_MATCH,false,SENIOR_V1_TO_CANONICAL_V1,APPROVED,"A shared bridge route is an operational association, not proof of illicit purpose.","[""CTX-BRIDGE-0042"",""CTX-BRIDGE-0060""]",SUPPORTING_EVIDENCE,"{""source_dataset"":""analytics/crypto_graphframes_exact_relationships.csv""}",2026.07.18.1
CRYPTO_KENNEL_LONG_CON,GF-1437,GF-BRIDGE,SAME_BRIDGE_ROUTE,CTX-BRIDGE-0043,CTX-BRIDGE-0061,bridge_route_id,ROUTE-AZURE-01,norm-v1,CURATED_APPROXIMATION,GRAPHFRAMES_EXACT_MATCH,false,SENIOR_V1_TO_CANONICAL_V1,APPROVED,"A shared bridge route is an operational association, not proof of illicit purpose.","[""CTX-BRIDGE-0043"",""CTX-BRIDGE-0061""]",SUPPORTING_EVIDENCE,"{""source_dataset"":""analytics/crypto_graphframes_exact_relationships.csv""}",2026.07.18.1
CRYPTO_KENNEL_LONG_CON,GF-1438,GF-BRIDGE,SAME_BRIDGE_ROUTE,CTX-BRIDGE-0044,CTX-BRIDGE-0062,bridge_route_id,ROUTE-AZURE-02,norm-v1,CURATED_APPROXIMATION,GRAPHFRAMES_EXACT_MATCH,false,SENIOR_V1_TO_CANONICAL_V1,APPROVED,"A shared bridge route is an operational association, not proof of illicit purpose.","[""CTX-BRIDGE-0044"",""CTX-BRIDGE-0062""]",SUPPORTING_EVIDENCE,"{""source_dataset"":""analytics/crypto_graphframes_exact_relationships.csv""}",2026.07.18.1
CRYPTO_KENNEL_LONG_CON,GF-1439,GF-BRIDGE,SAME_BRIDGE_ROUTE,CTX-BRIDGE-0045,CTX-BRIDGE-0063,bridge_route_id,ROUTE-AZURE-03,norm-v1,CURATED_APPROXIMATION,GRAPHFRAMES_EXACT_MATCH,false,SENIOR_V1_TO_CANONICAL_V1,APPROVED,"A shared bridge route is an operational association, not proof of illicit purpose.","[""CTX-BRIDGE-0045"",""CTX-BRIDGE-0063""]",SUPPORTING_EVIDENCE,"{""source_dataset"":""analytics/crypto_graphframes_exact_relationships.csv""}",2026.07.18.1
CRYPTO_KENNEL_LONG_CON,GF-1440,GF-BRIDGE,SAME_BRIDGE_ROUTE,CTX-BRIDGE-0046,CTX-BRIDGE-0064,bridge_route_id,ROUTE-AZURE-04,norm-v1,CURATED_APPROXIMATION,GRAPHFRAMES_EXACT_MATCH,false,SENIOR_V1_TO_CANONICAL_V1,APPROVED,"A shared bridge route is an operational association, not proof of illicit purpose.","[""CTX-BRIDGE-0046"",""CTX-BRIDGE-0064""]",SUPPORTING_EVIDENCE,"{""source_dataset"":""analytics/crypto_graphframes_exact_relationships.csv""}",2026.07.18.1
CRYPTO_KENNEL_LONG_CON,GF-1441,GF-BRIDGE,SAME_BRIDGE_ROUTE,CTX-BRIDGE-0047,CTX-BRIDGE-0065,bridge_route_id,ROUTE-AZURE-05,norm-v1,CURATED_APPROXIMATION,GRAPHFRAMES_EXACT_MATCH,false,SENIOR_V1_TO_CANONICAL_V1,APPROVED,"A shared bridge route is an operational association, not proof of illicit purpose.","[""CTX-BRIDGE-0047"",""CTX-BRIDGE-0065""]",SUPPORTING_EVIDENCE,"{""source_dataset"":""analytics/crypto_graphframes_exact_relationships.csv""}",2026.07.18.1
CRYPTO_KENNEL_LONG_CON,GF-1442,GF-BRIDGE,SAME_BRIDGE_ROUTE,CTX-BRIDGE-0048,CTX-BRIDGE-0066,bridge_route_id,ROUTE-AZURE-06,norm-v1,CURATED_APPROXIMATION,GRAPHFRAMES_EXACT_MATCH,false,SENIOR_V1_TO_CANONICAL_V1,APPROVED,"A shared bridge route is an operational association, not proof of illicit purpose.","[""CTX-BRIDGE-0048"",""CTX-BRIDGE-0066""]",SUPPORTING_EVIDENCE,"{""source_dataset"":""analytics/crypto_graphframes_exact_relationships.csv""}",2026.07.18.1
CRYPTO_KENNEL_LONG_CON,GF-1443,GF-BRIDGE,SAME_BRIDGE_ROUTE,CTX-BRIDGE-0049,CTX-BRIDGE-0067,bridge_route_id,ROUTE-AZURE-01,norm-v1,CURATED_APPROXIMATION,GRAPHFRAMES_EXACT_MATCH,false,SENIOR_V1_TO_CANONICAL_V1,APPROVED,"A shared bridge route is an operational association, not proof of illicit purpose.","[""CTX-BRIDGE-0049"",""CTX-BRIDGE-0067""]",SUPPORTING_EVIDENCE,"{""source_dataset"":""analytics/crypto_graphframes_exact_relationships.csv""}",2026.07.18.1
CRYPTO_KENNEL_LONG_CON,GF-1444,GF-BRIDGE,SAME_BRIDGE_ROUTE,CTX-BRIDGE-0050,CTX-BRIDGE-0068,bridge_route_id,ROUTE-AZURE-02,norm-v1,CURATED_APPROXIMATION,GRAPHFRAMES_EXACT_MATCH,false,SENIOR_V1_TO_CANONICAL_V1,APPROVED,"A shared bridge route is an operational association, not proof of illicit purpose.","[""CTX-BRIDGE-0050"",""CTX-BRIDGE-0068""]",SUPPORTING_EVIDENCE,"{""source_dataset"":""analytics/crypto_graphframes_exact_relationships.csv""}",2026.07.18.1
CRYPTO_KENNEL_LONG_CON,GF-1445,GF-BRIDGE,SAME_BRIDGE_ROUTE,CTX-BRIDGE-0051,CTX-BRIDGE-0069,bridge_route_id,ROUTE-AZURE-03,norm-v1,CURATED_APPROXIMATION,GRAPHFRAMES_EXACT_MATCH,false,SENIOR_V1_TO_CANONICAL_V1,APPROVED,"A shared bridge route is an operational association, not proof of illicit purpose.","[""CTX-BRIDGE-0051"",""CTX-BRIDGE-0069""]",SUPPORTING_EVIDENCE,"{""source_dataset"":""analytics/crypto_graphframes_exact_relationships.csv""}",2026.07.18.1
CRYPTO_KENNEL_LONG_CON,GF-1446,GF-BRIDGE,SAME_BRIDGE_ROUTE,CTX-BRIDGE-0052,CTX-BRIDGE-0070,bridge_route_id,ROUTE-AZURE-04,norm-v1,CURATED_APPROXIMATION,GRAPHFRAMES_EXACT_MATCH,false,SENIOR_V1_TO_CANONICAL_V1,APPROVED,"A shared bridge route is an operational association, not proof of illicit purpose.","[""CTX-BRIDGE-0052"",""CTX-BRIDGE-0070""]",SUPPORTING_EVIDENCE,"{""source_dataset"":""analytics/crypto_graphframes_exact_relationships.csv""}",2026.07.18.1
CRYPTO_KENNEL_LONG_CON,GF-1447,GF-BRIDGE,SAME_BRIDGE_ROUTE,CTX-BRIDGE-0053,CTX-BRIDGE-0071,bridge_route_id,ROUTE-AZURE-05,norm-v1,CURATED_APPROXIMATION,GRAPHFRAMES_EXACT_MATCH,false,SENIOR_V1_TO_CANONICAL_V1,APPROVED,"A shared bridge route is an operational association, not proof of illicit purpose.","[""CTX-BRIDGE-0053"",""CTX-BRIDGE-0071""]",SUPPORTING_EVIDENCE,"{""source_dataset"":""analytics/crypto_graphframes_exact_relationships.csv""}",2026.07.18.1
CRYPTO_KENNEL_LONG_CON,GF-1448,GF-BRIDGE,SAME_BRIDGE_ROUTE,CTX-BRIDGE-0054,CTX-BRIDGE-0072,bridge_route_id,ROUTE-AZURE-06,norm-v1,CURATED_APPROXIMATION,GRAPHFRAMES_EXACT_MATCH,false,SENIOR_V1_TO_CANONICAL_V1,APPROVED,"A shared bridge route is an operational association, not proof of illicit purpose.","[""CTX-BRIDGE-0054"",""CTX-BRIDGE-0072""]",SUPPORTING_EVIDENCE,"{""source_dataset"":""analytics/crypto_graphframes_exact_relationships.csv""}",2026.07.18.1
CRYPTO_KENNEL_LONG_CON,GF-1449,GF-BRIDGE,SAME_BRIDGE_ROUTE,CTX-BRIDGE-0055,CTX-BRIDGE-0073,bridge_route_id,ROUTE-AZURE-01,norm-v1,CURATED_APPROXIMATION,GRAPHFRAMES_EXACT_MATCH,false,SENIOR_V1_TO_CANONICAL_V1,APPROVED,"A shared bridge route is an operational association, not proof of illicit purpose.","[""CTX-BRIDGE-0055"",""CTX-BRIDGE-0073""]",SUPPORTING_EVIDENCE,"{""source_dataset"":""analytics/crypto_graphframes_exact_relationships.csv""}",2026.07.18.1
CRYPTO_KENNEL_LONG_CON,GF-1450,GF-BRIDGE,SAME_BRIDGE_ROUTE,CTX-BRIDGE-0056,CTX-BRIDGE-0074,bridge_route_id,ROUTE-AZURE-02,norm-v1,CURATED_APPROXIMATION,GRAPHFRAMES_EXACT_MATCH,false,SENIOR_V1_TO_CANONICAL_V1,APPROVED,"A shared bridge route is an operational association, not proof of illicit purpose.","[""CTX-BRIDGE-0056"",""CTX-BRIDGE-0074""]",SUPPORTING_EVIDENCE,"{""source_dataset"":""analytics/crypto_graphframes_exact_relationships.csv""}",2026.07.18.1
CRYPTO_KENNEL_LONG_CON,GF-1451,GF-BRIDGE,SAME_BRIDGE_ROUTE,CTX-BRIDGE-0057,CTX-BRIDGE-0075,bridge_route_id,ROUTE-AZURE-03,norm-v1,CURATED_APPROXIMATION,GRAPHFRAMES_EXACT_MATCH,false,SENIOR_V1_TO_CANONICAL_V1,APPROVED,"A shared bridge route is an operational association, not proof of illicit purpose.","[""CTX-BRIDGE-0057"",""CTX-BRIDGE-0075""]",SUPPORTING_EVIDENCE,"{""source_dataset"":""analytics/crypto_graphframes_exact_relationships.csv""}",2026.07.18.1
CRYPTO_KENNEL_LONG_CON,GF-1452,GF-BRIDGE,SAME_BRIDGE_ROUTE,CTX-BRIDGE-0058,CTX-BRIDGE-0076,bridge_route_id,ROUTE-AZURE-04,norm-v1,CURATED_APPROXIMATION,GRAPHFRAMES_EXACT_MATCH,false,SENIOR_V1_TO_CANONICAL_V1,APPROVED,"A shared bridge route is an operational association, not proof of illicit purpose.","[""CTX-BRIDGE-0058"",""CTX-BRIDGE-0076""]",SUPPORTING_EVIDENCE,"{""source_dataset"":""analytics/crypto_graphframes_exact_relationships.csv""}",2026.07.18.1
CRYPTO_KENNEL_LONG_CON,GF-1453,GF-BRIDGE,SAME_BRIDGE_ROUTE,CTX-BRIDGE-0059,CTX-BRIDGE-0077,bridge_route_id,ROUTE-AZURE-05,norm-v1,CURATED_APPROXIMATION,GRAPHFRAMES_EXACT_MATCH,false,SENIOR_V1_TO_CANONICAL_V1,APPROVED,"A shared bridge route is an operational association, not proof of illicit purpose.","[""CTX-BRIDGE-0059"",""CTX-BRIDGE-0077""]",SUPPORTING_EVIDENCE,"{""source_dataset"":""analytics/crypto_graphframes_exact_relationships.csv""}",2026.07.18.1
CRYPTO_KENNEL_LONG_CON,GF-1454,GF-BRIDGE,SAME_BRIDGE_ROUTE,CTX-BRIDGE-0060,CTX-BRIDGE-0078,bridge_route_id,ROUTE-AZURE-06,norm-v1,CURATED_APPROXIMATION,GRAPHFRAMES_EXACT_MATCH,false,SENIOR_V1_TO_CANONICAL_V1,APPROVED,"A shared bridge route is an operational association, not proof of illicit purpose.","[""CTX-BRIDGE-0060"",""CTX-BRIDGE-0078""]",SUPPORTING_EVIDENCE,"{""source_dataset"":""analytics/crypto_graphframes_exact_relationships.csv""}",2026.07.18.1
CRYPTO_KENNEL_LONG_CON,GF-1455,GF-BRIDGE,SAME_BRIDGE_ROUTE,CTX-BRIDGE-0061,CTX-BRIDGE-0079,bridge_route_id,ROUTE-AZURE-01,norm-v1,CURATED_APPROXIMATION,GRAPHFRAMES_EXACT_MATCH,false,SENIOR_V1_TO_CANONICAL_V1,APPROVED,"A shared bridge route is an operational association, not proof of illicit purpose.","[""CTX-BRIDGE-0061"",""CTX-BRIDGE-0079""]",SUPPORTING_EVIDENCE,"{""source_dataset"":""analytics/crypto_graphframes_exact_relationships.csv""}",2026.07.18.1
CRYPTO_KENNEL_LONG_CON,GF-1456,GF-BRIDGE,SAME_BRIDGE_ROUTE,CTX-BRIDGE-0062,CTX-BRIDGE-0080,bridge_route_id,ROUTE-AZURE-02,norm-v1,CURATED_APPROXIMATION,GRAPHFRAMES_EXACT_MATCH,false,SENIOR_V1_TO_CANONICAL_V1,APPROVED,"A shared bridge route is an operational association, not proof of illicit purpose.","[""CTX-BRIDGE-0062"",""CTX-BRIDGE-0080""]",SUPPORTING_EVIDENCE,"{""source_dataset"":""analytics/crypto_graphframes_exact_relationships.csv""}",2026.07.18.1
CRYPTO_KENNEL_LONG_CON,GF-1457,GF-BRIDGE,SAME_BRIDGE_ROUTE,CTX-BRIDGE-0063,CTX-BRIDGE-0081,bridge_route_id,ROUTE-AZURE-03,norm-v1,CURATED_APPROXIMATION,GRAPHFRAMES_EXACT_MATCH,false,SENIOR_V1_TO_CANONICAL_V1,APPROVED,"A shared bridge route is an operational association, not proof of illicit purpose.","[""CTX-BRIDGE-0063"",""CTX-BRIDGE-0081""]",SUPPORTING_EVIDENCE,"{""source_dataset"":""analytics/crypto_graphframes_exact_relationships.csv""}",2026.07.18.1
CRYPTO_KENNEL_LONG_CON,GF-1458,GF-BRIDGE,SAME_BRIDGE_ROUTE,CTX-BRIDGE-0064,CTX-BRIDGE-0082,bridge_route_id,ROUTE-AZURE-04,norm-v1,CURATED_APPROXIMATION,GRAPHFRAMES_EXACT_MATCH,false,SENIOR_V1_TO_CANONICAL_V1,APPROVED,"A shared bridge route is an operational association, not proof of illicit purpose.","[""CTX-BRIDGE-0064"",""CTX-BRIDGE-0082""]",SUPPORTING_EVIDENCE,"{""source_dataset"":""analytics/crypto_graphframes_exact_relationships.csv""}",2026.07.18.1
CRYPTO_KENNEL_LONG_CON,GF-1459,GF-BRIDGE,SAME_BRIDGE_ROUTE,CTX-BRIDGE-0065,CTX-BRIDGE-0083,bridge_route_id,ROUTE-AZURE-05,norm-v1,CURATED_APPROXIMATION,GRAPHFRAMES_EXACT_MATCH,false,SENIOR_V1_TO_CANONICAL_V1,APPROVED,"A shared bridge route is an operational association, not proof of illicit purpose.","[""CTX-BRIDGE-0065"",""CTX-BRIDGE-0083""]",SUPPORTING_EVIDENCE,"{""source_dataset"":""analytics/crypto_graphframes_exact_relationships.csv""}",2026.07.18.1
CRYPTO_KENNEL_LONG_CON,GF-1460,GF-BRIDGE,SAME_BRIDGE_ROUTE,CTX-BRIDGE-0066,CTX-BRIDGE-0084,bridge_route_id,ROUTE-AZURE-06,norm-v1,CURATED_APPROXIMATION,GRAPHFRAMES_EXACT_MATCH,false,SENIOR_V1_TO_CANONICAL_V1,APPROVED,"A shared bridge route is an operational association, not proof of illicit purpose.","[""CTX-BRIDGE-0066"",""CTX-BRIDGE-0084""]",SUPPORTING_EVIDENCE,"{""source_dataset"":""analytics/crypto_graphframes_exact_relationships.csv""}",2026.07.18.1
CRYPTO_KENNEL_LONG_CON,GF-1461,GF-BRIDGE,SAME_BRIDGE_ROUTE,CTX-BRIDGE-0067,CTX-BRIDGE-0085,bridge_route_id,ROUTE-AZURE-01,norm-v1,CURATED_APPROXIMATION,GRAPHFRAMES_EXACT_MATCH,false,SENIOR_V1_TO_CANONICAL_V1,APPROVED,"A shared bridge route is an operational association, not proof of illicit purpose.","[""CTX-BRIDGE-0067"",""CTX-BRIDGE-0085""]",SUPPORTING_EVIDENCE,"{""source_dataset"":""analytics/crypto_graphframes_exact_relationships.csv""}",2026.07.18.1
CRYPTO_KENNEL_LONG_CON,GF-1462,GF-BRIDGE,SAME_BRIDGE_ROUTE,CTX-BRIDGE-0068,CTX-BRIDGE-0086,bridge_route_id,ROUTE-AZURE-02,norm-v1,CURATED_APPROXIMATION,GRAPHFRAMES_EXACT_MATCH,false,SENIOR_V1_TO_CANONICAL_V1,APPROVED,"A shared bridge route is an operational association, not proof of illicit purpose.","[""CTX-BRIDGE-0068"",""CTX-BRIDGE-0086""]",SUPPORTING_EVIDENCE,"{""source_dataset"":""analytics/crypto_graphframes_exact_relationships.csv""}",2026.07.18.1
CRYPTO_KENNEL_LONG_CON,GF-1463,GF-BRIDGE,SAME_BRIDGE_ROUTE,CTX-BRIDGE-0069,CTX-BRIDGE-0087,bridge_route_id,ROUTE-AZURE-03,norm-v1,CURATED_APPROXIMATION,GRAPHFRAMES_EXACT_MATCH,false,SENIOR_V1_TO_CANONICAL_V1,APPROVED,"A shared bridge route is an operational association, not proof of illicit purpose.","[""CTX-BRIDGE-0069"",""CTX-BRIDGE-0087""]",SUPPORTING_EVIDENCE,"{""source_dataset"":""analytics/crypto_graphframes_exact_relationships.csv""}",2026.07.18.1
CRYPTO_KENNEL_LONG_CON,GF-1464,GF-BRIDGE,SAME_BRIDGE_ROUTE,CTX-BRIDGE-0070,CTX-BRIDGE-0088,bridge_route_id,ROUTE-AZURE-04,norm-v1,CURATED_APPROXIMATION,GRAPHFRAMES_EXACT_MATCH,false,SENIOR_V1_TO_CANONICAL_V1,APPROVED,"A shared bridge route is an operational association, not proof of illicit purpose.","[""CTX-BRIDGE-0070"",""CTX-BRIDGE-0088""]",SUPPORTING_EVIDENCE,"{""source_dataset"":""analytics/crypto_graphframes_exact_relationships.csv""}",2026.07.18.1
CRYPTO_KENNEL_LONG_CON,GF-1465,GF-BRIDGE,SAME_BRIDGE_ROUTE,CTX-BRIDGE-0071,CTX-BRIDGE-0089,bridge_route_id,ROUTE-AZURE-05,norm-v1,CURATED_APPROXIMATION,GRAPHFRAMES_EXACT_MATCH,false,SENIOR_V1_TO_CANONICAL_V1,APPROVED,"A shared bridge route is an operational association, not proof of illicit purpose.","[""CTX-BRIDGE-0071"",""CTX-BRIDGE-0089""]",SUPPORTING_EVIDENCE,"{""source_dataset"":""analytics/crypto_graphframes_exact_relationships.csv""}",2026.07.18.1
CRYPTO_KENNEL_LONG_CON,GF-1466,GF-BRIDGE,SAME_BRIDGE_ROUTE,CTX-BRIDGE-0072,CTX-BRIDGE-0090,bridge_route_id,ROUTE-AZURE-06,norm-v1,CURATED_APPROXIMATION,GRAPHFRAMES_EXACT_MATCH,false,SENIOR_V1_TO_CANONICAL_V1,APPROVED,"A shared bridge route is an operational association, not proof of illicit purpose.","[""CTX-BRIDGE-0072"",""CTX-BRIDGE-0090""]",SUPPORTING_EVIDENCE,"{""source_dataset"":""analytics/crypto_graphframes_exact_relationships.csv""}",2026.07.18.1
CRYPTO_KENNEL_LONG_CON,GF-1467,GF-BRIDGE,SAME_BRIDGE_ROUTE,CTX-BRIDGE-0073,CTX-BRIDGE-0091,bridge_route_id,ROUTE-AZURE-01,norm-v1,CURATED_APPROXIMATION,GRAPHFRAMES_EXACT_MATCH,false,SENIOR_V1_TO_CANONICAL_V1,APPROVED,"A shared bridge route is an operational association, not proof of illicit purpose.","[""CTX-BRIDGE-0073"",""CTX-BRIDGE-0091""]",SUPPORTING_EVIDENCE,"{""source_dataset"":""analytics/crypto_graphframes_exact_relationships.csv""}",2026.07.18.1
CRYPTO_KENNEL_LONG_CON,GF-1468,GF-BRIDGE,SAME_BRIDGE_ROUTE,CTX-BRIDGE-0074,CTX-BRIDGE-0092,bridge_route_id,ROUTE-AZURE-02,norm-v1,CURATED_APPROXIMATION,GRAPHFRAMES_EXACT_MATCH,false,SENIOR_V1_TO_CANONICAL_V1,APPROVED,"A shared bridge route is an operational association, not proof of illicit purpose.","[""CTX-BRIDGE-0074"",""CTX-BRIDGE-0092""]",SUPPORTING_EVIDENCE,"{""source_dataset"":""analytics/crypto_graphframes_exact_relationships.csv""}",2026.07.18.1
CRYPTO_KENNEL_LONG_CON,GF-1469,GF-BRIDGE,SAME_BRIDGE_ROUTE,CTX-BRIDGE-0075,CTX-BRIDGE-0093,bridge_route_id,ROUTE-AZURE-03,norm-v1,CURATED_APPROXIMATION,GRAPHFRAMES_EXACT_MATCH,false,SENIOR_V1_TO_CANONICAL_V1,APPROVED,"A shared bridge route is an operational association, not proof of illicit purpose.","[""CTX-BRIDGE-0075"",""CTX-BRIDGE-0093""]",SUPPORTING_EVIDENCE,"{""source_dataset"":""analytics/crypto_graphframes_exact_relationships.csv""}",2026.07.18.1
CRYPTO_KENNEL_LONG_CON,GF-1470,GF-BRIDGE,SAME_BRIDGE_ROUTE,CTX-BRIDGE-0076,CTX-BRIDGE-0094,bridge_route_id,ROUTE-AZURE-04,norm-v1,CURATED_APPROXIMATION,GRAPHFRAMES_EXACT_MATCH,false,SENIOR_V1_TO_CANONICAL_V1,APPROVED,"A shared bridge route is an operational association, not proof of illicit purpose.","[""CTX-BRIDGE-0076"",""CTX-BRIDGE-0094""]",SUPPORTING_EVIDENCE,"{""source_dataset"":""analytics/crypto_graphframes_exact_relationships.csv""}",2026.07.18.1
CRYPTO_KENNEL_LONG_CON,GF-1471,GF-BRIDGE,SAME_BRIDGE_ROUTE,CTX-BRIDGE-0077,CTX-BRIDGE-0095,bridge_route_id,ROUTE-AZURE-05,norm-v1,CURATED_APPROXIMATION,GRAPHFRAMES_EXACT_MATCH,false,SENIOR_V1_TO_CANONICAL_V1,APPROVED,"A shared bridge route is an operational association, not proof of illicit purpose.","[""CTX-BRIDGE-0077"",""CTX-BRIDGE-0095""]",SUPPORTING_EVIDENCE,"{""source_dataset"":""analytics/crypto_graphframes_exact_relationships.csv""}",2026.07.18.1
CRYPTO_KENNEL_LONG_CON,GF-1472,GF-BRIDGE,SAME_BRIDGE_ROUTE,CTX-BRIDGE-0078,CTX-BRIDGE-0096,bridge_route_id,ROUTE-AZURE-06,norm-v1,CURATED_APPROXIMATION,GRAPHFRAMES_EXACT_MATCH,false,SENIOR_V1_TO_CANONICAL_V1,APPROVED,"A shared bridge route is an operational association, not proof of illicit purpose.","[""CTX-BRIDGE-0078"",""CTX-BRIDGE-0096""]",SUPPORTING_EVIDENCE,"{""source_dataset"":""analytics/crypto_graphframes_exact_relationships.csv""}",2026.07.18.1
CRYPTO_KENNEL_LONG_CON,GF-1473,GF-BRIDGE,SAME_BRIDGE_ROUTE,CTX-BRIDGE-0079,CTX-BRIDGE-0097,bridge_route_id,ROUTE-AZURE-01,norm-v1,CURATED_APPROXIMATION,GRAPHFRAMES_EXACT_MATCH,false,SENIOR_V1_TO_CANONICAL_V1,APPROVED,"A shared bridge route is an operational association, not proof of illicit purpose.","[""CTX-BRIDGE-0079"",""CTX-BRIDGE-0097""]",SUPPORTING_EVIDENCE,"{""source_dataset"":""analytics/crypto_graphframes_exact_relationships.csv""}",2026.07.18.1
CRYPTO_KENNEL_LONG_CON,GF-1474,GF-BRIDGE,SAME_BRIDGE_ROUTE,CTX-BRIDGE-0080,CTX-BRIDGE-0098,bridge_route_id,ROUTE-AZURE-02,norm-v1,CURATED_APPROXIMATION,GRAPHFRAMES_EXACT_MATCH,false,SENIOR_V1_TO_CANONICAL_V1,APPROVED,"A shared bridge route is an operational association, not proof of illicit purpose.","[""CTX-BRIDGE-0080"",""CTX-BRIDGE-0098""]",SUPPORTING_EVIDENCE,"{""source_dataset"":""analytics/crypto_graphframes_exact_relationships.csv""}",2026.07.18.1
CRYPTO_KENNEL_LONG_CON,GF-1475,GF-BRIDGE,SAME_BRIDGE_ROUTE,CTX-BRIDGE-0081,CTX-BRIDGE-0099,bridge_route_id,ROUTE-AZURE-03,norm-v1,CURATED_APPROXIMATION,GRAPHFRAMES_EXACT_MATCH,false,SENIOR_V1_TO_CANONICAL_V1,APPROVED,"A shared bridge route is an operational association, not proof of illicit purpose.","[""CTX-BRIDGE-0081"",""CTX-BRIDGE-0099""]",SUPPORTING_EVIDENCE,"{""source_dataset"":""analytics/crypto_graphframes_exact_relationships.csv""}",2026.07.18.1
CRYPTO_KENNEL_LONG_CON,GF-1476,GF-BRIDGE,SAME_BRIDGE_ROUTE,CTX-BRIDGE-0082,CTX-BRIDGE-0100,bridge_route_id,ROUTE-AZURE-04,norm-v1,CURATED_APPROXIMATION,GRAPHFRAMES_EXACT_MATCH,false,SENIOR_V1_TO_CANONICAL_V1,APPROVED,"A shared bridge route is an operational association, not proof of illicit purpose.","[""CTX-BRIDGE-0082"",""CTX-BRIDGE-0100""]",SUPPORTING_EVIDENCE,"{""source_dataset"":""analytics/crypto_graphframes_exact_relationships.csv""}",2026.07.18.1
CRYPTO_KENNEL_LONG_CON,GF-1477,GF-BRIDGE,SAME_BRIDGE_ROUTE,CTX-BRIDGE-0083,CTX-BRIDGE-0101,bridge_route_id,ROUTE-AZURE-05,norm-v1,CURATED_APPROXIMATION,GRAPHFRAMES_EXACT_MATCH,false,SENIOR_V1_TO_CANONICAL_V1,APPROVED,"A shared bridge route is an operational association, not proof of illicit purpose.","[""CTX-BRIDGE-0083"",""CTX-BRIDGE-0101""]",SUPPORTING_EVIDENCE,"{""source_dataset"":""analytics/crypto_graphframes_exact_relationships.csv""}",2026.07.18.1
CRYPTO_KENNEL_LONG_CON,GF-1478,GF-BRIDGE,SAME_BRIDGE_ROUTE,CTX-BRIDGE-0084,CTX-BRIDGE-0102,bridge_route_id,ROUTE-AZURE-06,norm-v1,CURATED_APPROXIMATION,GRAPHFRAMES_EXACT_MATCH,false,SENIOR_V1_TO_CANONICAL_V1,APPROVED,"A shared bridge route is an operational association, not proof of illicit purpose.","[""CTX-BRIDGE-0084"",""CTX-BRIDGE-0102""]",SUPPORTING_EVIDENCE,"{""source_dataset"":""analytics/crypto_graphframes_exact_relationships.csv""}",2026.07.18.1
CRYPTO_KENNEL_LONG_CON,GF-1479,GF-BRIDGE,SAME_BRIDGE_ROUTE,CTX-BRIDGE-0085,CTX-BRIDGE-0103,bridge_route_id,ROUTE-AZURE-01,norm-v1,CURATED_APPROXIMATION,GRAPHFRAMES_EXACT_MATCH,false,SENIOR_V1_TO_CANONICAL_V1,APPROVED,"A shared bridge route is an operational association, not proof of illicit purpose.","[""CTX-BRIDGE-0085"",""CTX-BRIDGE-0103""]",SUPPORTING_EVIDENCE,"{""source_dataset"":""analytics/crypto_graphframes_exact_relationships.csv""}",2026.07.18.1
CRYPTO_KENNEL_LONG_CON,GF-1480,GF-BRIDGE,SAME_BRIDGE_ROUTE,CTX-BRIDGE-0086,CTX-BRIDGE-0104,bridge_route_id,ROUTE-AZURE-02,norm-v1,CURATED_APPROXIMATION,GRAPHFRAMES_EXACT_MATCH,false,SENIOR_V1_TO_CANONICAL_V1,APPROVED,"A shared bridge route is an operational association, not proof of illicit purpose.","[""CTX-BRIDGE-0086"",""CTX-BRIDGE-0104""]",SUPPORTING_EVIDENCE,"{""source_dataset"":""analytics/crypto_graphframes_exact_relationships.csv""}",2026.07.18.1
CRYPTO_KENNEL_LONG_CON,GF-1481,GF-BRIDGE,SAME_BRIDGE_ROUTE,CTX-BRIDGE-0087,CTX-BRIDGE-0105,bridge_route_id,ROUTE-AZURE-03,norm-v1,CURATED_APPROXIMATION,GRAPHFRAMES_EXACT_MATCH,false,SENIOR_V1_TO_CANONICAL_V1,APPROVED,"A shared bridge route is an operational association, not proof of illicit purpose.","[""CTX-BRIDGE-0087"",""CTX-BRIDGE-0105""]",SUPPORTING_EVIDENCE,"{""source_dataset"":""analytics/crypto_graphframes_exact_relationships.csv""}",2026.07.18.1
CRYPTO_KENNEL_LONG_CON,GF-1482,GF-BRIDGE,SAME_BRIDGE_ROUTE,CTX-BRIDGE-0088,CTX-BRIDGE-0106,bridge_route_id,ROUTE-AZURE-04,norm-v1,CURATED_APPROXIMATION,GRAPHFRAMES_EXACT_MATCH,false,SENIOR_V1_TO_CANONICAL_V1,APPROVED,"A shared bridge route is an operational association, not proof of illicit purpose.","[""CTX-BRIDGE-0088"",""CTX-BRIDGE-0106""]",SUPPORTING_EVIDENCE,"{""source_dataset"":""analytics/crypto_graphframes_exact_relationships.csv""}",2026.07.18.1
CRYPTO_KENNEL_LONG_CON,GF-1483,GF-BRIDGE,SAME_BRIDGE_ROUTE,CTX-BRIDGE-0089,CTX-BRIDGE-0107,bridge_route_id,ROUTE-AZURE-05,norm-v1,CURATED_APPROXIMATION,GRAPHFRAMES_EXACT_MATCH,false,SENIOR_V1_TO_CANONICAL_V1,APPROVED,"A shared bridge route is an operational association, not proof of illicit purpose.","[""CTX-BRIDGE-0089"",""CTX-BRIDGE-0107""]",SUPPORTING_EVIDENCE,"{""source_dataset"":""analytics/crypto_graphframes_exact_relationships.csv""}",2026.07.18.1
CRYPTO_KENNEL_LONG_CON,GF-1484,GF-BRIDGE,SAME_BRIDGE_ROUTE,CTX-BRIDGE-0090,CTX-BRIDGE-0108,bridge_route_id,ROUTE-AZURE-06,norm-v1,CURATED_APPROXIMATION,GRAPHFRAMES_EXACT_MATCH,false,SENIOR_V1_TO_CANONICAL_V1,APPROVED,"A shared bridge route is an operational association, not proof of illicit purpose.","[""CTX-BRIDGE-0090"",""CTX-BRIDGE-0108""]",SUPPORTING_EVIDENCE,"{""source_dataset"":""analytics/crypto_graphframes_exact_relationships.csv""}",2026.07.18.1
CRYPTO_KENNEL_LONG_CON,GF-1485,GF-BRIDGE,SAME_BRIDGE_ROUTE,CTX-BRIDGE-0091,CTX-BRIDGE-0109,bridge_route_id,ROUTE-AZURE-01,norm-v1,CURATED_APPROXIMATION,GRAPHFRAMES_EXACT_MATCH,false,SENIOR_V1_TO_CANONICAL_V1,APPROVED,"A shared bridge route is an operational association, not proof of illicit purpose.","[""CTX-BRIDGE-0091"",""CTX-BRIDGE-0109""]",SUPPORTING_EVIDENCE,"{""source_dataset"":""analytics/crypto_graphframes_exact_relationships.csv""}",2026.07.18.1
CRYPTO_KENNEL_LONG_CON,GF-1486,GF-BRIDGE,SAME_BRIDGE_ROUTE,CTX-BRIDGE-0092,CTX-BRIDGE-0110,bridge_route_id,ROUTE-AZURE-02,norm-v1,CURATED_APPROXIMATION,GRAPHFRAMES_EXACT_MATCH,false,SENIOR_V1_TO_CANONICAL_V1,APPROVED,"A shared bridge route is an operational association, not proof of illicit purpose.","[""CTX-BRIDGE-0092"",""CTX-BRIDGE-0110""]",SUPPORTING_EVIDENCE,"{""source_dataset"":""analytics/crypto_graphframes_exact_relationships.csv""}",2026.07.18.1
CRYPTO_KENNEL_LONG_CON,GF-1487,GF-BRIDGE,SAME_BRIDGE_ROUTE,CTX-BRIDGE-0093,CTX-BRIDGE-0111,bridge_route_id,ROUTE-AZURE-03,norm-v1,CURATED_APPROXIMATION,GRAPHFRAMES_EXACT_MATCH,false,SENIOR_V1_TO_CANONICAL_V1,APPROVED,"A shared bridge route is an operational association, not proof of illicit purpose.","[""CTX-BRIDGE-0093"",""CTX-BRIDGE-0111""]",SUPPORTING_EVIDENCE,"{""source_dataset"":""analytics/crypto_graphframes_exact_relationships.csv""}",2026.07.18.1
CRYPTO_KENNEL_LONG_CON,GF-1488,GF-BRIDGE,SAME_BRIDGE_ROUTE,CTX-BRIDGE-0094,CTX-BRIDGE-0112,bridge_route_id,ROUTE-AZURE-04,norm-v1,CURATED_APPROXIMATION,GRAPHFRAMES_EXACT_MATCH,false,SENIOR_V1_TO_CANONICAL_V1,APPROVED,"A shared bridge route is an operational association, not proof of illicit purpose.","[""CTX-BRIDGE-0094"",""CTX-BRIDGE-0112""]",SUPPORTING_EVIDENCE,"{""source_dataset"":""analytics/crypto_graphframes_exact_relationships.csv""}",2026.07.18.1
CRYPTO_KENNEL_LONG_CON,GF-1489,GF-BRIDGE,SAME_BRIDGE_ROUTE,CTX-BRIDGE-0095,CTX-BRIDGE-0113,bridge_route_id,ROUTE-AZURE-05,norm-v1,CURATED_APPROXIMATION,GRAPHFRAMES_EXACT_MATCH,false,SENIOR_V1_TO_CANONICAL_V1,APPROVED,"A shared bridge route is an operational association, not proof of illicit purpose.","[""CTX-BRIDGE-0095"",""CTX-BRIDGE-0113""]",SUPPORTING_EVIDENCE,"{""source_dataset"":""analytics/crypto_graphframes_exact_relationships.csv""}",2026.07.18.1
CRYPTO_KENNEL_LONG_CON,GF-1490,GF-BRIDGE,SAME_BRIDGE_ROUTE,CTX-BRIDGE-0096,CTX-BRIDGE-0114,bridge_route_id,ROUTE-AZURE-06,norm-v1,CURATED_APPROXIMATION,GRAPHFRAMES_EXACT_MATCH,false,SENIOR_V1_TO_CANONICAL_V1,APPROVED,"A shared bridge route is an operational association, not proof of illicit purpose.","[""CTX-BRIDGE-0096"",""CTX-BRIDGE-0114""]",SUPPORTING_EVIDENCE,"{""source_dataset"":""analytics/crypto_graphframes_exact_relationships.csv""}",2026.07.18.1
CRYPTO_KENNEL_LONG_CON,GF-1491,GF-BRIDGE,SAME_BRIDGE_ROUTE,CTX-BRIDGE-0097,CTX-BRIDGE-0115,bridge_route_id,ROUTE-AZURE-01,norm-v1,CURATED_APPROXIMATION,GRAPHFRAMES_EXACT_MATCH,false,SENIOR_V1_TO_CANONICAL_V1,APPROVED,"A shared bridge route is an operational association, not proof of illicit purpose.","[""CTX-BRIDGE-0097"",""CTX-BRIDGE-0115""]",SUPPORTING_EVIDENCE,"{""source_dataset"":""analytics/crypto_graphframes_exact_relationships.csv""}",2026.07.18.1
CRYPTO_KENNEL_LONG_CON,GF-1492,GF-BRIDGE,SAME_BRIDGE_ROUTE,CTX-BRIDGE-0098,CTX-BRIDGE-0116,bridge_route_id,ROUTE-AZURE-02,norm-v1,CURATED_APPROXIMATION,GRAPHFRAMES_EXACT_MATCH,false,SENIOR_V1_TO_CANONICAL_V1,APPROVED,"A shared bridge route is an operational association, not proof of illicit purpose.","[""CTX-BRIDGE-0098"",""CTX-BRIDGE-0116""]",SUPPORTING_EVIDENCE,"{""source_dataset"":""analytics/crypto_graphframes_exact_relationships.csv""}",2026.07.18.1
CRYPTO_KENNEL_LONG_CON,GF-1493,GF-BRIDGE,SAME_BRIDGE_ROUTE,CTX-BRIDGE-0099,CTX-BRIDGE-0117,bridge_route_id,ROUTE-AZURE-03,norm-v1,CURATED_APPROXIMATION,GRAPHFRAMES_EXACT_MATCH,false,SENIOR_V1_TO_CANONICAL_V1,APPROVED,"A shared bridge route is an operational association, not proof of illicit purpose.","[""CTX-BRIDGE-0099"",""CTX-BRIDGE-0117""]",SUPPORTING_EVIDENCE,"{""source_dataset"":""analytics/crypto_graphframes_exact_relationships.csv""}",2026.07.18.1
CRYPTO_KENNEL_LONG_CON,GF-1494,GF-BRIDGE,SAME_BRIDGE_ROUTE,CTX-BRIDGE-0100,CTX-BRIDGE-0118,bridge_route_id,ROUTE-AZURE-04,norm-v1,CURATED_APPROXIMATION,GRAPHFRAMES_EXACT_MATCH,false,SENIOR_V1_TO_CANONICAL_V1,APPROVED,"A shared bridge route is an operational association, not proof of illicit purpose.","[""CTX-BRIDGE-0100"",""CTX-BRIDGE-0118""]",SUPPORTING_EVIDENCE,"{""source_dataset"":""analytics/crypto_graphframes_exact_relationships.csv""}",2026.07.18.1
CRYPTO_KENNEL_LONG_CON,GF-1495,GF-BRIDGE,SAME_BRIDGE_ROUTE,CTX-BRIDGE-0101,CTX-BRIDGE-0119,bridge_route_id,ROUTE-AZURE-05,norm-v1,CURATED_APPROXIMATION,GRAPHFRAMES_EXACT_MATCH,false,SENIOR_V1_TO_CANONICAL_V1,APPROVED,"A shared bridge route is an operational association, not proof of illicit purpose.","[""CTX-BRIDGE-0101"",""CTX-BRIDGE-0119""]",SUPPORTING_EVIDENCE,"{""source_dataset"":""analytics/crypto_graphframes_exact_relationships.csv""}",2026.07.18.1
CRYPTO_KENNEL_LONG_CON,GF-1496,GF-BRIDGE,SAME_BRIDGE_ROUTE,CTX-BRIDGE-0102,CTX-BRIDGE-0120,bridge_route_id,ROUTE-AZURE-06,norm-v1,CURATED_APPROXIMATION,GRAPHFRAMES_EXACT_MATCH,false,SENIOR_V1_TO_CANONICAL_V1,APPROVED,"A shared bridge route is an operational association, not proof of illicit purpose.","[""CTX-BRIDGE-0102"",""CTX-BRIDGE-0120""]",SUPPORTING_EVIDENCE,"{""source_dataset"":""analytics/crypto_graphframes_exact_relationships.csv""}",2026.07.18.1
CRYPTO_KENNEL_LONG_CON,GF-1497,GF-BRIDGE,SAME_BRIDGE_ROUTE,CTX-BRIDGE-0103,CTX-BRIDGE-0121,bridge_route_id,ROUTE-AZURE-01,norm-v1,CURATED_APPROXIMATION,GRAPHFRAMES_EXACT_MATCH,false,SENIOR_V1_TO_CANONICAL_V1,APPROVED,"A shared bridge route is an operational association, not proof of illicit purpose.","[""CTX-BRIDGE-0103"",""CTX-BRIDGE-0121""]",SUPPORTING_EVIDENCE,"{""source_dataset"":""analytics/crypto_graphframes_exact_relationships.csv""}",2026.07.18.1
CRYPTO_KENNEL_LONG_CON,GF-1498,GF-BRIDGE,SAME_BRIDGE_ROUTE,CTX-BRIDGE-0104,CTX-BRIDGE-0122,bridge_route_id,ROUTE-AZURE-02,norm-v1,CURATED_APPROXIMATION,GRAPHFRAMES_EXACT_MATCH,false,SENIOR_V1_TO_CANONICAL_V1,APPROVED,"A shared bridge route is an operational association, not proof of illicit purpose.","[""CTX-BRIDGE-0104"",""CTX-BRIDGE-0122""]",SUPPORTING_EVIDENCE,"{""source_dataset"":""analytics/crypto_graphframes_exact_relationships.csv""}",2026.07.18.1
CRYPTO_KENNEL_LONG_CON,GF-1499,GF-BRIDGE,SAME_BRIDGE_ROUTE,CTX-BRIDGE-0105,CTX-BRIDGE-0123,bridge_route_id,ROUTE-AZURE-03,norm-v1,CURATED_APPROXIMATION,GRAPHFRAMES_EXACT_MATCH,false,SENIOR_V1_TO_CANONICAL_V1,APPROVED,"A shared bridge route is an operational association, not proof of illicit purpose.","[""CTX-BRIDGE-0105"",""CTX-BRIDGE-0123""]",SUPPORTING_EVIDENCE,"{""source_dataset"":""analytics/crypto_graphframes_exact_relationships.csv""}",2026.07.18.1
CRYPTO_KENNEL_LONG_CON,GF-1500,GF-BRIDGE,SAME_BRIDGE_ROUTE,CTX-BRIDGE-0106,CTX-BRIDGE-0124,bridge_route_id,ROUTE-AZURE-04,norm-v1,CURATED_APPROXIMATION,GRAPHFRAMES_EXACT_MATCH,false,SENIOR_V1_TO_CANONICAL_V1,APPROVED,"A shared bridge route is an operational association, not proof of illicit purpose.","[""CTX-BRIDGE-0106"",""CTX-BRIDGE-0124""]",SUPPORTING_EVIDENCE,"{""source_dataset"":""analytics/crypto_graphframes_exact_relationships.csv""}",2026.07.18.1
CRYPTO_KENNEL_LONG_CON,GF-1501,GF-BRIDGE,SAME_BRIDGE_ROUTE,CTX-BRIDGE-0107,CTX-BRIDGE-0125,bridge_route_id,ROUTE-AZURE-05,norm-v1,CURATED_APPROXIMATION,GRAPHFRAMES_EXACT_MATCH,false,SENIOR_V1_TO_CANONICAL_V1,APPROVED,"A shared bridge route is an operational association, not proof of illicit purpose.","[""CTX-BRIDGE-0107"",""CTX-BRIDGE-0125""]",SUPPORTING_EVIDENCE,"{""source_dataset"":""analytics/crypto_graphframes_exact_relationships.csv""}",2026.07.18.1
CRYPTO_KENNEL_LONG_CON,GF-1502,GF-BRIDGE,SAME_BRIDGE_ROUTE,CTX-BRIDGE-0108,CTX-BRIDGE-0126,bridge_route_id,ROUTE-AZURE-06,norm-v1,CURATED_APPROXIMATION,GRAPHFRAMES_EXACT_MATCH,false,SENIOR_V1_TO_CANONICAL_V1,APPROVED,"A shared bridge route is an operational association, not proof of illicit purpose.","[""CTX-BRIDGE-0108"",""CTX-BRIDGE-0126""]",SUPPORTING_EVIDENCE,"{""source_dataset"":""analytics/crypto_graphframes_exact_relationships.csv""}",2026.07.18.1
CRYPTO_KENNEL_LONG_CON,GF-1503,GF-BRIDGE,SAME_BRIDGE_ROUTE,CTX-BRIDGE-0109,CTX-BRIDGE-0127,bridge_route_id,ROUTE-AZURE-01,norm-v1,CURATED_APPROXIMATION,GRAPHFRAMES_EXACT_MATCH,false,SENIOR_V1_TO_CANONICAL_V1,APPROVED,"A shared bridge route is an operational association, not proof of illicit purpose.","[""CTX-BRIDGE-0109"",""CTX-BRIDGE-0127""]",SUPPORTING_EVIDENCE,"{""source_dataset"":""analytics/crypto_graphframes_exact_relationships.csv""}",2026.07.18.1
CRYPTO_KENNEL_LONG_CON,GF-1504,GF-BRIDGE,SAME_BRIDGE_ROUTE,CTX-BRIDGE-0110,CTX-BRIDGE-0128,bridge_route_id,ROUTE-AZURE-02,norm-v1,CURATED_APPROXIMATION,GRAPHFRAMES_EXACT_MATCH,false,SENIOR_V1_TO_CANONICAL_V1,APPROVED,"A shared bridge route is an operational association, not proof of illicit purpose.","[""CTX-BRIDGE-0110"",""CTX-BRIDGE-0128""]",SUPPORTING_EVIDENCE,"{""source_dataset"":""analytics/crypto_graphframes_exact_relationships.csv""}",2026.07.18.1
CRYPTO_KENNEL_LONG_CON,GF-1505,GF-BRIDGE,SAME_BRIDGE_ROUTE,CTX-BRIDGE-0111,CTX-BRIDGE-0129,bridge_route_id,ROUTE-AZURE-03,norm-v1,CURATED_APPROXIMATION,GRAPHFRAMES_EXACT_MATCH,false,SENIOR_V1_TO_CANONICAL_V1,APPROVED,"A shared bridge route is an operational association, not proof of illicit purpose.","[""CTX-BRIDGE-0111"",""CTX-BRIDGE-0129""]",SUPPORTING_EVIDENCE,"{""source_dataset"":""analytics/crypto_graphframes_exact_relationships.csv""}",2026.07.18.1
CRYPTO_KENNEL_LONG_CON,GF-1506,GF-BRIDGE,SAME_BRIDGE_ROUTE,CTX-BRIDGE-0112,CTX-BRIDGE-0130,bridge_route_id,ROUTE-AZURE-04,norm-v1,CURATED_APPROXIMATION,GRAPHFRAMES_EXACT_MATCH,false,SENIOR_V1_TO_CANONICAL_V1,APPROVED,"A shared bridge route is an operational association, not proof of illicit purpose.","[""CTX-BRIDGE-0112"",""CTX-BRIDGE-0130""]",SUPPORTING_EVIDENCE,"{""source_dataset"":""analytics/crypto_graphframes_exact_relationships.csv""}",2026.07.18.1
CRYPTO_KENNEL_LONG_CON,GF-1507,GF-BRIDGE,SAME_BRIDGE_ROUTE,CTX-BRIDGE-0113,CTX-BRIDGE-0131,bridge_route_id,ROUTE-AZURE-05,norm-v1,CURATED_APPROXIMATION,GRAPHFRAMES_EXACT_MATCH,false,SENIOR_V1_TO_CANONICAL_V1,APPROVED,"A shared bridge route is an operational association, not proof of illicit purpose.","[""CTX-BRIDGE-0113"",""CTX-BRIDGE-0131""]",SUPPORTING_EVIDENCE,"{""source_dataset"":""analytics/crypto_graphframes_exact_relationships.csv""}",2026.07.18.1
CRYPTO_KENNEL_LONG_CON,GF-1508,GF-BRIDGE,SAME_BRIDGE_ROUTE,CTX-BRIDGE-0114,CTX-BRIDGE-0132,bridge_route_id,ROUTE-AZURE-06,norm-v1,CURATED_APPROXIMATION,GRAPHFRAMES_EXACT_MATCH,false,SENIOR_V1_TO_CANONICAL_V1,APPROVED,"A shared bridge route is an operational association, not proof of illicit purpose.","[""CTX-BRIDGE-0114"",""CTX-BRIDGE-0132""]",SUPPORTING_EVIDENCE,"{""source_dataset"":""analytics/crypto_graphframes_exact_relationships.csv""}",2026.07.18.1
CRYPTO_KENNEL_LONG_CON,GF-1509,GF-BRIDGE,SAME_BRIDGE_ROUTE,CTX-BRIDGE-0115,CTX-BRIDGE-0133,bridge_route_id,ROUTE-AZURE-01,norm-v1,CURATED_APPROXIMATION,GRAPHFRAMES_EXACT_MATCH,false,SENIOR_V1_TO_CANONICAL_V1,APPROVED,"A shared bridge route is an operational association, not proof of illicit purpose.","[""CTX-BRIDGE-0115"",""CTX-BRIDGE-0133""]",SUPPORTING_EVIDENCE,"{""source_dataset"":""analytics/crypto_graphframes_exact_relationships.csv""}",2026.07.18.1
CRYPTO_KENNEL_LONG_CON,GF-1510,GF-BRIDGE,SAME_BRIDGE_ROUTE,CTX-BRIDGE-0116,CTX-BRIDGE-0134,bridge_route_id,ROUTE-AZURE-02,norm-v1,CURATED_APPROXIMATION,GRAPHFRAMES_EXACT_MATCH,false,SENIOR_V1_TO_CANONICAL_V1,APPROVED,"A shared bridge route is an operational association, not proof of illicit purpose.","[""CTX-BRIDGE-0116"",""CTX-BRIDGE-0134""]",SUPPORTING_EVIDENCE,"{""source_dataset"":""analytics/crypto_graphframes_exact_relationships.csv""}",2026.07.18.1
CRYPTO_KENNEL_LONG_CON,GF-1511,GF-BRIDGE,SAME_BRIDGE_ROUTE,CTX-BRIDGE-0117,CTX-BRIDGE-0135,bridge_route_id,ROUTE-AZURE-03,norm-v1,CURATED_APPROXIMATION,GRAPHFRAMES_EXACT_MATCH,false,SENIOR_V1_TO_CANONICAL_V1,APPROVED,"A shared bridge route is an operational association, not proof of illicit purpose.","[""CTX-BRIDGE-0117"",""CTX-BRIDGE-0135""]",SUPPORTING_EVIDENCE,"{""source_dataset"":""analytics/crypto_graphframes_exact_relationships.csv""}",2026.07.18.1
CRYPTO_KENNEL_LONG_CON,GF-1512,GF-BRIDGE,SAME_BRIDGE_ROUTE,CTX-BRIDGE-0118,CTX-BRIDGE-0136,bridge_route_id,ROUTE-AZURE-04,norm-v1,CURATED_APPROXIMATION,GRAPHFRAMES_EXACT_MATCH,false,SENIOR_V1_TO_CANONICAL_V1,APPROVED,"A shared bridge route is an operational association, not proof of illicit purpose.","[""CTX-BRIDGE-0118"",""CTX-BRIDGE-0136""]",SUPPORTING_EVIDENCE,"{""source_dataset"":""analytics/crypto_graphframes_exact_relationships.csv""}",2026.07.18.1
CRYPTO_KENNEL_LONG_CON,GF-1513,GF-BRIDGE,SAME_BRIDGE_ROUTE,CTX-BRIDGE-0119,CTX-BRIDGE-0137,bridge_route_id,ROUTE-AZURE-05,norm-v1,CURATED_APPROXIMATION,GRAPHFRAMES_EXACT_MATCH,false,SENIOR_V1_TO_CANONICAL_V1,APPROVED,"A shared bridge route is an operational association, not proof of illicit purpose.","[""CTX-BRIDGE-0119"",""CTX-BRIDGE-0137""]",SUPPORTING_EVIDENCE,"{""source_dataset"":""analytics/crypto_graphframes_exact_relationships.csv""}",2026.07.18.1
CRYPTO_KENNEL_LONG_CON,GF-1514,GF-BRIDGE,SAME_BRIDGE_ROUTE,CTX-BRIDGE-0120,CTX-BRIDGE-0138,bridge_route_id,ROUTE-AZURE-06,norm-v1,CURATED_APPROXIMATION,GRAPHFRAMES_EXACT_MATCH,false,SENIOR_V1_TO_CANONICAL_V1,APPROVED,"A shared bridge route is an operational association, not proof of illicit purpose.","[""CTX-BRIDGE-0120"",""CTX-BRIDGE-0138""]",SUPPORTING_EVIDENCE,"{""source_dataset"":""analytics/crypto_graphframes_exact_relationships.csv""}",2026.07.18.1
CRYPTO_KENNEL_LONG_CON,GF-1515,GF-KYC,SAME_KYC_TEMPLATE,KYC-0001,KYC-0019,template_hash,kyc-shared-001,norm-v1,CURATED_APPROXIMATION,GRAPHFRAMES_EXACT_MATCH,false,SENIOR_V1_TO_CANONICAL_V1,APPROVED,Common KYC templates may reflect a provider; override patterns matter.,"[""KYC-0001"",""KYC-0019""]",SUPPORTING_EVIDENCE,"{""source_dataset"":""analytics/crypto_graphframes_exact_relationships.csv""}",2026.07.18.1
CRYPTO_KENNEL_LONG_CON,GF-1516,GF-KYC,SAME_KYC_TEMPLATE,KYC-0002,KYC-0020,template_hash,kyc-shared-002,norm-v1,CURATED_APPROXIMATION,GRAPHFRAMES_EXACT_MATCH,false,SENIOR_V1_TO_CANONICAL_V1,APPROVED,Common KYC templates may reflect a provider; override patterns matter.,"[""KYC-0002"",""KYC-0020""]",SUPPORTING_EVIDENCE,"{""source_dataset"":""analytics/crypto_graphframes_exact_relationships.csv""}",2026.07.18.1
CRYPTO_KENNEL_LONG_CON,GF-1517,GF-KYC,SAME_KYC_TEMPLATE,KYC-0003,KYC-0021,template_hash,kyc-shared-003,norm-v1,CURATED_APPROXIMATION,GRAPHFRAMES_EXACT_MATCH,false,SENIOR_V1_TO_CANONICAL_V1,APPROVED,Common KYC templates may reflect a provider; override patterns matter.,"[""KYC-0003"",""KYC-0021""]",SUPPORTING_EVIDENCE,"{""source_dataset"":""analytics/crypto_graphframes_exact_relationships.csv""}",2026.07.18.1
CRYPTO_KENNEL_LONG_CON,GF-1518,GF-KYC,SAME_KYC_TEMPLATE,KYC-0004,KYC-0022,template_hash,kyc-shared-004,norm-v1,CURATED_APPROXIMATION,GRAPHFRAMES_EXACT_MATCH,false,SENIOR_V1_TO_CANONICAL_V1,APPROVED,Common KYC templates may reflect a provider; override patterns matter.,"[""KYC-0004"",""KYC-0022""]",SUPPORTING_EVIDENCE,"{""source_dataset"":""analytics/crypto_graphframes_exact_relationships.csv""}",2026.07.18.1
CRYPTO_KENNEL_LONG_CON,GF-1519,GF-KYC,SAME_KYC_TEMPLATE,KYC-0005,KYC-0023,template_hash,kyc-shared-005,norm-v1,CURATED_APPROXIMATION,GRAPHFRAMES_EXACT_MATCH,false,SENIOR_V1_TO_CANONICAL_V1,APPROVED,Common KYC templates may reflect a provider; override patterns matter.,"[""KYC-0005"",""KYC-0023""]",SUPPORTING_EVIDENCE,"{""source_dataset"":""analytics/crypto_graphframes_exact_relationships.csv""}",2026.07.18.1
CRYPTO_KENNEL_LONG_CON,GF-1520,GF-KYC,SAME_KYC_TEMPLATE,KYC-0006,KYC-0024,template_hash,kyc-shared-006,norm-v1,CURATED_APPROXIMATION,GRAPHFRAMES_EXACT_MATCH,false,SENIOR_V1_TO_CANONICAL_V1,APPROVED,Common KYC templates may reflect a provider; override patterns matter.,"[""KYC-0006"",""KYC-0024""]",SUPPORTING_EVIDENCE,"{""source_dataset"":""analytics/crypto_graphframes_exact_relationships.csv""}",2026.07.18.1
CRYPTO_KENNEL_LONG_CON,GF-1521,GF-KYC,SAME_KYC_TEMPLATE,KYC-0007,KYC-0025,template_hash,kyc-shared-007,norm-v1,CURATED_APPROXIMATION,GRAPHFRAMES_EXACT_MATCH,false,SENIOR_V1_TO_CANONICAL_V1,APPROVED,Common KYC templates may reflect a provider; override patterns matter.,"[""KYC-0007"",""KYC-0025""]",SUPPORTING_EVIDENCE,"{""source_dataset"":""analytics/crypto_graphframes_exact_relationships.csv""}",2026.07.18.1
CRYPTO_KENNEL_LONG_CON,GF-1522,GF-KYC,SAME_KYC_TEMPLATE,KYC-0008,KYC-0026,template_hash,kyc-shared-008,norm-v1,CURATED_APPROXIMATION,GRAPHFRAMES_EXACT_MATCH,false,SENIOR_V1_TO_CANONICAL_V1,APPROVED,Common KYC templates may reflect a provider; override patterns matter.,"[""KYC-0008"",""KYC-0026""]",SUPPORTING_EVIDENCE,"{""source_dataset"":""analytics/crypto_graphframes_exact_relationships.csv""}",2026.07.18.1
CRYPTO_KENNEL_LONG_CON,GF-1523,GF-KYC,SAME_KYC_TEMPLATE,KYC-0009,KYC-0027,template_hash,kyc-shared-009,norm-v1,CURATED_APPROXIMATION,GRAPHFRAMES_EXACT_MATCH,false,SENIOR_V1_TO_CANONICAL_V1,APPROVED,Common KYC templates may reflect a provider; override patterns matter.,"[""KYC-0009"",""KYC-0027""]",SUPPORTING_EVIDENCE,"{""source_dataset"":""analytics/crypto_graphframes_exact_relationships.csv""}",2026.07.18.1
CRYPTO_KENNEL_LONG_CON,GF-1524,GF-KYC,SAME_KYC_TEMPLATE,KYC-0010,KYC-0028,template_hash,kyc-shared-010,norm-v1,CURATED_APPROXIMATION,GRAPHFRAMES_EXACT_MATCH,false,SENIOR_V1_TO_CANONICAL_V1,APPROVED,Common KYC templates may reflect a provider; override patterns matter.,"[""KYC-0010"",""KYC-0028""]",SUPPORTING_EVIDENCE,"{""source_dataset"":""analytics/crypto_graphframes_exact_relationships.csv""}",2026.07.18.1
CRYPTO_KENNEL_LONG_CON,GF-1525,GF-KYC,SAME_KYC_TEMPLATE,KYC-0011,KYC-0029,template_hash,kyc-shared-011,norm-v1,CURATED_APPROXIMATION,GRAPHFRAMES_EXACT_MATCH,false,SENIOR_V1_TO_CANONICAL_V1,APPROVED,Common KYC templates may reflect a provider; override patterns matter.,"[""KYC-0011"",""KYC-0029""]",SUPPORTING_EVIDENCE,"{""source_dataset"":""analytics/crypto_graphframes_exact_relationships.csv""}",2026.07.18.1
CRYPTO_KENNEL_LONG_CON,GF-1526,GF-KYC,SAME_KYC_TEMPLATE,KYC-0012,KYC-0030,template_hash,kyc-shared-012,norm-v1,CURATED_APPROXIMATION,GRAPHFRAMES_EXACT_MATCH,false,SENIOR_V1_TO_CANONICAL_V1,APPROVED,Common KYC templates may reflect a provider; override patterns matter.,"[""KYC-0012"",""KYC-0030""]",SUPPORTING_EVIDENCE,"{""source_dataset"":""analytics/crypto_graphframes_exact_relationships.csv""}",2026.07.18.1
CRYPTO_KENNEL_LONG_CON,GF-1527,GF-KYC,SAME_KYC_TEMPLATE,KYC-0013,KYC-0031,template_hash,kyc-shared-013,norm-v1,CURATED_APPROXIMATION,GRAPHFRAMES_EXACT_MATCH,false,SENIOR_V1_TO_CANONICAL_V1,APPROVED,Common KYC templates may reflect a provider; override patterns matter.,"[""KYC-0013"",""KYC-0031""]",SUPPORTING_EVIDENCE,"{""source_dataset"":""analytics/crypto_graphframes_exact_relationships.csv""}",2026.07.18.1
CRYPTO_KENNEL_LONG_CON,GF-1528,GF-KYC,SAME_KYC_TEMPLATE,KYC-0014,KYC-0032,template_hash,kyc-shared-014,norm-v1,CURATED_APPROXIMATION,GRAPHFRAMES_EXACT_MATCH,false,SENIOR_V1_TO_CANONICAL_V1,APPROVED,Common KYC templates may reflect a provider; override patterns matter.,"[""KYC-0014"",""KYC-0032""]",SUPPORTING_EVIDENCE,"{""source_dataset"":""analytics/crypto_graphframes_exact_relationships.csv""}",2026.07.18.1
CRYPTO_KENNEL_LONG_CON,GF-1529,GF-KYC,SAME_KYC_TEMPLATE,KYC-0015,KYC-0033,template_hash,kyc-shared-015,norm-v1,CURATED_APPROXIMATION,GRAPHFRAMES_EXACT_MATCH,false,SENIOR_V1_TO_CANONICAL_V1,APPROVED,Common KYC templates may reflect a provider; override patterns matter.,"[""KYC-0015"",""KYC-0033""]",SUPPORTING_EVIDENCE,"{""source_dataset"":""analytics/crypto_graphframes_exact_relationships.csv""}",2026.07.18.1
CRYPTO_KENNEL_LONG_CON,GF-1530,GF-KYC,SAME_KYC_TEMPLATE,KYC-0016,KYC-0034,template_hash,kyc-shared-016,norm-v1,CURATED_APPROXIMATION,GRAPHFRAMES_EXACT_MATCH,false,SENIOR_V1_TO_CANONICAL_V1,APPROVED,Common KYC templates may reflect a provider; override patterns matter.,"[""KYC-0016"",""KYC-0034""]",SUPPORTING_EVIDENCE,"{""source_dataset"":""analytics/crypto_graphframes_exact_relationships.csv""}",2026.07.18.1
CRYPTO_KENNEL_LONG_CON,GF-1531,GF-KYC,SAME_KYC_TEMPLATE,KYC-0017,KYC-0035,template_hash,kyc-shared-017,norm-v1,CURATED_APPROXIMATION,GRAPHFRAMES_EXACT_MATCH,false,SENIOR_V1_TO_CANONICAL_V1,APPROVED,Common KYC templates may reflect a provider; override patterns matter.,"[""KYC-0017"",""KYC-0035""]",SUPPORTING_EVIDENCE,"{""source_dataset"":""analytics/crypto_graphframes_exact_relationships.csv""}",2026.07.18.1
CRYPTO_KENNEL_LONG_CON,GF-1532,GF-KYC,SAME_KYC_TEMPLATE,KYC-0018,KYC-0036,template_hash,kyc-shared-018,norm-v1,CURATED_APPROXIMATION,GRAPHFRAMES_EXACT_MATCH,false,SENIOR_V1_TO_CANONICAL_V1,APPROVED,Common KYC templates may reflect a provider; override patterns matter.,"[""KYC-0018"",""KYC-0036""]",SUPPORTING_EVIDENCE,"{""source_dataset"":""analytics/crypto_graphframes_exact_relationships.csv""}",2026.07.18.1
CRYPTO_KENNEL_LONG_CON,GF-1533,GF-KYC,SAME_KYC_TEMPLATE,KYC-0019,KYC-0037,template_hash,kyc-shared-001,norm-v1,CURATED_APPROXIMATION,GRAPHFRAMES_EXACT_MATCH,false,SENIOR_V1_TO_CANONICAL_V1,APPROVED,Common KYC templates may reflect a provider; override patterns matter.,"[""KYC-0019"",""KYC-0037""]",SUPPORTING_EVIDENCE,"{""source_dataset"":""analytics/crypto_graphframes_exact_relationships.csv""}",2026.07.18.1
CRYPTO_KENNEL_LONG_CON,GF-1534,GF-KYC,SAME_KYC_TEMPLATE,KYC-0020,KYC-0038,template_hash,kyc-shared-002,norm-v1,CURATED_APPROXIMATION,GRAPHFRAMES_EXACT_MATCH,false,SENIOR_V1_TO_CANONICAL_V1,APPROVED,Common KYC templates may reflect a provider; override patterns matter.,"[""KYC-0020"",""KYC-0038""]",SUPPORTING_EVIDENCE,"{""source_dataset"":""analytics/crypto_graphframes_exact_relationships.csv""}",2026.07.18.1
CRYPTO_KENNEL_LONG_CON,GF-1535,GF-KYC,SAME_KYC_TEMPLATE,KYC-0021,KYC-0039,template_hash,kyc-shared-003,norm-v1,CURATED_APPROXIMATION,GRAPHFRAMES_EXACT_MATCH,false,SENIOR_V1_TO_CANONICAL_V1,APPROVED,Common KYC templates may reflect a provider; override patterns matter.,"[""KYC-0021"",""KYC-0039""]",SUPPORTING_EVIDENCE,"{""source_dataset"":""analytics/crypto_graphframes_exact_relationships.csv""}",2026.07.18.1
CRYPTO_KENNEL_LONG_CON,GF-1536,GF-KYC,SAME_KYC_TEMPLATE,KYC-0022,KYC-0040,template_hash,kyc-shared-004,norm-v1,CURATED_APPROXIMATION,GRAPHFRAMES_EXACT_MATCH,false,SENIOR_V1_TO_CANONICAL_V1,APPROVED,Common KYC templates may reflect a provider; override patterns matter.,"[""KYC-0022"",""KYC-0040""]",SUPPORTING_EVIDENCE,"{""source_dataset"":""analytics/crypto_graphframes_exact_relationships.csv""}",2026.07.18.1
CRYPTO_KENNEL_LONG_CON,GF-1537,GF-KYC,SAME_KYC_TEMPLATE,KYC-0023,KYC-0041,template_hash,kyc-shared-005,norm-v1,CURATED_APPROXIMATION,GRAPHFRAMES_EXACT_MATCH,false,SENIOR_V1_TO_CANONICAL_V1,APPROVED,Common KYC templates may reflect a provider; override patterns matter.,"[""KYC-0023"",""KYC-0041""]",SUPPORTING_EVIDENCE,"{""source_dataset"":""analytics/crypto_graphframes_exact_relationships.csv""}",2026.07.18.1
CRYPTO_KENNEL_LONG_CON,GF-1538,GF-KYC,SAME_KYC_TEMPLATE,KYC-0024,KYC-0042,template_hash,kyc-shared-006,norm-v1,CURATED_APPROXIMATION,GRAPHFRAMES_EXACT_MATCH,false,SENIOR_V1_TO_CANONICAL_V1,APPROVED,Common KYC templates may reflect a provider; override patterns matter.,"[""KYC-0024"",""KYC-0042""]",SUPPORTING_EVIDENCE,"{""source_dataset"":""analytics/crypto_graphframes_exact_relationships.csv""}",2026.07.18.1
CRYPTO_KENNEL_LONG_CON,GF-1539,GF-KYC,SAME_KYC_TEMPLATE,KYC-0025,KYC-0043,template_hash,kyc-shared-007,norm-v1,CURATED_APPROXIMATION,GRAPHFRAMES_EXACT_MATCH,false,SENIOR_V1_TO_CANONICAL_V1,APPROVED,Common KYC templates may reflect a provider; override patterns matter.,"[""KYC-0025"",""KYC-0043""]",SUPPORTING_EVIDENCE,"{""source_dataset"":""analytics/crypto_graphframes_exact_relationships.csv""}",2026.07.18.1
CRYPTO_KENNEL_LONG_CON,GF-1540,GF-KYC,SAME_KYC_TEMPLATE,KYC-0026,KYC-0044,template_hash,kyc-shared-008,norm-v1,CURATED_APPROXIMATION,GRAPHFRAMES_EXACT_MATCH,false,SENIOR_V1_TO_CANONICAL_V1,APPROVED,Common KYC templates may reflect a provider; override patterns matter.,"[""KYC-0026"",""KYC-0044""]",SUPPORTING_EVIDENCE,"{""source_dataset"":""analytics/crypto_graphframes_exact_relationships.csv""}",2026.07.18.1
CRYPTO_KENNEL_LONG_CON,GF-1541,GF-KYC,SAME_KYC_TEMPLATE,KYC-0027,KYC-0045,template_hash,kyc-shared-009,norm-v1,CURATED_APPROXIMATION,GRAPHFRAMES_EXACT_MATCH,false,SENIOR_V1_TO_CANONICAL_V1,APPROVED,Common KYC templates may reflect a provider; override patterns matter.,"[""KYC-0027"",""KYC-0045""]",SUPPORTING_EVIDENCE,"{""source_dataset"":""analytics/crypto_graphframes_exact_relationships.csv""}",2026.07.18.1
CRYPTO_KENNEL_LONG_CON,GF-1542,GF-KYC,SAME_KYC_TEMPLATE,KYC-0028,KYC-0046,template_hash,kyc-shared-010,norm-v1,CURATED_APPROXIMATION,GRAPHFRAMES_EXACT_MATCH,false,SENIOR_V1_TO_CANONICAL_V1,APPROVED,Common KYC templates may reflect a provider; override patterns matter.,"[""KYC-0028"",""KYC-0046""]",SUPPORTING_EVIDENCE,"{""source_dataset"":""analytics/crypto_graphframes_exact_relationships.csv""}",2026.07.18.1
CRYPTO_KENNEL_LONG_CON,GF-1543,GF-KYC,SAME_KYC_TEMPLATE,KYC-0029,KYC-0047,template_hash,kyc-shared-011,norm-v1,CURATED_APPROXIMATION,GRAPHFRAMES_EXACT_MATCH,false,SENIOR_V1_TO_CANONICAL_V1,APPROVED,Common KYC templates may reflect a provider; override patterns matter.,"[""KYC-0029"",""KYC-0047""]",SUPPORTING_EVIDENCE,"{""source_dataset"":""analytics/crypto_graphframes_exact_relationships.csv""}",2026.07.18.1
CRYPTO_KENNEL_LONG_CON,GF-1544,GF-KYC,SAME_KYC_TEMPLATE,KYC-0030,KYC-0048,template_hash,kyc-shared-012,norm-v1,CURATED_APPROXIMATION,GRAPHFRAMES_EXACT_MATCH,false,SENIOR_V1_TO_CANONICAL_V1,APPROVED,Common KYC templates may reflect a provider; override patterns matter.,"[""KYC-0030"",""KYC-0048""]",SUPPORTING_EVIDENCE,"{""source_dataset"":""analytics/crypto_graphframes_exact_relationships.csv""}",2026.07.18.1
CRYPTO_KENNEL_LONG_CON,GF-1545,GF-KYC,SAME_KYC_TEMPLATE,KYC-0031,KYC-0049,template_hash,kyc-shared-013,norm-v1,CURATED_APPROXIMATION,GRAPHFRAMES_EXACT_MATCH,false,SENIOR_V1_TO_CANONICAL_V1,APPROVED,Common KYC templates may reflect a provider; override patterns matter.,"[""KYC-0031"",""KYC-0049""]",SUPPORTING_EVIDENCE,"{""source_dataset"":""analytics/crypto_graphframes_exact_relationships.csv""}",2026.07.18.1
CRYPTO_KENNEL_LONG_CON,GF-1546,GF-KYC,SAME_KYC_TEMPLATE,KYC-0032,KYC-0050,template_hash,kyc-shared-014,norm-v1,CURATED_APPROXIMATION,GRAPHFRAMES_EXACT_MATCH,false,SENIOR_V1_TO_CANONICAL_V1,APPROVED,Common KYC templates may reflect a provider; override patterns matter.,"[""KYC-0032"",""KYC-0050""]",SUPPORTING_EVIDENCE,"{""source_dataset"":""analytics/crypto_graphframes_exact_relationships.csv""}",2026.07.18.1
CRYPTO_KENNEL_LONG_CON,GF-1547,GF-KYC,SAME_KYC_TEMPLATE,KYC-0033,KYC-0051,template_hash,kyc-shared-015,norm-v1,CURATED_APPROXIMATION,GRAPHFRAMES_EXACT_MATCH,false,SENIOR_V1_TO_CANONICAL_V1,APPROVED,Common KYC templates may reflect a provider; override patterns matter.,"[""KYC-0033"",""KYC-0051""]",SUPPORTING_EVIDENCE,"{""source_dataset"":""analytics/crypto_graphframes_exact_relationships.csv""}",2026.07.18.1
CRYPTO_KENNEL_LONG_CON,GF-1548,GF-KYC,SAME_KYC_TEMPLATE,KYC-0034,KYC-0052,template_hash,kyc-shared-016,norm-v1,CURATED_APPROXIMATION,GRAPHFRAMES_EXACT_MATCH,false,SENIOR_V1_TO_CANONICAL_V1,APPROVED,Common KYC templates may reflect a provider; override patterns matter.,"[""KYC-0034"",""KYC-0052""]",SUPPORTING_EVIDENCE,"{""source_dataset"":""analytics/crypto_graphframes_exact_relationships.csv""}",2026.07.18.1
CRYPTO_KENNEL_LONG_CON,GF-1549,GF-KYC,SAME_KYC_TEMPLATE,KYC-0035,KYC-0053,template_hash,kyc-shared-017,norm-v1,CURATED_APPROXIMATION,GRAPHFRAMES_EXACT_MATCH,false,SENIOR_V1_TO_CANONICAL_V1,APPROVED,Common KYC templates may reflect a provider; override patterns matter.,"[""KYC-0035"",""KYC-0053""]",SUPPORTING_EVIDENCE,"{""source_dataset"":""analytics/crypto_graphframes_exact_relationships.csv""}",2026.07.18.1
CRYPTO_KENNEL_LONG_CON,GF-1550,GF-KYC,SAME_KYC_TEMPLATE,KYC-0036,KYC-0054,template_hash,kyc-shared-018,norm-v1,CURATED_APPROXIMATION,GRAPHFRAMES_EXACT_MATCH,false,SENIOR_V1_TO_CANONICAL_V1,APPROVED,Common KYC templates may reflect a provider; override patterns matter.,"[""KYC-0036"",""KYC-0054""]",SUPPORTING_EVIDENCE,"{""source_dataset"":""analytics/crypto_graphframes_exact_relationships.csv""}",2026.07.18.1
CRYPTO_KENNEL_LONG_CON,GF-1551,GF-KYC,SAME_KYC_TEMPLATE,KYC-0037,KYC-0055,template_hash,kyc-shared-001,norm-v1,CURATED_APPROXIMATION,GRAPHFRAMES_EXACT_MATCH,false,SENIOR_V1_TO_CANONICAL_V1,APPROVED,Common KYC templates may reflect a provider; override patterns matter.,"[""KYC-0037"",""KYC-0055""]",SUPPORTING_EVIDENCE,"{""source_dataset"":""analytics/crypto_graphframes_exact_relationships.csv""}",2026.07.18.1
CRYPTO_KENNEL_LONG_CON,GF-1552,GF-KYC,SAME_KYC_TEMPLATE,KYC-0038,KYC-0056,template_hash,kyc-shared-002,norm-v1,CURATED_APPROXIMATION,GRAPHFRAMES_EXACT_MATCH,false,SENIOR_V1_TO_CANONICAL_V1,APPROVED,Common KYC templates may reflect a provider; override patterns matter.,"[""KYC-0038"",""KYC-0056""]",SUPPORTING_EVIDENCE,"{""source_dataset"":""analytics/crypto_graphframes_exact_relationships.csv""}",2026.07.18.1
CRYPTO_KENNEL_LONG_CON,GF-1553,GF-KYC,SAME_KYC_TEMPLATE,KYC-0039,KYC-0057,template_hash,kyc-shared-003,norm-v1,CURATED_APPROXIMATION,GRAPHFRAMES_EXACT_MATCH,false,SENIOR_V1_TO_CANONICAL_V1,APPROVED,Common KYC templates may reflect a provider; override patterns matter.,"[""KYC-0039"",""KYC-0057""]",SUPPORTING_EVIDENCE,"{""source_dataset"":""analytics/crypto_graphframes_exact_relationships.csv""}",2026.07.18.1
CRYPTO_KENNEL_LONG_CON,GF-1554,GF-KYC,SAME_KYC_TEMPLATE,KYC-0040,KYC-0058,template_hash,kyc-shared-004,norm-v1,CURATED_APPROXIMATION,GRAPHFRAMES_EXACT_MATCH,false,SENIOR_V1_TO_CANONICAL_V1,APPROVED,Common KYC templates may reflect a provider; override patterns matter.,"[""KYC-0040"",""KYC-0058""]",SUPPORTING_EVIDENCE,"{""source_dataset"":""analytics/crypto_graphframes_exact_relationships.csv""}",2026.07.18.1
CRYPTO_KENNEL_LONG_CON,GF-1555,GF-KYC,SAME_KYC_TEMPLATE,KYC-0041,KYC-0059,template_hash,kyc-shared-005,norm-v1,CURATED_APPROXIMATION,GRAPHFRAMES_EXACT_MATCH,false,SENIOR_V1_TO_CANONICAL_V1,APPROVED,Common KYC templates may reflect a provider; override patterns matter.,"[""KYC-0041"",""KYC-0059""]",SUPPORTING_EVIDENCE,"{""source_dataset"":""analytics/crypto_graphframes_exact_relationships.csv""}",2026.07.18.1
CRYPTO_KENNEL_LONG_CON,GF-1556,GF-KYC,SAME_KYC_TEMPLATE,KYC-0042,KYC-0060,template_hash,kyc-shared-006,norm-v1,CURATED_APPROXIMATION,GRAPHFRAMES_EXACT_MATCH,false,SENIOR_V1_TO_CANONICAL_V1,APPROVED,Common KYC templates may reflect a provider; override patterns matter.,"[""KYC-0042"",""KYC-0060""]",SUPPORTING_EVIDENCE,"{""source_dataset"":""analytics/crypto_graphframes_exact_relationships.csv""}",2026.07.18.1
CRYPTO_KENNEL_LONG_CON,GF-1557,GF-KYC,SAME_KYC_TEMPLATE,KYC-0043,KYC-0061,template_hash,kyc-shared-007,norm-v1,CURATED_APPROXIMATION,GRAPHFRAMES_EXACT_MATCH,false,SENIOR_V1_TO_CANONICAL_V1,APPROVED,Common KYC templates may reflect a provider; override patterns matter.,"[""KYC-0043"",""KYC-0061""]",SUPPORTING_EVIDENCE,"{""source_dataset"":""analytics/crypto_graphframes_exact_relationships.csv""}",2026.07.18.1
CRYPTO_KENNEL_LONG_CON,GF-1558,GF-KYC,SAME_KYC_TEMPLATE,KYC-0044,KYC-0062,template_hash,kyc-shared-008,norm-v1,CURATED_APPROXIMATION,GRAPHFRAMES_EXACT_MATCH,false,SENIOR_V1_TO_CANONICAL_V1,APPROVED,Common KYC templates may reflect a provider; override patterns matter.,"[""KYC-0044"",""KYC-0062""]",SUPPORTING_EVIDENCE,"{""source_dataset"":""analytics/crypto_graphframes_exact_relationships.csv""}",2026.07.18.1
CRYPTO_KENNEL_LONG_CON,GF-1559,GF-KYC,SAME_KYC_TEMPLATE,KYC-0045,KYC-0063,template_hash,kyc-shared-009,norm-v1,CURATED_APPROXIMATION,GRAPHFRAMES_EXACT_MATCH,false,SENIOR_V1_TO_CANONICAL_V1,APPROVED,Common KYC templates may reflect a provider; override patterns matter.,"[""KYC-0045"",""KYC-0063""]",SUPPORTING_EVIDENCE,"{""source_dataset"":""analytics/crypto_graphframes_exact_relationships.csv""}",2026.07.18.1
CRYPTO_KENNEL_LONG_CON,GF-1560,GF-KYC,SAME_KYC_TEMPLATE,KYC-0046,KYC-0064,template_hash,kyc-shared-010,norm-v1,CURATED_APPROXIMATION,GRAPHFRAMES_EXACT_MATCH,false,SENIOR_V1_TO_CANONICAL_V1,APPROVED,Common KYC templates may reflect a provider; override patterns matter.,"[""KYC-0046"",""KYC-0064""]",SUPPORTING_EVIDENCE,"{""source_dataset"":""analytics/crypto_graphframes_exact_relationships.csv""}",2026.07.18.1
CRYPTO_KENNEL_LONG_CON,GF-1561,GF-KYC,SAME_KYC_TEMPLATE,KYC-0047,KYC-0065,template_hash,kyc-shared-011,norm-v1,CURATED_APPROXIMATION,GRAPHFRAMES_EXACT_MATCH,false,SENIOR_V1_TO_CANONICAL_V1,APPROVED,Common KYC templates may reflect a provider; override patterns matter.,"[""KYC-0047"",""KYC-0065""]",SUPPORTING_EVIDENCE,"{""source_dataset"":""analytics/crypto_graphframes_exact_relationships.csv""}",2026.07.18.1
CRYPTO_KENNEL_LONG_CON,GF-1562,GF-KYC,SAME_KYC_TEMPLATE,KYC-0048,KYC-0066,template_hash,kyc-shared-012,norm-v1,CURATED_APPROXIMATION,GRAPHFRAMES_EXACT_MATCH,false,SENIOR_V1_TO_CANONICAL_V1,APPROVED,Common KYC templates may reflect a provider; override patterns matter.,"[""KYC-0048"",""KYC-0066""]",SUPPORTING_EVIDENCE,"{""source_dataset"":""analytics/crypto_graphframes_exact_relationships.csv""}",2026.07.18.1
CRYPTO_KENNEL_LONG_CON,GF-1563,GF-KYC,SAME_KYC_TEMPLATE,KYC-0049,KYC-0067,template_hash,kyc-shared-013,norm-v1,CURATED_APPROXIMATION,GRAPHFRAMES_EXACT_MATCH,false,SENIOR_V1_TO_CANONICAL_V1,APPROVED,Common KYC templates may reflect a provider; override patterns matter.,"[""KYC-0049"",""KYC-0067""]",SUPPORTING_EVIDENCE,"{""source_dataset"":""analytics/crypto_graphframes_exact_relationships.csv""}",2026.07.18.1
CRYPTO_KENNEL_LONG_CON,GF-1564,GF-KYC,SAME_KYC_TEMPLATE,KYC-0050,KYC-0068,template_hash,kyc-shared-014,norm-v1,CURATED_APPROXIMATION,GRAPHFRAMES_EXACT_MATCH,false,SENIOR_V1_TO_CANONICAL_V1,APPROVED,Common KYC templates may reflect a provider; override patterns matter.,"[""KYC-0050"",""KYC-0068""]",SUPPORTING_EVIDENCE,"{""source_dataset"":""analytics/crypto_graphframes_exact_relationships.csv""}",2026.07.18.1
CRYPTO_KENNEL_LONG_CON,GF-1565,GF-KYC,SAME_KYC_TEMPLATE,KYC-0051,KYC-0069,template_hash,kyc-shared-015,norm-v1,CURATED_APPROXIMATION,GRAPHFRAMES_EXACT_MATCH,false,SENIOR_V1_TO_CANONICAL_V1,APPROVED,Common KYC templates may reflect a provider; override patterns matter.,"[""KYC-0051"",""KYC-0069""]",SUPPORTING_EVIDENCE,"{""source_dataset"":""analytics/crypto_graphframes_exact_relationships.csv""}",2026.07.18.1
CRYPTO_KENNEL_LONG_CON,GF-1566,GF-KYC,SAME_KYC_TEMPLATE,KYC-0052,KYC-0070,template_hash,kyc-shared-016,norm-v1,CURATED_APPROXIMATION,GRAPHFRAMES_EXACT_MATCH,false,SENIOR_V1_TO_CANONICAL_V1,APPROVED,Common KYC templates may reflect a provider; override patterns matter.,"[""KYC-0052"",""KYC-0070""]",SUPPORTING_EVIDENCE,"{""source_dataset"":""analytics/crypto_graphframes_exact_relationships.csv""}",2026.07.18.1
CRYPTO_KENNEL_LONG_CON,GF-1567,GF-KYC,SAME_KYC_TEMPLATE,KYC-0053,KYC-0071,template_hash,kyc-shared-017,norm-v1,CURATED_APPROXIMATION,GRAPHFRAMES_EXACT_MATCH,false,SENIOR_V1_TO_CANONICAL_V1,APPROVED,Common KYC templates may reflect a provider; override patterns matter.,"[""KYC-0053"",""KYC-0071""]",SUPPORTING_EVIDENCE,"{""source_dataset"":""analytics/crypto_graphframes_exact_relationships.csv""}",2026.07.18.1
CRYPTO_KENNEL_LONG_CON,GF-1568,GF-KYC,SAME_KYC_TEMPLATE,KYC-0054,KYC-0072,template_hash,kyc-shared-018,norm-v1,CURATED_APPROXIMATION,GRAPHFRAMES_EXACT_MATCH,false,SENIOR_V1_TO_CANONICAL_V1,APPROVED,Common KYC templates may reflect a provider; override patterns matter.,"[""KYC-0054"",""KYC-0072""]",SUPPORTING_EVIDENCE,"{""source_dataset"":""analytics/crypto_graphframes_exact_relationships.csv""}",2026.07.18.1
CRYPTO_KENNEL_LONG_CON,GF-1569,GF-KYC,SAME_KYC_TEMPLATE,KYC-0055,KYC-0073,template_hash,kyc-shared-001,norm-v1,CURATED_APPROXIMATION,GRAPHFRAMES_EXACT_MATCH,false,SENIOR_V1_TO_CANONICAL_V1,APPROVED,Common KYC templates may reflect a provider; override patterns matter.,"[""KYC-0055"",""KYC-0073""]",SUPPORTING_EVIDENCE,"{""source_dataset"":""analytics/crypto_graphframes_exact_relationships.csv""}",2026.07.18.1
CRYPTO_KENNEL_LONG_CON,GF-1570,GF-KYC,SAME_KYC_TEMPLATE,KYC-0056,KYC-0074,template_hash,kyc-shared-002,norm-v1,CURATED_APPROXIMATION,GRAPHFRAMES_EXACT_MATCH,false,SENIOR_V1_TO_CANONICAL_V1,APPROVED,Common KYC templates may reflect a provider; override patterns matter.,"[""KYC-0056"",""KYC-0074""]",SUPPORTING_EVIDENCE,"{""source_dataset"":""analytics/crypto_graphframes_exact_relationships.csv""}",2026.07.18.1
CRYPTO_KENNEL_LONG_CON,GF-1571,GF-KYC,SAME_KYC_TEMPLATE,KYC-0057,KYC-0075,template_hash,kyc-shared-003,norm-v1,CURATED_APPROXIMATION,GRAPHFRAMES_EXACT_MATCH,false,SENIOR_V1_TO_CANONICAL_V1,APPROVED,Common KYC templates may reflect a provider; override patterns matter.,"[""KYC-0057"",""KYC-0075""]",SUPPORTING_EVIDENCE,"{""source_dataset"":""analytics/crypto_graphframes_exact_relationships.csv""}",2026.07.18.1
CRYPTO_KENNEL_LONG_CON,GF-1572,GF-KYC,SAME_KYC_TEMPLATE,KYC-0058,KYC-0076,template_hash,kyc-shared-004,norm-v1,CURATED_APPROXIMATION,GRAPHFRAMES_EXACT_MATCH,false,SENIOR_V1_TO_CANONICAL_V1,APPROVED,Common KYC templates may reflect a provider; override patterns matter.,"[""KYC-0058"",""KYC-0076""]",SUPPORTING_EVIDENCE,"{""source_dataset"":""analytics/crypto_graphframes_exact_relationships.csv""}",2026.07.18.1
CRYPTO_KENNEL_LONG_CON,GF-1573,GF-KYC,SAME_KYC_TEMPLATE,KYC-0059,KYC-0077,template_hash,kyc-shared-005,norm-v1,CURATED_APPROXIMATION,GRAPHFRAMES_EXACT_MATCH,false,SENIOR_V1_TO_CANONICAL_V1,APPROVED,Common KYC templates may reflect a provider; override patterns matter.,"[""KYC-0059"",""KYC-0077""]",SUPPORTING_EVIDENCE,"{""source_dataset"":""analytics/crypto_graphframes_exact_relationships.csv""}",2026.07.18.1
CRYPTO_KENNEL_LONG_CON,GF-1574,GF-KYC,SAME_KYC_TEMPLATE,KYC-0060,KYC-0078,template_hash,kyc-shared-006,norm-v1,CURATED_APPROXIMATION,GRAPHFRAMES_EXACT_MATCH,false,SENIOR_V1_TO_CANONICAL_V1,APPROVED,Common KYC templates may reflect a provider; override patterns matter.,"[""KYC-0060"",""KYC-0078""]",SUPPORTING_EVIDENCE,"{""source_dataset"":""analytics/crypto_graphframes_exact_relationships.csv""}",2026.07.18.1
CRYPTO_KENNEL_LONG_CON,GF-1575,GF-KYC,SAME_KYC_TEMPLATE,KYC-0061,KYC-0079,template_hash,kyc-shared-007,norm-v1,CURATED_APPROXIMATION,GRAPHFRAMES_EXACT_MATCH,false,SENIOR_V1_TO_CANONICAL_V1,APPROVED,Common KYC templates may reflect a provider; override patterns matter.,"[""KYC-0061"",""KYC-0079""]",SUPPORTING_EVIDENCE,"{""source_dataset"":""analytics/crypto_graphframes_exact_relationships.csv""}",2026.07.18.1
CRYPTO_KENNEL_LONG_CON,GF-1576,GF-KYC,SAME_KYC_TEMPLATE,KYC-0062,KYC-0080,template_hash,kyc-shared-008,norm-v1,CURATED_APPROXIMATION,GRAPHFRAMES_EXACT_MATCH,false,SENIOR_V1_TO_CANONICAL_V1,APPROVED,Common KYC templates may reflect a provider; override patterns matter.,"[""KYC-0062"",""KYC-0080""]",SUPPORTING_EVIDENCE,"{""source_dataset"":""analytics/crypto_graphframes_exact_relationships.csv""}",2026.07.18.1
CRYPTO_KENNEL_LONG_CON,GF-1577,GF-KYC,SAME_KYC_TEMPLATE,KYC-0063,KYC-0081,template_hash,kyc-shared-009,norm-v1,CURATED_APPROXIMATION,GRAPHFRAMES_EXACT_MATCH,false,SENIOR_V1_TO_CANONICAL_V1,APPROVED,Common KYC templates may reflect a provider; override patterns matter.,"[""KYC-0063"",""KYC-0081""]",SUPPORTING_EVIDENCE,"{""source_dataset"":""analytics/crypto_graphframes_exact_relationships.csv""}",2026.07.18.1
CRYPTO_KENNEL_LONG_CON,GF-1578,GF-KYC,SAME_KYC_TEMPLATE,KYC-0064,KYC-0082,template_hash,kyc-shared-010,norm-v1,CURATED_APPROXIMATION,GRAPHFRAMES_EXACT_MATCH,false,SENIOR_V1_TO_CANONICAL_V1,APPROVED,Common KYC templates may reflect a provider; override patterns matter.,"[""KYC-0064"",""KYC-0082""]",SUPPORTING_EVIDENCE,"{""source_dataset"":""analytics/crypto_graphframes_exact_relationships.csv""}",2026.07.18.1
CRYPTO_KENNEL_LONG_CON,GF-1579,GF-KYC,SAME_KYC_TEMPLATE,KYC-0065,KYC-0083,template_hash,kyc-shared-011,norm-v1,CURATED_APPROXIMATION,GRAPHFRAMES_EXACT_MATCH,false,SENIOR_V1_TO_CANONICAL_V1,APPROVED,Common KYC templates may reflect a provider; override patterns matter.,"[""KYC-0065"",""KYC-0083""]",SUPPORTING_EVIDENCE,"{""source_dataset"":""analytics/crypto_graphframes_exact_relationships.csv""}",2026.07.18.1
CRYPTO_KENNEL_LONG_CON,GF-1580,GF-KYC,SAME_KYC_TEMPLATE,KYC-0066,KYC-0084,template_hash,kyc-shared-012,norm-v1,CURATED_APPROXIMATION,GRAPHFRAMES_EXACT_MATCH,false,SENIOR_V1_TO_CANONICAL_V1,APPROVED,Common KYC templates may reflect a provider; override patterns matter.,"[""KYC-0066"",""KYC-0084""]",SUPPORTING_EVIDENCE,"{""source_dataset"":""analytics/crypto_graphframes_exact_relationships.csv""}",2026.07.18.1
CRYPTO_KENNEL_LONG_CON,GF-1581,GF-KYC,SAME_KYC_TEMPLATE,KYC-0067,KYC-0085,template_hash,kyc-shared-013,norm-v1,CURATED_APPROXIMATION,GRAPHFRAMES_EXACT_MATCH,false,SENIOR_V1_TO_CANONICAL_V1,APPROVED,Common KYC templates may reflect a provider; override patterns matter.,"[""KYC-0067"",""KYC-0085""]",SUPPORTING_EVIDENCE,"{""source_dataset"":""analytics/crypto_graphframes_exact_relationships.csv""}",2026.07.18.1
CRYPTO_KENNEL_LONG_CON,GF-1582,GF-KYC,SAME_KYC_TEMPLATE,KYC-0068,KYC-0086,template_hash,kyc-shared-014,norm-v1,CURATED_APPROXIMATION,GRAPHFRAMES_EXACT_MATCH,false,SENIOR_V1_TO_CANONICAL_V1,APPROVED,Common KYC templates may reflect a provider; override patterns matter.,"[""KYC-0068"",""KYC-0086""]",SUPPORTING_EVIDENCE,"{""source_dataset"":""analytics/crypto_graphframes_exact_relationships.csv""}",2026.07.18.1
CRYPTO_KENNEL_LONG_CON,GF-1583,GF-KYC,SAME_KYC_TEMPLATE,KYC-0069,KYC-0087,template_hash,kyc-shared-015,norm-v1,CURATED_APPROXIMATION,GRAPHFRAMES_EXACT_MATCH,false,SENIOR_V1_TO_CANONICAL_V1,APPROVED,Common KYC templates may reflect a provider; override patterns matter.,"[""KYC-0069"",""KYC-0087""]",SUPPORTING_EVIDENCE,"{""source_dataset"":""analytics/crypto_graphframes_exact_relationships.csv""}",2026.07.18.1
CRYPTO_KENNEL_LONG_CON,GF-1584,GF-KYC,SAME_KYC_TEMPLATE,KYC-0070,KYC-0088,template_hash,kyc-shared-016,norm-v1,CURATED_APPROXIMATION,GRAPHFRAMES_EXACT_MATCH,false,SENIOR_V1_TO_CANONICAL_V1,APPROVED,Common KYC templates may reflect a provider; override patterns matter.,"[""KYC-0070"",""KYC-0088""]",SUPPORTING_EVIDENCE,"{""source_dataset"":""analytics/crypto_graphframes_exact_relationships.csv""}",2026.07.18.1
CRYPTO_KENNEL_LONG_CON,GF-1585,GF-KYC,SAME_KYC_TEMPLATE,KYC-0071,KYC-0089,template_hash,kyc-shared-017,norm-v1,CURATED_APPROXIMATION,GRAPHFRAMES_EXACT_MATCH,false,SENIOR_V1_TO_CANONICAL_V1,APPROVED,Common KYC templates may reflect a provider; override patterns matter.,"[""KYC-0071"",""KYC-0089""]",SUPPORTING_EVIDENCE,"{""source_dataset"":""analytics/crypto_graphframes_exact_relationships.csv""}",2026.07.18.1
CRYPTO_KENNEL_LONG_CON,GF-1586,GF-KYC,SAME_KYC_TEMPLATE,KYC-0072,KYC-0090,template_hash,kyc-shared-018,norm-v1,CURATED_APPROXIMATION,GRAPHFRAMES_EXACT_MATCH,false,SENIOR_V1_TO_CANONICAL_V1,APPROVED,Common KYC templates may reflect a provider; override patterns matter.,"[""KYC-0072"",""KYC-0090""]",SUPPORTING_EVIDENCE,"{""source_dataset"":""analytics/crypto_graphframes_exact_relationships.csv""}",2026.07.18.1
CRYPTO_KENNEL_LONG_CON,GF-1587,GF-KYC,SAME_KYC_TEMPLATE,KYC-0073,KYC-0091,template_hash,kyc-shared-001,norm-v1,CURATED_APPROXIMATION,GRAPHFRAMES_EXACT_MATCH,false,SENIOR_V1_TO_CANONICAL_V1,APPROVED,Common KYC templates may reflect a provider; override patterns matter.,"[""KYC-0073"",""KYC-0091""]",SUPPORTING_EVIDENCE,"{""source_dataset"":""analytics/crypto_graphframes_exact_relationships.csv""}",2026.07.18.1
CRYPTO_KENNEL_LONG_CON,GF-1588,GF-KYC,SAME_KYC_TEMPLATE,KYC-0074,KYC-0092,template_hash,kyc-shared-002,norm-v1,CURATED_APPROXIMATION,GRAPHFRAMES_EXACT_MATCH,false,SENIOR_V1_TO_CANONICAL_V1,APPROVED,Common KYC templates may reflect a provider; override patterns matter.,"[""KYC-0074"",""KYC-0092""]",SUPPORTING_EVIDENCE,"{""source_dataset"":""analytics/crypto_graphframes_exact_relationships.csv""}",2026.07.18.1
CRYPTO_KENNEL_LONG_CON,GF-1589,GF-KYC,SAME_KYC_TEMPLATE,KYC-0075,KYC-0093,template_hash,kyc-shared-003,norm-v1,CURATED_APPROXIMATION,GRAPHFRAMES_EXACT_MATCH,false,SENIOR_V1_TO_CANONICAL_V1,APPROVED,Common KYC templates may reflect a provider; override patterns matter.,"[""KYC-0075"",""KYC-0093""]",SUPPORTING_EVIDENCE,"{""source_dataset"":""analytics/crypto_graphframes_exact_relationships.csv""}",2026.07.18.1
CRYPTO_KENNEL_LONG_CON,GF-1590,GF-KYC,SAME_KYC_TEMPLATE,KYC-0076,KYC-0094,template_hash,kyc-shared-004,norm-v1,CURATED_APPROXIMATION,GRAPHFRAMES_EXACT_MATCH,false,SENIOR_V1_TO_CANONICAL_V1,APPROVED,Common KYC templates may reflect a provider; override patterns matter.,"[""KYC-0076"",""KYC-0094""]",SUPPORTING_EVIDENCE,"{""source_dataset"":""analytics/crypto_graphframes_exact_relationships.csv""}",2026.07.18.1
CRYPTO_KENNEL_LONG_CON,GF-1591,GF-KYC,SAME_KYC_TEMPLATE,KYC-0077,KYC-0095,template_hash,kyc-shared-005,norm-v1,CURATED_APPROXIMATION,GRAPHFRAMES_EXACT_MATCH,false,SENIOR_V1_TO_CANONICAL_V1,APPROVED,Common KYC templates may reflect a provider; override patterns matter.,"[""KYC-0077"",""KYC-0095""]",SUPPORTING_EVIDENCE,"{""source_dataset"":""analytics/crypto_graphframes_exact_relationships.csv""}",2026.07.18.1
CRYPTO_KENNEL_LONG_CON,GF-1592,GF-KYC,SAME_KYC_TEMPLATE,KYC-0078,KYC-0096,template_hash,kyc-shared-006,norm-v1,CURATED_APPROXIMATION,GRAPHFRAMES_EXACT_MATCH,false,SENIOR_V1_TO_CANONICAL_V1,APPROVED,Common KYC templates may reflect a provider; override patterns matter.,"[""KYC-0078"",""KYC-0096""]",SUPPORTING_EVIDENCE,"{""source_dataset"":""analytics/crypto_graphframes_exact_relationships.csv""}",2026.07.18.1
CRYPTO_KENNEL_LONG_CON,GF-1593,GF-KYC,SAME_KYC_TEMPLATE,KYC-0079,KYC-0097,template_hash,kyc-shared-007,norm-v1,CURATED_APPROXIMATION,GRAPHFRAMES_EXACT_MATCH,false,SENIOR_V1_TO_CANONICAL_V1,APPROVED,Common KYC templates may reflect a provider; override patterns matter.,"[""KYC-0079"",""KYC-0097""]",SUPPORTING_EVIDENCE,"{""source_dataset"":""analytics/crypto_graphframes_exact_relationships.csv""}",2026.07.18.1
CRYPTO_KENNEL_LONG_CON,GF-1594,GF-KYC,SAME_KYC_TEMPLATE,KYC-0080,KYC-0098,template_hash,kyc-shared-008,norm-v1,CURATED_APPROXIMATION,GRAPHFRAMES_EXACT_MATCH,false,SENIOR_V1_TO_CANONICAL_V1,APPROVED,Common KYC templates may reflect a provider; override patterns matter.,"[""KYC-0080"",""KYC-0098""]",SUPPORTING_EVIDENCE,"{""source_dataset"":""analytics/crypto_graphframes_exact_relationships.csv""}",2026.07.18.1
CRYPTO_KENNEL_LONG_CON,GF-1595,GF-KYC,SAME_KYC_TEMPLATE,KYC-0081,KYC-0099,template_hash,kyc-shared-009,norm-v1,CURATED_APPROXIMATION,GRAPHFRAMES_EXACT_MATCH,false,SENIOR_V1_TO_CANONICAL_V1,APPROVED,Common KYC templates may reflect a provider; override patterns matter.,"[""KYC-0081"",""KYC-0099""]",SUPPORTING_EVIDENCE,"{""source_dataset"":""analytics/crypto_graphframes_exact_relationships.csv""}",2026.07.18.1
CRYPTO_KENNEL_LONG_CON,GF-1596,GF-KYC,SAME_KYC_TEMPLATE,KYC-0082,KYC-0100,template_hash,kyc-shared-010,norm-v1,CURATED_APPROXIMATION,GRAPHFRAMES_EXACT_MATCH,false,SENIOR_V1_TO_CANONICAL_V1,APPROVED,Common KYC templates may reflect a provider; override patterns matter.,"[""KYC-0082"",""KYC-0100""]",SUPPORTING_EVIDENCE,"{""source_dataset"":""analytics/crypto_graphframes_exact_relationships.csv""}",2026.07.18.1
CRYPTO_KENNEL_LONG_CON,GF-1597,GF-KYC,SAME_KYC_TEMPLATE,KYC-0083,KYC-0101,template_hash,kyc-shared-011,norm-v1,CURATED_APPROXIMATION,GRAPHFRAMES_EXACT_MATCH,false,SENIOR_V1_TO_CANONICAL_V1,APPROVED,Common KYC templates may reflect a provider; override patterns matter.,"[""KYC-0083"",""KYC-0101""]",SUPPORTING_EVIDENCE,"{""source_dataset"":""analytics/crypto_graphframes_exact_relationships.csv""}",2026.07.18.1
CRYPTO_KENNEL_LONG_CON,GF-1598,GF-KYC,SAME_KYC_TEMPLATE,KYC-0084,KYC-0102,template_hash,kyc-shared-012,norm-v1,CURATED_APPROXIMATION,GRAPHFRAMES_EXACT_MATCH,false,SENIOR_V1_TO_CANONICAL_V1,APPROVED,Common KYC templates may reflect a provider; override patterns matter.,"[""KYC-0084"",""KYC-0102""]",SUPPORTING_EVIDENCE,"{""source_dataset"":""analytics/crypto_graphframes_exact_relationships.csv""}",2026.07.18.1
CRYPTO_KENNEL_LONG_CON,GF-1599,GF-KYC,SAME_KYC_TEMPLATE,KYC-0085,KYC-0103,template_hash,kyc-shared-013,norm-v1,CURATED_APPROXIMATION,GRAPHFRAMES_EXACT_MATCH,false,SENIOR_V1_TO_CANONICAL_V1,APPROVED,Common KYC templates may reflect a provider; override patterns matter.,"[""KYC-0085"",""KYC-0103""]",SUPPORTING_EVIDENCE,"{""source_dataset"":""analytics/crypto_graphframes_exact_relationships.csv""}",2026.07.18.1
CRYPTO_KENNEL_LONG_CON,GF-1600,GF-KYC,SAME_KYC_TEMPLATE,KYC-0086,KYC-0104,template_hash,kyc-shared-014,norm-v1,CURATED_APPROXIMATION,GRAPHFRAMES_EXACT_MATCH,false,SENIOR_V1_TO_CANONICAL_V1,APPROVED,Common KYC templates may reflect a provider; override patterns matter.,"[""KYC-0086"",""KYC-0104""]",SUPPORTING_EVIDENCE,"{""source_dataset"":""analytics/crypto_graphframes_exact_relationships.csv""}",2026.07.18.1
CRYPTO_KENNEL_LONG_CON,GF-1601,GF-KYC,SAME_KYC_TEMPLATE,KYC-0087,KYC-0105,template_hash,kyc-shared-015,norm-v1,CURATED_APPROXIMATION,GRAPHFRAMES_EXACT_MATCH,false,SENIOR_V1_TO_CANONICAL_V1,APPROVED,Common KYC templates may reflect a provider; override patterns matter.,"[""KYC-0087"",""KYC-0105""]",SUPPORTING_EVIDENCE,"{""source_dataset"":""analytics/crypto_graphframes_exact_relationships.csv""}",2026.07.18.1
CRYPTO_KENNEL_LONG_CON,GF-1602,GF-KYC,SAME_KYC_TEMPLATE,KYC-0088,KYC-0106,template_hash,kyc-shared-016,norm-v1,CURATED_APPROXIMATION,GRAPHFRAMES_EXACT_MATCH,false,SENIOR_V1_TO_CANONICAL_V1,APPROVED,Common KYC templates may reflect a provider; override patterns matter.,"[""KYC-0088"",""KYC-0106""]",SUPPORTING_EVIDENCE,"{""source_dataset"":""analytics/crypto_graphframes_exact_relationships.csv""}",2026.07.18.1
CRYPTO_KENNEL_LONG_CON,GF-1603,GF-KYC,SAME_KYC_TEMPLATE,KYC-0089,KYC-0107,template_hash,kyc-shared-017,norm-v1,CURATED_APPROXIMATION,GRAPHFRAMES_EXACT_MATCH,false,SENIOR_V1_TO_CANONICAL_V1,APPROVED,Common KYC templates may reflect a provider; override patterns matter.,"[""KYC-0089"",""KYC-0107""]",SUPPORTING_EVIDENCE,"{""source_dataset"":""analytics/crypto_graphframes_exact_relationships.csv""}",2026.07.18.1
CRYPTO_KENNEL_LONG_CON,GF-1604,GF-KYC,SAME_KYC_TEMPLATE,KYC-0090,KYC-0108,template_hash,kyc-shared-018,norm-v1,CURATED_APPROXIMATION,GRAPHFRAMES_EXACT_MATCH,false,SENIOR_V1_TO_CANONICAL_V1,APPROVED,Common KYC templates may reflect a provider; override patterns matter.,"[""KYC-0090"",""KYC-0108""]",SUPPORTING_EVIDENCE,"{""source_dataset"":""analytics/crypto_graphframes_exact_relationships.csv""}",2026.07.18.1
CRYPTO_KENNEL_LONG_CON,GF-1605,GF-KYC,SAME_KYC_TEMPLATE,KYC-0091,KYC-0109,template_hash,kyc-shared-001,norm-v1,CURATED_APPROXIMATION,GRAPHFRAMES_EXACT_MATCH,false,SENIOR_V1_TO_CANONICAL_V1,APPROVED,Common KYC templates may reflect a provider; override patterns matter.,"[""KYC-0091"",""KYC-0109""]",SUPPORTING_EVIDENCE,"{""source_dataset"":""analytics/crypto_graphframes_exact_relationships.csv""}",2026.07.18.1
CRYPTO_KENNEL_LONG_CON,GF-1606,GF-KYC,SAME_KYC_TEMPLATE,KYC-0092,KYC-0110,template_hash,kyc-shared-002,norm-v1,CURATED_APPROXIMATION,GRAPHFRAMES_EXACT_MATCH,false,SENIOR_V1_TO_CANONICAL_V1,APPROVED,Common KYC templates may reflect a provider; override patterns matter.,"[""KYC-0092"",""KYC-0110""]",SUPPORTING_EVIDENCE,"{""source_dataset"":""analytics/crypto_graphframes_exact_relationships.csv""}",2026.07.18.1
CRYPTO_KENNEL_LONG_CON,GF-1607,GF-KYC,SAME_KYC_TEMPLATE,KYC-0093,KYC-0111,template_hash,kyc-shared-003,norm-v1,CURATED_APPROXIMATION,GRAPHFRAMES_EXACT_MATCH,false,SENIOR_V1_TO_CANONICAL_V1,APPROVED,Common KYC templates may reflect a provider; override patterns matter.,"[""KYC-0093"",""KYC-0111""]",SUPPORTING_EVIDENCE,"{""source_dataset"":""analytics/crypto_graphframes_exact_relationships.csv""}",2026.07.18.1
CRYPTO_KENNEL_LONG_CON,GF-1608,GF-KYC,SAME_KYC_TEMPLATE,KYC-0094,KYC-0112,template_hash,kyc-shared-004,norm-v1,CURATED_APPROXIMATION,GRAPHFRAMES_EXACT_MATCH,false,SENIOR_V1_TO_CANONICAL_V1,APPROVED,Common KYC templates may reflect a provider; override patterns matter.,"[""KYC-0094"",""KYC-0112""]",SUPPORTING_EVIDENCE,"{""source_dataset"":""analytics/crypto_graphframes_exact_relationships.csv""}",2026.07.18.1
CRYPTO_KENNEL_LONG_CON,GF-1609,GF-KYC,SAME_KYC_TEMPLATE,KYC-0095,KYC-0113,template_hash,kyc-shared-005,norm-v1,CURATED_APPROXIMATION,GRAPHFRAMES_EXACT_MATCH,false,SENIOR_V1_TO_CANONICAL_V1,APPROVED,Common KYC templates may reflect a provider; override patterns matter.,"[""KYC-0095"",""KYC-0113""]",SUPPORTING_EVIDENCE,"{""source_dataset"":""analytics/crypto_graphframes_exact_relationships.csv""}",2026.07.18.1
CRYPTO_KENNEL_LONG_CON,GF-1610,GF-KYC,SAME_KYC_TEMPLATE,KYC-0096,KYC-0114,template_hash,kyc-shared-006,norm-v1,CURATED_APPROXIMATION,GRAPHFRAMES_EXACT_MATCH,false,SENIOR_V1_TO_CANONICAL_V1,APPROVED,Common KYC templates may reflect a provider; override patterns matter.,"[""KYC-0096"",""KYC-0114""]",SUPPORTING_EVIDENCE,"{""source_dataset"":""analytics/crypto_graphframes_exact_relationships.csv""}",2026.07.18.1
CRYPTO_KENNEL_LONG_CON,GF-1611,GF-KYC,SAME_KYC_TEMPLATE,KYC-0097,KYC-0115,template_hash,kyc-shared-007,norm-v1,CURATED_APPROXIMATION,GRAPHFRAMES_EXACT_MATCH,false,SENIOR_V1_TO_CANONICAL_V1,APPROVED,Common KYC templates may reflect a provider; override patterns matter.,"[""KYC-0097"",""KYC-0115""]",SUPPORTING_EVIDENCE,"{""source_dataset"":""analytics/crypto_graphframes_exact_relationships.csv""}",2026.07.18.1
CRYPTO_KENNEL_LONG_CON,GF-1612,GF-KYC,SAME_KYC_TEMPLATE,KYC-0098,KYC-0116,template_hash,kyc-shared-008,norm-v1,CURATED_APPROXIMATION,GRAPHFRAMES_EXACT_MATCH,false,SENIOR_V1_TO_CANONICAL_V1,APPROVED,Common KYC templates may reflect a provider; override patterns matter.,"[""KYC-0098"",""KYC-0116""]",SUPPORTING_EVIDENCE,"{""source_dataset"":""analytics/crypto_graphframes_exact_relationships.csv""}",2026.07.18.1
CRYPTO_KENNEL_LONG_CON,GF-1613,GF-KYC,SAME_KYC_TEMPLATE,KYC-0099,KYC-0117,template_hash,kyc-shared-009,norm-v1,CURATED_APPROXIMATION,GRAPHFRAMES_EXACT_MATCH,false,SENIOR_V1_TO_CANONICAL_V1,APPROVED,Common KYC templates may reflect a provider; override patterns matter.,"[""KYC-0099"",""KYC-0117""]",SUPPORTING_EVIDENCE,"{""source_dataset"":""analytics/crypto_graphframes_exact_relationships.csv""}",2026.07.18.1
CRYPTO_KENNEL_LONG_CON,GF-1614,GF-KYC,SAME_KYC_TEMPLATE,KYC-0100,KYC-0118,template_hash,kyc-shared-010,norm-v1,CURATED_APPROXIMATION,GRAPHFRAMES_EXACT_MATCH,false,SENIOR_V1_TO_CANONICAL_V1,APPROVED,Common KYC templates may reflect a provider; override patterns matter.,"[""KYC-0100"",""KYC-0118""]",SUPPORTING_EVIDENCE,"{""source_dataset"":""analytics/crypto_graphframes_exact_relationships.csv""}",2026.07.18.1
CRYPTO_KENNEL_LONG_CON,GF-1615,GF-KYC,SAME_KYC_TEMPLATE,KYC-0101,KYC-0119,template_hash,kyc-shared-011,norm-v1,CURATED_APPROXIMATION,GRAPHFRAMES_EXACT_MATCH,false,SENIOR_V1_TO_CANONICAL_V1,APPROVED,Common KYC templates may reflect a provider; override patterns matter.,"[""KYC-0101"",""KYC-0119""]",SUPPORTING_EVIDENCE,"{""source_dataset"":""analytics/crypto_graphframes_exact_relationships.csv""}",2026.07.18.1
CRYPTO_KENNEL_LONG_CON,GF-1616,GF-KYC,SAME_KYC_TEMPLATE,KYC-0102,KYC-0120,template_hash,kyc-shared-012,norm-v1,CURATED_APPROXIMATION,GRAPHFRAMES_EXACT_MATCH,false,SENIOR_V1_TO_CANONICAL_V1,APPROVED,Common KYC templates may reflect a provider; override patterns matter.,"[""KYC-0102"",""KYC-0120""]",SUPPORTING_EVIDENCE,"{""source_dataset"":""analytics/crypto_graphframes_exact_relationships.csv""}",2026.07.18.1
CRYPTO_KENNEL_LONG_CON,GF-1617,GF-KYC,SAME_KYC_TEMPLATE,KYC-0103,KYC-0121,template_hash,kyc-shared-013,norm-v1,CURATED_APPROXIMATION,GRAPHFRAMES_EXACT_MATCH,false,SENIOR_V1_TO_CANONICAL_V1,APPROVED,Common KYC templates may reflect a provider; override patterns matter.,"[""KYC-0103"",""KYC-0121""]",SUPPORTING_EVIDENCE,"{""source_dataset"":""analytics/crypto_graphframes_exact_relationships.csv""}",2026.07.18.1
CRYPTO_KENNEL_LONG_CON,GF-1618,GF-KYC,SAME_KYC_TEMPLATE,KYC-0104,KYC-0122,template_hash,kyc-shared-014,norm-v1,CURATED_APPROXIMATION,GRAPHFRAMES_EXACT_MATCH,false,SENIOR_V1_TO_CANONICAL_V1,APPROVED,Common KYC templates may reflect a provider; override patterns matter.,"[""KYC-0104"",""KYC-0122""]",SUPPORTING_EVIDENCE,"{""source_dataset"":""analytics/crypto_graphframes_exact_relationships.csv""}",2026.07.18.1
CRYPTO_KENNEL_LONG_CON,GF-1619,GF-KYC,SAME_KYC_TEMPLATE,KYC-0105,KYC-0123,template_hash,kyc-shared-015,norm-v1,CURATED_APPROXIMATION,GRAPHFRAMES_EXACT_MATCH,false,SENIOR_V1_TO_CANONICAL_V1,APPROVED,Common KYC templates may reflect a provider; override patterns matter.,"[""KYC-0105"",""KYC-0123""]",SUPPORTING_EVIDENCE,"{""source_dataset"":""analytics/crypto_graphframes_exact_relationships.csv""}",2026.07.18.1
CRYPTO_KENNEL_LONG_CON,GF-1620,GF-KYC,SAME_KYC_TEMPLATE,KYC-0106,KYC-0124,template_hash,kyc-shared-016,norm-v1,CURATED_APPROXIMATION,GRAPHFRAMES_EXACT_MATCH,false,SENIOR_V1_TO_CANONICAL_V1,APPROVED,Common KYC templates may reflect a provider; override patterns matter.,"[""KYC-0106"",""KYC-0124""]",SUPPORTING_EVIDENCE,"{""source_dataset"":""analytics/crypto_graphframes_exact_relationships.csv""}",2026.07.18.1
CRYPTO_KENNEL_LONG_CON,GF-1621,GF-KYC,SAME_KYC_TEMPLATE,KYC-0107,KYC-0125,template_hash,kyc-shared-017,norm-v1,CURATED_APPROXIMATION,GRAPHFRAMES_EXACT_MATCH,false,SENIOR_V1_TO_CANONICAL_V1,APPROVED,Common KYC templates may reflect a provider; override patterns matter.,"[""KYC-0107"",""KYC-0125""]",SUPPORTING_EVIDENCE,"{""source_dataset"":""analytics/crypto_graphframes_exact_relationships.csv""}",2026.07.18.1
CRYPTO_KENNEL_LONG_CON,GF-1622,GF-KYC,SAME_KYC_TEMPLATE,KYC-0108,KYC-0126,template_hash,kyc-shared-018,norm-v1,CURATED_APPROXIMATION,GRAPHFRAMES_EXACT_MATCH,false,SENIOR_V1_TO_CANONICAL_V1,APPROVED,Common KYC templates may reflect a provider; override patterns matter.,"[""KYC-0108"",""KYC-0126""]",SUPPORTING_EVIDENCE,"{""source_dataset"":""analytics/crypto_graphframes_exact_relationships.csv""}",2026.07.18.1
CRYPTO_KENNEL_LONG_CON,GF-1623,GF-KYC,SAME_KYC_TEMPLATE,KYC-0109,KYC-0127,template_hash,kyc-shared-001,norm-v1,CURATED_APPROXIMATION,GRAPHFRAMES_EXACT_MATCH,false,SENIOR_V1_TO_CANONICAL_V1,APPROVED,Common KYC templates may reflect a provider; override patterns matter.,"[""KYC-0109"",""KYC-0127""]",SUPPORTING_EVIDENCE,"{""source_dataset"":""analytics/crypto_graphframes_exact_relationships.csv""}",2026.07.18.1
CRYPTO_KENNEL_LONG_CON,GF-1624,GF-KYC,SAME_KYC_TEMPLATE,KYC-0110,KYC-0128,template_hash,kyc-shared-002,norm-v1,CURATED_APPROXIMATION,GRAPHFRAMES_EXACT_MATCH,false,SENIOR_V1_TO_CANONICAL_V1,APPROVED,Common KYC templates may reflect a provider; override patterns matter.,"[""KYC-0110"",""KYC-0128""]",SUPPORTING_EVIDENCE,"{""source_dataset"":""analytics/crypto_graphframes_exact_relationships.csv""}",2026.07.18.1
CRYPTO_KENNEL_LONG_CON,GF-1625,GF-KYC,SAME_KYC_TEMPLATE,KYC-0111,KYC-0129,template_hash,kyc-shared-003,norm-v1,CURATED_APPROXIMATION,GRAPHFRAMES_EXACT_MATCH,false,SENIOR_V1_TO_CANONICAL_V1,APPROVED,Common KYC templates may reflect a provider; override patterns matter.,"[""KYC-0111"",""KYC-0129""]",SUPPORTING_EVIDENCE,"{""source_dataset"":""analytics/crypto_graphframes_exact_relationships.csv""}",2026.07.18.1
CRYPTO_KENNEL_LONG_CON,GF-1626,GF-KYC,SAME_KYC_TEMPLATE,KYC-0112,KYC-0130,template_hash,kyc-shared-004,norm-v1,CURATED_APPROXIMATION,GRAPHFRAMES_EXACT_MATCH,false,SENIOR_V1_TO_CANONICAL_V1,APPROVED,Common KYC templates may reflect a provider; override patterns matter.,"[""KYC-0112"",""KYC-0130""]",SUPPORTING_EVIDENCE,"{""source_dataset"":""analytics/crypto_graphframes_exact_relationships.csv""}",2026.07.18.1
CRYPTO_KENNEL_LONG_CON,GF-1627,GF-KYC,SAME_KYC_TEMPLATE,KYC-0113,KYC-0131,template_hash,kyc-shared-005,norm-v1,CURATED_APPROXIMATION,GRAPHFRAMES_EXACT_MATCH,false,SENIOR_V1_TO_CANONICAL_V1,APPROVED,Common KYC templates may reflect a provider; override patterns matter.,"[""KYC-0113"",""KYC-0131""]",SUPPORTING_EVIDENCE,"{""source_dataset"":""analytics/crypto_graphframes_exact_relationships.csv""}",2026.07.18.1
CRYPTO_KENNEL_LONG_CON,GF-1628,GF-KYC,SAME_KYC_TEMPLATE,KYC-0114,KYC-0132,template_hash,kyc-shared-006,norm-v1,CURATED_APPROXIMATION,GRAPHFRAMES_EXACT_MATCH,false,SENIOR_V1_TO_CANONICAL_V1,APPROVED,Common KYC templates may reflect a provider; override patterns matter.,"[""KYC-0114"",""KYC-0132""]",SUPPORTING_EVIDENCE,"{""source_dataset"":""analytics/crypto_graphframes_exact_relationships.csv""}",2026.07.18.1
CRYPTO_KENNEL_LONG_CON,GF-1629,GF-KYC,SAME_KYC_TEMPLATE,KYC-0115,KYC-0133,template_hash,kyc-shared-007,norm-v1,CURATED_APPROXIMATION,GRAPHFRAMES_EXACT_MATCH,false,SENIOR_V1_TO_CANONICAL_V1,APPROVED,Common KYC templates may reflect a provider; override patterns matter.,"[""KYC-0115"",""KYC-0133""]",SUPPORTING_EVIDENCE,"{""source_dataset"":""analytics/crypto_graphframes_exact_relationships.csv""}",2026.07.18.1
CRYPTO_KENNEL_LONG_CON,GF-1630,GF-KYC,SAME_KYC_TEMPLATE,KYC-0116,KYC-0134,template_hash,kyc-shared-008,norm-v1,CURATED_APPROXIMATION,GRAPHFRAMES_EXACT_MATCH,false,SENIOR_V1_TO_CANONICAL_V1,APPROVED,Common KYC templates may reflect a provider; override patterns matter.,"[""KYC-0116"",""KYC-0134""]",SUPPORTING_EVIDENCE,"{""source_dataset"":""analytics/crypto_graphframes_exact_relationships.csv""}",2026.07.18.1
CRYPTO_KENNEL_LONG_CON,GF-1631,GF-KYC,SAME_KYC_TEMPLATE,KYC-0117,KYC-0135,template_hash,kyc-shared-009,norm-v1,CURATED_APPROXIMATION,GRAPHFRAMES_EXACT_MATCH,false,SENIOR_V1_TO_CANONICAL_V1,APPROVED,Common KYC templates may reflect a provider; override patterns matter.,"[""KYC-0117"",""KYC-0135""]",SUPPORTING_EVIDENCE,"{""source_dataset"":""analytics/crypto_graphframes_exact_relationships.csv""}",2026.07.18.1
CRYPTO_KENNEL_LONG_CON,GF-1632,GF-KYC,SAME_KYC_TEMPLATE,KYC-0118,KYC-0136,template_hash,kyc-shared-010,norm-v1,CURATED_APPROXIMATION,GRAPHFRAMES_EXACT_MATCH,false,SENIOR_V1_TO_CANONICAL_V1,APPROVED,Common KYC templates may reflect a provider; override patterns matter.,"[""KYC-0118"",""KYC-0136""]",SUPPORTING_EVIDENCE,"{""source_dataset"":""analytics/crypto_graphframes_exact_relationships.csv""}",2026.07.18.1
CRYPTO_KENNEL_LONG_CON,GF-1633,GF-KYC,SAME_KYC_TEMPLATE,KYC-0119,KYC-0137,template_hash,kyc-shared-011,norm-v1,CURATED_APPROXIMATION,GRAPHFRAMES_EXACT_MATCH,false,SENIOR_V1_TO_CANONICAL_V1,APPROVED,Common KYC templates may reflect a provider; override patterns matter.,"[""KYC-0119"",""KYC-0137""]",SUPPORTING_EVIDENCE,"{""source_dataset"":""analytics/crypto_graphframes_exact_relationships.csv""}",2026.07.18.1
CRYPTO_KENNEL_LONG_CON,GF-1634,GF-KYC,SAME_KYC_TEMPLATE,KYC-0120,KYC-0138,template_hash,kyc-shared-012,norm-v1,CURATED_APPROXIMATION,GRAPHFRAMES_EXACT_MATCH,false,SENIOR_V1_TO_CANONICAL_V1,APPROVED,Common KYC templates may reflect a provider; override patterns matter.,"[""KYC-0120"",""KYC-0138""]",SUPPORTING_EVIDENCE,"{""source_dataset"":""analytics/crypto_graphframes_exact_relationships.csv""}",2026.07.18.1
CRYPTO_KENNEL_LONG_CON,GF-1635,GF-BYTECODE,SAME_SMART_CONTRACT_BYTECODE,SC-KENNEL-STAKING,SC-BONE-YIELD,bytecode_hash,bytecode-core-v7,norm-v1,CURATED_APPROXIMATION,GRAPHFRAMES_EXACT_MATCH,false,SENIOR_V1_TO_CANONICAL_V1,APPROVED,Shared bytecode can be a library or clone; admin keys and behavior matter.,"[""SC-KENNEL-STAKING"",""SC-BONE-YIELD""]",CORE_EVIDENCE,"{""source_dataset"":""analytics/crypto_graphframes_exact_relationships.csv""}",2026.07.18.1
CRYPTO_KENNEL_LONG_CON,GF-1636,GF-ADMIN,SAME_TOKEN_ADMIN,SC-KENNEL-STAKING,SC-BONE-YIELD,admin_wallet_id,W-BONEVAULT-ADMIN,norm-v1,CURATED_APPROXIMATION,GRAPHFRAMES_EXACT_MATCH,false,SENIOR_V1_TO_CANONICAL_V1,APPROVED,Shared admin wallets strongly associate contracts but do not alone prove intent.,"[""SC-KENNEL-STAKING"",""SC-BONE-YIELD""]",CORE_EVIDENCE,"{""source_dataset"":""analytics/crypto_graphframes_exact_relationships.csv""}",2026.07.18.1
CRYPTO_KENNEL_LONG_CON,GF-1637,GF-BYTECODE,SAME_SMART_CONTRACT_BYTECODE,SC-BONE-YIELD,SC-WITHDRAW-GATE,bytecode_hash,bytecode-core-v7,norm-v1,CURATED_APPROXIMATION,GRAPHFRAMES_EXACT_MATCH,false,SENIOR_V1_TO_CANONICAL_V1,APPROVED,Shared bytecode can be a library or clone; admin keys and behavior matter.,"[""SC-BONE-YIELD"",""SC-WITHDRAW-GATE""]",CORE_EVIDENCE,"{""source_dataset"":""analytics/crypto_graphframes_exact_relationships.csv""}",2026.07.18.1
CRYPTO_KENNEL_LONG_CON,GF-1638,GF-ADMIN,SAME_TOKEN_ADMIN,SC-BONE-YIELD,SC-WITHDRAW-GATE,admin_wallet_id,W-BONEVAULT-ADMIN,norm-v1,CURATED_APPROXIMATION,GRAPHFRAMES_EXACT_MATCH,false,SENIOR_V1_TO_CANONICAL_V1,APPROVED,Shared admin wallets strongly associate contracts but do not alone prove intent.,"[""SC-BONE-YIELD"",""SC-WITHDRAW-GATE""]",CORE_EVIDENCE,"{""source_dataset"":""analytics/crypto_graphframes_exact_relationships.csv""}",2026.07.18.1
CRYPTO_KENNEL_LONG_CON,GF-1639,GF-BYTECODE,SAME_SMART_CONTRACT_BYTECODE,SC-WITHDRAW-GATE,SC-LEASH-BRIDGE,bytecode_hash,bytecode-gate-v4,norm-v1,CURATED_APPROXIMATION,GRAPHFRAMES_EXACT_MATCH,false,SENIOR_V1_TO_CANONICAL_V1,APPROVED,Shared bytecode can be a library or clone; admin keys and behavior matter.,"[""SC-WITHDRAW-GATE"",""SC-LEASH-BRIDGE""]",CORE_EVIDENCE,"{""source_dataset"":""analytics/crypto_graphframes_exact_relationships.csv""}",2026.07.18.1
CRYPTO_KENNEL_LONG_CON,GF-1640,GF-ADMIN,SAME_TOKEN_ADMIN,SC-WITHDRAW-GATE,SC-LEASH-BRIDGE,admin_wallet_id,W-PLATFORM-DEPOSIT,norm-v1,CURATED_APPROXIMATION,GRAPHFRAMES_EXACT_MATCH,false,SENIOR_V1_TO_CANONICAL_V1,APPROVED,Shared admin wallets strongly associate contracts but do not alone prove intent.,"[""SC-WITHDRAW-GATE"",""SC-LEASH-BRIDGE""]",CORE_EVIDENCE,"{""source_dataset"":""analytics/crypto_graphframes_exact_relationships.csv""}",2026.07.18.1
CRYPTO_KENNEL_LONG_CON,GF-1641,GF-BYTECODE,SAME_SMART_CONTRACT_BYTECODE,SC-LEASH-BRIDGE,SC-KENNEL-STAKING,bytecode_hash,bytecode-bridge-v6,norm-v1,CURATED_APPROXIMATION,GRAPHFRAMES_EXACT_MATCH,false,SENIOR_V1_TO_CANONICAL_V1,APPROVED,Shared bytecode can be a library or clone; admin keys and behavior matter.,"[""SC-LEASH-BRIDGE"",""SC-KENNEL-STAKING""]",CORE_EVIDENCE,"{""source_dataset"":""analytics/crypto_graphframes_exact_relationships.csv""}",2026.07.18.1
CRYPTO_KENNEL_LONG_CON,GF-1642,GF-ADMIN,SAME_TOKEN_ADMIN,SC-LEASH-BRIDGE,SC-KENNEL-STAKING,admin_wallet_id,W-ROUTER-01,norm-v1,CURATED_APPROXIMATION,GRAPHFRAMES_EXACT_MATCH,false,SENIOR_V1_TO_CANONICAL_V1,APPROVED,Shared admin wallets strongly associate contracts but do not alone prove intent.,"[""SC-LEASH-BRIDGE"",""SC-KENNEL-STAKING""]",CORE_EVIDENCE,"{""source_dataset"":""analytics/crypto_graphframes_exact_relationships.csv""}",2026.07.18.1
CRYPTO_KENNEL_LONG_CON,GF-1643,GF-ADDR,SAME_REGISTERED_ADDRESS,OR-CRYPTOKENNEL-01,OR-BONEVAULT-01,normalized_address,27 TOKEN ARCADE,norm-v1,CURATED_APPROXIMATION,GRAPHFRAMES_EXACT_MATCH,false,SENIOR_V1_TO_CANONICAL_V1,APPROVED,Shared addresses support association but do not prove control.,"[""ADDR-TOKEN-27""]",SUPPORTING_EVIDENCE,"{""source_dataset"":""analytics/crypto_graphframes_exact_relationships.csv""}",2026.07.18.1
CRYPTO_KENNEL_LONG_CON,GF-1644,GF-ADDR,SAME_REGISTERED_ADDRESS,OR-CRYPTOKENNEL-01,OR-MOONPAW-01,normalized_address,27 TOKEN ARCADE,norm-v1,CURATED_APPROXIMATION,GRAPHFRAMES_EXACT_MATCH,false,SENIOR_V1_TO_CANONICAL_V1,APPROVED,Shared addresses support association but do not prove control.,"[""ADDR-TOKEN-27""]",SUPPORTING_EVIDENCE,"{""source_dataset"":""analytics/crypto_graphframes_exact_relationships.csv""}",2026.07.18.1
CRYPTO_KENNEL_LONG_CON,GF-1645,GF-ADDR,SAME_REGISTERED_ADDRESS,OR-CRYPTOKENNEL-01,OR-KENNELCUSTODY-01,normalized_address,27 TOKEN ARCADE,norm-v1,CURATED_APPROXIMATION,GRAPHFRAMES_EXACT_MATCH,false,SENIOR_V1_TO_CANONICAL_V1,APPROVED,Shared addresses support association but do not prove control.,"[""ADDR-TOKEN-27""]",SUPPORTING_EVIDENCE,"{""source_dataset"":""analytics/crypto_graphframes_exact_relationships.csv""}",2026.07.18.1
CRYPTO_KENNEL_LONG_CON,GF-1646,GF-BENIGN,SAME_TLS_CERTIFICATE,DOM-051,DOM-043,tls_certificate_hash,tls-benign-01,norm-v1,CURATED_APPROXIMATION,GRAPHFRAMES_EXACT_MATCH,false,SENIOR_V1_TO_CANONICAL_V1,APPROVED,Multi-tenant hosting certificates must not drive automatic merges.,"[""DOM-051"",""DOM-043""]",RED_HERRING,"{""source_dataset"":""analytics/crypto_graphframes_exact_relationships.csv""}",2026.07.18.1
CRYPTO_KENNEL_LONG_CON,GF-1647,GF-BENIGN,SAME_TLS_CERTIFICATE,DOM-052,DOM-044,tls_certificate_hash,tls-benign-02,norm-v1,CURATED_APPROXIMATION,GRAPHFRAMES_EXACT_MATCH,false,SENIOR_V1_TO_CANONICAL_V1,APPROVED,Multi-tenant hosting certificates must not drive automatic merges.,"[""DOM-052"",""DOM-044""]",RED_HERRING,"{""source_dataset"":""analytics/crypto_graphframes_exact_relationships.csv""}",2026.07.18.1
CRYPTO_KENNEL_LONG_CON,GF-1648,GF-BENIGN,SAME_TLS_CERTIFICATE,DOM-053,DOM-045,tls_certificate_hash,tls-benign-03,norm-v1,CURATED_APPROXIMATION,GRAPHFRAMES_EXACT_MATCH,false,SENIOR_V1_TO_CANONICAL_V1,APPROVED,Multi-tenant hosting certificates must not drive automatic merges.,"[""DOM-053"",""DOM-045""]",RED_HERRING,"{""source_dataset"":""analytics/crypto_graphframes_exact_relationships.csv""}",2026.07.18.1
CRYPTO_KENNEL_LONG_CON,GF-1649,GF-BENIGN,SAME_TLS_CERTIFICATE,DOM-054,DOM-046,tls_certificate_hash,tls-benign-04,norm-v1,CURATED_APPROXIMATION,GRAPHFRAMES_EXACT_MATCH,false,SENIOR_V1_TO_CANONICAL_V1,APPROVED,Multi-tenant hosting certificates must not drive automatic merges.,"[""DOM-054"",""DOM-046""]",RED_HERRING,"{""source_dataset"":""analytics/crypto_graphframes_exact_relationships.csv""}",2026.07.18.1
CRYPTO_KENNEL_LONG_CON,GF-1650,GF-BENIGN,SAME_TLS_CERTIFICATE,DOM-055,DOM-047,tls_certificate_hash,tls-benign-05,norm-v1,CURATED_APPROXIMATION,GRAPHFRAMES_EXACT_MATCH,false,SENIOR_V1_TO_CANONICAL_V1,APPROVED,Multi-tenant hosting certificates must not drive automatic merges.,"[""DOM-055"",""DOM-047""]",RED_HERRING,"{""source_dataset"":""analytics/crypto_graphframes_exact_relationships.csv""}",2026.07.18.1
CRYPTO_KENNEL_LONG_CON,GF-1651,GF-BENIGN,SAME_TLS_CERTIFICATE,DOM-056,DOM-048,tls_certificate_hash,tls-benign-01,norm-v1,CURATED_APPROXIMATION,GRAPHFRAMES_EXACT_MATCH,false,SENIOR_V1_TO_CANONICAL_V1,APPROVED,Multi-tenant hosting certificates must not drive automatic merges.,"[""DOM-056"",""DOM-048""]",RED_HERRING,"{""source_dataset"":""analytics/crypto_graphframes_exact_relationships.csv""}",2026.07.18.1
CRYPTO_KENNEL_LONG_CON,GF-1652,GF-BENIGN,SAME_TLS_CERTIFICATE,DOM-057,DOM-049,tls_certificate_hash,tls-benign-02,norm-v1,CURATED_APPROXIMATION,GRAPHFRAMES_EXACT_MATCH,false,SENIOR_V1_TO_CANONICAL_V1,APPROVED,Multi-tenant hosting certificates must not drive automatic merges.,"[""DOM-057"",""DOM-049""]",RED_HERRING,"{""source_dataset"":""analytics/crypto_graphframes_exact_relationships.csv""}",2026.07.18.1
CRYPTO_KENNEL_LONG_CON,GF-1653,GF-BENIGN,SAME_TLS_CERTIFICATE,DOM-058,DOM-050,tls_certificate_hash,tls-benign-03,norm-v1,CURATED_APPROXIMATION,GRAPHFRAMES_EXACT_MATCH,false,SENIOR_V1_TO_CANONICAL_V1,APPROVED,Multi-tenant hosting certificates must not drive automatic merges.,"[""DOM-058"",""DOM-050""]",RED_HERRING,"{""source_dataset"":""analytics/crypto_graphframes_exact_relationships.csv""}",2026.07.18.1
CRYPTO_KENNEL_LONG_CON,GF-1654,GF-BENIGN,SAME_TLS_CERTIFICATE,DOM-059,DOM-043,tls_certificate_hash,tls-benign-04,norm-v1,CURATED_APPROXIMATION,GRAPHFRAMES_EXACT_MATCH,false,SENIOR_V1_TO_CANONICAL_V1,APPROVED,Multi-tenant hosting certificates must not drive automatic merges.,"[""DOM-059"",""DOM-043""]",RED_HERRING,"{""source_dataset"":""analytics/crypto_graphframes_exact_relationships.csv""}",2026.07.18.1
CRYPTO_KENNEL_LONG_CON,GF-1655,GF-BENIGN,SAME_TLS_CERTIFICATE,DOM-060,DOM-044,tls_certificate_hash,tls-benign-05,norm-v1,CURATED_APPROXIMATION,GRAPHFRAMES_EXACT_MATCH,false,SENIOR_V1_TO_CANONICAL_V1,APPROVED,Multi-tenant hosting certificates must not drive automatic merges.,"[""DOM-060"",""DOM-044""]",RED_HERRING,"{""source_dataset"":""analytics/crypto_graphframes_exact_relationships.csv""}",2026.07.18.1
CRYPTO_KENNEL_LONG_CON,GF-1656,GF-BENIGN,SAME_TLS_CERTIFICATE,DOM-051,DOM-045,tls_certificate_hash,tls-benign-01,norm-v1,CURATED_APPROXIMATION,GRAPHFRAMES_EXACT_MATCH,false,SENIOR_V1_TO_CANONICAL_V1,APPROVED,Multi-tenant hosting certificates must not drive automatic merges.,"[""DOM-051"",""DOM-045""]",RED_HERRING,"{""source_dataset"":""analytics/crypto_graphframes_exact_relationships.csv""}",2026.07.18.1
CRYPTO_KENNEL_LONG_CON,GF-1657,GF-BENIGN,SAME_TLS_CERTIFICATE,DOM-052,DOM-046,tls_certificate_hash,tls-benign-02,norm-v1,CURATED_APPROXIMATION,GRAPHFRAMES_EXACT_MATCH,false,SENIOR_V1_TO_CANONICAL_V1,APPROVED,Multi-tenant hosting certificates must not drive automatic merges.,"[""DOM-052"",""DOM-046""]",RED_HERRING,"{""source_dataset"":""analytics/crypto_graphframes_exact_relationships.csv""}",2026.07.18.1
CRYPTO_KENNEL_LONG_CON,GF-1658,GF-BENIGN,SAME_TLS_CERTIFICATE,DOM-053,DOM-047,tls_certificate_hash,tls-benign-03,norm-v1,CURATED_APPROXIMATION,GRAPHFRAMES_EXACT_MATCH,false,SENIOR_V1_TO_CANONICAL_V1,APPROVED,Multi-tenant hosting certificates must not drive automatic merges.,"[""DOM-053"",""DOM-047""]",RED_HERRING,"{""source_dataset"":""analytics/crypto_graphframes_exact_relationships.csv""}",2026.07.18.1
CRYPTO_KENNEL_LONG_CON,GF-1659,GF-BENIGN,SAME_TLS_CERTIFICATE,DOM-054,DOM-048,tls_certificate_hash,tls-benign-04,norm-v1,CURATED_APPROXIMATION,GRAPHFRAMES_EXACT_MATCH,false,SENIOR_V1_TO_CANONICAL_V1,APPROVED,Multi-tenant hosting certificates must not drive automatic merges.,"[""DOM-054"",""DOM-048""]",RED_HERRING,"{""source_dataset"":""analytics/crypto_graphframes_exact_relationships.csv""}",2026.07.18.1
CRYPTO_KENNEL_LONG_CON,GF-1660,GF-BENIGN,SAME_TLS_CERTIFICATE,DOM-055,DOM-049,tls_certificate_hash,tls-benign-05,norm-v1,CURATED_APPROXIMATION,GRAPHFRAMES_EXACT_MATCH,false,SENIOR_V1_TO_CANONICAL_V1,APPROVED,Multi-tenant hosting certificates must not drive automatic merges.,"[""DOM-055"",""DOM-049""]",RED_HERRING,"{""source_dataset"":""analytics/crypto_graphframes_exact_relationships.csv""}",2026.07.18.1
CRYPTO_KENNEL_LONG_CON,GF-1661,GF-BENIGN,SAME_TLS_CERTIFICATE,DOM-056,DOM-050,tls_certificate_hash,tls-benign-01,norm-v1,CURATED_APPROXIMATION,GRAPHFRAMES_EXACT_MATCH,false,SENIOR_V1_TO_CANONICAL_V1,APPROVED,Multi-tenant hosting certificates must not drive automatic merges.,"[""DOM-056"",""DOM-050""]",RED_HERRING,"{""source_dataset"":""analytics/crypto_graphframes_exact_relationships.csv""}",2026.07.18.1
CRYPTO_KENNEL_LONG_CON,GF-1662,GF-BENIGN,SAME_TLS_CERTIFICATE,DOM-057,DOM-043,tls_certificate_hash,tls-benign-02,norm-v1,CURATED_APPROXIMATION,GRAPHFRAMES_EXACT_MATCH,false,SENIOR_V1_TO_CANONICAL_V1,APPROVED,Multi-tenant hosting certificates must not drive automatic merges.,"[""DOM-057"",""DOM-043""]",RED_HERRING,"{""source_dataset"":""analytics/crypto_graphframes_exact_relationships.csv""}",2026.07.18.1
CRYPTO_KENNEL_LONG_CON,GF-1663,GF-BENIGN,SAME_TLS_CERTIFICATE,DOM-058,DOM-044,tls_certificate_hash,tls-benign-03,norm-v1,CURATED_APPROXIMATION,GRAPHFRAMES_EXACT_MATCH,false,SENIOR_V1_TO_CANONICAL_V1,APPROVED,Multi-tenant hosting certificates must not drive automatic merges.,"[""DOM-058"",""DOM-044""]",RED_HERRING,"{""source_dataset"":""analytics/crypto_graphframes_exact_relationships.csv""}",2026.07.18.1
CRYPTO_KENNEL_LONG_CON,GF-1664,GF-BENIGN,SAME_TLS_CERTIFICATE,DOM-059,DOM-045,tls_certificate_hash,tls-benign-04,norm-v1,CURATED_APPROXIMATION,GRAPHFRAMES_EXACT_MATCH,false,SENIOR_V1_TO_CANONICAL_V1,APPROVED,Multi-tenant hosting certificates must not drive automatic merges.,"[""DOM-059"",""DOM-045""]",RED_HERRING,"{""source_dataset"":""analytics/crypto_graphframes_exact_relationships.csv""}",2026.07.18.1
CRYPTO_KENNEL_LONG_CON,GF-1665,GF-BENIGN,SAME_TLS_CERTIFICATE,DOM-060,DOM-046,tls_certificate_hash,tls-benign-05,norm-v1,CURATED_APPROXIMATION,GRAPHFRAMES_EXACT_MATCH,false,SENIOR_V1_TO_CANONICAL_V1,APPROVED,Multi-tenant hosting certificates must not drive automatic merges.,"[""DOM-060"",""DOM-046""]",RED_HERRING,"{""source_dataset"":""analytics/crypto_graphframes_exact_relationships.csv""}",2026.07.18.1
CRYPTO_KENNEL_LONG_CON,GF-1666,GF-BENIGN,SAME_TLS_CERTIFICATE,DOM-051,DOM-047,tls_certificate_hash,tls-benign-01,norm-v1,CURATED_APPROXIMATION,GRAPHFRAMES_EXACT_MATCH,false,SENIOR_V1_TO_CANONICAL_V1,APPROVED,Multi-tenant hosting certificates must not drive automatic merges.,"[""DOM-051"",""DOM-047""]",RED_HERRING,"{""source_dataset"":""analytics/crypto_graphframes_exact_relationships.csv""}",2026.07.18.1
CRYPTO_KENNEL_LONG_CON,GF-1667,GF-BENIGN,SAME_TLS_CERTIFICATE,DOM-052,DOM-048,tls_certificate_hash,tls-benign-02,norm-v1,CURATED_APPROXIMATION,GRAPHFRAMES_EXACT_MATCH,false,SENIOR_V1_TO_CANONICAL_V1,APPROVED,Multi-tenant hosting certificates must not drive automatic merges.,"[""DOM-052"",""DOM-048""]",RED_HERRING,"{""source_dataset"":""analytics/crypto_graphframes_exact_relationships.csv""}",2026.07.18.1
CRYPTO_KENNEL_LONG_CON,GF-1668,GF-BENIGN,SAME_TLS_CERTIFICATE,DOM-053,DOM-049,tls_certificate_hash,tls-benign-03,norm-v1,CURATED_APPROXIMATION,GRAPHFRAMES_EXACT_MATCH,false,SENIOR_V1_TO_CANONICAL_V1,APPROVED,Multi-tenant hosting certificates must not drive automatic merges.,"[""DOM-053"",""DOM-049""]",RED_HERRING,"{""source_dataset"":""analytics/crypto_graphframes_exact_relationships.csv""}",2026.07.18.1
CRYPTO_KENNEL_LONG_CON,GF-1669,GF-BENIGN,SAME_TLS_CERTIFICATE,DOM-054,DOM-050,tls_certificate_hash,tls-benign-04,norm-v1,CURATED_APPROXIMATION,GRAPHFRAMES_EXACT_MATCH,false,SENIOR_V1_TO_CANONICAL_V1,APPROVED,Multi-tenant hosting certificates must not drive automatic merges.,"[""DOM-054"",""DOM-050""]",RED_HERRING,"{""source_dataset"":""analytics/crypto_graphframes_exact_relationships.csv""}",2026.07.18.1
CRYPTO_KENNEL_LONG_CON,GF-1670,GF-BENIGN,SAME_TLS_CERTIFICATE,DOM-055,DOM-043,tls_certificate_hash,tls-benign-05,norm-v1,CURATED_APPROXIMATION,GRAPHFRAMES_EXACT_MATCH,false,SENIOR_V1_TO_CANONICAL_V1,APPROVED,Multi-tenant hosting certificates must not drive automatic merges.,"[""DOM-055"",""DOM-043""]",RED_HERRING,"{""source_dataset"":""analytics/crypto_graphframes_exact_relationships.csv""}",2026.07.18.1
CRYPTO_KENNEL_LONG_CON,GF-1671,GF-BENIGN,SAME_TLS_CERTIFICATE,DOM-056,DOM-044,tls_certificate_hash,tls-benign-01,norm-v1,CURATED_APPROXIMATION,GRAPHFRAMES_EXACT_MATCH,false,SENIOR_V1_TO_CANONICAL_V1,APPROVED,Multi-tenant hosting certificates must not drive automatic merges.,"[""DOM-056"",""DOM-044""]",RED_HERRING,"{""source_dataset"":""analytics/crypto_graphframes_exact_relationships.csv""}",2026.07.18.1
CRYPTO_KENNEL_LONG_CON,GF-1672,GF-BENIGN,SAME_TLS_CERTIFICATE,DOM-057,DOM-045,tls_certificate_hash,tls-benign-02,norm-v1,CURATED_APPROXIMATION,GRAPHFRAMES_EXACT_MATCH,false,SENIOR_V1_TO_CANONICAL_V1,APPROVED,Multi-tenant hosting certificates must not drive automatic merges.,"[""DOM-057"",""DOM-045""]",RED_HERRING,"{""source_dataset"":""analytics/crypto_graphframes_exact_relationships.csv""}",2026.07.18.1
CRYPTO_KENNEL_LONG_CON,GF-1673,GF-BENIGN,SAME_TLS_CERTIFICATE,DOM-058,DOM-046,tls_certificate_hash,tls-benign-03,norm-v1,CURATED_APPROXIMATION,GRAPHFRAMES_EXACT_MATCH,false,SENIOR_V1_TO_CANONICAL_V1,APPROVED,Multi-tenant hosting certificates must not drive automatic merges.,"[""DOM-058"",""DOM-046""]",RED_HERRING,"{""source_dataset"":""analytics/crypto_graphframes_exact_relationships.csv""}",2026.07.18.1
CRYPTO_KENNEL_LONG_CON,GF-1674,GF-BENIGN,SAME_TLS_CERTIFICATE,DOM-059,DOM-047,tls_certificate_hash,tls-benign-04,norm-v1,CURATED_APPROXIMATION,GRAPHFRAMES_EXACT_MATCH,false,SENIOR_V1_TO_CANONICAL_V1,APPROVED,Multi-tenant hosting certificates must not drive automatic merges.,"[""DOM-059"",""DOM-047""]",RED_HERRING,"{""source_dataset"":""analytics/crypto_graphframes_exact_relationships.csv""}",2026.07.18.1
CRYPTO_KENNEL_LONG_CON,GF-1675,GF-BENIGN,SAME_TLS_CERTIFICATE,DOM-060,DOM-048,tls_certificate_hash,tls-benign-05,norm-v1,CURATED_APPROXIMATION,GRAPHFRAMES_EXACT_MATCH,false,SENIOR_V1_TO_CANONICAL_V1,APPROVED,Multi-tenant hosting certificates must not drive automatic merges.,"[""DOM-060"",""DOM-048""]",RED_HERRING,"{""source_dataset"":""analytics/crypto_graphframes_exact_relationships.csv""}",2026.07.18.1
